Date,Close,Zone,Yield,PositionVal(Bc),Ba,S_acc,LogicPos,Threshold,NextBuy,NextSell
2015-02-03,34.37,A,1.44%,512419.93,505138.90,0.00,-,3.50%,32.70,35.07
2015-02-04,34.02,A,0.39%,507101.56,505138.90,0.00,-,3.50%,32.70,35.07
2015-02-05,33.67,A,-0.64%,501910.64,505138.90,0.00,-,3.50%,32.70,35.07
2015-02-06,33.12,A,-2.25%,493782.45,505138.90,0.00,-,3.50%,32.70,35.07
2015-02-09,33.46,A,-1.26%,498776.44,505138.90,0.00,-,3.50%,32.70,35.07
2015-02-10,34.07,A,0.54%,507872.99,505138.90,0.00,-,3.50%,32.70,35.07
2015-02-11,34.34,A,1.34%,511924.86,505138.90,0.00,-,3.50%,32.70,35.07
2015-02-12,34.43,A,1.60%,513229.23,505138.90,0.00,-,3.50%,32.70,35.07
2015-02-13,34.70,A,2.40%,517247.26,505138.90,0.00,-,3.50%,32.70,35.07
2015-02-16,34.99,A,3.27%,521667.93,505138.90,0.00,-,3.50%,32.70,35.07
2015-02-17,35.22,A,3.95%,525072.54,505138.90,0.00,-,3.50%,32.70,35.07
2015-02-25,34.79,A,0.61%,508207.52,505138.90,10518.06,-,3.50%,34.06,36.53
2015-02-26,35.66,A,3.14%,521000.04,505138.90,10518.06,-,3.50%,34.06,36.53
2015-02-27,35.73,A,3.33%,521956.63,505138.90,10518.06,-,3.50%,34.06,36.53
2015-03-02,36.01,A,4.15%,526108.80,505138.90,10518.06,-,3.50%,34.06,36.53
2015-03-03,35.08,A,1.45%,512469.11,505138.90,10518.06,-,3.50%,34.06,36.53
2015-03-04,35.31,A,2.11%,515817.79,505138.90,10518.06,-,3.50%,34.06,36.53
2015-03-05,34.96,A,1.12%,510780.89,505138.90,10518.06,-,3.50%,34.06,36.53
2015-03-06,34.79,A,0.60%,508176.99,505138.90,10518.06,-,3.50%,34.06,36.53
2015-03-09,35.38,A,2.31%,516829.90,505138.90,10518.06,-,3.50%,34.06,36.53
2015-03-10,35.21,A,1.82%,514326.06,505138.90,10518.06,-,3.50%,34.06,36.53
2015-03-11,35.25,A,1.94%,514916.56,505138.90,10518.06,-,3.50%,34.06,36.53
2015-03-12,35.93,A,3.91%,524878.58,505138.90,10518.06,-,3.50%,34.06,36.53
2015-03-13,36.18,A,4.63%,528503.51,505138.90,10518.06,-,3.50%,34.06,36.53
2015-03-16,37.06,A,7.17%,541361.48,505138.90,10518.06,-,3.50%,34.06,36.53
2015-03-17,37.57,A,6.49%,537907.16,505138.90,21421.23,-,3.50%,36.03,38.65
2015-03-18,38.46,A,9.01%,550639.69,505138.90,21421.23,-,3.50%,36.03,38.65
2015-03-19,38.40,A,8.83%,549735.43,505138.90,21421.23,-,3.50%,36.03,38.65
2015-03-20,38.93,A,10.33%,557299.82,505138.90,21421.23,-,3.50%,36.03,38.65
2015-03-23,39.72,A,10.33%,557319.88,505138.90,32641.24,-,3.50%,37.86,40.60
2015-03-24,39.73,A,10.36%,557458.08,505138.90,32641.24,-,3.50%,37.86,40.60
2015-03-25,39.40,A,9.45%,552879.21,505138.90,32641.24,-,3.50%,37.86,40.60
2015-03-26,39.50,A,9.72%,554224.36,505138.90,32641.24,-,3.50%,37.86,40.60
2015-03-27,39.72,A,10.32%,557268.81,505138.90,32641.24,-,3.50%,37.86,40.60
2015-03-30,40.88,A,13.56%,573612.26,505138.90,32641.24,-,3.50%,37.86,40.60
2015-03-31,40.51,A,10.28%,557081.06,505138.90,44230.12,-,3.50%,39.94,42.84
2015-04-01,41.24,A,12.26%,567076.80,505138.90,44230.12,-,3.50%,39.94,42.84
2015-04-02,41.25,A,12.29%,567197.95,505138.90,44230.12,-,3.50%,39.94,42.84
2015-04-03,41.71,A,13.53%,573490.68,505138.90,44230.12,-,3.50%,39.94,42.84
2015-04-07,42.60,A,15.97%,585798.65,505138.90,44230.12,-,3.50%,39.94,42.84
2015-04-08,42.96,D,16.94%,590715.87,505138.90,44230.12,-,3.50%,41.45,44.46
2015-04-09,42.62,D,16.02%,586086.60,505138.90,44230.12,-,3.50%,41.45,44.46
2015-04-10,43.44,D,18.26%,597400.64,505138.90,44230.12,-,3.50%,41.45,44.46
2015-04-13,44.21,D,20.35%,607941.75,505138.90,44230.12,-,3.50%,41.45,44.46
2015-04-14,44.38,D,20.82%,610294.68,505138.90,44230.12,-,3.50%,41.45,44.46
2015-04-15,43.81,D,19.25%,602364.34,505138.90,44230.12,-,3.50%,41.45,44.46
2015-04-16,45.14,D,22.87%,620657.71,505138.90,44230.12,-,3.50%,41.45,44.46
2015-04-17,45.96,D,23.87%,625717.96,505138.90,50502.91,-,3.50%,44.18,47.39
2015-04-20,45.22,D,21.87%,615614.05,505138.90,50502.91,-,3.50%,44.18,47.39
2015-04-21,46.19,D,24.49%,628852.99,505138.90,50502.91,-,3.50%,44.18,47.39
2015-04-22,47.40,D,27.74%,645278.28,505138.90,50502.91,-,3.50%,44.18,47.39
2015-04-23,47.41,D,25.84%,635658.80,505138.90,60317.74,-,3.50%,45.98,49.31
2015-04-24,47.03,D,24.82%,630530.11,505138.90,60317.74,-,3.50%,45.98,49.31
2015-04-27,48.08,D,27.61%,644601.94,505138.90,60317.74,-,3.50%,45.98,49.31
2015-04-28,47.42,D,25.86%,635788.72,505138.90,60317.74,-,3.50%,45.98,49.31
2015-04-29,47.74,D,26.73%,640141.63,505138.90,60317.74,-,3.50%,45.98,49.31
2015-04-30,47.50,D,26.08%,636864.71,505138.90,60317.74,-,3.50%,45.98,49.31
2015-05-04,47.88,D,27.08%,641940.31,505138.90,60317.74,-,3.50%,45.98,49.31
2015-05-05,45.97,D,22.01%,616343.90,505138.90,60317.74,-,3.50%,45.98,49.31
2015-05-06,45.53,D,20.58%,616748.14,511476.84,60317.74,-,3.50%,44.64,47.88
2015-05-07,44.70,D,18.38%,605473.56,511476.84,60317.74,-,3.50%,44.64,47.88
2015-05-08,45.58,D,20.72%,617435.82,511476.84,60317.74,-,3.50%,44.64,47.88
2015-05-11,46.91,D,24.22%,635332.56,511476.84,60317.74,-,3.50%,44.64,47.88
2015-05-12,47.47,D,25.72%,643038.17,511476.84,60317.74,-,3.50%,44.64,47.88
2015-05-13,47.18,D,24.95%,639112.16,511476.84,60317.74,-,3.50%,44.64,47.88
2015-05-14,47.01,D,24.49%,636720.38,511476.84,60317.74,-,3.50%,44.64,47.88
2015-05-15,46.17,D,22.28%,625436.31,511476.84,60317.74,-,3.50%,44.64,47.88
2015-05-18,45.75,D,21.16%,619702.71,511476.84,60317.74,-,3.50%,44.64,47.88
2015-05-19,47.31,D,25.29%,640844.02,511476.84,60317.74,-,3.50%,44.64,47.88
2015-05-20,47.55,D,25.92%,644053.78,511476.84,60317.74,-,3.50%,44.64,47.88
2015-05-21,48.41,D,28.20%,655710.20,511476.84,60317.74,-,3.50%,44.64,47.88
2015-05-22,49.51,D,29.80%,663875.00,511476.84,67025.16,-,3.50%,47.25,50.67
2015-05-25,50.99,D,33.68%,683740.29,511476.84,67025.16,-,3.50%,47.25,50.67
2015-05-26,51.99,D,34.19%,686361.15,511476.84,77615.20,-,3.50%,49.61,53.21
2015-05-27,51.81,E,33.74%,684052.92,511476.84,77615.20,-,3.50%,50.00,53.63
2015-05-28,48.34,E,24.77%,638185.60,511476.84,77615.20,-,3.50%,50.00,53.63
2015-05-29,48.41,E,24.95%,639086.24,511476.84,77615.20,-,3.50%,50.00,53.63
2015-06-01,50.76,E,31.02%,670157.15,511476.84,77615.20,-,3.50%,50.00,53.63
2015-06-02,51.62,E,33.24%,681470.08,511476.84,77615.20,-,3.50%,50.00,53.63
2015-06-03,51.44,E,32.76%,679056.75,511476.84,77615.20,-,3.50%,50.00,53.63
2015-06-04,51.81,E,33.74%,684050.54,511476.84,77615.20,-,3.50%,50.00,53.63
2015-06-05,52.31,E,35.01%,690537.48,511476.84,77615.20,-,3.50%,50.00,53.63
2015-06-08,53.54,E,38.19%,706802.21,511476.84,77615.20,-,3.50%,50.00,53.63
2015-06-09,53.17,E,37.25%,702011.20,511476.84,77615.20,-,3.50%,50.00,53.63
2015-06-10,53.09,E,37.04%,700908.97,511476.84,77615.20,-,3.50%,50.00,53.63
2015-06-11,53.07,E,36.97%,700576.01,511476.84,77615.20,-,3.50%,50.00,53.63
2015-06-12,53.35,E,37.71%,704341.88,511476.84,77615.20,-,3.50%,50.00,53.63
2015-06-15,52.21,E,34.77%,689298.47,511476.84,77615.20,-,3.50%,50.00,53.63
2015-06-16,50.65,E,30.73%,668657.67,511476.84,77615.20,-,3.50%,50.00,53.63
2015-06-17,51.39,E,32.64%,678428.47,511476.84,77615.20,-,3.50%,50.00,53.63
2015-06-18,49.31,E,27.27%,650931.08,511476.84,77615.20,-,3.50%,50.00,53.63
2015-06-19,46.37,E,19.69%,612183.61,511476.84,77615.20,-,3.50%,50.00,53.63
2015-06-23,47.86,E,23.29%,638177.37,517603.52,77615.20,-,3.50%,44.79,48.04
2015-06-24,48.80,D,25.72%,650716.00,517603.52,77615.20,-,3.50%,47.09,50.51
2015-06-25,47.07,D,21.24%,627566.84,517603.52,77615.20,-,3.50%,47.09,50.51
2015-06-26,43.36,D,11.51%,583955.38,523686.77,77615.20,-,3.50%,44.14,47.34
2015-06-29,41.92,D,7.64%,570050.66,529601.07,77615.20,-,3.50%,42.91,46.02
2015-06-30,44.73,D,14.79%,614276.82,535135.29,77615.20,-,3.50%,40.15,43.07
2015-07-01,42.53,D,8.09%,578410.86,535135.29,83479.15,-,3.50%,42.55,45.63
2015-07-02,41.08,E,4.31%,564151.09,540837.97,83479.15,-,3.50%,39.64,42.52
2015-07-03,38.86,E,-1.33%,533652.98,540837.97,83479.15,-,3.50%,39.64,42.52
2015-07-06,39.99,E,1.53%,549119.09,540837.97,83479.15,-,3.50%,39.64,42.52
2015-07-07,39.28,E,-0.26%,539432.51,540837.97,83479.15,-,3.50%,39.64,42.52
2015-07-08,36.63,E,-6.99%,503045.01,540837.97,83479.15,-,3.50%,39.64,42.52
2015-07-09,38.98,E,-0.95%,540600.73,545799.67,83479.15,-,3.50%,34.95,37.48
2015-07-10,41.07,E,2.30%,558327.35,545799.67,94209.74,-,3.50%,37.79,40.53
2015-07-13,42.12,E,0.68%,549515.11,545799.67,116895.68,-,3.50%,39.88,42.77
2015-07-14,41.12,E,-1.70%,536512.08,545799.67,116895.68,-,3.50%,39.88,42.77
2015-07-15,39.67,E,-5.18%,517543.05,545799.67,116895.68,-,3.50%,39.88,42.77
2015-07-16,39.97,E,-4.45%,521534.91,545799.67,116895.68,-,3.50%,39.88,42.77
2015-07-17,41.51,E,-0.76%,541645.68,545799.67,116895.68,-,3.50%,39.88,42.77
2015-07-20,41.61,E,-0.54%,542835.05,545799.67,116895.68,-,3.50%,39.88,42.77
2015-07-21,41.66,E,-0.41%,543538.80,545799.67,116895.68,-,3.50%,39.88,42.77
2015-07-22,41.57,E,-0.63%,542384.67,545799.67,116895.68,-,3.50%,39.88,42.77
2015-07-23,42.51,E,1.61%,554602.53,545799.67,116895.68,-,3.50%,39.88,42.77
2015-07-24,41.76,E,-0.17%,544879.12,545799.67,116895.68,-,3.50%,39.88,42.77
2015-07-27,38.19,E,-8.72%,498229.83,545799.67,116895.68,-,3.50%,39.88,42.77
2015-07-28,38.11,E,-8.90%,497233.30,545799.67,116895.68,-,3.50%,39.88,42.77
2015-07-29,39.30,E,-6.05%,512796.55,545799.67,116895.68,-,3.50%,39.88,42.77
2015-07-30,38.15,E,-8.79%,497796.80,545799.67,116895.68,-,3.50%,39.88,42.77
2015-07-31,38.17,E,-8.76%,497964.72,545799.67,116895.68,-,3.50%,39.88,42.77
2015-08-03,38.29,E,-8.46%,499600.29,545799.67,116895.68,-,3.50%,39.88,42.77
2015-08-04,39.48,E,-5.62%,515115.91,545799.67,116895.68,-,3.50%,39.88,42.77
2015-08-05,38.67,E,-7.56%,504514.44,545799.67,116895.68,-,3.50%,39.88,42.77
2015-08-06,38.32,E,-8.40%,499941.73,545799.67,116895.68,-,3.50%,39.88,42.77
2015-08-07,39.07,E,-6.61%,509739.11,545799.67,116895.68,-,3.50%,39.88,42.77
2015-08-10,40.84,E,-2.37%,532887.10,545799.67,116895.68,-,3.50%,39.88,42.77
2015-08-11,40.67,E,-2.79%,530578.30,545799.67,116895.68,-,3.50%,39.88,42.77
2015-08-12,40.16,E,-4.00%,523983.96,545799.67,116895.68,-,3.50%,39.88,42.77
2015-08-13,40.75,E,-2.58%,531725.66,545799.67,116895.68,-,3.50%,39.88,42.77
2015-08-14,40.74,E,-2.62%,531474.76,545799.67,116895.68,-,3.50%,39.88,42.77
2015-08-17,40.78,E,-2.52%,532039.96,545799.67,116895.68,-,3.50%,39.88,42.77
2015-08-18,38.25,E,-8.56%,499101.50,545799.67,116895.68,-,3.50%,39.88,42.77
2015-08-19,38.86,E,-7.10%,507024.16,545799.67,116895.68,-,3.50%,39.88,42.77
2015-08-20,37.61,E,-10.08%,490756.90,545799.67,116895.68,-,3.50%,39.88,42.77
2015-08-21,35.90,E,-14.19%,468326.76,545799.67,116895.68,-,3.50%,39.88,42.77
2015-08-24,32.76,E,-21.56%,431846.40,550532.47,116895.68,-,3.50%,33.34,35.76
2015-08-25,30.43,E,-27.13%,401179.50,550532.47,116895.68,-,3.50%,33.34,35.76
2015-08-26,30.26,E,-27.34%,403052.43,554728.19,116895.68,-,3.50%,29.55,31.70
2015-08-27,32.06,E,-23.02%,427022.90,554728.19,116895.68,-,3.50%,29.55,31.70
2015-08-28,33.42,E,-21.39%,436068.05,554728.19,125790.37,-,3.50%,31.33,33.60
2015-08-31,33.67,E,-20.82%,439231.95,554728.19,125790.37,-,3.50%,31.33,33.60
2015-09-01,33.62,E,-24.25%,420193.13,554728.19,143888.32,-,3.50%,31.81,34.12
2015-09-02,33.66,E,-24.17%,420661.68,554728.19,143888.32,-,3.50%,31.81,34.12
2015-09-07,32.50,E,-26.77%,406245.62,554728.19,143888.32,-,3.50%,31.81,34.12
2015-09-08,33.34,E,-24.88%,416686.19,554728.19,143888.32,-,3.50%,31.81,34.12
2015-09-09,33.99,E,-23.41%,424845.14,554728.19,143888.32,-,3.50%,31.81,34.12
2015-09-10,33.58,E,-24.35%,419627.97,554728.19,143888.32,-,3.50%,31.81,34.12
2015-09-11,33.47,E,-24.59%,418331.56,554728.19,143888.32,-,3.50%,31.81,34.12
2015-09-14,32.81,E,-26.08%,410075.88,554728.19,143888.32,-,3.50%,31.81,34.12
2015-09-15,31.52,E,-28.98%,393965.96,554728.19,143888.32,-,3.50%,31.81,34.12
2015-09-16,33.09,E,-25.44%,413589.82,554728.19,143888.32,-,3.50%,31.81,34.12
2015-09-17,32.37,E,-27.07%,404560.14,554728.19,143888.32,-,3.50%,31.81,34.12
2015-09-18,32.51,E,-26.75%,406344.10,554728.19,143888.32,-,3.50%,31.81,34.12
2015-09-21,33.08,E,-25.47%,413464.71,554728.19,143888.32,-,3.50%,31.81,34.12
2015-09-22,33.39,E,-24.77%,417311.97,554728.19,143888.32,-,3.50%,31.81,34.12
2015-09-23,32.63,E,-26.48%,407813.24,554728.19,143888.32,-,3.50%,31.81,34.12
2015-09-24,32.85,E,-25.99%,410559.18,554728.19,143888.32,-,3.50%,31.81,34.12
2015-09-25,32.32,E,-27.18%,403929.24,554728.19,143888.32,-,3.50%,31.81,34.12
2015-09-28,32.43,E,-26.94%,405279.14,554728.19,143888.32,-,3.50%,31.81,34.12
2015-09-29,31.79,E,-28.38%,397293.17,554728.19,143888.32,-,3.50%,31.81,34.12
2015-09-30,32.03,E,-27.84%,400304.44,554728.19,143888.32,-,3.50%,31.81,34.12
2015-10-08,32.96,E,-25.73%,411994.32,554728.19,143888.32,-,3.50%,31.81,34.12
2015-10-09,33.40,E,-24.75%,417447.70,554728.19,143888.32,-,3.50%,31.81,34.12
2015-10-12,34.48,E,-22.32%,430892.67,554728.19,143888.32,-,3.50%,31.81,34.12
2015-10-13,34.45,E,-27.49%,402208.77,554728.19,172055.30,-,3.50%,33.03,35.42
2015-10-14,34.06,E,-28.31%,397663.58,554728.19,172055.30,-,3.50%,33.03,35.42
2015-10-15,34.87,E,-26.62%,407085.65,554728.19,172055.30,-,3.50%,33.03,35.42
2015-10-16,35.34,E,-25.62%,412602.09,554728.19,172055.30,-,3.50%,33.03,35.42
2015-10-19,35.34,E,-25.62%,412615.75,554728.19,172055.30,-,3.50%,33.03,35.42
2015-10-20,35.78,E,-24.70%,417696.83,554728.19,172055.30,-,3.50%,33.03,35.42
2015-10-21,34.73,E,-32.05%,376917.52,554728.19,201525.60,-,3.50%,34.56,37.06
2015-10-22,35.25,E,-31.05%,382482.43,554728.19,201525.60,-,3.50%,34.56,37.06
2015-10-23,35.71,E,-30.14%,387551.07,554728.19,201525.60,-,3.50%,34.56,37.06
2015-10-26,35.89,E,-29.78%,389506.60,554728.19,201525.60,-,3.50%,34.56,37.06
2015-10-27,35.93,E,-29.71%,389899.23,554728.19,201525.60,-,3.50%,34.56,37.06
2015-10-28,35.25,E,-31.04%,382524.32,554728.19,201525.60,-,3.50%,34.56,37.06
2015-10-29,35.33,E,-30.88%,383434.37,554728.19,201525.60,-,3.50%,34.56,37.06
2015-10-30,35.34,E,-30.86%,383518.25,554728.19,201525.60,-,3.50%,34.56,37.06
2015-11-02,34.76,E,-32.00%,377211.40,554728.19,201525.60,-,3.50%,34.56,37.06
2015-11-03,34.65,E,-32.21%,376075.30,554728.19,201525.60,-,3.50%,34.56,37.06
2015-11-04,36.29,E,-29.02%,393768.94,554728.19,201525.60,-,3.50%,34.56,37.06
2015-11-05,37.06,E,-27.50%,402171.86,554728.19,201525.60,-,3.50%,34.56,37.06
2015-11-06,37.93,E,-25.79%,411656.95,554728.19,201525.60,-,3.50%,34.56,37.06
2015-11-09,38.40,E,-30.57%,385149.20,554728.19,232769.80,-,3.50%,36.64,39.29
2015-11-10,38.33,E,-30.70%,384435.44,554728.19,232769.80,-,3.50%,36.64,39.29
2015-11-11,38.34,E,-30.69%,384476.36,554728.19,232769.80,-,3.50%,36.64,39.29
2015-11-12,37.95,E,-31.38%,380633.04,554728.19,232769.80,-,3.50%,36.64,39.29
2015-11-13,37.46,E,-32.27%,375710.61,554728.19,232769.80,-,3.50%,36.64,39.29
2015-11-16,37.64,E,-31.95%,377504.20,554728.19,232769.80,-,3.50%,36.64,39.29
2015-11-17,37.58,E,-32.05%,376928.63,554728.19,232769.80,-,3.50%,36.64,39.29
2015-11-18,37.16,E,-32.83%,372635.52,554728.19,232769.80,-,3.50%,36.64,39.29
2015-11-19,37.75,E,-31.75%,378591.64,554728.19,232769.80,-,3.50%,36.64,39.29
2015-11-20,37.74,E,-31.76%,378532.87,554728.19,232769.80,-,3.50%,36.64,39.29
2015-11-23,37.53,E,-32.14%,376421.97,554728.19,232769.80,-,3.50%,36.64,39.29
2015-11-24,37.54,E,-32.13%,376477.53,554728.19,232769.80,-,3.50%,36.64,39.29
2015-11-25,37.82,E,-31.63%,379257.37,554728.19,232769.80,-,3.50%,36.64,39.29
2015-11-26,37.59,E,-32.03%,377033.13,554728.19,232769.80,-,3.50%,36.64,39.29
2015-11-27,35.57,E,-35.69%,356730.73,554728.19,232769.80,-,3.50%,36.64,39.29
2015-11-30,35.66,E,-35.52%,357675.46,554728.19,232769.80,-,3.50%,36.64,39.29
2015-12-01,35.92,E,-35.07%,360211.19,554728.19,232769.80,-,3.50%,36.64,39.29
2015-12-02,37.22,E,-32.71%,373274.87,554728.19,232769.80,-,3.50%,36.64,39.29
2015-12-03,37.49,E,-32.22%,376017.20,554728.19,232769.80,-,3.50%,36.64,39.29
2015-12-04,36.78,E,-33.51%,368825.70,554728.19,232769.80,-,3.50%,36.64,39.29
2015-12-07,36.88,E,-33.33%,369830.11,554728.19,232769.80,-,3.50%,36.64,39.29
2015-12-08,36.23,E,-34.50%,363352.68,554728.19,232769.80,-,3.50%,36.64,39.29
2015-12-09,36.36,E,-34.27%,364648.22,554728.19,232769.80,-,3.50%,36.64,39.29
2015-12-10,36.23,E,-34.50%,363359.09,554728.19,232769.80,-,3.50%,36.64,39.29
2015-12-11,36.08,E,-34.77%,361852.24,554728.19,232769.80,-,3.50%,36.64,39.29
2015-12-14,37.11,E,-32.90%,372208.48,554728.19,232769.80,-,3.50%,36.64,39.29
2015-12-15,36.94,E,-33.21%,370510.17,554728.19,232769.80,-,3.50%,36.64,39.29
2015-12-16,36.85,E,-33.37%,369612.78,554728.19,232769.80,-,3.50%,36.64,39.29
2015-12-17,37.56,E,-32.10%,376678.01,554728.19,232769.80,-,3.50%,36.64,39.29
2015-12-18,37.68,E,-31.88%,377883.99,554728.19,232769.80,-,3.50%,36.64,39.29
2015-12-21,38.66,E,-30.11%,387717.63,554728.19,232769.80,-,3.50%,36.64,39.29
2015-12-22,38.77,E,-29.91%,388797.45,554728.19,232769.80,-,3.50%,36.64,39.29
2015-12-23,38.66,E,-30.10%,387759.35,554728.19,232769.80,-,3.50%,36.64,39.29
2015-12-24,38.29,E,-30.77%,384050.73,554728.19,232769.80,-,3.50%,36.64,39.29
2015-12-25,38.38,E,-30.61%,384933.18,554728.19,232769.80,-,3.50%,36.64,39.29
2015-12-28,37.28,E,-32.61%,373844.21,554728.19,232769.80,-,3.50%,36.64,39.29
2015-12-29,37.62,E,-31.99%,377278.44,554728.19,232769.80,-,3.50%,36.64,39.29
2015-12-30,37.65,E,-31.93%,377609.40,554728.19,232769.80,-,3.50%,36.64,39.29
2015-12-31,37.31,E,-32.55%,374182.49,554728.19,232769.80,-,3.50%,36.64,39.29
2016-01-04,34.69,E,-37.28%,347912.63,554728.19,232769.80,-,3.50%,36.64,39.29
2016-01-05,34.79,E,-37.11%,348886.85,554728.19,232769.80,-,3.50%,36.64,39.29
2016-01-06,35.40,E,-36.00%,355007.34,554728.19,232769.80,-,3.50%,36.64,39.29
2016-01-07,32.94,E,-40.44%,330393.77,554728.19,232769.80,-,3.50%,36.64,39.29
2016-01-08,33.62,E,-38.90%,341736.49,559347.65,232769.80,-,3.50%,32.54,34.90
2016-01-11,31.92,E,-41.98%,324544.47,559347.65,232769.80,-,3.50%,32.54,34.90
2016-01-12,32.16,E,-41.56%,326909.08,559347.65,232769.80,-,3.50%,32.54,34.90
2016-01-13,31.56,E,-42.64%,320826.66,559347.65,232769.80,-,3.50%,32.54,34.90
2016-01-14,32.22,E,-41.45%,327504.91,559347.65,232769.80,-,3.50%,32.54,34.90
2016-01-15,31.19,E,-43.32%,317050.09,559347.65,232769.80,-,3.50%,32.54,34.90
2016-01-18,31.31,E,-43.10%,318269.91,559347.65,232769.80,-,3.50%,32.54,34.90
2016-01-19,32.23,E,-41.42%,327662.89,559347.65,232769.80,-,3.50%,32.54,34.90
2016-01-20,31.74,E,-42.31%,322707.27,559347.65,232769.80,-,3.50%,32.54,34.90
2016-01-21,30.81,E,-44.00%,313249.53,559347.65,232769.80,-,3.50%,32.54,34.90
2016-01-22,31.13,E,-43.41%,316514.65,559347.65,232769.80,-,3.50%,32.54,34.90
2016-01-25,31.29,E,-43.13%,318082.55,559347.65,232769.80,-,3.50%,32.54,34.90
2016-01-26,29.41,E,-46.56%,298932.14,559347.65,232769.80,-,3.50%,32.54,34.90
2016-01-27,29.30,E,-46.41%,301914.17,563393.51,232769.80,-,3.50%,28.50,30.57
2016-01-28,28.54,E,-47.81%,294022.48,563393.51,232769.80,-,3.50%,28.50,30.57
2016-01-29,29.46,E,-46.12%,303535.65,563393.51,232769.80,-,3.50%,28.50,30.57
2016-02-01,29.01,E,-46.95%,298894.98,563393.51,232769.80,-,3.50%,28.50,30.57
2016-02-02,29.61,E,-45.84%,305106.24,563393.51,232769.80,-,3.50%,28.50,30.57
2016-02-03,29.49,E,-46.08%,303798.28,563393.51,232769.80,-,3.50%,28.50,30.57
2016-02-04,29.85,E,-45.42%,307519.82,563393.51,232769.80,-,3.50%,28.50,30.57
2016-02-05,29.64,E,-45.80%,305359.18,563393.51,232769.80,-,3.50%,28.50,30.57
2016-02-15,29.47,E,-46.11%,303599.22,563393.51,232769.80,-,3.50%,28.50,30.57
2016-02-16,30.37,E,-44.46%,312905.72,563393.51,232769.80,-,3.50%,28.50,30.57
2016-02-17,30.63,E,-43.98%,315613.86,563393.51,232769.80,-,3.50%,28.50,30.57
2016-02-18,30.54,E,-45.64%,306255.37,563393.51,241207.70,-,3.50%,29.72,31.87
2016-02-19,30.52,E,-45.68%,306043.46,563393.51,241207.70,-,3.50%,29.72,31.87
2016-02-22,31.19,E,-44.48%,312791.17,563393.51,241207.70,-,3.50%,29.72,31.87
2016-02-23,30.89,E,-45.01%,309832.22,563393.51,241207.70,-,3.50%,29.72,31.87
2016-02-24,31.10,E,-44.65%,311856.27,563393.51,241207.70,-,3.50%,29.72,31.87
2016-02-25,29.19,E,-48.04%,292721.44,563393.51,241207.70,-,3.50%,29.72,31.87
2016-02-26,29.48,E,-47.52%,295658.03,563393.51,241207.70,-,3.50%,29.72,31.87
2016-02-29,28.77,E,-48.78%,288581.17,563393.51,241207.70,-,3.50%,29.72,31.87
2016-03-01,29.31,E,-47.83%,293919.30,563393.51,241207.70,-,3.50%,29.72,31.87
2016-03-02,30.51,E,-45.68%,306018.19,563393.51,241207.70,-,3.50%,29.72,31.87
2016-03-03,30.58,E,-45.56%,306729.14,563393.51,241207.70,-,3.50%,29.72,31.87
2016-03-04,30.94,E,-44.93%,310286.13,563393.51,241207.70,-,3.50%,29.72,31.87
2016-03-07,31.05,E,-44.73%,311384.40,563393.51,241207.70,-,3.50%,29.72,31.87
2016-03-08,31.08,E,-44.68%,311668.53,563393.51,241207.70,-,3.50%,29.72,31.87
2016-03-09,30.72,E,-45.32%,308081.55,563393.51,241207.70,-,3.50%,29.72,31.87
2016-03-10,30.13,E,-46.36%,302188.41,563393.51,241207.70,-,3.50%,29.72,31.87
2016-03-11,30.18,E,-46.27%,302703.70,563393.51,241207.70,-,3.50%,29.72,31.87
2016-03-14,30.66,E,-45.43%,307458.05,563393.51,241207.70,-,3.50%,29.72,31.87
2016-03-15,30.75,E,-45.27%,308369.69,563393.51,241207.70,-,3.50%,29.72,31.87
2016-03-16,30.90,E,-44.99%,309899.41,563393.51,241207.70,-,3.50%,29.72,31.87
2016-03-17,31.24,E,-44.39%,313326.42,563393.51,241207.70,-,3.50%,29.72,31.87
2016-03-18,31.72,E,-43.54%,318116.17,563393.51,241207.70,-,3.50%,29.72,31.87
2016-03-21,32.49,E,-42.16%,325886.04,563393.51,241207.70,-,3.50%,29.72,31.87
2016-03-22,32.26,E,-45.72%,305804.89,563393.51,258949.27,-,3.50%,31.19,33.45
2016-03-23,32.36,E,-45.55%,306781.52,563393.51,258949.27,-,3.50%,31.19,33.45
2016-03-24,31.82,E,-46.46%,301639.47,563393.51,258949.27,-,3.50%,31.19,33.45
2016-03-25,31.98,E,-46.19%,303153.05,563393.51,258949.27,-,3.50%,31.19,33.45
2016-03-28,31.70,E,-46.66%,300490.21,563393.51,258949.27,-,3.50%,31.19,33.45
2016-03-29,31.35,E,-47.24%,297236.87,563393.51,258949.27,-,3.50%,31.19,33.45
2016-03-30,32.16,E,-45.88%,304902.87,563393.51,258949.27,-,3.50%,31.19,33.45
2016-03-31,32.18,E,-45.85%,305074.74,563393.51,258949.27,-,3.50%,31.19,33.45
2016-04-01,32.22,E,-45.79%,305435.65,563393.51,258949.27,-,3.50%,31.19,33.45
2016-04-05,32.64,E,-45.07%,309473.27,563393.51,258949.27,-,3.50%,31.19,33.45
2016-04-06,32.58,E,-45.19%,308813.65,563393.51,258949.27,-,3.50%,31.19,33.45
2016-04-07,32.09,E,-46.00%,304240.69,563393.51,258949.27,-,3.50%,31.19,33.45
2016-04-08,31.86,E,-46.40%,302006.82,563393.51,258949.27,-,3.50%,31.19,33.45
2016-04-11,32.30,E,-45.65%,306213.10,563393.51,258949.27,-,3.50%,31.19,33.45
2016-04-12,32.18,E,-45.84%,305109.06,563393.51,258949.27,-,3.50%,31.19,33.45
2016-04-13,32.61,E,-45.12%,309179.11,563393.51,258949.27,-,3.50%,31.19,33.45
2016-04-14,32.76,E,-44.88%,310548.87,563393.51,258949.27,-,3.50%,31.19,33.45
2016-04-15,32.72,E,-44.94%,310205.03,563393.51,258949.27,-,3.50%,31.19,33.45
2016-04-18,32.28,E,-45.68%,306057.34,563393.51,258949.27,-,3.50%,31.19,33.45
2016-04-19,32.38,E,-45.51%,306991.12,563393.51,258949.27,-,3.50%,31.19,33.45
2016-04-20,31.81,E,-46.47%,301561.26,563393.51,258949.27,-,3.50%,31.19,33.45
2016-04-21,31.61,E,-46.82%,299625.16,563393.51,258949.27,-,3.50%,31.19,33.45
2016-04-22,31.75,E,-46.58%,300980.61,563393.51,258949.27,-,3.50%,31.19,33.45
2016-04-25,31.62,E,-46.79%,299760.73,563393.51,258949.27,-,3.50%,31.19,33.45
2016-04-26,31.79,E,-46.51%,301384.37,563393.51,258949.27,-,3.50%,31.19,33.45
2016-04-27,31.66,E,-46.73%,300128.84,563393.51,258949.27,-,3.50%,31.19,33.45
2016-04-28,31.61,E,-46.82%,299623.08,563393.51,258949.27,-,3.50%,31.19,33.45
2016-04-29,31.57,E,-46.88%,299259.43,563393.51,258949.27,-,3.50%,31.19,33.45
2016-05-03,32.14,E,-45.93%,304643.59,563393.51,258949.27,-,3.50%,31.19,33.45
2016-05-04,32.09,E,-46.00%,304256.90,563393.51,258949.27,-,3.50%,31.19,33.45
2016-05-05,32.14,E,-45.92%,304679.62,563393.51,258949.27,-,3.50%,31.19,33.45
2016-05-06,31.30,E,-47.33%,296757.56,563393.51,258949.27,-,3.50%,31.19,33.45
2016-05-09,30.66,E,-48.42%,290620.30,563393.51,258949.27,-,3.50%,31.19,33.45
2016-05-10,30.69,E,-48.36%,290951.82,563393.51,258949.27,-,3.50%,31.19,33.45
2016-05-11,30.83,E,-48.13%,292250.29,563393.51,258949.27,-,3.50%,31.19,33.45
2016-05-12,30.90,E,-48.00%,292944.99,563393.51,258949.27,-,3.50%,31.19,33.45
2016-05-13,30.75,E,-48.26%,291503.84,563393.51,258949.27,-,3.50%,31.19,33.45
2016-05-16,30.95,E,-47.92%,293435.29,563393.51,258949.27,-,3.50%,31.19,33.45
2016-05-17,30.86,E,-48.07%,292555.17,563393.51,258949.27,-,3.50%,31.19,33.45
2016-05-18,30.68,E,-48.38%,290849.81,563393.51,258949.27,-,3.50%,31.19,33.45
2016-05-19,30.62,E,-48.47%,290325.00,563393.51,258949.27,-,3.50%,31.19,33.45
2016-05-20,30.78,E,-48.20%,291815.07,563393.51,258949.27,-,3.50%,31.19,33.45
2016-05-23,30.87,E,-48.05%,292668.65,563393.51,258949.27,-,3.50%,31.19,33.45
2016-05-24,30.64,E,-48.45%,290425.11,563393.51,258949.27,-,3.50%,31.19,33.45
2016-05-25,30.59,E,-48.52%,290014.62,563393.51,258949.27,-,3.50%,31.19,33.45
2016-05-26,30.64,E,-48.44%,290487.20,563393.51,258949.27,-,3.50%,31.19,33.45
2016-05-27,30.62,E,-48.47%,290324.91,563393.51,258949.27,-,3.50%,31.19,33.45
2016-05-30,30.67,E,-48.40%,290724.01,563393.51,258949.27,-,3.50%,31.19,33.45
2016-05-31,31.70,E,-46.67%,300474.29,563393.51,258949.27,-,3.50%,31.19,33.45
2016-06-01,31.61,E,-46.82%,299619.86,563393.51,258949.27,-,3.50%,31.19,33.45
2016-06-02,31.67,E,-46.71%,300241.08,563393.51,258949.27,-,3.50%,31.19,33.45
2016-06-03,31.89,E,-46.33%,302348.01,563393.51,258949.27,-,3.50%,31.19,33.45
2016-06-06,31.79,E,-46.51%,301349.10,563393.51,258949.27,-,3.50%,31.19,33.45
2016-06-07,31.77,E,-46.54%,301184.72,563393.51,258949.27,-,3.50%,31.19,33.45
2016-06-08,31.64,E,-46.76%,299945.87,563393.51,258949.27,-,3.50%,31.19,33.45
2016-06-13,30.66,E,-48.40%,290689.13,563393.51,258949.27,-,3.50%,31.19,33.45
2016-06-14,30.76,E,-48.24%,291603.19,563393.51,258949.27,-,3.50%,31.19,33.45
2016-06-15,31.16,E,-47.56%,295431.69,563393.51,258949.27,-,3.50%,31.19,33.45
2016-06-16,30.95,E,-47.93%,293375.19,563393.51,258949.27,-,3.50%,31.19,33.45
2016-06-17,31.10,E,-47.66%,294861.84,563393.51,258949.27,-,3.50%,31.19,33.45
2016-06-20,31.13,E,-47.62%,295081.50,563393.51,258949.27,-,3.50%,31.19,33.45
2016-06-21,31.06,E,-47.73%,294478.85,563393.51,258949.27,-,3.50%,31.19,33.45
2016-06-22,31.34,E,-47.27%,297099.50,563393.51,258949.27,-,3.50%,31.19,33.45
2016-06-23,31.17,E,-47.55%,295521.65,563393.51,258949.27,-,3.50%,31.19,33.45
2016-06-24,30.77,E,-48.22%,291714.39,563393.51,258949.27,-,3.50%,31.19,33.45
2016-06-27,31.21,E,-47.49%,295827.57,563393.51,258949.27,-,3.50%,31.19,33.45
2016-06-28,31.36,E,-47.23%,297330.81,563393.51,258949.27,-,3.50%,31.19,33.45
2016-06-29,31.51,E,-46.97%,298751.77,563393.51,258949.27,-,3.50%,31.19,33.45
2016-06-30,31.54,E,-46.93%,298991.71,563393.51,258949.27,-,3.50%,31.19,33.45
2016-07-01,31.54,E,-46.93%,299018.16,563393.51,258949.27,-,3.50%,31.19,33.45
2016-07-04,32.05,E,-46.08%,303805.18,563393.51,258949.27,-,3.50%,31.19,33.45
2016-07-05,32.07,E,-46.03%,304059.91,563393.51,258949.27,-,3.50%,31.19,33.45
2016-07-06,32.17,E,-45.87%,304952.92,563393.51,258949.27,-,3.50%,31.19,33.45
2016-07-07,32.10,E,-45.99%,304303.64,563393.51,258949.27,-,3.50%,31.19,33.45
2016-07-08,31.92,E,-46.28%,302628.24,563393.51,258949.27,-,3.50%,31.19,33.45
2016-07-11,32.03,E,-46.10%,303675.68,563393.51,258949.27,-,3.50%,31.19,33.45
2016-07-12,32.73,E,-44.92%,310297.65,563393.51,258949.27,-,3.50%,31.19,33.45
2016-07-13,32.83,E,-44.76%,311215.89,563393.51,258949.27,-,3.50%,31.19,33.45
2016-07-14,32.77,E,-44.86%,310637.23,563393.51,258949.27,-,3.50%,31.19,33.45
2016-07-15,32.76,E,-44.87%,310591.15,563393.51,258949.27,-,3.50%,31.19,33.45
2016-07-18,32.62,E,-45.11%,309239.69,563393.51,258949.27,-,3.50%,31.19,33.45
2016-07-19,32.48,E,-45.34%,307932.58,563393.51,258949.27,-,3.50%,31.19,33.45
2016-07-20,32.38,E,-45.52%,306924.95,563393.51,258949.27,-,3.50%,31.19,33.45
2016-07-21,32.53,E,-45.27%,308339.18,563393.51,258949.27,-,3.50%,31.19,33.45
2016-07-22,32.25,E,-45.73%,305745.36,563393.51,258949.27,-,3.50%,31.19,33.45
2016-07-25,32.31,E,-45.64%,306287.90,563393.51,258949.27,-,3.50%,31.19,33.45
2016-07-26,32.70,E,-44.98%,309956.94,563393.51,258949.27,-,3.50%,31.19,33.45
2016-07-27,32.18,E,-45.85%,305089.44,563393.51,258949.27,-,3.50%,31.19,33.45
2016-07-28,32.21,E,-45.80%,305363.69,563393.51,258949.27,-,3.50%,31.19,33.45
2016-07-29,32.04,E,-46.09%,303732.56,563393.51,258949.27,-,3.50%,31.19,33.45
2016-08-01,31.77,E,-46.55%,301161.49,563393.51,258949.27,-,3.50%,31.19,33.45
2016-08-02,31.89,E,-46.34%,302322.22,563393.51,258949.27,-,3.50%,31.19,33.45
2016-08-03,31.94,E,-46.26%,302744.46,563393.51,258949.27,-,3.50%,31.19,33.45
2016-08-04,32.01,E,-46.13%,303482.20,563393.51,258949.27,-,3.50%,31.19,33.45
2016-08-05,32.05,E,-46.07%,303844.43,563393.51,258949.27,-,3.50%,31.19,33.45
2016-08-08,32.34,E,-45.58%,306600.55,563393.51,258949.27,-,3.50%,31.19,33.45
2016-08-09,32.57,E,-45.20%,308761.80,563393.51,258949.27,-,3.50%,31.19,33.45
2016-08-10,32.43,E,-45.43%,307468.73,563393.51,258949.27,-,3.50%,31.19,33.45
2016-08-11,32.33,E,-45.59%,306522.53,563393.51,258949.27,-,3.50%,31.19,33.45
2016-08-12,32.94,E,-44.57%,312293.38,563393.51,258949.27,-,3.50%,31.19,33.45
2016-08-15,33.93,E,-42.90%,321696.60,563393.51,258949.27,-,3.50%,31.19,33.45
2016-08-16,33.78,E,-48.09%,292454.67,563393.51,286959.12,-,3.50%,32.84,35.23
2016-08-17,33.73,E,-48.17%,292004.77,563393.51,286959.12,-,3.50%,32.84,35.23
2016-08-18,33.64,E,-48.30%,291263.47,563393.51,286959.12,-,3.50%,32.84,35.23
2016-08-19,33.65,E,-48.29%,291309.78,563393.51,286959.12,-,3.50%,32.84,35.23
2016-08-22,33.37,E,-48.73%,288866.34,563393.51,286959.12,-,3.50%,32.84,35.23
2016-08-23,33.42,E,-48.65%,289302.22,563393.51,286959.12,-,3.50%,32.84,35.23
2016-08-24,33.30,E,-48.83%,288266.24,563393.51,286959.12,-,3.50%,32.84,35.23
2016-08-25,33.09,E,-49.15%,286457.71,563393.51,286959.12,-,3.50%,32.84,35.23
2016-08-26,33.07,E,-49.18%,286294.78,563393.51,286959.12,-,3.50%,32.84,35.23
2016-08-29,33.08,E,-49.17%,286354.60,563393.51,286959.12,-,3.50%,32.84,35.23
2016-08-30,33.12,E,-49.11%,286718.71,563393.51,286959.12,-,3.50%,32.84,35.23
2016-08-31,33.28,E,-48.87%,288087.13,563393.51,286959.12,-,3.50%,32.84,35.23
2016-09-01,33.02,E,-49.27%,285817.52,563393.51,286959.12,-,3.50%,32.84,35.23
2016-09-02,33.14,E,-49.08%,286902.85,563393.51,286959.12,-,3.50%,32.84,35.23
2016-09-05,33.20,E,-48.99%,287384.70,563393.51,286959.12,-,3.50%,32.84,35.23
2016-09-06,33.43,E,-48.64%,289371.13,563393.51,286959.12,-,3.50%,32.84,35.23
2016-09-07,33.41,E,-48.67%,289214.53,563393.51,286959.12,-,3.50%,32.84,35.23
2016-09-08,33.40,E,-48.68%,289106.06,563393.51,286959.12,-,3.50%,32.84,35.23
2016-09-09,33.18,E,-49.02%,287243.07,563393.51,286959.12,-,3.50%,32.84,35.23
2016-09-12,32.63,E,-49.87%,282443.63,563393.51,286959.12,-,3.50%,32.84,35.23
2016-09-13,32.60,E,-49.90%,282247.03,563393.51,286959.12,-,3.50%,32.84,35.23
2016-09-14,32.39,E,-50.23%,280376.86,563393.51,286959.12,-,3.50%,32.84,35.23
2016-09-19,32.63,E,-49.86%,282488.64,563393.51,286959.12,-,3.50%,32.84,35.23
2016-09-20,32.57,E,-49.95%,281993.38,563393.51,286959.12,-,3.50%,32.84,35.23
2016-09-21,32.67,E,-49.81%,282792.68,563393.51,286959.12,-,3.50%,32.84,35.23
2016-09-22,32.91,E,-49.43%,284912.34,563393.51,286959.12,-,3.50%,32.84,35.23
2016-09-23,32.76,E,-49.67%,283574.49,563393.51,286959.12,-,3.50%,32.84,35.23
2016-09-26,32.20,E,-50.52%,278779.99,563393.51,286959.12,-,3.50%,32.84,35.23
2016-09-27,32.41,E,-50.20%,280552.16,563393.51,286959.12,-,3.50%,32.84,35.23
2016-09-28,32.31,E,-50.35%,279698.15,563393.51,286959.12,-,3.50%,32.84,35.23
2016-09-29,32.44,E,-50.15%,280866.58,563393.51,286959.12,-,3.50%,32.84,35.23
2016-09-30,32.53,E,-50.01%,281636.88,563393.51,286959.12,-,3.50%,32.84,35.23
2016-10-10,32.94,E,-49.39%,285150.24,563393.51,286959.12,-,3.50%,32.84,35.23
2016-10-11,33.07,E,-49.19%,286248.64,563393.51,286959.12,-,3.50%,32.84,35.23
2016-10-12,33.00,E,-49.29%,285681.87,563393.51,286959.12,-,3.50%,32.84,35.23
2016-10-13,33.03,E,-49.25%,285910.06,563393.51,286959.12,-,3.50%,32.84,35.23
2016-10-14,33.06,E,-49.20%,286187.26,563393.51,286959.12,-,3.50%,32.84,35.23
2016-10-17,32.78,E,-49.63%,283765.99,563393.51,286959.12,-,3.50%,32.84,35.23
2016-10-18,33.21,E,-48.97%,287527.80,563393.51,286959.12,-,3.50%,32.84,35.23
2016-10-19,33.16,E,-49.04%,287086.98,563393.51,286959.12,-,3.50%,32.84,35.23
2016-10-20,33.19,E,-49.01%,287291.55,563393.51,286959.12,-,3.50%,32.84,35.23
2016-10-21,33.28,E,-48.87%,288082.45,563393.51,286959.12,-,3.50%,32.84,35.23
2016-10-24,33.68,E,-48.25%,291531.23,563393.51,286959.12,-,3.50%,32.84,35.23
2016-10-25,33.67,E,-48.26%,291520.58,563393.51,286959.12,-,3.50%,32.84,35.23
2016-10-26,33.55,E,-48.45%,290425.04,563393.51,286959.12,-,3.50%,32.84,35.23
2016-10-27,33.46,E,-48.59%,289636.82,563393.51,286959.12,-,3.50%,32.84,35.23
2016-10-28,33.40,E,-48.68%,289154.71,563393.51,286959.12,-,3.50%,32.84,35.23
2016-10-31,33.36,E,-48.74%,288821.59,563393.51,286959.12,-,3.50%,32.84,35.23
2016-11-01,33.59,E,-48.39%,290793.13,563393.51,286959.12,-,3.50%,32.84,35.23
2016-11-02,33.33,E,-48.78%,288568.28,563393.51,286959.12,-,3.50%,32.84,35.23
2016-11-03,33.65,E,-48.29%,291315.41,563393.51,286959.12,-,3.50%,32.84,35.23
2016-11-04,33.54,E,-48.46%,290370.93,563393.51,286959.12,-,3.50%,32.84,35.23
2016-11-07,33.57,E,-48.42%,290580.17,563393.51,286959.12,-,3.50%,32.84,35.23
2016-11-08,33.71,E,-48.20%,291837.69,563393.51,286959.12,-,3.50%,32.84,35.23
2016-11-09,33.53,E,-48.48%,290273.97,563393.51,286959.12,-,3.50%,32.84,35.23
2016-11-10,33.91,E,-47.90%,293525.28,563393.51,286959.12,-,3.50%,32.84,35.23
2016-11-11,34.17,E,-47.49%,295828.82,563393.51,286959.12,-,3.50%,32.84,35.23
2016-11-14,34.30,E,-47.29%,296956.57,563393.51,286959.12,-,3.50%,32.84,35.23
2016-11-15,34.30,E,-47.30%,296923.85,563393.51,286959.12,-,3.50%,32.84,35.23
2016-11-16,34.30,E,-47.30%,296899.78,563393.51,286959.12,-,3.50%,32.84,35.23
2016-11-17,34.37,E,-47.19%,297500.83,563393.51,286959.12,-,3.50%,32.84,35.23
2016-11-18,34.17,E,-47.49%,295849.08,563393.51,286959.12,-,3.50%,32.84,35.23
2016-11-21,34.41,E,-47.12%,297896.98,563393.51,286959.12,-,3.50%,32.84,35.23
2016-11-22,34.68,E,-46.71%,300256.27,563393.51,286959.12,-,3.50%,32.84,35.23
2016-11-23,34.75,E,-46.61%,300807.29,563393.51,286959.12,-,3.50%,32.84,35.23
2016-11-24,34.89,E,-46.39%,302020.22,563393.51,286959.12,-,3.50%,32.84,35.23
2016-11-25,35.21,E,-45.89%,304838.77,563393.51,286959.12,-,3.50%,32.84,35.23
2016-11-28,35.35,E,-45.68%,306031.96,563393.51,286959.12,-,3.50%,32.84,35.23
2016-11-29,35.64,E,-50.44%,279206.89,563393.51,315977.28,-,3.50%,34.02,36.49
2016-11-30,35.38,E,-50.80%,277167.00,563393.51,315977.28,-,3.50%,34.02,36.49
2016-12-01,35.65,E,-50.43%,279284.92,563393.51,315977.28,-,3.50%,34.02,36.49
2016-12-02,35.29,E,-50.93%,276458.33,563393.51,315977.28,-,3.50%,34.02,36.49
2016-12-05,34.69,E,-51.76%,271793.34,563393.51,315977.28,-,3.50%,34.02,36.49
2016-12-06,34.59,E,-51.90%,270990.05,563393.51,315977.28,-,3.50%,34.02,36.49
2016-12-07,34.76,E,-51.67%,272290.02,563393.51,315977.28,-,3.50%,34.02,36.49
2016-12-08,34.70,E,-51.75%,271851.00,563393.51,315977.28,-,3.50%,34.02,36.49
2016-12-09,34.94,E,-51.42%,273696.46,563393.51,315977.28,-,3.50%,34.02,36.49
2016-12-12,34.09,E,-52.60%,267075.08,563393.51,315977.28,-,3.50%,34.02,36.49
2016-12-13,34.05,E,-52.65%,266750.44,563393.51,315977.28,-,3.50%,34.02,36.49
2016-12-14,33.79,E,-53.02%,264706.55,563393.51,315977.28,-,3.50%,34.02,36.49
2016-12-15,33.40,E,-53.55%,261689.60,563393.51,315977.28,-,3.50%,34.02,36.49
2016-12-16,33.46,E,-53.47%,262128.07,563393.51,315977.28,-,3.50%,34.02,36.49
2016-12-19,33.29,E,-53.71%,260792.53,563393.51,315977.28,-,3.50%,34.02,36.49
2016-12-20,33.09,E,-53.99%,259232.07,563393.51,315977.28,-,3.50%,34.02,36.49
2016-12-21,33.39,E,-53.58%,261540.91,563393.51,315977.28,-,3.50%,34.02,36.49
2016-12-22,33.36,E,-53.62%,261316.54,563393.51,315977.28,-,3.50%,34.02,36.49
2016-12-23,33.08,E,-54.01%,259117.31,563393.51,315977.28,-,3.50%,34.02,36.49
2016-12-26,33.22,E,-53.80%,260276.89,563393.51,315977.28,-,3.50%,34.02,36.49
2016-12-27,33.16,E,-53.89%,259805.60,563393.51,315977.28,-,3.50%,34.02,36.49
2016-12-28,33.02,E,-54.09%,258669.98,563393.51,315977.28,-,3.50%,34.02,36.49
2016-12-29,32.98,E,-54.14%,258346.91,563393.51,315977.28,-,3.50%,34.02,36.49
2016-12-30,33.10,E,-53.97%,259311.75,563393.51,315977.28,-,3.50%,34.02,36.49
2017-01-03,33.42,E,-53.53%,261830.06,563393.51,315977.28,-,3.50%,34.02,36.49
2017-01-04,33.68,E,-53.16%,263873.56,563393.51,315977.28,-,3.50%,34.02,36.49
2017-01-05,33.68,E,-53.17%,263832.59,563393.51,315977.28,-,3.50%,34.02,36.49
2017-01-06,33.48,E,-53.45%,262256.23,563393.51,315977.28,-,3.50%,34.02,36.49
2017-01-09,33.64,E,-53.22%,263528.00,563393.51,315977.28,-,3.50%,34.02,36.49
2017-01-10,33.58,E,-53.30%,263086.95,563393.51,315977.28,-,3.50%,34.02,36.49
2017-01-11,33.34,E,-53.63%,261224.34,563393.51,315977.28,-,3.50%,34.02,36.49
2017-01-12,33.18,E,-53.87%,259902.66,563393.51,315977.28,-,3.50%,34.02,36.49
2017-01-13,33.20,E,-53.84%,260081.91,563393.51,315977.28,-,3.50%,34.02,36.49
2017-01-16,33.19,E,-53.84%,260045.40,563393.51,315977.28,-,3.50%,34.02,36.49
2017-01-17,33.26,E,-53.75%,260586.73,563393.51,315977.28,-,3.50%,34.02,36.49
2017-01-18,33.39,E,-53.57%,261605.85,563393.51,315977.28,-,3.50%,34.02,36.49
2017-01-19,33.29,E,-53.71%,260816.50,563393.51,315977.28,-,3.50%,34.02,36.49
2017-01-20,33.55,E,-53.35%,262822.00,563393.51,315977.28,-,3.50%,34.02,36.49
2017-01-23,33.64,E,-53.22%,263542.11,563393.51,315977.28,-,3.50%,34.02,36.49
2017-01-24,33.64,E,-53.22%,263571.09,563393.51,315977.28,-,3.50%,34.02,36.49
2017-01-25,33.76,E,-53.06%,264468.32,563393.51,315977.28,-,3.50%,34.02,36.49
2017-01-26,33.88,E,-52.89%,265412.86,563393.51,315977.28,-,3.50%,34.02,36.49
2017-02-03,33.64,E,-53.22%,263574.30,563393.51,315977.28,-,3.50%,34.02,36.49
2017-02-06,33.73,E,-53.10%,264256.88,563393.51,315977.28,-,3.50%,34.02,36.49
2017-02-07,33.66,E,-53.20%,263667.76,563393.51,315977.28,-,3.50%,34.02,36.49
2017-02-08,33.83,E,-52.96%,265046.78,563393.51,315977.28,-,3.50%,34.02,36.49
2017-02-09,33.96,E,-52.77%,266065.52,563393.51,315977.28,-,3.50%,34.02,36.49
2017-02-10,34.13,E,-52.54%,267412.57,563393.51,315977.28,-,3.50%,34.02,36.49
2017-02-13,34.36,E,-52.22%,269197.78,563393.51,315977.28,-,3.50%,34.02,36.49
2017-02-14,34.36,E,-52.23%,269160.89,563393.51,315977.28,-,3.50%,34.02,36.49
2017-02-15,34.22,E,-52.42%,268057.00,563393.51,315977.28,-,3.50%,34.02,36.49
2017-02-16,34.41,E,-52.15%,269562.69,563393.51,315977.28,-,3.50%,34.02,36.49
2017-02-17,34.21,E,-52.42%,268035.77,563393.51,315977.28,-,3.50%,34.02,36.49
2017-02-20,34.71,E,-51.73%,271948.93,563393.51,315977.28,-,3.50%,34.02,36.49
2017-02-21,34.83,E,-51.57%,272844.35,563393.51,315977.28,-,3.50%,34.02,36.49
2017-02-22,34.90,E,-51.47%,273387.56,563393.51,315977.28,-,3.50%,34.02,36.49
2017-02-23,34.73,E,-51.70%,272100.12,563393.51,315977.28,-,3.50%,34.02,36.49
2017-02-24,34.74,E,-51.70%,272141.57,563393.51,315977.28,-,3.50%,34.02,36.49
2017-02-27,34.46,E,-52.08%,269977.11,563393.51,315977.28,-,3.50%,34.02,36.49
2017-02-28,34.53,E,-51.99%,270493.14,563393.51,315977.28,-,3.50%,34.02,36.49
2017-03-01,34.58,E,-51.91%,270934.03,563393.51,315977.28,-,3.50%,34.02,36.49
2017-03-02,34.35,E,-52.23%,269105.42,563393.51,315977.28,-,3.50%,34.02,36.49
2017-03-03,34.28,E,-52.34%,268538.79,563393.51,315977.28,-,3.50%,34.02,36.49
2017-03-06,34.46,E,-52.08%,269997.56,563393.51,315977.28,-,3.50%,34.02,36.49
2017-03-07,34.54,E,-51.97%,270582.99,563393.51,315977.28,-,3.50%,34.02,36.49
2017-03-08,34.49,E,-52.05%,270173.59,563393.51,315977.28,-,3.50%,34.02,36.49
2017-03-09,34.27,E,-52.35%,268466.79,563393.51,315977.28,-,3.50%,34.02,36.49
2017-03-10,34.28,E,-52.34%,268541.06,563393.51,315977.28,-,3.50%,34.02,36.49
2017-03-13,34.58,E,-51.92%,270907.40,563393.51,315977.28,-,3.50%,34.02,36.49
2017-03-14,34.57,E,-51.93%,270797.33,563393.51,315977.28,-,3.50%,34.02,36.49
2017-03-15,34.64,E,-51.84%,271341.87,563393.51,315977.28,-,3.50%,34.02,36.49
2017-03-16,34.82,E,-51.59%,272741.26,563393.51,315977.28,-,3.50%,34.02,36.49
2017-03-17,34.46,E,-52.09%,269944.36,563393.51,315977.28,-,3.50%,34.02,36.49
2017-03-20,34.50,E,-52.03%,270242.68,563393.51,315977.28,-,3.50%,34.02,36.49
2017-03-21,34.66,E,-51.80%,271553.62,563393.51,315977.28,-,3.50%,34.02,36.49
2017-03-22,34.50,E,-52.03%,270276.92,563393.51,315977.28,-,3.50%,34.02,36.49
2017-03-23,34.62,E,-51.86%,271211.36,563393.51,315977.28,-,3.50%,34.02,36.49
2017-03-24,34.90,E,-51.48%,273375.26,563393.51,315977.28,-,3.50%,34.02,36.49
2017-03-27,34.78,E,-51.64%,272469.58,563393.51,315977.28,-,3.50%,34.02,36.49
2017-03-28,34.70,E,-51.75%,271824.84,563393.51,315977.28,-,3.50%,34.02,36.49
2017-03-29,34.65,E,-51.82%,271463.22,563393.51,315977.28,-,3.50%,34.02,36.49
2017-03-30,34.37,E,-52.21%,269235.62,563393.51,315977.28,-,3.50%,34.02,36.49
2017-03-31,34.56,E,-51.94%,270746.57,563393.51,315977.28,-,3.50%,34.02,36.49
2017-04-05,35.04,E,-51.28%,274494.98,563393.51,315977.28,-,3.50%,34.02,36.49
2017-04-06,35.14,E,-51.14%,275290.44,563393.51,315977.28,-,3.50%,34.02,36.49
2017-04-07,35.17,E,-51.09%,275558.05,563393.51,315977.28,-,3.50%,34.02,36.49
2017-04-10,35.05,E,-51.26%,274592.59,563393.51,315977.28,-,3.50%,34.02,36.49
2017-04-11,35.17,E,-51.09%,275547.48,563393.51,315977.28,-,3.50%,34.02,36.49
2017-04-12,35.09,E,-51.20%,274929.45,563393.51,315977.28,-,3.50%,34.02,36.49
2017-04-13,35.15,E,-51.13%,275331.10,563393.51,315977.28,-,3.50%,34.02,36.49
2017-04-14,34.87,E,-51.52%,273132.72,563393.51,315977.28,-,3.50%,34.02,36.49
2017-04-17,34.80,E,-51.61%,272618.66,563393.51,315977.28,-,3.50%,34.02,36.49
2017-04-18,34.63,E,-51.85%,271271.29,563393.51,315977.28,-,3.50%,34.02,36.49
2017-04-19,34.46,E,-52.09%,269949.93,563393.51,315977.28,-,3.50%,34.02,36.49
2017-04-20,34.62,E,-51.87%,271177.67,563393.51,315977.28,-,3.50%,34.02,36.49
2017-04-21,34.67,E,-51.79%,271588.09,563393.51,315977.28,-,3.50%,34.02,36.49
2017-04-24,34.31,E,-52.29%,268804.83,563393.51,315977.28,-,3.50%,34.02,36.49
2017-04-25,34.41,E,-52.15%,269565.90,563393.51,315977.28,-,3.50%,34.02,36.49
2017-04-26,34.45,E,-52.09%,269895.64,563393.51,315977.28,-,3.50%,34.02,36.49
2017-04-27,34.47,E,-52.07%,270016.04,563393.51,315977.28,-,3.50%,34.02,36.49
2017-04-28,34.40,E,-52.17%,269470.25,563393.51,315977.28,-,3.50%,34.02,36.49
2017-05-02,34.27,E,-52.35%,268438.04,563393.51,315977.28,-,3.50%,34.02,36.49
2017-05-03,34.13,E,-52.54%,267384.45,563393.51,315977.28,-,3.50%,34.02,36.49
2017-05-04,34.04,E,-52.66%,266699.60,563393.51,315977.28,-,3.50%,34.02,36.49
2017-05-05,33.83,E,-52.97%,264988.97,563393.51,315977.28,-,3.50%,34.02,36.49
2017-05-08,33.59,E,-53.30%,263129.41,563393.51,315977.28,-,3.50%,34.02,36.49
2017-05-09,33.53,E,-53.38%,262637.36,563393.51,315977.28,-,3.50%,34.02,36.49
2017-05-10,33.38,E,-53.59%,261475.50,563393.51,315977.28,-,3.50%,34.02,36.49
2017-05-11,33.57,E,-53.33%,262959.65,563393.51,315977.28,-,3.50%,34.02,36.49
2017-05-12,33.85,E,-52.93%,265210.59,563393.51,315977.28,-,3.50%,34.02,36.49
2017-05-15,33.99,E,-52.73%,266292.86,563393.51,315977.28,-,3.50%,34.02,36.49
2017-05-16,34.29,E,-52.32%,268600.36,563393.51,315977.28,-,3.50%,34.02,36.49
2017-05-17,34.10,E,-52.58%,267136.74,563393.51,315977.28,-,3.50%,34.02,36.49
2017-05-18,33.98,E,-52.75%,266208.17,563393.51,315977.28,-,3.50%,34.02,36.49
2017-05-19,34.04,E,-52.67%,266657.53,563393.51,315977.28,-,3.50%,34.02,36.49
2017-05-22,34.11,E,-52.57%,267236.46,563393.51,315977.28,-,3.50%,34.02,36.49
2017-05-23,34.24,E,-52.39%,268251.36,563393.51,315977.28,-,3.50%,34.02,36.49
2017-05-24,34.24,E,-52.39%,268249.24,563393.51,315977.28,-,3.50%,34.02,36.49
2017-05-25,34.86,E,-51.53%,273066.45,563393.51,315977.28,-,3.50%,34.02,36.49
2017-05-26,34.80,E,-51.60%,272657.28,563393.51,315977.28,-,3.50%,34.02,36.49
2017-05-31,34.93,E,-51.43%,273632.53,563393.51,315977.28,-,3.50%,34.02,36.49
2017-06-01,34.98,E,-51.36%,274012.79,563393.51,315977.28,-,3.50%,34.02,36.49
2017-06-02,34.87,E,-51.52%,273132.96,563393.51,315977.28,-,3.50%,34.02,36.49
2017-06-05,34.69,E,-51.77%,271742.11,563393.51,315977.28,-,3.50%,34.02,36.49
2017-06-06,34.93,E,-51.43%,273632.30,563393.51,315977.28,-,3.50%,34.02,36.49
2017-06-07,35.34,E,-50.86%,276843.45,563393.51,315977.28,-,3.50%,34.02,36.49
2017-06-08,35.61,E,-50.48%,278967.02,563393.51,315977.28,-,3.50%,34.02,36.49
2017-06-09,35.76,E,-50.27%,280157.16,563393.51,315977.28,-,3.50%,34.02,36.49
2017-06-12,35.74,E,-50.30%,280017.63,563393.51,315977.28,-,3.50%,34.02,36.49
2017-06-13,35.82,E,-50.19%,280634.80,563393.51,315977.28,-,3.50%,34.02,36.49
2017-06-14,35.35,E,-50.84%,276955.25,563393.51,315977.28,-,3.50%,34.02,36.49
2017-06-15,35.29,E,-50.93%,276445.57,563393.51,315977.28,-,3.50%,34.02,36.49
2017-06-16,35.19,E,-51.07%,275659.74,563393.51,315977.28,-,3.50%,34.02,36.49
2017-06-19,35.54,E,-50.59%,278394.12,563393.51,315977.28,-,3.50%,34.02,36.49
2017-06-20,35.46,E,-50.69%,277832.34,563393.51,315977.28,-,3.50%,34.02,36.49
2017-06-21,35.88,E,-50.11%,281080.39,563393.51,315977.28,-,3.50%,34.02,36.49
2017-06-22,35.90,E,-50.08%,281267.39,563393.51,315977.28,-,3.50%,34.02,36.49
2017-06-23,36.23,E,-49.62%,283816.65,563393.51,315977.28,-,3.50%,34.02,36.49
2017-06-26,36.68,E,-49.00%,287358.25,563393.51,315977.28,-,3.50%,34.02,36.49
2017-06-27,36.75,E,-54.27%,257634.27,563393.51,346144.98,-,3.50%,35.37,37.94
2017-06-28,36.46,E,-54.63%,255632.70,563393.51,346144.98,-,3.50%,35.37,37.94
2017-06-29,36.69,E,-54.34%,257221.46,563393.51,346144.98,-,3.50%,35.37,37.94
2017-06-30,36.67,E,-54.37%,257079.14,563393.51,346144.98,-,3.50%,35.37,37.94
2017-07-03,36.51,E,-54.57%,255960.81,563393.51,346144.98,-,3.50%,35.37,37.94
2017-07-04,36.20,E,-54.95%,253797.08,563393.51,346144.98,-,3.50%,35.37,37.94
2017-07-05,36.60,E,-54.46%,256580.09,563393.51,346144.98,-,3.50%,35.37,37.94
2017-07-06,36.60,E,-54.45%,256609.33,563393.51,346144.98,-,3.50%,35.37,37.94
2017-07-07,36.56,E,-54.50%,256317.18,563393.51,346144.98,-,3.50%,35.37,37.94
2017-07-10,36.54,E,-54.53%,256159.93,563393.51,346144.98,-,3.50%,35.37,37.94
2017-07-11,36.71,E,-54.32%,257360.35,563393.51,346144.98,-,3.50%,35.37,37.94
2017-07-12,36.59,E,-54.47%,256520.08,563393.51,346144.98,-,3.50%,35.37,37.94
2017-07-13,36.87,E,-54.12%,258489.96,563393.51,346144.98,-,3.50%,35.37,37.94
2017-07-14,37.03,E,-53.92%,259623.92,563393.51,346144.98,-,3.50%,35.37,37.94
2017-07-17,36.64,E,-54.41%,256851.98,563393.51,346144.98,-,3.50%,35.37,37.94
2017-07-18,36.67,E,-54.36%,257105.99,563393.51,346144.98,-,3.50%,35.37,37.94
2017-07-19,37.30,E,-53.59%,261492.49,563393.51,346144.98,-,3.50%,35.37,37.94
2017-07-20,37.48,E,-53.36%,262764.15,563393.51,346144.98,-,3.50%,35.37,37.94
2017-07-21,37.29,E,-53.60%,261411.94,563393.51,346144.98,-,3.50%,35.37,37.94
2017-07-24,37.43,E,-53.42%,262454.54,563393.51,346144.98,-,3.50%,35.37,37.94
2017-07-25,37.20,E,-53.71%,260778.28,563393.51,346144.98,-,3.50%,35.37,37.94
2017-07-26,37.05,E,-53.89%,259784.75,563393.51,346144.98,-,3.50%,35.37,37.94
2017-07-27,37.12,E,-53.80%,260261.92,563393.51,346144.98,-,3.50%,35.37,37.94
2017-07-28,37.22,E,-53.68%,260941.78,563393.51,346144.98,-,3.50%,35.37,37.94
2017-07-31,37.38,E,-53.49%,262062.28,563393.51,346144.98,-,3.50%,35.37,37.94
2017-08-01,37.70,E,-53.08%,264341.48,563393.51,346144.98,-,3.50%,35.37,37.94
2017-08-02,37.61,E,-53.20%,263673.33,563393.51,346144.98,-,3.50%,35.37,37.94
2017-08-03,37.28,E,-53.61%,261357.88,563393.51,346144.98,-,3.50%,35.37,37.94
2017-08-04,37.08,E,-53.86%,259938.36,563393.51,346144.98,-,3.50%,35.37,37.94
2017-08-07,37.27,E,-53.62%,261285.53,563393.51,346144.98,-,3.50%,35.37,37.94
2017-08-08,37.32,E,-53.56%,261665.38,563393.51,346144.98,-,3.50%,35.37,37.94
2017-08-09,37.31,E,-53.57%,261583.49,563393.51,346144.98,-,3.50%,35.37,37.94
2017-08-10,37.16,E,-53.76%,260523.15,563393.51,346144.98,-,3.50%,35.37,37.94
2017-08-11,36.47,E,-54.61%,255715.71,563393.51,346144.98,-,3.50%,35.37,37.94
2017-08-14,36.95,E,-54.02%,259034.23,563393.51,346144.98,-,3.50%,35.37,37.94
2017-08-15,37.06,E,-53.88%,259831.59,563393.51,346144.98,-,3.50%,35.37,37.94
2017-08-16,37.01,E,-53.94%,259506.56,563393.51,346144.98,-,3.50%,35.37,37.94
2017-08-17,37.21,E,-53.69%,260898.73,563393.51,346144.98,-,3.50%,35.37,37.94
2017-08-18,37.25,E,-53.65%,261136.89,563393.51,346144.98,-,3.50%,35.37,37.94
2017-08-21,37.41,E,-53.45%,262281.09,563393.51,346144.98,-,3.50%,35.37,37.94
2017-08-22,37.52,E,-53.31%,263073.61,563393.51,346144.98,-,3.50%,35.37,37.94
2017-08-23,37.56,E,-53.26%,263339.33,563393.51,346144.98,-,3.50%,35.37,37.94
2017-08-24,37.35,E,-53.53%,261835.96,563393.51,346144.98,-,3.50%,35.37,37.94
2017-08-25,37.96,E,-52.76%,266120.31,563393.51,346144.98,-,3.50%,35.37,37.94
2017-08-28,38.43,E,-57.79%,237786.96,563393.51,377465.53,-,3.50%,36.72,39.39
2017-08-29,38.35,E,-57.88%,237281.15,563393.51,377465.53,-,3.50%,36.72,39.39
2017-08-30,38.34,E,-57.89%,237266.48,563393.51,377465.53,-,3.50%,36.72,39.39
2017-08-31,38.22,E,-58.02%,236511.05,563393.51,377465.53,-,3.50%,36.72,39.39
2017-09-01,38.31,E,-57.93%,237033.69,563393.51,377465.53,-,3.50%,36.72,39.39
2017-09-04,38.46,E,-57.76%,237966.72,563393.51,377465.53,-,3.50%,36.72,39.39
2017-09-05,38.57,E,-57.64%,238674.01,563393.51,377465.53,-,3.50%,36.72,39.39
2017-09-06,38.49,E,-57.72%,238203.90,563393.51,377465.53,-,3.50%,36.72,39.39
2017-09-07,38.30,E,-57.93%,236992.42,563393.51,377465.53,-,3.50%,36.72,39.39
2017-09-08,38.26,E,-57.98%,236752.20,563393.51,377465.53,-,3.50%,36.72,39.39
2017-09-11,38.26,E,-57.98%,236730.91,563393.51,377465.53,-,3.50%,36.72,39.39
2017-09-12,38.38,E,-57.85%,237491.36,563393.51,377465.53,-,3.50%,36.72,39.39
2017-09-13,38.43,E,-57.79%,237780.46,563393.51,377465.53,-,3.50%,36.72,39.39
2017-09-14,38.30,E,-57.93%,236997.62,563393.51,377465.53,-,3.50%,36.72,39.39
2017-09-15,38.31,E,-57.92%,237080.60,563393.51,377465.53,-,3.50%,36.72,39.39
2017-09-18,38.43,E,-57.79%,237813.63,563393.51,377465.53,-,3.50%,36.72,39.39
2017-09-19,38.32,E,-57.91%,237131.34,563393.51,377465.53,-,3.50%,36.72,39.39
2017-09-20,38.42,E,-57.80%,237769.88,563393.51,377465.53,-,3.50%,36.72,39.39
2017-09-21,38.38,E,-57.85%,237484.12,563393.51,377465.53,-,3.50%,36.72,39.39
2017-09-22,38.38,E,-57.85%,237478.73,563393.51,377465.53,-,3.50%,36.72,39.39
2017-09-25,38.18,E,-58.07%,236244.91,563393.51,377465.53,-,3.50%,36.72,39.39
2017-09-26,38.21,E,-58.03%,236429.93,563393.51,377465.53,-,3.50%,36.72,39.39
2017-09-27,38.21,E,-58.03%,236455.86,563393.51,377465.53,-,3.50%,36.72,39.39
2017-09-28,38.23,E,-58.02%,236538.65,563393.51,377465.53,-,3.50%,36.72,39.39
2017-09-29,38.37,E,-57.86%,237402.68,563393.51,377465.53,-,3.50%,36.72,39.39
2017-10-09,38.82,E,-57.36%,240230.97,563393.51,377465.53,-,3.50%,36.72,39.39
2017-10-10,38.90,E,-57.28%,240704.72,563393.51,377465.53,-,3.50%,36.72,39.39
2017-10-11,39.03,E,-57.14%,241498.21,563393.51,377465.53,-,3.50%,36.72,39.39
2017-10-12,39.13,E,-57.02%,242133.53,563393.51,377465.53,-,3.50%,36.72,39.39
2017-10-13,39.21,E,-56.93%,242631.54,563393.51,377465.53,-,3.50%,36.72,39.39
2017-10-16,39.13,E,-57.02%,242164.04,563393.51,377465.53,-,3.50%,36.72,39.39
2017-10-17,39.13,E,-57.02%,242140.65,563393.51,377465.53,-,3.50%,36.72,39.39
2017-10-18,39.44,E,-56.68%,244064.74,563393.51,377465.53,-,3.50%,36.72,39.39
2017-10-19,39.31,E,-62.56%,210911.51,563393.51,409896.53,-,3.50%,38.03,40.79
2017-10-20,39.27,E,-62.61%,210675.61,563393.51,409896.53,-,3.50%,38.03,40.79
2017-10-23,39.31,E,-62.57%,210887.31,563393.51,409896.53,-,3.50%,38.03,40.79
2017-10-24,39.59,E,-62.30%,212421.54,563393.51,409896.53,-,3.50%,38.03,40.79
2017-10-25,39.77,E,-62.13%,213363.31,563393.51,409896.53,-,3.50%,38.03,40.79
2017-10-26,39.94,E,-61.97%,214255.30,563393.51,409896.53,-,3.50%,38.03,40.79
2017-10-27,40.22,E,-61.70%,215778.53,563393.51,409896.53,-,3.50%,38.03,40.79
2017-10-30,40.10,E,-61.82%,215121.53,563393.51,409896.53,-,3.50%,38.03,40.79
2017-10-31,40.07,E,-61.85%,214960.37,563393.51,409896.53,-,3.50%,38.03,40.79
2017-11-01,39.97,E,-61.94%,214418.77,563393.51,409896.53,-,3.50%,38.03,40.79
2017-11-02,39.97,E,-61.94%,214446.24,563393.51,409896.53,-,3.50%,38.03,40.79
2017-11-03,39.93,E,-61.98%,214208.19,563393.51,409896.53,-,3.50%,38.03,40.79
2017-11-06,40.21,E,-61.71%,215720.69,563393.51,409896.53,-,3.50%,38.03,40.79
2017-11-07,40.54,E,-61.39%,217510.30,563393.51,409896.53,-,3.50%,38.03,40.79
2017-11-08,40.48,E,-61.45%,217175.47,563393.51,409896.53,-,3.50%,38.03,40.79
2017-11-09,40.76,E,-61.19%,218671.98,563393.51,409896.53,-,3.50%,38.03,40.79
2017-11-10,41.12,E,-60.84%,220604.03,563393.51,409896.53,-,3.50%,38.03,40.79
2017-11-13,41.28,E,-66.72%,187497.08,563393.51,443767.51,-,3.50%,39.72,42.60
2017-11-14,40.99,E,-66.95%,186192.52,563393.51,443767.51,-,3.50%,39.72,42.60
2017-11-15,40.74,E,-67.16%,185026.05,563393.51,443767.51,-,3.50%,39.72,42.60
2017-11-16,41.05,E,-66.91%,186449.65,563393.51,443767.51,-,3.50%,39.72,42.60
2017-11-17,41.21,E,-66.78%,187169.01,563393.51,443767.51,-,3.50%,39.72,42.60
2017-11-20,41.44,E,-66.59%,188212.89,563393.51,443767.51,-,3.50%,39.72,42.60
2017-11-21,42.18,E,-66.00%,191567.98,563393.51,443767.51,-,3.50%,39.72,42.60
2017-11-22,42.28,E,-65.92%,192016.05,563393.51,443767.51,-,3.50%,39.72,42.60
2017-11-23,41.02,E,-66.93%,186330.83,563393.51,443767.51,-,3.50%,39.72,42.60
2017-11-24,41.04,E,-66.91%,186412.90,563393.51,443767.51,-,3.50%,39.72,42.60
2017-11-27,40.50,E,-67.35%,183948.59,563393.51,443767.51,-,3.50%,39.72,42.60
2017-11-28,40.56,E,-67.30%,184215.48,563393.51,443767.51,-,3.50%,39.72,42.60
2017-11-29,40.54,E,-67.32%,184121.42,563393.51,443767.51,-,3.50%,39.72,42.60
2017-11-30,40.06,E,-67.70%,181957.02,563393.51,443767.51,-,3.50%,39.72,42.60
2017-12-01,39.98,E,-67.77%,181595.34,563393.51,443767.51,-,3.50%,39.72,42.60
2017-12-04,40.19,E,-67.60%,182536.48,563393.51,443767.51,-,3.50%,39.72,42.60
2017-12-05,40.40,E,-67.43%,183504.52,563393.51,443767.51,-,3.50%,39.72,42.60
2017-12-06,40.16,E,-67.63%,182398.59,563393.51,443767.51,-,3.50%,39.72,42.60
2017-12-07,39.71,E,-67.99%,180365.36,563393.51,443767.51,-,3.50%,39.72,42.60
2017-12-08,40.03,E,-67.73%,181833.47,563393.51,443767.51,-,3.50%,39.72,42.60
2017-12-11,40.69,E,-67.19%,184836.64,563393.51,443767.51,-,3.50%,39.72,42.60
2017-12-12,40.16,E,-67.62%,182407.45,563393.51,443767.51,-,3.50%,39.72,42.60
2017-12-13,40.50,E,-67.35%,183955.18,563393.51,443767.51,-,3.50%,39.72,42.60
2017-12-14,40.26,E,-67.54%,182867.78,563393.51,443767.51,-,3.50%,39.72,42.60
2017-12-15,39.81,E,-67.91%,180810.43,563393.51,443767.51,-,3.50%,39.72,42.60
2017-12-18,39.85,E,-67.87%,181011.92,563393.51,443767.51,-,3.50%,39.72,42.60
2017-12-19,40.35,E,-67.47%,183284.64,563393.51,443767.51,-,3.50%,39.72,42.60
2017-12-20,40.30,E,-67.51%,183064.81,563393.51,443767.51,-,3.50%,39.72,42.60
2017-12-21,40.68,E,-67.21%,184761.66,563393.51,443767.51,-,3.50%,39.72,42.60
2017-12-22,40.55,E,-67.31%,184159.84,563393.51,443767.51,-,3.50%,39.72,42.60
2017-12-25,40.42,E,-67.42%,183566.75,563393.51,443767.51,-,3.50%,39.72,42.60
2017-12-26,40.54,E,-67.32%,184115.51,563393.51,443767.51,-,3.50%,39.72,42.60
2017-12-27,39.91,E,-67.82%,181280.62,563393.51,443767.51,-,3.50%,39.72,42.60
2017-12-28,40.19,E,-67.60%,182538.30,563393.51,443767.51,-,3.50%,39.72,42.60
2017-12-29,40.31,E,-67.50%,183081.39,563393.51,443767.51,-,3.50%,39.72,42.60
2018-01-02,40.87,E,-67.05%,185649.75,563393.51,443767.51,-,3.50%,39.72,42.60
2018-01-03,41.11,E,-66.85%,186739.42,563393.51,443767.51,-,3.50%,39.72,42.60
2018-01-04,41.29,E,-66.71%,187530.60,563393.51,443767.51,-,3.50%,39.72,42.60
2018-01-05,41.39,E,-66.63%,187982.02,563393.51,443767.51,-,3.50%,39.72,42.60
2018-01-08,41.60,E,-66.46%,188954.42,563393.51,443767.51,-,3.50%,39.72,42.60
2018-01-09,41.89,E,-66.23%,190277.87,563393.51,443767.51,-,3.50%,39.72,42.60
2018-01-10,42.08,E,-66.08%,191118.87,563393.51,443767.51,-,3.50%,39.72,42.60
2018-01-11,42.06,E,-66.10%,191017.72,563393.51,443767.51,-,3.50%,39.72,42.60
2018-01-12,42.25,E,-65.94%,191899.55,563393.51,443767.51,-,3.50%,39.72,42.60
2018-01-15,42.25,E,-65.94%,191910.36,563393.51,443767.51,-,3.50%,39.72,42.60
2018-01-16,42.58,E,-65.67%,193419.84,563393.51,443767.51,-,3.50%,39.72,42.60
2018-01-17,42.48,E,-65.75%,192949.43,563393.51,443767.51,-,3.50%,39.72,42.60
2018-01-18,42.71,E,-65.56%,194007.71,563393.51,443767.51,-,3.50%,39.72,42.60
2018-01-19,42.85,E,-71.71%,159373.84,563393.51,479007.85,-,3.50%,41.32,44.32
2018-01-22,43.37,E,-71.37%,161278.04,563393.51,479007.85,-,3.50%,41.32,44.32
2018-01-23,43.83,E,-71.07%,162989.34,563393.51,479007.85,-,3.50%,41.32,44.32
2018-01-24,43.90,E,-71.02%,163259.82,563393.51,479007.85,-,3.50%,41.32,44.32
2018-01-25,43.65,E,-71.19%,162337.29,563393.51,479007.85,-,3.50%,41.32,44.32
2018-01-26,43.81,E,-71.08%,162940.51,563393.51,479007.85,-,3.50%,41.32,44.32
2018-01-29,43.02,E,-71.60%,159992.05,563393.51,479007.85,-,3.50%,41.32,44.32
2018-01-30,42.56,E,-71.91%,158284.43,563393.51,479007.85,-,3.50%,41.32,44.32
2018-01-31,42.76,E,-71.77%,159020.65,563393.51,479007.85,-,3.50%,41.32,44.32
2018-02-01,42.46,E,-71.97%,157904.91,563393.51,479007.85,-,3.50%,41.32,44.32
2018-02-02,42.71,E,-71.81%,158847.12,563393.51,479007.85,-,3.50%,41.32,44.32
2018-02-05,42.74,E,-71.79%,158955.49,563393.51,479007.85,-,3.50%,41.32,44.32
2018-02-06,41.49,E,-72.61%,154297.03,563393.51,479007.85,-,3.50%,41.32,44.32
2018-02-07,40.50,E,-73.26%,150637.98,563393.51,479007.85,-,3.50%,41.32,44.32
2018-02-08,40.12,E,-73.52%,149208.03,563393.51,479007.85,-,3.50%,41.32,44.32
2018-02-09,38.41,E,-74.65%,142833.85,563393.51,479007.85,-,3.50%,41.32,44.32
2018-02-12,38.90,E,-73.62%,150002.41,568662.90,479007.85,-,3.50%,37.12,39.81
2018-02-13,39.36,E,-73.31%,151757.97,568662.90,479007.85,-,3.50%,37.12,39.81
2018-02-14,39.67,E,-73.10%,152966.02,568662.90,479007.85,-,3.50%,37.12,39.81
2018-02-22,40.53,E,-72.52%,156273.38,568662.90,479007.85,-,3.50%,37.12,39.81
2018-02-23,40.71,E,-74.36%,145826.37,568662.90,490137.05,-,3.50%,39.20,42.04
2018-02-26,41.18,E,-74.06%,147521.73,568662.90,490137.05,-,3.50%,39.20,42.04
2018-02-27,40.59,E,-74.43%,145392.66,568662.90,490137.05,-,3.50%,39.20,42.04
2018-02-28,40.24,E,-74.66%,144126.82,568662.90,490137.05,-,3.50%,39.20,42.04
2018-03-01,40.49,E,-74.49%,145038.26,568662.90,490137.05,-,3.50%,39.20,42.04
2018-03-02,40.16,E,-74.70%,143869.63,568662.90,490137.05,-,3.50%,39.20,42.04
2018-03-05,40.18,E,-74.69%,143928.23,568662.90,490137.05,-,3.50%,39.20,42.04
2018-03-06,40.67,E,-74.38%,145664.32,568662.90,490137.05,-,3.50%,39.20,42.04
2018-03-07,40.37,E,-74.57%,144592.91,568662.90,490137.05,-,3.50%,39.20,42.04
2018-03-08,40.78,E,-74.32%,146059.63,568662.90,490137.05,-,3.50%,39.20,42.04
2018-03-09,41.09,E,-74.12%,147179.54,568662.90,490137.05,-,3.50%,39.20,42.04
2018-03-12,41.28,E,-74.00%,147853.00,568662.90,490137.05,-,3.50%,39.20,42.04
2018-03-13,40.91,E,-74.23%,146548.68,568662.90,490137.05,-,3.50%,39.20,42.04
2018-03-14,40.73,E,-74.34%,145907.18,568662.90,490137.05,-,3.50%,39.20,42.04
2018-03-15,40.96,E,-74.20%,146724.52,568662.90,490137.05,-,3.50%,39.20,42.04
2018-03-16,40.56,E,-74.45%,145301.04,568662.90,490137.05,-,3.50%,39.20,42.04
2018-03-19,40.74,E,-74.34%,145939.53,568662.90,490137.05,-,3.50%,39.20,42.04
2018-03-20,40.78,E,-74.31%,146063.36,568662.90,490137.05,-,3.50%,39.20,42.04
2018-03-21,40.61,E,-74.42%,145466.81,568662.90,490137.05,-,3.50%,39.20,42.04
2018-03-22,40.20,E,-74.68%,144008.90,568662.90,490137.05,-,3.50%,39.20,42.04
2018-03-23,39.05,E,-75.40%,139874.77,568662.90,490137.05,-,3.50%,39.20,42.04
2018-03-26,38.80,E,-75.56%,138977.77,568662.90,490137.05,-,3.50%,39.20,42.04
2018-03-27,39.13,E,-75.35%,140173.26,568662.90,490137.05,-,3.50%,39.20,42.04
2018-03-28,38.43,E,-75.79%,137646.05,568662.90,490137.05,-,3.50%,39.20,42.04
2018-03-29,38.94,E,-75.47%,139484.84,568662.90,490137.05,-,3.50%,39.20,42.04
2018-03-30,38.98,E,-75.44%,139644.16,568662.90,490137.05,-,3.50%,39.20,42.04
2018-04-02,38.87,E,-75.52%,139229.40,568662.90,490137.05,-,3.50%,39.20,42.04
2018-04-03,38.62,E,-75.67%,138354.00,568662.90,490137.05,-,3.50%,39.20,42.04
2018-04-04,38.55,E,-75.72%,138081.16,568662.90,490137.05,-,3.50%,39.20,42.04
2018-04-09,38.53,E,-75.73%,138011.92,568662.90,490137.05,-,3.50%,39.20,42.04
2018-04-10,39.27,E,-75.26%,140671.30,568662.90,490137.05,-,3.50%,39.20,42.04
2018-04-11,39.38,E,-75.19%,141071.45,568662.90,490137.05,-,3.50%,39.20,42.04
2018-04-12,38.99,E,-75.44%,139649.11,568662.90,490137.05,-,3.50%,39.20,42.04
2018-04-13,38.71,E,-75.62%,138664.38,568662.90,490137.05,-,3.50%,39.20,42.04
2018-04-16,38.09,E,-76.01%,136433.47,568662.90,490137.05,-,3.50%,39.20,42.04
2018-04-17,37.49,E,-76.39%,134276.32,568662.90,490137.05,-,3.50%,39.20,42.04
2018-04-18,37.66,E,-76.28%,134908.22,568662.90,490137.05,-,3.50%,39.20,42.04
2018-04-19,38.12,E,-75.99%,136540.22,568662.90,490137.05,-,3.50%,39.20,42.04
2018-04-20,37.61,E,-76.31%,134713.79,568662.90,490137.05,-,3.50%,39.20,42.04
2018-04-23,37.66,E,-76.28%,134909.76,568662.90,490137.05,-,3.50%,39.20,42.04
2018-04-24,38.43,E,-75.79%,137673.74,568662.90,490137.05,-,3.50%,39.20,42.04
2018-04-25,38.29,E,-75.88%,137144.07,568662.90,490137.05,-,3.50%,39.20,42.04
2018-04-26,37.55,E,-76.34%,134521.80,568662.90,490137.05,-,3.50%,39.20,42.04
2018-04-27,37.57,E,-76.34%,134571.30,568662.90,490137.05,-,3.50%,39.20,42.04
2018-05-02,37.64,E,-76.29%,134813.80,568662.90,490137.05,-,3.50%,39.20,42.04
2018-05-03,37.93,E,-76.11%,135865.26,568662.90,490137.05,-,3.50%,39.20,42.04
2018-05-04,37.75,E,-76.22%,135206.10,568662.90,490137.05,-,3.50%,39.20,42.04
2018-05-07,38.34,E,-75.85%,137340.58,568662.90,490137.05,-,3.50%,39.20,42.04
2018-05-08,38.79,E,-75.57%,138934.17,568662.90,490137.05,-,3.50%,39.20,42.04
2018-05-09,38.72,E,-75.61%,138681.25,568662.90,490137.05,-,3.50%,39.20,42.04
2018-05-10,38.93,E,-75.48%,139449.27,568662.90,490137.05,-,3.50%,39.20,42.04
2018-05-11,38.73,E,-75.61%,138725.06,568662.90,490137.05,-,3.50%,39.20,42.04
2018-05-14,39.09,E,-75.38%,140030.88,568662.90,490137.05,-,3.50%,39.20,42.04
2018-05-15,39.24,E,-75.28%,140561.15,568662.90,490137.05,-,3.50%,39.20,42.04
2018-05-16,38.93,E,-75.48%,139441.67,568662.90,490137.05,-,3.50%,39.20,42.04
2018-05-17,38.64,E,-75.66%,138410.27,568662.90,490137.05,-,3.50%,39.20,42.04
2018-05-18,39.03,E,-75.41%,139807.72,568662.90,490137.05,-,3.50%,39.20,42.04
2018-05-21,39.21,E,-75.30%,140458.89,568662.90,490137.05,-,3.50%,39.20,42.04
2018-05-22,39.06,E,-75.39%,139920.37,568662.90,490137.05,-,3.50%,39.20,42.04
2018-05-23,38.55,E,-75.72%,138071.13,568662.90,490137.05,-,3.50%,39.20,42.04
2018-05-24,38.27,E,-75.89%,137090.91,568662.90,490137.05,-,3.50%,39.20,42.04
2018-05-25,38.16,E,-75.96%,136706.96,568662.90,490137.05,-,3.50%,39.20,42.04
2018-05-28,38.33,E,-75.85%,137307.34,568662.90,490137.05,-,3.50%,39.20,42.04
2018-05-29,38.04,E,-76.04%,136259.60,568662.90,490137.05,-,3.50%,39.20,42.04
2018-05-30,37.23,E,-76.55%,133371.19,568662.90,490137.05,-,3.50%,39.20,42.04
2018-05-31,38.02,E,-76.05%,136201.07,568662.90,490137.05,-,3.50%,39.20,42.04
2018-06-01,37.71,E,-76.25%,135062.50,568662.90,490137.05,-,3.50%,39.20,42.04
2018-06-04,38.08,E,-76.02%,136387.44,568662.90,490137.05,-,3.50%,39.20,42.04
2018-06-05,38.45,E,-75.78%,137739.22,568662.90,490137.05,-,3.50%,39.20,42.04
2018-06-06,38.37,E,-75.83%,137453.91,568662.90,490137.05,-,3.50%,39.20,42.04
2018-06-07,38.31,E,-75.87%,137226.85,568662.90,490137.05,-,3.50%,39.20,42.04
2018-06-08,37.80,E,-76.19%,135385.81,568662.90,490137.05,-,3.50%,39.20,42.04
2018-06-11,37.80,E,-76.19%,135398.92,568662.90,490137.05,-,3.50%,39.20,42.04
2018-06-12,38.26,E,-75.90%,137045.64,568662.90,490137.05,-,3.50%,39.20,42.04
2018-06-13,37.88,E,-76.14%,135698.30,568662.90,490137.05,-,3.50%,39.20,42.04
2018-06-14,37.73,E,-76.23%,135161.93,568662.90,490137.05,-,3.50%,39.20,42.04
2018-06-15,37.53,E,-76.36%,134447.97,568662.90,490137.05,-,3.50%,39.20,42.04
2018-06-19,36.21,E,-77.19%,129708.38,568662.90,490137.05,-,3.50%,39.20,42.04
2018-06-20,36.35,E,-76.43%,135202.13,573598.39,490137.05,-,3.50%,34.76,37.29
2018-06-21,35.93,E,-76.70%,133622.37,573598.39,490137.05,-,3.50%,34.76,37.29
2018-06-22,36.09,E,-76.60%,134215.14,573598.39,490137.05,-,3.50%,34.76,37.29
2018-06-25,35.60,E,-76.92%,132414.14,573598.39,490137.05,-,3.50%,34.76,37.29
2018-06-26,35.31,E,-77.11%,131322.02,573598.39,490137.05,-,3.50%,34.76,37.29
2018-06-27,34.59,E,-77.57%,128649.95,573598.39,490137.05,-,3.50%,34.76,37.29
2018-06-28,34.24,E,-77.80%,127320.89,573598.39,490137.05,-,3.50%,34.76,37.29
2018-06-29,35.11,E,-77.24%,130573.49,573598.39,490137.05,-,3.50%,34.76,37.29
2018-07-02,34.08,E,-77.90%,126742.14,573598.39,490137.05,-,3.50%,34.76,37.29
2018-07-03,34.09,E,-77.90%,126791.12,573598.39,490137.05,-,3.50%,34.76,37.29
2018-07-04,33.64,E,-78.19%,125097.75,573598.39,490137.05,-,3.50%,34.76,37.29
2018-07-05,33.42,E,-78.33%,124305.23,573598.39,490137.05,-,3.50%,34.76,37.29
2018-07-06,33.65,E,-78.18%,125148.89,573598.39,490137.05,-,3.50%,34.76,37.29
2018-07-09,34.59,E,-77.57%,128647.02,573598.39,490137.05,-,3.50%,34.76,37.29
2018-07-10,34.68,E,-77.52%,128956.88,573598.39,490137.05,-,3.50%,34.76,37.29
2018-07-11,34.08,E,-77.91%,126726.00,573598.39,490137.05,-,3.50%,34.76,37.29
2018-07-12,34.81,E,-77.43%,129460.44,573598.39,490137.05,-,3.50%,34.76,37.29
2018-07-13,34.93,E,-77.35%,129893.10,573598.39,490137.05,-,3.50%,34.76,37.29
2018-07-16,34.72,E,-77.49%,129126.84,573598.39,490137.05,-,3.50%,34.76,37.29
2018-07-17,34.49,E,-77.64%,128282.33,573598.39,490137.05,-,3.50%,34.76,37.29
2018-07-18,34.31,E,-77.75%,127610.87,573598.39,490137.05,-,3.50%,34.76,37.29
2018-07-19,34.28,E,-77.77%,127500.08,573598.39,490137.05,-,3.50%,34.76,37.29
2018-07-20,34.93,E,-77.35%,129900.69,573598.39,490137.05,-,3.50%,34.76,37.29
2018-07-23,35.26,E,-77.14%,131122.64,573598.39,490137.05,-,3.50%,34.76,37.29
2018-07-24,35.82,E,-76.78%,133203.61,573598.39,490137.05,-,3.50%,34.76,37.29
2018-07-25,35.78,E,-76.80%,133056.60,573598.39,490137.05,-,3.50%,34.76,37.29
2018-07-26,35.36,E,-77.07%,131512.95,573598.39,490137.05,-,3.50%,34.76,37.29
2018-07-27,35.21,E,-77.17%,130954.39,573598.39,490137.05,-,3.50%,34.76,37.29
2018-07-30,35.15,E,-77.21%,130725.79,573598.39,490137.05,-,3.50%,34.76,37.29
2018-07-31,35.18,E,-77.19%,130821.63,573598.39,490137.05,-,3.50%,34.76,37.29
2018-08-01,34.47,E,-77.65%,128208.36,573598.39,490137.05,-,3.50%,34.76,37.29
2018-08-02,33.71,E,-78.14%,125365.89,573598.39,490137.05,-,3.50%,34.76,37.29
2018-08-03,33.15,E,-78.50%,123295.37,573598.39,490137.05,-,3.50%,34.76,37.29
2018-08-06,32.73,E,-78.78%,121732.99,573598.39,490137.05,-,3.50%,34.76,37.29
2018-08-07,33.69,E,-78.16%,125288.24,573598.39,490137.05,-,3.50%,34.76,37.29
2018-08-08,33.15,E,-78.51%,123266.52,573598.39,490137.05,-,3.50%,34.76,37.29
2018-08-09,33.98,E,-77.97%,126354.10,573598.39,490137.05,-,3.50%,34.76,37.29
2018-08-10,34.05,E,-77.92%,126632.66,573598.39,490137.05,-,3.50%,34.76,37.29
2018-08-13,33.90,E,-78.02%,126086.89,573598.39,490137.05,-,3.50%,34.76,37.29
2018-08-14,33.73,E,-78.13%,125438.63,573598.39,490137.05,-,3.50%,34.76,37.29
2018-08-15,32.92,E,-78.66%,122428.59,573598.39,490137.05,-,3.50%,34.76,37.29
2018-08-16,32.77,E,-78.75%,121861.48,573598.39,490137.05,-,3.50%,34.76,37.29
2018-08-17,32.30,E,-79.06%,120109.53,573598.39,490137.05,-,3.50%,34.76,37.29
2018-08-20,32.67,E,-78.20%,125985.12,578034.75,490137.05,-,3.50%,31.25,33.52
2018-08-21,33.27,E,-77.81%,128275.55,578034.75,490137.05,-,3.50%,31.25,33.52
2018-08-22,33.08,E,-77.93%,127554.71,578034.75,490137.05,-,3.50%,31.25,33.52
2018-08-23,33.20,E,-77.85%,128020.16,578034.75,490137.05,-,3.50%,31.25,33.52
2018-08-24,33.25,E,-77.82%,128224.88,578034.75,490137.05,-,3.50%,31.25,33.52
2018-08-27,34.07,E,-77.28%,131357.45,578034.75,490137.05,-,3.50%,31.25,33.52
2018-08-28,34.00,E,-78.93%,121794.09,578034.75,499475.38,-,3.50%,32.89,35.27
2018-08-29,33.87,E,-79.01%,121307.04,578034.75,499475.38,-,3.50%,32.89,35.27
2018-08-30,33.51,E,-79.23%,120036.19,578034.75,499475.38,-,3.50%,32.89,35.27
2018-08-31,33.35,E,-79.34%,119441.90,578034.75,499475.38,-,3.50%,32.89,35.27
2018-09-03,33.22,E,-79.42%,118987.74,578034.75,499475.38,-,3.50%,32.89,35.27
2018-09-04,33.64,E,-79.15%,120494.83,578034.75,499475.38,-,3.50%,32.89,35.27
2018-09-05,32.98,E,-79.56%,118139.41,578034.75,499475.38,-,3.50%,32.89,35.27
2018-09-06,32.63,E,-79.78%,116876.36,578034.75,499475.38,-,3.50%,32.89,35.27
2018-09-07,32.78,E,-79.69%,117405.17,578034.75,499475.38,-,3.50%,32.89,35.27
2018-09-10,32.30,E,-79.98%,115701.04,578034.75,499475.38,-,3.50%,32.89,35.27
2018-09-11,32.24,E,-80.02%,115491.24,578034.75,499475.38,-,3.50%,32.89,35.27
2018-09-12,32.02,E,-80.16%,114696.50,578034.75,499475.38,-,3.50%,32.89,35.27
2018-09-13,32.37,E,-79.94%,115933.79,578034.75,499475.38,-,3.50%,32.89,35.27
2018-09-14,32.42,E,-79.91%,116131.66,578034.75,499475.38,-,3.50%,32.89,35.27
2018-09-17,32.05,E,-80.14%,114800.31,578034.75,499475.38,-,3.50%,32.89,35.27
2018-09-18,32.69,E,-79.74%,117111.02,578034.75,499475.38,-,3.50%,32.89,35.27
2018-09-19,33.12,E,-79.47%,118653.11,578034.75,499475.38,-,3.50%,32.89,35.27
2018-09-20,33.10,E,-79.49%,118568.68,578034.75,499475.38,-,3.50%,32.89,35.27
2018-09-21,34.10,E,-78.87%,122163.57,578034.75,499475.38,-,3.50%,32.89,35.27
2018-09-25,33.80,E,-79.06%,121064.58,578034.75,499475.38,-,3.50%,32.89,35.27
2018-09-26,34.17,E,-78.82%,122405.57,578034.75,499475.38,-,3.50%,32.89,35.27
2018-09-27,34.04,E,-78.91%,121916.59,578034.75,499475.38,-,3.50%,32.89,35.27
2018-09-28,34.39,E,-78.69%,123180.11,578034.75,499475.38,-,3.50%,32.89,35.27
2018-10-08,32.91,E,-79.61%,117879.97,578034.75,499475.38,-,3.50%,32.89,35.27
2018-10-09,32.89,E,-79.62%,117800.88,578034.75,499475.38,-,3.50%,32.89,35.27
2018-10-10,32.82,E,-79.66%,117546.80,578034.75,499475.38,-,3.50%,32.89,35.27
2018-10-11,31.24,E,-80.64%,111905.73,578034.75,499475.38,-,3.50%,32.89,35.27
2018-10-12,31.71,E,-80.35%,113575.41,578034.75,499475.38,-,3.50%,32.89,35.27
2018-10-15,31.26,E,-80.63%,111989.47,578034.75,499475.38,-,3.50%,32.89,35.27
2018-10-16,31.01,E,-80.78%,111076.85,578034.75,499475.38,-,3.50%,32.89,35.27
2018-10-17,31.18,E,-80.68%,111695.57,578034.75,499475.38,-,3.50%,32.89,35.27
2018-10-18,30.44,E,-81.13%,109050.09,578034.75,499475.38,-,3.50%,32.89,35.27
2018-10-19,31.35,E,-79.97%,116588.60,582169.06,499475.38,-,3.50%,29.12,31.23
2018-10-22,32.70,E,-80.65%,112660.90,582169.06,508132.58,-,3.50%,30.49,32.70
2018-10-23,31.83,E,-84.16%,92191.99,582169.06,526102.05,-,3.50%,31.59,33.88
2018-10-24,31.88,E,-84.14%,92330.30,582169.06,526102.05,-,3.50%,31.59,33.88
2018-10-25,31.94,E,-84.11%,92507.16,582169.06,526102.05,-,3.50%,31.59,33.88
2018-10-26,31.74,E,-84.21%,91908.47,582169.06,526102.05,-,3.50%,31.59,33.88
2018-10-29,30.77,E,-84.69%,89106.68,582169.06,526102.05,-,3.50%,31.59,33.88
2018-10-30,31.10,E,-84.53%,90073.13,582169.06,526102.05,-,3.50%,31.59,33.88
2018-10-31,31.54,E,-84.31%,91334.71,582169.06,526102.05,-,3.50%,31.59,33.88
2018-11-01,31.77,E,-84.20%,92006.88,582169.06,526102.05,-,3.50%,31.59,33.88
2018-11-02,32.90,E,-83.63%,95285.50,582169.06,526102.05,-,3.50%,31.59,33.88
2018-11-05,32.63,E,-83.77%,94491.70,582169.06,526102.05,-,3.50%,31.59,33.88
2018-11-06,32.43,E,-83.87%,93921.62,582169.06,526102.05,-,3.50%,31.59,33.88
2018-11-07,32.22,E,-83.97%,93306.51,582169.06,526102.05,-,3.50%,31.59,33.88
2018-11-08,32.13,E,-84.02%,93041.91,582169.06,526102.05,-,3.50%,31.59,33.88
2018-11-09,31.67,E,-84.24%,91729.18,582169.06,526102.05,-,3.50%,31.59,33.88
2018-11-12,32.05,E,-84.06%,92820.85,582169.06,526102.05,-,3.50%,31.59,33.88
2018-11-13,32.37,E,-83.90%,93754.58,582169.06,526102.05,-,3.50%,31.59,33.88
2018-11-14,32.05,E,-84.06%,92815.12,582169.06,526102.05,-,3.50%,31.59,33.88
2018-11-15,32.42,E,-83.87%,93899.06,582169.06,526102.05,-,3.50%,31.59,33.88
2018-11-16,32.58,E,-83.79%,94342.21,582169.06,526102.05,-,3.50%,31.59,33.88
2018-11-19,32.95,E,-83.61%,95411.70,582169.06,526102.05,-,3.50%,31.59,33.88
2018-11-20,32.18,E,-83.99%,93205.07,582169.06,526102.05,-,3.50%,31.59,33.88
2018-11-21,32.26,E,-83.95%,93439.18,582169.06,526102.05,-,3.50%,31.59,33.88
2018-11-22,32.14,E,-84.01%,93089.81,582169.06,526102.05,-,3.50%,31.59,33.88
2018-11-23,31.43,E,-84.36%,91035.04,582169.06,526102.05,-,3.50%,31.59,33.88
2018-11-26,31.41,E,-84.37%,90970.40,582169.06,526102.05,-,3.50%,31.59,33.88
2018-11-27,31.37,E,-84.39%,90854.50,582169.06,526102.05,-,3.50%,31.59,33.88
2018-11-28,31.79,E,-84.19%,92061.87,582169.06,526102.05,-,3.50%,31.59,33.88
2018-11-29,31.38,E,-84.39%,90866.46,582169.06,526102.05,-,3.50%,31.59,33.88
2018-11-30,31.73,E,-84.22%,91881.10,582169.06,526102.05,-,3.50%,31.59,33.88
2018-12-03,32.61,E,-83.78%,94437.11,582169.06,526102.05,-,3.50%,31.59,33.88
2018-12-04,32.68,E,-83.74%,94632.85,582169.06,526102.05,-,3.50%,31.59,33.88
2018-12-05,32.52,E,-83.82%,94178.04,582169.06,526102.05,-,3.50%,31.59,33.88
2018-12-06,31.82,E,-84.17%,92141.25,582169.06,526102.05,-,3.50%,31.59,33.88
2018-12-07,31.82,E,-84.17%,92138.09,582169.06,526102.05,-,3.50%,31.59,33.88
2018-12-10,31.45,E,-84.36%,91072.34,582169.06,526102.05,-,3.50%,31.59,33.88
2018-12-11,31.60,E,-84.28%,91508.24,582169.06,526102.05,-,3.50%,31.59,33.88
2018-12-12,31.71,E,-84.23%,91820.84,582169.06,526102.05,-,3.50%,31.59,33.88
2018-12-13,32.20,E,-83.98%,93242.28,582169.06,526102.05,-,3.50%,31.59,33.88
2018-12-14,31.66,E,-84.25%,91684.75,582169.06,526102.05,-,3.50%,31.59,33.88
2018-12-17,31.61,E,-84.27%,91548.24,582169.06,526102.05,-,3.50%,31.59,33.88
2018-12-18,31.28,E,-84.44%,90599.22,582169.06,526102.05,-,3.50%,31.59,33.88
2018-12-19,30.91,E,-84.62%,89518.98,582169.06,526102.05,-,3.50%,31.59,33.88
2018-12-20,30.67,E,-84.74%,88832.37,582169.06,526102.05,-,3.50%,31.59,33.88
2018-12-21,30.29,E,-84.93%,87731.28,582169.06,526102.05,-,3.50%,31.59,33.88
2018-12-24,30.38,E,-84.89%,87986.21,582169.06,526102.05,-,3.50%,31.59,33.88
2018-12-25,30.17,E,-84.99%,87380.46,582169.06,526102.05,-,3.50%,31.59,33.88
2018-12-26,30.02,E,-85.07%,86938.85,582169.06,526102.05,-,3.50%,31.59,33.88
2018-12-27,29.91,E,-85.12%,86605.02,582169.06,526102.05,-,3.50%,31.59,33.88
2018-12-28,30.11,E,-85.02%,87188.51,582169.06,526102.05,-,3.50%,31.59,33.88
2019-01-02,29.70,E,-85.23%,85997.73,582169.06,526102.05,-,3.50%,31.59,33.88
2019-01-03,29.65,E,-85.25%,85861.82,582169.06,526102.05,-,3.50%,31.59,33.88
2019-01-04,30.36,E,-84.90%,87918.91,582169.06,526102.05,-,3.50%,31.59,33.88
2019-01-07,30.54,E,-84.81%,88452.61,582169.06,526102.05,-,3.50%,31.59,33.88
2019-01-08,30.48,E,-84.84%,88261.48,582169.06,526102.05,-,3.50%,31.59,33.88
2019-01-09,30.78,E,-84.69%,89152.64,582169.06,526102.05,-,3.50%,31.59,33.88
2019-01-10,30.73,E,-84.71%,88984.99,582169.06,526102.05,-,3.50%,31.59,33.88
2019-01-11,30.95,E,-84.61%,89624.77,582169.06,526102.05,-,3.50%,31.59,33.88
2019-01-14,30.68,E,-84.74%,88843.02,582169.06,526102.05,-,3.50%,31.59,33.88
2019-01-15,31.28,E,-84.44%,90586.59,582169.06,526102.05,-,3.50%,31.59,33.88
2019-01-16,31.29,E,-84.44%,90605.73,582169.06,526102.05,-,3.50%,31.59,33.88
2019-01-17,31.11,E,-84.52%,90106.61,582169.06,526102.05,-,3.50%,31.59,33.88
2019-01-18,31.68,E,-84.24%,91750.29,582169.06,526102.05,-,3.50%,31.59,33.88
2019-01-21,31.86,E,-84.15%,92256.02,582169.06,526102.05,-,3.50%,31.59,33.88
2019-01-22,31.43,E,-84.36%,91030.46,582169.06,526102.05,-,3.50%,31.59,33.88
2019-01-23,31.41,E,-84.37%,90964.89,582169.06,526102.05,-,3.50%,31.59,33.88
2019-01-24,31.59,E,-84.29%,91478.30,582169.06,526102.05,-,3.50%,31.59,33.88
2019-01-25,31.84,E,-84.16%,92222.22,582169.06,526102.05,-,3.50%,31.59,33.88
2019-01-28,31.84,E,-84.16%,92202.18,582169.06,526102.05,-,3.50%,31.59,33.88
2019-01-29,31.94,E,-84.11%,92497.34,582169.06,526102.05,-,3.50%,31.59,33.88
2019-01-30,31.68,E,-84.24%,91759.24,582169.06,526102.05,-,3.50%,31.59,33.88
2019-01-31,32.02,E,-84.07%,92719.29,582169.06,526102.05,-,3.50%,31.59,33.88
2019-02-01,32.47,E,-83.85%,94044.62,582169.06,526102.05,-,3.50%,31.59,33.88
2019-02-11,33.06,E,-83.55%,95755.43,582169.06,526102.05,-,3.50%,31.59,33.88
2019-02-12,33.30,E,-83.43%,96446.50,582169.06,526102.05,-,3.50%,31.59,33.88
2019-02-13,33.97,E,-83.10%,98377.90,582169.06,526102.05,-,3.50%,31.59,33.88
2019-02-14,34.02,E,-87.89%,70526.36,582169.06,554025.24,-,3.50%,32.74,35.12
2019-02-15,33.39,E,-88.11%,69211.33,582169.06,554025.24,-,3.50%,32.74,35.12
2019-02-18,34.46,E,-87.73%,71430.27,582169.06,554025.24,-,3.50%,32.74,35.12
2019-02-19,34.40,E,-87.75%,71303.05,582169.06,554025.24,-,3.50%,32.74,35.12
2019-02-20,34.52,E,-87.71%,71558.45,582169.06,554025.24,-,3.50%,32.74,35.12
2019-02-21,34.43,E,-87.74%,71367.27,582169.06,554025.24,-,3.50%,32.74,35.12
2019-02-22,35.20,E,-87.47%,72972.05,582169.06,554025.24,-,3.50%,32.74,35.12
2019-02-25,37.29,E,-91.99%,46618.54,582169.06,583454.50,-,3.50%,34.51,37.01
2019-02-26,36.85,F,-97.30%,15733.64,582169.06,614191.12,-,3.50%,35.56,38.14
2019-02-27,36.78,F,-97.30%,15706.73,582169.06,614191.12,-,3.50%,35.56,38.14
2019-02-28,36.69,F,-97.31%,15668.21,582169.06,614191.12,-,3.50%,35.56,38.14
2019-03-01,37.50,F,-97.25%,16011.28,582169.06,614191.12,-,3.50%,35.56,38.14
2019-03-04,37.94,F,-97.22%,16200.82,582169.06,614191.12,-,3.50%,35.56,38.14
2019-03-05,38.16,F,-97.23%,16141.73,582169.06,614342.54,-,3.50%,36.53,39.18
2019-03-06,38.48,F,-97.20%,16277.42,582169.06,614342.54,-,3.50%,36.53,39.18
2019-03-07,38.09,F,-97.23%,16111.43,582169.06,614342.54,-,3.50%,36.53,39.18
2019-03-08,36.58,F,-97.34%,15471.56,582169.06,614342.54,-,3.50%,36.53,39.18
2019-03-11,37.30,F,-97.26%,15926.90,582315.62,614342.54,-,3.50%,35.36,37.92
2019-03-12,37.55,F,-97.25%,16035.35,582315.62,614342.54,-,3.50%,35.36,37.92
2019-03-13,37.24,F,-97.29%,15753.34,582315.62,614492.88,-,3.50%,36.27,38.90
2019-03-14,36.98,F,-97.31%,15644.59,582315.62,614492.88,-,3.50%,36.27,38.90
2019-03-15,37.45,F,-97.28%,15841.37,582315.62,614492.88,-,3.50%,36.27,38.90
2019-03-18,38.52,F,-97.20%,16292.89,582315.62,614492.88,-,3.50%,36.27,38.90
2019-03-19,38.34,F,-97.24%,16064.30,582315.62,614647.15,-,3.50%,37.22,39.92
2019-03-20,38.35,F,-97.24%,16070.49,582315.62,614647.15,-,3.50%,37.22,39.92
2019-03-21,38.37,F,-97.24%,16076.57,582315.62,614647.15,-,3.50%,37.22,39.92
2019-03-22,38.34,F,-97.24%,16063.63,582315.62,614647.15,-,3.50%,37.22,39.92
2019-03-25,37.43,F,-97.31%,15682.44,582315.62,614647.15,-,3.50%,37.22,39.92
2019-03-26,37.00,F,-97.31%,15652.85,582466.28,614647.15,-,3.50%,36.35,38.98
2019-03-27,37.43,F,-97.28%,15834.53,582466.28,614647.15,-,3.50%,36.35,38.98
2019-03-28,37.28,F,-97.29%,15771.11,582466.28,614647.15,-,3.50%,36.35,38.98
2019-03-29,38.72,F,-97.19%,16380.00,582466.28,614647.15,-,3.50%,36.35,38.98
2019-04-01,39.74,F,-97.14%,16650.76,582466.28,614803.19,-,3.50%,37.65,40.38
2019-04-02,39.71,F,-97.14%,16639.68,582466.28,614803.19,-,3.50%,37.65,40.38
2019-04-03,40.22,F,-97.11%,16852.83,582466.28,614803.19,-,3.50%,37.65,40.38
2019-04-04,40.62,F,-97.11%,16858.25,582466.28,614964.78,-,3.50%,38.98,41.81
2019-04-08,40.57,F,-97.11%,16837.50,582466.28,614964.78,-,3.50%,38.98,41.81
2019-04-09,40.75,F,-97.10%,16913.03,582466.28,614964.78,-,3.50%,38.98,41.81
2019-04-10,40.86,F,-97.09%,16956.27,582466.28,614964.78,-,3.50%,38.98,41.81
2019-04-11,39.98,F,-97.15%,16589.94,582466.28,614964.78,-,3.50%,38.98,41.81
2019-04-12,39.89,F,-97.16%,16552.76,582466.28,614964.78,-,3.50%,38.98,41.81
2019-04-15,39.76,F,-97.17%,16498.42,582466.28,614964.78,-,3.50%,38.98,41.81
2019-04-16,40.86,F,-97.09%,16956.02,582466.28,614964.78,-,3.50%,38.98,41.81
2019-04-17,40.87,F,-97.09%,16962.04,582466.28,614964.78,-,3.50%,38.98,41.81
2019-04-18,40.72,F,-97.10%,16899.11,582466.28,614964.78,-,3.50%,38.98,41.81
2019-04-19,41.21,F,-97.06%,17100.52,582466.28,614964.78,-,3.50%,38.98,41.81
2019-04-22,40.26,F,-97.16%,16545.26,582466.28,615129.82,-,3.50%,39.82,42.70
2019-04-23,40.19,F,-97.14%,16678.87,582627.15,615129.82,-,3.50%,38.81,41.62
2019-04-24,40.30,F,-97.13%,16724.87,582627.15,615129.82,-,3.50%,38.81,41.62
2019-04-25,39.42,F,-97.19%,16358.54,582627.15,615129.82,-,3.50%,38.81,41.62
2019-04-26,38.89,F,-97.23%,16140.49,582627.15,615129.82,-,3.50%,38.81,41.62
2019-04-29,39.00,F,-97.20%,16342.40,582783.01,615129.82,-,3.50%,37.60,40.33
2019-04-30,39.13,F,-97.19%,16396.35,582783.01,615129.82,-,3.50%,37.60,40.33
2019-05-06,36.85,F,-97.35%,15438.54,582783.01,615129.82,-,3.50%,37.60,40.33
2019-05-07,37.21,F,-97.30%,15738.43,582931.10,615129.82,-,3.50%,35.73,38.32
2019-05-08,36.67,F,-97.34%,15513.34,582931.10,615129.82,-,3.50%,35.73,38.32
2019-05-09,36.00,F,-97.39%,15226.73,582931.10,615129.82,-,3.50%,35.73,38.32
2019-05-10,37.30,F,-97.27%,15929.03,583076.82,615129.82,-,3.50%,35.16,37.71
2019-05-13,36.69,F,-97.34%,15518.71,583076.82,615276.85,-,3.50%,35.47,38.04
2019-05-14,36.45,F,-97.36%,15418.98,583076.82,615276.85,-,3.50%,35.47,38.04
2019-05-15,37.27,F,-97.30%,15765.60,583076.82,615276.85,-,3.50%,35.47,38.04
2019-05-16,37.44,F,-97.28%,15836.96,583076.82,615276.85,-,3.50%,35.47,38.04
2019-05-17,36.49,F,-97.35%,15434.25,583076.82,615276.85,-,3.50%,35.47,38.04
2019-05-20,36.18,F,-97.38%,15303.26,583076.82,615276.85,-,3.50%,35.47,38.04
2019-05-21,36.67,F,-97.34%,15510.46,583076.82,615276.85,-,3.50%,35.47,38.04
2019-05-22,36.49,F,-97.35%,15436.87,583076.82,615276.85,-,3.50%,35.47,38.04
2019-05-23,35.84,F,-97.40%,15160.17,583076.82,615276.85,-,3.50%,35.47,38.04
2019-05-24,35.94,F,-97.37%,15346.01,583220.22,615276.85,-,3.50%,34.59,37.10
2019-05-27,36.37,F,-97.34%,15530.83,583220.22,615276.85,-,3.50%,34.59,37.10
2019-05-28,36.72,F,-97.31%,15680.55,583220.22,615276.85,-,3.50%,34.59,37.10
2019-05-29,36.64,F,-97.34%,15498.34,583220.22,615422.56,-,3.50%,35.15,37.70
2019-05-30,36.41,F,-97.36%,15402.20,583220.22,615422.56,-,3.50%,35.15,37.70
2019-05-31,36.30,F,-97.37%,15354.01,583220.22,615422.56,-,3.50%,35.15,37.70
2019-06-03,36.32,F,-97.37%,15363.41,583220.22,615422.56,-,3.50%,35.15,37.70
2019-06-04,35.98,F,-97.39%,15221.51,583220.22,615422.56,-,3.50%,35.15,37.70
2019-06-05,35.97,F,-97.39%,15215.75,583220.22,615422.56,-,3.50%,35.15,37.70
2019-06-06,35.65,F,-97.41%,15078.58,583220.22,615422.56,-,3.50%,35.15,37.70
2019-06-10,36.11,F,-97.36%,15417.87,583363.34,615422.56,-,3.50%,34.53,37.03
2019-06-11,37.19,F,-97.28%,15881.30,583363.34,615422.56,-,3.50%,34.53,37.03
2019-06-12,36.91,F,-97.32%,15613.33,583363.34,615570.83,-,3.50%,35.77,38.37
2019-06-13,36.85,F,-97.33%,15589.21,583363.34,615570.83,-,3.50%,35.77,38.37
2019-06-14,36.55,F,-97.35%,15460.14,583363.34,615570.83,-,3.50%,35.77,38.37
2019-06-17,36.55,F,-97.35%,15459.91,583363.34,615570.83,-,3.50%,35.77,38.37
2019-06-18,36.68,F,-97.34%,15514.02,583363.34,615570.83,-,3.50%,35.77,38.37
2019-06-19,37.16,F,-97.31%,15718.42,583363.34,615570.83,-,3.50%,35.77,38.37
2019-06-20,38.29,F,-97.22%,16194.63,583363.34,615570.83,-,3.50%,35.77,38.37
2019-06-21,38.34,F,-97.25%,16064.20,583363.34,615724.14,-,3.50%,36.99,39.67
2019-06-24,38.41,F,-97.24%,16094.90,583363.34,615724.14,-,3.50%,36.99,39.67
2019-06-25,38.01,F,-97.27%,15927.48,583363.34,615724.14,-,3.50%,36.99,39.67
2019-06-26,37.94,F,-97.27%,15898.25,583363.34,615724.14,-,3.50%,36.99,39.67
2019-06-27,38.35,F,-97.25%,16067.88,583363.34,615724.14,-,3.50%,36.99,39.67
2019-06-28,38.26,F,-97.25%,16029.21,583363.34,615724.14,-,3.50%,36.99,39.67
2019-07-01,39.36,F,-97.17%,16491.05,583363.34,615724.14,-,3.50%,36.99,39.67
2019-07-02,39.37,F,-97.20%,16339.25,583363.34,615881.38,-,3.50%,37.93,40.69
2019-07-03,38.94,F,-97.23%,16158.17,583363.34,615881.38,-,3.50%,37.93,40.69
2019-07-04,38.73,F,-97.24%,16073.37,583363.34,615881.38,-,3.50%,37.93,40.69
2019-07-05,38.93,F,-97.23%,16156.79,583363.34,615881.38,-,3.50%,37.93,40.69
2019-07-08,38.03,F,-97.29%,15781.57,583363.34,615881.38,-,3.50%,37.93,40.69
2019-07-09,37.93,F,-97.28%,15893.21,583515.26,615881.38,-,3.50%,36.65,39.31
2019-07-10,37.87,F,-97.28%,15866.44,583515.26,615881.38,-,3.50%,36.65,39.31
2019-07-11,37.85,F,-97.28%,15860.08,583515.26,615881.38,-,3.50%,36.65,39.31
2019-07-12,38.09,F,-97.27%,15958.58,583515.26,615881.38,-,3.50%,36.65,39.31
2019-07-15,38.24,F,-97.25%,16023.34,583515.26,615881.38,-,3.50%,36.65,39.31
2019-07-16,38.07,F,-97.27%,15950.68,583515.26,615881.38,-,3.50%,36.65,39.31
2019-07-17,38.05,F,-97.27%,15941.43,583515.26,615881.38,-,3.50%,36.65,39.31
2019-07-18,37.68,F,-97.29%,15789.60,583515.26,615881.38,-,3.50%,36.65,39.31
2019-07-19,38.08,F,-97.27%,15955.33,583515.26,615881.38,-,3.50%,36.65,39.31
2019-07-22,37.82,F,-97.28%,15845.25,583515.26,615881.38,-,3.50%,36.65,39.31
2019-07-23,37.90,F,-97.28%,15879.74,583515.26,615881.38,-,3.50%,36.65,39.31
2019-07-24,38.20,F,-97.26%,16005.10,583515.26,615881.38,-,3.50%,36.65,39.31
2019-07-25,38.51,F,-97.23%,16135.97,583515.26,615881.38,-,3.50%,36.65,39.31
2019-07-26,38.59,F,-97.23%,16167.40,583515.26,615881.38,-,3.50%,36.65,39.31
2019-07-29,38.54,F,-97.23%,16149.39,583515.26,615881.38,-,3.50%,36.65,39.31
2019-07-30,38.70,F,-97.22%,16216.63,583515.26,615881.38,-,3.50%,36.65,39.31
2019-07-31,38.35,F,-97.25%,16070.15,583515.26,615881.38,-,3.50%,36.65,39.31
2019-08-01,38.03,F,-97.27%,15936.54,583515.26,615881.38,-,3.50%,36.65,39.31
2019-08-02,37.47,F,-97.31%,15701.76,583515.26,615881.38,-,3.50%,36.65,39.31
2019-08-05,36.76,F,-97.36%,15401.13,583515.26,615881.38,-,3.50%,36.65,39.31
2019-08-06,36.36,F,-97.36%,15381.67,583659.63,615881.38,-,3.50%,34.83,37.35
2019-08-07,36.21,F,-97.38%,15318.65,583659.63,615881.38,-,3.50%,34.83,37.35
2019-08-08,36.69,F,-97.34%,15521.11,583659.63,615881.38,-,3.50%,34.83,37.35
2019-08-09,36.34,F,-97.37%,15369.83,583659.63,615881.38,-,3.50%,34.83,37.35
2019-08-12,36.99,F,-97.32%,15647.21,583659.63,615881.38,-,3.50%,34.83,37.35
2019-08-13,36.66,F,-97.37%,15359.50,583659.63,616028.40,-,3.50%,35.47,38.04
2019-08-14,36.82,F,-97.36%,15429.26,583659.63,616028.40,-,3.50%,35.47,38.04
2019-08-15,36.94,F,-97.35%,15477.86,583659.63,616028.40,-,3.50%,35.47,38.04
2019-08-16,37.11,F,-97.34%,15547.15,583659.63,616028.40,-,3.50%,35.47,38.04
2019-08-19,37.91,F,-97.28%,15884.68,583659.63,616028.40,-,3.50%,35.47,38.04
2019-08-20,37.88,F,-97.31%,15719.09,583659.63,616179.85,-,3.50%,36.54,39.19
2019-08-21,37.82,F,-97.31%,15694.29,583659.63,616179.85,-,3.50%,36.54,39.19
2019-08-22,37.94,F,-97.30%,15743.05,583659.63,616179.85,-,3.50%,36.54,39.19
2019-08-23,38.21,F,-97.28%,15856.58,583659.63,616179.85,-,3.50%,36.54,39.19
2019-08-26,37.66,F,-97.32%,15628.53,583659.63,616179.85,-,3.50%,36.54,39.19
2019-08-27,38.17,F,-97.29%,15840.32,583659.63,616179.85,-,3.50%,36.54,39.19
2019-08-28,38.03,F,-97.30%,15780.72,583659.63,616179.85,-,3.50%,36.54,39.19
2019-08-29,37.90,F,-97.31%,15729.27,583659.63,616179.85,-,3.50%,36.54,39.19
2019-08-30,38.00,F,-97.30%,15768.28,583659.63,616179.85,-,3.50%,36.54,39.19
2019-09-02,38.48,F,-97.26%,15970.52,583659.63,616179.85,-,3.50%,36.54,39.19
2019-09-03,38.54,F,-97.26%,15992.48,583659.63,616179.85,-,3.50%,36.54,39.19
2019-09-04,38.86,F,-97.24%,16126.90,583659.63,616179.85,-,3.50%,36.54,39.19
2019-09-05,39.25,F,-97.24%,16133.08,583659.63,616336.21,-,3.50%,37.72,40.46
2019-09-06,39.49,F,-97.22%,16228.36,583659.63,616336.21,-,3.50%,37.72,40.46
2019-09-09,39.73,F,-97.20%,16328.82,583659.63,616336.21,-,3.50%,37.72,40.46
2019-09-10,39.59,F,-97.21%,16272.58,583659.63,616336.21,-,3.50%,37.72,40.46
2019-09-11,39.30,F,-97.23%,16152.71,583659.63,616336.21,-,3.50%,37.72,40.46
2019-09-12,39.72,F,-97.20%,16326.48,583659.63,616336.21,-,3.50%,37.72,40.46
2019-09-16,39.58,F,-97.21%,16266.21,583659.63,616336.21,-,3.50%,37.72,40.46
2019-09-17,38.91,F,-97.26%,15992.91,583659.63,616336.21,-,3.50%,37.72,40.46
2019-09-18,39.10,F,-97.25%,16070.44,583659.63,616336.21,-,3.50%,37.72,40.46
2019-09-19,39.24,F,-97.24%,16129.21,583659.63,616336.21,-,3.50%,37.72,40.46
2019-09-20,39.36,F,-97.23%,16175.53,583659.63,616336.21,-,3.50%,37.72,40.46
2019-09-23,38.91,F,-97.26%,15990.62,583659.63,616336.21,-,3.50%,37.72,40.46
2019-09-24,39.01,F,-97.25%,16033.42,583659.63,616336.21,-,3.50%,37.72,40.46
2019-09-25,38.71,F,-97.27%,15909.74,583659.63,616336.21,-,3.50%,37.72,40.46
2019-09-26,38.41,F,-97.30%,15787.08,583659.63,616336.21,-,3.50%,37.72,40.46
2019-09-27,38.53,F,-97.29%,15834.40,583659.63,616336.21,-,3.50%,37.72,40.46
2019-09-30,38.15,F,-97.31%,15677.71,583659.63,616336.21,-,3.50%,37.72,40.46
2019-10-08,38.38,F,-97.27%,15926.37,583812.37,616336.21,-,3.50%,36.85,39.52
2019-10-09,38.43,F,-97.27%,15949.44,583812.37,616336.21,-,3.50%,36.85,39.52
2019-10-10,38.75,F,-97.25%,16079.75,583812.37,616336.21,-,3.50%,36.85,39.52
2019-10-11,39.12,F,-97.22%,16233.66,583812.37,616336.21,-,3.50%,36.85,39.52
2019-10-14,39.53,F,-97.22%,16247.82,583812.37,616494.01,-,3.50%,38.07,40.83
2019-10-15,39.36,F,-97.23%,16177.98,583812.37,616494.01,-,3.50%,38.07,40.83
2019-10-16,39.23,F,-97.24%,16122.24,583812.37,616494.01,-,3.50%,38.07,40.83
2019-10-17,39.25,F,-97.24%,16132.66,583812.37,616494.01,-,3.50%,38.07,40.83
2019-10-18,38.69,F,-97.28%,15903.14,583812.37,616494.01,-,3.50%,38.07,40.83
2019-10-21,38.81,F,-97.27%,15950.25,583812.37,616494.01,-,3.50%,38.07,40.83
2019-10-22,38.96,F,-97.26%,16012.07,583812.37,616494.01,-,3.50%,38.07,40.83
2019-10-23,38.71,F,-97.27%,15910.16,583812.37,616494.01,-,3.50%,38.07,40.83
2019-10-24,38.71,F,-97.28%,15908.44,583812.37,616494.01,-,3.50%,38.07,40.83
2019-10-25,38.97,F,-97.26%,16015.82,583812.37,616494.01,-,3.50%,38.07,40.83
2019-10-28,39.27,F,-97.24%,16138.26,583812.37,616494.01,-,3.50%,38.07,40.83
2019-10-29,39.10,F,-97.25%,16071.03,583812.37,616494.01,-,3.50%,38.07,40.83
2019-10-30,38.91,F,-97.26%,15992.93,583812.37,616494.01,-,3.50%,38.07,40.83
2019-10-31,38.87,F,-97.26%,15974.55,583812.37,616494.01,-,3.50%,38.07,40.83
2019-11-01,39.52,F,-97.22%,16244.31,583812.37,616494.01,-,3.50%,38.07,40.83
2019-11-04,39.78,F,-97.20%,16350.08,583812.37,616494.01,-,3.50%,38.07,40.83
2019-11-05,40.03,F,-97.18%,16451.56,583812.37,616494.01,-,3.50%,38.07,40.83
2019-11-06,39.85,F,-97.19%,16377.86,583812.37,616494.01,-,3.50%,38.07,40.83
2019-11-07,39.92,F,-97.19%,16406.60,583812.37,616494.01,-,3.50%,38.07,40.83
2019-11-08,39.73,F,-97.20%,16329.07,583812.37,616494.01,-,3.50%,38.07,40.83
2019-11-11,39.03,F,-97.25%,16041.24,583812.37,616494.01,-,3.50%,38.07,40.83
2019-11-12,39.04,F,-97.25%,16044.16,583812.37,616494.01,-,3.50%,38.07,40.83
2019-11-13,39.00,F,-97.25%,16028.92,583812.37,616494.01,-,3.50%,38.07,40.83
2019-11-14,39.06,F,-97.25%,16053.07,583812.37,616494.01,-,3.50%,38.07,40.83
2019-11-15,38.77,F,-97.27%,15934.84,583812.37,616494.01,-,3.50%,38.07,40.83
2019-11-18,39.08,F,-97.25%,16061.59,583812.37,616494.01,-,3.50%,38.07,40.83
2019-11-19,39.47,F,-97.22%,16222.33,583812.37,616494.01,-,3.50%,38.07,40.83
2019-11-20,39.08,F,-97.25%,16061.32,583812.37,616494.01,-,3.50%,38.07,40.83
2019-11-21,38.90,F,-97.26%,15986.25,583812.37,616494.01,-,3.50%,38.07,40.83
2019-11-22,38.50,F,-97.29%,15823.48,583812.37,616494.01,-,3.50%,38.07,40.83
2019-11-25,38.78,F,-97.24%,16094.55,583966.41,616494.01,-,3.50%,37.16,39.86
2019-11-26,38.92,F,-97.23%,16150.36,583966.41,616494.01,-,3.50%,37.16,39.86
2019-11-27,38.76,F,-97.25%,16083.81,583966.41,616494.01,-,3.50%,37.16,39.86
2019-11-28,38.62,F,-97.26%,16028.55,583966.41,616494.01,-,3.50%,37.16,39.86
2019-11-29,38.29,F,-97.28%,15888.98,583966.41,616494.01,-,3.50%,37.16,39.86
2019-12-02,38.36,F,-97.27%,15919.64,583966.41,616494.01,-,3.50%,37.16,39.86
2019-12-03,38.51,F,-97.26%,15982.01,583966.41,616494.01,-,3.50%,37.16,39.86
2019-12-04,38.50,F,-97.26%,15976.75,583966.41,616494.01,-,3.50%,37.16,39.86
2019-12-05,38.79,F,-97.24%,16099.36,583966.41,616494.01,-,3.50%,37.16,39.86
2019-12-06,39.02,F,-97.23%,16194.90,583966.41,616494.01,-,3.50%,37.16,39.86
2019-12-09,38.95,F,-97.23%,16166.10,583966.41,616494.01,-,3.50%,37.16,39.86
2019-12-10,39.00,F,-97.23%,16186.59,583966.41,616494.01,-,3.50%,37.16,39.86
2019-12-11,39.03,F,-97.23%,16196.41,583966.41,616494.01,-,3.50%,37.16,39.86
2019-12-12,38.91,F,-97.23%,16147.75,583966.41,616494.01,-,3.50%,37.16,39.86
2019-12-13,39.68,F,-97.18%,16468.12,583966.41,616494.01,-,3.50%,37.16,39.86
2019-12-16,39.88,F,-97.19%,16388.81,583966.41,616652.84,-,3.50%,38.32,41.10
2019-12-17,40.42,F,-97.16%,16611.79,583966.41,616652.84,-,3.50%,38.32,41.10
2019-12-18,40.33,F,-97.16%,16574.73,583966.41,616652.84,-,3.50%,38.32,41.10
2019-12-19,40.27,F,-97.17%,16551.58,583966.41,616652.84,-,3.50%,38.32,41.10
2019-12-20,40.17,F,-97.17%,16510.91,583966.41,616652.84,-,3.50%,38.32,41.10
2019-12-23,39.67,F,-97.21%,16304.76,583966.41,616652.84,-,3.50%,38.32,41.10
2019-12-24,39.93,F,-97.19%,16411.06,583966.41,616652.84,-,3.50%,38.32,41.10
2019-12-25,39.91,F,-97.19%,16402.46,583966.41,616652.84,-,3.50%,38.32,41.10
2019-12-26,40.26,F,-97.17%,16546.81,583966.41,616652.84,-,3.50%,38.32,41.10
2019-12-27,40.22,F,-97.17%,16530.53,583966.41,616652.84,-,3.50%,38.32,41.10
2019-12-30,40.82,F,-97.13%,16775.51,583966.41,616652.84,-,3.50%,38.32,41.10
2019-12-31,40.97,F,-97.14%,16673.09,583966.41,616815.95,-,3.50%,39.35,42.20
2020-01-02,41.52,F,-97.11%,16899.62,583966.41,616815.95,-,3.50%,39.35,42.20
2020-01-03,41.45,F,-97.11%,16870.00,583966.41,616815.95,-,3.50%,39.35,42.20
2020-01-06,41.29,F,-97.12%,16806.23,583966.41,616815.95,-,3.50%,39.35,42.20
2020-01-07,41.60,F,-97.10%,16932.12,583966.41,616815.95,-,3.50%,39.35,42.20
2020-01-08,41.12,F,-97.16%,16572.64,583966.41,616981.53,-,3.50%,39.95,42.85
2020-01-09,41.64,F,-97.13%,16782.41,583966.41,616981.53,-,3.50%,39.95,42.85
2020-01-10,41.63,F,-97.13%,16777.63,583966.41,616981.53,-,3.50%,39.95,42.85
2020-01-13,42.04,F,-97.10%,16942.07,583966.41,616981.53,-,3.50%,39.95,42.85
2020-01-14,41.90,F,-97.11%,16885.24,583966.41,616981.53,-,3.50%,39.95,42.85
2020-01-15,41.67,F,-97.12%,16791.94,583966.41,616981.53,-,3.50%,39.95,42.85
2020-01-16,41.49,F,-97.14%,16720.64,583966.41,616981.53,-,3.50%,39.95,42.85
2020-01-17,41.55,F,-97.13%,16744.06,583966.41,616981.53,-,3.50%,39.95,42.85
2020-01-20,41.86,F,-97.11%,16868.89,583966.41,616981.53,-,3.50%,39.95,42.85
2020-01-21,41.14,F,-97.16%,16580.66,583966.41,616981.53,-,3.50%,39.95,42.85
2020-01-22,41.32,F,-97.15%,16651.68,583966.41,616981.53,-,3.50%,39.95,42.85
2020-01-23,40.04,F,-97.24%,16135.72,583966.41,616981.53,-,3.50%,39.95,42.85
2020-02-03,36.88,F,-97.43%,15011.61,584112.01,616981.53,-,3.50%,35.13,37.67
2020-02-04,37.86,F,-97.36%,15407.54,584112.01,616981.53,-,3.50%,35.13,37.67
2020-02-05,38.29,F,-97.36%,15428.96,584112.01,617133.58,-,3.50%,36.68,39.34
2020-02-06,39.00,F,-97.31%,15716.09,584112.01,617133.58,-,3.50%,36.68,39.34
2020-02-07,39.00,F,-97.34%,15560.48,584112.01,617288.76,-,3.50%,37.44,40.15
2020-02-10,39.16,F,-97.33%,15624.86,584112.01,617288.76,-,3.50%,37.44,40.15
2020-02-11,39.52,F,-97.30%,15770.33,584112.01,617288.76,-,3.50%,37.44,40.15
2020-02-12,39.84,F,-97.28%,15897.88,584112.01,617288.76,-,3.50%,37.44,40.15
2020-02-13,39.60,F,-97.32%,15681.28,584112.01,617408.33,-,3.50%,38.46,41.25
2020-02-14,39.88,F,-97.30%,15791.43,584112.01,617408.33,-,3.50%,38.46,41.25
2020-02-17,40.77,F,-97.24%,16146.60,584112.01,617408.33,-,3.50%,38.46,41.25
2020-02-18,40.58,F,-97.27%,15946.01,584112.01,617530.43,-,3.50%,39.27,42.12
2020-02-19,40.51,F,-97.27%,15921.65,584112.01,617530.43,-,3.50%,39.27,42.12
2020-02-20,41.45,F,-97.21%,16288.50,584112.01,617530.43,-,3.50%,39.27,42.12
2020-02-21,41.49,F,-97.21%,16307.50,584112.01,617530.43,-,3.50%,39.27,42.12
2020-02-24,41.33,F,-97.22%,16242.05,584112.01,617530.43,-,3.50%,39.27,42.12
2020-02-25,41.24,F,-97.23%,16206.75,584112.01,617530.43,-,3.50%,39.27,42.12
2020-02-26,40.73,F,-97.26%,16006.95,584112.01,617530.43,-,3.50%,39.27,42.12
2020-02-27,40.85,F,-97.25%,16053.56,584112.01,617530.43,-,3.50%,39.27,42.12
2020-02-28,39.40,F,-97.35%,15484.39,584112.01,617530.43,-,3.50%,39.27,42.12
2020-03-02,40.70,F,-97.24%,16115.88,584231.07,617530.43,-,3.50%,38.30,41.08
2020-03-03,40.91,F,-97.25%,16079.05,584231.07,617654.18,-,3.50%,39.81,42.70
2020-03-04,41.15,F,-97.23%,16172.15,584231.07,617654.18,-,3.50%,39.81,42.70
2020-03-05,42.07,F,-97.17%,16532.43,584231.07,617654.18,-,3.50%,39.81,42.70
2020-03-06,41.39,F,-97.22%,16264.33,584231.07,617654.18,-,3.50%,39.81,42.70
2020-03-09,39.97,F,-97.31%,15708.73,584231.07,617654.18,-,3.50%,39.81,42.70
2020-03-10,40.83,F,-97.23%,16167.62,584350.33,617654.18,-,3.50%,38.36,41.14
2020-03-11,40.28,F,-97.29%,15831.73,584350.33,617776.91,-,3.50%,39.48,42.34
2020-03-12,39.51,F,-97.34%,15527.08,584350.33,617776.91,-,3.50%,39.48,42.34
2020-03-13,38.95,F,-97.36%,15425.44,584463.46,617776.91,-,3.50%,36.39,39.03
2020-03-16,37.28,F,-97.49%,14650.41,584463.46,617893.91,-,3.50%,37.63,40.36
2020-03-17,37.10,F,-97.49%,14690.34,584575.65,617893.91,-,3.50%,36.09,38.71
2020-03-18,36.36,F,-97.54%,14399.58,584575.65,617893.91,-,3.50%,36.09,38.71
2020-03-19,35.89,F,-97.55%,14320.48,584684.37,617893.91,-,3.50%,34.97,37.51
2020-03-20,36.53,F,-97.51%,14576.36,584684.37,617893.91,-,3.50%,34.97,37.51
2020-03-23,35.30,F,-97.59%,14085.92,584684.37,617893.91,-,3.50%,34.97,37.51
2020-03-24,36.25,F,-97.51%,14572.96,584792.33,617893.91,-,3.50%,34.73,37.25
2020-03-25,37.23,F,-97.44%,14964.52,584792.33,617893.91,-,3.50%,34.73,37.25
2020-03-26,36.98,F,-97.48%,14718.23,584792.33,618041.61,-,3.50%,35.63,38.22
2020-03-27,37.10,F,-97.47%,14766.04,584792.33,618041.61,-,3.50%,35.63,38.22
2020-03-30,36.74,F,-97.50%,14622.96,584792.33,618041.61,-,3.50%,35.63,38.22
2020-03-31,36.86,F,-97.49%,14670.90,584792.33,618041.61,-,3.50%,35.63,38.22
2020-04-01,36.75,F,-97.50%,14626.80,584792.33,618041.61,-,3.50%,35.63,38.22
2020-04-02,37.35,F,-97.46%,14863.43,584792.33,618041.61,-,3.50%,35.63,38.22
2020-04-03,37.13,F,-97.47%,14778.61,584792.33,618041.61,-,3.50%,35.63,38.22
2020-04-07,37.98,F,-97.42%,15116.13,584792.33,618041.61,-,3.50%,35.63,38.22
2020-04-08,37.80,F,-97.45%,14932.36,584792.33,618154.90,-,3.50%,36.44,39.09
2020-04-09,37.93,F,-97.44%,14981.60,584792.33,618154.90,-,3.50%,36.44,39.09
2020-04-10,37.69,F,-97.45%,14888.25,584792.33,618154.90,-,3.50%,36.44,39.09
2020-04-13,37.53,F,-97.46%,14825.36,584792.33,618154.90,-,3.50%,36.44,39.09
2020-04-14,38.26,F,-97.42%,15111.51,584792.33,618154.90,-,3.50%,36.44,39.09
2020-04-15,37.97,F,-97.44%,14999.58,584792.33,618154.90,-,3.50%,36.44,39.09
2020-04-16,38.02,F,-97.43%,15019.40,584792.33,618154.90,-,3.50%,36.44,39.09
2020-04-17,38.39,F,-97.41%,15165.97,584792.33,618154.90,-,3.50%,36.44,39.09
2020-04-20,38.53,F,-97.40%,15221.15,584792.33,618154.90,-,3.50%,36.44,39.09
2020-04-21,38.08,F,-97.45%,14927.55,584792.33,618270.05,-,3.50%,37.04,39.73
2020-04-22,38.39,F,-97.43%,15050.38,584792.33,618270.05,-,3.50%,37.04,39.73
2020-04-23,38.30,F,-97.43%,15012.63,584792.33,618270.05,-,3.50%,37.04,39.73
2020-04-24,37.97,F,-97.45%,14884.13,584792.33,618270.05,-,3.50%,37.04,39.73
2020-04-27,38.23,F,-97.44%,14985.25,584792.33,618270.05,-,3.50%,37.04,39.73
2020-04-28,38.49,F,-97.42%,15088.65,584792.33,618270.05,-,3.50%,37.04,39.73
2020-04-29,38.67,F,-97.41%,15158.77,584792.33,618270.05,-,3.50%,37.04,39.73
2020-04-30,39.13,F,-97.38%,15337.30,584792.33,618270.05,-,3.50%,37.04,39.73
2020-05-06,39.36,F,-97.36%,15430.12,584792.33,618270.05,-,3.50%,37.04,39.73
2020-05-07,39.25,F,-97.39%,15267.84,584792.33,618388.18,-,3.50%,38.00,40.75
2020-05-08,39.64,F,-97.36%,15418.49,584792.33,618388.18,-,3.50%,38.00,40.75
2020-05-11,39.60,F,-97.37%,15405.10,584792.33,618388.18,-,3.50%,38.00,40.75
2020-05-12,39.60,F,-97.37%,15405.33,584792.33,618388.18,-,3.50%,38.00,40.75
2020-05-13,39.68,F,-97.36%,15436.50,584792.33,618388.18,-,3.50%,38.00,40.75
2020-05-14,39.25,F,-97.39%,15269.10,584792.33,618388.18,-,3.50%,38.00,40.75
2020-05-15,39.13,F,-97.40%,15220.85,584792.33,618388.18,-,3.50%,38.00,40.75
2020-05-18,39.23,F,-97.39%,15260.13,584792.33,618388.18,-,3.50%,38.00,40.75
2020-05-19,39.56,F,-97.37%,15389.81,584792.33,618388.18,-,3.50%,38.00,40.75
2020-05-20,39.35,F,-97.38%,15308.01,584792.33,618388.18,-,3.50%,38.00,40.75
2020-05-21,39.14,F,-97.40%,15224.66,584792.33,618388.18,-,3.50%,38.00,40.75
2020-05-22,38.24,F,-97.46%,14875.61,584792.33,618388.18,-,3.50%,38.00,40.75
2020-05-25,38.29,F,-97.43%,15010.95,584907.18,618388.18,-,3.50%,36.94,39.62
2020-05-26,38.73,F,-97.40%,15181.26,584907.18,618388.18,-,3.50%,36.94,39.62
2020-05-27,38.46,F,-97.42%,15074.80,584907.18,618388.18,-,3.50%,36.94,39.62
2020-05-28,38.57,F,-97.42%,15118.00,584907.18,618388.18,-,3.50%,36.94,39.62
2020-05-29,38.67,F,-97.41%,15158.73,584907.18,618388.18,-,3.50%,36.94,39.62
2020-06-01,39.71,F,-97.34%,15567.65,584907.18,618388.18,-,3.50%,36.94,39.62
2020-06-02,39.84,F,-97.35%,15496.08,584907.18,618507.28,-,3.50%,38.31,41.09
2020-06-03,39.84,F,-97.35%,15496.39,584907.18,618507.28,-,3.50%,38.31,41.09
2020-06-04,39.82,F,-97.35%,15490.70,584907.18,618507.28,-,3.50%,38.31,41.09
2020-06-05,40.01,F,-97.34%,15564.87,584907.18,618507.28,-,3.50%,38.31,41.09
2020-06-08,40.22,F,-97.33%,15645.40,584907.18,618507.28,-,3.50%,38.31,41.09
2020-06-09,40.47,F,-97.31%,15742.94,584907.18,618507.28,-,3.50%,38.31,41.09
2020-06-10,40.40,F,-97.31%,15714.45,584907.18,618507.28,-,3.50%,38.31,41.09
2020-06-11,39.96,F,-97.34%,15543.99,584907.18,618507.28,-,3.50%,38.31,41.09
2020-06-12,40.03,F,-97.34%,15571.99,584907.18,618507.28,-,3.50%,38.31,41.09
2020-06-15,39.55,F,-97.37%,15384.90,584907.18,618507.28,-,3.50%,38.31,41.09
2020-06-16,40.15,F,-97.33%,15616.68,584907.18,618507.28,-,3.50%,38.31,41.09
2020-06-17,40.18,F,-97.33%,15628.44,584907.18,618507.28,-,3.50%,38.31,41.09
2020-06-18,40.44,F,-97.31%,15732.65,584907.18,618507.28,-,3.50%,38.31,41.09
2020-06-19,40.99,F,-97.27%,15943.98,584907.18,618507.28,-,3.50%,38.31,41.09
2020-06-22,41.02,F,-97.29%,15833.90,584907.18,618630.20,-,3.50%,39.54,42.41
2020-06-23,41.22,F,-97.28%,15910.13,584907.18,618630.20,-,3.50%,39.54,42.41
2020-06-24,41.39,F,-97.27%,15976.50,584907.18,618630.20,-,3.50%,39.54,42.41
2020-06-29,41.10,F,-97.29%,15863.51,584907.18,618630.20,-,3.50%,39.54,42.41
2020-06-30,41.64,F,-97.25%,16072.90,584907.18,618630.20,-,3.50%,39.54,42.41
2020-07-01,42.48,F,-97.20%,16396.44,584907.18,618630.20,-,3.50%,39.54,42.41
2020-07-02,43.36,F,-97.16%,16606.28,584907.18,618757.38,-,3.50%,40.91,43.88
2020-07-03,44.20,F,-97.13%,16794.46,584907.18,618887.98,-,3.50%,42.01,45.06
2020-07-06,46.70,F,-96.97%,17746.36,584907.18,618887.98,-,3.50%,42.01,45.06
2020-07-07,46.98,F,-96.97%,17711.94,584907.18,619030.17,-,3.50%,45.74,49.05
2020-07-08,47.74,F,-96.92%,17998.00,584907.18,619030.17,-,3.50%,45.74,49.05
2020-07-09,48.41,F,-96.88%,18249.71,584907.18,619030.17,-,3.50%,45.74,49.05
2020-07-10,47.53,F,-96.96%,17776.72,584907.18,619174.05,-,3.50%,46.28,49.64
2020-07-13,48.53,F,-96.90%,18150.07,584907.18,619174.05,-,3.50%,46.28,49.64
2020-07-14,48.07,F,-96.93%,17977.02,584907.18,619174.05,-,3.50%,46.28,49.64
2020-07-15,47.44,F,-96.97%,17744.31,584907.18,619174.05,-,3.50%,46.28,49.64
2020-07-16,45.16,F,-97.11%,16890.79,584907.18,619174.05,-,3.50%,46.28,49.64
2020-07-17,45.45,F,-97.07%,17133.52,585042.92,619174.05,-,3.50%,43.66,46.83
2020-07-20,46.80,F,-96.98%,17644.75,585042.92,619174.05,-,3.50%,43.66,46.83
2020-07-21,46.91,F,-97.00%,17544.50,585042.92,619314.98,-,3.50%,45.33,48.62
2020-07-22,47.14,F,-96.99%,17632.03,585042.92,619314.98,-,3.50%,45.33,48.62
2020-07-23,47.12,F,-96.99%,17624.51,585042.92,619314.98,-,3.50%,45.33,48.62
2020-07-24,45.06,F,-97.12%,16850.91,585042.92,619314.98,-,3.50%,45.33,48.62
2020-07-27,45.28,F,-97.08%,17072.26,585178.97,619314.98,-,3.50%,43.76,46.94
2020-07-28,45.68,F,-97.06%,17222.33,585178.97,619314.98,-,3.50%,43.76,46.94
2020-07-29,46.79,F,-96.99%,17639.86,585178.97,619314.98,-,3.50%,43.76,46.94
2020-07-30,46.56,F,-97.02%,17414.00,585178.97,619455.67,-,3.50%,45.26,48.54
2020-07-31,46.95,F,-97.00%,17559.47,585178.97,619455.67,-,3.50%,45.26,48.54
2020-08-03,47.71,F,-96.95%,17844.70,585178.97,619455.67,-,3.50%,45.26,48.54
2020-08-04,47.76,F,-96.95%,17861.50,585178.97,619455.67,-,3.50%,45.26,48.54
2020-08-05,47.77,F,-96.95%,17866.39,585178.97,619455.67,-,3.50%,45.26,48.54
2020-08-06,47.63,F,-96.96%,17812.74,585178.97,619455.67,-,3.50%,45.26,48.54
2020-08-07,47.08,F,-96.99%,17607.64,585178.97,619455.67,-,3.50%,45.26,48.54
2020-08-10,47.25,F,-96.98%,17671.01,585178.97,619455.67,-,3.50%,45.26,48.54
2020-08-11,46.82,F,-97.01%,17509.87,585178.97,619455.67,-,3.50%,45.26,48.54
2020-08-12,46.48,F,-97.03%,17382.19,585178.97,619455.67,-,3.50%,45.26,48.54
2020-08-13,46.36,F,-97.04%,17337.57,585178.97,619455.67,-,3.50%,45.26,48.54
2020-08-14,47.05,F,-96.99%,17595.31,585178.97,619455.67,-,3.50%,45.26,48.54
2020-08-17,48.15,F,-96.92%,18008.95,585178.97,619455.67,-,3.50%,45.26,48.54
2020-08-18,48.13,F,-96.95%,17855.33,585178.97,619600.17,-,3.50%,46.48,49.85
2020-08-19,47.41,F,-96.99%,17587.92,585178.97,619600.17,-,3.50%,46.48,49.85
2020-08-20,46.79,F,-97.03%,17359.66,585178.97,619600.17,-,3.50%,46.48,49.85
2020-08-21,47.19,F,-96.98%,17648.47,585320.50,619600.17,-,3.50%,45.53,48.83
2020-08-24,47.56,F,-96.96%,17786.88,585320.50,619600.17,-,3.50%,45.53,48.83
2020-08-25,47.62,F,-96.96%,17809.70,585320.50,619600.17,-,3.50%,45.53,48.83
2020-08-26,47.06,F,-96.99%,17600.93,585320.50,619600.17,-,3.50%,45.53,48.83
2020-08-27,47.31,F,-96.98%,17695.23,585320.50,619600.17,-,3.50%,45.53,48.83
2020-08-28,48.44,F,-96.90%,18117.55,585320.50,619600.17,-,3.50%,45.53,48.83
2020-08-31,48.16,F,-96.95%,17868.16,585320.50,619746.29,-,3.50%,47.00,50.41
2020-09-01,48.42,F,-96.93%,17964.27,585320.50,619746.29,-,3.50%,47.00,50.41
2020-09-02,48.44,F,-96.93%,17970.82,585320.50,619746.29,-,3.50%,47.00,50.41
2020-09-03,48.17,F,-96.95%,17871.42,585320.50,619746.29,-,3.50%,47.00,50.41
2020-09-04,47.70,F,-96.98%,17697.51,585320.50,619746.29,-,3.50%,47.00,50.41
2020-09-07,46.69,F,-97.02%,17463.44,585463.29,619746.29,-,3.50%,45.93,49.26
2020-09-08,46.94,F,-97.00%,17557.02,585463.29,619746.29,-,3.50%,45.93,49.26
2020-09-09,45.85,F,-97.07%,17146.36,585463.29,619746.29,-,3.50%,45.93,49.26
2020-09-10,45.82,F,-97.05%,17274.06,585602.25,619746.29,-,3.50%,44.70,47.94
2020-09-11,46.27,F,-97.02%,17444.86,585602.25,619746.29,-,3.50%,44.70,47.94
2020-09-14,46.51,F,-97.01%,17534.46,585602.25,619746.29,-,3.50%,44.70,47.94
2020-09-15,46.88,F,-96.98%,17675.58,585602.25,619746.29,-,3.50%,44.70,47.94
2020-09-16,46.57,F,-97.00%,17558.24,585602.25,619746.29,-,3.50%,44.70,47.94
2020-09-17,46.33,F,-97.02%,17465.33,585602.25,619746.29,-,3.50%,44.70,47.94
2020-09-18,47.37,F,-96.95%,17858.82,585602.25,619746.29,-,3.50%,44.70,47.94
2020-09-21,46.91,F,-97.00%,17545.94,585602.25,619888.82,-,3.50%,45.84,49.17
2020-09-22,46.36,F,-97.04%,17337.75,585602.25,619888.82,-,3.50%,45.84,49.17
2020-09-23,46.52,F,-97.01%,17539.27,585741.44,619888.82,-,3.50%,44.77,48.02
2020-09-24,45.63,F,-97.06%,17202.76,585741.44,619888.82,-,3.50%,44.77,48.02
2020-09-25,45.70,F,-97.06%,17228.98,585741.44,619888.82,-,3.50%,44.77,48.02
2020-09-28,45.82,F,-97.05%,17273.80,585741.44,619888.82,-,3.50%,44.77,48.02
2020-09-29,45.92,F,-97.04%,17311.08,585741.44,619888.82,-,3.50%,44.77,48.02
2020-09-30,45.87,F,-97.05%,17294.48,585741.44,619888.82,-,3.50%,44.77,48.02
2020-10-09,46.81,F,-96.99%,17647.90,585741.44,619888.82,-,3.50%,44.77,48.02
2020-10-12,48.23,F,-96.90%,18183.30,585741.44,619888.82,-,3.50%,44.77,48.02
2020-10-13,48.39,F,-96.91%,18098.61,585741.44,620033.20,-,3.50%,46.44,49.81
2020-10-14,48.07,F,-96.93%,17978.56,585741.44,620033.20,-,3.50%,46.44,49.81
2020-10-15,47.99,F,-96.94%,17947.27,585741.44,620033.20,-,3.50%,46.44,49.81
2020-10-16,47.92,F,-96.94%,17920.87,585741.44,620033.20,-,3.50%,46.44,49.81
2020-10-19,47.55,F,-96.96%,17785.52,585741.44,620033.20,-,3.50%,46.44,49.81
2020-10-20,47.93,F,-96.94%,17927.57,585741.44,620033.20,-,3.50%,46.44,49.81
2020-10-21,47.93,F,-96.94%,17925.18,585741.44,620033.20,-,3.50%,46.44,49.81
2020-10-22,47.78,F,-96.95%,17869.66,585741.44,620033.20,-,3.50%,46.44,49.81
2020-10-23,47.18,F,-96.99%,17647.15,585741.44,620033.20,-,3.50%,46.44,49.81
2020-10-26,46.91,F,-97.00%,17545.22,585741.44,620033.20,-,3.50%,46.44,49.81
2020-10-27,46.99,F,-96.98%,17716.28,585881.85,620033.20,-,3.50%,45.16,48.44
2020-10-28,47.37,F,-96.95%,17859.51,585881.85,620033.20,-,3.50%,45.16,48.44
2020-10-29,47.73,F,-96.93%,17993.91,585881.85,620033.20,-,3.50%,45.16,48.44
2020-10-30,46.95,F,-96.98%,17701.41,585881.85,620033.20,-,3.50%,45.16,48.44
2020-11-02,47.21,F,-96.96%,17797.53,585881.85,620033.20,-,3.50%,45.16,48.44
2020-11-03,47.78,F,-96.93%,18011.40,585881.85,620033.20,-,3.50%,45.16,48.44
2020-11-04,48.14,F,-96.93%,18003.07,585881.85,620176.65,-,3.50%,46.14,49.49
2020-11-05,48.85,F,-96.88%,18270.32,585881.85,620176.65,-,3.50%,46.14,49.49
2020-11-06,48.86,F,-96.91%,18126.01,585881.85,620323.58,-,3.50%,47.26,50.69
2020-11-09,49.81,F,-96.85%,18480.81,585881.85,620323.58,-,3.50%,47.26,50.69
2020-11-10,49.54,F,-96.86%,18378.88,585881.85,620323.58,-,3.50%,47.26,50.69
2020-11-11,49.05,F,-96.89%,18197.17,585881.85,620323.58,-,3.50%,47.26,50.69
2020-11-12,49.08,F,-96.89%,18210.40,585881.85,620323.58,-,3.50%,47.26,50.69
2020-11-13,48.57,F,-96.92%,18018.92,585881.85,620323.58,-,3.50%,47.26,50.69
2020-11-16,49.04,F,-96.89%,18194.48,585881.85,620323.58,-,3.50%,47.26,50.69
2020-11-17,48.95,F,-96.90%,18159.66,585881.85,620323.58,-,3.50%,47.26,50.69
2020-11-18,48.92,F,-96.90%,18148.10,585881.85,620323.58,-,3.50%,47.26,50.69
2020-11-19,49.28,F,-96.88%,18282.84,585881.85,620323.58,-,3.50%,47.26,50.69
2020-11-20,49.43,F,-96.87%,18339.60,585881.85,620323.58,-,3.50%,47.26,50.69
2020-11-23,50.05,F,-96.83%,18568.65,585881.85,620323.58,-,3.50%,47.26,50.69
2020-11-24,49.74,F,-96.88%,18305.37,585881.85,620473.49,-,3.50%,48.22,51.72
2020-11-25,49.11,F,-96.92%,18071.38,585881.85,620473.49,-,3.50%,48.22,51.72
2020-11-26,49.20,F,-96.91%,18104.10,585881.85,620473.49,-,3.50%,48.22,51.72
2020-11-27,49.81,F,-96.87%,18329.22,585881.85,620473.49,-,3.50%,48.22,51.72
2020-11-30,49.60,F,-96.88%,18253.73,585881.85,620473.49,-,3.50%,48.22,51.72
2020-12-01,50.67,F,-96.82%,18646.92,585881.85,620473.49,-,3.50%,48.22,51.72
2020-12-02,50.67,F,-96.82%,18647.09,585881.85,620473.49,-,3.50%,48.22,51.72
2020-12-03,50.57,F,-96.82%,18609.98,585881.85,620473.49,-,3.50%,48.22,51.72
2020-12-04,50.66,F,-96.82%,18642.57,585881.85,620473.49,-,3.50%,48.22,51.72
2020-12-07,50.22,F,-96.85%,18481.83,585881.85,620473.49,-,3.50%,48.22,51.72
2020-12-08,50.10,F,-96.85%,18436.35,585881.85,620473.49,-,3.50%,48.22,51.72
2020-12-09,49.43,F,-96.90%,18189.13,585881.85,620473.49,-,3.50%,48.22,51.72
2020-12-10,49.41,F,-96.90%,18181.13,585881.85,620473.49,-,3.50%,48.22,51.72
2020-12-11,48.90,F,-96.93%,17993.84,585881.85,620473.49,-,3.50%,48.22,51.72
2020-12-14,49.35,F,-96.88%,18308.24,586028.95,620473.49,-,3.50%,47.32,50.75
2020-12-15,49.45,F,-96.87%,18346.32,586028.95,620473.49,-,3.50%,47.32,50.75
2020-12-16,49.54,F,-96.86%,18378.85,586028.95,620473.49,-,3.50%,47.32,50.75
2020-12-17,50.17,F,-96.82%,18614.84,586028.95,620473.49,-,3.50%,47.32,50.75
2020-12-18,50.00,F,-96.86%,18399.88,586028.95,620623.92,-,3.50%,48.39,51.90
2020-12-21,50.47,F,-96.83%,18572.37,586028.95,620623.92,-,3.50%,48.39,51.90
2020-12-22,49.65,F,-96.88%,18270.36,586028.95,620623.92,-,3.50%,48.39,51.90
2020-12-23,50.07,F,-96.86%,18426.21,586028.95,620623.92,-,3.50%,48.39,51.90
2020-12-24,50.00,F,-96.86%,18400.06,586028.95,620623.92,-,3.50%,48.39,51.90
2020-12-25,50.42,F,-96.83%,18554.61,586028.95,620623.92,-,3.50%,48.39,51.90
2020-12-28,50.64,F,-96.82%,18637.05,586028.95,620623.92,-,3.50%,48.39,51.90
2020-12-29,50.43,F,-96.83%,18558.00,586028.95,620623.92,-,3.50%,48.39,51.90
2020-12-30,51.14,F,-96.79%,18818.45,586028.95,620623.92,-,3.50%,48.39,51.90
2020-12-31,52.11,F,-96.73%,19177.54,586028.95,620623.92,-,3.50%,48.39,51.90
2021-01-04,52.68,F,-96.72%,19227.17,586028.95,620780.30,-,3.50%,50.30,53.95
2021-01-05,53.69,F,-96.66%,19595.04,586028.95,620780.30,-,3.50%,50.30,53.95
2021-01-06,54.18,F,-96.65%,19611.96,586028.95,620941.90,-,3.50%,51.98,55.75
2021-01-07,55.14,F,-96.59%,19959.44,586028.95,620941.90,-,3.50%,51.98,55.75
2021-01-08,54.95,F,-96.63%,19728.60,586028.95,621107.69,-,3.50%,53.33,57.20
2021-01-11,54.41,F,-96.67%,19533.76,586028.95,621107.69,-,3.50%,53.33,57.20
2021-01-12,55.96,F,-96.57%,20090.91,586028.95,621107.69,-,3.50%,53.33,57.20
2021-01-13,55.78,F,-96.58%,20024.92,586028.95,621107.69,-,3.50%,53.33,57.20
2021-01-14,54.70,F,-96.65%,19638.94,586028.95,621107.69,-,3.50%,53.33,57.20
2021-01-15,54.58,F,-96.66%,19594.51,586028.95,621107.69,-,3.50%,53.33,57.20
2021-01-18,55.19,F,-96.62%,19811.49,586028.95,621107.69,-,3.50%,53.33,57.20
2021-01-19,54.38,F,-96.67%,19520.71,586028.95,621107.69,-,3.50%,53.33,57.20
2021-01-20,54.76,F,-96.65%,19660.40,586028.95,621107.69,-,3.50%,53.33,57.20
2021-01-21,55.65,F,-96.59%,19978.24,586028.95,621107.69,-,3.50%,53.33,57.20
2021-01-22,55.70,F,-96.59%,19995.50,586028.95,621107.69,-,3.50%,53.33,57.20
2021-01-25,56.26,F,-96.55%,20197.06,586028.95,621107.69,-,3.50%,53.33,57.20
2021-01-26,55.13,F,-96.62%,19791.55,586028.95,621107.69,-,3.50%,53.33,57.20
2021-01-27,55.28,F,-96.61%,19845.53,586028.95,621107.69,-,3.50%,53.33,57.20
2021-01-28,53.77,F,-96.71%,19303.94,586028.95,621107.69,-,3.50%,53.33,57.20
2021-01-29,53.52,F,-96.69%,19374.11,586191.37,621107.69,-,3.50%,52.24,56.03
2021-02-01,54.18,F,-96.65%,19611.89,586191.37,621107.69,-,3.50%,52.24,56.03
2021-02-02,55.01,F,-96.60%,19913.95,586191.37,621107.69,-,3.50%,52.24,56.03
2021-02-03,54.85,F,-96.61%,19856.43,586191.37,621107.69,-,3.50%,52.24,56.03
2021-02-04,54.74,F,-96.62%,19815.69,586191.37,621107.69,-,3.50%,52.24,56.03
2021-02-05,54.83,F,-96.61%,19849.96,586191.37,621107.69,-,3.50%,52.24,56.03
2021-02-08,55.65,F,-96.56%,20143.71,586191.37,621107.69,-,3.50%,52.24,56.03
2021-02-09,56.86,F,-96.52%,20413.64,586191.37,621275.21,-,3.50%,53.89,57.80
2021-02-10,58.08,F,-96.44%,20849.71,586191.37,621275.21,-,3.50%,53.89,57.80
2021-02-18,57.68,F,-96.50%,20535.44,586191.37,621452.88,-,3.50%,57.15,61.29
2021-02-19,57.79,F,-96.46%,20746.04,586363.39,621452.88,-,3.50%,55.33,59.35
2021-02-22,55.97,F,-96.57%,20094.42,586363.39,621452.88,-,3.50%,55.33,59.35
2021-02-23,55.80,F,-96.56%,20198.40,586529.67,621452.88,-,3.50%,53.49,57.37
2021-02-24,54.38,F,-96.64%,19684.00,586529.67,621452.88,-,3.50%,53.49,57.37
2021-02-25,54.70,F,-96.62%,19799.80,586529.67,621452.88,-,3.50%,53.49,57.37
2021-02-26,53.37,F,-96.71%,19319.07,586529.67,621452.88,-,3.50%,53.49,57.37
2021-03-01,54.19,F,-96.63%,19778.56,586691.35,621452.88,-,3.50%,52.01,55.78
2021-03-02,53.50,F,-96.67%,19526.15,586691.35,621452.88,-,3.50%,52.01,55.78
2021-03-03,54.52,F,-96.61%,19900.58,586691.35,621452.88,-,3.50%,52.01,55.78
2021-03-04,52.81,F,-96.71%,19274.58,586691.35,621452.88,-,3.50%,52.01,55.78
2021-03-05,52.63,F,-96.70%,19367.09,586847.11,621452.88,-,3.50%,50.10,53.74
2021-03-08,50.80,F,-96.81%,18694.49,586847.11,621452.88,-,3.50%,50.10,53.74
2021-03-09,49.71,F,-96.86%,18442.41,586999.10,621452.88,-,3.50%,48.89,52.43
2021-03-10,50.04,F,-96.84%,18563.40,586999.10,621452.88,-,3.50%,48.89,52.43
2021-03-11,51.28,F,-96.76%,19025.68,586999.10,621452.88,-,3.50%,48.89,52.43
2021-03-12,51.46,F,-96.75%,19093.06,586999.10,621452.88,-,3.50%,48.89,52.43
2021-03-15,50.36,F,-96.82%,18681.87,586999.10,621452.88,-,3.50%,48.89,52.43
2021-03-16,50.79,F,-96.79%,18844.43,586999.10,621452.88,-,3.50%,48.89,52.43
2021-03-17,51.01,F,-96.78%,18924.18,586999.10,621452.88,-,3.50%,48.89,52.43
2021-03-18,51.42,F,-96.75%,19075.96,586999.10,621452.88,-,3.50%,48.89,52.43
2021-03-19,50.07,F,-96.84%,18576.31,586999.10,621452.88,-,3.50%,48.89,52.43
2021-03-22,50.57,F,-96.80%,18762.03,586999.10,621452.88,-,3.50%,48.89,52.43
2021-03-23,50.09,F,-96.83%,18584.30,586999.10,621452.88,-,3.50%,48.89,52.43
2021-03-24,49.29,F,-96.88%,18285.42,586999.10,621452.88,-,3.50%,48.89,52.43
2021-03-25,49.26,F,-96.86%,18424.54,587146.22,621452.88,-,3.50%,47.32,50.76
2021-03-26,50.38,F,-96.79%,18842.08,587146.22,621452.88,-,3.50%,47.32,50.76
2021-03-29,50.47,F,-96.81%,18723.91,587146.22,621604.44,-,3.50%,48.75,52.29
2021-03-30,50.95,F,-96.78%,18901.44,587146.22,621604.44,-,3.50%,48.75,52.29
2021-03-31,50.48,F,-96.81%,18729.42,587146.22,621604.44,-,3.50%,48.75,52.29
2021-04-01,51.11,F,-96.77%,18960.98,587146.22,621604.44,-,3.50%,48.75,52.29
2021-04-02,51.62,F,-96.74%,19149.38,587146.22,621604.44,-,3.50%,48.75,52.29
2021-04-06,51.40,F,-96.78%,18916.46,587146.22,621759.80,-,3.50%,49.97,53.60
2021-04-07,51.04,F,-96.80%,18781.77,587146.22,621759.80,-,3.50%,49.97,53.60
2021-04-08,51.12,F,-96.80%,18812.93,587146.22,621759.80,-,3.50%,49.97,53.60
2021-04-09,50.35,F,-96.84%,18530.04,587146.22,621759.80,-,3.50%,49.97,53.60
2021-04-12,49.48,F,-96.87%,18356.14,587297.03,621759.80,-,3.50%,48.51,52.03
2021-04-13,49.40,F,-96.88%,18326.08,587297.03,621759.80,-,3.50%,48.51,52.03
2021-04-14,49.81,F,-96.85%,18478.13,587297.03,621759.80,-,3.50%,48.51,52.03
2021-04-15,49.49,F,-96.87%,18360.69,587297.03,621759.80,-,3.50%,48.51,52.03
2021-04-16,49.66,F,-96.86%,18424.53,587297.03,621759.80,-,3.50%,48.51,52.03
2021-04-19,50.87,F,-96.79%,18872.83,587297.03,621759.80,-,3.50%,48.51,52.03
2021-04-20,50.83,F,-96.79%,18859.29,587297.03,621759.80,-,3.50%,48.51,52.03
2021-04-21,50.99,F,-96.78%,18916.34,587297.03,621759.80,-,3.50%,48.51,52.03
2021-04-22,50.89,F,-96.79%,18881.09,587297.03,621759.80,-,3.50%,48.51,52.03
2021-04-23,51.35,F,-96.76%,19052.53,587297.03,621759.80,-,3.50%,48.51,52.03
2021-04-26,50.77,F,-96.82%,18684.23,587297.03,621914.50,-,3.50%,49.76,53.37
2021-04-27,50.91,F,-96.81%,18733.11,587297.03,621914.50,-,3.50%,49.76,53.37
2021-04-28,51.19,F,-96.79%,18838.81,587297.03,621914.50,-,3.50%,49.76,53.37
2021-04-29,51.64,F,-96.76%,19004.14,587297.03,621914.50,-,3.50%,49.76,53.37
2021-04-30,51.23,F,-96.79%,18854.44,587297.03,621914.50,-,3.50%,49.76,53.37
2021-05-06,50.61,F,-96.83%,18624.94,587297.03,621914.50,-,3.50%,49.76,53.37
2021-05-07,49.96,F,-96.87%,18385.47,587297.03,621914.50,-,3.50%,49.76,53.37
2021-05-10,49.92,F,-96.85%,18521.89,587447.07,621914.50,-,3.50%,48.26,51.76
2021-05-11,50.23,F,-96.83%,18635.55,587447.07,621914.50,-,3.50%,48.26,51.76
2021-05-12,50.45,F,-96.81%,18715.27,587447.07,621914.50,-,3.50%,48.26,51.76
2021-05-13,49.93,F,-96.85%,18523.93,587447.07,621914.50,-,3.50%,48.26,51.76
2021-05-14,51.11,F,-96.77%,18960.29,587447.07,621914.50,-,3.50%,48.26,51.76
2021-05-17,51.85,F,-96.75%,19080.75,587447.07,622067.96,-,3.50%,49.36,52.94
2021-05-18,51.88,F,-96.75%,19090.37,587447.07,622067.96,-,3.50%,49.36,52.94
2021-05-19,51.72,F,-96.76%,19033.96,587447.07,622067.96,-,3.50%,49.36,52.94
2021-05-20,51.86,F,-96.75%,19086.00,587447.07,622067.96,-,3.50%,49.36,52.94
2021-05-21,51.34,F,-96.78%,18893.67,587447.07,622067.96,-,3.50%,49.36,52.94
2021-05-24,51.56,F,-96.77%,18972.56,587447.07,622067.96,-,3.50%,49.36,52.94
2021-05-25,53.18,F,-96.67%,19572.00,587447.07,622067.96,-,3.50%,49.36,52.94
2021-05-26,53.21,F,-96.69%,19420.16,587447.07,622227.74,-,3.50%,51.40,55.13
2021-05-27,53.38,F,-96.68%,19484.55,587447.07,622227.74,-,3.50%,51.40,55.13
2021-05-28,53.21,F,-96.69%,19421.97,587447.07,622227.74,-,3.50%,51.40,55.13
2021-05-31,53.32,F,-96.69%,19460.23,587447.07,622227.74,-,3.50%,51.40,55.13
2021-06-01,53.42,F,-96.68%,19497.13,587447.07,622227.74,-,3.50%,51.40,55.13
2021-06-02,52.90,F,-96.71%,19308.40,587447.07,622227.74,-,3.50%,51.40,55.13
2021-06-03,52.55,F,-96.73%,19181.79,587447.07,622227.74,-,3.50%,51.40,55.13
2021-06-04,52.82,F,-96.72%,19280.31,587447.07,622227.74,-,3.50%,51.40,55.13
2021-06-07,52.78,F,-96.72%,19263.34,587447.07,622227.74,-,3.50%,51.40,55.13
2021-06-08,52.32,F,-96.75%,19097.23,587447.07,622227.74,-,3.50%,51.40,55.13
2021-06-09,52.36,F,-96.75%,19113.04,587447.07,622227.74,-,3.50%,51.40,55.13
2021-06-10,52.71,F,-96.72%,19240.85,587447.07,622227.74,-,3.50%,51.40,55.13
2021-06-11,52.25,F,-96.75%,19070.17,587447.07,622227.74,-,3.50%,51.40,55.13
2021-06-15,51.67,F,-96.79%,18857.94,587447.07,622227.74,-,3.50%,51.40,55.13
2021-06-16,50.80,F,-96.82%,18696.21,587601.97,622227.74,-,3.50%,49.83,53.44
2021-06-17,51.02,F,-96.80%,18774.96,587601.97,622227.74,-,3.50%,49.83,53.44
2021-06-18,51.02,F,-96.80%,18777.07,587601.97,622227.74,-,3.50%,49.83,53.44
2021-06-21,50.90,F,-96.81%,18732.62,587601.97,622227.74,-,3.50%,49.83,53.44
2021-06-22,51.22,F,-96.79%,18849.54,587601.97,622227.74,-,3.50%,49.83,53.44
2021-06-23,51.47,F,-96.78%,18942.41,587601.97,622227.74,-,3.50%,49.83,53.44
2021-06-24,51.56,F,-96.77%,18973.98,587601.97,622227.74,-,3.50%,49.83,53.44
2021-06-25,52.40,F,-96.72%,19283.08,587601.97,622227.74,-,3.50%,49.83,53.44
2021-06-28,52.52,F,-96.71%,19326.48,587601.97,622227.74,-,3.50%,49.83,53.44
2021-06-29,51.91,F,-96.75%,19101.20,587601.97,622227.74,-,3.50%,49.83,53.44
2021-06-30,52.24,F,-96.73%,19224.47,587601.97,622227.74,-,3.50%,49.83,53.44
2021-07-01,52.30,F,-96.72%,19245.16,587601.97,622227.74,-,3.50%,49.83,53.44
2021-07-02,50.81,F,-96.82%,18698.51,587601.97,622227.74,-,3.50%,49.83,53.44
2021-07-05,50.86,F,-96.81%,18715.72,587601.97,622227.74,-,3.50%,49.83,53.44
2021-07-06,50.83,F,-96.82%,18705.82,587601.97,622227.74,-,3.50%,49.83,53.44
2021-07-07,51.40,F,-96.78%,18917.00,587601.97,622227.74,-,3.50%,49.83,53.44
2021-07-08,50.88,F,-96.81%,18724.78,587601.97,622227.74,-,3.50%,49.83,53.44
2021-07-09,50.69,F,-96.83%,18655.52,587601.97,622227.74,-,3.50%,49.83,53.44
2021-07-12,51.33,F,-96.79%,18888.37,587601.97,622227.74,-,3.50%,49.83,53.44
2021-07-13,51.42,F,-96.78%,18922.92,587601.97,622227.74,-,3.50%,49.83,53.44
2021-07-14,50.83,F,-96.82%,18705.75,587601.97,622227.74,-,3.50%,49.83,53.44
2021-07-15,51.51,F,-96.77%,18957.38,587601.97,622227.74,-,3.50%,49.83,53.44
2021-07-16,50.95,F,-96.81%,18748.76,587601.97,622227.74,-,3.50%,49.83,53.44
2021-07-19,51.13,F,-96.80%,18817.66,587601.97,622227.74,-,3.50%,49.83,53.44
2021-07-20,51.09,F,-96.80%,18801.10,587601.97,622227.74,-,3.50%,49.83,53.44
2021-07-21,51.44,F,-96.78%,18930.08,587601.97,622227.74,-,3.50%,49.83,53.44
2021-07-22,51.52,F,-96.77%,18958.45,587601.97,622227.74,-,3.50%,49.83,53.44
2021-07-23,50.89,F,-96.81%,18728.36,587601.97,622227.74,-,3.50%,49.83,53.44
2021-07-26,49.25,F,-96.92%,18125.10,587601.97,622227.74,-,3.50%,49.83,53.44
2021-07-27,47.51,F,-97.00%,17627.37,587749.70,622227.74,-,3.50%,47.52,50.97
2021-07-28,47.60,F,-96.97%,17804.20,587891.13,622227.74,-,3.50%,45.49,48.79
2021-07-29,48.50,F,-96.91%,18140.03,587891.13,622227.74,-,3.50%,45.49,48.79
2021-07-30,48.11,F,-96.96%,17849.44,587891.13,622372.51,-,3.50%,46.57,49.95
2021-08-02,49.34,F,-96.89%,18304.16,587891.13,622372.51,-,3.50%,46.57,49.95
2021-08-03,49.34,F,-96.91%,18158.81,587891.13,622519.79,-,3.50%,47.37,50.81
2021-08-04,49.79,F,-96.88%,18322.16,587891.13,622519.79,-,3.50%,47.37,50.81
2021-08-05,49.49,F,-96.90%,18211.11,587891.13,622519.79,-,3.50%,47.37,50.81
2021-08-06,49.22,F,-96.92%,18111.36,587891.13,622519.79,-,3.50%,47.37,50.81
2021-08-09,49.86,F,-96.88%,18346.87,587891.13,622519.79,-,3.50%,47.37,50.81
2021-08-10,50.43,F,-96.84%,18558.78,587891.13,622519.79,-,3.50%,47.37,50.81
2021-08-11,50.15,F,-96.89%,18305.99,587891.13,622670.90,-,3.50%,48.61,52.13
2021-08-12,49.73,F,-96.91%,18152.73,587891.13,622670.90,-,3.50%,48.61,52.13
2021-08-13,49.46,F,-96.93%,18052.84,587891.13,622670.90,-,3.50%,48.61,52.13
2021-08-16,49.41,F,-96.93%,18034.90,587891.13,622670.90,-,3.50%,48.61,52.13
2021-08-17,48.37,F,-97.00%,17656.52,587891.13,622670.90,-,3.50%,48.61,52.13
2021-08-18,48.94,F,-96.94%,18010.80,588036.28,622670.90,-,3.50%,46.69,50.08
2021-08-19,48.62,F,-96.96%,17892.67,588036.28,622670.90,-,3.50%,46.69,50.08
2021-08-20,47.69,F,-97.02%,17550.91,588036.28,622670.90,-,3.50%,46.69,50.08
2021-08-23,48.36,F,-96.97%,17796.03,588036.28,622670.90,-,3.50%,46.69,50.08
2021-08-24,48.88,F,-96.94%,17989.28,588036.28,622670.90,-,3.50%,46.69,50.08
2021-08-25,48.98,F,-96.93%,18025.22,588036.28,622670.90,-,3.50%,46.69,50.08
2021-08-26,48.02,F,-97.00%,17669.92,588036.28,622670.90,-,3.50%,46.69,50.08
2021-08-27,48.27,F,-96.98%,17763.52,588036.28,622670.90,-,3.50%,46.69,50.08
2021-08-30,48.13,F,-96.99%,17712.83,588036.28,622670.90,-,3.50%,46.69,50.08
2021-08-31,48.06,F,-96.99%,17684.64,588036.28,622670.90,-,3.50%,46.69,50.08
2021-09-01,48.69,F,-96.95%,17919.61,588036.28,622670.90,-,3.50%,46.69,50.08
2021-09-02,48.69,F,-96.95%,17919.43,588036.28,622670.90,-,3.50%,46.69,50.08
2021-09-03,48.43,F,-96.97%,17822.47,588036.28,622670.90,-,3.50%,46.69,50.08
2021-09-06,49.34,F,-96.91%,18156.11,588036.28,622670.90,-,3.50%,46.69,50.08
2021-09-07,49.93,F,-96.88%,18373.61,588036.28,622670.90,-,3.50%,46.69,50.08
2021-09-08,49.72,F,-96.91%,18148.28,588036.28,622820.51,-,3.50%,48.12,51.61
2021-09-09,49.70,F,-96.92%,18140.55,588036.28,622820.51,-,3.50%,48.12,51.61
2021-09-10,50.14,F,-96.89%,18299.35,588036.28,622820.51,-,3.50%,48.12,51.61
2021-09-13,49.92,F,-96.90%,18219.56,588036.28,622820.51,-,3.50%,48.12,51.61
2021-09-14,49.17,F,-96.95%,17947.64,588036.28,622820.51,-,3.50%,48.12,51.61
2021-09-15,48.67,F,-96.98%,17765.71,588036.28,622820.51,-,3.50%,48.12,51.61
2021-09-16,48.08,F,-96.99%,17692.33,588182.28,622820.51,-,3.50%,46.96,50.37
2021-09-17,48.56,F,-96.96%,17869.86,588182.28,622820.51,-,3.50%,46.96,50.37
2021-09-22,48.22,F,-96.98%,17744.10,588182.28,622820.51,-,3.50%,46.96,50.37
2021-09-23,48.53,F,-96.96%,17859.76,588182.28,622820.51,-,3.50%,46.96,50.37
2021-09-24,48.49,F,-96.97%,17845.89,588182.28,622820.51,-,3.50%,46.96,50.37
2021-09-27,48.77,F,-96.95%,17948.72,588182.28,622820.51,-,3.50%,46.96,50.37
2021-09-28,48.84,F,-96.94%,17972.49,588182.28,622820.51,-,3.50%,46.96,50.37
2021-09-29,48.34,F,-96.98%,17788.86,588182.28,622820.51,-,3.50%,46.96,50.37
2021-09-30,48.66,F,-96.96%,17908.29,588182.28,622820.51,-,3.50%,46.96,50.37
2021-10-08,49.30,F,-96.92%,18142.18,588182.28,622820.51,-,3.50%,46.96,50.37
2021-10-11,49.36,F,-96.91%,18165.19,588182.28,622820.51,-,3.50%,46.96,50.37
2021-10-12,48.84,F,-96.94%,17972.52,588182.28,622820.51,-,3.50%,46.96,50.37
2021-10-13,49.40,F,-96.91%,18179.60,588182.28,622820.51,-,3.50%,46.96,50.37
2021-10-14,49.14,F,-96.93%,18082.09,588182.28,622820.51,-,3.50%,46.96,50.37
2021-10-15,49.32,F,-96.91%,18150.16,588182.28,622820.51,-,3.50%,46.96,50.37
2021-10-18,48.75,F,-96.95%,17939.17,588182.28,622820.51,-,3.50%,46.96,50.37
2021-10-19,49.23,F,-96.92%,18115.62,588182.28,622820.51,-,3.50%,46.96,50.37
2021-10-20,49.10,F,-96.93%,18069.48,588182.28,622820.51,-,3.50%,46.96,50.37
2021-10-21,49.28,F,-96.92%,18135.10,588182.28,622820.51,-,3.50%,46.96,50.37
2021-10-22,49.60,F,-96.90%,18251.79,588182.28,622820.51,-,3.50%,46.96,50.37
2021-10-25,49.80,F,-96.88%,18324.65,588182.28,622820.51,-,3.50%,46.96,50.37
2021-10-26,49.63,F,-96.92%,18115.31,588182.28,622970.01,-,3.50%,48.09,51.58
2021-10-27,48.98,F,-96.96%,17878.30,588182.28,622970.01,-,3.50%,48.09,51.58
2021-10-28,48.64,F,-96.98%,17754.10,588182.28,622970.01,-,3.50%,48.09,51.58
2021-10-29,49.09,F,-96.93%,18064.27,588328.12,622970.01,-,3.50%,46.91,50.31
2021-11-01,48.91,F,-96.94%,17997.72,588328.12,622970.01,-,3.50%,46.91,50.31
2021-11-02,48.40,F,-96.97%,17810.63,588328.12,622970.01,-,3.50%,46.91,50.31
2021-11-03,48.21,F,-96.98%,17741.69,588328.12,622970.01,-,3.50%,46.91,50.31
2021-11-04,48.69,F,-96.95%,17916.97,588328.12,622970.01,-,3.50%,46.91,50.31
2021-11-05,48.42,F,-96.97%,17819.83,588328.12,622970.01,-,3.50%,46.91,50.31
2021-11-08,48.48,F,-96.97%,17841.30,588328.12,622970.01,-,3.50%,46.91,50.31
2021-11-09,48.47,F,-96.97%,17836.02,588328.12,622970.01,-,3.50%,46.91,50.31
2021-11-10,48.21,F,-96.98%,17741.99,588328.12,622970.01,-,3.50%,46.91,50.31
2021-11-11,48.99,F,-96.94%,18027.04,588328.12,622970.01,-,3.50%,46.91,50.31
2021-11-12,48.88,F,-96.94%,17989.22,588328.12,622970.01,-,3.50%,46.91,50.31
2021-11-15,48.82,F,-96.95%,17967.15,588328.12,622970.01,-,3.50%,46.91,50.31
2021-11-16,48.83,F,-96.95%,17970.62,588328.12,622970.01,-,3.50%,46.91,50.31
2021-11-17,48.86,F,-96.94%,17979.58,588328.12,622970.01,-,3.50%,46.91,50.31
2021-11-18,48.38,F,-96.97%,17802.44,588328.12,622970.01,-,3.50%,46.91,50.31
2021-11-19,48.90,F,-96.94%,17995.41,588328.12,622970.01,-,3.50%,46.91,50.31
2021-11-22,49.12,F,-96.93%,18077.63,588328.12,622970.01,-,3.50%,46.91,50.31
2021-11-23,49.13,F,-96.93%,18081.11,588328.12,622970.01,-,3.50%,46.91,50.31
2021-11-24,49.17,F,-96.92%,18093.30,588328.12,622970.01,-,3.50%,46.91,50.31
2021-11-25,48.96,F,-96.94%,18018.91,588328.12,622970.01,-,3.50%,46.91,50.31
2021-11-26,48.60,F,-96.96%,17885.27,588328.12,622970.01,-,3.50%,46.91,50.31
2021-11-29,48.51,F,-96.97%,17853.24,588328.12,622970.01,-,3.50%,46.91,50.31
2021-11-30,48.32,F,-96.98%,17781.86,588328.12,622970.01,-,3.50%,46.91,50.31
2021-12-01,48.44,F,-96.97%,17825.37,588328.12,622970.01,-,3.50%,46.91,50.31
2021-12-02,48.56,F,-96.96%,17870.68,588328.12,622970.01,-,3.50%,46.91,50.31
2021-12-03,49.01,F,-96.93%,18035.74,588328.12,622970.01,-,3.50%,46.91,50.31
2021-12-06,48.93,F,-96.94%,18004.84,588328.12,622970.01,-,3.50%,46.91,50.31
2021-12-07,49.22,F,-96.92%,18113.33,588328.12,622970.01,-,3.50%,46.91,50.31
2021-12-08,49.96,F,-96.88%,18385.02,588328.12,622970.01,-,3.50%,46.91,50.31
2021-12-09,50.79,F,-96.85%,18537.22,588328.12,623120.03,-,3.50%,48.26,51.76
2021-12-10,50.55,F,-96.86%,18451.18,588328.12,623120.03,-,3.50%,48.26,51.76
2021-12-13,50.84,F,-96.85%,18555.87,588328.12,623120.03,-,3.50%,48.26,51.76
2021-12-14,50.50,F,-96.87%,18431.39,588328.12,623120.03,-,3.50%,48.26,51.76
2021-12-15,50.06,F,-96.89%,18271.53,588328.12,623120.03,-,3.50%,48.26,51.76
2021-12-16,50.35,F,-96.88%,18376.77,588328.12,623120.03,-,3.50%,48.26,51.76
2021-12-17,49.55,F,-96.93%,18084.87,588328.12,623120.03,-,3.50%,48.26,51.76
2021-12-20,48.80,F,-96.97%,17813.52,588328.12,623120.03,-,3.50%,48.26,51.76
2021-12-21,49.13,F,-96.93%,18081.63,588474.42,623120.03,-,3.50%,47.06,50.47
2021-12-22,49.14,F,-96.93%,18085.19,588474.42,623120.03,-,3.50%,47.06,50.47
2021-12-23,49.49,F,-96.91%,18211.36,588474.42,623120.03,-,3.50%,47.06,50.47
2021-12-24,49.21,F,-96.92%,18110.55,588474.42,623120.03,-,3.50%,47.06,50.47
2021-12-27,49.19,F,-96.92%,18103.11,588474.42,623120.03,-,3.50%,47.06,50.47
2021-12-28,49.56,F,-96.90%,18237.95,588474.42,623120.03,-,3.50%,47.06,50.47
2021-12-29,48.83,F,-96.95%,17971.21,588474.42,623120.03,-,3.50%,47.06,50.47
2021-12-30,49.22,F,-96.92%,18111.16,588474.42,623120.03,-,3.50%,47.06,50.47
2021-12-31,49.40,F,-96.91%,18180.57,588474.42,623120.03,-,3.50%,47.06,50.47
2022-01-04,49.18,F,-96.92%,18097.38,588474.42,623120.03,-,3.50%,47.06,50.47
2022-01-05,48.68,F,-96.96%,17914.68,588474.42,623120.03,-,3.50%,47.06,50.47
2022-01-06,48.18,F,-96.99%,17731.09,588474.42,623120.03,-,3.50%,47.06,50.47
2022-01-07,48.22,F,-96.98%,17746.32,588474.42,623120.03,-,3.50%,47.06,50.47
2022-01-10,48.44,F,-96.97%,17826.09,588474.42,623120.03,-,3.50%,47.06,50.47
2022-01-11,47.98,F,-97.00%,17655.81,588474.42,623120.03,-,3.50%,47.06,50.47
2022-01-12,48.46,F,-96.97%,17831.73,588474.42,623120.03,-,3.50%,47.06,50.47
2022-01-13,47.66,F,-97.02%,17538.58,588474.42,623120.03,-,3.50%,47.06,50.47
2022-01-14,47.27,F,-97.02%,17536.17,588616.73,623120.03,-,3.50%,45.78,49.10
2022-01-17,47.67,F,-97.00%,17686.59,588616.73,623120.03,-,3.50%,45.78,49.10
2022-01-18,48.13,F,-96.97%,17857.52,588616.73,623120.03,-,3.50%,45.78,49.10
2022-01-19,47.80,F,-96.99%,17735.20,588616.73,623120.03,-,3.50%,45.78,49.10
2022-01-20,48.24,F,-96.96%,17895.22,588616.73,623120.03,-,3.50%,45.78,49.10
2022-01-21,47.79,F,-96.99%,17731.26,588616.73,623120.03,-,3.50%,45.78,49.10
2022-01-24,47.87,F,-96.98%,17758.80,588616.73,623120.03,-,3.50%,45.78,49.10
2022-01-25,46.78,F,-97.05%,17357.05,588616.73,623120.03,-,3.50%,45.78,49.10
2022-01-26,47.12,F,-97.03%,17482.67,588616.73,623120.03,-,3.50%,45.78,49.10
2022-01-27,46.20,F,-97.09%,17139.74,588616.73,623120.03,-,3.50%,45.78,49.10
2022-01-28,45.64,F,-97.10%,17068.51,588755.99,623120.03,-,3.50%,44.79,48.04
2022-02-07,46.34,F,-97.06%,17331.50,588755.99,623120.03,-,3.50%,44.79,48.04
2022-02-08,46.09,F,-97.07%,17236.81,588755.99,623120.03,-,3.50%,44.79,48.04
2022-02-09,46.52,F,-97.04%,17398.71,588755.99,623120.03,-,3.50%,44.79,48.04
2022-02-10,46.40,F,-97.05%,17353.09,588755.99,623120.03,-,3.50%,44.79,48.04
2022-02-11,46.01,F,-97.08%,17209.22,588755.99,623120.03,-,3.50%,44.79,48.04
2022-02-14,45.52,F,-97.11%,17023.31,588755.99,623120.03,-,3.50%,44.79,48.04
2022-02-15,46.00,F,-97.08%,17204.38,588755.99,623120.03,-,3.50%,44.79,48.04
2022-02-16,46.18,F,-97.07%,17271.28,588755.99,623120.03,-,3.50%,44.79,48.04
2022-02-17,46.29,F,-97.06%,17313.08,588755.99,623120.03,-,3.50%,44.79,48.04
2022-02-18,46.51,F,-97.05%,17395.62,588755.99,623120.03,-,3.50%,44.79,48.04
2022-02-21,46.34,F,-97.06%,17332.33,588755.99,623120.03,-,3.50%,44.79,48.04
2022-02-22,45.74,F,-97.09%,17107.33,588755.99,623120.03,-,3.50%,44.79,48.04
2022-02-23,46.23,F,-97.06%,17290.19,588755.99,623120.03,-,3.50%,44.79,48.04
2022-02-24,45.29,F,-97.12%,16939.65,588755.99,623120.03,-,3.50%,44.79,48.04
2022-02-25,45.73,F,-97.07%,17241.81,588892.93,623120.03,-,3.50%,44.05,47.24
2022-02-28,45.82,F,-97.07%,17272.81,588892.93,623120.03,-,3.50%,44.05,47.24
2022-03-01,46.20,F,-97.04%,17416.22,588892.93,623120.03,-,3.50%,44.05,47.24
2022-03-02,45.79,F,-97.07%,17261.32,588892.93,623120.03,-,3.50%,44.05,47.24
2022-03-03,45.52,F,-97.09%,17159.64,588892.93,623120.03,-,3.50%,44.05,47.24
2022-03-04,44.96,F,-97.12%,16951.54,588892.93,623120.03,-,3.50%,44.05,47.24
2022-03-07,43.53,F,-97.21%,16409.97,588892.93,623120.03,-,3.50%,44.05,47.24
2022-03-08,42.65,F,-97.25%,16208.49,589023.78,623120.03,-,3.50%,42.09,45.14
2022-03-09,42.26,F,-97.25%,16186.91,589152.21,623120.03,-,3.50%,41.31,44.31
2022-03-10,42.93,F,-97.21%,16441.57,589152.21,623120.03,-,3.50%,41.31,44.31
2022-03-11,43.07,F,-97.20%,16493.98,589152.21,623120.03,-,3.50%,41.31,44.31
2022-03-14,41.75,F,-97.29%,15989.32,589152.21,623120.03,-,3.50%,41.31,44.31
2022-03-15,39.84,F,-97.39%,15377.51,589275.97,623120.03,-,3.50%,39.81,42.70
2022-03-16,41.56,F,-97.26%,16167.16,589397.56,623120.03,-,3.50%,39.11,41.95
2022-03-17,42.38,F,-97.22%,16357.51,589397.56,623247.16,-,3.50%,40.89,43.86
2022-03-18,42.66,F,-97.21%,16466.38,589397.56,623247.16,-,3.50%,40.89,43.86
2022-03-21,42.59,F,-97.21%,16438.76,589397.56,623247.16,-,3.50%,40.89,43.86
2022-03-22,42.55,F,-97.21%,16425.44,589397.56,623247.16,-,3.50%,40.89,43.86
2022-03-23,42.77,F,-97.20%,16507.36,589397.56,623247.16,-,3.50%,40.89,43.86
2022-03-24,42.51,F,-97.22%,16410.04,589397.56,623247.16,-,3.50%,40.89,43.86
2022-03-25,41.75,F,-97.27%,16113.86,589397.56,623247.16,-,3.50%,40.89,43.86
2022-03-28,41.48,F,-97.28%,16013.08,589397.56,623247.16,-,3.50%,40.89,43.86
2022-03-29,41.34,F,-97.27%,16081.82,589522.23,623247.16,-,3.50%,40.10,43.01
2022-03-30,42.54,F,-97.19%,16548.44,589522.23,623247.16,-,3.50%,40.10,43.01
2022-03-31,42.23,F,-97.24%,16299.22,589522.23,623374.20,-,3.50%,40.87,43.83
2022-04-01,42.76,F,-97.20%,16505.97,589522.23,623374.20,-,3.50%,40.87,43.83
2022-04-06,42.64,F,-97.21%,16458.43,589522.23,623374.20,-,3.50%,40.87,43.83
2022-04-07,42.09,F,-97.24%,16247.13,589522.23,623374.20,-,3.50%,40.87,43.83
2022-04-08,42.31,F,-97.23%,16330.76,589522.23,623374.20,-,3.50%,40.87,43.83
2022-04-11,41.00,F,-97.32%,15826.27,589522.23,623374.20,-,3.50%,40.87,43.83
2022-04-12,41.80,F,-97.24%,16260.09,589645.32,623374.20,-,3.50%,39.59,42.47
2022-04-13,41.40,F,-97.27%,16103.58,589645.32,623374.20,-,3.50%,39.59,42.47
2022-04-14,41.92,F,-97.23%,16305.20,589645.32,623374.20,-,3.50%,39.59,42.47
2022-04-15,41.89,F,-97.26%,16168.56,589645.32,623499.07,-,3.50%,40.17,43.08
2022-04-18,41.66,F,-97.27%,16082.24,589645.32,623499.07,-,3.50%,40.17,43.08
2022-04-19,41.35,F,-97.29%,15960.72,589645.32,623499.07,-,3.50%,40.17,43.08
2022-04-20,40.71,F,-97.34%,15713.25,589645.32,623499.07,-,3.50%,40.17,43.08
2022-04-21,39.96,F,-97.36%,15543.78,589766.78,623499.07,-,3.50%,39.07,41.90
2022-04-22,40.13,F,-97.35%,15611.54,589766.78,623499.07,-,3.50%,39.07,41.90
2022-04-25,38.15,F,-97.48%,14840.01,589766.78,623499.07,-,3.50%,39.07,41.90
2022-04-26,37.84,F,-97.49%,14833.75,589881.45,623499.07,-,3.50%,36.89,39.56
2022-04-27,38.96,F,-97.41%,15270.50,589881.45,623499.07,-,3.50%,36.89,39.56
2022-04-28,39.21,F,-97.39%,15370.74,589881.45,623499.07,-,3.50%,36.89,39.56
2022-04-29,40.16,F,-97.35%,15623.18,589881.45,623617.26,-,3.50%,38.02,40.78
2022-05-05,40.10,F,-97.36%,15599.72,589881.45,623617.26,-,3.50%,38.02,40.78
2022-05-06,39.09,F,-97.42%,15205.29,589881.45,623617.26,-,3.50%,38.02,40.78
2022-05-09,38.77,F,-97.44%,15083.23,589881.45,623617.26,-,3.50%,38.02,40.78
2022-05-10,39.20,F,-97.42%,15248.29,589881.45,623617.26,-,3.50%,38.02,40.78
2022-05-11,39.76,F,-97.38%,15468.29,589881.45,623617.26,-,3.50%,38.02,40.78
2022-05-12,39.59,F,-97.39%,15399.50,589881.45,623617.26,-,3.50%,38.02,40.78
2022-05-13,39.89,F,-97.37%,15515.65,589881.45,623617.26,-,3.50%,38.02,40.78
2022-05-16,39.57,F,-97.39%,15390.93,589881.45,623617.26,-,3.50%,38.02,40.78
2022-05-17,40.06,F,-97.36%,15582.93,589881.45,623617.26,-,3.50%,38.02,40.78
2022-05-18,39.92,F,-97.37%,15528.52,589881.45,623617.26,-,3.50%,38.02,40.78
2022-05-19,40.00,F,-97.36%,15558.44,589881.45,623617.26,-,3.50%,38.02,40.78
2022-05-20,40.78,F,-97.31%,15861.86,589881.45,623617.26,-,3.50%,38.02,40.78
2022-05-23,40.54,F,-97.35%,15648.37,589881.45,623739.69,-,3.50%,39.38,42.24
2022-05-24,39.59,F,-97.41%,15282.33,589881.45,623739.69,-,3.50%,39.38,42.24
2022-05-25,39.83,F,-97.37%,15494.56,590000.24,623739.69,-,3.50%,38.21,40.98
2022-05-26,39.93,F,-97.37%,15532.94,590000.24,623739.69,-,3.50%,38.21,40.98
2022-05-27,40.01,F,-97.36%,15565.05,590000.24,623739.69,-,3.50%,38.21,40.98
2022-05-30,40.29,F,-97.34%,15672.88,590000.24,623739.69,-,3.50%,38.21,40.98
2022-05-31,40.92,F,-97.30%,15916.00,590000.24,623739.69,-,3.50%,38.21,40.98
2022-06-01,40.83,F,-97.33%,15761.06,590000.24,623862.28,-,3.50%,39.44,42.30
2022-06-02,40.90,F,-97.32%,15785.73,590000.24,623862.28,-,3.50%,39.44,42.30
2022-06-06,41.66,F,-97.27%,16081.09,590000.24,623862.28,-,3.50%,39.44,42.30
2022-06-07,41.79,F,-97.27%,16131.44,590000.24,623862.28,-,3.50%,39.44,42.30
2022-06-08,42.20,F,-97.26%,16161.88,590000.24,623987.90,-,3.50%,40.41,43.34
2022-06-09,41.76,F,-97.29%,15992.83,590000.24,623987.90,-,3.50%,40.41,43.34
2022-06-10,42.39,F,-97.25%,16235.35,590000.24,623987.90,-,3.50%,40.41,43.34
2022-06-13,41.89,F,-97.28%,16045.22,590000.24,623987.90,-,3.50%,40.41,43.34
2022-06-14,42.22,F,-97.26%,16171.45,590000.24,623987.90,-,3.50%,40.41,43.34
2022-06-15,42.78,F,-97.22%,16385.57,590000.24,623987.90,-,3.50%,40.41,43.34
2022-06-16,42.50,F,-97.26%,16150.23,590000.24,624116.36,-,3.50%,41.32,44.32
2022-06-17,43.09,F,-97.22%,16374.37,590000.24,624116.36,-,3.50%,41.32,44.32
2022-06-20,43.30,F,-97.21%,16455.64,590000.24,624116.36,-,3.50%,41.32,44.32
2022-06-21,43.26,F,-97.21%,16437.15,590000.24,624116.36,-,3.50%,41.32,44.32
2022-06-22,42.71,F,-97.25%,16228.37,590000.24,624116.36,-,3.50%,41.32,44.32
2022-06-23,43.44,F,-97.20%,16506.74,590000.24,624116.36,-,3.50%,41.32,44.32
2022-06-24,43.95,F,-97.17%,16700.13,590000.24,624116.36,-,3.50%,41.32,44.32
2022-06-27,44.44,F,-97.16%,16754.87,590000.24,624248.79,-,3.50%,42.60,45.69
2022-06-28,44.91,F,-97.13%,16929.25,590000.24,624248.79,-,3.50%,42.60,45.69
2022-06-29,44.21,F,-97.17%,16668.52,590000.24,624248.79,-,3.50%,42.60,45.69
2022-06-30,44.85,F,-97.13%,16908.49,590000.24,624248.79,-,3.50%,42.60,45.69
2022-07-01,44.67,F,-97.15%,16839.53,590000.24,624248.79,-,3.50%,42.60,45.69
2022-07-04,44.96,F,-97.13%,16950.03,590000.24,624248.79,-,3.50%,42.60,45.69
2022-07-05,44.90,F,-97.13%,16925.56,590000.24,624248.79,-,3.50%,42.60,45.69
2022-07-06,44.24,F,-97.17%,16678.37,590000.24,624248.79,-,3.50%,42.60,45.69
2022-07-07,44.43,F,-97.16%,16751.90,590000.24,624248.79,-,3.50%,42.60,45.69
2022-07-08,44.29,F,-97.17%,16696.50,590000.24,624248.79,-,3.50%,42.60,45.69
2022-07-11,43.55,F,-97.22%,16416.90,590000.24,624248.79,-,3.50%,42.60,45.69
2022-07-12,43.14,F,-97.24%,16262.34,590000.24,624248.79,-,3.50%,42.60,45.69
2022-07-13,43.21,F,-97.22%,16421.55,590129.65,624248.79,-,3.50%,41.62,44.64
2022-07-14,43.22,F,-97.22%,16423.88,590129.65,624248.79,-,3.50%,41.62,44.64
2022-07-15,42.49,F,-97.26%,16144.40,590129.65,624248.79,-,3.50%,41.62,44.64
2022-07-18,42.93,F,-97.24%,16311.83,590129.65,624248.79,-,3.50%,41.62,44.64
2022-07-19,42.69,F,-97.25%,16223.49,590129.65,624248.79,-,3.50%,41.62,44.64
2022-07-20,42.84,F,-97.24%,16278.45,590129.65,624248.79,-,3.50%,41.62,44.64
2022-07-21,42.36,F,-97.27%,16097.02,590129.65,624248.79,-,3.50%,41.62,44.64
2022-07-22,42.38,F,-97.27%,16105.29,590129.65,624248.79,-,3.50%,41.62,44.64
2022-07-25,42.13,F,-97.29%,16008.05,590129.65,624248.79,-,3.50%,41.62,44.64
2022-07-26,42.46,F,-97.24%,16262.09,590256.25,624248.79,-,3.50%,40.72,43.68
2022-07-27,42.25,F,-97.26%,16181.89,590256.25,624248.79,-,3.50%,40.72,43.68
2022-07-28,42.26,F,-97.26%,16184.33,590256.25,624248.79,-,3.50%,40.72,43.68
2022-07-29,41.70,F,-97.29%,15971.49,590256.25,624248.79,-,3.50%,40.72,43.68
2022-08-01,41.89,F,-97.28%,16042.64,590256.25,624248.79,-,3.50%,40.72,43.68
2022-08-02,41.07,F,-97.34%,15729.90,590256.25,624248.79,-,3.50%,40.72,43.68
2022-08-03,40.67,F,-97.34%,15698.53,590379.69,624248.79,-,3.50%,39.71,42.59
2022-08-04,41.02,F,-97.32%,15831.93,590379.69,624248.79,-,3.50%,39.71,42.59
2022-08-05,41.57,F,-97.28%,16045.68,590379.69,624248.79,-,3.50%,39.71,42.59
2022-08-08,41.48,F,-97.29%,16011.57,590379.69,624248.79,-,3.50%,39.71,42.59
2022-08-09,41.56,F,-97.28%,16043.28,590379.69,624248.79,-,3.50%,39.71,42.59
2022-08-10,41.10,F,-97.31%,15863.59,590379.69,624248.79,-,3.50%,39.71,42.59
2022-08-11,41.94,F,-97.26%,16187.08,590379.69,624248.79,-,3.50%,39.71,42.59
2022-08-12,41.91,F,-97.26%,16177.85,590379.69,624248.79,-,3.50%,39.71,42.59
2022-08-15,41.86,F,-97.26%,16156.72,590379.69,624248.79,-,3.50%,39.71,42.59
2022-08-16,41.78,F,-97.27%,16126.45,590379.69,624248.79,-,3.50%,39.71,42.59
2022-08-17,42.17,F,-97.24%,16277.46,590379.69,624248.79,-,3.50%,39.71,42.59
2022-08-18,41.80,F,-97.29%,16009.78,590379.69,624374.97,-,3.50%,40.59,43.53
2022-08-19,41.51,F,-97.31%,15898.61,590379.69,624374.97,-,3.50%,40.59,43.53
2022-08-22,41.81,F,-97.29%,16014.75,590379.69,624374.97,-,3.50%,40.59,43.53
2022-08-23,41.61,F,-97.30%,15936.95,590379.69,624374.97,-,3.50%,40.59,43.53
2022-08-24,40.82,F,-97.35%,15635.67,590379.69,624374.97,-,3.50%,40.59,43.53
2022-08-25,41.16,F,-97.31%,15888.68,590502.49,624374.97,-,3.50%,39.50,42.37
2022-08-26,41.08,F,-97.31%,15855.13,590502.49,624374.97,-,3.50%,39.50,42.37
2022-08-29,40.90,F,-97.33%,15785.55,590502.49,624374.97,-,3.50%,39.50,42.37
2022-08-30,40.76,F,-97.34%,15732.56,590502.49,624374.97,-,3.50%,39.50,42.37
2022-08-31,40.79,F,-97.33%,15744.32,590502.49,624374.97,-,3.50%,39.50,42.37
2022-09-01,40.44,F,-97.36%,15608.83,590502.49,624374.97,-,3.50%,39.50,42.37
2022-09-02,40.24,F,-97.37%,15531.15,590502.49,624374.97,-,3.50%,39.50,42.37
2022-09-05,40.15,F,-97.38%,15499.55,590502.49,624374.97,-,3.50%,39.50,42.37
2022-09-06,40.52,F,-97.35%,15641.80,590502.49,624374.97,-,3.50%,39.50,42.37
2022-09-07,40.55,F,-97.35%,15652.23,590502.49,624374.97,-,3.50%,39.50,42.37
2022-09-08,40.38,F,-97.36%,15585.46,590502.49,624374.97,-,3.50%,39.50,42.37
2022-09-09,40.94,F,-97.32%,15802.02,590502.49,624374.97,-,3.50%,39.50,42.37
2022-09-13,41.11,F,-97.31%,15868.90,590502.49,624374.97,-,3.50%,39.50,42.37
2022-09-14,40.65,F,-97.34%,15692.29,590502.49,624374.97,-,3.50%,39.50,42.37
2022-09-15,40.27,F,-97.37%,15544.68,590502.49,624374.97,-,3.50%,39.50,42.37
2022-09-16,39.33,F,-97.43%,15180.15,590502.49,624374.97,-,3.50%,39.50,42.37
2022-09-19,39.28,F,-97.41%,15279.92,590620.34,624374.97,-,3.50%,37.91,40.66
2022-09-20,39.33,F,-97.41%,15298.73,590620.34,624374.97,-,3.50%,37.91,40.66
2022-09-21,39.04,F,-97.43%,15185.53,590620.34,624374.97,-,3.50%,37.91,40.66
2022-09-22,38.69,F,-97.45%,15051.75,590620.34,624374.97,-,3.50%,37.91,40.66
2022-09-23,38.56,F,-97.46%,14999.92,590620.34,624374.97,-,3.50%,37.91,40.66
2022-09-26,38.37,F,-97.47%,14924.67,590620.34,624374.97,-,3.50%,37.91,40.66
2022-09-27,38.92,F,-97.42%,15257.80,590735.67,624374.97,-,3.50%,37.10,39.79
2022-09-28,38.29,F,-97.46%,15008.54,590735.67,624374.97,-,3.50%,37.10,39.79
2022-09-29,38.27,F,-97.46%,15002.40,590735.67,624374.97,-,3.50%,37.10,39.79
2022-09-30,38.05,F,-97.48%,14915.15,590735.67,624374.97,-,3.50%,37.10,39.79
2022-10-10,37.21,F,-97.53%,14586.07,590735.67,624374.97,-,3.50%,37.10,39.79
2022-10-11,37.28,F,-97.51%,14724.36,590847.63,624374.97,-,3.50%,36.01,38.63
2022-10-12,37.84,F,-97.47%,14948.01,590847.63,624374.97,-,3.50%,36.01,38.63
2022-10-13,37.53,F,-97.49%,14823.06,590847.63,624374.97,-,3.50%,36.01,38.63
2022-10-14,38.42,F,-97.43%,15177.76,590847.63,624374.97,-,3.50%,36.01,38.63
2022-10-17,38.46,F,-97.45%,15077.93,590847.63,624489.63,-,3.50%,36.88,39.56
2022-10-18,38.38,F,-97.45%,15046.01,590847.63,624489.63,-,3.50%,36.88,39.56
2022-10-19,37.77,F,-97.49%,14804.01,590847.63,624489.63,-,3.50%,36.88,39.56
2022-10-20,37.55,F,-97.51%,14719.31,590847.63,624489.63,-,3.50%,36.88,39.56
2022-10-21,37.43,F,-97.52%,14672.14,590847.63,624489.63,-,3.50%,36.88,39.56
2022-10-24,36.33,F,-97.57%,14351.82,590959.46,624489.63,-,3.50%,35.97,38.58
2022-10-25,36.27,F,-97.56%,14437.27,591068.12,624489.63,-,3.50%,34.95,37.49
2022-10-26,36.57,F,-97.54%,14554.47,591068.12,624489.63,-,3.50%,34.95,37.49
2022-10-27,36.31,F,-97.55%,14451.96,591068.12,624489.63,-,3.50%,34.95,37.49
2022-10-28,35.41,F,-97.62%,14094.49,591068.12,624489.63,-,3.50%,34.95,37.49
2022-10-31,35.09,F,-97.62%,14069.90,591173.26,624489.63,-,3.50%,33.82,36.27
2022-11-01,36.34,F,-97.53%,14573.03,591173.26,624489.63,-,3.50%,33.82,36.27
2022-11-02,36.78,F,-97.53%,14600.89,591173.26,624634.45,-,3.50%,34.94,37.47
2022-11-03,36.48,F,-97.55%,14482.15,591173.26,624634.45,-,3.50%,34.94,37.47
2022-11-04,37.67,F,-97.47%,14955.68,591173.26,624634.45,-,3.50%,34.94,37.47
2022-11-07,37.75,F,-97.48%,14874.67,591173.26,624747.08,-,3.50%,36.23,38.86
2022-11-08,37.49,F,-97.50%,14772.34,591173.26,624747.08,-,3.50%,36.23,38.86
2022-11-09,37.14,F,-97.52%,14634.23,591173.26,624747.08,-,3.50%,36.23,38.86
2022-11-10,36.86,F,-97.54%,14521.61,591173.26,624747.08,-,3.50%,36.23,38.86
2022-11-11,37.88,F,-97.48%,14926.45,591173.26,624747.08,-,3.50%,36.23,38.86
2022-11-14,37.94,F,-97.47%,14948.43,591173.26,624747.08,-,3.50%,36.23,38.86
2022-11-15,38.66,F,-97.42%,15231.93,591173.26,624747.08,-,3.50%,36.23,38.86
2022-11-16,38.34,F,-97.46%,14992.46,591173.26,624862.91,-,3.50%,37.26,39.96
2022-11-17,38.19,F,-97.47%,14930.98,591173.26,624862.91,-,3.50%,37.26,39.96
2022-11-18,38.02,F,-97.49%,14864.13,591173.26,624862.91,-,3.50%,37.26,39.96
2022-11-21,37.69,F,-97.51%,14737.29,591173.26,624862.91,-,3.50%,37.26,39.96
2022-11-22,37.70,F,-97.49%,14852.12,591286.24,624862.91,-,3.50%,36.34,38.98
2022-11-23,37.74,F,-97.49%,14867.70,591286.24,624862.91,-,3.50%,36.34,38.98
2022-11-24,37.57,F,-97.50%,14801.82,591286.24,624862.91,-,3.50%,36.34,38.98
2022-11-25,37.76,F,-97.48%,14876.56,591286.24,624862.91,-,3.50%,36.34,38.98
2022-11-28,37.33,F,-97.51%,14708.98,591286.24,624862.91,-,3.50%,36.34,38.98
2022-11-29,38.48,F,-97.44%,15162.78,591286.24,624862.91,-,3.50%,36.34,38.98
2022-11-30,38.53,F,-97.45%,15065.37,591286.24,624978.00,-,3.50%,37.02,39.71
2022-12-01,38.95,F,-97.42%,15228.55,591286.24,624978.00,-,3.50%,37.02,39.71
2022-12-02,38.71,F,-97.44%,15135.41,591286.24,624978.00,-,3.50%,37.02,39.71
2022-12-05,39.47,F,-97.39%,15432.28,591286.24,624978.00,-,3.50%,37.02,39.71
2022-12-06,39.68,F,-97.40%,15396.61,591286.24,625095.87,-,3.50%,37.91,40.67
2022-12-07,39.58,F,-97.40%,15358.75,591286.24,625095.87,-,3.50%,37.91,40.67
2022-12-08,39.59,F,-97.40%,15361.62,591286.24,625095.87,-,3.50%,37.91,40.67
2022-12-09,39.98,F,-97.38%,15513.19,591286.24,625095.87,-,3.50%,37.91,40.67
2022-12-12,39.53,F,-97.41%,15339.36,591286.24,625095.87,-,3.50%,37.91,40.67
2022-12-13,39.46,F,-97.41%,15309.24,591286.24,625095.87,-,3.50%,37.91,40.67
2022-12-14,39.55,F,-97.40%,15344.96,591286.24,625095.87,-,3.50%,37.91,40.67
2022-12-15,39.52,F,-97.41%,15333.72,591286.24,625095.87,-,3.50%,37.91,40.67
2022-12-16,39.54,F,-97.41%,15342.40,591286.24,625095.87,-,3.50%,37.91,40.67
2022-12-19,38.93,F,-97.45%,15105.70,591286.24,625095.87,-,3.50%,37.91,40.67
2022-12-20,38.29,F,-97.49%,14856.59,591286.24,625095.87,-,3.50%,37.91,40.67
2022-12-21,38.31,F,-97.47%,14977.41,591401.41,625095.87,-,3.50%,37.05,39.73
2022-12-22,38.36,F,-97.46%,14998.87,591401.41,625095.87,-,3.50%,37.05,39.73
2022-12-23,38.28,F,-97.47%,14968.34,591401.41,625095.87,-,3.50%,37.05,39.73
2022-12-26,38.43,F,-97.46%,15028.04,591401.41,625095.87,-,3.50%,37.05,39.73
2022-12-27,38.88,F,-97.43%,15201.51,591401.41,625095.87,-,3.50%,37.05,39.73
2022-12-28,38.71,F,-97.44%,15136.64,591401.41,625095.87,-,3.50%,37.05,39.73
2022-12-29,38.57,F,-97.45%,15079.70,591401.41,625095.87,-,3.50%,37.05,39.73
2022-12-30,38.72,F,-97.44%,15138.09,591401.41,625095.87,-,3.50%,37.05,39.73
2023-01-03,38.88,F,-97.43%,15201.69,591401.41,625095.87,-,3.50%,37.05,39.73
2023-01-04,38.93,F,-97.43%,15221.43,591401.41,625095.87,-,3.50%,37.05,39.73
2023-01-05,39.69,F,-97.38%,15517.14,591401.41,625095.87,-,3.50%,37.05,39.73
2023-01-06,39.81,F,-97.39%,15445.85,591401.41,625214.96,-,3.50%,38.31,41.08
2023-01-09,40.13,F,-97.37%,15570.90,591401.41,625214.96,-,3.50%,38.31,41.08
2023-01-10,40.17,F,-97.36%,15587.80,591401.41,625214.96,-,3.50%,38.31,41.08
2023-01-11,40.10,F,-97.37%,15558.92,591401.41,625214.96,-,3.50%,38.31,41.08
2023-01-12,40.18,F,-97.36%,15589.33,591401.41,625214.96,-,3.50%,38.31,41.08
2023-01-13,40.74,F,-97.33%,15808.58,591401.41,625214.96,-,3.50%,38.31,41.08
2023-01-16,41.38,F,-97.31%,15931.16,591401.41,625337.30,-,3.50%,39.35,42.21
2023-01-17,41.37,F,-97.31%,15928.38,591401.41,625337.30,-,3.50%,39.35,42.21
2023-01-18,41.30,F,-97.31%,15901.71,591401.41,625337.30,-,3.50%,39.35,42.21
2023-01-19,41.56,F,-97.29%,16000.63,591401.41,625337.30,-,3.50%,39.35,42.21
2023-01-20,41.82,F,-97.28%,16098.88,591401.41,625337.30,-,3.50%,39.35,42.21
2023-01-30,42.01,F,-97.29%,16049.14,591401.41,625465.33,-,3.50%,41.18,44.17
2023-01-31,41.57,F,-97.31%,15879.20,591401.41,625465.33,-,3.50%,41.18,44.17
2023-02-01,41.96,F,-97.27%,16154.34,591526.51,625465.33,-,3.50%,40.24,43.16
2023-02-02,41.81,F,-97.28%,16097.42,591526.51,625465.33,-,3.50%,40.24,43.16
2023-02-03,41.42,F,-97.30%,15945.28,591526.51,625465.33,-,3.50%,40.24,43.16
2023-02-06,40.87,F,-97.34%,15734.48,591526.51,625465.33,-,3.50%,40.24,43.16
2023-02-07,40.94,F,-97.34%,15762.80,591526.51,625465.33,-,3.50%,40.24,43.16
2023-02-08,40.76,F,-97.35%,15693.14,591526.51,625465.33,-,3.50%,40.24,43.16
2023-02-09,41.31,F,-97.29%,16027.72,591648.54,625465.33,-,3.50%,39.25,42.10
2023-02-10,41.06,F,-97.31%,15932.48,591648.54,625465.33,-,3.50%,39.25,42.10
2023-02-13,41.44,F,-97.28%,16077.07,591648.54,625465.33,-,3.50%,39.25,42.10
2023-02-14,41.45,F,-97.28%,16083.73,591648.54,625465.33,-,3.50%,39.25,42.10
2023-02-15,41.24,F,-97.30%,15999.91,591648.54,625465.33,-,3.50%,39.25,42.10
2023-02-16,40.93,F,-97.32%,15882.73,591648.54,625465.33,-,3.50%,39.25,42.10
2023-02-17,40.35,F,-97.35%,15653.89,591648.54,625465.33,-,3.50%,39.25,42.10
2023-02-20,41.33,F,-97.29%,16037.94,591648.54,625465.33,-,3.50%,39.25,42.10
2023-02-21,41.44,F,-97.28%,16080.09,591648.54,625465.33,-,3.50%,39.25,42.10
2023-02-22,41.07,F,-97.31%,15934.97,591648.54,625465.33,-,3.50%,39.25,42.10
2023-02-23,41.04,F,-97.31%,15922.15,591648.54,625465.33,-,3.50%,39.25,42.10
2023-02-24,40.61,F,-97.34%,15756.86,591648.54,625465.33,-,3.50%,39.25,42.10
2023-02-27,40.44,F,-97.35%,15690.12,591648.54,625465.33,-,3.50%,39.25,42.10
2023-02-28,40.69,F,-97.33%,15789.50,591648.54,625465.33,-,3.50%,39.25,42.10
2023-03-01,41.27,F,-97.29%,16012.53,591648.54,625465.33,-,3.50%,39.25,42.10
2023-03-02,41.18,F,-97.30%,15976.82,591648.54,625465.33,-,3.50%,39.25,42.10
2023-03-03,41.31,F,-97.29%,16026.54,591648.54,625465.33,-,3.50%,39.25,42.10
2023-03-06,41.09,F,-97.31%,15942.96,591648.54,625465.33,-,3.50%,39.25,42.10
2023-03-07,40.49,F,-97.34%,15709.55,591648.54,625465.33,-,3.50%,39.25,42.10
2023-03-08,40.34,F,-97.35%,15652.34,591648.54,625465.33,-,3.50%,39.25,42.10
2023-03-09,40.20,F,-97.36%,15597.02,591648.54,625465.33,-,3.50%,39.25,42.10
2023-03-10,39.67,F,-97.40%,15392.48,591648.54,625465.33,-,3.50%,39.25,42.10
2023-03-13,40.09,F,-97.35%,15673.96,591767.42,625465.33,-,3.50%,38.24,41.01
2023-03-14,39.85,F,-97.37%,15580.16,591767.42,625465.33,-,3.50%,38.24,41.01
2023-03-15,39.87,F,-97.37%,15588.79,591767.42,625465.33,-,3.50%,38.24,41.01
2023-03-16,39.39,F,-97.40%,15402.08,591767.42,625465.33,-,3.50%,38.24,41.01
2023-03-17,39.59,F,-97.38%,15478.98,591767.42,625465.33,-,3.50%,38.24,41.01
2023-03-20,39.39,F,-97.40%,15401.79,591767.42,625465.33,-,3.50%,38.24,41.01
2023-03-21,39.82,F,-97.37%,15571.10,591767.42,625465.33,-,3.50%,38.24,41.01
2023-03-22,39.99,F,-97.36%,15637.82,591767.42,625465.33,-,3.50%,38.24,41.01
2023-03-23,40.39,F,-97.33%,15792.84,591767.42,625465.33,-,3.50%,38.24,41.01
2023-03-24,40.27,F,-97.34%,15745.75,591767.42,625465.33,-,3.50%,38.24,41.01
2023-03-27,40.12,F,-97.35%,15688.79,591767.42,625465.33,-,3.50%,38.24,41.01
2023-03-28,40.00,F,-97.36%,15638.10,591767.42,625465.33,-,3.50%,38.24,41.01
2023-03-29,40.06,F,-97.35%,15664.02,591767.42,625465.33,-,3.50%,38.24,41.01
2023-03-30,40.39,F,-97.33%,15790.64,591767.42,625465.33,-,3.50%,38.24,41.01
2023-03-31,40.51,F,-97.32%,15839.12,591767.42,625465.33,-,3.50%,38.24,41.01
2023-04-03,40.91,F,-97.32%,15871.40,591767.42,625587.11,-,3.50%,39.18,42.02
2023-04-04,41.03,F,-97.31%,15920.05,591767.42,625587.11,-,3.50%,39.18,42.02
2023-04-06,40.97,F,-97.31%,15894.96,591767.42,625587.11,-,3.50%,39.18,42.02
2023-04-07,41.23,F,-97.30%,15998.33,591767.42,625587.11,-,3.50%,39.18,42.02
2023-04-10,41.05,F,-97.31%,15926.67,591767.42,625587.11,-,3.50%,39.18,42.02
2023-04-11,41.00,F,-97.31%,15908.57,591767.42,625587.11,-,3.50%,39.18,42.02
2023-04-12,40.97,F,-97.31%,15897.48,591767.42,625587.11,-,3.50%,39.18,42.02
2023-04-13,40.69,F,-97.33%,15787.64,591767.42,625587.11,-,3.50%,39.18,42.02
2023-04-14,40.92,F,-97.32%,15876.96,591767.42,625587.11,-,3.50%,39.18,42.02
2023-04-17,41.49,F,-97.28%,16099.61,591767.42,625587.11,-,3.50%,39.18,42.02
2023-04-18,41.62,F,-97.29%,16023.82,591767.42,625711.29,-,3.50%,39.94,42.84
2023-04-19,41.25,F,-97.32%,15879.55,591767.42,625711.29,-,3.50%,39.94,42.84
2023-04-20,41.13,F,-97.32%,15835.12,591767.42,625711.29,-,3.50%,39.94,42.84
2023-04-21,40.33,F,-97.38%,15525.38,591767.42,625711.29,-,3.50%,39.94,42.84
2023-04-24,39.83,F,-97.39%,15452.65,591888.36,625711.29,-,3.50%,38.90,41.72
2023-04-25,39.63,F,-97.40%,15375.14,591888.36,625711.29,-,3.50%,38.90,41.72
2023-04-26,39.59,F,-97.40%,15361.82,591888.36,625711.29,-,3.50%,38.90,41.72
2023-04-27,39.88,F,-97.39%,15475.06,591888.36,625711.29,-,3.50%,38.90,41.72
2023-04-28,40.29,F,-97.36%,15632.85,591888.36,625711.29,-,3.50%,38.90,41.72
2023-05-04,40.30,F,-97.36%,15637.36,591888.36,625711.29,-,3.50%,38.90,41.72
2023-05-05,40.17,F,-97.37%,15585.48,591888.36,625711.29,-,3.50%,38.90,41.72
2023-05-08,40.63,F,-97.34%,15763.13,591888.36,625711.29,-,3.50%,38.90,41.72
2023-05-09,40.28,F,-97.36%,15628.16,591888.36,625711.29,-,3.50%,38.90,41.72
2023-05-10,39.97,F,-97.38%,15507.85,591888.36,625711.29,-,3.50%,38.90,41.72
2023-05-11,39.91,F,-97.38%,15483.78,591888.36,625711.29,-,3.50%,38.90,41.72
2023-05-12,39.38,F,-97.42%,15278.52,591888.36,625711.29,-,3.50%,38.90,41.72
2023-05-15,39.99,F,-97.36%,15635.65,592006.52,625711.29,-,3.50%,38.01,40.77
2023-05-16,39.78,F,-97.37%,15554.78,592006.52,625711.29,-,3.50%,38.01,40.77
2023-05-17,39.60,F,-97.38%,15484.25,592006.52,625711.29,-,3.50%,38.01,40.77
2023-05-18,39.56,F,-97.39%,15468.23,592006.52,625711.29,-,3.50%,38.01,40.77
2023-05-19,39.45,F,-97.39%,15423.15,592006.52,625711.29,-,3.50%,38.01,40.77
2023-05-22,39.69,F,-97.38%,15520.07,592006.52,625711.29,-,3.50%,38.01,40.77
2023-05-23,39.13,F,-97.42%,15300.57,592006.52,625711.29,-,3.50%,38.01,40.77
2023-05-24,38.59,F,-97.45%,15089.06,592006.52,625711.29,-,3.50%,38.01,40.77
2023-05-25,38.50,F,-97.44%,15170.97,592122.07,625711.29,-,3.50%,37.17,39.86
2023-05-26,38.51,F,-97.44%,15172.75,592122.07,625711.29,-,3.50%,37.17,39.86
2023-05-29,38.34,F,-97.45%,15105.73,592122.07,625711.29,-,3.50%,37.17,39.86
2023-05-30,38.38,F,-97.45%,15120.75,592122.07,625711.29,-,3.50%,37.17,39.86
2023-05-31,37.99,F,-97.47%,14966.26,592122.07,625711.29,-,3.50%,37.17,39.86
2023-06-01,38.07,F,-97.47%,14999.06,592122.07,625711.29,-,3.50%,37.17,39.86
2023-06-02,38.62,F,-97.43%,15215.62,592122.07,625711.29,-,3.50%,37.17,39.86
2023-06-05,38.44,F,-97.44%,15146.34,592122.07,625711.29,-,3.50%,37.17,39.86
2023-06-06,38.08,F,-97.47%,15004.16,592122.07,625711.29,-,3.50%,37.17,39.86
2023-06-07,37.89,F,-97.48%,14930.01,592122.07,625711.29,-,3.50%,37.17,39.86
2023-06-08,38.20,F,-97.46%,15051.54,592122.07,625711.29,-,3.50%,37.17,39.86
2023-06-09,38.37,F,-97.45%,15116.61,592122.07,625711.29,-,3.50%,37.17,39.86
2023-06-12,38.44,F,-97.44%,15147.06,592122.07,625711.29,-,3.50%,37.17,39.86
2023-06-13,38.65,F,-97.43%,15227.74,592122.07,625711.29,-,3.50%,37.17,39.86
2023-06-14,38.64,F,-97.43%,15224.26,592122.07,625711.29,-,3.50%,37.17,39.86
2023-06-15,39.25,F,-97.39%,15466.47,592122.07,625711.29,-,3.50%,37.17,39.86
2023-06-16,39.63,F,-97.36%,15615.60,592122.07,625711.29,-,3.50%,37.17,39.86
2023-06-19,39.31,F,-97.40%,15369.85,592122.07,625830.00,-,3.50%,38.19,40.96
2023-06-20,39.24,F,-97.41%,15343.77,592122.07,625830.00,-,3.50%,38.19,40.96
2023-06-21,38.64,F,-97.45%,15108.37,592122.07,625830.00,-,3.50%,38.19,40.96
2023-06-26,38.10,F,-97.47%,15010.20,592237.07,625830.00,-,3.50%,36.99,39.68
2023-06-27,38.45,F,-97.44%,15151.01,592237.07,625830.00,-,3.50%,36.99,39.68
2023-06-28,38.41,F,-97.44%,15132.75,592237.07,625830.00,-,3.50%,36.99,39.68
2023-06-29,38.22,F,-97.46%,15058.06,592237.07,625830.00,-,3.50%,36.99,39.68
2023-06-30,38.42,F,-97.44%,15139.26,592237.07,625830.00,-,3.50%,36.99,39.68
2023-07-03,38.93,F,-97.41%,15337.96,592237.07,625830.00,-,3.50%,36.99,39.68
2023-07-04,38.99,F,-97.41%,15362.11,592237.07,625830.00,-,3.50%,36.99,39.68
2023-07-05,38.69,F,-97.43%,15243.09,592237.07,625830.00,-,3.50%,36.99,39.68
2023-07-06,38.43,F,-97.44%,15140.45,592237.07,625830.00,-,3.50%,36.99,39.68
2023-07-07,38.26,F,-97.45%,15073.25,592237.07,625830.00,-,3.50%,36.99,39.68
2023-07-10,38.44,F,-97.44%,15146.65,592237.07,625830.00,-,3.50%,36.99,39.68
2023-07-11,38.69,F,-97.43%,15245.78,592237.07,625830.00,-,3.50%,36.99,39.68
2023-07-12,38.43,F,-97.44%,15143.14,592237.07,625830.00,-,3.50%,36.99,39.68
2023-07-13,38.98,F,-97.41%,15359.79,592237.07,625830.00,-,3.50%,36.99,39.68
2023-07-14,38.99,F,-97.41%,15362.46,592237.07,625830.00,-,3.50%,36.99,39.68
2023-07-17,38.67,F,-97.43%,15236.67,592237.07,625830.00,-,3.50%,36.99,39.68
2023-07-18,38.55,F,-97.44%,15188.46,592237.07,625830.00,-,3.50%,36.99,39.68
2023-07-19,38.51,F,-97.44%,15172.41,592237.07,625830.00,-,3.50%,36.99,39.68
2023-07-20,38.24,F,-97.46%,15065.36,592237.07,625830.00,-,3.50%,36.99,39.68
2023-07-21,38.22,F,-97.46%,15058.33,592237.07,625830.00,-,3.50%,36.99,39.68
2023-07-24,38.05,F,-97.47%,14992.57,592237.07,625830.00,-,3.50%,36.99,39.68
2023-07-25,39.15,F,-97.40%,15425.55,592237.07,625830.00,-,3.50%,36.99,39.68
2023-07-26,39.07,F,-97.42%,15276.42,592237.07,625947.25,-,3.50%,37.71,40.45
2023-07-27,39.02,F,-97.42%,15258.17,592237.07,625947.25,-,3.50%,37.71,40.45
2023-07-28,39.93,F,-97.36%,15611.60,592237.07,625947.25,-,3.50%,37.71,40.45
2023-07-31,40.15,F,-97.37%,15576.76,592237.07,626067.82,-,3.50%,38.78,41.60
2023-08-01,39.98,F,-97.38%,15512.24,592237.07,626067.82,-,3.50%,38.78,41.60
2023-08-02,39.70,F,-97.40%,15403.19,592237.07,626067.82,-,3.50%,38.78,41.60
2023-08-03,40.05,F,-97.38%,15539.34,592237.07,626067.82,-,3.50%,38.78,41.60
2023-08-04,40.21,F,-97.37%,15599.85,592237.07,626067.82,-,3.50%,38.78,41.60
2023-08-07,39.90,F,-97.39%,15481.79,592237.07,626067.82,-,3.50%,38.78,41.60
2023-08-08,39.80,F,-97.39%,15441.36,592237.07,626067.82,-,3.50%,38.78,41.60
2023-08-09,39.68,F,-97.40%,15394.15,592237.07,626067.82,-,3.50%,38.78,41.60
2023-08-10,39.76,F,-97.40%,15425.78,592237.07,626067.82,-,3.50%,38.78,41.60
2023-08-11,38.84,F,-97.46%,15070.90,592237.07,626067.82,-,3.50%,38.78,41.60
2023-08-14,38.56,F,-97.45%,15076.59,592352.30,626067.82,-,3.50%,37.06,39.75
2023-08-15,38.47,F,-97.46%,15039.95,592352.30,626067.82,-,3.50%,37.06,39.75
2023-08-16,38.18,F,-97.48%,14929.69,592352.30,626067.82,-,3.50%,37.06,39.75
2023-08-17,38.31,F,-97.47%,14979.60,592352.30,626067.82,-,3.50%,37.06,39.75
2023-08-18,37.84,F,-97.50%,14795.45,592352.30,626067.82,-,3.50%,37.06,39.75
2023-08-21,37.30,F,-97.54%,14582.56,592352.30,626067.82,-,3.50%,37.06,39.75
2023-08-22,37.58,F,-97.50%,14807.41,592464.74,626067.82,-,3.50%,36.17,38.79
2023-08-23,36.97,F,-97.54%,14564.74,592464.74,626067.82,-,3.50%,36.17,38.79
2023-08-24,37.23,F,-97.52%,14670.31,592464.74,626067.82,-,3.50%,36.17,38.79
2023-08-25,37.09,F,-97.53%,14614.06,592464.74,626067.82,-,3.50%,36.17,38.79
2023-08-28,37.53,F,-97.50%,14785.32,592464.74,626067.82,-,3.50%,36.17,38.79
2023-08-29,37.90,F,-97.48%,14933.02,592464.74,626067.82,-,3.50%,36.17,38.79
2023-08-30,37.89,F,-97.48%,14926.73,592464.74,626067.82,-,3.50%,36.17,38.79
2023-08-31,37.65,F,-97.50%,14835.16,592464.74,626067.82,-,3.50%,36.17,38.79
2023-09-01,37.91,F,-97.48%,14938.48,592464.74,626067.82,-,3.50%,36.17,38.79
2023-09-04,38.49,F,-97.44%,15164.87,592464.74,626067.82,-,3.50%,36.17,38.79
2023-09-05,38.20,F,-97.48%,14937.44,592464.74,626183.00,-,3.50%,37.05,39.74
2023-09-06,38.12,F,-97.48%,14905.03,592464.74,626183.00,-,3.50%,37.05,39.74
2023-09-07,37.58,F,-97.52%,14695.64,592464.74,626183.00,-,3.50%,37.05,39.74
2023-09-08,37.40,F,-97.51%,14735.57,592577.17,626183.00,-,3.50%,36.16,38.79
2023-09-11,37.68,F,-97.49%,14844.10,592577.17,626183.00,-,3.50%,36.16,38.79
2023-09-12,37.61,F,-97.50%,14816.78,592577.17,626183.00,-,3.50%,36.16,38.79
2023-09-13,37.37,F,-97.52%,14722.41,592577.17,626183.00,-,3.50%,36.16,38.79
2023-09-14,37.34,F,-97.52%,14710.02,592577.17,626183.00,-,3.50%,36.16,38.79
2023-09-15,37.09,F,-97.53%,14612.58,592577.17,626183.00,-,3.50%,36.16,38.79
2023-09-18,37.28,F,-97.52%,14687.18,592577.17,626183.00,-,3.50%,36.16,38.79
2023-09-19,37.21,F,-97.53%,14658.78,592577.17,626183.00,-,3.50%,36.16,38.79
2023-09-20,37.06,F,-97.54%,14600.42,592577.17,626183.00,-,3.50%,36.16,38.79
2023-09-21,36.72,F,-97.56%,14469.43,592577.17,626183.00,-,3.50%,36.16,38.79
2023-09-22,37.39,F,-97.50%,14843.56,592687.35,626183.00,-,3.50%,35.44,38.01
2023-09-25,37.15,F,-97.51%,14746.98,592687.35,626183.00,-,3.50%,35.44,38.01
2023-09-26,36.93,F,-97.53%,14660.78,592687.35,626183.00,-,3.50%,35.44,38.01
2023-09-27,37.00,F,-97.52%,14690.97,592687.35,626183.00,-,3.50%,35.44,38.01
2023-09-28,36.90,F,-97.53%,14647.38,592687.35,626183.00,-,3.50%,35.44,38.01
2023-10-09,36.85,F,-97.53%,14628.37,592687.35,626183.00,-,3.50%,35.44,38.01
2023-10-10,36.57,F,-97.55%,14518.79,592687.35,626183.00,-,3.50%,35.44,38.01
2023-10-11,36.68,F,-97.54%,14560.17,592687.35,626183.00,-,3.50%,35.44,38.01
2023-10-12,37.02,F,-97.52%,14698.46,592687.35,626183.00,-,3.50%,35.44,38.01
2023-10-13,36.63,F,-97.55%,14543.74,592687.35,626183.00,-,3.50%,35.44,38.01
2023-10-16,36.27,F,-97.57%,14397.59,592687.35,626183.00,-,3.50%,35.44,38.01
2023-10-17,36.39,F,-97.56%,14448.43,592687.35,626183.00,-,3.50%,35.44,38.01
2023-10-18,36.11,F,-97.58%,14333.99,592687.35,626183.00,-,3.50%,35.44,38.01
2023-10-19,35.34,F,-97.63%,14028.17,592687.35,626183.00,-,3.50%,35.44,38.01
2023-10-20,35.11,F,-97.63%,14042.36,592792.90,626183.00,-,3.50%,33.95,36.41
2023-10-23,34.74,F,-97.66%,13896.98,592792.90,626183.00,-,3.50%,33.95,36.41
2023-10-24,34.87,F,-97.65%,13948.52,592792.90,626183.00,-,3.50%,33.95,36.41
2023-10-25,35.04,F,-97.64%,14017.83,592792.90,626183.00,-,3.50%,33.95,36.41
2023-10-26,35.14,F,-97.63%,14056.58,592792.90,626183.00,-,3.50%,33.95,36.41
2023-10-27,35.62,F,-97.60%,14249.54,592792.90,626183.00,-,3.50%,33.95,36.41
2023-10-30,35.84,F,-97.58%,14335.09,592792.90,626183.00,-,3.50%,33.95,36.41
2023-10-31,35.73,F,-97.59%,14290.02,592792.90,626183.00,-,3.50%,33.95,36.41
2023-11-01,35.71,F,-97.59%,14284.11,592792.90,626183.00,-,3.50%,33.95,36.41
2023-11-02,35.54,F,-97.60%,14216.76,592792.90,626183.00,-,3.50%,33.95,36.41
2023-11-03,35.84,F,-97.58%,14336.55,592792.90,626183.00,-,3.50%,33.95,36.41
2023-11-06,36.33,F,-97.55%,14530.43,592792.90,626183.00,-,3.50%,33.95,36.41
2023-11-07,36.20,F,-97.58%,14334.25,592792.90,626327.96,-,3.50%,34.97,37.51
2023-11-08,36.11,F,-97.59%,14299.85,592792.90,626327.96,-,3.50%,34.97,37.51
2023-11-09,36.13,F,-97.59%,14306.79,592792.90,626327.96,-,3.50%,34.97,37.51
2023-11-10,35.86,F,-97.60%,14202.50,592792.90,626327.96,-,3.50%,34.97,37.51
2023-11-13,35.79,F,-97.61%,14174.48,592792.90,626327.96,-,3.50%,34.97,37.51
2023-11-14,35.82,F,-97.61%,14184.95,592792.90,626327.96,-,3.50%,34.97,37.51
2023-11-15,36.07,F,-97.59%,14284.69,592792.90,626327.96,-,3.50%,34.97,37.51
2023-11-16,35.72,F,-97.61%,14146.56,592792.90,626327.96,-,3.50%,34.97,37.51
2023-11-17,35.68,F,-97.62%,14129.55,592792.90,626327.96,-,3.50%,34.97,37.51
2023-11-20,35.76,F,-97.61%,14162.24,592792.90,626327.96,-,3.50%,34.97,37.51
2023-11-21,35.81,F,-97.61%,14181.03,592792.90,626327.96,-,3.50%,34.97,37.51
2023-11-22,35.44,F,-97.63%,14035.89,592792.90,626327.96,-,3.50%,34.97,37.51
2023-11-23,35.62,F,-97.60%,14210.47,592899.14,626327.96,-,3.50%,34.17,36.65
2023-11-24,35.38,F,-97.62%,14116.65,592899.14,626327.96,-,3.50%,34.17,36.65
2023-11-27,35.12,F,-97.64%,14012.65,592899.14,626327.96,-,3.50%,34.17,36.65
2023-11-28,35.19,F,-97.63%,14038.91,592899.14,626327.96,-,3.50%,34.17,36.65
2023-11-29,34.88,F,-97.65%,13918.35,592899.14,626327.96,-,3.50%,34.17,36.65
2023-11-30,34.96,F,-97.65%,13949.85,592899.14,626327.96,-,3.50%,34.17,36.65
2023-12-01,34.83,F,-97.66%,13896.70,592899.14,626327.96,-,3.50%,34.17,36.65
2023-12-04,34.60,F,-97.67%,13805.95,592899.14,626327.96,-,3.50%,34.17,36.65
2023-12-05,33.94,F,-97.70%,13644.91,593002.64,626327.96,-,3.50%,33.29,35.71
2023-12-06,34.00,F,-97.70%,13666.38,593002.64,626327.96,-,3.50%,33.29,35.71
2023-12-07,33.91,F,-97.70%,13632.95,593002.64,626327.96,-,3.50%,33.29,35.71
2023-12-08,33.99,F,-97.70%,13665.84,593002.64,626327.96,-,3.50%,33.29,35.71
2023-12-11,34.19,F,-97.68%,13746.21,593002.64,626327.96,-,3.50%,33.29,35.71
2023-12-12,34.27,F,-97.68%,13775.75,593002.64,626327.96,-,3.50%,33.29,35.71
2023-12-13,33.70,F,-97.72%,13545.81,593002.64,626327.96,-,3.50%,33.29,35.71
2023-12-14,33.52,F,-97.71%,13608.97,593138.14,626327.96,-,3.50%,32.69,35.06
2023-12-15,33.42,F,-97.71%,13566.70,593138.14,626327.96,-,3.50%,32.69,35.06
2023-12-18,33.29,F,-97.72%,13517.22,593138.14,626327.96,-,3.50%,32.69,35.06
2023-12-19,33.34,F,-97.72%,13536.21,593138.14,626327.96,-,3.50%,32.69,35.06
2023-12-20,32.98,F,-97.74%,13387.86,593138.14,626327.96,-,3.50%,32.69,35.06
2023-12-21,33.31,F,-97.70%,13656.57,593269.56,626327.96,-,3.50%,31.71,34.01
2023-12-22,33.37,F,-97.69%,13682.64,593269.56,626327.96,-,3.50%,31.71,34.01
2023-12-25,33.47,F,-97.69%,13724.55,593269.56,626327.96,-,3.50%,31.71,34.01
2023-12-26,33.25,F,-97.70%,13631.64,593269.56,626327.96,-,3.50%,31.71,34.01
2023-12-27,33.36,F,-97.69%,13679.06,593269.56,626327.96,-,3.50%,31.71,34.01
2023-12-28,34.15,F,-97.64%,13999.62,593269.56,626327.96,-,3.50%,31.71,34.01
2023-12-29,34.31,F,-97.65%,13930.31,593269.56,626464.40,-,3.50%,32.92,35.30
2024-01-02,33.86,F,-97.68%,13748.59,593269.56,626464.40,-,3.50%,32.92,35.30
2024-01-03,33.78,F,-97.69%,13715.89,593269.56,626464.40,-,3.50%,32.92,35.30
2024-01-04,33.47,F,-97.71%,13589.03,593269.56,626464.40,-,3.50%,32.92,35.30
2024-01-05,33.29,F,-97.72%,13516.19,593269.56,626464.40,-,3.50%,32.92,35.30
2024-01-08,32.86,F,-97.73%,13472.83,593402.47,626464.40,-,3.50%,32.06,34.39
2024-01-09,32.92,F,-97.73%,13499.25,593402.47,626464.40,-,3.50%,32.06,34.39
2024-01-10,32.77,F,-97.74%,13436.23,593402.47,626464.40,-,3.50%,32.06,34.39
2024-01-11,32.96,F,-97.72%,13512.25,593402.47,626464.40,-,3.50%,32.06,34.39
2024-01-12,32.84,F,-97.73%,13465.08,593402.47,626464.40,-,3.50%,32.06,34.39
2024-01-15,32.81,F,-97.73%,13451.77,593402.47,626464.40,-,3.50%,32.06,34.39
2024-01-16,33.01,F,-97.72%,13533.59,593402.47,626464.40,-,3.50%,32.06,34.39
2024-01-17,32.29,F,-97.77%,13239.24,593402.47,626464.40,-,3.50%,32.06,34.39
2024-01-18,32.75,F,-97.72%,13557.38,593531.04,626464.40,-,3.50%,31.02,33.27
2024-01-19,32.70,F,-97.72%,13536.87,593531.04,626464.40,-,3.50%,31.02,33.27
2024-01-22,32.19,F,-97.75%,13326.25,593531.04,626464.40,-,3.50%,31.02,33.27
2024-01-23,32.32,F,-97.75%,13380.20,593531.04,626464.40,-,3.50%,31.02,33.27
2024-01-24,32.77,F,-97.71%,13567.23,593531.04,626464.40,-,3.50%,31.02,33.27
2024-01-25,33.43,F,-97.67%,13839.68,593531.04,626464.40,-,3.50%,31.02,33.27
2024-01-26,33.34,F,-97.70%,13668.67,593531.04,626597.47,-,3.50%,32.10,34.43
2024-01-29,33.04,F,-97.72%,13546.24,593531.04,626597.47,-,3.50%,32.10,34.43
2024-01-30,32.45,F,-97.76%,13304.66,593531.04,626597.47,-,3.50%,32.10,34.43
2024-01-31,32.15,F,-97.76%,13311.56,593660.30,626597.47,-,3.50%,31.18,33.45
2024-02-01,32.18,F,-97.76%,13321.32,593660.30,626597.47,-,3.50%,31.18,33.45
2024-02-02,31.80,F,-97.78%,13163.66,593660.30,626597.47,-,3.50%,31.18,33.45
2024-02-05,32.00,F,-97.77%,13249.75,593660.30,626597.47,-,3.50%,31.18,33.45
2024-02-06,33.12,F,-97.69%,13710.41,593660.30,626597.47,-,3.50%,31.18,33.45
2024-02-07,33.44,F,-97.69%,13708.88,593660.30,626730.03,-,3.50%,31.98,34.30
2024-02-08,33.65,F,-97.68%,13796.21,593660.30,626730.03,-,3.50%,31.98,34.30
2024-02-19,34.04,F,-97.65%,13955.61,593660.30,626730.03,-,3.50%,31.98,34.30
2024-02-20,34.11,F,-97.67%,13848.07,593660.30,626865.83,-,3.50%,32.76,35.14
2024-02-21,34.57,F,-97.64%,14034.90,593660.30,626865.83,-,3.50%,32.76,35.14
2024-02-22,34.87,F,-97.62%,14155.90,593660.30,626865.83,-,3.50%,32.76,35.14
2024-02-23,34.90,F,-97.64%,14028.76,593660.30,627005.49,-,3.50%,33.69,36.14
2024-02-26,34.53,F,-97.66%,13882.50,593660.30,627005.49,-,3.50%,33.69,36.14
2024-02-27,34.95,F,-97.63%,14049.05,593660.30,627005.49,-,3.50%,33.69,36.14
2024-02-28,34.50,F,-97.66%,13870.04,593660.30,627005.49,-,3.50%,33.69,36.14
2024-02-29,35.16,F,-97.62%,14134.65,593660.30,627005.49,-,3.50%,33.69,36.14
2024-03-01,35.38,F,-97.60%,14221.97,593660.30,627005.49,-,3.50%,33.69,36.14
2024-03-04,35.41,F,-97.60%,14234.29,593660.30,627005.49,-,3.50%,33.69,36.14
2024-03-05,35.66,F,-97.59%,14333.37,593660.30,627005.49,-,3.50%,33.69,36.14
2024-03-06,35.51,F,-97.62%,14133.17,593660.30,627147.75,-,3.50%,34.32,36.81
2024-03-07,35.30,F,-97.63%,14048.28,593660.30,627147.75,-,3.50%,34.32,36.81
2024-03-08,35.45,F,-97.62%,14108.74,593660.30,627147.75,-,3.50%,34.32,36.81
2024-03-11,35.89,F,-97.59%,14285.27,593660.30,627147.75,-,3.50%,34.32,36.81
2024-03-12,35.97,F,-97.59%,14318.03,593660.30,627147.75,-,3.50%,34.32,36.81
2024-03-13,35.72,F,-97.61%,14218.00,593660.30,627147.75,-,3.50%,34.32,36.81
2024-03-14,35.62,F,-97.61%,14177.65,593660.30,627147.75,-,3.50%,34.32,36.81
2024-03-15,35.70,F,-97.61%,14208.57,593660.30,627147.75,-,3.50%,34.32,36.81
2024-03-18,36.04,F,-97.58%,14342.04,593660.30,627147.75,-,3.50%,34.32,36.81
2024-03-19,35.78,F,-97.60%,14238.97,593660.30,627147.75,-,3.50%,34.32,36.81
2024-03-20,35.85,F,-97.60%,14269.83,593660.30,627147.75,-,3.50%,34.32,36.81
2024-03-21,35.81,F,-97.60%,14252.74,593660.30,627147.75,-,3.50%,34.32,36.81
2024-03-22,35.45,F,-97.62%,14109.11,593660.30,627147.75,-,3.50%,34.32,36.81
2024-03-25,35.26,F,-97.64%,14032.54,593660.30,627147.75,-,3.50%,34.32,36.81
2024-03-26,35.44,F,-97.62%,14104.11,593660.30,627147.75,-,3.50%,34.32,36.81
2024-03-27,35.03,F,-97.65%,13941.09,593660.30,627147.75,-,3.50%,34.32,36.81
2024-03-28,35.21,F,-97.64%,14013.44,593660.30,627147.75,-,3.50%,34.32,36.81
2024-03-29,35.37,F,-97.63%,14079.19,593660.30,627147.75,-,3.50%,34.32,36.81
2024-04-01,35.96,F,-97.59%,14310.67,593660.30,627147.75,-,3.50%,34.32,36.81
2024-04-02,35.81,F,-97.60%,14251.09,593660.30,627147.75,-,3.50%,34.32,36.81
2024-04-03,35.68,F,-97.61%,14199.86,593660.30,627147.75,-,3.50%,34.32,36.81
2024-04-08,35.36,F,-97.63%,14074.90,593660.30,627147.75,-,3.50%,34.32,36.81
2024-04-09,35.33,F,-97.63%,14063.28,593660.30,627147.75,-,3.50%,34.32,36.81
2024-04-10,35.05,F,-97.65%,13948.74,593660.30,627147.75,-,3.50%,34.32,36.81
2024-04-11,35.04,F,-97.65%,13946.89,593660.30,627147.75,-,3.50%,34.32,36.81
2024-04-12,34.76,F,-97.67%,13833.84,593660.30,627147.75,-,3.50%,34.32,36.81
2024-04-15,35.49,F,-97.60%,14231.79,593764.51,627147.75,-,3.50%,33.52,35.95
2024-04-16,35.11,F,-97.65%,13939.12,593764.51,627289.08,-,3.50%,34.10,36.57
2024-04-17,35.65,F,-97.62%,14154.65,593764.51,627289.08,-,3.50%,34.10,36.57
2024-04-18,35.70,F,-97.61%,14172.11,593764.51,627289.08,-,3.50%,34.10,36.57
2024-04-19,35.42,F,-97.63%,14060.40,593764.51,627289.08,-,3.50%,34.10,36.57
2024-04-22,35.31,F,-97.64%,14017.69,593764.51,627289.08,-,3.50%,34.10,36.57
2024-04-23,35.06,F,-97.66%,13919.71,593764.51,627289.08,-,3.50%,34.10,36.57
2024-04-24,35.22,F,-97.65%,13980.84,593764.51,627289.08,-,3.50%,34.10,36.57
2024-04-25,35.30,F,-97.64%,14015.22,593764.51,627289.08,-,3.50%,34.10,36.57
2024-04-26,35.84,F,-97.60%,14229.55,593764.51,627289.08,-,3.50%,34.10,36.57
2024-04-29,36.24,F,-97.58%,14386.93,593764.51,627289.08,-,3.50%,34.10,36.57
2024-04-30,36.04,F,-97.61%,14201.31,593764.51,627397.66,-,3.50%,34.93,37.46
2024-05-06,36.58,F,-97.57%,14412.03,593764.51,627397.66,-,3.50%,34.93,37.46
2024-05-07,36.59,F,-97.57%,14416.49,593764.51,627397.66,-,3.50%,34.93,37.46
2024-05-08,36.30,F,-97.59%,14303.08,593764.51,627397.66,-,3.50%,34.93,37.46
2024-05-09,36.65,F,-97.57%,14438.37,593764.51,627397.66,-,3.50%,34.93,37.46
2024-05-10,36.66,F,-97.57%,14445.13,593764.51,627397.66,-,3.50%,34.93,37.46
2024-05-13,36.65,F,-97.57%,14438.88,593764.51,627397.66,-,3.50%,34.93,37.46
2024-05-14,36.57,F,-97.57%,14408.76,593764.51,627397.66,-,3.50%,34.93,37.46
2024-05-15,36.26,F,-97.59%,14286.66,593764.51,627397.66,-,3.50%,34.93,37.46
2024-05-16,36.40,F,-97.58%,14343.02,593764.51,627397.66,-,3.50%,34.93,37.46
2024-05-17,36.78,F,-97.56%,14491.20,593764.51,627397.66,-,3.50%,34.93,37.46
2024-05-20,36.91,F,-97.55%,14542.39,593764.51,627397.66,-,3.50%,34.93,37.46
2024-05-21,36.76,F,-97.56%,14484.07,593764.51,627397.66,-,3.50%,34.93,37.46
2024-05-22,36.84,F,-97.56%,14516.74,593764.51,627397.66,-,3.50%,34.93,37.46
2024-05-23,36.42,F,-97.58%,14348.66,593764.51,627397.66,-,3.50%,34.93,37.46
2024-05-24,36.01,F,-97.61%,14189.81,593764.51,627397.66,-,3.50%,34.93,37.46
2024-05-27,36.36,F,-97.59%,14324.69,593764.51,627397.66,-,3.50%,34.93,37.46
2024-05-28,36.09,F,-97.61%,14220.14,593764.51,627397.66,-,3.50%,34.93,37.46
2024-05-29,36.14,F,-97.60%,14237.28,593764.51,627397.66,-,3.50%,34.93,37.46
2024-05-30,35.94,F,-97.61%,14161.59,593764.51,627397.66,-,3.50%,34.93,37.46
2024-05-31,35.80,F,-97.62%,14104.90,593764.51,627397.66,-,3.50%,34.93,37.46
2024-06-03,35.89,F,-97.62%,14139.67,593764.51,627397.66,-,3.50%,34.93,37.46
2024-06-04,36.16,F,-97.60%,14245.75,593764.51,627397.66,-,3.50%,34.93,37.46
2024-06-05,35.95,F,-97.61%,14163.49,593764.51,627397.66,-,3.50%,34.93,37.46
2024-06-06,35.92,F,-97.62%,14153.45,593764.51,627397.66,-,3.50%,34.93,37.46
2024-06-07,35.74,F,-97.63%,14082.01,593764.51,627397.66,-,3.50%,34.93,37.46
2024-06-11,35.43,F,-97.65%,13958.94,593764.51,627397.66,-,3.50%,34.93,37.46
2024-06-12,35.44,F,-97.63%,14070.17,593870.68,627397.66,-,3.50%,34.15,36.63
2024-06-13,35.26,F,-97.64%,13998.74,593870.68,627397.66,-,3.50%,34.15,36.63
2024-06-14,35.42,F,-97.63%,14059.89,593870.68,627397.66,-,3.50%,34.15,36.63
2024-06-17,35.36,F,-97.64%,14038.71,593870.68,627397.66,-,3.50%,34.15,36.63
2024-06-18,35.46,F,-97.63%,14075.99,593870.68,627397.66,-,3.50%,34.15,36.63
2024-06-19,35.29,F,-97.64%,14009.13,593870.68,627397.66,-,3.50%,34.15,36.63
2024-06-20,35.03,F,-97.66%,13908.03,593870.68,627397.66,-,3.50%,34.15,36.63
2024-06-21,34.96,F,-97.66%,13877.61,593870.68,627397.66,-,3.50%,34.15,36.63
2024-06-24,34.77,F,-97.68%,13802.94,593870.68,627397.66,-,3.50%,34.15,36.63
2024-06-25,34.58,F,-97.69%,13727.87,593870.68,627397.66,-,3.50%,34.15,36.63
2024-06-26,34.80,F,-97.66%,13921.06,593974.22,627397.66,-,3.50%,33.31,35.72
2024-06-27,34.54,F,-97.67%,13816.47,593974.22,627397.66,-,3.50%,33.31,35.72
2024-06-28,34.62,F,-97.67%,13846.63,593974.22,627397.66,-,3.50%,33.31,35.72
2024-07-01,34.78,F,-97.66%,13912.73,593974.22,627397.66,-,3.50%,33.31,35.72
2024-07-02,34.72,F,-97.66%,13887.14,593974.22,627397.66,-,3.50%,33.31,35.72
2024-07-03,34.63,F,-97.67%,13853.66,593974.22,627397.66,-,3.50%,33.31,35.72
2024-07-04,34.46,F,-97.68%,13783.25,593974.22,627397.66,-,3.50%,33.31,35.72
2024-07-05,34.31,F,-97.69%,13724.24,593974.22,627397.66,-,3.50%,33.31,35.72
2024-07-08,34.02,F,-97.71%,13607.04,593974.22,627397.66,-,3.50%,33.31,35.72
2024-07-09,34.40,F,-97.68%,13759.24,593974.22,627397.66,-,3.50%,33.31,35.72
2024-07-10,34.29,F,-97.69%,13715.86,593974.22,627397.66,-,3.50%,33.31,35.72
2024-07-11,34.68,F,-97.66%,13872.68,593974.22,627397.66,-,3.50%,33.31,35.72
2024-07-12,34.72,F,-97.66%,13889.61,593974.22,627397.66,-,3.50%,33.31,35.72
2024-07-15,34.76,F,-97.66%,13904.99,593974.22,627397.66,-,3.50%,33.31,35.72
2024-07-16,34.98,F,-97.64%,13993.13,593974.22,627397.66,-,3.50%,33.31,35.72
2024-07-17,35.02,F,-97.64%,14006.33,593974.22,627397.66,-,3.50%,33.31,35.72
2024-07-18,35.21,F,-97.63%,14083.72,593974.22,627397.66,-,3.50%,33.31,35.72
2024-07-19,35.39,F,-97.64%,14014.50,593974.22,627537.69,-,3.50%,33.78,36.23
2024-07-22,35.15,F,-97.66%,13919.10,593974.22,627537.69,-,3.50%,33.78,36.23
2024-07-23,34.40,F,-97.71%,13621.92,593974.22,627537.69,-,3.50%,33.78,36.23
2024-07-24,34.18,F,-97.72%,13535.94,593974.22,627537.69,-,3.50%,33.78,36.23
2024-07-25,33.99,F,-97.72%,13563.09,594076.36,627537.69,-,3.50%,32.85,35.24
2024-07-26,34.09,F,-97.71%,13603.08,594076.36,627537.69,-,3.50%,32.85,35.24
2024-07-29,33.91,F,-97.72%,13529.06,594076.36,627537.69,-,3.50%,32.85,35.24
2024-07-30,33.69,F,-97.74%,13443.83,594076.36,627537.69,-,3.50%,32.85,35.24
2024-07-31,34.42,F,-97.69%,13733.92,594076.36,627537.69,-,3.50%,32.85,35.24
2024-08-01,34.19,F,-97.70%,13642.87,594076.36,627537.69,-,3.50%,32.85,35.24
2024-08-02,33.84,F,-97.73%,13503.72,594076.36,627537.69,-,3.50%,32.85,35.24
2024-08-05,33.43,F,-97.75%,13339.85,594076.36,627537.69,-,3.50%,32.85,35.24
2024-08-06,33.43,F,-97.75%,13338.49,594076.36,627537.69,-,3.50%,32.85,35.24
2024-08-07,33.41,F,-97.76%,13332.54,594076.36,627537.69,-,3.50%,32.85,35.24
2024-08-08,33.43,F,-97.75%,13338.32,594076.36,627537.69,-,3.50%,32.85,35.24
2024-08-09,33.32,F,-97.76%,13293.19,594076.36,627537.69,-,3.50%,32.85,35.24
2024-08-12,33.26,F,-97.75%,13369.98,594176.19,627537.69,-,3.50%,32.11,34.44
2024-08-13,33.34,F,-97.74%,13404.25,594176.19,627537.69,-,3.50%,32.11,34.44
2024-08-14,33.09,F,-97.76%,13303.14,594176.19,627537.69,-,3.50%,32.11,34.44
2024-08-15,33.42,F,-97.74%,13434.65,594176.19,627537.69,-,3.50%,32.11,34.44
2024-08-16,33.46,F,-97.74%,13449.45,594176.19,627537.69,-,3.50%,32.11,34.44
2024-08-19,33.57,F,-97.73%,13495.01,594176.19,627537.69,-,3.50%,32.11,34.44
2024-08-20,33.33,F,-97.75%,13397.47,594176.19,627537.69,-,3.50%,32.11,34.44
2024-08-21,33.22,F,-97.75%,13352.97,594176.19,627537.69,-,3.50%,32.11,34.44
2024-08-22,33.13,F,-97.76%,13318.81,594176.19,627537.69,-,3.50%,32.11,34.44
2024-08-23,33.27,F,-97.75%,13375.31,594176.19,627537.69,-,3.50%,32.11,34.44
2024-08-26,33.24,F,-97.75%,13363.38,594176.19,627537.69,-,3.50%,32.11,34.44
2024-08-27,33.05,F,-97.76%,13287.44,594176.19,627537.69,-,3.50%,32.11,34.44
2024-08-28,32.86,F,-97.78%,13211.71,594176.19,627537.69,-,3.50%,32.11,34.44
2024-08-29,32.78,F,-97.78%,13176.28,594176.19,627537.69,-,3.50%,32.11,34.44
2024-08-30,33.21,F,-97.75%,13352.16,594176.19,627537.69,-,3.50%,32.11,34.44
2024-09-02,32.65,F,-97.79%,13125.34,594176.19,627537.69,-,3.50%,32.11,34.44
2024-09-03,32.73,F,-97.79%,13159.18,594176.19,627537.69,-,3.50%,32.11,34.44
2024-09-04,32.52,F,-97.80%,13073.70,594176.19,627537.69,-,3.50%,32.11,34.44
2024-09-05,32.58,F,-97.77%,13226.50,594306.31,627537.69,-,3.50%,31.39,33.67
2024-09-06,32.31,F,-97.79%,13119.26,594306.31,627537.69,-,3.50%,31.39,33.67
2024-09-09,31.93,F,-97.82%,12963.38,594306.31,627537.69,-,3.50%,31.39,33.67
2024-09-10,31.96,F,-97.82%,12974.77,594306.31,627537.69,-,3.50%,31.39,33.67
2024-09-11,31.86,F,-97.82%,12935.69,594306.31,627537.69,-,3.50%,31.39,33.67
2024-09-12,31.72,F,-97.81%,13007.15,594433.89,627537.69,-,3.50%,30.78,33.01
2024-09-13,31.59,F,-97.82%,12952.91,594433.89,627537.69,-,3.50%,30.78,33.01
2024-09-18,31.71,F,-97.81%,13001.14,594433.89,627537.69,-,3.50%,30.78,33.01
2024-09-19,31.96,F,-97.80%,13103.75,594433.89,627537.69,-,3.50%,30.78,33.01
2024-09-20,32.01,F,-97.79%,13124.30,594433.89,627537.69,-,3.50%,30.78,33.01
2024-09-23,32.13,F,-97.78%,13172.33,594433.89,627537.69,-,3.50%,30.78,33.01
2024-09-24,33.52,F,-97.69%,13742.83,594433.89,627537.69,-,3.50%,30.78,33.01
2024-09-25,34.02,F,-97.68%,13810.22,594433.89,627673.84,-,3.50%,32.85,35.23
2024-09-26,35.45,F,-97.58%,14394.00,594433.89,627673.84,-,3.50%,32.85,35.23
2024-09-27,37.04,F,-97.50%,14888.81,594433.89,627818.56,-,3.50%,34.91,37.45
2024-09-30,40.18,F,-97.31%,15991.06,594433.89,627972.42,-,3.50%,37.12,39.81
2024-10-08,42.56,F,-97.17%,16811.58,594433.89,628105.94,-,3.50%,42.95,46.06
2024-10-09,39.56,F,-97.35%,15744.82,594558.95,628105.94,-,3.50%,40.23,43.15
2024-10-10,39.98,F,-97.30%,16031.13,594678.34,628105.94,-,3.50%,38.40,41.19
2024-10-11,38.87,F,-97.38%,15587.54,594678.34,628105.94,-,3.50%,38.40,41.19
2024-10-14,39.61,F,-97.30%,16043.44,594834.95,628105.94,-,3.50%,37.78,40.52
2024-10-15,38.56,F,-97.37%,15616.78,594834.95,628105.94,-,3.50%,37.78,40.52
2024-10-16,38.32,F,-97.39%,15517.94,594834.95,628105.94,-,3.50%,37.78,40.52
2024-10-17,37.88,F,-97.40%,15493.83,594989.10,628105.94,-,3.50%,37.19,39.89
2024-10-18,39.25,F,-97.30%,16054.21,594989.10,628105.94,-,3.50%,37.19,39.89
2024-10-21,39.35,F,-97.29%,16094.96,594989.10,628105.94,-,3.50%,37.19,39.89
2024-10-22,39.58,F,-97.31%,16028.99,594989.10,628262.89,-,3.50%,37.86,40.61
2024-10-23,39.73,F,-97.30%,16091.50,594989.10,628262.89,-,3.50%,37.86,40.61
2024-10-24,39.29,F,-97.33%,15911.78,594989.10,628262.89,-,3.50%,37.86,40.61
2024-10-25,39.56,F,-97.31%,16023.51,594989.10,628262.89,-,3.50%,37.86,40.61
2024-10-28,39.64,F,-97.30%,16054.84,594989.10,628262.89,-,3.50%,37.86,40.61
2024-10-29,39.25,F,-97.33%,15894.83,594989.10,628262.89,-,3.50%,37.86,40.61
2024-10-30,38.89,F,-97.35%,15752.27,594989.10,628262.89,-,3.50%,37.86,40.61
2024-10-31,38.91,F,-97.35%,15758.71,594989.10,628262.89,-,3.50%,37.86,40.61
2024-11-01,38.90,F,-97.35%,15754.58,594989.10,628262.89,-,3.50%,37.86,40.61
2024-11-04,39.45,F,-97.31%,15976.29,594989.10,628262.89,-,3.50%,37.86,40.61
2024-11-05,40.45,F,-97.25%,16380.52,594989.10,628262.89,-,3.50%,37.86,40.61
2024-11-06,40.24,F,-97.29%,16137.38,594989.10,628424.94,-,3.50%,39.09,41.93
2024-11-07,41.46,F,-97.21%,16624.24,594989.10,628424.94,-,3.50%,39.09,41.93
2024-11-08,41.04,F,-97.26%,16293.07,594989.10,628592.62,-,3.50%,40.45,43.39
2024-11-11,41.31,F,-97.22%,16524.52,595111.11,628592.62,-,3.50%,39.25,42.09
2024-11-12,40.86,F,-97.25%,16342.97,595111.11,628592.62,-,3.50%,39.25,42.09
2024-11-13,41.11,F,-97.24%,16443.56,595111.11,628592.62,-,3.50%,39.25,42.09
2024-11-14,40.40,F,-97.28%,16158.48,595111.11,628592.62,-,3.50%,39.25,42.09
2024-11-15,39.69,F,-97.33%,15875.32,595111.11,628592.62,-,3.50%,39.25,42.09
2024-11-18,39.50,F,-97.32%,15959.54,595270.39,628592.62,-,3.50%,38.43,41.21
2024-11-19,39.77,F,-97.30%,16066.64,595270.39,628592.62,-,3.50%,38.43,41.21
2024-11-20,39.86,F,-97.29%,16102.52,595270.39,628592.62,-,3.50%,38.43,41.21
2024-11-21,39.89,F,-97.29%,16116.76,595270.39,628592.62,-,3.50%,38.43,41.21
2024-11-22,38.66,F,-97.38%,15617.42,595270.39,628592.62,-,3.50%,38.43,41.21
2024-11-25,38.48,F,-97.36%,15700.21,595425.42,628592.62,-,3.50%,37.40,40.11
2024-11-26,38.40,F,-97.37%,15667.95,595425.42,628592.62,-,3.50%,37.40,40.11
2024-11-27,39.07,F,-97.32%,15940.74,595425.42,628592.62,-,3.50%,37.40,40.11
2024-11-28,38.73,F,-97.35%,15800.01,595425.42,628592.62,-,3.50%,37.40,40.11
2024-11-29,39.17,F,-97.32%,15979.66,595425.42,628592.62,-,3.50%,37.40,40.11
2024-12-02,39.48,F,-97.29%,16106.34,595425.42,628592.62,-,3.50%,37.40,40.11
2024-12-03,39.52,F,-97.29%,16123.72,595425.42,628592.62,-,3.50%,37.40,40.11
2024-12-04,39.31,F,-97.31%,16036.67,595425.42,628592.62,-,3.50%,37.40,40.11
2024-12-05,39.22,F,-97.31%,16000.08,595425.42,628592.62,-,3.50%,37.40,40.11
2024-12-06,39.73,F,-97.28%,16210.41,595425.42,628592.62,-,3.50%,37.40,40.11
2024-12-09,39.67,F,-97.31%,16024.95,595425.42,628751.45,-,3.50%,38.32,41.10
2024-12-10,39.96,F,-97.29%,16142.37,595425.42,628751.45,-,3.50%,38.32,41.10
2024-12-11,39.89,F,-97.29%,16114.88,595425.42,628751.45,-,3.50%,38.32,41.10
2024-12-12,40.29,F,-97.27%,16275.16,595425.42,628751.45,-,3.50%,38.32,41.10
2024-12-13,39.33,F,-97.33%,15890.05,595425.42,628751.45,-,3.50%,38.32,41.10
2024-12-16,39.12,F,-97.35%,15803.84,595425.42,628751.45,-,3.50%,38.32,41.10
2024-12-17,39.22,F,-97.34%,15845.01,595425.42,628751.45,-,3.50%,38.32,41.10
2024-12-18,39.42,F,-97.33%,15925.24,595425.42,628751.45,-,3.50%,38.32,41.10
2024-12-19,39.45,F,-97.32%,15939.67,595425.42,628751.45,-,3.50%,38.32,41.10
2024-12-20,39.28,F,-97.34%,15868.09,595425.42,628751.45,-,3.50%,38.32,41.10
2024-12-23,39.34,F,-97.33%,15891.63,595425.42,628751.45,-,3.50%,38.32,41.10
2024-12-24,39.84,F,-97.30%,16094.10,595425.42,628751.45,-,3.50%,38.32,41.10
2024-12-25,39.86,F,-97.30%,16101.94,595425.42,628751.45,-,3.50%,38.32,41.10
2024-12-26,39.87,F,-97.29%,16109.42,595425.42,628751.45,-,3.50%,38.32,41.10
2024-12-27,39.81,F,-97.30%,16083.36,595425.42,628751.45,-,3.50%,38.32,41.10
2024-12-30,39.99,F,-97.29%,16156.18,595425.42,628751.45,-,3.50%,38.32,41.10
2024-12-31,39.35,F,-97.33%,15897.04,595425.42,628751.45,-,3.50%,38.32,41.10
2025-01-02,38.20,F,-97.41%,15434.40,595425.42,628751.45,-,3.50%,38.32,41.10
2025-01-03,37.75,F,-97.41%,15402.67,595578.43,628751.45,-,3.50%,36.91,39.59
2025-01-06,37.69,F,-97.42%,15377.40,595578.43,628751.45,-,3.50%,36.91,39.59
2025-01-07,37.96,F,-97.40%,15488.11,595578.43,628751.45,-,3.50%,36.91,39.59
2025-01-08,37.89,F,-97.40%,15460.00,595578.43,628751.45,-,3.50%,36.91,39.59
2025-01-09,37.80,F,-97.41%,15421.90,595578.43,628751.45,-,3.50%,36.91,39.59
2025-01-10,37.32,F,-97.44%,15228.52,595578.43,628751.45,-,3.50%,36.91,39.59
2025-01-13,37.23,F,-97.43%,15336.75,595726.61,628751.45,-,3.50%,35.75,38.34
2025-01-14,38.21,F,-97.36%,15740.62,595726.61,628751.45,-,3.50%,35.75,38.34
2025-01-15,37.96,F,-97.40%,15487.79,595726.61,628903.85,-,3.50%,36.77,39.43
2025-01-16,38.00,F,-97.40%,15505.57,595726.61,628903.85,-,3.50%,36.77,39.43
2025-01-17,38.12,F,-97.39%,15554.36,595726.61,628903.85,-,3.50%,36.77,39.43
2025-01-20,38.30,F,-97.38%,15625.08,595726.61,628903.85,-,3.50%,36.77,39.43
2025-01-21,38.33,F,-97.38%,15637.07,595726.61,628903.85,-,3.50%,36.77,39.43
2025-01-22,37.97,F,-97.40%,15491.83,595726.61,628903.85,-,3.50%,36.77,39.43
2025-01-23,38.04,F,-97.39%,15519.28,595726.61,628903.85,-,3.50%,36.77,39.43
2025-01-24,38.33,F,-97.37%,15638.08,595726.61,628903.85,-,3.50%,36.77,39.43
2025-01-27,38.17,F,-97.39%,15573.69,595726.61,628903.85,-,3.50%,36.77,39.43
2025-02-05,37.95,F,-97.40%,15483.95,595726.61,628903.85,-,3.50%,36.77,39.43
2025-02-06,38.43,F,-97.37%,15678.75,595726.61,628903.85,-,3.50%,36.77,39.43
2025-02-07,38.93,F,-97.33%,15882.23,595726.61,628903.85,-,3.50%,36.77,39.43
2025-02-10,39.01,F,-97.35%,15760.29,595726.61,629059.77,-,3.50%,37.62,40.35
2025-02-11,38.83,F,-97.37%,15687.87,595726.61,629059.77,-,3.50%,37.62,40.35
2025-02-12,39.20,F,-97.34%,15836.24,595726.61,629059.77,-,3.50%,37.62,40.35
2025-02-13,39.05,F,-97.35%,15776.76,595726.61,629059.77,-,3.50%,37.62,40.35
2025-02-14,39.39,F,-97.33%,15913.59,595726.61,629059.77,-,3.50%,37.62,40.35
2025-02-17,39.47,F,-97.32%,15947.49,595726.61,629059.77,-,3.50%,37.62,40.35
2025-02-18,39.13,F,-97.35%,15807.64,595726.61,629059.77,-,3.50%,37.62,40.35
2025-02-19,39.40,F,-97.33%,15918.25,595726.61,629059.77,-,3.50%,37.62,40.35
2025-02-20,39.29,F,-97.34%,15872.74,595726.61,629059.77,-,3.50%,37.62,40.35
2025-02-21,39.78,F,-97.30%,16072.91,595726.61,629059.77,-,3.50%,37.62,40.35
2025-02-24,39.70,F,-97.33%,15878.87,595726.61,629218.67,-,3.50%,38.33,41.12
2025-02-25,39.26,F,-97.36%,15702.60,595726.61,629218.67,-,3.50%,38.33,41.12
2025-02-26,39.60,F,-97.34%,15839.77,595726.61,629218.67,-,3.50%,38.33,41.12
2025-02-27,39.68,F,-97.34%,15872.46,595726.61,629218.67,-,3.50%,38.33,41.12
2025-02-28,38.90,F,-97.39%,15560.19,595726.61,629218.67,-,3.50%,38.33,41.12
2025-03-03,38.88,F,-97.36%,15709.43,595882.59,629218.67,-,3.50%,37.63,40.36
2025-03-04,38.85,F,-97.37%,15696.29,595882.59,629218.67,-,3.50%,37.63,40.36
2025-03-05,39.03,F,-97.35%,15766.39,595882.59,629218.67,-,3.50%,37.63,40.36
2025-03-06,39.56,F,-97.32%,15983.20,595882.59,629218.67,-,3.50%,37.63,40.36
2025-03-07,39.44,F,-97.33%,15933.82,595882.59,629218.67,-,3.50%,37.63,40.36
2025-03-10,39.29,F,-97.34%,15872.36,595882.59,629218.67,-,3.50%,37.63,40.36
2025-03-11,39.41,F,-97.33%,15923.32,595882.59,629218.67,-,3.50%,37.63,40.36
2025-03-12,39.27,F,-97.34%,15866.02,595882.59,629218.67,-,3.50%,37.63,40.36
2025-03-13,39.12,F,-97.35%,15802.78,595882.59,629218.67,-,3.50%,37.63,40.36
2025-03-14,40.07,F,-97.28%,16186.49,595882.59,629218.67,-,3.50%,37.63,40.36
2025-03-17,39.97,F,-97.32%,15987.15,595882.59,629379.50,-,3.50%,38.80,41.61
2025-03-18,40.08,F,-97.31%,16030.89,595882.59,629379.50,-,3.50%,38.80,41.61
2025-03-19,40.10,F,-97.31%,16040.67,595882.59,629379.50,-,3.50%,38.80,41.61
2025-03-20,39.75,F,-97.33%,15899.97,595882.59,629379.50,-,3.50%,38.80,41.61
2025-03-21,39.15,F,-97.37%,15658.78,595882.59,629379.50,-,3.50%,38.80,41.61
2025-03-24,39.35,F,-97.33%,15896.79,596039.24,629379.50,-,3.50%,37.79,40.53
2025-03-25,39.32,F,-97.33%,15886.47,596039.24,629379.50,-,3.50%,37.79,40.53
2025-03-26,39.19,F,-97.34%,15834.20,596039.24,629379.50,-,3.50%,37.79,40.53
2025-03-27,39.32,F,-97.33%,15886.94,596039.24,629379.50,-,3.50%,37.79,40.53
2025-03-28,39.15,F,-97.35%,15817.27,596039.24,629379.50,-,3.50%,37.79,40.53
2025-03-31,38.87,F,-97.37%,15704.71,596039.24,629379.50,-,3.50%,37.79,40.53
2025-04-01,38.88,F,-97.36%,15706.24,596039.24,629379.50,-,3.50%,37.79,40.53
2025-04-02,38.84,F,-97.37%,15692.92,596039.24,629379.50,-,3.50%,37.79,40.53
2025-04-03,38.62,F,-97.38%,15600.47,596039.24,629379.50,-,3.50%,37.79,40.53
2025-04-07,35.89,F,-97.57%,14501.34,596039.24,629379.50,-,3.50%,37.79,40.53
2025-04-08,36.51,F,-97.50%,14895.10,596183.16,629379.50,-,3.50%,34.72,37.24
2025-04-09,36.87,F,-97.48%,15042.12,596183.16,629379.50,-,3.50%,34.72,37.24
2025-04-10,37.35,F,-97.47%,15089.87,596183.16,629529.46,-,3.50%,36.18,38.80
2025-04-11,37.51,F,-97.46%,15152.09,596183.16,629529.46,-,3.50%,36.18,38.80
2025-04-14,37.59,F,-97.45%,15186.93,596183.16,629529.46,-,3.50%,36.18,38.80
2025-04-15,37.61,F,-97.45%,15195.39,596183.16,629529.46,-,3.50%,36.18,38.80
2025-04-16,37.73,F,-97.44%,15242.19,596183.16,629529.46,-,3.50%,36.18,38.80
2025-04-17,37.72,F,-97.44%,15239.78,596183.16,629529.46,-,3.50%,36.18,38.80
2025-04-18,37.73,F,-97.44%,15240.99,596183.16,629529.46,-,3.50%,36.18,38.80
2025-04-21,37.85,F,-97.44%,15290.92,596183.16,629529.46,-,3.50%,36.18,38.80
2025-04-22,37.84,F,-97.44%,15287.17,596183.16,629529.46,-,3.50%,36.18,38.80
2025-04-23,37.87,F,-97.43%,15299.00,596183.16,629529.46,-,3.50%,36.18,38.80
2025-04-24,37.84,F,-97.44%,15288.80,596183.16,629529.46,-,3.50%,36.18,38.80
2025-04-25,37.87,F,-97.43%,15299.45,596183.16,629529.46,-,3.50%,36.18,38.80
2025-04-28,37.82,F,-97.44%,15277.74,596183.16,629529.46,-,3.50%,36.18,38.80
2025-04-29,37.75,F,-97.44%,15251.31,596183.16,629529.46,-,3.50%,36.18,38.80
2025-04-30,37.71,F,-97.44%,15233.10,596183.16,629529.46,-,3.50%,36.18,38.80
2025-05-06,38.09,F,-97.42%,15386.51,596183.16,629529.46,-,3.50%,36.18,38.80
2025-05-07,38.32,F,-97.40%,15479.77,596183.16,629529.46,-,3.50%,36.18,38.80
2025-05-08,38.53,F,-97.41%,15411.59,596183.16,629682.28,-,3.50%,36.87,39.54
2025-05-09,38.46,F,-97.42%,15384.63,596183.16,629682.28,-,3.50%,36.87,39.54
2025-05-12,38.91,F,-97.39%,15562.44,596183.16,629682.28,-,3.50%,36.87,39.54
2025-05-13,38.96,F,-97.39%,15585.03,596183.16,629682.28,-,3.50%,36.87,39.54
2025-05-14,39.43,F,-97.35%,15772.84,596183.16,629682.28,-,3.50%,36.87,39.54
2025-05-15,39.07,F,-97.40%,15472.51,596183.16,629839.65,-,3.50%,37.96,40.72
2025-05-16,38.89,F,-97.42%,15400.78,596183.16,629839.65,-,3.50%,37.96,40.72
2025-05-19,38.77,F,-97.42%,15353.50,596183.16,629839.65,-,3.50%,37.96,40.72
2025-05-20,38.98,F,-97.41%,15436.76,596183.16,629839.65,-,3.50%,37.96,40.72
2025-05-21,39.16,F,-97.40%,15508.87,596183.16,629839.65,-,3.50%,37.96,40.72
2025-05-22,39.14,F,-97.40%,15498.91,596183.16,629839.65,-,3.50%,37.96,40.72
2025-05-23,38.82,F,-97.42%,15373.81,596183.16,629839.65,-,3.50%,37.96,40.72
2025-05-26,38.60,F,-97.44%,15286.02,596183.16,629839.65,-,3.50%,37.96,40.72
2025-05-27,38.39,F,-97.45%,15204.01,596183.16,629839.65,-,3.50%,37.96,40.72
2025-05-28,38.36,F,-97.43%,15306.58,596298.45,629839.65,-,3.50%,37.09,39.78
2025-05-29,38.59,F,-97.42%,15396.21,596298.45,629839.65,-,3.50%,37.09,39.78
2025-05-30,38.40,F,-97.43%,15322.53,596298.45,629839.65,-,3.50%,37.09,39.78
2025-06-03,38.52,F,-97.42%,15369.53,596298.45,629839.65,-,3.50%,37.09,39.78
2025-06-04,38.69,F,-97.41%,15436.28,596298.45,629839.65,-,3.50%,37.09,39.78
2025-06-05,38.78,F,-97.41%,15471.45,596298.45,629839.65,-,3.50%,37.09,39.78
2025-06-06,38.74,F,-97.41%,15457.20,596298.45,629839.65,-,3.50%,37.09,39.78
2025-06-09,38.85,F,-97.40%,15502.13,596298.45,629839.65,-,3.50%,37.09,39.78
2025-06-10,38.65,F,-97.41%,15423.21,596298.45,629839.65,-,3.50%,37.09,39.78
2025-06-11,38.95,F,-97.39%,15539.55,596298.45,629839.65,-,3.50%,37.09,39.78
2025-06-12,38.92,F,-97.40%,15529.87,596298.45,629839.65,-,3.50%,37.09,39.78
2025-06-13,38.64,F,-97.41%,15418.09,596298.45,629839.65,-,3.50%,37.09,39.78
2025-06-16,38.74,F,-97.41%,15456.44,596298.45,629839.65,-,3.50%,37.09,39.78
2025-06-17,38.70,F,-97.41%,15442.81,596298.45,629839.65,-,3.50%,37.09,39.78
2025-06-18,38.75,F,-97.41%,15461.13,596298.45,629839.65,-,3.50%,37.09,39.78
2025-06-19,38.43,F,-97.43%,15333.93,596298.45,629839.65,-,3.50%,37.09,39.78
2025-06-20,38.47,F,-97.43%,15348.11,596298.45,629839.65,-,3.50%,37.09,39.78
2025-06-23,38.58,F,-97.42%,15393.03,596298.45,629839.65,-,3.50%,37.09,39.78
2025-06-24,39.04,F,-97.39%,15577.10,596298.45,629839.65,-,3.50%,37.09,39.78
2025-06-25,39.60,F,-97.35%,15800.66,596298.45,629839.65,-,3.50%,37.09,39.78
2025-06-26,39.46,F,-97.38%,15626.24,596298.45,629958.24,-,3.50%,38.15,40.92
2025-06-27,39.22,F,-97.40%,15530.16,596298.45,629958.24,-,3.50%,38.15,40.92
2025-06-30,39.36,F,-97.39%,15586.87,596298.45,629958.24,-,3.50%,38.15,40.92
2025-07-01,39.43,F,-97.38%,15613.34,596298.45,629958.24,-,3.50%,38.15,40.92
2025-07-02,39.44,F,-97.38%,15616.99,596298.45,629958.24,-,3.50%,38.15,40.92
2025-07-03,39.68,F,-97.36%,15713.55,596298.45,629958.24,-,3.50%,38.15,40.92
2025-07-04,39.82,F,-97.36%,15769.53,596298.45,629958.24,-,3.50%,38.15,40.92
2025-07-07,39.65,F,-97.37%,15702.09,596298.45,629958.24,-,3.50%,38.15,40.92
2025-07-08,39.98,F,-97.34%,15833.87,596298.45,629958.24,-,3.50%,38.15,40.92
2025-07-09,39.91,F,-97.35%,15805.95,596298.45,629958.24,-,3.50%,38.15,40.92
2025-07-10,40.10,F,-97.34%,15879.70,596298.45,629958.24,-,3.50%,38.15,40.92
2025-07-11,40.15,F,-97.33%,15898.64,596298.45,629958.24,-,3.50%,38.15,40.92
2025-07-14,40.18,F,-97.33%,15909.96,596298.45,629958.24,-,3.50%,38.15,40.92
2025-07-15,40.19,F,-97.33%,15915.50,596298.45,629958.24,-,3.50%,38.15,40.92
2025-07-16,40.07,F,-97.34%,15868.52,596298.45,629958.24,-,3.50%,38.15,40.92
2025-07-17,40.34,F,-97.32%,15976.58,596298.45,629958.24,-,3.50%,38.15,40.92
2025-07-18,40.59,F,-97.33%,15950.10,596298.45,630079.44,-,3.50%,38.98,41.81
2025-07-21,40.86,F,-97.31%,16056.44,596298.45,630079.44,-,3.50%,38.98,41.81
2025-07-22,41.19,F,-97.29%,16187.51,596298.45,630079.44,-,3.50%,38.98,41.81
2025-07-23,41.20,F,-97.28%,16190.69,596298.45,630079.44,-,3.50%,38.98,41.81
2025-07-24,41.49,F,-97.27%,16305.71,596298.45,630079.44,-,3.50%,38.98,41.81
2025-07-25,41.27,F,-97.30%,16095.94,596298.45,630203.80,-,3.50%,40.00,42.90
2025-07-28,41.36,F,-97.30%,16129.71,596298.45,630203.80,-,3.50%,40.00,42.90
2025-07-29,41.52,F,-97.28%,16192.90,596298.45,630203.80,-,3.50%,40.00,42.90
2025-07-30,41.51,F,-97.28%,16189.83,596298.45,630203.80,-,3.50%,40.00,42.90
2025-07-31,40.76,F,-97.33%,15894.81,596298.45,630203.80,-,3.50%,40.00,42.90
2025-08-01,40.55,F,-97.35%,15814.22,596298.45,630203.80,-,3.50%,40.00,42.90
2025-08-04,40.71,F,-97.32%,15997.86,596419.59,630203.80,-,3.50%,38.97,41.79
2025-08-05,41.03,F,-97.30%,16126.56,596419.59,630203.80,-,3.50%,38.97,41.79
2025-08-06,41.13,F,-97.29%,16166.00,596419.59,630203.80,-,3.50%,38.97,41.79
2025-08-07,41.15,F,-97.29%,16170.64,596419.59,630203.80,-,3.50%,38.97,41.79
2025-08-08,41.05,F,-97.30%,16132.52,596419.59,630203.80,-,3.50%,38.97,41.79
2025-08-11,41.23,F,-97.28%,16201.47,596419.59,630203.80,-,3.50%,38.97,41.79
2025-08-12,41.44,F,-97.29%,16160.92,596419.59,630327.50,-,3.50%,39.79,42.68
2025-08-13,41.77,F,-97.27%,16288.65,596419.59,630327.50,-,3.50%,39.79,42.68
2025-08-14,41.73,F,-97.27%,16275.92,596419.59,630327.50,-,3.50%,39.79,42.68
2025-08-15,42.02,F,-97.25%,16389.18,596419.59,630327.50,-,3.50%,39.79,42.68
2025-08-18,42.39,F,-97.23%,16533.71,596419.59,630327.50,-,3.50%,39.79,42.68
2025-08-19,42.23,F,-97.26%,16344.46,596419.59,630454.76,-,3.50%,40.93,43.90
2025-08-20,42.71,F,-97.23%,16530.30,596419.59,630454.76,-,3.50%,40.93,43.90
2025-08-21,42.88,F,-97.22%,16594.83,596419.59,630454.76,-,3.50%,40.93,43.90
2025-08-22,43.78,F,-97.16%,16942.85,596419.59,630454.76,-,3.50%,40.93,43.90
2025-08-25,44.69,F,-97.12%,17161.81,596419.59,630587.25,-,3.50%,42.62,45.71
2025-08-26,44.53,F,-97.13%,17097.95,596419.59,630587.25,-,3.50%,42.62,45.71
2025-08-27,43.86,F,-97.18%,16842.73,596419.59,630587.25,-,3.50%,42.62,45.71
2025-08-28,44.64,F,-97.13%,17140.92,596419.59,630587.25,-,3.50%,42.62,45.71
2025-08-29,44.97,F,-97.10%,17267.55,596419.59,630587.25,-,3.50%,42.62,45.71
2025-09-01,45.24,F,-97.09%,17371.05,596419.59,630587.25,-,3.50%,42.62,45.71
2025-09-02,44.90,F,-97.13%,17108.63,596419.59,630722.90,-,3.50%,43.64,46.80
2025-09-03,44.60,F,-97.15%,16991.95,596419.59,630722.90,-,3.50%,43.64,46.80
2025-09-04,43.65,F,-97.21%,16631.44,596419.59,630722.90,-,3.50%,43.64,46.80
2025-09-05,44.60,F,-97.13%,17127.65,596550.56,630722.90,-,3.50%,42.13,45.18
2025-09-08,44.68,F,-97.15%,17021.45,596550.56,630856.92,-,3.50%,43.11,46.24
2025-09-09,44.36,F,-97.17%,16902.14,596550.56,630856.92,-,3.50%,43.11,46.24
2025-09-10,44.45,F,-97.16%,16936.84,596550.56,630856.92,-,3.50%,43.11,46.24
2025-09-11,45.48,F,-97.10%,17328.01,596550.56,630856.92,-,3.50%,43.11,46.24
2025-09-12,45.22,F,-97.11%,17228.81,596550.56,630856.92,-,3.50%,43.11,46.24
2025-09-15,45.33,F,-97.10%,17270.94,596550.56,630856.92,-,3.50%,43.11,46.24
2025-09-16,45.23,F,-97.11%,17233.91,596550.56,630856.92,-,3.50%,43.11,46.24
2025-09-17,45.51,F,-97.09%,17339.40,596550.56,630856.92,-,3.50%,43.11,46.24
2025-09-18,44.98,F,-97.13%,17137.80,596550.56,630856.92,-,3.50%,43.11,46.24
2025-09-19,45.02,F,-97.12%,17152.31,596550.56,630856.92,-,3.50%,43.11,46.24
2025-09-22,45.23,F,-97.11%,17231.14,596550.56,630856.92,-,3.50%,43.11,46.24
2025-09-23,45.20,F,-97.11%,17220.35,596550.56,630856.92,-,3.50%,43.11,46.24
2025-09-24,45.66,F,-97.08%,17396.73,596550.56,630856.92,-,3.50%,43.11,46.24
2025-09-25,45.93,F,-97.09%,17363.38,596550.56,630993.84,-,3.50%,44.04,47.24
2025-09-26,45.50,F,-97.12%,17199.18,596550.56,630993.84,-,3.50%,44.04,47.24
2025-09-29,46.20,F,-97.07%,17463.80,596550.56,630993.84,-,3.50%,44.04,47.24
2025-09-30,46.41,F,-97.06%,17541.82,596550.56,630993.84,-,3.50%,44.04,47.24
2025-10-09,47.09,F,-97.02%,17801.84,596550.56,630993.84,-,3.50%,44.04,47.24
2025-10-10,46.17,F,-97.10%,17313.13,596550.56,631134.22,-,3.50%,45.16,48.43
2025-10-13,45.94,F,-97.11%,17227.42,596550.56,631134.22,-,3.50%,45.16,48.43
2025-10-14,45.39,F,-97.15%,17021.49,596550.56,631134.22,-,3.50%,45.16,48.43
2025-10-15,46.06,F,-97.08%,17411.77,596686.88,631134.22,-,3.50%,43.85,47.03
2025-10-16,46.18,F,-97.07%,17457.63,596686.88,631134.22,-,3.50%,43.85,47.03
2025-10-17,45.14,F,-97.14%,17063.81,596686.88,631134.22,-,3.50%,43.85,47.03
2025-10-20,45.38,F,-97.13%,17154.47,596686.88,631134.22,-,3.50%,43.85,47.03
2025-10-21,46.08,F,-97.08%,17417.75,596686.88,631134.22,-,3.50%,43.85,47.03
2025-10-22,45.93,F,-97.09%,17359.91,596686.88,631134.22,-,3.50%,43.85,47.03
2025-10-23,46.06,F,-97.08%,17411.98,596686.88,631134.22,-,3.50%,43.85,47.03
2025-10-24,46.61,F,-97.05%,17617.38,596686.88,631134.22,-,3.50%,43.85,47.03
2025-10-27,47.16,F,-97.04%,17685.07,596686.88,631275.21,-,3.50%,45.35,48.64
2025-10-28,46.92,F,-97.05%,17594.90,596686.88,631275.21,-,3.50%,45.35,48.64
2025-10-29,47.48,F,-97.02%,17804.39,596686.88,631275.21,-,3.50%,45.35,48.64
2025-10-30,47.10,F,-97.04%,17662.17,596686.88,631275.21,-,3.50%,45.35,48.64
2025-10-31,46.41,F,-97.08%,17402.50,596686.88,631275.21,-,3.50%,45.35,48.64
2025-11-03,46.53,F,-97.08%,17450.26,596686.88,631275.21,-,3.50%,45.35,48.64
2025-11-04,46.19,F,-97.10%,17320.12,596686.88,631275.21,-,3.50%,45.35,48.64
2025-11-05,46.27,F,-97.09%,17352.21,596686.88,631275.21,-,3.50%,45.35,48.64
2025-11-06,46.93,F,-97.05%,17600.26,596686.88,631275.21,-,3.50%,45.35,48.64
2025-11-07,46.79,F,-97.06%,17545.48,596686.88,631275.21,-,3.50%,45.35,48.64
2025-11-10,46.95,F,-97.05%,17606.44,596686.88,631275.21,-,3.50%,45.35,48.64
2025-11-11,46.52,F,-97.08%,17445.62,596686.88,631275.21,-,3.50%,45.35,48.64
2025-11-12,46.46,F,-97.08%,17422.15,596686.88,631275.21,-,3.50%,45.35,48.64
2025-11-13,47.02,F,-97.04%,17632.78,596686.88,631275.21,-,3.50%,45.35,48.64
2025-11-14,46.28,F,-97.09%,17355.52,596686.88,631275.21,-,3.50%,45.35,48.64
2025-11-17,45.98,F,-97.11%,17242.70,596686.88,631275.21,-,3.50%,45.35,48.64
2025-11-18,45.68,F,-97.11%,17267.77,596824.43,631275.21,-,3.50%,44.24,47.45
2025-11-19,45.88,F,-97.09%,17343.74,596824.43,631275.21,-,3.50%,44.24,47.45
2025-11-20,45.65,F,-97.11%,17255.50,596824.43,631275.21,-,3.50%,44.24,47.45
2025-11-21,44.54,F,-97.18%,16834.64,596824.43,631275.21,-,3.50%,44.24,47.45
2025-11-24,44.48,F,-97.16%,16947.06,596958.62,631275.21,-,3.50%,43.17,46.30
2025-11-25,44.90,F,-97.13%,17108.44,596958.62,631275.21,-,3.50%,43.17,46.30
2025-11-26,45.18,F,-97.12%,17212.15,596958.62,631275.21,-,3.50%,43.17,46.30
2025-11-27,45.15,F,-97.12%,17203.68,596958.62,631275.21,-,3.50%,43.17,46.30
2025-11-28,45.27,F,-97.11%,17246.58,596958.62,631275.21,-,3.50%,43.17,46.30
2025-12-01,45.76,F,-97.08%,17436.41,596958.62,631275.21,-,3.50%,43.17,46.30
