日期,收盘价,估值指标,估值分位点,持仓市值,现金,总资产,仓位比例,信号
2020-01-02,4152.24,12.45,0.5423,0.00,100000.00,100000.00,0.0000,持有
2020-01-03,4144.96,12.44,0.5362,0.00,100000.00,100000.00,0.0000,持有
2020-01-06,4129.30,12.40,0.5197,0.00,100000.00,100000.00,0.0000,持有
2020-01-07,4160.23,12.47,0.5466,0.00,100000.00,100000.00,0.0000,持有
2020-01-08,4112.32,12.32,0.4908,0.00,100000.00,100000.00,0.0000,持有
2020-01-09,4164.37,12.42,0.5257,0.00,100000.00,100000.00,0.0000,持有
2020-01-10,4163.18,12.43,0.5309,0.00,100000.00,100000.00,0.0000,持有
2020-01-13,4203.99,12.53,0.5625,0.00,100000.00,100000.00,0.0000,持有
2020-01-14,4189.89,12.49,0.5532,0.00,100000.00,100000.00,0.0000,持有
2020-01-15,4166.73,12.42,0.5240,0.00,100000.00,100000.00,0.0000,持有
2020-01-16,4149.04,12.34,0.4972,0.00,100000.00,100000.00,0.0000,持有
2020-01-17,4154.85,12.35,0.5000,0.00,100000.00,100000.00,0.0000,持有
2020-01-20,4185.83,12.42,0.5243,0.00,100000.00,100000.00,0.0000,持有
2020-01-21,4114.31,12.23,0.4537,0.00,100000.00,100000.00,0.0000,持有
2020-01-22,4131.93,12.28,0.4733,0.00,100000.00,100000.00,0.0000,持有
2020-01-23,4003.90,11.96,0.3615,0.00,100000.00,100000.00,0.0000,持有
2020-02-03,3688.36,11.04,0.1106,0.00,100000.00,100000.00,0.0000,买入(补至70%)
2020-02-04,3785.64,11.29,0.1534,68141.52,34260.71,102402.23,0.6654,持有
2020-02-05,3828.53,11.40,0.1875,68913.54,34260.71,103174.25,0.6679,持有
2020-02-06,3899.78,11.58,0.2476,70196.04,34260.71,104456.75,0.6720,持有
2020-02-07,3899.87,11.57,0.2466,70197.66,34260.71,104458.37,0.6720,持有
2020-02-10,3916.01,11.61,0.2639,70488.18,34260.71,104748.89,0.6729,持有
2020-02-11,3952.46,11.71,0.2985,71144.28,34260.71,105404.99,0.6750,持有
2020-02-12,3984.43,11.78,0.3157,71719.74,34260.71,105980.45,0.6767,持有
2020-02-13,3959.92,11.71,0.2980,71278.56,34260.71,105539.27,0.6754,持有
2020-02-14,3987.73,11.78,0.3160,71779.14,34260.71,106039.85,0.6769,持有
2020-02-17,4077.42,12.03,0.3883,73393.56,34260.71,107654.27,0.6818,持有
2020-02-18,4057.51,11.96,0.3659,73035.18,34260.71,107295.89,0.6807,持有
2020-02-19,4051.31,11.96,0.3656,72923.58,34260.71,107184.29,0.6804,持有
2020-02-20,4144.66,12.19,0.4472,74603.88,34260.71,108864.59,0.6853,持有
2020-02-21,4149.49,12.24,0.4658,74690.82,34260.71,108951.53,0.6855,持有
2020-02-24,4132.84,12.17,0.4426,74391.12,34260.71,108651.83,0.6847,持有
2020-02-25,4123.85,12.08,0.4030,74229.30,34260.71,108490.01,0.6842,持有
2020-02-26,4073.02,11.98,0.3736,73314.36,34260.71,107575.07,0.6815,持有
2020-02-27,4084.88,11.98,0.3733,73527.84,34260.71,107788.55,0.6821,持有
2020-02-28,3940.05,11.57,0.2437,70920.90,34260.71,105181.61,0.6743,持有
2020-03-02,4069.67,11.88,0.3446,73254.06,34260.71,107514.77,0.6813,持有
2020-03-03,4091.36,11.94,0.3599,73644.48,34260.71,107905.19,0.6825,持有
2020-03-04,4115.05,12.00,0.3800,74070.90,34260.71,108331.61,0.6837,持有
2020-03-05,4206.73,12.25,0.4719,75721.14,34260.71,109981.85,0.6885,持有
2020-03-06,4138.51,12.07,0.4020,74493.18,34260.71,108753.89,0.6850,持有
2020-03-09,3997.13,11.70,0.2886,71948.34,34260.71,106209.05,0.6774,持有
2020-03-10,4082.73,11.91,0.3507,73489.14,34260.71,107749.85,0.6820,持有
2020-03-11,4028.43,11.78,0.3131,72511.74,34260.71,106772.45,0.6791,持有
2020-03-12,3950.91,11.59,0.2506,71116.38,34260.71,105377.09,0.6749,持有
2020-03-13,3895.31,11.44,0.1952,70115.58,34260.71,104376.29,0.6718,持有
2020-03-16,3727.84,11.07,0.1181,67101.12,34260.71,101361.83,0.6620,持有
2020-03-17,3709.68,11.02,0.1040,66774.24,34260.71,101034.95,0.6609,持有
2020-03-18,3636.26,10.82,0.0784,65452.68,34260.71,99713.39,0.6564,买入(补至100%)
2020-03-19,3589.09,10.66,0.0558,96905.43,1644.97,98550.40,0.9833,持有
2020-03-20,3653.22,10.84,0.0844,98636.94,1644.97,100281.91,0.9836,持有
2020-03-23,3530.31,10.50,0.0372,95318.37,1644.97,96963.34,0.9830,持有
2020-03-24,3625.11,10.78,0.0712,97877.97,1644.97,99522.94,0.9835,持有
2020-03-25,3722.52,11.04,0.1121,100508.04,1644.97,102153.01,0.9839,持有
2020-03-26,3698.05,10.94,0.0934,99847.35,1644.97,101492.32,0.9838,持有
2020-03-27,3710.06,10.96,0.0957,100171.62,1644.97,101816.59,0.9838,持有
2020-03-30,3674.11,10.88,0.0887,99200.97,1644.97,100845.94,0.9837,持有
2020-03-31,3686.16,10.85,0.0863,99526.32,1644.97,101171.29,0.9837,持有
2020-04-01,3675.08,10.81,0.0770,99227.16,1644.97,100872.13,0.9837,持有
2020-04-02,3734.53,10.98,0.1015,100832.31,1644.97,102477.28,0.9839,持有
2020-04-03,3713.22,10.92,0.0930,100256.94,1644.97,101901.91,0.9839,持有
2020-04-07,3798.02,11.13,0.1375,102546.54,1644.97,104191.51,0.9842,持有
2020-04-08,3780.34,11.07,0.1274,102069.18,1644.97,103714.15,0.9841,持有
2020-04-09,3792.81,11.10,0.1327,102405.87,1644.97,104050.84,0.9842,持有
2020-04-10,3769.18,11.03,0.1134,101767.86,1644.97,103412.83,0.9841,持有
2020-04-13,3753.26,10.99,0.1072,101338.02,1644.97,102982.99,0.9840,持有
2020-04-14,3825.70,11.17,0.1438,103293.90,1644.97,104938.87,0.9843,持有
2020-04-15,3797.36,11.10,0.1338,102528.72,1644.97,104173.69,0.9842,持有
2020-04-16,3802.38,11.11,0.1375,102664.26,1644.97,104309.23,0.9842,持有
2020-04-17,3839.49,11.20,0.1504,103666.23,1644.97,105311.20,0.9844,持有
2020-04-20,3853.46,11.25,0.1579,104043.42,1644.97,105688.39,0.9844,持有
2020-04-21,3808.05,11.13,0.1410,102817.35,1644.97,104462.32,0.9843,持有
2020-04-22,3839.38,11.20,0.1508,103663.26,1644.97,105308.23,0.9844,持有
2020-04-23,3829.75,11.16,0.1438,103403.25,1644.97,105048.22,0.9843,持有
2020-04-24,3796.97,11.15,0.1422,102518.19,1644.97,104163.16,0.9842,持有
2020-04-27,3822.77,11.24,0.1603,103214.79,1644.97,104859.76,0.9843,持有
2020-04-28,3849.15,11.28,0.1678,103927.05,1644.97,105572.02,0.9844,持有
2020-04-29,3867.03,11.40,0.2026,104409.81,1644.97,106054.78,0.9845,持有
2020-04-30,3912.58,11.77,0.3268,105639.66,1644.97,107284.63,0.9847,持有
2020-05-06,3936.25,11.80,0.3386,106278.75,1644.97,107923.72,0.9848,持有
2020-05-07,3924.89,11.76,0.3255,105972.03,1644.97,107617.00,0.9847,持有
2020-05-08,3963.62,11.86,0.3563,107017.74,1644.97,108662.71,0.9849,持有
2020-05-11,3960.18,11.87,0.3628,106924.86,1644.97,108569.83,0.9848,持有
2020-05-12,3960.24,11.85,0.3542,106926.48,1644.97,108571.45,0.9848,持有
2020-05-13,3968.25,11.87,0.3630,107142.75,1644.97,108787.72,0.9849,持有
2020-05-14,3925.22,11.75,0.3228,105980.94,1644.97,107625.91,0.9847,持有
2020-05-15,3912.82,11.72,0.3150,105646.14,1644.97,107291.11,0.9847,持有
2020-05-18,3922.91,11.75,0.3230,105918.57,1644.97,107563.54,0.9847,持有
2020-05-19,3956.25,11.84,0.3544,106818.75,1644.97,108463.72,0.9848,持有
2020-05-20,3935.22,11.79,0.3361,106250.94,1644.97,107895.91,0.9848,持有
2020-05-21,3913.79,11.73,0.3201,105672.33,1644.97,107317.30,0.9847,持有
2020-05-22,3824.06,11.49,0.2365,103249.62,1644.97,104894.59,0.9843,持有
2020-05-25,3829.32,11.50,0.2378,103391.64,1644.97,105036.61,0.9843,持有
2020-05-26,3872.77,11.60,0.2706,104564.79,1644.97,106209.76,0.9845,持有
2020-05-27,3845.61,11.55,0.2539,103831.47,1644.97,105476.44,0.9844,持有
2020-05-28,3856.63,11.59,0.2680,104129.01,1644.97,105773.98,0.9844,持有
2020-05-29,3867.02,11.60,0.2715,104409.54,1644.97,106054.51,0.9845,持有
2020-06-01,3971.34,11.86,0.3617,107226.18,1644.97,108871.15,0.9849,持有
2020-06-02,3983.57,11.91,0.3771,107556.39,1644.97,109201.36,0.9849,持有
2020-06-03,3983.65,11.92,0.3799,107558.55,1644.97,109203.52,0.9849,持有
2020-06-04,3982.19,11.89,0.3714,107519.13,1644.97,109164.10,0.9849,持有
2020-06-05,4001.25,11.95,0.3897,108033.75,1644.97,109678.72,0.9850,持有
2020-06-08,4021.95,12.00,0.4073,108592.65,1644.97,110237.62,0.9851,持有
2020-06-09,4047.03,12.08,0.4330,109269.81,1644.97,110914.78,0.9852,持有
2020-06-10,4039.71,12.04,0.4208,109072.17,1644.97,110717.14,0.9851,持有
2020-06-11,3995.88,11.92,0.3789,107888.76,1644.97,109533.73,0.9850,持有
2020-06-12,4003.08,11.93,0.3838,108083.16,1644.97,109728.13,0.9850,持有
2020-06-15,3954.99,11.92,0.3783,106784.73,1644.97,108429.70,0.9848,持有
2020-06-16,4014.57,12.07,0.4307,108393.39,1644.97,110038.36,0.9851,持有
2020-06-17,4017.59,12.07,0.4304,108474.93,1644.97,110119.90,0.9851,持有
2020-06-18,4044.38,12.13,0.4589,109198.26,1644.97,110843.23,0.9852,持有
2020-06-19,4098.71,12.27,0.5074,110665.17,1644.97,112310.14,0.9854,持有
2020-06-22,4102.05,12.27,0.5070,110755.35,1644.97,112400.32,0.9854,持有
2020-06-23,4121.79,12.30,0.5185,111288.33,1644.97,112933.30,0.9854,持有
2020-06-24,4138.99,12.37,0.5424,111752.73,1644.97,113397.70,0.9855,持有
2020-06-29,4109.72,12.29,0.5147,110962.44,1644.97,112607.41,0.9854,持有
2020-06-30,4163.96,12.38,0.5475,112426.92,1644.97,114071.89,0.9856,持有
2020-07-01,4247.78,12.61,0.6237,114690.06,1644.97,116335.03,0.9859,持有
2020-07-02,4335.84,12.90,0.6829,117067.68,1644.97,118712.65,0.9861,持有
2020-07-03,4419.60,13.19,0.7603,119329.20,1644.97,120974.17,0.9864,卖出(降至50%)
2020-07-06,4670.09,14.00,0.8699,65381.26,59697.60,125078.86,0.5227,卖出(降至0%)
2020-07-07,4698.13,14.05,0.8789,0.00,126048.82,126048.82,0.0000,持有
2020-07-08,4774.00,14.25,0.9090,0.00,126048.82,126048.82,0.0000,持有
2020-07-09,4840.77,14.41,0.9172,0.00,126048.82,126048.82,0.0000,持有
2020-07-10,4753.13,14.05,0.8769,0.00,126048.82,126048.82,0.0000,持有
2020-07-13,4852.96,14.28,0.9100,0.00,126048.82,126048.82,0.0000,持有
2020-07-14,4806.69,14.15,0.8910,0.00,126048.82,126048.82,0.0000,持有
2020-07-15,4744.47,13.94,0.8560,0.00,126048.82,126048.82,0.0000,持有
2020-07-16,4516.25,13.34,0.7721,0.00,126048.82,126048.82,0.0000,持有
2020-07-17,4544.70,13.39,0.7774,0.00,126048.82,126048.82,0.0000,持有
2020-07-20,4680.30,13.76,0.8118,0.00,126048.82,126048.82,0.0000,持有
2020-07-21,4691.04,13.78,0.8185,0.00,126048.82,126048.82,0.0000,持有
2020-07-22,4714.45,13.82,0.8281,0.00,126048.82,126048.82,0.0000,持有
2020-07-23,4712.44,13.78,0.8173,0.00,126048.82,126048.82,0.0000,持有
2020-07-24,4505.59,13.23,0.7578,0.00,126048.82,126048.82,0.0000,持有
2020-07-27,4528.45,13.29,0.7645,0.00,126048.82,126048.82,0.0000,持有
2020-07-28,4568.26,13.38,0.7734,0.00,126048.82,126048.82,0.0000,持有
2020-07-29,4679.01,13.67,0.7954,0.00,126048.82,126048.82,0.0000,持有
2020-07-30,4656.15,13.58,0.7919,0.00,126048.82,126048.82,0.0000,持有
2020-07-31,4695.05,13.67,0.7949,0.00,126048.82,126048.82,0.0000,持有
2020-08-03,4771.31,13.87,0.8429,0.00,126048.82,126048.82,0.0000,持有
2020-08-04,4775.80,13.92,0.8517,0.00,126048.82,126048.82,0.0000,持有
2020-08-05,4777.11,13.90,0.8482,0.00,126048.82,126048.82,0.0000,持有
2020-08-06,4762.76,13.89,0.8468,0.00,126048.82,126048.82,0.0000,持有
2020-08-07,4707.93,13.75,0.8058,0.00,126048.82,126048.82,0.0000,持有
2020-08-10,4724.87,13.84,0.8319,0.00,126048.82,126048.82,0.0000,持有
2020-08-11,4681.78,13.73,0.8010,0.00,126048.82,126048.82,0.0000,持有
2020-08-12,4647.64,13.64,0.7889,0.00,126048.82,126048.82,0.0000,持有
2020-08-13,4635.71,13.60,0.7876,0.00,126048.82,126048.82,0.0000,持有
2020-08-14,4704.63,13.81,0.8237,0.00,126048.82,126048.82,0.0000,持有
2020-08-17,4815.23,14.15,0.8922,0.00,126048.82,126048.82,0.0000,持有
2020-08-18,4812.76,14.14,0.8915,0.00,126048.82,126048.82,0.0000,持有
2020-08-19,4740.68,13.94,0.8564,0.00,126048.82,126048.82,0.0000,持有
2020-08-20,4679.15,13.76,0.8056,0.00,126048.82,126048.82,0.0000,持有
2020-08-21,4718.84,13.84,0.8301,0.00,126048.82,126048.82,0.0000,持有
2020-08-24,4755.85,13.92,0.8503,0.00,126048.82,126048.82,0.0000,持有
2020-08-25,4761.95,13.92,0.8497,0.00,126048.82,126048.82,0.0000,持有
2020-08-26,4706.13,13.79,0.8147,0.00,126048.82,126048.82,0.0000,持有
2020-08-27,4731.35,13.84,0.8284,0.00,126048.82,126048.82,0.0000,持有
2020-08-28,4844.27,13.96,0.8614,0.00,126048.82,126048.82,0.0000,持有
2020-08-31,4816.22,14.45,0.9215,0.00,126048.82,126048.82,0.0000,持有
2020-09-01,4842.12,14.52,0.9251,0.00,126048.82,126048.82,0.0000,持有
2020-09-02,4843.89,14.51,0.9237,0.00,126048.82,126048.82,0.0000,持有
2020-09-03,4817.10,14.43,0.9195,0.00,126048.82,126048.82,0.0000,持有
2020-09-04,4770.22,14.30,0.9096,0.00,126048.82,126048.82,0.0000,持有
2020-09-07,4669.37,14.03,0.8698,0.00,126048.82,126048.82,0.0000,持有
2020-09-08,4694.39,14.14,0.8884,0.00,126048.82,126048.82,0.0000,持有
2020-09-09,4584.59,13.86,0.8317,0.00,126048.82,126048.82,0.0000,持有
2020-09-10,4581.98,13.86,0.8311,0.00,126048.82,126048.82,0.0000,持有
2020-09-11,4627.28,13.97,0.8582,0.00,126048.82,126048.82,0.0000,持有
2020-09-14,4651.05,14.02,0.8682,0.00,126048.82,126048.82,0.0000,持有
2020-09-15,4688.48,14.11,0.8860,0.00,126048.82,126048.82,0.0000,持有
2020-09-16,4657.36,14.04,0.8705,0.00,126048.82,126048.82,0.0000,持有
2020-09-17,4632.71,13.97,0.8557,0.00,126048.82,126048.82,0.0000,持有
2020-09-18,4737.09,14.29,0.9095,0.00,126048.82,126048.82,0.0000,持有
2020-09-21,4691.43,14.15,0.8891,0.00,126048.82,126048.82,0.0000,持有
2020-09-22,4635.76,14.00,0.8603,0.00,126048.82,126048.82,0.0000,持有
2020-09-23,4652.33,14.03,0.8667,0.00,126048.82,126048.82,0.0000,持有
2020-09-24,4563.07,13.80,0.8055,0.00,126048.82,126048.82,0.0000,持有
2020-09-25,4570.02,13.82,0.8113,0.00,126048.82,126048.82,0.0000,持有
2020-09-28,4581.91,13.87,0.8290,0.00,126048.82,126048.82,0.0000,持有
2020-09-29,4591.80,13.89,0.8347,0.00,126048.82,126048.82,0.0000,持有
2020-09-30,4587.40,13.87,0.8278,0.00,126048.82,126048.82,0.0000,持有
2020-10-09,4681.14,14.10,0.8820,0.00,126048.82,126048.82,0.0000,持有
2020-10-12,4823.16,14.50,0.9242,0.00,126048.82,126048.82,0.0000,持有
2020-10-13,4839.20,14.52,0.9257,0.00,126048.82,126048.82,0.0000,持有
2020-10-14,4807.10,14.44,0.9194,0.00,126048.82,126048.82,0.0000,持有
2020-10-15,4798.74,14.44,0.9188,0.00,126048.82,126048.82,0.0000,持有
2020-10-16,4791.68,14.46,0.9202,0.00,126048.82,126048.82,0.0000,持有
2020-10-19,4755.49,14.40,0.9140,0.00,126048.82,126048.82,0.0000,持有
2020-10-20,4793.47,14.41,0.9140,0.00,126048.82,126048.82,0.0000,持有
2020-10-21,4792.83,14.44,0.9176,0.00,126048.82,126048.82,0.0000,持有
2020-10-22,4777.98,14.40,0.9121,0.00,126048.82,126048.82,0.0000,持有
2020-10-23,4718.49,14.23,0.8996,0.00,126048.82,126048.82,0.0000,持有
2020-10-26,4691.24,14.13,0.8815,0.00,126048.82,126048.82,0.0000,持有
2020-10-27,4699.28,14.13,0.8809,0.00,126048.82,126048.82,0.0000,持有
2020-10-28,4737.27,14.16,0.8880,0.00,126048.82,126048.82,0.0000,持有
2020-10-29,4772.92,14.03,0.8581,0.00,126048.82,126048.82,0.0000,持有
2020-10-30,4695.33,13.92,0.8311,0.00,126048.82,126048.82,0.0000,持有
2020-11-02,4720.83,13.96,0.8431,0.00,126048.82,126048.82,0.0000,持有
2020-11-03,4777.56,14.13,0.8799,0.00,126048.82,126048.82,0.0000,持有
2020-11-04,4813.66,14.20,0.8946,0.00,126048.82,126048.82,0.0000,持有
2020-11-05,4885.11,14.38,0.9120,0.00,126048.82,126048.82,0.0000,持有
2020-11-06,4885.72,14.38,0.9114,0.00,126048.82,126048.82,0.0000,持有
2020-11-09,4981.35,14.63,0.9315,0.00,126048.82,126048.82,0.0000,持有
2020-11-10,4953.88,14.58,0.9295,0.00,126048.82,126048.82,0.0000,持有
2020-11-11,4904.90,14.48,0.9226,0.00,126048.82,126048.82,0.0000,持有
2020-11-12,4908.46,14.46,0.9185,0.00,126048.82,126048.82,0.0000,持有
2020-11-13,4856.85,14.30,0.9013,0.00,126048.82,126048.82,0.0000,持有
2020-11-16,4904.17,14.44,0.9152,0.00,126048.82,126048.82,0.0000,持有
2020-11-17,4894.79,14.42,0.9139,0.00,126048.82,126048.82,0.0000,持有
2020-11-18,4891.67,14.44,0.9146,0.00,126048.82,126048.82,0.0000,持有
2020-11-19,4927.99,14.53,0.9277,0.00,126048.82,126048.82,0.0000,持有
2020-11-20,4943.29,14.56,0.9285,0.00,126048.82,126048.82,0.0000,持有
2020-11-23,5005.03,14.75,0.9361,0.00,126048.82,126048.82,0.0000,持有
2020-11-24,4974.29,14.66,0.9327,0.00,126048.82,126048.82,0.0000,持有
2020-11-25,4910.70,14.51,0.9211,0.00,126048.82,126048.82,0.0000,持有
2020-11-26,4919.59,14.55,0.9266,0.00,126048.82,126048.82,0.0000,持有
2020-11-27,4980.77,14.78,0.9369,0.00,126048.82,126048.82,0.0000,持有
2020-11-30,4960.25,14.71,0.9342,0.00,126048.82,126048.82,0.0000,持有
2020-12-01,5067.10,15.00,0.9418,0.00,126048.82,126048.82,0.0000,持有
2020-12-02,5067.14,14.98,0.9391,0.00,126048.82,126048.82,0.0000,持有
2020-12-03,5057.06,14.95,0.9371,0.00,126048.82,126048.82,0.0000,持有
2020-12-04,5065.92,14.95,0.9365,0.00,126048.82,126048.82,0.0000,持有
2020-12-07,5022.24,14.80,0.9345,0.00,126048.82,126048.82,0.0000,持有
2020-12-08,5009.88,14.74,0.9318,0.00,126048.82,126048.82,0.0000,持有
2020-12-09,4942.70,14.58,0.9230,0.00,126048.82,126048.82,0.0000,持有
2020-12-10,4940.52,14.56,0.9210,0.00,126048.82,126048.82,0.0000,持有
2020-12-11,4889.63,14.45,0.9074,0.00,126048.82,126048.82,0.0000,持有
2020-12-14,4934.84,15.01,0.9422,0.00,126048.82,126048.82,0.0000,持有
2020-12-15,4945.10,15.01,0.9415,0.00,126048.82,126048.82,0.0000,持有
2020-12-16,4953.87,15.03,0.9423,0.00,126048.82,126048.82,0.0000,持有
2020-12-17,5017.48,15.20,0.9491,0.00,126048.82,126048.82,0.0000,持有
2020-12-18,4999.97,15.15,0.9457,0.00,126048.82,126048.82,0.0000,持有
2020-12-21,5046.84,15.27,0.9505,0.00,126048.82,126048.82,0.0000,持有
2020-12-22,4964.77,15.01,0.9383,0.00,126048.82,126048.82,0.0000,持有
2020-12-23,5007.12,15.14,0.9445,0.00,126048.82,126048.82,0.0000,持有
2020-12-24,5000.02,15.12,0.9418,0.00,126048.82,126048.82,0.0000,持有
2020-12-25,5042.01,15.23,0.9493,0.00,126048.82,126048.82,0.0000,持有
2020-12-28,5064.41,15.29,0.9514,0.00,126048.82,126048.82,0.0000,持有
2020-12-29,5042.94,15.22,0.9480,0.00,126048.82,126048.82,0.0000,持有
2020-12-30,5113.71,15.39,0.9568,0.00,126048.82,126048.82,0.0000,持有
2020-12-31,5211.29,15.66,0.9649,0.00,126048.82,126048.82,0.0000,持有
2021-01-04,5267.72,15.79,0.9670,0.00,126048.82,126048.82,0.0000,持有
2021-01-05,5368.50,16.03,0.9690,0.00,126048.82,126048.82,0.0000,持有
2021-01-06,5417.67,16.19,0.9738,0.00,126048.82,126048.82,0.0000,持有
2021-01-07,5513.66,16.45,0.9792,0.00,126048.82,126048.82,0.0000,持有
2021-01-08,5495.43,16.42,0.9778,0.00,126048.82,126048.82,0.0000,持有
2021-01-11,5441.16,16.26,0.9738,0.00,126048.82,126048.82,0.0000,持有
2021-01-12,5596.35,16.68,0.9819,0.00,126048.82,126048.82,0.0000,持有
2021-01-13,5577.97,16.66,0.9812,0.00,126048.82,126048.82,0.0000,持有
2021-01-14,5470.46,16.41,0.9759,0.00,126048.82,126048.82,0.0000,持有
2021-01-15,5458.08,16.34,0.9732,0.00,126048.82,126048.82,0.0000,持有
2021-01-18,5518.52,16.46,0.9779,0.00,126048.82,126048.82,0.0000,持有
2021-01-19,5437.52,16.28,0.9712,0.00,126048.82,126048.82,0.0000,持有
2021-01-20,5476.43,16.35,0.9739,0.00,126048.82,126048.82,0.0000,持有
2021-01-21,5564.97,16.58,0.9793,0.00,126048.82,126048.82,0.0000,持有
2021-01-22,5569.78,16.52,0.9780,0.00,126048.82,126048.82,0.0000,持有
2021-01-25,5625.92,16.65,0.9807,0.00,126048.82,126048.82,0.0000,持有
2021-01-26,5512.97,16.37,0.9727,0.00,126048.82,126048.82,0.0000,持有
2021-01-27,5528.00,16.41,0.9727,0.00,126048.82,126048.82,0.0000,持有
2021-01-28,5377.14,16.00,0.9581,0.00,126048.82,126048.82,0.0000,持有
2021-01-29,5351.96,15.95,0.9574,0.00,126048.82,126048.82,0.0000,持有
2021-02-01,5417.65,16.10,0.9594,0.00,126048.82,126048.82,0.0000,持有
2021-02-02,5501.09,16.29,0.9674,0.00,126048.82,126048.82,0.0000,持有
2021-02-03,5485.20,16.22,0.9641,0.00,126048.82,126048.82,0.0000,持有
2021-02-04,5473.95,16.09,0.9575,0.00,126048.82,126048.82,0.0000,持有
2021-02-05,5483.41,16.15,0.9589,0.00,126048.82,126048.82,0.0000,持有
2021-02-08,5564.56,16.33,0.9675,0.00,126048.82,126048.82,0.0000,持有
2021-02-09,5686.25,16.64,0.9795,0.00,126048.82,126048.82,0.0000,持有
2021-02-10,5807.72,16.99,0.9861,0.00,126048.82,126048.82,0.0000,持有
2021-02-18,5768.38,16.92,0.9848,0.00,126048.82,126048.82,0.0000,持有
2021-02-19,5778.84,16.95,0.9848,0.00,126048.82,126048.82,0.0000,持有
2021-02-22,5597.33,16.59,0.9769,0.00,126048.82,126048.82,0.0000,持有
2021-02-23,5579.67,16.54,0.9743,0.00,126048.82,126048.82,0.0000,持有
2021-02-24,5437.57,16.13,0.9538,0.00,126048.82,126048.82,0.0000,持有
2021-02-25,5469.56,16.26,0.9604,0.00,126048.82,126048.82,0.0000,持有
2021-02-26,5336.76,15.87,0.9480,0.00,126048.82,126048.82,0.0000,持有
2021-03-01,5418.78,16.00,0.9487,0.00,126048.82,126048.82,0.0000,持有
2021-03-02,5349.63,15.78,0.9441,0.00,126048.82,126048.82,0.0000,持有
2021-03-03,5452.21,16.12,0.9527,0.00,126048.82,126048.82,0.0000,持有
2021-03-04,5280.71,15.69,0.9409,0.00,126048.82,126048.82,0.0000,持有
2021-03-05,5262.80,15.69,0.9402,0.00,126048.82,126048.82,0.0000,持有
2021-03-08,5080.02,15.22,0.9213,0.00,126048.82,126048.82,0.0000,持有
2021-03-09,4971.00,14.93,0.9023,0.00,126048.82,126048.82,0.0000,持有
2021-03-10,5003.61,14.97,0.9037,0.00,126048.82,126048.82,0.0000,持有
2021-03-11,5128.22,15.31,0.9280,0.00,126048.82,126048.82,0.0000,持有
2021-03-12,5146.38,15.35,0.9287,0.00,126048.82,126048.82,0.0000,持有
2021-03-15,5035.54,15.11,0.9117,0.00,126048.82,126048.82,0.0000,持有
2021-03-16,5079.36,15.23,0.9209,0.00,126048.82,126048.82,0.0000,持有
2021-03-17,5100.86,15.25,0.9223,0.00,126048.82,126048.82,0.0000,持有
2021-03-18,5141.77,15.34,0.9282,0.00,126048.82,126048.82,0.0000,持有
2021-03-19,5007.09,14.95,0.8982,0.00,126048.82,126048.82,0.0000,持有
2021-03-22,5057.15,15.09,0.9087,0.00,126048.82,126048.82,0.0000,持有
2021-03-23,5009.25,14.96,0.8990,0.00,126048.82,126048.82,0.0000,持有
2021-03-24,4928.69,14.76,0.8932,0.00,126048.82,126048.82,0.0000,持有
2021-03-25,4926.35,14.71,0.8894,0.00,126048.82,126048.82,0.0000,持有
2021-03-26,5037.99,14.98,0.9012,0.00,126048.82,126048.82,0.0000,持有
2021-03-29,5046.88,14.78,0.8928,0.00,126048.82,126048.82,0.0000,持有
2021-03-30,5094.73,14.87,0.8955,0.00,126048.82,126048.82,0.0000,持有
2021-03-31,5048.36,14.61,0.8819,0.00,126048.82,126048.82,0.0000,持有
2021-04-01,5110.78,14.74,0.8891,0.00,126048.82,126048.82,0.0000,持有
2021-04-02,5161.56,14.85,0.8950,0.00,126048.82,126048.82,0.0000,持有
2021-04-06,5140.34,14.81,0.8938,0.00,126048.82,126048.82,0.0000,持有
2021-04-07,5103.74,14.73,0.8874,0.00,126048.82,126048.82,0.0000,持有
2021-04-08,5112.21,14.75,0.8887,0.00,126048.82,126048.82,0.0000,持有
2021-04-09,5035.34,14.56,0.8746,0.00,126048.82,126048.82,0.0000,持有
2021-04-12,4947.75,14.35,0.8501,0.00,126048.82,126048.82,0.0000,持有
2021-04-13,4939.64,14.32,0.8464,0.00,126048.82,126048.82,0.0000,持有
2021-04-14,4980.63,14.42,0.8568,0.00,126048.82,126048.82,0.0000,持有
2021-04-15,4948.97,14.29,0.8414,0.00,126048.82,126048.82,0.0000,持有
2021-04-16,4966.18,14.34,0.8479,0.00,126048.82,126048.82,0.0000,持有
2021-04-19,5087.02,14.60,0.8783,0.00,126048.82,126048.82,0.0000,持有
2021-04-20,5083.37,14.57,0.8764,0.00,126048.82,126048.82,0.0000,持有
2021-04-21,5098.74,14.58,0.8765,0.00,126048.82,126048.82,0.0000,持有
2021-04-22,5089.24,14.50,0.8657,0.00,126048.82,126048.82,0.0000,持有
2021-04-23,5135.45,14.56,0.8728,0.00,126048.82,126048.82,0.0000,持有
2021-04-26,5077.24,14.36,0.8472,0.00,126048.82,126048.82,0.0000,持有
2021-04-27,5090.52,14.31,0.8409,0.00,126048.82,126048.82,0.0000,持有
2021-04-28,5119.24,14.35,0.8462,0.00,126048.82,126048.82,0.0000,持有
2021-04-29,5164.17,14.14,0.8142,0.00,126048.82,126048.82,0.0000,持有
2021-04-30,5123.49,13.52,0.6959,0.00,126048.82,126048.82,0.0000,持有
2021-05-06,5061.12,13.41,0.6897,0.00,126048.82,126048.82,0.0000,持有
2021-05-07,4996.05,13.29,0.6726,0.00,126048.82,126048.82,0.0000,持有
2021-05-10,4992.42,13.31,0.6741,0.00,126048.82,126048.82,0.0000,持有
2021-05-11,5023.06,13.38,0.6814,0.00,126048.82,126048.82,0.0000,持有
2021-05-12,5044.55,13.45,0.6943,0.00,126048.82,126048.82,0.0000,持有
2021-05-13,4992.97,13.32,0.6747,0.00,126048.82,126048.82,0.0000,持有
2021-05-14,5110.59,13.60,0.7017,0.00,126048.82,126048.82,0.0000,持有
2021-05-17,5184.99,13.77,0.7255,0.00,126048.82,126048.82,0.0000,持有
2021-05-18,5187.60,13.78,0.7276,0.00,126048.82,126048.82,0.0000,持有
2021-05-19,5172.27,13.73,0.7131,0.00,126048.82,126048.82,0.0000,持有
2021-05-20,5186.41,13.76,0.7196,0.00,126048.82,126048.82,0.0000,持有
2021-05-21,5134.15,13.63,0.7014,0.00,126048.82,126048.82,0.0000,持有
2021-05-24,5155.59,13.68,0.7060,0.00,126048.82,126048.82,0.0000,持有
2021-05-25,5318.48,14.07,0.8033,0.00,126048.82,126048.82,0.0000,持有
2021-05-26,5320.59,14.09,0.8053,0.00,126048.82,126048.82,0.0000,持有
2021-05-27,5338.23,14.12,0.8118,0.00,126048.82,126048.82,0.0000,持有
2021-05-28,5321.09,14.10,0.8075,0.00,126048.82,126048.82,0.0000,持有
2021-05-31,5331.57,14.09,0.8038,0.00,126048.82,126048.82,0.0000,持有
2021-06-01,5341.68,14.12,0.8115,0.00,126048.82,126048.82,0.0000,持有
2021-06-02,5289.97,14.01,0.7876,0.00,126048.82,126048.82,0.0000,持有
2021-06-03,5255.29,13.93,0.7688,0.00,126048.82,126048.82,0.0000,持有
2021-06-04,5282.28,13.99,0.7822,0.00,126048.82,126048.82,0.0000,持有
2021-06-07,5277.63,13.99,0.7817,0.00,126048.82,126048.82,0.0000,持有
2021-06-08,5232.12,13.90,0.7598,0.00,126048.82,126048.82,0.0000,持有
2021-06-09,5236.45,13.92,0.7631,0.00,126048.82,126048.82,0.0000,持有
2021-06-10,5271.47,13.99,0.7815,0.00,126048.82,126048.82,0.0000,持有
2021-06-11,5224.70,13.89,0.7565,0.00,126048.82,126048.82,0.0000,持有
2021-06-15,5166.56,14.23,0.8346,0.00,126048.82,126048.82,0.0000,持有
2021-06-16,5080.49,14.04,0.7938,0.00,126048.82,126048.82,0.0000,持有
2021-06-17,5101.89,14.05,0.7965,0.00,126048.82,126048.82,0.0000,持有
2021-06-18,5102.47,14.04,0.7928,0.00,126048.82,126048.82,0.0000,持有
2021-06-21,5090.39,14.01,0.7861,0.00,126048.82,126048.82,0.0000,持有
2021-06-22,5122.16,14.10,0.8075,0.00,126048.82,126048.82,0.0000,持有
2021-06-23,5147.39,14.15,0.8189,0.00,126048.82,126048.82,0.0000,持有
2021-06-24,5155.97,14.18,0.8265,0.00,126048.82,126048.82,0.0000,持有
2021-06-25,5239.97,14.39,0.8529,0.00,126048.82,126048.82,0.0000,持有
2021-06-28,5251.76,14.40,0.8530,0.00,126048.82,126048.82,0.0000,持有
2021-06-29,5190.54,14.24,0.8363,0.00,126048.82,126048.82,0.0000,持有
2021-06-30,5224.04,14.32,0.8438,0.00,126048.82,126048.82,0.0000,持有
2021-07-01,5229.66,14.33,0.8452,0.00,126048.82,126048.82,0.0000,持有
2021-07-02,5081.12,13.98,0.7735,0.00,126048.82,126048.82,0.0000,持有
2021-07-05,5085.79,14.01,0.7818,0.00,126048.82,126048.82,0.0000,持有
2021-07-06,5083.10,14.00,0.7776,0.00,126048.82,126048.82,0.0000,持有
2021-07-07,5140.49,14.11,0.8082,0.00,126048.82,126048.82,0.0000,持有
2021-07-08,5088.26,13.95,0.7660,0.00,126048.82,126048.82,0.0000,持有
2021-07-09,5069.44,13.89,0.7475,0.00,126048.82,126048.82,0.0000,持有
2021-07-12,5132.71,14.01,0.7812,0.00,126048.82,126048.82,0.0000,持有
2021-07-13,5142.10,14.03,0.7857,0.00,126048.82,126048.82,0.0000,持有
2021-07-14,5083.08,13.87,0.7399,0.00,126048.82,126048.82,0.0000,持有
2021-07-15,5151.46,14.01,0.7804,0.00,126048.82,126048.82,0.0000,持有
2021-07-16,5094.77,13.87,0.7390,0.00,126048.82,126048.82,0.0000,持有
2021-07-19,5113.49,13.89,0.7460,0.00,126048.82,126048.82,0.0000,持有
2021-07-20,5108.99,13.87,0.7381,0.00,126048.82,126048.82,0.0000,持有
2021-07-21,5144.04,13.95,0.7649,0.00,126048.82,126048.82,0.0000,持有
2021-07-22,5151.75,13.99,0.7730,0.00,126048.82,126048.82,0.0000,持有
2021-07-23,5089.23,13.87,0.7367,0.00,126048.82,126048.82,0.0000,持有
2021-07-26,4925.30,13.45,0.6726,0.00,126048.82,126048.82,0.0000,持有
2021-07-27,4751.31,13.03,0.6093,0.00,126048.82,126048.82,0.0000,持有
2021-07-28,4760.48,13.06,0.6175,0.00,126048.82,126048.82,0.0000,持有
2021-07-29,4850.27,13.23,0.6436,0.00,126048.82,126048.82,0.0000,持有
2021-07-30,4811.17,13.12,0.6278,0.00,126048.82,126048.82,0.0000,持有
2021-08-02,4933.74,13.42,0.6700,0.00,126048.82,126048.82,0.0000,持有
2021-08-03,4934.46,13.39,0.6622,0.00,126048.82,126048.82,0.0000,持有
2021-08-04,4978.85,13.49,0.6759,0.00,126048.82,126048.82,0.0000,持有
2021-08-05,4948.67,13.41,0.6681,0.00,126048.82,126048.82,0.0000,持有
2021-08-06,4921.56,13.35,0.6560,0.00,126048.82,126048.82,0.0000,持有
2021-08-09,4985.56,13.51,0.6765,0.00,126048.82,126048.82,0.0000,持有
2021-08-10,5043.15,13.64,0.6847,0.00,126048.82,126048.82,0.0000,持有
2021-08-11,5015.34,13.60,0.6818,0.00,126048.82,126048.82,0.0000,持有
2021-08-12,4973.35,13.52,0.6765,0.00,126048.82,126048.82,0.0000,持有
2021-08-13,4945.98,13.45,0.6718,0.00,126048.82,126048.82,0.0000,持有
2021-08-16,4941.07,13.41,0.6659,0.00,126048.82,126048.82,0.0000,持有
2021-08-17,4837.40,13.15,0.6287,0.00,126048.82,126048.82,0.0000,持有
2021-08-18,4894.24,13.31,0.6479,0.00,126048.82,126048.82,0.0000,持有
2021-08-19,4862.14,13.22,0.6390,0.00,126048.82,126048.82,0.0000,持有
2021-08-20,4769.27,13.00,0.5965,0.00,126048.82,126048.82,0.0000,持有
2021-08-23,4835.88,13.14,0.6260,0.00,126048.82,126048.82,0.0000,持有
2021-08-24,4888.39,13.25,0.6433,0.00,126048.82,126048.82,0.0000,持有
2021-08-25,4898.16,13.26,0.6447,0.00,126048.82,126048.82,0.0000,持有
2021-08-26,4801.61,13.03,0.6017,0.00,126048.82,126048.82,0.0000,持有
2021-08-27,4827.04,12.96,0.5843,0.00,126048.82,126048.82,0.0000,持有
2021-08-30,4813.27,12.60,0.5109,0.00,126048.82,126048.82,0.0000,持有
2021-08-31,4805.61,12.41,0.4602,0.00,126048.82,126048.82,0.0000,持有
2021-09-01,4869.46,12.59,0.5085,0.00,126048.82,126048.82,0.0000,持有
2021-09-02,4869.41,12.60,0.5112,0.00,126048.82,126048.82,0.0000,持有
2021-09-03,4843.06,12.55,0.4994,0.00,126048.82,126048.82,0.0000,持有
2021-09-06,4933.73,12.75,0.5343,0.00,126048.82,126048.82,0.0000,持有
2021-09-07,4992.83,12.90,0.5661,0.00,126048.82,126048.82,0.0000,持有
2021-09-08,4972.13,12.87,0.5578,0.00,126048.82,126048.82,0.0000,持有
2021-09-09,4970.01,12.90,0.5660,0.00,126048.82,126048.82,0.0000,持有
2021-09-10,5013.52,12.98,0.5917,0.00,126048.82,126048.82,0.0000,持有
2021-09-13,4991.66,12.98,0.5913,0.00,126048.82,126048.82,0.0000,持有
2021-09-14,4917.16,12.79,0.5396,0.00,126048.82,126048.82,0.0000,持有
2021-09-15,4867.32,12.68,0.5229,0.00,126048.82,126048.82,0.0000,持有
2021-09-16,4807.70,12.54,0.4925,0.00,126048.82,126048.82,0.0000,持有
2021-09-17,4855.94,12.62,0.5157,0.00,126048.82,126048.82,0.0000,持有
2021-09-22,4821.77,12.56,0.4985,0.00,126048.82,126048.82,0.0000,持有
2021-09-23,4853.20,12.62,0.5157,0.00,126048.82,126048.82,0.0000,持有
2021-09-24,4849.43,12.58,0.5051,0.00,126048.82,126048.82,0.0000,持有
2021-09-27,4877.37,12.64,0.5205,0.00,126048.82,126048.82,0.0000,持有
2021-09-28,4883.83,12.69,0.5262,0.00,126048.82,126048.82,0.0000,持有
2021-09-29,4833.93,12.55,0.4952,0.00,126048.82,126048.82,0.0000,持有
2021-09-30,4866.38,12.61,0.5141,0.00,126048.82,126048.82,0.0000,持有
2021-10-08,4929.94,12.77,0.5378,0.00,126048.82,126048.82,0.0000,持有
2021-10-11,4936.19,12.80,0.5465,0.00,126048.82,126048.82,0.0000,持有
2021-10-12,4883.84,12.67,0.5240,0.00,126048.82,126048.82,0.0000,持有
2021-10-13,4940.11,12.76,0.5374,0.00,126048.82,126048.82,0.0000,持有
2021-10-14,4913.61,12.70,0.5287,0.00,126048.82,126048.82,0.0000,持有
2021-10-15,4932.11,12.76,0.5374,0.00,126048.82,126048.82,0.0000,持有
2021-10-18,4874.78,12.64,0.5185,0.00,126048.82,126048.82,0.0000,持有
2021-10-19,4922.72,12.77,0.5386,0.00,126048.82,126048.82,0.0000,持有
2021-10-20,4910.18,12.73,0.5311,0.00,126048.82,126048.82,0.0000,持有
2021-10-21,4928.02,12.78,0.5415,0.00,126048.82,126048.82,0.0000,持有
2021-10-22,4959.73,12.82,0.5513,0.00,126048.82,126048.82,0.0000,持有
2021-10-25,4979.52,12.86,0.5599,0.00,126048.82,126048.82,0.0000,持有
2021-10-26,4963.10,12.80,0.5477,0.00,126048.82,126048.82,0.0000,持有
2021-10-27,4898.16,12.62,0.5116,0.00,126048.82,126048.82,0.0000,持有
2021-10-28,4864.14,12.50,0.4786,0.00,126048.82,126048.82,0.0000,持有
2021-10-29,4908.77,12.67,0.5217,0.00,126048.82,126048.82,0.0000,持有
2021-11-01,4890.69,12.43,0.4584,0.00,126048.82,126048.82,0.0000,持有
2021-11-02,4839.85,12.30,0.4177,0.00,126048.82,126048.82,0.0000,持有
2021-11-03,4821.11,12.24,0.3985,0.00,126048.82,126048.82,0.0000,持有
2021-11-04,4868.74,12.35,0.4332,0.00,126048.82,126048.82,0.0000,持有
2021-11-05,4842.35,12.27,0.4075,0.00,126048.82,126048.82,0.0000,持有
2021-11-08,4848.18,12.28,0.4114,0.00,126048.82,126048.82,0.0000,持有
2021-11-09,4846.74,12.28,0.4111,0.00,126048.82,126048.82,0.0000,持有
2021-11-10,4821.19,12.21,0.3878,0.00,126048.82,126048.82,0.0000,持有
2021-11-11,4898.65,12.39,0.4456,0.00,126048.82,126048.82,0.0000,持有
2021-11-12,4888.37,12.35,0.4341,0.00,126048.82,126048.82,0.0000,持有
2021-11-15,4882.38,12.33,0.4273,0.00,126048.82,126048.82,0.0000,持有
2021-11-16,4883.32,12.34,0.4318,0.00,126048.82,126048.82,0.0000,持有
2021-11-17,4885.75,12.35,0.4345,0.00,126048.82,126048.82,0.0000,持有
2021-11-18,4837.62,12.25,0.3994,0.00,126048.82,126048.82,0.0000,持有
2021-11-19,4890.06,12.38,0.4452,0.00,126048.82,126048.82,0.0000,持有
2021-11-22,4912.40,12.43,0.4626,0.00,126048.82,126048.82,0.0000,持有
2021-11-23,4913.35,12.44,0.4682,0.00,126048.82,126048.82,0.0000,持有
2021-11-24,4916.66,12.46,0.4738,0.00,126048.82,126048.82,0.0000,持有
2021-11-25,4896.44,12.40,0.4512,0.00,126048.82,126048.82,0.0000,持有
2021-11-26,4860.13,12.31,0.4192,0.00,126048.82,126048.82,0.0000,持有
2021-11-29,4851.42,12.28,0.4089,0.00,126048.82,126048.82,0.0000,持有
2021-11-30,4832.03,12.25,0.3975,0.00,126048.82,126048.82,0.0000,持有
2021-12-01,4843.85,12.30,0.4173,0.00,126048.82,126048.82,0.0000,持有
2021-12-02,4856.16,12.34,0.4317,0.00,126048.82,126048.82,0.0000,持有
2021-12-03,4901.02,12.44,0.4695,0.00,126048.82,126048.82,0.0000,持有
2021-12-06,4892.62,12.43,0.4634,0.00,126048.82,126048.82,0.0000,持有
2021-12-07,4922.10,12.49,0.4836,0.00,126048.82,126048.82,0.0000,持有
2021-12-08,4995.93,12.65,0.5260,0.00,126048.82,126048.82,0.0000,持有
2021-12-09,5078.69,12.84,0.5632,0.00,126048.82,126048.82,0.0000,持有
2021-12-10,5055.12,12.78,0.5482,0.00,126048.82,126048.82,0.0000,持有
2021-12-13,5083.80,13.72,0.7085,0.00,126048.82,126048.82,0.0000,持有
2021-12-14,5049.70,13.62,0.6976,0.00,126048.82,126048.82,0.0000,持有
2021-12-15,5005.90,13.52,0.6902,0.00,126048.82,126048.82,0.0000,持有
2021-12-16,5034.73,13.60,0.6956,0.00,126048.82,126048.82,0.0000,持有
2021-12-17,4954.76,13.42,0.6812,0.00,126048.82,126048.82,0.0000,持有
2021-12-20,4880.42,13.25,0.6552,0.00,126048.82,126048.82,0.0000,持有
2021-12-21,4913.49,13.35,0.6671,0.00,126048.82,126048.82,0.0000,持有
2021-12-22,4914.45,13.34,0.6655,0.00,126048.82,126048.82,0.0000,持有
2021-12-23,4948.74,13.43,0.6826,0.00,126048.82,126048.82,0.0000,持有
2021-12-24,4921.34,13.36,0.6688,0.00,126048.82,126048.82,0.0000,持有
2021-12-27,4919.32,13.35,0.6661,0.00,126048.82,126048.82,0.0000,持有
2021-12-28,4955.96,13.43,0.6825,0.00,126048.82,126048.82,0.0000,持有
2021-12-29,4883.48,13.25,0.6526,0.00,126048.82,126048.82,0.0000,持有
2021-12-30,4921.51,13.33,0.6626,0.00,126048.82,126048.82,0.0000,持有
2021-12-31,4940.37,13.37,0.6698,0.00,126048.82,126048.82,0.0000,持有
2022-01-04,4917.77,13.33,0.6618,0.00,126048.82,126048.82,0.0000,持有
2022-01-05,4868.12,13.23,0.6476,0.00,126048.82,126048.82,0.0000,持有
2022-01-06,4818.23,13.12,0.6304,0.00,126048.82,126048.82,0.0000,持有
2022-01-07,4822.37,13.16,0.6382,0.00,126048.82,126048.82,0.0000,持有
2022-01-10,4844.05,13.21,0.6470,0.00,126048.82,126048.82,0.0000,持有
2022-01-11,4797.77,13.09,0.6253,0.00,126048.82,126048.82,0.0000,持有
2022-01-12,4845.58,13.19,0.6422,0.00,126048.82,126048.82,0.0000,持有
2022-01-13,4765.92,13.02,0.6073,0.00,126048.82,126048.82,0.0000,持有
2022-01-14,4726.73,12.88,0.5666,0.00,126048.82,126048.82,0.0000,持有
2022-01-17,4767.28,12.94,0.5870,0.00,126048.82,126048.82,0.0000,持有
2022-01-18,4813.35,13.08,0.6241,0.00,126048.82,126048.82,0.0000,持有
2022-01-19,4780.38,13.00,0.6030,0.00,126048.82,126048.82,0.0000,持有
2022-01-20,4823.51,13.11,0.6285,0.00,126048.82,126048.82,0.0000,持有
2022-01-21,4779.31,12.99,0.5994,0.00,126048.82,126048.82,0.0000,持有
2022-01-24,4786.74,13.00,0.6025,0.00,126048.82,126048.82,0.0000,持有
2022-01-25,4678.45,12.72,0.5276,0.00,126048.82,126048.82,0.0000,持有
2022-01-26,4712.31,12.82,0.5496,0.00,126048.82,126048.82,0.0000,持有
2022-01-27,4619.88,12.60,0.5017,0.00,126048.82,126048.82,0.0000,持有
2022-01-28,4563.77,12.44,0.4596,0.00,126048.82,126048.82,0.0000,持有
2022-02-07,4634.09,12.69,0.5223,0.00,126048.82,126048.82,0.0000,持有
2022-02-08,4608.77,12.69,0.5220,0.00,126048.82,126048.82,0.0000,持有
2022-02-09,4652.06,12.79,0.5429,0.00,126048.82,126048.82,0.0000,持有
2022-02-10,4639.86,12.77,0.5363,0.00,126048.82,126048.82,0.0000,持有
2022-02-11,4601.40,12.72,0.5274,0.00,126048.82,126048.82,0.0000,持有
2022-02-14,4551.69,12.56,0.4894,0.00,126048.82,126048.82,0.0000,持有
2022-02-15,4600.10,12.65,0.5148,0.00,126048.82,126048.82,0.0000,持有
2022-02-16,4617.99,12.70,0.5254,0.00,126048.82,126048.82,0.0000,持有
2022-02-17,4629.16,12.71,0.5268,0.00,126048.82,126048.82,0.0000,持有
2022-02-18,4651.24,12.78,0.5407,0.00,126048.82,126048.82,0.0000,持有
2022-02-21,4634.31,12.73,0.5296,0.00,126048.82,126048.82,0.0000,持有
2022-02-22,4574.15,12.59,0.4963,0.00,126048.82,126048.82,0.0000,持有
2022-02-23,4623.05,12.68,0.5188,0.00,126048.82,126048.82,0.0000,持有
2022-02-24,4529.32,12.45,0.4622,0.00,126048.82,126048.82,0.0000,持有
2022-02-25,4573.42,12.53,0.4784,0.00,126048.82,126048.82,0.0000,持有
2022-02-28,4581.65,12.57,0.4929,0.00,126048.82,126048.82,0.0000,持有
2022-03-01,4619.69,12.66,0.5153,0.00,126048.82,126048.82,0.0000,持有
2022-03-02,4578.60,12.58,0.4952,0.00,126048.82,126048.82,0.0000,持有
2022-03-03,4551.63,12.54,0.4802,0.00,126048.82,126048.82,0.0000,持有
2022-03-04,4496.43,12.40,0.4374,0.00,126048.82,126048.82,0.0000,持有
2022-03-07,4352.78,12.06,0.3262,0.00,126048.82,126048.82,0.0000,持有
2022-03-08,4265.39,11.83,0.2694,0.00,126048.82,126048.82,0.0000,买入(补至30%)
2022-03-09,4226.35,11.71,0.2370,33810.80,91799.27,125610.07,0.2692,持有
2022-03-10,4292.84,11.84,0.2719,34342.72,91799.27,126141.99,0.2723,持有
2022-03-11,4306.52,11.83,0.2695,34452.16,91799.27,126251.43,0.2729,持有
2022-03-14,4174.76,11.50,0.1790,33398.08,91799.27,125197.35,0.2668,买入(补至70%)
2022-03-15,3983.81,10.98,0.0751,79676.20,42290.91,121967.11,0.6533,买入(补至100%)
2022-03-16,4156.08,11.38,0.1472,124682.40,1757.89,126440.29,0.9861,持有
2022-03-17,4237.70,11.56,0.1956,127131.00,1757.89,128888.89,0.9864,持有
2022-03-18,4265.90,11.72,0.2417,127977.00,1757.89,129734.89,0.9865,持有
2022-03-21,4258.75,11.69,0.2309,127762.50,1757.89,129520.39,0.9864,持有
2022-03-22,4255.30,11.71,0.2386,127659.00,1757.89,129416.89,0.9864,持有
2022-03-23,4276.52,11.76,0.2520,128295.60,1757.89,130053.49,0.9865,持有
2022-03-24,4251.31,11.70,0.2333,127539.30,1757.89,129297.19,0.9864,持有
2022-03-25,4174.57,11.54,0.1888,125237.10,1757.89,126994.99,0.9862,持有
2022-03-28,4148.47,11.52,0.1847,124454.10,1757.89,126211.99,0.9861,持有
2022-03-29,4134.14,11.50,0.1790,124024.20,1757.89,125782.09,0.9860,持有
2022-03-30,4254.10,11.73,0.2490,127623.00,1757.89,129380.89,0.9864,持有
2022-03-31,4222.60,11.72,0.2438,126678.00,1757.89,128435.89,0.9863,持有
2022-04-01,4276.16,11.83,0.2751,128284.80,1757.89,130042.69,0.9865,持有
2022-04-06,4263.84,11.82,0.2727,127915.20,1757.89,129673.09,0.9864,持有
2022-04-07,4209.10,11.68,0.2294,126273.00,1757.89,128030.89,0.9863,持有
2022-04-08,4230.77,11.76,0.2545,126923.10,1757.89,128680.99,0.9863,持有
2022-04-11,4100.07,11.45,0.1610,123002.10,1757.89,124759.99,0.9859,持有
2022-04-12,4179.97,11.63,0.2179,125399.10,1757.89,127156.99,0.9862,持有
2022-04-13,4139.74,11.55,0.1932,124192.20,1757.89,125950.09,0.9860,持有
2022-04-14,4191.57,11.68,0.2305,125747.10,1757.89,127504.99,0.9862,持有
2022-04-15,4188.75,11.66,0.2253,125662.50,1757.89,127420.39,0.9862,持有
2022-04-18,4166.38,11.56,0.1962,124991.40,1757.89,126749.29,0.9861,持有
2022-04-19,4134.90,11.51,0.1816,124047.00,1757.89,125804.89,0.9860,持有
2022-04-20,4070.79,11.36,0.1409,122123.70,1757.89,123881.59,0.9858,持有
2022-04-21,3995.83,11.18,0.1096,119874.90,1757.89,121632.79,0.9855,持有
2022-04-22,4013.25,11.24,0.1185,120397.50,1757.89,122155.39,0.9856,持有
2022-04-25,3814.91,10.76,0.0489,114447.30,1757.89,116205.19,0.9849,持有
2022-04-26,3784.12,10.67,0.0433,113523.60,1757.89,115281.49,0.9848,持有
2022-04-27,3895.54,10.87,0.0655,116866.20,1757.89,118624.09,0.9852,持有
2022-04-28,3921.11,10.92,0.0688,117633.30,1757.89,119391.19,0.9853,持有
2022-04-29,4016.24,11.21,0.1165,120487.20,1757.89,122245.09,0.9856,持有
2022-05-05,4010.21,11.11,0.1025,120306.30,1757.89,122064.19,0.9856,持有
2022-05-06,3908.82,10.85,0.0637,117264.60,1757.89,119022.49,0.9852,持有
2022-05-09,3877.44,10.79,0.0543,116323.20,1757.89,118081.09,0.9851,持有
2022-05-10,3919.87,10.87,0.0664,117596.10,1757.89,119353.99,0.9853,持有
2022-05-11,3976.42,10.99,0.0819,119292.60,1757.89,121050.49,0.9855,持有
2022-05-12,3958.74,10.96,0.0746,118762.20,1757.89,120520.09,0.9854,持有
2022-05-13,3988.60,11.05,0.0945,119658.00,1757.89,121415.89,0.9855,持有
2022-05-16,3956.54,10.97,0.0756,118696.20,1757.89,120454.09,0.9854,持有
2022-05-17,4005.89,11.09,0.1026,120176.70,1757.89,121934.59,0.9856,持有
2022-05-18,3991.91,11.05,0.0949,119757.30,1757.89,121515.19,0.9855,持有
2022-05-19,3999.60,11.07,0.0998,119988.00,1757.89,121745.89,0.9856,持有
2022-05-20,4077.60,11.26,0.1306,122328.00,1757.89,124085.89,0.9858,持有
2022-05-23,4053.98,11.20,0.1195,121619.40,1757.89,123377.29,0.9858,持有
2022-05-24,3959.15,10.99,0.0826,118774.50,1757.89,120532.39,0.9854,持有
2022-05-25,3983.18,11.06,0.0974,119495.40,1757.89,121253.29,0.9855,持有
2022-05-26,3993.04,11.09,0.1045,119791.20,1757.89,121549.09,0.9855,持有
2022-05-27,4001.30,11.12,0.1115,120039.00,1757.89,121796.89,0.9856,持有
2022-05-30,4029.02,11.18,0.1186,120870.60,1757.89,122628.49,0.9857,持有
2022-05-31,4091.52,11.32,0.1422,122745.60,1757.89,124503.49,0.9859,持有
2022-06-01,4083.18,11.30,0.1393,122495.40,1757.89,124253.29,0.9859,持有
2022-06-02,4089.57,11.31,0.1414,122687.10,1757.89,124444.99,0.9859,持有
2022-06-06,4166.09,11.47,0.1814,124982.70,1757.89,126740.59,0.9861,持有
2022-06-07,4179.13,11.50,0.1917,125373.90,1757.89,127131.79,0.9862,持有
2022-06-08,4219.81,11.61,0.2277,126594.30,1757.89,128352.19,0.9863,持有
2022-06-09,4175.67,11.53,0.2019,125270.10,1757.89,127027.99,0.9862,持有
2022-06-10,4238.99,11.70,0.2510,127169.70,1757.89,128927.59,0.9864,持有
2022-06-13,4189.35,11.70,0.2508,125680.50,1757.89,127438.39,0.9862,持有
2022-06-14,4222.31,11.82,0.2900,126669.30,1757.89,128427.19,0.9863,持有
2022-06-15,4278.22,11.95,0.3226,128346.60,1757.89,130104.49,0.9865,持有
2022-06-16,4250.06,11.84,0.2962,127501.80,1757.89,129259.69,0.9864,持有
2022-06-17,4309.04,11.97,0.3304,129271.20,1757.89,131029.09,0.9866,持有
2022-06-20,4330.43,11.97,0.3302,129912.90,1757.89,131670.79,0.9866,持有
2022-06-21,4325.57,11.98,0.3333,129767.10,1757.89,131524.99,0.9866,持有
2022-06-22,4270.62,11.83,0.2923,128118.60,1757.89,129876.49,0.9865,持有
2022-06-23,4343.88,12.02,0.3433,130316.40,1757.89,132074.29,0.9867,持有
2022-06-24,4394.77,12.12,0.3730,131843.10,1757.89,133600.99,0.9868,持有
2022-06-27,4444.26,12.23,0.4011,133327.80,1757.89,135085.69,0.9870,持有
2022-06-28,4490.52,12.32,0.4340,134715.60,1757.89,136473.49,0.9871,持有
2022-06-29,4421.36,12.18,0.3903,132640.80,1757.89,134398.69,0.9869,持有
2022-06-30,4485.01,12.31,0.4297,134550.30,1757.89,136308.19,0.9871,持有
2022-07-01,4466.72,12.26,0.4132,134001.60,1757.89,135759.49,0.9871,持有
2022-07-04,4496.03,12.33,0.4374,134880.90,1757.89,136638.79,0.9871,持有
2022-07-05,4489.54,12.31,0.4296,134686.20,1757.89,136444.09,0.9871,持有
2022-07-06,4423.97,12.15,0.3817,132719.10,1757.89,134476.99,0.9869,持有
2022-07-07,4443.47,12.18,0.3896,133304.10,1757.89,135061.99,0.9870,持有
2022-07-08,4428.78,12.13,0.3753,132863.40,1757.89,134621.29,0.9869,持有
2022-07-11,4354.62,11.95,0.3205,130638.60,1757.89,132396.49,0.9867,持有
2022-07-12,4313.62,11.84,0.2939,129408.60,1757.89,131166.49,0.9866,持有
2022-07-13,4321.46,11.84,0.2937,129643.80,1757.89,131401.69,0.9866,持有
2022-07-14,4322.07,11.81,0.2833,129662.10,1757.89,131419.99,0.9866,持有
2022-07-15,4248.53,11.61,0.2249,127455.90,1757.89,129213.79,0.9864,持有
2022-07-18,4292.59,11.74,0.2647,128777.70,1757.89,130535.59,0.9865,持有
2022-07-19,4269.34,11.70,0.2478,128080.20,1757.89,129838.09,0.9865,持有
2022-07-20,4283.80,11.75,0.2671,128514.00,1757.89,130271.89,0.9865,持有
2022-07-21,4236.06,11.62,0.2282,127081.80,1757.89,128839.69,0.9864,持有
2022-07-22,4238.23,11.63,0.2302,127146.90,1757.89,128904.79,0.9864,持有
2022-07-25,4212.64,11.58,0.2113,126379.20,1757.89,128137.09,0.9863,持有
2022-07-26,4245.98,11.65,0.2370,127379.40,1757.89,129137.29,0.9864,持有
2022-07-27,4225.04,11.58,0.2111,126751.20,1757.89,128509.09,0.9863,持有
2022-07-28,4225.67,11.58,0.2110,126770.10,1757.89,128527.99,0.9863,持有
2022-07-29,4170.10,11.44,0.1685,125103.00,1757.89,126860.89,0.9861,持有
2022-08-01,4188.68,11.48,0.1828,125660.40,1757.89,127418.29,0.9862,持有
2022-08-02,4107.02,11.28,0.1324,123210.60,1757.89,124968.49,0.9859,持有
2022-08-03,4066.98,11.18,0.1157,122009.40,1757.89,123767.29,0.9858,持有
2022-08-04,4101.54,11.28,0.1328,123046.20,1757.89,124804.09,0.9859,持有
2022-08-05,4156.91,11.41,0.1648,124707.30,1757.89,126465.19,0.9861,持有
2022-08-08,4148.07,11.39,0.1588,124442.10,1757.89,126199.99,0.9861,持有
2022-08-09,4156.29,11.41,0.1652,124688.70,1757.89,126446.59,0.9861,持有
2022-08-10,4109.74,11.30,0.1373,123292.20,1757.89,125050.09,0.9859,持有
2022-08-11,4193.54,11.52,0.1986,125806.20,1757.89,127564.09,0.9862,持有
2022-08-12,4191.15,11.50,0.1916,125734.50,1757.89,127492.39,0.9862,持有
2022-08-15,4185.68,11.47,0.1808,125570.40,1757.89,127328.29,0.9862,持有
2022-08-16,4177.84,11.43,0.1700,125335.20,1757.89,127093.09,0.9862,持有
2022-08-17,4216.96,11.53,0.2035,126508.80,1757.89,128266.69,0.9863,持有
2022-08-18,4180.10,11.43,0.1699,125403.00,1757.89,127160.89,0.9862,持有
2022-08-19,4151.07,11.38,0.1565,124532.10,1757.89,126289.99,0.9861,持有
2022-08-22,4181.40,11.45,0.1745,125442.00,1757.89,127199.89,0.9862,持有
2022-08-23,4161.08,11.39,0.1590,124832.40,1757.89,126590.29,0.9861,持有
2022-08-24,4082.42,11.18,0.1148,122472.60,1757.89,124230.49,0.9858,持有
2022-08-25,4116.24,11.29,0.1349,123487.20,1757.89,125245.09,0.9860,持有
2022-08-26,4107.55,11.21,0.1215,123226.50,1757.89,124984.39,0.9859,持有
2022-08-29,4089.52,11.11,0.1050,122685.60,1757.89,124443.49,0.9859,持有
2022-08-30,4075.79,11.10,0.1023,122273.70,1757.89,124031.59,0.9858,持有
2022-08-31,4078.84,11.02,0.0843,122365.20,1757.89,124123.09,0.9858,持有
2022-09-01,4043.74,10.95,0.0715,121312.20,1757.89,123070.09,0.9857,持有
2022-09-02,4023.61,10.89,0.0662,120708.30,1757.89,122466.19,0.9856,持有
2022-09-05,4015.43,10.90,0.0672,120462.90,1757.89,122220.79,0.9856,持有
2022-09-06,4052.28,10.98,0.0767,121568.40,1757.89,123326.29,0.9857,持有
2022-09-07,4054.98,10.99,0.0814,121649.40,1757.89,123407.29,0.9858,持有
2022-09-08,4037.68,10.96,0.0729,121130.40,1757.89,122888.29,0.9857,持有
2022-09-09,4093.79,11.10,0.1056,122813.70,1757.89,124571.59,0.9859,持有
2022-09-13,4111.11,11.13,0.1135,123333.30,1757.89,125091.19,0.9859,持有
2022-09-14,4065.36,11.02,0.0870,121960.80,1757.89,123718.69,0.9858,持有
2022-09-15,4027.12,10.95,0.0722,120813.60,1757.89,122571.49,0.9857,持有
2022-09-16,3932.68,10.70,0.0437,117980.40,1757.89,119738.29,0.9853,持有
2022-09-19,3928.00,10.70,0.0437,117840.00,1757.89,119597.89,0.9853,持有
2022-09-20,3932.84,10.70,0.0437,117985.20,1757.89,119743.09,0.9853,持有
2022-09-21,3903.73,10.65,0.0384,117111.90,1757.89,118869.79,0.9852,持有
2022-09-22,3869.34,10.59,0.0321,116080.20,1757.89,117838.09,0.9851,持有
2022-09-23,3856.02,10.60,0.0342,115680.60,1757.89,117438.49,0.9850,持有
2022-09-26,3836.68,10.51,0.0268,115100.40,1757.89,116858.29,0.9850,持有
2022-09-27,3892.30,10.64,0.0394,116769.00,1757.89,118526.89,0.9852,持有
2022-09-28,3828.71,10.51,0.0268,114861.30,1757.89,116619.19,0.9849,持有
2022-09-29,3827.14,10.50,0.0252,114814.20,1757.89,116572.09,0.9849,持有
2022-09-30,3804.89,10.47,0.0241,114146.70,1757.89,115904.59,0.9848,持有
2022-10-10,3720.94,10.29,0.0089,111628.20,1757.89,113386.09,0.9845,持有
2022-10-11,3727.69,10.30,0.0105,111830.70,1757.89,113588.59,0.9845,持有
2022-10-12,3784.31,10.43,0.0194,113529.30,1757.89,115287.19,0.9848,持有
2022-10-13,3752.67,10.34,0.0115,112580.10,1757.89,114337.99,0.9846,持有
2022-10-14,3842.47,10.52,0.0314,115274.10,1757.89,117031.99,0.9850,持有
2022-10-17,3846.41,10.51,0.0298,115392.30,1757.89,117150.19,0.9850,持有
2022-10-18,3838.27,10.48,0.0277,115148.10,1757.89,116905.99,0.9850,持有
2022-10-19,3776.53,10.34,0.0115,113295.90,1757.89,115053.79,0.9847,持有
2022-10-20,3754.93,10.30,0.0104,112647.90,1757.89,114405.79,0.9846,持有
2022-10-21,3742.89,10.25,0.0073,112286.70,1757.89,114044.59,0.9846,持有
2022-10-24,3633.37,9.98,0.0010,109001.10,1757.89,110758.99,0.9841,持有
2022-10-25,3627.45,9.97,0.0010,108823.50,1757.89,110581.39,0.9841,持有
2022-10-26,3656.90,10.04,0.0026,109707.00,1757.89,111464.89,0.9842,持有
2022-10-27,3631.14,10.00,0.0021,108934.20,1757.89,110692.09,0.9841,持有
2022-10-28,3541.33,9.73,0.0000,106239.90,1757.89,107997.79,0.9837,持有
2022-10-31,3508.70,9.61,0.0000,105261.00,1757.89,107018.89,0.9836,持有
2022-11-01,3634.17,9.89,0.0010,109025.10,1757.89,110782.99,0.9841,持有
2022-11-02,3677.81,9.99,0.0036,110334.30,1757.89,112092.19,0.9843,持有
2022-11-03,3647.90,9.92,0.0016,109437.00,1757.89,111194.89,0.9842,持有
2022-11-04,3767.17,10.20,0.0109,113015.10,1757.89,114772.99,0.9847,持有
2022-11-07,3775.30,10.22,0.0119,113259.00,1757.89,115016.89,0.9847,持有
2022-11-08,3749.33,10.17,0.0093,112479.90,1757.89,114237.79,0.9846,持有
2022-11-09,3714.27,10.08,0.0067,111428.10,1757.89,113185.99,0.9845,持有
2022-11-10,3685.69,10.03,0.0052,110570.70,1757.89,112328.59,0.9844,持有
2022-11-11,3788.44,10.28,0.0166,113653.20,1757.89,115411.09,0.9848,持有
2022-11-14,3794.02,10.29,0.0171,113820.60,1757.89,115578.49,0.9848,持有
2022-11-15,3865.97,10.45,0.0320,115979.10,1757.89,117736.99,0.9851,持有
2022-11-16,3834.39,10.38,0.0269,115031.70,1757.89,116789.59,0.9849,持有
2022-11-17,3818.66,10.33,0.0201,114559.80,1757.89,116317.69,0.9849,持有
2022-11-18,3801.57,10.30,0.0191,114047.10,1757.89,115804.99,0.9848,持有
2022-11-21,3769.13,10.22,0.0134,113073.90,1757.89,114831.79,0.9847,持有
2022-11-22,3769.57,10.28,0.0170,113087.10,1757.89,114844.99,0.9847,持有
2022-11-23,3773.53,10.31,0.0216,113205.90,1757.89,114963.79,0.9847,持有
2022-11-24,3756.81,10.26,0.0160,112704.30,1757.89,114462.19,0.9846,持有
2022-11-25,3775.78,10.37,0.0288,113273.40,1757.89,115031.29,0.9847,持有
2022-11-28,3733.24,10.25,0.0149,111997.20,1757.89,113755.09,0.9845,持有
2022-11-29,3848.42,10.54,0.0483,115452.60,1757.89,117210.49,0.9850,持有
2022-11-30,3853.04,10.57,0.0504,115591.20,1757.89,117349.09,0.9850,持有
2022-12-01,3894.77,10.64,0.0596,116843.10,1757.89,118600.99,0.9852,持有
2022-12-02,3870.95,10.57,0.0503,116128.50,1757.89,117886.39,0.9851,持有
2022-12-05,3946.88,10.81,0.0790,118406.40,1757.89,120164.29,0.9854,持有
2022-12-06,3968.20,10.86,0.0877,119046.00,1757.89,120803.89,0.9854,持有
2022-12-07,3958.44,10.80,0.0784,118753.20,1757.89,120511.09,0.9854,持有
2022-12-08,3959.18,10.80,0.0784,118775.40,1757.89,120533.29,0.9854,持有
2022-12-09,3998.24,10.88,0.0911,119947.20,1757.89,121705.09,0.9856,持有
2022-12-12,3953.44,10.80,0.0783,118603.20,1757.89,120361.09,0.9854,持有
2022-12-13,3945.68,10.80,0.0783,118370.40,1757.89,120128.29,0.9854,持有
2022-12-14,3954.89,10.81,0.0808,118646.70,1757.89,120404.59,0.9854,持有
2022-12-15,3951.99,10.79,0.0761,118559.70,1757.89,120317.59,0.9854,持有
2022-12-16,3954.23,10.81,0.0812,118626.90,1757.89,120384.79,0.9854,持有
2022-12-19,3893.22,10.63,0.0587,116796.60,1757.89,118554.49,0.9852,持有
2022-12-20,3829.02,10.48,0.0418,114870.60,1757.89,116628.49,0.9849,持有
2022-12-21,3830.54,10.49,0.0428,114916.20,1757.89,116674.09,0.9849,持有
2022-12-22,3836.03,10.51,0.0454,115080.90,1757.89,116838.79,0.9850,持有
2022-12-23,3828.22,10.50,0.0433,114846.60,1757.89,116604.49,0.9849,持有
2022-12-26,3843.49,10.52,0.0484,115304.70,1757.89,117062.59,0.9850,持有
2022-12-27,3887.85,10.64,0.0626,116635.50,1757.89,118393.39,0.9852,持有
2022-12-28,3871.26,10.62,0.0600,116137.80,1757.89,117895.69,0.9851,持有
2022-12-29,3856.70,10.56,0.0524,115701.00,1757.89,117458.89,0.9850,持有
2022-12-30,3871.63,10.59,0.0559,116148.90,1757.89,117906.79,0.9851,持有
2023-01-03,3887.90,10.65,0.0660,116637.00,1757.89,118394.89,0.9852,持有
2023-01-04,3892.95,10.69,0.0711,116788.50,1757.89,118546.39,0.9852,持有
2023-01-05,3968.58,10.85,0.0949,119057.40,1757.89,120815.29,0.9854,持有
2023-01-06,3980.89,10.89,0.1009,119426.70,1757.89,121184.59,0.9855,持有
2023-01-09,4013.12,10.96,0.1085,120393.60,1757.89,122151.49,0.9856,持有
2023-01-10,4017.47,10.95,0.1074,120524.10,1757.89,122281.99,0.9856,持有
2023-01-11,4010.03,10.96,0.1089,120300.90,1757.89,122058.79,0.9856,持有
2023-01-12,4017.87,10.99,0.1184,120536.10,1757.89,122293.99,0.9856,持有
2023-01-13,4074.38,11.13,0.1497,122231.40,1757.89,123989.29,0.9858,持有
2023-01-16,4137.96,11.23,0.1663,124138.80,1757.89,125896.69,0.9860,持有
2023-01-17,4137.24,11.20,0.1602,124117.20,1757.89,125875.09,0.9860,持有
2023-01-18,4130.31,11.20,0.1601,123909.30,1757.89,125667.19,0.9860,持有
2023-01-19,4156.01,11.25,0.1696,124680.30,1757.89,126438.19,0.9861,持有
2023-01-20,4181.53,11.33,0.1862,125445.90,1757.89,127203.79,0.9862,持有
2023-01-30,4201.35,11.35,0.1931,126040.50,1757.89,127798.39,0.9862,持有
2023-01-31,4156.86,11.26,0.1729,124705.80,1757.89,126463.69,0.9861,持有
2023-02-01,4195.93,11.36,0.1955,125877.90,1757.89,127635.79,0.9862,持有
2023-02-02,4181.15,11.33,0.1863,125434.50,1757.89,127192.39,0.9862,持有
2023-02-03,4141.63,11.24,0.1681,124248.90,1757.89,126006.79,0.9860,持有
2023-02-06,4086.88,11.12,0.1479,122606.40,1757.89,124364.29,0.9859,持有
2023-02-07,4094.23,11.13,0.1493,122826.90,1757.89,124584.79,0.9859,持有
2023-02-08,4076.14,11.08,0.1382,122284.20,1757.89,124042.09,0.9858,持有
2023-02-09,4130.86,11.22,0.1662,123925.80,1757.89,125683.69,0.9860,持有
2023-02-10,4106.31,11.17,0.1551,123189.30,1757.89,124947.19,0.9859,持有
2023-02-13,4143.57,11.24,0.1701,124307.10,1757.89,126064.99,0.9861,持有
2023-02-14,4145.29,11.26,0.1755,124358.70,1757.89,126116.59,0.9861,持有
2023-02-15,4123.69,11.21,0.1644,123710.70,1757.89,125468.59,0.9860,持有
2023-02-16,4093.49,11.16,0.1533,122804.70,1757.89,124562.59,0.9859,持有
2023-02-17,4034.51,11.03,0.1247,121035.30,1757.89,122793.19,0.9857,持有
2023-02-20,4133.49,11.31,0.1872,124004.70,1757.89,125762.59,0.9860,持有
2023-02-21,4144.35,11.34,0.1936,124330.50,1757.89,126088.39,0.9861,持有
2023-02-22,4106.95,11.24,0.1710,123208.50,1757.89,124966.39,0.9859,持有
2023-02-23,4103.65,11.23,0.1694,123109.50,1757.89,124867.39,0.9859,持有
2023-02-24,4061.05,11.12,0.1479,121831.50,1757.89,123589.39,0.9858,持有
2023-02-27,4043.84,11.09,0.1398,121315.20,1757.89,123073.09,0.9857,持有
2023-02-28,4069.46,11.17,0.1562,122083.80,1757.89,123841.69,0.9858,持有
2023-03-01,4126.94,11.34,0.1955,123808.20,1757.89,125566.09,0.9860,持有
2023-03-02,4117.74,11.33,0.1929,123532.20,1757.89,125290.09,0.9860,持有
2023-03-03,4130.55,11.42,0.2207,123916.50,1757.89,125674.39,0.9860,持有
2023-03-06,4109.01,11.37,0.2072,123270.30,1757.89,125028.19,0.9859,持有
2023-03-07,4048.85,11.25,0.1747,121465.50,1757.89,123223.39,0.9857,持有
2023-03-08,4034.11,11.22,0.1682,121023.30,1757.89,122781.19,0.9857,持有
2023-03-09,4019.85,11.20,0.1621,120595.50,1757.89,122353.39,0.9856,持有
2023-03-10,3967.14,11.03,0.1238,119014.20,1757.89,120772.09,0.9854,持有
2023-03-13,4008.69,11.20,0.1624,120260.70,1757.89,122018.59,0.9856,持有
2023-03-14,3984.70,11.12,0.1480,119541.00,1757.89,121298.89,0.9855,持有
2023-03-15,3986.90,11.16,0.1543,119607.00,1757.89,121364.89,0.9855,持有
2023-03-16,3939.15,11.10,0.1414,118174.50,1757.89,119932.39,0.9853,持有
2023-03-17,3958.82,11.18,0.1596,118764.60,1757.89,120522.49,0.9854,持有
2023-03-20,3939.08,11.10,0.1412,118172.40,1757.89,119930.29,0.9853,持有
2023-03-21,3982.38,11.17,0.1575,119471.40,1757.89,121229.29,0.9855,持有
2023-03-22,3999.44,11.23,0.1743,119983.20,1757.89,121741.09,0.9856,持有
2023-03-23,4039.09,11.34,0.2004,121172.70,1757.89,122930.59,0.9857,持有
2023-03-24,4027.05,11.27,0.1845,120811.50,1757.89,122569.39,0.9857,持有
2023-03-27,4012.48,11.19,0.1631,120374.40,1757.89,122132.29,0.9856,持有
2023-03-28,3999.51,11.20,0.1650,119985.30,1757.89,121743.19,0.9856,持有
2023-03-29,4006.14,11.20,0.1649,120184.20,1757.89,121942.09,0.9856,持有
2023-03-30,4038.53,11.27,0.1856,121155.90,1757.89,122913.79,0.9857,持有
2023-03-31,4050.93,11.27,0.1855,121527.90,1757.89,123285.79,0.9857,持有
2023-04-03,4090.57,11.38,0.2165,122717.10,1757.89,124474.99,0.9859,持有
2023-04-04,4103.11,11.48,0.2469,123093.30,1757.89,124851.19,0.9859,持有
2023-04-06,4096.64,11.47,0.2419,122899.20,1757.89,124657.09,0.9859,持有
2023-04-07,4123.28,11.52,0.2600,123698.40,1757.89,125456.29,0.9860,持有
2023-04-10,4104.81,11.50,0.2530,123144.30,1757.89,124902.19,0.9859,持有
2023-04-11,4100.15,11.48,0.2469,123004.50,1757.89,124762.39,0.9859,持有
2023-04-12,4097.29,11.52,0.2606,122918.70,1757.89,124676.59,0.9859,持有
2023-04-13,4068.98,11.47,0.2413,122069.40,1757.89,123827.29,0.9858,持有
2023-04-14,4092.00,11.56,0.2736,122760.00,1757.89,124517.89,0.9859,持有
2023-04-17,4149.38,11.78,0.3387,124481.40,1757.89,126239.29,0.9861,持有
2023-04-18,4162.03,11.89,0.3690,124860.90,1757.89,126618.79,0.9861,持有
2023-04-19,4124.56,11.79,0.3418,123736.80,1757.89,125494.69,0.9860,持有
2023-04-20,4113.02,11.79,0.3417,123390.60,1757.89,125148.49,0.9860,持有
2023-04-21,4032.57,11.56,0.2729,120977.10,1757.89,122734.99,0.9857,持有
2023-04-24,3982.64,11.48,0.2463,119479.20,1757.89,121237.09,0.9855,持有
2023-04-25,3962.67,11.44,0.2310,118880.10,1757.89,120637.99,0.9854,持有
2023-04-26,3959.23,11.39,0.2177,118776.90,1757.89,120534.79,0.9854,持有
2023-04-27,3988.42,11.42,0.2274,119652.60,1757.89,121410.49,0.9855,持有
2023-04-28,4029.09,11.47,0.2414,120872.70,1757.89,122630.59,0.9857,持有
2023-05-04,4030.25,11.56,0.2745,120907.50,1757.89,122665.39,0.9857,持有
2023-05-05,4016.88,11.53,0.2661,120506.40,1757.89,122264.29,0.9856,持有
2023-05-08,4062.66,11.80,0.3475,121879.80,1757.89,123637.69,0.9858,持有
2023-05-09,4027.88,11.67,0.3083,120836.40,1757.89,122594.29,0.9857,持有
2023-05-10,3996.87,11.50,0.2540,119906.10,1757.89,121663.99,0.9856,持有
2023-05-11,3990.66,11.45,0.2334,119719.80,1757.89,121477.69,0.9855,持有
2023-05-12,3937.76,11.31,0.1934,118132.80,1757.89,119890.69,0.9853,持有
2023-05-15,3998.89,11.47,0.2415,119966.70,1757.89,121724.59,0.9856,持有
2023-05-16,3978.21,11.40,0.2204,119346.30,1757.89,121104.19,0.9855,持有
2023-05-17,3960.17,11.32,0.1955,118805.10,1757.89,120562.99,0.9854,持有
2023-05-18,3956.07,11.38,0.2144,118682.10,1757.89,120439.99,0.9854,持有
2023-05-19,3944.54,11.32,0.1953,118336.20,1757.89,120094.09,0.9854,持有
2023-05-22,3969.33,11.38,0.2147,119079.90,1757.89,120837.79,0.9855,持有
2023-05-23,3913.19,11.19,0.1602,117395.70,1757.89,119153.59,0.9852,持有
2023-05-24,3859.09,11.00,0.1164,115772.70,1757.89,117530.59,0.9850,持有
2023-05-25,3850.50,10.97,0.1067,115515.00,1757.89,117272.89,0.9850,持有
2023-05-26,3850.95,11.00,0.1168,115528.50,1757.89,117286.39,0.9850,持有
2023-05-29,3833.94,11.02,0.1202,115018.20,1757.89,116776.09,0.9849,持有
2023-05-30,3837.75,11.03,0.1225,115132.50,1757.89,116890.39,0.9850,持有
2023-05-31,3798.54,10.93,0.1002,113956.20,1757.89,115714.09,0.9848,持有
2023-06-01,3806.87,10.97,0.1069,114206.10,1757.89,115963.99,0.9848,持有
2023-06-02,3861.83,11.08,0.1373,115854.90,1757.89,117612.79,0.9851,持有
2023-06-05,3844.25,11.07,0.1353,115327.50,1757.89,117085.39,0.9850,持有
2023-06-06,3808.16,11.00,0.1174,114244.80,1757.89,116002.69,0.9848,持有
2023-06-07,3789.34,10.96,0.1043,113680.20,1757.89,115438.09,0.9848,持有
2023-06-08,3820.19,11.08,0.1385,114605.70,1757.89,116363.59,0.9849,持有
2023-06-09,3836.70,11.14,0.1553,115101.00,1757.89,116858.89,0.9850,持有
2023-06-12,3844.43,11.10,0.1432,115332.90,1757.89,117090.79,0.9850,持有
2023-06-13,3864.91,11.12,0.1508,115947.30,1757.89,117705.19,0.9851,持有
2023-06-14,3864.02,11.08,0.1382,115920.60,1757.89,117678.49,0.9851,持有
2023-06-15,3925.50,11.22,0.1767,117765.00,1757.89,119522.89,0.9853,持有
2023-06-16,3963.35,11.29,0.1949,118900.50,1757.89,120658.39,0.9854,持有
2023-06-19,3930.91,11.20,0.1688,117927.30,1757.89,119685.19,0.9853,持有
2023-06-20,3924.24,11.14,0.1562,117727.20,1757.89,119485.09,0.9853,持有
2023-06-21,3864.03,11.00,0.1173,115920.90,1757.89,117678.79,0.9851,持有
2023-06-26,3809.70,10.86,0.0917,114291.00,1757.89,116048.89,0.9849,持有
2023-06-27,3845.43,10.98,0.1104,115362.90,1757.89,117120.79,0.9850,持有
2023-06-28,3840.80,10.96,0.1041,115224.00,1757.89,116981.89,0.9850,持有
2023-06-29,3821.84,10.92,0.0983,114655.20,1757.89,116413.09,0.9849,持有
2023-06-30,3842.45,10.97,0.1079,115273.50,1757.89,117031.39,0.9850,持有
2023-07-03,3892.88,11.13,0.1562,116786.40,1757.89,118544.29,0.9852,持有
2023-07-04,3899.01,11.13,0.1561,116970.30,1757.89,118728.19,0.9852,持有
2023-07-05,3868.81,11.04,0.1297,116064.30,1757.89,117822.19,0.9851,持有
2023-07-06,3842.75,10.97,0.1077,115282.50,1757.89,117040.39,0.9850,持有
2023-07-07,3825.70,10.93,0.1000,114771.00,1757.89,116528.89,0.9849,持有
2023-07-10,3844.33,10.96,0.1047,115329.90,1757.89,117087.79,0.9850,持有
2023-07-11,3869.49,11.02,0.1247,116084.70,1757.89,117842.59,0.9851,持有
2023-07-12,3843.44,10.95,0.1032,115303.20,1757.89,117061.09,0.9850,持有
2023-07-13,3898.42,11.12,0.1556,116952.60,1757.89,118710.49,0.9852,持有
2023-07-14,3899.10,11.12,0.1555,116973.00,1757.89,118730.89,0.9852,持有
2023-07-17,3867.17,10.99,0.1178,116015.10,1757.89,117772.99,0.9851,持有
2023-07-18,3854.94,10.94,0.1015,115648.20,1757.89,117406.09,0.9850,持有
2023-07-19,3850.87,10.94,0.1015,115526.10,1757.89,117283.99,0.9850,持有
2023-07-20,3823.69,10.86,0.0910,114710.70,1757.89,116468.59,0.9849,持有
2023-07-21,3821.91,10.85,0.0890,114657.30,1757.89,116415.19,0.9849,持有
2023-07-24,3805.22,10.82,0.0852,114156.60,1757.89,115914.49,0.9848,持有
2023-07-25,3915.12,11.11,0.1550,117453.60,1757.89,119211.49,0.9853,持有
2023-07-26,3907.01,11.07,0.1426,117210.30,1757.89,118968.19,0.9852,持有
2023-07-27,3902.35,11.07,0.1425,117070.50,1757.89,118828.39,0.9852,持有
2023-07-28,3992.74,11.33,0.2156,119782.20,1757.89,121540.09,0.9855,持有
2023-07-31,4014.63,11.36,0.2269,120438.90,1757.89,122196.79,0.9856,持有
2023-08-01,3998.00,11.34,0.2187,119940.00,1757.89,121697.89,0.9856,持有
2023-08-02,3969.90,11.21,0.1844,119097.00,1757.89,120854.89,0.9855,持有
2023-08-03,4004.98,11.29,0.2052,120149.40,1757.89,121907.29,0.9856,持有
2023-08-04,4020.58,11.36,0.2279,120617.40,1757.89,122375.29,0.9856,持有
2023-08-07,3990.15,11.28,0.2027,119704.50,1757.89,121462.39,0.9855,持有
2023-08-08,3979.73,11.26,0.1983,119391.90,1757.89,121149.79,0.9855,持有
2023-08-09,3967.57,11.23,0.1897,119027.10,1757.89,120784.99,0.9854,持有
2023-08-10,3975.72,11.26,0.1986,119271.60,1757.89,121029.49,0.9855,持有
2023-08-11,3884.25,11.02,0.1267,116527.50,1757.89,118285.39,0.9851,持有
2023-08-14,3855.91,10.94,0.1020,115677.30,1757.89,117435.19,0.9850,持有
2023-08-15,3846.54,10.93,0.1001,115396.20,1757.89,117154.09,0.9850,持有
2023-08-16,3818.33,10.84,0.0882,114549.90,1757.89,116307.79,0.9849,持有
2023-08-17,3831.10,10.85,0.0892,114933.00,1757.89,116690.89,0.9849,持有
2023-08-18,3784.00,10.75,0.0717,113520.00,1757.89,115277.89,0.9848,持有
2023-08-21,3729.56,10.62,0.0566,111886.80,1757.89,113644.69,0.9845,持有
2023-08-22,3758.23,10.75,0.0721,112746.90,1757.89,114504.79,0.9846,持有
2023-08-23,3696.63,10.62,0.0565,110898.90,1757.89,112656.79,0.9844,持有
2023-08-24,3723.43,10.66,0.0631,111702.90,1757.89,113460.79,0.9845,持有
2023-08-25,3709.15,10.63,0.0588,111274.50,1757.89,113032.39,0.9844,持有
2023-08-28,3752.62,10.84,0.0907,112578.60,1757.89,114336.49,0.9846,持有
2023-08-29,3790.11,10.87,0.0968,113703.30,1757.89,115461.19,0.9848,持有
2023-08-30,3788.51,10.95,0.1094,113655.30,1757.89,115413.19,0.9848,持有
2023-08-31,3765.27,10.99,0.1244,112958.10,1757.89,114715.99,0.9847,持有
2023-09-01,3791.49,11.05,0.1431,113744.70,1757.89,115502.59,0.9848,持有
2023-09-04,3848.95,11.22,0.1928,115468.50,1757.89,117226.39,0.9850,持有
2023-09-05,3820.32,11.13,0.1683,114609.60,1757.89,116367.49,0.9849,持有
2023-09-06,3812.03,11.12,0.1645,114360.90,1757.89,116118.79,0.9849,持有
2023-09-07,3758.47,11.00,0.1279,112754.10,1757.89,114511.99,0.9846,持有
2023-09-08,3739.99,10.96,0.1114,112199.70,1757.89,113957.59,0.9846,持有
2023-09-11,3767.54,11.03,0.1362,113026.20,1757.89,114784.09,0.9847,持有
2023-09-12,3760.60,11.01,0.1319,112818.00,1757.89,114575.89,0.9847,持有
2023-09-13,3736.65,10.97,0.1155,112099.50,1757.89,113857.39,0.9846,持有
2023-09-14,3733.51,11.00,0.1285,112005.30,1757.89,113763.19,0.9845,持有
2023-09-15,3708.78,10.93,0.1037,111263.40,1757.89,113021.29,0.9844,持有
2023-09-18,3727.71,10.96,0.1116,111831.30,1757.89,113589.19,0.9845,持有
2023-09-19,3720.50,10.98,0.1209,111615.00,1757.89,113372.89,0.9845,持有
2023-09-20,3705.69,10.95,0.1091,111170.70,1757.89,112928.59,0.9844,持有
2023-09-21,3672.44,10.86,0.0942,110173.20,1757.89,111931.09,0.9843,持有
2023-09-22,3738.93,11.02,0.1361,112167.90,1757.89,113925.79,0.9846,持有
2023-09-25,3714.60,10.96,0.1122,111438.00,1757.89,113195.89,0.9845,持有
2023-09-26,3692.89,10.90,0.1010,110786.70,1757.89,112544.59,0.9844,持有
2023-09-27,3700.50,10.90,0.1010,111015.00,1757.89,112772.89,0.9844,持有
2023-09-28,3689.52,10.87,0.0963,110685.60,1757.89,112443.49,0.9844,持有
2023-10-09,3684.73,10.87,0.0962,110541.90,1757.89,112299.79,0.9843,持有
2023-10-10,3657.13,10.79,0.0776,109713.90,1757.89,111471.79,0.9842,持有
2023-10-11,3667.55,10.81,0.0827,110026.50,1757.89,111784.39,0.9843,持有
2023-10-12,3702.38,10.94,0.1091,111071.40,1757.89,112829.29,0.9844,持有
2023-10-13,3663.41,10.88,0.0998,109902.30,1757.89,111660.19,0.9843,持有
2023-10-16,3626.60,10.81,0.0826,108798.00,1757.89,110555.89,0.9841,持有
2023-10-17,3639.40,10.88,0.1001,109182.00,1757.89,110939.89,0.9842,持有
2023-10-18,3610.58,10.82,0.0871,108317.40,1757.89,110075.29,0.9840,持有
2023-10-19,3533.54,10.59,0.0509,106006.20,1757.89,107764.09,0.9837,持有
2023-10-20,3510.59,10.50,0.0394,105317.70,1757.89,107075.59,0.9836,持有
2023-10-23,3474.24,10.40,0.0292,104227.20,1757.89,105985.09,0.9834,持有
2023-10-24,3487.13,10.40,0.0291,104613.90,1757.89,106371.79,0.9835,持有
2023-10-25,3504.46,10.38,0.0277,105133.80,1757.89,106891.69,0.9836,持有
2023-10-26,3514.14,10.46,0.0370,105424.20,1757.89,107182.09,0.9836,持有
2023-10-27,3562.39,10.54,0.0480,106871.70,1757.89,108629.59,0.9838,持有
2023-10-30,3583.77,10.59,0.0536,107513.10,1757.89,109270.99,0.9839,持有
2023-10-31,3572.51,10.64,0.0632,107175.30,1757.89,108933.19,0.9839,持有
2023-11-01,3571.03,10.66,0.0664,107130.90,1757.89,108888.79,0.9839,持有
2023-11-02,3554.19,10.63,0.0613,106625.70,1757.89,108383.59,0.9838,持有
2023-11-03,3584.14,10.69,0.0714,107524.20,1757.89,109282.09,0.9839,持有
2023-11-06,3632.61,10.75,0.0774,108978.30,1757.89,110736.19,0.9841,持有
2023-11-07,3619.76,10.72,0.0755,108592.80,1757.89,110350.69,0.9841,持有
2023-11-08,3611.07,10.69,0.0713,108332.10,1757.89,110089.99,0.9840,持有
2023-11-09,3612.83,10.72,0.0759,108384.90,1757.89,110142.79,0.9840,持有
2023-11-10,3586.49,10.67,0.0699,107594.70,1757.89,109352.59,0.9839,持有
2023-11-13,3579.41,10.65,0.0657,107382.30,1757.89,109140.19,0.9839,持有
2023-11-14,3582.06,10.66,0.0671,107461.80,1757.89,109219.69,0.9839,持有
2023-11-15,3607.25,10.73,0.0785,108217.50,1757.89,109975.39,0.9840,持有
2023-11-16,3572.36,10.65,0.0656,107170.80,1757.89,108928.69,0.9839,持有
2023-11-17,3568.07,10.62,0.0587,107042.10,1757.89,108799.99,0.9838,持有
2023-11-20,3576.32,10.64,0.0637,107289.60,1757.89,109047.49,0.9839,持有
2023-11-21,3581.07,10.66,0.0683,107432.10,1757.89,109189.99,0.9839,持有
2023-11-22,3544.42,10.58,0.0522,106332.60,1757.89,108090.49,0.9837,持有
2023-11-23,3561.52,10.62,0.0591,106845.60,1757.89,108603.49,0.9838,持有
2023-11-24,3538.01,10.57,0.0503,106140.30,1757.89,107898.19,0.9837,持有
2023-11-27,3511.94,10.49,0.0403,105358.20,1757.89,107116.09,0.9836,持有
2023-11-28,3518.52,10.50,0.0412,105555.60,1757.89,107313.49,0.9836,持有
2023-11-29,3488.31,10.42,0.0306,104649.30,1757.89,106407.19,0.9835,持有
2023-11-30,3496.20,10.48,0.0397,104886.00,1757.89,106643.89,0.9835,持有
2023-12-01,3482.88,10.46,0.0370,104486.40,1757.89,106244.29,0.9835,持有
2023-12-04,3460.14,10.40,0.0292,103804.20,1757.89,105562.09,0.9833,持有
2023-12-05,3394.26,10.23,0.0132,101827.80,1757.89,103585.69,0.9830,持有
2023-12-06,3399.60,10.20,0.0109,101988.00,1757.89,103745.89,0.9831,持有
2023-12-07,3391.28,10.19,0.0100,101738.40,1757.89,103496.29,0.9830,持有
2023-12-08,3399.46,10.22,0.0128,101983.80,1757.89,103741.69,0.9831,持有
2023-12-11,3419.45,10.28,0.0178,102583.50,1757.89,104341.39,0.9832,持有
2023-12-12,3426.80,10.32,0.0228,102804.00,1757.89,104561.89,0.9832,持有
2023-12-13,3369.61,10.18,0.0100,101088.30,1757.89,102846.19,0.9829,持有
2023-12-14,3351.96,10.13,0.0077,100558.80,1757.89,102316.69,0.9828,持有
2023-12-15,3341.55,10.09,0.0068,100246.50,1757.89,102004.39,0.9828,持有
2023-12-18,3329.37,10.09,0.0068,99881.10,1757.89,101638.99,0.9827,持有
2023-12-19,3334.04,10.11,0.0086,100021.20,1757.89,101779.09,0.9827,持有
2023-12-20,3297.50,10.02,0.0045,98925.00,1757.89,100682.89,0.9825,持有
2023-12-21,3330.87,10.08,0.0068,99926.10,1757.89,101683.99,0.9827,持有
2023-12-22,3337.23,10.12,0.0100,100116.90,1757.89,101874.79,0.9827,持有
2023-12-25,3347.45,10.16,0.0118,100423.50,1757.89,102181.39,0.9828,持有
2023-12-26,3324.79,10.12,0.0100,99743.70,1757.89,101501.59,0.9827,持有
2023-12-27,3336.36,10.18,0.0140,100090.80,1757.89,101848.69,0.9827,持有
2023-12-28,3414.54,10.33,0.0281,102436.20,1757.89,104194.09,0.9831,持有
2023-12-29,3431.11,10.38,0.0353,102933.30,1757.89,104691.19,0.9832,持有
2024-01-02,3386.35,10.37,0.0339,101590.50,1757.89,103348.39,0.9830,持有
2024-01-03,3378.30,10.31,0.0271,101349.00,1757.89,103106.89,0.9830,持有
2024-01-04,3347.05,10.27,0.0226,100411.50,1757.89,102169.39,0.9828,持有
2024-01-05,3329.11,10.22,0.0176,99873.30,1757.89,101631.19,0.9827,持有
2024-01-08,3286.06,10.12,0.0099,98581.80,1757.89,100339.69,0.9825,持有
2024-01-09,3292.50,10.12,0.0099,98775.00,1757.89,100532.89,0.9825,持有
2024-01-10,3277.13,10.06,0.0063,98313.90,1757.89,100071.79,0.9824,持有
2024-01-11,3295.67,10.05,0.0063,98870.10,1757.89,100627.99,0.9825,持有
2024-01-12,3284.17,10.04,0.0059,98525.10,1757.89,100282.99,0.9825,持有
2024-01-15,3280.92,10.06,0.0072,98427.60,1757.89,100185.49,0.9825,持有
2024-01-16,3300.88,10.12,0.0117,99026.40,1757.89,100784.29,0.9826,持有
2024-01-17,3229.08,9.93,0.0018,96872.40,1757.89,98630.29,0.9822,持有
2024-01-18,3274.73,10.03,0.0054,98241.90,1757.89,99999.79,0.9824,持有
2024-01-19,3269.78,10.01,0.0049,98093.40,1757.89,99851.29,0.9824,持有
2024-01-22,3218.90,9.89,0.0009,96567.00,1757.89,98324.89,0.9821,持有
2024-01-23,3231.93,9.91,0.0018,96957.90,1757.89,98715.79,0.9822,持有
2024-01-24,3277.11,10.09,0.0117,98313.30,1757.89,100071.19,0.9824,持有
2024-01-25,3342.92,10.34,0.0364,100287.60,1757.89,102045.49,0.9828,持有
2024-01-26,3333.82,10.38,0.0431,100014.60,1757.89,101772.49,0.9827,持有
2024-01-29,3303.96,10.35,0.0395,99118.80,1757.89,100876.69,0.9826,持有
2024-01-30,3245.04,10.19,0.0206,97351.20,1757.89,99109.09,0.9823,持有
2024-01-31,3215.35,10.16,0.0179,96460.50,1757.89,98218.39,0.9821,持有
2024-02-01,3217.71,10.11,0.0139,96531.30,1757.89,98289.19,0.9821,持有
2024-02-02,3179.63,10.06,0.0094,95388.90,1757.89,97146.79,0.9819,持有
2024-02-05,3200.42,10.17,0.0201,96012.60,1757.89,97770.49,0.9820,持有
2024-02-06,3311.69,10.42,0.0501,99350.70,1757.89,101108.59,0.9826,持有
2024-02-07,3343.63,10.47,0.0586,100308.90,1757.89,102066.79,0.9828,持有
2024-02-08,3364.93,10.49,0.0617,100947.90,1757.89,102705.79,0.9829,持有
2024-02-19,3403.81,10.69,0.0974,102114.30,1757.89,103872.19,0.9831,持有
2024-02-20,3410.85,10.73,0.1036,102325.50,1757.89,104083.39,0.9831,持有
2024-02-21,3456.87,10.85,0.1258,103706.10,1757.89,105463.99,0.9833,持有
2024-02-22,3486.67,10.96,0.1494,104600.10,1757.89,106357.99,0.9835,持有
2024-02-23,3489.74,10.96,0.1494,104692.20,1757.89,106450.09,0.9835,持有
2024-02-26,3453.36,10.79,0.1110,103600.80,1757.89,105358.69,0.9833,持有
2024-02-27,3494.79,10.90,0.1376,104843.70,1757.89,106601.59,0.9835,持有
2024-02-28,3450.26,10.76,0.1069,103507.80,1757.89,105265.69,0.9833,持有
2024-02-29,3516.08,10.91,0.1402,105482.40,1757.89,107240.29,0.9836,持有
2024-03-01,3537.80,10.95,0.1481,106134.00,1757.89,107891.89,0.9837,持有
2024-03-04,3540.87,11.00,0.1699,106226.10,1757.89,107983.99,0.9837,持有
2024-03-05,3565.51,11.10,0.1996,106965.30,1757.89,108723.19,0.9838,持有
2024-03-06,3551.05,11.04,0.1830,106531.50,1757.89,108289.39,0.9838,持有
2024-03-07,3529.72,11.03,0.1790,105891.60,1757.89,107649.49,0.9837,持有
2024-03-08,3544.91,11.10,0.2002,106347.30,1757.89,108105.19,0.9837,持有
2024-03-11,3589.26,11.15,0.2169,107677.80,1757.89,109435.69,0.9839,持有
2024-03-12,3597.49,11.07,0.1920,107924.70,1757.89,109682.59,0.9840,持有
2024-03-13,3572.36,10.99,0.1658,107170.80,1757.89,108928.69,0.9839,持有
2024-03-14,3562.22,10.99,0.1657,106866.60,1757.89,108624.49,0.9838,持有
2024-03-15,3569.99,11.00,0.1701,107099.70,1757.89,108857.59,0.9839,持有
2024-03-18,3603.53,11.08,0.1965,108105.90,1757.89,109863.79,0.9840,持有
2024-03-19,3577.63,11.02,0.1761,107328.90,1757.89,109086.79,0.9839,持有
2024-03-20,3585.38,11.09,0.2004,107561.40,1757.89,109319.29,0.9839,持有
2024-03-21,3581.09,11.07,0.1932,107432.70,1757.89,109190.59,0.9839,持有
2024-03-22,3545.00,11.03,0.1798,106350.00,1757.89,108107.89,0.9837,持有
2024-03-25,3525.76,11.01,0.1745,105772.80,1757.89,107530.69,0.9837,持有
2024-03-26,3543.75,11.07,0.1938,106312.50,1757.89,108070.39,0.9837,持有
2024-03-27,3502.79,10.98,0.1602,105083.70,1757.89,106841.59,0.9835,持有
2024-03-28,3520.96,11.04,0.1853,105628.80,1757.89,107386.69,0.9836,持有
2024-03-29,3537.48,11.21,0.2381,106124.40,1757.89,107882.29,0.9837,持有
2024-04-01,3595.65,11.36,0.2812,107869.50,1757.89,109627.39,0.9840,持有
2024-04-02,3580.68,11.37,0.2855,107420.40,1757.89,109178.29,0.9839,持有
2024-04-03,3567.80,11.34,0.2730,107034.00,1757.89,108791.89,0.9838,持有
2024-04-08,3536.41,11.29,0.2597,106092.30,1757.89,107850.19,0.9837,持有
2024-04-09,3533.49,11.25,0.2486,106004.70,1757.89,107762.59,0.9837,持有
2024-04-10,3504.71,11.19,0.2300,105141.30,1757.89,106899.19,0.9836,持有
2024-04-11,3504.24,11.18,0.2273,105127.20,1757.89,106885.09,0.9836,持有
2024-04-12,3475.84,11.10,0.2039,104275.20,1757.89,106033.09,0.9834,持有
2024-04-15,3549.08,11.37,0.2872,106472.40,1757.89,108230.29,0.9838,持有
2024-04-16,3511.11,11.29,0.2608,105333.30,1757.89,107091.19,0.9836,持有
2024-04-17,3565.40,11.44,0.3067,106962.00,1757.89,108719.89,0.9838,持有
2024-04-18,3569.80,11.44,0.3066,107094.00,1757.89,108851.89,0.9839,持有
2024-04-19,3541.66,11.43,0.3047,106249.80,1757.89,108007.69,0.9837,持有
2024-04-22,3530.90,11.34,0.2743,105927.00,1757.89,107684.89,0.9837,持有
2024-04-23,3506.22,11.26,0.2527,105186.60,1757.89,106944.49,0.9836,持有
2024-04-24,3521.62,11.29,0.2605,105648.60,1757.89,107406.49,0.9836,持有
2024-04-25,3530.28,11.32,0.2691,105908.40,1757.89,107666.29,0.9837,持有
2024-04-26,3584.27,11.47,0.3180,107528.10,1757.89,109285.99,0.9839,持有
2024-04-29,3623.91,11.47,0.3179,108717.30,1757.89,110475.19,0.9841,持有
2024-04-30,3604.39,11.63,0.3711,108131.70,1757.89,109889.59,0.9840,持有
2024-05-06,3657.88,11.72,0.3958,109736.40,1757.89,111494.29,0.9842,持有
2024-05-07,3659.01,11.74,0.4013,109770.30,1757.89,111528.19,0.9842,持有
2024-05-08,3630.22,11.68,0.3824,108906.60,1757.89,110664.49,0.9841,持有
2024-05-09,3664.56,11.74,0.4014,109936.80,1757.89,111694.69,0.9843,持有
2024-05-10,3666.28,11.76,0.4060,109988.40,1757.89,111746.29,0.9843,持有
2024-05-13,3664.69,11.76,0.4058,109940.70,1757.89,111698.59,0.9843,持有
2024-05-14,3657.05,11.72,0.3952,109711.50,1757.89,111469.39,0.9842,持有
2024-05-15,3626.06,11.63,0.3698,108781.80,1757.89,110539.69,0.9841,持有
2024-05-16,3640.36,11.67,0.3792,109210.80,1757.89,110968.69,0.9842,持有
2024-05-17,3677.97,11.77,0.4091,110339.10,1757.89,112096.99,0.9843,持有
2024-05-20,3690.96,11.82,0.4245,110728.80,1757.89,112486.69,0.9844,持有
2024-05-21,3676.16,11.79,0.4148,110284.80,1757.89,112042.69,0.9843,持有
2024-05-22,3684.45,11.80,0.4181,110533.50,1757.89,112291.39,0.9843,持有
2024-05-23,3641.79,11.69,0.3840,109253.70,1757.89,111011.59,0.9842,持有
2024-05-24,3601.48,11.58,0.3521,108044.40,1757.89,109802.29,0.9840,持有
2024-05-27,3635.71,11.72,0.3954,109071.30,1757.89,110829.19,0.9841,持有
2024-05-28,3609.17,11.67,0.3783,108275.10,1757.89,110032.99,0.9840,持有
2024-05-29,3613.52,11.69,0.3842,108405.60,1757.89,110163.49,0.9840,持有
2024-05-30,3594.31,11.61,0.3637,107829.30,1757.89,109587.19,0.9840,持有
2024-05-31,3579.92,11.57,0.3501,107397.60,1757.89,109155.49,0.9839,持有
2024-06-03,3588.75,11.62,0.3673,107662.50,1757.89,109420.39,0.9839,持有
2024-06-04,3615.67,11.67,0.3788,108470.10,1757.89,110227.99,0.9841,持有
2024-06-05,3594.79,11.61,0.3635,107843.70,1757.89,109601.59,0.9840,持有
2024-06-06,3592.25,11.63,0.3694,107767.50,1757.89,109525.39,0.9839,持有
2024-06-07,3574.11,11.60,0.3584,107223.30,1757.89,108981.19,0.9839,持有
2024-06-11,3542.88,11.48,0.3211,106286.40,1757.89,108044.29,0.9837,持有
2024-06-12,3544.12,11.50,0.3274,106323.60,1757.89,108081.49,0.9837,持有
2024-06-13,3526.13,11.48,0.3208,105783.90,1757.89,107541.79,0.9837,持有
2024-06-14,3541.53,11.51,0.3323,106245.90,1757.89,108003.79,0.9837,持有
2024-06-17,3536.20,11.46,0.3106,106086.00,1757.89,107843.89,0.9837,持有
2024-06-18,3545.59,11.51,0.3325,106367.70,1757.89,108125.59,0.9837,持有
2024-06-19,3528.75,11.51,0.3323,105862.50,1757.89,107620.39,0.9837,持有
2024-06-20,3503.28,11.48,0.3206,105098.40,1757.89,106856.29,0.9835,持有
2024-06-21,3495.62,11.46,0.3101,104868.60,1757.89,106626.49,0.9835,持有
2024-06-24,3476.81,11.43,0.3009,104304.30,1757.89,106062.19,0.9834,持有
2024-06-25,3457.90,11.39,0.2896,103737.00,1757.89,105494.89,0.9833,持有
2024-06-26,3480.26,11.43,0.3011,104407.80,1757.89,106165.69,0.9834,持有
2024-06-27,3454.12,11.39,0.2893,103623.60,1757.89,105381.49,0.9833,持有
2024-06-28,3461.66,11.48,0.3219,103849.80,1757.89,105607.69,0.9834,持有
2024-07-01,3478.18,11.57,0.3531,104345.40,1757.89,106103.29,0.9834,持有
2024-07-02,3471.79,11.62,0.3714,104153.70,1757.89,105911.59,0.9834,持有
2024-07-03,3463.41,11.58,0.3549,103902.30,1757.89,105660.19,0.9834,持有
2024-07-04,3445.81,11.56,0.3492,103374.30,1757.89,105132.19,0.9833,持有
2024-07-05,3431.06,11.46,0.3105,102931.80,1757.89,104689.69,0.9832,持有
2024-07-08,3401.76,11.43,0.3005,102052.80,1757.89,103810.69,0.9831,持有
2024-07-09,3439.81,11.53,0.3419,103194.30,1757.89,104952.19,0.9833,持有
2024-07-10,3428.97,11.47,0.3148,102869.10,1757.89,104626.99,0.9832,持有
2024-07-11,3468.17,11.54,0.3446,104045.10,1757.89,105802.99,0.9834,持有
2024-07-12,3472.40,11.55,0.3479,104172.00,1757.89,105929.89,0.9834,持有
2024-07-15,3476.25,11.63,0.3760,104287.50,1757.89,106045.39,0.9834,持有
2024-07-16,3498.28,11.65,0.3826,104948.40,1757.89,106706.29,0.9835,持有
2024-07-17,3501.58,11.60,0.3641,105047.40,1757.89,106805.29,0.9835,持有
2024-07-18,3520.93,11.69,0.3930,105627.90,1757.89,107385.79,0.9836,持有
2024-07-19,3539.02,11.70,0.3962,106170.60,1757.89,107928.49,0.9837,持有
2024-07-22,3514.92,11.58,0.3560,105447.60,1757.89,107205.49,0.9836,持有
2024-07-23,3439.88,11.43,0.2991,103196.40,1757.89,104954.29,0.9833,持有
2024-07-24,3418.17,11.41,0.2942,102545.10,1757.89,104302.99,0.9831,持有
2024-07-25,3399.27,11.32,0.2621,101978.10,1757.89,103735.99,0.9831,持有
2024-07-26,3409.29,11.27,0.2484,102278.70,1757.89,104036.59,0.9831,持有
2024-07-29,3390.74,11.27,0.2483,101722.20,1757.89,103480.09,0.9830,持有
2024-07-30,3369.38,11.18,0.2205,101081.40,1757.89,102839.29,0.9829,持有
2024-07-31,3442.08,11.32,0.2630,103262.40,1757.89,105020.29,0.9833,持有
2024-08-01,3419.27,11.29,0.2544,102578.10,1757.89,104335.99,0.9832,持有
2024-08-02,3384.39,11.19,0.2236,101531.70,1757.89,103289.59,0.9830,持有
2024-08-05,3343.32,11.05,0.1827,100299.60,1757.89,102057.49,0.9828,持有
2024-08-06,3342.98,11.01,0.1682,100289.40,1757.89,102047.29,0.9828,持有
2024-08-07,3341.49,11.03,0.1741,100244.70,1757.89,102002.59,0.9828,持有
2024-08-08,3342.94,11.03,0.1740,100288.20,1757.89,102046.09,0.9828,持有
2024-08-09,3331.63,11.01,0.1680,99948.90,1757.89,101706.79,0.9827,持有
2024-08-12,3325.86,11.00,0.1633,99775.80,1757.89,101533.69,0.9827,持有
2024-08-13,3334.39,11.04,0.1802,100031.70,1757.89,101789.59,0.9827,持有
2024-08-14,3309.24,11.00,0.1631,99277.20,1757.89,101035.09,0.9826,持有
2024-08-15,3341.95,11.11,0.2054,100258.50,1757.89,102016.39,0.9828,持有
2024-08-16,3345.63,11.16,0.2185,100368.90,1757.89,102126.79,0.9828,持有
2024-08-19,3356.97,11.24,0.2433,100709.10,1757.89,102466.99,0.9828,持有
2024-08-20,3332.70,11.16,0.2183,99981.00,1757.89,101738.89,0.9827,持有
2024-08-21,3321.64,11.13,0.2123,99649.20,1757.89,101407.09,0.9827,持有
2024-08-22,3313.14,11.14,0.2160,99394.20,1757.89,101152.09,0.9826,持有
2024-08-23,3327.19,11.15,0.2172,99815.70,1757.89,101573.59,0.9827,持有
2024-08-26,3324.22,11.11,0.2048,99726.60,1757.89,101484.49,0.9827,持有
2024-08-27,3305.33,11.14,0.2161,99159.90,1757.89,100917.79,0.9826,持有
2024-08-28,3286.50,11.07,0.1895,98595.00,1757.89,100352.89,0.9825,持有
2024-08-29,3277.68,10.89,0.1295,98330.40,1757.89,100088.29,0.9824,持有
2024-08-30,3321.43,10.86,0.1227,99642.90,1757.89,101400.79,0.9827,持有
2024-09-02,3265.01,10.76,0.1011,97950.30,1757.89,99708.19,0.9824,持有
2024-09-03,3273.43,10.69,0.0918,98202.90,1757.89,99960.79,0.9824,持有
2024-09-04,3252.16,10.60,0.0749,97564.80,1757.89,99322.69,0.9823,持有
2024-09-05,3257.76,10.58,0.0707,97732.80,1757.89,99490.69,0.9823,持有
2024-09-06,3231.35,10.52,0.0644,96940.50,1757.89,98698.39,0.9822,持有
2024-09-09,3192.95,10.39,0.0450,95788.50,1757.89,97546.39,0.9820,持有
2024-09-10,3195.76,10.44,0.0500,95872.80,1757.89,97630.69,0.9820,持有
2024-09-11,3186.13,10.33,0.0349,95583.90,1757.89,97341.79,0.9819,持有
2024-09-12,3172.47,10.31,0.0336,95174.10,1757.89,96931.99,0.9819,持有
2024-09-13,3159.25,10.29,0.0306,94777.50,1757.89,96535.39,0.9818,持有
2024-09-18,3171.01,10.38,0.0441,95130.30,1757.89,96888.19,0.9819,持有
2024-09-19,3196.04,10.42,0.0491,95881.20,1757.89,97639.09,0.9820,持有
2024-09-20,3201.05,10.46,0.0562,96031.50,1757.89,97789.39,0.9820,持有
2024-09-23,3212.76,10.52,0.0675,96382.80,1757.89,98140.69,0.9821,持有
2024-09-24,3351.91,10.97,0.1546,100557.30,1757.89,102315.19,0.9828,持有
2024-09-25,3401.53,11.11,0.2106,102045.90,1757.89,103803.79,0.9831,持有
2024-09-26,3545.32,11.48,0.3336,106359.60,1757.89,108117.49,0.9837,持有
2024-09-27,3703.68,11.77,0.4301,111110.40,1757.89,112868.29,0.9844,持有
2024-09-30,4017.85,12.65,0.6416,120535.50,1757.89,122293.39,0.9856,持有
2024-10-08,4256.10,13.23,0.7450,127683.00,1757.89,129440.89,0.9864,卖出(降至50%)
2024-10-09,3955.98,12.38,0.5788,63295.68,60118.73,123414.41,0.5129,持有
2024-10-10,3997.79,12.60,0.6307,63964.64,60118.73,124083.37,0.5155,持有
2024-10-11,3887.17,12.34,0.5683,62194.72,60118.73,122313.45,0.5085,持有
2024-10-14,3961.34,12.59,0.6281,63381.44,60118.73,123500.17,0.5132,持有
2024-10-15,3855.99,12.23,0.5353,61695.84,60118.73,121814.57,0.5065,持有
2024-10-16,3831.59,12.21,0.5313,61305.44,60118.73,121424.17,0.5049,持有
2024-10-17,3788.22,12.07,0.4981,60611.52,60118.73,120730.25,0.5020,持有
2024-10-18,3925.23,12.40,0.5842,62803.68,60118.73,122922.41,0.5109,持有
2024-10-21,3935.20,12.36,0.5735,62963.20,60118.73,123081.93,0.5116,持有
2024-10-22,3957.78,12.32,0.5620,63324.48,60118.73,123443.21,0.5130,持有
2024-10-23,3973.21,12.35,0.5710,63571.36,60118.73,123690.09,0.5140,持有
2024-10-24,3928.83,12.24,0.5387,62861.28,60118.73,122980.01,0.5112,持有
2024-10-25,3956.42,12.26,0.5447,63302.72,60118.73,123421.45,0.5129,持有
2024-10-28,3964.16,12.26,0.5445,63426.56,60118.73,123545.29,0.5134,持有
2024-10-29,3924.65,12.18,0.5247,62794.40,60118.73,122913.13,0.5109,持有
2024-10-30,3889.45,12.03,0.4892,62231.20,60118.73,122349.93,0.5086,持有
2024-10-31,3891.04,11.65,0.3914,62256.64,60118.73,122375.37,0.5087,持有
2024-11-01,3890.02,11.72,0.4137,62240.32,60118.73,122359.05,0.5087,持有
2024-11-04,3944.76,11.83,0.4463,63116.16,60118.73,123234.89,0.5122,持有
2024-11-05,4044.57,12.08,0.5004,64713.12,60118.73,124831.85,0.5184,持有
2024-11-06,4024.28,12.00,0.4828,64388.48,60118.73,124507.21,0.5171,持有
2024-11-07,4145.70,12.34,0.5696,66331.20,60118.73,126449.93,0.5246,持有
2024-11-08,4104.05,12.22,0.5333,65664.80,60118.73,125783.53,0.5220,持有
2024-11-11,4131.13,12.21,0.5306,66098.08,60118.73,126216.81,0.5237,持有
2024-11-12,4085.74,12.06,0.4940,65371.84,60118.73,125490.57,0.5209,持有
2024-11-13,4110.89,12.16,0.5219,65774.24,60118.73,125892.97,0.5225,持有
2024-11-14,4039.62,12.02,0.4862,64633.92,60118.73,124752.65,0.5181,持有
2024-11-15,3968.83,11.88,0.4566,63501.28,60118.73,123620.01,0.5137,持有
2024-11-18,3950.38,11.89,0.4577,63206.08,60118.73,123324.81,0.5125,持有
2024-11-19,3976.89,11.92,0.4633,63630.24,60118.73,123748.97,0.5142,持有
2024-11-20,3985.77,11.93,0.4668,63772.32,60118.73,123891.05,0.5147,持有
2024-11-21,3989.30,11.93,0.4666,63828.80,60118.73,123947.53,0.5150,持有
2024-11-22,3865.70,11.61,0.3761,61851.20,60118.73,121969.93,0.5071,持有
2024-11-25,3848.09,11.57,0.3607,61569.44,60118.73,121688.17,0.5060,持有
2024-11-26,3840.18,11.59,0.3688,61442.88,60118.73,121561.61,0.5054,持有
2024-11-27,3907.04,11.75,0.4209,62512.64,60118.73,122631.37,0.5098,持有
2024-11-28,3872.55,11.67,0.3936,61960.80,60118.73,122079.53,0.5075,持有
2024-11-29,3916.58,11.75,0.4210,62665.28,60118.73,122784.01,0.5104,持有
2024-12-02,3947.63,11.83,0.4451,63162.08,60118.73,123280.81,0.5123,持有
2024-12-03,3951.89,11.89,0.4585,63230.24,60118.73,123348.97,0.5126,持有
2024-12-04,3930.56,11.90,0.4620,62888.96,60118.73,123007.69,0.5113,持有
2024-12-05,3921.59,11.85,0.4507,62745.44,60118.73,122864.17,0.5107,持有
2024-12-06,3973.14,11.99,0.4842,63570.24,60118.73,123688.97,0.5140,持有
2024-12-09,3966.57,12.00,0.4848,63465.12,60118.73,123583.85,0.5135,持有
2024-12-10,3995.64,12.07,0.5002,63930.24,60118.73,124048.97,0.5154,持有
2024-12-11,3988.83,12.03,0.4922,63821.28,60118.73,123940.01,0.5149,持有
2024-12-12,4028.50,12.15,0.5228,64456.00,60118.73,124574.73,0.5174,持有
2024-12-13,3933.18,11.91,0.4623,62930.88,60118.73,123049.61,0.5114,持有
2024-12-16,3911.84,11.97,0.4781,62589.44,60118.73,122708.17,0.5101,持有
2024-12-17,3922.03,11.99,0.4836,62752.48,60118.73,122871.21,0.5107,持有
2024-12-18,3941.89,12.06,0.4977,63070.24,60118.73,123188.97,0.5120,持有
2024-12-19,3945.46,12.03,0.4922,63127.36,60118.73,123246.09,0.5122,持有
2024-12-20,3927.74,11.97,0.4773,62843.84,60118.73,122962.57,0.5111,持有
2024-12-23,3933.57,12.07,0.5012,62937.12,60118.73,123055.85,0.5115,持有
2024-12-24,3983.69,12.23,0.5411,63739.04,60118.73,123857.77,0.5146,持有
2024-12-25,3985.63,12.30,0.5629,63770.08,60118.73,123888.81,0.5147,持有
2024-12-26,3987.48,12.27,0.5541,63799.68,60118.73,123918.41,0.5149,持有
2024-12-27,3981.03,12.25,0.5473,63696.48,60118.73,123815.21,0.5144,持有
2024-12-30,3999.05,12.33,0.5720,63984.80,60118.73,124103.53,0.5156,持有
2024-12-31,3934.91,12.19,0.5318,62958.56,60118.73,123077.29,0.5115,持有
2025-01-02,3820.40,11.84,0.4448,61126.40,60118.73,121245.13,0.5042,持有
2025-01-03,3775.16,11.73,0.4136,60402.56,60118.73,120521.29,0.5012,持有
2025-01-06,3768.97,11.70,0.3992,60303.52,60118.73,120422.25,0.5008,持有
2025-01-07,3796.11,11.75,0.4173,60737.76,60118.73,120856.49,0.5026,持有
2025-01-08,3789.22,11.77,0.4229,60627.52,60118.73,120746.25,0.5021,持有
2025-01-09,3779.88,11.69,0.3954,60478.08,60118.73,120596.81,0.5015,持有
2025-01-10,3732.48,11.55,0.3493,59719.68,60118.73,119838.41,0.4983,持有
2025-01-13,3722.51,11.51,0.3362,59560.16,60118.73,119678.89,0.4977,持有
2025-01-14,3820.54,11.74,0.4153,61128.64,60118.73,121247.37,0.5042,持有
2025-01-15,3796.03,11.68,0.3932,60736.48,60118.73,120855.21,0.5026,持有
2025-01-16,3800.38,11.72,0.4084,60806.08,60118.73,120924.81,0.5028,持有
2025-01-17,3812.34,11.73,0.4144,60997.44,60118.73,121116.17,0.5036,持有
2025-01-20,3829.68,11.72,0.4081,61274.88,60118.73,121393.61,0.5048,持有
2025-01-21,3832.61,11.70,0.3990,61321.76,60118.73,121440.49,0.5050,持有
2025-01-22,3797.02,11.59,0.3636,60752.32,60118.73,120871.05,0.5026,持有
2025-01-23,3803.74,11.68,0.3926,60859.84,60118.73,120978.57,0.5031,持有
2025-01-24,3832.86,11.72,0.4087,61325.76,60118.73,121444.49,0.5050,持有
2025-01-27,3817.08,11.74,0.4170,61073.28,60118.73,121192.01,0.5039,持有
2025-02-05,3795.08,11.62,0.3752,60721.28,60118.73,120840.01,0.5025,持有
2025-02-06,3842.83,11.73,0.4155,61485.28,60118.73,121604.01,0.5056,持有
2025-02-07,3892.70,11.83,0.4452,62283.20,60118.73,122401.93,0.5088,持有
2025-02-10,3901.06,11.85,0.4519,62416.96,60118.73,122535.69,0.5094,持有
2025-02-11,3883.14,11.86,0.4537,62130.24,60118.73,122248.97,0.5082,持有
2025-02-12,3919.86,11.96,0.4774,62717.76,60118.73,122836.49,0.5106,持有
2025-02-13,3905.14,11.93,0.4703,62482.24,60118.73,122600.97,0.5096,持有
2025-02-14,3939.01,12.02,0.4931,63024.16,60118.73,123142.89,0.5118,持有
2025-02-17,3947.40,12.04,0.4990,63158.40,60118.73,123277.13,0.5123,持有
2025-02-18,3912.78,11.99,0.4867,62604.48,60118.73,122723.21,0.5101,持有
2025-02-19,3940.16,12.02,0.4929,63042.56,60118.73,123161.29,0.5119,持有
2025-02-20,3928.90,11.99,0.4863,62862.40,60118.73,122981.13,0.5112,持有
2025-02-21,3978.44,12.09,0.5143,63655.04,60118.73,123773.77,0.5143,持有
2025-02-24,3969.72,12.03,0.4964,63515.52,60118.73,123634.25,0.5137,持有
2025-02-25,3925.65,11.89,0.4584,62810.40,60118.73,122929.13,0.5109,持有
2025-02-26,3959.94,11.96,0.4763,63359.04,60118.73,123477.77,0.5131,持有
2025-02-27,3968.12,12.00,0.4881,63489.92,60118.73,123608.65,0.5136,持有
2025-02-28,3890.05,11.82,0.4397,62240.80,60118.73,122359.53,0.5087,持有
2025-03-03,3888.47,11.81,0.4367,62215.52,60118.73,122334.25,0.5086,持有
2025-03-04,3885.22,11.75,0.4177,62163.52,60118.73,122282.25,0.5084,持有
2025-03-05,3902.57,11.84,0.4472,62441.12,60118.73,122559.85,0.5095,持有
2025-03-06,3956.24,11.94,0.4727,63299.84,60118.73,123418.57,0.5129,持有
2025-03-07,3944.01,11.92,0.4657,63104.16,60118.73,123222.89,0.5121,持有
2025-03-10,3928.80,11.85,0.4499,62860.80,60118.73,122979.53,0.5111,持有
2025-03-11,3941.42,11.89,0.4585,63062.72,60118.73,123181.45,0.5119,持有
2025-03-12,3927.23,11.86,0.4519,62835.68,60118.73,122954.41,0.5110,持有
2025-03-13,3911.58,11.85,0.4493,62585.28,60118.73,122704.01,0.5101,持有
2025-03-14,4006.56,12.12,0.5232,64104.96,60118.73,124223.69,0.5160,持有
2025-03-17,3996.79,12.11,0.5214,63948.64,60118.73,124067.37,0.5154,持有
2025-03-18,4007.72,12.12,0.5232,64123.52,60118.73,124242.25,0.5161,持有
2025-03-19,4010.17,12.15,0.5318,64162.72,60118.73,124281.45,0.5163,持有
2025-03-20,3974.99,12.04,0.5012,63599.84,60118.73,123718.57,0.5141,持有
2025-03-21,3914.70,11.89,0.4579,62635.20,60118.73,122753.93,0.5103,持有
2025-03-24,3934.85,11.92,0.4657,62957.60,60118.73,123076.33,0.5115,持有
2025-03-25,3932.30,11.91,0.4635,62916.80,60118.73,123035.53,0.5114,持有
2025-03-26,3919.36,11.87,0.4553,62709.76,60118.73,122828.49,0.5105,持有
2025-03-27,3932.41,11.90,0.4623,62918.56,60118.73,123037.29,0.5114,持有
2025-03-28,3915.17,11.81,0.4338,62642.72,60118.73,122761.45,0.5103,持有
2025-03-31,3887.31,11.78,0.4241,62196.96,60118.73,122315.69,0.5085,持有
2025-04-01,3887.68,11.78,0.4239,62202.88,60118.73,122321.61,0.5085,持有
2025-04-02,3884.39,11.79,0.4273,62150.24,60118.73,122268.97,0.5083,持有
2025-04-03,3861.50,11.78,0.4236,61784.00,60118.73,121902.73,0.5068,持有
2025-04-07,3589.44,11.07,0.1854,57431.04,60118.73,117549.77,0.4886,买入(补至70%)
2025-04-08,3650.76,11.29,0.2530,80316.72,38529.71,118846.43,0.6758,持有
2025-04-09,3686.79,11.35,0.2744,81109.38,38529.71,119639.09,0.6780,持有
2025-04-10,3735.12,11.44,0.3009,82172.64,38529.71,120702.35,0.6808,持有
2025-04-11,3750.52,11.46,0.3075,82511.44,38529.71,121041.15,0.6817,持有
2025-04-14,3759.14,11.53,0.3380,82701.08,38529.71,121230.79,0.6822,持有
2025-04-15,3761.23,11.57,0.3505,82747.06,38529.71,121276.77,0.6823,持有
2025-04-16,3772.82,11.64,0.3770,83002.04,38529.71,121531.75,0.6830,持有
2025-04-17,3772.22,11.64,0.3768,82988.84,38529.71,121518.55,0.6829,持有
2025-04-18,3772.52,11.65,0.3803,82995.44,38529.71,121525.15,0.6829,持有
2025-04-21,3784.88,11.66,0.3825,83267.36,38529.71,121797.07,0.6837,持有
2025-04-22,3783.95,11.71,0.4017,83246.90,38529.71,121776.61,0.6836,持有
2025-04-23,3786.88,11.68,0.3885,83311.36,38529.71,121841.07,0.6838,持有
2025-04-24,3784.36,11.70,0.3955,83255.92,38529.71,121785.63,0.6836,持有
2025-04-25,3786.99,11.64,0.3759,83313.78,38529.71,121843.49,0.6838,持有
2025-04-28,3781.62,11.65,0.3797,83195.64,38529.71,121725.35,0.6835,持有
2025-04-29,3775.08,11.63,0.3721,83051.76,38529.71,121581.47,0.6831,持有
2025-04-30,3770.57,11.49,0.3237,82952.54,38529.71,121482.25,0.6828,持有
2025-05-06,3808.54,11.56,0.3457,83787.88,38529.71,122317.59,0.6850,持有
2025-05-07,3831.63,11.67,0.3855,84295.86,38529.71,122825.57,0.6863,持有
2025-05-08,3852.90,11.71,0.4035,84763.80,38529.71,123293.51,0.6875,持有
2025-05-09,3846.16,11.71,0.4033,84615.52,38529.71,123145.23,0.6871,持有
2025-05-12,3890.61,11.80,0.4359,85593.42,38529.71,124123.13,0.6896,持有
2025-05-13,3896.26,11.83,0.4464,85717.72,38529.71,124247.43,0.6899,持有
2025-05-14,3943.21,11.97,0.4880,86750.62,38529.71,125280.33,0.6925,持有
2025-05-15,3907.20,11.90,0.4681,85958.40,38529.71,124488.11,0.6905,持有
2025-05-16,3889.09,11.83,0.4458,85559.98,38529.71,124089.69,0.6895,持有
2025-05-19,3877.15,11.79,0.4315,85297.30,38529.71,123827.01,0.6888,持有
2025-05-20,3898.17,11.85,0.4538,85759.74,38529.71,124289.45,0.6900,持有
2025-05-21,3916.38,11.91,0.4705,86160.36,38529.71,124690.07,0.6910,持有
2025-05-22,3913.87,11.91,0.4703,86105.14,38529.71,124634.85,0.6909,持有
2025-05-23,3882.27,11.81,0.4387,85409.94,38529.71,123939.65,0.6891,持有
2025-05-26,3860.11,11.75,0.4173,84922.42,38529.71,123452.13,0.6879,持有
2025-05-27,3839.40,11.72,0.4053,84466.80,38529.71,122996.51,0.6867,持有
2025-05-28,3836.24,11.72,0.4052,84397.28,38529.71,122926.99,0.6866,持有
2025-05-29,3858.70,11.76,0.4215,84891.40,38529.71,123421.11,0.6878,持有
2025-05-30,3840.23,11.73,0.4123,84485.06,38529.71,123014.77,0.6868,持有
2025-06-03,3852.01,11.77,0.4243,84744.22,38529.71,123273.93,0.6874,持有
2025-06-04,3868.74,11.80,0.4359,85112.28,38529.71,123641.99,0.6884,持有
2025-06-05,3877.56,11.83,0.4471,85306.32,38529.71,123836.03,0.6889,持有
2025-06-06,3873.98,11.83,0.4469,85227.56,38529.71,123757.27,0.6887,持有
2025-06-09,3885.25,11.83,0.4468,85475.50,38529.71,124005.21,0.6893,持有
2025-06-10,3865.47,11.79,0.4313,85040.34,38529.71,123570.05,0.6882,持有
2025-06-11,3894.63,12.06,0.5149,85681.86,38529.71,124211.57,0.6898,持有
2025-06-12,3892.20,12.04,0.5111,85628.40,38529.71,124158.11,0.6897,持有
2025-06-13,3864.18,11.99,0.4973,85011.96,38529.71,123541.67,0.6881,持有
2025-06-16,3873.80,12.07,0.5186,85223.60,38529.71,123753.31,0.6887,持有
2025-06-17,3870.38,12.07,0.5184,85148.36,38529.71,123678.07,0.6885,持有
2025-06-18,3874.97,12.11,0.5318,85249.34,38529.71,123779.05,0.6887,持有
2025-06-19,3843.09,12.09,0.5269,84547.98,38529.71,123077.69,0.6869,持有
2025-06-20,3846.64,12.12,0.5341,84626.08,38529.71,123155.79,0.6871,持有
2025-06-23,3857.90,12.20,0.5546,84873.80,38529.71,123403.51,0.6878,持有
2025-06-24,3904.03,12.31,0.5844,85888.66,38529.71,124418.37,0.6903,持有
2025-06-25,3960.07,12.45,0.6274,87121.54,38529.71,125651.25,0.6934,持有
2025-06-26,3946.02,12.44,0.6229,86812.44,38529.71,125342.15,0.6926,持有
2025-06-27,3921.76,12.30,0.5814,86278.72,38529.71,124808.43,0.6913,持有
2025-06-30,3936.08,12.34,0.5944,86593.76,38529.71,125123.47,0.6921,持有
2025-07-01,3942.76,12.39,0.6074,86740.72,38529.71,125270.43,0.6924,持有
2025-07-02,3943.68,12.40,0.6107,86760.96,38529.71,125290.67,0.6925,持有
2025-07-03,3968.07,12.43,0.6190,87297.54,38529.71,125827.25,0.6938,持有
2025-07-04,3982.20,12.50,0.6362,87608.40,38529.71,126138.11,0.6945,持有
2025-07-07,3965.17,12.46,0.6290,87233.74,38529.71,125763.45,0.6936,持有
2025-07-08,3998.45,12.53,0.6400,87965.90,38529.71,126495.61,0.6954,持有
2025-07-09,3991.40,12.54,0.6421,87810.80,38529.71,126340.51,0.6950,持有
2025-07-10,4010.02,12.60,0.6566,88220.44,38529.71,126750.15,0.6960,持有
2025-07-11,4014.81,12.57,0.6505,88325.82,38529.71,126855.53,0.6963,持有
2025-07-14,4017.67,12.59,0.6537,88388.74,38529.71,126918.45,0.6964,持有
2025-07-15,4019.06,12.58,0.6523,88419.32,38529.71,126949.03,0.6965,持有
2025-07-16,4007.20,12.55,0.6447,88158.40,38529.71,126688.11,0.6959,持有
2025-07-17,4034.49,12.57,0.6499,88758.78,38529.71,127288.49,0.6973,持有
2025-07-18,4058.55,12.64,0.6663,89288.10,38529.71,127817.81,0.6986,持有
2025-07-21,4085.61,12.70,0.6761,89883.42,38529.71,128413.13,0.7000,持有
2025-07-22,4118.96,12.77,0.6851,90617.12,38529.71,129146.83,0.7017,持有
2025-07-23,4119.77,12.79,0.6903,90634.94,38529.71,129164.65,0.7017,持有
2025-07-24,4149.04,12.82,0.6958,91278.88,38529.71,129808.59,0.7032,持有
2025-07-25,4127.16,12.74,0.6801,90797.52,38529.71,129327.23,0.7021,持有
2025-07-28,4135.82,12.75,0.6817,90988.04,38529.71,129517.75,0.7025,持有
2025-07-29,4152.02,12.59,0.6521,91344.44,38529.71,129874.15,0.7033,持有
2025-07-30,4151.24,12.63,0.6635,91327.28,38529.71,129856.99,0.7033,持有
2025-07-31,4075.59,12.44,0.6188,89662.98,38529.71,128192.69,0.6994,持有
2025-08-01,4054.93,12.37,0.5974,89208.46,38529.71,127738.17,0.6984,持有
2025-08-04,4070.70,12.42,0.6106,89555.40,38529.71,128085.11,0.6992,持有
2025-08-05,4103.45,12.54,0.6385,90275.90,38529.71,128805.61,0.7009,持有
2025-08-06,4113.49,12.57,0.6479,90496.78,38529.71,129026.49,0.7014,持有
2025-08-07,4114.67,12.58,0.6508,90522.74,38529.71,129052.45,0.7014,持有
2025-08-08,4104.97,12.56,0.6440,90309.34,38529.71,128839.05,0.7009,持有
2025-08-11,4122.51,12.54,0.6376,90695.22,38529.71,129224.93,0.7018,持有
2025-08-12,4143.83,12.62,0.6619,91164.26,38529.71,129693.97,0.7029,持有
2025-08-13,4176.58,12.63,0.6644,91884.76,38529.71,130414.47,0.7046,持有
2025-08-14,4173.31,12.63,0.6641,91812.82,38529.71,130342.53,0.7044,持有
2025-08-15,4202.35,12.65,0.6677,92451.70,38529.71,130981.41,0.7058,持有
2025-08-18,4239.41,12.73,0.6801,93267.02,38529.71,131796.73,0.7077,持有
2025-08-19,4223.37,12.71,0.6775,92914.14,38529.71,131443.85,0.7069,持有
2025-08-20,4271.40,12.83,0.7003,93970.80,38529.71,132500.51,0.7092,卖出(降至50%)
2025-08-21,4288.07,12.89,0.7096,68609.12,64234.64,132843.76,0.5165,持有
2025-08-22,4378.00,13.08,0.7485,70048.00,64234.64,134282.64,0.5216,持有
2025-08-25,4469.22,13.27,0.7712,71507.52,64234.64,135742.16,0.5268,持有
2025-08-26,4452.59,13.21,0.7648,71241.44,64234.64,135476.08,0.5259,持有
2025-08-27,4386.13,12.97,0.7273,70178.08,64234.64,134412.72,0.5221,持有
2025-08-28,4463.78,13.16,0.7580,71420.48,64234.64,135655.12,0.5265,持有
2025-08-29,4496.76,13.23,0.7658,71948.16,64234.64,136182.80,0.5283,持有
2025-09-01,4523.71,13.23,0.7655,72379.36,64234.64,136614.00,0.5298,持有
2025-09-02,4490.45,13.23,0.7652,71847.20,64234.64,136081.84,0.5280,持有
2025-09-03,4459.83,13.11,0.7500,71357.28,64234.64,135591.92,0.5263,持有
2025-09-04,4365.21,12.98,0.7272,69843.36,64234.64,134078.00,0.5209,持有
2025-09-05,4460.32,13.10,0.7483,71365.12,64234.64,135599.76,0.5263,持有
2025-09-08,4467.57,13.11,0.7499,71481.12,64234.64,135715.76,0.5267,持有
2025-09-09,4436.26,13.03,0.7366,70980.16,64234.64,135214.80,0.5249,持有
2025-09-10,4445.36,13.08,0.7459,71125.76,64234.64,135360.40,0.5255,持有
2025-09-11,4548.03,13.29,0.7735,72768.48,64234.64,137003.12,0.5311,持有
2025-09-12,4522.00,13.24,0.7682,72352.00,64234.64,136586.64,0.5297,持有
2025-09-15,4533.06,13.24,0.7679,72528.96,64234.64,136763.60,0.5303,持有
2025-09-16,4523.34,13.20,0.7623,72373.44,64234.64,136608.08,0.5298,持有
2025-09-17,4551.02,13.26,0.7715,72816.32,64234.64,137050.96,0.5313,持有
2025-09-18,4498.11,13.08,0.7442,71969.76,64234.64,136204.40,0.5284,持有
2025-09-19,4501.92,13.08,0.7439,72030.72,64234.64,136265.36,0.5286,持有
2025-09-22,4522.61,13.09,0.7463,72361.76,64234.64,136596.40,0.5297,持有
2025-09-23,4519.78,13.14,0.7536,72316.48,64234.64,136551.12,0.5296,持有
2025-09-24,4566.07,13.21,0.7636,73057.12,64234.64,137291.76,0.5321,持有
2025-09-25,4593.49,13.24,0.7679,73495.84,64234.64,137730.48,0.5336,持有
2025-09-26,4550.05,13.16,0.7558,72800.80,64234.64,137035.44,0.5313,持有
2025-09-29,4620.05,13.30,0.7756,73920.80,64234.64,138155.44,0.5351,持有
2025-09-30,4640.69,13.32,0.7772,74251.04,64234.64,138485.68,0.5362,持有
2025-10-09,4709.48,13.50,0.7970,75351.68,64234.64,139586.32,0.5398,持有
2025-10-10,4616.83,13.36,0.7823,73869.28,64234.64,138103.92,0.5349,持有
2025-10-13,4593.98,13.30,0.7745,73503.68,64234.64,137738.32,0.5336,持有
2025-10-14,4539.06,13.26,0.7704,72624.96,64234.64,136859.60,0.5307,持有
2025-10-15,4606.29,13.40,0.7886,73700.64,64234.64,137935.28,0.5343,持有
2025-10-16,4618.42,13.50,0.7970,73894.72,64234.64,138129.36,0.5350,持有
2025-10-17,4514.23,13.27,0.7706,72227.68,64234.64,136462.32,0.5293,持有
2025-10-20,4538.22,13.33,0.7771,72611.52,64234.64,136846.16,0.5306,持有
2025-10-21,4607.87,13.47,0.7961,73725.92,64234.64,137960.56,0.5344,持有
2025-10-22,4592.57,13.47,0.7958,73481.12,64234.64,137715.76,0.5336,持有
2025-10-23,4606.34,13.53,0.8001,73701.44,64234.64,137936.08,0.5343,持有
2025-10-24,4660.68,13.62,0.8039,74570.88,64234.64,138805.52,0.5372,持有
2025-10-27,4716.02,13.75,0.8153,75456.32,64234.64,139690.96,0.5402,持有
2025-10-28,4691.97,13.70,0.8094,75071.52,64234.64,139306.16,0.5389,持有
2025-10-29,4747.84,13.70,0.8091,75965.44,64234.64,140200.08,0.5418,持有
2025-10-30,4709.91,13.57,0.8001,75358.56,64234.64,139593.20,0.5398,持有
2025-10-31,4640.67,13.19,0.7541,74250.72,64234.64,138485.36,0.5362,持有
2025-11-03,4653.40,13.28,0.7686,74454.40,64234.64,138689.04,0.5368,持有
2025-11-04,4618.70,13.25,0.7645,73899.20,64234.64,138133.84,0.5350,持有
2025-11-05,4627.26,13.26,0.7665,74036.16,64234.64,138270.80,0.5354,持有
2025-11-06,4693.40,13.39,0.7831,75094.40,64234.64,139329.04,0.5390,持有
2025-11-07,4678.79,13.35,0.7776,74860.64,64234.64,139095.28,0.5382,持有
2025-11-10,4695.05,13.41,0.7878,75120.80,64234.64,139355.44,0.5391,持有
2025-11-11,4652.17,13.33,0.7740,74434.72,64234.64,138669.36,0.5368,持有
2025-11-12,4645.91,13.38,0.7812,74334.56,64234.64,138569.20,0.5364,持有
2025-11-13,4702.07,13.46,0.7944,75233.12,64234.64,139467.76,0.5394,持有
2025-11-14,4628.14,13.31,0.7705,74050.24,64234.64,138284.88,0.5355,持有
2025-11-17,4598.05,13.20,0.7537,73568.80,64234.64,137803.44,0.5339,持有
2025-11-18,4568.19,13.13,0.7432,73091.04,64234.64,137325.68,0.5322,持有
2025-11-19,4588.29,13.23,0.7568,73412.64,64234.64,137647.28,0.5333,持有
2025-11-20,4564.95,13.22,0.7562,73039.20,64234.64,137273.84,0.5321,持有
2025-11-21,4453.61,12.98,0.7135,71257.76,64234.64,135492.40,0.5259,持有
2025-11-24,4448.05,12.92,0.7024,71168.80,64234.64,135403.44,0.5256,持有
2025-11-25,4490.40,13.02,0.7220,71846.40,64234.64,136081.04,0.5280,持有
2025-11-26,4517.63,13.02,0.7217,72282.08,64234.64,136516.72,0.5295,持有
2025-11-27,4515.40,13.05,0.7278,72246.40,64234.64,136481.04,0.5294,持有
2025-11-28,4526.66,13.04,0.7260,72426.56,64234.64,136661.20,0.5300,持有
2025-12-01,4576.49,13.14,0.7441,73223.84,64234.64,137458.48,0.5327,持有
