日期,收盘价,估值指标,估值分位点,持仓市值,现金,总资产,仓位比例,目标仓位
2020-01-02,4152.24,12.45,0.0000,0.00,100000.00,100000.00,0.0000,1.00
2020-01-03,4144.96,12.44,0.0000,99479.04,125.73,99604.77,0.9987,1.00
2020-01-06,4129.30,12.40,0.0000,99103.20,125.73,99228.93,0.9987,1.00
2020-01-07,4160.23,12.47,0.7500,99845.52,125.73,99971.25,0.9987,0.20
2020-01-08,4112.32,12.32,0.0000,20561.60,78774.76,99336.36,0.2070,1.00
2020-01-09,4164.37,12.42,0.3333,99944.88,5.76,99950.64,0.9999,0.70
2020-01-10,4163.18,12.43,0.4286,70774.06,29247.35,100021.41,0.7076,0.50
2020-01-13,4203.99,12.53,0.8750,54651.87,45914.24,100566.11,0.5434,0.00
2020-01-14,4189.89,12.49,0.7778,0.00,100708.58,100708.58,0.0000,0.20
2020-01-15,4166.73,12.42,0.2000,16666.92,83960.22,100627.14,0.1656,1.00
2020-01-16,4149.04,12.34,0.0909,99576.96,459.65,100036.61,0.9954,1.00
2020-01-17,4154.85,12.35,0.1667,99716.40,459.65,100176.05,0.9954,1.00
2020-01-20,4185.83,12.42,0.3077,100459.92,459.65,100919.57,0.9954,0.70
2020-01-21,4114.31,12.23,0.0000,69943.27,29613.33,99556.60,0.7025,1.00
2020-01-22,4131.93,12.28,0.0667,99166.32,955.30,100121.62,0.9905,1.00
2020-01-23,4003.90,11.96,0.0000,96093.60,955.30,97048.90,0.9902,1.00
2020-02-03,3688.36,11.04,0.0000,88520.64,955.30,89475.94,0.9893,1.00
2020-02-04,3785.64,11.29,0.0556,90855.36,955.30,91810.66,0.9896,1.00
2020-02-05,3828.53,11.40,0.1053,91884.72,955.30,92840.02,0.9897,1.00
2020-02-06,3899.78,11.58,0.1500,93594.72,955.30,94550.02,0.9899,1.00
2020-02-07,3899.87,11.57,0.1429,93596.88,955.30,94552.18,0.9899,1.00
2020-02-10,3916.01,11.61,0.2273,93984.24,955.30,94939.54,0.9899,0.70
2020-02-11,3952.46,11.71,0.2609,67191.82,28438.86,95630.68,0.7026,0.70
2020-02-12,3984.43,11.78,0.2917,67735.31,28438.86,96174.17,0.7043,0.70
2020-02-13,3959.92,11.71,0.2400,67318.64,28438.86,95757.50,0.7030,0.70
2020-02-14,3987.73,11.78,0.3077,67791.41,28438.86,96230.27,0.7045,0.70
2020-02-17,4077.42,12.03,0.4074,69316.14,28438.86,97755.00,0.7091,0.50
2020-02-18,4057.51,11.96,0.3571,48690.12,48787.00,97477.12,0.4995,0.70
2020-02-19,4051.31,11.96,0.3448,64820.96,32587.83,97408.79,0.6655,0.70
2020-02-20,4144.66,12.19,0.4667,66314.56,32587.83,98902.39,0.6705,0.50
2020-02-21,4149.49,12.24,0.5161,49793.88,49126.48,98920.36,0.5034,0.50
2020-02-24,4132.84,12.17,0.4375,49594.08,49126.48,98720.56,0.5024,0.50
2020-02-25,4123.85,12.08,0.4242,49486.20,49126.48,98612.68,0.5018,0.50
2020-02-26,4073.02,11.98,0.3824,48876.24,49126.48,98002.72,0.4987,0.70
2020-02-27,4084.88,11.98,0.3714,65358.08,32789.34,98147.42,0.6659,0.70
2020-02-28,3940.05,11.57,0.0833,63040.80,32789.34,95830.14,0.6578,1.00
2020-03-02,4069.67,11.88,0.2973,97672.08,1037.03,98709.11,0.9895,0.70
2020-03-03,4091.36,11.94,0.3158,69553.12,29911.57,99464.69,0.6993,0.70
2020-03-04,4115.05,12.00,0.4615,69955.85,29911.57,99867.42,0.7005,0.50
2020-03-05,4206.73,12.25,0.6250,54687.49,46511.58,101199.07,0.5404,0.20
2020-03-06,4138.51,12.07,0.4878,20692.55,79775.52,100468.07,0.2060,0.50
2020-03-09,3997.13,11.70,0.1667,47965.56,51332.54,99298.10,0.4830,1.00
2020-03-10,4082.73,11.91,0.3023,97985.52,3627.39,101612.91,0.9643,0.70
2020-03-11,4028.43,11.78,0.2273,72511.74,28171.74,100683.48,0.7202,0.70
2020-03-12,3950.91,11.59,0.1333,71116.38,28171.74,99288.12,0.7163,1.00
2020-03-13,3895.31,11.44,0.0652,97382.75,1773.35,99156.10,0.9821,1.00
2020-03-16,3727.84,11.07,0.0213,93196.00,1773.35,94969.35,0.9813,1.00
2020-03-17,3709.68,11.02,0.0000,92742.00,1773.35,94515.35,0.9812,1.00
2020-03-18,3636.26,10.82,0.0000,90906.50,1773.35,92679.85,0.9809,1.00
2020-03-19,3589.09,10.66,0.0000,89727.25,1773.35,91500.60,0.9806,1.00
2020-03-20,3653.22,10.84,0.0392,91330.50,1773.35,93103.85,0.9810,1.00
2020-03-23,3530.31,10.50,0.0000,88257.75,1773.35,90031.10,0.9803,1.00
2020-03-24,3625.11,10.78,0.0377,90627.75,1773.35,92401.10,0.9808,1.00
2020-03-25,3722.52,11.04,0.1111,93063.00,1773.35,94836.35,0.9813,1.00
2020-03-26,3698.05,10.94,0.0909,92451.25,1773.35,94224.60,0.9812,1.00
2020-03-27,3710.06,10.96,0.1071,92751.50,1773.35,94524.85,0.9812,1.00
2020-03-30,3674.11,10.88,0.0877,91852.75,1773.35,93626.10,0.9811,1.00
2020-03-31,3686.16,10.85,0.0862,92154.00,1773.35,93927.35,0.9811,1.00
2020-04-01,3675.08,10.81,0.0508,91877.00,1773.35,93650.35,0.9811,1.00
2020-04-02,3734.53,10.98,0.1667,93363.25,1773.35,95136.60,0.9814,1.00
2020-04-03,3713.22,10.92,0.1311,92830.50,1773.35,94603.85,0.9813,1.00
2020-04-07,3798.02,11.13,0.2581,94950.50,1773.35,96723.85,0.9817,0.70
2020-04-08,3780.34,11.07,0.2381,68046.12,28206.97,96253.09,0.7069,0.70
2020-04-09,3792.81,11.10,0.2656,68270.58,28206.97,96477.55,0.7076,0.70
2020-04-10,3769.18,11.03,0.2000,67845.24,28206.97,96052.21,0.7063,1.00
2020-04-13,3753.26,10.99,0.1818,93831.50,1943.69,95775.19,0.9797,1.00
2020-04-14,3825.70,11.17,0.3134,95642.50,1943.69,97586.19,0.9801,0.70
2020-04-15,3797.36,11.10,0.2794,68352.48,28688.30,97040.78,0.7044,0.70
2020-04-16,3802.38,11.11,0.3043,68442.84,28688.30,97131.14,0.7046,0.70
2020-04-17,3839.49,11.20,0.3429,69110.82,28688.30,97799.12,0.7067,0.70
2020-04-20,3853.46,11.25,0.3521,69362.28,28688.30,98050.58,0.7074,0.70
2020-04-21,3808.05,11.13,0.3056,68544.90,28688.30,97233.20,0.7050,0.70
2020-04-22,3839.38,11.20,0.3425,69108.84,28688.30,97797.14,0.7067,0.70
2020-04-23,3829.75,11.16,0.3243,68935.50,28688.30,97623.80,0.7061,0.70
2020-04-24,3796.97,11.15,0.3200,68345.46,28688.30,97033.76,0.7043,0.70
2020-04-27,3822.77,11.24,0.3816,68809.86,28688.30,97498.16,0.7058,0.70
2020-04-28,3849.15,11.28,0.4026,69284.70,28688.30,97973.00,0.7072,0.50
2020-04-29,3867.03,11.40,0.4231,50271.39,47874.89,98146.28,0.5122,0.50
2020-04-30,3912.58,11.77,0.5570,50863.54,47874.89,98738.43,0.5151,0.50
2020-05-06,3936.25,11.80,0.6000,51171.25,47874.89,99046.14,0.5166,0.50
2020-05-07,3924.89,11.76,0.5432,51023.57,47874.89,98898.46,0.5159,0.50
2020-05-08,3963.62,11.86,0.6098,51527.06,47874.89,99401.95,0.5184,0.20
2020-05-11,3960.18,11.87,0.6145,23761.08,75696.82,99457.90,0.2389,0.20
2020-05-12,3960.24,11.85,0.5952,23761.44,75696.82,99458.26,0.2389,0.50
2020-05-13,3968.25,11.87,0.6118,47619.00,52015.80,99634.80,0.4779,0.20
2020-05-14,3925.22,11.75,0.5116,23551.32,75727.81,99279.13,0.2372,0.50
2020-05-15,3912.82,11.72,0.5057,46953.84,52079.85,99033.69,0.4741,0.50
2020-05-18,3922.91,11.75,0.5114,47074.92,52079.85,99154.77,0.4748,0.50
2020-05-19,3956.25,11.84,0.5955,47475.00,52079.85,99554.85,0.4769,0.50
2020-05-20,3935.22,11.79,0.5778,47222.64,52079.85,99302.49,0.4755,0.50
2020-05-21,3913.79,11.73,0.4945,46965.48,52079.85,99045.33,0.4742,0.50
2020-05-22,3824.06,11.49,0.3913,45888.72,52079.85,97968.57,0.4684,0.70
2020-05-25,3829.32,11.50,0.3978,65098.44,32937.29,98035.73,0.6640,0.70
2020-05-26,3872.77,11.60,0.4468,65837.09,32937.29,98774.38,0.6665,0.50
2020-05-27,3845.61,11.55,0.4000,49992.93,48431.32,98424.25,0.5079,0.70
2020-05-28,3856.63,11.59,0.4375,65562.71,33036.59,98599.30,0.6649,0.50
2020-05-29,3867.02,11.60,0.4536,50271.26,48389.34,98660.60,0.5095,0.50
2020-06-01,3971.34,11.86,0.6429,51627.42,48389.34,100016.76,0.5162,0.20
2020-06-02,3983.57,11.91,0.6869,23901.42,76177.60,100079.02,0.2388,0.20
2020-06-03,3983.65,11.92,0.7000,23901.90,76177.60,100079.50,0.2388,0.20
2020-06-04,3982.19,11.89,0.6733,23893.14,76177.60,100070.74,0.2388,0.20
2020-06-05,4001.25,11.95,0.7157,24007.50,76177.60,100185.10,0.2396,0.20
2020-06-08,4021.95,12.00,0.7670,24131.70,76177.60,100309.30,0.2406,0.20
2020-06-09,4047.03,12.08,0.7981,20235.15,80204.96,100440.11,0.2015,0.20
2020-06-10,4039.71,12.04,0.7810,20198.55,80204.96,100403.51,0.2012,0.20
2020-06-11,3995.88,11.92,0.6698,19979.40,80204.96,100184.36,0.1994,0.20
2020-06-12,4003.08,11.93,0.6822,20015.40,80204.96,100220.36,0.1997,0.20
2020-06-15,3954.99,11.92,0.6574,19774.95,80204.96,99979.91,0.1978,0.20
2020-06-16,4014.57,12.07,0.7890,20072.85,80204.96,100277.81,0.2002,0.20
2020-06-17,4017.59,12.07,0.7818,20087.95,80204.96,100292.91,0.2003,0.20
2020-06-18,4044.38,12.13,0.8198,20221.90,80204.96,100426.86,0.2014,0.00
2020-06-19,4098.71,12.27,0.8661,0.00,100439.20,100439.20,0.0000,0.00
2020-06-22,4102.05,12.27,0.8584,0.00,100439.20,100439.20,0.0000,0.00
2020-06-23,4121.79,12.30,0.8772,0.00,100439.20,100439.20,0.0000,0.00
2020-06-24,4138.99,12.37,0.9043,0.00,100439.20,100439.20,0.0000,0.00
2020-06-29,4109.72,12.29,0.8621,0.00,100439.20,100439.20,0.0000,0.00
2020-06-30,4163.96,12.38,0.9060,0.00,100439.20,100439.20,0.0000,0.00
2020-07-01,4247.78,12.61,0.9915,0.00,100439.20,100439.20,0.0000,0.00
2020-07-02,4335.84,12.90,0.9916,0.00,100439.20,100439.20,0.0000,0.00
2020-07-03,4419.60,13.19,0.9917,0.00,100439.20,100439.20,0.0000,0.00
2020-07-06,4670.09,14.00,0.9917,0.00,100439.20,100439.20,0.0000,0.00
2020-07-07,4698.13,14.05,0.9918,0.00,100439.20,100439.20,0.0000,0.00
2020-07-08,4774.00,14.25,0.9919,0.00,100439.20,100439.20,0.0000,0.00
2020-07-09,4840.77,14.41,0.9919,0.00,100439.20,100439.20,0.0000,0.00
2020-07-10,4753.13,14.05,0.9680,0.00,100439.20,100439.20,0.0000,0.00
2020-07-13,4852.96,14.28,0.9841,0.00,100439.20,100439.20,0.0000,0.00
2020-07-14,4806.69,14.15,0.9685,0.00,100439.20,100439.20,0.0000,0.00
2020-07-15,4744.47,13.94,0.9375,0.00,100439.20,100439.20,0.0000,0.00
2020-07-16,4516.25,13.34,0.9302,0.00,100439.20,100439.20,0.0000,0.00
2020-07-17,4544.70,13.39,0.9308,0.00,100439.20,100439.20,0.0000,0.00
2020-07-20,4680.30,13.76,0.9313,0.00,100439.20,100439.20,0.0000,0.00
2020-07-21,4691.04,13.78,0.9318,0.00,100439.20,100439.20,0.0000,0.00
2020-07-22,4714.45,13.82,0.9323,0.00,100439.20,100439.20,0.0000,0.00
2020-07-23,4712.44,13.78,0.9179,0.00,100439.20,100439.20,0.0000,0.00
2020-07-24,4505.59,13.23,0.8889,0.00,100439.20,100439.20,0.0000,0.00
2020-07-27,4528.45,13.29,0.8897,0.00,100439.20,100439.20,0.0000,0.00
2020-07-28,4568.26,13.38,0.8978,0.00,100439.20,100439.20,0.0000,0.00
2020-07-29,4679.01,13.67,0.9058,0.00,100439.20,100439.20,0.0000,0.00
2020-07-30,4656.15,13.58,0.8993,0.00,100439.20,100439.20,0.0000,0.00
2020-07-31,4695.05,13.67,0.9000,0.00,100439.20,100439.20,0.0000,0.00
2020-08-03,4771.31,13.87,0.9362,0.00,100439.20,100439.20,0.0000,0.00
2020-08-04,4775.80,13.92,0.9366,0.00,100439.20,100439.20,0.0000,0.00
2020-08-05,4777.11,13.90,0.9301,0.00,100439.20,100439.20,0.0000,0.00
2020-08-06,4762.76,13.89,0.9236,0.00,100439.20,100439.20,0.0000,0.00
2020-08-07,4707.93,13.75,0.8828,0.00,100439.20,100439.20,0.0000,0.00
2020-08-10,4724.87,13.84,0.9110,0.00,100439.20,100439.20,0.0000,0.00
2020-08-11,4681.78,13.73,0.8707,0.00,100439.20,100439.20,0.0000,0.00
2020-08-12,4647.64,13.64,0.8514,0.00,100439.20,100439.20,0.0000,0.00
2020-08-13,4635.71,13.60,0.8456,0.00,100439.20,100439.20,0.0000,0.00
2020-08-14,4704.63,13.81,0.9000,0.00,100439.20,100439.20,0.0000,0.00
2020-08-17,4815.23,14.15,0.9669,0.00,100439.20,100439.20,0.0000,0.00
2020-08-18,4812.76,14.14,0.9605,0.00,100439.20,100439.20,0.0000,0.00
2020-08-19,4740.68,13.94,0.9281,0.00,100439.20,100439.20,0.0000,0.00
2020-08-20,4679.15,13.76,0.8571,0.00,100439.20,100439.20,0.0000,0.00
2020-08-21,4718.84,13.84,0.8903,0.00,100439.20,100439.20,0.0000,0.00
2020-08-24,4755.85,13.92,0.9167,0.00,100439.20,100439.20,0.0000,0.00
2020-08-25,4761.95,13.92,0.9108,0.00,100439.20,100439.20,0.0000,0.00
2020-08-26,4706.13,13.79,0.8608,0.00,100439.20,100439.20,0.0000,0.00
2020-08-27,4731.35,13.84,0.8742,0.00,100439.20,100439.20,0.0000,0.00
2020-08-28,4844.27,13.96,0.9375,0.00,100439.20,100439.20,0.0000,0.00
2020-08-31,4816.22,14.45,0.9938,0.00,100439.20,100439.20,0.0000,0.00
2020-09-01,4842.12,14.52,0.9938,0.00,100439.20,100439.20,0.0000,0.00
2020-09-02,4843.89,14.51,0.9877,0.00,100439.20,100439.20,0.0000,0.00
2020-09-03,4817.10,14.43,0.9756,0.00,100439.20,100439.20,0.0000,0.00
2020-09-04,4770.22,14.30,0.9636,0.00,100439.20,100439.20,0.0000,0.00
2020-09-07,4669.37,14.03,0.9157,0.00,100439.20,100439.20,0.0000,0.00
2020-09-08,4694.39,14.14,0.9281,0.00,100439.20,100439.20,0.0000,0.00
2020-09-09,4584.59,13.86,0.8452,0.00,100439.20,100439.20,0.0000,0.00
2020-09-10,4581.98,13.86,0.8402,0.00,100439.20,100439.20,0.0000,0.00
2020-09-11,4627.28,13.97,0.9000,0.00,100439.20,100439.20,0.0000,0.00
2020-09-14,4651.05,14.02,0.9064,0.00,100439.20,100439.20,0.0000,0.00
2020-09-15,4688.48,14.11,0.9244,0.00,100439.20,100439.20,0.0000,0.00
2020-09-16,4657.36,14.04,0.9075,0.00,100439.20,100439.20,0.0000,0.00
2020-09-17,4632.71,13.97,0.8793,0.00,100439.20,100439.20,0.0000,0.00
2020-09-18,4737.09,14.29,0.9600,0.00,100439.20,100439.20,0.0000,0.00
2020-09-21,4691.43,14.15,0.9318,0.00,100439.20,100439.20,0.0000,0.00
2020-09-22,4635.76,14.00,0.8757,0.00,100439.20,100439.20,0.0000,0.00
2020-09-23,4652.33,14.03,0.8876,0.00,100439.20,100439.20,0.0000,0.00
2020-09-24,4563.07,13.80,0.7654,0.00,100439.20,100439.20,0.0000,0.20
2020-09-25,4570.02,13.82,0.7722,18280.08,82108.36,100388.44,0.1821,0.20
2020-09-28,4581.91,13.87,0.8066,18327.64,82108.36,100436.00,0.1825,0.00
2020-09-29,4591.80,13.89,0.8132,0.00,100540.60,100540.60,0.0000,0.00
2020-09-30,4587.40,13.87,0.7978,0.00,100540.60,100540.60,0.0000,0.20
2020-10-09,4681.14,14.10,0.9130,18724.56,81885.23,100609.79,0.1861,0.00
2020-10-12,4823.16,14.50,0.9838,0.00,100705.04,100705.04,0.0000,0.00
2020-10-13,4839.20,14.52,0.9892,0.00,100705.04,100705.04,0.0000,0.00
2020-10-14,4807.10,14.44,0.9679,0.00,100705.04,100705.04,0.0000,0.00
2020-10-15,4798.74,14.44,0.9628,0.00,100705.04,100705.04,0.0000,0.00
2020-10-16,4791.68,14.46,0.9735,0.00,100705.04,100705.04,0.0000,0.00
2020-10-19,4755.49,14.40,0.9421,0.00,100705.04,100705.04,0.0000,0.00
2020-10-20,4793.47,14.41,0.9424,0.00,100705.04,100705.04,0.0000,0.00
2020-10-21,4792.83,14.44,0.9531,0.00,100705.04,100705.04,0.0000,0.00
2020-10-22,4777.98,14.40,0.9275,0.00,100705.04,100705.04,0.0000,0.00
2020-10-23,4718.49,14.23,0.9021,0.00,100705.04,100705.04,0.0000,0.00
2020-10-26,4691.24,14.13,0.8718,0.00,100705.04,100705.04,0.0000,0.00
2020-10-27,4699.28,14.13,0.8673,0.00,100705.04,100705.04,0.0000,0.00
2020-10-28,4737.27,14.16,0.8985,0.00,100705.04,100705.04,0.0000,0.00
2020-10-29,4772.92,14.03,0.8232,0.00,100705.04,100705.04,0.0000,0.00
2020-10-30,4695.33,13.92,0.7638,0.00,100705.04,100705.04,0.0000,0.20
2020-11-02,4720.83,13.96,0.7900,18883.32,81893.10,100776.42,0.1874,0.20
2020-11-03,4777.56,14.13,0.8607,19110.24,81893.10,101003.34,0.1892,0.00
2020-11-04,4813.66,14.20,0.9010,0.00,101017.95,101017.95,0.0000,0.00
2020-11-05,4885.11,14.38,0.9261,0.00,101017.95,101017.95,0.0000,0.00
2020-11-06,4885.72,14.38,0.9216,0.00,101017.95,101017.95,0.0000,0.00
2020-11-09,4981.35,14.63,0.9951,0.00,101017.95,101017.95,0.0000,0.00
2020-11-10,4953.88,14.58,0.9903,0.00,101017.95,101017.95,0.0000,0.00
2020-11-11,4904.90,14.48,0.9662,0.00,101017.95,101017.95,0.0000,0.00
2020-11-12,4908.46,14.46,0.9567,0.00,101017.95,101017.95,0.0000,0.00
2020-11-13,4856.85,14.30,0.8947,0.00,101017.95,101017.95,0.0000,0.00
2020-11-16,4904.17,14.44,0.9333,0.00,101017.95,101017.95,0.0000,0.00
2020-11-17,4894.79,14.42,0.9242,0.00,101017.95,101017.95,0.0000,0.00
2020-11-18,4891.67,14.44,0.9292,0.00,101017.95,101017.95,0.0000,0.00
2020-11-19,4927.99,14.53,0.9859,0.00,101017.95,101017.95,0.0000,0.00
2020-11-20,4943.29,14.56,0.9860,0.00,101017.95,101017.95,0.0000,0.00
2020-11-23,5005.03,14.75,0.9953,0.00,101017.95,101017.95,0.0000,0.00
2020-11-24,4974.29,14.66,0.9907,0.00,101017.95,101017.95,0.0000,0.00
2020-11-25,4910.70,14.51,0.9539,0.00,101017.95,101017.95,0.0000,0.00
2020-11-26,4919.59,14.55,0.9725,0.00,101017.95,101017.95,0.0000,0.00
2020-11-27,4980.77,14.78,0.9954,0.00,101017.95,101017.95,0.0000,0.00
2020-11-30,4960.25,14.71,0.9864,0.00,101017.95,101017.95,0.0000,0.00
2020-12-01,5067.10,15.00,0.9955,0.00,101017.95,101017.95,0.0000,0.00
2020-12-02,5067.14,14.98,0.9910,0.00,101017.95,101017.95,0.0000,0.00
2020-12-03,5057.06,14.95,0.9865,0.00,101017.95,101017.95,0.0000,0.00
2020-12-04,5065.92,14.95,0.9821,0.00,101017.95,101017.95,0.0000,0.00
2020-12-07,5022.24,14.80,0.9778,0.00,101017.95,101017.95,0.0000,0.00
2020-12-08,5009.88,14.74,0.9646,0.00,101017.95,101017.95,0.0000,0.00
2020-12-09,4942.70,14.58,0.9427,0.00,101017.95,101017.95,0.0000,0.00
2020-12-10,4940.52,14.56,0.9342,0.00,101017.95,101017.95,0.0000,0.00
2020-12-11,4889.63,14.45,0.8821,0.00,101017.95,101017.95,0.0000,0.00
2020-12-14,4934.84,15.01,0.9957,0.00,101017.95,101017.95,0.0000,0.00
2020-12-15,4945.10,15.01,0.9913,0.00,101017.95,101017.95,0.0000,0.00
2020-12-16,4953.87,15.03,0.9957,0.00,101017.95,101017.95,0.0000,0.00
2020-12-17,5017.48,15.20,0.9957,0.00,101017.95,101017.95,0.0000,0.00
2020-12-18,4999.97,15.15,0.9915,0.00,101017.95,101017.95,0.0000,0.00
2020-12-21,5046.84,15.27,0.9957,0.00,101017.95,101017.95,0.0000,0.00
2020-12-22,4964.77,15.01,0.9703,0.00,101017.95,101017.95,0.0000,0.00
2020-12-23,5007.12,15.14,0.9831,0.00,101017.95,101017.95,0.0000,0.00
2020-12-24,5000.02,15.12,0.9790,0.00,101017.95,101017.95,0.0000,0.00
2020-12-25,5042.01,15.23,0.9916,0.00,101017.95,101017.95,0.0000,0.00
2020-12-28,5064.41,15.29,0.9958,0.00,101017.95,101017.95,0.0000,0.00
2020-12-29,5042.94,15.22,0.9834,0.00,101017.95,101017.95,0.0000,0.00
2020-12-30,5113.71,15.39,0.9959,0.00,101017.95,101017.95,0.0000,0.00
2020-12-31,5211.29,15.66,0.9959,0.00,101017.95,101017.95,0.0000,0.00
2021-01-04,5267.72,15.79,0.9959,0.00,101017.95,101017.95,0.0000,0.00
2021-01-05,5368.50,16.03,0.9959,0.00,101017.95,101017.95,0.0000,0.00
2021-01-06,5417.67,16.19,0.9959,0.00,101017.95,101017.95,0.0000,0.00
2021-01-07,5513.66,16.45,0.9960,0.00,101017.95,101017.95,0.0000,0.00
2021-01-08,5495.43,16.42,0.9919,0.00,101017.95,101017.95,0.0000,0.00
2021-01-11,5441.16,16.26,0.9880,0.00,101017.95,101017.95,0.0000,0.00
2021-01-12,5596.35,16.68,0.9960,0.00,101017.95,101017.95,0.0000,0.00
2021-01-13,5577.97,16.66,0.9920,0.00,101017.95,101017.95,0.0000,0.00
2021-01-14,5470.46,16.41,0.9802,0.00,101017.95,101017.95,0.0000,0.00
2021-01-15,5458.08,16.34,0.9763,0.00,101017.95,101017.95,0.0000,0.00
2021-01-18,5518.52,16.46,0.9882,0.00,101017.95,101017.95,0.0000,0.00
2021-01-19,5437.52,16.28,0.9686,0.00,101017.95,101017.95,0.0000,0.00
2021-01-20,5476.43,16.35,0.9727,0.00,101017.95,101017.95,0.0000,0.00
2021-01-21,5564.97,16.58,0.9883,0.00,101017.95,101017.95,0.0000,0.00
2021-01-22,5569.78,16.52,0.9845,0.00,101017.95,101017.95,0.0000,0.00
2021-01-25,5625.92,16.65,0.9884,0.00,101017.95,101017.95,0.0000,0.00
2021-01-26,5512.97,16.37,0.9615,0.00,101017.95,101017.95,0.0000,0.00
2021-01-27,5528.00,16.41,0.9617,0.00,101017.95,101017.95,0.0000,0.00
2021-01-28,5377.14,16.00,0.9313,0.00,101017.95,101017.95,0.0000,0.00
2021-01-29,5351.96,15.95,0.9278,0.00,101017.95,101017.95,0.0000,0.00
2021-02-01,5417.65,16.10,0.9356,0.00,101017.95,101017.95,0.0000,0.00
2021-02-02,5501.09,16.29,0.9472,0.00,101017.95,101017.95,0.0000,0.00
2021-02-03,5485.20,16.22,0.9361,0.00,101017.95,101017.95,0.0000,0.00
2021-02-04,5473.95,16.09,0.9251,0.00,101017.95,101017.95,0.0000,0.00
2021-02-05,5483.41,16.15,0.9291,0.00,101017.95,101017.95,0.0000,0.00
2021-02-08,5564.56,16.33,0.9480,0.00,101017.95,101017.95,0.0000,0.00
2021-02-09,5686.25,16.64,0.9852,0.00,101017.95,101017.95,0.0000,0.00
2021-02-10,5807.72,16.99,0.9963,0.00,101017.95,101017.95,0.0000,0.00
2021-02-18,5768.38,16.92,0.9926,0.00,101017.95,101017.95,0.0000,0.00
2021-02-19,5778.84,16.95,0.9927,0.00,101017.95,101017.95,0.0000,0.00
2021-02-22,5597.33,16.59,0.9708,0.00,101017.95,101017.95,0.0000,0.00
2021-02-23,5579.67,16.54,0.9636,0.00,101017.95,101017.95,0.0000,0.00
2021-02-24,5437.57,16.13,0.9022,0.00,101017.95,101017.95,0.0000,0.00
2021-02-25,5469.56,16.26,0.9134,0.00,101017.95,101017.95,0.0000,0.00
2021-02-26,5336.76,15.87,0.8777,0.00,101017.95,101017.95,0.0000,0.00
2021-03-01,5418.78,16.00,0.8817,0.00,101017.95,101017.95,0.0000,0.00
2021-03-02,5349.63,15.78,0.8679,0.00,101017.95,101017.95,0.0000,0.00
2021-03-03,5452.21,16.12,0.8968,0.00,101017.95,101017.95,0.0000,0.00
2021-03-04,5280.71,15.69,0.8617,0.00,101017.95,101017.95,0.0000,0.00
2021-03-05,5262.80,15.69,0.8587,0.00,101017.95,101017.95,0.0000,0.00
2021-03-08,5080.02,15.22,0.8345,0.00,101017.95,101017.95,0.0000,0.00
2021-03-09,4971.00,14.93,0.7895,0.00,101017.95,101017.95,0.0000,0.20
2021-03-10,5003.61,14.97,0.7972,20014.44,80828.70,100843.14,0.1985,0.20
2021-03-11,5128.22,15.31,0.8502,20512.88,80828.70,101341.58,0.2024,0.00
2021-03-12,5146.38,15.35,0.8507,0.00,101442.35,101442.35,0.0000,0.00
2021-03-15,5035.54,15.11,0.8131,0.00,101442.35,101442.35,0.0000,0.00
2021-03-16,5079.36,15.23,0.8345,0.00,101442.35,101442.35,0.0000,0.00
2021-03-17,5100.86,15.25,0.8385,0.00,101442.35,101442.35,0.0000,0.00
2021-03-18,5141.77,15.34,0.8493,0.00,101442.35,101442.35,0.0000,0.00
2021-03-19,5007.09,14.95,0.7713,0.00,101442.35,101442.35,0.0000,0.20
2021-03-22,5057.15,15.09,0.8027,20228.60,81407.75,101636.35,0.1990,0.00
2021-03-23,5009.25,14.96,0.7763,0.00,101634.97,101634.97,0.0000,0.20
2021-03-24,4928.69,14.76,0.7534,19714.76,81692.38,101407.14,0.1944,0.20
2021-03-25,4926.35,14.71,0.7407,19705.40,81692.38,101397.78,0.1943,0.20
2021-03-26,5037.99,14.98,0.7819,20151.96,81692.38,101844.34,0.1979,0.20
2021-03-29,5046.88,14.78,0.7525,20187.52,81692.38,101879.90,0.1982,0.20
2021-03-30,5094.73,14.87,0.7600,20378.92,81692.38,102071.30,0.1997,0.20
2021-03-31,5048.36,14.61,0.7243,20193.44,81692.38,101885.82,0.1982,0.20
2021-04-01,5110.78,14.74,0.7384,20443.12,81692.38,102135.50,0.2002,0.20
2021-04-02,5161.56,14.85,0.7591,20646.24,81692.38,102338.62,0.2017,0.20
2021-04-06,5140.34,14.81,0.7566,20561.36,81692.38,102253.74,0.2011,0.20
2021-04-07,5103.74,14.73,0.7311,20414.96,81692.38,102107.34,0.1999,0.20
2021-04-08,5112.21,14.75,0.7386,20448.84,81692.38,102141.22,0.2002,0.20
2021-04-09,5035.34,14.56,0.6971,20141.36,81692.38,101833.74,0.1978,0.20
2021-04-12,4947.75,14.35,0.6136,19791.00,81692.38,101483.38,0.1950,0.20
2021-04-13,4939.64,14.32,0.6117,19758.56,81692.38,101450.94,0.1948,0.20
2021-04-14,4980.63,14.42,0.6355,19922.52,81692.38,101614.90,0.1961,0.20
2021-04-15,4948.97,14.29,0.5981,19795.88,81692.38,101488.26,0.1951,0.50
2021-04-16,4966.18,14.34,0.6122,49661.80,51889.49,101551.29,0.4890,0.20
2021-04-19,5087.02,14.60,0.7157,25435.10,76720.30,102155.40,0.2490,0.20
2021-04-20,5083.37,14.57,0.7070,25416.85,76720.30,102137.15,0.2489,0.20
2021-04-21,5098.74,14.58,0.7079,25493.70,76720.30,102214.00,0.2494,0.20
2021-04-22,5089.24,14.50,0.6709,25446.20,76720.30,102166.50,0.2491,0.20
2021-04-23,5135.45,14.56,0.6940,25677.25,76720.30,102397.55,0.2508,0.20
2021-04-26,5077.24,14.36,0.6069,20308.96,81876.63,102185.59,0.1987,0.20
2021-04-27,5090.52,14.31,0.5956,20362.08,81876.63,102238.71,0.1992,0.50
2021-04-28,5119.24,14.35,0.6031,51192.40,51431.29,102623.69,0.4988,0.20
2021-04-29,5164.17,14.14,0.5483,25820.85,77071.40,102892.25,0.2510,0.50
2021-04-30,5123.49,13.52,0.3882,46111.41,56444.93,102556.34,0.4496,0.70
2021-05-06,5061.12,13.41,0.3870,70855.68,30949.66,101805.34,0.6960,0.70
2021-05-07,4996.05,13.29,0.3735,69944.70,30949.66,100894.36,0.6932,0.70
2021-05-10,4992.42,13.31,0.3785,69893.88,30949.66,100843.54,0.6931,0.70
2021-05-11,5023.06,13.38,0.3834,70322.84,30949.66,101272.50,0.6944,0.70
2021-05-12,5044.55,13.45,0.3945,70623.70,30949.66,101573.36,0.6953,0.70
2021-05-13,4992.97,13.32,0.3780,69901.58,30949.66,100851.24,0.6931,0.70
2021-05-14,5110.59,13.60,0.4043,71548.26,30949.66,102497.92,0.6980,0.50
2021-05-17,5184.99,13.77,0.4303,57034.89,46294.82,103329.71,0.5520,0.50
2021-05-18,5187.60,13.78,0.4320,51876.00,51485.49,103361.49,0.5019,0.50
2021-05-19,5172.27,13.73,0.4157,51722.70,51485.49,103208.19,0.5011,0.50
2021-05-20,5186.41,13.76,0.4234,51864.10,51485.49,103349.59,0.5018,0.50
2021-05-21,5134.15,13.63,0.4042,51341.50,51485.49,102826.99,0.4993,0.50
2021-05-24,5155.59,13.68,0.4149,51555.90,51485.49,103041.39,0.5003,0.50
2021-05-25,5318.48,14.07,0.5506,53184.80,51485.49,104670.29,0.5081,0.50
2021-05-26,5320.59,14.09,0.5519,53205.90,51485.49,104691.39,0.5082,0.50
2021-05-27,5338.23,14.12,0.5592,53382.30,51485.49,104867.79,0.5090,0.50
2021-05-28,5321.09,14.10,0.5516,53210.90,51485.49,104696.39,0.5082,0.50
2021-05-31,5331.57,14.09,0.5471,53315.70,51485.49,104801.19,0.5087,0.50
2021-06-01,5341.68,14.12,0.5601,53416.80,51485.49,104902.29,0.5092,0.50
2021-06-02,5289.97,14.01,0.5205,52899.70,51485.49,104385.19,0.5068,0.50
2021-06-03,5255.29,13.93,0.4956,52552.90,51485.49,104038.39,0.5051,0.50
2021-06-04,5282.28,13.99,0.5145,52822.80,51485.49,104308.29,0.5064,0.50
2021-06-07,5277.63,13.99,0.5130,52776.30,51485.49,104261.79,0.5062,0.50
2021-06-08,5232.12,13.90,0.4769,52321.20,51485.49,103806.69,0.5040,0.50
2021-06-09,5236.45,13.92,0.4813,52364.50,51485.49,103849.99,0.5042,0.50
2021-06-10,5271.47,13.99,0.5144,52714.70,51485.49,104200.19,0.5059,0.50
2021-06-11,5224.70,13.89,0.4670,52247.00,51485.49,103732.49,0.5037,0.50
2021-06-15,5166.56,14.23,0.6057,51665.60,51485.49,103151.09,0.5009,0.20
2021-06-16,5080.49,14.04,0.5413,20321.96,82463.44,102785.40,0.1977,0.50
2021-06-17,5101.89,14.05,0.5455,51018.90,52015.64,103034.54,0.4952,0.50
2021-06-18,5102.47,14.04,0.5382,51024.70,52015.64,103040.34,0.4952,0.50
2021-06-21,5090.39,14.01,0.5226,50903.90,52015.64,102919.54,0.4946,0.50
2021-06-22,5122.16,14.10,0.5634,51221.60,52015.64,103237.24,0.4962,0.50
2021-06-23,5147.39,14.15,0.5955,51473.90,52015.64,103489.54,0.4974,0.50
2021-06-24,5155.97,14.18,0.6078,51559.70,52015.64,103575.34,0.4978,0.20
2021-06-25,5239.97,14.39,0.6564,26199.85,77813.35,104013.20,0.2519,0.20
2021-06-28,5251.76,14.40,0.6574,21007.04,83066.70,104073.74,0.2018,0.20
2021-06-29,5190.54,14.24,0.6139,20762.16,83066.70,103828.86,0.2000,0.20
2021-06-30,5224.04,14.32,0.6343,20896.16,83066.70,103962.86,0.2010,0.20
2021-07-01,5229.66,14.33,0.6381,20918.64,83066.70,103985.34,0.2012,0.20
2021-07-02,5081.12,13.98,0.4959,20324.48,83066.70,103391.18,0.1966,0.50
2021-07-05,5085.79,14.01,0.5110,50857.90,52622.49,103480.39,0.4915,0.50
2021-07-06,5083.10,14.00,0.5041,50831.00,52622.49,103453.49,0.4913,0.50
2021-07-07,5140.49,14.11,0.5628,51404.90,52622.49,104027.39,0.4941,0.50
2021-07-08,5088.26,13.95,0.4796,50882.60,52622.49,103505.09,0.4916,0.50
2021-07-09,5069.44,13.89,0.4429,50694.40,52622.49,103316.89,0.4907,0.50
2021-07-12,5132.71,14.01,0.5122,51327.10,52622.49,103949.59,0.4938,0.50
2021-07-13,5142.10,14.03,0.5243,51421.00,52622.49,104043.49,0.4942,0.50
2021-07-14,5083.08,13.87,0.4313,50830.80,52622.49,103453.29,0.4913,0.50
2021-07-15,5151.46,14.01,0.5108,51514.60,52622.49,104137.09,0.4947,0.50
2021-07-16,5094.77,13.87,0.4290,50947.70,52622.49,103570.19,0.4919,0.50
2021-07-19,5113.49,13.89,0.4412,51134.90,52622.49,103757.39,0.4928,0.50
2021-07-20,5108.99,13.87,0.4267,51089.90,52622.49,103712.39,0.4926,0.50
2021-07-21,5144.04,13.95,0.4814,51440.40,52622.49,104062.89,0.4943,0.50
2021-07-22,5151.75,13.99,0.4987,51517.50,52622.49,104139.99,0.4947,0.50
2021-07-23,5089.23,13.87,0.4233,50892.30,52622.49,103514.79,0.4916,0.50
2021-07-26,4925.30,13.45,0.3430,49253.00,52622.49,101875.49,0.4835,0.70
2021-07-27,4751.31,13.03,0.3132,66518.34,32924.39,99442.73,0.6689,0.70
2021-07-28,4760.48,13.06,0.3150,66646.72,32924.39,99571.11,0.6693,0.70
2021-07-29,4850.27,13.23,0.3194,67903.78,32924.39,100828.17,0.6735,0.70
2021-07-30,4811.17,13.12,0.3159,67356.38,32924.39,100280.77,0.6717,0.70
2021-08-02,4933.74,13.42,0.3490,69072.36,32924.39,101996.75,0.6772,0.70
2021-08-03,4934.46,13.39,0.3429,69082.44,32924.39,102006.83,0.6772,0.70
2021-08-04,4978.85,13.49,0.3575,69703.90,32924.39,102628.29,0.6792,0.70
2021-08-05,4948.67,13.41,0.3463,69281.38,32924.39,102205.77,0.6779,0.70
2021-08-06,4921.56,13.35,0.3351,68901.84,32924.39,101826.23,0.6767,0.70
2021-08-09,4985.56,13.51,0.3625,69797.84,32924.39,102722.23,0.6795,0.70
2021-08-10,5043.15,13.64,0.3769,70604.10,32924.39,103528.49,0.6820,0.70
2021-08-11,5015.34,13.60,0.3683,70214.76,32924.39,103139.15,0.6808,0.70
2021-08-12,4973.35,13.52,0.3622,69626.90,32924.39,102551.29,0.6789,0.70
2021-08-13,4945.98,13.45,0.3511,69243.72,32924.39,102168.11,0.6777,0.70
2021-08-16,4941.07,13.41,0.3426,69174.98,32924.39,102099.37,0.6775,0.70
2021-08-17,4837.40,13.15,0.3089,67723.60,32924.39,100647.99,0.6729,0.70
2021-08-18,4894.24,13.31,0.3232,68519.36,32924.39,101443.75,0.6754,0.70
2021-08-19,4862.14,13.22,0.3123,68069.96,32924.39,100994.35,0.6740,0.70
2021-08-20,4769.27,13.00,0.2990,66769.78,32924.39,99694.17,0.6697,0.70
2021-08-23,4835.88,13.14,0.3083,67702.32,32924.39,100626.71,0.6728,0.70
2021-08-24,4888.39,13.25,0.3225,68437.46,32924.39,101361.85,0.6752,0.70
2021-08-25,4898.16,13.26,0.3242,68574.24,32924.39,101498.63,0.6756,0.70
2021-08-26,4801.61,13.03,0.2985,67222.54,32924.39,100146.93,0.6712,0.70
2021-08-27,4827.04,12.96,0.2953,67578.56,32924.39,100502.95,0.6724,0.70
2021-08-30,4813.27,12.60,0.2896,67385.78,32924.39,100310.17,0.6718,0.70
2021-08-31,4805.61,12.41,0.2667,67278.54,32924.39,100202.93,0.6714,0.70
2021-09-01,4869.46,12.59,0.2906,68172.44,32924.39,101096.83,0.6743,0.70
2021-09-02,4869.41,12.60,0.2924,68171.74,32924.39,101096.13,0.6743,0.70
2021-09-03,4843.06,12.55,0.2892,67802.84,32924.39,100727.23,0.6731,0.70
2021-09-06,4933.73,12.75,0.3007,69072.22,32924.39,101996.61,0.6772,0.70
2021-09-07,4992.83,12.90,0.3024,69899.62,32924.39,102824.01,0.6798,0.70
2021-09-08,4972.13,12.87,0.3017,69609.82,32924.39,102534.21,0.6789,0.70
2021-09-09,4970.01,12.90,0.3034,69580.14,32924.39,102504.53,0.6788,0.70
2021-09-10,5013.52,12.98,0.3123,70189.28,32924.39,103113.67,0.6807,0.70
2021-09-13,4991.66,12.98,0.3116,69883.24,32924.39,102807.63,0.6797,0.70
2021-09-14,4917.16,12.79,0.2988,68840.24,32924.39,101764.63,0.6765,0.70
2021-09-15,4867.32,12.68,0.2957,68142.48,32924.39,101066.87,0.6742,0.70
2021-09-16,4807.70,12.54,0.2830,67307.80,32924.39,100232.19,0.6715,0.70
2021-09-17,4855.94,12.62,0.2967,67983.16,32924.39,100907.55,0.6737,0.70
2021-09-22,4821.77,12.56,0.2864,67504.78,32924.39,100429.17,0.6722,0.70
2021-09-23,4853.20,12.62,0.2976,67944.80,32924.39,100869.19,0.6736,0.70
2021-09-24,4849.43,12.58,0.2874,67892.02,32924.39,100816.41,0.6734,0.70
2021-09-27,4877.37,12.64,0.3033,68283.18,32924.39,101207.57,0.6747,0.70
2021-09-28,4883.83,12.69,0.3073,68373.62,32924.39,101298.01,0.6750,0.70
2021-09-29,4833.93,12.55,0.2807,67675.02,32924.39,100599.41,0.6727,0.70
2021-09-30,4866.38,12.61,0.2965,68129.32,32924.39,101053.71,0.6742,0.70
2021-10-08,4929.94,12.77,0.3146,69019.16,32924.39,101943.55,0.6770,0.70
2021-10-11,4936.19,12.80,0.3185,69106.66,32924.39,102031.05,0.6773,0.70
2021-10-12,4883.84,12.67,0.3061,68373.76,32924.39,101298.15,0.6750,0.70
2021-10-13,4940.11,12.76,0.3147,69161.54,32924.39,102085.93,0.6775,0.70
2021-10-14,4913.61,12.70,0.3116,68790.54,32924.39,101714.93,0.6763,0.70
2021-10-15,4932.11,12.76,0.3155,69049.54,32924.39,101973.93,0.6771,0.70
2021-10-18,4874.78,12.64,0.3009,68246.92,32924.39,101171.31,0.6746,0.70
2021-10-19,4922.72,12.77,0.3210,68918.08,32924.39,101842.47,0.6767,0.70
2021-10-20,4910.18,12.73,0.3134,68742.52,32924.39,101666.91,0.6762,0.70
2021-10-21,4928.02,12.78,0.3264,68992.28,32924.39,101916.67,0.6769,0.70
2021-10-22,4959.73,12.82,0.3326,69436.22,32924.39,102360.61,0.6783,0.70
2021-10-25,4979.52,12.86,0.3341,69713.28,32924.39,102637.67,0.6792,0.70
2021-10-26,4963.10,12.80,0.3288,69483.40,32924.39,102407.79,0.6785,0.70
2021-10-27,4898.16,12.62,0.2916,68574.24,32924.39,101498.63,0.6756,0.70
2021-10-28,4864.14,12.50,0.2659,68097.96,32924.39,101022.35,0.6741,0.70
2021-10-29,4908.77,12.67,0.3039,68722.78,32924.39,101647.17,0.6761,0.70
2021-11-01,4890.69,12.43,0.2534,68469.66,32924.39,101394.05,0.6753,0.70
2021-11-02,4839.85,12.30,0.2280,67757.90,32924.39,100682.29,0.6730,0.70
2021-11-03,4821.11,12.24,0.2140,67495.54,32924.39,100419.93,0.6721,0.70
2021-11-04,4868.74,12.35,0.2382,68162.36,32924.39,101086.75,0.6743,0.70
2021-11-05,4842.35,12.27,0.2197,67792.90,32924.39,100717.29,0.6731,0.70
2021-11-08,4848.18,12.28,0.2260,67874.52,32924.39,100798.91,0.6734,0.70
2021-11-09,4846.74,12.28,0.2254,67854.36,32924.39,100778.75,0.6733,0.70
2021-11-10,4821.19,12.21,0.2094,67496.66,32924.39,100421.05,0.6721,0.70
2021-11-11,4898.65,12.39,0.2533,68581.10,32924.39,101505.49,0.6756,0.70
2021-11-12,4888.37,12.35,0.2439,68437.18,32924.39,101361.57,0.6752,0.70
2021-11-15,4882.38,12.33,0.2412,68353.32,32924.39,101277.71,0.6749,0.70
2021-11-16,4883.32,12.34,0.2428,68366.48,32924.39,101290.87,0.6750,0.70
2021-11-17,4885.75,12.35,0.2467,68400.50,32924.39,101324.89,0.6751,0.70
2021-11-18,4837.62,12.25,0.2154,67726.68,32924.39,100651.07,0.6729,0.70
2021-11-19,4890.06,12.38,0.2588,68460.84,32924.39,101385.23,0.6753,0.70
2021-11-22,4912.40,12.43,0.2757,68773.60,32924.39,101697.99,0.6763,0.70
2021-11-23,4913.35,12.44,0.2817,68786.90,32924.39,101711.29,0.6763,0.70
2021-11-24,4916.66,12.46,0.2876,68833.24,32924.39,101757.63,0.6764,0.70
2021-11-25,4896.44,12.40,0.2630,68550.16,32924.39,101474.55,0.6755,0.70
2021-11-26,4860.13,12.31,0.2364,68041.82,32924.39,100966.21,0.6739,0.70
2021-11-29,4851.42,12.28,0.2229,67919.88,32924.39,100844.27,0.6735,0.70
2021-11-30,4832.03,12.25,0.2117,67648.42,32924.39,100572.81,0.6726,0.70
2021-12-01,4843.85,12.30,0.2349,67813.90,32924.39,100738.29,0.6732,0.70
2021-12-02,4856.16,12.34,0.2473,67986.24,32924.39,100910.63,0.6737,0.70
2021-12-03,4901.02,12.44,0.2897,68614.28,32924.39,101538.67,0.6757,0.70
2021-12-06,4892.62,12.43,0.2827,68496.68,32924.39,101421.07,0.6754,0.70
2021-12-07,4922.10,12.49,0.3034,68909.40,32924.39,101833.79,0.6767,0.70
2021-12-08,4995.93,12.65,0.3433,69943.02,32924.39,102867.41,0.6799,0.70
2021-12-09,5078.69,12.84,0.3787,71101.66,32924.39,104026.05,0.6835,0.70
2021-12-10,5055.12,12.78,0.3673,70771.68,32924.39,103696.07,0.6825,0.70
2021-12-13,5083.80,13.72,0.4936,71173.20,32924.39,104097.59,0.6837,0.50
2021-12-14,5049.70,13.62,0.4799,55546.70,48122.68,103669.38,0.5358,0.50
2021-12-15,5005.90,13.52,0.4662,55064.90,48122.68,103187.58,0.5336,0.50
2021-12-16,5034.73,13.60,0.4737,55382.03,48122.68,103504.71,0.5351,0.50
2021-12-17,4954.76,13.42,0.4517,54502.36,48122.68,102625.04,0.5311,0.50
2021-12-20,4880.42,13.25,0.4172,53684.62,48122.68,101807.30,0.5273,0.50
2021-12-21,4913.49,13.35,0.4351,54048.39,48122.68,102171.07,0.5290,0.50
2021-12-22,4914.45,13.34,0.4322,54058.95,48122.68,102181.63,0.5290,0.50
2021-12-23,4948.74,13.43,0.4583,54436.14,48122.68,102558.82,0.5308,0.50
2021-12-24,4921.34,13.36,0.4387,54134.74,48122.68,102257.42,0.5294,0.50
2021-12-27,4919.32,13.35,0.4336,54112.52,48122.68,102235.20,0.5293,0.50
2021-12-28,4955.96,13.43,0.4596,54515.56,48122.68,102638.24,0.5311,0.50
2021-12-29,4883.48,13.25,0.4112,53718.28,48122.68,101840.96,0.5275,0.50
2021-12-30,4921.51,13.33,0.4289,54136.61,48122.68,102259.29,0.5294,0.50
2021-12-31,4940.37,13.37,0.4424,54344.07,48122.68,102466.75,0.5304,0.50
2022-01-04,4917.77,13.33,0.4271,54095.47,48122.68,102218.15,0.5292,0.50
2022-01-05,4868.12,13.23,0.4037,53549.32,48122.68,101672.00,0.5267,0.50
2022-01-06,4818.23,13.12,0.3926,53000.53,48122.68,101123.21,0.5241,0.70
2022-01-07,4822.37,13.16,0.4000,67513.18,33649.00,101162.18,0.6674,0.70
2022-01-10,4844.05,13.21,0.4033,67816.70,33649.00,101465.70,0.6684,0.50
2022-01-11,4797.77,13.09,0.3902,52775.47,48168.30,100943.77,0.5228,0.70
2022-01-12,4845.58,13.19,0.4016,67838.12,33710.91,101549.03,0.6680,0.50
2022-01-13,4765.92,13.02,0.3826,52425.12,48269.27,100694.39,0.5206,0.70
2022-01-14,4726.73,12.88,0.3677,66174.22,34036.83,100211.05,0.6603,0.70
2022-01-17,4767.28,12.94,0.3750,66741.92,34036.83,100778.75,0.6623,0.70
2022-01-18,4813.35,13.08,0.3924,67386.90,34036.83,101423.73,0.6644,0.70
2022-01-19,4780.38,13.00,0.3815,66925.32,34036.83,100962.15,0.6629,0.70
2022-01-20,4823.51,13.11,0.3968,67529.14,34036.83,101565.97,0.6649,0.70
2022-01-21,4779.31,12.99,0.3800,66910.34,34036.83,100947.17,0.6628,0.70
2022-01-24,4786.74,13.00,0.3812,67014.36,34036.83,101051.19,0.6632,0.70
2022-01-25,4678.45,12.72,0.3327,65498.30,34036.83,99535.13,0.6580,0.70
2022-01-26,4712.31,12.82,0.3559,65972.34,34036.83,100009.17,0.6597,0.70
2022-01-27,4619.88,12.60,0.3016,64678.32,34036.83,98715.15,0.6552,0.70
2022-01-28,4563.77,12.44,0.2693,63892.78,34036.83,97929.61,0.6524,0.70
2022-02-07,4634.09,12.69,0.3300,69511.35,29398.02,98909.37,0.7028,0.70
2022-02-08,4608.77,12.69,0.3294,69131.55,29398.02,98529.57,0.7016,0.70
2022-02-09,4652.06,12.79,0.3543,69780.90,29398.02,99178.92,0.7036,0.70
2022-02-10,4639.86,12.77,0.3458,69597.90,29398.02,98995.92,0.7030,0.70
2022-02-11,4601.40,12.72,0.3353,69021.00,29398.02,98419.02,0.7013,0.70
2022-02-14,4551.69,12.56,0.2935,68275.35,29398.02,97673.37,0.6990,0.70
2022-02-15,4600.10,12.65,0.3203,69001.50,29398.02,98399.52,0.7012,0.70
2022-02-16,4617.99,12.70,0.3353,69269.85,29398.02,98667.87,0.7021,0.70
2022-02-17,4629.16,12.71,0.3385,69437.40,29398.02,98835.42,0.7026,0.70
2022-02-18,4651.24,12.78,0.3573,69768.60,29398.02,99166.62,0.7035,0.70
2022-02-21,4634.31,12.73,0.3430,69514.65,29398.02,98912.67,0.7028,0.70
2022-02-22,4574.15,12.59,0.2959,68612.25,29398.02,98010.27,0.7001,0.70
2022-02-23,4623.05,12.68,0.3263,69345.75,29398.02,98743.77,0.7023,0.70
2022-02-24,4529.32,12.45,0.2697,67939.80,29398.02,97337.82,0.6980,0.70
2022-02-25,4573.42,12.53,0.2827,68601.30,29398.02,97999.32,0.7000,0.70
2022-02-28,4581.65,12.57,0.2956,68724.75,29398.02,98122.77,0.7004,0.70
2022-03-01,4619.69,12.66,0.3257,69295.35,29398.02,98693.37,0.7021,0.70
2022-03-02,4578.60,12.58,0.2964,68679.00,29398.02,98077.02,0.7003,0.70
2022-03-03,4551.63,12.54,0.2844,68274.45,29398.02,97672.47,0.6990,0.70
2022-03-04,4496.43,12.40,0.2400,67446.45,29398.02,96844.47,0.6964,0.70
2022-03-07,4352.78,12.06,0.1635,65291.70,29398.02,94689.72,0.6895,1.00
2022-03-08,4265.39,11.83,0.1157,89573.19,3226.87,92800.06,0.9652,1.00
2022-03-09,4226.35,11.71,0.0909,88753.35,3226.87,91980.22,0.9649,1.00
2022-03-10,4292.84,11.84,0.1191,90149.64,3226.87,93376.51,0.9654,1.00
2022-03-11,4306.52,11.83,0.1170,90436.92,3226.87,93663.79,0.9655,1.00
2022-03-14,4174.76,11.50,0.0697,87669.96,3226.87,90896.83,0.9645,1.00
2022-03-15,3983.81,10.98,0.0207,83660.01,3226.87,86886.88,0.9629,1.00
2022-03-16,4156.08,11.38,0.0638,87277.68,3226.87,90504.55,0.9643,1.00
2022-03-17,4237.70,11.56,0.0787,88991.70,3226.87,92218.57,0.9650,1.00
2022-03-18,4265.90,11.72,0.1028,89583.90,3226.87,92810.77,0.9652,1.00
2022-03-21,4258.75,11.69,0.0951,89433.75,3226.87,92660.62,0.9652,1.00
2022-03-22,4255.30,11.71,0.0987,89361.30,3226.87,92588.17,0.9651,1.00
2022-03-23,4276.52,11.76,0.1152,89806.92,3226.87,93033.79,0.9653,1.00
2022-03-24,4251.31,11.70,0.0965,89277.51,3226.87,92504.38,0.9651,1.00
2022-03-25,4174.57,11.54,0.0759,87665.97,3226.87,90892.84,0.9645,1.00
2022-03-28,4148.47,11.52,0.0758,87117.87,3226.87,90344.74,0.9643,1.00
2022-03-29,4134.14,11.50,0.0720,86816.94,3226.87,90043.81,0.9642,1.00
2022-03-30,4254.10,11.73,0.1160,89336.10,3226.87,92562.97,0.9651,1.00
2022-03-31,4222.60,11.72,0.1121,88674.60,3226.87,91901.47,0.9649,1.00
2022-04-01,4276.16,11.83,0.1394,89799.36,3226.87,93026.23,0.9653,1.00
2022-04-06,4263.84,11.82,0.1392,89540.64,3226.87,92767.51,0.9652,1.00
2022-04-07,4209.10,11.68,0.0987,88391.10,3226.87,91617.97,0.9648,1.00
2022-04-08,4230.77,11.76,0.1259,88846.17,3226.87,92073.04,0.9650,1.00
2022-04-11,4100.07,11.45,0.0692,86101.47,3226.87,89328.34,0.9639,1.00
2022-04-12,4179.97,11.63,0.1000,87779.37,3226.87,91006.24,0.9645,1.00
2022-04-13,4139.74,11.55,0.0817,86934.54,3226.87,90161.41,0.9642,1.00
2022-04-14,4191.57,11.68,0.1033,88022.97,3226.87,91249.84,0.9646,1.00
2022-04-15,4188.75,11.66,0.1031,87963.75,3226.87,91190.62,0.9646,1.00
2022-04-18,4166.38,11.56,0.0848,87493.98,3226.87,90720.85,0.9644,1.00
2022-04-19,4134.90,11.51,0.0775,86832.90,3226.87,90059.77,0.9642,1.00
2022-04-20,4070.79,11.36,0.0612,85486.59,3226.87,88713.46,0.9636,1.00
2022-04-21,3995.83,11.18,0.0503,83912.43,3226.87,87139.30,0.9630,1.00
2022-04-22,4013.25,11.24,0.0556,84278.25,3226.87,87505.12,0.9631,1.00
2022-04-25,3814.91,10.76,0.0036,80113.11,3226.87,83339.98,0.9613,1.00
2022-04-26,3784.12,10.67,0.0036,79466.52,3226.87,82693.39,0.9610,1.00
2022-04-27,3895.54,10.87,0.0160,81806.34,3226.87,85033.21,0.9621,1.00
2022-04-28,3921.11,10.92,0.0196,82343.31,3226.87,85570.18,0.9623,1.00
2022-04-29,4016.24,11.21,0.0622,84341.04,3226.87,87567.91,0.9632,1.00
2022-05-05,4010.21,11.11,0.0461,84214.41,3226.87,87441.28,0.9631,1.00
2022-05-06,3908.82,10.85,0.0142,82085.22,3226.87,85312.09,0.9622,1.00
2022-05-09,3877.44,10.79,0.0088,81426.24,3226.87,84653.11,0.9619,1.00
2022-05-10,3919.87,10.87,0.0194,82317.27,3226.87,85544.14,0.9623,1.00
2022-05-11,3976.42,10.99,0.0352,83504.82,3226.87,86731.69,0.9628,1.00
2022-05-12,3958.74,10.96,0.0299,83133.54,3226.87,86360.41,0.9626,1.00
2022-05-13,3988.60,11.05,0.0474,83760.60,3226.87,86987.47,0.9629,1.00
2022-05-16,3956.54,10.97,0.0333,83087.34,3226.87,86314.21,0.9626,1.00
2022-05-17,4005.89,11.09,0.0542,84123.69,3226.87,87350.56,0.9631,1.00
2022-05-18,3991.91,11.05,0.0489,83830.11,3226.87,87056.98,0.9629,1.00
2022-05-19,3999.60,11.07,0.0523,83991.60,3226.87,87218.47,0.9630,1.00
2022-05-20,4077.60,11.26,0.0870,85629.60,3226.87,88856.47,0.9637,1.00
2022-05-23,4053.98,11.20,0.0764,85133.58,3226.87,88360.45,0.9635,1.00
2022-05-24,3959.15,10.99,0.0381,83142.15,3226.87,86369.02,0.9626,1.00
2022-05-25,3983.18,11.06,0.0536,83646.78,3226.87,86873.65,0.9629,1.00
2022-05-26,3993.04,11.09,0.0604,83853.84,3226.87,87080.71,0.9629,1.00
2022-05-27,4001.30,11.12,0.0707,84027.30,3226.87,87254.17,0.9630,1.00
2022-05-30,4029.02,11.18,0.0809,84609.42,3226.87,87836.29,0.9633,1.00
2022-05-31,4091.52,11.32,0.1014,85921.92,3226.87,89148.79,0.9638,1.00
2022-06-01,4083.18,11.30,0.1012,85746.78,3226.87,88973.65,0.9637,1.00
2022-06-02,4089.57,11.31,0.1027,85880.97,3226.87,89107.84,0.9638,1.00
2022-06-06,4166.09,11.47,0.1162,87487.89,3226.87,90714.76,0.9644,1.00
2022-06-07,4179.13,11.50,0.1195,87761.73,3226.87,90988.60,0.9645,1.00
2022-06-08,4219.81,11.61,0.1499,88616.01,3226.87,91842.88,0.9649,1.00
2022-06-09,4175.67,11.53,0.1293,87689.07,3226.87,90915.94,0.9645,1.00
2022-06-10,4238.99,11.70,0.1630,89018.79,3226.87,92245.66,0.9650,1.00
2022-06-13,4189.35,11.70,0.1627,87976.35,3226.87,91203.22,0.9646,1.00
2022-06-14,4222.31,11.82,0.2030,88668.51,3226.87,91895.38,0.9649,0.70
2022-06-15,4278.22,11.95,0.2382,68451.52,24367.26,92818.78,0.7375,0.70
2022-06-16,4250.06,11.84,0.2108,68000.96,24367.26,92368.22,0.7362,0.70
2022-06-17,4309.04,11.97,0.2475,68944.64,24367.26,93311.90,0.7389,0.70
2022-06-20,4330.43,11.97,0.2471,69286.88,24367.26,93654.14,0.7398,0.70
2022-06-21,4325.57,11.98,0.2500,69209.12,24367.26,93576.38,0.7396,0.70
2022-06-22,4270.62,11.83,0.2044,68329.92,24367.26,92697.18,0.7371,0.70
2022-06-23,4343.88,12.02,0.2592,69502.08,24367.26,93869.34,0.7404,0.70
2022-06-24,4394.77,12.12,0.2738,70316.32,24367.26,94683.58,0.7426,0.70
2022-06-27,4444.26,12.23,0.2817,71108.16,24367.26,95475.42,0.7448,0.70
2022-06-28,4490.52,12.32,0.3128,71848.32,24367.26,96215.58,0.7467,0.70
2022-06-29,4421.36,12.18,0.2774,66320.40,28839.77,95160.17,0.6969,0.70
2022-06-30,4485.01,12.31,0.3118,67275.15,28839.77,96114.92,0.6999,0.70
2022-07-01,4466.72,12.26,0.2930,67000.80,28839.77,95840.57,0.6991,0.70
2022-07-04,4496.03,12.33,0.3190,67440.45,28839.77,96280.22,0.7005,0.70
2022-07-05,4489.54,12.31,0.3119,67343.10,28839.77,96182.87,0.7002,0.70
2022-07-06,4423.97,12.15,0.2735,66359.55,28839.77,95199.32,0.6971,0.70
2022-07-07,4443.47,12.18,0.2763,66652.05,28839.77,95491.82,0.6980,0.70
2022-07-08,4428.78,12.13,0.2709,66431.70,28839.77,95271.47,0.6973,0.70
2022-07-11,4354.62,11.95,0.2344,65319.30,28839.77,94159.07,0.6937,0.70
2022-07-12,4313.62,11.84,0.2062,64704.30,28839.77,93544.07,0.6917,0.70
2022-07-13,4321.46,11.84,0.2059,64821.90,28839.77,93661.67,0.6921,0.70
2022-07-14,4322.07,11.81,0.1958,64831.05,28839.77,93670.82,0.6921,1.00
2022-07-15,4248.53,11.61,0.1450,89219.13,3041.66,92260.79,0.9670,1.00
2022-07-18,4292.59,11.74,0.1789,90144.39,3041.66,93186.05,0.9674,1.00
2022-07-19,4269.34,11.70,0.1575,89656.14,3041.66,92697.80,0.9672,1.00
2022-07-20,4283.80,11.75,0.1815,89959.80,3041.66,93001.46,0.9673,1.00
2022-07-21,4236.06,11.62,0.1489,88957.26,3041.66,91998.92,0.9669,1.00
2022-07-22,4238.23,11.63,0.1502,89002.83,3041.66,92044.49,0.9670,1.00
2022-07-25,4212.64,11.58,0.1355,88465.44,3041.66,91507.10,0.9668,1.00
2022-07-26,4245.98,11.65,0.1546,89165.58,3041.66,92207.24,0.9670,1.00
2022-07-27,4225.04,11.58,0.1350,88725.84,3041.66,91767.50,0.9669,1.00
2022-07-28,4225.67,11.58,0.1348,88739.07,3041.66,91780.73,0.9669,1.00
2022-07-29,4170.10,11.44,0.1058,87572.10,3041.66,90613.76,0.9664,1.00
2022-08-01,4188.68,11.48,0.1120,87962.28,3041.66,91003.94,0.9666,1.00
2022-08-02,4107.02,11.28,0.0911,86247.42,3041.66,89289.08,0.9659,1.00
2022-08-03,4066.98,11.18,0.0750,85406.58,3041.66,88448.24,0.9656,1.00
2022-08-04,4101.54,11.28,0.0924,86132.34,3041.66,89174.00,0.9659,1.00
2022-08-05,4156.91,11.41,0.1097,87295.11,3041.66,90336.77,0.9663,1.00
2022-08-08,4148.07,11.39,0.1063,87109.47,3041.66,90151.13,0.9663,1.00
2022-08-09,4156.29,11.41,0.1109,87282.09,3041.66,90323.75,0.9663,1.00
2022-08-10,4109.74,11.30,0.0981,86304.54,3041.66,89346.20,0.9660,1.00
2022-08-11,4193.54,11.52,0.1327,88064.34,3041.66,91106.00,0.9666,1.00
2022-08-12,4191.15,11.50,0.1246,88014.15,3041.66,91055.81,0.9666,1.00
2022-08-15,4185.68,11.47,0.1197,87899.28,3041.66,90940.94,0.9666,1.00
2022-08-16,4177.84,11.43,0.1148,87734.64,3041.66,90776.30,0.9665,1.00
2022-08-17,4216.96,11.53,0.1397,88556.16,3041.66,91597.82,0.9668,1.00
2022-08-18,4180.10,11.43,0.1144,87782.10,3041.66,90823.76,0.9665,1.00
2022-08-19,4151.07,11.38,0.1049,87172.47,3041.66,90214.13,0.9663,1.00
2022-08-22,4181.40,11.45,0.1219,87809.40,3041.66,90851.06,0.9665,1.00
2022-08-23,4161.08,11.39,0.1076,87382.68,3041.66,90424.34,0.9664,1.00
2022-08-24,4082.42,11.18,0.0732,85730.82,3041.66,88772.48,0.9657,1.00
2022-08-25,4116.24,11.29,0.0964,86441.04,3041.66,89482.70,0.9660,1.00
2022-08-26,4107.55,11.21,0.0839,86258.55,3041.66,89300.21,0.9659,1.00
2022-08-29,4089.52,11.11,0.0605,85879.92,3041.66,88921.58,0.9658,1.00
2022-08-30,4075.79,11.10,0.0573,85591.59,3041.66,88633.25,0.9657,1.00
2022-08-31,4078.84,11.02,0.0386,85655.64,3041.66,88697.30,0.9657,1.00
2022-09-01,4043.74,10.95,0.0262,84918.54,3041.66,87960.20,0.9654,1.00
2022-09-02,4023.61,10.89,0.0216,84495.81,3041.66,87537.47,0.9653,1.00
2022-09-05,4015.43,10.90,0.0231,84324.03,3041.66,87365.69,0.9652,1.00
2022-09-06,4052.28,10.98,0.0353,85097.88,3041.66,88139.54,0.9655,1.00
2022-09-07,4054.98,10.99,0.0399,85154.58,3041.66,88196.24,0.9655,1.00
2022-09-08,4037.68,10.96,0.0306,84791.28,3041.66,87832.94,0.9654,1.00
2022-09-09,4093.79,11.10,0.0673,85969.59,3041.66,89011.25,0.9658,1.00
2022-09-13,4111.11,11.13,0.0794,86333.31,3041.66,89374.97,0.9660,1.00
2022-09-14,4065.36,11.02,0.0473,85372.56,3041.66,88414.22,0.9656,1.00
2022-09-15,4027.12,10.95,0.0289,84569.52,3041.66,87611.18,0.9653,1.00
2022-09-16,3932.68,10.70,0.0046,82586.28,3041.66,85627.94,0.9645,1.00
2022-09-19,3928.00,10.70,0.0046,82488.00,3041.66,85529.66,0.9644,1.00
2022-09-20,3932.84,10.70,0.0045,82589.64,3041.66,85631.30,0.9645,1.00
2022-09-21,3903.73,10.65,0.0015,81978.33,3041.66,85019.99,0.9642,1.00
2022-09-22,3869.34,10.59,0.0015,81256.14,3041.66,84297.80,0.9639,1.00
2022-09-23,3856.02,10.60,0.0030,80976.42,3041.66,84018.08,0.9638,1.00
2022-09-26,3836.68,10.51,0.0015,80570.28,3041.66,83611.94,0.9636,1.00
2022-09-27,3892.30,10.64,0.0060,81738.30,3041.66,84779.96,0.9641,1.00
2022-09-28,3828.71,10.51,0.0015,80402.91,3041.66,83444.57,0.9635,1.00
2022-09-29,3827.14,10.50,0.0000,80369.94,3041.66,83411.60,0.9635,1.00
2022-09-30,3804.89,10.47,0.0000,79902.69,3041.66,82944.35,0.9633,1.00
2022-10-10,3720.94,10.29,0.0000,78139.74,3041.66,81181.40,0.9625,1.00
2022-10-11,3727.69,10.30,0.0015,78281.49,3041.66,81323.15,0.9626,1.00
2022-10-12,3784.31,10.43,0.0030,79470.51,3041.66,82512.17,0.9631,1.00
2022-10-13,3752.67,10.34,0.0030,78806.07,3041.66,81847.73,0.9628,1.00
2022-10-14,3842.47,10.52,0.0134,80691.87,3041.66,83733.53,0.9637,1.00
2022-10-17,3846.41,10.51,0.0104,80774.61,3041.66,83816.27,0.9637,1.00
2022-10-18,3838.27,10.48,0.0074,80603.67,3041.66,83645.33,0.9636,1.00
2022-10-19,3776.53,10.34,0.0030,79307.13,3041.66,82348.79,0.9631,1.00
2022-10-20,3754.93,10.30,0.0015,78853.53,3041.66,81895.19,0.9629,1.00
2022-10-21,3742.89,10.25,0.0000,78600.69,3041.66,81642.35,0.9627,1.00
2022-10-24,3633.37,9.98,0.0000,76300.77,3041.66,79342.43,0.9617,1.00
2022-10-25,3627.45,9.97,0.0000,76176.45,3041.66,79218.11,0.9616,1.00
2022-10-26,3656.90,10.04,0.0029,76794.90,3041.66,79836.56,0.9619,1.00
2022-10-27,3631.14,10.00,0.0029,76253.94,3041.66,79295.60,0.9616,1.00
2022-10-28,3541.33,9.73,0.0000,74367.93,3041.66,77409.59,0.9607,1.00
2022-10-31,3508.70,9.61,0.0000,73682.70,3041.66,76724.36,0.9604,1.00
2022-11-01,3634.17,9.89,0.0029,76317.57,3041.66,79359.23,0.9617,1.00
2022-11-02,3677.81,9.99,0.0073,77234.01,3041.66,80275.67,0.9621,1.00
2022-11-03,3647.90,9.92,0.0044,76605.90,3041.66,79647.56,0.9618,1.00
2022-11-04,3767.17,10.20,0.0131,79110.57,3041.66,82152.23,0.9630,1.00
2022-11-07,3775.30,10.22,0.0145,79281.30,3041.66,82322.96,0.9631,1.00
2022-11-08,3749.33,10.17,0.0130,78735.93,3041.66,81777.59,0.9628,1.00
2022-11-09,3714.27,10.08,0.0130,77999.67,3041.66,81041.33,0.9625,1.00
2022-11-10,3685.69,10.03,0.0116,77399.49,3041.66,80441.15,0.9622,1.00
2022-11-11,3788.44,10.28,0.0216,79557.24,3041.66,82598.90,0.9632,1.00
2022-11-14,3794.02,10.29,0.0231,79674.42,3041.66,82716.08,0.9632,1.00
2022-11-15,3865.97,10.45,0.0331,81185.37,3041.66,84227.03,0.9639,1.00
2022-11-16,3834.39,10.38,0.0316,80522.19,3041.66,83563.85,0.9636,1.00
2022-11-17,3818.66,10.33,0.0287,80191.86,3041.66,83233.52,0.9635,1.00
2022-11-18,3801.57,10.30,0.0258,79832.97,3041.66,82874.63,0.9633,1.00
2022-11-21,3769.13,10.22,0.0186,79151.73,3041.66,82193.39,0.9630,1.00
2022-11-22,3769.57,10.28,0.0229,79160.97,3041.66,82202.63,0.9630,1.00
2022-11-23,3773.53,10.31,0.0328,79244.13,3041.66,82285.79,0.9630,1.00
2022-11-24,3756.81,10.26,0.0228,78893.01,3041.66,81934.67,0.9629,1.00
2022-11-25,3775.78,10.37,0.0398,79291.38,3041.66,82333.04,0.9631,1.00
2022-11-28,3733.24,10.25,0.0213,78398.04,3041.66,81439.70,0.9627,1.00
2022-11-29,3848.42,10.54,0.0582,80816.82,3041.66,83858.48,0.9637,1.00
2022-11-30,3853.04,10.57,0.0595,80913.84,3041.66,83955.50,0.9638,1.00
2022-12-01,3894.77,10.64,0.0636,81790.17,3041.66,84831.83,0.9641,1.00
2022-12-02,3870.95,10.57,0.0593,81289.95,3041.66,84331.61,0.9639,1.00
2022-12-05,3946.88,10.81,0.0804,82884.48,3041.66,85926.14,0.9646,1.00
2022-12-06,3968.20,10.86,0.0887,83332.20,3041.66,86373.86,0.9648,1.00
2022-12-07,3958.44,10.80,0.0802,83127.24,3041.66,86168.90,0.9647,1.00
2022-12-08,3959.18,10.80,0.0801,83142.78,3041.66,86184.44,0.9647,1.00
2022-12-09,3998.24,10.88,0.0954,83963.04,3041.66,87004.70,0.9650,1.00
2022-12-12,3953.44,10.80,0.0798,83022.24,3041.66,86063.90,0.9647,1.00
2022-12-13,3945.68,10.80,0.0797,82859.28,3041.66,85900.94,0.9646,1.00
2022-12-14,3954.89,10.81,0.0852,83052.69,3041.66,86094.35,0.9647,1.00
2022-12-15,3951.99,10.79,0.0781,82991.79,3041.66,86033.45,0.9646,1.00
2022-12-16,3954.23,10.81,0.0864,83038.83,3041.66,86080.49,0.9647,1.00
2022-12-19,3893.22,10.63,0.0640,81757.62,3041.66,84799.28,0.9641,1.00
2022-12-20,3829.02,10.48,0.0472,80409.42,3041.66,83451.08,0.9636,1.00
2022-12-21,3830.54,10.49,0.0499,80441.34,3041.66,83483.00,0.9636,1.00
2022-12-22,3836.03,10.51,0.0540,80556.63,3041.66,83598.29,0.9636,1.00
2022-12-23,3828.22,10.50,0.0512,80392.62,3041.66,83434.28,0.9635,1.00
2022-12-26,3843.49,10.52,0.0608,80713.29,3041.66,83754.95,0.9637,1.00
2022-12-27,3887.85,10.64,0.0717,81644.85,3041.66,84686.51,0.9641,1.00
2022-12-28,3871.26,10.62,0.0702,81296.46,3041.66,84338.12,0.9639,1.00
2022-12-29,3856.70,10.56,0.0646,80990.70,3041.66,84032.36,0.9638,1.00
2022-12-30,3871.63,10.59,0.0687,81304.23,3041.66,84345.89,0.9639,1.00
2023-01-03,3887.90,10.65,0.0796,81645.90,3041.66,84687.56,0.9641,1.00
2023-01-04,3892.95,10.69,0.0849,81751.95,3041.66,84793.61,0.9641,1.00
2023-01-05,3968.58,10.85,0.1094,83340.18,3041.66,86381.84,0.9648,1.00
2023-01-06,3980.89,10.89,0.1202,83598.69,3041.66,86640.35,0.9649,1.00
2023-01-09,4013.12,10.96,0.1310,84275.52,3041.66,87317.18,0.9652,1.00
2023-01-10,4017.47,10.95,0.1281,84366.87,3041.66,87408.53,0.9652,1.00
2023-01-11,4010.03,10.96,0.1320,84210.63,3041.66,87252.29,0.9651,1.00
2023-01-12,4017.87,10.99,0.1440,84375.27,3041.66,87416.93,0.9652,1.00
2023-01-13,4074.38,11.13,0.1805,85561.98,3041.66,88603.64,0.9657,1.00
2023-01-16,4137.96,11.23,0.2019,86897.16,3041.66,89938.82,0.9662,0.70
2023-01-17,4137.24,11.20,0.1949,66195.84,23734.82,89930.66,0.7361,1.00
2023-01-18,4130.31,11.20,0.1946,86736.51,3033.29,89769.80,0.9662,1.00
2023-01-19,4156.01,11.25,0.2078,87276.21,3033.29,90309.50,0.9664,0.70
2023-01-20,4181.53,11.33,0.2237,66904.48,23866.45,90770.93,0.7371,0.70
2023-01-30,4201.35,11.35,0.2248,67221.60,23866.45,91088.05,0.7380,0.70
2023-01-31,4156.86,11.26,0.2097,66509.76,23866.45,90376.21,0.7359,0.70
2023-02-01,4195.93,11.36,0.2268,67134.88,23866.45,91001.33,0.7377,0.70
2023-02-02,4181.15,11.33,0.2239,66898.40,23866.45,90764.85,0.7371,0.70
2023-02-03,4141.63,11.24,0.2035,66266.08,23866.45,90132.53,0.7352,0.70
2023-02-06,4086.88,11.12,0.1765,65390.08,23866.45,89256.53,0.7326,1.00
2023-02-07,4094.23,11.13,0.1789,85978.83,3373.87,89352.70,0.9622,1.00
2023-02-08,4076.14,11.08,0.1640,85598.94,3373.87,88972.81,0.9621,1.00
2023-02-09,4130.86,11.22,0.2051,86748.06,3373.87,90121.93,0.9626,0.70
2023-02-10,4106.31,11.17,0.1888,65700.96,23993.34,89694.30,0.7325,1.00
2023-02-13,4143.57,11.24,0.2085,87014.97,3497.92,90512.89,0.9614,0.70
2023-02-14,4145.29,11.26,0.2162,66324.64,24253.13,90577.77,0.7322,0.70
2023-02-15,4123.69,11.21,0.2026,65979.04,24253.13,90232.17,0.7312,0.70
2023-02-16,4093.49,11.16,0.1865,65495.84,24253.13,89748.97,0.7298,1.00
2023-02-17,4034.51,11.03,0.1506,84724.71,3821.01,88545.72,0.9568,1.00
2023-02-20,4133.49,11.31,0.2322,86803.29,3821.01,90624.30,0.9578,0.70
2023-02-21,4144.35,11.34,0.2385,66309.60,24470.27,90779.87,0.7304,0.70
2023-02-22,4106.95,11.24,0.2105,65711.20,24470.27,90181.47,0.7287,0.70
2023-02-23,4103.65,11.23,0.2089,65658.40,24470.27,90128.67,0.7285,0.70
2023-02-24,4061.05,11.12,0.1759,64976.80,24470.27,89447.07,0.7264,1.00
2023-02-27,4043.84,11.09,0.1638,88964.48,226.30,89190.78,0.9975,1.00
2023-02-28,4069.46,11.17,0.1911,89528.12,226.30,89754.42,0.9975,1.00
2023-03-01,4126.94,11.34,0.2431,90792.68,226.30,91018.98,0.9975,0.70
2023-03-02,4117.74,11.33,0.2402,65883.84,24945.01,90828.85,0.7254,0.70
2023-03-03,4130.55,11.42,0.2608,66088.80,24945.01,91033.81,0.7260,0.70
2023-03-06,4109.01,11.37,0.2500,65744.16,24945.01,90689.17,0.7249,0.70
2023-03-07,4048.85,11.25,0.2198,64781.60,24945.01,89726.61,0.7220,0.70
2023-03-08,4034.11,11.22,0.2091,64545.76,24945.01,89490.77,0.7213,0.70
2023-03-09,4019.85,11.20,0.1984,64317.60,24945.01,89262.61,0.7205,1.00
2023-03-10,3967.14,11.03,0.1477,87277.08,993.01,88270.09,0.9888,1.00
2023-03-13,4008.69,11.20,0.1992,88191.18,993.01,89184.19,0.9889,1.00
2023-03-14,3984.70,11.12,0.1757,87663.40,993.01,88656.41,0.9888,1.00
2023-03-15,3986.90,11.16,0.1884,87711.80,993.01,88704.81,0.9888,1.00
2023-03-16,3939.15,11.10,0.1662,86661.30,993.01,87654.31,0.9887,1.00
2023-03-17,3958.82,11.18,0.1969,87094.04,993.01,88087.05,0.9887,1.00
2023-03-20,3939.08,11.10,0.1658,86659.76,993.01,87652.77,0.9887,1.00
2023-03-21,3982.38,11.17,0.1938,87612.36,993.01,88605.37,0.9888,1.00
2023-03-22,3999.44,11.23,0.2205,87987.68,993.01,88980.69,0.9888,0.70
2023-03-23,4039.09,11.34,0.2548,64625.44,24907.75,89533.19,0.7218,0.70
2023-03-24,4027.05,11.27,0.2379,64432.80,24907.75,89340.55,0.7212,0.70
2023-03-27,4012.48,11.19,0.2043,64199.68,24907.75,89107.43,0.7205,0.70
2023-03-28,3999.51,11.20,0.2054,63992.16,24907.75,88899.91,0.7198,0.70
2023-03-29,4006.14,11.20,0.2051,64098.24,24907.75,89005.99,0.7202,0.70
2023-03-30,4038.53,11.27,0.2405,64616.48,24907.75,89524.23,0.7218,0.70
2023-03-31,4050.93,11.27,0.2402,64814.88,24907.75,89722.63,0.7224,0.70
2023-04-03,4090.57,11.38,0.2690,65449.12,24907.75,90356.87,0.7243,0.70
2023-04-04,4103.11,11.48,0.2915,65649.76,24907.75,90557.51,0.7250,0.70
2023-04-06,4096.64,11.47,0.2886,65546.24,24907.75,90453.99,0.7246,0.70
2023-04-07,4123.28,11.52,0.3034,65972.48,24907.75,90880.23,0.7259,0.70
2023-04-10,4104.81,11.50,0.2955,65676.96,24907.75,90584.71,0.7250,0.70
2023-04-11,4100.15,11.48,0.2913,65602.40,24907.75,90510.15,0.7248,0.70
2023-04-12,4097.29,11.52,0.3048,65556.64,24907.75,90464.39,0.7247,0.70
2023-04-13,4068.98,11.47,0.2868,65103.68,24907.75,90011.43,0.7233,0.70
2023-04-14,4092.00,11.56,0.3166,65472.00,24907.75,90379.75,0.7244,0.70
2023-04-17,4149.38,11.78,0.3739,66390.08,24907.75,91297.83,0.7272,0.70
2023-04-18,4162.03,11.89,0.4035,66592.48,24907.75,91500.23,0.7278,0.50
2023-04-19,4124.56,11.79,0.3780,45370.16,45703.66,91073.82,0.4982,0.70
2023-04-20,4113.02,11.79,0.3775,61695.30,29211.04,90906.34,0.6787,0.70
2023-04-21,4032.57,11.56,0.3146,60488.55,29211.04,89699.59,0.6743,0.70
2023-04-24,3982.64,11.48,0.2893,59739.60,29211.04,88950.64,0.6716,0.70
2023-04-25,3962.67,11.44,0.2790,59440.05,29211.04,88651.09,0.6705,0.70
2023-04-26,3959.23,11.39,0.2674,59388.45,29211.04,88599.49,0.6703,0.70
2023-04-27,3988.42,11.42,0.2758,59826.30,29211.04,89037.34,0.6719,0.70
2023-04-28,4029.09,11.47,0.2866,60436.35,29211.04,89647.39,0.6742,0.70
2023-05-04,4030.25,11.56,0.3185,60453.75,29211.04,89664.79,0.6742,0.70
2023-05-05,4016.88,11.53,0.3119,60253.20,29211.04,89464.24,0.6735,0.70
2023-05-08,4062.66,11.80,0.3869,60939.90,29211.04,90150.94,0.6760,0.70
2023-05-09,4027.88,11.67,0.3469,60418.20,29211.04,89629.24,0.6741,0.70
2023-05-10,3996.87,11.50,0.2972,59953.05,29211.04,89164.09,0.6724,0.70
2023-05-11,3990.66,11.45,0.2820,59859.90,29211.04,89070.94,0.6720,0.70
2023-05-12,3937.76,11.31,0.2448,59066.40,29211.04,88277.44,0.6691,0.70
2023-05-15,3998.89,11.47,0.2862,59983.35,29211.04,89194.39,0.6725,0.70
2023-05-16,3978.21,11.40,0.2687,59673.15,29211.04,88884.19,0.6714,0.70
2023-05-17,3960.17,11.32,0.2475,59402.55,29211.04,88613.59,0.6704,0.70
2023-05-18,3956.07,11.38,0.2619,59341.05,29211.04,88552.09,0.6701,0.70
2023-05-19,3944.54,11.32,0.2469,59168.10,29211.04,88379.14,0.6695,0.70
2023-05-22,3969.33,11.38,0.2625,59539.95,29211.04,88750.99,0.6709,0.70
2023-05-23,3913.19,11.19,0.1951,58697.85,29211.04,87908.89,0.6677,1.00
2023-05-24,3859.09,11.00,0.1352,84899.98,1883.21,86783.19,0.9783,1.00
2023-05-25,3850.50,10.97,0.1241,84711.00,1883.21,86594.21,0.9783,1.00
2023-05-26,3850.95,11.00,0.1361,84720.90,1883.21,86604.11,0.9783,1.00
2023-05-29,3833.94,11.02,0.1383,84346.68,1883.21,86229.89,0.9782,1.00
2023-05-30,3837.75,11.03,0.1430,84430.50,1883.21,86313.71,0.9782,1.00
2023-05-31,3798.54,10.93,0.1126,83567.88,1883.21,85451.09,0.9780,1.00
2023-06-01,3806.87,10.97,0.1245,83751.14,1883.21,85634.35,0.9780,1.00
2023-06-02,3861.83,11.08,0.1594,84960.26,1883.21,86843.47,0.9783,1.00
2023-06-05,3844.25,11.07,0.1556,84573.50,1883.21,86456.71,0.9782,1.00
2023-06-06,3808.16,11.00,0.1373,83779.52,1883.21,85662.73,0.9780,1.00
2023-06-07,3789.34,10.96,0.1179,83365.48,1883.21,85248.69,0.9779,1.00
2023-06-08,3820.19,11.08,0.1623,84044.18,1883.21,85927.39,0.9781,1.00
2023-06-09,3836.70,11.14,0.1909,84407.40,1883.21,86290.61,0.9782,1.00
2023-06-12,3844.43,11.10,0.1691,84577.46,1883.21,86460.67,0.9782,1.00
2023-06-13,3864.91,11.12,0.1808,85028.02,1883.21,86911.23,0.9783,1.00
2023-06-14,3864.02,11.08,0.1615,85008.44,1883.21,86891.65,0.9783,1.00
2023-06-15,3925.50,11.22,0.2270,86361.00,1883.21,88244.21,0.9787,0.70
2023-06-16,3963.35,11.29,0.2542,63413.60,25475.29,88888.89,0.7134,0.70
2023-06-19,3930.91,11.20,0.2122,62894.56,25475.29,88369.85,0.7117,0.70
2023-06-20,3924.24,11.14,0.1929,62787.84,25475.29,88263.13,0.7114,1.00
2023-06-21,3864.03,11.00,0.1367,85008.66,2019.52,87028.18,0.9768,1.00
2023-06-26,3809.70,10.86,0.0986,83813.40,2019.52,85832.92,0.9765,1.00
2023-06-27,3845.43,10.98,0.1281,84599.46,2019.52,86618.98,0.9767,1.00
2023-06-28,3840.80,10.96,0.1173,84497.60,2019.52,86517.12,0.9767,1.00
2023-06-29,3821.84,10.92,0.1089,84080.48,2019.52,86100.00,0.9765,1.00
2023-06-30,3842.45,10.97,0.1265,84533.90,2019.52,86553.42,0.9767,1.00
2023-07-03,3892.88,11.13,0.1924,85643.36,2019.52,87662.88,0.9770,1.00
2023-07-04,3899.01,11.13,0.1922,85778.22,2019.52,87797.74,0.9770,1.00
2023-07-05,3868.81,11.04,0.1555,85113.82,2019.52,87133.34,0.9768,1.00
2023-07-06,3842.75,10.97,0.1259,84540.50,2019.52,86560.02,0.9767,1.00
2023-07-07,3825.70,10.93,0.1116,84165.40,2019.52,86184.92,0.9766,1.00
2023-07-10,3844.33,10.96,0.1185,84575.26,2019.52,86594.78,0.9767,1.00
2023-07-11,3869.49,11.02,0.1489,85128.78,2019.52,87148.30,0.9768,1.00
2023-07-12,3843.44,10.95,0.1148,84555.68,2019.52,86575.20,0.9767,1.00
2023-07-13,3898.42,11.12,0.1918,85765.24,2019.52,87784.76,0.9770,1.00
2023-07-14,3899.10,11.12,0.1916,85780.20,2019.52,87799.72,0.9770,1.00
2023-07-17,3867.17,10.99,0.1389,85077.74,2019.52,87097.26,0.9768,1.00
2023-07-18,3854.94,10.94,0.1131,84808.68,2019.52,86828.20,0.9767,1.00
2023-07-19,3850.87,10.94,0.1129,84719.14,2019.52,86738.66,0.9767,1.00
2023-07-20,3823.69,10.86,0.0965,84121.18,2019.52,86140.70,0.9766,1.00
2023-07-21,3821.91,10.85,0.0929,84082.02,2019.52,86101.54,0.9765,1.00
2023-07-24,3805.22,10.82,0.0905,83714.84,2019.52,85734.36,0.9764,1.00
2023-07-25,3915.12,11.11,0.1935,86132.64,2019.52,88152.16,0.9771,1.00
2023-07-26,3907.01,11.07,0.1725,85954.22,2019.52,87973.74,0.9770,1.00
2023-07-27,3902.35,11.07,0.1723,85851.70,2019.52,87871.22,0.9770,1.00
2023-07-28,3992.74,11.33,0.2898,87840.28,2019.52,89859.80,0.9775,0.70
2023-07-31,4014.63,11.36,0.2987,64234.08,26131.65,90365.73,0.7108,0.70
2023-08-01,3998.00,11.34,0.2938,63968.00,26131.65,90099.65,0.7100,0.70
2023-08-02,3969.90,11.21,0.2463,63518.40,26131.65,89650.05,0.7085,0.70
2023-08-03,4004.98,11.29,0.2770,64079.68,26131.65,90211.33,0.7103,0.70
2023-08-04,4020.58,11.36,0.3008,64329.28,26131.65,90460.93,0.7111,0.70
2023-08-07,3990.15,11.28,0.2729,63842.40,26131.65,89974.05,0.7096,0.70
2023-08-08,3979.73,11.26,0.2658,63675.68,26131.65,89807.33,0.7090,0.70
2023-08-09,3967.57,11.23,0.2529,63481.12,26131.65,89612.77,0.7084,0.70
2023-08-10,3975.72,11.26,0.2663,63611.52,26131.65,89743.17,0.7088,0.70
2023-08-11,3884.25,11.02,0.1530,62148.00,26131.65,88279.65,0.7040,1.00
2023-08-14,3855.91,10.94,0.1140,84830.02,3085.16,87915.18,0.9649,1.00
2023-08-15,3846.54,10.93,0.1116,84623.88,3085.16,87709.04,0.9648,1.00
2023-08-16,3818.33,10.84,0.0910,84003.26,3085.16,87088.42,0.9646,1.00
2023-08-17,3831.10,10.85,0.0932,84284.20,3085.16,87369.36,0.9647,1.00
2023-08-18,3784.00,10.75,0.0749,83248.00,3085.16,86333.16,0.9643,1.00
2023-08-21,3729.56,10.62,0.0601,82050.32,3085.16,85135.48,0.9638,1.00
2023-08-22,3758.23,10.75,0.0759,82681.06,3085.16,85766.22,0.9640,1.00
2023-08-23,3696.63,10.62,0.0600,81325.86,3085.16,84411.02,0.9635,1.00
2023-08-24,3723.43,10.66,0.0701,81915.46,3085.16,85000.62,0.9637,1.00
2023-08-25,3709.15,10.63,0.0632,81601.30,3085.16,84686.46,0.9636,1.00
2023-08-28,3752.62,10.84,0.0970,82557.64,3085.16,85642.80,0.9640,1.00
2023-08-29,3790.11,10.87,0.1092,83382.42,3085.16,86467.58,0.9643,1.00
2023-08-30,3788.51,10.95,0.1294,83347.22,3085.16,86432.38,0.9643,1.00
2023-08-31,3765.27,10.99,0.1539,82835.94,3085.16,85921.10,0.9641,1.00
2023-09-01,3791.49,11.05,0.1807,83412.78,3085.16,86497.94,0.9643,1.00
2023-09-04,3848.95,11.22,0.2623,84676.90,3085.16,87762.06,0.9648,0.70
2023-09-05,3820.32,11.13,0.2195,61125.12,26121.49,87246.61,0.7006,0.70
2023-09-06,3812.03,11.12,0.2114,60992.48,26121.49,87113.97,0.7001,0.70
2023-09-07,3758.47,11.00,0.1609,60135.52,26121.49,86257.01,0.6972,1.00
2023-09-08,3739.99,10.96,0.1339,82279.78,3634.46,85914.24,0.9577,1.00
2023-09-11,3767.54,11.03,0.1739,82885.88,3634.46,86520.34,0.9580,1.00
2023-09-12,3760.60,11.01,0.1670,82733.20,3634.46,86367.66,0.9579,1.00
2023-09-13,3736.65,10.97,0.1435,82206.30,3634.46,85840.76,0.9577,1.00
2023-09-14,3733.51,11.00,0.1622,82137.22,3634.46,85771.68,0.9576,1.00
2023-09-15,3708.78,10.93,0.1199,81593.16,3634.46,85227.62,0.9574,1.00
2023-09-18,3727.71,10.96,0.1341,82009.62,3634.46,85644.08,0.9576,1.00
2023-09-19,3720.50,10.98,0.1517,81851.00,3634.46,85485.46,0.9575,1.00
2023-09-20,3705.69,10.95,0.1283,81525.18,3634.46,85159.64,0.9573,1.00
2023-09-21,3672.44,10.86,0.1039,80793.68,3634.46,84428.14,0.9570,1.00
2023-09-22,3738.93,11.02,0.1744,82256.46,3634.46,85890.92,0.9577,1.00
2023-09-25,3714.60,10.96,0.1356,81721.20,3634.46,85355.66,0.9574,1.00
2023-09-26,3692.89,10.90,0.1156,81243.58,3634.46,84878.04,0.9572,1.00
2023-09-27,3700.50,10.90,0.1155,81411.00,3634.46,85045.46,0.9573,1.00
2023-09-28,3689.52,10.87,0.1077,81169.44,3634.46,84803.90,0.9571,1.00
2023-10-09,3684.73,10.87,0.1076,81064.06,3634.46,84698.52,0.9571,1.00
2023-10-10,3657.13,10.79,0.0811,80456.86,3634.46,84091.32,0.9568,1.00
2023-10-11,3667.55,10.81,0.0887,80686.10,3634.46,84320.56,0.9569,1.00
2023-10-12,3702.38,10.94,0.1302,81452.36,3634.46,85086.82,0.9573,1.00
2023-10-13,3663.41,10.88,0.1148,80595.02,3634.46,84229.48,0.9569,1.00
2023-10-16,3626.60,10.81,0.0884,79785.20,3634.46,83419.66,0.9564,1.00
2023-10-17,3639.40,10.88,0.1156,80066.80,3634.46,83701.26,0.9566,1.00
2023-10-18,3610.58,10.82,0.0948,79432.76,3634.46,83067.22,0.9562,1.00
2023-10-19,3533.54,10.59,0.0544,81271.42,45.77,81317.19,0.9994,1.00
2023-10-20,3510.59,10.50,0.0402,80743.57,45.77,80789.34,0.9994,1.00
2023-10-23,3474.24,10.40,0.0337,79907.52,45.77,79953.29,0.9994,1.00
2023-10-24,3487.13,10.40,0.0336,80203.99,45.77,80249.76,0.9994,1.00
2023-10-25,3504.46,10.38,0.0325,80602.58,45.77,80648.35,0.9994,1.00
2023-10-26,3514.14,10.46,0.0390,80825.22,45.77,80870.99,0.9994,1.00
2023-10-27,3562.39,10.54,0.0551,81934.97,45.77,81980.74,0.9994,1.00
2023-10-30,3583.77,10.59,0.0605,82426.71,45.77,82472.48,0.9994,1.00
2023-10-31,3572.51,10.64,0.0712,82167.73,45.77,82213.50,0.9994,1.00
2023-11-01,3571.03,10.66,0.0776,82133.69,45.77,82179.46,0.9994,1.00
2023-11-02,3554.19,10.63,0.0689,81746.37,45.77,81792.14,0.9994,1.00
2023-11-03,3584.14,10.69,0.0828,82435.22,45.77,82480.99,0.9994,1.00
2023-11-06,3632.61,10.75,0.0881,83550.03,45.77,83595.80,0.9995,1.00
2023-11-07,3619.76,10.72,0.0880,83254.48,45.77,83300.25,0.9995,1.00
2023-11-08,3611.07,10.69,0.0825,83054.61,45.77,83100.38,0.9994,1.00
2023-11-09,3612.83,10.72,0.0889,83095.09,45.77,83140.86,0.9994,1.00
2023-11-10,3586.49,10.67,0.0813,82489.27,45.77,82535.04,0.9994,1.00
2023-11-13,3579.41,10.65,0.0759,82326.43,45.77,82372.20,0.9994,1.00
2023-11-14,3582.06,10.66,0.0790,82387.38,45.77,82433.15,0.9994,1.00
2023-11-15,3607.25,10.73,0.0938,82966.75,45.77,83012.52,0.9994,1.00
2023-11-16,3572.36,10.65,0.0756,82164.28,45.77,82210.05,0.9994,1.00
2023-11-17,3568.07,10.62,0.0649,82065.61,45.77,82111.38,0.9994,1.00
2023-11-20,3576.32,10.64,0.0723,82255.36,45.77,82301.13,0.9994,1.00
2023-11-21,3581.07,10.66,0.0817,82364.61,45.77,82410.38,0.9994,1.00
2023-11-22,3544.42,10.58,0.0594,81521.66,45.77,81567.43,0.9994,1.00
2023-11-23,3561.52,10.62,0.0657,81914.96,45.77,81960.73,0.9994,1.00
2023-11-24,3538.01,10.57,0.0571,81374.23,45.77,81420.00,0.9994,1.00
2023-11-27,3511.94,10.49,0.0423,80774.62,45.77,80820.39,0.9994,1.00
2023-11-28,3518.52,10.50,0.0444,80925.96,45.77,80971.73,0.9994,1.00
2023-11-29,3488.31,10.42,0.0359,80231.13,45.77,80276.90,0.9994,1.00
2023-11-30,3496.20,10.48,0.0411,80412.60,45.77,80458.37,0.9994,1.00
2023-12-01,3482.88,10.46,0.0389,80106.24,45.77,80152.01,0.9994,1.00
2023-12-04,3460.14,10.40,0.0336,79583.22,45.77,79628.99,0.9994,1.00
2023-12-05,3394.26,10.23,0.0158,78067.98,45.77,78113.75,0.9994,1.00
2023-12-06,3399.60,10.20,0.0126,78190.80,45.77,78236.57,0.9994,1.00
2023-12-07,3391.28,10.19,0.0126,77999.44,45.77,78045.21,0.9994,1.00
2023-12-08,3399.46,10.22,0.0157,78187.58,45.77,78233.35,0.9994,1.00
2023-12-11,3419.45,10.28,0.0230,78647.35,45.77,78693.12,0.9994,1.00
2023-12-12,3426.80,10.32,0.0324,78816.40,45.77,78862.17,0.9994,1.00
2023-12-13,3369.61,10.18,0.0125,77501.03,45.77,77546.80,0.9994,1.00
2023-12-14,3351.96,10.13,0.0115,77095.08,45.77,77140.85,0.9994,1.00
2023-12-15,3341.55,10.09,0.0115,76855.65,45.77,76901.42,0.9994,1.00
2023-12-18,3329.37,10.09,0.0114,76575.51,45.77,76621.28,0.9994,1.00
2023-12-19,3334.04,10.11,0.0135,76682.92,45.77,76728.69,0.9994,1.00
2023-12-20,3297.50,10.02,0.0083,75842.50,45.77,75888.27,0.9994,1.00
2023-12-21,3330.87,10.08,0.0114,76610.01,45.77,76655.78,0.9994,1.00
2023-12-22,3337.23,10.12,0.0166,76756.29,45.77,76802.06,0.9994,1.00
2023-12-25,3347.45,10.16,0.0186,76991.35,45.77,77037.12,0.9994,1.00
2023-12-26,3324.79,10.12,0.0165,76470.17,45.77,76515.94,0.9994,1.00
2023-12-27,3336.36,10.18,0.0217,76736.28,45.77,76782.05,0.9994,1.00
2023-12-28,3414.54,10.33,0.0444,78534.42,45.77,78580.19,0.9994,1.00
2023-12-29,3431.11,10.38,0.0495,78915.53,45.77,78961.30,0.9994,1.00
2024-01-02,3386.35,10.37,0.0484,77886.05,45.77,77931.82,0.9994,1.00
2024-01-03,3378.30,10.31,0.0422,77700.90,45.77,77746.67,0.9994,1.00
2024-01-04,3347.05,10.27,0.0339,76982.15,45.77,77027.92,0.9994,1.00
2024-01-05,3329.11,10.22,0.0267,76569.53,45.77,76615.30,0.9994,1.00
2024-01-08,3286.06,10.12,0.0164,75579.38,45.77,75625.15,0.9994,1.00
2024-01-09,3292.50,10.12,0.0164,75727.50,45.77,75773.27,0.9994,1.00
2024-01-10,3277.13,10.06,0.0113,75373.99,45.77,75419.76,0.9994,1.00
2024-01-11,3295.67,10.05,0.0112,75800.41,45.77,75846.18,0.9994,1.00
2024-01-12,3284.17,10.04,0.0102,75535.91,45.77,75581.68,0.9994,1.00
2024-01-15,3280.92,10.06,0.0133,75461.16,45.77,75506.93,0.9994,1.00
2024-01-16,3300.88,10.12,0.0204,75920.24,45.77,75966.01,0.9994,1.00
2024-01-17,3229.08,9.93,0.0041,74268.84,45.77,74314.61,0.9994,1.00
2024-01-18,3274.73,10.03,0.0102,75318.79,45.77,75364.56,0.9994,1.00
2024-01-19,3269.78,10.01,0.0091,75204.94,45.77,75250.71,0.9994,1.00
2024-01-22,3218.90,9.89,0.0020,74034.70,45.77,74080.47,0.9994,1.00
2024-01-23,3231.93,9.91,0.0041,74334.39,45.77,74380.16,0.9994,1.00
2024-01-24,3277.11,10.09,0.0223,75373.53,45.77,75419.30,0.9994,1.00
2024-01-25,3342.92,10.34,0.0617,76887.16,45.77,76932.93,0.9994,1.00
2024-01-26,3333.82,10.38,0.0667,76677.86,45.77,76723.63,0.9994,1.00
2024-01-29,3303.96,10.35,0.0646,75991.08,45.77,76036.85,0.9994,1.00
2024-01-30,3245.04,10.19,0.0363,74635.92,45.77,74681.69,0.9994,1.00
2024-01-31,3215.35,10.16,0.0323,73953.05,45.77,73998.82,0.9994,1.00
2024-02-01,3217.71,10.11,0.0252,74007.33,45.77,74053.10,0.9994,1.00
2024-02-02,3179.63,10.06,0.0181,73131.49,45.77,73177.26,0.9994,1.00
2024-02-05,3200.42,10.17,0.0362,73609.66,45.77,73655.43,0.9994,1.00
2024-02-06,3311.69,10.42,0.0793,76168.87,45.77,76214.64,0.9994,1.00
2024-02-07,3343.63,10.47,0.0853,76903.49,45.77,76949.26,0.9994,1.00
2024-02-08,3364.93,10.49,0.0902,77393.39,45.77,77439.16,0.9994,1.00
2024-02-19,3403.81,10.69,0.1401,78287.63,45.77,78333.40,0.9994,1.00
2024-02-20,3410.85,10.73,0.1490,78449.55,45.77,78495.32,0.9994,1.00
2024-02-21,3456.87,10.85,0.1748,79508.01,45.77,79553.78,0.9994,1.00
2024-02-22,3486.67,10.96,0.2166,80193.41,45.77,80239.18,0.9994,0.70
2024-02-23,3489.74,10.96,0.2164,59325.58,20992.76,80318.34,0.7386,0.70
2024-02-26,3453.36,10.79,0.1554,58707.12,20992.76,79699.88,0.7366,1.00
2024-02-27,3494.79,10.90,0.1960,80380.17,351.43,80731.60,0.9956,1.00
2024-02-28,3450.26,10.76,0.1531,79355.98,351.43,79707.41,0.9956,1.00
2024-02-29,3516.08,10.91,0.2006,80869.84,351.43,81221.27,0.9957,0.70
2024-03-01,3537.80,10.95,0.2133,60142.60,21440.73,81583.33,0.7372,0.70
2024-03-04,3540.87,11.00,0.2507,60194.79,21440.73,81635.52,0.7374,0.70
2024-03-05,3565.51,11.10,0.2901,60613.67,21440.73,82054.40,0.7387,0.70
2024-03-06,3551.05,11.04,0.2700,60367.85,21440.73,81808.58,0.7379,0.70
2024-03-07,3529.72,11.03,0.2648,60005.24,21440.73,81445.97,0.7367,0.70
2024-03-08,3544.91,11.10,0.2912,60263.47,21440.73,81704.20,0.7376,0.70
2024-03-11,3589.26,11.15,0.3215,61017.42,21440.73,82458.15,0.7400,0.70
2024-03-12,3597.49,11.07,0.2778,61157.33,21440.73,82598.06,0.7404,0.70
2024-03-13,3572.36,10.99,0.2421,60730.12,21440.73,82170.85,0.7391,0.70
2024-03-14,3562.22,10.99,0.2419,60557.74,21440.73,81998.47,0.7385,0.70
2024-03-15,3569.99,11.00,0.2505,60689.83,21440.73,82130.56,0.7389,0.70
2024-03-18,3603.53,11.08,0.2866,61260.01,21440.73,82700.74,0.7407,0.70
2024-03-19,3577.63,11.02,0.2588,60819.71,21440.73,82260.44,0.7394,0.70
2024-03-20,3585.38,11.09,0.2919,60951.46,21440.73,82392.19,0.7398,0.70
2024-03-21,3581.09,11.07,0.2798,60878.53,21440.73,82319.26,0.7395,0.70
2024-03-22,3545.00,11.03,0.2659,60265.00,21440.73,81705.73,0.7376,0.70
2024-03-25,3525.76,11.01,0.2568,59937.92,21440.73,81378.65,0.7365,0.70
2024-03-26,3543.75,11.07,0.2810,60243.75,21440.73,81684.48,0.7375,0.70
2024-03-27,3502.79,10.98,0.2349,59547.43,21440.73,80988.16,0.7353,0.70
2024-03-28,3520.96,11.04,0.2736,59856.32,21440.73,81297.05,0.7363,0.70
2024-03-29,3537.48,11.21,0.3551,60137.16,21440.73,81577.89,0.7372,0.70
2024-04-01,3595.65,11.36,0.4072,61126.05,21440.73,82566.78,0.7403,0.50
2024-04-02,3580.68,11.37,0.4117,42968.16,39405.93,82374.09,0.5216,0.50
2024-04-03,3567.80,11.34,0.4016,42813.60,39405.93,82219.53,0.5207,0.50
2024-04-08,3536.41,11.29,0.3857,42436.92,39405.93,81842.85,0.5185,0.70
2024-04-09,3533.49,11.25,0.3708,56535.84,25271.71,81807.55,0.6911,0.70
2024-04-10,3504.71,11.19,0.3414,56075.36,25271.71,81347.07,0.6893,0.70
2024-04-11,3504.24,11.18,0.3362,56067.84,25271.71,81339.55,0.6893,0.70
2024-04-12,3475.84,11.10,0.2973,55613.44,25271.71,80885.15,0.6876,0.70
2024-04-15,3549.08,11.37,0.4147,56785.28,25271.71,82056.99,0.6920,0.50
2024-04-16,3511.11,11.29,0.3873,42133.32,39404.44,81537.76,0.5167,0.70
2024-04-17,3565.40,11.44,0.4341,57046.40,25367.22,82413.62,0.6922,0.50
2024-04-18,3569.80,11.44,0.4337,42837.60,39568.75,82406.35,0.5198,0.50
2024-04-19,3541.66,11.43,0.4313,42499.92,39568.75,82068.67,0.5179,0.50
2024-04-22,3530.90,11.34,0.4031,42370.80,39568.75,81939.55,0.5171,0.50
2024-04-23,3506.22,11.26,0.3739,42074.64,39568.75,81643.39,0.5153,0.70
2024-04-24,3521.62,11.29,0.3860,56345.92,25512.00,81857.92,0.6883,0.70
2024-04-25,3530.28,11.32,0.3971,56484.48,25512.00,81996.48,0.6889,0.70
2024-04-26,3584.27,11.47,0.4436,57348.32,25512.00,82860.32,0.6921,0.50
2024-04-29,3623.91,11.47,0.4432,43486.92,39849.45,83336.37,0.5218,0.50
2024-04-30,3604.39,11.63,0.4905,43252.68,39849.45,83102.13,0.5205,0.50
2024-05-06,3657.88,11.72,0.5071,43894.56,39849.45,83744.01,0.5242,0.50
2024-05-07,3659.01,11.74,0.5124,43908.12,39849.45,83757.57,0.5242,0.50
2024-05-08,3630.22,11.68,0.4948,43562.64,39849.45,83412.09,0.5223,0.50
2024-05-09,3664.56,11.74,0.5124,43974.72,39849.45,83824.17,0.5246,0.50
2024-05-10,3666.28,11.76,0.5176,43995.36,39849.45,83844.81,0.5247,0.50
2024-05-13,3664.69,11.76,0.5171,43976.28,39849.45,83825.73,0.5246,0.50
2024-05-14,3657.05,11.72,0.5052,43884.60,39849.45,83734.05,0.5241,0.50
2024-05-15,3626.06,11.63,0.4867,43512.72,39849.45,83362.17,0.5220,0.50
2024-05-16,3640.36,11.67,0.4920,43684.32,39849.45,83533.77,0.5230,0.50
2024-05-17,3677.97,11.77,0.5227,44135.64,39849.45,83985.09,0.5255,0.50
2024-05-20,3690.96,11.82,0.5335,44291.52,39849.45,84140.97,0.5264,0.50
2024-05-21,3676.16,11.79,0.5274,44113.92,39849.45,83963.37,0.5254,0.50
2024-05-22,3684.45,11.80,0.5306,44213.40,39849.45,84062.85,0.5260,0.50
2024-05-23,3641.79,11.69,0.4944,43701.48,39849.45,83550.93,0.5231,0.50
2024-05-24,3601.48,11.58,0.4722,43217.76,39849.45,83067.21,0.5203,0.50
2024-05-27,3635.71,11.72,0.5047,43628.52,39849.45,83477.97,0.5226,0.50
2024-05-28,3609.17,11.67,0.4892,43310.04,39849.45,83159.49,0.5208,0.50
2024-05-29,3613.52,11.69,0.4944,43362.24,39849.45,83211.69,0.5211,0.50
2024-05-30,3594.31,11.61,0.4789,43131.72,39849.45,82981.17,0.5198,0.50
2024-05-31,3579.92,11.57,0.4682,42959.04,39849.45,82808.49,0.5188,0.50
2024-06-03,3588.75,11.62,0.4827,43065.00,39849.45,82914.45,0.5194,0.50
2024-06-04,3615.67,11.67,0.4897,43388.04,39849.45,83237.49,0.5213,0.50
2024-06-05,3594.79,11.61,0.4781,43137.48,39849.45,82986.93,0.5198,0.50
2024-06-06,3592.25,11.63,0.4841,43107.00,39849.45,82956.45,0.5196,0.50
2024-06-07,3574.11,11.60,0.4753,42889.32,39849.45,82738.77,0.5184,0.50
2024-06-11,3542.88,11.48,0.4395,42514.56,39849.45,82364.01,0.5162,0.50
2024-06-12,3544.12,11.50,0.4447,42529.44,39849.45,82378.89,0.5163,0.50
2024-06-13,3526.13,11.48,0.4387,42313.56,39849.45,82163.01,0.5150,0.50
2024-06-14,3541.53,11.51,0.4522,42498.36,39849.45,82347.81,0.5161,0.50
2024-06-17,3536.20,11.46,0.4304,42434.40,39849.45,82283.85,0.5157,0.50
2024-06-18,3545.59,11.51,0.4523,42547.08,39849.45,82396.53,0.5164,0.50
2024-06-19,3528.75,11.51,0.4519,42345.00,39849.45,82194.45,0.5152,0.50
2024-06-20,3503.28,11.48,0.4376,42039.36,39849.45,81888.81,0.5134,0.50
2024-06-21,3495.62,11.46,0.4288,41947.44,39849.45,81796.89,0.5128,0.50
2024-06-24,3476.81,11.43,0.4183,41721.72,39849.45,81571.17,0.5115,0.50
2024-06-25,3457.90,11.39,0.4087,41494.80,39849.45,81344.25,0.5101,0.50
2024-06-26,3480.26,11.43,0.4184,41763.12,39849.45,81612.57,0.5117,0.50
2024-06-27,3454.12,11.39,0.4079,41449.44,39849.45,81298.89,0.5098,0.50
2024-06-28,3461.66,11.48,0.4397,41539.92,39849.45,81389.37,0.5104,0.50
2024-07-01,3478.18,11.57,0.4724,41738.16,39849.45,81587.61,0.5116,0.50
2024-07-02,3471.79,11.62,0.4894,41661.48,39849.45,81510.93,0.5111,0.50
2024-07-03,3463.41,11.58,0.4752,41560.92,39849.45,81410.37,0.5105,0.50
2024-07-04,3445.81,11.56,0.4665,41349.72,39849.45,81199.17,0.5092,0.50
2024-07-05,3431.06,11.46,0.4286,41172.72,39849.45,81022.17,0.5082,0.50
2024-07-08,3401.76,11.43,0.4163,40821.12,39849.45,80670.57,0.5060,0.50
2024-07-09,3439.81,11.53,0.4616,41277.72,39849.45,81127.17,0.5088,0.50
2024-07-10,3428.97,11.47,0.4311,41147.64,39849.45,80997.09,0.5080,0.50
2024-07-11,3468.17,11.54,0.4653,41618.04,39849.45,81467.49,0.5109,0.50
2024-07-12,3472.40,11.55,0.4667,41668.80,39849.45,81518.25,0.5112,0.50
2024-07-15,3476.25,11.63,0.4954,41715.00,39849.45,81564.45,0.5114,0.50
2024-07-16,3498.28,11.65,0.5005,41979.36,39849.45,81828.81,0.5130,0.50
2024-07-17,3501.58,11.60,0.4845,42018.96,39849.45,81868.41,0.5132,0.50
2024-07-18,3520.93,11.69,0.5095,42251.16,39849.45,82100.61,0.5146,0.50
2024-07-19,3539.02,11.70,0.5127,42468.24,39849.45,82317.69,0.5159,0.50
2024-07-22,3514.92,11.58,0.4760,42179.04,39849.45,82028.49,0.5142,0.50
2024-07-23,3439.88,11.43,0.4121,41278.56,39849.45,81128.01,0.5088,0.50
2024-07-24,3418.17,11.41,0.4081,41018.04,39849.45,80867.49,0.5072,0.50
2024-07-25,3399.27,11.32,0.3752,40791.24,39849.45,80640.69,0.5058,0.70
2024-07-26,3409.29,11.27,0.3577,54548.64,26233.93,80782.57,0.6753,0.70
2024-07-29,3390.74,11.27,0.3574,54251.84,26233.93,80485.77,0.6741,0.70
2024-07-30,3369.38,11.18,0.3147,53910.08,26233.93,80144.01,0.6727,0.70
2024-07-31,3442.08,11.32,0.3766,55073.28,26233.93,81307.21,0.6773,0.70
2024-08-01,3419.27,11.29,0.3654,54708.32,26233.93,80942.25,0.6759,0.70
2024-08-02,3384.39,11.19,0.3201,54150.24,26233.93,80384.17,0.6736,0.70
2024-08-05,3343.32,11.05,0.2570,53493.12,26233.93,79727.05,0.6710,0.70
2024-08-06,3342.98,11.01,0.2370,53487.68,26233.93,79721.61,0.6709,0.70
2024-08-07,3341.49,11.03,0.2466,53463.84,26233.93,79697.77,0.6708,0.70
2024-08-08,3342.94,11.03,0.2464,53487.04,26233.93,79720.97,0.6709,0.70
2024-08-09,3331.63,11.01,0.2363,53306.08,26233.93,79540.01,0.6702,0.70
2024-08-12,3325.86,11.00,0.2290,53213.76,26233.93,79447.69,0.6698,0.70
2024-08-13,3334.39,11.04,0.2556,53350.24,26233.93,79584.17,0.6704,0.70
2024-08-14,3309.24,11.00,0.2286,52947.84,26233.93,79181.77,0.6687,0.70
2024-08-15,3341.95,11.11,0.2908,53471.20,26233.93,79705.13,0.6709,0.70
2024-08-16,3345.63,11.16,0.3128,53530.08,26233.93,79764.01,0.6711,0.70
2024-08-19,3356.97,11.24,0.3500,53711.52,26233.93,79945.45,0.6719,0.70
2024-08-20,3332.70,11.16,0.3123,53323.20,26233.93,79557.13,0.6703,0.70
2024-08-21,3321.64,11.13,0.3013,53146.24,26233.93,79380.17,0.6695,0.70
2024-08-22,3313.14,11.14,0.3091,53010.24,26233.93,79244.17,0.6689,0.70
2024-08-23,3327.19,11.15,0.3114,53235.04,26233.93,79468.97,0.6699,0.70
2024-08-26,3324.22,11.11,0.2890,53187.52,26233.93,79421.45,0.6697,0.70
2024-08-27,3305.33,11.14,0.3091,52885.28,26233.93,79119.21,0.6684,0.70
2024-08-28,3286.50,11.07,0.2637,52584.00,26233.93,78817.93,0.6672,0.70
2024-08-29,3277.68,10.89,0.1733,52442.88,26233.93,78676.81,0.6666,1.00
2024-08-30,3321.43,10.86,0.1617,79714.32,42.62,79756.94,0.9995,1.00
2024-09-02,3265.01,10.76,0.1359,78360.24,42.62,78402.86,0.9995,1.00
2024-09-03,3273.43,10.69,0.1235,78562.32,42.62,78604.94,0.9995,1.00
2024-09-04,3252.16,10.60,0.1013,78051.84,42.62,78094.46,0.9995,1.00
2024-09-05,3257.76,10.58,0.0968,78186.24,42.62,78228.86,0.9995,1.00
2024-09-06,3231.35,10.52,0.0897,77552.40,42.62,77595.02,0.9995,1.00
2024-09-09,3192.95,10.39,0.0668,76630.80,42.62,76673.42,0.9994,1.00
2024-09-10,3195.76,10.44,0.0729,76698.24,42.62,76740.86,0.9994,1.00
2024-09-11,3186.13,10.33,0.0561,76467.12,42.62,76509.74,0.9994,1.00
2024-09-12,3172.47,10.31,0.0535,76139.28,42.62,76181.90,0.9994,1.00
2024-09-13,3159.25,10.29,0.0490,75822.00,42.62,75864.62,0.9994,1.00
2024-09-18,3171.01,10.38,0.0656,76104.24,42.62,76146.86,0.9994,1.00
2024-09-19,3196.04,10.42,0.0734,76704.96,42.62,76747.58,0.9994,1.00
2024-09-20,3201.05,10.46,0.0786,76825.20,42.62,76867.82,0.9994,1.00
2024-09-23,3212.76,10.52,0.0960,77106.24,42.62,77148.86,0.9994,1.00
2024-09-24,3351.91,10.97,0.2188,80445.84,42.62,80488.46,0.9995,0.70
2024-09-25,3401.53,11.11,0.2997,57826.01,23867.33,81693.34,0.7078,0.70
2024-09-26,3545.32,11.48,0.4578,60270.44,23867.33,84137.77,0.7163,0.50
2024-09-27,3703.68,11.77,0.5574,44444.16,41956.02,86400.18,0.5144,0.50
2024-09-30,4017.85,12.65,0.6916,48214.20,41956.02,90170.22,0.5347,0.20
2024-10-08,4256.10,13.23,0.7465,21280.50,73107.05,94387.55,0.2255,0.20
2024-10-09,3955.98,12.38,0.6487,19779.90,73107.05,92886.95,0.2129,0.20
2024-10-10,3997.79,12.60,0.6820,19988.95,73107.05,93096.00,0.2147,0.20
2024-10-11,3887.17,12.34,0.6407,19435.85,73107.05,92542.90,0.2100,0.20
2024-10-14,3961.34,12.59,0.6799,19806.70,73107.05,92913.75,0.2132,0.20
2024-10-15,3855.99,12.23,0.6171,19279.95,73107.05,92387.00,0.2087,0.20
2024-10-16,3831.59,12.21,0.6157,19157.95,73107.05,92265.00,0.2076,0.20
2024-10-17,3788.22,12.07,0.6040,18941.10,73107.05,92048.15,0.2058,0.20
2024-10-18,3925.23,12.40,0.6517,19626.15,73107.05,92733.20,0.2116,0.20
2024-10-21,3935.20,12.36,0.6469,19676.00,73107.05,92783.05,0.2121,0.20
2024-10-22,3957.78,12.32,0.6360,19788.90,73107.05,92895.95,0.2130,0.20
2024-10-23,3973.21,12.35,0.6432,19866.05,73107.05,92973.10,0.2137,0.20
2024-10-24,3928.83,12.24,0.6177,19644.15,73107.05,92751.20,0.2118,0.20
2024-10-25,3956.42,12.26,0.6223,19782.10,73107.05,92889.15,0.2130,0.20
2024-10-28,3964.16,12.26,0.6218,19820.80,73107.05,92927.85,0.2133,0.20
2024-10-29,3924.65,12.18,0.6093,19623.25,73107.05,92730.30,0.2116,0.20
2024-10-30,3889.45,12.03,0.5967,19447.25,73107.05,92554.30,0.2101,0.50
2024-10-31,3891.04,11.65,0.5115,42801.44,49775.37,92576.81,0.4623,0.50
2024-11-01,3890.02,11.72,0.5325,42790.22,49775.37,92565.59,0.4623,0.50
2024-11-04,3944.76,11.83,0.5645,43392.36,49775.37,93167.73,0.4657,0.50
2024-11-05,4044.57,12.08,0.6041,44490.27,49775.37,94265.64,0.4720,0.20
2024-11-06,4024.28,12.00,0.5942,20121.40,74081.89,94203.29,0.2136,0.50
2024-11-07,4145.70,12.34,0.6422,45602.70,50157.08,95759.78,0.4762,0.20
2024-11-08,4104.05,12.22,0.6153,20520.25,75308.30,95828.55,0.2141,0.20
2024-11-11,4131.13,12.21,0.6131,20655.65,75308.30,95963.95,0.2152,0.20
2024-11-12,4085.74,12.06,0.5981,20428.70,75308.30,95737.00,0.2134,0.50
2024-11-13,4110.89,12.16,0.6087,45219.79,50949.54,96169.33,0.4702,0.20
2024-11-14,4039.62,12.02,0.5937,20198.10,75555.63,95753.73,0.2109,0.50
2024-11-15,3968.83,11.88,0.5729,43657.13,51400.52,95057.65,0.4593,0.50
2024-11-18,3950.38,11.89,0.5741,43454.18,51400.52,94854.70,0.4581,0.50
2024-11-19,3976.89,11.92,0.5778,47722.68,47445.72,95168.40,0.5015,0.50
2024-11-20,3985.77,11.93,0.5807,47829.24,47445.72,95274.96,0.5020,0.50
2024-11-21,3989.30,11.93,0.5802,47871.60,47445.72,95317.32,0.5022,0.50
2024-11-22,3865.70,11.61,0.4928,46388.40,47445.72,93834.12,0.4944,0.50
2024-11-25,3848.09,11.57,0.4781,46177.08,47445.72,93622.80,0.4932,0.50
2024-11-26,3840.18,11.59,0.4878,46082.16,47445.72,93527.88,0.4927,0.50
2024-11-27,3907.04,11.75,0.5370,46884.48,47445.72,94330.20,0.4970,0.50
2024-11-28,3872.55,11.67,0.5088,46470.60,47445.72,93916.32,0.4948,0.50
2024-11-29,3916.58,11.75,0.5370,46998.96,47445.72,94444.68,0.4976,0.50
2024-12-02,3947.63,11.83,0.5600,47371.56,47445.72,94817.28,0.4996,0.50
2024-12-03,3951.89,11.89,0.5747,47422.68,47445.72,94868.40,0.4999,0.50
2024-12-04,3930.56,11.90,0.5775,47166.72,47445.72,94612.44,0.4985,0.50
2024-12-05,3921.59,11.85,0.5678,47059.08,47445.72,94504.80,0.4980,0.50
2024-12-06,3973.14,11.99,0.5958,47677.68,47445.72,95123.40,0.5012,0.50
2024-12-09,3966.57,12.00,0.5962,47598.84,47445.72,95044.56,0.5008,0.50
2024-12-10,3995.64,12.07,0.6048,47947.68,47445.72,95393.40,0.5026,0.20
2024-12-11,3988.83,12.03,0.6002,19944.15,75360.47,95304.62,0.2093,0.20
2024-12-12,4028.50,12.15,0.6138,20142.50,75360.47,95502.97,0.2109,0.20
2024-12-13,3933.18,11.91,0.5758,19665.90,75360.47,95026.37,0.2070,0.50
2024-12-16,3911.84,11.97,0.5895,46942.08,47843.63,94785.71,0.4952,0.50
2024-12-17,3922.03,11.99,0.5940,47064.36,47843.63,94907.99,0.4959,0.50
2024-12-18,3941.89,12.06,0.6035,47302.68,47843.63,95146.31,0.4972,0.20
2024-12-19,3945.46,12.03,0.5997,19727.30,75225.49,94952.79,0.2078,0.50
2024-12-20,3927.74,11.97,0.5876,47132.88,47661.83,94794.71,0.4972,0.50
2024-12-23,3933.57,12.07,0.6061,47202.84,47661.83,94864.67,0.4976,0.20
2024-12-24,3983.69,12.23,0.6255,19918.45,75205.03,95123.48,0.2094,0.20
2024-12-25,3985.63,12.30,0.6424,19928.15,75205.03,95133.18,0.2095,0.20
2024-12-26,3987.48,12.27,0.6352,19937.40,75205.03,95142.43,0.2096,0.20
2024-12-27,3981.03,12.25,0.6298,19905.15,75205.03,95110.18,0.2093,0.20
2024-12-30,3999.05,12.33,0.6507,19995.25,75205.03,95200.28,0.2100,0.20
2024-12-31,3934.91,12.19,0.6188,19674.55,75205.03,94879.58,0.2074,0.20
2025-01-02,3820.40,11.84,0.5548,19102.00,75205.03,94307.03,0.2026,0.50
2025-01-03,3775.16,11.73,0.5222,45301.92,48427.01,93728.93,0.4833,0.50
2025-01-06,3768.97,11.70,0.5078,45227.64,48427.01,93654.65,0.4829,0.50
2025-01-07,3796.11,11.75,0.5271,45553.32,48427.01,93980.33,0.4847,0.50
2025-01-08,3789.22,11.77,0.5357,45470.64,48427.01,93897.65,0.4843,0.50
2025-01-09,3779.88,11.69,0.5033,45358.56,48427.01,93785.57,0.4836,0.50
2025-01-10,3732.48,11.55,0.4578,44789.76,48427.01,93216.77,0.4805,0.50
2025-01-13,3722.51,11.51,0.4459,44670.12,48427.01,93097.13,0.4798,0.50
2025-01-14,3820.54,11.74,0.5250,45846.48,48427.01,94273.49,0.4863,0.50
2025-01-15,3796.03,11.68,0.5008,45552.36,48427.01,93979.37,0.4847,0.50
2025-01-16,3800.38,11.72,0.5168,45604.56,48427.01,94031.57,0.4850,0.50
2025-01-17,3812.34,11.73,0.5229,45748.08,48427.01,94175.09,0.4858,0.50
2025-01-20,3829.68,11.72,0.5159,45956.16,48427.01,94383.17,0.4869,0.50
2025-01-21,3832.61,11.70,0.5065,45991.32,48427.01,94418.33,0.4871,0.50
2025-01-22,3797.02,11.59,0.4735,45564.24,48427.01,93991.25,0.4848,0.50
2025-01-23,3803.74,11.68,0.4992,45644.88,48427.01,94071.89,0.4852,0.50
2025-01-24,3832.86,11.72,0.5167,45994.32,48427.01,94421.33,0.4871,0.50
2025-01-27,3817.08,11.74,0.5276,45804.96,48427.01,94231.97,0.4861,0.50
2025-02-05,3795.08,11.62,0.4833,45540.96,48427.01,93967.97,0.4846,0.50
2025-02-06,3842.83,11.73,0.5244,46113.96,48427.01,94540.97,0.4878,0.50
2025-02-07,3892.70,11.83,0.5564,46712.40,48427.01,95139.41,0.4910,0.50
2025-02-10,3901.06,11.85,0.5665,46812.72,48427.01,95239.73,0.4915,0.50
2025-02-11,3883.14,11.86,0.5684,46597.68,48427.01,95024.69,0.4904,0.50
2025-02-12,3919.86,11.96,0.5890,47038.32,48427.01,95465.33,0.4927,0.50
2025-02-13,3905.14,11.93,0.5829,46861.68,48427.01,95288.69,0.4918,0.50
2025-02-14,3939.01,12.02,0.6026,47268.12,48427.01,95695.13,0.4939,0.20
2025-02-17,3947.40,12.04,0.6077,19737.00,76106.50,95843.50,0.2059,0.20
2025-02-18,3912.78,11.99,0.5968,19563.90,76106.50,95670.40,0.2045,0.50
2025-02-19,3940.16,12.02,0.6019,47281.92,48761.59,96043.51,0.4923,0.20
2025-02-20,3928.90,11.99,0.5958,19644.50,76302.76,95947.26,0.2047,0.50
2025-02-21,3978.44,12.09,0.6195,47741.28,48735.03,96476.31,0.4948,0.20
2025-02-24,3969.72,12.03,0.6045,19848.60,76541.00,96389.60,0.2059,0.20
2025-02-25,3925.65,11.89,0.5695,19628.25,76541.00,96169.25,0.2041,0.50
2025-02-26,3959.94,11.96,0.5859,47519.28,49016.75,96536.03,0.4922,0.50
2025-02-27,3968.12,12.00,0.5982,47617.44,49016.75,96634.19,0.4928,0.50
2025-02-28,3890.05,11.82,0.5473,46680.60,49016.75,95697.35,0.4878,0.50
2025-03-03,3888.47,11.81,0.5460,46661.64,49016.75,95678.39,0.4877,0.50
2025-03-04,3885.22,11.75,0.5248,46622.64,49016.75,95639.39,0.4875,0.50
2025-03-05,3902.57,11.84,0.5564,46830.84,49016.75,95847.59,0.4886,0.50
2025-03-06,3956.24,11.94,0.5831,47474.88,49016.75,96491.63,0.4920,0.50
2025-03-07,3944.01,11.92,0.5762,47328.12,49016.75,96344.87,0.4912,0.50
2025-03-10,3928.80,11.85,0.5606,47145.60,49016.75,96162.35,0.4903,0.50
2025-03-11,3941.42,11.89,0.5689,47297.04,49016.75,96313.79,0.4911,0.50
2025-03-12,3927.23,11.86,0.5629,47126.76,49016.75,96143.51,0.4902,0.50
2025-03-13,3911.58,11.85,0.5593,46938.96,49016.75,95955.71,0.4892,0.50
2025-03-14,4006.56,12.12,0.6240,48078.72,49016.75,97095.47,0.4952,0.20
2025-03-17,3996.79,12.11,0.6235,19983.95,77159.82,97143.77,0.2057,0.20
2025-03-18,4007.72,12.12,0.6238,20038.60,77159.82,97198.42,0.2062,0.20
2025-03-19,4010.17,12.15,0.6278,20050.85,77159.82,97210.67,0.2063,0.20
2025-03-20,3974.99,12.04,0.6111,19874.95,77159.82,97034.77,0.2048,0.20
2025-03-21,3914.70,11.89,0.5683,19573.50,77159.82,96733.32,0.2023,0.50
2025-03-24,3934.85,11.92,0.5770,47218.20,49745.68,96963.88,0.4870,0.50
2025-03-25,3932.30,11.91,0.5746,47187.60,49745.68,96933.28,0.4868,0.50
2025-03-26,3919.36,11.87,0.5651,47032.32,49745.68,96778.00,0.4860,0.50
2025-03-27,3932.41,11.90,0.5746,47188.92,49745.68,96934.60,0.4868,0.50
2025-03-28,3915.17,11.81,0.5421,46982.04,49745.68,96727.72,0.4857,0.50
2025-03-31,3887.31,11.78,0.5333,46647.72,49745.68,96393.40,0.4839,0.50
2025-04-01,3887.68,11.78,0.5333,46652.16,49745.68,96397.84,0.4840,0.50
2025-04-02,3884.39,11.79,0.5381,46612.68,49745.68,96358.36,0.4837,0.50
2025-04-03,3861.50,11.78,0.5333,46338.00,49745.68,96083.68,0.4823,0.50
2025-04-07,3589.44,11.07,0.2500,43073.28,49745.68,92818.96,0.4641,0.70
2025-04-08,3650.76,11.29,0.3524,65713.68,28156.66,93870.34,0.7000,0.70
2025-04-09,3686.79,11.35,0.3762,66362.22,28156.66,94518.88,0.7021,0.70
2025-04-10,3735.12,11.44,0.4040,67232.16,28156.66,95388.82,0.7048,0.50
2025-04-11,3750.52,11.46,0.4103,48756.76,46807.28,95564.04,0.5102,0.50
2025-04-14,3759.14,11.53,0.4413,48868.82,46807.28,95676.10,0.5108,0.50
2025-04-15,3761.23,11.57,0.4540,48895.99,46807.28,95703.27,0.5109,0.50
2025-04-16,3772.82,11.64,0.4825,49046.66,46807.28,95853.94,0.5117,0.50
2025-04-17,3772.22,11.64,0.4817,49038.86,46807.28,95846.14,0.5116,0.50
2025-04-18,3772.52,11.65,0.4825,49042.76,46807.28,95850.04,0.5117,0.50
2025-04-21,3784.88,11.66,0.4857,49203.44,46807.28,96010.72,0.5125,0.50
2025-04-22,3783.95,11.71,0.5056,49191.35,46807.28,95998.63,0.5124,0.50
2025-04-23,3786.88,11.68,0.4913,49229.44,46807.28,96036.72,0.5126,0.50
2025-04-24,3784.36,11.70,0.5000,49196.68,46807.28,96003.96,0.5124,0.50
2025-04-25,3786.99,11.64,0.4810,49230.87,46807.28,96038.15,0.5126,0.50
2025-04-28,3781.62,11.65,0.4833,49161.06,46807.28,95968.34,0.5123,0.50
2025-04-29,3775.08,11.63,0.4762,49076.04,46807.28,95883.32,0.5118,0.50
2025-04-30,3770.57,11.49,0.4262,49017.41,46807.28,95824.69,0.5115,0.50
2025-05-06,3808.54,11.56,0.4500,49511.02,46807.28,96318.30,0.5140,0.50
2025-05-07,3831.63,11.67,0.4913,49811.19,46807.28,96618.47,0.5155,0.50
2025-05-08,3852.90,11.71,0.5119,50087.70,46807.28,96894.98,0.5169,0.50
2025-05-09,3846.16,11.71,0.5119,50000.08,46807.28,96807.36,0.5165,0.50
2025-05-12,3890.61,11.80,0.5524,50577.93,46807.28,97385.21,0.5194,0.50
2025-05-13,3896.26,11.83,0.5603,50651.38,46807.28,97458.66,0.5197,0.50
2025-05-14,3943.21,11.97,0.6063,51261.73,46807.28,98069.01,0.5227,0.20
2025-05-15,3907.20,11.90,0.5881,19536.00,78277.94,97813.94,0.1997,0.50
2025-05-16,3889.09,11.83,0.5603,46669.08,50985.89,97654.97,0.4779,0.50
2025-05-19,3877.15,11.79,0.5476,46525.80,50985.89,97511.69,0.4771,0.50
2025-05-20,3898.17,11.85,0.5738,46778.04,50985.89,97763.93,0.4785,0.50
2025-05-21,3916.38,11.91,0.5921,46996.56,50985.89,97982.45,0.4796,0.50
2025-05-22,3913.87,11.91,0.5921,46966.44,50985.89,97952.33,0.4795,0.50
2025-05-23,3882.27,11.81,0.5540,46587.24,50985.89,97573.13,0.4775,0.50
2025-05-26,3860.11,11.75,0.5294,46321.32,50985.89,97307.21,0.4760,0.50
2025-05-27,3839.40,11.72,0.5127,46072.80,50985.89,97058.69,0.4747,0.50
2025-05-28,3836.24,11.72,0.5119,46034.88,50985.89,97020.77,0.4745,0.50
2025-05-29,3858.70,11.76,0.5349,46304.40,50985.89,97290.29,0.4759,0.50
2025-05-30,3840.23,11.73,0.5198,46082.76,50985.89,97068.65,0.4747,0.50
2025-06-03,3852.01,11.77,0.5389,46224.12,50985.89,97210.01,0.4755,0.50
2025-06-04,3868.74,11.80,0.5500,46424.88,50985.89,97410.77,0.4766,0.50
2025-06-05,3877.56,11.83,0.5595,46530.72,50985.89,97516.61,0.4772,0.50
2025-06-06,3873.98,11.83,0.5587,46487.76,50985.89,97473.65,0.4769,0.50
2025-06-09,3885.25,11.83,0.5579,46623.00,50985.89,97608.89,0.4777,0.50
2025-06-10,3865.47,11.79,0.5421,46385.64,50985.89,97371.53,0.4764,0.50
2025-06-11,3894.63,12.06,0.6278,46735.56,50985.89,97721.45,0.4783,0.20
2025-06-12,3892.20,12.04,0.6246,23353.20,74297.84,97651.04,0.2391,0.20
2025-06-13,3864.18,11.99,0.6111,23185.08,74297.84,97482.92,0.2378,0.20
2025-06-16,3873.80,12.07,0.6302,23242.80,74297.84,97540.64,0.2383,0.20
2025-06-17,3870.38,12.07,0.6294,23222.28,74297.84,97520.12,0.2381,0.20
2025-06-18,3874.97,12.11,0.6365,23249.82,74297.84,97547.66,0.2383,0.20
2025-06-19,3843.09,12.09,0.6349,23058.54,74297.84,97356.38,0.2368,0.20
2025-06-20,3846.64,12.12,0.6373,23079.84,74297.84,97377.68,0.2370,0.20
2025-06-23,3857.90,12.20,0.6476,23147.40,74297.84,97445.24,0.2375,0.20
2025-06-24,3904.03,12.31,0.6690,23424.18,74297.84,97722.02,0.2397,0.20
2025-06-25,3960.07,12.45,0.6944,23760.42,74297.84,98058.26,0.2423,0.20
2025-06-26,3946.02,12.44,0.6913,19730.10,78250.81,97980.91,0.2014,0.20
2025-06-27,3921.76,12.30,0.6635,19608.80,78250.81,97859.61,0.2004,0.20
2025-06-30,3936.08,12.34,0.6738,19680.40,78250.81,97931.21,0.2010,0.20
2025-07-01,3942.76,12.39,0.6841,19713.80,78250.81,97964.61,0.2012,0.20
2025-07-02,3943.68,12.40,0.6849,19718.40,78250.81,97969.21,0.2013,0.20
2025-07-03,3968.07,12.43,0.6881,19840.35,78250.81,98091.16,0.2023,0.20
2025-07-04,3982.20,12.50,0.6968,19911.00,78250.81,98161.81,0.2028,0.20
2025-07-07,3965.17,12.46,0.6944,19825.85,78250.81,98076.66,0.2021,0.20
2025-07-08,3998.45,12.53,0.6976,19992.25,78250.81,98243.06,0.2035,0.20
2025-07-09,3991.40,12.54,0.6984,19957.00,78250.81,98207.81,0.2032,0.20
2025-07-10,4010.02,12.60,0.7079,20050.10,78250.81,98300.91,0.2040,0.20
2025-07-11,4014.81,12.57,0.7024,20074.05,78250.81,98324.86,0.2042,0.20
2025-07-14,4017.67,12.59,0.7048,20088.35,78250.81,98339.16,0.2043,0.20
2025-07-15,4019.06,12.58,0.7024,20095.30,78250.81,98346.11,0.2043,0.20
2025-07-16,4007.20,12.55,0.6968,20036.00,78250.81,98286.81,0.2039,0.20
2025-07-17,4034.49,12.57,0.7000,20172.45,78250.81,98423.26,0.2050,0.20
2025-07-18,4058.55,12.64,0.7151,20292.75,78250.81,98543.56,0.2059,0.20
2025-07-21,4085.61,12.70,0.7254,20428.05,78250.81,98678.86,0.2070,0.20
2025-07-22,4118.96,12.77,0.7333,20594.80,78250.81,98845.61,0.2084,0.20
2025-07-23,4119.77,12.79,0.7381,20598.85,78250.81,98849.66,0.2084,0.20
2025-07-24,4149.04,12.82,0.7413,20745.20,78250.81,98996.01,0.2096,0.20
2025-07-25,4127.16,12.74,0.7286,20635.80,78250.81,98886.61,0.2087,0.20
2025-07-28,4135.82,12.75,0.7286,20679.10,78250.81,98929.91,0.2090,0.20
2025-07-29,4152.02,12.59,0.6984,20760.10,78250.81,99010.91,0.2097,0.20
2025-07-30,4151.24,12.63,0.7095,20756.20,78250.81,99007.01,0.2096,0.20
2025-07-31,4075.59,12.44,0.6754,20377.95,78250.81,98628.76,0.2066,0.20
2025-08-01,4054.93,12.37,0.6627,20274.65,78250.81,98525.46,0.2058,0.20
2025-08-04,4070.70,12.42,0.6714,20353.50,78250.81,98604.31,0.2064,0.20
2025-08-05,4103.45,12.54,0.6857,20517.25,78250.81,98768.06,0.2077,0.20
2025-08-06,4113.49,12.57,0.6921,20567.45,78250.81,98818.26,0.2081,0.20
2025-08-07,4114.67,12.58,0.6944,20573.35,78250.81,98824.16,0.2082,0.20
2025-08-08,4104.97,12.56,0.6889,20524.85,78250.81,98775.66,0.2078,0.20
2025-08-11,4122.51,12.54,0.6825,20612.55,78250.81,98863.36,0.2085,0.20
2025-08-12,4143.83,12.62,0.7063,20719.15,78250.81,98969.96,0.2093,0.20
2025-08-13,4176.58,12.63,0.7087,20882.90,78250.81,99133.71,0.2107,0.20
2025-08-14,4173.31,12.63,0.7079,20866.55,78250.81,99117.36,0.2105,0.20
2025-08-15,4202.35,12.65,0.7119,21011.75,78250.81,99262.56,0.2117,0.20
2025-08-18,4239.41,12.73,0.7254,21197.05,78250.81,99447.86,0.2131,0.20
2025-08-19,4223.37,12.71,0.7222,21116.85,78250.81,99367.66,0.2125,0.20
2025-08-20,4271.40,12.83,0.7429,21357.00,78250.81,99607.81,0.2144,0.20
2025-08-21,4288.07,12.89,0.7460,21440.35,78250.81,99691.16,0.2151,0.20
2025-08-22,4378.00,13.08,0.7579,21890.00,78250.81,100140.81,0.2186,0.20
2025-08-25,4469.22,13.27,0.7738,22346.10,78250.81,100596.91,0.2221,0.20
2025-08-26,4452.59,13.21,0.7651,22262.95,78250.81,100513.76,0.2215,0.20
2025-08-27,4386.13,12.97,0.7476,21930.65,78250.81,100181.46,0.2189,0.20
2025-08-28,4463.78,13.16,0.7619,22318.90,78250.81,100569.71,0.2219,0.20
2025-08-29,4496.76,13.23,0.7667,22483.80,78250.81,100734.61,0.2232,0.20
2025-09-01,4523.71,13.23,0.7659,22618.55,78250.81,100869.36,0.2242,0.20
2025-09-02,4490.45,13.23,0.7651,22452.25,78250.81,100703.06,0.2230,0.20
2025-09-03,4459.83,13.11,0.7548,22299.15,78250.81,100549.96,0.2218,0.20
2025-09-04,4365.21,12.98,0.7437,21826.05,78250.81,100076.86,0.2181,0.20
2025-09-05,4460.32,13.10,0.7540,22301.60,78250.81,100552.41,0.2218,0.20
2025-09-08,4467.57,13.11,0.7540,22337.85,78250.81,100588.66,0.2221,0.20
2025-09-09,4436.26,13.03,0.7484,22181.30,78250.81,100432.11,0.2209,0.20
2025-09-10,4445.36,13.08,0.7516,22226.80,78250.81,100477.61,0.2212,0.20
2025-09-11,4548.03,13.29,0.7754,22740.15,78250.81,100990.96,0.2252,0.20
2025-09-12,4522.00,13.24,0.7714,22610.00,78250.81,100860.81,0.2242,0.20
2025-09-15,4533.06,13.24,0.7714,22665.30,78250.81,100916.11,0.2246,0.20
2025-09-16,4523.34,13.20,0.7635,22616.70,78250.81,100867.51,0.2242,0.20
2025-09-17,4551.02,13.26,0.7762,22755.10,78250.81,101005.91,0.2253,0.20
2025-09-18,4498.11,13.08,0.7516,22490.55,78250.81,100741.36,0.2233,0.20
2025-09-19,4501.92,13.08,0.7516,22509.60,78250.81,100760.41,0.2234,0.20
2025-09-22,4522.61,13.09,0.7556,22613.05,78250.81,100863.86,0.2242,0.20
2025-09-23,4519.78,13.14,0.7619,22598.90,78250.81,100849.71,0.2241,0.20
2025-09-24,4566.07,13.21,0.7675,22830.35,78250.81,101081.16,0.2259,0.20
2025-09-25,4593.49,13.24,0.7762,22967.45,78250.81,101218.26,0.2269,0.20
2025-09-26,4550.05,13.16,0.7643,22750.25,78250.81,101001.06,0.2252,0.20
2025-09-29,4620.05,13.30,0.7865,23100.25,78250.81,101351.06,0.2279,0.20
2025-09-30,4640.69,13.32,0.7881,23203.45,78250.81,101454.26,0.2287,0.20
2025-10-09,4709.48,13.50,0.8063,23547.40,78250.81,101798.21,0.2313,0.00
2025-10-10,4616.83,13.36,0.7937,0.00,101647.14,101647.14,0.0000,0.20
2025-10-13,4593.98,13.30,0.7849,18375.92,83682.76,102058.68,0.1801,0.20
2025-10-14,4539.06,13.26,0.7810,18156.24,83682.76,101839.00,0.1783,0.20
2025-10-15,4606.29,13.40,0.7992,18425.16,83682.76,102107.92,0.1804,0.20
2025-10-16,4618.42,13.50,0.8087,18473.68,83682.76,102156.44,0.1808,0.00
2025-10-17,4514.23,13.27,0.7833,0.00,102124.64,102124.64,0.0000,0.20
2025-10-20,4538.22,13.33,0.7913,18152.88,83890.76,102043.64,0.1779,0.20
2025-10-21,4607.87,13.47,0.8095,18431.48,83890.76,102322.24,0.1801,0.00
2025-10-22,4592.57,13.47,0.8095,0.00,102193.97,102193.97,0.0000,0.00
2025-10-23,4606.34,13.53,0.8167,0.00,102193.97,102193.97,0.0000,0.00
2025-10-24,4660.68,13.62,0.8206,0.00,102193.97,102193.97,0.0000,0.00
2025-10-27,4716.02,13.75,0.8262,0.00,102193.97,102193.97,0.0000,0.00
2025-10-28,4691.97,13.70,0.8238,0.00,102193.97,102193.97,0.0000,0.00
2025-10-29,4747.84,13.70,0.8238,0.00,102193.97,102193.97,0.0000,0.00
2025-10-30,4709.91,13.57,0.8175,0.00,102193.97,102193.97,0.0000,0.00
2025-10-31,4640.67,13.19,0.7667,0.00,102193.97,102193.97,0.0000,0.20
2025-11-03,4653.40,13.28,0.7857,18613.60,83646.12,102259.72,0.1820,0.20
2025-11-04,4618.70,13.25,0.7794,18474.80,83646.12,102120.92,0.1809,0.20
2025-11-05,4627.26,13.26,0.7825,18509.04,83646.12,102155.16,0.1812,0.20
2025-11-06,4693.40,13.39,0.8032,18773.60,83646.12,102419.72,0.1833,0.00
2025-11-07,4678.79,13.35,0.7976,0.00,102340.23,102340.23,0.0000,0.20
2025-11-10,4695.05,13.41,0.8063,18780.20,83586.81,102367.01,0.1835,0.00
2025-11-11,4652.17,13.33,0.7944,0.00,102411.23,102411.23,0.0000,0.20
2025-11-12,4645.91,13.38,0.8040,18583.64,83836.06,102419.70,0.1814,0.00
2025-11-13,4702.07,13.46,0.8167,0.00,102410.29,102410.29,0.0000,0.00
2025-11-14,4628.14,13.31,0.7913,0.00,102410.29,102410.29,0.0000,0.20
2025-11-17,4598.05,13.20,0.7683,18392.20,83942.13,102334.33,0.1797,0.20
2025-11-18,4568.19,13.13,0.7619,18272.76,83942.13,102214.89,0.1788,0.20
2025-11-19,4588.29,13.23,0.7738,18353.16,83942.13,102295.29,0.1794,0.20
2025-11-20,4564.95,13.22,0.7730,18259.80,83942.13,102201.93,0.1787,0.20
2025-11-21,4453.61,12.98,0.7421,17814.44,83942.13,101756.57,0.1751,0.20
2025-11-24,4448.05,12.92,0.7397,17792.20,83942.13,101734.33,0.1749,0.20
2025-11-25,4490.40,13.02,0.7492,17961.60,83942.13,101903.73,0.1763,0.20
2025-11-26,4517.63,13.02,0.7492,18070.52,83942.13,102012.65,0.1771,0.20
2025-11-27,4515.40,13.05,0.7540,18061.60,83942.13,102003.73,0.1771,0.20
2025-11-28,4526.66,13.04,0.7540,18106.64,83942.13,102048.77,0.1774,0.20
2025-12-01,4576.49,13.14,0.7675,18305.96,83942.13,102248.09,0.1790,0.20
