fund_id,fund_nm,qtype,issuer_nm,urls,asset_ratio,lof_type,t0,eval_show,price,pre_close,price_dt,increase_rt,volume,stock_volume,last_time,amount,amount_incr,amount_increase_rt,fund_nav,nav_dt,estimate_value,discount_rt,last_est_dt,last_est_time,ref_increase_rt,est_val_dt,est_val_increase_rt,index_id,index_nm,apply_fee,apply_status,apply_fee_tips,redeem_fee,redeem_status,redeem_fee_tips,m_fee,t_fee,min_amt,money_cd,notes,estimate_value2,discount_rt2,est_val_dt2,est_val_increase_rt2,ref_price,ref_increase_rt2,cal_tips,owned,holded,mt_fee,mt_fee_tips,cal_index_id,est_val_tm2,ref_price2,apply_redeem_status,amount_incr_tips,turnover_rt,last_est_datetime,fund_nm_color,est_val_dt_s,nav_dt_s
159509,纳指科技ETF,E,景顺长城,http://www.igwfmc.com/main/jjcp/product/159509/detail.html,100.000,QDII,Y,Y,2.310,2.2910,2025-12-30,0.83%,70205.45,30731.0556,15:13:54,652856,100,0.02,1.9180,2025-12-26,1.9084,,2025-12-30,15:13:54,-0.46%,2025-12-29,-0.50%,Y,纳斯达克科技市值加权,-,开放申购,-,-,开放赎回,-,0.80,0.20,,USD,,-,-,-,-,2373.37,-,指数从 2025-12-26 2384.43  到 2025-12-29 2373.37；汇率美元对人民币中间价从 2025-12-26 7.03580  到 2025-12-29 7.03310,0,0,1.00,"管理费：0.80%
托管费：0.20%",NDXTMC.GI,-,-,-,最新份额：652856万份；增长：0.02%,4.71%,2025-12-30 15:13:54,纳指科技ETF,25-12-29,25-12-26
159660,纳指100ETF,E,汇添富,https://www.99fund.com/main/products/pofund/159660/fundgk.shtml,100.000,QDII,Y,Y,2.102,2.1030,2025-12-30,-0.05%,7542.58,3619.0000,15:14:09,194815,0,0.00,1.9682,2025-12-26,1.9584,,2025-12-30,15:14:09,-0.46%,2025-12-29,-0.50%,Y,纳斯达克100,-,开放申购,-,-,开放赎回,-,0.50,0.15,,USD,,buy,buy,buy,buy,25525.56,buy,指数从 2025-12-26 25644.39  到 2025-12-29 25525.56；汇率美元对人民币中间价从 2025-12-26 7.03580  到 2025-12-29 7.03310,0,0,0.65,"管理费：0.50%
托管费：0.15%",NDX.GI,buy,buy,-,最新份额：194815万份；增长：0.00%,1.86%,2025-12-30 15:14:09,纳指100ETF,25-12-29,25-12-26
513100,纳指ETF,E,国泰基金,https://e.gtfund.com/Etrade/Jijin/view/id/513100,100.000,QDII,Y,Y,1.914,1.9160,2025-12-30,-0.10%,40098.57,21059.4493,15:00:00,946611,0,0.00,1.8030,2025-12-26,1.7940,,2025-12-30,15:00:00,-0.46%,2025-12-29,-0.50%,Y,纳斯达克100,0.50%,暂停申购,代理券商可按照不超过0.5%标准收取佣金,0.50%,开放赎回,代理券商可按照不超过0.5%标准收取佣金,0.60,0.20,,USD,,buy,buy,buy,buy,25525.56,buy,指数从 2025-12-26 25644.39  到 2025-12-29 25525.56；汇率美元对人民币中间价从 2025-12-26 7.03580  到 2025-12-29 7.03310,0,0,0.80,"管理费：0.60%
托管费：0.20%",NDX.GI,buy,buy,-,最新份额：946611万份；增长：0.00%,2.22%,2025-12-30 15:00:00,纳指ETF,25-12-29,25-12-26
159501,纳斯达克指数ETF,E,嘉实基金,https://www.jsfund.cn/main/fund/159501/fundRecord.shtml,100.000,QDII,Y,Y,1.792,1.7940,2025-12-30,-0.11%,9633.38,5415.1193,15:13:54,604399,500,0.08,1.6913,2025-12-26,1.6828,,2025-12-30,15:13:54,-0.46%,2025-12-29,-0.50%,Y,纳斯达克100,0.50%,开放申购,最高不超过0.5%,0.50%,开放赎回,最高不超过0.5%,0.50,0.10,,USD,,buy,buy,buy,buy,25525.56,buy,指数从 2025-12-26 25644.39  到 2025-12-29 25525.56；汇率美元对人民币中间价从 2025-12-26 7.03580  到 2025-12-29 7.03310,0,0,0.60,"管理费：0.50%
托管费：0.10%",NDX.GI,buy,buy,-,最新份额：604399万份；增长：0.08%,0.90%,2025-12-30 15:13:54,纳斯达克指数ETF,25-12-29,25-12-26
513500,标普500ETF,E,博时基金,https://www.bosera.com/fund/513500.html,100.000,QDII,Y,Y,2.439,2.4470,2025-12-30,-0.33%,25966.03,10649.6600,15:00:00,981064,0,0.00,2.3055,2025-12-26,2.2965,,2025-12-30,15:00:00,-0.35%,2025-12-29,-0.39%,Y,标普500,0.50%,暂停申购,最高不超过0.5%,0.50%,开放赎回,最高不超过0.5%,0.60,0.20,,USD,,buy,buy,buy,buy,6905.74,buy,指数从 2025-12-26 6929.94  到 2025-12-29 6905.74；汇率美元对人民币中间价从 2025-12-26 7.03580  到 2025-12-29 7.03310,0,0,0.80,"管理费：0.60%
托管费：0.20%",SPX.GI,buy,buy,-,最新份额：981064万份；增长：0.00%,1.09%,2025-12-30 15:00:00,标普500ETF,25-12-29,25-12-26
159941,纳指ETF,E,广发基金,http://www.gffunds.com.cn/funds/?fundcode=159941,100.000,QDII,Y,Y,1.420,1.4160,2025-12-30,0.28%,64520.03,45778.9400,15:14:06,2233561,130,0.01,1.3551,2025-12-26,1.3483,,2025-12-30,15:14:06,-0.46%,2025-12-29,-0.50%,Y,纳斯达克100,-,开放申购,-,-,开放赎回,-,0.80,0.20,,USD,,buy,buy,buy,buy,25525.56,buy,指数从 2025-12-26 25644.39  到 2025-12-29 25525.56；汇率美元对人民币中间价从 2025-12-26 7.03580  到 2025-12-29 7.03310,0,0,1.00,"管理费：0.80%
托管费：0.20%",NDX.GI,buy,buy,-,最新份额：2233561万份；增长：0.01%,2.05%,2025-12-30 15:14:06,纳指ETF,25-12-29,25-12-26
159529,标普消费ETF,E,景顺长城,https://www.igwfmc.com/main/jjcp/product/159529/detail.html,100.000,QDII,Y,Y,1.378,1.3900,2025-12-30,-0.86%,13586.19,9837.9292,15:14:00,68854,0,0.00,1.3179,2025-12-26,1.3096,,2025-12-30,15:14:00,-0.59%,2025-12-29,-0.63%,Y,标普500消费精选指数,-,开放申购,-,-,开放赎回,-,0.50,0.20,,USD,,-,-,-,-,4461.55,-,指数从 2025-12-26 4488.06  到 2025-12-29 4461.55；汇率美元对人民币中间价从 2025-12-26 7.03580  到 2025-12-29 7.03310,0,0,0.70,"管理费：0.50%
托管费：0.20%",SP5CSSUP.SPI,-,-,-,最新份额：68854万份；增长：0.00%,14.29%,2025-12-30 15:14:00,标普消费ETF,25-12-29,25-12-26
513390,纳指100ETF,E,博时基金,https://www.bosera.com/fund/513390.html,100.000,QDII,Y,Y,2.116,2.1090,2025-12-30,0.33%,3197.82,1522.2400,14:59:53,179038,0,0.00,2.0219,2025-12-26,2.0118,,2025-12-30,14:59:53,-0.46%,2025-12-29,-0.50%,Y,纳斯达克100,-,暂停申购,-,-,开放赎回,-,0.50,0.15,,USD,,buy,buy,buy,buy,25525.56,buy,指数从 2025-12-26 25644.39  到 2025-12-29 25525.56；汇率美元对人民币中间价从 2025-12-26 7.03580  到 2025-12-29 7.03310,0,0,0.65,"管理费：0.50%
托管费：0.15%",NDX.GI,buy,buy,-,最新份额：179038万份；增长：0.00%,0.85%,2025-12-30 14:59:53,纳指100ETF,25-12-29,25-12-26
513290,纳指生物科技ETF,E,汇添富,https://www.99fund.com/main/products/pofund/513290/fundgk.shtml,100.000,QDII,Y,Y,1.548,1.5390,2025-12-30,0.58%,12084.88,7915.3822,15:00:00,103507,0,0.00,1.4873,2025-12-26,1.4757,,2025-12-30,15:00:00,-0.74%,2025-12-29,-0.78%,Y,纳斯达克生物科技,-,暂停申购,-,-,开放赎回,-,0.50,0.15,,USD,,-,-,-,-,5766.40,-,指数从 2025-12-26 5809.30  到 2025-12-29 5766.40；汇率美元对人民币中间价从 2025-12-26 7.03580  到 2025-12-29 7.03310,0,0,0.65,"管理费：0.50%
托管费：0.15%",NBI.GI,-,-,-,最新份额：103507万份；增长：0.00%,7.65%,2025-12-30 15:00:00,纳指生物科技ETF,25-12-29,25-12-26
159696,纳指ETF易方达,E,易方达,https://www.efunds.com.cn/fund/159696.shtml,100.000,QDII,Y,Y,1.744,1.7450,2025-12-30,-0.06%,4200.65,2417.6072,15:14:39,240682,100,0.04,1.6753,2025-12-26,1.6669,,2025-12-30,15:14:39,-0.46%,2025-12-29,-0.50%,Y,纳斯达克100,-,开放申购,-,-,开放赎回,-,0.50,0.10,,USD,,buy,buy,buy,buy,25525.56,buy,指数从 2025-12-26 25644.39  到 2025-12-29 25525.56；汇率美元对人民币中间价从 2025-12-26 7.03580  到 2025-12-29 7.03310,0,0,0.60,"管理费：0.50%
托管费：0.10%",NDX.GI,buy,buy,-,最新份额：240682万份；增长：0.04%,1.00%,2025-12-30 15:14:39,纳指ETF易方达,25-12-29,25-12-26
159612,标普500ETF,E,国泰基金,https://e.gtfund.com/Etrade/Jijin/view/id/159612,100.000,QDII,Y,Y,1.880,1.8900,2025-12-30,-0.53%,2122.86,1129.0953,15:14:45,44490,0,0.00,1.8081,2025-12-26,1.8010,,2025-12-30,15:14:45,-0.35%,2025-12-29,-0.39%,Y,标普500,0.50%,暂停申购,最高不超过0.5%,0.50%,开放赎回,最高不超过0.5%,0.60,0.15,,USD,,buy,buy,buy,buy,6905.74,buy,指数从 2025-12-26 6929.94  到 2025-12-29 6905.74；汇率美元对人民币中间价从 2025-12-26 7.03580  到 2025-12-29 7.03310,0,0,0.75,"管理费：0.60%
托管费：0.15%",SPX.GI,buy,buy,-,最新份额：44490万份；增长：0.00%,2.54%,2025-12-30 15:14:45,标普500ETF,25-12-29,25-12-26
159577,美国50ETF,E,汇添富,https://www.99fund.com/main/products/pofund/159577/fundgk.shtml,100.000,QDII,Y,Y,1.520,1.5180,2025-12-30,0.13%,2425.69,1604.7200,15:14:27,49567,0,0.00,1.4654,2025-12-26,1.4585,,2025-12-30,15:14:27,-0.43%,2025-12-29,-0.47%,Y,美国50,-,开放申购,-,-,开放赎回,-,0.50,0.15,,USD,,-,-,-,-,4553.84,-,指数从 2025-12-26 4573.42  到 2025-12-29 4553.84；汇率美元对人民币中间价从 2025-12-26 7.03580  到 2025-12-29 7.03310,0,0,0.65,"管理费：0.50%
托管费：0.15%",750108.MI,-,-,-,最新份额：49567万份；增长：0.00%,3.24%,2025-12-30 15:14:27,美国50ETF,25-12-29,25-12-26
513300,纳斯达克ETF,E,华夏基金,http://www.chinaamc.com/fund/513300/index.shtml,100.000,QDII,Y,Y,2.325,2.3250,2025-12-30,0.00%,26049.60,11254.7777,15:00:00,510667,75,0.01,2.2430,2025-12-26,2.2318,,2025-12-30,15:00:00,-0.46%,2025-12-29,-0.50%,Y,纳斯达克100,0.50%,开放申购,不超过0.50%,0.50%,开放赎回,不超过0.50%,0.60,0.20,,USD,,buy,buy,buy,buy,25525.56,buy,指数从 2025-12-26 25644.39  到 2025-12-29 25525.56；汇率美元对人民币中间价从 2025-12-26 7.03580  到 2025-12-29 7.03310,0,0,0.80,"管理费：0.60%
托管费：0.20%",NDX.GI,buy,buy,-,最新份额：510667万份；增长：0.01%,2.20%,2025-12-30 15:00:00,纳斯达克ETF,25-12-29,25-12-26
159513,纳斯达克100指数ETF,E,大成基金,https://www.dcfund.com.cn/main/fund/productdetail/index.shtml?product_code=159513,100.000,QDII,Y,Y,1.563,1.5650,2025-12-30,-0.13%,5989.81,3851.2900,15:14:45,401855,0,0.00,1.5109,2025-12-26,1.5033,,2025-12-30,15:14:45,-0.46%,2025-12-29,-0.50%,Y,纳斯达克100,-,开放申购,-,-,开放赎回,-,0.80,0.20,,USD,,buy,buy,buy,buy,25525.56,buy,指数从 2025-12-26 25644.39  到 2025-12-29 25525.56；汇率美元对人民币中间价从 2025-12-26 7.03580  到 2025-12-29 7.03310,0,0,1.00,"管理费：0.80%
托管费：0.20%",NDX.GI,buy,buy,-,最新份额：401855万份；增长：0.00%,0.96%,2025-12-30 15:14:45,纳斯达克100指数ETF,25-12-29,25-12-26
159502,标普生物科技ETF,E,嘉实基金,https://www.jsfund.cn/main/fund/159502/fundRecord.shtml,100.000,QDII,Y,Y,1.337,1.3300,2025-12-30,0.53%,29734.85,22534.8990,15:14:48,174032,100,0.06,1.3020,2025-12-26,1.2859,,2025-12-30,15:14:48,-1.20%,2025-12-29,-1.24%,Y,标普生物科技精选行业指数,0.50%,开放申购,最高不超过0.5%,0.50%,开放赎回,最高不超过0.5%,0.50,0.10,,USD,,-,-,-,-,9645.92,-,指数从 2025-12-26 9762.77  到 2025-12-29 9645.92；汇率美元对人民币中间价从 2025-12-26 7.03580  到 2025-12-29 7.03310,0,0,0.60,"管理费：0.50%
托管费：0.10%",SPSIBI.SPI,-,-,-,最新份额：174032万份；增长：0.06%,12.95%,2025-12-30 15:14:48,标普生物科技ETF,25-12-29,25-12-26
161128,标普信息科技LOF,E,易方达,https://www.efunds.com.cn/fund/161128.shtml,95.000,QDII,Y,Y,6.083,6.0740,2025-12-30,0.15%,3826.76,633.2769,15:14:12,46478,8,0.02,5.8876,2025-12-26,5.8602,,2025-12-30,15:14:12,-0.45%,2025-12-29,-0.47%,Y,标普500信息科技指数,1.20%,限10,"M＜100万	1.20%
100万≤M＜200万	0.80%
200万≤M＜500万	0.50%
M≥500万	按笔收取，1000.00元/笔",1.50%,开放赎回,"0-6日	1.50%
7日及以上	0.50%",0.80,0.20,,USD,,-,-,-,-,5747.78,-,指数从 2025-12-26 5773.51  到 2025-12-29 5747.78；汇率美元对人民币中间价从 2025-12-26 7.03580  到 2025-12-29 7.03310,0,0,1.00,"管理费：0.80%
托管费：0.20%",S5INFT.SPI,-,-,-,最新份额：46478万份；增长：0.02%,1.36%,2025-12-30 15:14:12,标普信息科技LOF,25-12-29,25-12-26
513870,纳指ETF富国,E,富国基金,https://www.fullgoal.com.cn/fundDetail/513870/index.html,100.000,QDII,Y,Y,1.771,1.7720,2025-12-30,-0.06%,10330.19,5865.0296,15:00:00,119767,0,0.00,1.7149,2025-12-26,1.7063,,2025-12-30,15:00:00,-0.46%,2025-12-29,-0.50%,Y,纳斯达克100,-,暂停申购,-,-,开放赎回,-,0.50,0.10,,USD,,buy,buy,buy,buy,25525.56,buy,指数从 2025-12-26 25644.39  到 2025-12-29 25525.56；汇率美元对人民币中间价从 2025-12-26 7.03580  到 2025-12-29 7.03310,0,0,0.60,"管理费：0.50%
托管费：0.10%",NDX.GI,buy,buy,-,最新份额：119767万份；增长：0.00%,4.90%,2025-12-30 15:00:00,纳指ETF富国,25-12-29,25-12-26
159632,纳斯达克ETF,E,华安基金,https://www.huaan.com.cn/funds/159632/index.shtml,100.000,QDII,Y,Y,2.112,2.1120,2025-12-30,0.00%,13039.75,6204.6200,15:14:45,485672,100,0.02,2.0465,2025-12-26,2.0363,,2025-12-30,15:14:45,-0.46%,2025-12-29,-0.50%,Y,纳斯达克100,-,开放申购,-,-,开放赎回,-,0.60,0.20,,USD,,buy,buy,buy,buy,25525.56,buy,指数从 2025-12-26 25644.39  到 2025-12-29 25525.56；汇率美元对人民币中间价从 2025-12-26 7.03580  到 2025-12-29 7.03310,0,0,0.80,"管理费：0.60%
托管费：0.20%",NDX.GI,buy,buy,-,最新份额：485672万份；增长：0.02%,1.28%,2025-12-30 15:14:45,纳斯达克ETF,25-12-29,25-12-26
513110,纳斯达克100ETF,E,华泰柏瑞,https://www.huatai-pb.com/products/zhishu/513110/index.html,100.000,QDII,Y,Y,2.141,2.1430,2025-12-30,-0.09%,15818.23,7423.5322,14:59:57,203344,300,0.15,2.0748,2025-12-26,2.0644,,2025-12-30,14:59:57,-0.46%,2025-12-29,-0.50%,Y,纳斯达克100,0.50%,开放申购,最高不超过0.5%,0.50%,开放赎回,最高不超过0.5%,0.80,0.20,,USD,,buy,buy,buy,buy,25525.56,buy,指数从 2025-12-26 25644.39  到 2025-12-29 25525.56；汇率美元对人民币中间价从 2025-12-26 7.03580  到 2025-12-29 7.03310,0,0,1.00,"管理费：0.80%
托管费：0.20%",NDX.GI,buy,buy,-,最新份额：203344万份；增长：0.15%,3.65%,2025-12-30 14:59:57,纳斯达克100ETF,25-12-29,25-12-26
513850,美国50ETF,E,易方达,https://www.efunds.com.cn/fund/513850.shtml,100.000,QDII,Y,Y,1.684,1.6890,2025-12-30,-0.30%,5533.44,3299.3181,14:59:57,108689,100,0.09,1.6331,2025-12-26,1.6254,,2025-12-30,14:59:57,-0.43%,2025-12-29,-0.47%,Y,美国50,-,开放申购,-,-,开放赎回,-,0.50,0.10,,USD,,-,-,-,-,4553.84,-,指数从 2025-12-26 4573.42  到 2025-12-29 4553.84；汇率美元对人民币中间价从 2025-12-26 7.03580  到 2025-12-29 7.03310,0,0,0.60,"管理费：0.50%
托管费：0.10%",750108.MI,-,-,-,最新份额：108689万份；增长：0.09%,3.04%,2025-12-30 14:59:57,美国50ETF,25-12-29,25-12-26
513650,标普500ETF基金,E,南方基金,https://www.nffund.com/main/nffund/personal-financing/detail.shtml?fundCode=513650,100.000,QDII,Y,Y,1.810,1.8130,2025-12-30,-0.17%,7758.98,4293.7200,14:59:59,269673,200,0.07,1.7556,2025-12-26,1.7488,,2025-12-30,14:59:59,-0.35%,2025-12-29,-0.39%,Y,标普500,-,开放申购,-,-,开放赎回,-,0.60,0.15,,USD,,buy,buy,buy,buy,6905.74,buy,指数从 2025-12-26 6929.94  到 2025-12-29 6905.74；汇率美元对人民币中间价从 2025-12-26 7.03580  到 2025-12-29 7.03310,0,0,0.75,"管理费：0.60%
托管费：0.15%",SPX.GI,buy,buy,-,最新份额：269673万份；增长：0.07%,1.59%,2025-12-30 14:59:59,标普500ETF基金,25-12-29,25-12-26
159655,标普ETF,E,华夏基金,https://www.chinaamc.com/fund/159655/index.shtml,100.000,QDII,Y,Y,1.819,1.8220,2025-12-30,-0.16%,6670.12,3682.0163,15:14:06,201014,100,0.05,1.7653,2025-12-26,1.7584,,2025-12-30,15:14:06,-0.35%,2025-12-29,-0.39%,Y,标普500,0.50%,开放申购,最高不超过0.5%,0.50%,开放赎回,最高不超过0.5%,0.60,0.15,,USD,,buy,buy,buy,buy,6905.74,buy,指数从 2025-12-26 6929.94  到 2025-12-29 6905.74；汇率美元对人民币中间价从 2025-12-26 7.03580  到 2025-12-29 7.03310,0,0,0.75,"管理费：0.60%
托管费：0.15%",SPX.GI,buy,buy,-,最新份额：201014万份；增长：0.05%,1.83%,2025-12-30 15:14:06,标普ETF,25-12-29,25-12-26
159659,纳斯达克100ETF,E,招商基金,https://www.cmfchina.com/web/fundDetail/159659/index.html,100.000,QDII,Y,Y,1.998,1.9980,2025-12-30,0.00%,49168.25,24786.4500,15:14:06,402874,6000,1.51,1.9422,2025-12-26,1.9325,,2025-12-30,15:14:06,-0.46%,2025-12-29,-0.50%,Y,纳斯达克100,-,开放申购,-,-,开放赎回,-,0.50,0.15,,USD,,buy,buy,buy,buy,25525.56,buy,指数从 2025-12-26 25644.39  到 2025-12-29 25525.56；汇率美元对人民币中间价从 2025-12-26 7.03580  到 2025-12-29 7.03310,0,0,0.65,"管理费：0.50%
托管费：0.15%",NDX.GI,buy,buy,-,最新份额：402874万份；增长：1.51%,6.15%,2025-12-30 15:14:06,纳斯达克100ETF,25-12-29,25-12-26
513880,日经225ETF,A,华安基金,http://www.huaan.com.cn/funds/513880/index.shtml,100.000,INDEX,Y,Y,1.685,1.6940,2025-12-30,-0.53%,4436.87,2638.0020,14:59:56,121997,50,0.04,1.6406,2025-12-29,1.6395,,2025-12-30,14:59:56,-0.37%,2025-12-30,-0.07%,Y,日经225,0.50%,开放申购,"小于50万元，0.50%  
大于等于50万元，小于100万元，0.30%  
大于等于100万元，每笔1000元",0.50%,开放赎回,不超过0.5%,0.20,0.05,,JPY,,-,-,-,-,50339.48,-,,0,0,0.25,"管理费：0.20%
托管费：0.05%",,-,-,-,最新份额：121997万份；增长：0.04%,2.16%,2025-12-30 14:59:56,日经225ETF,25-12-30,25-12-29
513310,中韩半导体ETF,A,华泰柏瑞,https://www.huatai-pb.com/products/zhishu/513310/index.html,100.000,INDEX,Y,Y,2.613,2.5910,2025-12-30,0.85%,246995.62,94498.8646,15:00:00,144143,500,0.35,2.5327,2025-12-29,2.5469,,2025-12-30,15:00:00,0.56%,2025-12-30,0.56%,Y,中韩半导体,0.50%,开放申购,最高不超过0.5%,0.50%,开放赎回,最高不超过0.5%,0.80,0.15,,RMB,,-,-,-,-,5806.37,-,,0,0,0.95,"管理费：0.80%
托管费：0.15%",,-,-,-,最新份额：144143万份；增长：0.35%,65.56%,2025-12-30 15:00:00,中韩半导体ETF,25-12-30,25-12-29
513520,日经ETF,A,华夏基金,http://www.chinaamc.com/fund/513520/index.shtml,100.000,INDEX,Y,Y,1.800,1.8040,2025-12-30,-0.22%,4659.61,2592.0092,14:59:56,99989,50,0.05,1.7592,2025-12-29,1.7580,,2025-12-30,14:59:56,-0.37%,2025-12-30,-0.07%,Y,日经225,0.50%,开放申购,不超过0.50%,0.50%,开放赎回,不超过0.50%,0.20,0.05,,JPY,,-,-,-,-,50339.48,-,,0,0,0.25,"管理费：0.20%
托管费：0.05%",,-,-,-,最新份额：99989万份；增长：0.05%,2.59%,2025-12-30 14:59:56,日经ETF,25-12-30,25-12-29
159866,日经ETF,A,工银瑞信,https://www.icbccs.com.cn/jj/jjxq/159866.html,100.000,INDEX,Y,Y,1.347,1.3470,2025-12-30,0.00%,4641.87,3455.7200,15:14:39,66648,50,0.08,1.3168,2025-12-29,1.3159,,2025-12-30,15:14:39,-0.37%,2025-12-30,-0.07%,Y,日经225,0.50%,开放申购,不超过0.5%,0.50%,开放赎回,不超过0.5%,0.20,0.05,,JPY,,-,-,-,-,50339.48,-,,0,0,0.25,"管理费：0.20%
托管费：0.05%",,-,-,-,最新份额：66648万份；增长：0.08%,5.19%,2025-12-30 15:14:39,日经ETF,25-12-30,25-12-29
513000,日经225ETF易方达,A,易方达,https://www.efunds.com.cn/fund/513000.shtml,100.000,INDEX,Y,Y,1.803,1.8040,2025-12-30,-0.06%,3092.82,1716.9008,14:59:50,92541,100,0.11,1.7643,2025-12-29,1.7631,,2025-12-30,14:59:50,-0.37%,2025-12-30,-0.07%,Y,日经225,0.50%,开放申购,代理券商可按照不超过0.5%的标准收取佣金,0.50%,开放赎回,代理券商可按照不超过0.5%的标准收取佣金,0.20,0.05,,JPY,,-,-,-,-,50339.48,-,,0,0,0.25,"管理费：0.20%
托管费：0.05%",,-,-,-,最新份额：92541万份；增长：0.11%,1.86%,2025-12-30 14:59:50,日经225ETF易方达,25-12-30,25-12-29
161130,纳斯达克100LOF,E,易方达,https://www.efunds.com.cn/fund/161130.shtml,95.000,QDII,Y,Y,4.064,4.0710,2025-12-30,-0.17%,1177.84,291.2092,15:14:21,14134,5,0.04,4.0172,2025-12-26,3.9981,,2025-12-30,15:14:21,-0.46%,2025-12-29,-0.48%,Y,纳斯达克100,1.20%,限10,"M＜100万	1.20%
100万≤M＜200万	0.80%
200万≤M＜500万	0.50%
M≥500万	按笔收取，1000.00元/笔",1.50%,开放赎回,"0-6	1.50%
7及以上	0.50%",0.50,0.10,,USD,,buy,buy,buy,buy,25525.56,buy,指数从 2025-12-26 25644.39  到 2025-12-29 25525.56；汇率美元对人民币中间价从 2025-12-26 7.03580  到 2025-12-29 7.03310,0,0,0.60,"管理费：0.50%
托管费：0.10%",NDX.GI,buy,buy,-,最新份额：14134万份；增长：0.04%,2.06%,2025-12-30 15:14:21,纳斯达克100LOF,25-12-29,25-12-26
161125,标普500LOF,E,易方达,https://www.efunds.com.cn/fund/161125.shtml,95.000,QDII,Y,Y,2.990,2.9970,2025-12-30,-0.23%,587.61,196.9552,15:14:48,22046,6,0.03,2.9547,2025-12-26,2.9438,,2025-12-30,15:14:48,-0.35%,2025-12-29,-0.37%,Y,标普500,1.20%,限10,"M＜100万	1.20%
100万≤M＜200万	0.80%
200万≤M＜500万	0.50%
M≥500万	按笔收取，1000.00元/笔",1.50%,开放赎回,"0-6日	1.50%
7日及以上	0.50%",0.80,0.20,,USD,,buy,buy,buy,buy,6905.74,buy,指数从 2025-12-26 6929.94  到 2025-12-29 6905.74；汇率美元对人民币中间价从 2025-12-26 7.03580  到 2025-12-29 7.03310,0,0,1.00,"管理费：0.80%
托管费：0.20%",SPX.GI,buy,buy,-,最新份额：22046万份；增长：0.03%,0.89%,2025-12-30 15:14:48,标普500LOF,25-12-29,25-12-26
159518,标普油气ETF,E,嘉实基金,https://www.jsfund.cn/main/fund/159518/fundRecord.shtml,100.000,QDII,Y,Y,0.894,0.8950,2025-12-30,-0.11%,10898.95,12189.1191,15:14:51,141033,100,0.07,0.8728,2025-12-26,0.8830,,2025-12-30,15:14:51,1.21%,2025-12-29,1.17%,Y,标普石油天然气勘探及生产,0.50%,开放申购,最高不超过0.5%,0.50%,开放赎回,最高不超过0.5%,0.50,0.10,,USD,,-,-,-,-,4885.36,-,指数从 2025-12-26 4827.07  到 2025-12-29 4885.36；汇率美元对人民币中间价从 2025-12-26 7.03580  到 2025-12-29 7.03310,0,0,0.60,"管理费：0.50%
托管费：0.10%",SPSIOP.SPI,-,-,-,最新份额：141033万份；增长：0.07%,8.64%,2025-12-30 15:14:51,标普油气ETF,25-12-29,25-12-26
513350,标普油气ETF,E,富国基金,https://www.fullgoal.com.cn/fundDetail/513350/index.html,100.000,QDII,Y,Y,0.937,0.9370,2025-12-30,0.00%,6887.01,7355.2800,14:59:58,64075,0,0.00,0.9156,2025-12-26,0.9263,,2025-12-30,14:59:58,1.21%,2025-12-29,1.17%,Y,标普石油天然气勘探及生产,0.50%,暂停申购,最高不超过0.5%,0.50%,开放赎回,最高不超过0.5%,0.50,0.10,,USD,,-,-,-,-,4885.36,-,指数从 2025-12-26 4827.07  到 2025-12-29 4885.36；汇率美元对人民币中间价从 2025-12-26 7.03580  到 2025-12-29 7.03310,0,0,0.60,"管理费：0.50%
托管费：0.10%",SPSIOP.SPI,-,-,-,最新份额：64075万份；增长：0.00%,11.48%,2025-12-30 14:59:58,标普油气ETF,25-12-29,25-12-26
520920,恒生科技ETF天弘,A,天弘基金,https://www.thfund.com.cn/fundinfo/520920,100.000,INDEX,Y,Y,0.875,0.8630,2025-12-30,1.39%,27002.81,31040.5900,15:00:00,1221902,20000,1.66,0.8509,2025-12-29,0.8653,,2025-12-30,15:00:00,1.74%,2025-12-30,1.69%,Y,恒生科技,0.50%,开放申购,0.50%,0.50%,开放赎回,0.50%,0.50,0.10,,HKD,,-,-,-,-,5578.38,-,,0,0,0.60,"管理费：0.50%
托管费：0.10%",,-,-,-,最新份额：1221902万份；增长：1.66%,2.54%,2025-12-30 15:00:00,恒生科技ETF天弘,25-12-30,25-12-29
161124,港股小盘LOF,A,易方达,https://www.efunds.com.cn/fund/161124.shtml,95.000,INDEX,Y,Y,1.124,1.1220,2025-12-30,0.18%,737.25,658.6208,15:14:06,3127,1,0.03,1.1141,2025-12-29,1.1118,,2025-12-30,15:14:06,-0.17%,2025-12-30,-0.21%,Y,恒生小型股,1.20%,限1千,"M＜100万	1.20%
100万≤M＜200万	0.80%
200万≤M＜500万	0.50%
M≥500万	按笔收取，1000.00元/笔",1.50%,开放赎回,"0-6日	1.50%
7日及以上	0.50%",0.80,0.20,,HKD,,-,-,-,-,1571.42,-,,0,0,1.00,"管理费：0.80%
托管费：0.20%",,-,-,-,最新份额：3127万份；增长：0.03%,21.06%,2025-12-30 15:14:06,港股小盘LOF,25-12-30,25-12-29
159605,中概互联ETF,E,广发基金,http://www.gffunds.com.cn/funds/?fundcode=159605&fromSearch=1,100.000,QDII,Y,Y,1.094,1.0840,2025-12-30,0.92%,35081.92,32172.5001,15:14:39,406549,-100,-0.02,1.0912,2025-12-26,1.0821,,2025-12-30,15:14:39,-0.79%,2025-12-29,-0.83%,Y,中证海外中国互联网30指数,-,开放申购,-,-,开放赎回,-,0.50,0.10,,USD,,-,-,-,-,9989.05,-,指数从 2025-12-26 10068.11  到 2025-12-29 9989.05；汇率美元对人民币中间价从 2025-12-26 7.03580  到 2025-12-29 7.03310,0,0,0.60,"管理费：0.50%
托管费：0.10%",930604.CSI,-,-,-,最新份额：406549万份；增长：-0.02%,7.91%,2025-12-30 15:14:39,中概互联ETF,25-12-29,25-12-26
159607,中概互联网ETF,E,嘉实基金,https://www.jsfund.cn/main/fund/159607/fundManager.shtml,100.000,QDII,Y,Y,1.090,1.0810,2025-12-30,0.83%,15453.39,14229.4800,15:14:06,92183,0,0.00,1.0878,2025-12-26,1.0788,,2025-12-30,15:14:06,-0.79%,2025-12-29,-0.83%,Y,中证海外中国互联网30指数,0.00%,开放申购,0.00%,0.00%,开放赎回,0.00%,0.50,0.10,,USD,,-,-,-,-,9989.05,-,指数从 2025-12-26 10068.11  到 2025-12-29 9989.05；汇率美元对人民币中间价从 2025-12-26 7.03580  到 2025-12-29 7.03310,0,0,0.60,"管理费：0.50%
托管费：0.10%",930604.CSI,-,-,-,最新份额：92183万份；增长：0.00%,15.44%,2025-12-30 15:14:06,中概互联网ETF,25-12-29,25-12-26
513220,中概互联ETF,E,招商基金,https://www.cmfchina.com/web/fundDetail/513220/index.html,100.000,QDII,Y,Y,1.271,1.2600,2025-12-30,0.87%,3930.46,3101.5000,14:59:49,33011,0,0.00,1.2714,2025-12-26,1.2607,,2025-12-30,14:59:49,-0.84%,2025-12-29,-0.84%,Y,中证全球中国互联网指数,-,开放申购,-,-,开放赎回,-,0.50,0.15,,CNY,,-,-,-,-,2177.93,-,指数从 2025-12-26 2196.37  到 2025-12-29 2177.93,0,0,0.65,"管理费：0.50%
托管费：0.15%",930796.CSI,-,-,-,最新份额：33011万份；增长：0.00%,9.40%,2025-12-30 14:59:49,中概互联ETF,25-12-29,25-12-26
513080,法国CAC40ETF,E,华安基金,http://www.huaan.com.cn/funds/513080/index.shtml,100.000,QDII,Y,Y,1.782,1.7860,2025-12-30,-0.22%,1408.38,790.1900,14:59:16,57992,50,0.09,1.7710,2025-12-26,1.7703,,2025-12-30,14:59:16,0.10%,2025-12-29,-0.04%,Y,法国CAC40,-,开放申购,-,-,开放赎回,-,0.50,0.15,,EUR,,-,-,-,-,8112.02,-,指数从 2025-12-26 8103.58  到 2025-12-29 8112.02；汇率欧元对人民币中间价从 2025-12-26 8.27470  到 2025-12-29 8.26300,0,0,0.65,"管理费：0.50%
托管费：0.15%",FCHI.GI,-,-,-,最新份额：57992万份；增长：0.09%,1.36%,2025-12-30 14:59:16,法国CAC40ETF,25-12-29,25-12-26
513050,中概互联网ETF,E,易方达,https://www.efunds.com.cn/fund/513050.shtml,100.000,QDII,Y,Y,1.483,1.4710,2025-12-30,0.82%,145843.09,98786.2336,14:59:59,2703143,0,0.00,1.4888,2025-12-26,1.4733,,2025-12-30,14:59:59,-1.00%,2025-12-29,-1.04%,Y,中国互联网50,0.50%,开放申购,代理券商可按照不超过0.5%的标准收取佣金,0.50%,开放赎回,代理券商可按照不超过0.5%的标准收取佣金,0.60,0.20,,USD,,-,-,-,-,9367.47,-,指数从 2025-12-26 9462.23  到 2025-12-29 9367.47；汇率美元对人民币中间价从 2025-12-26 7.03580  到 2025-12-29 7.03310,0,0,0.80,"管理费：0.60%
托管费：0.20%",H30533.CSI,-,-,-,最新份额：2703143万份；增长：0.00%,3.65%,2025-12-30 14:59:59,中概互联网ETF,25-12-29,25-12-26
513400,道琼斯ETF,E,鹏华基金,https://www.phfund.com.cn/web/FUND_513400,100.000,QDII,Y,Y,1.241,1.2510,2025-12-30,-0.80%,22716.85,18316.9547,15:00:00,181806,7000,4.00,1.2402,2025-12-26,1.2334,,2025-12-30,15:00:00,-0.51%,2025-12-29,-0.55%,Y,道琼斯工业平均指数,-,开放申购,-,-,开放赎回,-,0.50,0.15,,USD,,buy,buy,buy,buy,48461.93,buy,指数从 2025-12-26 48710.97  到 2025-12-29 48461.93；汇率美元对人民币中间价从 2025-12-26 7.03580  到 2025-12-29 7.03310,0,0,0.65,"管理费：0.50%
托管费：0.15%",DJI.GI,buy,buy,-,最新份额：181806万份；增长：4.00%,10.08%,2025-12-30 15:00:00,道琼斯ETF,25-12-29,25-12-26
501300,美元债LOF,E,海富通,https://www.hftfund.com/products/qdii/501300/index.html,95.000,QDII,Y,Y,0.979,0.9800,2025-12-30,-0.10%,513.03,523.8088,14:59:57,145237,101,0.07,0.9725,2025-12-26,0.9732,,2025-12-30,14:59:57,0.12%,2025-12-29,0.08%,Y,美国债券综合指数,0.80%,限100,"M＜100万元	0.8%
100万元≤M＜200万元	0.5%
200万元≤M＜500万元	0.3%
M≥500万元	1000元/笔",1.50%,开放赎回,"7日以下	1.5%
7日(含)以上至1年以下	1.0%
1年(含)以上至2年以下	0.5%
2年(含)以上	0.0%",0.60,0.20,,USD,,-,-,-,-,100.16,-,指数从 2025-12-26 100.04  到 2025-12-29 100.16；汇率美元对人民币中间价从 2025-12-26 7.03580  到 2025-12-29 7.03310,0,0,0.80,"管理费：0.60%
托管费：0.20%",AGG,-,-,-,最新份额：145237万份；增长：0.07%,0.36%,2025-12-30 14:59:57,美元债LOF,25-12-29,25-12-26
159561,德国ETF,E,嘉实基金,https://www.jsfund.cn/main/fund/159561/fundManager.shtml,100.000,QDII,Y,Y,1.364,1.3670,2025-12-30,-0.22%,2865.40,2101.3600,15:14:48,149450,100,0.07,1.3594,2025-12-26,1.3582,,2025-12-30,15:14:48,0.05%,2025-12-29,-0.09%,Y,德国DAX,-,开放申购,-,-,开放赎回,-,0.50,0.10,,EUR,,buy,buy,buy,buy,24351.12,buy,指数从 2025-12-26 24340.06  到 2025-12-29 24351.12；汇率欧元对人民币中间价从 2025-12-26 8.27470  到 2025-12-29 8.26300,0,0,0.60,"管理费：0.50%
托管费：0.10%",GDAXI.GI,buy,buy,-,最新份额：149450万份；增长：0.07%,1.41%,2025-12-30 15:14:48,德国ETF,25-12-29,25-12-26
164906,中概互联网LOF,E,交银施罗德,https://www.fund001.com/fund/164906/index.shtml,95.000,QDII,Y,Y,1.258,1.2490,2025-12-30,0.72%,698.83,557.1821,15:14:15,78396,2,0.00,1.2616,2025-12-26,1.2527,,2025-12-30,15:14:15,-0.70%,2025-12-29,-0.70%,Y,中证海外中国互联网指数,1.20%,开放申购,"50万元以下 1.2%;
50万元（含）至100万元 0.8%;
100万元（含）至200万元 0.6%;
200万元（含）至500万元 0.4%;
500万元以上（含500万） 每笔交易1000元",1.50%,开放赎回,"7日以内	1.50%
7日以上(含)	0.5%",1.20,0.20,,USD,,-,-,-,-,5355.30,-,指数从 2025-12-26 5392.90  到 2025-12-29 5355.30；汇率美元对人民币中间价从 2025-12-26 7.03580  到 2025-12-29 7.03310,0,0,1.40,"管理费：1.20%
托管费：0.20%",H11136.CSI,-,-,-,最新份额：78396万份；增长：0.00%,0.71%,2025-12-30 15:14:15,中概互联网LOF,25-12-29,25-12-26
513030,德国ETF,E,华安基金,http://www.huaan.com.cn/funds/513030/index.shtml,100.000,QDII,Y,Y,1.863,1.8700,2025-12-30,-0.37%,5219.69,2798.9900,15:00:00,95178,50,0.05,1.8587,2025-12-26,1.8570,,2025-12-30,15:00:00,0.05%,2025-12-29,-0.09%,Y,德国DAX,-,开放申购,-,-,开放赎回,-,0.80,0.20,,EUR,,buy,buy,buy,buy,24351.12,buy,指数从 2025-12-26 24340.06  到 2025-12-29 24351.12；汇率欧元对人民币中间价从 2025-12-26 8.27470  到 2025-12-29 8.26300,0,0,1.00,"管理费：0.80%
托管费：0.20%",GDAXI.GI,buy,buy,-,最新份额：95178万份；增长：0.05%,2.94%,2025-12-30 15:00:00,德国ETF,25-12-29,25-12-26
513630,港股红利指数ETF,A,摩根基金,https://www.cifm.com/fund/513630/,100.000,INDEX,Y,Y,1.620,1.6100,2025-12-30,0.62%,43420.10,26932.0212,14:59:58,1032536,-100,-0.01,1.6201,2025-12-29,1.6150,,2025-12-30,14:59:58,-0.26%,2025-12-30,-0.31%,Y,港股通低波红利,-,开放申购,-,-,开放赎回,-,0.50,0.10,,HKD,,-,-,-,-,1314.25,-,,0,0,0.60,"管理费：0.50%
托管费：0.10%",,-,-,-,最新份额：1032536万份；增长：-0.01%,2.61%,2025-12-30 14:59:58,港股红利指数ETF,25-12-30,25-12-29
501311,新经济港股通LOF,A,嘉实基金,http://www.jsfund.cn/main/fund/501311/fundManager.shtml,95.000,INDEX,Y,Y,1.141,1.1320,2025-12-30,0.80%,78.03,68.7028,14:56:40,4594,0,0.00,1.1289,2025-12-29,1.1384,,2025-12-30,14:56:40,0.94%,2025-12-30,0.84%,Y,恒生港股通新经济,1.00%,开放申购,"M＜100万元	1.0%
100万元≤M＜200万元	0.6%
M≥200万元	每笔1000元",1.50%,开放赎回,"N＜7天	1.5%
7天≤N＜30天	0.1%
N≥30天	0",0.75,0.15,,HKD,,-,-,-,-,4337.91,-,,0,0,0.90,"管理费：0.75%
托管费：0.15%",,-,-,-,最新份额：4594万份；增长：0.00%,1.50%,2025-12-30 14:56:40,新经济港股通LOF,25-12-30,25-12-29
501025,香港银行LOF,A,鹏华基金,https://www.phfund.com.cn/web/FUND_501025,95.000,INDEX,Y,Y,1.668,1.6400,2025-12-30,1.71%,1637.47,988.5599,14:59:40,21634,0,0.00,1.6549,2025-12-29,1.6645,,2025-12-30,14:59:40,0.66%,2025-12-30,0.58%,Y,HK银行,1.20%,开放申购,"M < 100 万	1.20%
100 万 ≤ M < 500 万	0.60%
500 万 ≤ M	每笔1000元",1.50%,开放赎回,"小于7天，1.5%
超过7天，0.5%",0.75,0.15,,HKD,,-,-,-,-,4409.90,-,,0,0,0.90,"管理费：0.75%
托管费：0.15%",,-,-,-,最新份额：21634万份；增长：0.00%,4.57%,2025-12-30 14:59:40,香港银行LOF,25-12-30,25-12-29
501306,港股高股息LOFC,A,汇添富,http://www.99fund.com/main/products/pofund/501306/fundinfo.shtml,95.000,INDEX,Y,Y,1.223,1.2190,2025-12-30,0.33%,30.64,25.0755,14:56:19,1257,0,0.00,1.2207,2025-12-29,1.2208,,2025-12-30,14:56:19,0.06%,2025-12-30,0.01%,Y,港股通高股息,0.00%,开放申购,0.0%,1.50%,开放赎回,"T＜7天 1.50%
7天≤T＜30天 0.10%
T≥30天 0.0%",0.50,0.10,,HKD,,-,-,-,-,4930.94,-,,0,0,0.60,"管理费：0.50%
托管费：0.10%",,-,-,-,最新份额：1257万份；增长：0.00%,1.99%,2025-12-30 14:56:19,港股高股息LOFC,25-12-30,25-12-29
501305,港股高股息LOF,A,汇添富,http://www.99fund.com/main/products/pofund/501305/fundinfo.shtml,95.000,INDEX,Y,Y,1.264,1.2580,2025-12-30,0.48%,80.87,64.0594,14:50:23,1394,0,0.00,1.2618,2025-12-29,1.2619,,2025-12-30,14:50:23,0.06%,2025-12-30,0.01%,Y,港股通高股息,1.00%,开放申购,"100万以下 1.00%
100万(含) - 500万 0.50%
500万(含)以上 1000元/笔",1.50%,开放赎回,"T＜7天 1.50%
7天≤T＜30天 0.10%
T≥30天 0.0%",0.50,0.10,,HKD,,-,-,-,-,4930.94,-,,0,0,0.60,"管理费：0.50%
托管费：0.10%",,-,-,-,最新份额：1394万份；增长：0.00%,4.60%,2025-12-30 14:50:23,港股高股息LOF,25-12-30,25-12-29
513580,恒生科技ETF指数基金,A,华安基金,https://www.huaan.com.cn/funds/513580/index.shtml,100.000,INDEX,Y,Y,0.737,0.7280,2025-12-30,1.24%,11624.58,15882.8900,14:59:56,712812,1000,0.14,0.7238,2025-12-29,0.7360,,2025-12-30,14:59:56,1.74%,2025-12-30,1.69%,Y,恒生科技,-,开放申购,-,-,开放赎回,-,0.50,0.10,,HKD,,-,-,-,-,5578.38,-,,0,0,0.60,"管理费：0.50%
托管费：0.10%",,-,-,-,最新份额：712812万份；增长：0.14%,2.23%,2025-12-30 14:59:56,恒生科技ETF指数基金,25-12-30,25-12-29
513160,港股科技30ETF,A,银华基金,https://www.yhfund.com.cn/main/fund/funddetail/index.shtml?product_code=513160,100.000,INDEX,Y,Y,1.208,1.1880,2025-12-30,1.68%,40911.07,34174.1792,14:59:59,487819,0,0.00,1.1872,2025-12-29,1.2063,,2025-12-30,14:59:59,1.66%,2025-12-30,1.61%,Y,恒生港股通中国科技,-,开放申购,-,-,开放赎回,-,0.50,0.10,,HKD,,-,-,-,-,7546.08,-,,0,0,0.60,"管理费：0.50%
托管费：0.10%",,-,-,-,最新份额：487819万份；增长：0.00%,7.01%,2025-12-30 14:59:59,港股科技30ETF,25-12-30,25-12-29
520570,恒生科技ETF南方,A,南方基金,https://www.nffund.com/new/personal-financing/detail.html?fundCode=520570,100.000,INDEX,Y,Y,0.934,0.9200,2025-12-30,1.52%,6295.08,6787.9500,14:59:50,209388,17500,9.12,0.9181,2025-12-29,0.9336,,2025-12-30,14:59:50,1.74%,2025-12-30,1.69%,Y,恒生科技,-,开放申购,-,-,开放赎回,-,0.50,0.10,,HKD,,-,-,-,-,5578.38,-,,0,0,0.60,"管理费：0.50%
托管费：0.10%",,-,-,-,最新份额：209388万份；增长：9.12%,3.24%,2025-12-30 14:59:50,恒生科技ETF南方,25-12-30,25-12-29
501307,银河高股息LOF,A,银河基金,https://www.cgf.cn/pc/pc/fund/details?fundCode=501307,95.000,INDEX,Y,Y,1.234,1.2360,2025-12-30,-0.16%,57.25,46.4103,14:56:39,1812,0,0.00,1.2391,2025-12-29,1.2335,,2025-12-30,14:56:39,-0.42%,2025-12-30,-0.45%,Y,SHS高股息,1.00%,开放申购,"M < 50万	1.00%
50万 ≤ M < 200万	0.60%
200万 ≤ M < 500万	0.30%
M ≥ 500万	1000.00元",1.50%,开放赎回,"7日以内	1.50%
7日(含)-30日	0.10%
30日以上(含)	0.00%",0.50,0.18,,HKD,,-,-,-,-,5909.52,-,,0,0,0.68,"管理费：0.50%
托管费：0.18%",,-,-,-,最新份额：1812万份；增长：0.00%,2.56%,2025-12-30 14:56:39,银河高股息LOF,25-12-30,25-12-29
513360,教育ETF,E,博时基金,https://www.bosera.com/fund/513360.html,100.000,QDII,Y,Y,0.535,0.5350,2025-12-30,0.00%,2863.85,5344.2200,14:59:52,68971,150,0.22,0.5339,2025-12-26,0.5349,,2025-12-30,14:59:52,0.22%,2025-12-29,0.18%,Y,中证全球中国教育主题指数,0.50%,开放申购,代理券商可按照不超过0.5%标准收取佣金,0.50%,开放赎回,代理券商可按照不超过0.5%标准收取佣金,0.50,0.15,,USD,,-,-,-,-,1207.08,-,指数从 2025-12-26 1204.38  到 2025-12-29 1207.08；汇率美元对人民币中间价从 2025-12-26 7.03580  到 2025-12-29 7.03310,0,0,0.65,"管理费：0.50%
托管费：0.15%",931456.CSI,-,-,-,最新份额：68971万份；增长：0.22%,7.75%,2025-12-30 14:59:52,教育ETF,25-12-29,25-12-26
513040,港股通互联网ETF,A,易方达,https://www.efunds.com.cn/fund/513040.shtml,100.000,INDEX,Y,Y,1.399,1.3880,2025-12-30,0.79%,63000.71,45216.1865,14:59:54,562084,0,0.00,1.3883,2025-12-29,1.3987,,2025-12-30,14:59:54,0.80%,2025-12-30,0.75%,Y,港股通互联网,0.50%,开放申购,不超过0.5%,0.50%,开放赎回,不超过0.5%,0.50,0.10,,HKD,,-,-,-,-,1018.30,-,,0,0,0.60,"管理费：0.50%
托管费：0.10%",,-,-,-,最新份额：562084万份；增长：0.00%,8.04%,2025-12-30 14:59:54,港股通互联网ETF,25-12-30,25-12-29
159302,港股高股息ETF,A,银华基金,https://www.yhfund.com.cn/main/fund/funddetail/index.shtml?product_code=159302,100.000,INDEX,Y,Y,1.281,1.2780,2025-12-30,0.23%,1010.11,788.3601,15:14:48,11930,0,0.00,1.2848,2025-12-29,1.2807,,2025-12-30,15:14:48,-0.27%,2025-12-30,-0.32%,Y,港股通高股息,-,开放申购,-,-,开放赎回,-,0.50,0.10,,HKD,,-,-,-,-,5605.85,-,,0,0,0.60,"管理费：0.50%
托管费：0.10%",,-,-,-,最新份额：11930万份；增长：0.00%,6.61%,2025-12-30 15:14:48,港股高股息ETF,25-12-30,25-12-29
161127,标普生物科技LOF,E,易方达,https://www.efunds.com.cn/fund/161127.shtml,95.000,QDII,Y,Y,1.735,1.7430,2025-12-30,-0.46%,2951.91,1711.9856,15:14:51,21871,1,0.00,1.7554,2025-12-26,1.7347,,2025-12-30,15:14:51,-1.20%,2025-12-29,-1.18%,Y,标普生物科技精选行业指数,1.20%,限100,"M＜100万	1.20%
100万≤M＜200万	0.80%
200万≤M＜500万	0.50%
M≥500万	按笔收取，1000.00元/笔",1.50%,开放赎回,"0-6日	1.50%
7日及以上	0.50%",0.80,0.20,,USD,,-,-,-,-,9645.92,-,指数从 2025-12-26 9762.77  到 2025-12-29 9645.92；汇率美元对人民币中间价从 2025-12-26 7.03580  到 2025-12-29 7.03310,0,0,1.00,"管理费：0.80%
托管费：0.20%",SPSIBI.SPI,-,-,-,最新份额：21871万份；增长：0.00%,7.83%,2025-12-30 15:14:51,标普生物科技LOF,25-12-29,25-12-26
513550,港股通50ETF,A,华泰柏瑞,https://www.huatai-pb.com/products/zhishu/513550/index.html,100.000,INDEX,Y,Y,1.172,1.1700,2025-12-30,0.17%,9282.26,7963.6400,14:59:44,230499,2100,0.92,1.1648,2025-12-29,1.1722,,2025-12-30,14:59:44,0.69%,2025-12-30,0.64%,Y,港股通50,0.50%,开放申购,不超过0.5%,0.50%,开放赎回,0.10%,0.50,0.10,,HKD,,-,-,-,-,3907.13,-,,0,0,0.60,"管理费：0.50%
托管费：0.10%",,-,-,-,最新份额：230499万份；增长：0.92%,3.45%,2025-12-30 14:59:44,港股通50ETF,25-12-30,25-12-29
513820,港股通红利30ETF,A,汇添富,https://www.99fund.com/main/products/pofund/513820/fundgk.shtml,100.000,INDEX,Y,Y,1.221,1.2200,2025-12-30,0.08%,9339.19,7658.2800,14:59:59,374817,19850,5.59,1.2213,2025-12-29,1.2214,,2025-12-30,14:59:59,0.06%,2025-12-30,0.01%,Y,港股通高股息,-,开放申购,-,-,开放赎回,-,0.50,0.10,,HKD,,-,-,-,-,4930.94,-,,0,0,0.60,"管理费：0.50%
托管费：0.10%",,-,-,-,最新份额：374817万份；增长：5.59%,2.04%,2025-12-30 14:59:59,港股通红利30ETF,25-12-30,25-12-29
513750,港股非银ETF,A,广发基金,https://www.gffunds.com.cn/funds/?fundcode=513750,100.000,INDEX,Y,Y,1.723,1.7390,2025-12-30,-0.92%,118179.64,68624.6787,14:59:57,1575384,44150,2.88,1.7353,2025-12-29,1.7235,,2025-12-30,14:59:57,-0.63%,2025-12-30,-0.68%,Y,港股通非银,-,开放申购,-,-,开放赎回,-,0.50,0.10,,HKD,,-,-,-,-,4333.30,-,,0,0,0.60,"管理费：0.50%
托管费：0.10%",,-,-,-,最新份额：1575384万份；增长：2.88%,4.36%,2025-12-30 14:59:57,港股非银ETF,25-12-30,25-12-29
159128,港股科技ETF天弘,A,天弘基金,https://www.thfund.com.cn/fundinfo/159128,100.000,INDEX,Y,Y,0.922,0.9170,2025-12-30,0.55%,4081.76,4453.2682,15:14:48,176676,2500,1.44,0.9131,2025-12-29,0.9224,,2025-12-30,15:14:48,1.07%,2025-12-30,1.02%,Y,国证港股通科技,-,开放申购,-,-,开放赎回,-,0.50,0.10,,HKD,,-,-,-,-,3038.18,-,,0,0,0.60,"管理费：0.50%
托管费：0.10%",,-,-,-,最新份额：176676万份；增长：1.44%,2.52%,2025-12-30 15:14:48,港股科技ETF天弘,25-12-30,25-12-29
159318,恒生港股通ETF,A,银华基金,https://www.yhfund.com.cn/main/fund/funddetail/index.shtml?product_code=159318,100.000,INDEX,Y,Y,1.392,1.3780,2025-12-30,1.02%,2622.62,1896.0900,15:14:00,3860,500,14.88,1.3834,2025-12-29,1.3929,,2025-12-30,15:14:00,0.74%,2025-12-30,0.69%,Y,恒指港股通,-,开放申购,-,-,开放赎回,-,0.50,0.10,,HKD,,-,-,-,-,3525.78,-,,0,0,0.60,"管理费：0.50%
托管费：0.10%",,-,-,-,最新份额：3860万份；增长：14.88%,49.12%,2025-12-30 15:14:00,恒生港股通ETF,25-12-30,25-12-29
513910,港股央企红利ETF,A,华夏基金,https://www.chinaamc.com/fund/513910/index.shtml,100.000,INDEX,Y,Y,1.595,1.5930,2025-12-30,0.13%,22652.77,14229.9700,14:59:53,313428,0,0.00,1.5957,2025-12-29,1.5960,,2025-12-30,14:59:53,0.07%,2025-12-30,0.02%,Y,中证港股通央企红利,-,开放申购,-,-,开放赎回,-,0.50,0.10,,HKD,,-,-,-,-,1168.13,-,,0,0,0.60,"管理费：0.50%
托管费：0.10%",,-,-,-,最新份额：313428万份；增长：0.00%,4.54%,2025-12-30 14:59:53,港股央企红利ETF,25-12-30,25-12-29
513090,香港证券ETF,A,易方达,https://www.efunds.com.cn/fund/513090.shtml,100.000,INDEX,Y,Y,2.050,2.0690,2025-12-30,-0.92%,681024.58,331236.5297,15:00:00,1481849,-21200,-1.41,2.0681,2025-12-29,2.0515,,2025-12-30,15:00:00,-0.75%,2025-12-30,-0.80%,Y,香港证券,0.50%,开放申购,代理券商可按照不超过0.5%的标准收取佣金,0.50%,开放赎回,代理券商可按照不超过0.5%的标准收取佣金,0.15,0.05,,HKD,,-,-,-,-,1414.28,-,,0,0,0.20,"管理费：0.15%
托管费：0.05%",,-,-,-,最新份额：1481849万份；增长：-1.41%,22.35%,2025-12-30 15:00:00,香港证券ETF,25-12-30,25-12-29
520980,港股通科技30ETF,A,汇添富,https://www.99fund.com/main/products/pofund/520980/fundgk.shtml,100.000,INDEX,Y,Y,1.099,1.0860,2025-12-30,1.20%,29977.46,27442.3935,14:59:59,446039,900,0.20,1.0825,2025-12-29,1.0999,,2025-12-30,14:59:59,1.66%,2025-12-30,1.61%,Y,恒生港股通中国科技,-,开放申购,-,-,开放赎回,-,0.50,0.10,,HKD,,-,-,-,-,7546.08,-,,0,0,0.60,"管理费：0.50%
托管费：0.10%",,-,-,-,最新份额：446039万份；增长：0.20%,6.15%,2025-12-30 14:59:59,港股通科技30ETF,25-12-30,25-12-29
159636,港股通科技30ETF,A,工银瑞信,https://www.icbccs.com.cn/jj/jjxq/159636.html,100.000,INDEX,Y,Y,0.664,0.6560,2025-12-30,1.22%,74404.46,112773.2224,15:14:06,5289250,-19400,-0.37,0.6580,2025-12-29,0.6647,,2025-12-30,15:14:06,1.07%,2025-12-30,1.02%,Y,国证港股通科技,0.50%,开放申购,最高不超过0.5%,0.50%,开放赎回,最高不超过0.5%,0.45,0.07,,HKD,,-,-,-,-,3038.18,-,,0,0,0.52,"管理费：0.45%
托管费：0.07%",,-,-,-,最新份额：5289250万份；增长：-0.37%,2.13%,2025-12-30 15:14:06,港股通科技30ETF,25-12-30,25-12-29
159688,恒生互联网ETF,A,华安基金,https://www.huaan.com.cn/funds/159688/index.shtml,100.000,INDEX,Y,Y,1.055,1.0380,2025-12-30,1.64%,23637.77,22538.5446,15:14:30,134978,0,0.00,1.0385,2025-12-29,1.0562,,2025-12-30,15:14:30,1.76%,2025-12-30,1.71%,Y,恒生互联,-,开放申购,-,-,开放赎回,-,0.50,0.15,,HKD,,-,-,-,-,2959.78,-,,0,0,0.65,"管理费：0.50%
托管费：0.15%",,-,-,-,最新份额：134978万份；增长：0.00%,16.70%,2025-12-30 15:14:30,恒生互联网ETF,25-12-30,25-12-29
513380,恒生科技ETF龙头,A,广发基金,http://www.gffunds.com.cn/funds/?fundcode=513380&fromSearch=1,100.000,INDEX,Y,Y,0.672,0.6650,2025-12-30,1.05%,43140.69,64473.6731,14:59:58,1777878,6300,0.36,0.6616,2025-12-29,0.6728,,2025-12-30,14:59:58,1.74%,2025-12-30,1.69%,Y,恒生科技,-,开放申购,-,-,开放赎回,-,0.50,0.10,,HKD,,-,-,-,-,5578.38,-,,0,0,0.60,"管理费：0.50%
托管费：0.10%",,-,-,-,最新份额：1777878万份；增长：0.36%,3.63%,2025-12-30 14:59:58,恒生科技ETF龙头,25-12-30,25-12-29
159101,港股通科技ETF基金,A,华夏基金,https://www.chinaamc.com/fund/159101/index.shtml,100.000,INDEX,Y,Y,0.938,0.9340,2025-12-30,0.43%,25848.31,27718.5270,15:14:30,280031,2700,0.97,0.9296,2025-12-29,0.9391,,2025-12-30,15:14:30,1.07%,2025-12-30,1.02%,Y,国证港股通科技,-,开放申购,-,-,开放赎回,-,0.50,0.10,,HKD,,-,-,-,-,3038.18,-,,0,0,0.60,"管理费：0.50%
托管费：0.10%",,-,-,-,最新份额：280031万份；增长：0.97%,9.90%,2025-12-30 15:14:30,港股通科技ETF基金,25-12-30,25-12-29
513010,恒生科技30ETF,A,易方达,https://www.efunds.com.cn/fund/513010.shtml,100.000,INDEX,Y,Y,0.760,0.7510,2025-12-30,1.20%,66111.97,87565.8560,14:59:59,3524531,12400,0.35,0.7484,2025-12-29,0.7610,,2025-12-30,14:59:59,1.74%,2025-12-30,1.69%,Y,恒生科技,0.50%,开放申购,最高不超过0.5%,0.50%,开放赎回,最高不超过0.5%,0.20,0.05,,HKD,,-,-,-,-,5578.38,-,,0,0,0.25,"管理费：0.20%
托管费：0.05%",,-,-,-,最新份额：3524531万份；增长：0.35%,2.48%,2025-12-30 14:59:59,恒生科技30ETF,25-12-30,25-12-29
501310,价值基金LOF,A,华宝基金,https://www.fsfund.com/fund/501310/fundDetail.shtml,95.000,INDEX,Y,Y,1.340,1.3390,2025-12-30,0.07%,786.76,587.5100,14:57:14,1942,0,0.00,1.3436,2025-12-29,1.3418,,2025-12-30,14:57:14,-0.09%,2025-12-30,-0.13%,Y,标普中国价值,1.20%,开放申购,"100万元以下	1.2%
100万元(含)-200万元	0.6%
200万元(含)以上	每笔1000元",1.50%,开放赎回,"7天以内	1.5%
7天(含)-180天		0.5%
180天(含)-1年	0.25%
1年(含)- 以上	0.0%",0.75,0.15,,HKD,,-,-,-,-,1707.03,-,,0,0,0.90,"管理费：0.75%
托管费：0.15%",,-,-,-,最新份额：1942万份；增长：0.00%,30.25%,2025-12-30 14:57:14,价值基金LOF,25-12-30,25-12-29
513560,香港科技ETF,A,兴银基金,https://www.hffunds.cn/products/zhishu/513560/index.html,100.000,INDEX,Y,Y,1.336,1.3290,2025-12-30,0.53%,6137.91,4615.1200,14:59:58,69339,100,0.14,1.3250,2025-12-29,1.3378,,2025-12-30,14:59:58,1.02%,2025-12-30,0.97%,Y,港股通科技,-,开放申购,,,开放赎回,,0.50,0.10,,HKD,,-,-,-,-,3271.76,-,,0,0,0.60,"管理费：0.50%
托管费：0.10%",,-,-,-,最新份额：69339万份；增长：0.14%,6.66%,2025-12-30 14:59:58,香港科技ETF,25-12-30,25-12-29
159118,港股通红利低波ETF基金,A,华夏基金,https://www.chinaamc.com/fund/159118/index.shtml,100.000,INDEX,Y,Y,0.969,0.9670,2025-12-30,0.21%,380.85,394.3312,15:14:33,31068,0,0.00,0.9733,2025-12-29,0.9703,,2025-12-30,15:14:33,-0.26%,2025-12-30,-0.31%,Y,港股通低波红利,-,开放申购,-,-,开放赎回,-,0.15,0.05,,HKD,,-,-,-,-,1314.25,-,,0,0,0.20,"管理费：0.15%
托管费：0.05%",,-,-,-,最新份额：31068万份；增长：0.00%,1.27%,2025-12-30 15:14:33,港股通红利低波ETF基金,25-12-30,25-12-29
159545,恒生红利低波ETF,A,易方达,https://www.efunds.com.cn/fund/159545.shtml,100.000,INDEX,Y,Y,1.433,1.4350,2025-12-30,-0.14%,9675.76,6751.4788,15:13:54,529840,14760,2.87,1.4397,2025-12-29,1.4349,,2025-12-30,15:13:54,-0.28%,2025-12-30,-0.33%,Y,恒生港股通高股息低波动,-,开放申购,-,-,开放赎回,-,0.15,0.05,,HKD,,-,-,-,-,4479.81,-,,0,0,0.20,"管理费：0.15%
托管费：0.05%",,-,-,-,最新份额：529840万份；增长：2.87%,1.27%,2025-12-30 15:13:54,恒生红利低波ETF,25-12-30,25-12-29
159281,港股通央企红利ETF天弘,A,天弘基金,https://www.thfund.com.cn/fundinfo/159281,100.000,INDEX,Y,Y,0.991,0.9880,2025-12-30,0.30%,2646.92,2678.6353,15:14:45,35523,500,1.43,0.9921,2025-12-29,0.9923,,2025-12-30,15:14:45,0.07%,2025-12-30,0.02%,Y,中证港股通央企红利,-,开放申购,-,-,开放赎回,-,0.50,0.10,,HKD,,-,-,-,-,1168.13,-,,0,0,0.60,"管理费：0.50%
托管费：0.10%",,-,-,-,最新份额：35523万份；增长：1.43%,7.54%,2025-12-30 15:14:45,港股通央企红利ETF天弘,25-12-30,25-12-29
162415,美国消费LOF,E,华宝基金,https://www.fsfund.com/fund/162415/fundDetail.shtml,95.000,QDII,Y,Y,3.075,3.0850,2025-12-30,-0.32%,1744.83,568.2747,15:14:27,9163,0,0.00,3.1090,2025-12-26,3.0792,,2025-12-30,15:14:27,-0.97%,2025-12-29,-0.96%,Y,标普可选消费品精选版块指数,1.20%,限10,"100万元以下1.20%
100~200万 0.8%
200~500万 0.4%
500万以上每笔1000元",1.50%,开放赎回,"7日内	1.5%
7日及以上	0.50%",1.00,0.20,,USD,,-,-,-,-,2443.47,-,指数从 2025-12-26 2467.51  到 2025-12-29 2443.47；汇率美元对人民币中间价从 2025-12-26 7.03580  到 2025-12-29 7.03310,0,0,1.20,"管理费：1.00%
托管费：0.20%",IXY.SPI,-,-,-,最新份额：9163万份；增长：0.00%,6.20%,2025-12-30 15:14:27,美国消费LOF,25-12-29,25-12-26
513530,港股通红利ETF,A,华泰柏瑞,https://www.huatai-pb.com/products/zhishu/513530/index.html,95.000,INDEX,Y,Y,1.619,1.6150,2025-12-30,0.25%,11381.69,7037.9891,14:59:53,228194,2950,1.31,1.6212,2025-12-29,1.6213,,2025-12-30,14:59:53,0.06%,2025-12-30,0.01%,Y,港股通高股息,-,开放申购,-,-,开放赎回,-,0.50,0.10,,HKD,,-,-,-,-,4930.94,-,,0,0,0.60,"管理费：0.50%
托管费：0.10%",,-,-,-,最新份额：228194万份；增长：1.31%,3.08%,2025-12-30 14:59:53,港股通红利ETF,25-12-30,25-12-29
159220,港股通红利ETF,A,华宝基金,https://www.fsfund.com/fund/159220/fundDetail.shtml,100.000,INDEX,Y,Y,0.601,0.6000,2025-12-30,0.17%,6675.98,11148.1000,15:14:06,54957,0,0.00,0.6038,2025-12-29,0.6019,,2025-12-30,15:14:06,-0.26%,2025-12-30,-0.31%,Y,港股通低波红利,-,开放申购,-,-,开放赎回,-,0.50,0.10,,HKD,,-,-,-,-,1314.25,-,,0,0,0.60,"管理费：0.50%
托管费：0.10%",,-,-,-,最新份额：54957万份；增长：0.00%,20.29%,2025-12-30 15:14:06,港股通红利ETF,25-12-30,25-12-29
520890,港股通红利低波ETF,A,华泰柏瑞,https://www.huatai-pb.com/products/zhishu/520890/index.html,100.000,INDEX,Y,Y,1.426,1.4260,2025-12-30,0.00%,2390.94,1675.9100,14:59:19,9501,0,0.00,1.4331,2025-12-29,1.4283,,2025-12-30,14:59:19,-0.28%,2025-12-30,-0.33%,Y,恒生港股通高股息低波动,0.50%,开放申购,不超过0.50%,0.50%,开放赎回,不超过0.50%,0.50,0.10,,HKD,,-,-,-,-,4479.81,-,,0,0,0.60,"管理费：0.50%
托管费：0.10%",,-,-,-,最新份额：9501万份；增长：0.00%,17.64%,2025-12-30 14:59:19,港股通红利低波ETF,25-12-30,25-12-29
513830,港股红利ETF,A,嘉实基金,https://www.jsfund.cn/main/fund/513830/fundManager.shtml,100.000,INDEX,Y,Y,1.165,1.1620,2025-12-30,0.26%,556.04,477.5900,14:59:52,12281,0,0.00,1.1668,2025-12-29,1.1669,,2025-12-30,14:59:52,0.06%,2025-12-30,0.01%,Y,港股通高股息,-,开放申购,-,-,开放赎回,-,0.50,0.10,,HKD,,-,-,-,-,4930.94,-,,0,0,0.60,"管理费：0.50%
托管费：0.10%",,-,-,-,最新份额：12281万份；增长：0.00%,3.89%,2025-12-30 14:59:52,港股红利ETF,25-12-30,25-12-29
159262,港股通科技ETF,A,广发基金,https://www.gffunds.com.cn/funds/?fundcode=159262,100.000,INDEX,Y,Y,1.068,1.0570,2025-12-30,1.04%,35045.55,32999.3022,15:14:09,874872,13300,1.54,1.0547,2025-12-29,1.0697,,2025-12-30,15:14:09,1.47%,2025-12-30,1.42%,Y,恒生港股通科技,-,开放申购,-,-,开放赎回,-,0.50,0.10,,HKD,,-,-,-,-,2929.49,-,,0,0,0.60,"管理费：0.50%
托管费：0.10%",,-,-,-,最新份额：874872万份；增长：1.54%,3.77%,2025-12-30 15:14:09,港股通科技ETF,25-12-30,25-12-29
164705,恒生LOF,A,汇添富,http://www.99fund.com/main/products/pofund/164705/fundgk.shtml,95.000,INDEX,Y,Y,1.194,1.1850,2025-12-30,0.76%,129.61,109.0500,15:14:03,4762,0,0.00,1.1868,2025-12-29,1.1959,,2025-12-30,15:14:03,0.86%,2025-12-30,0.77%,Y,恒生指数,1.20%,开放申购,"M＜100 万元 1.20% 
100 万元≤M＜300 万元 0.80% 
300 万元≤M＜500 万元 0.40% 
500 万元≤M＜1000 万元 0.20% 
M≥1000 万元  1000 元/笔
（本基金 C 类基金份额仅可通过场外方式申购，且不收取申购费用）",1.50%,开放赎回,"N＜7 日 1.50%
N≥7 日 0.00",0.80,0.20,,HKD,,-,-,-,-,25854.60,-,,0,0,1.00,"管理费：0.80%
托管费：0.20%",,-,-,-,最新份额：4762万份；增长：0.00%,2.29%,2025-12-30 15:14:03,恒生LOF,25-12-30,25-12-29
520630,港股通互联网30ETF,A,广发基金,https://www.gffunds.com.cn/funds/?fundcode=520630,100.000,INDEX,Y,Y,0.973,0.9660,2025-12-30,0.72%,3205.44,3333.6300,14:59:41,35111,0,0.00,0.9677,2025-12-29,0.9749,,2025-12-30,14:59:41,0.80%,2025-12-30,0.75%,Y,港股通互联网,-,开放申购,-,-,开放赎回,-,0.50,0.10,,HKD,,-,-,-,-,1018.30,-,,0,0,0.60,"管理费：0.50%
托管费：0.10%",,-,-,-,最新份额：35111万份；增长：0.00%,9.49%,2025-12-30 14:59:41,港股通互联网30ETF,25-12-30,25-12-29
513330,恒生互联网ETF,A,华夏基金,http://www.chinaamc.com/fund/513330/index.shtml,100.000,INDEX,Y,Y,0.522,0.5150,2025-12-30,1.36%,223654.77,431429.6271,15:00:00,6685348,2000,0.03,0.5142,2025-12-29,0.5230,,2025-12-30,15:00:00,1.76%,2025-12-30,1.71%,Y,恒生互联,0.50%,开放申购,不超过0.50%,0.50%,开放赎回,不超过0.50%,0.50,0.15,,HKD,,-,-,-,-,2959.78,-,,0,0,0.65,"管理费：0.50%
托管费：0.15%",,-,-,-,最新份额：6685348万份；增长：0.03%,6.45%,2025-12-30 15:00:00,恒生互联网ETF,25-12-30,25-12-29
159788,港股通100ETF,A,易方达,https://www.efunds.com.cn/fund/159788.shtml,100.000,INDEX,Y,Y,1.346,1.3320,2025-12-30,1.05%,4373.93,3275.4900,15:14:12,15042,1000,7.12,1.3385,2025-12-29,1.3485,,2025-12-30,15:14:12,0.80%,2025-12-30,0.75%,Y,港股通中国100,0.50%,开放申购,不超过0.5%,0.50%,开放赎回,不超过0.5%,0.15,0.05,,HKD,,-,-,-,-,3813.47,-,,0,0,0.20,"管理费：0.15%
托管费：0.05%",,-,-,-,最新份额：15042万份；增长：7.12%,21.78%,2025-12-30 15:14:12,港股通100ETF,25-12-30,25-12-29
159742,恒生科技指数ETF,A,博时基金,https://www.bosera.com/fund/159742.html,100.000,INDEX,Y,Y,0.748,0.7380,2025-12-30,1.36%,20593.71,27733.7900,15:14:48,627293,-100,-0.02,0.7370,2025-12-29,0.7494,,2025-12-30,15:14:48,1.74%,2025-12-30,1.69%,Y,恒生科技,0.50%,开放申购,最高不超过0.5%,0.50%,开放赎回,最高不超过0.5%,0.50,0.15,,HKD,,-,-,-,-,5578.38,-,,0,0,0.65,"管理费：0.50%
托管费：0.15%",,-,-,-,最新份额：627293万份；增长：-0.02%,4.42%,2025-12-30 15:14:48,恒生科技指数ETF,25-12-30,25-12-29
520650,港股通互联网ETF南方,A,南方基金,https://www.nffund.com/new/personal-financing/detail.html?fundCode=520650,100.000,INDEX,Y,Y,0.888,0.8860,2025-12-30,0.23%,628.47,710.3000,14:59:10,27776,400,1.46,0.8832,2025-12-29,0.8898,,2025-12-30,14:59:10,0.80%,2025-12-30,0.75%,Y,中证港股通互联网,-,开放申购,-,-,开放赎回,-,0.30,0.05,,HKD,,-,-,-,-,1018.30,-,,0,0,0.35,"管理费：0.30%
托管费：0.05%",,-,-,-,最新份额：27776万份；增长：1.46%,2.56%,2025-12-30 14:59:10,港股通互联网ETF南方,25-12-30,25-12-29
160140,美国REIT精选LOF,E,南方基金,https://www.nffund.com/main/nffund/personal-financing/detail.shtml?fundCode=160140,95.000,QDII,Y,Y,1.294,1.2950,2025-12-30,-0.08%,148.92,115.0533,15:14:45,9246,1,0.01,1.2949,2025-12-26,1.2967,,2025-12-30,15:14:45,0.19%,2025-12-29,0.14%,Y,道琼斯美国精选REIT指数,1.20%,限100万,"M＜100万	1.20
100万≤M＜300万	0.80
300万≤M＜500万	0.50
500万≤M	每笔1000元",1.50%,开放赎回,"N<7日	1.50
7日≤T＜1年	0.50
1年≤T＜2年	0.25
T≥2年	0.00",0.80,0.20,,USD,,-,-,-,-,294.89,-,指数从 2025-12-26 294.33  到 2025-12-29 294.89；汇率美元对人民币中间价从 2025-12-26 7.03580  到 2025-12-29 7.03310,0,0,1.00,"管理费：0.80%
托管费：0.20%",DWRTF,-,-,-,最新份额：9246万份；增长：0.01%,1.24%,2025-12-30 15:14:45,美国REIT精选LOF,25-12-29,25-12-26
501301,香港大盘LOF,A,华宝基金,https://www.fsfund.com/fund/501301/fundDetail.shtml,95.000,INDEX,Y,Y,1.365,1.3540,2025-12-30,0.81%,814.04,599.6757,14:59:43,2106,0,0.00,1.3574,2025-12-29,1.3683,,2025-12-30,14:59:43,0.90%,2025-12-30,0.81%,Y,恒生中国30,1.00%,开放申购,"小于100万元，1.0%  
大于等于100万元，小于200万元，0.6%  
大于等于200万元，每笔1000元
",1.50%,开放赎回,"7日内，1.5%
大于等于7日小于180日，0.50%
大于等于180日小于1年，0.25%
大于等于1年，0.00%",0.75,0.15,,HKD,,-,-,-,-,9534.62,-,,0,0,0.90,"管理费：0.75%
托管费：0.15%",,-,-,-,最新份额：2106万份；增长：0.00%,28.47%,2025-12-30 14:59:43,香港大盘LOF,25-12-30,25-12-29
513900,港股通100ETF,A,华安基金,https://www.huaan.com.cn/funds/513900/index.shtml,100.000,INDEX,Y,Y,1.079,1.0770,2025-12-30,0.19%,1347.81,1253.2300,14:59:54,10998,400,3.77,1.0776,2025-12-29,1.0816,,2025-12-30,14:59:54,0.37%,2025-12-30,0.37%,Y,中华港股通精选100,-,开放申购,-,-,开放赎回,-,0.60,0.10,,CNY,,-,-,-,-,5621.38,-,,0,0,0.70,"管理费：0.60%
托管费：0.10%",,-,-,-,最新份额：10998万份；增长：3.77%,11.40%,2025-12-30 14:59:54,港股通100ETF,25-12-30,25-12-29
159750,香港科技50ETF,A,招商基金,https://www.cmfchina.com/web/fundDetail/159750/index.html,100.000,INDEX,Y,Y,1.032,1.0190,2025-12-30,1.28%,6674.53,6515.6900,15:14:06,147162,0,0.00,1.0189,2025-12-29,1.0345,,2025-12-30,15:14:06,1.58%,2025-12-30,1.53%,Y,港股科技,-,开放申购,-,-,开放赎回,-,0.50,0.15,,HKD,,-,-,-,-,1772.47,-,,0,0,0.65,"管理费：0.50%
托管费：0.15%",,-,-,-,最新份额：147162万份；增长：0.00%,4.43%,2025-12-30 15:14:06,香港科技50ETF,25-12-30,25-12-29
159691,港股红利ETF,A,工银瑞信,https://www.icbccs.com.cn/jj/jjxq/159691.html,100.000,INDEX,Y,Y,1.297,1.2820,2025-12-30,1.17%,27505.11,21324.8900,15:14:30,654130,-1800,-0.27,1.2892,2025-12-29,1.3003,,2025-12-30,15:14:30,0.91%,2025-12-30,0.86%,Y,HK高股息,0.50%,开放申购,最高不超过0.5%,0.50%,开放赎回,最高不超过0.5%,0.45,0.07,,HKD,,-,-,-,-,3466.15,-,,0,0,0.52,"管理费：0.45%
托管费：0.07%",,-,-,-,最新份额：654130万份；增长：-0.27%,3.26%,2025-12-30 15:14:30,港股红利ETF,25-12-30,25-12-29
513890,恒生科技HKETF,A,摩根基金,https://www.cifm.com/fund/513890/,100.000,INDEX,Y,Y,1.121,1.1070,2025-12-30,1.26%,5085.48,4567.8900,14:59:49,78613,0,0.00,1.1053,2025-12-29,1.1240,,2025-12-30,14:59:49,1.74%,2025-12-30,1.69%,Y,恒生科技,-,开放申购,-,-,开放赎回,-,0.50,0.15,,HKD,,-,-,-,-,5578.38,-,,0,0,0.65,"管理费：0.50%
托管费：0.15%",,-,-,-,最新份额：78613万份；增长：0.00%,5.81%,2025-12-30 14:59:49,恒生科技HKETF,25-12-30,25-12-29
159280,港股通互联网ETF汇添富,A,汇添富,https://www.99fund.com/main/products/pofund/159280/fundgk.shtml,100.000,INDEX,Y,Y,0.939,0.9310,2025-12-30,0.86%,462.31,495.4609,15:14:42,11572,0,0.00,0.9318,2025-12-29,0.9415,,2025-12-30,15:14:42,1.09%,2025-12-30,1.04%,Y,国证港股通互联网,-,开放申购,-,-,开放赎回,-,0.40,0.10,,HKD,,-,-,-,-,1499.69,-,,0,0,0.50,"管理费：0.40%
托管费：0.10%",,-,-,-,最新份额：11572万份；增长：0.00%,4.28%,2025-12-30 15:14:42,港股通互联网ETF汇添富,25-12-30,25-12-29
159117,港股通红利低波ETF,A,鹏华基金,https://www.phfund.com.cn/fund/fundDetail?ph_param=elg1SW5tc3N1SjVXN0RNV2RTZFBSOEF5YVFMNXVhTmFLWnE2V0NhWGdHVT0=,100.000,INDEX,Y,Y,1.016,1.0170,2025-12-30,-0.10%,383.93,378.5739,15:14:36,14540,-600,-3.96,1.0221,2025-12-29,1.0189,,2025-12-30,15:14:36,-0.26%,2025-12-30,-0.31%,Y,港股通低波红利,-,开放申购,-,-,开放赎回,-,0.30,0.10,,HKD,,-,-,-,-,1314.25,-,,0,0,0.40,"管理费：0.30%
托管费：0.10%",,-,-,-,最新份额：14540万份；增长：-3.96%,2.60%,2025-12-30 15:14:36,港股通红利低波ETF,25-12-30,25-12-29
513320,恒生新经济ETF,A,易方达,https://www.efunds.com.cn/fund/513320.shtml,100.000,INDEX,Y,Y,1.316,1.3100,2025-12-30,0.46%,808.54,617.8800,14:59:38,11301,0,0.00,1.3081,2025-12-29,1.3197,,2025-12-30,14:59:38,0.94%,2025-12-30,0.89%,Y,恒生港股通新经济,0.50%,开放申购,最高不超过0.5%,0.50%,开放赎回,最高不超过0.5%,0.50,0.10,,HKD,,-,-,-,-,4337.91,-,,0,0,0.60,"管理费：0.50%
托管费：0.10%",,-,-,-,最新份额：11301万份；增长：0.00%,5.47%,2025-12-30 14:59:38,恒生新经济ETF,25-12-30,25-12-29
159712,港股通50ETF,A,国泰基金,https://e.gtfund.com/Etrade/Jijin/view/id/159712,100.000,INDEX,Y,Y,1.290,1.2830,2025-12-30,0.55%,7598.67,5916.8400,15:14:24,12178,7800,178.16,1.2856,2025-12-29,1.2938,,2025-12-30,15:14:24,0.69%,2025-12-30,0.64%,Y,港股通50,0.50%,开放申购,不超过0.5%,0.50%,开放赎回,不超过0.5%,0.50,0.10,,HKD,,-,-,-,-,3907.13,-,,0,0,0.60,"管理费：0.50%
托管费：0.10%",,-,-,-,最新份额：12178万份；增长：178.16%,48.59%,2025-12-30 15:14:24,港股通50ETF,25-12-30,25-12-29
159331,红利港股ETF,A,国泰基金,https://e.gtfund.com/Etrade/Jijin/view/id/159331,100.000,INDEX,Y,Y,1.282,1.2800,2025-12-30,0.16%,936.08,729.7691,15:14:00,22269,400,1.83,1.2856,2025-12-29,1.2857,,2025-12-30,15:14:00,0.06%,2025-12-30,0.01%,Y,港股通高股息,-,开放申购,-,-,开放赎回,-,0.50,0.10,,HKD,,-,-,-,-,4930.94,-,,0,0,0.60,"管理费：0.50%
托管费：0.10%",,-,-,-,最新份额：22269万份；增长：1.83%,3.28%,2025-12-30 15:14:00,红利港股ETF,25-12-30,25-12-29
159251,港股科技ETF基金,A,万家基金,https://www.wjasset.com/products/etf/159251/index.html,100.000,INDEX,Y,Y,0.972,0.9660,2025-12-30,0.62%,954.11,985.8407,15:14:21,24279,0,0.00,0.9650,2025-12-29,0.9748,,2025-12-30,15:14:21,1.07%,2025-12-30,1.02%,Y,国证港股通科技,0.50%,开放申购,最高不超过0.5%,0.50%,开放赎回,最高不超过0.5%,0.50,0.10,,HKD,,-,-,-,-,3038.18,-,,0,0,0.60,"管理费：0.50%
托管费：0.10%",,-,-,-,最新份额：24279万份；增长：0.00%,4.06%,2025-12-30 15:14:21,港股科技ETF基金,25-12-30,25-12-29
159297,港股通创新药ETF南方,A,南方基金,https://www.nffund.com/new/personal-financing/detail.html?fundCode=159297,100.000,INDEX,Y,Y,0.794,0.8020,2025-12-30,-1.00%,4134.91,5230.1413,15:14:39,181542,500,0.28,0.8015,2025-12-29,0.7963,,2025-12-30,15:14:39,-0.60%,2025-12-30,-0.65%,Y,国证港股通创新药,-,开放申购,-,-,开放赎回,-,0.15,0.05,,HKD,,-,-,-,-,1894.41,-,,0,0,0.20,"管理费：0.15%
托管费：0.05%",,-,-,-,最新份额：181542万份；增长：0.28%,2.88%,2025-12-30 15:14:39,港股通创新药ETF南方,25-12-30,25-12-29
520560,香港大盘30ETF,A,华宝基金,https://www.fsfund.com/fund/520560/fundDetail.shtml,100.000,INDEX,Y,Y,0.927,0.9230,2025-12-30,0.43%,2011.44,2176.6300,14:59:23,87842,800,0.92,0.9220,2025-12-29,0.9298,,2025-12-30,14:59:23,0.90%,2025-12-30,0.85%,Y,恒生中国30,-,开放申购,,-,开放赎回,,0.50,0.10,,HKD,,-,-,-,-,9534.62,-,,0,0,0.60,"管理费：0.50%
托管费：0.10%",,-,-,-,最新份额：87842万份；增长：0.92%,2.48%,2025-12-30 14:59:23,香港大盘30ETF,25-12-30,25-12-29
159568,港股互联网ETF,A,博时基金,https://www.bosera.com/fund/159568.html,100.000,INDEX,Y,Y,1.673,1.6640,2025-12-30,0.54%,7462.02,4482.8900,15:14:21,25486,0,0.00,1.6656,2025-12-29,1.6781,,2025-12-30,15:14:21,0.80%,2025-12-30,0.75%,Y,港股通互联网,0.50%,开放申购,最高不超过0.5%,0.50%,开放赎回,最高不超过0.5%,0.50,0.10,,HKD,,-,-,-,-,1018.30,-,,0,0,0.60,"管理费：0.50%
托管费：0.10%",,-,-,-,最新份额：25486万份；增长：0.00%,17.59%,2025-12-30 15:14:21,港股互联网ETF,25-12-30,25-12-29
520840,港股通恒生科技ETF,A,华安基金,https://www.huaan.com.cn/funds/520840/index.shtml,100.000,INDEX,Y,Y,0.943,0.9360,2025-12-30,0.75%,4749.93,5055.8400,14:58:56,115305,0,0.00,0.9326,2025-12-29,0.9458,,2025-12-30,14:58:56,1.47%,2025-12-30,1.42%,Y,恒生港股通科技,-,开放申购,-,-,开放赎回,-,0.50,0.10,,HKD,,-,-,-,-,2929.49,-,,0,0,0.60,"管理费：0.50%
托管费：0.10%",,-,-,-,最新份额：115305万份；增长：0.00%,4.38%,2025-12-30 14:58:56,港股通恒生科技ETF,25-12-30,25-12-29
159266,港股通央企红利ETF,A,永赢基金,https://www.maxwealthfund.com/fundProduct?fundCode=159266,100.000,INDEX,Y,Y,0.993,0.9880,2025-12-30,0.51%,1214.17,1226.6105,15:14:21,66171,0,0.00,0.9958,2025-12-29,0.9960,,2025-12-30,15:14:21,0.07%,2025-12-30,0.02%,Y,中证港股通央企红利,-,开放申购,-,-,开放赎回,-,0.50,0.10,,HKD,,-,-,-,-,1168.13,-,,0,0,0.60,"管理费：0.50%
托管费：0.10%",,-,-,-,最新份额：66171万份；增长：0.00%,1.85%,2025-12-30 15:14:21,港股通央企红利ETF,25-12-30,25-12-29
513180,恒生科技指数ETF,A,华夏基金,http://www.chinaamc.com/fund/513180/index.shtml,100.000,INDEX,Y,Y,0.742,0.7340,2025-12-30,1.09%,372678.57,505146.0197,15:00:00,6659976,10400,0.16,0.7318,2025-12-29,0.7442,,2025-12-30,15:00:00,1.74%,2025-12-30,1.69%,Y,恒生科技,0.50%,开放申购,最高不超过0.5%,0.50%,开放赎回,最高不超过0.5%,0.50,0.15,,HKD,,-,-,-,-,5578.38,-,,0,0,0.65,"管理费：0.50%
托管费：0.15%",,-,-,-,最新份额：6659976万份；增长：0.16%,7.58%,2025-12-30 15:00:00,恒生科技指数ETF,25-12-30,25-12-29
513770,港股互联网ETF,A,华宝基金,https://www.fsfund.com/fund/513770/fundDetail.shtml,100.000,INDEX,Y,Y,0.524,0.5220,2025-12-30,0.38%,62954.14,120325.7500,14:59:59,2352114,6800,0.29,0.5218,2025-12-29,0.5257,,2025-12-30,14:59:59,0.80%,2025-12-30,0.75%,Y,港股通互联网,-,开放申购,-,-,开放赎回,-,0.50,0.10,,HKD,,-,-,-,-,1018.30,-,,0,0,0.60,"管理费：0.50%
托管费：0.10%",,-,-,-,最新份额：2352114万份；增长：0.29%,5.12%,2025-12-30 14:59:59,港股互联网ETF,25-12-30,25-12-29
513260,恒生科技ETF基金,A,汇添富,https://www.99fund.com/main/products/pofund/513260/fundgk.shtml,100.000,INDEX,Y,Y,1.416,1.3970,2025-12-30,1.36%,39844.11,28358.2510,14:59:59,511524,0,0.00,1.3969,2025-12-29,1.4205,,2025-12-30,14:59:59,1.74%,2025-12-30,1.69%,Y,恒生科技,-,开放申购,-,-,开放赎回,-,0.15,0.05,,HKD,,-,-,-,-,5578.38,-,,0,0,0.20,"管理费：0.15%
托管费：0.05%",,-,-,-,最新份额：511524万份；增长：0.00%,5.54%,2025-12-30 14:59:59,恒生科技ETF基金,25-12-30,25-12-29
159265,港股消费50ETF,A,鹏华基金,https://www.phfund.com.cn/fund/fundDetail?ph_param=V3BDcEcvVWo4NzNlTjhjTWxLYm1qQi96VEFCbnNxdTJ3VGw2Z00yeU0zYz0=,100.000,INDEX,Y,Y,0.958,0.9680,2025-12-30,-1.03%,4074.83,4243.5800,15:14:18,33495,0,0.00,0.9698,2025-12-29,0.9612,,2025-12-30,15:14:18,-0.83%,2025-12-30,-0.88%,Y,国证港股通消费,-,开放申购,-,-,开放赎回,-,0.50,0.10,,HKD,,-,-,-,-,1119.66,-,,0,0,0.60,"管理费：0.50%
托管费：0.10%",,-,-,-,最新份额：33495万份；增长：0.00%,12.67%,2025-12-30 15:14:18,港股消费50ETF,25-12-30,25-12-29
159741,恒生科技ETF基金,A,嘉实基金,http://www.jsfund.cn/main/fund/159741/fundManager.shtml,100.000,INDEX,Y,Y,0.728,0.7190,2025-12-30,1.25%,7634.46,10548.7200,15:14:42,121780,0,0.00,0.7184,2025-12-29,0.7305,,2025-12-30,15:14:42,1.74%,2025-12-30,1.69%,Y,恒生科技,0.50%,开放申购,最高不超过0.5%,0.50%,开放赎回,最高不超过0.5%,0.60,0.10,,HKD,,-,-,-,-,5578.38,-,,0,0,0.70,"管理费：0.60%
托管费：0.10%",,-,-,-,最新份额：121780万份；增长：0.00%,8.66%,2025-12-30 15:14:42,恒生科技ETF基金,25-12-30,25-12-29
160717,H股LOF,A,嘉实基金,http://www.jsfund.cn/main/fund/160717/fundManager.shtml,95.000,INDEX,Y,Y,0.796,0.7930,2025-12-30,0.38%,444.01,558.3687,15:14:42,5069,0,0.00,0.7907,2025-12-29,0.7987,,2025-12-30,15:14:42,1.12%,2025-12-30,1.01%,Y,恒生中国企业,1.50%,开放申购,"50万元以下	1.50%
50万(含)-200万	1.20%
200万(含)-500万	0.80%
500万(含)以上	每笔1000元",1.50%,开放赎回,"7天以内	1.5%
7天(含)-365天	0.50%
365天(含)-730天	0.25%
730天(含)以上	0",0.75,0.20,,HKD,,-,-,-,-,8991.02,-,,0,0,0.95,"管理费：0.75%
托管费：0.20%",,-,-,-,最新份额：5069万份；增长：0.00%,11.02%,2025-12-30 15:14:42,H股LOF,25-12-30,25-12-29
160644,港美互联网LOF,E,鹏华基金,https://www.phfund.com.cn/web/FUND_160644,95.000,QDII,Y,Y,1.512,1.5070,2025-12-30,0.33%,177.01,117.2911,15:14:15,2073,0,0.00,1.5278,2025-12-26,1.5171,,2025-12-30,15:14:15,-0.70%,2025-12-29,-0.70%,Y,中证海外中国互联网指数,1.50%,限10万,"M < 100 万 1.50%
100 万 ≤ M < 500 万 1.00%
500 万 ≤ M 每笔1000元",1.50%,开放赎回,"T < 7 天 1.50%
7 天 ≤T < 30 天 0.75%
30 天 ≤T < 1 年 0.50%
1 年 ≤T < 2 年 0.25%
2 年 ≤T 每笔0元",1.20,0.20,,USD,,-,-,-,-,5355.30,-,指数从 2025-12-26 5392.90  到 2025-12-29 5355.30；汇率美元对人民币中间价从 2025-12-26 7.03580  到 2025-12-29 7.03310,0,0,1.40,"管理费：1.20%
托管费：0.20%",H11136.CSI,-,-,-,最新份额：2073万份；增长：0.00%,5.66%,2025-12-30 15:14:15,港美互联网LOF,25-12-29,25-12-26
513950,恒生红利ETF,A,富国基金,https://www.fullgoal.com.cn/fundDetail/513950/index.html,100.000,INDEX,Y,Y,1.376,1.3780,2025-12-30,-0.15%,4400.79,3202.0100,14:59:52,236662,0,0.00,1.3854,2025-12-29,1.3808,,2025-12-30,14:59:52,-0.28%,2025-12-30,-0.33%,Y,恒生港股通高股息低波动,0.50%,开放申购,不超过0.50%,0.50%,开放赎回,不超过0.50%,0.50,0.10,,HKD,,-,-,-,-,4479.81,-,,0,0,0.60,"管理费：0.50%
托管费：0.10%",,-,-,-,最新份额：236662万份；增长：0.00%,1.35%,2025-12-30 14:59:52,恒生红利ETF,25-12-30,25-12-29
520690,港股创新药精选ETF,A,博时基金,https://www.bosera.com/fund/520690.html,100.000,INDEX,Y,Y,0.820,0.8290,2025-12-30,-1.09%,2940.16,3597.4200,14:59:57,59845,0,0.00,0.8277,2025-12-29,0.8229,,2025-12-30,14:59:57,-0.53%,2025-12-30,-0.58%,Y,恒生港股通创新药精选,-,开放申购,-,-,开放赎回,-,0.50,0.10,,HKD,,-,-,-,-,2243.16,-,,0,0,0.60,"管理费：0.50%
托管费：0.10%",,-,-,-,最新份额：59845万份；增长：0.00%,6.01%,2025-12-30 14:59:57,港股创新药精选ETF,25-12-30,25-12-29
161831,恒生国企LOF,A,银华基金,https://www.yhfund.com.cn/main/fund/funddetail/index.shtml?product_code=161831,95.000,INDEX,Y,Y,0.822,0.8160,2025-12-30,0.74%,11.64,14.1966,15:14:18,12263,0,0.00,0.8166,2025-12-29,0.8249,,2025-12-30,15:14:18,1.12%,2025-12-30,1.01%,Y,恒生中国企业,1.20%,开放申购,"50万以下，1.2%
50万（含）至100万，0.8%
100万（含）至500万，0.5%
500万（含）以上，每笔1000元",1.50%,开放赎回,"持有7日内1.5%
持有7日及以上0.5%",1.00,0.20,,HKD,,-,-,-,-,8991.02,-,,0,0,1.20,"管理费：1.00%
托管费：0.20%",,-,-,-,最新份额：12263万份；增长：0.00%,0.12%,2025-12-30 15:14:18,恒生国企LOF,25-12-30,25-12-29
159277,港股通红利ETF富国,A,富国基金,https://www.fullgoal.com.cn/fundDetail/159277/index.html,100.000,INDEX,Y,Y,0.959,0.9590,2025-12-30,0.00%,521.11,542.5745,15:14:36,10956,100,0.92,0.9624,2025-12-29,0.9625,,2025-12-30,15:14:36,0.06%,2025-12-30,0.01%,Y,港股通高股息,-,开放申购,-,-,开放赎回,-,0.30,0.10,,HKD,,-,-,-,-,4930.94,-,,0,0,0.40,"管理费：0.30%
托管费：0.10%",,-,-,-,最新份额：10956万份；增长：0.92%,4.95%,2025-12-30 15:14:36,港股通红利ETF富国,25-12-30,25-12-29
159740,恒生科技ETF,A,大成基金,https://www.dcfund.com.cn/main/fund/productdetail/index.shtml?product_code=159740,100.000,INDEX,Y,Y,0.728,0.7210,2025-12-30,0.97%,153481.03,211818.2689,15:14:00,2549612,-5200,-0.20,0.7186,2025-12-29,0.7307,,2025-12-30,15:14:00,1.74%,2025-12-30,1.69%,Y,恒生科技,-,开放申购,-,-,开放赎回,-,0.50,0.10,,HKD,,-,-,-,-,5578.38,-,,0,0,0.60,"管理费：0.50%
托管费：0.10%",,-,-,-,最新份额：2549612万份；增长：-0.20%,8.31%,2025-12-30 15:14:00,恒生科技ETF,25-12-30,25-12-29
159127,港股通红利ETF南方,A,南方基金,https://www.nffund.com/new/personal-financing/detail.html?fundCode=159127,100.000,INDEX,Y,Y,0.927,0.9230,2025-12-30,0.43%,1287.31,1389.0681,15:14:42,36884,0,0.00,0.9304,2025-12-29,0.9305,,2025-12-30,15:14:42,0.06%,2025-12-30,0.01%,Y,港股通高股息,-,开放申购,-,-,开放赎回,-,0.15,0.05,,HKD,,-,-,-,-,4930.94,-,,0,0,0.20,"管理费：0.15%
托管费：0.05%",,-,-,-,最新份额：36884万份；增长：0.00%,3.77%,2025-12-30 15:14:42,港股通红利ETF南方,25-12-30,25-12-29
160322,港股精选LOF,A,华夏基金,http://www.chinaamc.com/fund/160322/index.shtml,95.000,INDEX,Y,Y,1.197,1.1910,2025-12-30,0.50%,116.93,98.0600,15:14:15,1575,0,0.00,1.1948,2025-12-29,1.2016,,2025-12-30,15:14:15,0.65%,2025-12-30,0.57%,Y,恒生综指,1.50%,开放申购,"申购金额 < 50万元 1.50%
50万元 ≤ 申购金额 < 200万元 1.20%
200万元 ≤ 申购金额 < 500万元 0.80%
申购金额 ≥ 500万元 1000元/笔",1.50%,开放赎回,"持有期限 < 7 天 1.5%
持有期限 ≥ 7天 0.5%",1.20,0.20,,HKD,,-,-,-,-,3934.64,-,,0,0,1.40,"管理费：1.20%
托管费：0.20%",,-,-,-,最新份额：1575万份；增长：0.00%,6.23%,2025-12-30 15:14:15,港股精选LOF,25-12-30,25-12-29
520990,港股央企红利50ETF,A,景顺长城,https://www.igwfmc.com/main/jjcp/product/520990/detail.html,100.000,INDEX,Y,Y,1.003,0.9960,2025-12-30,0.70%,14054.17,14055.5900,14:59:55,568147,7000,1.25,0.9982,2025-12-29,1.0068,,2025-12-30,14:59:55,0.91%,2025-12-30,0.86%,Y,中证国新港股通央企红利,-,开放申购,-,-,开放赎回,-,0.50,0.10,,HKD,,-,-,-,-,1324.84,-,,0,0,0.60,"管理费：0.50%
托管费：0.10%",,-,-,-,最新份额：568147万份；增长：1.25%,2.47%,2025-12-30 14:59:55,港股央企红利50ETF,25-12-30,25-12-29
520590,恒生科技ETF鹏华,A,鹏华基金,https://www.phfund.com.cn/fund/fundDetail?ph_param=bGpPYkJ4TVpTdzRVS2pKcVdWRndqNXZERk9ta0JTc2ZDRllUb1luOXJjVT0=,100.000,INDEX,Y,Y,0.995,0.9820,2025-12-30,1.32%,3281.91,3312.9500,14:59:58,20724,0,0.00,0.9823,2025-12-29,0.9989,,2025-12-30,14:59:58,1.74%,2025-12-30,1.69%,Y,恒生科技指数,-,开放申购,-,-,开放赎回,-,0.50,0.10,,HKD,,-,-,-,-,5578.38,-,,0,0,0.60,"管理费：0.50%
托管费：0.10%",,-,-,-,最新份额：20724万份；增长：0.00%,15.99%,2025-12-30 14:59:58,恒生科技ETF鹏华,25-12-30,25-12-29
513170,恒生央企ETF,A,鹏华基金,https://www.phfund.com.cn/web/FUND_513170,100.000,INDEX,Y,Y,1.542,1.5290,2025-12-30,0.85%,806.79,525.1700,14:59:47,23457,100,0.43,1.5299,2025-12-29,1.5481,,2025-12-30,14:59:47,1.24%,2025-12-30,1.19%,Y,恒生中国央企,-,开放申购,-,-,开放赎回,-,0.50,0.15,,HKD,,-,-,-,-,3619.58,-,,0,0,0.65,"管理费：0.50%
托管费：0.15%",,-,-,-,最新份额：23457万份；增长：0.43%,2.24%,2025-12-30 14:59:47,恒生央企ETF,25-12-30,25-12-29
513070,港股消费50ETF,A,易方达,https://www.efunds.com.cn/fund/513070.shtml,100.000,INDEX,Y,Y,1.305,1.3240,2025-12-30,-1.44%,6218.25,4755.1500,14:59:41,63076,100,0.16,1.3219,2025-12-29,1.3102,,2025-12-30,14:59:41,-0.83%,2025-12-30,-0.88%,Y,中证港股通消费,0.50%,开放申购,最高不超过0.5%,0.50%,开放赎回,最高不超过0.5%,0.15,0.05,,HKD,,-,-,-,-,1551.11,-,,0,0,0.20,"管理费：0.15%
托管费：0.05%",,-,-,-,最新份额：63076万份；增长：0.16%,7.54%,2025-12-30 14:59:41,港股消费50ETF,25-12-30,25-12-29
513920,港股通央企红利ETF,A,华安基金,https://www.huaan.com.cn/funds/513920/index.shtml,100.000,INDEX,Y,Y,1.610,1.6080,2025-12-30,0.12%,25122.51,15603.7500,14:59:41,387723,1850,0.48,1.6171,2025-12-29,1.6167,,2025-12-30,14:59:41,0.03%,2025-12-30,-0.02%,Y,恒生港股通央企红利,-,开放申购,-,-,开放赎回,-,0.50,0.10,,HKD,,-,-,-,-,4034.26,-,,0,0,0.60,"管理费：0.50%
托管费：0.10%",,-,-,-,最新份额：387723万份；增长：0.48%,4.02%,2025-12-30 14:59:41,港股通央企红利ETF,25-12-30,25-12-29
159323,港股通汽车ETF,A,华夏基金,https://www.chinaamc.com/fund/159323/index.shtml,100.000,INDEX,Y,Y,1.295,1.2800,2025-12-30,1.17%,8505.06,6613.6800,15:14:27,11410,-100,-0.87,1.2857,2025-12-29,1.3005,,2025-12-30,15:14:27,1.20%,2025-12-30,1.15%,Y,中证港股通汽车产业,0.50%,开放申购,不超过0.50%,0.50%,开放赎回,不超过0.50%,0.50,0.10,,HKD,,-,-,-,-,2333.55,-,,0,0,0.60,"管理费：0.50%
托管费：0.10%",,-,-,-,最新份额：11410万份；增长：-0.87%,57.96%,2025-12-30 15:14:27,港股通汽车ETF,25-12-30,25-12-29
520670,港股通科技ETF嘉实,A,嘉实基金,https://www.jsfund.cn/main/fund/520670/fundRate.shtml,100.000,INDEX,Y,Y,0.957,0.9460,2025-12-30,1.16%,1040.90,1094.8100,14:59:14,29243,-600,-2.01,0.9477,2025-12-29,0.9611,,2025-12-30,14:59:14,1.47%,2025-12-30,1.42%,Y,恒生港股通科技,-,开放申购,-,-,开放赎回,-,0.30,0.10,,HKD,,-,-,-,-,2929.49,-,,0,0,0.40,"管理费：0.30%
托管费：0.10%",,-,-,-,最新份额：29243万份；增长：-2.01%,3.74%,2025-12-30 14:59:14,港股通科技ETF嘉实,25-12-30,25-12-29
159711,港股通ETF,A,华夏基金,https://www.chinaamc.com/fund/159711/index.shtml,100.000,INDEX,Y,Y,1.387,1.3800,2025-12-30,0.51%,1017.49,737.3200,15:14:45,5847,0,0.00,1.3842,2025-12-29,1.3930,,2025-12-30,15:14:45,0.69%,2025-12-30,0.64%,Y,港股通50,0.50%,开放申购,不超过0.5%,0.50%,开放赎回,不超过0.5%,0.50,0.10,,HKD,,-,-,-,-,3907.13,-,,0,0,0.60,"管理费：0.50%
托管费：0.10%",,-,-,-,最新份额：5847万份；增长：0.00%,12.61%,2025-12-30 15:14:45,港股通ETF,25-12-30,25-12-29
513990,港股通ETF,A,招商基金,https://www.cmfchina.com/web/fundDetail/513990/index.html,100.000,INDEX,Y,Y,1.201,1.1970,2025-12-30,0.33%,2310.81,1931.2400,14:59:12,6800,600,9.68,1.1998,2025-12-29,1.2063,,2025-12-30,14:59:12,0.54%,2025-12-30,0.54%,Y,港股通,-,开放申购,-,-,开放赎回,-,0.20,0.05,,CNY,,-,-,-,-,3754.55,-,,0,0,0.25,"管理费：0.20%
托管费：0.05%",,-,-,-,最新份额：6800万份；增长：9.68%,28.40%,2025-12-30 14:59:12,港股通ETF,25-12-30,25-12-29
510900,H股ETF,A,易方达,https://www.efunds.com.cn/fund/510900.shtml,100.000,INDEX,Y,Y,1.154,1.1450,2025-12-30,0.79%,14188.60,12346.7700,15:00:00,685802,700,0.10,1.1469,2025-12-29,1.1591,,2025-12-30,15:00:00,1.12%,2025-12-30,1.07%,Y,恒生中国企业,0.50%,开放申购,代理券商可按照不超过0.5%的标准收取佣金,0.50%,开放赎回,代理券商可按照不超过0.5%的标准收取佣金,0.60,0.15,,HKD,,-,-,-,-,8991.02,-,,0,0,0.75,"管理费：0.60%
托管费：0.15%",,-,-,-,最新份额：685802万份；增长：0.10%,1.80%,2025-12-30 15:00:00,H股ETF,25-12-30,25-12-29
513980,港股科技50ETF,A,景顺长城,https://www.igwfmc.com/main/jjcp/product/513980/detail.html,100.000,INDEX,Y,Y,0.722,0.7170,2025-12-30,0.70%,45204.83,62997.9642,14:59:59,3148020,-16200,-0.51,0.7182,2025-12-29,0.7252,,2025-12-30,14:59:59,1.02%,2025-12-30,0.97%,Y,港股通科技,-,开放申购,,-,开放赎回,,0.50,0.10,,HKD,,-,-,-,-,3271.76,-,,0,0,0.60,"管理费：0.50%
托管费：0.10%",,-,-,-,最新份额：3148020万份；增长：-0.51%,2.00%,2025-12-30 14:59:59,港股科技50ETF,25-12-30,25-12-29
520600,港股汽车ETF,A,广发基金,https://www.gffunds.com.cn/funds/?fundcode=520600,100.000,INDEX,Y,Y,1.253,1.2440,2025-12-30,0.72%,9980.25,7999.0100,14:59:55,43787,50,0.11,1.2444,2025-12-29,1.2587,,2025-12-30,14:59:55,1.20%,2025-12-30,1.15%,Y,中证港股通汽车产业,0.50%,开放申购,不超过0.50%,0.50%,开放赎回,不超过0.50%,0.50,0.10,,HKD,,-,-,-,-,2333.55,-,,0,0,0.60,"管理费：0.50%
托管费：0.10%",,-,-,-,最新份额：43787万份；增长：0.11%,18.27%,2025-12-30 14:59:55,港股汽车ETF,25-12-30,25-12-29
520520,恒生港股消费ETF,A,华泰柏瑞,https://www.huatai-pb.com/products/zhishu/520520/index.html,100.000,INDEX,Y,Y,1.077,1.0870,2025-12-30,-0.92%,698.93,648.3000,14:59:07,7461,0,0.00,1.0903,2025-12-29,1.0819,,2025-12-30,14:59:07,-0.72%,2025-12-30,-0.77%,Y,恒生消费,-,开放申购,-,-,开放赎回,-,0.50,0.10,,HKD,,-,-,-,-,2605.01,-,,0,0,0.60,"管理费：0.50%
托管费：0.10%",,-,-,-,最新份额：7461万份；增长：0.00%,8.69%,2025-12-30 14:59:07,恒生港股消费ETF,25-12-30,25-12-29
513020,港股科技ETF,A,国泰基金,https://e.gtfund.com/Etrade/Jijin/view/id/513020,100.000,INDEX,Y,Y,1.124,1.1170,2025-12-30,0.63%,20197.52,18100.8022,14:59:58,412915,-1000,-0.24,1.1183,2025-12-29,1.1291,,2025-12-30,14:59:58,1.02%,2025-12-30,0.97%,Y,港股通科技,0.50%,开放申购,最高不超过0.5%,0.50%,开放赎回,最高不超过0.5%,0.50,0.10,,HKD,,-,-,-,-,3271.76,-,,0,0,0.60,"管理费：0.50%
托管费：0.10%",,-,-,-,最新份额：412915万份；增长：-0.24%,4.38%,2025-12-30 14:59:58,港股科技ETF,25-12-30,25-12-29
159131,港股信息技术ETF,A,华宝基金,https://www.fsfund.com/fund/159131/fundDetail.shtml,100.000,INDEX,Y,Y,0.919,0.9010,2025-12-30,2.00%,7727.80,8477.7115,15:14:45,30192,-200,-0.66,0.9028,2025-12-29,0.9232,,2025-12-30,15:14:45,2.31%,2025-12-30,2.26%,Y,中证港股通信息C,-,开放申购,-,-,开放赎回,-,0.50,0.10,,HKD,,-,-,-,-,4637.61,-,,0,0,0.60,"管理费：0.50%
托管费：0.10%",,-,-,-,最新份额：30192万份；增长：-0.66%,28.08%,2025-12-30 15:14:45,港股信息技术ETF,25-12-30,25-12-29
513190,港股通金融ETF,A,华夏基金,https://www.chinaamc.com/fund/513190/jijinfeilv.shtml,100.000,INDEX,Y,Y,1.782,1.7730,2025-12-30,0.51%,72548.14,40877.2400,14:59:55,144694,0,0.00,1.7842,2025-12-29,1.7901,,2025-12-30,14:59:55,0.38%,2025-12-30,0.33%,Y,港股通内地金融,-,开放申购,-,-,开放赎回,-,0.50,0.10,,HKD,,-,-,-,-,1106.55,-,,0,0,0.60,"管理费：0.50%
托管费：0.10%",,-,-,-,最新份额：144694万份；增长：0.00%,28.25%,2025-12-30 14:59:55,港股通金融ETF,25-12-30,25-12-29
520940,港股通恒生ETF,A,华安基金,https://www.huaan.com.cn/funds/520940/index.shtml,100.000,INDEX,Y,Y,1.061,1.0560,2025-12-30,0.47%,1125.25,1065.7000,14:58:47,4730,1200,33.99,1.0586,2025-12-29,1.0659,,2025-12-30,14:58:47,0.74%,2025-12-30,0.69%,Y,恒指港股通,-,开放申购,-,-,开放赎回,-,0.50,0.10,,HKD,,-,-,-,-,3525.78,-,,0,0,0.60,"管理费：0.50%
托管费：0.10%",,-,-,-,最新份额：4730万份；增长：33.99%,22.53%,2025-12-30 14:58:47,港股通恒生ETF,25-12-30,25-12-29
159120,港股科技30ETF,A,国联安,https://www.cpicfunds.com/product/159120/index.shtml,100.000,INDEX,Y,Y,0.923,0.9150,2025-12-30,0.87%,1849.28,2003.1224,15:14:45,16802,-200,-1.18,0.9144,2025-12-29,0.9274,,2025-12-30,15:14:45,1.47%,2025-12-30,1.42%,Y,恒生港股通科技,-,开放申购,-,-,开放赎回,-,0.50,0.10,,HKD,,-,-,-,-,2929.49,-,,0,0,0.60,"管理费：0.50%
托管费：0.10%",,-,-,-,最新份额：16802万份；增长：-1.18%,11.92%,2025-12-30 15:14:45,港股科技30ETF,25-12-30,25-12-29
520860,港股通科技ETF富国,A,富国基金,https://www.fullgoal.com.cn/fundDetail/520860/index.html,100.000,INDEX,Y,Y,0.936,0.9310,2025-12-30,0.54%,2061.80,2213.0300,14:58:51,78820,-200,-0.25,0.9314,2025-12-29,0.9404,,2025-12-30,14:58:51,1.02%,2025-12-30,0.97%,Y,港股通科技,-,开放申购,-,-,开放赎回,-,0.50,0.10,,HKD,,-,-,-,-,3271.76,-,,0,0,0.60,"管理费：0.50%
托管费：0.10%",,-,-,-,最新份额：78820万份；增长：-0.25%,2.81%,2025-12-30 14:58:51,港股通科技ETF富国,25-12-30,25-12-29
159109,恒生50ETF,A,景顺长城,https://www.igwfmc.com/main/jjcp/product/159109/detail.html,100.000,INDEX,Y,Y,0.924,0.9180,2025-12-30,0.65%,835.68,908.8665,15:14:30,59416,-200,-0.34,0.9218,2025-12-29,0.9284,,2025-12-30,15:14:30,0.77%,2025-12-30,0.72%,Y,恒生港股通50,-,开放申购,,-,开放赎回,,0.50,0.10,,HKD,,-,-,-,-,3162.70,-,,0,0,0.60,"管理费：0.50%
托管费：0.10%",,-,-,-,最新份额：59416万份；增长：-0.34%,1.53%,2025-12-30 15:14:30,恒生50ETF,25-12-30,25-12-29
159269,港股通科技ETF南方,A,南方基金,https://www.nffund.com/new/personal-financing/detail.html?fundCode=159269,100.000,INDEX,Y,Y,1.014,1.0090,2025-12-30,0.50%,7740.55,7673.2607,15:14:27,213931,0,0.00,1.0090,2025-12-29,1.0188,,2025-12-30,15:14:27,1.02%,2025-12-30,0.97%,Y,港股通科技,-,开放申购,-,-,开放赎回,-,0.30,0.05,,HKD,,-,-,-,-,3271.76,-,,0,0,0.35,"管理费：0.30%
托管费：0.05%",,-,-,-,最新份额：213931万份；增长：0.00%,3.59%,2025-12-30 15:14:27,港股通科技ETF南方,25-12-30,25-12-29
520660,港股通央企红利ETF南方,A,南方基金,https://www.nffund.com/new/personal-financing/detail.html?fundCode=520660,100.000,INDEX,Y,Y,1.030,1.0230,2025-12-30,0.68%,5121.95,4983.4100,14:59:46,271849,0,0.00,1.0262,2025-12-29,1.0350,,2025-12-30,14:59:46,0.91%,2025-12-30,0.86%,Y,中证国新港股通央企红利,-,开放申购,-,-,开放赎回,-,0.50,0.10,,HKD,,-,-,-,-,1324.84,-,,0,0,0.60,"管理费：0.50%
托管费：0.10%",,-,-,-,最新份额：271849万份；增长：0.00%,1.83%,2025-12-30 14:59:46,港股通央企红利ETF南方,25-12-30,25-12-29
513130,恒生科技ETF,A,华泰柏瑞,https://www.huatai-pb.com/products/zhishu/513130/index.html,100.000,INDEX,Y,Y,0.727,0.7190,2025-12-30,1.11%,323753.34,447617.2267,15:00:00,5915735,-29000,-0.49,0.7184,2025-12-29,0.7305,,2025-12-30,15:00:00,1.74%,2025-12-30,1.69%,Y,恒生科技,0.50%,开放申购,最高不超过0.5%,0.50%,开放赎回,最高不超过0.5%,0.20,0.05,,HKD,,-,-,-,-,5578.38,-,,0,0,0.25,"管理费：0.20%
托管费：0.05%",,-,-,-,最新份额：5915735万份；增长：-0.49%,7.57%,2025-12-30 15:00:00,恒生科技ETF,25-12-30,25-12-29
159792,港股通互联网ETF,A,富国基金,https://www.fullgoal.com.cn/fundDetail/159792/index.html,100.000,INDEX,Y,Y,0.853,0.8460,2025-12-30,0.83%,304096.82,358592.4937,15:14:15,9363386,-8800,-0.09,0.8508,2025-12-29,0.8572,,2025-12-30,15:14:15,0.80%,2025-12-30,0.75%,Y,港股通互联网,-,开放申购,-,-,开放赎回,-,0.50,0.10,,HKD,,-,-,-,-,1018.30,-,,0,0,0.60,"管理费：0.50%
托管费：0.10%",,-,-,-,最新份额：9363386万份；增长：-0.09%,3.83%,2025-12-30 15:14:15,港股通互联网ETF,25-12-30,25-12-29
159366,港股医疗ETF,A,永赢基金,https://www.maxwealthfund.com/fundProduct?fundCode=159366,100.000,INDEX,Y,Y,1.383,1.4000,2025-12-30,-1.21%,4995.77,3621.4600,15:14:00,17433,-200,-1.13,1.3989,2025-12-29,1.3898,,2025-12-30,15:14:00,-0.60%,2025-12-30,-0.65%,Y,港股通医疗主题,0.50%,开放申购,不超过0.5%,0.50%,开放赎回,不超过0.5%,0.50,0.10,,HKD,,-,-,-,-,1004.14,-,,0,0,0.60,"管理费：0.50%
托管费：0.10%",,-,-,-,最新份额：17433万份；增长：-1.13%,20.77%,2025-12-30 15:14:00,港股医疗ETF,25-12-30,25-12-29
520550,港股红利低波ETF,A,招商基金,https://www.cmfchina.com/web/fundDetail/520550/index.html,100.000,INDEX,Y,Y,1.192,1.1970,2025-12-30,-0.42%,7188.62,6016.3900,14:59:59,111852,2750,2.52,1.2020,2025-12-29,1.1980,,2025-12-30,14:59:59,-0.28%,2025-12-30,-0.33%,Y,恒生港股通高股息低波动,-,开放申购,-,-,开放赎回,-,0.15,0.05,,HKD,,-,-,-,-,4479.81,-,,0,0,0.20,"管理费：0.15%
托管费：0.05%",,-,-,-,最新份额：111852万份；增长：2.52%,5.38%,2025-12-30 14:59:59,港股红利低波ETF,25-12-30,25-12-29
159751,港股科技ETF,A,鹏华基金,https://www.phfund.com.cn/web/FUND_159751,100.000,INDEX,Y,Y,1.040,1.0340,2025-12-30,0.58%,6691.87,6471.0100,15:13:54,124763,0,0.00,1.0352,2025-12-29,1.0452,,2025-12-30,15:13:54,1.02%,2025-12-30,0.97%,Y,港股通科技,-,开放申购,-,-,开放赎回,-,0.45,0.10,,HKD,,-,-,-,-,3271.76,-,,0,0,0.55,"管理费：0.45%
托管费：0.10%",,-,-,-,最新份额：124763万份；增长：0.00%,5.19%,2025-12-30 15:13:54,港股科技ETF,25-12-30,25-12-29
159569,港股红利低波ETF,A,景顺长城,https://www.igwfmc.com/main/jjcp/product/159569/detail.html,100.000,INDEX,Y,Y,1.336,1.3280,2025-12-30,0.60%,2334.00,1750.9500,15:14:24,35215,0,0.00,1.3401,2025-12-29,1.3428,,2025-12-30,15:14:24,0.25%,2025-12-30,0.20%,Y,港股通红利低波,-,开放申购,-,-,开放赎回,-,0.50,0.08,,HKD,,-,-,-,-,1498.09,-,,0,0,0.58,"管理费：0.50%
托管费：0.08%",,-,-,-,最新份额：35215万份；增长：0.00%,4.97%,2025-12-30 15:14:24,港股红利低波ETF,25-12-30,25-12-29
159365,恒指ETF,A,富国基金,https://www.fullgoal.com.cn/fundDetail/159365/index.html,100.000,INDEX,Y,Y,1.055,1.0500,2025-12-30,0.48%,118.43,112.5858,15:13:57,16416,-200,-1.20,1.0532,2025-12-29,1.0604,,2025-12-30,15:13:57,0.74%,2025-12-30,0.69%,Y,恒指港股通,-,开放申购,-,-,开放赎回,-,0.50,0.10,,HKD,,-,-,-,-,3525.78,-,,0,0,0.60,"管理费：0.50%
托管费：0.10%",,-,-,-,最新份额：16416万份；增长：-1.20%,0.69%,2025-12-30 15:13:57,恒指ETF,25-12-30,25-12-29
159747,香港科技ETF,A,南方基金,https://www.nffund.com/main/nffund/personal-financing/detail.shtml?fundCode=159747,100.000,INDEX,Y,Y,1.405,1.3900,2025-12-30,1.08%,5213.18,3728.6606,15:14:03,35871,0,0.00,1.3909,2025-12-29,1.4122,,2025-12-30,15:14:03,1.58%,2025-12-30,1.53%,Y,港股科技,-,开放申购,-,-,开放赎回,-,0.50,0.15,,HKD,,-,-,-,-,1772.47,-,,0,0,0.65,"管理费：0.50%
托管费：0.15%",,-,-,-,最新份额：35871万份；增长：0.00%,10.39%,2025-12-30 15:14:03,香港科技ETF,25-12-30,25-12-29
159237,港股汽车ETF基金,A,工银瑞信,https://www.icbcubs.com.cn/jj/jjxq/159237.html,100.000,INDEX,Y,Y,1.072,1.0610,2025-12-30,1.04%,801.20,751.7400,15:14:15,5533,-200,-3.49,1.0653,2025-12-29,1.0775,,2025-12-30,15:14:15,1.20%,2025-12-30,1.15%,Y,中证港股通汽车产业,-,开放申购,-,-,开放赎回,-,0.45,0.07,,HKD,,-,-,-,-,2333.55,-,,0,0,0.52,"管理费：0.45%
托管费：0.07%",,-,-,-,最新份额：5533万份；增长：-3.49%,13.59%,2025-12-30 15:14:15,港股汽车ETF基金,25-12-30,25-12-29
159735,港股消费ETF,A,银华基金,https://www.yhfund.com.cn/main/fund/funddetail/index.shtml?product_code=159735,100.000,INDEX,Y,Y,0.792,0.8010,2025-12-30,-1.12%,3470.29,4381.2400,15:14:36,91956,0,0.00,0.8032,2025-12-29,0.7961,,2025-12-30,15:14:36,-0.83%,2025-12-30,-0.88%,Y,中证港股通消费,-,开放申购,-,-,开放赎回,-,0.50,0.10,,HKD,,-,-,-,-,1551.11,-,,0,0,0.60,"管理费：0.50%
托管费：0.10%",,-,-,-,最新份额：91956万份；增长：0.00%,4.76%,2025-12-30 15:14:36,港股消费ETF,25-12-30,25-12-29
159303,恒生医疗ETF基金,A,大成基金,https://www.dcfund.com.cn/main/fund/productdetail/index.shtml?product_code=159303,100.000,INDEX,Y,Y,1.649,1.6680,2025-12-30,-1.14%,969.01,588.6700,15:14:51,5199,0,0.00,1.6673,2025-12-29,1.6578,,2025-12-30,15:14:51,-0.52%,2025-12-30,-0.57%,Y,恒生医疗保健,-,开放申购,-,-,开放赎回,-,0.50,0.10,,HKD,,-,-,-,-,3709.25,-,,0,0,0.60,"管理费：0.50%
托管费：0.10%",,-,-,-,最新份额：5199万份；增长：0.00%,11.32%,2025-12-30 15:14:51,恒生医疗ETF基金,25-12-30,25-12-29
159102,港股通生物科技ETF,A,华安基金,https://www.huaan.com.cn/funds/159102/index.shtml,100.000,INDEX,Y,Y,0.805,0.8130,2025-12-30,-0.98%,2766.91,3445.9526,15:14:30,85762,0,0.00,0.8131,2025-12-29,0.8093,,2025-12-30,15:14:30,-0.42%,2025-12-30,-0.47%,Y,恒生生物科技,-,开放申购,-,-,开放赎回,-,0.50,0.10,,HKD,,-,-,-,-,14379.73,-,,0,0,0.60,"管理费：0.50%
托管费：0.10%",,-,-,-,最新份额：85762万份；增长：0.00%,4.02%,2025-12-30 15:14:30,港股通生物科技ETF,25-12-30,25-12-29
520720,香港汽车ETF,A,国泰基金,https://e.gtfund.com/Etrade/Jijin/view/id/520720,100.000,INDEX,Y,Y,0.926,0.9180,2025-12-30,0.87%,3632.13,3949.2200,14:59:34,14094,100,0.71,0.9203,2025-12-29,0.9309,,2025-12-30,14:59:34,1.20%,2025-12-30,1.15%,Y,中证港股通汽车产业,0.50%,开放申购,不超过0.50%,0.50%,开放赎回,不超过0.50%,0.50,0.10,,HKD,,-,-,-,-,2333.55,-,,0,0,0.60,"管理费：0.50%
托管费：0.10%",,-,-,-,最新份额：14094万份；增长：0.71%,28.02%,2025-12-30 14:59:34,香港汽车ETF,25-12-30,25-12-29
159699,恒生消费ETF,A,广发基金,https://www.gffunds.com.cn/funds/?fundcode=159699,100.000,INDEX,Y,Y,1.001,1.0120,2025-12-30,-1.09%,4785.61,4776.0000,15:14:21,117816,-650,-0.55,1.0141,2025-12-29,1.0063,,2025-12-30,15:14:21,-0.72%,2025-12-30,-0.77%,Y,恒生消费,-,开放申购,-,-,开放赎回,-,0.50,0.10,,HKD,,-,-,-,-,2605.01,-,,0,0,0.60,"管理费：0.50%
托管费：0.10%",,-,-,-,最新份额：117816万份；增长：-0.55%,4.05%,2025-12-30 15:14:21,恒生消费ETF,25-12-30,25-12-29
520500,恒生创新药ETF,A,华泰柏瑞,https://www.huatai-pb.com/products/zhishu/520500/index.html,100.000,INDEX,Y,Y,1.559,1.5780,2025-12-30,-1.20%,33582.19,21584.8126,14:59:59,125130,0,0.00,1.5769,2025-12-29,1.5674,,2025-12-30,14:59:59,-0.55%,2025-12-30,-0.60%,Y,恒生创新药指数,0.50%,开放申购,不超过0.50%,0.50%,开放赎回,不超过0.50%,0.50,0.10,,HKD,,-,-,-,-,2724.25,-,,0,0,0.60,"管理费：0.50%
托管费：0.10%",,-,-,-,最新份额：125130万份；增长：0.00%,17.25%,2025-12-30 14:59:59,恒生创新药ETF,25-12-30,25-12-29
513690,恒生高股息ETF,A,博时基金,https://www.bosera.com/fund/513690.html,100.000,INDEX,Y,Y,1.082,1.0750,2025-12-30,0.65%,22787.65,21148.3600,14:59:55,515248,-7500,-1.43,1.0855,2025-12-29,1.0879,,2025-12-30,14:59:55,0.27%,2025-12-30,0.22%,Y,恒生高股息,0.50%,开放申购,不超过0.50%,0.50%,开放赎回,不超过0.50%,0.50,0.10,,HKD,,-,-,-,-,2495.72,-,,0,0,0.60,"管理费：0.50%
托管费：0.10%",,-,-,-,最新份额：515248万份；增长：-1.43%,4.10%,2025-12-30 14:59:55,恒生高股息ETF,25-12-30,25-12-29
513150,港股通科技50ETF,A,华泰柏瑞,https://www.huatai-pb.com/products/zhishu/513150/index.html,100.000,INDEX,Y,Y,1.139,1.1340,2025-12-30,0.44%,6146.33,5426.4000,14:59:32,11056,-500,-4.33,1.1342,2025-12-29,1.1452,,2025-12-30,14:59:32,1.02%,2025-12-30,0.97%,Y,港股通科技,0.50%,开放申购,最高不超过0.5%,0.50%,开放赎回,最高不超过0.5%,0.50,0.10,,HKD,,-,-,-,-,3271.76,-,,0,0,0.60,"管理费：0.50%
托管费：0.10%",,-,-,-,最新份额：11056万份；增长：-4.33%,49.08%,2025-12-30 14:59:32,港股通科技50ETF,25-12-30,25-12-29
513860,港股通科技ETF,A,海富通,https://www.hftfund.com/products/zhishu/513860/index.html,100.000,INDEX,Y,Y,0.722,0.7160,2025-12-30,0.84%,77866.66,108759.2971,14:59:58,633647,-2000,-0.31,0.7190,2025-12-29,0.7260,,2025-12-30,14:59:58,1.02%,2025-12-30,0.97%,Y,港股通科技,-,开放申购,,-,开放赎回,,0.50,0.10,,HKD,,-,-,-,-,3271.76,-,,0,0,0.60,"管理费：0.50%
托管费：0.10%",,-,-,-,最新份额：633647万份；增长：-0.31%,17.16%,2025-12-30 14:59:58,港股通科技ETF,25-12-30,25-12-29
520620,港股通消费ETF,A,嘉实基金,https://www.jsfund.cn/main/fund/520620/fundManager.shtml,100.000,INDEX,Y,Y,0.919,0.9260,2025-12-30,-0.76%,2096.01,2279.8200,14:59:49,51841,-100,-0.19,0.9313,2025-12-29,0.9241,,2025-12-30,14:59:49,-0.72%,2025-12-30,-0.77%,Y,恒生消费,-,开放申购,-,-,开放赎回,-,0.50,0.10,,HKD,,-,-,-,-,2605.01,-,,0,0,0.60,"管理费：0.50%
托管费：0.10%",,-,-,-,最新份额：51841万份；增长：-0.19%,4.40%,2025-12-30 14:59:49,港股通消费ETF,25-12-30,25-12-29
159202,恒生互联网科技ETF,A,万家基金,https://www.wjasset.com/products/etf/159202/index.html,100.000,INDEX,Y,Y,1.113,1.1010,2025-12-30,1.09%,9430.14,8513.3900,15:14:51,111940,0,0.00,1.1003,2025-12-29,1.1191,,2025-12-30,15:14:51,1.76%,2025-12-30,1.71%,Y,恒生互联,0.50%,开放申购,不超过0.50%,0.50%,开放赎回,不超过0.50%,0.50,0.10,,HKD,,-,-,-,-,2959.78,-,,0,0,0.60,"管理费：0.50%
托管费：0.10%",,-,-,-,最新份额：111940万份；增长：0.00%,7.61%,2025-12-30 15:14:51,恒生互联网科技ETF,25-12-30,25-12-29
513600,恒生指数ETF,A,南方基金,https://www.nffund.com/main/nffund/personal-financing/detail.shtml?fundCode=513600,100.000,INDEX,Y,Y,2.947,2.9340,2025-12-30,0.44%,15365.56,5234.4000,14:59:58,84283,0,0.00,2.9399,2025-12-29,2.9637,,2025-12-30,14:59:58,0.86%,2025-12-30,0.81%,Y,恒生指数,0.50%,开放申购,不超过0.5%,0.50%,开放赎回,不超过0.5%,0.50,0.10,,HKD,,-,-,-,-,25854.60,-,,0,0,0.60,"管理费：0.50%
托管费：0.10%",,-,-,-,最新份额：84283万份；增长：0.00%,6.21%,2025-12-30 14:59:58,恒生指数ETF,25-12-30,25-12-29
159333,港股高股息ETF,A,万家基金,https://www.wjasset.com/products/etf/159333/index.html,100.000,INDEX,Y,Y,1.412,1.4100,2025-12-30,0.14%,1030.52,731.0400,15:14:03,39595,-200,-0.50,1.4197,2025-12-29,1.4200,,2025-12-30,15:14:03,0.07%,2025-12-30,0.02%,Y,中证港股通央企红利,-,开放申购,-,-,开放赎回,-,0.50,0.10,,HKD,,-,-,-,-,1168.13,-,,0,0,0.60,"管理费：0.50%
托管费：0.10%",,-,-,-,最新份额：39595万份；增长：-0.50%,1.85%,2025-12-30 15:14:03,港股高股息ETF,25-12-30,25-12-29
159210,港股汽车ETF,A,汇添富,https://www.99fund.com/main/products/pofund/159210/fundgk.shtml,100.000,INDEX,Y,Y,1.029,1.0210,2025-12-30,0.78%,2120.12,2072.9500,15:13:57,4815,0,0.00,1.0231,2025-12-29,1.0348,,2025-12-30,15:13:57,1.20%,2025-12-30,1.15%,Y,中证港股通汽车产业,-,开放申购,-,-,开放赎回,-,0.50,0.10,,HKD,,-,-,-,-,2333.55,-,,0,0,0.60,"管理费：0.50%
托管费：0.10%",,-,-,-,最新份额：4815万份；增长：0.00%,43.05%,2025-12-30 15:13:57,港股汽车ETF,25-12-30,25-12-29
520950,港股通50ETF摩根,A,摩根基金,https://www.cifm.com/fund/520950/,100.000,INDEX,Y,Y,0.952,0.9490,2025-12-30,0.32%,1353.73,1427.5100,14:55:45,68142,-1500,-2.15,0.9506,2025-12-29,0.9574,,2025-12-30,14:55:45,0.77%,2025-12-30,0.72%,Y,恒生港股通50,-,开放申购,-,-,开放赎回,-,0.50,0.10,,HKD,,-,-,-,-,3162.70,-,,0,0,0.60,"管理费：0.50%
托管费：0.10%",,-,-,-,最新份额：68142万份；增长：-2.15%,2.09%,2025-12-30 14:55:45,港股通50ETF摩根,25-12-30,25-12-29
159105,恒生生物科技ETF易方达,A,易方达,https://www.efunds.com.cn/fund/159105.shtml,100.000,INDEX,Y,Y,0.914,0.9230,2025-12-30,-0.98%,2547.34,2800.1607,15:14:33,10527,300,2.93,0.9236,2025-12-29,0.9192,,2025-12-30,15:14:33,-0.42%,2025-12-30,-0.47%,Y,恒生生物科技,-,开放申购,-,-,开放赎回,-,0.50,0.10,,HKD,,-,-,-,-,14379.73,-,,0,0,0.60,"管理费：0.50%
托管费：0.10%",,-,-,-,最新份额：10527万份；增长：2.93%,26.60%,2025-12-30 15:14:33,恒生生物科技ETF易方达,25-12-30,25-12-29
520530,港股通科技ETF东财,A,东财基金,https://www.dongcaijijin.com/fund/cpxq?fcode=520530,100.000,INDEX,Y,Y,0.964,0.9590,2025-12-30,0.52%,1008.84,1051.8200,14:59:58,25778,-300,-1.15,0.9603,2025-12-29,0.9696,,2025-12-30,14:59:58,1.02%,2025-12-30,0.97%,Y,港股通科技,-,开放申购,-,-,开放赎回,-,0.50,0.10,,HKD,,-,-,-,-,3271.76,-,,0,0,0.60,"管理费：0.50%
托管费：0.10%",,-,-,-,最新份额：25778万份；增长：-1.15%,4.08%,2025-12-30 14:59:58,港股通科技ETF东财,25-12-30,25-12-29
159286,港股创新药ETF鹏华,A,鹏华基金,https://www.phfund.com.cn/fund/fundDetail?ph_param=WDZ2RVpKTU5VNExrZWJQSEpNeEZOUGQ3MDc4OHA4dXZDdElWUlNyVWl2TT0=,100.000,INDEX,Y,Y,0.810,0.8210,2025-12-30,-1.34%,3446.42,4260.5926,15:14:27,69779,0,0.00,0.8200,2025-12-29,0.8147,,2025-12-30,15:14:27,-0.60%,2025-12-30,-0.65%,Y,国证港股通创新药,-,开放申购,-,-,开放赎回,-,0.50,0.10,,HKD,,-,-,-,-,1894.41,-,,0,0,0.60,"管理费：0.50%
托管费：0.10%",,-,-,-,最新份额：69779万份；增长：0.00%,6.11%,2025-12-30 15:14:27,港股创新药ETF鹏华,25-12-30,25-12-29
501302,恒生指数基金LOF,A,南方基金,https://www.nffund.com/main/nffund/personal-financing/detail.shtml?fundCode=501302,95.000,INDEX,Y,Y,1.215,1.2060,2025-12-30,0.75%,61.52,50.8715,14:57:05,1684,0,0.00,1.2128,2025-12-29,1.2221,,2025-12-30,14:57:05,0.86%,2025-12-30,0.77%,Y,恒生指数,1.20%,开放申购,"M＜100万	1.20
100万≤M＜300万	0.80
300万≤M＜500万	0.40
500万≤M	每笔1000元",1.50%,开放赎回,"N<7日	1.50
7日≤N<180日	0.50
180日≤N<365日	0.25
N≥365日	0.00",0.50,0.10,,HKD,,-,-,-,-,25854.60,-,,0,0,0.60,"管理费：0.50%
托管费：0.10%",,-,-,-,最新份额：1684万份；增长：0.00%,3.02%,2025-12-30 14:57:05,恒生指数基金LOF,25-12-30,25-12-29
159125,港股通科技ETF招商,A,招商基金,https://www.cmfchina.com/web/fundDetail/159125/index.html,100.000,INDEX,Y,Y,0.903,0.8990,2025-12-30,0.44%,3149.00,3502.7773,15:14:39,78325,0,0.00,0.8991,2025-12-29,0.9083,,2025-12-30,15:14:39,1.07%,2025-12-30,1.02%,Y,国证港股通科技,-,开放申购,-,-,开放赎回,-,0.50,0.10,,HKD,,-,-,-,-,3038.18,-,,0,0,0.60,"管理费：0.50%
托管费：0.10%",,-,-,-,最新份额：78325万份；增长：0.00%,4.47%,2025-12-30 15:14:39,港股通科技ETF招商,25-12-30,25-12-29
520510,港股通医疗ETF,A,华夏基金,https://www.chinaamc.com/fund/520510/index.shtml,100.000,INDEX,Y,Y,0.906,0.9170,2025-12-30,-1.20%,4274.46,4727.1000,14:59:47,22973,-300,-1.29,0.9174,2025-12-29,0.9114,,2025-12-30,14:59:47,-0.60%,2025-12-30,-0.65%,Y,港股通医疗主题,0.50%,开放申购,不超过0.5%,0.50%,开放赎回,不超过0.5%,0.50,0.10,,HKD,,-,-,-,-,1004.14,-,,0,0,0.60,"管理费：0.50%
托管费：0.10%",,-,-,-,最新份额：22973万份；增长：-1.29%,20.58%,2025-12-30 14:59:47,港股通医疗ETF,25-12-30,25-12-29
520900,红利ETF港股,A,广发基金,https://www.gffunds.com.cn/funds/?fundcode=520900,100.000,INDEX,Y,Y,1.038,1.0300,2025-12-30,0.78%,11272.89,10881.6200,14:59:54,191168,-100,-0.05,1.0353,2025-12-29,1.0442,,2025-12-30,14:59:54,0.91%,2025-12-30,0.86%,Y,中证国新港股通央企红利,-,开放申购,-,-,开放赎回,-,0.50,0.10,,HKD,,-,-,-,-,1324.84,-,,0,0,0.60,"管理费：0.50%
托管费：0.10%",,-,-,-,最新份额：191168万份；增长：-0.05%,5.69%,2025-12-30 14:59:54,红利ETF港股,25-12-30,25-12-29
159960,恒生中国企业ETF,A,平安基金,https://fund.pingan.com/main/peanutFinance/yingPeanut/fundDetailV2/159960.shtml,100.000,INDEX,Y,Y,0.909,0.9010,2025-12-30,0.89%,449.82,497.1100,15:14:12,55857,-1700,-2.95,0.9047,2025-12-29,0.9144,,2025-12-30,15:14:12,1.12%,2025-12-30,1.07%,Y,恒生中国企业,0.50%,开放申购,不超过0.50%,0.50%,开放赎回,不超过0.50%,0.50,0.10,,HKD,,-,-,-,-,8991.02,-,,0,0,0.60,"管理费：0.50%
托管费：0.10%",,-,-,-,最新份额：55857万份；增长：-2.95%,0.89%,2025-12-30 15:14:12,恒生中国企业ETF,25-12-30,25-12-29
159239,恒生汽车ETF,A,富国基金,https://www.fullgoal.com.cn/fundDetail/159239/index.html,100.000,INDEX,Y,Y,1.023,1.0160,2025-12-30,0.69%,808.59,794.1419,15:14:06,7628,0,0.00,1.0190,2025-12-29,1.0291,,2025-12-30,15:14:06,1.04%,2025-12-30,0.99%,Y,恒生汽车,-,开放申购,-,-,开放赎回,-,0.50,0.10,,HKD,,-,-,-,-,3046.45,-,,0,0,0.60,"管理费：0.50%
托管费：0.10%",,-,-,-,最新份额：7628万份；增长：0.00%,10.41%,2025-12-30 15:14:06,恒生汽车ETF,25-12-30,25-12-29
501303,恒生中型股LOF,A,广发基金,http://www.gffunds.com.cn/funds/?fundcode=501303,95.000,INDEX,Y,Y,1.075,1.0730,2025-12-30,0.19%,261.82,244.1600,14:59:59,2226,0,0.00,1.0814,2025-12-29,1.0815,,2025-12-30,14:59:59,0.06%,2025-12-30,0.01%,Y,恒生综合中型股,1.20%,开放申购,"M < 100	1.200%	
100 ≤ M < 300	0.800%	
300 ≤ M < 500	0.400%	
M ≥ 500	1000元/笔	0元/笔",1.50%,开放赎回,"D < 7日	1.500%
D ≥ 7日	0.500%",0.50,0.10,,HKD,,-,-,-,-,4993.21,-,,0,0,0.60,"管理费：0.50%
托管费：0.10%",,-,-,-,最新份额：2226万份；增长：0.00%,10.97%,2025-12-30 14:59:59,恒生中型股LOF,25-12-30,25-12-29
159519,港股国企ETF,A,国泰基金,https://e.gtfund.com/Etrade/Jijin/view/id/159519,100.000,INDEX,Y,Y,1.705,1.6810,2025-12-30,1.43%,3132.39,1847.2767,15:14:00,8216,-200,-2.38,1.6942,2025-12-29,1.7157,,2025-12-30,15:14:00,1.32%,2025-12-30,1.27%,Y,内地国有,0.50%,开放申购,最高不超过0.5%,0.50%,开放赎回,最高不超过0.5%,0.50,0.15,,HKD,,-,-,-,-,860.35,-,,0,0,0.65,"管理费：0.50%
托管费：0.15%",,-,-,-,最新份额：8216万份；增长：-2.38%,22.48%,2025-12-30 15:14:00,港股国企ETF,25-12-30,25-12-29
513660,恒生ETF,A,华夏基金,http://www.chinaamc.com/fund/513660/index.shtml,100.000,INDEX,Y,Y,3.162,3.1470,2025-12-30,0.48%,14689.13,4661.8000,14:59:55,147300,-100,-0.07,3.1565,2025-12-29,3.1820,,2025-12-30,14:59:55,0.86%,2025-12-30,0.81%,Y,恒生指数,0.50%,开放申购,不超过0.50%,0.50%,开放赎回,不超过0.50%,0.50,0.10,,HKD,,-,-,-,-,25854.60,-,,0,0,0.60,"管理费：0.50%
托管费：0.10%",,-,-,-,最新份额：147300万份；增长：-0.07%,3.16%,2025-12-30 14:59:55,恒生ETF,25-12-30,25-12-29
159892,恒生医药ETF,A,华夏基金,https://www.chinaamc.com/fund/159892/index.shtml,100.000,INDEX,Y,Y,0.773,0.7820,2025-12-30,-1.15%,71331.62,92459.5100,15:13:54,723327,-3600,-0.50,0.7817,2025-12-29,0.7780,,2025-12-30,15:13:54,-0.42%,2025-12-30,-0.47%,Y,恒生生物科技,0.50%,开放申购,不超过0.50%,0.50%,开放赎回,不超过0.50%,0.50,0.15,,HKD,,-,-,-,-,14379.73,-,,0,0,0.65,"管理费：0.50%
托管费：0.15%",,-,-,-,最新份额：723327万份；增长：-0.50%,12.78%,2025-12-30 15:13:54,恒生医药ETF,25-12-30,25-12-29
159615,恒生生物科技ETF,A,南方基金,https://www.nffund.com/main/nffund/personal-financing/detail.shtml?fundCode=159615,100.000,INDEX,Y,Y,1.109,1.1210,2025-12-30,-1.07%,4070.89,3679.3100,15:14:42,44605,0,0.00,1.1216,2025-12-29,1.1163,,2025-12-30,15:14:42,-0.42%,2025-12-30,-0.47%,Y,恒生生物科技,-,开放申购,-,-,开放赎回,-,0.50,0.15,,HKD,,-,-,-,-,14379.73,-,,0,0,0.65,"管理费：0.50%
托管费：0.15%",,-,-,-,最新份额：44605万份；增长：0.00%,8.25%,2025-12-30 15:14:42,恒生生物科技ETF,25-12-30,25-12-29
159126,港股通50ETF南方,A,南方基金,https://www.nffund.com/new/personal-financing/detail.html?fundCode=159126,100.000,INDEX,Y,Y,0.973,0.9690,2025-12-30,0.41%,1304.22,1344.7354,15:14:42,21262,-200,-0.93,0.9733,2025-12-29,0.9795,,2025-12-30,15:14:42,0.69%,2025-12-30,0.64%,Y,港股通50,-,开放申购,-,-,开放赎回,-,0.15,0.05,,HKD,,-,-,-,-,3907.13,-,,0,0,0.20,"管理费：0.15%
托管费：0.05%",,-,-,-,最新份额：21262万份；增长：-0.93%,6.32%,2025-12-30 15:14:42,港股通50ETF南方,25-12-30,25-12-29
159954,H股ETF,A,南方基金,https://www.nffund.com/main/nffund/personal-financing/detail.shtml?fundCode=159954,100.000,INDEX,Y,Y,1.025,1.0200,2025-12-30,0.49%,1947.58,1908.0400,15:14:12,33111,0,0.00,1.0209,2025-12-29,1.0318,,2025-12-30,15:14:12,1.12%,2025-12-30,1.07%,Y,恒生中国企业,0.50%,开放申购,不超过0.50%,0.50%,开放赎回,不超过0.50%,0.50,0.10,,HKD,,-,-,-,-,8991.02,-,,0,0,0.60,"管理费：0.50%
托管费：0.10%",,-,-,-,最新份额：33111万份；增长：0.00%,5.76%,2025-12-30 15:14:12,H股ETF,25-12-30,25-12-29
159316,恒生创新药ETF,A,易方达,https://www.efunds.com.cn/fund/159316.shtml,100.000,INDEX,Y,Y,1.272,1.2910,2025-12-30,-1.47%,43950.82,34638.2606,15:13:54,315134,900,0.29,1.2869,2025-12-29,1.2804,,2025-12-30,15:13:54,-0.45%,2025-12-30,-0.50%,Y,恒生港股通创新药,-,开放申购,-,-,开放赎回,-,0.50,0.10,,HKD,,-,-,-,-,3198.57,-,,0,0,0.60,"管理费：0.50%
托管费：0.10%",,-,-,-,最新份额：315134万份；增长：0.29%,10.99%,2025-12-30 15:13:54,恒生创新药ETF,25-12-30,25-12-29
161126,标普医疗保健LOF,E,易方达,https://www.efunds.com.cn/fund/161126.shtml,95.000,QDII,Y,Y,1.931,1.9320,2025-12-30,-0.05%,209.67,108.6585,15:14:09,5822,1,0.02,1.9481,2025-12-26,1.9440,,2025-12-30,15:14:09,-0.18%,2025-12-29,-0.21%,Y,标普500医疗保健等权重指数,1.20%,限100,"M＜100万	1.20%
100万≤M＜200万	0.80%
200万≤M＜500万	0.50%
M≥500万	按笔收取，1000.00元/笔",1.50%,开放赎回,"0-6日	1.50%
7日及以上	0.50%",0.80,0.20,,USD,,-,-,-,-,19818.75,-,指数从 2025-12-26 19855.28  到 2025-12-29 19818.75；汇率美元对人民币中间价从 2025-12-26 7.03580  到 2025-12-29 7.03310,0,0,1.00,"管理费：0.80%
托管费：0.20%",SP500EW-35.SPI,-,-,-,最新份额：5822万份；增长：0.02%,1.87%,2025-12-30 15:14:09,标普医疗保健LOF,25-12-29,25-12-26
520880,港股通创新药ETF,A,华宝基金,https://www.fsfund.com/fund/520880/fundDetail.shtml,100.000,INDEX,Y,Y,0.503,0.5100,2025-12-30,-1.37%,19486.24,38783.3160,14:59:57,418562,800,0.19,0.5094,2025-12-29,0.5064,,2025-12-30,14:59:57,-0.53%,2025-12-30,-0.58%,Y,恒生港股通创新药精选,-,开放申购,-,-,开放赎回,-,0.50,0.10,,HKD,,-,-,-,-,2243.16,-,,0,0,0.60,"管理费：0.50%
托管费：0.10%",,-,-,-,最新份额：418562万份；增长：0.19%,9.27%,2025-12-30 14:59:57,港股通创新药ETF,25-12-30,25-12-29
513280,恒生生物科技ETF,A,汇添富,https://www.99fund.com/main/products/pofund/513280/fundgk.shtml,100.000,INDEX,Y,Y,1.089,1.1010,2025-12-30,-1.09%,4025.34,3707.8500,14:59:43,41311,0,0.00,1.1015,2025-12-29,1.0963,,2025-12-30,14:59:43,-0.42%,2025-12-30,-0.47%,Y,恒生生物科技,-,开放申购,-,-,开放赎回,-,0.15,0.05,,HKD,,-,-,-,-,14379.73,-,,0,0,0.20,"管理费：0.15%
托管费：0.05%",,-,-,-,最新份额：41311万份；增长：0.00%,8.98%,2025-12-30 14:59:43,恒生生物科技ETF,25-12-30,25-12-29
159285,港股通消费ETF华安,A,华安基金,https://www.huaan.com.cn/funds/159285/index.shtml,100.000,INDEX,Y,Y,0.921,0.9350,2025-12-30,-1.50%,906.26,981.1524,15:14:33,50849,-700,-1.36,0.9355,2025-12-29,0.9272,,2025-12-30,15:14:33,-0.83%,2025-12-30,-0.88%,Y,国证港股通消费,-,开放申购,-,-,开放赎回,-,0.50,0.10,,HKD,,-,-,-,-,1119.66,-,,0,0,0.60,"管理费：0.50%
托管费：0.10%",,-,-,-,最新份额：50849万份；增长：-1.36%,1.93%,2025-12-30 15:14:33,港股通消费ETF华安,25-12-30,25-12-29
159726,恒生红利ETF,A,华夏基金,https://www.chinaamc.com/fund/159726/index.shtml,100.000,INDEX,Y,Y,1.314,1.3100,2025-12-30,0.31%,1782.23,1359.6000,15:14:30,38391,0,0.00,1.3181,2025-12-29,1.3228,,2025-12-30,15:14:30,0.41%,2025-12-30,0.36%,Y,恒生红利,0.50%,开放申购,最高不超过0.5%,0.50%,开放赎回,最高不超过0.5%,0.50,0.10,,HKD,,-,-,-,-,2799.46,-,,0,0,0.60,"管理费：0.50%
托管费：0.10%",,-,-,-,最新份额：38391万份；增长：0.00%,3.54%,2025-12-30 15:14:30,恒生红利ETF,25-12-30,25-12-29
513230,港股消费ETF,A,华夏基金,https://www.chinaamc.com/fund/513230/index.shtml,100.000,INDEX,Y,Y,1.030,1.0450,2025-12-30,-1.44%,4610.56,4466.7200,14:59:43,31842,0,0.00,1.0463,2025-12-29,1.0371,,2025-12-30,14:59:43,-0.83%,2025-12-30,-0.88%,Y,中证港股通消费,0.50%,开放申购,最高不超过0.5%,0.50%,开放赎回,最高不超过0.5%,0.50,0.10,,HKD,,-,-,-,-,1551.11,-,,0,0,0.60,"管理费：0.50%
托管费：0.10%",,-,-,-,最新份额：31842万份；增长：0.00%,14.03%,2025-12-30 14:59:43,港股消费ETF,25-12-30,25-12-29
513210,恒生ETF易方达,A,易方达,https://www.efunds.com.cn/fund/513210.shtml,100.000,INDEX,Y,Y,1.589,1.5770,2025-12-30,0.76%,909.81,576.2600,14:59:52,5294,-1400,-20.91,1.5874,2025-12-29,1.6002,,2025-12-30,14:59:52,0.86%,2025-12-30,0.81%,Y,恒生指数,0.50%,开放申购,不超过0.50%,0.50%,开放赎回,不超过0.50%,0.50,0.10,,HKD,,-,-,-,-,25854.60,-,,0,0,0.60,"管理费：0.50%
托管费：0.10%",,-,-,-,最新份额：5294万份；增长：-20.91%,10.89%,2025-12-30 14:59:52,恒生ETF易方达,25-12-30,25-12-29
520700,港股创新药ETF基金,A,万家基金,https://www.wjasset.com/products/etf/520700/index.html,100.000,INDEX,Y,Y,1.497,1.5190,2025-12-30,-1.45%,14358.63,9601.0800,14:59:53,59508,0,0.00,1.5157,2025-12-29,1.5075,,2025-12-30,14:59:53,-0.49%,2025-12-30,-0.54%,Y,港股通创新药指数,-,开放申购,-,-,开放赎回,-,0.50,0.10,,HKD,,-,-,-,-,1017.83,-,,0,0,0.60,"管理费：0.50%
托管费：0.10%",,-,-,-,最新份额：59508万份；增长：0.00%,16.13%,2025-12-30 14:59:53,港股创新药ETF基金,25-12-30,25-12-29
513060,恒生医疗ETF,A,博时基金,https://www.bosera.com/fund/513060.html,100.000,INDEX,Y,Y,0.592,0.6000,2025-12-30,-1.33%,56285.02,95075.4000,15:00:00,1070789,-7250,-0.67,0.5996,2025-12-29,0.5962,,2025-12-30,15:00:00,-0.52%,2025-12-30,-0.57%,Y,恒生医疗保健,0.50%,开放申购,不超过0.50%,0.50%,开放赎回,不超过0.50%,0.50,0.15,,HKD,,-,-,-,-,3709.25,-,,0,0,0.65,"管理费：0.50%
托管费：0.15%",,-,-,-,最新份额：1070789万份；增长：-0.67%,8.88%,2025-12-30 15:00:00,恒生医疗ETF,25-12-30,25-12-29
513140,港股金融ETF,A,华泰柏瑞,https://www.huatai-pb.com/products/zhishu/513140/index.html,100.000,INDEX,Y,Y,1.626,1.6250,2025-12-30,0.06%,3366.63,2077.0400,14:59:59,9287,0,0.00,1.6329,2025-12-29,1.6376,,2025-12-30,14:59:59,0.34%,2025-12-30,0.29%,Y,H300金融服务,0.50%,开放申购,最高不超过0.5%,0.50%,开放赎回,最高不超过0.5%,0.50,0.10,,HKD,,-,-,-,-,1523.84,-,,0,0,0.60,"管理费：0.50%
托管费：0.10%",,-,-,-,最新份额：9287万份；增长：0.00%,22.37%,2025-12-30 14:59:59,港股金融ETF,25-12-30,25-12-29
160924,恒生指数LOF,A,大成基金,https://www.dcfund.com.cn/main/fund/productdetail/index.shtml?product_code=160924,95.000,INDEX,Y,Y,1.056,1.0500,2025-12-30,0.57%,41.84,39.7981,15:14:27,1534,0,0.00,1.0555,2025-12-29,1.0636,,2025-12-30,15:14:27,0.86%,2025-12-30,0.77%,Y,恒生指数,1.20%,开放申购,"M < 100万	1.2%
100万 ≤ M < 200万	0.8%
200万 ≤ M < 500万	0.5%
500万 ≤ M	每笔1000元",1.50%,开放赎回,"T < 7天	1.5%
7天 ≤ T < 365天	0.5%
365天 ≤ T < 730天	0.25%
730天 ≤ T	0",1.00,0.20,,HKD,,-,-,-,-,25854.60,-,,0,0,1.20,"管理费：1.00%
托管费：0.20%",,-,-,-,最新份额：1534万份；增长：0.00%,2.59%,2025-12-30 15:14:27,恒生指数LOF,25-12-30,25-12-29
513120,港股创新药ETF,A,广发基金,http://www.gffunds.com.cn/funds/?fundcode=513120&fromSearch=1,100.000,INDEX,Y,Y,1.210,1.2290,2025-12-30,-1.55%,295886.59,244614.2426,15:00:00,1937964,1100,0.06,1.2257,2025-12-29,1.2187,,2025-12-30,15:00:00,-0.52%,2025-12-30,-0.57%,Y,港股创新药,-,开放申购,-,-,开放赎回,-,0.50,0.10,,HKD,,-,-,-,-,1272.06,-,,0,0,0.60,"管理费：0.50%
托管费：0.10%",,-,-,-,最新份额：1937964万份；增长：0.06%,12.62%,2025-12-30 15:00:00,港股创新药ETF,25-12-30,25-12-29
159570,港股通创新药ETF,A,汇添富,https://www.99fund.com/main/products/pofund/159570/fundgk.shtml,100.000,INDEX,Y,Y,1.562,1.5800,2025-12-30,-1.14%,144249.74,92730.2070,15:14:18,1384060,700,0.05,1.5835,2025-12-29,1.5732,,2025-12-30,15:14:18,-0.60%,2025-12-30,-0.65%,Y,国证港股通创新药,-,开放申购,-,-,开放赎回,-,0.50,0.10,,HKD,,-,-,-,-,1894.41,-,,0,0,0.60,"管理费：0.50%
托管费：0.10%",,-,-,-,最新份额：1384060万份；增长：0.05%,6.70%,2025-12-30 15:14:18,港股通创新药ETF,25-12-30,25-12-29
159271,恒生指数ETF,A,鹏华基金,https://www.phfund.com.cn/fund/fundDetail?ph_param=aUR0RzlUUEpPQlA1cmpKRHRjSUpscWxZQ0ZLa29CQUVjRmQwcVVnQWlncz0=,100.000,INDEX,Y,Y,1.020,1.0160,2025-12-30,0.39%,304.30,298.9809,15:14:15,8439,0,0.00,1.0192,2025-12-29,1.0274,,2025-12-30,15:14:15,0.86%,2025-12-30,0.81%,Y,恒生指数,-,开放申购,-,-,开放赎回,-,0.50,0.10,,HKD,,-,-,-,-,25854.60,-,,0,0,0.60,"管理费：0.50%
托管费：0.10%",,-,-,-,最新份额：8439万份；增长：0.00%,3.54%,2025-12-30 15:14:15,恒生指数ETF,25-12-30,25-12-29
513780,港股创新药50ETF,A,景顺长城,https://www.igwfmc.com/main/jjcp/product/513780/detail.html,100.000,INDEX,Y,Y,1.553,1.5730,2025-12-30,-1.27%,19953.88,12878.7600,15:00:00,186966,0,0.00,1.5727,2025-12-29,1.5642,,2025-12-30,15:00:00,-0.49%,2025-12-30,-0.54%,Y,港股通创新药指数,-,开放申购,-,-,开放赎回,-,0.50,0.10,,HKD,,-,-,-,-,1017.83,-,,0,0,0.60,"管理费：0.50%
托管费：0.10%",,-,-,-,最新份额：186966万份；增长：0.00%,6.89%,2025-12-30 15:00:00,港股创新药50ETF,25-12-30,25-12-29
159245,港股通消费ETF,A,富国基金,https://www.fullgoal.com.cn/fundDetail/159245/index.html,100.000,INDEX,Y,Y,0.935,0.9490,2025-12-30,-1.48%,2395.85,2564.7100,15:14:00,22211,0,0.00,0.9503,2025-12-29,0.9419,,2025-12-30,15:14:00,-0.83%,2025-12-30,-0.88%,Y,国证港股通消费,-,开放申购,-,-,开放赎回,-,0.50,0.10,,HKD,,-,-,-,-,1119.66,-,,0,0,0.60,"管理费：0.50%
托管费：0.10%",,-,-,-,最新份额：22211万份；增长：0.00%,11.55%,2025-12-30 15:14:00,港股通消费ETF,25-12-30,25-12-29
520970,港股通创新药ETF嘉实,A,嘉实基金,https://www.jsfund.cn/main/fund/520970/fundManager.shtml,100.000,INDEX,Y,Y,0.837,0.8500,2025-12-30,-1.53%,4700.88,5620.3800,14:59:56,121536,0,0.00,0.8478,2025-12-29,0.8432,,2025-12-30,14:59:56,-0.49%,2025-12-30,-0.54%,Y,港股通创新药指数,-,开放申购,-,-,开放赎回,-,0.50,0.10,,HKD,,-,-,-,-,1017.83,-,,0,0,0.60,"管理费：0.50%
托管费：0.10%",,-,-,-,最新份额：121536万份；增长：0.00%,4.62%,2025-12-30 14:59:56,港股通创新药ETF嘉实,25-12-30,25-12-29
520820,恒生港股通ETF,A,汇添富,https://www.99fund.com/main/products/pofund/520820/fundgk.shtml,100.000,INDEX,Y,Y,0.986,0.9830,2025-12-30,0.31%,439.25,446.6300,14:55:50,26668,-300,-1.11,0.9866,2025-12-29,0.9934,,2025-12-30,14:55:50,0.74%,2025-12-30,0.69%,Y,恒指港股通,-,开放申购,-,-,开放赎回,-,0.50,0.10,,HKD,,-,-,-,-,3525.78,-,,0,0,0.60,"管理费：0.50%
托管费：0.10%",,-,-,-,最新份额：26668万份；增长：-1.11%,1.67%,2025-12-30 14:55:50,恒生港股通ETF,25-12-30,25-12-29
513970,恒生消费ETF,A,景顺长城,https://www.igwfmc.com/main/jjcp/product/513970/detail.html,100.000,INDEX,Y,Y,0.923,0.9350,2025-12-30,-1.28%,14854.34,16065.8500,14:59:59,319904,-1000,-0.31,0.9371,2025-12-29,0.9299,,2025-12-30,14:59:59,-0.72%,2025-12-30,-0.77%,Y,恒生消费,-,开放申购,-,-,开放赎回,-,0.50,0.15,,HKD,,-,-,-,-,2605.01,-,,0,0,0.65,"管理费：0.50%
托管费：0.15%",,-,-,-,最新份额：319904万份；增长：-0.31%,5.02%,2025-12-30 14:59:59,恒生消费ETF,25-12-30,25-12-29
513590,香港消费ETF,A,鹏华基金,https://www.phfund.com.cn/web/FUND_513590,100.000,INDEX,Y,Y,0.910,0.9220,2025-12-30,-1.30%,1552.01,1702.8100,14:59:34,25562,-600,-2.29,0.9252,2025-12-29,0.9170,,2025-12-30,14:59:34,-0.83%,2025-12-30,-0.88%,Y,中证港股通消费,-,开放申购,-,-,开放赎回,-,0.50,0.10,,HKD,,-,-,-,-,1551.11,-,,0,0,0.60,"管理费：0.50%
托管费：0.10%",,-,-,-,最新份额：25562万份；增长：-2.29%,6.66%,2025-12-30 14:59:34,香港消费ETF,25-12-30,25-12-29
513810,港股国企ETF,A,华夏基金,https://www.chinaamc.com/fund/513810/jijinfeilv.shtml,100.000,INDEX,Y,Y,1.679,1.6640,2025-12-30,0.90%,459.49,274.2600,14:59:00,5099,0,0.00,1.6707,2025-12-29,1.6919,,2025-12-30,14:59:00,1.32%,2025-12-30,1.27%,Y,内地国有,0.50%,开放申购,不超过0.5%,0.50%,开放赎回,不超过0.5%,0.50,0.15,,HKD,,-,-,-,-,860.35,-,,0,0,0.65,"管理费：0.50%
托管费：0.15%",,-,-,-,最新份额：5099万份；增长：0.00%,5.38%,2025-12-30 14:59:00,港股国企ETF,25-12-30,25-12-29
159850,恒生国企ETF,A,华夏基金,https://www.chinaamc.com/fund/159850/index.shtml,100.000,INDEX,Y,Y,0.904,0.8980,2025-12-30,0.67%,1813.93,2013.8301,15:14:45,77771,-1000,-1.27,0.9013,2025-12-29,0.9109,,2025-12-30,15:14:45,1.12%,2025-12-30,1.07%,Y,恒生中国企业,0.50%,开放申购,不超过0.5%,0.50%,开放赎回,不超过0.5%,0.50,0.15,,HKD,,-,-,-,-,8991.02,-,,0,0,0.65,"管理费：0.50%
托管费：0.15%",,-,-,-,最新份额：77771万份；增长：-1.27%,2.59%,2025-12-30 15:14:45,恒生国企ETF,25-12-30,25-12-29
159920,恒生ETF,A,华夏基金,https://www.chinaamc.com/fund/159920/index.shtml,100.000,INDEX,Y,Y,1.572,1.5640,2025-12-30,0.51%,51666.15,33013.4738,15:14:39,892556,-9800,-1.09,1.5713,2025-12-29,1.5840,,2025-12-30,15:14:39,0.86%,2025-12-30,0.81%,Y,恒生指数,0.50%,开放申购,不超过0.50%,0.50%,开放赎回,不超过0.50%,0.60,0.15,,HKD,,-,-,-,-,25854.60,-,,0,0,0.75,"管理费：0.60%
托管费：0.15%",,-,-,-,最新份额：892556万份；增长：-1.09%,3.70%,2025-12-30 15:14:39,恒生ETF,25-12-30,25-12-29
159268,港股通消费50ETF,A,汇添富,https://www.99fund.com/main/products/pofund/159268/fundgk.shtml,100.000,INDEX,Y,Y,0.924,0.9370,2025-12-30,-1.39%,5375.79,5800.8600,15:14:27,81506,-2000,-2.40,0.9396,2025-12-29,0.9313,,2025-12-30,15:14:27,-0.83%,2025-12-30,-0.88%,Y,国证港股通消费,-,开放申购,-,-,开放赎回,-,0.50,0.10,,HKD,,-,-,-,-,1119.66,-,,0,0,0.60,"管理费：0.50%
托管费：0.10%",,-,-,-,最新份额：81506万份；增长：-2.40%,7.12%,2025-12-30 15:14:27,港股通消费50ETF,25-12-30,25-12-29
520960,恒指港股通ETF,A,嘉实基金,https://www.jsfund.cn/main/fund/520960/fundManager.shtml,100.000,INDEX,Y,Y,0.966,0.9630,2025-12-30,0.31%,360.73,374.4100,14:52:05,15360,-400,-2.54,0.9669,2025-12-29,0.9736,,2025-12-30,14:52:05,0.74%,2025-12-30,0.69%,Y,恒指港股通,-,开放申购,-,-,开放赎回,-,0.50,0.10,,HKD,,-,-,-,-,3525.78,-,,0,0,0.60,"管理费：0.50%
托管费：0.10%",,-,-,-,最新份额：15360万份；增长：-2.54%,2.44%,2025-12-30 14:52:05,恒指港股通ETF,25-12-30,25-12-29
159567,港股创新药ETF,A,银华基金,https://www.yhfund.com.cn/main/fund/funddetail/index.shtml?product_code=159567,100.000,INDEX,Y,Y,0.756,0.7660,2025-12-30,-1.31%,73757.84,97719.6136,15:13:54,1049573,2900,0.28,0.7670,2025-12-29,0.7620,,2025-12-30,15:13:54,-0.60%,2025-12-30,-0.65%,Y,国证港股通创新药,-,开放申购,-,-,开放赎回,-,0.50,0.10,,HKD,,-,-,-,-,1894.41,-,,0,0,0.60,"管理费：0.50%
托管费：0.10%",,-,-,-,最新份额：1049573万份；增长：0.28%,9.31%,2025-12-30 15:13:54,港股创新药ETF,25-12-30,25-12-29
159121,恒生汽车ETF,A,易方达,https://www.efunds.com.cn/fund/159121.shtml,100.000,INDEX,Y,Y,0.969,0.9640,2025-12-30,0.52%,580.87,601.5662,15:14:39,19048,-100,-0.52,0.9677,2025-12-29,0.9773,,2025-12-30,15:14:39,1.04%,2025-12-30,0.99%,Y,恒生汽车,-,开放申购,-,-,开放赎回,-,0.50,0.10,,HKD,,-,-,-,-,3046.45,-,,0,0,0.60,"管理费：0.50%
托管费：0.10%",,-,-,-,最新份额：19048万份；增长：-0.52%,3.16%,2025-12-30 15:14:39,恒生汽车ETF,25-12-30,25-12-29
501021,香港中小LOF,A,华宝基金,https://www.fsfund.com/fund/501021/fundDetail.shtml,95.000,INDEX,Y,Y,1.440,1.4390,2025-12-30,0.07%,566.15,394.7505,14:59:53,4814,3,0.06,1.4483,2025-12-29,1.4525,,2025-12-30,14:59:53,0.36%,2025-12-30,0.29%,Y,香港中小,1.00%,开放申购,"小于100万元，1.0%  
大于等于100万元，小于200万元，0.6%  
大于等于200万元，每笔1000元",1.50%,开放赎回,"7日内，1.5%
大于等于7日小于180日，0.50%
大于等于180日小于1年，0.25%
大于等于1年，0.00%",1.00,0.20,,HKD,,-,-,-,-,2956.08,-,,0,0,1.20,"管理费：1.00%
托管费：0.20%",,-,-,-,最新份额：4814万份；增长：0.06%,8.20%,2025-12-30 14:59:53,香港中小LOF,25-12-30,25-12-29
159130,恒生生物科技ETF鹏华,A,鹏华基金,https://www.phfund.com.cn/fund/fundDetail?ph_param=TEI5Z2lmZkhiWEk4NWxmTUFYMytKSGxMNEV2VUdzMmFQZXlVOXdneUZ0ST0=,100.000,INDEX,Y,Y,0.912,0.9250,2025-12-30,-1.41%,1260.68,1386.5414,15:14:42,49539,-1200,-2.37,0.9247,2025-12-29,0.9203,,2025-12-30,15:14:42,-0.42%,2025-12-30,-0.47%,Y,恒生生物科技,-,开放申购,-,-,开放赎回,-,0.50,0.10,,HKD,,-,-,-,-,14379.73,-,,0,0,0.60,"管理费：0.50%
托管费：0.10%",,-,-,-,最新份额：49539万份；增长：-2.37%,2.80%,2025-12-30 15:14:42,恒生生物科技ETF鹏华,25-12-30,25-12-29
159776,港股通医药ETF,A,银华基金,https://www.yhfund.com.cn/main/fund/funddetail/index.shtml?product_code=159776,100.000,INDEX,Y,Y,1.179,1.1900,2025-12-30,-0.92%,754.06,640.8500,15:14:24,10197,0,0.00,1.1957,2025-12-29,1.1897,,2025-12-30,15:14:24,-0.45%,2025-12-30,-0.50%,Y,港股通医药C,-,开放申购,-,-,开放赎回,-,0.50,0.10,,HKD,,-,-,-,-,3286.53,-,,0,0,0.60,"管理费：0.50%
托管费：0.10%",,-,-,-,最新份额：10197万份；增长：0.00%,6.28%,2025-12-30 15:14:24,港股通医药ETF,25-12-30,25-12-29
159217,港股通创新药ETF工银,A,工银瑞信,https://www.icbccs.com.cn/jj/jjxq/159217.html,100.000,INDEX,Y,Y,1.267,1.2850,2025-12-30,-1.40%,52008.82,41149.9633,15:14:03,381916,-600,-0.16,1.2872,2025-12-29,1.2788,,2025-12-30,15:14:03,-0.60%,2025-12-30,-0.65%,Y,国证港股通创新药,-,开放申购,-,-,开放赎回,-,0.40,0.07,,HKD,,-,-,-,-,1894.41,-,,0,0,0.47,"管理费：0.40%
托管费：0.07%",,-,-,-,最新份额：381916万份；增长：-0.16%,10.77%,2025-12-30 15:14:03,港股通创新药ETF工银,25-12-30,25-12-29
159312,恒生ETF港股通,A,广发基金,https://www.gffunds.com.cn/funds/?fundcode=159312,100.000,INDEX,Y,Y,1.239,1.3160,2025-12-30,-5.85%,22710.79,18399.9906,15:14:51,20822,17800,589.01,1.2423,2025-12-29,1.2508,,2025-12-30,15:14:51,0.74%,2025-12-30,0.69%,Y,恒指港股通,-,开放申购,-,-,开放赎回,-,0.50,0.10,,HKD,,-,-,-,-,3525.78,-,,0,0,0.60,"管理费：0.50%
托管费：0.10%",,-,-,-,最新份额：20822万份；增长：589.01%,88.37%,2025-12-30 15:14:51,恒生ETF港股通,25-12-30,25-12-29
513700,香港医药ETF,A,鹏华基金,https://www.phfund.com.cn/web/FUND_513700,100.000,INDEX,Y,Y,0.625,0.6340,2025-12-30,-1.42%,9431.21,15116.5700,14:59:57,139785,0,0.00,0.6341,2025-12-29,0.6309,,2025-12-30,14:59:57,-0.45%,2025-12-30,-0.50%,Y,港股通医药C,-,开放申购,-,-,开放赎回,-,0.50,0.10,,HKD,,-,-,-,-,3286.53,-,,0,0,0.60,"管理费：0.50%
托管费：0.10%",,-,-,-,最新份额：139785万份；增长：0.00%,10.81%,2025-12-30 14:59:57,香港医药ETF,25-12-30,25-12-29
159718,港股医药ETF,A,平安基金,https://fund.pingan.com/main/peanutFinance/yingPeanut/fundDetailV2/159718.shtml,100.000,INDEX,Y,Y,0.880,0.8900,2025-12-30,-1.12%,1163.07,1323.7300,15:14:24,23883,-100,-0.42,0.8929,2025-12-29,0.8884,,2025-12-30,15:14:24,-0.45%,2025-12-30,-0.50%,Y,港股通医药C,0.50%,开放申购,最高不超过0.5%,0.50%,开放赎回,最高不超过0.5%,0.50,0.10,,HKD,,-,-,-,-,3286.53,-,,0,0,0.60,"管理费：0.50%
托管费：0.10%",,-,-,-,最新份额：23883万份；增长：-0.42%,5.54%,2025-12-30 15:14:24,港股医药ETF,25-12-30,25-12-29
159557,恒生医疗指数ETF,A,嘉实基金,https://www.jsfund.cn/main/fund/159557/fundManager.shtml,100.000,INDEX,Y,Y,1.493,1.5160,2025-12-30,-1.52%,1633.38,1094.7700,15:14:45,14189,0,0.00,1.5160,2025-12-29,1.5073,,2025-12-30,15:14:45,-0.52%,2025-12-30,-0.57%,Y,恒生医疗保健,0.50%,开放申购,不超过0.50%,0.50%,开放赎回,不超过0.50%,0.50,0.10,,HKD,,-,-,-,-,3709.25,-,,0,0,0.60,"管理费：0.50%
托管费：0.10%",,-,-,-,最新份额：14189万份；增长：0.00%,7.72%,2025-12-30 15:14:45,恒生医疗指数ETF,25-12-30,25-12-29
513200,港股通医药ETF,A,易方达,https://www.efunds.com.cn/fund/513200.shtml,100.000,INDEX,Y,Y,1.049,1.0620,2025-12-30,-1.22%,11358.32,10848.9740,14:59:42,173828,-1300,-0.74,1.0644,2025-12-29,1.0591,,2025-12-30,14:59:42,-0.45%,2025-12-30,-0.50%,Y,港股通医药C,0.50%,开放申购,最高不超过0.5%,0.50%,开放赎回,最高不超过0.5%,0.15,0.05,,HKD,,-,-,-,-,3286.53,-,,0,0,0.20,"管理费：0.15%
托管费：0.05%",,-,-,-,最新份额：173828万份；增长：-0.74%,6.24%,2025-12-30 14:59:42,港股通医药ETF,25-12-30,25-12-29
159506,恒生医疗ETF,A,富国基金,https://www.fullgoal.com.cn/fundDetail/159506/index.html,100.000,INDEX,Y,Y,1.328,1.3450,2025-12-30,-1.26%,27329.48,20641.1400,15:13:57,241854,-4900,-1.99,1.3484,2025-12-29,1.3414,,2025-12-30,15:13:57,-0.47%,2025-12-30,-0.52%,Y,恒生医疗,0.50%,开放申购,最高不超过0.5%,0.50%,开放赎回,最高不超过0.5%,0.50,0.10,,HKD,,-,-,-,-,3137.25,-,,0,0,0.60,"管理费：0.50%
托管费：0.10%",,-,-,-,最新份额：241854万份；增长：-1.99%,8.53%,2025-12-30 15:13:57,恒生医疗ETF,25-12-30,25-12-29
513730,东南亚科技ETF,E,华泰柏瑞,https://www.huatai-pb.com/products/zhishu/513730/index.html,100.000,QDII,Y,N,1.391,1.3860,2025-12-30,0.36%,3417.75,2459.0382,14:59:57,93036,-500,-0.53,1.4042,2025-12-26,-,,-,-,-,-,-,Y,新交所泛东南亚科技指数,-,开放申购,-,-,开放赎回,-,0.40,0.10,,USD,,-,-,-,-,,-,,0,0,0.50,"管理费：0.40%
托管费：0.10%",,-,-,-,最新份额：93036万份；增长：-0.53%,2.64%,- -,东南亚科技ETF,-,25-12-26
513800,日本东证指数ETF,A,南方基金,https://www.nffund.com/main/nffund/personal-financing/detail.shtml?fundCode=513800,100.000,INDEX,Y,Y,1.641,1.6480,2025-12-30,-0.42%,4688.10,2852.0500,14:59:56,97904,-4240,-4.15,1.6514,2025-12-29,-,,2025-12-30,14:59:56,0.00%,2025-12-30,-,Y,东证指数,-,开放申购,-,-,开放赎回,-,0.20,0.05,,JPY,,-,-,-,-,2787.48,-,,0,0,0.25,"管理费：0.20%
托管费：0.05%",,-,-,-,最新份额：97904万份；增长：-4.15%,2.91%,2025-12-30 14:59:56,日本东证指数ETF,25-12-30,25-12-29
520830,沙特ETF,E,华泰柏瑞,https://www.huatai-pb.com/products/zhishu/520830/index.html,100.000,QDII,Y,N,0.904,0.9020,2025-12-30,0.22%,2733.50,3023.2981,15:00:00,146112,100,0.07,0.8922,2025-12-26,-,,-,-,-,-,-,Y,富时沙特阿拉伯,-,开放申购,-,-,开放赎回,-,0.50,0.10,,USD,,-,-,-,-,,-,,0,0,0.60,"管理费：0.50%
托管费：0.10%",,-,-,-,最新份额：146112万份；增长：0.07%,2.07%,- -,沙特ETF,-,25-12-26
520870,巴西ETF,E,易方达,https://www.efunds.com.cn/fund/520870.shtml,100.000,QDII,Y,N,0.956,0.9690,2025-12-30,-1.34%,3552.58,3711.7897,14:59:56,49498,100,0.20,0.9719,2025-12-26,-,,-,-,-,-,-,Y,巴西IBOVESPA,-,开放申购,-,-,开放赎回,-,0.50,0.10,,BRL,,-,-,-,-,,-,,0,0,0.60,"管理费：0.50%
托管费：0.10%",,-,-,-,最新份额：49498万份；增长：0.20%,7.50%,- -,巴西ETF,-,25-12-26
160125,南方香港LOF,E,南方基金,https://www.nffund.com/new/personal-financing/detail.html?fundCode=160125,95.000,QDII,Y,N,1.728,1.7350,2025-12-30,-0.40%,147.93,85.4919,15:14:06,2635,0,0.00,1.7540,2025-12-26,-,,2025-02-10,13:40:18,-,-,-,Y,恒生指数,1.30%,开放申购,"M < 100万	1.3%
100万 ≤ M < 500万	0.7%
500万 ≤ M < 1000万	0.2%
1000万 ≤ M	每笔1000元",1.50%,开放赎回,"T < 7天	1.5%
7天 ≤ T < 365天	0.5%
1年 ≤ T < 2年	0.30%
2年 ≤ T	0",1.20,0.20,,HKD,,-,-,-,-,,-,,0,0,1.40,"管理费：1.20%
托管费：0.20%",,-,-,-,最新份额：2635万份；增长：0.00%,3.24%,2025-02-10 13:40:18,南方香港LOF,-,25-12-26
159100,巴西ETF,E,华夏基金,https://www.chinaamc.com/fund/159100/index.shtml,100.000,QDII,Y,N,0.960,0.9680,2025-12-30,-0.83%,1966.74,2049.5999,15:14:30,52255,-900,-1.69,0.9712,2025-12-26,-,,-,-,-,-,-,Y,巴西IBOVESPA,-,开放申购,-,-,开放赎回,-,0.50,0.10,,BRL,,-,-,-,-,,-,,0,0,0.60,"管理费：0.50%
托管费：0.10%",,-,-,-,最新份额：52255万份；增长：-1.69%,3.92%,- -,巴西ETF,-,25-12-26
520580,新兴亚洲ETF,E,招商基金,https://www.cmfchina.com/web/fundDetail/520580/index.html,100.000,QDII,Y,Y,1.026,1.0290,2025-12-30,-0.29%,653.75,637.6314,14:59:47,37898,0,0.00,1.0397,2025-12-26,-,,2025-12-30,14:59:47,-,2025-12-26,-,Y,新交所新兴亚洲精选50指数,-,暂停申购,-,-,暂停赎回,-,0.40,0.10,,USD,,-,-,-,-,,-,指数从 2025-12-26 1462.77  到 2025-12-29 1453.03；汇率美元对人民币中间价从 2025-12-26 7.03580  到 2025-12-29 7.03310,0,0,0.50,"管理费：0.40%
托管费：0.10%",EMASIAUP.GI,-,-,-,最新份额：37898万份；增长：0.00%,1.68%,2025-12-30 14:59:47,新兴亚洲ETF,25-12-26,25-12-26
159822,新经济ETF,E,银华基金,https://www.yhfund.com.cn/main/fund/funddetail/index.shtml?product_code=159822,100.000,QDII,Y,Y,0.719,0.7190,2025-12-30,0.00%,1007.06,1403.3600,15:14:18,37343,0,0.00,0.7246,2025-12-24,-,,2025-12-30,15:14:18,-,2025-12-26,-,Y,标普中国新经济行业指数,-,开放申购,-,-,开放赎回,-,0.25,0.10,,USD,,-,-,-,-,,-,指数从 2025-12-24 2347.85  到 2025-12-29 2335.14；汇率美元对人民币中间价从 2025-12-24 7.04710  到 2025-12-29 7.03310,0,0,0.35,"管理费：0.25%
托管费：0.10%",SPNCSCHN.SPI,-,-,-,最新份额：37343万份；增长：0.00%,3.76%,2025-12-30 15:14:18,新经济ETF,25-12-26,25-12-24
159329,沙特ETF,E,南方基金,https://www.nffund.com/new/personal-financing/detail.html?fundCode=159329,100.000,QDII,Y,N,0.915,0.9160,2025-12-30,-0.11%,4684.63,5098.8704,15:14:45,147869,200,0.14,0.8987,2025-12-26,-,,-,-,-,-,-,Y,富时沙特阿拉伯,-,开放申购,-,-,开放赎回,-,0.50,0.10,,USD,,-,-,-,-,,-,,0,0,0.60,"管理费：0.50%
托管费：0.10%",,-,-,-,最新份额：147869万份；增长：0.14%,3.45%,- -,沙特ETF,-,25-12-26
159687,亚太精选ETF,E,南方基金,https://www.nffund.com/new/personal-financing/detail.html?fundCode=159687,100.000,QDII,Y,N,1.548,1.5530,2025-12-30,-0.32%,2077.47,1344.5700,15:14:12,60483,-380,-0.62,1.5548,2025-12-26,-,,-,-,-,-,-,Y,富时亚太低碳精选,-,开放申购,-,-,开放赎回,-,0.20,0.05,,USD,,-,-,-,-,,-,,0,0,0.25,"管理费：0.20%
托管费：0.05%",,-,-,-,最新份额：60483万份；增长：-0.62%,2.22%,- -,亚太精选ETF,-,25-12-26
