日期,收盘价,估值指标,估值分位点,持仓市值,现金,总资产,仓位比例,信号
2015-01-05,26.10,4.12,0.9992,0.00,100000.00,100000.00,0.0000,持有
2015-01-06,26.14,4.12,0.9992,0.00,100000.00,100000.00,0.0000,持有
2015-01-07,27.23,4.29,0.9992,0.00,100000.00,100000.00,0.0000,持有
2015-01-08,26.55,4.19,0.9984,0.00,100000.00,100000.00,0.0000,持有
2015-01-09,26.33,4.15,0.9976,0.00,100000.00,100000.00,0.0000,持有
2015-01-12,25.25,3.98,0.9944,0.00,100000.00,100000.00,0.0000,持有
2015-01-13,24.23,3.82,0.9887,0.00,100000.00,100000.00,0.0000,持有
2015-01-14,24.60,3.88,0.9919,0.00,100000.00,100000.00,0.0000,持有
2015-01-15,25.13,3.96,0.9928,0.00,100000.00,100000.00,0.0000,持有
2015-01-16,24.79,3.91,0.9920,0.00,100000.00,100000.00,0.0000,持有
2015-01-19,22.31,3.52,0.9686,0.00,100000.00,100000.00,0.0000,持有
2015-01-20,20.10,3.17,0.9382,0.00,100000.00,100000.00,0.0000,持有
2015-01-21,21.65,3.41,0.9631,0.00,100000.00,100000.00,0.0000,持有
2015-01-22,21.41,3.38,0.9599,0.00,100000.00,100000.00,0.0000,持有
2015-01-23,22.00,3.47,0.9679,0.00,100000.00,100000.00,0.0000,持有
2015-01-26,21.56,3.40,0.9600,0.00,100000.00,100000.00,0.0000,持有
2015-01-27,21.13,3.33,0.9528,0.00,100000.00,100000.00,0.0000,持有
2015-01-28,21.74,3.43,0.9624,0.00,100000.00,100000.00,0.0000,持有
2015-01-29,21.22,3.35,0.9545,0.00,100000.00,100000.00,0.0000,持有
2015-01-30,20.98,3.31,0.9497,0.00,100000.00,100000.00,0.0000,持有
2015-02-02,20.28,3.20,0.9346,0.00,100000.00,100000.00,0.0000,持有
2015-02-03,21.39,3.37,0.9570,0.00,100000.00,100000.00,0.0000,持有
2015-02-04,21.11,3.33,0.9498,0.00,100000.00,100000.00,0.0000,持有
2015-02-05,21.15,3.34,0.9507,0.00,100000.00,100000.00,0.0000,持有
2015-02-06,21.32,3.36,0.9563,0.00,100000.00,100000.00,0.0000,持有
2015-02-09,22.15,3.49,0.9682,0.00,100000.00,100000.00,0.0000,持有
2015-02-10,22.25,3.51,0.9683,0.00,100000.00,100000.00,0.0000,持有
2015-02-11,22.08,3.48,0.9667,0.00,100000.00,100000.00,0.0000,持有
2015-02-12,21.84,3.44,0.9628,0.00,100000.00,100000.00,0.0000,持有
2015-02-13,21.94,3.46,0.9636,0.00,100000.00,100000.00,0.0000,持有
2015-02-16,21.82,3.44,0.9604,0.00,100000.00,100000.00,0.0000,持有
2015-02-17,21.98,3.47,0.9644,0.00,100000.00,100000.00,0.0000,持有
2015-02-25,21.65,3.41,0.9550,0.00,100000.00,100000.00,0.0000,持有
2015-02-26,22.54,3.55,0.9732,0.00,100000.00,100000.00,0.0000,持有
2015-02-27,22.24,3.51,0.9669,0.00,100000.00,100000.00,0.0000,持有
2015-03-02,22.50,3.55,0.9724,0.00,100000.00,100000.00,0.0000,持有
2015-03-03,21.56,3.40,0.9504,0.00,100000.00,100000.00,0.0000,持有
2015-03-04,21.37,3.37,0.9473,0.00,100000.00,100000.00,0.0000,持有
2015-03-05,21.30,3.36,0.9450,0.00,100000.00,100000.00,0.0000,持有
2015-03-06,21.17,3.34,0.9411,0.00,100000.00,100000.00,0.0000,持有
2015-03-09,20.83,3.29,0.9333,0.00,100000.00,100000.00,0.0000,持有
2015-03-10,20.73,3.27,0.9325,0.00,100000.00,100000.00,0.0000,持有
2015-03-11,20.69,3.26,0.9318,0.00,100000.00,100000.00,0.0000,持有
2015-03-12,21.24,3.35,0.9428,0.00,100000.00,100000.00,0.0000,持有
2015-03-13,21.26,3.35,0.9437,0.00,100000.00,100000.00,0.0000,持有
2015-03-16,21.67,3.42,0.9547,0.00,100000.00,100000.00,0.0000,持有
2015-03-17,22.29,3.52,0.9672,0.00,100000.00,100000.00,0.0000,持有
2015-03-18,22.58,3.56,0.9735,0.00,100000.00,100000.00,0.0000,持有
2015-03-19,22.36,3.53,0.9688,0.00,100000.00,100000.00,0.0000,持有
2015-03-20,24.36,3.84,0.9899,0.00,100000.00,100000.00,0.0000,持有
2015-03-23,25.10,3.96,0.9922,0.00,100000.00,100000.00,0.0000,持有
2015-03-24,24.44,3.61,0.9735,0.00,100000.00,100000.00,0.0000,持有
2015-03-25,24.38,3.60,0.9720,0.00,100000.00,100000.00,0.0000,持有
2015-03-26,24.12,3.56,0.9697,0.00,100000.00,100000.00,0.0000,持有
2015-03-27,24.19,3.57,0.9705,0.00,100000.00,100000.00,0.0000,持有
2015-03-30,24.79,3.66,0.9791,0.00,100000.00,100000.00,0.0000,持有
2015-03-31,24.72,3.65,0.9767,0.00,100000.00,100000.00,0.0000,持有
2015-04-01,25.56,3.77,0.9837,0.00,100000.00,100000.00,0.0000,持有
2015-04-02,25.19,3.72,0.9814,0.00,100000.00,100000.00,0.0000,持有
2015-04-03,25.77,3.80,0.9838,0.00,100000.00,100000.00,0.0000,持有
2015-04-07,26.08,3.85,0.9892,0.00,100000.00,100000.00,0.0000,持有
2015-04-08,27.17,4.01,0.9946,0.00,100000.00,100000.00,0.0000,持有
2015-04-09,26.94,3.98,0.9931,0.00,100000.00,100000.00,0.0000,持有
2015-04-10,26.99,3.98,0.9938,0.00,100000.00,100000.00,0.0000,持有
2015-04-13,26.65,3.93,0.9892,0.00,100000.00,100000.00,0.0000,持有
2015-04-14,26.50,3.91,0.9885,0.00,100000.00,100000.00,0.0000,持有
2015-04-15,25.68,3.79,0.9785,0.00,100000.00,100000.00,0.0000,持有
2015-04-16,26.37,3.89,0.9869,0.00,100000.00,100000.00,0.0000,持有
2015-04-17,26.47,3.91,0.9869,0.00,100000.00,100000.00,0.0000,持有
2015-04-20,25.33,3.74,0.9739,0.00,100000.00,100000.00,0.0000,持有
2015-04-21,26.42,3.90,0.9862,0.00,100000.00,100000.00,0.0000,持有
2015-04-22,28.48,4.20,0.9985,0.00,100000.00,100000.00,0.0000,持有
2015-04-23,27.75,4.10,0.9946,0.00,100000.00,100000.00,0.0000,持有
2015-04-24,26.66,3.94,0.9878,0.00,100000.00,100000.00,0.0000,持有
2015-04-27,26.93,3.97,0.9901,0.00,100000.00,100000.00,0.0000,持有
2015-04-28,26.74,3.95,0.9870,0.00,100000.00,100000.00,0.0000,持有
2015-04-29,26.80,3.96,0.9870,0.00,100000.00,100000.00,0.0000,持有
2015-04-30,25.88,3.64,0.9611,0.00,100000.00,100000.00,0.0000,持有
2015-05-04,25.42,3.58,0.9535,0.00,100000.00,100000.00,0.0000,持有
2015-05-05,24.91,3.50,0.9414,0.00,100000.00,100000.00,0.0000,持有
2015-05-06,25.07,3.53,0.9460,0.00,100000.00,100000.00,0.0000,持有
2015-05-07,24.98,3.51,0.9422,0.00,100000.00,100000.00,0.0000,持有
2015-05-08,25.10,3.53,0.9468,0.00,100000.00,100000.00,0.0000,持有
2015-05-11,25.58,3.60,0.9544,0.00,100000.00,100000.00,0.0000,持有
2015-05-12,25.91,3.64,0.9613,0.00,100000.00,100000.00,0.0000,持有
2015-05-13,25.13,3.54,0.9462,0.00,100000.00,100000.00,0.0000,持有
2015-05-14,24.92,3.51,0.9371,0.00,100000.00,100000.00,0.0000,持有
2015-05-15,24.09,3.39,0.9198,0.00,100000.00,100000.00,0.0000,持有
2015-05-18,23.33,3.28,0.9009,0.00,100000.00,100000.00,0.0000,持有
2015-05-19,24.86,3.50,0.9358,0.00,100000.00,100000.00,0.0000,持有
2015-05-20,24.41,3.43,0.9267,0.00,100000.00,100000.00,0.0000,持有
2015-05-21,24.33,3.42,0.9238,0.00,100000.00,100000.00,0.0000,持有
2015-05-22,24.94,3.51,0.9389,0.00,100000.00,100000.00,0.0000,持有
2015-05-25,25.79,3.63,0.9586,0.00,100000.00,100000.00,0.0000,持有
2015-05-26,25.90,3.64,0.9608,0.00,100000.00,100000.00,0.0000,持有
2015-05-27,25.55,3.59,0.9518,0.00,100000.00,100000.00,0.0000,持有
2015-05-28,23.14,3.26,0.8925,0.00,100000.00,100000.00,0.0000,持有
2015-05-29,22.87,3.22,0.8835,0.00,100000.00,100000.00,0.0000,持有
2015-06-01,24.49,3.44,0.9257,0.00,100000.00,100000.00,0.0000,持有
2015-06-02,24.12,3.39,0.9145,0.00,100000.00,100000.00,0.0000,持有
2015-06-03,23.87,3.36,0.9070,0.00,100000.00,100000.00,0.0000,持有
2015-06-04,24.26,3.41,0.9169,0.00,100000.00,100000.00,0.0000,持有
2015-06-05,24.02,3.38,0.9117,0.00,100000.00,100000.00,0.0000,持有
2015-06-08,25.22,3.55,0.9461,0.00,100000.00,100000.00,0.0000,持有
2015-06-09,25.01,3.52,0.9380,0.00,100000.00,100000.00,0.0000,持有
2015-06-10,24.61,3.46,0.9268,0.00,100000.00,100000.00,0.0000,持有
2015-06-11,24.16,3.40,0.9119,0.00,100000.00,100000.00,0.0000,持有
2015-06-12,24.09,3.39,0.9105,0.00,100000.00,100000.00,0.0000,持有
2015-06-15,23.46,3.30,0.8920,0.00,100000.00,100000.00,0.0000,持有
2015-06-16,23.53,3.31,0.8928,0.00,100000.00,100000.00,0.0000,持有
2015-06-17,23.59,3.32,0.8929,0.00,100000.00,100000.00,0.0000,持有
2015-06-18,22.52,3.17,0.8677,0.00,100000.00,100000.00,0.0000,持有
2015-06-19,21.34,3.00,0.8306,0.00,100000.00,100000.00,0.0000,持有
2015-06-23,22.06,3.41,0.9154,0.00,100000.00,100000.00,0.0000,持有
2015-06-24,21.87,3.38,0.9088,0.00,100000.00,100000.00,0.0000,持有
2015-06-25,21.58,3.34,0.8962,0.00,100000.00,100000.00,0.0000,持有
2015-06-26,19.60,3.03,0.8333,0.00,100000.00,100000.00,0.0000,持有
2015-06-29,18.53,2.87,0.8253,0.00,100000.00,100000.00,0.0000,持有
2015-06-30,20.27,3.14,0.8602,0.00,100000.00,100000.00,0.0000,持有
2015-07-01,19.12,2.96,0.8256,0.00,100000.00,100000.00,0.0000,持有
2015-07-02,19.21,2.97,0.8257,0.00,100000.00,100000.00,0.0000,持有
2015-07-03,18.81,2.91,0.8236,0.00,100000.00,100000.00,0.0000,持有
2015-07-06,20.09,3.11,0.8459,0.00,100000.00,100000.00,0.0000,持有
2015-07-07,19.60,3.03,0.8320,0.00,100000.00,100000.00,0.0000,持有
2015-07-08,17.65,2.73,0.8189,0.00,100000.00,100000.00,0.0000,持有
2015-07-09,19.41,3.00,0.8271,0.00,100000.00,100000.00,0.0000,持有
2015-07-10,20.88,3.23,0.8765,0.00,100000.00,100000.00,0.0000,持有
2015-07-13,20.64,3.19,0.8699,0.00,100000.00,100000.00,0.0000,持有
2015-07-14,19.31,2.99,0.8238,0.00,100000.00,100000.00,0.0000,持有
2015-07-15,18.61,2.88,0.8195,0.00,100000.00,100000.00,0.0000,持有
2015-07-16,18.44,2.85,0.8182,0.00,100000.00,100000.00,0.0000,持有
2015-07-17,19.12,2.96,0.8212,0.00,100000.00,100000.00,0.0000,持有
2015-07-20,18.49,2.86,0.8177,0.00,100000.00,100000.00,0.0000,持有
2015-07-21,18.41,2.85,0.8164,0.00,100000.00,100000.00,0.0000,持有
2015-07-22,18.08,2.80,0.8158,0.00,100000.00,100000.00,0.0000,持有
2015-07-23,18.48,2.86,0.8174,0.00,100000.00,100000.00,0.0000,持有
2015-07-24,18.00,2.78,0.8146,0.00,100000.00,100000.00,0.0000,持有
2015-07-27,16.20,2.51,0.8023,0.00,100000.00,100000.00,0.0000,持有
2015-07-28,16.71,2.58,0.8083,0.00,100000.00,100000.00,0.0000,持有
2015-07-29,16.55,2.56,0.8055,0.00,100000.00,100000.00,0.0000,持有
2015-07-30,15.73,2.43,0.7948,0.00,100000.00,100000.00,0.0000,持有
2015-07-31,15.66,2.42,0.7942,0.00,100000.00,100000.00,0.0000,持有
2015-08-03,15.40,2.38,0.7914,0.00,100000.00,100000.00,0.0000,持有
2015-08-04,15.83,2.45,0.7959,0.00,100000.00,100000.00,0.0000,持有
2015-08-05,15.29,2.37,0.7896,0.00,100000.00,100000.00,0.0000,持有
2015-08-06,14.95,2.31,0.7868,0.00,100000.00,100000.00,0.0000,持有
2015-08-07,15.27,2.36,0.7891,0.00,100000.00,100000.00,0.0000,持有
2015-08-10,16.80,2.60,0.8096,0.00,100000.00,100000.00,0.0000,持有
2015-08-11,16.65,2.58,0.8082,0.00,100000.00,100000.00,0.0000,持有
2015-08-12,16.55,2.56,0.8069,0.00,100000.00,100000.00,0.0000,持有
2015-08-13,16.69,2.58,0.8085,0.00,100000.00,100000.00,0.0000,持有
2015-08-14,17.11,2.61,0.8101,0.00,100000.00,100000.00,0.0000,持有
2015-08-17,16.77,2.56,0.8052,0.00,100000.00,100000.00,0.0000,持有
2015-08-18,15.50,2.37,0.7866,0.00,100000.00,100000.00,0.0000,持有
2015-08-19,15.72,2.40,0.7889,0.00,100000.00,100000.00,0.0000,持有
2015-08-20,15.07,2.30,0.7775,0.00,100000.00,100000.00,0.0000,持有
2015-08-21,13.88,2.12,0.7396,0.00,100000.00,100000.00,0.0000,持有
2015-08-24,12.49,1.91,0.6096,0.00,100000.00,100000.00,0.0000,持有
2015-08-25,11.24,1.37,0.0596,0.00,100000.00,100000.00,0.0000,买入(补至100%)
2015-08-26,10.96,1.34,0.0302,97480.82,4.24,97485.06,1.0000,持有
2015-08-27,11.73,1.43,0.1320,104332.29,4.24,104336.53,1.0000,持有
2015-08-28,12.10,1.47,0.1735,107588.43,4.24,107592.67,1.0000,持有
2015-08-31,11.50,1.40,0.0874,102229.36,4.24,102233.60,1.0000,持有
2015-09-01,11.59,1.41,0.1074,103043.40,4.24,103047.64,1.0000,持有
2015-09-02,11.34,1.38,0.0708,100872.63,4.24,100876.87,1.0000,持有
2015-09-07,11.26,1.37,0.0636,100126.43,4.24,100130.67,1.0000,持有
2015-09-08,11.63,1.42,0.1157,103382.58,4.24,103386.82,1.0000,持有
2015-09-09,11.96,1.46,0.1613,106367.38,4.24,106371.62,1.0000,持有
2015-09-10,11.56,1.41,0.1034,102772.05,4.24,102776.29,1.0000,持有
2015-09-11,11.46,1.40,0.0841,101890.18,4.24,101894.42,1.0000,持有
2015-09-14,10.61,1.29,0.0164,94360.35,4.24,94364.58,1.0000,持有
2015-09-15,10.31,1.26,0.0021,91714.73,4.24,91718.97,1.0000,持有
2015-09-16,11.01,1.34,0.0363,97887.84,4.24,97892.07,1.0000,持有
2015-09-17,10.55,1.29,0.0149,93817.65,4.24,93821.89,1.0000,持有
2015-09-18,10.51,1.28,0.0107,93478.47,4.24,93482.71,1.0000,持有
2015-09-21,10.63,1.30,0.0199,94563.85,4.24,94568.09,1.0000,持有
2015-09-22,10.85,1.32,0.0277,96463.27,4.24,96467.51,1.0000,持有
2015-09-23,10.40,1.27,0.0050,92528.76,4.24,92533.00,1.0000,持有
2015-09-24,10.50,1.28,0.0106,93410.64,4.24,93414.88,1.0000,持有
2015-09-25,10.15,1.24,0.0000,90222.33,4.24,90226.57,1.0000,持有
2015-09-28,10.27,1.25,0.0028,91307.71,4.24,91311.95,1.0000,持有
2015-09-29,10.18,1.24,0.0007,90493.67,4.24,90497.91,1.0000,持有
2015-09-30,10.36,1.26,0.0071,92121.75,4.24,92125.99,1.0000,持有
2015-10-08,10.88,1.33,0.0346,96734.62,4.24,96738.86,1.0000,持有
2015-10-09,11.05,1.35,0.0494,98294.85,4.24,98299.09,1.0000,持有
2015-10-12,11.71,1.43,0.1416,104128.78,4.24,104133.02,1.0000,持有
2015-10-13,11.64,1.42,0.1289,103518.25,4.24,103522.49,1.0000,持有
2015-10-14,11.64,1.42,0.1288,103518.25,4.24,103522.49,1.0000,持有
2015-10-15,11.99,1.46,0.1793,106638.72,4.24,106642.96,1.0000,持有
2015-10-16,12.12,1.48,0.1904,107791.94,4.24,107796.18,1.0000,持有
2015-10-19,12.30,1.50,0.2058,109420.01,4.24,109424.25,1.0000,持有
2015-10-20,12.22,1.49,0.2000,108673.81,4.24,108678.05,1.0000,持有
2015-10-21,11.40,1.39,0.0870,101415.32,4.24,101419.56,1.0000,持有
2015-10-22,11.71,1.43,0.1430,104128.78,4.24,104133.02,1.0000,持有
2015-10-23,11.98,1.46,0.1779,106503.05,4.24,106507.29,1.0000,持有
2015-10-26,12.09,1.47,0.1896,107520.60,4.24,107524.83,1.0000,持有
2015-10-27,12.01,1.46,0.1811,106774.40,4.24,106778.63,1.0000,持有
2015-10-28,11.63,1.42,0.1279,103450.41,4.24,103454.65,1.0000,持有
2015-10-29,11.66,1.42,0.1348,103721.76,4.24,103726.00,1.0000,持有
2015-10-30,12.11,1.44,0.1633,107656.27,4.24,107660.51,1.0000,持有
2015-11-02,11.85,1.41,0.1172,105417.67,4.24,105421.91,1.0000,持有
2015-11-03,12.03,1.43,0.1519,106977.90,4.24,106982.14,1.0000,持有
2015-11-04,13.23,1.58,0.2925,117696.05,4.24,117700.28,1.0000,持有
2015-11-05,14.22,1.69,0.4468,126446.93,4.24,126451.17,1.0000,持有
2015-11-06,15.64,1.86,0.5960,139064.49,4.24,139068.73,1.0000,持有
2015-11-09,15.55,1.85,0.5872,138318.29,4.24,138322.53,1.0000,持有
2015-11-10,15.77,1.88,0.6083,140285.55,4.24,140289.78,1.0000,持有
2015-11-11,15.91,1.89,0.6149,141506.60,4.24,141510.84,1.0000,持有
2015-11-12,15.38,1.83,0.5700,136758.06,4.24,136762.30,1.0000,持有
2015-11-13,15.45,1.84,0.5759,137436.42,4.24,137440.66,1.0000,持有
2015-11-16,15.18,1.81,0.5485,134994.31,4.24,134998.55,1.0000,持有
2015-11-17,15.41,1.83,0.5723,137029.40,4.24,137033.64,1.0000,持有
2015-11-18,15.85,1.89,0.6120,140963.91,4.24,140968.15,1.0000,持有
2015-11-19,16.07,1.91,0.6254,142931.16,4.24,142935.40,1.0000,持有
2015-11-20,15.66,1.86,0.5988,139268.00,4.24,139272.24,1.0000,持有
2015-11-23,15.33,1.83,0.5631,136351.04,4.24,136355.28,1.0000,持有
2015-11-24,15.48,1.84,0.5793,137639.93,4.24,137644.17,1.0000,持有
2015-11-25,15.32,1.82,0.5610,136283.20,4.24,136287.44,1.0000,持有
2015-11-26,15.17,1.81,0.5434,134926.48,4.24,134930.71,1.0000,持有
2015-11-27,13.65,1.63,0.3572,121427.04,4.24,121431.28,1.0000,持有
2015-11-30,13.45,1.60,0.3253,119595.46,4.24,119599.70,1.0000,持有
2015-12-01,13.56,1.61,0.3430,120545.17,4.24,120549.41,1.0000,持有
2015-12-02,14.36,1.71,0.4622,127667.99,4.24,127672.23,1.0000,持有
2015-12-03,14.29,1.70,0.4557,127125.30,4.24,127129.54,1.0000,持有
2015-12-04,13.91,1.66,0.4074,123733.48,4.24,123737.72,1.0000,持有
2015-12-07,13.65,1.63,0.3571,121427.04,4.24,121431.28,1.0000,持有
2015-12-08,13.46,1.60,0.3253,119663.30,4.24,119667.54,1.0000,持有
2015-12-09,13.57,1.62,0.3470,120680.84,4.24,120685.08,1.0000,持有
2015-12-10,13.59,1.62,0.3495,120884.35,4.24,120888.59,1.0000,持有
2015-12-11,13.62,1.62,0.3534,121087.86,4.24,121092.10,1.0000,持有
2015-12-14,14.84,1.77,0.5096,131941.68,4.24,131945.92,1.0000,持有
2015-12-15,14.28,1.70,0.4560,126989.62,4.24,126993.86,1.0000,持有
2015-12-16,14.20,1.69,0.4420,126311.26,4.24,126315.50,1.0000,持有
2015-12-17,14.54,1.73,0.4833,129296.06,4.24,129300.30,1.0000,持有
2015-12-18,14.39,1.71,0.4673,127939.33,4.24,127943.57,1.0000,持有
2015-12-21,14.97,1.78,0.5269,133162.73,4.24,133166.97,1.0000,持有
2015-12-22,15.20,1.81,0.5551,135197.82,4.24,135202.06,1.0000,持有
2015-12-23,16.13,1.92,0.6383,143473.85,4.24,143478.09,1.0000,持有
2015-12-24,15.74,1.87,0.6121,139946.36,4.24,139950.60,1.0000,持有
2015-12-25,15.86,1.89,0.6185,141031.75,4.24,141035.98,1.0000,持有
2015-12-28,14.92,1.78,0.5204,132687.88,4.24,132692.12,1.0000,持有
2015-12-29,15.11,1.80,0.5410,134383.78,4.24,134388.02,1.0000,持有
2015-12-30,15.03,1.79,0.5312,133637.59,4.24,133641.82,1.0000,持有
2015-12-31,14.76,1.76,0.4997,131263.31,4.24,131267.55,1.0000,持有
2016-01-04,13.31,1.58,0.2957,118374.41,4.24,118378.65,1.0000,持有
2016-01-05,13.46,1.60,0.3232,119731.14,4.24,119735.37,1.0000,持有
2016-01-06,13.68,1.63,0.3601,121630.55,4.24,121634.79,1.0000,持有
2016-01-07,12.46,1.48,0.1958,110844.58,4.24,110848.81,1.0000,持有
2016-01-08,12.84,1.53,0.2294,114168.56,4.24,114172.80,1.0000,持有
2016-01-11,11.96,1.42,0.1362,106367.38,4.24,106371.62,1.0000,持有
2016-01-12,12.12,1.44,0.1624,107791.94,4.24,107796.18,1.0000,持有
2016-01-13,12.12,1.44,0.1623,107791.94,4.24,107796.18,1.0000,持有
2016-01-14,12.43,1.48,0.1965,110505.39,4.24,110509.63,1.0000,持有
2016-01-15,11.86,1.41,0.1143,105485.50,4.24,105489.74,1.0000,持有
2016-01-18,11.94,1.42,0.1284,106163.87,4.24,106168.11,1.0000,持有
2016-01-19,12.30,1.46,0.1807,109352.18,4.24,109356.42,1.0000,持有
2016-01-20,12.07,1.44,0.1550,107317.09,4.24,107321.32,1.0000,持有
2016-01-21,11.52,1.37,0.0671,102432.87,4.24,102437.11,1.0000,持有
2016-01-22,11.66,1.39,0.0811,103653.92,4.24,103658.16,1.0000,持有
2016-01-25,11.71,1.39,0.0864,104128.78,4.24,104133.02,1.0000,持有
2016-01-26,10.63,1.26,0.0074,94496.02,4.24,94500.26,1.0000,持有
2016-01-27,10.63,1.27,0.0080,94563.85,4.24,94568.09,1.0000,持有
2016-01-28,10.45,1.24,0.0027,92935.78,4.24,92940.02,1.0000,持有
2016-01-29,11.06,1.32,0.0314,98362.69,4.24,98366.93,1.0000,持有
2016-02-01,10.85,1.29,0.0234,96531.11,4.24,96535.35,1.0000,持有
2016-02-02,11.14,1.33,0.0354,99041.05,4.24,99045.29,1.0000,持有
2016-02-03,11.04,1.31,0.0320,98159.18,4.24,98163.42,1.0000,持有
2016-02-04,11.16,1.33,0.0386,99244.56,4.24,99248.80,1.0000,持有
2016-02-05,10.82,1.29,0.0220,96191.93,4.24,96196.17,1.0000,持有
2016-02-15,10.66,1.27,0.0106,94835.20,4.24,94839.44,1.0000,持有
2016-02-16,11.31,1.35,0.0519,100601.29,4.24,100605.53,1.0000,持有
2016-02-17,11.45,1.36,0.0678,101822.34,4.24,101826.58,1.0000,持有
2016-02-18,11.40,1.36,0.0637,101415.32,4.24,101419.56,1.0000,持有
2016-02-19,11.52,1.37,0.0750,102432.87,4.24,102437.11,1.0000,持有
2016-02-22,11.88,1.41,0.1286,105689.01,4.24,105693.25,1.0000,持有
2016-02-23,11.63,1.38,0.0868,103382.58,4.24,103386.82,1.0000,持有
2016-02-24,11.76,1.40,0.1040,104603.63,4.24,104607.87,1.0000,持有
2016-02-25,10.80,1.29,0.0212,96056.25,4.24,96060.49,1.0000,持有
2016-02-26,10.98,1.31,0.0324,97616.49,4.24,97620.73,1.0000,持有
2016-02-29,10.89,1.30,0.0278,96870.29,4.24,96874.53,1.0000,持有
2016-03-01,11.69,1.39,0.0958,103993.11,4.24,103997.34,1.0000,持有
2016-03-02,12.30,1.46,0.1941,109352.18,4.24,109356.42,1.0000,持有
2016-03-03,12.14,1.45,0.1801,107995.45,4.24,107999.69,1.0000,持有
2016-03-04,12.20,1.45,0.1826,108538.14,4.24,108542.38,1.0000,持有
2016-03-07,12.19,1.45,0.1818,108402.47,4.24,108406.71,1.0000,持有
2016-03-08,12.33,1.47,0.2001,109623.52,4.24,109627.76,1.0000,持有
2016-03-09,12.20,1.45,0.1829,108538.14,4.24,108542.38,1.0000,持有
2016-03-10,11.85,1.41,0.1256,105349.83,4.24,105354.07,1.0000,持有
2016-03-11,12.17,1.45,0.1820,108198.96,4.24,108203.20,1.0000,持有
2016-03-14,12.33,1.47,0.2029,109691.36,4.24,109695.60,1.0000,持有
2016-03-15,12.21,1.45,0.1870,108605.98,4.24,108610.22,1.0000,持有
2016-03-16,12.27,1.46,0.1954,109148.67,4.24,109152.91,1.0000,持有
2016-03-17,12.68,1.51,0.2353,112743.99,4.24,112748.23,1.0000,持有
2016-03-18,12.93,1.54,0.2633,114982.59,4.24,114986.83,1.0000,持有
2016-03-21,14.23,1.69,0.4627,126514.77,4.24,126519.01,1.0000,持有
2016-03-22,13.72,1.63,0.3905,122037.57,4.24,122041.81,1.0000,持有
2016-03-23,14.00,1.67,0.4320,124479.68,4.24,124483.92,1.0000,持有
2016-03-24,13.28,1.52,0.2417,118103.06,4.24,118107.30,1.0000,持有
2016-03-25,13.34,1.52,0.2487,118645.75,4.24,118649.99,1.0000,持有
2016-03-28,13.02,1.49,0.2192,115796.63,4.24,115800.87,1.0000,持有
2016-03-29,13.07,1.49,0.2229,116203.65,4.24,116207.89,1.0000,持有
2016-03-30,13.49,1.54,0.2658,119934.64,4.24,119938.88,1.0000,持有
2016-03-31,13.58,1.55,0.2799,120748.68,4.24,120752.92,1.0000,持有
2016-04-01,13.50,1.54,0.2681,120070.32,4.24,120074.56,1.0000,持有
2016-04-05,13.68,1.56,0.2926,121630.55,4.24,121634.79,1.0000,持有
2016-04-06,13.58,1.55,0.2801,120748.68,4.24,120752.92,1.0000,持有
2016-04-07,13.22,1.51,0.2351,117560.37,4.24,117564.61,1.0000,持有
2016-04-08,12.92,1.48,0.2090,114914.76,4.24,114918.99,1.0000,持有
2016-04-11,13.27,1.51,0.2419,117967.39,4.24,117971.63,1.0000,持有
2016-04-12,13.23,1.51,0.2359,117628.21,4.24,117632.45,1.0000,持有
2016-04-13,13.62,1.55,0.2882,121087.86,4.24,121092.10,1.0000,持有
2016-04-14,13.73,1.57,0.3029,122105.41,4.24,122109.65,1.0000,持有
2016-04-15,13.65,1.56,0.2917,121427.04,4.24,121431.28,1.0000,持有
2016-04-18,13.24,1.51,0.2392,117763.88,4.24,117768.12,1.0000,持有
2016-04-19,13.30,1.52,0.2474,118306.57,4.24,118310.81,1.0000,持有
2016-04-20,13.14,1.50,0.2266,116814.17,4.24,116818.41,1.0000,持有
2016-04-21,12.88,1.47,0.2026,114575.57,4.24,114579.81,1.0000,持有
2016-04-22,13.00,1.48,0.2166,115593.12,4.24,115597.36,1.0000,持有
2016-04-25,12.78,1.46,0.1901,113693.70,4.24,113697.94,1.0000,持有
2016-04-26,12.87,1.47,0.2028,114439.90,4.24,114444.14,1.0000,持有
2016-04-27,12.67,1.45,0.1770,112676.16,4.24,112680.40,1.0000,持有
2016-04-28,12.59,1.44,0.1659,111997.79,4.24,112002.03,1.0000,持有
2016-04-29,12.54,1.43,0.1575,111522.94,4.24,111527.18,1.0000,持有
2016-05-03,12.83,1.47,0.1991,114100.72,4.24,114104.96,1.0000,持有
2016-05-04,12.75,1.46,0.1868,113354.52,4.24,113358.76,1.0000,持有
2016-05-05,12.76,1.46,0.1886,113490.19,4.24,113494.43,1.0000,持有
2016-05-06,12.28,1.40,0.1090,109216.50,4.24,109220.74,1.0000,持有
2016-05-09,11.94,1.36,0.0692,106163.87,4.24,106168.11,1.0000,持有
2016-05-10,11.90,1.36,0.0647,105824.69,4.24,105828.93,1.0000,持有
2016-05-11,11.88,1.36,0.0633,105621.18,4.24,105625.42,1.0000,持有
2016-05-12,11.90,1.36,0.0652,105824.69,4.24,105828.93,1.0000,持有
2016-05-13,11.75,1.34,0.0498,104535.80,4.24,104540.04,1.0000,持有
2016-05-16,11.88,1.36,0.0639,105621.18,4.24,105625.42,1.0000,持有
2016-05-17,11.88,1.36,0.0638,105621.18,4.24,105625.42,1.0000,持有
2016-05-18,11.89,1.36,0.0670,105756.85,4.24,105761.09,1.0000,持有
2016-05-19,11.85,1.35,0.0593,105349.83,4.24,105354.07,1.0000,持有
2016-05-20,11.97,1.37,0.0764,106435.21,4.24,106439.45,1.0000,持有
2016-05-23,12.00,1.37,0.0796,106706.56,4.24,106710.80,1.0000,持有
2016-05-24,11.84,1.35,0.0592,105282.00,4.24,105286.23,1.0000,持有
2016-05-25,11.86,1.36,0.0629,105485.50,4.24,105489.74,1.0000,持有
2016-05-26,11.88,1.36,0.0654,105621.18,4.24,105625.42,1.0000,持有
2016-05-27,11.84,1.35,0.0590,105282.00,4.24,105286.23,1.0000,持有
2016-05-30,11.95,1.37,0.0787,106299.54,4.24,106303.78,1.0000,持有
2016-05-31,12.81,1.46,0.2061,113897.21,4.24,113901.45,1.0000,持有
2016-06-01,12.64,1.44,0.1844,112404.81,4.24,112409.05,1.0000,持有
2016-06-02,12.66,1.45,0.1875,112608.32,4.24,112612.56,1.0000,持有
2016-06-03,12.68,1.45,0.1899,112743.99,4.24,112748.23,1.0000,持有
2016-06-06,12.56,1.43,0.1695,111658.61,4.24,111662.85,1.0000,持有
2016-06-07,12.58,1.44,0.1745,111862.12,4.24,111866.36,1.0000,持有
2016-06-08,12.50,1.43,0.1605,111183.76,4.24,111188.00,1.0000,持有
2016-06-13,11.91,1.36,0.0720,105892.52,4.24,105896.76,1.0000,持有
2016-06-14,11.98,1.37,0.0801,106503.05,4.24,106507.29,1.0000,持有
2016-06-15,12.14,1.39,0.0990,107995.45,4.24,107999.69,1.0000,持有
2016-06-16,11.93,1.36,0.0750,106096.03,4.24,106100.27,1.0000,持有
2016-06-17,11.95,1.37,0.0793,106299.54,4.24,106303.78,1.0000,持有
2016-06-20,11.95,1.36,0.0787,106231.70,4.24,106235.94,1.0000,持有
2016-06-21,12.08,1.38,0.0937,107452.76,4.24,107457.00,1.0000,持有
2016-06-22,12.25,1.40,0.1157,108945.16,4.24,108949.40,1.0000,持有
2016-06-23,12.17,1.39,0.1055,108266.79,4.24,108271.03,1.0000,持有
2016-06-24,11.97,1.37,0.0810,106435.21,4.24,106439.45,1.0000,持有
2016-06-27,12.16,1.39,0.1048,108131.12,4.24,108135.36,1.0000,持有
2016-06-28,12.35,1.41,0.1379,109827.03,4.24,109831.27,1.0000,持有
2016-06-29,12.33,1.41,0.1316,109623.52,4.24,109627.76,1.0000,持有
2016-06-30,12.38,1.41,0.1446,110098.38,4.24,110102.61,1.0000,持有
2016-07-01,12.30,1.41,0.1264,109420.01,4.24,109424.25,1.0000,持有
2016-07-04,12.66,1.45,0.1964,112608.32,4.24,112612.56,1.0000,持有
2016-07-05,12.65,1.44,0.1944,112472.65,4.24,112476.89,1.0000,持有
2016-07-06,12.62,1.44,0.1899,112269.14,4.24,112273.38,1.0000,持有
2016-07-07,12.66,1.45,0.1973,112608.32,4.24,112612.56,1.0000,持有
2016-07-08,12.65,1.45,0.1965,112540.48,4.24,112544.72,1.0000,持有
2016-07-11,12.62,1.44,0.1895,112269.14,4.24,112273.38,1.0000,持有
2016-07-12,12.91,1.48,0.2349,114846.92,4.24,114851.16,1.0000,持有
2016-07-13,12.92,1.48,0.2354,114914.76,4.24,114918.99,1.0000,持有
2016-07-14,12.94,1.48,0.2371,115050.43,4.24,115054.67,1.0000,持有
2016-07-15,12.83,1.47,0.2220,114100.72,4.24,114104.96,1.0000,持有
2016-07-18,12.60,1.44,0.1846,112065.63,4.24,112069.87,1.0000,持有
2016-07-19,12.66,1.45,0.1981,112608.32,4.24,112612.56,1.0000,持有
2016-07-20,12.63,1.44,0.1930,112336.98,4.24,112341.21,1.0000,持有
2016-07-21,12.74,1.46,0.2084,113286.68,4.24,113290.92,1.0000,持有
2016-07-22,12.68,1.45,0.2027,112743.99,4.24,112748.23,1.0000,持有
2016-07-25,12.64,1.44,0.1939,112404.81,4.24,112409.05,1.0000,持有
2016-07-26,12.83,1.47,0.2248,114100.72,4.24,114104.96,1.0000,持有
2016-07-27,12.70,1.45,0.2042,112947.50,4.24,112951.74,1.0000,持有
2016-07-28,12.44,1.42,0.1546,110641.07,4.24,110645.31,1.0000,持有
2016-07-29,12.37,1.41,0.1415,110030.54,4.24,110034.78,1.0000,持有
2016-08-01,12.32,1.41,0.1297,109555.69,4.24,109559.92,1.0000,持有
2016-08-02,12.37,1.41,0.1407,109962.70,4.24,109966.94,1.0000,持有
2016-08-03,12.32,1.41,0.1295,109555.69,4.24,109559.92,1.0000,持有
2016-08-04,12.37,1.41,0.1412,109962.70,4.24,109966.94,1.0000,持有
2016-08-05,12.39,1.42,0.1479,110166.21,4.24,110170.45,1.0000,持有
2016-08-08,12.46,1.42,0.1656,110844.58,4.24,110848.81,1.0000,持有
2016-08-09,12.53,1.43,0.1766,111455.10,4.24,111459.34,1.0000,持有
2016-08-10,12.46,1.42,0.1654,110844.58,4.24,110848.81,1.0000,持有
2016-08-11,12.61,1.44,0.1924,112133.47,4.24,112137.70,1.0000,持有
2016-08-12,13.08,1.49,0.2604,116339.32,4.24,116343.56,1.0000,持有
2016-08-15,13.74,1.57,0.3401,122173.24,4.24,122177.48,1.0000,持有
2016-08-16,13.48,1.54,0.3037,119866.81,4.24,119871.05,1.0000,持有
2016-08-17,13.43,1.53,0.2961,119459.79,4.24,119464.03,1.0000,持有
2016-08-18,13.33,1.52,0.2862,118510.08,4.24,118514.32,1.0000,持有
2016-08-19,13.30,1.48,0.2437,118300.56,4.24,118304.80,1.0000,持有
2016-08-22,13.17,1.46,0.2258,117113.36,4.24,117117.60,1.0000,持有
2016-08-23,13.20,1.46,0.2300,117392.70,4.24,117396.94,1.0000,持有
2016-08-24,13.12,1.46,0.2158,116694.35,4.24,116698.59,1.0000,持有
2016-08-25,13.19,1.49,0.2615,117322.87,4.24,117327.10,1.0000,持有
2016-08-26,13.14,1.49,0.2576,116834.02,4.24,116838.26,1.0000,持有
2016-08-29,13.12,1.49,0.2556,116694.35,4.24,116698.59,1.0000,持有
2016-08-30,13.22,1.50,0.2640,117532.37,4.24,117536.61,1.0000,持有
2016-08-31,13.27,1.50,0.2700,118021.22,4.24,118025.46,1.0000,持有
2016-09-01,13.09,1.48,0.2527,116415.01,4.24,116419.25,1.0000,持有
2016-09-02,13.19,1.49,0.2623,117322.87,4.24,117327.10,1.0000,持有
2016-09-05,13.20,1.50,0.2646,117392.70,4.24,117396.94,1.0000,持有
2016-09-06,13.22,1.50,0.2663,117602.21,4.24,117606.45,1.0000,持有
2016-09-07,13.19,1.49,0.2618,117322.87,4.24,117327.10,1.0000,持有
2016-09-08,13.14,1.49,0.2574,116834.02,4.24,116838.26,1.0000,持有
2016-09-09,13.13,1.49,0.2567,116764.19,4.24,116768.42,1.0000,持有
2016-09-12,12.93,1.46,0.2280,114948.47,4.24,114952.71,1.0000,持有
2016-09-13,12.82,1.45,0.2085,114040.62,4.24,114044.86,1.0000,持有
2016-09-14,12.71,1.44,0.1890,113062.93,4.24,113067.17,1.0000,持有
2016-09-19,12.75,1.44,0.1967,113342.27,4.24,113346.51,1.0000,持有
2016-09-20,12.72,1.44,0.1912,113132.76,4.24,113137.00,1.0000,持有
2016-09-21,12.74,1.44,0.1959,113272.43,4.24,113276.67,1.0000,持有
2016-09-22,12.79,1.45,0.2085,113761.28,4.24,113765.52,1.0000,持有
2016-09-23,12.68,1.44,0.1824,112783.59,4.24,112787.83,1.0000,持有
2016-09-26,12.50,1.42,0.1467,111177.38,4.24,111181.62,1.0000,持有
2016-09-27,12.67,1.43,0.1785,112643.92,4.24,112648.16,1.0000,持有
2016-09-28,12.61,1.43,0.1688,112155.07,4.24,112159.31,1.0000,持有
2016-09-29,12.68,1.44,0.1837,112783.59,4.24,112787.83,1.0000,持有
2016-09-30,12.66,1.43,0.1782,112574.08,4.24,112578.32,1.0000,持有
2016-10-10,12.89,1.46,0.2262,114599.30,4.24,114603.54,1.0000,持有
2016-10-11,12.97,1.47,0.2429,115367.48,4.24,115371.72,1.0000,持有
2016-10-12,12.90,1.46,0.2308,114738.97,4.24,114743.21,1.0000,持有
2016-10-13,12.87,1.46,0.2222,114459.63,4.24,114463.87,1.0000,持有
2016-10-14,12.93,1.46,0.2347,114948.47,4.24,114952.71,1.0000,持有
2016-10-17,12.74,1.44,0.1980,113272.43,4.24,113276.67,1.0000,持有
2016-10-18,13.06,1.48,0.2596,116135.67,4.24,116139.91,1.0000,持有
2016-10-19,12.97,1.47,0.2445,115367.48,4.24,115371.72,1.0000,持有
2016-10-20,12.95,1.47,0.2401,115157.98,4.24,115162.22,1.0000,持有
2016-10-21,13.06,1.48,0.2603,116135.67,4.24,116139.91,1.0000,持有
2016-10-24,13.32,1.51,0.2871,118440.23,4.24,118444.47,1.0000,持有
2016-10-25,13.24,1.50,0.2803,117741.88,4.24,117746.12,1.0000,持有
2016-10-26,13.20,1.50,0.2754,117392.70,4.24,117396.94,1.0000,持有
2016-10-27,13.16,1.49,0.2704,117043.53,4.24,117047.76,1.0000,持有
2016-10-28,13.20,1.50,0.2757,117392.70,4.24,117396.94,1.0000,持有
2016-10-31,13.04,1.44,0.1980,115996.00,4.24,116000.24,1.0000,持有
2016-11-01,13.20,1.46,0.2277,117392.70,4.24,117396.94,1.0000,持有
2016-11-02,13.06,1.44,0.2019,116135.67,4.24,116139.91,1.0000,持有
2016-11-03,13.24,1.46,0.2369,117741.88,4.24,117746.12,1.0000,持有
2016-11-04,13.22,1.46,0.2326,117602.21,4.24,117606.45,1.0000,持有
2016-11-07,13.29,1.47,0.2473,118230.72,4.24,118234.96,1.0000,持有
2016-11-08,13.30,1.47,0.2513,118300.56,4.24,118304.80,1.0000,持有
2016-11-09,13.08,1.45,0.2072,116345.18,4.24,116349.41,1.0000,持有
2016-11-10,13.36,1.48,0.2576,118789.40,4.24,118793.64,1.0000,持有
2016-11-11,13.78,1.52,0.3114,122560.49,4.24,122564.73,1.0000,持有
2016-11-14,13.86,1.53,0.3177,123258.84,4.24,123263.08,1.0000,持有
2016-11-15,13.70,1.52,0.3021,121862.14,4.24,121866.38,1.0000,持有
2016-11-16,13.71,1.52,0.3043,121931.98,4.24,121936.22,1.0000,持有
2016-11-17,13.70,1.52,0.3018,121862.14,4.24,121866.38,1.0000,持有
2016-11-18,13.51,1.50,0.2785,120186.10,4.24,120190.34,1.0000,持有
2016-11-21,13.66,1.51,0.2973,121443.13,4.24,121447.37,1.0000,持有
2016-11-22,13.85,1.53,0.3196,123189.01,4.24,123193.25,1.0000,持有
2016-11-23,13.73,1.52,0.3064,122071.65,4.24,122075.89,1.0000,持有
2016-11-24,13.82,1.53,0.3174,122909.67,4.24,122913.91,1.0000,持有
2016-11-25,13.88,1.54,0.3231,123398.51,4.24,123402.75,1.0000,持有
2016-11-28,13.83,1.53,0.3176,122979.50,4.24,122983.74,1.0000,持有
2016-11-29,14.10,1.56,0.3569,125423.73,4.24,125427.97,1.0000,持有
2016-11-30,13.94,1.54,0.3343,123957.19,4.24,123961.43,1.0000,持有
2016-12-01,14.00,1.55,0.3429,124515.88,4.24,124520.11,1.0000,持有
2016-12-02,13.63,1.51,0.2904,121233.63,4.24,121237.87,1.0000,持有
2016-12-05,13.23,1.46,0.2333,117672.04,4.24,117676.28,1.0000,持有
2016-12-06,13.18,1.46,0.2190,117183.20,4.24,117187.43,1.0000,持有
2016-12-07,13.26,1.47,0.2424,117951.38,4.24,117955.62,1.0000,持有
2016-12-08,13.11,1.45,0.2088,116624.52,4.24,116628.75,1.0000,持有
2016-12-09,13.18,1.46,0.2192,117183.20,4.24,117187.43,1.0000,持有
2016-12-12,12.92,1.43,0.1646,114878.64,4.24,114882.88,1.0000,持有
2016-12-13,12.88,1.42,0.1593,114529.46,4.24,114533.70,1.0000,持有
2016-12-14,12.75,1.41,0.1317,113412.10,4.24,113416.34,1.0000,持有
2016-12-15,12.66,1.40,0.1105,112574.08,4.24,112578.32,1.0000,持有
2016-12-16,12.64,1.40,0.1093,112434.41,4.24,112438.65,1.0000,持有
2016-12-19,12.64,1.40,0.1081,112364.58,4.24,112368.82,1.0000,持有
2016-12-20,12.60,1.39,0.1027,112085.24,4.24,112089.48,1.0000,持有
2016-12-21,12.70,1.40,0.1196,112923.26,4.24,112927.50,1.0000,持有
2016-12-22,12.69,1.40,0.1195,112853.42,4.24,112857.66,1.0000,持有
2016-12-23,12.56,1.39,0.0979,111666.23,4.24,111670.47,1.0000,持有
2016-12-26,12.64,1.40,0.1089,112364.58,4.24,112368.82,1.0000,持有
2016-12-27,12.58,1.39,0.1001,111875.73,4.24,111879.97,1.0000,持有
2016-12-28,12.58,1.39,0.1001,111875.73,4.24,111879.97,1.0000,持有
2016-12-29,12.50,1.38,0.0913,111177.38,4.24,111181.62,1.0000,持有
2016-12-30,12.61,1.40,0.1069,112155.07,4.24,112159.31,1.0000,持有
2017-01-03,12.71,1.41,0.1266,113062.93,4.24,113067.17,1.0000,持有
2017-01-04,12.74,1.41,0.1341,113272.43,4.24,113276.67,1.0000,持有
2017-01-05,12.68,1.40,0.1206,112783.59,4.24,112787.83,1.0000,持有
2017-01-06,12.57,1.39,0.1003,111805.90,4.24,111810.14,1.0000,持有
2017-01-09,12.62,1.40,0.1089,112224.91,4.24,112229.15,1.0000,持有
2017-01-10,12.65,1.40,0.1152,112504.25,4.24,112508.49,1.0000,持有
2017-01-11,12.64,1.40,0.1140,112434.41,4.24,112438.65,1.0000,持有
2017-01-12,12.68,1.40,0.1226,112783.59,4.24,112787.83,1.0000,持有
2017-01-13,12.73,1.41,0.1347,113202.60,4.24,113206.84,1.0000,持有
2017-01-16,12.85,1.42,0.1618,114250.12,4.24,114254.36,1.0000,持有
2017-01-17,12.77,1.41,0.1461,113551.77,4.24,113556.01,1.0000,持有
2017-01-18,12.78,1.41,0.1483,113621.61,4.24,113625.85,1.0000,持有
2017-01-19,12.78,1.41,0.1482,113621.61,4.24,113625.85,1.0000,持有
2017-01-20,12.89,1.43,0.1741,114599.30,4.24,114603.54,1.0000,持有
2017-01-23,12.91,1.43,0.1774,114808.80,4.24,114813.04,1.0000,持有
2017-01-24,12.86,1.42,0.1675,114389.79,4.24,114394.03,1.0000,持有
2017-01-25,12.87,1.42,0.1720,114459.63,4.24,114463.87,1.0000,持有
2017-01-26,12.94,1.43,0.1857,115088.14,4.24,115092.38,1.0000,持有
2017-02-03,12.86,1.42,0.1655,114319.96,4.24,114324.20,1.0000,持有
2017-02-06,12.83,1.42,0.1597,114110.45,4.24,114114.69,1.0000,持有
2017-02-07,12.80,1.42,0.1538,113831.11,4.24,113835.35,1.0000,持有
2017-02-08,12.97,1.44,0.1939,115367.48,4.24,115371.72,1.0000,持有
2017-02-09,12.96,1.43,0.1915,115297.65,4.24,115301.89,1.0000,持有
2017-02-10,13.09,1.45,0.2241,116415.01,4.24,116419.25,1.0000,持有
2017-02-13,13.11,1.45,0.2262,116554.68,4.24,116558.92,1.0000,持有
2017-02-14,13.07,1.45,0.2181,116205.51,4.24,116209.74,1.0000,持有
2017-02-15,13.00,1.44,0.2008,115646.83,4.24,115651.06,1.0000,持有
2017-02-16,13.13,1.45,0.2298,116764.19,4.24,116768.42,1.0000,持有
2017-02-17,13.09,1.45,0.2246,116415.01,4.24,116419.25,1.0000,持有
2017-02-20,13.26,1.47,0.2599,117881.55,4.24,117885.79,1.0000,持有
2017-02-21,13.28,1.47,0.2648,118091.05,4.24,118095.29,1.0000,持有
2017-02-22,13.19,1.46,0.2430,117322.87,4.24,117327.10,1.0000,持有
2017-02-23,13.08,1.45,0.2218,116345.18,4.24,116349.41,1.0000,持有
2017-02-24,13.12,1.45,0.2302,116694.35,4.24,116698.59,1.0000,持有
2017-02-27,12.99,1.44,0.1976,115507.16,4.24,115511.39,1.0000,持有
2017-02-28,13.00,1.44,0.1992,115576.99,4.24,115581.23,1.0000,持有
2017-03-01,12.99,1.44,0.1974,115507.16,4.24,115511.39,1.0000,持有
2017-03-02,12.93,1.43,0.1825,114948.47,4.24,114952.71,1.0000,持有
2017-03-03,12.86,1.42,0.1648,114319.96,4.24,114324.20,1.0000,持有
2017-03-06,12.90,1.43,0.1760,114738.97,4.24,114743.21,1.0000,持有
2017-03-07,12.92,1.43,0.1799,114878.64,4.24,114882.88,1.0000,持有
2017-03-08,12.86,1.42,0.1645,114319.96,4.24,114324.20,1.0000,持有
2017-03-09,12.82,1.42,0.1570,114040.62,4.24,114044.86,1.0000,持有
2017-03-10,12.75,1.41,0.1394,113412.10,4.24,113416.34,1.0000,持有
2017-03-13,12.83,1.42,0.1591,114110.45,4.24,114114.69,1.0000,持有
2017-03-14,12.86,1.42,0.1658,114319.96,4.24,114324.20,1.0000,持有
2017-03-15,12.80,1.42,0.1521,113831.11,4.24,113835.35,1.0000,持有
2017-03-16,13.02,1.44,0.2103,115786.50,4.24,115790.73,1.0000,持有
2017-03-17,12.81,1.42,0.1548,113900.95,4.24,113905.19,1.0000,持有
2017-03-20,12.80,1.42,0.1519,113831.11,4.24,113835.35,1.0000,持有
2017-03-21,12.74,1.41,0.1343,113272.43,4.24,113276.67,1.0000,持有
2017-03-22,12.62,1.40,0.1060,112224.91,4.24,112229.15,1.0000,持有
2017-03-23,12.68,1.37,0.0795,112783.59,4.24,112787.83,1.0000,持有
2017-03-24,12.79,1.38,0.0896,113761.28,4.24,113765.52,1.0000,持有
2017-03-27,12.77,1.38,0.0856,113551.77,4.24,113556.01,1.0000,持有
2017-03-28,12.71,1.37,0.0827,113062.93,4.24,113067.17,1.0000,持有
2017-03-29,12.67,1.37,0.0759,112713.75,4.24,112717.99,1.0000,持有
2017-03-30,12.62,1.36,0.0703,112224.91,4.24,112229.15,1.0000,持有
2017-03-31,12.65,1.37,0.0742,112504.25,4.24,112508.49,1.0000,持有
2017-04-05,12.79,1.38,0.0921,113761.28,4.24,113765.52,1.0000,持有
2017-04-06,12.75,1.38,0.0859,113412.10,4.24,113416.34,1.0000,持有
2017-04-07,12.78,1.38,0.0892,113691.44,4.24,113695.68,1.0000,持有
2017-04-10,12.75,1.38,0.0858,113412.10,4.24,113416.34,1.0000,持有
2017-04-11,12.78,1.38,0.0891,113621.61,4.24,113625.85,1.0000,持有
2017-04-12,12.86,1.39,0.1019,114319.96,4.24,114324.20,1.0000,持有
2017-04-13,12.79,1.38,0.0940,113761.28,4.24,113765.52,1.0000,持有
2017-04-14,12.71,1.37,0.0839,112993.09,4.24,112997.33,1.0000,持有
2017-04-17,12.71,1.37,0.0838,112993.09,4.24,112997.33,1.0000,持有
2017-04-18,12.59,1.36,0.0642,111945.57,4.24,111949.81,1.0000,持有
2017-04-19,12.60,1.36,0.0676,112085.24,4.24,112089.48,1.0000,持有
2017-04-20,12.64,1.37,0.0737,112434.41,4.24,112438.65,1.0000,持有
2017-04-21,12.76,1.38,0.0892,113481.94,4.24,113486.18,1.0000,持有
2017-04-24,12.80,1.38,0.1009,113831.11,4.24,113835.35,1.0000,持有
2017-04-25,12.66,1.37,0.0763,112574.08,4.24,112578.32,1.0000,持有
2017-04-26,12.72,1.38,0.0874,113132.76,4.24,113137.00,1.0000,持有
2017-04-27,12.75,1.38,0.0885,113342.27,4.24,113346.51,1.0000,持有
2017-04-28,12.75,1.38,0.0884,113342.27,4.24,113346.51,1.0000,持有
2017-05-02,12.65,1.34,0.0411,112504.25,4.24,112508.49,1.0000,持有
2017-05-03,12.60,1.34,0.0378,112085.24,4.24,112089.48,1.0000,持有
2017-05-04,12.61,1.34,0.0383,112155.07,4.24,112159.31,1.0000,持有
2017-05-05,12.39,1.31,0.0294,110199.69,4.24,110203.93,1.0000,持有
2017-05-08,12.30,1.30,0.0255,109361.67,4.24,109365.91,1.0000,持有
2017-05-09,12.25,1.30,0.0244,108942.66,4.24,108946.90,1.0000,持有
2017-05-10,12.16,1.29,0.0199,108104.64,4.24,108108.88,1.0000,持有
2017-05-11,12.19,1.29,0.0216,108383.98,4.24,108388.22,1.0000,持有
2017-05-12,12.29,1.30,0.0266,109291.84,4.24,109296.08,1.0000,持有
2017-05-15,12.42,1.32,0.0332,110409.20,4.24,110413.44,1.0000,持有
2017-05-16,12.44,1.32,0.0343,110618.70,4.24,110622.94,1.0000,持有
2017-05-17,12.44,1.32,0.0343,110618.70,4.24,110622.94,1.0000,持有
2017-05-18,12.31,1.30,0.0287,109501.34,4.24,109505.58,1.0000,持有
2017-05-19,12.34,1.31,0.0326,109710.85,4.24,109715.09,1.0000,持有
2017-05-22,12.21,1.29,0.0232,108593.49,4.24,108597.73,1.0000,持有
2017-05-23,12.35,1.31,0.0336,109850.52,4.24,109854.76,1.0000,持有
2017-05-24,12.40,1.31,0.0347,110269.53,4.24,110273.77,1.0000,持有
2017-05-25,12.89,1.37,0.0809,114599.30,4.24,114603.54,1.0000,持有
2017-05-26,12.87,1.36,0.0776,114459.63,4.24,114463.87,1.0000,持有
2017-05-31,12.91,1.37,0.0847,114808.80,4.24,114813.04,1.0000,持有
2017-06-01,12.86,1.36,0.0753,114319.96,4.24,114324.20,1.0000,持有
2017-06-02,12.86,1.36,0.0758,114389.79,4.24,114394.03,1.0000,持有
2017-06-05,12.73,1.35,0.0571,113202.60,4.24,113206.84,1.0000,持有
2017-06-06,12.76,1.35,0.0604,113481.94,4.24,113486.18,1.0000,持有
2017-06-07,12.86,1.36,0.0762,114319.96,4.24,114324.20,1.0000,持有
2017-06-08,12.91,1.37,0.0872,114808.80,4.24,114813.04,1.0000,持有
2017-06-09,13.01,1.38,0.1025,115716.66,4.24,115720.90,1.0000,持有
2017-06-12,12.90,1.37,0.0854,114738.97,4.24,114743.21,1.0000,持有
2017-06-13,12.89,1.37,0.0854,114669.13,4.24,114673.37,1.0000,持有
2017-06-14,12.84,1.36,0.0733,114180.29,4.24,114184.53,1.0000,持有
2017-06-15,12.93,1.37,0.0913,114948.47,4.24,114952.71,1.0000,持有
2017-06-16,12.81,1.36,0.0694,113900.95,4.24,113905.19,1.0000,持有
2017-06-19,13.12,1.39,0.1240,116694.35,4.24,116698.59,1.0000,持有
2017-06-20,13.10,1.39,0.1212,116484.85,4.24,116489.08,1.0000,持有
2017-06-21,13.17,1.40,0.1331,117113.36,4.24,117117.60,1.0000,持有
2017-06-22,13.27,1.41,0.1543,118021.22,4.24,118025.46,1.0000,持有
2017-06-23,13.30,1.41,0.1651,118300.56,4.24,118304.80,1.0000,持有
2017-06-26,13.55,1.44,0.2266,120535.28,4.24,120539.52,1.0000,持有
2017-06-27,13.44,1.42,0.2009,119487.75,4.24,119491.99,1.0000,持有
2017-06-28,13.42,1.42,0.1953,119348.08,4.24,119352.32,1.0000,持有
2017-06-29,13.42,1.42,0.1952,119348.08,4.24,119352.32,1.0000,持有
2017-06-30,13.37,1.42,0.1810,118859.24,4.24,118863.48,1.0000,持有
2017-07-03,13.28,1.41,0.1575,118091.05,4.24,118095.29,1.0000,持有
2017-07-04,13.14,1.39,0.1276,116834.02,4.24,116838.26,1.0000,持有
2017-07-05,13.25,1.40,0.1503,117811.71,4.24,117815.95,1.0000,持有
2017-07-06,13.14,1.39,0.1274,116834.02,4.24,116838.26,1.0000,持有
2017-07-07,13.31,1.41,0.1696,118370.39,4.24,118374.63,1.0000,持有
2017-07-10,13.36,1.42,0.1820,118789.40,4.24,118793.64,1.0000,持有
2017-07-11,13.48,1.43,0.2144,119836.93,4.24,119841.17,1.0000,持有
2017-07-12,13.53,1.43,0.2262,120325.77,4.24,120330.01,1.0000,持有
2017-07-13,13.73,1.46,0.2737,122141.48,4.24,122145.72,1.0000,持有
2017-07-14,13.65,1.45,0.2578,121373.30,4.24,121377.54,1.0000,持有
2017-07-17,13.35,1.41,0.1799,118719.57,4.24,118723.81,1.0000,持有
2017-07-18,13.21,1.40,0.1415,117462.54,4.24,117466.78,1.0000,持有
2017-07-19,13.96,1.48,0.3211,124166.70,4.24,124170.94,1.0000,持有
2017-07-20,13.83,1.47,0.2967,122979.50,4.24,122983.74,1.0000,持有
2017-07-21,13.76,1.46,0.2787,122350.99,4.24,122355.23,1.0000,持有
2017-07-24,13.75,1.46,0.2775,122281.15,4.24,122285.39,1.0000,持有
2017-07-25,13.68,1.45,0.2666,121652.64,4.24,121656.88,1.0000,持有
2017-07-26,13.75,1.46,0.2777,122281.15,4.24,122285.39,1.0000,持有
2017-07-27,13.69,1.45,0.2673,121722.47,4.24,121726.71,1.0000,持有
2017-07-28,13.57,1.44,0.2371,120674.95,4.24,120679.19,1.0000,持有
2017-07-31,13.62,1.44,0.2520,121163.79,4.24,121168.03,1.0000,持有
2017-08-01,13.79,1.46,0.2905,122630.33,4.24,122634.57,1.0000,持有
2017-08-02,13.86,1.47,0.3076,123258.84,4.24,123263.08,1.0000,持有
2017-08-03,13.74,1.46,0.2768,122211.32,4.24,122215.56,1.0000,持有
2017-08-04,13.79,1.46,0.2906,122630.33,4.24,122634.57,1.0000,持有
2017-08-07,13.59,1.44,0.2433,120884.45,4.24,120888.69,1.0000,持有
2017-08-08,13.62,1.44,0.2480,121093.96,4.24,121098.20,1.0000,持有
2017-08-09,13.45,1.43,0.2093,119627.42,4.24,119631.66,1.0000,持有
2017-08-10,13.52,1.43,0.2253,120255.94,4.24,120260.18,1.0000,持有
2017-08-11,13.25,1.40,0.1492,117811.71,4.24,117815.95,1.0000,持有
2017-08-14,13.39,1.42,0.1892,119068.74,4.24,119072.98,1.0000,持有
2017-08-15,13.37,1.42,0.1827,118859.24,4.24,118863.48,1.0000,持有
2017-08-16,13.41,1.42,0.1949,119278.25,4.24,119282.49,1.0000,持有
2017-08-17,13.48,1.43,0.2150,119836.93,4.24,119841.17,1.0000,持有
2017-08-18,13.39,1.39,0.1211,119052.85,4.24,119057.09,1.0000,持有
2017-08-21,13.48,1.40,0.1386,119837.03,4.24,119841.27,1.0000,持有
2017-08-22,13.44,1.40,0.1316,119551.88,4.24,119556.12,1.0000,持有
2017-08-23,13.56,1.41,0.1587,120549.93,4.24,120554.16,1.0000,持有
2017-08-24,13.35,1.39,0.1166,118696.41,4.24,118700.65,1.0000,持有
2017-08-25,13.74,1.43,0.2144,122189.58,4.24,122193.81,1.0000,持有
2017-08-28,14.59,1.53,0.3876,129746.22,4.24,129750.46,1.0000,持有
2017-08-29,14.43,1.52,0.3709,128320.44,4.24,128324.68,1.0000,持有
2017-08-30,14.45,1.52,0.3744,128463.02,4.24,128467.26,1.0000,持有
2017-08-31,14.61,1.54,0.3912,129960.09,4.24,129964.33,1.0000,持有
2017-09-01,14.67,1.54,0.4000,130459.11,4.24,130463.35,1.0000,持有
2017-09-04,14.57,1.53,0.3855,129603.65,4.24,129607.88,1.0000,持有
2017-09-05,14.58,1.53,0.3863,129674.93,4.24,129679.17,1.0000,持有
2017-09-06,14.52,1.53,0.3798,129104.62,4.24,129108.86,1.0000,持有
2017-09-07,14.39,1.51,0.3642,127964.00,4.24,127968.23,1.0000,持有
2017-09-08,14.25,1.50,0.3476,126680.79,4.24,126685.03,1.0000,持有
2017-09-11,14.25,1.50,0.3496,126752.08,4.24,126756.32,1.0000,持有
2017-09-12,14.36,1.51,0.3599,127678.84,4.24,127683.08,1.0000,持有
2017-09-13,14.34,1.51,0.3571,127536.26,4.24,127540.50,1.0000,持有
2017-09-14,14.41,1.52,0.3675,128106.57,4.24,128110.81,1.0000,持有
2017-09-15,14.45,1.52,0.3768,128534.31,4.24,128538.55,1.0000,持有
2017-09-18,14.73,1.55,0.4119,131029.43,4.24,131033.67,1.0000,持有
2017-09-19,14.56,1.53,0.3859,129461.07,4.24,129465.31,1.0000,持有
2017-09-20,14.53,1.53,0.3820,129175.91,4.24,129180.15,1.0000,持有
2017-09-21,14.52,1.53,0.3813,129104.62,4.24,129108.86,1.0000,持有
2017-09-22,14.54,1.53,0.3847,129318.49,4.24,129322.73,1.0000,持有
2017-09-25,14.49,1.52,0.3787,128890.75,4.24,128894.99,1.0000,持有
2017-09-26,14.43,1.52,0.3701,128320.44,4.24,128324.68,1.0000,持有
2017-09-27,14.45,1.52,0.3757,128534.31,4.24,128538.55,1.0000,持有
2017-09-28,14.45,1.52,0.3755,128534.31,4.24,128538.55,1.0000,持有
2017-09-29,14.58,1.53,0.3911,129674.93,4.24,129679.17,1.0000,持有
2017-10-09,14.52,1.53,0.3820,129104.62,4.24,129108.86,1.0000,持有
2017-10-10,14.61,1.54,0.3970,129960.09,4.24,129964.33,1.0000,持有
2017-10-11,14.47,1.52,0.3763,128676.89,4.24,128681.13,1.0000,持有
2017-10-12,14.43,1.52,0.3688,128320.44,4.24,128324.68,1.0000,持有
2017-10-13,14.43,1.52,0.3686,128320.44,4.24,128324.68,1.0000,持有
2017-10-16,14.41,1.52,0.3642,128106.57,4.24,128110.81,1.0000,持有
2017-10-17,14.35,1.51,0.3562,127607.55,4.24,127611.79,1.0000,持有
2017-10-18,14.47,1.52,0.3774,128676.89,4.24,128681.13,1.0000,持有
2017-10-19,14.26,1.50,0.3469,126823.37,4.24,126827.61,1.0000,持有
2017-10-20,14.25,1.50,0.3452,126752.08,4.24,126756.32,1.0000,持有
2017-10-23,14.09,1.48,0.3267,125326.30,4.24,125330.54,1.0000,持有
2017-10-24,14.26,1.50,0.3474,126823.37,4.24,126827.61,1.0000,持有
2017-10-25,14.31,1.51,0.3514,127251.10,4.24,127255.34,1.0000,持有
2017-10-26,14.37,1.51,0.3616,127750.13,4.24,127754.37,1.0000,持有
2017-10-27,14.32,1.51,0.3536,127322.39,4.24,127326.63,1.0000,持有
2017-10-30,14.00,1.47,0.3139,124542.12,4.24,124546.36,1.0000,持有
2017-10-31,13.88,1.43,0.2107,123472.78,4.24,123477.02,1.0000,持有
2017-11-01,13.80,1.42,0.1888,122759.89,4.24,122764.13,1.0000,持有
2017-11-02,13.81,1.42,0.1913,122831.18,4.24,122835.42,1.0000,持有
2017-11-03,13.84,1.42,0.2031,123116.33,4.24,123120.57,1.0000,持有
2017-11-06,13.73,1.41,0.1693,122118.29,4.24,122122.52,1.0000,持有
2017-11-07,14.04,1.44,0.2553,124898.56,4.24,124902.80,1.0000,持有
2017-11-08,14.52,1.49,0.3377,129104.62,4.24,129108.86,1.0000,持有
2017-11-09,14.65,1.51,0.3572,130316.54,4.24,130320.78,1.0000,持有
2017-11-10,14.74,1.52,0.3705,131100.72,4.24,131104.96,1.0000,持有
2017-11-13,14.62,1.50,0.3521,130031.38,4.24,130035.62,1.0000,持有
2017-11-14,14.54,1.49,0.3411,129318.49,4.24,129322.73,1.0000,持有
2017-11-15,14.49,1.49,0.3352,128890.75,4.24,128894.99,1.0000,持有
2017-11-16,14.29,1.47,0.3087,127037.24,4.24,127041.48,1.0000,持有
2017-11-17,14.67,1.51,0.3587,130459.11,4.24,130463.35,1.0000,持有
2017-11-20,14.21,1.46,0.2929,126395.63,4.24,126399.87,1.0000,持有
2017-11-21,15.41,1.58,0.4595,137017.72,4.24,137021.95,1.0000,持有
2017-11-22,15.78,1.62,0.5036,140297.02,4.24,140301.25,1.0000,持有
2017-11-23,15.35,1.58,0.4544,136518.69,4.24,136522.93,1.0000,持有
2017-11-24,15.24,1.57,0.4412,135520.64,4.24,135524.88,1.0000,持有
2017-11-27,15.25,1.57,0.4426,135591.93,4.24,135596.17,1.0000,持有
2017-11-28,15.12,1.55,0.4289,134451.31,4.24,134455.55,1.0000,持有
2017-11-29,15.37,1.58,0.4570,136661.27,4.24,136665.51,1.0000,持有
2017-11-30,15.38,1.58,0.4588,136803.85,4.24,136808.09,1.0000,持有
2017-12-01,15.18,1.56,0.4350,135021.62,4.24,135025.86,1.0000,持有
2017-12-04,15.18,1.56,0.4347,135021.62,4.24,135025.86,1.0000,持有
2017-12-05,15.45,1.59,0.4669,137374.16,4.24,137378.40,1.0000,持有
2017-12-06,15.44,1.59,0.4646,137302.87,4.24,137307.11,1.0000,持有
2017-12-07,14.92,1.53,0.3976,132669.08,4.24,132673.32,1.0000,持有
2017-12-08,14.84,1.53,0.3872,131956.19,4.24,131960.43,1.0000,持有
2017-12-11,15.04,1.55,0.4172,133738.41,4.24,133742.65,1.0000,持有
2017-12-12,14.66,1.51,0.3560,130387.83,4.24,130392.06,1.0000,持有
2017-12-13,14.77,1.52,0.3758,131314.58,4.24,131318.82,1.0000,持有
2017-12-14,14.54,1.49,0.3388,129318.49,4.24,129322.73,1.0000,持有
2017-12-15,14.39,1.48,0.3228,127964.00,4.24,127968.23,1.0000,持有
2017-12-18,14.45,1.49,0.3282,128534.31,4.24,128538.55,1.0000,持有
2017-12-19,14.65,1.51,0.3551,130245.25,4.24,130249.49,1.0000,持有
2017-12-20,14.33,1.47,0.3121,127393.68,4.24,127397.92,1.0000,持有
2017-12-21,14.58,1.50,0.3461,129674.93,4.24,129679.17,1.0000,持有
2017-12-22,14.58,1.50,0.3459,129674.93,4.24,129679.17,1.0000,持有
2017-12-25,14.48,1.49,0.3325,128748.18,4.24,128752.41,1.0000,持有
2017-12-26,14.76,1.52,0.3761,131243.30,4.24,131247.53,1.0000,持有
2017-12-27,14.51,1.49,0.3347,129033.33,4.24,129037.57,1.0000,持有
2017-12-28,14.53,1.49,0.3360,129175.91,4.24,129180.15,1.0000,持有
2017-12-29,14.51,1.49,0.3344,129033.33,4.24,129037.57,1.0000,持有
2018-01-02,14.78,1.52,0.3835,131457.16,4.24,131461.40,1.0000,持有
2018-01-03,14.92,1.53,0.4021,132669.08,4.24,132673.32,1.0000,持有
2018-01-04,14.97,1.54,0.4111,133096.81,4.24,133101.05,1.0000,持有
2018-01-05,15.13,1.56,0.4352,134593.88,4.24,134598.12,1.0000,持有
2018-01-08,15.66,1.61,0.4985,139298.97,4.24,139303.21,1.0000,持有
2018-01-09,15.58,1.60,0.4881,138586.08,4.24,138590.31,1.0000,持有
2018-01-10,15.72,1.62,0.5056,139797.99,4.24,139802.23,1.0000,持有
2018-01-11,15.46,1.59,0.4729,137445.45,4.24,137449.69,1.0000,持有
2018-01-12,15.50,1.59,0.4762,137801.90,4.24,137806.13,1.0000,持有
2018-01-15,15.59,1.60,0.4896,138657.37,4.24,138661.60,1.0000,持有
2018-01-16,16.23,1.67,0.5638,144360.50,4.24,144364.73,1.0000,持有
2018-01-17,16.79,1.73,0.6085,149279.45,4.24,149283.68,1.0000,持有
2018-01-18,17.16,1.76,0.6309,152630.04,4.24,152634.27,1.0000,持有
2018-01-19,17.07,1.75,0.6241,151774.57,4.24,151778.80,1.0000,持有
2018-01-22,16.99,1.75,0.6192,151132.96,4.24,151137.20,1.0000,持有
2018-01-23,17.00,1.75,0.6199,151204.25,4.24,151208.49,1.0000,持有
2018-01-24,18.37,1.89,0.7164,163394.69,4.24,163398.93,1.0000,卖出(降至70%)
2018-01-25,17.90,1.84,0.6873,111448.16,48105.77,159553.92,0.6985,持有
2018-01-26,17.91,1.84,0.6880,111498.06,48105.77,159603.83,0.6986,持有
2018-01-29,17.72,1.82,0.6751,110350.14,48105.77,158455.91,0.6964,持有
2018-01-30,17.34,1.78,0.6450,107954.48,48105.77,156060.25,0.6917,持有
2018-01-31,17.07,1.75,0.6225,106257.56,48105.77,154363.32,0.6884,持有
2018-02-01,17.24,1.77,0.6378,107305.66,48105.77,155411.42,0.6905,持有
2018-02-02,17.25,1.77,0.6380,107405.48,48105.77,155511.24,0.6907,持有
2018-02-05,17.47,1.80,0.6558,108753.04,48105.77,156858.80,0.6933,持有
2018-02-06,16.47,1.69,0.5806,102564.25,48105.77,150670.01,0.6807,持有
2018-02-07,15.67,1.61,0.4955,97573.28,48105.77,145679.05,0.6698,持有
2018-02-08,15.42,1.59,0.4636,96026.09,48105.77,144131.85,0.6662,持有
2018-02-09,13.91,1.43,0.2116,86593.17,48105.77,134698.94,0.6429,持有
2018-02-12,13.89,1.43,0.2085,86493.35,48105.77,134599.12,0.6426,持有
2018-02-13,14.12,1.45,0.2645,87940.73,48105.77,136046.50,0.6464,持有
2018-02-14,14.13,1.45,0.2669,87990.64,48105.77,136096.41,0.6465,持有
2018-02-22,14.44,1.48,0.3228,89887.20,48105.77,137992.97,0.6514,持有
2018-02-23,14.58,1.50,0.3437,90785.58,48105.77,138891.34,0.6536,持有
2018-02-26,14.95,1.54,0.4050,93081.42,48105.77,141187.19,0.6593,持有
2018-02-27,14.63,1.50,0.3508,91085.04,48105.77,139190.80,0.6544,持有
2018-02-28,14.52,1.49,0.3322,90386.30,48105.77,138492.07,0.6526,持有
2018-03-01,14.53,1.49,0.3345,90486.12,48105.77,138591.89,0.6529,持有
2018-03-02,14.29,1.47,0.3019,88988.83,48105.77,137094.60,0.6491,持有
2018-03-05,14.33,1.47,0.3072,89188.47,48105.77,137294.24,0.6496,持有
2018-03-06,14.77,1.52,0.3774,91933.50,48105.77,140039.26,0.6565,持有
2018-03-07,14.65,1.51,0.3553,91184.85,48105.77,139290.62,0.6546,持有
2018-03-08,14.74,1.52,0.3710,91783.77,48105.77,139889.54,0.6561,持有
2018-03-09,15.12,1.55,0.4321,94129.52,48105.77,142235.29,0.6618,持有
2018-03-12,15.47,1.59,0.4741,96325.54,48105.77,144431.31,0.6669,持有
2018-03-13,15.19,1.56,0.4411,94578.71,48105.77,142684.47,0.6629,持有
2018-03-14,14.99,1.54,0.4140,93330.97,48105.77,141436.73,0.6599,持有
2018-03-15,15.07,1.55,0.4247,93830.06,48105.77,141935.83,0.6611,持有
2018-03-16,14.70,1.51,0.3649,91534.22,48105.77,139639.99,0.6555,持有
2018-03-19,14.86,1.53,0.3926,92532.41,48105.77,140638.18,0.6579,持有
2018-03-20,14.97,1.54,0.4122,93231.15,48105.77,141336.91,0.6596,持有
2018-03-21,14.83,1.52,0.3882,92332.78,48105.77,140438.54,0.6575,持有
2018-03-22,15.04,1.55,0.4217,93630.43,48105.77,141736.19,0.6606,持有
2018-03-23,14.19,1.43,0.2150,88340.01,48105.77,136445.77,0.6474,持有
2018-03-26,14.45,1.46,0.2723,89937.11,48105.77,138042.88,0.6515,持有
2018-03-27,14.69,1.48,0.3191,91434.40,48105.77,139540.17,0.6553,持有
2018-03-28,14.32,1.44,0.2468,89138.56,48105.77,137244.33,0.6495,持有
2018-03-29,14.68,1.48,0.3188,91384.49,48105.77,139490.26,0.6551,持有
2018-03-30,14.89,1.50,0.3503,92732.05,48105.77,140837.82,0.6584,持有
2018-04-02,15.17,1.53,0.3990,94478.89,48105.77,142584.65,0.6626,持有
2018-04-03,15.40,1.55,0.4353,95876.36,48105.77,143982.12,0.6659,持有
2018-04-04,15.24,1.54,0.4110,94878.17,48105.77,142983.93,0.6636,持有
2018-04-09,15.50,1.56,0.4482,96525.18,48105.77,144630.95,0.6674,持有
2018-04-10,15.82,1.60,0.4879,98521.57,48105.77,146627.33,0.6719,持有
2018-04-11,15.59,1.57,0.4567,97074.19,48105.77,145179.95,0.6686,持有
2018-04-12,15.32,1.55,0.4229,95377.26,48105.77,143483.03,0.6647,持有
2018-04-13,15.17,1.53,0.3976,94428.98,48105.77,142534.74,0.6625,持有
2018-04-16,14.74,1.49,0.3251,91783.77,48105.77,139889.54,0.6561,持有
2018-04-17,14.76,1.49,0.3274,91883.59,48105.77,139989.35,0.6564,持有
2018-04-18,15.06,1.52,0.3833,93780.15,48105.77,141885.92,0.6610,持有
2018-04-19,15.24,1.54,0.4111,94878.17,48105.77,142983.93,0.6636,持有
2018-04-20,14.65,1.48,0.3132,91234.76,48105.77,139340.53,0.6548,持有
2018-04-23,14.85,1.50,0.3425,92482.50,48105.77,140588.27,0.6578,持有
2018-04-24,15.42,1.56,0.4404,96026.09,48105.77,144131.85,0.6662,持有
2018-04-25,15.34,1.55,0.4284,95526.99,48105.77,143632.76,0.6651,持有
2018-04-26,15.02,1.52,0.3714,93530.61,48105.77,141636.37,0.6604,持有
2018-04-27,15.22,1.54,0.4074,94778.35,48105.77,142884.11,0.6633,持有
2018-05-02,15.34,1.53,0.3950,95526.99,48105.77,143632.76,0.6651,持有
2018-05-03,15.70,1.56,0.4516,97772.92,48105.77,145878.69,0.6702,持有
2018-05-04,15.53,1.55,0.4274,96674.91,48105.77,144780.68,0.6677,持有
2018-05-07,15.74,1.57,0.4565,97972.56,48105.77,146078.33,0.6707,持有
2018-05-08,15.98,1.59,0.4841,99519.76,48105.77,147625.52,0.6741,持有
2018-05-09,15.83,1.58,0.4678,98571.48,48105.77,146677.24,0.6720,持有
2018-05-10,15.90,1.58,0.4749,99020.66,48105.77,147126.43,0.6730,持有
2018-05-11,15.62,1.56,0.4415,97273.83,48105.77,145379.59,0.6691,持有
2018-05-14,15.93,1.59,0.4783,99170.39,48105.77,147276.16,0.6734,持有
2018-05-15,15.89,1.58,0.4727,98920.84,48105.77,147026.61,0.6728,持有
2018-05-16,15.65,1.56,0.4428,97423.56,48105.77,145529.32,0.6694,持有
2018-05-17,15.43,1.54,0.4090,96076.00,48105.77,144181.76,0.6664,持有
2018-05-18,15.82,1.58,0.4642,98471.66,48105.77,146577.42,0.6718,持有
2018-05-21,15.88,1.58,0.4728,98870.93,48105.77,146976.70,0.6727,持有
2018-05-22,15.79,1.57,0.4604,98321.93,48105.77,146427.69,0.6715,持有
2018-05-23,15.64,1.56,0.4417,97373.65,48105.77,145479.41,0.6693,持有
2018-05-24,15.53,1.55,0.4250,96674.91,48105.77,144780.68,0.6677,持有
2018-05-25,15.28,1.52,0.3830,95127.71,48105.77,143233.48,0.6641,持有
2018-05-28,15.43,1.54,0.4081,96076.00,48105.77,144181.76,0.6664,持有
2018-05-29,15.13,1.51,0.3531,94179.43,48105.77,142285.20,0.6619,持有
2018-05-30,14.53,1.45,0.2482,90436.21,48105.77,138541.98,0.6528,持有
2018-05-31,14.94,1.49,0.3236,93031.51,48105.77,141137.28,0.6592,持有
2018-06-01,14.89,1.48,0.3157,92682.14,48105.77,140787.91,0.6583,持有
2018-06-04,14.98,1.49,0.3291,93281.06,48105.77,141386.82,0.6598,持有
2018-06-05,15.05,1.50,0.3420,93680.33,48105.77,141786.10,0.6607,持有
2018-06-06,14.99,1.49,0.3303,93330.97,48105.77,141436.73,0.6599,持有
2018-06-07,15.23,1.52,0.3741,94828.26,48105.77,142934.02,0.6634,持有
2018-06-08,14.90,1.48,0.3174,92781.96,48105.77,140887.73,0.6586,持有
2018-06-11,14.99,1.49,0.3303,93330.97,48105.77,141436.73,0.6599,持有
2018-06-12,15.09,1.50,0.3485,93929.88,48105.77,142035.65,0.6613,持有
2018-06-13,14.87,1.48,0.3131,92582.32,48105.77,140688.09,0.6581,持有
2018-06-14,14.97,1.49,0.3264,93181.24,48105.77,141287.00,0.6595,持有
2018-06-15,14.77,1.47,0.2988,91983.41,48105.77,140089.17,0.6566,持有
2018-06-19,13.83,1.38,0.0915,86094.07,48105.77,134199.84,0.6415,买入(补至100%)
2018-06-20,13.69,1.36,0.0722,132865.95,427.28,133293.23,0.9968,持有
2018-06-21,13.05,1.30,0.0231,126642.72,427.28,127070.00,0.9966,持有
2018-06-22,13.26,1.32,0.0342,128665.27,427.28,129092.55,0.9967,持有
2018-06-25,12.95,1.29,0.0183,125709.24,427.28,126136.52,0.9966,持有
2018-06-26,13.11,1.31,0.0284,127265.04,427.28,127692.33,0.9967,持有
2018-06-27,12.86,1.28,0.0120,124775.75,427.28,125203.03,0.9966,持有
2018-06-28,12.95,1.29,0.0187,125709.24,427.28,126136.52,0.9966,持有
2018-06-29,13.28,1.32,0.0374,128898.64,427.28,129325.92,0.9967,持有
2018-07-02,12.86,1.28,0.0120,124775.75,427.28,125203.03,0.9966,持有
2018-07-03,13.08,1.30,0.0273,126953.88,427.28,127381.16,0.9966,持有
2018-07-04,12.90,1.28,0.0158,125164.70,427.28,125591.99,0.9966,持有
2018-07-05,12.84,1.28,0.0105,124620.17,427.28,125047.45,0.9966,持有
2018-07-06,12.96,1.29,0.0220,125787.03,427.28,126214.31,0.9966,持有
2018-07-09,13.23,1.32,0.0378,128431.90,427.28,128859.18,0.9967,持有
2018-07-10,13.24,1.32,0.0387,128509.69,427.28,128936.97,0.9967,持有
2018-07-11,12.89,1.28,0.0158,125086.91,427.28,125514.19,0.9966,持有
2018-07-12,13.29,1.32,0.0420,128976.43,427.28,129403.71,0.9967,持有
2018-07-13,13.31,1.33,0.0430,129132.01,427.28,129559.29,0.9967,持有
2018-07-16,13.24,1.32,0.0391,128509.69,427.28,128936.97,0.9967,持有
2018-07-17,13.09,1.30,0.0301,127031.67,427.28,127458.95,0.9966,持有
2018-07-18,12.98,1.29,0.0234,125942.61,427.28,126369.89,0.9966,持有
2018-07-19,13.03,1.30,0.0267,126409.35,427.28,126836.63,0.9966,持有
2018-07-20,13.49,1.34,0.0562,130921.19,427.28,131348.47,0.9967,持有
2018-07-23,13.74,1.37,0.0910,133332.69,427.28,133759.97,0.9968,持有
2018-07-24,13.88,1.38,0.1119,134732.92,427.28,135160.20,0.9968,持有
2018-07-25,13.84,1.38,0.1051,134343.97,427.28,134771.25,0.9968,持有
2018-07-26,13.56,1.35,0.0628,131621.30,427.28,132048.59,0.9968,持有
2018-07-27,13.50,1.34,0.0570,130998.98,427.28,131426.26,0.9967,持有
2018-07-30,13.60,1.36,0.0684,132010.26,427.28,132437.54,0.9968,持有
2018-07-31,13.52,1.35,0.0579,131154.56,427.28,131581.84,0.9968,持有
2018-08-01,13.28,1.32,0.0422,128820.85,427.28,129248.13,0.9967,持有
2018-08-02,12.92,1.29,0.0190,125398.08,427.28,125825.36,0.9966,持有
2018-08-03,12.84,1.28,0.0104,124620.17,427.28,125047.45,0.9966,持有
2018-08-06,12.75,1.27,0.0081,123764.48,427.28,124191.76,0.9966,持有
2018-08-07,13.13,1.31,0.0369,127420.62,427.28,127847.91,0.9967,持有
2018-08-08,12.85,1.28,0.0123,124697.96,427.28,125125.24,0.9966,持有
2018-08-09,13.13,1.31,0.0374,127420.62,427.28,127847.91,0.9967,持有
2018-08-10,13.12,1.31,0.0374,127342.83,427.28,127770.12,0.9967,持有
2018-08-13,12.99,1.29,0.0265,126098.19,427.28,126525.47,0.9966,持有
2018-08-14,12.98,1.29,0.0250,125942.61,427.28,126369.89,0.9966,持有
2018-08-15,12.72,1.27,0.0066,123453.32,427.28,123880.60,0.9966,持有
2018-08-16,12.79,1.27,0.0099,124075.64,427.28,124502.92,0.9966,持有
2018-08-17,12.63,1.26,0.0042,122519.83,427.28,122947.11,0.9965,持有
2018-08-20,12.88,1.28,0.0184,125009.12,427.28,125436.40,0.9966,持有
2018-08-21,12.95,1.29,0.0240,125709.24,427.28,126136.52,0.9966,持有
2018-08-22,12.96,1.29,0.0264,125787.03,427.28,126214.31,0.9966,持有
2018-08-23,13.05,1.30,0.0330,126642.72,427.28,127070.00,0.9966,持有
2018-08-24,13.15,1.29,0.0273,127599.68,427.28,128026.96,0.9967,持有
2018-08-27,13.42,1.32,0.0475,130231.42,427.28,130658.71,0.9967,持有
2018-08-28,13.32,1.31,0.0437,129274.43,427.28,129701.71,0.9967,持有
2018-08-29,13.21,1.30,0.0324,128157.93,427.28,128585.21,0.9967,持有
2018-08-30,13.10,1.29,0.0221,127121.18,427.28,127548.46,0.9967,持有
2018-08-31,13.13,1.29,0.0244,127440.18,427.28,127867.46,0.9967,持有
2018-09-03,13.22,1.30,0.0347,128317.43,427.28,128744.71,0.9967,持有
2018-09-04,13.37,1.31,0.0474,129752.93,427.28,130180.21,0.9967,持有
2018-09-05,13.08,1.29,0.0206,126961.68,427.28,127388.96,0.9966,持有
2018-09-06,13.03,1.28,0.0150,126483.18,427.28,126910.47,0.9966,持有
2018-09-07,13.06,1.28,0.0178,126722.43,427.28,127149.71,0.9966,持有
2018-09-10,12.67,1.25,0.0028,122974.19,427.28,123401.47,0.9965,持有
2018-09-11,12.75,1.25,0.0037,123771.69,427.28,124198.97,0.9966,持有
2018-09-12,12.75,1.25,0.0037,123771.69,427.28,124198.97,0.9966,持有
2018-09-13,12.91,1.27,0.0094,125286.94,427.28,125714.22,0.9966,持有
2018-09-14,12.89,1.27,0.0084,125047.69,427.28,125474.97,0.9966,持有
2018-09-17,12.81,1.26,0.0061,124329.94,427.28,124757.22,0.9966,持有
2018-09-18,13.07,1.28,0.0224,126802.18,427.28,127229.46,0.9966,持有
2018-09-19,13.26,1.30,0.0420,128636.43,427.28,129063.71,0.9967,持有
2018-09-20,13.26,1.30,0.0434,128716.18,427.28,129143.46,0.9967,持有
2018-09-21,13.71,1.35,0.0756,133022.67,427.28,133449.95,0.9968,持有
2018-09-25,13.49,1.33,0.0606,130869.42,427.28,131296.70,0.9967,持有
2018-09-26,13.61,1.34,0.0676,132065.67,427.28,132492.95,0.9968,持有
2018-09-27,13.58,1.33,0.0652,131826.42,427.28,132253.70,0.9968,持有
2018-09-28,13.72,1.35,0.0782,133102.42,427.28,133529.70,0.9968,持有
2018-10-08,13.12,1.29,0.0284,127280.68,427.28,127707.96,0.9967,持有
2018-10-09,13.18,1.30,0.0363,127918.68,427.28,128345.96,0.9967,持有
2018-10-10,13.27,1.30,0.0456,128795.93,427.28,129223.21,0.9967,持有
2018-10-11,12.47,1.23,0.0000,120980.45,427.28,121407.73,0.9965,持有
2018-10-12,12.50,1.23,0.0005,121299.45,427.28,121726.73,0.9965,持有
2018-10-15,12.34,1.21,0.0000,119784.20,427.28,120211.48,0.9964,持有
2018-10-16,12.25,1.20,0.0000,118827.20,427.28,119254.48,0.9964,持有
2018-10-17,12.40,1.22,0.0009,120342.45,427.28,120769.73,0.9965,持有
2018-10-18,12.20,1.20,0.0000,118348.70,427.28,118775.99,0.9964,持有
2018-10-19,12.64,1.24,0.0046,122655.19,427.28,123082.47,0.9965,持有
2018-10-22,13.91,1.37,0.1102,134936.66,427.28,135363.94,0.9968,持有
2018-10-23,13.73,1.35,0.0838,133261.92,427.28,133689.20,0.9968,持有
2018-10-24,13.91,1.37,0.1120,135016.41,427.28,135443.69,0.9968,持有
2018-10-25,14.26,1.40,0.1656,138365.90,427.28,138793.19,0.9969,持有
2018-10-26,13.87,1.36,0.1049,134617.66,427.28,135044.94,0.9968,持有
2018-10-29,13.68,1.34,0.0781,132783.42,427.28,133210.70,0.9968,持有
2018-10-30,14.22,1.40,0.1594,137967.16,427.28,138394.44,0.9969,持有
2018-10-31,14.10,1.36,0.0997,136850.66,427.28,137277.94,0.9969,持有
2018-11-01,14.27,1.38,0.1269,138445.65,427.28,138872.94,0.9969,持有
2018-11-02,14.62,1.41,0.1910,141874.90,427.28,142302.18,0.9970,持有
2018-11-05,14.55,1.40,0.1752,141236.90,427.28,141664.18,0.9970,持有
2018-11-06,14.55,1.40,0.1751,141236.90,427.28,141664.18,0.9970,持有
2018-11-07,14.22,1.37,0.1225,137967.16,427.28,138394.44,0.9969,持有
2018-11-08,13.95,1.35,0.0797,135335.41,427.28,135762.69,0.9969,持有
2018-11-09,13.91,1.34,0.0750,134936.66,427.28,135363.94,0.9968,持有
2018-11-12,14.08,1.36,0.0975,136611.41,427.28,137038.69,0.9969,持有
2018-11-13,14.29,1.38,0.1324,138684.90,427.28,139112.18,0.9969,持有
2018-11-14,14.01,1.35,0.0882,135973.41,427.28,136400.69,0.9969,持有
2018-11-15,14.30,1.38,0.1341,138764.65,427.28,139191.93,0.9969,持有
2018-11-16,14.45,1.39,0.1566,140200.15,427.28,140627.43,0.9970,持有
2018-11-19,14.85,1.43,0.2497,144107.89,427.28,144535.17,0.9970,持有
2018-11-20,14.28,1.38,0.1294,138525.40,427.28,138952.69,0.9969,持有
2018-11-21,14.09,1.36,0.0986,136691.16,427.28,137118.44,0.9969,持有
2018-11-22,14.00,1.35,0.0875,135893.66,427.28,136320.94,0.9969,持有
2018-11-23,13.64,1.32,0.0573,132384.67,427.28,132811.95,0.9968,持有
2018-11-26,13.62,1.31,0.0568,132145.42,427.28,132572.70,0.9968,持有
2018-11-27,13.73,1.33,0.0654,133261.92,427.28,133689.20,0.9968,持有
2018-11-28,13.98,1.35,0.0855,135654.41,427.28,136081.69,0.9969,持有
2018-11-29,13.67,1.32,0.0608,132623.92,427.28,133051.20,0.9968,持有
2018-11-30,13.86,1.34,0.0736,134537.91,427.28,134965.20,0.9968,持有
2018-12-03,14.33,1.38,0.1434,139083.65,427.28,139510.93,0.9969,持有
2018-12-04,14.46,1.40,0.1648,140359.65,427.28,140786.93,0.9970,持有
2018-12-05,14.34,1.38,0.1465,139163.40,427.28,139590.68,0.9969,持有
2018-12-06,13.98,1.35,0.0862,135654.41,427.28,136081.69,0.9969,持有
2018-12-07,14.01,1.35,0.0912,135973.41,427.28,136400.69,0.9969,持有
2018-12-10,13.78,1.33,0.0693,133740.42,427.28,134167.70,0.9968,持有
2018-12-11,13.87,1.34,0.0752,134617.66,427.28,135044.94,0.9968,持有
2018-12-12,13.95,1.35,0.0824,135335.41,427.28,135762.69,0.9969,持有
2018-12-13,14.12,1.36,0.1097,137010.16,427.28,137437.44,0.9969,持有
2018-12-14,13.85,1.34,0.0723,134378.41,427.28,134805.70,0.9968,持有
2018-12-17,13.95,1.35,0.0846,135415.16,427.28,135842.44,0.9969,持有
2018-12-18,13.68,1.32,0.0618,132783.42,427.28,133210.70,0.9968,持有
2018-12-19,13.49,1.30,0.0450,130949.17,427.28,131376.45,0.9967,持有
2018-12-20,13.56,1.31,0.0540,131587.17,427.28,132014.45,0.9968,持有
2018-12-21,13.23,1.28,0.0172,128397.18,427.28,128824.46,0.9967,持有
2018-12-24,13.16,1.27,0.0145,127679.43,427.28,128106.71,0.9967,持有
2018-12-25,13.16,1.27,0.0145,127679.43,427.28,128106.71,0.9967,持有
2018-12-26,13.16,1.27,0.0145,127679.43,427.28,128106.71,0.9967,持有
2018-12-27,13.16,1.27,0.0145,127679.43,427.28,128106.71,0.9967,持有
2018-12-28,13.16,1.27,0.0145,127679.43,427.28,128106.71,0.9967,持有
2019-01-02,13.16,1.27,0.0145,127679.43,427.28,128106.71,0.9967,持有
2019-01-03,13.16,1.27,0.0145,127679.43,427.28,128106.71,0.9967,持有
2019-01-04,13.16,1.27,0.0145,127679.43,427.28,128106.71,0.9967,持有
2019-01-07,13.16,1.27,0.0145,127679.43,427.28,128106.71,0.9967,持有
2019-01-08,13.16,1.27,0.0145,127679.43,427.28,128106.71,0.9967,持有
2019-01-09,13.16,1.27,0.0145,127679.43,427.28,128106.71,0.9967,持有
2019-01-10,13.81,1.33,0.0758,133979.67,427.28,134406.95,0.9968,持有
2019-01-11,13.95,1.35,0.0894,135335.41,427.28,135762.69,0.9969,持有
2019-01-14,13.97,1.35,0.0947,135574.66,427.28,136001.94,0.9969,持有
2019-01-15,14.46,1.40,0.1749,140359.65,427.28,140786.93,0.9970,持有
2019-01-16,14.50,1.40,0.1821,140678.65,427.28,141105.93,0.9970,持有
2019-01-17,14.43,1.39,0.1689,140040.65,427.28,140467.93,0.9970,持有
2019-01-18,14.69,1.42,0.2269,142592.64,427.28,143019.92,0.9970,持有
2019-01-21,14.66,1.41,0.2192,142273.64,427.28,142700.93,0.9970,持有
2019-01-22,14.36,1.39,0.1592,139322.90,427.28,139750.18,0.9969,持有
2019-01-23,14.40,1.39,0.1637,139721.65,427.28,140148.93,0.9970,持有
2019-01-24,14.70,1.42,0.2301,142672.39,427.28,143099.67,0.9970,持有
2019-01-25,14.83,1.43,0.2606,143868.64,427.28,144295.92,0.9970,持有
2019-01-28,14.79,1.43,0.2519,143549.64,427.28,143976.92,0.9970,持有
2019-01-29,14.88,1.44,0.2706,144347.14,427.28,144774.42,0.9970,持有
2019-01-30,14.74,1.42,0.2418,143071.14,427.28,143498.42,0.9970,持有
2019-01-31,15.01,1.45,0.3004,145623.14,427.28,146050.42,0.9971,持有
2019-02-01,15.27,1.47,0.3492,148175.13,427.28,148602.41,0.9971,持有
2019-02-11,15.50,1.50,0.3844,150408.12,427.28,150835.41,0.9972,持有
2019-02-12,15.59,1.50,0.3972,151285.37,427.28,151712.65,0.9972,持有
2019-02-13,16.02,1.55,0.4673,155432.36,427.28,155859.64,0.9973,持有
2019-02-14,15.86,1.53,0.4425,153917.12,427.28,154344.40,0.9972,持有
2019-02-15,15.32,1.48,0.3551,148653.63,427.28,149080.91,0.9971,持有
2019-02-18,16.29,1.57,0.5016,158064.11,427.28,158491.39,0.9973,持有
2019-02-19,16.26,1.57,0.4991,157745.11,427.28,158172.39,0.9973,持有
2019-02-20,16.50,1.59,0.5279,160137.60,427.28,160564.88,0.9973,持有
2019-02-21,16.76,1.62,0.5589,162609.84,427.28,163037.13,0.9974,持有
2019-02-22,18.43,1.78,0.6836,178878.80,427.28,179306.08,0.9976,持有
2019-02-25,20.27,1.96,0.7770,196742.76,427.28,197170.04,0.9978,卖出(降至70%)
2019-02-26,20.13,1.94,0.7713,137076.96,60923.91,198000.87,0.6923,持有
2019-02-27,19.76,1.91,0.7558,134559.22,60923.91,195483.13,0.6883,持有
2019-02-28,19.32,1.86,0.7381,131537.93,60923.91,192461.84,0.6834,持有
2019-03-01,20.10,1.94,0.7698,136853.16,60923.91,197777.07,0.6920,持有
2019-03-04,20.13,1.94,0.7708,137021.01,60923.91,197944.92,0.6922,持有
2019-03-05,20.38,1.97,0.7825,138755.45,60923.91,199679.36,0.6949,持有
2019-03-06,21.94,2.12,0.8382,149385.91,60923.91,210309.82,0.7103,卖出(降至30%)
2019-03-07,21.99,2.12,0.8391,63249.02,146164.30,209413.32,0.3020,持有
2019-03-08,19.79,1.91,0.7548,56914.67,146164.30,203078.96,0.2803,持有
2019-03-11,19.80,1.91,0.7549,56938.30,146164.30,203102.60,0.2803,持有
2019-03-12,20.28,1.96,0.7767,58332.80,146164.30,204497.10,0.2853,持有
2019-03-13,19.66,1.90,0.7511,56536.49,146164.30,202700.79,0.2789,持有
2019-03-14,19.21,1.85,0.7277,55236.53,146164.30,201400.83,0.2743,持有
2019-03-15,19.57,1.89,0.7451,56276.50,146164.30,202440.80,0.2780,持有
2019-03-18,20.24,1.95,0.7740,58214.63,146164.30,204378.93,0.2848,持有
2019-03-19,19.91,1.92,0.7609,57269.20,146164.30,203433.50,0.2815,持有
2019-03-20,20.18,1.95,0.7720,58049.18,146164.30,204213.48,0.2843,持有
2019-03-21,20.46,1.97,0.7867,58852.79,146164.30,205017.09,0.2871,持有
2019-03-22,20.38,1.96,0.7789,58616.43,146164.30,204780.73,0.2862,持有
2019-03-25,19.48,1.88,0.7396,56016.51,146164.30,202180.81,0.2771,持有
2019-03-26,18.83,1.81,0.7000,54149.29,146164.30,200313.59,0.2703,持有
2019-03-27,18.88,1.82,0.7023,54291.11,146164.30,200455.41,0.2708,持有
2019-03-28,18.76,1.81,0.6945,53960.21,146164.30,200124.51,0.2696,持有
2019-03-29,20.36,1.96,0.7780,58569.16,146164.30,204733.46,0.2861,持有
2019-04-01,20.78,2.00,0.7949,59750.94,146164.30,205915.24,0.2902,持有
2019-04-02,20.71,1.99,0.7919,59561.86,146164.30,205726.16,0.2895,持有
2019-04-03,21.50,2.07,0.8255,61830.88,146164.30,207995.18,0.2973,持有
2019-04-04,21.37,2.06,0.8194,61452.71,146164.30,207617.01,0.2960,持有
2019-04-08,20.80,2.00,0.7966,59821.85,146164.30,205986.15,0.2904,持有
2019-04-09,20.88,2.01,0.8002,60058.21,146164.30,206222.51,0.2912,持有
2019-04-10,20.50,1.97,0.7849,58970.97,146164.30,205135.27,0.2875,持有
2019-04-11,20.07,1.93,0.7621,57718.28,146164.30,203882.58,0.2831,持有
2019-04-12,19.95,1.92,0.7560,57363.74,146164.30,203528.04,0.2818,持有
2019-04-15,19.56,1.88,0.7386,56252.87,146164.30,202417.17,0.2779,持有
2019-04-16,20.13,1.94,0.7646,57907.36,146164.30,204071.66,0.2838,持有
2019-04-17,20.02,1.93,0.7603,57576.46,146164.30,203740.76,0.2826,持有
2019-04-18,19.95,1.92,0.7565,57387.38,146164.30,203551.68,0.2819,持有
2019-04-19,20.13,1.94,0.7645,57907.36,146164.30,204071.66,0.2838,持有
2019-04-22,19.55,1.88,0.7370,56229.23,146164.30,202393.53,0.2778,持有
2019-04-23,19.68,1.89,0.7428,56607.40,146164.30,202771.70,0.2792,持有
2019-04-24,19.87,1.91,0.7503,57151.02,146164.30,203315.32,0.2811,持有
2019-04-25,19.31,1.86,0.7233,55543.80,146164.30,201708.10,0.2754,持有
2019-04-26,19.39,1.87,0.7282,55756.52,146164.30,201920.82,0.2761,持有
2019-04-29,18.92,1.82,0.6995,54409.29,146164.30,200573.59,0.2713,持有
2019-04-30,18.93,1.77,0.6611,54456.56,146164.30,200620.86,0.2714,持有
2019-05-06,17.04,1.59,0.5162,49020.36,146164.30,195184.66,0.2511,持有
2019-05-07,17.05,1.59,0.5168,49043.99,146164.30,195208.29,0.2512,持有
2019-05-08,16.66,1.56,0.4721,47909.48,146164.30,194073.78,0.2469,持有
2019-05-09,16.26,1.52,0.4103,46751.33,146164.30,192915.63,0.2423,持有
2019-05-10,16.96,1.58,0.5065,48784.00,146164.30,194948.30,0.2502,持有
2019-05-13,16.47,1.54,0.4448,47365.86,146164.30,193530.16,0.2447,持有
2019-05-14,16.34,1.53,0.4246,46987.69,146164.30,193151.99,0.2433,持有
2019-05-15,16.68,1.56,0.4754,47980.39,146164.30,194144.69,0.2471,持有
2019-05-16,16.63,1.55,0.4682,47814.94,146164.30,193979.24,0.2465,持有
2019-05-17,16.14,1.51,0.3914,46420.43,146164.30,192584.73,0.2410,持有
2019-05-20,16.33,1.52,0.4230,46964.05,146164.30,193128.35,0.2432,持有
2019-05-21,16.63,1.55,0.4685,47814.94,146164.30,193979.24,0.2465,持有
2019-05-22,16.55,1.55,0.4565,47602.22,146164.30,193766.52,0.2457,持有
2019-05-23,16.48,1.54,0.4463,47389.49,146164.30,193553.79,0.2448,持有
2019-05-24,16.49,1.54,0.4500,47436.77,146164.30,193601.07,0.2450,持有
2019-05-27,16.95,1.58,0.5076,48760.36,146164.30,194924.66,0.2501,持有
2019-05-28,16.92,1.58,0.5048,48665.82,146164.30,194830.12,0.2498,持有
2019-05-29,16.89,1.58,0.5011,48571.28,146164.30,194735.58,0.2494,持有
2019-05-30,16.61,1.55,0.4670,47767.67,146164.30,193931.97,0.2463,持有
2019-05-31,16.54,1.54,0.4543,47578.58,146164.30,193742.88,0.2456,持有
2019-06-03,16.59,1.55,0.4632,47720.39,146164.30,193884.69,0.2461,持有
2019-06-04,16.54,1.54,0.4539,47578.58,146164.30,193742.88,0.2456,持有
2019-06-05,16.71,1.56,0.4805,48051.29,146164.30,194215.59,0.2474,持有
2019-06-06,16.49,1.54,0.4483,47436.77,146164.30,193601.07,0.2450,持有
2019-06-10,16.50,1.54,0.4498,47460.40,146164.30,193624.70,0.2451,持有
2019-06-11,17.33,1.62,0.5534,49847.60,146164.30,196011.90,0.2543,持有
2019-06-12,17.10,1.60,0.5298,49185.80,146164.30,195350.10,0.2518,持有
2019-06-13,17.27,1.61,0.5460,49658.52,146164.30,195822.82,0.2536,持有
2019-06-14,16.98,1.59,0.5130,48831.27,146164.30,194995.57,0.2504,持有
2019-06-17,17.04,1.59,0.5201,48996.72,146164.30,195161.02,0.2511,持有
2019-06-18,17.14,1.60,0.5328,49280.35,146164.30,195444.65,0.2521,持有
2019-06-19,17.71,1.65,0.5908,50934.84,146164.30,197099.14,0.2584,持有
2019-06-20,18.94,1.77,0.6668,54480.19,146164.30,200644.49,0.2715,持有
2019-06-21,19.45,1.82,0.7001,55945.60,146164.30,202109.90,0.2768,持有
2019-06-24,19.40,1.81,0.6972,55780.15,146164.30,201944.45,0.2762,持有
2019-06-25,19.30,1.80,0.6883,55496.53,146164.30,201660.83,0.2752,持有
2019-06-26,19.14,1.79,0.6773,55047.45,146164.30,201211.75,0.2736,持有
2019-06-27,19.66,1.84,0.7127,56536.49,146164.30,202700.79,0.2789,持有
2019-06-28,19.57,1.83,0.7081,56276.50,146164.30,202440.80,0.2780,持有
2019-07-01,20.04,1.87,0.7361,57623.73,146164.30,203788.03,0.2828,持有
2019-07-02,19.85,1.85,0.7238,57080.11,146164.30,203244.41,0.2808,持有
2019-07-03,19.26,1.80,0.6836,55378.35,146164.30,201542.65,0.2748,持有
2019-07-04,19.40,1.81,0.6961,55780.15,146164.30,201944.45,0.2762,持有
2019-07-05,19.35,1.81,0.6903,55638.34,146164.30,201802.64,0.2757,持有
2019-07-08,19.04,1.78,0.6698,54763.82,146164.30,200928.12,0.2726,持有
2019-07-09,19.09,1.78,0.6730,54905.63,146164.30,201069.93,0.2731,持有
2019-07-10,19.07,1.78,0.6722,54834.73,146164.30,200999.03,0.2728,持有
2019-07-11,19.05,1.78,0.6711,54787.46,146164.30,200951.76,0.2726,持有
2019-07-12,19.21,1.79,0.6811,55236.53,146164.30,201400.83,0.2743,持有
2019-07-15,19.47,1.82,0.7009,55992.87,146164.30,202157.17,0.2770,持有
2019-07-16,19.26,1.80,0.6831,55378.35,146164.30,201542.65,0.2748,持有
2019-07-17,18.98,1.77,0.6635,54574.73,146164.30,200739.03,0.2719,持有
2019-07-18,18.67,1.74,0.6436,53700.22,146164.30,199864.52,0.2687,持有
2019-07-19,19.05,1.78,0.6702,54787.46,146164.30,200951.76,0.2726,持有
2019-07-22,18.74,1.75,0.6465,53889.30,146164.30,200053.60,0.2694,持有
2019-07-23,18.80,1.75,0.6500,54054.75,146164.30,200219.05,0.2700,持有
2019-07-24,19.12,1.78,0.6745,54976.54,146164.30,201140.84,0.2733,持有
2019-07-25,19.22,1.79,0.6832,55283.80,146164.30,201448.10,0.2744,持有
2019-07-26,19.22,1.79,0.6829,55283.80,146164.30,201448.10,0.2744,持有
2019-07-29,19.04,1.78,0.6672,54763.82,146164.30,200928.12,0.2726,持有
2019-07-30,19.24,1.80,0.6840,55331.08,146164.30,201495.38,0.2746,持有
2019-07-31,19.09,1.78,0.6718,54905.63,146164.30,201069.93,0.2731,持有
2019-08-01,18.84,1.76,0.6515,54172.93,146164.30,200337.23,0.2704,持有
2019-08-02,18.12,1.67,0.5900,52108.72,146164.30,198273.02,0.2628,持有
2019-08-05,17.48,1.61,0.5332,50260.56,146164.30,196424.86,0.2559,持有
2019-08-06,17.40,1.60,0.5249,50044.54,146164.30,196208.84,0.2551,持有
2019-08-07,17.11,1.57,0.4868,49204.46,146164.30,195368.76,0.2519,持有
2019-08-08,17.45,1.60,0.5304,50188.55,146164.30,196352.85,0.2556,持有
2019-08-09,17.35,1.60,0.5191,49900.52,146164.30,196064.82,0.2545,持有
2019-08-12,17.81,1.64,0.5685,51220.64,146164.30,197384.94,0.2595,持有
2019-08-13,17.58,1.62,0.5450,50572.58,146164.30,196736.88,0.2571,持有
2019-08-14,17.65,1.62,0.5524,50764.60,146164.30,196928.90,0.2578,持有
2019-08-15,17.69,1.63,0.5551,50884.61,146164.30,197048.91,0.2582,持有
2019-08-16,17.80,1.64,0.5680,51196.64,146164.30,197360.94,0.2594,持有
2019-08-19,19.30,1.77,0.6655,55517.03,146164.30,201681.33,0.2753,持有
2019-08-20,18.99,1.75,0.6433,54628.95,146164.30,200793.25,0.2721,持有
2019-08-21,18.89,1.74,0.6392,54340.93,146164.30,200505.23,0.2710,持有
2019-08-22,18.95,1.74,0.6414,54508.94,146164.30,200673.24,0.2716,持有
2019-08-23,18.89,1.76,0.6530,54340.93,146164.30,200505.23,0.2710,持有
2019-08-26,18.54,1.73,0.6324,53332.83,146164.30,199497.13,0.2673,持有
2019-08-27,19.00,1.77,0.6617,54652.95,146164.30,200817.25,0.2722,持有
2019-08-28,18.71,1.74,0.6408,53812.88,146164.30,199977.18,0.2691,持有
2019-08-29,18.57,1.73,0.6338,53404.84,146164.30,199569.14,0.2676,持有
2019-08-30,18.63,1.73,0.6364,53572.86,146164.30,199737.16,0.2682,持有
2019-09-02,19.00,1.77,0.6619,54652.95,146164.30,200817.25,0.2722,持有
2019-09-03,19.06,1.77,0.6658,54820.97,146164.30,200985.27,0.2728,持有
2019-09-04,19.47,1.81,0.7018,55997.08,146164.30,202161.38,0.2770,持有
2019-09-05,19.89,1.85,0.7276,57197.18,146164.30,203361.48,0.2813,持有
2019-09-06,20.15,1.88,0.7445,57965.25,146164.30,204129.55,0.2840,持有
2019-09-09,20.30,1.89,0.7497,58373.29,146164.30,204537.59,0.2854,持有
2019-09-10,20.20,1.88,0.7456,58085.27,146164.30,204249.57,0.2844,持有
2019-09-11,20.36,1.89,0.7524,58541.31,146164.30,204705.61,0.2860,持有
2019-09-12,20.62,1.92,0.7639,59309.38,146164.30,205473.68,0.2886,持有
2019-09-16,20.26,1.89,0.7467,58277.28,146164.30,204441.58,0.2851,持有
2019-09-17,19.64,1.83,0.7112,56477.12,146164.30,202641.42,0.2787,持有
2019-09-18,19.55,1.82,0.7050,56237.10,146164.30,202401.40,0.2778,持有
2019-09-19,19.69,1.83,0.7143,56621.13,146164.30,202785.43,0.2792,持有
2019-09-20,19.48,1.81,0.6994,56021.08,146164.30,202185.38,0.2771,持有
2019-09-23,19.17,1.78,0.6735,55133.00,146164.30,201297.30,0.2739,持有
2019-09-24,19.16,1.78,0.6732,55109.00,146164.30,201273.30,0.2738,持有
2019-09-25,19.08,1.78,0.6642,54868.97,146164.30,201033.27,0.2729,持有
2019-09-26,18.96,1.76,0.6534,54532.94,146164.30,200697.24,0.2717,持有
2019-09-27,19.24,1.79,0.6795,55325.01,146164.30,201489.31,0.2746,持有
2019-09-30,18.76,1.75,0.6382,53956.89,146164.30,200121.19,0.2696,持有
2019-10-08,18.64,1.73,0.6325,53596.86,146164.30,199761.16,0.2683,持有
2019-10-09,18.55,1.73,0.6268,53356.84,146164.30,199521.14,0.2674,持有
2019-10-10,18.69,1.74,0.6345,53740.87,146164.30,199905.17,0.2688,持有
2019-10-11,19.14,1.78,0.6710,55060.99,146164.30,201225.29,0.2736,持有
2019-10-14,19.27,1.79,0.6820,55421.02,146164.30,201585.32,0.2749,持有
2019-10-15,18.94,1.76,0.6508,54460.94,146164.30,200625.24,0.2715,持有
2019-10-16,18.83,1.75,0.6430,54148.91,146164.30,200313.21,0.2703,持有
2019-10-17,18.79,1.75,0.6403,54052.90,146164.30,200217.20,0.2700,持有
2019-10-18,18.36,1.71,0.6142,52804.79,146164.30,198969.09,0.2654,持有
2019-10-21,18.24,1.70,0.6060,52444.75,146164.30,198609.05,0.2641,持有
2019-10-22,18.44,1.72,0.6187,53044.81,146164.30,199209.11,0.2663,持有
2019-10-23,18.19,1.69,0.6005,52300.74,146164.30,198465.04,0.2635,持有
2019-10-24,18.24,1.70,0.6057,52444.75,146164.30,198609.05,0.2641,持有
2019-10-25,18.41,1.71,0.6170,52948.80,146164.30,199113.10,0.2659,持有
2019-10-28,18.65,1.74,0.6326,53644.86,146164.30,199809.16,0.2685,持有
2019-10-29,18.25,1.70,0.6070,52492.76,146164.30,198657.06,0.2642,持有
2019-10-30,18.25,1.70,0.6067,52492.76,146164.30,198657.06,0.2642,持有
2019-10-31,18.11,1.64,0.5629,52084.72,146164.30,198249.02,0.2627,持有
2019-11-01,18.51,1.68,0.5917,53236.83,146164.30,199401.13,0.2670,持有
2019-11-04,18.58,1.68,0.5948,53428.84,146164.30,199593.14,0.2677,持有
2019-11-05,18.88,1.71,0.6161,54292.92,146164.30,200457.22,0.2708,持有
2019-11-06,18.72,1.70,0.6059,53836.88,146164.30,200001.18,0.2692,持有
2019-11-07,18.95,1.72,0.6218,54508.94,146164.30,200673.24,0.2716,持有
2019-11-08,18.71,1.70,0.6041,53812.88,146164.30,199977.18,0.2691,持有
2019-11-11,18.36,1.67,0.5786,52804.79,146164.30,198969.09,0.2654,持有
2019-11-12,18.39,1.67,0.5821,52876.79,146164.30,199041.09,0.2657,持有
2019-11-13,18.23,1.65,0.5703,52420.75,146164.30,198585.05,0.2640,持有
2019-11-14,18.28,1.66,0.5746,52564.76,146164.30,198729.06,0.2645,持有
2019-11-15,18.12,1.64,0.5620,52108.72,146164.30,198273.02,0.2628,持有
2019-11-18,18.27,1.66,0.5746,52540.76,146164.30,198705.06,0.2644,持有
2019-11-19,18.49,1.68,0.5900,53164.82,146164.30,199329.12,0.2667,持有
2019-11-20,18.13,1.64,0.5625,52132.73,146164.30,198297.03,0.2629,持有
2019-11-21,18.06,1.64,0.5557,51940.71,146164.30,198105.01,0.2622,持有
2019-11-22,17.93,1.63,0.5402,51580.68,146164.30,197744.98,0.2608,持有
2019-11-25,18.04,1.64,0.5532,51892.70,146164.30,198057.00,0.2620,持有
2019-11-26,17.96,1.63,0.5426,51652.68,146164.30,197816.98,0.2611,持有
2019-11-27,17.88,1.62,0.5358,51436.66,146164.30,197600.96,0.2603,持有
2019-11-28,17.95,1.63,0.5422,51628.68,146164.30,197792.98,0.2610,持有
2019-11-29,17.87,1.62,0.5325,51388.66,146164.30,197552.96,0.2601,持有
2019-12-02,18.09,1.64,0.5594,52036.72,146164.30,198201.02,0.2625,持有
2019-12-03,18.24,1.65,0.5728,52444.75,146164.30,198609.05,0.2641,持有
2019-12-04,18.17,1.65,0.5656,52252.74,146164.30,198417.04,0.2633,持有
2019-12-05,18.61,1.69,0.5982,53524.85,146164.30,199689.15,0.2680,持有
2019-12-06,18.68,1.69,0.6049,53716.87,146164.30,199881.17,0.2687,持有
2019-12-09,18.57,1.68,0.5956,53404.84,146164.30,199569.14,0.2676,持有
2019-12-10,18.54,1.68,0.5938,53308.83,146164.30,199473.13,0.2672,持有
2019-12-11,18.55,1.68,0.5947,53356.84,146164.30,199521.14,0.2674,持有
2019-12-12,18.53,1.68,0.5929,53284.83,146164.30,199449.13,0.2672,持有
2019-12-13,19.20,1.74,0.6406,55205.00,146164.30,201369.30,0.2741,持有
2019-12-16,19.46,1.77,0.6596,55973.07,146164.30,202137.37,0.2769,持有
2019-12-17,19.92,1.81,0.7002,57293.19,146164.30,203457.49,0.2816,持有
2019-12-18,19.86,1.80,0.6950,57125.18,146164.30,203289.48,0.2810,持有
2019-12-19,19.82,1.80,0.6907,57005.17,146164.30,203169.47,0.2806,持有
2019-12-20,19.68,1.78,0.6798,56597.13,146164.30,202761.43,0.2791,持有
2019-12-23,19.24,1.74,0.6419,55325.01,146164.30,201489.31,0.2746,持有
2019-12-24,19.35,1.75,0.6494,55637.04,146164.30,201801.34,0.2757,持有
2019-12-25,19.30,1.75,0.6462,55517.03,146164.30,201681.33,0.2753,持有
2019-12-26,19.82,1.80,0.6909,57005.17,146164.30,203169.47,0.2806,持有
2019-12-27,19.47,1.77,0.6588,55997.08,146164.30,202161.38,0.2770,持有
2019-12-30,21.42,1.94,0.7834,61589.58,146164.30,207753.88,0.2965,持有
2019-12-31,21.11,1.92,0.7675,60725.50,146164.30,206889.80,0.2935,持有
2020-01-02,21.27,1.93,0.7774,61181.55,146164.30,207345.85,0.2951,持有
2020-01-03,21.18,1.92,0.7722,60917.52,146164.30,207081.82,0.2942,持有
2020-01-06,21.13,1.92,0.7674,60773.51,146164.30,206937.81,0.2937,持有
2020-01-07,21.45,1.95,0.7846,61685.59,146164.30,207849.89,0.2968,持有
2020-01-08,20.81,1.89,0.7534,59861.43,146164.30,206025.73,0.2906,持有
2020-01-09,21.23,1.93,0.7742,61061.53,146164.30,207225.83,0.2947,持有
2020-01-10,21.32,1.93,0.7792,61325.56,146164.30,207489.86,0.2956,持有
2020-01-13,21.67,1.97,0.7959,62333.65,146164.30,208497.95,0.2990,持有
2020-01-14,21.33,1.93,0.7790,61349.56,146164.30,207513.86,0.2956,持有
2020-01-15,21.13,1.92,0.7656,60773.51,146164.30,206937.81,0.2937,持有
2020-01-16,20.96,1.90,0.7596,60269.46,146164.30,206433.76,0.2920,持有
2020-01-17,21.16,1.92,0.7687,60869.52,146164.30,207033.82,0.2940,持有
2020-01-20,21.50,1.95,0.7874,61829.60,146164.30,207993.90,0.2973,持有
2020-01-21,21.01,1.91,0.7595,60413.48,146164.30,206577.78,0.2924,持有
2020-01-22,21.03,1.91,0.7608,60485.48,146164.30,206649.78,0.2927,持有
2020-01-23,19.95,1.81,0.6989,57365.20,146164.30,203529.50,0.2819,持有
2020-02-03,17.95,1.63,0.5338,51628.68,146164.30,197792.98,0.2610,持有
2020-02-04,18.14,1.64,0.5559,52156.73,146164.30,198321.03,0.2630,持有
2020-02-05,18.42,1.67,0.5791,52972.80,146164.30,199137.10,0.2660,持有
2020-02-06,18.89,1.71,0.6145,54316.92,146164.30,200481.22,0.2709,持有
2020-02-07,18.81,1.71,0.6098,54100.90,146164.30,200265.20,0.2701,持有
2020-02-10,18.92,1.72,0.6164,54412.93,146164.30,200577.23,0.2713,持有
2020-02-11,18.94,1.72,0.6174,54460.94,146164.30,200625.24,0.2715,持有
2020-02-12,19.11,1.73,0.6284,54964.98,146164.30,201129.28,0.2733,持有
2020-02-13,18.82,1.71,0.6096,54124.91,146164.30,200289.21,0.2702,持有
2020-02-14,19.18,1.74,0.6336,55157.00,146164.30,201321.30,0.2740,持有
2020-02-17,20.18,1.83,0.7164,58037.26,146164.30,204201.56,0.2842,持有
2020-02-18,20.01,1.82,0.7048,57557.22,146164.30,203721.52,0.2825,持有
2020-02-19,20.03,1.82,0.7046,57605.22,146164.30,203769.52,0.2827,持有
2020-02-20,21.21,1.92,0.7744,61013.53,146164.30,207177.83,0.2945,持有
2020-02-21,21.01,1.91,0.7604,60437.48,146164.30,206601.78,0.2925,持有
2020-02-24,20.90,1.90,0.7564,60101.45,146164.30,206265.75,0.2914,持有
2020-02-25,21.04,1.91,0.7622,60509.48,146164.30,206673.78,0.2928,持有
2020-02-26,20.62,1.87,0.7418,59309.38,146164.30,205473.68,0.2886,持有
2020-02-27,20.67,1.87,0.7443,59453.39,146164.30,205617.69,0.2891,持有
2020-02-28,19.53,1.77,0.6592,56165.09,146164.30,202329.39,0.2776,持有
2020-03-02,20.43,1.85,0.7296,58757.33,146164.30,204921.63,0.2867,持有
2020-03-03,20.64,1.87,0.7430,59357.38,146164.30,205521.68,0.2888,持有
2020-03-04,21.14,1.92,0.7680,60797.51,146164.30,206961.81,0.2938,持有
2020-03-05,21.69,1.97,0.7998,62381.65,146164.30,208545.95,0.2991,持有
2020-03-06,20.96,1.90,0.7585,60269.46,146164.30,206433.76,0.2920,持有
2020-03-09,20.29,1.84,0.7193,58349.29,146164.30,204513.59,0.2853,持有
2020-03-10,20.91,1.90,0.7575,60149.45,146164.30,206313.75,0.2915,持有
2020-03-11,20.31,1.84,0.7224,58421.30,146164.30,204585.60,0.2856,持有
2020-03-12,20.01,1.82,0.7004,57557.22,146164.30,203721.52,0.2825,持有
2020-03-13,19.98,1.93,0.7802,57461.21,146164.30,203625.51,0.2822,持有
2020-03-16,18.92,1.83,0.7135,54412.93,146164.30,200577.23,0.2713,持有
2020-03-17,19.14,1.85,0.7272,55036.99,146164.30,201201.29,0.2735,持有
2020-03-18,18.55,1.80,0.6805,53356.84,146164.30,199521.14,0.2674,持有
2020-03-19,18.66,1.81,0.6890,53668.86,146164.30,199833.16,0.2686,持有
2020-03-20,18.91,1.81,0.6976,54388.93,146164.30,200553.23,0.2712,持有
2020-03-23,18.27,1.75,0.6362,52540.76,146164.30,198705.06,0.2644,持有
2020-03-24,18.62,1.78,0.6695,53548.85,146164.30,199713.15,0.2681,持有
2020-03-25,18.99,1.82,0.7051,54628.95,146164.30,200793.25,0.2721,持有
2020-03-26,18.76,1.80,0.6837,53956.89,146164.30,200121.19,0.2696,持有
2020-03-27,18.84,1.81,0.6886,54172.91,146164.30,200337.21,0.2704,持有
2020-03-30,18.59,1.78,0.6648,53452.85,146164.30,199617.15,0.2678,持有
2020-03-31,18.49,1.77,0.6554,53188.82,146164.30,199353.12,0.2668,持有
2020-04-01,18.44,1.77,0.6487,53044.81,146164.30,199209.11,0.2663,持有
2020-04-02,18.72,1.79,0.6779,53836.88,146164.30,200001.18,0.2692,持有
2020-04-03,18.47,1.77,0.6522,53116.81,146164.30,199281.11,0.2665,持有
2020-04-07,18.84,1.81,0.6897,54196.91,146164.30,200361.21,0.2705,持有
2020-04-08,18.82,1.80,0.6887,54124.91,146164.30,200289.21,0.2702,持有
2020-04-09,18.90,1.81,0.6979,54364.93,146164.30,200529.23,0.2711,持有
2020-04-10,18.77,1.80,0.6838,53980.89,146164.30,200145.19,0.2697,持有
2020-04-13,18.59,1.78,0.6636,53452.85,146164.30,199617.15,0.2678,持有
2020-04-14,19.37,1.86,0.7320,55709.05,146164.30,201873.35,0.2760,持有
2020-04-15,19.21,1.84,0.7214,55253.01,146164.30,201417.31,0.2743,持有
2020-04-16,19.75,1.89,0.7549,56813.15,146164.30,202977.45,0.2799,持有
2020-04-17,19.51,1.87,0.7411,56117.09,146164.30,202281.39,0.2774,持有
2020-04-20,19.60,1.88,0.7475,56381.11,146164.30,202545.41,0.2784,持有
2020-04-21,19.34,1.85,0.7298,55613.04,146164.30,201777.34,0.2756,持有
2020-04-22,19.35,1.85,0.7307,55661.05,146164.30,201825.35,0.2758,持有
2020-04-23,19.13,1.83,0.7146,55012.99,146164.30,201177.29,0.2735,持有
2020-04-24,18.94,1.82,0.7000,54484.94,146164.30,200649.24,0.2715,持有
2020-04-27,19.05,1.83,0.7089,54796.97,146164.30,200961.27,0.2727,持有
2020-04-28,19.44,1.86,0.7371,55901.07,146164.30,202065.37,0.2766,持有
2020-04-29,19.52,1.70,0.5953,56141.09,146164.30,202305.39,0.2775,持有
2020-04-30,19.78,1.73,0.6124,56885.16,146164.30,203049.46,0.2802,持有
2020-05-06,19.71,1.72,0.6078,56693.14,146164.30,202857.44,0.2795,持有
2020-05-07,19.54,1.71,0.5961,56189.09,146164.30,202353.39,0.2777,持有
2020-05-08,19.88,1.74,0.6192,57173.18,146164.30,203337.48,0.2812,持有
2020-05-11,19.67,1.72,0.6051,56573.13,146164.30,202737.43,0.2790,持有
2020-05-12,19.72,1.72,0.6080,56717.14,146164.30,202881.44,0.2796,持有
2020-05-13,19.81,1.73,0.6145,56981.17,146164.30,203145.46,0.2805,持有
2020-05-14,19.56,1.71,0.5969,56261.10,146164.30,202425.40,0.2779,持有
2020-05-15,19.56,1.71,0.5967,56261.10,146164.30,202425.40,0.2779,持有
2020-05-18,19.26,1.68,0.5720,55397.02,146164.30,201561.32,0.2748,持有
2020-05-19,19.37,1.69,0.5789,55709.05,146164.30,201873.35,0.2760,持有
2020-05-20,19.27,1.68,0.5728,55421.02,146164.30,201585.32,0.2749,持有
2020-05-21,19.21,1.68,0.5690,55253.01,146164.30,201417.31,0.2743,持有
2020-05-22,18.61,1.63,0.5149,53524.85,146164.30,199689.15,0.2680,持有
2020-05-25,18.54,1.62,0.5077,53308.83,146164.30,199473.13,0.2672,持有
2020-05-26,18.75,1.64,0.5322,53932.89,146164.30,200097.19,0.2695,持有
2020-05-27,18.60,1.62,0.5135,53500.85,146164.30,199665.15,0.2680,持有
2020-05-28,18.76,1.64,0.5334,53956.89,146164.30,200121.19,0.2696,持有
2020-05-29,18.59,1.62,0.5128,53452.85,146164.30,199617.15,0.2678,持有
2020-06-01,19.31,1.69,0.5765,55541.03,146164.30,201705.33,0.2754,持有
2020-06-02,19.21,1.68,0.5696,55253.01,146164.30,201417.31,0.2743,持有
2020-06-03,19.11,1.67,0.5615,54964.98,146164.30,201129.28,0.2733,持有
2020-06-04,18.99,1.66,0.5539,54628.95,146164.30,200793.25,0.2721,持有
2020-06-05,19.06,1.66,0.5564,54820.97,146164.30,200985.27,0.2728,持有
2020-06-08,19.17,1.67,0.5663,55133.00,146164.30,201297.30,0.2739,持有
2020-06-09,19.44,1.70,0.5888,55901.07,146164.30,202065.37,0.2766,持有
2020-06-10,19.25,1.68,0.5722,55349.02,146164.30,201513.32,0.2747,持有
2020-06-11,19.02,1.66,0.5543,54700.96,146164.30,200865.26,0.2723,持有
2020-06-12,18.87,1.65,0.5412,54268.92,146164.30,200433.22,0.2708,持有
2020-06-15,18.85,1.65,0.5402,54220.91,146164.30,200385.21,0.2706,持有
2020-06-16,19.08,1.67,0.5580,54868.97,146164.30,201033.27,0.2729,持有
2020-06-17,19.00,1.66,0.5539,54652.95,146164.30,200817.25,0.2722,持有
2020-06-18,19.26,1.68,0.5739,55397.02,146164.30,201561.32,0.2748,持有
2020-06-19,19.90,1.74,0.6244,57245.19,146164.30,203409.49,0.2814,持有
2020-06-22,20.12,1.76,0.6402,57869.25,146164.30,204033.55,0.2836,持有
2020-06-23,20.06,1.75,0.6348,57701.23,146164.30,203865.53,0.2830,持有
2020-06-24,20.24,1.77,0.6490,58205.28,146164.30,204369.58,0.2848,持有
2020-06-29,19.61,1.71,0.6032,56405.11,146164.30,202569.41,0.2784,持有
2020-06-30,20.12,1.76,0.6399,57869.25,146164.30,204033.55,0.2836,持有
2020-07-01,20.63,1.80,0.6883,59333.38,146164.30,205497.68,0.2887,持有
2020-07-02,21.75,1.90,0.7651,62549.67,146164.30,208713.97,0.2997,持有
2020-07-03,23.93,2.09,0.8523,68814.24,146164.30,214978.54,0.3201,持有
2020-07-06,26.32,2.30,0.8795,75702.86,146164.30,221867.16,0.3412,持有
2020-07-07,25.98,2.27,0.8776,74718.77,146164.30,220883.07,0.3383,持有
2020-07-08,27.96,2.44,0.8878,80407.29,146164.30,226571.59,0.3549,持有
2020-07-09,27.61,2.41,0.8863,79399.20,146164.30,225563.50,0.3520,持有
2020-07-10,26.51,2.32,0.8816,76254.91,146164.30,222419.21,0.3428,持有
2020-07-13,27.11,2.37,0.8836,77959.07,146164.30,224123.37,0.3478,持有
2020-07-14,26.73,2.33,0.8825,76878.97,146164.30,223043.27,0.3447,持有
2020-07-15,26.71,2.33,0.8818,76806.96,146164.30,222971.26,0.3445,持有
2020-07-16,24.47,2.14,0.8578,70374.38,146164.30,216538.68,0.3250,持有
2020-07-17,23.89,2.09,0.8478,68694.23,146164.30,214858.53,0.3197,持有
2020-07-20,25.58,2.23,0.8719,73566.67,146164.30,219730.97,0.3348,持有
2020-07-21,25.31,2.21,0.8700,72798.60,146164.30,218962.90,0.3325,持有
2020-07-22,25.45,2.22,0.8712,73206.64,146164.30,219370.94,0.3337,持有
2020-07-23,25.49,2.23,0.8712,73302.64,146164.30,219466.94,0.3340,持有
2020-07-24,23.79,2.08,0.8446,68406.20,146164.30,214570.50,0.3188,持有
2020-07-27,23.79,2.08,0.8443,68406.20,146164.30,214570.50,0.3188,持有
2020-07-28,23.70,2.07,0.8405,68166.18,146164.30,214330.48,0.3180,持有
2020-07-29,24.85,2.17,0.8610,71454.48,146164.30,217618.78,0.3283,持有
2020-07-30,24.67,2.15,0.8587,70950.43,146164.30,217114.73,0.3268,持有
2020-07-31,25.00,2.18,0.8627,71910.52,146164.30,218074.82,0.3298,持有
2020-08-03,25.38,2.22,0.8696,72990.62,146164.30,219154.92,0.3331,持有
2020-08-04,25.22,2.20,0.8689,72534.57,146164.30,218698.87,0.3317,持有
2020-08-05,24.96,2.18,0.8613,71790.51,146164.30,217954.81,0.3294,持有
2020-08-06,26.77,2.34,0.8833,76998.98,146164.30,223163.28,0.3450,持有
2020-08-07,26.67,2.33,0.8818,76710.95,146164.30,222875.25,0.3442,持有
2020-08-10,27.72,2.42,0.8872,79711.23,146164.30,225875.53,0.3529,持有
2020-08-11,26.13,2.28,0.8761,75150.81,146164.30,221315.11,0.3396,持有
2020-08-12,25.95,2.27,0.8746,74622.76,146164.30,220787.06,0.3380,持有
2020-08-13,25.78,2.25,0.8727,74142.72,146164.30,220307.02,0.3365,持有
2020-08-14,26.18,2.29,0.8766,75294.83,146164.30,221459.13,0.3400,持有
2020-08-17,27.52,2.40,0.8863,79135.17,146164.30,225299.47,0.3512,持有
2020-08-18,27.66,2.42,0.8871,79543.21,146164.30,225707.51,0.3524,持有
2020-08-19,27.28,2.38,0.8845,78463.11,146164.30,224627.41,0.3493,持有
2020-08-20,26.69,2.33,0.8807,76758.96,146164.30,222923.26,0.3443,持有
2020-08-21,27.06,2.33,0.8799,77831.87,146164.30,223996.17,0.3475,持有
2020-08-24,26.96,2.32,0.8796,77539.27,146164.30,223703.57,0.3466,持有
2020-08-25,26.86,2.33,0.8796,77246.67,146164.30,223410.97,0.3458,持有
2020-08-26,26.05,2.26,0.8705,74930.24,146164.30,221094.54,0.3389,持有
2020-08-27,26.26,2.27,0.8725,75515.45,146164.30,221679.75,0.3407,持有
2020-08-28,27.12,2.35,0.8825,78002.55,146164.30,224166.85,0.3480,持有
2020-08-31,26.96,2.34,0.8817,77539.27,146164.30,223703.57,0.3466,持有
2020-09-01,27.22,2.36,0.8826,78295.16,146164.30,224459.46,0.3488,持有
2020-09-02,27.05,2.34,0.8818,77783.10,146164.30,223947.40,0.3473,持有
2020-09-03,26.72,2.31,0.8765,76856.53,146164.30,223020.83,0.3446,持有
2020-09-04,26.32,2.28,0.8712,75686.13,146164.30,221850.43,0.3412,持有
2020-09-07,25.36,2.20,0.8579,72930.80,146164.30,219095.10,0.3329,持有
2020-09-08,25.99,2.25,0.8671,74735.18,146164.30,220899.48,0.3383,持有
2020-09-09,25.51,2.21,0.8615,73369.71,146164.30,219534.01,0.3342,持有
2020-09-10,25.43,2.20,0.8611,73150.25,146164.30,219314.55,0.3335,持有
2020-09-11,25.51,2.21,0.8612,73369.71,146164.30,219534.01,0.3342,持有
2020-09-14,25.48,2.21,0.8608,73272.17,146164.30,219436.47,0.3339,持有
2020-09-15,25.62,2.22,0.8628,73686.69,146164.30,219850.99,0.3352,持有
2020-09-16,25.63,2.22,0.8629,73711.07,146164.30,219875.37,0.3352,持有
2020-09-17,25.10,2.17,0.8507,72199.30,146164.30,218363.60,0.3306,持有
2020-09-18,26.20,2.27,0.8702,75344.76,146164.30,221509.06,0.3401,持有
2020-09-21,26.22,2.27,0.8706,75417.91,146164.30,221582.21,0.3404,持有
2020-09-22,25.96,2.25,0.8661,74662.03,146164.30,220826.33,0.3381,持有
2020-09-23,25.70,2.23,0.8631,73906.14,146164.30,220070.44,0.3358,持有
2020-09-24,25.39,2.20,0.8571,73028.34,146164.30,219192.64,0.3332,持有
2020-09-25,25.60,2.22,0.8606,73637.92,146164.30,219802.22,0.3350,持有
2020-09-28,25.62,2.22,0.8610,73686.69,146164.30,219850.99,0.3352,持有
2020-09-29,25.66,2.22,0.8626,73784.22,146164.30,219948.52,0.3355,持有
2020-09-30,25.46,2.21,0.8577,73223.40,146164.30,219387.70,0.3338,持有
2020-10-09,25.94,2.25,0.8657,74613.26,146164.30,220777.56,0.3380,持有
2020-10-12,26.89,2.33,0.8798,77344.20,146164.30,223508.50,0.3460,持有
2020-10-13,26.58,2.30,0.8745,76442.02,146164.30,222606.32,0.3434,持有
2020-10-14,26.24,2.27,0.8704,75466.68,146164.30,221630.98,0.3405,持有
2020-10-15,26.26,2.27,0.8705,75515.45,146164.30,221679.75,0.3407,持有
2020-10-16,26.35,2.28,0.8724,75783.66,146164.30,221947.96,0.3414,持有
2020-10-19,26.18,2.27,0.8683,75296.00,146164.30,221460.30,0.3400,持有
2020-10-20,25.99,2.25,0.8649,74735.18,146164.30,220899.48,0.3383,持有
2020-10-21,25.80,2.23,0.8620,74198.74,146164.30,220363.04,0.3367,持有
2020-10-22,25.81,2.24,0.8620,74223.13,146164.30,220387.43,0.3368,持有
2020-10-23,25.52,2.21,0.8556,73394.09,146164.30,219558.39,0.3343,持有
2020-10-26,24.60,2.13,0.8376,70760.68,146164.30,216924.98,0.3262,持有
2020-10-27,24.56,2.13,0.8372,70638.76,146164.30,216803.06,0.3258,持有
2020-10-28,24.81,2.15,0.8399,71345.88,146164.30,217510.18,0.3280,持有
2020-10-29,25.11,2.17,0.8445,72223.68,146164.30,218387.98,0.3307,持有
2020-10-30,24.27,2.06,0.8167,69809.73,146164.30,215974.03,0.3232,持有
2020-11-02,23.81,2.02,0.8009,68468.64,146164.30,214632.94,0.3190,持有
2020-11-03,24.36,2.07,0.8194,70053.56,146164.30,216217.86,0.3240,持有
2020-11-04,24.36,2.07,0.8191,70053.56,146164.30,216217.86,0.3240,持有
2020-11-05,24.75,2.10,0.8316,71175.20,146164.30,217339.50,0.3275,持有
2020-11-06,24.79,2.10,0.8328,71297.11,146164.30,217461.41,0.3279,持有
2020-11-09,25.66,2.18,0.8453,73808.61,146164.30,219972.91,0.3355,持有
2020-11-10,25.22,2.14,0.8386,72540.67,146164.30,218704.97,0.3317,持有
2020-11-11,24.81,2.10,0.8323,71345.88,146164.30,217510.18,0.3280,持有
2020-11-12,24.69,2.09,0.8289,71004.51,146164.30,217168.81,0.3270,持有
2020-11-13,24.34,2.06,0.8166,70004.79,146164.30,216169.09,0.3238,持有
2020-11-16,24.56,2.08,0.8249,70638.76,146164.30,216803.06,0.3258,持有
2020-11-17,24.70,2.09,0.8291,71028.90,146164.30,217193.20,0.3270,持有
2020-11-18,24.71,2.10,0.8296,71077.66,146164.30,217241.96,0.3272,持有
2020-11-19,24.87,2.11,0.8330,71516.57,146164.30,217680.87,0.3285,持有
2020-11-20,24.94,2.12,0.8335,71736.02,146164.30,217900.32,0.3292,持有
2020-11-23,25.35,2.15,0.8403,72906.42,146164.30,219070.72,0.3328,持有
2020-11-24,25.04,2.12,0.8358,72004.23,146164.30,218168.53,0.3300,持有
2020-11-25,24.77,2.10,0.8295,71248.35,146164.30,217412.65,0.3277,持有
2020-11-26,24.84,2.11,0.8318,71443.42,146164.30,217607.72,0.3283,持有
2020-11-27,25.42,2.16,0.8420,73101.49,146164.30,219265.79,0.3334,持有
2020-11-30,25.69,2.18,0.8462,73881.76,146164.30,220046.06,0.3358,持有
2020-12-01,26.54,2.25,0.8668,76320.10,146164.30,222484.40,0.3430,持有
2020-12-02,26.35,2.24,0.8628,75783.66,146164.30,221947.96,0.3414,持有
2020-12-03,26.20,2.22,0.8602,75344.76,146164.30,221509.06,0.3401,持有
2020-12-04,25.69,2.18,0.8449,73881.76,146164.30,220046.06,0.3358,持有
2020-12-07,25.44,2.16,0.8409,73174.64,146164.30,219338.94,0.3336,持有
2020-12-08,25.44,2.16,0.8406,73174.64,146164.30,219338.94,0.3336,持有
2020-12-09,24.83,2.11,0.8290,71419.03,146164.30,217583.33,0.3282,持有
2020-12-10,24.72,2.10,0.8250,71102.05,146164.30,217266.35,0.3273,持有
2020-12-11,24.37,2.07,0.8120,70102.33,146164.30,216266.63,0.3241,持有
2020-12-14,24.45,2.07,0.8162,70321.78,146164.30,216486.08,0.3248,持有
2020-12-15,24.43,2.07,0.8140,70248.63,146164.30,216412.93,0.3246,持有
2020-12-16,24.26,2.06,0.8063,69760.96,146164.30,215925.26,0.3231,持有
2020-12-17,24.77,2.10,0.8264,71248.35,146164.30,217412.65,0.3277,持有
2020-12-18,24.43,2.07,0.8135,70248.63,146164.30,216412.93,0.3246,持有
2020-12-21,24.61,2.09,0.8202,70785.06,146164.30,216949.36,0.3263,持有
2020-12-22,23.75,2.01,0.7891,68297.95,146164.30,214462.25,0.3185,持有
2020-12-23,23.91,2.03,0.7929,68761.24,146164.30,214925.54,0.3199,持有
2020-12-24,23.79,2.02,0.7900,68419.87,146164.30,214584.17,0.3188,持有
2020-12-25,23.76,2.02,0.7889,68322.34,146164.30,214486.64,0.3185,持有
2020-12-28,23.72,2.01,0.7879,68224.80,146164.30,214389.10,0.3182,持有
2020-12-29,23.87,2.02,0.7917,68639.32,146164.30,214803.62,0.3195,持有
2020-12-30,24.16,2.05,0.8003,69492.74,146164.30,215657.04,0.3222,持有
2020-12-31,24.93,2.11,0.8312,71687.25,146164.30,217851.55,0.3291,持有
2021-01-04,24.74,2.10,0.8260,71150.81,146164.30,217315.11,0.3274,持有
2021-01-05,24.71,2.10,0.8239,71053.28,146164.30,217217.58,0.3271,持有
2021-01-06,25.11,2.13,0.8354,72223.68,146164.30,218387.98,0.3307,持有
2021-01-07,25.22,2.14,0.8373,72540.67,146164.30,218704.97,0.3317,持有
2021-01-08,25.49,2.16,0.8422,73296.56,146164.30,219460.86,0.3340,持有
2021-01-11,24.82,2.11,0.8286,71394.65,146164.30,217558.95,0.3282,持有
2021-01-12,27.16,2.30,0.8779,78100.09,146164.30,224264.39,0.3483,持有
2021-01-13,26.24,2.23,0.8620,75466.68,146164.30,221630.98,0.3405,持有
2021-01-14,25.60,2.17,0.8436,73637.92,146164.30,219802.22,0.3350,持有
2021-01-15,25.59,2.17,0.8429,73589.16,146164.30,219753.46,0.3349,持有
2021-01-18,25.73,2.18,0.8470,74003.67,146164.30,220167.97,0.3361,持有
2021-01-19,25.82,2.19,0.8496,74247.51,146164.30,220411.81,0.3369,持有
2021-01-20,26.37,2.24,0.8648,75832.43,146164.30,221996.73,0.3416,持有
2021-01-21,26.43,2.24,0.8656,76003.11,146164.30,222167.41,0.3421,持有
2021-01-22,25.71,2.18,0.8458,73954.91,146164.30,220119.21,0.3360,持有
2021-01-25,25.41,2.16,0.8373,73077.10,146164.30,219241.40,0.3333,持有
2021-01-26,24.40,2.07,0.8072,70175.48,146164.30,216339.78,0.3244,持有
2021-01-27,24.34,2.06,0.8039,70004.79,146164.30,216169.09,0.3238,持有
2021-01-28,24.16,2.05,0.7944,69492.74,146164.30,215657.04,0.3222,持有
2021-01-29,24.04,2.04,0.7890,69126.99,146164.30,215291.29,0.3211,持有
2021-02-01,23.99,2.04,0.7876,69005.07,146164.30,215169.37,0.3207,持有
2021-02-02,23.87,2.03,0.7854,68663.71,146164.30,214828.01,0.3196,持有
2021-02-03,23.71,2.01,0.7800,68200.42,146164.30,214364.72,0.3182,持有
2021-02-04,22.97,1.95,0.7517,66054.68,146164.30,212218.98,0.3113,持有
2021-02-05,22.91,1.94,0.7496,65884.00,146164.30,212048.30,0.3107,持有
2021-02-08,23.16,1.96,0.7607,66615.50,146164.30,212779.80,0.3131,持有
2021-02-09,23.73,2.01,0.7810,68249.19,146164.30,214413.49,0.3183,持有
2021-02-10,23.63,2.00,0.7760,67956.59,146164.30,214120.89,0.3174,持有
2021-02-18,23.69,2.01,0.7786,68127.27,146164.30,214291.57,0.3179,持有
2021-02-19,24.26,2.06,0.8015,69785.34,146164.30,215949.64,0.3232,持有
2021-02-22,23.54,2.00,0.7715,67712.75,146164.30,213877.05,0.3166,持有
2021-02-23,23.40,1.98,0.7679,67298.23,146164.30,213462.53,0.3153,持有
2021-02-24,23.25,1.97,0.7632,66859.33,146164.30,213023.63,0.3139,持有
2021-02-25,23.51,1.99,0.7710,67615.22,146164.30,213779.52,0.3163,持有
2021-02-26,23.10,1.96,0.7549,66444.81,146164.30,212609.11,0.3125,持有
2021-03-01,21.72,1.84,0.6844,62470.32,146164.30,208634.62,0.2994,持有
2021-03-02,21.33,1.81,0.6563,61348.68,146164.30,207512.98,0.2956,持有
2021-03-03,21.51,1.82,0.6696,61860.73,146164.30,208025.03,0.2974,持有
2021-03-04,21.03,1.78,0.6298,60495.26,146164.30,206659.56,0.2927,持有
2021-03-05,21.24,1.80,0.6468,61080.46,146164.30,207244.76,0.2947,持有
2021-03-08,20.81,1.76,0.6078,59836.91,146164.30,206001.21,0.2905,持有
2021-03-09,20.14,1.71,0.5623,57910.62,146164.30,204074.92,0.2838,持有
2021-03-10,20.08,1.70,0.5581,57764.32,146164.30,203928.62,0.2833,持有
2021-03-11,20.37,1.73,0.5783,58593.35,146164.30,204757.65,0.2862,持有
2021-03-12,20.16,1.71,0.5639,57983.77,146164.30,204148.07,0.2840,持有
2021-03-15,19.72,1.67,0.5283,56715.83,146164.30,202880.13,0.2796,持有
2021-03-16,19.84,1.68,0.5383,57057.20,146164.30,203221.50,0.2808,持有
2021-03-17,20.04,1.70,0.5560,57642.40,146164.30,203806.70,0.2828,持有
2021-03-18,19.97,1.69,0.5481,57422.95,146164.30,203587.25,0.2821,持有
2021-03-19,20.33,1.71,0.5603,58471.44,146164.30,204635.74,0.2857,持有
2021-03-22,20.47,1.72,0.5717,58885.96,146164.30,205050.25,0.2872,持有
2021-03-23,20.40,1.71,0.5653,58666.50,146164.30,204830.80,0.2864,持有
2021-03-24,20.38,1.71,0.5640,58617.74,146164.30,204782.04,0.2862,持有
2021-03-25,20.26,1.70,0.5555,58276.37,146164.30,204440.67,0.2851,持有
2021-03-26,20.33,1.71,0.5596,58471.44,146164.30,204635.74,0.2857,持有
2021-03-29,20.57,1.73,0.5776,59154.17,146164.30,205318.47,0.2881,持有
2021-03-30,20.57,1.73,0.5774,59154.17,146164.30,205318.47,0.2881,持有
2021-03-31,20.25,1.70,0.5539,58251.99,146164.30,204416.29,0.2850,持有
2021-04-01,20.48,1.72,0.5730,58910.34,146164.30,205074.64,0.2873,持有
2021-04-02,20.46,1.72,0.5702,58837.19,146164.30,205001.49,0.2870,持有
2021-04-06,20.47,1.72,0.5718,58885.96,146164.30,205050.25,0.2872,持有
2021-04-07,20.39,1.71,0.5644,58642.12,146164.30,204806.42,0.2863,持有
2021-04-08,20.34,1.71,0.5598,58495.82,146164.30,204660.12,0.2858,持有
2021-04-09,20.01,1.68,0.5314,57544.87,146164.30,203709.17,0.2825,持有
2021-04-12,19.75,1.66,0.5120,56813.36,146164.30,202977.66,0.2799,持有
2021-04-13,19.81,1.66,0.5161,56984.05,146164.30,203148.35,0.2805,持有
2021-04-14,19.99,1.68,0.5301,57496.10,146164.30,203660.40,0.2823,持有
2021-04-15,19.82,1.66,0.5161,57008.43,146164.30,203172.73,0.2806,持有
2021-04-16,20.07,1.68,0.5373,57715.55,146164.30,203879.85,0.2831,持有
2021-04-19,20.36,1.71,0.5635,58568.97,146164.30,204733.27,0.2861,持有
2021-04-20,20.15,1.69,0.5419,57959.39,146164.30,204123.69,0.2839,持有
2021-04-21,20.01,1.68,0.5313,57544.87,146164.30,203709.17,0.2825,持有
2021-04-22,19.91,1.67,0.5231,57252.27,146164.30,203416.57,0.2815,持有
2021-04-23,19.84,1.66,0.5157,57057.20,146164.30,203221.50,0.2808,持有
2021-04-26,19.54,1.64,0.4924,56203.78,146164.30,202368.08,0.2777,持有
2021-04-27,19.29,1.62,0.4663,55472.28,146164.30,201636.58,0.2751,持有
2021-04-28,19.40,1.63,0.4766,55789.26,146164.30,201953.56,0.2762,持有
2021-04-29,20.17,1.65,0.5074,58008.15,146164.30,204172.45,0.2841,持有
2021-04-30,20.22,1.66,0.5115,58154.45,146164.30,204318.75,0.2846,持有
2021-05-06,20.35,1.67,0.5218,58520.20,146164.30,204684.50,0.2859,持有
2021-05-07,19.87,1.63,0.4787,57154.73,146164.30,203319.03,0.2811,持有
2021-05-10,20.15,1.65,0.5049,57959.39,146164.30,204123.69,0.2839,持有
2021-05-11,20.24,1.66,0.5133,58203.22,146164.30,204367.52,0.2848,持有
2021-05-12,20.30,1.66,0.5167,58373.90,146164.30,204538.20,0.2854,持有
2021-05-13,20.03,1.64,0.4950,57618.02,146164.30,203782.32,0.2827,持有
2021-05-14,21.57,1.77,0.6188,62031.42,146164.30,208195.72,0.2979,持有
2021-05-17,21.10,1.73,0.5859,60690.33,146164.30,206854.63,0.2934,持有
2021-05-18,21.00,1.72,0.5785,60397.73,146164.30,206562.03,0.2924,持有
2021-05-19,21.01,1.72,0.5794,60422.11,146164.30,206586.41,0.2925,持有
2021-05-20,21.25,1.74,0.5953,61104.85,146164.30,207269.15,0.2948,持有
2021-05-21,20.86,1.71,0.5668,60007.59,146164.30,206171.89,0.2911,持有
2021-05-24,21.39,1.75,0.6046,61519.36,146164.30,207683.66,0.2962,持有
2021-05-25,22.24,1.82,0.6750,63957.71,146164.30,210122.01,0.3044,持有
2021-05-26,21.94,1.80,0.6515,63104.29,146164.30,209268.59,0.3015,持有
2021-05-27,21.98,1.80,0.6545,63201.82,146164.30,209366.12,0.3019,持有
2021-05-28,22.20,1.82,0.6729,63835.79,146164.30,210000.09,0.3040,持有
2021-05-31,22.14,1.82,0.6687,63665.11,146164.30,209829.40,0.3034,持有
2021-06-01,21.85,1.79,0.6412,62836.07,146164.30,209000.37,0.3007,持有
2021-06-02,21.37,1.75,0.6009,61446.21,146164.30,207610.51,0.2960,持有
2021-06-03,21.35,1.75,0.6000,61397.45,146164.30,207561.75,0.2958,持有
2021-06-04,21.65,1.78,0.6255,62275.25,146164.30,208439.55,0.2988,持有
2021-06-07,22.09,1.81,0.6654,63543.19,146164.30,209707.49,0.3030,持有
2021-06-08,21.98,1.80,0.6540,63201.82,146164.30,209366.12,0.3019,持有
2021-06-09,21.81,1.79,0.6388,62738.54,146164.30,208902.84,0.3003,持有
2021-06-10,21.76,1.78,0.6343,62567.85,146164.30,208732.15,0.2998,持有
2021-06-11,21.14,1.73,0.5859,60812.25,146164.30,206976.55,0.2938,持有
2021-06-15,20.84,1.71,0.5617,59934.44,146164.30,206098.74,0.2908,持有
2021-06-16,20.90,1.71,0.5680,60105.13,146164.30,206269.43,0.2914,持有
2021-06-17,20.81,1.71,0.5574,59836.91,146164.30,206001.21,0.2905,持有
2021-06-18,20.90,1.71,0.5679,60105.13,146164.30,206269.43,0.2914,持有
2021-06-21,20.77,1.70,0.5538,59739.37,146164.30,205903.67,0.2901,持有
2021-06-22,20.91,1.71,0.5689,60129.51,146164.30,206293.81,0.2915,持有
2021-06-23,20.99,1.72,0.5755,60373.34,146164.30,206537.64,0.2923,持有
2021-06-24,21.20,1.74,0.5902,60958.55,146164.30,207122.85,0.2943,持有
2021-06-25,21.63,1.77,0.6235,62202.10,146164.30,208366.40,0.2985,持有
2021-06-28,21.31,1.75,0.5966,61275.53,146164.30,207439.83,0.2954,持有
2021-06-29,21.03,1.72,0.5775,60470.88,146164.30,206635.18,0.2926,持有
2021-06-30,21.14,1.73,0.5862,60812.25,146164.30,206976.55,0.2938,持有
2021-07-01,20.92,1.72,0.5679,60153.89,146164.30,206318.19,0.2916,持有
2021-07-02,20.05,1.64,0.4917,57666.78,146164.30,203831.08,0.2829,持有
2021-07-05,19.95,1.64,0.4798,57374.18,146164.30,203538.48,0.2819,持有
2021-07-06,20.08,1.65,0.4934,57739.93,146164.30,203904.23,0.2832,持有
2021-07-07,20.04,1.64,0.4904,57642.40,146164.30,203806.70,0.2828,持有
2021-07-08,20.01,1.64,0.4863,57544.87,146164.30,203709.17,0.2825,持有
2021-07-09,19.93,1.63,0.4773,57325.42,146164.30,203489.72,0.2817,持有
2021-07-12,20.25,1.66,0.5094,58251.99,146164.30,204416.29,0.2850,持有
2021-07-13,20.11,1.65,0.4961,57837.47,146164.30,204001.77,0.2835,持有
2021-07-14,19.77,1.62,0.4609,56862.13,146164.30,203026.43,0.2801,持有
2021-07-15,20.07,1.65,0.4929,57715.55,146164.30,203879.85,0.2831,持有
2021-07-16,20.20,1.66,0.5055,58105.69,146164.30,204269.99,0.2845,持有
2021-07-19,20.18,1.65,0.5032,58032.54,146164.30,204196.84,0.2842,持有
2021-07-20,20.02,1.64,0.4867,57569.25,146164.30,203733.55,0.2826,持有
2021-07-21,20.20,1.66,0.5042,58081.30,146164.30,204245.60,0.2844,持有
2021-07-22,20.46,1.68,0.5277,58837.19,146164.30,205001.49,0.2870,持有
2021-07-23,20.55,1.69,0.5364,59105.41,146164.30,205269.71,0.2879,持有
2021-07-26,19.92,1.63,0.4755,57301.03,146164.30,203465.33,0.2816,持有
2021-07-27,19.42,1.59,0.4280,55862.41,146164.30,202026.71,0.2765,持有
2021-07-28,19.39,1.59,0.4250,55764.88,146164.30,201929.18,0.2762,持有
2021-07-29,19.52,1.60,0.4379,56130.63,146164.30,202294.93,0.2775,持有
2021-07-30,19.15,1.57,0.4025,55082.14,146164.30,201246.44,0.2737,持有
2021-08-02,19.73,1.62,0.4559,56740.21,146164.30,202904.51,0.2796,持有
2021-08-03,19.78,1.62,0.4614,56886.51,146164.30,203050.81,0.2802,持有
2021-08-04,19.72,1.62,0.4556,56715.83,146164.30,202880.13,0.2796,持有
2021-08-05,19.39,1.59,0.4244,55764.88,146164.30,201929.18,0.2762,持有
2021-08-06,19.57,1.60,0.4426,56276.93,146164.30,202441.23,0.2780,持有
2021-08-09,19.94,1.64,0.4794,57349.80,146164.30,203514.10,0.2818,持有
2021-08-10,20.15,1.65,0.5011,57959.39,146164.30,204123.69,0.2839,持有
2021-08-11,20.09,1.65,0.4956,57788.70,146164.30,203953.00,0.2833,持有
2021-08-12,20.13,1.65,0.5000,57886.23,146164.30,204050.53,0.2837,持有
2021-08-13,20.43,1.68,0.5272,58764.04,146164.30,204928.34,0.2868,持有
2021-08-16,20.36,1.67,0.5214,58544.59,146164.30,204708.89,0.2860,持有
2021-08-17,20.27,1.66,0.5135,58300.75,146164.30,204465.05,0.2851,持有
2021-08-18,21.41,1.76,0.6110,61568.13,146164.30,207732.43,0.2964,持有
2021-08-19,20.89,1.71,0.5704,60080.74,146164.30,206245.04,0.2913,持有
2021-08-20,20.89,1.67,0.5242,60080.71,146164.30,206245.01,0.2913,持有
2021-08-23,21.05,1.69,0.5388,60551.64,146164.30,206715.94,0.2929,持有
2021-08-24,21.67,1.73,0.5922,62311.43,146164.30,208475.73,0.2989,持有
2021-08-25,21.48,1.72,0.5780,61766.14,146164.30,207930.44,0.2971,持有
2021-08-26,21.18,1.70,0.5480,60923.42,146164.30,207087.72,0.2942,持有
2021-08-27,21.31,1.71,0.5597,61295.21,146164.30,207459.51,0.2955,持有
2021-08-30,20.98,1.68,0.5315,60328.57,146164.30,206492.87,0.2922,持有
2021-08-31,22.13,1.77,0.6276,63649.86,146164.30,209814.16,0.3034,持有
2021-09-01,23.17,1.85,0.7057,66648.94,146164.30,212813.24,0.3132,持有
2021-09-02,23.35,1.87,0.7149,67144.65,146164.30,213308.95,0.3148,持有
2021-09-03,22.92,1.83,0.6909,65905.36,146164.30,212069.66,0.3108,持有
2021-09-06,23.11,1.85,0.7015,66475.44,146164.30,212639.74,0.3126,持有
2021-09-07,23.40,1.87,0.7184,67293.37,146164.30,213457.67,0.3153,持有
2021-09-08,23.18,1.86,0.7059,66673.72,146164.30,212838.02,0.3133,持有
2021-09-09,23.04,1.84,0.6973,66252.36,146164.30,212416.66,0.3119,持有
2021-09-10,23.50,1.88,0.7229,67590.80,146164.30,213755.10,0.3162,持有
2021-09-13,23.43,1.88,0.7202,67392.51,146164.30,213556.81,0.3156,持有
2021-09-14,22.82,1.83,0.6836,65632.72,146164.30,211797.02,0.3099,持有
2021-09-15,22.61,1.81,0.6684,65037.86,146164.30,211202.16,0.3079,持有
2021-09-16,21.96,1.76,0.6110,63154.14,146164.30,209318.44,0.3017,持有
2021-09-17,22.36,1.79,0.6449,64319.07,146164.30,210483.37,0.3056,持有
2021-09-22,22.14,1.77,0.6263,63674.64,146164.30,209838.94,0.3034,持有
2021-09-23,22.58,1.81,0.6654,64938.72,146164.30,211103.02,0.3076,持有
2021-09-24,22.44,1.80,0.6512,64542.15,146164.30,210706.45,0.3063,持有
2021-09-27,22.11,1.77,0.6225,63575.50,146164.30,209739.80,0.3031,持有
2021-09-28,22.29,1.78,0.6386,64096.00,146164.30,210260.30,0.3048,持有
2021-09-29,22.07,1.77,0.6175,63476.36,146164.30,209640.66,0.3028,持有
2021-09-30,21.79,1.74,0.5965,62658.43,146164.30,208822.73,0.3001,持有
2021-10-08,22.19,1.78,0.6306,63823.36,146164.30,209987.66,0.3039,持有
2021-10-11,22.11,1.77,0.6228,63600.29,146164.30,209764.59,0.3032,持有
2021-10-12,21.42,1.71,0.5684,61617.43,146164.30,207781.73,0.2965,持有
2021-10-13,21.30,1.70,0.5540,61245.64,146164.30,207409.94,0.2953,持有
2021-10-14,21.34,1.71,0.5583,61369.57,146164.30,207533.87,0.2957,持有
2021-10-15,21.51,1.72,0.5765,61865.28,146164.30,208029.58,0.2974,持有
2021-10-18,21.53,1.72,0.5780,61914.86,146164.30,208079.15,0.2976,持有
2021-10-19,21.59,1.73,0.5830,62088.36,146164.30,208252.66,0.2981,持有
2021-10-20,21.55,1.72,0.5790,61964.43,146164.30,208128.73,0.2977,持有
2021-10-21,21.68,1.74,0.5902,62361.00,146164.30,208525.30,0.2991,持有
2021-10-22,21.94,1.76,0.6091,63104.57,146164.30,209268.87,0.3015,持有
2021-10-25,22.11,1.77,0.6231,63575.50,146164.30,209739.80,0.3031,持有
2021-10-26,21.77,1.74,0.5955,62608.86,146164.30,208773.16,0.2999,持有
2021-10-27,21.26,1.70,0.5500,61146.50,146164.30,207310.80,0.2950,持有
2021-10-28,21.33,1.71,0.5567,61344.78,146164.30,207509.08,0.2956,持有
2021-10-29,22.30,1.73,0.5862,64145.57,146164.30,210309.87,0.3050,持有
2021-11-01,22.39,1.74,0.5936,64393.43,146164.30,210557.73,0.3058,持有
2021-11-02,22.00,1.71,0.5599,63278.07,146164.30,209442.37,0.3021,持有
2021-11-03,21.88,1.70,0.5470,62931.07,146164.30,209095.37,0.3010,持有
2021-11-04,21.92,1.70,0.5499,63055.00,146164.30,209219.30,0.3014,持有
2021-11-05,21.86,1.70,0.5435,62856.71,146164.30,209021.01,0.3007,持有
2021-11-08,21.94,1.70,0.5519,63104.57,146164.30,209268.87,0.3015,持有
2021-11-09,22.05,1.71,0.5638,63402.00,146164.30,209566.30,0.3025,持有
2021-11-10,21.55,1.67,0.5171,61989.21,146164.30,208153.51,0.2978,持有
2021-11-11,22.19,1.72,0.5786,63823.36,146164.30,209987.66,0.3039,持有
2021-11-12,21.84,1.70,0.5405,62807.14,146164.30,208971.44,0.3006,持有
2021-11-15,21.73,1.69,0.5320,62509.71,146164.30,208674.01,0.2996,持有
2021-11-16,20.69,1.61,0.4361,59510.64,146164.30,205674.94,0.2893,持有
2021-11-17,20.72,1.61,0.4374,59584.99,146164.30,205749.29,0.2896,持有
2021-11-18,20.75,1.61,0.4403,59684.14,146164.30,205848.44,0.2899,持有
2021-11-19,20.94,1.63,0.4580,60229.42,146164.30,206393.72,0.2918,持有
2021-11-22,20.93,1.63,0.4569,60204.64,146164.30,206368.94,0.2917,持有
2021-11-23,20.86,1.62,0.4495,60006.35,146164.30,206170.65,0.2911,持有
2021-11-24,20.85,1.62,0.4486,59956.78,146164.30,206121.08,0.2909,持有
2021-11-25,20.76,1.61,0.4406,59708.92,146164.30,205873.22,0.2900,持有
2021-11-26,20.61,1.60,0.4281,59287.56,146164.30,205451.86,0.2886,持有
2021-11-29,20.51,1.59,0.4187,58990.13,146164.30,205154.43,0.2875,持有
2021-11-30,20.49,1.59,0.4151,58915.78,146164.30,205080.08,0.2873,持有
2021-12-01,20.88,1.62,0.4534,60055.92,146164.30,206220.22,0.2912,持有
2021-12-02,21.03,1.63,0.4679,60477.28,146164.30,206641.58,0.2927,持有
2021-12-03,21.36,1.66,0.5021,61419.14,146164.30,207583.44,0.2959,持有
2021-12-06,22.33,1.73,0.5930,64219.93,146164.30,210384.23,0.3053,持有
2021-12-07,22.54,1.75,0.6065,64814.79,146164.30,210979.09,0.3072,持有
2021-12-08,22.83,1.77,0.6316,65657.51,146164.30,211821.81,0.3100,持有
2021-12-09,23.17,1.80,0.6622,66624.15,146164.30,212788.45,0.3131,持有
2021-12-10,22.79,1.77,0.6271,65533.58,146164.30,211697.88,0.3096,持有
2021-12-13,22.98,1.79,0.6464,66103.65,146164.30,212267.95,0.3114,持有
2021-12-14,22.68,1.76,0.6171,65236.15,146164.30,211400.45,0.3086,持有
2021-12-15,22.75,1.77,0.6217,65434.43,146164.30,211598.73,0.3092,持有
2021-12-16,22.97,1.78,0.6447,66054.08,146164.30,212218.38,0.3113,持有
2021-12-17,22.66,1.76,0.6158,65161.79,146164.30,211326.09,0.3083,持有
2021-12-20,22.30,1.73,0.5872,64145.57,146164.30,210309.87,0.3050,持有
2021-12-21,22.50,1.75,0.6020,64715.65,146164.30,210879.95,0.3069,持有
2021-12-22,22.30,1.73,0.5868,64145.57,146164.30,210309.87,0.3050,持有
2021-12-23,22.35,1.74,0.5921,64269.50,146164.30,210433.80,0.3054,持有
2021-12-24,22.14,1.72,0.5742,63674.64,146164.30,209838.94,0.3034,持有
2021-12-27,22.41,1.74,0.5968,64443.00,146164.30,210607.30,0.3060,持有
2021-12-28,22.45,1.74,0.5997,64566.93,146164.30,210731.23,0.3064,持有
2021-12-29,22.30,1.73,0.5862,64145.57,146164.30,210309.87,0.3050,持有
2021-12-30,22.73,1.77,0.6210,65360.08,146164.30,211524.38,0.3090,持有
2021-12-31,22.76,1.77,0.6253,65459.22,146164.30,211623.52,0.3093,持有
2022-01-04,22.79,1.77,0.6281,65533.58,146164.30,211697.88,0.3096,持有
2022-01-05,22.36,1.74,0.5922,64294.29,146164.30,210458.59,0.3055,持有
2022-01-06,21.91,1.70,0.5471,63005.43,146164.30,209169.73,0.3012,持有
2022-01-07,22.17,1.72,0.5744,63749.00,146164.30,209913.30,0.3037,持有
2022-01-10,22.26,1.73,0.5831,64021.65,146164.30,210185.95,0.3046,持有
2022-01-11,22.37,1.74,0.5931,64343.86,146164.30,210508.16,0.3057,持有
2022-01-12,22.55,1.75,0.6068,64864.36,146164.30,211028.66,0.3074,持有
2022-01-13,22.72,1.76,0.6198,65335.29,146164.30,211499.59,0.3089,持有
2022-01-14,21.57,1.68,0.5154,62038.78,146164.30,208203.08,0.2980,持有
2022-01-17,22.12,1.72,0.5702,63625.07,146164.30,209789.37,0.3033,持有
2022-01-18,22.15,1.72,0.5724,63699.43,146164.30,209863.73,0.3035,持有
2022-01-19,22.15,1.72,0.5722,63699.43,146164.30,209863.73,0.3035,持有
2022-01-20,22.15,1.72,0.5720,63699.43,146164.30,209863.73,0.3035,持有
2022-01-21,22.15,1.72,0.5718,63699.43,146164.30,209863.73,0.3035,持有
2022-01-24,22.15,1.72,0.5716,63699.43,146164.30,209863.73,0.3035,持有
2022-01-25,22.15,1.72,0.5714,63699.43,146164.30,209863.73,0.3035,持有
2022-01-26,22.15,1.72,0.5712,63699.43,146164.30,209863.73,0.3035,持有
2022-01-27,22.08,1.81,0.6786,63489.11,146164.30,209653.41,0.3028,持有
2022-01-28,22.49,1.84,0.7061,64672.14,146164.30,210836.44,0.3067,持有
2022-02-07,23.11,1.90,0.7394,66459.82,146164.30,212624.12,0.3126,持有
2022-02-08,23.19,1.90,0.7428,66696.43,146164.30,212860.73,0.3133,持有
2022-02-09,23.14,1.90,0.7412,66538.69,146164.30,212702.99,0.3128,持有
2022-02-10,23.15,1.90,0.7416,66591.27,146164.30,212755.57,0.3130,持有
2022-02-11,23.48,1.93,0.7576,67537.69,146164.30,213701.99,0.3160,持有
2022-02-14,22.67,1.86,0.7162,65197.93,146164.30,211362.23,0.3085,持有
2022-02-15,22.57,1.85,0.7088,64908.74,146164.30,211073.04,0.3075,持有
2022-02-16,22.43,1.84,0.6998,64514.40,146164.30,210678.70,0.3062,持有
2022-02-17,22.22,1.82,0.6878,63909.74,146164.30,210074.04,0.3042,持有
2022-02-18,22.52,1.85,0.7058,64777.30,146164.30,210941.60,0.3071,持有
2022-02-21,22.41,1.84,0.6988,64461.82,146164.30,210626.12,0.3060,持有
2022-02-22,21.97,1.80,0.6645,63173.64,146164.30,209337.94,0.3018,持有
2022-02-23,22.17,1.82,0.6835,63752.01,146164.30,209916.31,0.3037,持有
2022-02-24,21.44,1.76,0.6139,61675.14,146164.30,207839.44,0.2967,持有
2022-02-25,21.32,1.75,0.6016,61307.08,146164.30,207471.38,0.2955,持有
2022-02-28,21.33,1.75,0.6021,61333.37,146164.30,207497.67,0.2956,持有
2022-03-01,21.36,1.75,0.6066,61438.53,146164.30,207602.83,0.2959,持有
2022-03-02,21.08,1.73,0.5798,60623.56,146164.30,206787.86,0.2932,持有
2022-03-03,21.21,1.74,0.5931,60991.61,146164.30,207155.91,0.2944,持有
2022-03-04,20.78,1.74,0.5976,59756.00,146164.30,205920.30,0.2902,持有
2022-03-07,19.87,1.67,0.5027,57153.35,146164.30,203317.65,0.2811,持有
2022-03-08,19.29,1.62,0.4401,55470.82,146164.30,201635.12,0.2751,持有
2022-03-09,18.98,1.59,0.4101,54576.98,146164.30,200741.28,0.2719,持有
2022-03-10,18.89,1.59,0.3999,54314.08,146164.30,200478.38,0.2709,持有
2022-03-11,19.10,1.60,0.4222,54945.03,146164.30,201109.33,0.2732,持有
2022-03-14,18.76,1.57,0.3872,53946.03,146164.30,200110.33,0.2696,持有
2022-03-15,17.93,1.51,0.2979,51553.68,146164.30,197717.98,0.2607,持有
2022-03-16,19.04,1.60,0.4161,54761.00,146164.30,200925.30,0.2725,持有
2022-03-17,18.94,1.59,0.4052,54471.82,146164.30,200636.12,0.2715,持有
2022-03-18,19.61,1.65,0.4784,56390.95,146164.30,202555.25,0.2784,持有
2022-03-21,19.02,1.60,0.4157,54708.42,146164.30,200872.72,0.2724,持有
2022-03-22,19.06,1.60,0.4189,54813.58,146164.30,200977.88,0.2727,持有
2022-03-23,19.05,1.60,0.4174,54787.29,146164.30,200951.59,0.2726,持有
2022-03-24,18.90,1.59,0.4005,54366.66,146164.30,200530.96,0.2711,持有
2022-03-25,18.62,1.56,0.3753,53551.69,146164.30,199715.99,0.2681,持有
2022-03-28,18.70,1.57,0.3819,53788.29,146164.30,199952.59,0.2690,持有
2022-03-29,18.51,1.51,0.3086,53236.21,146164.30,199400.51,0.2670,持有
2022-03-30,19.26,1.57,0.3860,55391.95,146164.30,201556.25,0.2748,持有
2022-03-31,19.10,1.56,0.3735,54945.03,146164.30,201109.33,0.2732,持有
2022-04-01,19.31,1.58,0.3917,55523.40,146164.30,201687.70,0.2753,持有
2022-04-06,19.31,1.58,0.3916,55523.40,146164.30,201687.70,0.2753,持有
2022-04-07,18.90,1.54,0.3525,54366.66,146164.30,200530.96,0.2711,持有
2022-04-08,19.27,1.57,0.3873,55418.24,146164.30,201582.54,0.2749,持有
2022-04-11,18.71,1.53,0.3302,53814.58,146164.30,199978.88,0.2691,持有
2022-04-12,19.29,1.58,0.3901,55470.82,146164.30,201635.12,0.2751,持有
2022-04-13,18.92,1.55,0.3556,54419.24,146164.30,200583.54,0.2713,持有
2022-04-14,19.17,1.57,0.3785,55129.05,146164.30,201293.35,0.2739,持有
2022-04-15,19.09,1.56,0.3714,54892.45,146164.30,201056.75,0.2730,持有
2022-04-18,18.55,1.52,0.3104,53341.37,146164.30,199505.67,0.2674,持有
2022-04-19,18.48,1.51,0.3043,53157.34,146164.30,199321.64,0.2667,持有
2022-04-20,18.20,1.49,0.2733,52342.37,146164.30,198506.67,0.2637,持有
2022-04-21,18.14,1.48,0.2689,52158.34,146164.30,198322.64,0.2630,持有
2022-04-22,18.17,1.49,0.2721,52263.50,146164.30,198427.80,0.2634,持有
2022-04-25,17.58,1.44,0.2026,50554.68,146164.30,196718.98,0.2570,持有
2022-04-26,16.76,1.37,0.0969,48188.63,146164.30,194352.93,0.2479,买入(补至100%)
2022-04-27,17.19,1.41,0.1447,49450.53,146164.30,195614.83,0.2528,持有
2022-04-28,17.16,1.40,0.1387,49345.37,146164.30,195509.67,0.2524,持有
2022-04-29,18.00,1.27,0.0083,51764.00,146164.30,197928.30,0.2615,持有
2022-05-05,17.72,1.25,0.0046,50949.03,146164.30,197113.33,0.2585,持有
2022-05-06,17.19,1.21,0.0007,49424.24,146164.30,195588.54,0.2527,持有
2022-05-09,17.12,1.20,0.0007,49240.21,146164.30,195404.51,0.2520,持有
2022-05-10,17.38,1.22,0.0020,49976.32,146164.30,196140.62,0.2548,持有
2022-05-11,17.49,1.23,0.0030,50291.79,146164.30,196456.09,0.2560,持有
2022-05-12,17.45,1.23,0.0026,50186.63,146164.30,196350.93,0.2556,持有
2022-05-13,17.63,1.24,0.0040,50712.42,146164.30,196876.72,0.2576,持有
2022-05-16,17.43,1.23,0.0026,50134.05,146164.30,196298.35,0.2554,持有
2022-05-17,17.66,1.24,0.0056,50791.29,146164.30,196955.59,0.2579,持有
2022-05-18,17.84,1.25,0.0086,51317.08,146164.30,197481.38,0.2599,持有
2022-05-19,17.71,1.25,0.0066,50922.74,146164.30,197087.04,0.2584,持有
2022-05-20,18.05,1.27,0.0145,51921.74,146164.30,198086.04,0.2621,持有
2022-05-23,18.01,1.27,0.0129,51790.29,146164.30,197954.59,0.2616,持有
2022-05-24,17.59,1.24,0.0040,50580.97,146164.30,196745.27,0.2571,持有
2022-05-25,17.65,1.24,0.0053,50765.00,146164.30,196929.30,0.2578,持有
2022-05-26,17.93,1.26,0.0115,51579.97,146164.30,197744.27,0.2608,持有
2022-05-27,17.93,1.26,0.0115,51553.68,146164.30,197717.98,0.2607,持有
2022-05-30,17.82,1.25,0.0096,51264.50,146164.30,197428.80,0.2597,持有
2022-05-31,18.09,1.27,0.0208,52026.90,146164.30,198191.20,0.2625,持有
2022-06-01,17.93,1.26,0.0119,51553.68,146164.30,197717.98,0.2607,持有
2022-06-02,17.99,1.27,0.0138,51737.71,146164.30,197902.01,0.2614,持有
2022-06-06,18.25,1.28,0.0280,52473.82,146164.30,198638.12,0.2642,持有
2022-06-07,18.38,1.29,0.0379,52868.16,146164.30,199032.46,0.2656,持有
2022-06-08,18.61,1.31,0.0517,53525.40,146164.30,199689.70,0.2680,持有
2022-06-09,18.49,1.30,0.0434,53183.63,146164.30,199347.93,0.2668,持有
2022-06-10,19.00,1.34,0.0668,54655.84,146164.30,200820.14,0.2722,持有
2022-06-13,18.53,1.30,0.0457,53288.79,146164.30,199453.09,0.2672,持有
2022-06-14,19.30,1.36,0.0891,55497.11,146164.30,201661.41,0.2752,持有
2022-06-15,19.99,1.41,0.1537,57495.11,146164.30,203659.41,0.2823,持有
2022-06-16,19.03,1.34,0.0690,54734.71,146164.30,200899.01,0.2724,持有
2022-06-17,19.03,1.34,0.0689,54734.71,146164.30,200899.01,0.2724,持有
2022-06-20,18.94,1.33,0.0640,54471.82,146164.30,200636.12,0.2715,持有
2022-06-21,19.21,1.35,0.0817,55234.21,146164.30,201398.51,0.2743,持有
2022-06-22,18.98,1.33,0.0653,54576.98,146164.30,200741.28,0.2719,持有
2022-06-23,19.90,1.40,0.1456,57232.21,146164.30,203396.51,0.2814,持有
2022-06-24,19.77,1.39,0.1324,56864.16,146164.30,203028.46,0.2801,持有
2022-06-27,19.93,1.40,0.1484,57311.08,146164.30,203475.38,0.2817,持有
2022-06-28,19.88,1.40,0.1435,57179.63,146164.30,203343.93,0.2812,持有
2022-06-29,19.57,1.38,0.1143,56285.79,146164.30,202450.09,0.2780,持有
2022-06-30,19.80,1.39,0.1355,56943.03,146164.30,203107.33,0.2804,持有
2022-07-01,19.51,1.37,0.1109,56101.77,146164.30,202266.07,0.2774,持有
2022-07-04,19.60,1.38,0.1168,56364.66,146164.30,202528.96,0.2783,持有
2022-07-05,19.34,1.36,0.0932,55628.55,146164.30,201792.85,0.2757,持有
2022-07-06,19.12,1.34,0.0742,54997.61,146164.30,201161.91,0.2734,持有
2022-07-07,19.10,1.34,0.0732,54918.74,146164.30,201083.04,0.2731,持有
2022-07-08,18.89,1.33,0.0631,54340.37,146164.30,200504.67,0.2710,持有
2022-07-11,18.46,1.30,0.0421,53104.76,146164.30,199269.06,0.2665,持有
2022-07-12,18.48,1.30,0.0428,53157.34,146164.30,199321.64,0.2667,持有
2022-07-13,18.48,1.30,0.0428,53157.34,146164.30,199321.64,0.2667,持有
2022-07-14,18.30,1.29,0.0323,52631.55,146164.30,198795.85,0.2648,持有
2022-07-15,17.89,1.26,0.0111,51448.53,146164.30,197612.83,0.2604,持有
2022-07-18,18.16,1.28,0.0238,52237.21,146164.30,198401.51,0.2633,持有
2022-07-19,18.25,1.28,0.0284,52473.82,146164.30,198638.12,0.2642,持有
2022-07-20,18.26,1.28,0.0313,52526.40,146164.30,198690.70,0.2644,持有
2022-07-21,18.07,1.27,0.0215,51974.32,146164.30,198138.62,0.2623,持有
2022-07-22,18.17,1.28,0.0244,52263.50,146164.30,198427.80,0.2634,持有
2022-07-25,17.97,1.26,0.0137,51685.13,146164.30,197849.43,0.2612,持有
2022-07-26,18.13,1.27,0.0238,52132.05,146164.30,198296.35,0.2629,持有
2022-07-27,18.11,1.27,0.0231,52079.47,146164.30,198243.77,0.2627,持有
2022-07-28,18.16,1.28,0.0250,52237.21,146164.30,198401.51,0.2633,持有
2022-07-29,17.92,1.26,0.0117,51527.39,146164.30,197691.69,0.2606,持有
2022-08-01,17.68,1.24,0.0068,50843.87,146164.30,197008.17,0.2581,持有
2022-08-02,17.19,1.21,0.0010,49424.24,146164.30,195588.54,0.2527,持有
2022-08-03,17.14,1.21,0.0010,49292.79,146164.30,195457.09,0.2522,持有
2022-08-04,17.22,1.21,0.0019,49529.39,146164.30,195693.69,0.2531,持有
2022-08-05,17.64,1.24,0.0062,50738.71,146164.30,196903.01,0.2577,持有
2022-08-08,17.76,1.25,0.0101,51080.47,146164.30,197244.77,0.2590,持有
2022-08-09,17.72,1.25,0.0097,50949.03,146164.30,197113.33,0.2585,持有
2022-08-10,17.81,1.25,0.0110,51211.92,146164.30,197376.22,0.2595,持有
2022-08-11,18.44,1.30,0.0467,53025.90,146164.30,199190.20,0.2662,持有
2022-08-12,18.34,1.29,0.0402,52736.71,146164.30,198901.01,0.2651,持有
2022-08-15,18.24,1.28,0.0330,52447.53,146164.30,198611.83,0.2641,持有
2022-08-16,18.23,1.28,0.0324,52421.24,146164.30,198585.54,0.2640,持有
2022-08-17,18.46,1.30,0.0495,53104.76,146164.30,199269.06,0.2665,持有
2022-08-18,18.30,1.29,0.0388,52631.55,146164.30,198795.85,0.2648,持有
2022-08-19,18.26,1.28,0.0366,52526.40,146164.30,198690.70,0.2644,持有
2022-08-22,18.24,1.28,0.0333,52447.53,146164.30,198611.83,0.2641,持有
2022-08-23,18.19,1.28,0.0291,52316.08,146164.30,198480.38,0.2636,持有
2022-08-24,17.86,1.26,0.0126,51369.66,146164.30,197533.96,0.2601,持有
2022-08-25,18.39,1.29,0.0472,52894.45,146164.30,199058.75,0.2657,持有
2022-08-26,18.22,1.25,0.0103,52408.18,146164.30,198572.48,0.2639,持有
2022-08-29,18.19,1.25,0.0087,52327.14,146164.30,198491.44,0.2636,持有
2022-08-30,18.08,1.25,0.0100,52002.96,146164.30,198167.26,0.2624,持有
2022-08-31,18.34,1.26,0.0177,52732.36,146164.30,198896.66,0.2651,持有
2022-09-01,18.13,1.25,0.0113,52138.04,146164.30,198302.34,0.2629,持有
2022-09-02,18.07,1.24,0.0087,51975.95,146164.30,198140.25,0.2623,持有
2022-09-05,18.10,1.25,0.0113,52056.99,146164.30,198221.29,0.2626,持有
2022-09-06,18.30,1.26,0.0171,52624.30,146164.30,198788.60,0.2647,持有
2022-09-07,18.19,1.25,0.0139,52327.14,146164.30,198491.44,0.2636,持有
2022-09-08,18.14,1.25,0.0126,52165.05,146164.30,198329.35,0.2630,持有
2022-09-09,18.58,1.28,0.0338,53434.73,146164.30,199599.03,0.2677,持有
2022-09-13,18.63,1.28,0.0386,53569.81,146164.30,199734.11,0.2682,持有
2022-09-14,18.39,1.27,0.0222,52894.44,146164.30,199058.74,0.2657,持有
2022-09-15,18.34,1.26,0.0199,52759.37,146164.30,198923.67,0.2652,持有
2022-09-16,17.30,1.19,0.0000,49760.76,146164.30,195925.06,0.2540,持有
2022-09-19,17.30,1.19,0.0000,49760.76,146164.30,195925.06,0.2540,持有
2022-09-20,17.30,1.19,0.0000,49760.76,146164.30,195925.06,0.2540,持有
2022-09-21,17.31,1.19,0.0010,49787.77,146164.30,195952.07,0.2541,持有
2022-09-22,17.27,1.19,0.0000,49679.71,146164.30,195844.01,0.2537,持有
2022-09-23,17.25,1.19,0.0000,49598.67,146164.30,195762.97,0.2534,持有
2022-09-26,16.93,1.17,0.0000,48680.18,146164.30,194844.48,0.2498,持有
2022-09-27,16.97,1.17,0.0003,48815.25,146164.30,194979.55,0.2504,持有
2022-09-28,16.64,1.15,0.0000,47869.74,146164.30,194034.04,0.2467,持有
2022-09-29,16.34,1.13,0.0000,47005.28,146164.30,193169.58,0.2433,持有
2022-09-30,16.36,1.13,0.0003,47059.31,146164.30,193223.61,0.2435,持有
2022-10-10,16.28,1.12,0.0000,46816.18,146164.30,192980.47,0.2426,持有
2022-10-11,16.33,1.13,0.0003,46978.26,146164.30,193142.56,0.2432,持有
2022-10-12,16.71,1.15,0.0016,48058.84,146164.30,194223.14,0.2474,持有
2022-10-13,16.64,1.15,0.0013,47842.73,146164.30,194007.03,0.2466,持有
2022-10-14,16.97,1.17,0.0026,48815.25,146164.30,194979.55,0.2504,持有
2022-10-17,17.08,1.18,0.0032,49112.41,146164.30,195276.71,0.2515,持有
2022-10-18,17.07,1.18,0.0032,49085.40,146164.30,195249.70,0.2514,持有
2022-10-19,17.00,1.17,0.0032,48896.29,146164.30,195060.59,0.2507,持有
2022-10-20,17.00,1.17,0.0032,48896.29,146164.30,195060.59,0.2507,持有
2022-10-21,17.10,1.18,0.0045,49166.44,146164.30,195330.74,0.2517,持有
2022-10-24,16.68,1.15,0.0019,47977.80,146164.30,194142.10,0.2471,持有
2022-10-25,16.47,1.13,0.0013,47356.47,146164.30,193520.77,0.2447,持有
2022-10-26,16.47,1.13,0.0013,47356.47,146164.30,193520.77,0.2447,持有
2022-10-27,16.53,1.14,0.0019,47545.57,146164.30,193709.87,0.2454,持有
2022-10-28,16.17,1.11,0.0000,46519.02,146164.30,192683.32,0.2414,持有
2022-10-31,16.17,1.09,0.0000,46492.00,146164.30,192656.30,0.2413,持有
2022-11-01,16.81,1.13,0.0019,48356.00,146164.30,194520.30,0.2486,持有
2022-11-02,16.82,1.13,0.0022,48383.02,146164.30,194547.32,0.2487,持有
2022-11-03,16.65,1.12,0.0006,47896.76,146164.30,194061.06,0.2468,持有
2022-11-04,17.14,1.15,0.0048,49301.51,146164.30,195465.81,0.2522,持有
2022-11-07,17.16,1.15,0.0054,49355.54,146164.30,195519.84,0.2524,持有
2022-11-08,17.17,1.15,0.0057,49382.56,146164.30,195546.85,0.2525,持有
2022-11-09,17.14,1.15,0.0048,49301.51,146164.30,195465.81,0.2522,持有
2022-11-10,17.31,1.16,0.0064,49787.77,146164.30,195952.07,0.2541,持有
2022-11-11,17.81,1.20,0.0111,51219.54,146164.30,197383.84,0.2595,持有
2022-11-14,18.03,1.21,0.0134,51867.89,146164.30,198032.19,0.2619,持有
2022-11-15,18.60,1.25,0.0235,53488.76,146164.30,199653.06,0.2679,持有
2022-11-16,18.25,1.23,0.0152,52489.23,146164.30,198653.53,0.2642,持有
2022-11-17,18.28,1.23,0.0159,52570.27,146164.30,198734.57,0.2645,持有
2022-11-18,17.99,1.21,0.0127,51732.82,146164.30,197897.12,0.2614,持有
2022-11-21,17.71,1.19,0.0095,50922.38,146164.30,197086.68,0.2584,持有
2022-11-22,18.00,1.21,0.0133,51759.83,146164.30,197924.13,0.2615,持有
2022-11-23,18.05,1.21,0.0149,51921.92,146164.30,198086.22,0.2621,持有
2022-11-24,17.94,1.20,0.0127,51597.75,146164.30,197762.05,0.2609,持有
2022-11-25,18.18,1.22,0.0162,52273.11,146164.30,198437.41,0.2634,持有
2022-11-28,17.86,1.20,0.0120,51354.62,146164.30,197518.92,0.2600,持有
2022-11-29,18.54,1.24,0.0231,53326.68,146164.30,199490.98,0.2673,持有
2022-11-30,18.62,1.25,0.0279,53542.79,146164.30,199707.09,0.2681,持有
2022-12-01,18.76,1.26,0.0323,53948.01,146164.30,200112.31,0.2696,持有
2022-12-02,18.63,1.25,0.0282,53569.81,146164.30,199734.11,0.2682,持有
2022-12-05,19.57,1.31,0.0826,56271.26,146164.30,202435.56,0.2780,持有
2022-12-06,19.63,1.32,0.0857,56460.36,146164.30,202624.66,0.2786,持有
2022-12-07,19.34,1.30,0.0708,55622.91,146164.30,201787.21,0.2757,持有
2022-12-08,19.27,1.29,0.0667,55406.79,146164.30,201571.09,0.2749,持有
2022-12-09,19.39,1.30,0.0739,55757.98,146164.30,201922.28,0.2761,持有
2022-12-12,19.01,1.28,0.0467,54677.40,146164.30,200841.70,0.2722,持有
2022-12-13,19.07,1.28,0.0505,54839.49,146164.30,201003.79,0.2728,持有
2022-12-14,19.29,1.30,0.0688,55487.84,146164.30,201652.14,0.2752,持有
2022-12-15,19.04,1.28,0.0489,54758.45,146164.30,200922.75,0.2725,持有
2022-12-16,19.17,1.29,0.0612,55136.65,146164.30,201300.95,0.2739,持有
2022-12-19,18.75,1.26,0.0322,53921.00,146164.30,200085.30,0.2695,持有
2022-12-20,18.51,1.24,0.0224,53245.63,146164.30,199409.93,0.2670,持有
2022-12-21,18.54,1.24,0.0233,53326.68,146164.30,199490.98,0.2673,持有
2022-12-22,18.66,1.25,0.0296,53677.86,146164.30,199842.16,0.2686,持有
2022-12-23,18.59,1.25,0.0271,53461.75,146164.30,199626.05,0.2678,持有
2022-12-26,18.48,1.24,0.0202,53137.57,146164.30,199301.87,0.2666,持有
2022-12-27,18.92,1.27,0.0456,54407.26,146164.30,200571.56,0.2713,持有
2022-12-28,18.83,1.26,0.0381,54164.13,146164.30,200328.43,0.2704,持有
2022-12-29,18.58,1.25,0.0274,53434.73,146164.30,199599.03,0.2677,持有
2022-12-30,18.70,1.26,0.0324,53785.92,146164.30,199950.22,0.2690,持有
2023-01-03,18.69,1.25,0.0324,53758.91,146164.30,199923.21,0.2689,持有
2023-01-04,18.93,1.27,0.0475,54434.27,146164.30,200598.57,0.2714,持有
2023-01-05,19.20,1.29,0.0666,55217.69,146164.30,201381.99,0.2742,持有
2023-01-06,19.17,1.29,0.0647,55136.65,146164.30,201300.95,0.2739,持有
2023-01-09,19.40,1.30,0.0807,55785.00,146164.30,201949.30,0.2762,持有
2023-01-10,19.20,1.29,0.0669,55217.69,146164.30,201381.99,0.2742,持有
2023-01-11,19.11,1.28,0.0584,54947.55,146164.30,201111.85,0.2732,持有
2023-01-12,19.22,1.29,0.0684,55271.72,146164.30,201436.02,0.2744,持有
2023-01-13,19.49,1.31,0.0884,56055.14,146164.30,202219.44,0.2772,持有
2023-01-16,20.23,1.36,0.1285,58189.29,146164.30,204353.59,0.2847,持有
2023-01-17,20.32,1.36,0.1369,58432.42,146164.30,204596.72,0.2856,持有
2023-01-18,20.08,1.35,0.1172,57757.06,146164.30,203921.36,0.2832,持有
2023-01-19,20.31,1.36,0.1365,58405.41,146164.30,204569.71,0.2855,持有
2023-01-20,20.35,1.37,0.1412,58540.48,146164.30,204704.78,0.2860,持有
2023-01-30,20.30,1.36,0.1346,58378.39,146164.30,204542.69,0.2854,持有
2023-01-31,20.11,1.35,0.1186,57838.10,146164.30,204002.40,0.2835,持有
2023-02-01,20.75,1.39,0.1742,59675.09,146164.30,205839.39,0.2899,持有
2023-02-02,20.13,1.35,0.1210,57892.13,146164.30,204056.43,0.2837,持有
2023-02-03,20.06,1.35,0.1150,57703.03,146164.30,203867.33,0.2830,持有
2023-02-06,19.58,1.31,0.0916,56325.29,146164.30,202489.59,0.2782,持有
2023-02-07,19.63,1.32,0.0934,56460.36,146164.30,202624.66,0.2786,持有
2023-02-08,19.60,1.32,0.0921,56379.32,146164.30,202543.62,0.2784,持有
2023-02-09,19.89,1.33,0.1040,57189.75,146164.30,203354.05,0.2812,持有
2023-02-10,19.69,1.32,0.0968,56622.45,146164.30,202786.75,0.2792,持有
2023-02-13,19.66,1.32,0.0961,56541.40,146164.30,202705.70,0.2789,持有
2023-02-14,19.65,1.32,0.0954,56514.39,146164.30,202678.69,0.2788,持有
2023-02-15,19.49,1.31,0.0879,56055.14,146164.30,202219.44,0.2772,持有
2023-02-16,19.32,1.30,0.0757,55568.88,146164.30,201733.18,0.2755,持有
2023-02-17,19.01,1.28,0.0499,54677.40,146164.30,200841.70,0.2722,持有
2023-02-20,19.76,1.33,0.1022,56838.56,146164.30,203002.86,0.2800,持有
2023-02-21,19.81,1.33,0.1037,56973.64,146164.30,203137.94,0.2805,持有
2023-02-22,19.54,1.31,0.0903,56190.22,146164.30,202354.52,0.2777,持有
2023-02-23,19.75,1.33,0.1021,56811.55,146164.30,202975.85,0.2799,持有
2023-02-24,19.34,1.30,0.0775,55622.91,146164.30,201787.21,0.2757,持有
2023-02-27,19.20,1.29,0.0669,55217.69,146164.30,201381.99,0.2742,持有
2023-02-28,19.40,1.30,0.0821,55785.00,146164.30,201949.30,0.2762,持有
2023-03-01,19.63,1.32,0.0954,56460.36,146164.30,202624.66,0.2786,持有
2023-03-02,19.61,1.32,0.0948,56406.33,146164.30,202570.63,0.2785,持有
2023-03-03,19.89,1.33,0.1081,57189.75,146164.30,203354.05,0.2812,持有
2023-03-06,19.43,1.30,0.0857,55893.06,146164.30,202057.36,0.2766,持有
2023-03-07,19.27,1.29,0.0726,55406.79,146164.30,201571.09,0.2749,持有
2023-03-08,19.12,1.28,0.0605,55001.58,146164.30,201165.88,0.2734,持有
2023-03-09,19.05,1.28,0.0524,54785.46,146164.30,200949.76,0.2726,持有
2023-03-10,18.78,1.26,0.0360,54002.04,146164.30,200166.34,0.2698,持有
2023-03-13,18.91,1.27,0.0425,54380.24,146164.30,200544.54,0.2712,持有
2023-03-14,18.65,1.25,0.0301,53650.85,146164.30,199815.15,0.2685,持有
2023-03-15,18.83,1.26,0.0390,54164.13,146164.30,200328.43,0.2704,持有
2023-03-16,18.70,1.26,0.0325,53785.92,146164.30,199950.22,0.2690,持有
2023-03-17,18.94,1.27,0.0489,54461.29,146164.30,200625.59,0.2715,持有
2023-03-20,18.83,1.26,0.0393,54164.13,146164.30,200328.43,0.2704,持有
2023-03-21,18.98,1.27,0.0511,54596.36,146164.30,200760.66,0.2719,持有
2023-03-22,19.07,1.28,0.0566,54839.49,146164.30,201003.79,0.2728,持有
2023-03-23,19.25,1.29,0.0745,55352.77,146164.30,201517.07,0.2747,持有
2023-03-24,19.27,1.29,0.0776,55433.81,146164.30,201598.11,0.2750,持有
2023-03-27,19.16,1.29,0.0668,55109.63,146164.30,201273.93,0.2738,持有
2023-03-28,19.15,1.29,0.0664,55082.62,146164.30,201246.92,0.2737,持有
2023-03-29,18.98,1.27,0.0510,54596.36,146164.30,200760.66,0.2719,持有
2023-03-30,19.24,1.29,0.0750,55325.75,146164.30,201490.05,0.2746,持有
2023-03-31,19.24,1.27,0.0426,55325.75,146164.30,201490.05,0.2746,持有
2023-04-03,19.73,1.30,0.0858,56730.51,146164.30,202894.81,0.2796,持有
2023-04-04,19.79,1.30,0.0913,56919.61,146164.30,203083.91,0.2803,持有
2023-04-06,19.62,1.29,0.0783,56433.35,146164.30,202597.65,0.2785,持有
2023-04-07,19.89,1.31,0.0974,57189.75,146164.30,203354.05,0.2812,持有
2023-04-10,19.84,1.31,0.0949,57054.68,146164.30,203218.98,0.2808,持有
2023-04-11,20.04,1.32,0.1066,57649.00,146164.30,203813.30,0.2829,持有
2023-04-12,20.04,1.32,0.1066,57649.00,146164.30,203813.30,0.2829,持有
2023-04-13,19.67,1.30,0.0813,56568.42,146164.30,202732.72,0.2790,持有
2023-04-14,19.68,1.30,0.0822,56595.43,146164.30,202759.73,0.2791,持有
2023-04-17,20.46,1.35,0.1308,58837.64,146164.30,205001.94,0.2870,持有
2023-04-18,20.41,1.35,0.1258,58702.57,146164.30,204866.87,0.2865,持有
2023-04-19,20.18,1.33,0.1141,58027.20,146164.30,204191.50,0.2842,持有
2023-04-20,20.24,1.33,0.1156,58216.31,146164.30,204380.61,0.2848,持有
2023-04-21,19.55,1.29,0.0704,56217.23,146164.30,202381.53,0.2778,持有
2023-04-24,19.37,1.28,0.0532,55703.95,146164.30,201868.25,0.2759,持有
2023-04-25,19.46,1.28,0.0618,55974.10,146164.30,202138.40,0.2769,持有
2023-04-26,19.38,1.28,0.0544,55730.97,146164.30,201895.27,0.2760,持有
2023-04-27,19.75,1.30,0.0900,56811.55,146164.30,202975.85,0.2799,持有
2023-04-28,19.74,1.27,0.0503,56784.54,146164.30,202948.84,0.2798,持有
2023-05-04,19.98,1.29,0.0715,57459.90,146164.30,203624.20,0.2822,持有
2023-05-05,20.60,1.33,0.1144,59242.86,146164.30,205407.16,0.2884,持有
2023-05-08,21.31,1.37,0.1687,61295.96,146164.30,207460.26,0.2955,持有
2023-05-09,21.36,1.38,0.1704,61431.03,146164.30,207595.33,0.2959,持有
2023-05-10,20.56,1.33,0.1128,59134.80,146164.30,205299.10,0.2880,持有
2023-05-11,20.48,1.32,0.1081,58891.67,146164.30,205055.97,0.2872,持有
2023-05-12,20.20,1.30,0.0910,58081.23,146164.30,204245.53,0.2844,持有
2023-05-15,20.50,1.32,0.1099,58945.70,146164.30,205110.00,0.2874,持有
2023-05-16,20.48,1.32,0.1084,58891.67,146164.30,205055.97,0.2872,持有
2023-05-17,20.35,1.31,0.1007,58513.47,146164.30,204677.77,0.2859,持有
2023-05-18,20.35,1.31,0.1009,58540.48,146164.30,204704.78,0.2860,持有
2023-05-19,20.00,1.29,0.0731,57513.93,146164.30,203678.23,0.2824,持有
2023-05-22,20.01,1.29,0.0740,57540.94,146164.30,203705.24,0.2825,持有
2023-05-23,19.58,1.26,0.0376,56325.29,146164.30,202489.59,0.2782,持有
2023-05-24,19.05,1.23,0.0183,54785.46,146164.30,200949.76,0.2726,持有
2023-05-25,19.09,1.23,0.0189,54893.52,146164.30,201057.82,0.2730,持有
2023-05-26,19.13,1.23,0.0192,55028.59,146164.30,201192.89,0.2735,持有
2023-05-29,19.11,1.23,0.0192,54974.56,146164.30,201138.86,0.2733,持有
2023-05-30,19.12,1.23,0.0195,55001.58,146164.30,201165.88,0.2734,持有
2023-05-31,18.83,1.21,0.0156,54164.13,146164.30,200328.43,0.2704,持有
2023-06-01,18.88,1.22,0.0159,54299.20,146164.30,200463.50,0.2709,持有
2023-06-02,18.96,1.22,0.0171,54542.33,146164.30,200706.63,0.2718,持有
2023-06-05,18.79,1.21,0.0149,54029.05,146164.30,200193.35,0.2699,持有
2023-06-06,18.63,1.20,0.0119,53569.81,146164.30,199734.11,0.2682,持有
2023-06-07,18.66,1.20,0.0125,53677.86,146164.30,199842.16,0.2686,持有
2023-06-08,18.97,1.22,0.0183,54569.34,146164.30,200733.64,0.2718,持有
2023-06-09,18.96,1.22,0.0180,54515.32,146164.30,200679.62,0.2717,持有
2023-06-12,18.65,1.20,0.0122,53623.84,146164.30,199788.14,0.2684,持有
2023-06-13,18.77,1.21,0.0152,53975.02,146164.30,200139.32,0.2697,持有
2023-06-14,18.79,1.21,0.0161,54029.05,146164.30,200193.35,0.2699,持有
2023-06-15,19.07,1.23,0.0219,54839.49,146164.30,201003.79,0.2728,持有
2023-06-16,19.15,1.23,0.0237,55082.62,146164.30,201246.92,0.2737,持有
2023-06-19,18.93,1.22,0.0185,54434.27,146164.30,200598.57,0.2714,持有
2023-06-20,18.84,1.21,0.0176,54191.14,146164.30,200355.44,0.2705,持有
2023-06-21,18.65,1.20,0.0121,53623.84,146164.30,199788.14,0.2684,持有
2023-06-26,18.12,1.17,0.0067,52111.02,146164.30,198275.32,0.2628,持有
2023-06-27,18.31,1.18,0.0091,52651.31,146164.30,198815.61,0.2648,持有
2023-06-28,18.32,1.18,0.0094,52678.33,146164.30,198842.63,0.2649,持有
2023-06-29,18.26,1.18,0.0088,52516.24,146164.30,198680.54,0.2643,持有
2023-06-30,18.58,1.20,0.0124,53434.73,146164.30,199599.03,0.2677,持有
2023-07-03,19.01,1.23,0.0230,54677.40,146164.30,200841.70,0.2722,持有
2023-07-04,19.05,1.23,0.0242,54785.46,146164.30,200949.76,0.2726,持有
2023-07-05,18.93,1.22,0.0206,54434.27,146164.30,200598.57,0.2714,持有
2023-07-06,18.83,1.21,0.0191,54164.13,146164.30,200328.43,0.2704,持有
2023-07-07,18.91,1.22,0.0206,54380.24,146164.30,200544.54,0.2712,持有
2023-07-10,18.90,1.22,0.0206,54353.23,146164.30,200517.53,0.2711,持有
2023-07-11,19.01,1.23,0.0242,54677.40,146164.30,200841.70,0.2722,持有
2023-07-12,18.86,1.22,0.0200,54245.17,146164.30,200409.47,0.2707,持有
2023-07-13,19.23,1.24,0.0293,55298.74,146164.30,201463.04,0.2745,持有
2023-07-14,19.26,1.24,0.0317,55379.78,146164.30,201544.08,0.2748,持有
2023-07-17,19.05,1.23,0.0260,54785.46,146164.30,200949.76,0.2726,持有
2023-07-18,19.06,1.23,0.0269,54812.47,146164.30,200976.77,0.2727,持有
2023-07-19,19.17,1.24,0.0293,55136.65,146164.30,201300.95,0.2739,持有
2023-07-20,19.07,1.23,0.0272,54839.49,146164.30,201003.79,0.2728,持有
2023-07-21,19.12,1.23,0.0287,55001.58,146164.30,201165.88,0.2734,持有
2023-07-24,19.15,1.23,0.0296,55082.62,146164.30,201246.92,0.2737,持有
2023-07-25,20.27,1.31,0.1092,58297.35,146164.30,204461.65,0.2851,持有
2023-07-26,20.46,1.32,0.1200,58837.64,146164.30,205001.94,0.2870,持有
2023-07-27,20.21,1.30,0.1049,58135.26,146164.30,204299.56,0.2846,持有
2023-07-28,22.23,1.43,0.2719,63943.39,146164.30,210107.68,0.3043,持有
2023-07-31,22.64,1.46,0.3097,65105.01,146164.30,211269.31,0.3082,持有
2023-08-01,22.23,1.43,0.2717,63943.39,146164.30,210107.68,0.3043,持有
2023-08-02,22.40,1.44,0.2897,64429.65,146164.30,210593.95,0.3059,持有
2023-08-03,22.95,1.48,0.3359,65996.49,146164.30,212160.79,0.3111,持有
2023-08-04,23.20,1.50,0.3536,66725.88,146164.30,212890.18,0.3134,持有
2023-08-07,23.27,1.50,0.3595,66914.98,146164.30,213079.28,0.3140,持有
2023-08-08,23.39,1.51,0.3672,67266.17,146164.30,213430.47,0.3152,持有
2023-08-09,23.40,1.51,0.3683,67293.19,146164.30,213457.49,0.3153,持有
2023-08-10,23.67,1.53,0.3907,68076.61,146164.30,214240.91,0.3178,持有
2023-08-11,22.64,1.46,0.3095,65105.01,146164.30,211269.31,0.3082,持有
2023-08-14,22.31,1.44,0.2788,64159.50,146164.30,210323.80,0.3051,持有
2023-08-15,22.65,1.46,0.3111,65132.02,146164.30,211296.32,0.3082,持有
2023-08-16,22.55,1.45,0.3023,64861.88,146164.30,211026.18,0.3074,持有
2023-08-17,22.50,1.45,0.2977,64699.79,146164.30,210864.09,0.3068,持有
2023-08-18,22.52,1.45,0.2994,64753.82,146164.30,210918.12,0.3070,持有
2023-08-21,21.55,1.39,0.1986,61971.32,146164.30,208135.62,0.2977,持有
2023-08-22,21.81,1.41,0.2240,62727.73,146164.30,208892.03,0.3003,持有
2023-08-23,21.42,1.38,0.1885,61593.12,146164.30,207757.42,0.2965,持有
2023-08-24,22.13,1.43,0.2601,63646.23,146164.30,209810.53,0.3034,持有
2023-08-25,22.48,1.42,0.2466,64639.43,146164.30,210803.73,0.3066,持有
2023-08-28,22.82,1.44,0.2836,65632.61,146164.30,211796.91,0.3099,持有
2023-08-29,22.43,1.42,0.2413,64501.49,146164.30,210665.79,0.3062,持有
2023-08-30,21.64,1.37,0.1757,62239.24,146164.30,208403.54,0.2986,持有
2023-08-31,21.30,1.35,0.1460,61246.07,146164.30,207410.37,0.2953,持有
2023-09-01,21.47,1.36,0.1597,61742.65,146164.30,207906.95,0.2970,持有
2023-09-04,21.65,1.37,0.1767,62266.83,146164.30,208431.13,0.2987,持有
2023-09-05,21.47,1.36,0.1596,61742.65,146164.30,207906.95,0.2970,持有
2023-09-06,21.23,1.34,0.1402,61052.95,146164.30,207217.25,0.2946,持有
2023-09-07,21.22,1.34,0.1398,61025.36,146164.30,207189.66,0.2945,持有
2023-09-08,21.34,1.35,0.1505,61384.01,146164.30,207548.31,0.2958,持有
2023-09-11,21.68,1.37,0.1809,62349.60,146164.30,208513.90,0.2990,持有
2023-09-12,21.48,1.36,0.1618,61770.24,146164.30,207934.54,0.2971,持有
2023-09-13,21.37,1.35,0.1540,61466.77,146164.30,207631.07,0.2960,持有
2023-09-14,21.38,1.35,0.1545,61494.36,146164.30,207658.66,0.2961,持有
2023-09-15,21.15,1.34,0.1366,60832.24,146164.30,206996.54,0.2939,持有
2023-09-18,21.24,1.34,0.1410,61080.54,146164.30,207244.84,0.2947,持有
2023-09-19,21.12,1.34,0.1344,60749.48,146164.30,206913.78,0.2936,持有
2023-09-20,21.01,1.33,0.1284,60418.42,146164.30,206582.72,0.2925,持有
2023-09-21,20.84,1.32,0.1200,59949.41,146164.30,206113.71,0.2909,持有
2023-09-22,21.69,1.37,0.1843,62377.19,146164.30,208541.49,0.2991,持有
2023-09-25,21.01,1.33,0.1286,60418.42,146164.30,206582.72,0.2925,持有
2023-09-26,21.08,1.33,0.1321,60639.12,146164.30,206803.42,0.2932,持有
2023-09-27,21.13,1.34,0.1360,60777.06,146164.30,206941.36,0.2937,持有
2023-09-28,20.78,1.32,0.1145,59756.30,146164.30,205920.60,0.2902,持有
2023-10-09,20.80,1.32,0.1154,59811.47,146164.30,205975.77,0.2904,持有
2023-10-10,20.56,1.30,0.0993,59121.76,146164.30,205286.06,0.2880,持有
2023-10-11,20.63,1.31,0.1064,59342.47,146164.30,205506.77,0.2888,持有
2023-10-12,20.87,1.32,0.1227,60032.18,146164.30,206196.48,0.2911,持有
2023-10-13,20.64,1.31,0.1075,59370.06,146164.30,205534.36,0.2889,持有
2023-10-16,20.63,1.31,0.1063,59342.47,146164.30,205506.77,0.2888,持有
2023-10-17,21.06,1.33,0.1327,60556.36,146164.30,206720.66,0.2929,持有
2023-10-18,20.97,1.33,0.1291,60308.06,146164.30,206472.36,0.2921,持有
2023-10-19,20.68,1.31,0.1121,59480.41,146164.30,205644.71,0.2892,持有
2023-10-20,20.65,1.31,0.1091,59397.65,146164.30,205561.95,0.2890,持有
2023-10-23,20.32,1.29,0.0786,58432.06,146164.30,204596.36,0.2856,持有
2023-10-24,20.74,1.31,0.1141,59645.94,146164.30,205810.24,0.2898,持有
2023-10-25,20.95,1.33,0.1292,60252.89,146164.30,206417.19,0.2919,持有
2023-10-26,20.91,1.32,0.1268,60142.53,146164.30,206306.83,0.2915,持有
2023-10-27,21.13,1.34,0.1398,60777.06,146164.30,206941.36,0.2937,持有
2023-10-30,20.72,1.31,0.1131,59590.77,146164.30,205755.07,0.2896,持有
2023-10-31,20.83,1.29,0.0914,59894.24,146164.30,206058.54,0.2907,持有
2023-11-01,20.84,1.29,0.0923,59949.41,146164.30,206113.71,0.2909,持有
2023-11-02,20.65,1.28,0.0731,59397.65,146164.30,205561.95,0.2890,持有
2023-11-03,20.97,1.30,0.1032,60308.06,146164.30,206472.36,0.2921,持有
2023-11-06,21.90,1.36,0.1709,62984.13,146164.30,209148.43,0.3011,持有
2023-11-07,21.86,1.36,0.1670,62873.78,146164.30,209038.08,0.3008,持有
2023-11-08,21.66,1.35,0.1498,62294.42,146164.30,208458.72,0.2988,持有
2023-11-09,21.54,1.34,0.1429,61963.36,146164.30,208127.66,0.2977,持有
2023-11-10,21.54,1.34,0.1429,61963.36,146164.30,208127.66,0.2977,持有
2023-11-13,21.38,1.33,0.1325,61494.36,146164.30,207658.66,0.2961,持有
2023-11-14,21.70,1.35,0.1549,62404.77,146164.30,208569.07,0.2992,持有
2023-11-15,21.68,1.35,0.1528,62349.60,146164.30,208513.90,0.2990,持有
2023-11-16,21.52,1.34,0.1404,61880.60,146164.30,208044.90,0.2974,持有
2023-11-17,21.60,1.34,0.1462,62128.89,146164.30,208293.19,0.2983,持有
2023-11-20,21.44,1.33,0.1350,61659.89,146164.30,207824.19,0.2967,持有
2023-11-21,21.53,1.34,0.1411,61908.18,146164.30,208072.48,0.2975,持有
2023-11-22,21.31,1.32,0.1275,61273.65,146164.30,207437.95,0.2954,持有
2023-11-23,21.33,1.33,0.1293,61356.42,146164.30,207520.72,0.2957,持有
2023-11-24,21.15,1.31,0.1166,60832.24,146164.30,206996.54,0.2939,持有
2023-11-27,20.81,1.29,0.0886,59839.06,146164.30,206003.36,0.2905,持有
2023-11-28,20.73,1.29,0.0815,59618.35,146164.30,205782.65,0.2897,持有
2023-11-29,20.53,1.28,0.0629,59039.00,146164.30,205203.30,0.2877,持有
2023-11-30,20.58,1.28,0.0665,59176.94,146164.30,205341.24,0.2882,持有
2023-12-01,20.68,1.28,0.0773,59480.41,146164.30,205644.71,0.2892,持有
2023-12-04,20.54,1.28,0.0632,59066.59,146164.30,205230.89,0.2878,持有
2023-12-05,20.27,1.26,0.0458,58294.12,146164.30,204458.42,0.2851,持有
2023-12-06,20.10,1.25,0.0385,57797.53,146164.30,203961.83,0.2834,持有
2023-12-07,20.17,1.25,0.0417,58018.23,146164.30,204182.53,0.2841,持有
2023-12-08,20.10,1.25,0.0385,57797.53,146164.30,203961.83,0.2834,持有
2023-12-12,20.27,1.26,0.0467,58294.12,146164.30,204458.42,0.2851,持有
2023-12-13,19.87,1.23,0.0287,57135.41,146164.30,203299.71,0.2810,持有
2023-12-14,19.66,1.22,0.0217,56556.05,146164.30,202720.35,0.2790,持有
2023-12-15,19.63,1.22,0.0208,56445.70,146164.30,202610.00,0.2786,持有
2023-12-18,19.61,1.22,0.0199,56390.52,146164.30,202554.82,0.2784,持有
2023-12-19,19.80,1.23,0.0281,56942.29,146164.30,203106.59,0.2804,持有
2023-12-20,19.34,1.20,0.0132,55618.05,146164.30,201782.35,0.2756,持有
2023-12-21,19.44,1.21,0.0158,55921.52,146164.30,202085.82,0.2767,持有
2023-12-22,19.45,1.21,0.0170,55949.11,146164.30,202113.41,0.2768,持有
2023-12-25,19.19,1.19,0.0114,55204.22,146164.30,201368.52,0.2741,持有
2023-12-26,19.04,1.18,0.0097,54762.81,146164.30,200927.11,0.2726,持有
2023-12-27,19.09,1.19,0.0099,54900.75,146164.30,201065.05,0.2730,持有
2023-12-28,19.54,1.21,0.0202,56197.40,146164.30,202361.70,0.2777,持有
2023-12-29,19.54,1.21,0.0202,56197.40,146164.30,202361.70,0.2777,持有
2024-01-02,19.25,1.20,0.0129,55369.75,146164.30,201534.05,0.2747,持有
2024-01-03,19.36,1.20,0.0152,55673.22,146164.30,201837.52,0.2758,持有
2024-01-04,19.19,1.19,0.0120,55176.64,146164.30,201340.94,0.2740,持有
2024-01-05,18.98,1.18,0.0091,54597.28,146164.30,200761.58,0.2720,持有
2024-01-08,18.63,1.16,0.0058,53576.51,146164.30,199740.81,0.2682,持有
2024-01-09,18.67,1.16,0.0061,53686.87,146164.30,199851.17,0.2686,持有
2024-01-10,18.67,1.16,0.0061,53686.87,146164.30,199851.17,0.2686,持有
2024-01-11,18.80,1.17,0.0073,54073.10,146164.30,200237.40,0.2700,持有
2024-01-12,18.72,1.16,0.0070,53852.40,146164.30,200016.70,0.2692,持有
2024-01-15,18.69,1.16,0.0067,53742.04,146164.30,199906.34,0.2688,持有
2024-01-16,18.78,1.17,0.0079,54017.93,146164.30,200182.23,0.2698,持有
2024-01-17,18.44,1.15,0.0035,53024.75,146164.30,199189.05,0.2662,持有
2024-01-18,18.70,1.16,0.0073,53769.63,146164.30,199933.93,0.2689,持有
2024-01-19,18.68,1.16,0.0070,53714.45,146164.30,199878.75,0.2687,持有
2024-01-22,18.35,1.14,0.0035,52776.45,146164.30,198940.75,0.2653,持有
2024-01-23,18.97,1.18,0.0122,54569.69,146164.30,200733.99,0.2719,持有
2024-01-24,19.68,1.22,0.0300,56611.23,146164.30,202775.53,0.2792,持有
2024-01-25,19.72,1.23,0.0314,56721.58,146164.30,202885.88,0.2796,持有
2024-01-26,19.98,1.24,0.0407,57466.47,146164.30,203630.77,0.2822,持有
2024-01-29,19.74,1.23,0.0325,56776.76,146164.30,202941.06,0.2798,持有
2024-01-30,19.61,1.22,0.0267,56390.52,146164.30,202554.82,0.2784,持有
2024-01-31,19.66,1.22,0.0293,56556.05,146164.30,202720.35,0.2790,持有
2024-02-01,19.61,1.22,0.0267,56390.52,146164.30,202554.82,0.2784,持有
2024-02-02,19.36,1.20,0.0192,55673.22,146164.30,201837.52,0.2758,持有
2024-02-05,19.36,1.20,0.0192,55673.22,146164.30,201837.52,0.2758,持有
2024-02-06,20.28,1.26,0.0580,58321.70,146164.30,204486.00,0.2852,持有
2024-02-07,20.32,1.26,0.0606,58432.06,146164.30,204596.36,0.2856,持有
2024-02-08,20.38,1.27,0.0649,58625.17,146164.30,204789.47,0.2863,持有
2024-02-19,20.00,1.24,0.0441,57521.64,146164.30,203685.94,0.2824,持有
2024-02-20,20.13,1.25,0.0516,57907.88,146164.30,204072.18,0.2838,持有
2024-02-21,20.51,1.27,0.0747,58983.82,146164.30,205148.12,0.2875,持有
2024-02-22,20.84,1.29,0.1066,59949.41,146164.30,206113.71,0.2909,持有
2024-02-23,20.64,1.28,0.0860,59370.06,146164.30,205534.36,0.2889,持有
2024-02-26,20.47,1.27,0.0729,58873.47,146164.30,205037.77,0.2871,持有
2024-02-27,20.59,1.28,0.0807,59204.53,146164.30,205368.83,0.2883,持有
2024-02-28,20.14,1.25,0.0518,57935.47,146164.30,204099.77,0.2839,持有
2024-02-29,20.43,1.27,0.0677,58763.12,146164.30,204927.42,0.2868,持有
2024-03-01,20.45,1.27,0.0723,58818.29,146164.30,204982.59,0.2869,持有
2024-03-04,20.30,1.26,0.0607,58376.88,146164.30,204541.18,0.2854,持有
2024-03-05,20.32,1.26,0.0615,58432.06,146164.30,204596.36,0.2856,持有
2024-03-06,20.24,1.26,0.0563,58211.35,146164.30,204375.65,0.2848,持有
2024-03-07,19.96,1.24,0.0410,57411.29,146164.30,203575.59,0.2820,持有
2024-03-08,19.95,1.24,0.0404,57383.70,146164.30,203548.00,0.2819,持有
2024-03-11,20.33,1.26,0.0629,58459.64,146164.30,204623.94,0.2857,持有
2024-03-12,20.53,1.28,0.0788,59039.00,146164.30,205203.30,0.2877,持有
2024-03-13,20.21,1.26,0.0562,58128.59,146164.30,204292.89,0.2845,持有
2024-03-14,19.95,1.24,0.0404,57383.70,146164.30,203548.00,0.2819,持有
2024-03-15,20.02,1.24,0.0455,57576.82,146164.30,203741.12,0.2826,持有
2024-03-18,20.39,1.27,0.0686,58652.76,146164.30,204817.06,0.2864,持有
2024-03-19,19.98,1.24,0.0429,57466.47,146164.30,203630.77,0.2822,持有
2024-03-20,19.99,1.24,0.0446,57494.05,146164.30,203658.35,0.2823,持有
2024-03-21,19.98,1.24,0.0429,57466.47,146164.30,203630.77,0.2822,持有
2024-03-22,19.66,1.22,0.0299,56556.05,146164.30,202720.35,0.2790,持有
2024-03-25,18.71,1.16,0.0081,53797.22,146164.30,199961.52,0.2690,持有
2024-03-26,18.80,1.17,0.0095,54073.10,146164.30,200237.40,0.2700,持有
2024-03-27,18.56,1.14,0.0032,53383.39,146164.30,199547.69,0.2675,持有
2024-03-28,18.52,1.14,0.0032,53273.04,146164.30,199437.34,0.2671,持有
2024-03-29,18.42,1.13,0.0023,52969.57,146164.30,199133.87,0.2660,持有
2024-04-01,18.62,1.14,0.0046,53548.92,146164.30,199713.22,0.2681,持有
2024-04-02,18.52,1.14,0.0034,53273.04,146164.30,199437.34,0.2671,持有
2024-04-03,18.38,1.13,0.0017,52859.22,146164.30,199023.52,0.2656,持有
2024-04-08,18.15,1.11,0.0003,52197.10,146164.30,198361.40,0.2631,持有
2024-04-09,18.16,1.11,0.0006,52224.69,146164.30,198388.99,0.2632,持有
2024-04-10,17.66,1.08,0.0000,50790.09,146164.30,196954.39,0.2579,持有
2024-04-11,17.59,1.08,0.0000,50596.97,146164.30,196761.27,0.2571,持有
2024-04-12,17.21,1.05,0.0000,49493.44,146164.30,195657.74,0.2530,持有
2024-04-15,17.02,1.04,0.0000,48941.68,146164.30,195105.98,0.2508,持有
2024-04-16,16.91,1.04,0.0000,48638.20,146164.30,194802.50,0.2497,持有
2024-04-17,17.36,1.06,0.0009,49934.85,146164.30,196099.15,0.2546,持有
2024-04-18,17.47,1.07,0.0011,50238.33,146164.30,196402.63,0.2558,持有
2024-04-19,17.39,1.07,0.0011,50017.62,146164.30,196181.92,0.2550,持有
2024-04-22,17.54,1.07,0.0017,50431.44,146164.30,196595.74,0.2565,持有
2024-04-23,17.53,1.07,0.0017,50403.86,146164.30,196568.16,0.2564,持有
2024-04-24,17.53,1.07,0.0017,50403.86,146164.30,196568.16,0.2564,持有
2024-04-25,17.44,1.07,0.0014,50155.56,146164.30,196319.86,0.2555,持有
2024-04-26,18.38,1.13,0.0057,52859.22,146164.30,199023.52,0.2656,持有
2024-04-29,18.59,1.12,0.0046,53466.16,146164.30,199630.46,0.2678,持有
2024-04-30,18.24,1.10,0.0037,52445.39,146164.30,198609.69,0.2641,持有
2024-05-06,18.43,1.11,0.0040,52997.16,146164.30,199161.46,0.2661,持有
2024-05-07,18.34,1.10,0.0040,52748.86,146164.30,198913.16,0.2652,持有
2024-05-08,18.01,1.08,0.0034,51810.86,146164.30,197975.16,0.2617,持有
2024-05-09,18.14,1.09,0.0040,52169.51,146164.30,198333.81,0.2630,持有
2024-05-10,18.28,1.10,0.0046,52583.33,146164.30,198747.63,0.2646,持有
2024-05-13,18.21,1.09,0.0043,52362.63,146164.30,198526.93,0.2638,持有
2024-05-14,18.24,1.10,0.0046,52445.39,146164.30,198609.69,0.2641,持有
2024-05-15,17.99,1.08,0.0031,51728.10,146164.30,197892.40,0.2614,持有
2024-05-16,18.01,1.08,0.0037,51810.86,146164.30,197975.16,0.2617,持有
2024-05-17,18.41,1.11,0.0063,52941.98,146164.30,199106.28,0.2659,持有
2024-05-20,18.50,1.11,0.0068,53217.86,146164.30,199382.16,0.2669,持有
2024-05-21,18.46,1.11,0.0068,53079.92,146164.30,199244.22,0.2664,持有
2024-05-22,18.52,1.11,0.0077,53273.04,146164.30,199437.34,0.2671,持有
2024-05-23,18.10,1.09,0.0046,52059.16,146164.30,198223.46,0.2626,持有
2024-05-24,17.83,1.07,0.0020,51286.68,146164.30,197450.98,0.2597,持有
2024-05-27,17.97,1.08,0.0034,51672.92,146164.30,197837.22,0.2612,持有
2024-05-28,17.86,1.07,0.0023,51369.45,146164.30,197533.75,0.2601,持有
2024-05-29,17.89,1.07,0.0034,51452.21,146164.30,197616.51,0.2604,持有
2024-05-30,17.80,1.07,0.0017,51203.92,146164.30,197368.22,0.2594,持有
2024-05-31,17.86,1.07,0.0026,51369.45,146164.30,197533.75,0.2601,持有
2024-06-03,17.68,1.06,0.0009,50845.27,146164.30,197009.57,0.2581,持有
2024-06-04,17.80,1.07,0.0020,51203.92,146164.30,197368.22,0.2594,持有
2024-06-05,17.78,1.07,0.0017,51148.74,146164.30,197313.04,0.2592,持有
2024-06-06,17.74,1.07,0.0014,51010.80,146164.30,197175.10,0.2587,持有
2024-06-07,17.63,1.06,0.0009,50707.33,146164.30,196871.63,0.2576,持有
2024-06-11,17.59,1.06,0.0009,50596.97,146164.30,196761.27,0.2571,持有
2024-06-12,17.54,1.05,0.0006,50431.44,146164.30,196595.74,0.2565,持有
2024-06-13,17.52,1.05,0.0006,50376.27,146164.30,196540.57,0.2563,持有
2024-06-14,17.87,1.07,0.0054,51397.04,146164.30,197561.34,0.2602,持有
2024-06-17,17.90,1.08,0.0068,51479.80,146164.30,197644.10,0.2605,持有
2024-06-18,17.95,1.08,0.0074,51617.74,146164.30,197782.04,0.2610,持有
2024-06-19,17.78,1.07,0.0031,51121.15,146164.30,197285.45,0.2591,持有
2024-06-20,17.63,1.06,0.0017,50707.33,146164.30,196871.63,0.2576,持有
2024-06-21,17.69,1.06,0.0025,50872.86,146164.30,197037.16,0.2582,持有
2024-06-24,17.67,1.06,0.0023,50817.68,146164.30,196981.98,0.2580,持有
2024-06-25,17.38,1.04,0.0006,49990.03,146164.30,196154.33,0.2549,持有
2024-06-26,17.65,1.06,0.0025,50762.50,146164.30,196926.80,0.2578,持有
2024-06-27,17.65,1.06,0.0025,50762.50,146164.30,196926.80,0.2578,持有
2024-06-28,17.49,1.05,0.0008,50293.50,146164.30,196457.80,0.2560,持有
2024-07-01,17.46,1.05,0.0008,50210.74,146164.30,196375.04,0.2557,持有
2024-07-02,17.45,1.05,0.0008,50183.15,146164.30,196347.45,0.2556,持有
2024-07-03,17.63,1.06,0.0028,50707.33,146164.30,196871.63,0.2576,持有
2024-07-04,17.31,1.04,0.0003,49769.32,146164.30,195933.62,0.2540,持有
2024-07-05,17.08,1.03,0.0000,49134.79,146164.30,195299.09,0.2516,持有
2024-07-08,16.79,1.01,0.0000,48279.56,146164.30,194443.86,0.2483,持有
2024-07-09,17.13,1.03,0.0006,49272.74,146164.30,195437.04,0.2521,持有
2024-07-10,17.43,1.05,0.0020,50127.97,146164.30,196292.27,0.2554,持有
2024-07-11,17.57,1.06,0.0039,50541.80,146164.30,196706.10,0.2569,持有
2024-07-12,17.61,1.06,0.0045,50652.15,146164.30,196816.45,0.2574,持有
2024-07-15,17.71,1.06,0.0070,50928.03,146164.30,197092.33,0.2584,持有
2024-07-16,17.97,1.08,0.0130,51672.92,146164.30,197837.22,0.2612,持有
2024-07-17,18.08,1.09,0.0149,52003.98,146164.30,198168.28,0.2624,持有
2024-07-18,18.20,1.09,0.0158,52335.04,146164.30,198499.34,0.2637,持有
2024-07-19,18.60,1.12,0.0200,53493.75,146164.30,199658.05,0.2679,持有
2024-07-22,19.37,1.16,0.0304,55700.81,146164.30,201865.11,0.2759,持有
2024-07-23,18.42,1.11,0.0177,52969.57,146164.30,199133.87,0.2660,持有
2024-07-24,18.11,1.09,0.0155,52086.74,146164.30,198251.04,0.2627,持有
2024-07-25,18.25,1.10,0.0171,52472.98,146164.30,198637.28,0.2642,持有
2024-07-26,18.48,1.11,0.0191,53135.10,146164.30,199299.40,0.2666,持有
2024-07-29,18.11,1.09,0.0155,52086.74,146164.30,198251.04,0.2627,持有
2024-07-30,18.15,1.09,0.0163,52197.10,146164.30,198361.40,0.2631,持有
2024-07-31,18.99,1.14,0.0270,54624.87,146164.30,200789.17,0.2721,持有
2024-08-01,18.78,1.13,0.0239,54017.93,146164.30,200182.23,0.2698,持有
2024-08-02,18.43,1.11,0.0191,52997.16,146164.30,199161.46,0.2661,持有
2024-08-05,18.34,1.10,0.0182,52748.86,146164.30,198913.16,0.2652,持有
2024-08-06,18.33,1.10,0.0182,52721.27,146164.30,198885.57,0.2651,持有
2024-08-07,18.20,1.09,0.0165,52335.04,146164.30,198499.34,0.2637,持有
2024-08-08,18.29,1.10,0.0185,52610.92,146164.30,198775.22,0.2647,持有
2024-08-09,18.12,1.09,0.0160,52114.33,146164.30,198278.63,0.2628,持有
2024-08-12,18.10,1.09,0.0151,52059.16,146164.30,198223.46,0.2626,持有
2024-08-13,18.28,1.10,0.0188,52583.33,146164.30,198747.63,0.2646,持有
2024-08-14,18.08,1.09,0.0148,52003.98,146164.30,198168.28,0.2624,持有
2024-08-15,18.37,1.10,0.0207,52831.63,146164.30,198995.93,0.2655,持有
2024-08-16,18.32,1.10,0.0199,52693.69,146164.30,198857.99,0.2650,持有
2024-08-19,18.26,1.10,0.0190,52528.16,146164.30,198692.46,0.2644,持有
2024-08-20,18.16,1.09,0.0173,52224.69,146164.30,198388.99,0.2632,持有
2024-08-21,18.15,1.09,0.0171,52197.10,146164.30,198361.40,0.2631,持有
2024-08-22,17.97,1.08,0.0129,51672.92,146164.30,197837.22,0.2612,持有
2024-08-23,18.32,1.10,0.0210,52693.69,146164.30,198857.99,0.2650,持有
2024-08-26,18.15,1.06,0.0070,52212.84,146164.30,198377.14,0.2632,持有
2024-08-27,18.15,1.06,0.0070,52212.84,146164.30,198377.14,0.2632,持有
2024-08-28,18.13,1.06,0.0064,52127.98,146164.30,198292.28,0.2629,持有
2024-08-29,18.48,1.09,0.0179,53146.22,146164.30,199310.52,0.2667,持有
2024-08-30,18.97,1.12,0.0276,54560.43,146164.30,200724.73,0.2718,持有
2024-09-02,18.61,1.10,0.0212,53513.91,146164.30,199678.21,0.2680,持有
2024-09-03,18.80,1.11,0.0254,54079.60,146164.30,200243.90,0.2701,持有
2024-09-04,18.80,1.11,0.0254,54079.60,146164.30,200243.90,0.2701,持有
2024-09-05,18.79,1.11,0.0251,54051.32,146164.30,200215.62,0.2700,持有
2024-09-06,18.74,1.11,0.0240,53909.89,146164.30,200074.19,0.2694,持有
2024-09-09,18.67,1.10,0.0228,53683.62,146164.30,199847.92,0.2686,持有
2024-09-10,18.57,1.10,0.0201,53400.78,146164.30,199565.08,0.2676,持有
2024-09-11,18.69,1.10,0.0242,53740.19,146164.30,199904.49,0.2688,持有
2024-09-12,18.57,1.10,0.0200,53400.78,146164.30,199565.08,0.2676,持有
2024-09-13,18.61,1.10,0.0217,53513.91,146164.30,199678.21,0.2680,持有
2024-09-18,18.63,1.10,0.0228,53570.48,146164.30,199734.78,0.2682,持有
2024-09-19,19.02,1.12,0.0312,54701.85,146164.30,200866.15,0.2723,持有
2024-09-20,18.97,1.12,0.0306,54560.43,146164.30,200724.73,0.2718,持有
2024-09-23,18.99,1.12,0.0311,54617.00,146164.30,200781.30,0.2720,持有
2024-09-24,20.48,1.21,0.0550,58887.93,146164.30,205052.23,0.2872,持有
2024-09-25,20.81,1.23,0.0681,59849.60,146164.30,206013.90,0.2905,持有
2024-09-26,22.11,1.30,0.1550,63583.13,146164.30,209747.43,0.3031,持有
2024-09-27,24.32,1.43,0.3257,69947.10,146164.30,216111.40,0.3237,持有
2024-09-30,26.75,1.58,0.4939,76933.32,146164.30,223097.62,0.3448,持有
2024-10-08,29.43,1.74,0.6592,84626.65,146164.30,230790.95,0.3667,持有
2024-10-09,29.85,1.76,0.6829,85842.88,146164.30,232007.18,0.3700,持有
2024-10-10,27.29,1.61,0.5262,78488.96,146164.30,224653.26,0.3494,持有
2024-10-11,27.70,1.63,0.5527,79676.90,146164.30,225841.20,0.3528,持有
2024-10-14,27.01,1.59,0.5085,77668.71,146164.30,223833.01,0.3470,持有
2024-10-15,26.28,1.55,0.4654,75575.68,146164.30,221739.98,0.3408,持有
2024-10-16,25.97,1.53,0.4428,74698.86,146164.30,220863.16,0.3382,持有
2024-10-17,25.73,1.52,0.4260,73991.75,146164.30,220156.05,0.3361,持有
2024-10-18,27.45,1.62,0.5361,78941.51,146164.30,225105.81,0.3507,持有
2024-10-21,27.01,1.59,0.5086,77668.71,146164.30,223833.01,0.3470,持有
2024-10-22,27.21,1.60,0.5237,78262.68,146164.30,224426.98,0.3487,持有
2024-10-23,27.11,1.60,0.5155,77979.84,146164.30,224144.14,0.3479,持有
2024-10-24,26.83,1.58,0.4963,77159.60,146164.30,223323.90,0.3455,持有
2024-10-25,27.05,1.60,0.5122,77781.85,146164.30,223946.15,0.3473,持有
2024-10-28,27.04,1.59,0.5112,77753.57,146164.30,223917.87,0.3472,持有
2024-10-29,26.78,1.58,0.4936,77018.18,146164.30,223182.47,0.3451,持有
2024-10-30,27.01,1.56,0.4750,77668.71,146164.30,223833.01,0.3470,持有
2024-10-31,27.65,1.60,0.5155,79535.48,146164.30,225699.78,0.3524,持有
2024-11-01,27.49,1.59,0.5032,79054.65,146164.30,225218.95,0.3510,持有
2024-11-04,28.58,1.65,0.5743,82194.20,146164.30,228358.50,0.3599,持有
2024-11-05,29.97,1.73,0.6561,86182.29,146164.30,232346.59,0.3709,持有
2024-11-06,30.57,1.77,0.6890,87907.63,146164.30,234071.93,0.3756,持有
2024-11-07,33.62,1.94,0.8094,96704.05,146164.30,242868.35,0.3982,卖出(降至30%)
2024-11-08,34.30,1.98,0.8249,74334.78,171606.52,245941.31,0.3022,持有
2024-11-11,34.30,1.98,0.8246,74334.78,171606.52,245941.31,0.3022,持有
2024-11-12,33.37,1.93,0.8024,72310.18,171606.52,243916.71,0.2965,持有
2024-11-13,32.38,1.87,0.7735,70157.72,171606.52,241764.24,0.2902,持有
2024-11-14,32.13,1.86,0.7647,69624.93,171606.52,241231.45,0.2886,持有
2024-11-15,30.62,1.77,0.6929,66342.94,171606.52,237949.47,0.2788,持有
2024-11-18,30.16,1.74,0.6663,65362.61,171606.52,236969.13,0.2758,持有
2024-11-19,30.78,1.78,0.7038,66705.24,171606.52,238311.76,0.2799,持有
2024-11-20,31.22,1.80,0.7265,67642.95,171606.52,239249.47,0.2827,持有
2024-11-21,31.36,1.81,0.7351,67962.62,171606.52,239569.15,0.2837,持有
2024-11-22,29.83,1.72,0.6466,64638.02,171606.52,236244.54,0.2736,持有
2024-11-25,29.17,1.69,0.6043,63210.14,171606.52,234816.67,0.2692,持有
2024-11-26,29.23,1.69,0.6067,63338.01,171606.52,234944.54,0.2696,持有
2024-11-27,29.78,1.72,0.6433,64531.46,171606.52,236137.98,0.2733,持有
2024-11-28,29.38,1.70,0.6151,63657.68,171606.52,235264.21,0.2706,持有
2024-11-29,30.24,1.75,0.6696,65533.10,171606.52,237139.63,0.2763,持有
2024-12-02,30.75,1.78,0.7013,66641.31,171606.52,238247.83,0.2797,持有
2024-12-03,30.57,1.77,0.6873,66236.39,171606.52,237842.91,0.2785,持有
2024-12-04,30.29,1.75,0.6726,65639.66,171606.52,237246.19,0.2767,持有
2024-12-05,30.39,1.76,0.6785,65852.78,171606.52,237459.30,0.2773,持有
2024-12-06,30.72,1.78,0.6999,66577.37,171606.52,238183.89,0.2795,持有
2024-12-09,30.61,1.77,0.6921,66321.63,171606.52,237928.16,0.2787,持有
2024-12-10,30.96,1.79,0.7130,67088.85,171606.52,238695.37,0.2811,持有
2024-12-11,30.82,1.78,0.7054,66790.49,171606.52,238397.01,0.2802,持有
2024-12-12,31.14,1.80,0.7233,67472.46,171606.52,239078.98,0.2822,持有
2024-12-13,29.92,1.73,0.6500,64829.82,171606.52,236436.35,0.2742,持有
2024-12-16,29.53,1.71,0.6238,63998.67,171606.52,235605.19,0.2716,持有
2024-12-17,29.73,1.72,0.6367,64424.90,171606.52,236031.43,0.2730,持有
2024-12-18,29.79,1.72,0.6423,64552.77,171606.52,236159.30,0.2733,持有
2024-12-19,29.83,1.72,0.6451,64638.02,171606.52,236244.54,0.2736,持有
2024-12-20,30.08,1.72,0.6461,65175.05,171606.52,236781.57,0.2753,持有
2024-12-23,29.66,1.70,0.6161,64272.82,171606.52,235879.35,0.2725,持有
2024-12-24,30.06,1.72,0.6446,65132.08,171606.52,236738.61,0.2751,持有
2024-12-25,29.83,1.71,0.6272,64638.01,171606.52,236244.53,0.2736,持有
2024-12-26,29.89,1.71,0.6320,64766.90,171606.52,236373.42,0.2740,持有
2024-12-27,29.96,1.72,0.6348,64917.27,171606.52,236523.79,0.2745,持有
2024-12-30,30.24,1.73,0.6567,65540.23,171606.52,237146.76,0.2764,持有
2024-12-31,28.92,1.66,0.5744,62661.70,171606.52,234268.23,0.2675,持有
2025-01-02,27.21,1.56,0.4689,58966.88,171606.52,230573.40,0.2557,持有
2025-01-03,26.74,1.53,0.4368,57935.76,171606.52,229542.29,0.2524,持有
2025-01-06,26.82,1.54,0.4444,58129.10,171606.52,229735.62,0.2530,持有
2025-01-07,26.92,1.54,0.4505,58343.91,171606.52,229950.44,0.2537,持有
2025-01-08,26.75,1.53,0.4373,57957.24,171606.52,229563.77,0.2525,持有
2025-01-09,26.66,1.53,0.4317,57763.91,171606.52,229370.43,0.2518,持有
2025-01-10,26.23,1.50,0.4025,56840.20,171606.52,228446.73,0.2488,持有
2025-01-13,26.28,1.51,0.4064,56947.61,171606.52,228554.13,0.2492,持有
2025-01-14,27.46,1.57,0.4823,59503.91,171606.52,231110.44,0.2575,持有
2025-01-15,27.13,1.56,0.4653,58795.02,171606.52,230401.55,0.2552,持有
2025-01-16,27.01,1.55,0.4573,58537.24,171606.52,230143.77,0.2544,持有
2025-01-17,27.07,1.55,0.4620,58666.13,171606.52,230272.66,0.2548,持有
2025-01-20,27.16,1.56,0.4674,58859.47,171606.52,230465.99,0.2554,持有
2025-01-21,27.18,1.56,0.4680,58902.43,171606.52,230508.96,0.2555,持有
2025-01-22,26.99,1.55,0.4560,58494.28,171606.52,230100.81,0.2542,持有
2025-01-23,27.21,1.56,0.4705,58966.88,171606.52,230573.40,0.2557,持有
2025-01-24,27.30,1.57,0.4755,59160.21,171606.52,230766.73,0.2564,持有
2025-01-27,26.70,1.53,0.4341,57849.83,171606.52,229456.36,0.2521,持有
2025-02-05,26.72,1.53,0.4348,57892.80,171606.52,229499.32,0.2523,持有
2025-02-06,27.13,1.56,0.4654,58795.02,171606.52,230401.55,0.2552,持有
2025-02-07,27.90,1.60,0.5133,60449.10,171606.52,232055.63,0.2605,持有
2025-02-10,27.91,1.60,0.5153,60470.58,171606.52,232077.11,0.2606,持有
2025-02-11,27.73,1.59,0.5011,60083.92,171606.52,231690.44,0.2593,持有
2025-02-12,28.02,1.61,0.5226,60728.36,171606.52,232334.89,0.2614,持有
2025-02-13,27.88,1.60,0.5119,60406.14,171606.52,232012.66,0.2604,持有
2025-02-14,27.99,1.61,0.5218,60663.92,171606.52,232270.44,0.2612,持有
2025-02-17,28.04,1.61,0.5244,60771.33,171606.52,232377.85,0.2615,持有
2025-02-18,27.30,1.57,0.4749,59160.21,171606.52,230766.73,0.2564,持有
2025-02-19,27.75,1.59,0.5024,60126.88,171606.52,231733.40,0.2595,持有
2025-02-20,27.65,1.59,0.4955,59912.06,171606.52,231518.59,0.2588,持有
2025-02-21,28.21,1.62,0.5333,61136.51,171606.52,232743.04,0.2627,持有
2025-02-24,28.10,1.61,0.5269,60900.22,171606.52,232506.74,0.2619,持有
2025-02-25,27.59,1.58,0.4913,59783.18,171606.52,231389.70,0.2584,持有
2025-02-26,28.20,1.62,0.5334,61115.03,171606.52,232721.56,0.2626,持有
2025-02-27,27.99,1.61,0.5216,60663.92,171606.52,232270.44,0.2612,持有
2025-02-28,27.09,1.55,0.4615,58709.10,171606.52,230315.62,0.2549,持有
2025-03-03,27.12,1.56,0.4630,58773.54,171606.52,230380.07,0.2551,持有
2025-03-04,27.12,1.56,0.4628,58773.54,171606.52,230380.07,0.2551,持有
2025-03-05,27.10,1.55,0.4616,58730.58,171606.52,230337.10,0.2550,持有
2025-03-06,27.76,1.59,0.5036,60148.36,171606.52,231754.89,0.2595,持有
2025-03-07,27.34,1.57,0.4773,59246.14,171606.52,230852.66,0.2566,持有
2025-03-10,27.00,1.55,0.4543,58515.76,171606.52,230122.29,0.2543,持有
2025-03-11,27.06,1.55,0.4590,58644.65,171606.52,230251.18,0.2547,持有
2025-03-12,27.06,1.55,0.4589,58644.65,171606.52,230251.18,0.2547,持有
2025-03-13,26.86,1.54,0.4442,58215.02,171606.52,229821.55,0.2533,持有
2025-03-14,27.83,1.60,0.5104,60298.73,171606.52,231905.26,0.2600,持有
2025-03-17,27.62,1.58,0.4941,59847.62,171606.52,231454.14,0.2586,持有
2025-03-18,27.71,1.59,0.4999,60040.95,171606.52,231647.48,0.2592,持有
2025-03-19,27.69,1.59,0.4984,59997.99,171606.52,231604.52,0.2591,持有
2025-03-20,27.44,1.57,0.4813,59460.95,171606.52,231067.48,0.2573,持有
2025-03-21,26.85,1.54,0.4426,58193.54,171606.52,229800.06,0.2532,持有
2025-03-24,26.95,1.55,0.4495,58408.36,171606.52,230014.88,0.2539,持有
2025-03-25,26.79,1.54,0.4360,58043.17,171606.52,229649.69,0.2527,持有
2025-03-26,26.75,1.53,0.4329,57957.24,171606.52,229563.77,0.2525,持有
2025-03-27,26.67,1.52,0.4185,57785.39,171606.52,229391.91,0.2519,持有
2025-03-28,26.57,1.51,0.4095,57570.57,171606.52,229177.10,0.2512,持有
2025-03-31,26.29,1.50,0.3906,56969.09,171606.52,228575.62,0.2492,持有
2025-04-01,26.21,1.49,0.3856,56797.24,171606.52,228403.76,0.2487,持有
2025-04-02,26.31,1.50,0.3939,57012.05,171606.52,228618.58,0.2494,持有
2025-04-03,26.21,1.49,0.3854,56797.24,171606.52,228403.76,0.2487,持有
2025-04-07,23.81,1.36,0.2086,51598.70,171606.52,223205.23,0.2312,持有
2025-04-08,24.29,1.38,0.2443,52629.82,171606.52,224236.34,0.2347,持有
2025-04-09,24.67,1.41,0.2705,53467.60,171606.52,225074.12,0.2376,持有
2025-04-10,24.92,1.42,0.2938,54004.64,171606.52,225611.16,0.2394,持有
2025-04-11,25.14,1.43,0.3133,54477.23,171606.52,226083.75,0.2410,持有
2025-04-14,25.01,1.43,0.3030,54197.97,171606.52,225804.49,0.2400,持有
2025-04-15,24.89,1.42,0.2903,53940.19,171606.52,225546.72,0.2392,持有
2025-04-16,24.93,1.42,0.2940,54026.12,171606.52,225632.64,0.2394,持有
2025-04-17,24.95,1.42,0.2969,54069.08,171606.52,225675.61,0.2396,持有
2025-04-18,24.93,1.42,0.2939,54026.12,171606.52,225632.64,0.2394,持有
2025-04-21,25.01,1.43,0.3037,54197.97,171606.52,225804.49,0.2400,持有
2025-04-22,24.86,1.42,0.2881,53875.75,171606.52,225482.27,0.2389,持有
2025-04-23,24.91,1.42,0.2928,53983.15,171606.52,225589.68,0.2393,持有
2025-04-24,24.78,1.41,0.2799,53703.89,171606.52,225310.42,0.2384,持有
2025-04-25,24.98,1.42,0.3012,54133.53,171606.52,225740.05,0.2398,持有
2025-04-28,24.91,1.42,0.2929,53983.15,171606.52,225589.68,0.2393,持有
2025-04-29,24.79,1.41,0.2816,53725.38,171606.52,225331.90,0.2384,持有
2025-04-30,24.86,1.38,0.2419,53875.75,171606.52,225482.27,0.2389,持有
2025-05-06,25.29,1.41,0.2723,54799.45,171606.52,226405.98,0.2420,持有
2025-05-07,25.45,1.42,0.2861,55143.16,171606.52,226749.68,0.2432,持有
2025-05-08,25.64,1.43,0.3066,55551.31,171606.52,227157.83,0.2445,持有
2025-05-09,25.33,1.41,0.2761,54885.38,171606.52,226491.90,0.2423,持有
2025-05-12,26.07,1.45,0.3425,56496.50,171606.52,228103.02,0.2477,持有
2025-05-13,25.86,1.44,0.3259,56045.38,171606.52,227651.91,0.2462,持有
2025-05-14,26.83,1.49,0.3882,58150.58,171606.52,229757.10,0.2531,持有
2025-05-15,26.35,1.47,0.3628,57097.98,171606.52,228704.50,0.2497,持有
2025-05-16,25.98,1.45,0.3365,56303.16,171606.52,227909.69,0.2470,持有
2025-05-19,25.88,1.44,0.3279,56088.35,171606.52,227694.87,0.2463,持有
2025-05-20,25.86,1.44,0.3254,56045.38,171606.52,227651.91,0.2462,持有
2025-05-21,25.81,1.44,0.3213,55937.98,171606.52,227544.50,0.2458,持有
2025-05-22,25.76,1.43,0.3175,55830.57,171606.52,227437.09,0.2455,持有
2025-05-23,25.45,1.42,0.2855,55143.16,171606.52,226749.68,0.2432,持有
2025-05-26,25.40,1.41,0.2814,55035.75,171606.52,226642.28,0.2428,持有
2025-05-27,25.29,1.41,0.2712,54799.45,171606.52,226405.98,0.2420,持有
2025-05-28,25.20,1.40,0.2624,54606.12,171606.52,226212.64,0.2414,持有
2025-05-29,25.48,1.42,0.2897,55207.60,171606.52,226814.13,0.2434,持有
2025-05-30,25.30,1.41,0.2729,54820.94,171606.52,226427.46,0.2421,持有
2025-06-03,25.37,1.41,0.2792,54971.31,171606.52,226577.83,0.2426,持有
2025-06-04,25.66,1.43,0.3105,55615.75,171606.52,227222.28,0.2448,持有
2025-06-05,25.95,1.44,0.3364,56238.72,171606.52,227845.24,0.2468,持有
2025-06-06,25.75,1.43,0.3177,55809.09,171606.52,227415.61,0.2454,持有
2025-06-09,26.20,1.46,0.3543,56775.76,171606.52,228382.28,0.2486,持有
2025-06-10,25.72,1.43,0.3147,55744.64,171606.52,227351.17,0.2452,持有
2025-06-11,26.15,1.46,0.3501,56668.35,171606.52,228274.87,0.2482,持有
2025-06-12,26.21,1.46,0.3554,56797.24,171606.52,228403.76,0.2487,持有
2025-06-13,26.07,1.45,0.3449,56496.50,171606.52,228103.02,0.2477,持有
2025-06-16,26.45,1.47,0.3727,57312.80,171606.52,228919.32,0.2504,持有
2025-06-17,26.47,1.47,0.3736,57355.76,171606.52,228962.28,0.2505,持有
2025-06-18,26.15,1.46,0.3499,56668.35,171606.52,228274.87,0.2482,持有
2025-06-19,25.68,1.43,0.3112,55658.72,171606.52,227265.24,0.2449,持有
2025-06-20,25.65,1.43,0.3087,55594.27,171606.52,227200.80,0.2447,持有
2025-06-23,26.00,1.45,0.3407,56346.13,171606.52,227952.65,0.2472,持有
2025-06-24,26.68,1.48,0.3848,57806.87,171606.52,229413.40,0.2520,持有
2025-06-25,27.79,1.55,0.4604,60212.81,171606.52,231819.33,0.2597,持有
2025-06-26,27.33,1.52,0.4291,59224.65,171606.52,230831.18,0.2566,持有
2025-06-27,27.34,1.52,0.4292,59246.14,171606.52,230852.66,0.2566,持有
2025-06-30,27.38,1.52,0.4312,59332.06,171606.52,230938.59,0.2569,持有
2025-07-01,27.15,1.51,0.4155,58837.99,171606.52,230444.51,0.2553,持有
2025-07-02,27.04,1.50,0.4067,58601.69,171606.52,230208.21,0.2546,持有
2025-07-03,27.43,1.53,0.4340,59439.47,171606.52,231045.99,0.2573,持有
2025-07-04,27.42,1.53,0.4337,59417.99,171606.52,231024.51,0.2572,持有
2025-07-07,27.55,1.53,0.4423,59697.25,171606.52,231303.77,0.2581,持有
2025-07-08,27.78,1.55,0.4599,60191.32,171606.52,231797.85,0.2597,持有
2025-07-09,27.57,1.53,0.4447,59740.21,171606.52,231346.74,0.2582,持有
2025-07-10,27.98,1.56,0.4762,60642.44,171606.52,232248.96,0.2611,持有
2025-07-11,28.41,1.58,0.5015,61566.14,171606.52,233172.67,0.2640,持有
2025-07-14,28.16,1.57,0.4868,61029.11,171606.52,232635.63,0.2623,持有
2025-07-15,27.99,1.56,0.4767,60663.92,171606.52,232270.44,0.2612,持有
2025-07-16,27.84,1.55,0.4641,60320.21,171606.52,231926.74,0.2601,持有
2025-07-17,28.00,1.56,0.4772,60685.40,171606.52,232291.93,0.2612,持有
2025-07-18,28.09,1.56,0.4831,60878.73,171606.52,232485.26,0.2619,持有
2025-07-21,28.65,1.59,0.5194,62081.70,171606.52,233688.23,0.2657,持有
2025-07-22,28.68,1.60,0.5219,62146.15,171606.52,233752.67,0.2659,持有
2025-07-23,29.52,1.64,0.5736,63972.08,171606.52,235578.60,0.2716,持有
2025-07-24,29.78,1.66,0.5887,64530.60,171606.52,236137.12,0.2733,持有
2025-07-25,29.44,1.64,0.5694,63800.23,171606.52,235406.75,0.2710,持有
2025-07-28,29.70,1.65,0.5837,64358.75,171606.52,235965.27,0.2727,持有
2025-07-29,29.69,1.65,0.5830,64337.27,171606.52,235943.79,0.2727,持有
2025-07-30,29.52,1.64,0.5731,63972.08,171606.52,235578.60,0.2716,持有
2025-07-31,28.77,1.60,0.5280,62339.48,171606.52,233946.01,0.2665,持有
2025-08-01,28.50,1.59,0.5066,61759.48,171606.52,233366.00,0.2646,持有
2025-08-04,28.66,1.59,0.5196,62103.18,171606.52,233709.71,0.2657,持有
2025-08-05,28.93,1.61,0.5373,62683.19,171606.52,234289.71,0.2675,持有
2025-08-06,28.91,1.61,0.5366,62640.22,171606.52,234246.75,0.2674,持有
2025-08-07,28.86,1.61,0.5336,62532.81,171606.52,234139.34,0.2671,持有
2025-08-08,28.63,1.59,0.5164,62038.74,171606.52,233645.26,0.2655,持有
2025-08-11,29.12,1.62,0.5491,63112.82,171606.52,234719.34,0.2689,持有
2025-08-12,29.22,1.63,0.5558,63327.63,171606.52,234934.16,0.2696,持有
2025-08-13,29.36,1.63,0.5640,63628.37,171606.52,235234.90,0.2705,持有
2025-08-14,29.39,1.64,0.5665,63692.82,171606.52,235299.34,0.2707,持有
2025-08-15,30.83,1.72,0.6476,66807.64,171606.52,238414.17,0.2802,持有
2025-08-18,31.42,1.75,0.6836,68096.54,171606.52,239703.06,0.2841,持有
2025-08-19,30.75,1.71,0.6420,66635.79,171606.52,238242.32,0.2797,持有
2025-08-20,30.88,1.72,0.6513,66915.05,171606.52,238521.58,0.2805,持有
2025-08-21,30.61,1.70,0.6320,66335.05,171606.52,237941.57,0.2788,持有
2025-08-22,31.92,1.78,0.7135,69170.62,171606.52,240777.14,0.2873,持有
2025-08-25,32.14,1.77,0.7094,69647.38,171606.52,241253.90,0.2887,持有
2025-08-26,31.68,1.75,0.6815,68650.56,171606.52,240257.08,0.2857,持有
2025-08-27,30.89,1.70,0.6327,66938.63,171606.52,238545.15,0.2806,持有
2025-08-28,31.50,1.74,0.6733,68260.50,171606.52,239867.02,0.2846,持有
2025-08-29,31.48,1.72,0.6480,68217.16,171606.52,239823.68,0.2844,持有
2025-09-01,31.17,1.70,0.6285,67545.39,171606.52,239151.91,0.2824,持有
2025-09-02,30.78,1.68,0.6087,66700.26,171606.52,238306.78,0.2799,持有
2025-09-03,29.79,1.63,0.5519,64554.93,171606.52,236161.45,0.2734,持有
2025-09-04,29.56,1.61,0.5384,64056.52,171606.52,235663.04,0.2718,持有
2025-09-05,29.83,1.63,0.5552,64641.61,171606.52,236248.13,0.2736,持有
2025-09-08,29.45,1.61,0.5313,63818.15,171606.52,235424.67,0.2711,持有
2025-09-09,29.52,1.61,0.5362,63969.84,171606.52,235576.36,0.2715,持有
2025-09-10,29.48,1.61,0.5339,63883.16,171606.52,235489.68,0.2713,持有
2025-09-11,30.33,1.65,0.5865,65725.11,171606.52,237331.63,0.2769,持有
2025-09-12,29.78,1.62,0.5514,64533.26,171606.52,236139.78,0.2733,持有
2025-09-15,29.59,1.61,0.5398,64121.53,171606.52,235728.05,0.2720,持有
2025-09-16,29.28,1.60,0.5193,63449.76,171606.52,235056.28,0.2699,持有
2025-09-17,28.99,1.58,0.4970,62821.33,171606.52,234427.85,0.2680,持有
2025-09-18,28.35,1.55,0.4562,61434.45,171606.52,233040.97,0.2636,持有
2025-09-19,28.31,1.54,0.4512,61347.77,171606.52,232954.29,0.2633,持有
2025-09-22,28.78,1.57,0.4846,62366.26,171606.52,233972.78,0.2666,持有
2025-09-23,28.50,1.55,0.4671,61759.50,171606.52,233366.02,0.2646,持有
2025-09-24,28.69,1.57,0.4797,62171.23,171606.52,233777.75,0.2659,持有
2025-09-25,28.71,1.57,0.4811,62214.57,171606.52,233821.09,0.2661,持有
2025-09-26,28.72,1.57,0.4818,62236.24,171606.52,233842.76,0.2661,持有
2025-09-29,30.41,1.66,0.5927,65898.47,171606.52,237504.99,0.2775,持有
2025-09-30,29.90,1.63,0.5611,64793.30,171606.52,236399.82,0.2741,持有
2025-10-09,29.65,1.62,0.5441,64251.55,171606.52,235858.07,0.2724,持有
2025-10-10,29.68,1.62,0.5465,64316.56,171606.52,235923.08,0.2726,持有
2025-10-13,29.20,1.59,0.5129,63276.40,171606.52,234882.92,0.2694,持有
2025-10-14,29.03,1.58,0.4997,62908.01,171606.52,234514.53,0.2682,持有
2025-10-15,29.69,1.62,0.5476,64338.23,171606.52,235944.75,0.2727,持有
2025-10-16,29.65,1.62,0.5439,64251.55,171606.52,235858.07,0.2724,持有
2025-10-17,29.09,1.59,0.5035,63038.03,171606.52,234644.55,0.2687,持有
2025-10-20,29.23,1.59,0.5156,63341.41,171606.52,234947.93,0.2696,持有
2025-10-21,29.36,1.60,0.5261,63623.12,171606.52,235229.64,0.2705,持有
2025-10-22,29.19,1.59,0.5104,63254.73,171606.52,234861.25,0.2693,持有
2025-10-23,29.52,1.61,0.5367,63969.84,171606.52,235576.36,0.2715,持有
2025-10-24,29.87,1.63,0.5596,64728.29,171606.52,236334.81,0.2739,持有
2025-10-27,29.99,1.59,0.5019,64988.33,171606.52,236594.85,0.2747,持有
2025-10-28,30.00,1.59,0.5021,65010.00,171606.52,236616.52,0.2747,持有
2025-10-29,30.30,1.60,0.5268,65660.10,171606.52,237266.62,0.2767,持有
2025-10-30,29.68,1.57,0.4829,64316.56,171606.52,235923.08,0.2726,持有
2025-10-31,29.38,1.55,0.4631,63666.46,171606.52,235272.98,0.2706,持有
2025-11-03,29.22,1.55,0.4503,63319.74,171606.52,234926.26,0.2695,持有
2025-11-04,29.08,1.54,0.4409,63016.36,171606.52,234622.88,0.2686,持有
2025-11-05,29.06,1.54,0.4382,62973.02,171606.52,234579.54,0.2685,持有
2025-11-06,29.19,1.54,0.4479,63254.73,171606.52,234861.25,0.2693,持有
2025-11-07,29.00,1.53,0.4338,62843.00,171606.52,234449.52,0.2680,持有
2025-11-10,29.30,1.55,0.4585,63493.10,171606.52,235099.62,0.2701,持有
2025-11-11,29.06,1.54,0.4380,62973.02,171606.52,234579.54,0.2685,持有
2025-11-12,28.90,1.53,0.4268,62626.30,171606.52,234232.82,0.2674,持有
2025-11-13,29.08,1.54,0.4411,63016.36,171606.52,234622.88,0.2686,持有
2025-11-14,28.64,1.51,0.4092,62062.88,171606.52,233669.40,0.2656,持有
2025-11-17,28.29,1.50,0.3882,61304.43,171606.52,232910.95,0.2632,持有
2025-11-18,28.22,1.49,0.3819,61152.74,171606.52,232759.26,0.2627,持有
2025-11-19,28.30,1.50,0.3888,61326.10,171606.52,232932.62,0.2633,持有
2025-11-20,28.30,1.50,0.3887,61326.10,171606.52,232932.62,0.2633,持有
2025-11-21,27.30,1.44,0.3262,59159.10,171606.52,230765.62,0.2564,持有
2025-11-24,27.39,1.45,0.3349,59354.13,171606.52,230960.65,0.2570,持有
2025-11-25,27.47,1.45,0.3392,59527.49,171606.52,231134.01,0.2575,持有
2025-11-26,27.60,1.46,0.3478,59809.20,171606.52,231415.72,0.2584,持有
2025-11-27,27.58,1.46,0.3470,59765.86,171606.52,231372.38,0.2583,持有
2025-11-28,27.59,1.46,0.3479,59787.53,171606.52,231394.05,0.2584,持有
2025-12-01,27.67,1.46,0.3540,59960.89,171606.52,231567.41,0.2589,持有
