日期,收盘价,估值指标,估值分位点,持仓市值,现金,总资产,仓位比例,信号
2015-01-05,2.23,5.70,0.2851,0.00,100000.00,100000.00,0.0000,买入(补至20%)
2015-01-06,2.41,6.16,0.3624,21604.98,80141.02,101745.99,0.2123,持有
2015-01-07,2.53,6.47,0.4435,22684.32,80141.02,102825.34,0.2206,持有
2015-01-08,2.63,6.73,0.6190,23582.26,80141.02,103723.28,0.2274,持有
2015-01-09,2.68,6.86,0.7414,24040.30,80141.02,104181.32,0.2308,持有
2015-01-12,2.59,6.62,0.5322,23219.45,80141.02,103360.47,0.2246,持有
2015-01-13,2.61,6.66,0.5641,23360.04,80141.02,103501.06,0.2257,持有
2015-01-14,2.81,7.17,0.9064,25146.85,80141.02,105287.87,0.2388,卖出(降至0%)
2015-01-15,2.74,6.99,0.8136,0.00,105251.59,105251.59,0.0000,持有
2015-01-16,2.82,7.20,0.9114,0.00,105251.59,105251.59,0.0000,持有
2015-01-19,2.82,7.21,0.9118,0.00,105251.59,105251.59,0.0000,持有
2015-01-20,2.77,7.08,0.8494,0.00,105251.59,105251.59,0.0000,持有
2015-01-21,2.79,7.12,0.8750,0.00,105251.59,105251.59,0.0000,持有
2015-01-22,2.73,6.98,0.7967,0.00,105251.59,105251.59,0.0000,持有
2015-01-23,2.70,6.91,0.7479,0.00,105251.59,105251.59,0.0000,持有
2015-01-26,2.74,7.00,0.8107,0.00,105251.59,105251.59,0.0000,持有
2015-01-27,2.70,6.91,0.7500,0.00,105251.59,105251.59,0.0000,持有
2015-01-28,2.58,6.59,0.4735,0.00,105251.59,105251.59,0.0000,持有
2015-01-29,2.58,6.60,0.4837,0.00,105251.59,105251.59,0.0000,持有
2015-01-30,2.57,6.57,0.4656,0.00,105251.59,105251.59,0.0000,持有
2015-02-02,2.65,6.78,0.6331,0.00,105251.59,105251.59,0.0000,持有
2015-02-03,2.62,6.70,0.5823,0.00,105251.59,105251.59,0.0000,持有
2015-02-04,2.57,6.57,0.4600,0.00,105251.59,105251.59,0.0000,持有
2015-02-05,2.44,6.22,0.3347,0.00,105251.59,105251.59,0.0000,持有
2015-02-06,2.46,6.27,0.3492,0.00,105251.59,105251.59,0.0000,持有
2015-02-09,2.50,6.39,0.3953,0.00,105251.59,105251.59,0.0000,持有
2015-02-10,2.44,6.24,0.3346,0.00,105251.59,105251.59,0.0000,持有
2015-02-11,2.40,6.12,0.3176,0.00,105251.59,105251.59,0.0000,持有
2015-02-12,2.52,6.44,0.4141,0.00,105251.59,105251.59,0.0000,持有
2015-02-13,2.53,6.46,0.4163,0.00,105251.59,105251.59,0.0000,持有
2015-02-16,2.57,6.56,0.4612,0.00,105251.59,105251.59,0.0000,持有
2015-02-17,2.54,6.49,0.4363,0.00,105251.59,105251.59,0.0000,持有
2015-02-25,2.63,6.71,0.6115,0.00,105251.59,105251.59,0.0000,持有
2015-02-26,2.75,7.02,0.8391,0.00,105251.59,105251.59,0.0000,持有
2015-02-27,2.74,6.99,0.8053,0.00,105251.59,105251.59,0.0000,持有
2015-03-02,2.83,7.24,0.9240,0.00,105251.59,105251.59,0.0000,持有
2015-03-03,2.84,7.25,0.9242,0.00,105251.59,105251.59,0.0000,持有
2015-03-04,2.91,7.44,0.9547,0.00,105251.59,105251.59,0.0000,持有
2015-03-05,2.85,7.27,0.9248,0.00,105251.59,105251.59,0.0000,持有
2015-03-06,2.85,7.29,0.9251,0.00,105251.59,105251.59,0.0000,持有
2015-03-09,3.02,7.72,0.9739,0.00,105251.59,105251.59,0.0000,持有
2015-03-10,2.99,7.63,0.9628,0.00,105251.59,105251.59,0.0000,持有
2015-03-11,2.91,7.42,0.9444,0.00,105251.59,105251.59,0.0000,持有
2015-03-12,3.04,7.76,0.9742,0.00,105251.59,105251.59,0.0000,持有
2015-03-13,2.99,7.63,0.9596,0.00,105251.59,105251.59,0.0000,持有
2015-03-16,3.07,7.85,0.9780,0.00,105251.59,105251.59,0.0000,持有
2015-03-17,3.16,8.08,0.9927,0.00,105251.59,105251.59,0.0000,持有
2015-03-18,3.15,8.04,0.9855,0.00,105251.59,105251.59,0.0000,持有
2015-03-19,3.10,7.93,0.9746,0.00,105251.59,105251.59,0.0000,持有
2015-03-20,3.20,8.17,0.9964,0.00,105251.59,105251.59,0.0000,持有
2015-03-23,3.24,8.28,0.9964,0.00,105251.59,105251.59,0.0000,持有
2015-03-24,3.26,8.33,0.9964,0.00,105251.59,105251.59,0.0000,持有
2015-03-25,3.59,9.16,0.9964,0.00,105251.59,105251.59,0.0000,持有
2015-03-26,3.81,9.73,0.9964,0.00,105251.59,105251.59,0.0000,持有
2015-03-27,3.74,9.55,0.9929,0.00,105251.59,105251.59,0.0000,持有
2015-03-30,3.75,9.58,0.9929,0.00,105251.59,105251.59,0.0000,持有
2015-03-31,3.72,9.51,0.9859,0.00,105251.59,105251.59,0.0000,持有
2015-04-01,4.00,10.21,0.9965,0.00,105251.59,105251.59,0.0000,持有
2015-04-02,3.80,9.70,0.9895,0.00,105251.59,105251.59,0.0000,持有
2015-04-03,3.74,9.56,0.9826,0.00,105251.59,105251.59,0.0000,持有
2015-04-07,3.74,9.56,0.9792,0.00,105251.59,105251.59,0.0000,持有
2015-04-08,3.74,9.56,0.9758,0.00,105251.59,105251.59,0.0000,持有
2015-04-09,3.74,9.56,0.9724,0.00,105251.59,105251.59,0.0000,持有
2015-04-10,3.74,9.56,0.9691,0.00,105251.59,105251.59,0.0000,持有
2015-04-13,3.74,9.56,0.9658,0.00,105251.59,105251.59,0.0000,持有
2015-04-14,3.74,9.56,0.9625,0.00,105251.59,105251.59,0.0000,持有
2015-04-15,3.74,9.56,0.9592,0.00,105251.59,105251.59,0.0000,持有
2015-04-16,3.74,9.56,0.9559,0.00,105251.59,105251.59,0.0000,持有
2015-04-17,3.74,9.56,0.9527,0.00,105251.59,105251.59,0.0000,持有
2015-04-20,3.74,9.56,0.9495,0.00,105251.59,105251.59,0.0000,持有
2015-04-21,3.74,9.56,0.9463,0.00,105251.59,105251.59,0.0000,持有
2015-04-22,3.74,9.56,0.9431,0.00,105251.59,105251.59,0.0000,持有
2015-04-23,3.74,9.56,0.9400,0.00,105251.59,105251.59,0.0000,持有
2015-04-24,3.74,9.56,0.9369,0.00,105251.59,105251.59,0.0000,持有
2015-04-27,3.74,9.27,0.9272,0.00,105251.59,105251.59,0.0000,持有
2015-04-28,3.94,9.76,0.9934,0.00,105251.59,105251.59,0.0000,持有
2015-04-29,3.81,9.43,0.9243,0.00,105251.59,105251.59,0.0000,持有
2015-04-30,3.72,9.23,0.9180,0.00,105251.59,105251.59,0.0000,持有
2015-05-04,3.96,9.81,0.9935,0.00,105251.59,105251.59,0.0000,持有
2015-05-05,3.98,9.85,0.9935,0.00,105251.59,105251.59,0.0000,持有
2015-05-06,3.92,9.73,0.9805,0.00,105251.59,105251.59,0.0000,持有
2015-05-07,3.80,9.41,0.9126,0.00,105251.59,105251.59,0.0000,持有
2015-05-08,3.80,9.41,0.9129,0.00,105251.59,105251.59,0.0000,持有
2015-05-11,3.80,9.41,0.9100,0.00,105251.59,105251.59,0.0000,持有
2015-05-12,3.75,9.29,0.9038,0.00,105251.59,105251.59,0.0000,持有
2015-05-13,3.70,9.16,0.8914,0.00,105251.59,105251.59,0.0000,持有
2015-05-14,3.68,9.11,0.8885,0.00,105251.59,105251.59,0.0000,持有
2015-05-15,3.73,9.24,0.8984,0.00,105251.59,105251.59,0.0000,持有
2015-05-18,4.04,10.02,0.9937,0.00,105251.59,105251.59,0.0000,持有
2015-05-19,3.97,9.85,0.9874,0.00,105251.59,105251.59,0.0000,持有
2015-05-20,4.31,10.69,0.9969,0.00,105251.59,105251.59,0.0000,持有
2015-05-21,4.56,11.30,0.9969,0.00,105251.59,105251.59,0.0000,持有
2015-05-22,4.63,11.47,0.9969,0.00,105251.59,105251.59,0.0000,持有
2015-05-25,4.91,12.18,0.9969,0.00,105251.59,105251.59,0.0000,持有
2015-05-26,5.09,12.61,0.9969,0.00,105251.59,105251.59,0.0000,持有
2015-05-27,5.14,12.74,0.9969,0.00,105251.59,105251.59,0.0000,持有
2015-05-28,4.82,11.95,0.9877,0.00,105251.59,105251.59,0.0000,持有
2015-05-29,4.71,11.68,0.9846,0.00,105251.59,105251.59,0.0000,持有
2015-06-01,5.01,12.43,0.9908,0.00,105251.59,105251.59,0.0000,持有
2015-06-02,5.30,13.13,0.9969,0.00,105251.59,105251.59,0.0000,持有
2015-06-03,5.33,13.22,0.9970,0.00,105251.59,105251.59,0.0000,持有
2015-06-04,4.89,12.11,0.9787,0.00,105251.59,105251.59,0.0000,持有
2015-06-05,5.09,12.62,0.9879,0.00,105251.59,105251.59,0.0000,持有
2015-06-08,4.93,12.21,0.9789,0.00,105251.59,105251.59,0.0000,持有
2015-06-09,4.90,12.15,0.9729,0.00,105251.59,105251.59,0.0000,持有
2015-06-10,4.99,12.36,0.9790,0.00,105251.59,105251.59,0.0000,持有
2015-06-11,4.96,12.28,0.9760,0.00,105251.59,105251.59,0.0000,持有
2015-06-12,5.21,12.91,0.9910,0.00,105251.59,105251.59,0.0000,持有
2015-06-15,4.99,12.36,0.9762,0.00,105251.59,105251.59,0.0000,持有
2015-06-16,4.68,11.60,0.9496,0.00,105251.59,105251.59,0.0000,持有
2015-06-17,4.80,11.90,0.9527,0.00,105251.59,105251.59,0.0000,持有
2015-06-18,4.58,11.34,0.9410,0.00,105251.59,105251.59,0.0000,持有
2015-06-19,4.54,11.25,0.9353,0.00,105251.59,105251.59,0.0000,持有
2015-06-23,4.86,12.05,0.9560,0.00,105251.59,105251.59,0.0000,持有
2015-06-24,5.14,12.73,0.9854,0.00,105251.59,105251.59,0.0000,持有
2015-06-25,5.61,13.91,0.9971,0.00,105251.59,105251.59,0.0000,持有
2015-06-26,5.05,12.52,0.9738,0.00,105251.59,105251.59,0.0000,持有
2015-06-29,5.41,13.41,0.9942,0.00,105251.59,105251.59,0.0000,持有
2015-06-30,5.95,14.75,0.9971,0.00,105251.59,105251.59,0.0000,持有
2015-07-01,5.46,13.53,0.9914,0.00,105251.59,105251.59,0.0000,持有
2015-07-02,4.92,12.18,0.9483,0.00,105251.59,105251.59,0.0000,持有
2015-07-03,4.43,10.96,0.9112,0.00,105251.59,105251.59,0.0000,持有
2015-07-06,4.45,11.02,0.9114,0.00,105251.59,105251.59,0.0000,持有
2015-07-07,4.00,9.92,0.8974,0.00,105251.59,105251.59,0.0000,持有
2015-07-08,3.60,8.93,0.7926,0.00,105251.59,105251.59,0.0000,持有
2015-07-09,3.96,9.82,0.8895,0.00,105251.59,105251.59,0.0000,持有
2015-07-10,4.36,10.80,0.9068,0.00,105251.59,105251.59,0.0000,持有
2015-07-13,4.80,11.88,0.9296,0.00,105251.59,105251.59,0.0000,持有
2015-07-14,5.28,13.07,0.9803,0.00,105251.59,105251.59,0.0000,持有
2015-07-15,5.06,12.54,0.9636,0.00,105251.59,105251.59,0.0000,持有
2015-07-16,5.57,13.80,0.9916,0.00,105251.59,105251.59,0.0000,持有
2015-07-17,6.13,15.18,0.9972,0.00,105251.59,105251.59,0.0000,持有
2015-07-20,6.74,16.70,0.9972,0.00,105251.59,105251.59,0.0000,持有
2015-07-21,7.41,18.37,0.9972,0.00,105251.59,105251.59,0.0000,持有
2015-07-22,7.19,17.82,0.9945,0.00,105251.59,105251.59,0.0000,持有
2015-07-23,7.28,18.04,0.9945,0.00,105251.59,105251.59,0.0000,持有
2015-07-24,6.56,16.25,0.9863,0.00,105251.59,105251.59,0.0000,持有
2015-07-27,6.69,16.57,0.9863,0.00,105251.59,105251.59,0.0000,持有
2015-07-28,7.15,17.24,0.9891,0.00,105251.59,105251.59,0.0000,持有
2015-07-29,7.57,18.25,0.9946,0.00,105251.59,105251.59,0.0000,持有
2015-07-30,7.03,16.96,0.9837,0.00,105251.59,105251.59,0.0000,持有
2015-07-31,6.50,15.68,0.9729,0.00,105251.59,105251.59,0.0000,持有
2015-08-03,6.78,16.35,0.9757,0.00,105251.59,105251.59,0.0000,持有
2015-08-04,7.26,17.52,0.9865,0.00,105251.59,105251.59,0.0000,持有
2015-08-05,6.79,16.37,0.9731,0.00,105251.59,105251.59,0.0000,持有
2015-08-06,6.39,15.40,0.9625,0.00,105251.59,105251.59,0.0000,持有
2015-08-07,6.57,15.85,0.9652,0.00,105251.59,105251.59,0.0000,持有
2015-08-10,6.88,16.59,0.9760,0.00,105251.59,105251.59,0.0000,持有
2015-08-11,6.63,15.99,0.9628,0.00,105251.59,105251.59,0.0000,持有
2015-08-12,6.19,14.92,0.9496,0.00,105251.59,105251.59,0.0000,持有
2015-08-13,6.36,15.35,0.9524,0.00,105251.59,105251.59,0.0000,持有
2015-08-14,6.18,14.91,0.9446,0.00,105251.59,105251.59,0.0000,持有
2015-08-17,6.65,16.03,0.9632,0.00,105251.59,105251.59,0.0000,持有
2015-08-18,6.08,14.67,0.9370,0.00,105251.59,105251.59,0.0000,持有
2015-08-19,6.39,15.41,0.9529,0.00,105251.59,105251.59,0.0000,持有
2015-08-20,6.06,14.61,0.9321,0.00,105251.59,105251.59,0.0000,持有
2015-08-21,5.45,13.15,0.9167,0.00,105251.59,105251.59,0.0000,持有
2015-08-24,4.91,11.84,0.8571,0.00,105251.59,105251.59,0.0000,持有
2015-08-25,4.49,10.83,0.8342,0.00,105251.59,105251.59,0.0000,持有
2015-08-26,4.71,11.36,0.8475,0.00,105251.59,105251.59,0.0000,持有
2015-08-27,5.00,12.06,0.8686,0.00,105251.59,105251.59,0.0000,持有
2015-08-28,5.30,12.78,0.9075,0.00,105251.59,105251.59,0.0000,持有
2015-08-31,5.15,12.42,0.8872,0.00,105251.59,105251.59,0.0000,持有
2015-09-01,4.63,11.18,0.8312,0.00,105251.59,105251.59,0.0000,持有
2015-09-02,4.46,10.77,0.8189,0.00,105251.59,105251.59,0.0000,持有
2015-09-07,4.17,10.06,0.8117,0.00,105251.59,105251.59,0.0000,持有
2015-09-08,4.46,10.77,0.8198,0.00,105251.59,105251.59,0.0000,持有
2015-09-09,4.71,11.36,0.8405,0.00,105251.59,105251.59,0.0000,持有
2015-09-10,5.15,12.43,0.8914,0.00,105251.59,105251.59,0.0000,持有
2015-09-11,5.02,12.10,0.8640,0.00,105251.59,105251.59,0.0000,持有
2015-09-14,4.51,10.89,0.8191,0.00,105251.59,105251.59,0.0000,持有
2015-09-15,4.43,10.68,0.8045,0.00,105251.59,105251.59,0.0000,持有
2015-09-16,4.84,11.69,0.8475,0.00,105251.59,105251.59,0.0000,持有
2015-09-17,4.66,11.24,0.8254,0.00,105251.59,105251.59,0.0000,持有
2015-09-18,4.54,10.96,0.8159,0.00,105251.59,105251.59,0.0000,持有
2015-09-21,4.58,11.05,0.8213,0.00,105251.59,105251.59,0.0000,持有
2015-09-22,4.62,11.15,0.8218,0.00,105251.59,105251.59,0.0000,持有
2015-09-23,4.46,10.75,0.7975,0.00,105251.59,105251.59,0.0000,持有
2015-09-24,4.48,10.80,0.8054,0.00,105251.59,105251.59,0.0000,持有
2015-09-25,4.34,10.48,0.7887,0.00,105251.59,105251.59,0.0000,持有
2015-09-28,4.39,10.58,0.7892,0.00,105251.59,105251.59,0.0000,持有
2015-09-29,4.55,10.97,0.8166,0.00,105251.59,105251.59,0.0000,持有
2015-09-30,4.51,10.88,0.8073,0.00,105251.59,105251.59,0.0000,持有
2015-10-08,4.96,11.96,0.8613,0.00,105251.59,105251.59,0.0000,持有
2015-10-09,5.22,12.59,0.9005,0.00,105251.59,105251.59,0.0000,持有
2015-10-12,5.74,13.85,0.9322,0.00,105251.59,105251.59,0.0000,持有
2015-10-13,5.66,13.66,0.9275,0.00,105251.59,105251.59,0.0000,持有
2015-10-14,5.47,13.20,0.9181,0.00,105251.59,105251.59,0.0000,持有
2015-10-15,5.65,13.63,0.9255,0.00,105251.59,105251.59,0.0000,持有
2015-10-16,5.57,13.44,0.9209,0.00,105251.59,105251.59,0.0000,持有
2015-10-19,5.37,12.94,0.9043,0.00,105251.59,105251.59,0.0000,持有
2015-10-20,5.44,13.13,0.9069,0.00,105251.59,105251.59,0.0000,持有
2015-10-21,4.90,11.82,0.8333,0.00,105251.59,105251.59,0.0000,持有
2015-10-22,5.05,12.17,0.8575,0.00,105251.59,105251.59,0.0000,持有
2015-10-23,5.25,12.67,0.8910,0.00,105251.59,105251.59,0.0000,持有
2015-10-26,5.08,10.97,0.7920,0.00,105251.59,105251.59,0.0000,持有
2015-10-27,5.28,11.40,0.8184,0.00,105251.59,105251.59,0.0000,持有
2015-10-28,5.13,11.06,0.7976,0.00,105251.59,105251.59,0.0000,持有
2015-10-29,5.13,11.07,0.7981,0.00,105251.59,105251.59,0.0000,持有
2015-10-30,5.06,10.93,0.7799,0.00,105251.59,105251.59,0.0000,持有
2015-11-02,5.17,11.16,0.8014,0.00,105251.59,105251.59,0.0000,持有
2015-11-03,5.53,11.94,0.8392,0.00,105251.59,105251.59,0.0000,持有
2015-11-04,5.67,12.23,0.8651,0.00,105251.59,105251.59,0.0000,持有
2015-11-05,5.47,11.80,0.8260,0.00,105251.59,105251.59,0.0000,持有
2015-11-06,5.50,11.87,0.8310,0.00,105251.59,105251.59,0.0000,持有
2015-11-09,5.47,11.81,0.8245,0.00,105251.59,105251.59,0.0000,持有
2015-11-10,5.33,11.51,0.8134,0.00,105251.59,105251.59,0.0000,持有
2015-11-11,5.36,11.56,0.8138,0.00,105251.59,105251.59,0.0000,持有
2015-11-12,5.66,12.23,0.8647,0.00,105251.59,105251.59,0.0000,持有
2015-11-13,5.37,11.59,0.8124,0.00,105251.59,105251.59,0.0000,持有
2015-11-16,5.30,11.44,0.8037,0.00,105251.59,105251.59,0.0000,持有
2015-11-17,5.27,11.38,0.7995,0.00,105251.59,105251.59,0.0000,持有
2015-11-18,5.19,11.20,0.7841,0.00,105251.59,105251.59,0.0000,持有
2015-11-19,5.26,11.36,0.7937,0.00,105251.59,105251.59,0.0000,持有
2015-11-20,5.18,11.19,0.7805,0.00,105251.59,105251.59,0.0000,持有
2015-11-23,5.34,11.52,0.8104,0.00,105251.59,105251.59,0.0000,持有
2015-11-24,5.87,12.68,0.8964,0.00,105251.59,105251.59,0.0000,持有
2015-11-25,6.15,13.28,0.9213,0.00,105251.59,105251.59,0.0000,持有
2015-11-26,5.87,12.66,0.8901,0.00,105251.59,105251.59,0.0000,持有
2015-11-27,5.29,11.41,0.7964,0.00,105251.59,105251.59,0.0000,持有
2015-11-30,5.52,11.92,0.8326,0.00,105251.59,105251.59,0.0000,持有
2015-12-01,5.35,11.54,0.8040,0.00,105251.59,105251.59,0.0000,持有
2015-12-02,5.21,11.25,0.7733,0.00,105251.59,105251.59,0.0000,持有
2015-12-03,5.39,11.63,0.8115,0.00,105251.59,105251.59,0.0000,持有
2015-12-04,5.42,11.70,0.8164,0.00,105251.59,105251.59,0.0000,持有
2015-12-07,5.37,11.60,0.8079,0.00,105251.59,105251.59,0.0000,持有
2015-12-08,5.10,11.02,0.7445,0.00,105251.59,105251.59,0.0000,持有
2015-12-09,4.93,10.64,0.7099,0.00,105251.59,105251.59,0.0000,持有
2015-12-10,4.95,10.69,0.7127,0.00,105251.59,105251.59,0.0000,持有
2015-12-11,4.74,10.23,0.7024,0.00,105251.59,105251.59,0.0000,持有
2015-12-14,4.72,10.19,0.6987,0.00,105251.59,105251.59,0.0000,持有
2015-12-15,4.73,10.21,0.6993,0.00,105251.59,105251.59,0.0000,持有
2015-12-16,4.99,10.78,0.7239,0.00,105251.59,105251.59,0.0000,持有
2015-12-17,5.04,10.88,0.7332,0.00,105251.59,105251.59,0.0000,持有
2015-12-18,4.93,10.65,0.7078,0.00,105251.59,105251.59,0.0000,持有
2015-12-21,4.97,10.73,0.7149,0.00,105251.59,105251.59,0.0000,持有
2015-12-22,4.98,10.76,0.7177,0.00,105251.59,105251.59,0.0000,持有
2015-12-23,4.97,10.73,0.7140,0.00,105251.59,105251.59,0.0000,持有
2015-12-24,4.79,11.03,0.7532,0.00,105251.59,105251.59,0.0000,持有
2015-12-25,4.72,10.87,0.7302,0.00,105251.59,105251.59,0.0000,持有
2015-12-28,4.73,10.91,0.7372,0.00,105251.59,105251.59,0.0000,持有
2015-12-29,4.69,10.82,0.7249,0.00,105251.59,105251.59,0.0000,持有
2015-12-30,4.75,10.94,0.7404,0.00,105251.59,105251.59,0.0000,持有
2015-12-31,4.77,11.00,0.7495,0.00,105251.59,105251.59,0.0000,持有
2016-01-04,4.29,9.90,0.6716,0.00,105251.59,105251.59,0.0000,持有
2016-01-05,4.60,10.59,0.6913,0.00,105251.59,105251.59,0.0000,持有
2016-01-06,4.86,11.20,0.7722,0.00,105251.59,105251.59,0.0000,持有
2016-01-07,4.63,10.67,0.6947,0.00,105251.59,105251.59,0.0000,持有
2016-01-08,5.09,11.74,0.8256,0.00,105251.59,105251.59,0.0000,持有
2016-01-11,5.16,11.89,0.8386,0.00,105251.59,105251.59,0.0000,持有
2016-01-12,5.04,11.62,0.8138,0.00,105251.59,105251.59,0.0000,持有
2016-01-13,4.56,10.51,0.6806,0.00,105251.59,105251.59,0.0000,持有
2016-01-14,4.62,10.65,0.6896,0.00,105251.59,105251.59,0.0000,持有
2016-01-15,4.30,9.90,0.6611,0.00,105251.59,105251.59,0.0000,持有
2016-01-18,4.35,10.03,0.6660,0.00,105251.59,105251.59,0.0000,持有
2016-01-19,4.58,10.56,0.6812,0.00,105251.59,105251.59,0.0000,持有
2016-01-20,4.39,10.13,0.6674,0.00,105251.59,105251.59,0.0000,持有
2016-01-21,4.24,9.77,0.6454,0.00,105251.59,105251.59,0.0000,持有
2016-01-22,4.37,10.07,0.6667,0.00,105251.59,105251.59,0.0000,持有
2016-01-25,4.48,10.33,0.6776,0.00,105251.59,105251.59,0.0000,持有
2016-01-26,4.25,9.80,0.6434,0.00,105251.59,105251.59,0.0000,持有
2016-01-27,4.39,10.12,0.6667,0.00,105251.59,105251.59,0.0000,持有
2016-01-28,4.16,9.58,0.6306,0.00,105251.59,105251.59,0.0000,持有
2016-01-29,4.21,9.71,0.6334,0.00,105251.59,105251.59,0.0000,持有
2016-02-01,4.27,9.85,0.6504,0.00,105251.59,105251.59,0.0000,持有
2016-02-02,4.50,10.37,0.6815,0.00,105251.59,105251.59,0.0000,持有
2016-02-03,4.37,10.07,0.6640,0.00,105251.59,105251.59,0.0000,持有
2016-02-04,4.41,10.16,0.6707,0.00,105251.59,105251.59,0.0000,持有
2016-02-05,4.30,9.90,0.6512,0.00,105251.59,105251.59,0.0000,持有
2016-02-15,4.38,10.11,0.6660,0.00,105251.59,105251.59,0.0000,持有
2016-02-16,4.54,10.48,0.6867,0.00,105251.59,105251.59,0.0000,持有
2016-02-17,4.61,10.63,0.6954,0.00,105251.59,105251.59,0.0000,持有
2016-02-18,4.66,10.74,0.7140,0.00,105251.59,105251.59,0.0000,持有
2016-02-19,4.71,10.86,0.7325,0.00,105251.59,105251.59,0.0000,持有
2016-02-22,4.80,11.06,0.7649,0.00,105251.59,105251.59,0.0000,持有
2016-02-23,4.89,11.28,0.7873,0.00,105251.59,105251.59,0.0000,持有
2016-02-24,5.20,11.98,0.8571,0.00,105251.59,105251.59,0.0000,持有
2016-02-25,4.96,7.19,0.4733,0.00,105251.59,105251.59,0.0000,持有
2016-02-26,5.29,7.66,0.5217,0.00,105251.59,105251.59,0.0000,持有
2016-02-29,5.48,7.93,0.5385,0.00,105251.59,105251.59,0.0000,持有
2016-03-01,5.71,8.27,0.5512,0.00,105251.59,105251.59,0.0000,持有
2016-03-02,5.67,8.21,0.5501,0.00,105251.59,105251.59,0.0000,持有
2016-03-03,5.52,7.99,0.5392,0.00,105251.59,105251.59,0.0000,持有
2016-03-04,5.76,8.34,0.5577,0.00,105251.59,105251.59,0.0000,持有
2016-03-07,5.85,8.47,0.5586,0.00,105251.59,105251.59,0.0000,持有
2016-03-08,5.51,7.98,0.5361,0.00,105251.59,105251.59,0.0000,持有
2016-03-09,5.20,7.53,0.5058,0.00,105251.59,105251.59,0.0000,持有
2016-03-10,5.30,7.68,0.5165,0.00,105251.59,105251.59,0.0000,持有
2016-03-11,5.32,7.71,0.5174,0.00,105251.59,105251.59,0.0000,持有
2016-03-14,5.59,8.10,0.5474,0.00,105251.59,105251.59,0.0000,持有
2016-03-15,5.29,7.66,0.5116,0.00,105251.59,105251.59,0.0000,持有
2016-03-16,5.18,7.51,0.5010,0.00,105251.59,105251.59,0.0000,持有
2016-03-17,5.31,7.69,0.5173,0.00,105251.59,105251.59,0.0000,持有
2016-03-18,5.48,7.94,0.5374,0.00,105251.59,105251.59,0.0000,持有
2016-03-21,5.85,8.47,0.5651,0.00,105251.59,105251.59,0.0000,持有
2016-03-22,6.02,8.72,0.5679,0.00,105251.59,105251.59,0.0000,持有
2016-03-23,6.04,8.75,0.5687,0.00,105251.59,105251.59,0.0000,持有
2016-03-24,6.15,8.90,0.5695,0.00,105251.59,105251.59,0.0000,持有
2016-03-25,6.15,8.90,0.5684,0.00,105251.59,105251.59,0.0000,持有
2016-03-28,6.15,8.90,0.5674,0.00,105251.59,105251.59,0.0000,持有
2016-03-29,6.15,8.90,0.5663,0.00,105251.59,105251.59,0.0000,持有
2016-03-30,6.15,8.90,0.5652,0.00,105251.59,105251.59,0.0000,持有
2016-03-31,6.15,8.90,0.5642,0.00,105251.59,105251.59,0.0000,持有
2016-04-01,6.15,8.90,0.5631,0.00,105251.59,105251.59,0.0000,持有
2016-04-05,6.15,8.90,0.5620,0.00,105251.59,105251.59,0.0000,持有
2016-04-06,6.15,8.90,0.5610,0.00,105251.59,105251.59,0.0000,持有
2016-04-07,6.15,8.90,0.5599,0.00,105251.59,105251.59,0.0000,持有
2016-04-08,6.15,8.90,0.5589,0.00,105251.59,105251.59,0.0000,持有
2016-04-11,6.08,8.80,0.5578,0.00,105251.59,105251.59,0.0000,持有
2016-04-12,5.71,8.26,0.5419,0.00,105251.59,105251.59,0.0000,持有
2016-04-13,5.71,8.26,0.5428,0.00,105251.59,105251.59,0.0000,持有
2016-04-14,5.66,8.19,0.5380,0.00,105251.59,105251.59,0.0000,持有
2016-04-15,5.67,8.21,0.5407,0.00,105251.59,105251.59,0.0000,持有
2016-04-18,5.81,8.42,0.5527,0.00,105251.59,105251.59,0.0000,持有
2016-04-19,5.93,8.59,0.5572,0.00,105251.59,105251.59,0.0000,持有
2016-04-20,5.45,7.15,0.4309,0.00,105251.59,105251.59,0.0000,持有
2016-04-21,5.50,7.21,0.4467,0.00,105251.59,105251.59,0.0000,持有
2016-04-22,5.51,7.23,0.4514,0.00,105251.59,105251.59,0.0000,持有
2016-04-25,5.46,7.16,0.4322,0.00,105251.59,105251.59,0.0000,持有
2016-04-26,5.51,7.23,0.4516,0.00,105251.59,105251.59,0.0000,持有
2016-04-27,5.50,7.22,0.4507,0.00,105251.59,105251.59,0.0000,持有
2016-04-28,5.40,7.09,0.4117,0.00,105251.59,105251.59,0.0000,持有
2016-04-29,5.43,7.12,0.4255,0.00,105251.59,105251.59,0.0000,持有
2016-05-03,5.76,7.56,0.4900,0.00,105251.59,105251.59,0.0000,持有
2016-05-04,5.70,7.47,0.4819,0.00,105251.59,105251.59,0.0000,持有
2016-05-05,5.74,7.53,0.4882,0.00,105251.59,105251.59,0.0000,持有
2016-05-06,5.56,7.29,0.4621,0.00,105251.59,105251.59,0.0000,持有
2016-05-09,5.37,7.05,0.4018,0.00,105251.59,105251.59,0.0000,持有
2016-05-10,5.39,7.06,0.4065,0.00,105251.59,105251.59,0.0000,持有
2016-05-11,5.70,7.47,0.4829,0.00,105251.59,105251.59,0.0000,持有
2016-05-12,5.75,7.54,0.4946,0.00,105251.59,105251.59,0.0000,持有
2016-05-13,5.77,7.56,0.4973,0.00,105251.59,105251.59,0.0000,持有
2016-05-16,5.97,7.82,0.5214,0.00,105251.59,105251.59,0.0000,持有
2016-05-17,5.67,7.44,0.4777,0.00,105251.59,105251.59,0.0000,持有
2016-05-18,5.48,7.18,0.4359,0.00,105251.59,105251.59,0.0000,持有
2016-05-19,5.51,7.23,0.4529,0.00,105251.59,105251.59,0.0000,持有
2016-05-20,5.49,7.19,0.4397,0.00,105251.59,105251.59,0.0000,持有
2016-05-23,5.57,7.31,0.4690,0.00,105251.59,105251.59,0.0000,持有
2016-05-24,5.38,7.06,0.3993,0.00,105251.59,105251.59,0.0000,持有
2016-05-25,5.30,6.95,0.3633,0.00,105251.59,105251.59,0.0000,持有
2016-05-26,5.20,6.82,0.3116,0.00,105251.59,105251.59,0.0000,持有
2016-05-27,5.25,6.89,0.3427,0.00,105251.59,105251.59,0.0000,持有
2016-05-30,5.11,6.69,0.2702,0.00,105251.59,105251.59,0.0000,买入(补至20%)
2016-05-31,5.28,6.92,0.3590,21763.85,84110.28,105874.13,0.2056,持有
2016-06-01,5.33,6.99,0.3776,21964.40,84110.28,106074.68,0.2071,持有
2016-06-02,5.29,6.93,0.3647,21801.45,84110.28,105911.73,0.2058,持有
2016-06-03,5.42,7.10,0.4216,22336.25,84110.28,106446.53,0.2098,持有
2016-06-06,5.38,7.05,0.4035,22173.31,84110.28,106283.58,0.2086,持有
2016-06-07,5.29,6.93,0.3646,21805.63,84110.28,105915.91,0.2059,持有
2016-06-08,5.29,6.93,0.3622,21801.45,84110.28,105911.73,0.2058,持有
2016-06-13,5.13,6.72,0.2785,21137.13,84110.28,105247.41,0.2008,持有
2016-06-14,5.11,6.70,0.2694,21061.93,84110.28,105172.20,0.2003,持有
2016-06-15,5.20,6.81,0.3103,21425.42,84110.28,105535.70,0.2030,持有
2016-06-16,5.19,6.80,0.3046,21396.18,84110.28,105506.45,0.2028,持有
2016-06-17,5.20,6.82,0.3144,21454.67,84110.28,105564.95,0.2032,持有
2016-06-20,5.18,6.80,0.3019,21371.11,84110.28,105481.38,0.2026,持有
2016-06-21,5.09,6.67,0.2534,20978.36,84110.28,105088.64,0.1996,持有
2016-06-22,5.10,6.68,0.2598,21015.97,84110.28,105126.24,0.1999,持有
2016-06-23,4.99,6.54,0.1997,20568.91,84110.28,104679.18,0.1965,买入(补至50%)
2016-06-24,4.91,6.44,0.1823,51561.63,52289.84,103851.48,0.4965,持有
2016-06-27,4.98,6.53,0.1990,52242.03,52289.84,104531.88,0.4998,持有
2016-06-28,5.09,6.68,0.2615,53443.37,52289.84,105733.21,0.5055,持有
2016-06-29,5.06,6.64,0.2441,53092.54,52289.84,105382.38,0.5038,持有
2016-06-30,5.12,6.71,0.2860,53719.78,52289.84,106009.62,0.5067,持有
2016-07-01,5.22,6.84,0.3378,54751.01,52289.84,107040.86,0.5115,持有
2016-07-04,5.32,6.98,0.3929,55814.14,52289.84,108103.98,0.5163,持有
2016-07-05,5.32,6.97,0.3923,55792.88,52289.84,108082.72,0.5162,持有
2016-07-06,5.33,6.99,0.4017,55920.45,52289.84,108210.30,0.5168,持有
2016-07-07,5.48,7.19,0.4648,57515.14,52289.84,109804.99,0.5238,持有
2016-07-08,5.34,6.96,0.3836,56038.28,52289.84,108328.13,0.5173,持有
2016-07-11,5.24,6.83,0.3311,55010.84,52289.84,107300.69,0.5127,持有
2016-07-12,5.32,6.93,0.3740,55824.23,52289.84,108114.08,0.5163,持有
2016-07-13,5.44,7.08,0.4317,57022.91,52289.84,109312.76,0.5216,持有
2016-07-14,5.44,7.08,0.4343,57065.72,52289.84,109355.57,0.5218,持有
2016-07-15,5.51,7.17,0.4635,57772.09,52289.84,110061.93,0.5249,持有
2016-07-18,5.74,7.47,0.5158,60169.45,52289.84,112459.29,0.5350,持有
2016-07-19,5.72,7.45,0.5149,59998.21,52289.84,112288.05,0.5343,持有
2016-07-20,5.74,7.48,0.5207,60212.26,52289.84,112502.10,0.5352,持有
2016-07-21,5.75,6.34,0.1617,60297.88,52289.84,112587.72,0.5356,持有
2016-07-22,5.52,6.09,0.1318,57921.92,52289.84,110211.77,0.5256,持有
2016-07-25,5.56,6.13,0.1365,58350.02,52289.84,110639.87,0.5274,持有
2016-07-26,5.58,6.15,0.1379,58521.26,52289.84,110811.11,0.5281,持有
2016-07-27,5.31,5.86,0.1115,55738.61,52289.84,108028.46,0.5160,持有
2016-07-28,5.34,5.89,0.1178,56059.69,52289.84,108349.53,0.5174,持有
2016-07-29,5.50,6.07,0.1340,57729.28,52289.84,110019.12,0.5247,持有
2016-08-01,5.38,5.93,0.1240,56402.17,52289.84,108692.01,0.5189,持有
2016-08-02,5.39,5.95,0.1270,56573.41,52289.84,108863.25,0.5197,持有
2016-08-03,5.31,5.85,0.1106,55695.80,52289.84,107985.65,0.5158,持有
2016-08-04,5.31,5.85,0.1104,55695.80,52289.84,107985.65,0.5158,持有
2016-08-05,5.44,6.00,0.1361,57044.32,52289.84,109334.16,0.5217,持有
2016-08-08,5.49,6.05,0.1408,57579.44,52289.84,109869.29,0.5241,持有
2016-08-09,5.47,6.03,0.1405,57408.20,52289.84,109698.05,0.5233,持有
2016-08-10,5.44,5.99,0.1355,57022.91,52289.84,109312.76,0.5216,持有
2016-08-11,5.33,5.87,0.1143,55867.04,52289.84,108156.89,0.5165,持有
2016-08-12,5.35,5.90,0.1238,56102.50,52289.84,108392.34,0.5176,持有
2016-08-15,5.43,5.98,0.1364,56915.89,52289.84,109205.73,0.5212,持有
2016-08-16,5.51,6.08,0.1506,57814.90,52289.84,110104.74,0.5251,持有
2016-08-17,5.57,6.14,0.1584,58435.64,52289.84,110725.49,0.5278,持有
2016-08-18,5.52,6.09,0.1518,57900.52,52289.84,110190.36,0.5255,持有
2016-08-19,5.48,6.05,0.1467,57515.23,52289.84,109805.07,0.5238,持有
2016-08-22,5.39,5.94,0.1306,56552.00,52289.84,108841.85,0.5196,持有
2016-08-23,5.37,5.92,0.1272,56316.55,52289.84,108606.39,0.5185,持有
2016-08-24,5.38,5.93,0.1302,56444.98,52289.84,108734.82,0.5191,持有
2016-08-25,5.36,5.91,0.1268,56209.52,52289.84,108499.37,0.5181,持有
2016-08-26,5.37,5.92,0.1297,56337.95,52289.84,108627.80,0.5186,持有
2016-08-29,5.46,6.02,0.1501,57258.37,52289.84,109548.21,0.5227,持有
2016-08-30,5.46,6.02,0.1514,57279.77,52289.84,109569.62,0.5228,持有
2016-08-31,5.40,5.96,0.1386,56680.43,52289.84,108970.28,0.5201,持有
2016-09-01,5.36,5.91,0.1258,56188.12,52289.84,108477.96,0.5180,持有
2016-09-02,5.33,5.88,0.1130,55909.85,52289.84,108199.70,0.5167,持有
2016-09-05,5.33,5.87,0.1129,55888.45,52289.84,108178.29,0.5166,持有
2016-09-06,5.35,5.90,0.1268,56145.31,52289.84,108435.15,0.5178,持有
2016-09-07,5.33,5.87,0.1109,55867.04,52289.84,108156.89,0.5165,持有
2016-09-08,5.32,5.87,0.1108,55824.23,52289.84,108114.08,0.5163,持有
2016-09-09,5.28,5.83,0.1044,55417.54,52289.84,107707.38,0.5145,持有
2016-09-12,5.09,5.62,0.0918,53426.87,52289.84,105716.72,0.5054,买入(补至80%)
2016-09-13,5.07,5.59,0.0885,84229.54,21098.45,105327.99,0.7997,持有
2016-09-14,5.02,5.54,0.0884,83416.39,21098.45,104514.84,0.7981,持有
2016-09-19,5.18,5.71,0.1068,85957.50,21098.45,107055.95,0.8029,持有
2016-09-20,5.10,5.62,0.0974,84703.88,21098.45,105802.34,0.8006,持有
2016-09-21,5.09,5.61,0.0941,84534.48,21098.45,105632.93,0.8003,持有
2016-09-22,5.11,5.63,0.1002,84805.53,21098.45,105903.98,0.8008,持有
2016-09-23,5.05,5.57,0.0892,83890.73,21098.45,104989.18,0.7990,持有
2016-09-26,4.91,5.41,0.0768,81485.14,21098.45,102583.59,0.7943,持有
2016-09-27,4.93,5.43,0.0782,81790.07,21098.45,102888.52,0.7949,持有
2016-09-28,4.95,5.46,0.0842,82230.53,21098.45,103328.98,0.7958,持有
2016-09-29,4.95,5.46,0.0841,82196.65,21098.45,103295.10,0.7957,持有
2016-09-30,4.98,5.50,0.0870,82772.64,21098.45,103871.09,0.7969,持有
2016-10-10,5.15,5.68,0.1113,85550.92,21098.45,106649.38,0.8022,持有
2016-10-11,5.17,5.70,0.1172,85889.74,21098.45,106988.19,0.8028,持有
2016-10-12,5.10,5.62,0.1064,84703.88,21098.45,105802.34,0.8006,持有
2016-10-13,5.09,5.61,0.1017,84534.48,21098.45,105632.93,0.8003,持有
2016-10-14,5.10,5.63,0.1106,84771.65,21098.45,105870.10,0.8007,持有
2016-10-17,5.06,5.58,0.0968,84094.02,21098.45,105192.47,0.7994,持有
2016-10-18,5.17,5.70,0.1208,85788.09,21098.45,106886.55,0.8026,持有
2016-10-19,5.21,5.74,0.1312,86465.73,21098.45,107564.18,0.8039,持有
2016-10-20,5.15,5.11,0.0422,85449.28,21098.45,106547.73,0.8020,持有
2016-10-21,5.10,5.07,0.0346,84737.77,21098.45,105836.22,0.8006,持有
2016-10-24,5.14,5.10,0.0420,85279.87,21098.45,106378.32,0.8017,持有
2016-10-25,5.13,5.09,0.0420,85110.46,21098.45,106208.91,0.8013,持有
2016-10-26,5.13,5.10,0.0434,85245.99,21098.45,106344.44,0.8016,持有
2016-10-27,5.09,5.06,0.0344,84568.36,21098.45,105666.81,0.8003,持有
2016-10-28,5.06,5.03,0.0328,84060.14,21098.45,105158.59,0.7994,持有
2016-10-31,5.04,5.01,0.0298,83687.44,21098.45,104785.89,0.7987,持有
2016-11-01,5.07,5.04,0.0372,84229.54,21098.45,105327.99,0.7997,持有
2016-11-02,5.08,5.05,0.0386,84432.83,21098.45,105531.28,0.8001,持有
2016-11-03,5.10,5.06,0.0415,84636.12,21098.45,105734.57,0.8005,持有
2016-11-04,5.08,5.05,0.0385,84398.95,21098.45,105497.40,0.8000,持有
2016-11-07,5.07,5.04,0.0370,84229.54,21098.45,105327.99,0.7997,持有
2016-11-08,5.05,5.01,0.0340,83789.08,21098.45,104887.53,0.7988,持有
2016-11-09,4.97,4.93,0.0221,82501.58,21098.45,103600.04,0.7963,持有
2016-11-10,5.00,4.97,0.0295,83077.57,21098.45,104176.02,0.7975,持有
2016-11-11,5.08,5.04,0.0441,84297.31,21098.45,105395.76,0.7998,持有
2016-11-14,5.16,5.12,0.0675,85686.45,21098.45,106784.90,0.8024,持有
2016-11-15,5.14,5.11,0.0645,85415.40,21098.45,106513.85,0.8019,持有
2016-11-16,5.14,5.11,0.0644,85381.52,21098.45,106479.97,0.8019,持有
2016-11-17,5.11,5.07,0.0526,84839.41,21098.45,105937.86,0.8008,持有
2016-11-18,5.08,5.05,0.0453,84365.07,21098.45,105463.52,0.7999,持有
2016-11-21,5.08,5.05,0.0481,84432.83,21098.45,105531.28,0.8001,持有
2016-11-22,5.09,5.05,0.0509,84466.71,21098.45,105565.17,0.8001,持有
2016-11-23,5.07,5.04,0.0436,84263.42,21098.45,105361.88,0.7998,持有
2016-11-24,5.14,5.10,0.0711,85347.63,21098.45,106446.09,0.8018,持有
2016-11-25,5.08,5.05,0.0464,84365.07,21098.45,105463.52,0.7999,持有
2016-11-28,5.14,5.10,0.0724,85313.75,21098.45,106412.20,0.8017,持有
2016-11-29,5.16,5.12,0.0795,85618.69,21098.45,106717.14,0.8023,持有
2016-11-30,5.11,5.08,0.0606,84873.29,21098.45,105971.74,0.8009,持有
2016-12-01,5.13,5.09,0.0677,85110.46,21098.45,106208.91,0.8013,持有
2016-12-02,5.04,5.01,0.0331,83721.32,21098.45,104819.77,0.7987,持有
2016-12-05,5.05,5.02,0.0388,83856.85,21098.45,104955.30,0.7990,持有
2016-12-06,5.07,5.03,0.0416,84127.90,21098.45,105226.35,0.7995,持有
2016-12-07,5.12,5.08,0.0673,84941.06,21098.45,106039.51,0.8010,持有
2016-12-08,5.14,5.10,0.0801,85313.75,21098.45,106412.20,0.8017,持有
2016-12-09,5.12,5.09,0.0700,85076.58,21098.45,106175.03,0.8013,持有
2016-12-12,5.02,4.99,0.0314,83416.39,21098.45,104514.84,0.7981,持有
2016-12-13,5.07,5.04,0.0484,84263.42,21098.45,105361.88,0.7998,持有
2016-12-14,4.99,4.96,0.0284,82874.28,21098.45,103972.73,0.7971,持有
2016-12-15,4.99,4.95,0.0284,82840.40,21098.45,103938.85,0.7970,持有
2016-12-16,5.03,4.99,0.0355,83450.27,21098.45,104548.72,0.7982,持有
2016-12-19,5.00,4.96,0.0312,83009.81,21098.45,104108.26,0.7973,持有
2016-12-20,4.88,4.84,0.0156,80976.91,21098.45,102075.37,0.7933,持有
2016-12-21,4.93,4.89,0.0212,81790.07,21098.45,102888.52,0.7949,持有
2016-12-22,4.91,4.87,0.0169,81485.14,21098.45,102583.59,0.7943,持有
2016-12-23,4.87,4.83,0.0155,80807.51,21098.45,101905.96,0.7930,持有
2016-12-26,4.82,4.79,0.0155,80062.11,21098.45,101160.56,0.7914,持有
2016-12-27,4.75,4.72,0.0112,78910.14,21098.45,100008.59,0.7890,持有
2016-12-28,4.65,4.62,0.0070,77182.18,21098.45,98280.63,0.7853,买入(补至100%)
2016-12-29,4.72,4.68,0.0126,99702.47,1.86,99704.34,1.0000,持有
2016-12-30,4.75,4.72,0.0140,100435.89,1.86,100437.76,1.0000,持有
2017-01-03,4.76,4.73,0.0168,100608.46,1.86,100610.33,1.0000,持有
2017-01-04,4.84,4.80,0.0237,102247.88,1.86,102249.75,1.0000,持有
2017-01-05,4.82,4.78,0.0223,101859.60,1.86,101861.46,1.0000,持有
2017-01-06,4.83,4.80,0.0250,102118.45,1.86,102120.32,1.0000,持有
2017-01-09,4.78,4.75,0.0194,101169.32,1.86,101171.18,1.0000,持有
2017-01-10,4.86,4.83,0.0291,102808.74,1.86,102810.60,1.0000,持有
2017-01-11,4.80,4.76,0.0222,101428.17,1.86,101430.04,1.0000,持有
2017-01-12,4.76,4.73,0.0166,100608.46,1.86,100610.33,1.0000,持有
2017-01-13,4.72,4.69,0.0138,99831.90,1.86,99833.76,1.0000,持有
2017-01-16,4.67,4.64,0.0110,98796.48,1.86,98798.34,1.0000,持有
2017-01-17,4.69,4.66,0.0124,99227.90,1.86,99229.77,1.0000,持有
2017-01-18,4.76,4.73,0.0248,100737.89,1.86,100739.76,1.0000,持有
2017-01-19,4.81,4.78,0.0316,101730.17,1.86,101732.04,1.0000,持有
2017-01-20,4.87,4.83,0.0398,102895.02,1.86,102896.89,1.0000,持有
2017-01-23,4.85,4.81,0.0384,102463.60,1.86,102465.46,1.0000,持有
2017-01-24,4.93,4.90,0.0520,104318.73,1.86,104320.59,1.0000,持有
2017-01-25,4.92,4.89,0.0505,104103.01,1.86,104104.88,1.0000,持有
2017-01-26,4.89,4.86,0.0450,103369.59,1.86,103371.45,1.0000,持有
2017-02-03,4.82,4.78,0.0327,101816.46,1.86,101818.32,1.0000,持有
2017-02-06,4.85,4.82,0.0408,102593.02,1.86,102594.89,1.0000,持有
2017-02-07,4.89,4.86,0.0489,103412.73,1.86,103414.60,1.0000,持有
2017-02-08,4.86,4.82,0.0421,102679.31,1.86,102681.17,1.0000,持有
2017-02-09,4.87,4.83,0.0474,102938.16,1.86,102940.03,1.0000,持有
2017-02-10,4.91,4.88,0.0541,103887.30,1.86,103889.16,1.0000,持有
2017-02-13,4.99,4.95,0.0716,105483.57,1.86,105485.44,1.0000,持有
2017-02-14,4.94,4.90,0.0648,104405.01,1.86,104406.88,1.0000,持有
2017-02-15,4.91,4.88,0.0539,103801.01,1.86,103802.88,1.0000,持有
2017-02-16,4.95,4.91,0.0673,104577.58,1.86,104579.45,1.0000,持有
2017-02-17,4.95,4.92,0.0685,104707.01,1.86,104708.87,1.0000,持有
2017-02-20,5.15,5.11,0.1436,108891.84,1.86,108893.70,1.0000,持有
2017-02-21,5.38,5.34,0.1729,113680.66,1.86,113682.53,1.0000,持有
2017-02-22,5.37,5.34,0.1727,113594.38,1.86,113596.24,1.0000,持有
2017-02-23,5.34,5.31,0.1698,112990.38,1.86,112992.25,1.0000,持有
2017-02-24,5.38,5.35,0.1762,113810.09,1.86,113811.96,1.0000,持有
2017-02-27,5.27,5.23,0.1640,111350.96,1.86,111352.83,1.0000,持有
2017-02-28,5.32,5.28,0.1691,112515.81,1.86,112517.68,1.0000,持有
2017-03-01,5.29,5.26,0.1676,111954.96,1.86,111956.82,1.0000,持有
2017-03-02,5.31,5.27,0.1687,112213.82,1.86,112215.68,1.0000,持有
2017-03-03,5.26,5.22,0.1631,111178.39,1.86,111180.26,1.0000,持有
2017-03-06,5.32,5.29,0.1735,112558.96,1.86,112560.82,1.0000,持有
2017-03-07,5.41,5.38,0.1878,114457.23,1.86,114459.09,1.0000,持有
2017-03-08,5.33,5.29,0.1744,112602.10,1.86,112603.96,1.0000,持有
2017-03-09,5.35,5.31,0.1781,113076.67,1.86,113078.53,1.0000,持有
2017-03-10,5.41,5.37,0.1897,114414.09,1.86,114415.95,1.0000,持有
2017-03-13,5.43,5.39,0.1921,114759.23,1.86,114761.09,1.0000,持有
2017-03-14,5.39,5.35,0.1866,113939.52,1.86,113941.38,1.0000,持有
2017-03-15,5.45,5.41,0.1955,115233.79,1.86,115235.66,1.0000,持有
2017-03-16,5.55,5.51,0.2071,117261.50,1.86,117263.36,1.0000,持有
2017-03-17,5.55,5.51,0.2068,117261.50,1.86,117263.36,1.0000,持有
2017-03-20,5.70,5.66,0.2314,120583.47,1.86,120585.34,1.0000,持有
2017-03-21,5.73,5.69,0.2363,121187.47,1.86,121189.33,1.0000,持有
2017-03-22,5.85,5.81,0.2490,123646.60,1.86,123648.46,1.0000,持有
2017-03-23,5.71,5.67,0.2331,120799.19,1.86,120801.05,1.0000,持有
2017-03-24,5.69,5.65,0.2302,120238.33,1.86,120240.20,1.0000,持有
2017-03-27,5.70,5.66,0.2312,120497.19,1.86,120499.05,1.0000,持有
2017-03-28,5.66,5.62,0.2244,119720.62,1.86,119722.49,1.0000,持有
2017-03-29,5.59,5.55,0.2124,118253.77,1.86,118255.64,1.0000,持有
2017-03-30,5.65,5.61,0.2199,119504.91,1.86,119506.77,1.0000,持有
2017-03-31,5.55,5.51,0.2067,117347.78,1.86,117349.65,1.0000,持有
2017-04-05,5.59,5.55,0.2129,118124.35,1.86,118126.21,1.0000,持有
2017-04-06,5.67,5.63,0.2320,119806.91,1.86,119808.77,1.0000,持有
2017-04-07,5.61,5.57,0.2162,118685.20,1.86,118687.07,1.0000,持有
2017-04-10,5.44,5.41,0.1902,115104.37,1.86,115106.23,1.0000,持有
2017-04-11,5.51,5.47,0.2015,116484.93,1.86,116486.79,1.0000,持有
2017-04-12,5.50,5.46,0.2013,116312.36,1.86,116314.22,1.0000,持有
2017-04-13,5.47,5.43,0.1933,115578.94,1.86,115580.80,1.0000,持有
2017-04-14,5.52,5.48,0.2046,116700.64,1.86,116702.51,1.0000,持有
2017-04-17,5.37,5.33,0.1750,113464.95,1.86,113466.81,1.0000,持有
2017-04-18,5.41,6.02,0.3112,114327.80,1.86,114329.67,1.0000,持有
2017-04-19,5.43,6.04,0.3172,114845.51,1.86,114847.38,1.0000,持有
2017-04-20,5.46,6.08,0.3232,115492.65,1.86,115494.52,1.0000,持有
2017-04-21,5.60,6.23,0.3380,118426.34,1.86,118428.21,1.0000,持有
2017-04-24,5.36,5.96,0.3008,113249.24,1.86,113251.10,1.0000,持有
2017-04-25,5.40,6.01,0.3105,114155.23,1.86,114157.10,1.0000,持有
2017-04-26,5.71,5.12,0.1367,120842.33,1.86,120844.19,1.0000,持有
2017-04-27,5.74,5.14,0.1454,121316.90,1.86,121318.76,1.0000,持有
2017-04-28,5.69,5.10,0.1237,120367.76,1.86,120369.63,1.0000,持有
2017-05-02,5.70,5.10,0.1274,120454.05,1.86,120455.91,1.0000,持有
2017-05-03,5.70,5.10,0.1272,120454.05,1.86,120455.91,1.0000,持有
2017-05-04,5.71,5.12,0.1396,120842.33,1.86,120844.19,1.0000,持有
2017-05-05,5.67,5.08,0.1131,119893.19,1.86,119895.06,1.0000,持有
2017-05-08,5.16,4.62,0.0075,109064.41,1.86,109066.27,1.0000,持有
2017-05-09,5.34,4.78,0.0326,112947.24,1.86,112949.10,1.0000,持有
2017-05-10,5.17,4.63,0.0100,109323.26,1.86,109325.13,1.0000,持有
2017-05-11,5.15,4.61,0.0063,108934.98,1.86,108936.85,1.0000,持有
2017-05-12,5.13,4.59,0.0050,108503.55,1.86,108505.42,1.0000,持有
2017-05-15,5.02,4.50,0.0012,106217.00,1.86,106218.86,1.0000,持有
2017-05-16,5.03,4.50,0.0025,106260.14,1.86,106262.01,1.0000,持有
2017-05-17,5.09,4.56,0.0075,107726.99,1.86,107728.85,1.0000,持有
2017-05-18,5.10,4.57,0.0087,107856.42,1.86,107858.28,1.0000,持有
2017-05-19,5.07,4.54,0.0050,107122.99,1.86,107124.86,1.0000,持有
2017-05-22,4.95,4.44,0.0012,104750.15,1.86,104752.02,1.0000,持有
2017-05-23,4.84,4.33,0.0000,102334.17,1.86,102336.03,1.0000,持有
2017-05-24,4.73,4.24,0.0000,100090.75,1.86,100092.62,1.0000,持有
2017-05-25,4.83,4.33,0.0012,102204.74,1.86,102206.60,1.0000,持有
2017-05-26,4.91,4.40,0.0049,103887.30,1.86,103889.16,1.0000,持有
2017-05-31,4.93,4.41,0.0062,104189.30,1.86,104191.16,1.0000,持有
2017-06-01,4.85,4.34,0.0037,102506.74,1.86,102508.60,1.0000,持有
2017-06-02,4.84,4.33,0.0025,102247.88,1.86,102249.75,1.0000,持有
2017-06-05,4.93,4.42,0.0098,104275.58,1.86,104277.45,1.0000,持有
2017-06-06,5.05,4.52,0.0159,106777.85,1.86,106779.72,1.0000,持有
2017-06-07,5.14,4.61,0.0257,108762.41,1.86,108764.27,1.0000,持有
2017-06-08,5.15,4.61,0.0269,108848.70,1.86,108850.56,1.0000,持有
2017-06-09,5.22,4.67,0.0391,110401.83,1.86,110403.69,1.0000,持有
2017-06-12,5.19,4.65,0.0366,109797.83,1.86,109799.70,1.0000,持有
2017-06-13,5.26,4.71,0.0438,111135.25,1.86,111137.12,1.0000,持有
2017-06-14,5.32,4.76,0.0535,112386.39,1.86,112388.25,1.0000,持有
2017-06-15,5.24,4.69,0.0437,110790.11,1.86,110791.98,1.0000,持有
2017-06-16,5.24,4.69,0.0437,110746.97,1.86,110748.83,1.0000,持有
2017-06-19,5.28,4.73,0.0533,111739.25,1.86,111741.11,1.0000,持有
2017-06-20,5.37,4.81,0.0702,113637.52,1.86,113639.38,1.0000,持有
2017-06-21,5.37,4.81,0.0701,113508.09,1.86,113509.96,1.0000,持有
2017-06-22,5.37,4.81,0.0713,113551.23,1.86,113553.10,1.0000,持有
2017-06-23,5.38,4.82,0.0760,113853.23,1.86,113855.10,1.0000,持有
2017-06-26,5.43,4.86,0.0867,114802.37,1.86,114804.23,1.0000,持有
2017-06-27,5.36,4.80,0.0698,113421.81,1.86,113423.67,1.0000,持有
2017-06-28,5.32,4.76,0.0577,112429.53,1.86,112431.39,1.0000,持有
2017-06-29,5.39,4.82,0.0804,113896.38,1.86,113898.24,1.0000,持有
2017-06-30,5.55,4.97,0.1187,117434.07,1.86,117435.93,1.0000,持有
2017-07-03,5.51,4.94,0.1078,116614.36,1.86,116616.22,1.0000,持有
2017-07-04,5.66,5.06,0.1507,119591.19,1.86,119593.06,1.0000,持有
2017-07-05,5.66,5.07,0.1517,119677.48,1.86,119679.34,1.0000,持有
2017-07-06,5.75,5.14,0.1945,121489.47,1.86,121491.33,1.0000,持有
2017-07-07,5.83,5.22,0.2062,123344.60,1.86,123346.46,1.0000,持有
2017-07-10,6.08,5.45,0.2464,128651.13,1.86,128653.00,1.0000,持有
2017-07-11,6.00,5.25,0.2105,126972.95,1.86,126974.81,1.0000,持有
2017-07-12,6.05,5.29,0.2185,127944.57,1.86,127946.43,1.0000,持有
2017-07-13,6.13,5.36,0.2325,129622.82,1.86,129624.68,1.0000,持有
2017-07-14,6.04,5.28,0.2145,127679.58,1.86,127681.45,1.0000,持有
2017-07-17,5.70,4.98,0.1195,120436.60,1.86,120438.47,1.0000,持有
2017-07-18,5.83,5.10,0.1702,123307.30,1.86,123309.16,1.0000,持有
2017-07-19,5.91,5.17,0.2031,124985.55,1.86,124987.41,1.0000,持有
2017-07-20,5.93,3.61,0.0000,125471.36,1.86,125473.22,1.0000,持有
2017-07-21,5.99,3.65,0.0012,126752.13,1.86,126753.99,1.0000,持有
2017-07-24,6.09,3.71,0.0024,128739.53,1.86,128741.39,1.0000,持有
2017-07-25,5.97,3.63,0.0012,126133.82,1.86,126135.69,1.0000,持有
2017-07-26,5.81,3.53,0.0000,122777.32,1.86,122779.19,1.0000,持有
2017-07-27,5.81,3.54,0.0012,122865.65,1.86,122867.52,1.0000,持有
2017-07-28,5.97,3.63,0.0047,126177.99,1.86,126179.85,1.0000,持有
2017-07-31,5.94,3.62,0.0035,125648.01,1.86,125649.88,1.0000,持有
2017-08-01,5.74,3.50,0.0000,121452.39,1.86,121454.25,1.0000,持有
2017-08-02,5.80,3.53,0.0012,122644.83,1.86,122646.69,1.0000,持有
2017-08-03,5.72,3.48,0.0000,121010.74,1.86,121012.61,1.0000,持有
2017-08-04,5.85,3.56,0.0058,123660.61,1.86,123662.48,1.0000,持有
2017-08-07,6.10,3.71,0.0140,128960.35,1.86,128962.22,1.0000,持有
2017-08-08,6.71,4.08,0.0151,141856.39,1.86,141858.25,1.0000,持有
2017-08-09,6.73,4.10,0.0162,142386.36,1.86,142388.23,1.0000,持有
2017-08-10,6.60,4.02,0.0151,139471.50,1.86,139473.37,1.0000,持有
2017-08-11,6.74,4.11,0.0185,142607.18,1.86,142609.05,1.0000,持有
2017-08-14,6.86,4.18,0.0197,145124.56,1.86,145126.43,1.0000,持有
2017-08-15,6.77,4.12,0.0196,143092.99,1.86,143094.86,1.0000,持有
2017-08-16,6.70,4.08,0.0161,141591.40,1.86,141593.27,1.0000,持有
2017-08-17,6.69,4.07,0.0161,141547.24,1.86,141549.10,1.0000,持有
2017-08-18,6.63,4.03,0.0161,140133.97,1.86,140135.84,1.0000,持有
2017-08-21,6.56,4.00,0.0149,138809.04,1.86,138810.90,1.0000,持有
2017-08-22,7.05,4.29,0.0276,149055.20,1.86,149057.07,1.0000,持有
2017-08-23,7.01,4.26,0.0275,148127.75,1.86,148129.61,1.0000,持有
2017-08-24,7.34,4.47,0.0401,155282.40,1.86,155284.26,1.0000,持有
2017-08-25,7.45,4.54,0.0469,157623.12,1.86,157624.98,1.0000,持有
2017-08-28,7.95,4.84,0.1131,168178.43,1.86,168180.30,1.0000,持有
2017-08-29,7.76,4.72,0.0776,163982.80,1.86,163984.67,1.0000,持有
2017-08-30,8.52,5.19,0.2303,180147.01,1.86,180148.88,1.0000,持有
2017-08-31,8.72,5.31,0.2517,184475.13,1.86,184477.00,1.0000,持有
2017-09-01,8.83,5.37,0.2662,186639.19,1.86,186641.06,1.0000,持有
2017-09-04,8.50,5.18,0.2295,179793.70,1.86,179795.56,1.0000,持有
2017-09-05,8.50,5.18,0.2304,179837.86,1.86,179839.73,1.0000,持有
2017-09-06,8.58,5.23,0.2370,181516.11,1.86,181517.98,1.0000,持有
2017-09-07,8.35,5.09,0.1869,176658.02,1.86,176659.88,1.0000,持有
2017-09-08,8.45,5.14,0.2206,178645.42,1.86,178647.28,1.0000,持有
2017-09-11,8.39,5.11,0.2045,177364.65,1.86,177366.51,1.0000,持有
2017-09-12,8.07,4.92,0.1321,170739.97,1.86,170741.84,1.0000,持有
2017-09-13,8.19,4.98,0.1488,173080.69,1.86,173082.56,1.0000,持有
2017-09-14,8.24,5.02,0.1599,174228.97,1.86,174230.83,1.0000,持有
2017-09-15,8.23,5.01,0.1541,173919.82,1.86,173921.68,1.0000,持有
2017-09-18,8.21,5.00,0.1528,173610.67,1.86,173612.53,1.0000,持有
2017-09-19,8.06,4.91,0.1302,170386.66,1.86,170388.52,1.0000,持有
2017-09-20,7.89,4.80,0.0964,166765.17,1.86,166767.03,1.0000,持有
2017-09-21,7.91,4.81,0.1041,167206.81,1.86,167208.68,1.0000,持有
2017-09-22,7.68,4.68,0.0682,162481.21,1.86,162483.08,1.0000,持有
2017-09-25,7.78,4.73,0.0838,164468.61,1.86,164470.48,1.0000,持有
2017-09-26,7.68,4.68,0.0681,162481.21,1.86,162483.08,1.0000,持有
2017-09-27,7.72,4.70,0.0747,163276.17,1.86,163278.04,1.0000,持有
2017-09-28,7.57,4.61,0.0546,160052.16,1.86,160054.03,1.0000,持有
2017-09-29,7.74,4.71,0.0779,163717.82,1.86,163719.68,1.0000,持有
2017-10-09,7.93,4.83,0.1167,167736.79,1.86,167738.65,1.0000,持有
2017-10-10,8.34,5.07,0.1942,176260.54,1.86,176262.40,1.0000,持有
2017-10-11,8.39,5.11,0.2206,177408.81,1.86,177410.68,1.0000,持有
2017-10-12,8.28,5.04,0.1805,175156.42,1.86,175158.29,1.0000,持有
2017-10-13,8.05,4.90,0.1361,170254.16,1.86,170256.03,1.0000,持有
2017-10-16,8.10,4.93,0.1436,171181.62,1.86,171183.48,1.0000,持有
2017-10-17,8.35,5.08,0.2020,176525.52,1.86,176527.39,1.0000,持有
2017-10-18,8.06,4.60,0.0518,170474.99,1.86,170476.85,1.0000,持有
2017-10-19,8.19,4.67,0.0683,173169.02,1.86,173170.89,1.0000,持有
2017-10-20,8.29,4.73,0.0869,175200.59,1.86,175202.45,1.0000,持有
2017-10-23,8.80,5.02,0.1758,186153.39,1.86,186155.25,1.0000,持有
2017-10-24,8.79,5.01,0.1734,185844.23,1.86,185846.10,1.0000,持有
2017-10-25,9.14,5.21,0.2577,193219.71,1.86,193221.57,1.0000,持有
2017-10-26,9.03,5.15,0.2464,191011.48,1.86,191013.35,1.0000,持有
2017-10-27,9.32,5.31,0.2812,196973.69,1.86,196975.55,1.0000,持有
2017-10-30,9.36,5.34,0.2863,197901.14,1.86,197903.01,1.0000,持有
2017-10-31,9.84,5.61,0.3330,207970.65,1.86,207972.52,1.0000,持有
2017-11-01,9.75,5.56,0.3261,206159.91,1.86,206161.77,1.0000,持有
2017-11-02,9.66,5.51,0.3181,204216.67,1.86,204218.53,1.0000,持有
2017-11-03,9.92,5.66,0.3482,209781.40,1.86,209783.26,1.0000,持有
2017-11-06,10.10,5.76,0.3663,213579.54,1.86,213581.41,1.0000,持有
2017-11-07,10.06,5.74,0.3648,212652.09,1.86,212653.95,1.0000,持有
2017-11-08,9.80,5.59,0.3297,207175.69,1.86,207177.55,1.0000,持有
2017-11-09,9.51,5.43,0.3001,201125.15,1.86,201127.02,1.0000,持有
2017-11-10,9.86,5.62,0.3409,208412.30,1.86,208414.16,1.0000,持有
2017-11-13,9.71,5.54,0.3222,205276.62,1.86,205278.48,1.0000,持有
2017-11-14,10.09,5.76,0.3693,213402.88,1.86,213404.75,1.0000,持有
2017-11-15,9.79,5.58,0.3290,206999.03,1.86,207000.90,1.0000,持有
2017-11-16,10.77,6.14,0.4321,227712.18,1.86,227714.05,1.0000,持有
2017-11-17,10.94,6.24,0.4403,231422.00,1.86,231423.87,1.0000,持有
2017-11-20,11.45,6.53,0.4742,242021.48,1.86,242023.35,1.0000,持有
2017-11-21,11.44,6.53,0.4737,241977.32,1.86,241979.18,1.0000,持有
2017-11-22,11.07,6.31,0.4506,234071.87,1.86,234073.74,1.0000,持有
2017-11-23,10.63,6.06,0.4202,224797.33,1.86,224799.19,1.0000,持有
2017-11-24,10.49,5.98,0.4069,221838.30,1.86,221840.17,1.0000,持有
2017-11-27,10.08,5.75,0.3668,213093.73,1.86,213095.60,1.0000,持有
2017-11-28,10.74,6.12,0.4295,227005.55,1.86,227007.42,1.0000,持有
2017-11-29,10.80,6.16,0.4376,228462.98,1.86,228464.85,1.0000,持有
2017-11-30,9.81,5.59,0.3294,207352.35,1.86,207354.21,1.0000,持有
2017-12-01,9.83,5.61,0.3312,207882.32,1.86,207884.19,1.0000,持有
2017-12-04,10.32,5.89,0.3840,218305.14,1.86,218307.01,1.0000,持有
2017-12-05,10.28,5.86,0.3762,217289.36,1.86,217291.23,1.0000,持有
2017-12-06,10.73,6.12,0.4310,226828.89,1.86,226830.76,1.0000,持有
2017-12-07,10.54,6.01,0.4136,222765.76,1.86,222767.62,1.0000,持有
2017-12-08,11.08,6.32,0.4587,234381.02,1.86,234382.89,1.0000,持有
2017-12-11,11.26,6.42,0.4688,238046.68,1.86,238048.54,1.0000,持有
2017-12-12,11.10,6.33,0.4588,234778.50,1.86,234780.37,1.0000,持有
2017-12-13,11.13,6.35,0.4604,235396.81,1.86,235398.67,1.0000,持有
2017-12-14,11.15,6.36,0.4631,235838.45,1.86,235840.32,1.0000,持有
2017-12-15,11.11,6.34,0.4594,234999.33,1.86,235001.19,1.0000,持有
2017-12-18,10.76,6.14,0.4316,227535.53,1.86,227537.39,1.0000,持有
2017-12-19,10.92,6.23,0.4406,230936.19,1.86,230938.06,1.0000,持有
2017-12-20,11.45,6.53,0.4874,242109.81,1.86,242111.68,1.0000,持有
2017-12-21,11.48,6.55,0.4911,242683.95,1.86,242685.82,1.0000,持有
2017-12-22,11.41,6.51,0.4822,241359.02,1.86,241360.88,1.0000,持有
2017-12-25,11.20,6.39,0.4670,236810.07,1.86,236811.94,1.0000,持有
2017-12-26,11.30,6.45,0.4738,238974.13,1.86,238976.00,1.0000,持有
2017-12-27,10.93,6.24,0.4410,231201.18,1.86,231203.04,1.0000,持有
2017-12-28,11.11,6.33,0.4572,234822.67,1.86,234824.53,1.0000,持有
2017-12-29,11.04,6.30,0.4515,233453.57,1.86,233455.43,1.0000,持有
2018-01-02,11.06,6.31,0.4521,233762.72,1.86,233764.59,1.0000,持有
2018-01-03,11.00,6.27,0.4454,232570.28,1.86,232572.14,1.0000,持有
2018-01-04,10.99,6.27,0.4439,232349.46,1.86,232351.32,1.0000,持有
2018-01-05,11.24,6.41,0.4725,237737.53,1.86,237739.39,1.0000,持有
2018-01-08,12.37,7.05,0.6380,261498.03,1.86,261499.89,1.0000,持有
2018-01-09,12.45,7.10,0.6497,263264.61,1.86,263266.47,1.0000,持有
2018-01-10,12.39,7.07,0.6398,262028.00,1.86,262029.87,1.0000,持有
2018-01-11,12.26,6.99,0.6225,259157.31,1.86,259159.18,1.0000,持有
2018-01-12,12.31,7.02,0.6312,260393.92,1.86,260395.78,1.0000,持有
2018-01-15,11.92,6.80,0.5604,251958.50,1.86,251960.36,1.0000,持有
2018-01-16,12.89,7.35,0.6897,272494.99,1.86,272496.86,1.0000,持有
2018-01-17,12.80,7.30,0.6859,270728.41,1.86,270730.28,1.0000,持有
2018-01-18,12.61,7.19,0.6667,266532.78,1.86,266534.65,1.0000,持有
2018-01-19,12.52,7.14,0.6547,264766.20,1.86,264768.07,1.0000,持有
2018-01-22,12.87,7.34,0.6889,272097.51,1.86,272099.38,1.0000,持有
2018-01-23,13.00,7.41,0.6944,274791.55,1.86,274793.41,1.0000,持有
2018-01-24,12.88,7.35,0.6895,272450.83,1.86,272452.69,1.0000,持有
2018-01-25,12.80,7.30,0.6837,270728.41,1.86,270730.28,1.0000,持有
2018-01-26,12.80,7.30,0.6830,270640.08,1.86,270641.95,1.0000,持有
2018-01-29,12.59,7.18,0.6609,266311.96,1.86,266313.83,1.0000,持有
2018-01-30,12.43,7.09,0.6408,262822.96,1.86,262824.83,1.0000,持有
2018-01-31,12.46,7.11,0.6463,263441.27,1.86,263443.13,1.0000,持有
2018-02-01,11.34,6.47,0.4715,239813.26,1.86,239815.12,1.0000,持有
2018-02-02,11.56,6.60,0.4995,244494.70,1.86,244496.56,1.0000,持有
2018-02-05,11.17,6.37,0.4563,236103.44,1.86,236105.30,1.0000,持有
2018-02-06,10.50,5.99,0.3919,222059.13,1.86,222060.99,1.0000,持有
2018-02-07,10.08,5.75,0.3509,213226.23,1.86,213228.09,1.0000,持有
2018-02-08,10.48,5.98,0.3880,221617.48,1.86,221619.35,1.0000,持有
2018-02-09,10.19,5.81,0.3543,215522.78,1.86,215524.65,1.0000,持有
2018-02-12,10.65,5.75,0.3498,225238.97,1.86,225240.84,1.0000,持有
2018-02-13,10.59,5.72,0.3455,224002.37,1.86,224004.23,1.0000,持有
2018-02-14,10.71,5.78,0.3542,226563.91,1.86,226565.77,1.0000,持有
2018-02-22,10.93,5.90,0.3750,231068.69,1.86,231070.55,1.0000,持有
2018-02-23,11.05,5.96,0.3897,233630.23,1.86,233632.09,1.0000,持有
2018-02-26,10.53,5.68,0.3350,222721.59,1.86,222723.46,1.0000,持有
2018-02-27,10.08,5.44,0.2844,213093.73,1.86,213095.60,1.0000,持有
2018-02-28,10.18,5.49,0.2912,215169.46,1.86,215171.33,1.0000,持有
2018-03-01,10.18,5.49,0.2919,215257.79,1.86,215259.66,1.0000,持有
2018-03-02,10.16,5.48,0.2906,214771.98,1.86,214773.85,1.0000,持有
2018-03-05,9.81,5.30,0.2533,207529.01,1.86,207530.87,1.0000,持有
2018-03-06,9.63,5.20,0.2350,203730.86,1.86,203732.72,1.0000,持有
2018-03-07,9.98,5.39,0.2747,211018.00,1.86,211019.87,1.0000,持有
2018-03-08,9.98,5.38,0.2745,210929.67,1.86,210931.54,1.0000,持有
2018-03-09,10.37,5.59,0.3170,219188.43,1.86,219190.30,1.0000,持有
2018-03-12,10.41,5.62,0.3257,220160.05,1.86,220161.92,1.0000,持有
2018-03-13,10.52,5.68,0.3403,222412.44,1.86,222414.31,1.0000,持有
2018-03-14,10.24,5.53,0.3022,216494.40,1.86,216496.26,1.0000,持有
2018-03-15,10.22,5.52,0.3019,216185.25,1.86,216187.11,1.0000,持有
2018-03-16,10.38,5.60,0.3194,219585.92,1.86,219587.78,1.0000,持有
2018-03-19,9.89,5.34,0.2616,209118.93,1.86,209120.79,1.0000,持有
2018-03-20,9.97,5.38,0.2733,210841.34,1.86,210843.21,1.0000,持有
2018-03-21,10.00,5.40,0.2770,211547.98,1.86,211549.84,1.0000,持有
2018-03-22,9.75,5.26,0.2441,206248.23,1.86,206250.10,1.0000,持有
2018-03-23,9.81,5.30,0.2517,207529.01,1.86,207530.87,1.0000,持有
2018-03-26,9.81,5.29,0.2515,207440.68,1.86,207442.54,1.0000,持有
2018-03-27,9.80,5.29,0.2502,207219.85,1.86,207221.72,1.0000,持有
2018-03-28,9.47,5.11,0.2077,200286.03,1.86,200287.89,1.0000,持有
2018-03-29,9.50,5.13,0.2153,200860.17,1.86,200862.03,1.0000,持有
2018-03-30,9.46,5.10,0.2014,199976.88,1.86,199978.74,1.0000,持有
2018-04-02,9.86,5.32,0.2620,208544.79,1.86,208546.65,1.0000,持有
2018-04-03,10.29,5.55,0.3157,217510.18,1.86,217512.05,1.0000,持有
2018-04-04,10.38,5.60,0.3262,219541.75,1.86,219543.62,1.0000,持有
2018-04-09,10.03,5.41,0.2838,211989.62,1.86,211991.49,1.0000,持有
2018-04-10,9.82,5.30,0.2561,207573.17,1.86,207575.03,1.0000,持有
2018-04-11,10.71,5.78,0.3721,226387.25,1.86,226389.11,1.0000,持有
2018-04-12,10.69,5.77,0.3717,226033.93,1.86,226035.80,1.0000,持有
2018-04-13,10.73,5.79,0.3743,226917.22,1.86,226919.09,1.0000,持有
2018-04-16,10.66,5.75,0.3681,225327.30,1.86,225329.17,1.0000,持有
2018-04-17,10.55,5.69,0.3551,223030.75,1.86,223032.61,1.0000,持有
2018-04-18,10.51,5.67,0.3489,222279.95,1.86,222281.81,1.0000,持有
2018-04-19,10.37,5.59,0.3243,219188.43,1.86,219190.30,1.0000,持有
2018-04-20,10.23,5.45,0.2929,216406.07,1.86,216407.94,1.0000,持有
2018-04-23,9.91,5.28,0.2452,209472.24,1.86,209474.11,1.0000,持有
2018-04-24,10.06,5.36,0.2711,212784.58,1.86,212786.45,1.0000,持有
2018-04-25,9.99,5.32,0.2602,211238.82,1.86,211240.69,1.0000,持有
2018-04-26,9.82,5.23,0.2367,207617.33,1.86,207619.20,1.0000,持有
2018-04-27,9.98,5.31,0.2597,210929.67,1.86,210931.54,1.0000,持有
2018-05-02,9.94,5.29,0.2517,210090.55,1.86,210092.41,1.0000,持有
2018-05-03,9.98,5.32,0.2620,211106.33,1.86,211108.20,1.0000,持有
2018-05-04,10.31,5.49,0.3041,217907.66,1.86,217909.53,1.0000,持有
2018-05-07,10.32,5.50,0.3077,218216.82,1.86,218218.68,1.0000,持有
2018-05-08,10.37,5.52,0.3151,219276.76,1.86,219278.63,1.0000,持有
2018-05-09,10.45,5.57,0.3244,220999.18,1.86,221001.04,1.0000,持有
2018-05-10,10.36,5.52,0.3135,219011.78,1.86,219013.64,1.0000,持有
2018-05-11,10.55,5.62,0.3439,223030.75,1.86,223032.61,1.0000,持有
2018-05-14,10.82,5.76,0.3818,228727.97,1.86,228729.83,1.0000,持有
2018-05-15,10.85,5.78,0.3834,229346.27,1.86,229348.14,1.0000,持有
2018-05-16,10.89,5.80,0.3868,230185.40,1.86,230187.26,1.0000,持有
2018-05-17,10.94,5.83,0.3903,231333.67,1.86,231335.54,1.0000,持有
2018-05-18,11.19,5.96,0.4204,236633.41,1.86,236635.28,1.0000,持有
2018-05-21,10.58,5.64,0.3514,223737.38,1.86,223739.24,1.0000,持有
2018-05-22,11.16,5.95,0.4186,236015.11,1.86,236016.98,1.0000,持有
2018-05-23,11.03,5.87,0.3983,233188.58,1.86,233190.45,1.0000,持有
2018-05-24,11.30,6.02,0.4359,238841.64,1.86,238843.50,1.0000,持有
2018-05-25,11.54,6.15,0.4573,244008.89,1.86,244010.75,1.0000,持有
2018-05-28,11.38,6.06,0.4436,240564.05,1.86,240565.92,1.0000,持有
2018-05-29,10.96,5.84,0.3892,231731.15,1.86,231733.02,1.0000,持有
2018-05-30,10.95,5.83,0.3888,231598.66,1.86,231600.53,1.0000,持有
2018-05-31,11.01,5.86,0.3951,232746.94,1.86,232748.80,1.0000,持有
2018-06-01,10.82,5.76,0.3787,228816.30,1.86,228818.16,1.0000,持有
2018-06-04,10.63,5.66,0.3519,224797.33,1.86,224799.19,1.0000,持有
2018-06-05,10.82,5.76,0.3779,228727.97,1.86,228729.83,1.0000,持有
2018-06-06,10.92,5.81,0.3870,230803.70,1.86,230805.56,1.0000,持有
2018-06-07,10.80,5.75,0.3744,228330.49,1.86,228332.35,1.0000,持有
2018-06-08,10.56,5.62,0.3421,223251.57,1.86,223253.43,1.0000,持有
2018-06-11,10.49,5.59,0.3230,221794.14,1.86,221796.01,1.0000,持有
2018-06-12,10.51,5.60,0.3283,222279.95,1.86,222281.81,1.0000,持有
2018-06-13,10.54,5.61,0.3374,222854.09,1.86,222855.95,1.0000,持有
2018-06-14,10.38,5.53,0.3099,219497.59,1.86,219499.45,1.0000,持有
2018-06-15,10.19,5.43,0.2834,215566.95,1.86,215568.81,1.0000,持有
2018-06-19,9.80,5.22,0.2271,207308.18,1.86,207310.05,1.0000,持有
2018-06-20,9.80,5.22,0.2260,207131.52,1.86,207133.39,1.0000,持有
2018-06-21,9.41,5.01,0.1483,199049.42,1.86,199051.29,1.0000,持有
2018-06-22,9.42,5.02,0.1510,199270.24,1.86,199272.11,1.0000,持有
2018-06-25,9.13,4.86,0.1089,193087.21,1.86,193089.08,1.0000,持有
2018-06-26,8.87,4.73,0.0726,187610.81,1.86,187612.68,1.0000,持有
2018-06-27,9.13,4.86,0.1097,192998.88,1.86,193000.75,1.0000,持有
2018-06-28,9.06,4.83,0.1003,191629.78,1.86,191631.65,1.0000,持有
2018-06-29,9.29,4.95,0.1327,196355.39,1.86,196357.25,1.0000,持有
2018-07-02,9.24,4.92,0.1270,195339.60,1.86,195341.47,1.0000,持有
2018-07-03,8.92,4.68,0.0611,188717.71,1.86,188719.57,1.0000,持有
2018-07-04,8.55,4.49,0.0333,180884.75,1.86,180886.62,1.0000,持有
2018-07-05,8.27,4.34,0.0268,174909.09,1.86,174910.96,1.0000,持有
2018-07-06,8.37,4.39,0.0295,177008.65,1.86,177010.51,1.0000,持有
2018-07-09,9.06,4.75,0.0821,191624.78,1.86,191626.65,1.0000,持有
2018-07-10,9.38,4.92,0.1309,198407.96,1.86,198409.83,1.0000,持有
2018-07-11,9.74,5.11,0.2053,205917.91,1.86,205919.77,1.0000,持有
2018-07-12,9.68,5.08,0.1831,204706.63,1.86,204708.49,1.0000,持有
2018-07-13,9.83,5.16,0.2252,207936.71,1.86,207938.58,1.0000,持有
2018-07-16,10.17,5.33,0.2718,215123.65,1.86,215125.51,1.0000,持有
2018-07-17,10.30,5.40,0.2899,217707.72,1.86,217709.58,1.0000,持有
2018-07-18,10.17,5.33,0.2713,214962.15,1.86,214964.01,1.0000,持有
2018-07-19,10.25,5.37,0.2857,216738.69,1.86,216740.56,1.0000,持有
2018-07-20,10.06,5.28,0.2498,212781.84,1.86,212783.70,1.0000,持有
2018-07-23,10.70,5.61,0.3510,226348.19,1.86,226350.06,1.0000,持有
2018-07-24,10.58,5.55,0.3297,223683.37,1.86,223685.24,1.0000,持有
2018-07-25,10.41,5.46,0.3075,220211.03,1.86,220212.90,1.0000,持有
2018-07-26,10.44,5.47,0.3099,220695.55,1.86,220697.41,1.0000,持有
2018-07-27,10.02,5.26,0.2450,211974.32,1.86,211976.18,1.0000,持有
2018-07-30,10.01,5.25,0.2429,211570.56,1.86,211572.42,1.0000,持有
2018-07-31,10.20,5.35,0.2800,215769.67,1.86,215771.53,1.0000,持有
2018-08-01,9.89,5.19,0.2316,209228.74,1.86,209230.61,1.0000,持有
2018-08-02,9.89,5.19,0.2314,209228.74,1.86,209230.61,1.0000,持有
2018-08-03,10.38,5.44,0.3064,219565.02,1.86,219566.88,1.0000,持有
2018-08-06,9.47,4.97,0.1413,200346.01,1.86,200347.88,1.0000,持有
2018-08-07,9.48,4.97,0.1430,200507.52,1.86,200509.38,1.0000,持有
2018-08-08,9.18,4.81,0.0986,194128.10,1.86,194129.96,1.0000,持有
2018-08-09,9.31,4.88,0.1174,196873.67,1.86,196875.54,1.0000,持有
2018-08-10,9.62,5.05,0.1724,203495.34,1.86,203497.21,1.0000,持有
2018-08-13,9.67,5.07,0.1812,204383.62,1.86,204385.48,1.0000,持有
2018-08-14,9.67,5.07,0.1820,204545.12,1.86,204546.99,1.0000,持有
2018-08-15,9.58,5.56,0.3429,202526.32,1.86,202528.18,1.0000,持有
2018-08-16,9.03,5.25,0.2491,190978.77,1.86,190980.63,1.0000,持有
2018-08-17,8.56,4.97,0.1438,180965.50,1.86,180967.37,1.0000,持有
2018-08-20,8.10,4.71,0.0673,171275.25,1.86,171277.11,1.0000,持有
2018-08-21,8.46,4.91,0.1283,178785.20,1.86,178787.06,1.0000,持有
2018-08-22,8.49,4.93,0.1335,179511.96,1.86,179513.83,1.0000,持有
2018-08-23,8.57,4.98,0.1486,181288.51,1.86,181290.38,1.0000,持有
2018-08-24,8.62,5.01,0.1574,182338.29,1.86,182340.15,1.0000,持有
2018-08-27,8.78,5.10,0.2082,185729.88,1.86,185731.74,1.0000,持有
2018-08-28,8.77,5.09,0.2000,185406.87,1.86,185408.73,1.0000,持有
2018-08-29,8.80,5.11,0.2177,186133.64,1.86,186135.50,1.0000,持有
2018-08-30,8.71,5.06,0.1809,184114.84,1.86,184116.70,1.0000,持有
2018-08-31,8.77,5.09,0.2004,185406.87,1.86,185408.73,1.0000,持有
2018-09-03,8.74,5.08,0.1895,184760.85,1.86,184762.72,1.0000,持有
2018-09-04,8.63,5.01,0.1609,182499.79,1.86,182501.66,1.0000,持有
2018-09-05,8.40,4.88,0.1155,177573.91,1.86,177575.78,1.0000,持有
2018-09-06,8.63,5.02,0.1650,182580.54,1.86,182582.41,1.0000,持有
2018-09-07,8.75,5.08,0.1959,184922.36,1.86,184924.22,1.0000,持有
2018-09-10,8.96,5.20,0.2489,189363.72,1.86,189365.59,1.0000,持有
2018-09-11,8.96,5.20,0.2487,189363.72,1.86,189365.59,1.0000,持有
2018-09-12,8.78,5.10,0.2131,185729.88,1.86,185731.74,1.0000,持有
2018-09-13,8.73,5.07,0.1882,184680.10,1.86,184681.96,1.0000,持有
2018-09-14,8.76,5.09,0.2012,185245.36,1.86,185247.23,1.0000,持有
2018-09-17,8.16,4.74,0.0785,172648.03,1.86,172649.90,1.0000,持有
2018-09-18,8.33,4.84,0.1075,176201.13,1.86,176202.99,1.0000,持有
2018-09-19,8.57,4.98,0.1488,181127.01,1.86,181128.87,1.0000,持有
2018-09-20,8.62,5.01,0.1583,182257.54,1.86,182259.40,1.0000,持有
2018-09-21,8.70,5.05,0.1837,183953.33,1.86,183955.20,1.0000,持有
2018-09-25,8.98,5.22,0.2581,189848.24,1.86,189850.10,1.0000,持有
2018-09-26,9.51,5.52,0.3491,201072.78,1.86,201074.65,1.0000,持有
2018-09-27,9.50,5.52,0.3471,200830.52,1.86,200832.39,1.0000,持有
2018-09-28,9.51,5.52,0.3494,201072.78,1.86,201074.65,1.0000,持有
2018-10-08,9.56,5.56,0.3596,202203.31,1.86,202205.18,1.0000,持有
2018-10-09,9.58,5.56,0.3610,202526.32,1.86,202528.18,1.0000,持有
2018-10-10,9.72,5.64,0.3939,205433.39,1.86,205435.26,1.0000,持有
2018-10-11,9.37,5.44,0.3255,198165.70,1.86,198167.57,1.0000,持有
2018-10-12,9.74,5.66,0.3958,205917.91,1.86,205919.77,1.0000,持有
2018-10-15,9.60,5.58,0.3650,203091.58,1.86,203093.45,1.0000,持有
2018-10-16,9.39,5.46,0.3281,198650.22,1.86,198652.08,1.0000,持有
2018-10-17,9.51,5.53,0.3513,201153.53,1.86,201155.40,1.0000,持有
2018-10-18,9.20,5.34,0.2980,194531.86,1.86,194533.72,1.0000,持有
2018-10-19,9.17,5.32,0.2908,193805.09,1.86,193806.95,1.0000,持有
2018-10-22,9.27,5.38,0.3114,195985.40,1.86,195987.26,1.0000,持有
2018-10-23,8.85,4.92,0.1282,187102.66,1.86,187104.53,1.0000,持有
2018-10-24,9.09,5.05,0.1792,192109.30,1.86,192111.16,1.0000,持有
2018-10-25,9.09,5.05,0.1817,192190.05,1.86,192191.91,1.0000,持有
2018-10-26,8.94,4.97,0.1443,189121.47,1.86,189123.33,1.0000,持有
2018-10-29,8.63,4.80,0.0881,182499.79,1.86,182501.66,1.0000,持有
2018-10-30,8.64,4.80,0.0897,182661.30,1.86,182663.16,1.0000,持有
2018-10-31,8.75,4.86,0.1112,184922.36,1.86,184924.22,1.0000,持有
2018-11-01,8.55,4.75,0.0792,180884.75,1.86,180886.62,1.0000,持有
2018-11-02,8.83,4.90,0.1256,186618.15,1.86,186620.02,1.0000,持有
2018-11-05,9.01,5.00,0.1582,190413.50,1.86,190415.37,1.0000,持有
2018-11-06,9.39,5.22,0.2612,198488.71,1.86,198490.58,1.0000,持有
2018-11-07,9.60,5.34,0.3021,203091.58,1.86,203093.45,1.0000,持有
2018-11-08,9.89,5.50,0.3465,209147.99,1.86,209149.86,1.0000,持有
2018-11-09,9.73,5.40,0.3222,205675.65,1.86,205677.52,1.0000,持有
2018-11-12,9.76,5.42,0.3262,206402.42,1.86,206404.29,1.0000,持有
2018-11-13,9.80,5.44,0.3345,207209.94,1.86,207211.81,1.0000,持有
2018-11-14,9.74,5.41,0.3231,205917.91,1.86,205919.77,1.0000,持有
2018-11-15,9.81,5.45,0.3382,207532.95,1.86,207534.82,1.0000,持有
2018-11-16,9.93,5.52,0.3592,210036.27,1.86,210038.13,1.0000,持有
2018-11-19,9.63,5.35,0.3061,203576.10,1.86,203577.96,1.0000,持有
2018-11-20,9.35,5.19,0.2538,197681.19,1.86,197683.06,1.0000,持有
2018-11-21,9.55,5.30,0.2868,201880.30,1.86,201882.17,1.0000,持有
2018-11-22,9.36,5.20,0.2543,197842.70,1.86,197844.56,1.0000,持有
2018-11-23,9.28,5.16,0.2438,196308.41,1.86,196310.27,1.0000,持有
2018-11-26,9.31,5.18,0.2496,196954.42,1.86,196956.29,1.0000,持有
2018-11-27,9.28,5.15,0.2426,196146.90,1.86,196148.77,1.0000,持有
2018-11-28,9.44,5.25,0.2720,199699.99,1.86,199701.86,1.0000,持有
2018-11-29,9.81,5.45,0.3412,207371.45,1.86,207373.31,1.0000,持有
2018-11-30,10.32,5.73,0.4323,218111.48,1.86,218113.34,1.0000,持有
2018-12-03,10.56,5.86,0.4590,223198.86,1.86,223200.73,1.0000,持有
2018-12-04,10.92,6.07,0.5059,230951.07,1.86,230952.93,1.0000,持有
2018-12-05,11.50,6.39,0.5519,243144.64,1.86,243146.50,1.0000,持有
2018-12-06,11.50,6.39,0.5531,243225.39,1.86,243227.25,1.0000,持有
2018-12-07,11.31,6.28,0.5324,239187.78,1.86,239189.65,1.0000,持有
2018-12-10,11.26,6.26,0.5269,238138.00,1.86,238139.87,1.0000,持有
2018-12-11,10.98,6.10,0.5080,232081.59,1.86,232083.46,1.0000,持有
2018-12-12,10.94,6.08,0.5050,231354.83,1.86,231356.69,1.0000,持有
2018-12-13,11.08,6.15,0.5172,234181.15,1.86,234183.01,1.0000,持有
2018-12-14,10.69,5.94,0.4765,226025.19,1.86,226027.05,1.0000,持有
2018-12-17,10.54,5.86,0.4526,222875.85,1.86,222877.72,1.0000,持有
2018-12-18,10.62,5.90,0.4698,224652.40,1.86,224654.26,1.0000,持有
2018-12-19,10.20,5.67,0.4126,215608.16,1.86,215610.03,1.0000,持有
2018-12-20,10.56,5.87,0.4574,223360.37,1.86,223362.23,1.0000,持有
2018-12-21,10.38,5.76,0.4386,219403.51,1.86,219405.38,1.0000,持有
2018-12-24,11.13,6.18,0.5234,235311.68,1.86,235313.54,1.0000,持有
2018-12-25,11.01,6.12,0.5113,232808.36,1.86,232810.23,1.0000,持有
2018-12-26,10.98,6.10,0.5100,232162.35,1.86,232164.21,1.0000,持有
2018-12-27,10.83,6.02,0.4963,229093.77,1.86,229095.63,1.0000,持有
2018-12-28,10.98,6.10,0.5100,232162.35,1.86,232164.21,1.0000,持有
2019-01-02,11.08,6.16,0.5212,234261.90,1.86,234263.77,1.0000,持有
2019-01-03,10.92,6.07,0.5033,230951.07,1.86,230952.93,1.0000,持有
2019-01-04,11.38,6.32,0.5469,240641.32,1.86,240643.18,1.0000,持有
2019-01-07,12.04,6.69,0.6153,254530.68,1.86,254532.55,1.0000,持有
2019-01-08,11.87,6.59,0.5899,250896.84,1.86,250898.70,1.0000,持有
2019-01-09,11.69,6.49,0.5720,247101.49,1.86,247103.35,1.0000,持有
2019-01-10,11.47,6.37,0.5533,242498.62,1.86,242500.48,1.0000,持有
2019-01-11,11.54,6.41,0.5603,244032.91,1.86,244034.77,1.0000,持有
2019-01-14,11.57,6.43,0.5632,244678.93,1.86,244680.79,1.0000,持有
2019-01-15,11.47,6.37,0.5528,242579.37,1.86,242581.24,1.0000,持有
2019-01-16,11.40,6.33,0.5441,241045.08,1.86,241046.95,1.0000,持有
2019-01-17,11.38,6.33,0.5437,240722.07,1.86,240723.94,1.0000,持有
2019-01-18,12.52,6.96,0.6782,264786.20,1.86,264788.07,1.0000,持有
2019-01-21,12.00,6.67,0.6102,253803.92,1.86,253805.78,1.0000,持有
2019-01-22,12.08,6.71,0.6220,255338.21,1.86,255340.07,1.0000,持有
2019-01-23,12.34,6.86,0.6568,260910.10,1.86,260911.97,1.0000,持有
2019-01-24,12.44,6.91,0.6686,263090.41,1.86,263092.27,1.0000,持有
2019-01-25,12.29,6.83,0.6500,259941.08,1.86,259942.94,1.0000,持有
2019-01-28,12.32,6.84,0.6527,260506.34,1.86,260508.21,1.0000,持有
2019-01-29,12.87,7.15,0.7209,272134.65,1.86,272136.51,1.0000,持有
2019-01-30,12.71,7.06,0.7040,268823.81,1.86,268825.67,1.0000,持有
2019-01-31,13.19,7.33,0.7500,278998.58,1.86,279000.44,1.0000,卖出(降至50%)
2019-02-01,13.19,7.33,0.7494,139505.89,139575.30,279081.19,0.4999,持有
2019-02-11,14.52,8.06,0.7904,153476.66,139575.30,293051.97,0.5237,持有
2019-02-12,14.74,8.19,0.7938,155858.96,139575.30,295434.27,0.5276,持有
2019-02-13,14.84,8.25,0.7964,156908.79,139575.30,296484.10,0.5292,持有
2019-02-14,14.69,8.16,0.7917,155334.05,139575.30,294909.35,0.5267,持有
2019-02-15,16.16,8.98,0.8171,170879.57,139575.30,310454.87,0.5504,卖出(降至50%)
2019-02-18,16.65,9.25,0.8213,159930.06,155231.10,315161.16,0.5075,持有
2019-02-19,17.31,9.62,0.8417,166239.23,155231.10,321470.33,0.5171,持有
2019-02-20,17.47,9.71,0.8435,167816.52,155231.10,323047.62,0.5195,持有
2019-02-21,18.06,10.03,0.8566,173428.75,155231.10,328659.84,0.5277,持有
2019-02-22,18.17,10.10,0.8591,174529.18,155231.10,329760.28,0.5293,持有
2019-02-25,17.53,9.74,0.8439,168403.42,155231.10,323634.52,0.5204,持有
2019-02-26,18.34,10.19,0.8626,176143.16,155231.10,331374.25,0.5316,持有
2019-02-27,17.59,9.78,0.8449,168990.32,155231.10,324221.42,0.5212,持有
2019-02-28,17.11,9.50,0.8216,164295.13,155231.10,319526.22,0.5142,持有
2019-03-01,17.57,9.76,0.8435,168733.55,155231.10,323964.65,0.5208,持有
2019-03-04,19.32,10.74,0.8807,185606.91,155231.10,340838.00,0.5446,持有
2019-03-05,20.36,11.31,0.9138,195510.83,155231.10,350741.93,0.5574,卖出(降至0%)
2019-03-06,20.36,11.31,0.9131,0.00,349238.00,349238.00,0.0000,持有
2019-03-07,19.68,10.94,0.8931,0.00,349238.00,349238.00,0.0000,持有
2019-03-08,20.85,11.58,0.9245,0.00,349238.00,349238.00,0.0000,持有
2019-03-11,20.89,11.60,0.9270,0.00,349238.00,349238.00,0.0000,持有
2019-03-12,21.52,11.96,0.9407,0.00,349238.00,349238.00,0.0000,持有
2019-03-13,19.52,10.85,0.8846,0.00,349238.00,349238.00,0.0000,持有
2019-03-14,19.01,10.56,0.8655,0.00,349238.00,349238.00,0.0000,持有
2019-03-15,20.23,11.24,0.9064,0.00,349238.00,349238.00,0.0000,持有
2019-03-18,22.26,12.37,0.9536,0.00,349238.00,349238.00,0.0000,持有
2019-03-19,22.22,12.35,0.9513,0.00,349238.00,349238.00,0.0000,持有
2019-03-20,21.33,11.85,0.9330,0.00,349238.00,349238.00,0.0000,持有
2019-03-21,21.29,11.83,0.9314,0.00,349238.00,349238.00,0.0000,持有
2019-03-22,20.87,11.60,0.9219,0.00,349238.00,349238.00,0.0000,持有
2019-03-25,20.39,11.33,0.9084,0.00,349238.00,349238.00,0.0000,持有
2019-03-26,21.04,11.69,0.9268,0.00,349238.00,349238.00,0.0000,持有
2019-03-27,21.29,11.83,0.9308,0.00,349238.00,349238.00,0.0000,持有
2019-03-28,22.85,12.69,0.9627,0.00,349238.00,349238.00,0.0000,持有
2019-03-29,24.18,13.43,0.9730,0.00,349238.00,349238.00,0.0000,持有
2019-04-01,26.60,14.77,0.9810,0.00,349238.00,349238.00,0.0000,持有
2019-04-02,25.85,14.36,0.9778,0.00,349238.00,349238.00,0.0000,持有
2019-04-03,25.58,14.21,0.9770,0.00,349238.00,349238.00,0.0000,持有
2019-04-04,26.67,14.81,0.9810,0.00,349238.00,349238.00,0.0000,持有
2019-04-08,25.74,14.30,0.9763,0.00,349238.00,349238.00,0.0000,持有
2019-04-09,25.46,14.15,0.9747,0.00,349238.00,349238.00,0.0000,持有
2019-04-10,25.28,14.04,0.9740,0.00,349238.00,349238.00,0.0000,持有
2019-04-11,25.50,14.16,0.9748,0.00,349238.00,349238.00,0.0000,持有
2019-04-12,26.01,14.45,0.9771,0.00,349238.00,349238.00,0.0000,持有
2019-04-15,26.10,15.34,0.9835,0.00,349238.00,349238.00,0.0000,持有
2019-04-16,25.67,15.09,0.9819,0.00,349238.00,349238.00,0.0000,持有
2019-04-17,26.45,15.55,0.9858,0.00,349238.00,349238.00,0.0000,持有
2019-04-18,25.66,15.09,0.9804,0.00,349238.00,349238.00,0.0000,持有
2019-04-19,25.32,14.88,0.9780,0.00,349238.00,349238.00,0.0000,持有
2019-04-22,25.85,15.20,0.9820,0.00,349238.00,349238.00,0.0000,持有
2019-04-23,25.54,15.01,0.9788,0.00,349238.00,349238.00,0.0000,持有
2019-04-24,26.16,15.38,0.9836,0.00,349238.00,349238.00,0.0000,持有
2019-04-25,27.25,16.02,0.9883,0.00,349238.00,349238.00,0.0000,持有
2019-04-26,25.14,14.78,0.9734,0.00,349238.00,349238.00,0.0000,持有
2019-04-29,23.52,13.83,0.9625,0.00,349238.00,349238.00,0.0000,持有
2019-04-30,24.48,14.39,0.9688,0.00,349238.00,349238.00,0.0000,持有
2019-05-06,22.94,13.49,0.9579,0.00,349238.00,349238.00,0.0000,持有
2019-05-07,23.30,13.69,0.9602,0.00,349238.00,349238.00,0.0000,持有
2019-05-08,22.13,13.01,0.9486,0.00,349238.00,349238.00,0.0000,持有
2019-05-09,22.69,13.34,0.9541,0.00,349238.00,349238.00,0.0000,持有
2019-05-10,23.51,13.82,0.9611,0.00,349238.00,349238.00,0.0000,持有
2019-05-13,22.89,13.45,0.9557,0.00,349238.00,349238.00,0.0000,持有
2019-05-14,22.79,13.40,0.9526,0.00,349238.00,349238.00,0.0000,持有
2019-05-15,23.16,13.62,0.9573,0.00,349238.00,349238.00,0.0000,持有
2019-05-16,23.53,13.83,0.9620,0.00,349238.00,349238.00,0.0000,持有
2019-05-17,22.88,13.45,0.9535,0.00,349238.00,349238.00,0.0000,持有
2019-05-20,21.26,12.50,0.9319,0.00,349238.00,349238.00,0.0000,持有
2019-05-21,22.38,13.16,0.9466,0.00,349238.00,349238.00,0.0000,持有
2019-05-22,22.23,13.07,0.9436,0.00,349238.00,349238.00,0.0000,持有
2019-05-23,21.27,12.50,0.9305,0.00,349238.00,349238.00,0.0000,持有
2019-05-24,20.66,12.15,0.9174,0.00,349238.00,349238.00,0.0000,持有
2019-05-27,22.46,13.20,0.9476,0.00,349238.00,349238.00,0.0000,持有
2019-05-28,23.46,13.79,0.9592,0.00,349238.00,349238.00,0.0000,持有
2019-05-29,22.61,13.29,0.9484,0.00,349238.00,349238.00,0.0000,持有
2019-05-30,23.20,13.64,0.9569,0.00,349238.00,349238.00,0.0000,持有
2019-05-31,24.19,14.22,0.9669,0.00,349238.00,349238.00,0.0000,持有
2019-06-03,24.88,14.62,0.9708,0.00,349238.00,349238.00,0.0000,持有
2019-06-04,24.58,14.45,0.9693,0.00,349238.00,349238.00,0.0000,持有
2019-06-05,23.68,13.92,0.9617,0.00,349238.00,349238.00,0.0000,持有
2019-06-06,22.15,13.02,0.9364,0.00,349238.00,349238.00,0.0000,持有
2019-06-10,22.15,13.02,0.9357,0.00,349238.00,349238.00,0.0000,持有
2019-06-11,23.52,13.82,0.9579,0.00,349238.00,349238.00,0.0000,持有
2019-06-12,23.33,13.71,0.9549,0.00,349238.00,349238.00,0.0000,持有
2019-06-13,23.68,13.92,0.9610,0.00,349238.00,349238.00,0.0000,持有
2019-06-14,23.59,13.87,0.9595,0.00,349238.00,349238.00,0.0000,持有
2019-06-17,23.06,13.55,0.9489,0.00,349238.00,349238.00,0.0000,持有
2019-06-18,23.85,14.02,0.9619,0.00,349238.00,349238.00,0.0000,持有
2019-06-19,23.66,13.91,0.9596,0.00,349238.00,349238.00,0.0000,持有
2019-06-20,23.43,13.77,0.9521,0.00,349238.00,349238.00,0.0000,持有
2019-06-21,22.44,13.19,0.9354,0.00,349238.00,349238.00,0.0000,持有
2019-06-24,22.83,13.42,0.9415,0.00,349238.00,349238.00,0.0000,持有
2019-06-25,22.24,13.07,0.9309,0.00,349238.00,349238.00,0.0000,持有
2019-06-26,22.15,13.02,0.9272,0.00,349238.00,349238.00,0.0000,持有
2019-06-27,22.34,13.13,0.9325,0.00,349238.00,349238.00,0.0000,持有
2019-06-28,22.45,13.20,0.9348,0.00,349238.00,349238.00,0.0000,持有
2019-07-01,23.41,13.76,0.9516,0.00,349238.00,349238.00,0.0000,持有
2019-07-02,24.21,14.23,0.9660,0.00,349238.00,349238.00,0.0000,持有
2019-07-03,23.25,13.67,0.9486,0.00,349238.00,349238.00,0.0000,持有
2019-07-04,22.54,13.24,0.9350,0.00,349238.00,349238.00,0.0000,持有
2019-07-05,23.33,13.71,0.9494,0.00,349238.00,349238.00,0.0000,持有
2019-07-08,24.05,14.13,0.9623,0.00,349238.00,349238.00,0.0000,持有
2019-07-09,24.77,14.55,0.9699,0.00,349238.00,349238.00,0.0000,持有
2019-07-10,24.71,14.51,0.9691,0.00,349238.00,349238.00,0.0000,持有
2019-07-11,24.90,14.63,0.9714,0.00,349238.00,349238.00,0.0000,持有
2019-07-12,24.93,14.64,0.9714,0.00,349238.00,349238.00,0.0000,持有
2019-07-15,26.34,15.47,0.9850,0.00,349238.00,349238.00,0.0000,持有
2019-07-16,26.12,15.34,0.9805,0.00,349238.00,349238.00,0.0000,持有
2019-07-17,26.83,15.76,0.9865,0.00,349238.00,349238.00,0.0000,持有
2019-07-18,26.94,15.82,0.9865,0.00,349238.00,349238.00,0.0000,持有
2019-07-19,27.42,16.11,0.9895,0.00,349238.00,349238.00,0.0000,持有
2019-07-22,27.00,15.86,0.9865,0.00,349238.00,349238.00,0.0000,持有
2019-07-23,26.86,15.78,0.9843,0.00,349238.00,349238.00,0.0000,持有
2019-07-24,27.03,15.87,0.9865,0.00,349238.00,349238.00,0.0000,持有
2019-07-25,27.41,16.10,0.9888,0.00,349238.00,349238.00,0.0000,持有
2019-07-26,27.34,16.06,0.9881,0.00,349238.00,349238.00,0.0000,持有
2019-07-29,29.05,17.06,0.9948,0.00,349238.00,349238.00,0.0000,持有
2019-07-30,29.49,17.32,0.9955,0.00,349238.00,349238.00,0.0000,持有
2019-07-31,29.28,17.20,0.9940,0.00,349238.00,349238.00,0.0000,持有
2019-08-01,29.58,17.37,0.9955,0.00,349238.00,349238.00,0.0000,持有
2019-08-02,29.89,17.56,0.9963,0.00,349238.00,349238.00,0.0000,持有
2019-08-05,29.66,17.42,0.9948,0.00,349238.00,349238.00,0.0000,持有
2019-08-06,28.77,16.90,0.9896,0.00,349238.00,349238.00,0.0000,持有
2019-08-07,28.78,16.91,0.9896,0.00,349238.00,349238.00,0.0000,持有
2019-08-08,28.92,16.99,0.9904,0.00,349238.00,349238.00,0.0000,持有
2019-08-09,27.80,16.33,0.9837,0.00,349238.00,349238.00,0.0000,持有
2019-08-12,28.07,16.49,0.9852,0.00,349238.00,349238.00,0.0000,持有
2019-08-13,27.79,16.32,0.9822,0.00,349238.00,349238.00,0.0000,持有
2019-08-14,27.63,16.23,0.9808,0.00,349238.00,349238.00,0.0000,持有
2019-08-15,27.65,16.24,0.9808,0.00,349238.00,349238.00,0.0000,持有
2019-08-16,28.70,16.86,0.9875,0.00,349238.00,349238.00,0.0000,持有
2019-08-19,27.27,16.02,0.9749,0.00,349238.00,349238.00,0.0000,持有
2019-08-20,26.93,15.82,0.9705,0.00,349238.00,349238.00,0.0000,持有
2019-08-21,26.82,15.75,0.9683,0.00,349238.00,349238.00,0.0000,持有
2019-08-22,27.19,15.97,0.9735,0.00,349238.00,349238.00,0.0000,持有
2019-08-23,26.69,15.67,0.9662,0.00,349238.00,349238.00,0.0000,持有
2019-08-26,27.25,16.00,0.9743,0.00,349238.00,349238.00,0.0000,持有
2019-08-27,29.93,17.07,0.9912,0.00,349238.00,349238.00,0.0000,持有
2019-08-28,30.85,17.59,0.9963,0.00,349238.00,349238.00,0.0000,持有
2019-08-29,30.70,17.50,0.9941,0.00,349238.00,349238.00,0.0000,持有
2019-08-30,30.73,17.52,0.9941,0.00,349238.00,349238.00,0.0000,持有
2019-09-02,30.68,18.13,0.9978,0.00,349238.00,349238.00,0.0000,持有
2019-09-03,30.96,18.30,0.9985,0.00,349238.00,349238.00,0.0000,持有
2019-09-04,30.64,18.11,0.9963,0.00,349238.00,349238.00,0.0000,持有
2019-09-05,31.49,18.61,0.9993,0.00,349238.00,349238.00,0.0000,持有
2019-09-06,29.06,17.17,0.9861,0.00,349238.00,349238.00,0.0000,持有
2019-09-09,27.89,16.49,0.9774,0.00,349238.00,349238.00,0.0000,持有
2019-09-10,27.90,16.49,0.9781,0.00,349238.00,349238.00,0.0000,持有
2019-09-11,26.68,15.77,0.9599,0.00,349238.00,349238.00,0.0000,持有
2019-09-12,26.87,15.88,0.9643,0.00,349238.00,349238.00,0.0000,持有
2019-09-16,27.52,16.27,0.9731,0.00,349238.00,349238.00,0.0000,持有
2019-09-17,27.63,16.33,0.9746,0.00,349238.00,349238.00,0.0000,持有
2019-09-18,27.55,16.28,0.9724,0.00,349238.00,349238.00,0.0000,持有
2019-09-19,28.66,16.94,0.9826,0.00,349238.00,349238.00,0.0000,持有
2019-09-20,28.65,16.94,0.9819,0.00,349238.00,349238.00,0.0000,持有
2019-09-23,27.70,16.37,0.9739,0.00,349238.00,349238.00,0.0000,持有
2019-09-24,26.56,15.70,0.9529,0.00,349238.00,349238.00,0.0000,持有
2019-09-25,26.60,15.72,0.9530,0.00,349238.00,349238.00,0.0000,持有
2019-09-26,23.94,14.15,0.9241,0.00,349238.00,349238.00,0.0000,持有
2019-09-27,25.99,15.36,0.9465,0.00,349238.00,349238.00,0.0000,持有
2019-09-30,26.95,15.93,0.9603,0.00,349238.00,349238.00,0.0000,持有
2019-10-08,28.72,16.98,0.9834,0.00,349238.00,349238.00,0.0000,持有
2019-10-09,29.05,17.17,0.9856,0.00,349238.00,349238.00,0.0000,持有
2019-10-10,31.35,18.53,0.9986,0.00,349238.00,349238.00,0.0000,持有
2019-10-11,31.46,18.59,0.9986,0.00,349238.00,349238.00,0.0000,持有
2019-10-14,31.78,11.17,0.8122,0.00,349238.00,349238.00,0.0000,持有
2019-10-15,32.03,11.26,0.8181,0.00,349238.00,349238.00,0.0000,持有
2019-10-16,31.48,11.07,0.8089,0.00,349238.00,349238.00,0.0000,持有
2019-10-17,31.74,11.16,0.8112,0.00,349238.00,349238.00,0.0000,持有
2019-10-18,33.37,11.73,0.8400,0.00,349238.00,349238.00,0.0000,持有
2019-10-21,33.74,11.86,0.8459,0.00,349238.00,349238.00,0.0000,持有
2019-10-22,34.32,12.07,0.8546,0.00,349238.00,349238.00,0.0000,持有
2019-10-23,34.17,12.01,0.8525,0.00,349238.00,349238.00,0.0000,持有
2019-10-24,34.65,12.18,0.8598,0.00,349238.00,349238.00,0.0000,持有
2019-10-25,38.12,13.40,0.8949,0.00,349238.00,349238.00,0.0000,持有
2019-10-28,38.14,13.41,0.8957,0.00,349238.00,349238.00,0.0000,持有
2019-10-29,38.61,13.57,0.9015,0.00,349238.00,349238.00,0.0000,持有
2019-10-30,38.29,13.46,0.8987,0.00,349238.00,349238.00,0.0000,持有
2019-10-31,37.65,13.24,0.8888,0.00,349238.00,349238.00,0.0000,持有
2019-11-01,36.18,12.72,0.8725,0.00,349238.00,349238.00,0.0000,持有
2019-11-04,36.56,12.85,0.8747,0.00,349238.00,349238.00,0.0000,持有
2019-11-05,37.88,13.32,0.8912,0.00,349238.00,349238.00,0.0000,持有
2019-11-06,36.23,12.74,0.8721,0.00,349238.00,349238.00,0.0000,持有
2019-11-07,36.57,12.86,0.8743,0.00,349238.00,349238.00,0.0000,持有
2019-11-08,35.55,12.50,0.8623,0.00,349238.00,349238.00,0.0000,持有
2019-11-11,35.88,12.61,0.8660,0.00,349238.00,349238.00,0.0000,持有
2019-11-12,36.69,12.90,0.8746,0.00,349238.00,349238.00,0.0000,持有
2019-11-13,35.98,12.65,0.8661,0.00,349238.00,349238.00,0.0000,持有
2019-11-14,36.29,12.76,0.8719,0.00,349238.00,349238.00,0.0000,持有
2019-11-15,34.70,12.20,0.8508,0.00,349238.00,349238.00,0.0000,持有
2019-11-18,35.38,12.44,0.8587,0.00,349238.00,349238.00,0.0000,持有
2019-11-19,36.57,12.86,0.8736,0.00,349238.00,349238.00,0.0000,持有
2019-11-20,35.35,12.43,0.8567,0.00,349238.00,349238.00,0.0000,持有
2019-11-21,35.75,12.57,0.8618,0.00,349238.00,349238.00,0.0000,持有
2019-11-22,35.16,12.36,0.8534,0.00,349238.00,349238.00,0.0000,持有
2019-11-25,34.10,11.99,0.8387,0.00,349238.00,349238.00,0.0000,持有
2019-11-26,34.78,12.23,0.8487,0.00,349238.00,349238.00,0.0000,持有
2019-11-27,34.38,12.08,0.8411,0.00,349238.00,349238.00,0.0000,持有
2019-11-28,34.59,12.16,0.8440,0.00,349238.00,349238.00,0.0000,持有
2019-11-29,33.18,11.66,0.8195,0.00,349238.00,349238.00,0.0000,持有
2019-12-02,34.46,12.12,0.8421,0.00,349238.00,349238.00,0.0000,持有
2019-12-03,34.38,12.09,0.8401,0.00,349238.00,349238.00,0.0000,持有
2019-12-04,34.63,12.17,0.8451,0.00,349238.00,349238.00,0.0000,持有
2019-12-05,34.55,12.15,0.8417,0.00,349238.00,349238.00,0.0000,持有
2019-12-06,34.84,12.25,0.8509,0.00,349238.00,349238.00,0.0000,持有
2019-12-09,33.90,11.92,0.8294,0.00,349238.00,349238.00,0.0000,持有
2019-12-10,32.11,11.29,0.7980,0.00,349238.00,349238.00,0.0000,持有
2019-12-11,31.48,11.07,0.7863,0.00,349238.00,349238.00,0.0000,持有
2019-12-12,31.57,11.10,0.7879,0.00,349238.00,349238.00,0.0000,持有
2019-12-13,31.82,11.19,0.7915,0.00,349238.00,349238.00,0.0000,持有
2019-12-16,31.68,11.14,0.7875,0.00,349238.00,349238.00,0.0000,持有
2019-12-17,32.01,11.25,0.7967,0.00,349238.00,349238.00,0.0000,持有
2019-12-18,31.31,11.01,0.7794,0.00,349238.00,349238.00,0.0000,持有
2019-12-19,31.21,10.97,0.7775,0.00,349238.00,349238.00,0.0000,持有
2019-12-20,31.78,11.17,0.7894,0.00,349238.00,349238.00,0.0000,持有
2019-12-23,30.65,10.77,0.7639,0.00,349238.00,349238.00,0.0000,持有
2019-12-24,30.11,10.58,0.7516,0.00,349238.00,349238.00,0.0000,持有
2019-12-25,29.88,10.50,0.7483,0.00,349238.00,349238.00,0.0000,持有
2019-12-26,29.73,10.45,0.7464,0.00,349238.00,349238.00,0.0000,持有
2019-12-27,31.71,11.15,0.7881,0.00,349238.00,349238.00,0.0000,持有
2019-12-30,32.53,11.43,0.8076,0.00,349238.00,349238.00,0.0000,持有
2019-12-31,33.94,11.93,0.8320,0.00,349238.00,349238.00,0.0000,持有
2020-01-02,35.09,12.34,0.8535,0.00,349238.00,349238.00,0.0000,持有
2020-01-03,34.70,12.20,0.8488,0.00,349238.00,349238.00,0.0000,持有
2020-01-06,34.53,12.14,0.8413,0.00,349238.00,349238.00,0.0000,持有
2020-01-07,35.85,12.60,0.8655,0.00,349238.00,349238.00,0.0000,持有
2020-01-08,36.26,12.75,0.8739,0.00,349238.00,349238.00,0.0000,持有
2020-01-09,35.74,12.56,0.8629,0.00,349238.00,349238.00,0.0000,持有
2020-01-10,34.70,12.20,0.8458,0.00,349238.00,349238.00,0.0000,持有
2020-01-13,34.93,12.28,0.8514,0.00,349238.00,349238.00,0.0000,持有
2020-01-14,34.71,12.44,0.8591,0.00,349238.00,349238.00,0.0000,持有
2020-01-15,34.28,12.29,0.8510,0.00,349238.00,349238.00,0.0000,持有
2020-01-16,34.59,12.40,0.8552,0.00,349238.00,349238.00,0.0000,持有
2020-01-17,33.95,12.17,0.8402,0.00,349238.00,349238.00,0.0000,持有
2020-01-20,34.72,12.45,0.8595,0.00,349238.00,349238.00,0.0000,持有
2020-01-21,33.83,12.13,0.8349,0.00,349238.00,349238.00,0.0000,持有
2020-01-22,32.89,11.79,0.8138,0.00,349238.00,349238.00,0.0000,持有
2020-01-23,31.22,11.19,0.7832,0.00,349238.00,349238.00,0.0000,持有
2020-02-03,28.13,10.08,0.7280,0.00,349238.00,349238.00,0.0000,持有
2020-02-04,30.94,11.09,0.7760,0.00,349238.00,349238.00,0.0000,持有
2020-02-05,31.31,11.23,0.7857,0.00,349238.00,349238.00,0.0000,持有
2020-02-06,34.44,12.35,0.8520,0.00,349238.00,349238.00,0.0000,持有
2020-02-07,35.34,12.67,0.8698,0.00,349238.00,349238.00,0.0000,持有
2020-02-10,37.92,13.59,0.9060,0.00,349238.00,349238.00,0.0000,持有
2020-02-11,38.22,13.70,0.9101,0.00,349238.00,349238.00,0.0000,持有
2020-02-12,37.55,13.46,0.9020,0.00,349238.00,349238.00,0.0000,持有
2020-02-13,37.52,13.45,0.9001,0.00,349238.00,349238.00,0.0000,持有
2020-02-14,40.52,14.53,0.9314,0.00,349238.00,349238.00,0.0000,持有
2020-02-17,40.30,14.45,0.9301,0.00,349238.00,349238.00,0.0000,持有
2020-02-18,40.61,14.56,0.9322,0.00,349238.00,349238.00,0.0000,持有
2020-02-19,41.20,14.56,0.9315,0.00,349238.00,349238.00,0.0000,持有
2020-02-20,41.36,14.83,0.9383,0.00,349238.00,349238.00,0.0000,持有
2020-02-21,42.22,15.14,0.9425,0.00,349238.00,349238.00,0.0000,持有
2020-02-24,42.64,15.29,0.9438,0.00,349238.00,349238.00,0.0000,持有
2020-02-25,45.85,16.44,0.9736,0.00,349238.00,349238.00,0.0000,持有
2020-02-26,44.34,15.89,0.9588,0.00,349238.00,349238.00,0.0000,持有
2020-02-27,45.33,12.66,0.8609,0.00,349238.00,349238.00,0.0000,持有
2020-02-28,44.53,12.44,0.8502,0.00,349238.00,349238.00,0.0000,持有
2020-03-02,45.87,12.81,0.8692,0.00,349238.00,349238.00,0.0000,持有
2020-03-03,45.71,12.77,0.8679,0.00,349238.00,349238.00,0.0000,持有
2020-03-04,46.52,12.99,0.8734,0.00,349238.00,349238.00,0.0000,持有
2020-03-05,48.39,13.52,0.8977,0.00,349238.00,349238.00,0.0000,持有
2020-03-06,48.92,13.67,0.9032,0.00,349238.00,349238.00,0.0000,持有
2020-03-09,51.02,14.25,0.9220,0.00,349238.00,349238.00,0.0000,持有
2020-03-10,49.81,13.91,0.9140,0.00,349238.00,349238.00,0.0000,持有
2020-03-11,48.72,13.61,0.8987,0.00,349238.00,349238.00,0.0000,持有
2020-03-12,46.55,13.00,0.8706,0.00,349238.00,349238.00,0.0000,持有
2020-03-13,46.86,13.09,0.8753,0.00,349238.00,349238.00,0.0000,持有
2020-03-16,43.57,12.17,0.8252,0.00,349238.00,349238.00,0.0000,持有
2020-03-17,43.58,12.17,0.8260,0.00,349238.00,349238.00,0.0000,持有
2020-03-18,44.91,12.55,0.8495,0.00,349238.00,349238.00,0.0000,持有
2020-03-19,45.92,12.83,0.8650,0.00,349238.00,349238.00,0.0000,持有
2020-03-20,44.60,12.46,0.8450,0.00,349238.00,349238.00,0.0000,持有
2020-03-23,42.62,11.90,0.8051,0.00,349238.00,349238.00,0.0000,持有
2020-03-24,43.87,12.25,0.8319,0.00,349238.00,349238.00,0.0000,持有
2020-03-25,45.25,12.64,0.8540,0.00,349238.00,349238.00,0.0000,持有
2020-03-26,45.10,12.60,0.8508,0.00,349238.00,349238.00,0.0000,持有
2020-03-27,43.70,12.21,0.8269,0.00,349238.00,349238.00,0.0000,持有
2020-03-30,43.76,12.23,0.8277,0.00,349238.00,349238.00,0.0000,持有
2020-03-31,46.71,13.05,0.8737,0.00,349238.00,349238.00,0.0000,持有
2020-04-01,46.36,12.95,0.8691,0.00,349238.00,349238.00,0.0000,持有
2020-04-02,46.07,12.87,0.8665,0.00,349238.00,349238.00,0.0000,持有
2020-04-03,46.96,13.12,0.8766,0.00,349238.00,349238.00,0.0000,持有
2020-04-07,49.04,13.70,0.9045,0.00,349238.00,349238.00,0.0000,持有
2020-04-08,47.12,13.16,0.8794,0.00,349238.00,349238.00,0.0000,持有
2020-04-09,47.51,13.27,0.8841,0.00,349238.00,349238.00,0.0000,持有
2020-04-10,47.36,13.23,0.8822,0.00,349238.00,349238.00,0.0000,持有
2020-04-13,47.20,13.19,0.8783,0.00,349238.00,349238.00,0.0000,持有
2020-04-14,47.61,13.30,0.8857,0.00,349238.00,349238.00,0.0000,持有
2020-04-15,46.50,12.99,0.8653,0.00,349238.00,349238.00,0.0000,持有
2020-04-16,45.59,12.73,0.8541,0.00,349238.00,349238.00,0.0000,持有
2020-04-17,47.38,13.24,0.8826,0.00,349238.00,349238.00,0.0000,持有
2020-04-20,47.43,13.25,0.8833,0.00,349238.00,349238.00,0.0000,持有
2020-04-21,47.21,13.19,0.8768,0.00,349238.00,349238.00,0.0000,持有
2020-04-22,48.33,13.50,0.8960,0.00,349238.00,349238.00,0.0000,持有
2020-04-23,48.93,13.67,0.9033,0.00,349238.00,349238.00,0.0000,持有
2020-04-24,49.08,13.71,0.9066,0.00,349238.00,349238.00,0.0000,持有
2020-04-27,50.91,11.70,0.7825,0.00,349238.00,349238.00,0.0000,持有
2020-04-28,51.10,11.75,0.7840,0.00,349238.00,349238.00,0.0000,持有
2020-04-29,49.27,11.33,0.7631,0.00,349238.00,349238.00,0.0000,持有
2020-04-30,48.69,11.19,0.7534,0.00,349238.00,349238.00,0.0000,持有
2020-05-06,47.32,10.88,0.7300,0.00,349238.00,349238.00,0.0000,持有
2020-05-07,47.26,10.86,0.7282,0.00,349238.00,349238.00,0.0000,持有
2020-05-08,47.13,10.83,0.7264,0.00,349238.00,349238.00,0.0000,持有
2020-05-11,44.57,10.25,0.7037,0.00,349238.00,349238.00,0.0000,持有
2020-05-12,44.35,10.20,0.7013,0.00,349238.00,349238.00,0.0000,持有
2020-05-13,44.07,10.13,0.6989,0.00,349238.00,349238.00,0.0000,持有
2020-05-14,43.12,9.91,0.6906,0.00,349238.00,349238.00,0.0000,持有
2020-05-15,43.57,10.02,0.6921,0.00,349238.00,349238.00,0.0000,持有
2020-05-18,45.60,10.48,0.7080,0.00,349238.00,349238.00,0.0000,持有
2020-05-19,44.68,10.27,0.7042,0.00,349238.00,349238.00,0.0000,持有
2020-05-20,43.30,9.96,0.6901,0.00,349238.00,349238.00,0.0000,持有
2020-05-21,43.80,10.07,0.6942,0.00,349238.00,349238.00,0.0000,持有
2020-05-22,44.55,10.24,0.7035,0.00,349238.00,349238.00,0.0000,持有
2020-05-25,45.70,10.51,0.7096,0.00,349238.00,349238.00,0.0000,持有
2020-05-26,44.83,10.31,0.7045,0.00,349238.00,349238.00,0.0000,持有
2020-05-27,43.93,10.10,0.6950,0.00,349238.00,349238.00,0.0000,持有
2020-05-28,44.07,10.13,0.6971,0.00,349238.00,349238.00,0.0000,持有
2020-05-29,45.94,10.56,0.7122,0.00,349238.00,349238.00,0.0000,持有
2020-06-01,45.86,10.54,0.7105,0.00,349238.00,349238.00,0.0000,持有
2020-06-02,46.50,10.69,0.7197,0.00,349238.00,349238.00,0.0000,持有
2020-06-03,45.98,10.57,0.7122,0.00,349238.00,349238.00,0.0000,持有
2020-06-04,46.77,10.70,0.7201,0.00,349238.00,349238.00,0.0000,持有
2020-06-05,45.15,10.33,0.7035,0.00,349238.00,349238.00,0.0000,持有
2020-06-08,45.38,10.38,0.7043,0.00,349238.00,349238.00,0.0000,持有
2020-06-09,45.30,10.37,0.7032,0.00,349238.00,349238.00,0.0000,持有
2020-06-10,45.44,10.40,0.7047,0.00,349238.00,349238.00,0.0000,持有
2020-06-11,43.14,9.87,0.6798,0.00,349238.00,349238.00,0.0000,持有
2020-06-12,43.54,9.96,0.6838,0.00,349238.00,349238.00,0.0000,持有
2020-06-15,45.19,10.34,0.7027,0.00,349238.00,349238.00,0.0000,持有
2020-06-16,45.01,10.30,0.7003,0.00,349238.00,349238.00,0.0000,持有
2020-06-17,45.69,10.46,0.7063,0.00,349238.00,349238.00,0.0000,持有
2020-06-18,47.07,10.77,0.7270,0.00,349238.00,349238.00,0.0000,持有
2020-06-19,48.91,11.19,0.7580,0.00,349238.00,349238.00,0.0000,持有
2020-06-22,49.57,11.34,0.7697,0.00,349238.00,349238.00,0.0000,持有
2020-06-23,49.60,11.35,0.7699,0.00,349238.00,349238.00,0.0000,持有
2020-06-24,49.08,11.23,0.7598,0.00,349238.00,349238.00,0.0000,持有
2020-06-29,50.91,11.65,0.7836,0.00,349238.00,349238.00,0.0000,持有
2020-06-30,53.52,12.25,0.8253,0.00,349238.00,349238.00,0.0000,持有
2020-07-01,54.36,12.44,0.8370,0.00,349238.00,349238.00,0.0000,持有
2020-07-02,53.20,12.17,0.8160,0.00,349238.00,349238.00,0.0000,持有
2020-07-03,54.04,12.37,0.8321,0.00,349238.00,349238.00,0.0000,持有
2020-07-06,57.42,13.14,0.8756,0.00,349238.00,349238.00,0.0000,持有
2020-07-07,56.78,13.00,0.8661,0.00,349238.00,349238.00,0.0000,持有
2020-07-08,57.34,13.12,0.8732,0.00,349238.00,349238.00,0.0000,持有
2020-07-09,59.23,13.56,0.9000,0.00,349238.00,349238.00,0.0000,持有
2020-07-10,58.36,13.36,0.8886,0.00,349238.00,349238.00,0.0000,持有
2020-07-13,61.11,13.99,0.9198,0.00,349238.00,349238.00,0.0000,持有
2020-07-14,62.86,14.38,0.9275,0.00,349238.00,349238.00,0.0000,持有
2020-07-15,62.94,14.40,0.9282,0.00,349238.00,349238.00,0.0000,持有
2020-07-16,58.76,13.45,0.8914,0.00,349238.00,349238.00,0.0000,持有
2020-07-17,61.67,14.11,0.9201,0.00,349238.00,349238.00,0.0000,持有
2020-07-20,63.30,11.78,0.7825,0.00,349238.00,349238.00,0.0000,持有
2020-07-21,62.38,11.61,0.7744,0.00,349238.00,349238.00,0.0000,持有
2020-07-22,61.04,11.36,0.7625,0.00,349238.00,349238.00,0.0000,持有
2020-07-23,60.05,11.17,0.7449,0.00,349238.00,349238.00,0.0000,持有
2020-07-24,58.25,10.84,0.7211,0.00,349238.00,349238.00,0.0000,持有
2020-07-27,56.89,10.58,0.7035,0.00,349238.00,349238.00,0.0000,持有
2020-07-28,58.90,10.96,0.7296,0.00,349238.00,349238.00,0.0000,持有
2020-07-29,59.46,11.06,0.7367,0.00,349238.00,349238.00,0.0000,持有
2020-07-30,59.42,11.06,0.7356,0.00,349238.00,349238.00,0.0000,持有
2020-07-31,59.71,11.11,0.7409,0.00,349238.00,349238.00,0.0000,持有
2020-08-03,60.98,11.34,0.7618,0.00,349238.00,349238.00,0.0000,持有
2020-08-04,60.76,11.30,0.7576,0.00,349238.00,349238.00,0.0000,持有
2020-08-05,61.81,11.50,0.7690,0.00,349238.00,349238.00,0.0000,持有
2020-08-06,60.70,11.29,0.7560,0.00,349238.00,349238.00,0.0000,持有
2020-08-07,59.28,11.03,0.7316,0.00,349238.00,349238.00,0.0000,持有
2020-08-10,59.89,11.14,0.7399,0.00,349238.00,349238.00,0.0000,持有
2020-08-11,61.31,11.41,0.7665,0.00,349238.00,349238.00,0.0000,持有
2020-08-12,60.51,11.26,0.7535,0.00,349238.00,349238.00,0.0000,持有
2020-08-13,60.05,11.17,0.7423,0.00,349238.00,349238.00,0.0000,持有
2020-08-14,60.23,11.21,0.7487,0.00,349238.00,349238.00,0.0000,持有
2020-08-17,59.86,11.14,0.7376,0.00,349238.00,349238.00,0.0000,持有
2020-08-18,59.51,11.07,0.7347,0.00,349238.00,349238.00,0.0000,持有
2020-08-19,58.48,10.88,0.7179,0.00,349238.00,349238.00,0.0000,持有
2020-08-20,58.62,10.91,0.7194,0.00,349238.00,349238.00,0.0000,持有
2020-08-21,58.57,10.90,0.7189,0.00,349238.00,349238.00,0.0000,持有
2020-08-24,59.19,11.01,0.7272,0.00,349238.00,349238.00,0.0000,持有
2020-08-25,58.87,10.95,0.7218,0.00,349238.00,349238.00,0.0000,持有
2020-08-26,58.22,10.83,0.7107,0.00,349238.00,349238.00,0.0000,持有
2020-08-27,57.83,10.76,0.7047,0.00,349238.00,349238.00,0.0000,持有
2020-08-28,58.57,10.90,0.7179,0.00,349238.00,349238.00,0.0000,持有
2020-08-31,57.31,10.66,0.6963,0.00,349238.00,349238.00,0.0000,持有
2020-09-01,58.04,10.80,0.7077,0.00,349238.00,349238.00,0.0000,持有
2020-09-02,58.28,10.84,0.7122,0.00,349238.00,349238.00,0.0000,持有
2020-09-03,57.46,10.69,0.6988,0.00,349238.00,349238.00,0.0000,持有
2020-09-04,57.08,10.62,0.6921,0.00,349238.00,349238.00,0.0000,持有
2020-09-07,54.06,10.06,0.6625,0.00,349238.00,349238.00,0.0000,持有
2020-09-08,54.03,10.05,0.6615,0.00,349238.00,349238.00,0.0000,持有
2020-09-09,51.82,9.64,0.6437,0.00,349238.00,349238.00,0.0000,持有
2020-09-10,51.69,9.62,0.6433,0.00,349238.00,349238.00,0.0000,持有
2020-09-11,51.11,9.51,0.6312,0.00,349238.00,349238.00,0.0000,持有
2020-09-14,51.00,9.49,0.6296,0.00,349238.00,349238.00,0.0000,持有
2020-09-15,51.37,9.56,0.6323,0.00,349238.00,349238.00,0.0000,持有
2020-09-16,49.25,9.16,0.6220,0.00,349238.00,349238.00,0.0000,持有
2020-09-17,48.36,9.00,0.6210,0.00,349238.00,349238.00,0.0000,持有
2020-09-18,49.15,9.14,0.6218,0.00,349238.00,349238.00,0.0000,持有
2020-09-21,48.19,8.97,0.6196,0.00,349238.00,349238.00,0.0000,持有
2020-09-22,47.58,8.85,0.6118,0.00,349238.00,349238.00,0.0000,持有
2020-09-23,48.64,9.05,0.6213,0.00,349238.00,349238.00,0.0000,持有
2020-09-24,48.11,8.95,0.6191,0.00,349238.00,349238.00,0.0000,持有
2020-09-25,48.27,8.98,0.6205,0.00,349238.00,349238.00,0.0000,持有
2020-09-28,46.13,8.58,0.6079,0.00,349238.00,349238.00,0.0000,持有
2020-09-29,48.30,8.99,0.6210,0.00,349238.00,349238.00,0.0000,持有
2020-09-30,48.30,8.99,0.6206,0.00,349238.00,349238.00,0.0000,持有
2020-10-09,47.37,8.81,0.6098,0.00,349238.00,349238.00,0.0000,持有
2020-10-12,49.49,9.21,0.6260,0.00,349238.00,349238.00,0.0000,持有
2020-10-13,53.10,9.88,0.6581,0.00,349238.00,349238.00,0.0000,持有
2020-10-14,50.91,9.47,0.6314,0.00,349238.00,349238.00,0.0000,持有
2020-10-15,49.80,9.27,0.6273,0.00,349238.00,349238.00,0.0000,持有
2020-10-16,49.12,9.14,0.6220,0.00,349238.00,349238.00,0.0000,持有
2020-10-19,48.43,9.01,0.6204,0.00,349238.00,349238.00,0.0000,持有
2020-10-20,48.89,6.78,0.4734,0.00,349238.00,349238.00,0.0000,持有
2020-10-21,47.67,6.62,0.4457,0.00,349238.00,349238.00,0.0000,持有
2020-10-22,46.50,6.45,0.4204,0.00,349238.00,349238.00,0.0000,持有
2020-10-23,45.05,6.25,0.3909,0.00,349238.00,349238.00,0.0000,持有
2020-10-26,45.98,6.38,0.4113,0.00,349238.00,349238.00,0.0000,持有
2020-10-27,46.60,6.47,0.4227,0.00,349238.00,349238.00,0.0000,持有
2020-10-28,45.92,6.37,0.4096,0.00,349238.00,349238.00,0.0000,持有
2020-10-29,46.99,6.52,0.4288,0.00,349238.00,349238.00,0.0000,持有
2020-10-30,46.26,6.42,0.4176,0.00,349238.00,349238.00,0.0000,持有
2020-11-02,46.93,6.51,0.4289,0.00,349238.00,349238.00,0.0000,持有
2020-11-03,46.75,6.49,0.4268,0.00,349238.00,349238.00,0.0000,持有
2020-11-04,46.44,6.45,0.4199,0.00,349238.00,349238.00,0.0000,持有
2020-11-05,46.92,6.51,0.4294,0.00,349238.00,349238.00,0.0000,持有
2020-11-06,46.12,6.40,0.4139,0.00,349238.00,349238.00,0.0000,持有
2020-11-09,46.77,6.49,0.4276,0.00,349238.00,349238.00,0.0000,持有
2020-11-10,46.23,6.42,0.4165,0.00,349238.00,349238.00,0.0000,持有
2020-11-11,46.00,6.38,0.4102,0.00,349238.00,349238.00,0.0000,持有
2020-11-12,44.46,6.17,0.3827,0.00,349238.00,349238.00,0.0000,持有
2020-11-13,45.74,6.35,0.4036,0.00,349238.00,349238.00,0.0000,持有
2020-11-16,47.54,6.60,0.4469,0.00,349238.00,349238.00,0.0000,持有
2020-11-17,47.22,6.55,0.4387,0.00,349238.00,349238.00,0.0000,持有
2020-11-18,47.39,6.58,0.4439,0.00,349238.00,349238.00,0.0000,持有
2020-11-19,49.08,6.81,0.4852,0.00,349238.00,349238.00,0.0000,持有
2020-11-20,47.63,6.61,0.4506,0.00,349238.00,349238.00,0.0000,持有
2020-11-23,46.99,6.52,0.4311,0.00,349238.00,349238.00,0.0000,持有
2020-11-24,47.27,6.56,0.4398,0.00,349238.00,349238.00,0.0000,持有
2020-11-25,47.37,6.57,0.4438,0.00,349238.00,349238.00,0.0000,持有
2020-11-26,48.95,6.79,0.4820,0.00,349238.00,349238.00,0.0000,持有
2020-11-27,50.38,6.99,0.5237,0.00,349238.00,349238.00,0.0000,持有
2020-11-30,50.26,6.98,0.5186,0.00,349238.00,349238.00,0.0000,持有
2020-12-01,51.07,7.09,0.5393,0.00,349238.00,349238.00,0.0000,持有
2020-12-02,51.71,7.18,0.5522,0.00,349238.00,349238.00,0.0000,持有
2020-12-03,51.61,7.16,0.5488,0.00,349238.00,349238.00,0.0000,持有
2020-12-04,51.00,7.08,0.5347,0.00,349238.00,349238.00,0.0000,持有
2020-12-07,51.41,7.14,0.5458,0.00,349238.00,349238.00,0.0000,持有
2020-12-08,51.05,7.09,0.5365,0.00,349238.00,349238.00,0.0000,持有
2020-12-09,49.98,6.94,0.5111,0.00,349238.00,349238.00,0.0000,持有
2020-12-10,48.95,6.79,0.4791,0.00,349238.00,349238.00,0.0000,持有
2020-12-11,48.10,6.68,0.4603,0.00,349238.00,349238.00,0.0000,持有
2020-12-14,48.85,6.78,0.4773,0.00,349238.00,349238.00,0.0000,持有
2020-12-15,48.99,6.80,0.4824,0.00,349238.00,349238.00,0.0000,持有
2020-12-16,48.65,6.75,0.4750,0.00,349238.00,349238.00,0.0000,持有
2020-12-17,48.78,6.77,0.4759,0.00,349238.00,349238.00,0.0000,持有
2020-12-18,47.78,6.63,0.4518,0.00,349238.00,349238.00,0.0000,持有
2020-12-21,48.30,6.70,0.4658,0.00,349238.00,349238.00,0.0000,持有
2020-12-22,46.57,6.46,0.4174,0.00,349238.00,349238.00,0.0000,持有
2020-12-23,46.98,6.52,0.4260,0.00,349238.00,349238.00,0.0000,持有
2020-12-24,49.38,6.85,0.4976,0.00,349238.00,349238.00,0.0000,持有
2020-12-25,48.52,6.73,0.4730,0.00,349238.00,349238.00,0.0000,持有
2020-12-28,50.58,7.02,0.5302,0.00,349238.00,349238.00,0.0000,持有
2020-12-29,49.90,6.93,0.5104,0.00,349238.00,349238.00,0.0000,持有
2020-12-30,49.78,6.91,0.5065,0.00,349238.00,349238.00,0.0000,持有
2020-12-31,50.32,6.98,0.5222,0.00,349238.00,349238.00,0.0000,持有
2021-01-04,55.36,7.68,0.5935,0.00,349238.00,349238.00,0.0000,持有
2021-01-05,60.89,8.45,0.6156,0.00,349238.00,349238.00,0.0000,持有
2021-01-06,62.66,8.70,0.6182,0.00,349238.00,349238.00,0.0000,持有
2021-01-07,63.88,8.87,0.6214,0.00,349238.00,349238.00,0.0000,持有
2021-01-08,63.10,8.76,0.6192,0.00,349238.00,349238.00,0.0000,持有
2021-01-11,58.10,8.06,0.6035,0.00,349238.00,349238.00,0.0000,持有
2021-01-12,58.90,8.17,0.6073,0.00,349238.00,349238.00,0.0000,持有
2021-01-13,57.76,8.04,0.6016,0.00,349238.00,349238.00,0.0000,持有
2021-01-14,54.75,7.62,0.5878,0.00,349238.00,349238.00,0.0000,持有
2021-01-15,53.65,7.47,0.5798,0.00,349238.00,349238.00,0.0000,持有
2021-01-18,54.46,7.58,0.5876,0.00,349238.00,349238.00,0.0000,持有
2021-01-19,53.58,7.46,0.5791,0.00,349238.00,349238.00,0.0000,持有
2021-01-20,53.88,7.50,0.5828,0.00,349238.00,349238.00,0.0000,持有
2021-01-21,54.55,7.59,0.5884,0.00,349238.00,349238.00,0.0000,持有
2021-01-22,53.51,7.45,0.5781,0.00,349238.00,349238.00,0.0000,持有
2021-01-25,53.17,7.40,0.5748,0.00,349238.00,349238.00,0.0000,持有
2021-01-26,57.05,7.94,0.6014,0.00,349238.00,349238.00,0.0000,持有
2021-01-27,60.58,8.43,0.6169,0.00,349238.00,349238.00,0.0000,持有
2021-01-28,60.59,8.43,0.6171,0.00,349238.00,349238.00,0.0000,持有
2021-01-29,58.03,8.08,0.6056,0.00,349238.00,349238.00,0.0000,持有
2021-02-01,63.30,8.81,0.6234,0.00,349238.00,349238.00,0.0000,持有
2021-02-02,63.61,8.86,0.6248,0.00,349238.00,349238.00,0.0000,持有
2021-02-03,69.85,9.72,0.6653,0.00,349238.00,349238.00,0.0000,持有
2021-02-04,69.53,9.68,0.6632,0.00,349238.00,349238.00,0.0000,持有
2021-02-05,69.53,9.68,0.6628,0.00,349238.00,349238.00,0.0000,持有
2021-02-08,75.97,10.58,0.7079,0.00,349238.00,349238.00,0.0000,持有
2021-02-09,76.69,10.68,0.7150,0.00,349238.00,349238.00,0.0000,持有
2021-02-10,81.29,11.32,0.7758,0.00,349238.00,349238.00,0.0000,持有
2021-02-18,77.54,10.79,0.7247,0.00,349238.00,349238.00,0.0000,持有
2021-02-19,82.83,11.53,0.7877,0.00,349238.00,349238.00,0.0000,持有
2021-02-22,81.55,11.35,0.7791,0.00,349238.00,349238.00,0.0000,持有
2021-02-23,79.55,11.07,0.7519,0.00,349238.00,349238.00,0.0000,持有
2021-02-24,79.58,11.08,0.7520,0.00,349238.00,349238.00,0.0000,持有
2021-02-25,81.39,11.33,0.7760,0.00,349238.00,349238.00,0.0000,持有
2021-02-26,74.34,10.35,0.6943,0.00,349238.00,349238.00,0.0000,持有
2021-03-01,77.59,10.80,0.7235,0.00,349238.00,349238.00,0.0000,持有
2021-03-02,77.81,10.83,0.7265,0.00,349238.00,349238.00,0.0000,持有
2021-03-03,78.97,10.99,0.7417,0.00,349238.00,349238.00,0.0000,持有
2021-03-04,77.28,10.76,0.7176,0.00,349238.00,349238.00,0.0000,持有
2021-03-05,73.70,10.26,0.6888,0.00,349238.00,349238.00,0.0000,持有
2021-03-08,71.93,10.01,0.6728,0.00,349238.00,349238.00,0.0000,持有
2021-03-09,69.08,9.62,0.6551,0.00,349238.00,349238.00,0.0000,持有
2021-03-10,68.96,9.60,0.6542,0.00,349238.00,349238.00,0.0000,持有
2021-03-11,69.94,9.74,0.6613,0.00,349238.00,349238.00,0.0000,持有
2021-03-12,70.28,9.78,0.6644,0.00,349238.00,349238.00,0.0000,持有
2021-03-15,67.76,9.43,0.6392,0.00,349238.00,349238.00,0.0000,持有
2021-03-16,66.23,9.22,0.6331,0.00,349238.00,349238.00,0.0000,持有
2021-03-17,71.48,9.95,0.6724,0.00,349238.00,349238.00,0.0000,持有
2021-03-18,71.76,9.99,0.6738,0.00,349238.00,349238.00,0.0000,持有
2021-03-19,68.50,9.54,0.6417,0.00,349238.00,349238.00,0.0000,持有
2021-03-22,68.49,9.54,0.6414,0.00,349238.00,349238.00,0.0000,持有
2021-03-23,66.74,9.29,0.6353,0.00,349238.00,349238.00,0.0000,持有
2021-03-24,65.90,9.17,0.6303,0.00,349238.00,349238.00,0.0000,持有
2021-03-25,64.42,8.97,0.6225,0.00,349238.00,349238.00,0.0000,持有
2021-03-26,63.70,8.87,0.6141,0.00,349238.00,349238.00,0.0000,持有
2021-03-29,64.09,8.92,0.6206,0.00,349238.00,349238.00,0.0000,持有
2021-03-30,65.50,9.12,0.6277,0.00,349238.00,349238.00,0.0000,持有
2021-03-31,65.29,9.09,0.6268,0.00,349238.00,349238.00,0.0000,持有
2021-04-01,67.88,9.45,0.6396,0.00,349238.00,349238.00,0.0000,持有
2021-04-02,69.12,9.62,0.6569,0.00,349238.00,349238.00,0.0000,持有
2021-04-06,68.58,9.55,0.6434,0.00,349238.00,349238.00,0.0000,持有
2021-04-07,67.82,9.44,0.6385,0.00,349238.00,349238.00,0.0000,持有
2021-04-08,66.68,9.28,0.6341,0.00,349238.00,349238.00,0.0000,持有
2021-04-09,66.87,9.31,0.6355,0.00,349238.00,349238.00,0.0000,持有
2021-04-12,66.33,9.23,0.6311,0.00,349238.00,349238.00,0.0000,持有
2021-04-13,66.99,9.33,0.6359,0.00,349238.00,349238.00,0.0000,持有
2021-04-14,66.69,9.28,0.6338,0.00,349238.00,349238.00,0.0000,持有
2021-04-15,68.13,9.48,0.6409,0.00,349238.00,349238.00,0.0000,持有
2021-04-16,65.94,9.18,0.6280,0.00,349238.00,349238.00,0.0000,持有
2021-04-19,69.80,9.72,0.6623,0.00,349238.00,349238.00,0.0000,持有
2021-04-20,73.04,10.17,0.6892,0.00,349238.00,349238.00,0.0000,持有
2021-04-21,72.19,10.05,0.6803,0.00,349238.00,349238.00,0.0000,持有
2021-04-22,71.79,9.99,0.6771,0.00,349238.00,349238.00,0.0000,持有
2021-04-23,72.55,10.10,0.6852,0.00,349238.00,349238.00,0.0000,持有
2021-04-26,69.82,9.72,0.6610,0.00,349238.00,349238.00,0.0000,持有
2021-04-27,68.54,9.54,0.6425,0.00,349238.00,349238.00,0.0000,持有
2021-04-28,70.71,9.84,0.6687,0.00,349238.00,349238.00,0.0000,持有
2021-04-29,74.85,10.42,0.7018,0.00,349238.00,349238.00,0.0000,持有
2021-04-30,73.83,7.58,0.5673,0.00,349238.00,349238.00,0.0000,持有
2021-05-06,68.40,7.02,0.5076,0.00,349238.00,349238.00,0.0000,持有
2021-05-07,69.24,7.11,0.5237,0.00,349238.00,349238.00,0.0000,持有
2021-05-10,65.27,6.70,0.4433,0.00,349238.00,349238.00,0.0000,持有
2021-05-11,65.38,6.71,0.4470,0.00,349238.00,349238.00,0.0000,持有
2021-05-12,65.92,6.77,0.4546,0.00,349238.00,349238.00,0.0000,持有
2021-05-13,64.29,6.60,0.4233,0.00,349238.00,349238.00,0.0000,持有
2021-05-14,65.24,6.70,0.4428,0.00,349238.00,349238.00,0.0000,持有
2021-05-17,66.44,6.82,0.4673,0.00,349238.00,349238.00,0.0000,持有
2021-05-18,65.39,6.71,0.4474,0.00,349238.00,349238.00,0.0000,持有
2021-05-19,65.58,6.73,0.4516,0.00,349238.00,349238.00,0.0000,持有
2021-05-20,66.24,6.80,0.4632,0.00,349238.00,349238.00,0.0000,持有
2021-05-21,64.57,6.63,0.4275,0.00,349238.00,349238.00,0.0000,持有
2021-05-24,59.03,6.06,0.3391,0.00,349238.00,349238.00,0.0000,持有
2021-05-25,60.05,6.17,0.3558,0.00,349238.00,349238.00,0.0000,持有
2021-05-26,60.04,6.16,0.3556,0.00,349238.00,349238.00,0.0000,持有
2021-05-27,59.93,6.15,0.3526,0.00,349238.00,349238.00,0.0000,持有
2021-05-28,58.98,6.06,0.3378,0.00,349238.00,349238.00,0.0000,持有
2021-05-31,58.14,5.97,0.3259,0.00,349238.00,349238.00,0.0000,持有
2021-06-01,58.74,6.03,0.3358,0.00,349238.00,349238.00,0.0000,持有
2021-06-02,60.77,6.24,0.3619,0.00,349238.00,349238.00,0.0000,持有
2021-06-03,61.51,6.22,0.3589,0.00,349238.00,349238.00,0.0000,持有
2021-06-04,62.95,6.36,0.3804,0.00,349238.00,349238.00,0.0000,持有
2021-06-07,59.79,6.04,0.3361,0.00,349238.00,349238.00,0.0000,持有
2021-06-08,60.16,6.08,0.3438,0.00,349238.00,349238.00,0.0000,持有
2021-06-09,60.35,6.10,0.3458,0.00,349238.00,349238.00,0.0000,持有
2021-06-10,59.33,6.00,0.3289,0.00,349238.00,349238.00,0.0000,持有
2021-06-11,58.30,5.89,0.3109,0.00,349238.00,349238.00,0.0000,持有
2021-06-15,57.37,5.80,0.2957,0.00,349238.00,349238.00,0.0000,买入(补至20%)
2021-06-16,56.08,5.67,0.2749,68254.79,278542.71,346797.50,0.1968,持有
2021-06-17,54.40,5.50,0.2341,66209.75,278542.71,344752.46,0.1921,持有
2021-06-18,53.06,5.36,0.2062,64571.45,278542.71,343114.16,0.1882,持有
2021-06-21,50.13,5.07,0.1244,61012.39,278542.71,339555.11,0.1797,买入(补至50%)
2021-06-22,50.50,5.10,0.1449,171009.24,168474.25,339483.49,0.5037,持有
2021-06-23,52.92,5.35,0.2042,179182.48,168474.25,347656.72,0.5154,持有
2021-06-24,52.16,5.27,0.1830,176604.76,168474.25,345079.01,0.5118,持有
2021-06-25,54.34,5.49,0.2334,183992.11,168474.25,352466.36,0.5220,持有
2021-06-28,58.81,5.94,0.3235,199144.03,168474.25,367618.28,0.5417,持有
2021-06-29,57.90,5.85,0.3040,196063.35,168474.25,364537.60,0.5378,持有
2021-06-30,56.47,5.71,0.2861,191190.85,168474.25,359665.09,0.5316,持有
2021-07-01,55.52,5.61,0.2627,187984.42,168474.25,356458.67,0.5274,持有
2021-07-02,54.97,5.56,0.2499,186129.73,168474.25,354603.98,0.5249,持有
2021-07-05,55.05,5.56,0.2514,186412.65,168474.25,354886.90,0.5253,持有
2021-07-06,55.04,5.56,0.2512,186381.21,168474.25,354855.46,0.5252,持有
2021-07-07,53.75,5.43,0.2213,182011.67,168474.25,350485.92,0.5193,持有
2021-07-08,53.09,5.36,0.2074,179748.32,168474.25,348222.56,0.5162,持有
2021-07-09,52.64,5.32,0.1946,178239.41,168474.25,346713.66,0.5141,持有
2021-07-12,53.40,5.40,0.2143,180817.12,168474.25,349291.37,0.5177,持有
2021-07-13,53.74,5.43,0.2214,181980.24,168474.25,350454.49,0.5193,持有
2021-07-14,52.41,5.30,0.1882,177453.52,168474.25,345927.77,0.5130,持有
2021-07-15,52.88,5.34,0.2024,179056.74,168474.25,347530.98,0.5152,持有
2021-07-16,50.46,5.10,0.1385,170852.06,168474.25,339326.31,0.5035,持有
2021-07-19,48.05,4.86,0.0709,162710.26,168474.25,331184.51,0.4913,买入(补至80%)
2021-07-20,48.74,4.93,0.0868,268708.26,66165.02,334873.28,0.8024,持有
2021-07-21,47.03,4.75,0.0510,259290.68,66165.02,325455.70,0.7967,持有
2021-07-22,47.10,4.76,0.0521,259648.96,66165.02,325813.98,0.7969,持有
2021-07-23,44.02,4.45,0.0203,242656.36,66165.02,308821.38,0.7857,持有
2021-07-26,42.79,4.32,0.0142,235900.27,66165.02,302065.28,0.7810,持有
2021-07-27,39.76,4.02,0.0082,219214.76,66165.02,285379.78,0.7682,买入(补至100%)
2021-07-28,37.98,3.84,0.0071,272549.66,563.68,273113.33,0.9979,持有
2021-07-29,38.72,3.91,0.0077,277879.40,563.68,278443.08,0.9980,持有
2021-07-30,39.24,3.97,0.0082,281610.22,563.68,282173.90,0.9980,持有
2021-08-02,41.59,4.20,0.0148,298465.52,563.68,299029.20,0.9981,持有
2021-08-03,40.72,4.12,0.0137,292203.08,563.68,292766.76,0.9981,持有
2021-08-04,40.07,4.05,0.0109,287539.55,563.68,288103.23,0.9980,持有
2021-08-05,38.85,3.93,0.0082,278812.10,563.68,279375.78,0.9980,持有
2021-08-06,39.25,3.97,0.0093,281676.84,563.68,282240.52,0.9980,持有
2021-08-09,43.18,4.36,0.0223,309857.85,563.68,310421.53,0.9982,持有
2021-08-10,44.73,4.52,0.0294,320983.68,563.68,321547.36,0.9982,持有
2021-08-11,44.73,4.52,0.0294,320983.68,563.68,321547.36,0.9982,持有
2021-08-12,44.10,4.46,0.0267,316453.40,563.68,317017.08,0.9982,持有
2021-08-13,43.50,4.40,0.0239,312122.99,563.68,312686.67,0.9982,持有
2021-08-16,44.01,4.45,0.0266,315787.18,563.68,316350.86,0.9982,持有
2021-08-17,42.07,4.25,0.0179,301863.23,563.68,302426.91,0.9981,持有
2021-08-18,42.24,4.27,0.0190,303129.05,563.68,303692.73,0.9981,持有
2021-08-19,41.67,4.21,0.0174,298998.50,563.68,299562.18,0.9981,持有
2021-08-20,41.17,4.16,0.0163,295400.92,563.68,295964.60,0.9981,持有
2021-08-23,41.26,4.17,0.0168,296067.14,563.68,296630.82,0.9981,持有
2021-08-24,41.85,4.23,0.0190,300330.93,563.68,300894.61,0.9981,持有
2021-08-25,41.68,4.21,0.0189,299065.12,563.68,299628.80,0.9981,持有
2021-08-26,40.44,4.09,0.0141,290204.42,563.68,290768.10,0.9981,持有
2021-08-27,39.85,4.23,0.0206,285940.63,563.68,286504.31,0.9980,持有
2021-08-30,39.09,4.15,0.0168,280477.65,563.68,281041.33,0.9980,持有
2021-08-31,39.28,4.17,0.0184,281876.70,563.68,282440.38,0.9980,持有
2021-09-01,41.57,4.42,0.0319,298332.28,563.68,298895.96,0.9981,持有
2021-09-02,40.07,4.26,0.0232,287539.55,563.68,288103.23,0.9980,持有
2021-09-03,42.57,4.52,0.0388,305460.81,563.68,306024.49,0.9982,持有
2021-09-06,43.77,4.65,0.0501,314121.64,563.68,314685.32,0.9982,持有
2021-09-07,43.49,4.62,0.0480,312056.36,563.68,312620.04,0.9982,持有
2021-09-08,42.64,4.53,0.0398,305993.78,563.68,306557.46,0.9982,持有
2021-09-09,42.35,4.50,0.0366,303928.51,563.68,304492.19,0.9981,持有
2021-09-10,42.20,4.48,0.0355,302795.94,563.68,303359.62,0.9981,持有
2021-09-13,40.55,4.31,0.0253,291003.89,563.68,291567.56,0.9981,持有
2021-09-14,40.12,4.26,0.0236,287872.66,563.68,288436.34,0.9980,持有
2021-09-15,39.84,4.23,0.0215,285874.01,563.68,286437.69,0.9980,持有
2021-09-16,41.04,4.36,0.0301,294468.22,563.68,295031.90,0.9981,持有
2021-09-17,41.49,4.41,0.0333,297732.68,563.68,298296.36,0.9981,持有
2021-09-22,40.15,4.26,0.0252,288139.15,563.68,288702.83,0.9980,持有
2021-09-23,41.05,4.36,0.0311,294601.46,563.68,295165.14,0.9981,持有
2021-09-24,42.16,4.48,0.0391,302529.45,563.68,303093.13,0.9981,持有
2021-09-27,45.45,4.83,0.0883,326113.56,563.68,326677.24,0.9983,持有
2021-09-28,44.80,4.76,0.0738,321450.03,563.68,322013.71,0.9982,持有
2021-09-29,47.26,5.02,0.1332,339104.80,563.68,339668.48,0.9983,持有
2021-09-30,48.18,5.12,0.1748,345766.98,563.68,346330.66,0.9984,持有
2021-10-08,50.78,5.39,0.2372,364421.07,563.68,364984.75,0.9985,持有
2021-10-11,51.22,5.44,0.2483,367552.30,563.68,368115.98,0.9985,持有
2021-10-12,50.06,5.32,0.2166,359224.58,563.68,359788.26,0.9984,持有
2021-10-13,51.37,5.46,0.2528,368618.25,563.68,369181.93,0.9985,持有
2021-10-14,49.28,5.23,0.1988,353628.35,563.68,354192.03,0.9984,持有
2021-10-15,51.43,5.46,0.2557,369084.60,563.68,369648.28,0.9985,持有
2021-10-18,52.00,5.52,0.2684,373148.53,563.68,373712.21,0.9985,持有
2021-10-19,55.33,5.95,0.3518,397065.74,563.68,397629.42,0.9986,持有
2021-10-20,53.48,5.75,0.3176,383741.39,563.68,384305.07,0.9985,持有
2021-10-21,52.83,5.68,0.3068,379077.86,563.68,379641.54,0.9985,持有
2021-10-22,52.95,5.69,0.3098,379943.95,563.68,380507.63,0.9985,持有
2021-10-25,52.46,5.64,0.2995,376479.62,563.68,377043.29,0.9985,持有
2021-10-26,50.75,5.46,0.2527,364154.59,563.68,364718.27,0.9985,持有
2021-10-27,51.29,5.52,0.2658,368085.27,563.68,368648.95,0.9985,持有
2021-10-28,51.15,5.50,0.2625,367085.95,563.68,367649.62,0.9985,持有
2021-10-29,53.02,5.70,0.3127,380476.92,563.68,381040.60,0.9985,持有
2021-11-01,53.50,5.75,0.3220,383941.25,563.68,384504.93,0.9985,持有
2021-11-02,53.87,5.79,0.3282,386606.12,563.68,387169.80,0.9985,持有
2021-11-03,55.19,5.93,0.3519,396066.42,563.68,396630.09,0.9986,持有
2021-11-04,54.84,5.90,0.3453,393534.79,563.68,394098.47,0.9986,持有
2021-11-05,54.04,5.81,0.3298,387805.32,563.68,388368.99,0.9985,持有
2021-11-08,53.74,5.78,0.3259,385606.80,563.68,386170.48,0.9985,持有
2021-11-09,52.89,5.69,0.3083,379544.22,563.68,380107.90,0.9985,持有
2021-11-10,52.07,5.60,0.2855,373681.50,563.68,374245.18,0.9985,持有
2021-11-11,52.84,5.68,0.3075,379144.49,563.68,379708.16,0.9985,持有
2021-11-12,54.39,5.85,0.3347,390270.32,563.68,390834.00,0.9986,持有
2021-11-15,54.66,5.88,0.3435,392268.97,563.68,392832.65,0.9986,持有
2021-11-16,54.53,5.86,0.3391,391336.27,563.68,391899.95,0.9986,持有
2021-11-17,54.03,5.81,0.3305,387738.69,563.68,388302.37,0.9985,持有
2021-11-18,54.12,5.82,0.3325,388338.29,563.68,388901.97,0.9986,持有
2021-11-19,53.45,5.75,0.3181,383541.52,563.68,384105.20,0.9985,持有
2021-11-22,53.06,5.70,0.3137,380743.41,563.68,381307.09,0.9985,持有
2021-11-23,53.11,5.71,0.3157,381143.14,563.68,381706.82,0.9985,持有
2021-11-24,51.80,5.57,0.2782,371749.47,563.68,372313.15,0.9985,持有
2021-11-25,51.88,5.58,0.2796,372282.44,563.68,372846.12,0.9985,持有
2021-11-26,50.74,5.45,0.2491,364087.97,563.68,364651.64,0.9985,持有
2021-11-29,50.60,5.44,0.2448,363088.64,563.68,363652.32,0.9984,持有
2021-11-30,48.65,5.23,0.1954,349098.07,563.68,349661.75,0.9984,持有
2021-12-01,48.15,5.18,0.1843,345500.49,563.68,346064.17,0.9984,持有
2021-12-02,48.50,5.21,0.1910,348032.12,563.68,348595.80,0.9984,持有
2021-12-03,49.50,5.32,0.2165,355227.27,563.68,355790.95,0.9984,持有
2021-12-06,47.91,5.15,0.1772,343834.95,563.68,344398.63,0.9984,持有
2021-12-07,45.46,4.89,0.0993,326246.80,563.68,326810.48,0.9983,持有
2021-12-08,47.38,5.09,0.1567,339970.89,563.68,340534.56,0.9983,持有
2021-12-09,47.55,5.11,0.1696,341236.70,563.68,341800.38,0.9984,持有
2021-12-10,47.30,5.09,0.1528,339437.91,563.68,340001.59,0.9983,持有
2021-12-13,46.53,5.00,0.1225,333908.30,563.68,334471.98,0.9983,持有
2021-12-14,46.32,4.98,0.1188,332376.00,563.68,332939.68,0.9983,持有
2021-12-15,45.55,4.90,0.1010,326846.40,563.68,327410.08,0.9983,持有
2021-12-16,44.33,4.77,0.0750,318118.95,563.68,318682.62,0.9982,持有
2021-12-17,43.97,4.73,0.0676,315520.70,563.68,316084.38,0.9982,持有
2021-12-20,42.98,4.62,0.0525,308392.17,563.68,308955.85,0.9982,持有
2021-12-21,43.04,4.63,0.0535,308858.52,563.68,309422.20,0.9982,持有
2021-12-22,44.63,4.80,0.0810,320250.84,563.68,320814.52,0.9982,持有
2021-12-23,46.55,5.00,0.1267,334041.55,563.68,334605.23,0.9983,持有
2021-12-24,48.54,5.22,0.1988,348298.61,563.68,348862.29,0.9984,持有
2021-12-27,49.11,5.28,0.2106,352429.16,563.68,352992.84,0.9984,持有
2021-12-28,48.60,5.23,0.2006,348764.96,563.68,349328.64,0.9984,持有
2021-12-29,47.84,5.14,0.1819,343301.97,563.68,343865.65,0.9984,持有
2021-12-30,48.41,5.20,0.1952,347365.90,563.68,347929.58,0.9984,持有
2021-12-31,49.54,5.33,0.2262,355493.76,563.68,356057.44,0.9984,持有
2022-01-04,53.66,5.77,0.3357,385073.82,563.68,385637.50,0.9985,持有
2022-01-05,53.84,5.79,0.3387,386339.64,563.68,386903.32,0.9985,持有
2022-01-06,52.63,5.66,0.3101,377678.81,563.68,378242.49,0.9985,持有
2022-01-07,52.24,5.62,0.3017,374880.69,563.68,375444.37,0.9985,持有
2022-01-10,55.04,5.92,0.3650,394933.84,563.68,395497.52,0.9986,持有
2022-01-11,52.57,5.65,0.3096,377212.45,563.68,377776.13,0.9985,持有
2022-01-12,53.20,5.72,0.3270,381742.73,563.68,382306.41,0.9985,持有
2022-01-13,51.29,5.51,0.2722,368085.27,563.68,368648.95,0.9985,持有
2022-01-14,51.71,5.56,0.2839,371083.25,563.68,371646.93,0.9985,持有
2022-01-17,51.99,5.59,0.2920,373081.90,563.68,373645.58,0.9985,持有
2022-01-18,51.80,5.57,0.2872,371749.47,563.68,372313.15,0.9985,持有
2022-01-19,50.63,5.44,0.2536,363288.50,563.68,363852.18,0.9985,持有
2022-01-20,53.10,5.71,0.3275,381076.52,563.68,381640.20,0.9985,持有
2022-01-21,51.06,5.49,0.2646,366419.73,563.68,366983.41,0.9985,持有
2022-01-24,49.97,5.37,0.2368,358558.36,563.68,359122.04,0.9984,持有
2022-01-25,48.28,5.19,0.1910,346433.20,563.68,346996.88,0.9984,持有
2022-01-26,50.46,5.42,0.2478,362089.31,563.68,362652.99,0.9984,持有
2022-01-27,49.32,5.30,0.2169,353894.84,563.68,354458.51,0.9984,持有
2022-01-28,50.68,5.45,0.2578,363688.24,563.68,364251.91,0.9985,持有
2022-02-07,51.28,5.51,0.2736,367952.03,563.68,368515.71,0.9985,持有
2022-02-08,51.71,5.56,0.2862,371083.25,563.68,371646.93,0.9985,持有
2022-02-09,54.48,5.86,0.3552,390936.54,563.68,391500.22,0.9986,持有
2022-02-10,57.21,6.15,0.4061,410523.34,563.68,411087.02,0.9986,持有
2022-02-11,56.35,6.06,0.3926,404394.14,563.68,404957.81,0.9986,持有
2022-02-14,54.94,5.91,0.3694,394267.63,563.68,394831.31,0.9986,持有
2022-02-15,54.94,5.91,0.3693,394267.63,563.68,394831.31,0.9986,持有
2022-02-16,54.08,5.81,0.3486,388071.80,563.68,388635.48,0.9985,持有
2022-02-17,55.33,5.95,0.3770,397065.74,563.68,397629.42,0.9986,持有
2022-02-18,55.69,5.99,0.3835,399663.99,563.68,400227.67,0.9986,持有
2022-02-21,55.27,5.94,0.3746,396599.39,563.68,397163.07,0.9986,持有
2022-02-22,54.35,5.84,0.3510,390003.83,563.68,390567.51,0.9986,持有
2022-02-23,53.31,5.73,0.3315,382542.20,563.68,383105.87,0.9985,持有
2022-02-24,52.55,5.65,0.3120,377079.21,563.68,377642.89,0.9985,持有
2022-02-25,53.10,5.71,0.3286,381076.52,563.68,381640.20,0.9985,持有
2022-02-28,52.99,5.70,0.3244,380277.06,563.68,380840.73,0.9985,持有
2022-03-01,56.27,6.05,0.3948,403794.54,563.68,404358.22,0.9986,持有
2022-03-02,55.42,5.96,0.3794,397665.34,563.68,398229.02,0.9986,持有
2022-03-03,54.54,5.86,0.3579,391402.89,563.68,391966.57,0.9986,持有
2022-03-04,54.53,5.86,0.3572,391336.27,563.68,391899.95,0.9986,持有
2022-03-07,53.15,5.71,0.3296,381409.63,563.68,381973.30,0.9985,持有
2022-03-08,50.56,5.44,0.2494,362822.15,563.68,363385.83,0.9984,持有
2022-03-09,50.74,5.45,0.2573,364087.97,563.68,364651.64,0.9985,持有
2022-03-10,50.80,5.46,0.2608,364554.32,563.68,365118.00,0.9985,持有
2022-03-11,51.66,5.55,0.2829,370683.52,563.68,371247.20,0.9985,持有
2022-03-14,48.58,5.22,0.1973,348631.72,563.68,349195.39,0.9984,持有
2022-03-15,45.70,4.91,0.1052,327912.35,563.68,328476.02,0.9983,持有
2022-03-16,46.34,4.98,0.1203,332509.25,563.68,333072.93,0.9983,持有
2022-03-17,49.25,5.30,0.2131,353428.48,563.68,353992.16,0.9984,持有
2022-03-18,50.78,5.46,0.2610,364421.07,563.68,364984.75,0.9985,持有
2022-03-21,51.00,5.48,0.2659,365953.38,563.68,366517.05,0.9985,持有
2022-03-22,52.15,5.61,0.3011,374214.47,563.68,374778.15,0.9985,持有
2022-03-23,51.70,5.56,0.2868,371016.63,563.68,371580.31,0.9985,持有
2022-03-24,51.05,5.49,0.2660,366353.11,563.68,366916.78,0.9985,持有
2022-03-25,51.02,5.55,0.2835,366086.62,563.68,366650.30,0.9985,持有
2022-03-28,50.63,5.51,0.2713,363355.13,563.68,363918.81,0.9985,持有
2022-03-29,52.87,5.75,0.3395,379410.97,563.68,379974.65,0.9985,持有
2022-03-30,53.24,5.79,0.3494,382075.84,563.68,382639.52,0.9985,持有
2022-03-31,52.79,5.74,0.3377,378811.38,563.68,379375.06,0.9985,持有
2022-04-01,53.31,5.80,0.3511,382542.20,563.68,383105.87,0.9985,持有
2022-04-06,52.04,5.66,0.3168,373415.01,563.68,373978.69,0.9985,持有
2022-04-07,50.24,5.46,0.2614,360490.39,563.68,361054.07,0.9984,持有
2022-04-08,49.86,5.42,0.2442,357825.52,563.68,358389.20,0.9984,持有
2022-04-11,50.78,5.52,0.2782,364421.07,563.68,364984.75,0.9985,持有
2022-04-12,51.25,5.57,0.2941,367752.16,563.68,368315.84,0.9985,持有
2022-04-13,49.71,5.40,0.2414,356692.95,563.68,357256.63,0.9984,持有
2022-04-14,49.44,5.38,0.2357,354760.92,563.68,355324.60,0.9984,持有
2022-04-15,48.69,5.29,0.2106,349364.56,563.68,349928.23,0.9984,持有
2022-04-18,51.00,5.55,0.2850,365953.38,563.68,366517.05,0.9985,持有
2022-04-19,53.34,5.80,0.3553,382742.06,563.68,383305.74,0.9985,持有
2022-04-20,53.04,5.77,0.3487,380610.16,563.68,381173.84,0.9985,持有
2022-04-21,51.97,5.65,0.3180,372948.66,563.68,373512.34,0.9985,持有
2022-04-22,51.06,5.55,0.2869,366419.73,563.68,366983.41,0.9985,持有
2022-04-25,49.17,5.35,0.2279,352828.89,563.68,353392.57,0.9984,持有
2022-04-26,47.45,5.16,0.1800,340503.86,563.68,341067.54,0.9983,持有
2022-04-27,50.62,5.50,0.2720,363221.88,563.68,363785.56,0.9985,持有
2022-04-28,49.85,5.42,0.2450,357758.90,563.68,358322.58,0.9984,持有
2022-04-29,48.49,5.27,0.2046,347965.50,563.68,348529.18,0.9984,持有
2022-05-05,48.50,5.91,0.3841,348032.12,563.68,348595.80,0.9984,持有
2022-05-06,47.72,5.82,0.3610,342435.89,563.68,342999.57,0.9984,持有
2022-05-09,47.81,5.83,0.3628,343102.11,563.68,343665.79,0.9984,持有
2022-05-10,47.94,5.84,0.3646,344034.81,563.68,344598.49,0.9984,持有
2022-05-11,47.82,5.83,0.3630,343168.73,563.68,343732.41,0.9984,持有
2022-05-12,46.71,5.69,0.3315,335174.12,563.68,335737.80,0.9983,持有
2022-05-13,45.75,5.58,0.2971,328312.08,563.68,328875.76,0.9983,持有
2022-05-16,47.62,5.80,0.3580,341703.05,563.68,342266.73,0.9984,持有
2022-05-17,47.03,5.73,0.3414,337505.88,563.68,338069.56,0.9983,持有
2022-05-18,46.36,5.65,0.3200,332709.11,563.68,333272.79,0.9983,持有
2022-05-19,45.10,5.50,0.2708,323648.55,563.68,324212.23,0.9983,持有
2022-05-20,45.26,5.52,0.2776,324781.12,563.68,325344.80,0.9983,持有
2022-05-23,46.27,5.64,0.3175,332042.90,563.68,332606.57,0.9983,持有
2022-05-24,45.06,5.49,0.2679,323382.07,563.68,323945.74,0.9983,持有
2022-05-25,46.58,5.68,0.3281,334241.41,563.68,334805.09,0.9983,持有
2022-05-26,46.29,5.64,0.3185,332176.14,563.68,332739.82,0.9983,持有
2022-05-27,45.78,5.58,0.2986,328511.94,563.68,329075.62,0.9983,持有
2022-05-30,45.63,5.56,0.2926,327445.99,563.68,328009.67,0.9983,持有
2022-05-31,47.52,5.79,0.3585,340970.21,563.68,341533.89,0.9983,持有
2022-06-01,46.56,5.68,0.3282,334108.17,563.68,334671.85,0.9983,持有
2022-06-02,46.36,5.65,0.3222,332709.11,563.68,333272.79,0.9983,持有
2022-06-06,45.82,5.59,0.2999,328778.43,563.68,329342.11,0.9983,持有
2022-06-07,46.84,5.71,0.3415,336106.82,563.68,336670.50,0.9983,持有
2022-06-08,46.77,5.70,0.3369,335640.47,563.68,336204.15,0.9983,持有
2022-06-09,48.32,5.86,0.3751,346754.86,563.68,347318.54,0.9984,持有
2022-06-10,48.13,5.84,0.3700,345348.82,563.68,345912.50,0.9984,持有
2022-06-13,50.00,6.07,0.4180,358806.58,563.68,359370.26,0.9984,持有
2022-06-14,50.66,6.15,0.4291,363560.32,563.68,364123.99,0.9985,持有
2022-06-15,50.03,6.07,0.4195,359007.44,563.68,359571.12,0.9984,持有
2022-06-16,51.28,6.22,0.4370,367979.28,563.68,368542.96,0.9985,持有
2022-06-17,51.18,6.21,0.4363,367242.79,563.68,367806.46,0.9985,持有
2022-06-20,52.18,6.33,0.4517,374473.82,563.68,375037.50,0.9985,持有
2022-06-21,52.06,6.32,0.4496,373603.42,563.68,374167.10,0.9985,持有
2022-06-22,53.42,6.48,0.4753,383311.75,563.68,383875.43,0.9985,持有
2022-06-23,53.45,6.48,0.4755,383579.57,563.68,384143.25,0.9985,持有
2022-06-24,53.09,6.44,0.4680,380968.36,563.68,381532.04,0.9985,持有
2022-06-27,54.66,6.63,0.5020,392216.63,563.68,392780.31,0.9986,持有
2022-06-28,54.40,6.60,0.4958,390408.88,563.68,390972.55,0.9986,持有
2022-06-29,51.20,6.21,0.4351,367376.69,563.68,367940.37,0.9985,持有
2022-06-30,51.57,6.26,0.4412,370054.85,563.68,370618.53,0.9985,持有
2022-07-01,52.24,6.34,0.4532,374875.54,563.68,375439.22,0.9985,持有
2022-07-04,57.47,6.97,0.5641,412369.79,563.68,412933.47,0.9986,持有
2022-07-05,59.25,7.19,0.5989,425158.01,563.68,425721.69,0.9987,持有
2022-07-06,57.09,6.93,0.5567,409691.63,563.68,410255.31,0.9986,持有
2022-07-07,58.11,7.05,0.5774,416989.62,563.68,417553.30,0.9987,持有
2022-07-08,58.63,7.11,0.5893,420739.05,563.68,421302.72,0.9987,持有
2022-07-11,60.78,7.37,0.6158,436138.47,563.68,436702.15,0.9987,持有
2022-07-12,59.25,7.19,0.5989,425158.01,563.68,425721.69,0.9987,持有
2022-07-13,59.61,7.23,0.6054,427769.22,563.68,428332.90,0.9987,持有
2022-07-14,59.30,7.19,0.6008,425559.74,563.68,426123.41,0.9987,持有
2022-07-15,58.31,7.07,0.5796,418462.61,563.68,419026.29,0.9987,持有
2022-07-18,57.94,7.03,0.5745,415784.45,563.68,416348.13,0.9986,持有
2022-07-19,57.58,6.98,0.5650,413173.24,563.68,413736.92,0.9986,持有
2022-07-20,55.91,6.78,0.5264,401188.47,563.68,401752.15,0.9986,持有
2022-07-21,55.85,6.77,0.5252,400786.75,563.68,401350.43,0.9986,持有
2022-07-22,54.86,6.65,0.5027,393689.62,563.68,394253.30,0.9986,持有
2022-07-25,54.13,6.57,0.4860,388467.21,563.68,389030.89,0.9986,持有
2022-07-26,54.23,6.58,0.4891,389136.75,563.68,389700.43,0.9986,持有
2022-07-27,54.16,6.57,0.4865,388668.07,563.68,389231.75,0.9986,持有
2022-07-28,54.30,6.59,0.4896,389672.38,563.68,390236.06,0.9986,持有
2022-07-29,55.61,6.75,0.5227,399045.94,563.68,399609.62,0.9986,持有
2022-08-01,54.83,6.65,0.5031,393488.76,563.68,394052.44,0.9986,持有
2022-08-02,54.18,6.57,0.4870,388801.98,563.68,389365.66,0.9986,持有
2022-08-03,52.92,6.42,0.4616,379763.19,563.68,380326.87,0.9985,持有
2022-08-04,54.07,6.56,0.4831,387998.53,563.68,388562.21,0.9985,持有
2022-08-05,54.50,6.61,0.4969,391078.42,563.68,391642.10,0.9986,持有
2022-08-08,53.99,6.55,0.4812,387462.90,563.68,388026.58,0.9985,持有
2022-08-09,52.41,6.36,0.4506,376080.72,563.68,376644.40,0.9985,持有
2022-08-10,52.03,6.31,0.4418,373335.60,563.68,373899.28,0.9985,持有
2022-08-11,52.48,6.37,0.4521,376616.35,563.68,377180.03,0.9985,持有
2022-08-12,52.02,6.31,0.4413,373268.65,563.68,373832.33,0.9985,持有
2022-08-15,52.21,6.33,0.4469,374674.68,563.68,375238.36,0.9985,持有
2022-08-16,53.56,6.50,0.4741,384316.06,563.68,384879.74,0.9985,持有
2022-08-17,53.74,6.52,0.4762,385655.14,563.68,386218.82,0.9985,持有
2022-08-18,51.92,6.30,0.4400,372599.11,563.68,373162.79,0.9985,持有
2022-08-19,54.38,6.60,0.4945,390208.01,563.68,390771.69,0.9986,持有
2022-08-22,54.87,6.66,0.5072,393756.58,563.68,394320.26,0.9986,持有
2022-08-23,55.13,6.69,0.5146,395631.29,563.68,396194.97,0.9986,持有
2022-08-24,55.27,6.70,0.5187,396635.60,563.68,397199.28,0.9986,持有
2022-08-25,55.65,6.75,0.5280,399313.76,563.68,399877.44,0.9986,持有
2022-08-26,55.05,6.68,0.5110,395028.70,563.68,395592.38,0.9986,持有
2022-08-29,54.86,6.66,0.5060,393689.62,563.68,394253.30,0.9986,持有
2022-08-30,55.20,6.70,0.5158,396099.97,563.68,396663.65,0.9986,持有
2022-08-31,54.69,7.01,0.5767,392484.45,563.68,393048.13,0.9986,持有
2022-09-01,54.77,7.02,0.5783,393020.08,563.68,393583.76,0.9986,持有
2022-09-02,55.05,7.05,0.5833,395028.70,563.68,395592.38,0.9986,持有
2022-09-05,56.04,7.18,0.6035,402125.83,563.68,402689.51,0.9986,持有
2022-09-06,55.75,7.14,0.5980,400050.25,563.68,400613.93,0.9986,持有
2022-09-07,54.69,7.01,0.5753,392484.45,563.68,393048.13,0.9986,持有
2022-09-08,54.49,6.98,0.5688,391011.46,563.68,391575.14,0.9986,持有
2022-09-09,54.58,6.99,0.5733,391681.00,563.68,392244.68,0.9986,持有
2022-09-13,56.56,7.25,0.6140,405875.25,563.68,406438.93,0.9986,持有
2022-09-14,56.44,7.23,0.6132,405004.85,563.68,405568.53,0.9986,持有
2022-09-15,55.41,7.10,0.5915,397639.91,563.68,398203.59,0.9986,持有
2022-09-16,54.96,7.04,0.5803,394359.16,563.68,394922.84,0.9986,持有
2022-09-19,56.01,7.18,0.6038,401924.97,563.68,402488.65,0.9986,持有
2022-09-20,54.94,7.04,0.5798,394225.26,563.68,394788.93,0.9986,持有
2022-09-21,52.80,6.77,0.5263,378892.79,563.68,379456.46,0.9985,持有
2022-09-22,52.44,6.72,0.5194,376281.58,563.68,376845.26,0.9985,持有
2022-09-23,52.06,6.67,0.5050,373603.42,563.68,374167.10,0.9985,持有
2022-09-26,50.24,6.44,0.4583,360547.38,563.68,361111.06,0.9984,持有
2022-09-27,51.25,6.57,0.4818,367778.42,563.68,368342.10,0.9985,持有
2022-09-28,51.03,6.54,0.4754,366171.52,563.68,366735.20,0.9985,持有
2022-09-29,50.77,6.51,0.4685,364296.81,563.68,364860.49,0.9985,持有
2022-09-30,50.87,6.52,0.4707,365033.30,563.68,365596.98,0.9985,持有
2022-10-10,54.16,6.94,0.5622,388668.07,563.68,389231.75,0.9986,持有
2022-10-11,54.36,6.97,0.5643,390074.11,563.68,390637.78,0.9986,持有
2022-10-12,54.95,7.04,0.5820,394292.21,563.68,394855.89,0.9986,持有
2022-10-13,54.96,7.04,0.5826,394426.12,563.68,394989.80,0.9986,持有
2022-10-14,54.54,6.99,0.5715,391413.19,563.68,391976.87,0.9986,持有
2022-10-17,54.38,6.97,0.5646,390208.01,563.68,390771.69,0.9986,持有
2022-10-18,54.77,7.02,0.5785,393020.08,563.68,393583.76,0.9986,持有
2022-10-19,52.81,6.77,0.5264,378959.74,563.68,379523.42,0.9985,持有
2022-10-20,52.28,6.70,0.5130,375143.36,563.68,375707.04,0.9985,持有
2022-10-21,52.17,6.69,0.5085,374406.87,563.68,374970.54,0.9985,持有
2022-10-24,50.66,6.49,0.4649,363560.32,563.68,364123.99,0.9985,持有
2022-10-25,50.58,5.44,0.2399,362957.73,563.68,363521.41,0.9984,持有
2022-10-26,47.34,5.09,0.1481,339724.68,563.68,340288.36,0.9983,持有
2022-10-27,46.19,4.97,0.1086,331489.34,563.68,332053.02,0.9983,持有
2022-10-28,44.35,4.77,0.0695,318232.45,563.68,318796.12,0.9982,持有
2022-10-31,43.65,4.70,0.0563,313210.89,563.68,313774.57,0.9982,持有
2022-11-01,45.23,4.87,0.0892,324593.08,563.68,325156.76,0.9983,持有
2022-11-02,45.02,4.84,0.0858,323053.13,563.68,323616.81,0.9983,持有
2022-11-03,44.41,4.78,0.0713,318701.12,563.68,319264.80,0.9982,持有
2022-11-04,45.44,4.89,0.0947,326066.07,563.68,326629.74,0.9983,持有
2022-11-07,46.28,4.98,0.1133,332091.93,563.68,332655.61,0.9983,持有
2022-11-08,45.58,4.90,0.0988,327070.38,563.68,327634.05,0.9983,持有
2022-11-09,44.88,4.83,0.0833,322048.82,563.68,322612.50,0.9983,持有
2022-11-10,45.04,4.85,0.0870,323187.04,563.68,323750.72,0.9983,持有
2022-11-11,45.40,4.89,0.0940,325798.25,563.68,326361.93,0.9983,持有
2022-11-14,45.07,4.85,0.0874,323387.90,563.68,323951.58,0.9983,持有
2022-11-15,45.43,4.89,0.0962,325999.11,563.68,326562.79,0.9983,持有
2022-11-16,45.11,4.85,0.0878,323722.67,563.68,324286.35,0.9983,持有
2022-11-17,44.91,4.83,0.0835,322249.69,563.68,322813.37,0.9983,持有
2022-11-18,44.04,4.74,0.0639,316022.96,563.68,316586.64,0.9982,持有
2022-11-21,43.96,4.73,0.0625,315487.33,563.68,316051.01,0.9982,持有
2022-11-22,43.66,4.70,0.0564,313277.85,563.68,313841.53,0.9982,持有
2022-11-23,42.91,4.62,0.0461,307921.53,563.68,308485.21,0.9982,持有
2022-11-24,42.84,4.61,0.0452,307452.85,563.68,308016.53,0.9982,持有
2022-11-25,43.74,4.71,0.0591,313880.43,563.68,314444.11,0.9982,持有
2022-11-28,43.11,4.64,0.0502,309327.56,563.68,309891.24,0.9982,持有
2022-11-29,43.81,4.71,0.0604,314349.11,563.68,314912.79,0.9982,持有
2022-11-30,44.85,4.83,0.0846,321847.96,563.68,322411.64,0.9983,持有
2022-12-01,44.86,4.83,0.0855,321914.92,563.68,322478.60,0.9983,持有
2022-12-02,45.63,4.91,0.1068,327405.15,563.68,327968.82,0.9983,持有
2022-12-05,45.94,4.94,0.1137,329681.58,563.68,330245.26,0.9983,持有
2022-12-06,46.42,4.99,0.1257,333096.24,563.68,333659.92,0.9983,持有
2022-12-07,46.60,5.01,0.1331,334435.32,563.68,334999.00,0.9983,持有
2022-12-08,45.43,4.89,0.1010,325999.11,563.68,326562.79,0.9983,持有
2022-12-09,45.52,4.90,0.1038,326668.65,563.68,327232.33,0.9983,持有
2022-12-12,44.90,4.83,0.0875,322182.73,563.68,322746.41,0.9983,持有
2022-12-13,45.79,5.07,0.1485,328610.32,563.68,329174.00,0.9983,持有
2022-12-14,45.90,5.08,0.1545,329413.77,563.68,329977.44,0.9983,持有
2022-12-15,45.28,5.01,0.1313,324927.85,563.68,325491.53,0.9983,持有
2022-12-16,45.11,4.99,0.1266,323722.67,563.68,324286.35,0.9983,持有
2022-12-19,43.97,4.87,0.0961,315554.28,563.68,316117.96,0.9982,持有
2022-12-20,43.15,4.77,0.0729,309662.33,563.68,310226.01,0.9982,持有
2022-12-21,43.97,4.87,0.0964,315554.28,563.68,316117.96,0.9982,持有
2022-12-22,45.07,4.99,0.1268,323454.86,563.68,324018.54,0.9983,持有
2022-12-23,44.68,4.94,0.1162,320642.79,563.68,321206.47,0.9982,持有
2022-12-26,45.22,5.00,0.1309,324526.12,563.68,325089.80,0.9983,持有
2022-12-27,45.77,5.06,0.1511,328476.41,563.68,329040.09,0.9983,持有
2022-12-28,45.54,5.04,0.1427,326802.56,563.68,327366.24,0.9983,持有
2022-12-29,44.97,4.98,0.1233,322718.36,563.68,323282.04,0.9983,持有
2022-12-30,45.49,5.03,0.1421,326400.84,563.68,326964.51,0.9983,持有
2023-01-03,44.26,4.90,0.1048,317629.86,563.68,318193.54,0.9982,持有
2023-01-04,44.28,4.90,0.1057,317763.77,563.68,318327.45,0.9982,持有
2023-01-05,44.51,4.93,0.1135,319437.62,563.68,320001.30,0.9982,持有
2023-01-06,44.31,4.90,0.1070,317964.63,563.68,318528.31,0.9982,持有
2023-01-09,45.43,5.03,0.1423,325999.11,563.68,326562.79,0.9983,持有
2023-01-10,45.06,4.98,0.1284,323320.95,563.68,323884.63,0.9983,持有
2023-01-11,45.20,5.00,0.1320,324325.26,563.68,324888.94,0.9983,持有
2023-01-12,45.02,4.98,0.1269,323053.13,563.68,323616.81,0.9983,持有
2023-01-13,46.09,5.10,0.1713,330752.85,563.68,331316.53,0.9983,持有
2023-01-16,46.65,5.16,0.1923,334770.09,563.68,335333.77,0.9983,持有
2023-01-17,46.12,5.10,0.1748,330953.71,563.68,331517.39,0.9983,持有
2023-01-18,45.30,5.01,0.1386,325061.76,563.68,325625.43,0.9983,持有
2023-01-19,44.78,4.95,0.1193,321312.33,563.68,321876.01,0.9982,持有
2023-01-20,44.88,4.97,0.1216,322048.82,563.68,322612.50,0.9983,持有
2023-01-30,44.93,4.97,0.1233,322383.59,563.68,322947.27,0.9983,持有
2023-01-31,46.60,5.16,0.1922,334368.36,563.68,334932.04,0.9983,持有
2023-02-01,47.12,5.21,0.2045,338117.79,563.68,338681.47,0.9983,持有
2023-02-02,47.13,5.21,0.2053,338184.74,563.68,338748.42,0.9983,持有
2023-02-03,46.76,5.17,0.1970,335573.54,563.68,336137.21,0.9983,持有
2023-02-06,46.93,5.19,0.2010,336778.71,563.68,337342.39,0.9983,持有
2023-02-07,46.32,5.13,0.1863,332426.70,563.68,332990.38,0.9983,持有
2023-02-08,45.96,5.09,0.1653,329815.49,563.68,330379.17,0.9983,持有
2023-02-09,46.10,5.10,0.1748,330819.80,563.68,331383.48,0.9983,持有
2023-02-10,45.78,5.07,0.1565,328543.36,563.68,329107.04,0.9983,持有
2023-02-13,45.90,5.08,0.1633,329346.81,563.68,329910.49,0.9983,持有
2023-02-14,46.30,5.12,0.1868,332225.83,563.68,332789.51,0.9983,持有
2023-02-15,45.34,5.02,0.1422,325329.57,563.68,325893.25,0.9983,持有
2023-02-16,44.85,4.96,0.1203,321847.96,563.68,322411.64,0.9983,持有
2023-02-17,44.72,4.95,0.1180,320910.61,563.68,321474.28,0.9982,持有
2023-02-20,45.49,5.03,0.1475,326467.79,563.68,327031.47,0.9983,持有
2023-02-21,46.10,5.10,0.1769,330819.80,563.68,331383.48,0.9983,持有
2023-02-22,47.49,5.25,0.2199,340795.95,563.68,341359.63,0.9983,持有
2023-02-23,47.02,5.20,0.2066,337381.29,563.68,337944.97,0.9983,持有
2023-02-24,46.46,5.14,0.1920,333364.05,563.68,333927.73,0.9983,持有
2023-02-27,46.01,5.09,0.1702,330150.26,563.68,330713.94,0.9983,持有
2023-02-28,46.22,5.11,0.1860,331690.20,563.68,332253.88,0.9983,持有
2023-03-01,46.82,5.18,0.2040,335975.26,563.68,336538.94,0.9983,持有
2023-03-02,46.59,5.15,0.1967,334301.41,563.68,334865.09,0.9983,持有
2023-03-03,46.43,5.14,0.1920,333163.19,563.68,333726.87,0.9983,持有
2023-03-06,46.27,5.12,0.1879,332024.97,563.68,332588.65,0.9983,持有
2023-03-07,45.19,5.00,0.1327,324258.31,563.68,324821.99,0.9983,持有
2023-03-08,44.82,4.96,0.1200,321647.10,563.68,322210.78,0.9983,持有
2023-03-09,44.66,4.94,0.1150,320508.88,563.68,321072.56,0.9982,持有
2023-03-10,43.81,4.85,0.0902,314416.07,563.68,314979.75,0.9982,持有
2023-03-13,44.71,4.95,0.1181,320843.65,563.68,321407.33,0.9982,持有
2023-03-14,47.02,5.20,0.2122,337448.25,563.68,338011.93,0.9983,持有
2023-03-15,47.02,5.20,0.2121,337448.25,563.68,338011.93,0.9983,持有
2023-03-16,45.28,5.01,0.1395,324927.85,563.68,325491.53,0.9983,持有
2023-03-17,44.75,4.95,0.1192,321111.47,563.68,321675.15,0.9982,持有
2023-03-20,44.09,4.88,0.0967,316424.69,563.68,316988.37,0.9982,持有
2023-03-21,44.37,4.91,0.1083,318366.35,563.68,318930.03,0.9982,持有
2023-03-22,44.33,4.90,0.1078,318098.54,563.68,318662.22,0.9982,持有
2023-03-23,44.29,4.90,0.1051,317830.72,563.68,318394.40,0.9982,持有
2023-03-24,44.31,4.90,0.1064,317964.63,563.68,318528.31,0.9982,持有
2023-03-27,45.24,5.01,0.1395,324660.03,563.68,325223.71,0.9983,持有
2023-03-28,45.20,5.00,0.1372,324325.26,563.68,324888.94,0.9983,持有
2023-03-29,44.48,4.92,0.1139,319169.80,563.68,319733.48,0.9982,持有
2023-03-30,44.90,4.97,0.1254,322182.73,563.68,322746.41,0.9983,持有
2023-03-31,45.72,5.06,0.1612,328074.69,563.68,328638.36,0.9983,持有
2023-04-03,46.54,5.15,0.2014,333966.64,563.68,334530.32,0.9983,持有
2023-04-04,47.27,5.23,0.2251,339189.05,563.68,339752.73,0.9983,持有
2023-04-06,46.82,5.18,0.2115,335975.26,563.68,336538.94,0.9983,持有
2023-04-07,46.12,5.10,0.1851,330953.71,563.68,331517.39,0.9983,持有
2023-04-10,46.07,5.10,0.1792,330618.94,563.68,331182.62,0.9983,持有
2023-04-11,45.81,5.07,0.1657,328744.23,563.68,329307.90,0.9983,持有
2023-04-12,45.38,5.02,0.1496,325664.34,563.68,326228.02,0.9983,持有
2023-04-13,45.21,5.00,0.1379,324392.21,563.68,324955.89,0.9983,持有
2023-04-14,45.03,4.98,0.1325,323120.09,563.68,323683.77,0.9983,持有
2023-04-17,45.42,5.03,0.1511,325932.16,563.68,326495.84,0.9983,持有
2023-04-18,45.23,5.00,0.1386,324593.08,563.68,325156.76,0.9983,持有
2023-04-19,45.03,4.98,0.1296,323120.09,563.68,323683.77,0.9983,持有
2023-04-20,44.97,4.97,0.1287,322718.36,563.68,323282.04,0.9983,持有
2023-04-21,44.57,4.93,0.1148,319839.34,563.68,320403.02,0.9982,持有
2023-04-24,44.15,4.88,0.0974,316826.41,563.68,317390.09,0.9982,持有
2023-04-25,44.54,4.93,0.1147,319638.48,563.68,320202.16,0.9982,持有
2023-04-26,44.32,4.90,0.1049,318031.58,563.68,318595.26,0.9982,持有
2023-04-27,44.48,4.92,0.1128,319169.80,563.68,319733.48,0.9982,持有
2023-04-28,44.66,3.78,0.0058,320508.88,563.68,321072.56,0.9982,持有
2023-05-04,43.94,3.72,0.0058,315286.47,563.68,315850.15,0.9982,持有
2023-05-05,43.99,3.72,0.0062,315688.19,563.68,316251.87,0.9982,持有
2023-05-08,43.48,3.68,0.0049,312005.72,563.68,312569.40,0.9982,持有
2023-05-09,43.77,3.70,0.0053,314081.30,563.68,314644.97,0.9982,持有
2023-05-10,43.39,3.67,0.0049,311336.18,563.68,311899.86,0.9982,持有
2023-05-11,43.71,3.70,0.0058,313679.57,563.68,314243.25,0.9982,持有
2023-05-12,43.58,3.69,0.0058,312742.22,563.68,313305.89,0.9982,持有
2023-05-15,43.10,3.65,0.0044,309260.61,563.68,309824.29,0.9982,持有
2023-05-16,42.97,3.64,0.0044,308323.25,563.68,308886.93,0.9982,持有
2023-05-17,42.72,3.61,0.0031,306582.45,563.68,307146.12,0.9982,持有
2023-05-18,40.11,3.39,0.0000,287835.32,563.68,288399.00,0.9980,持有
2023-05-19,39.87,3.37,0.0000,286094.52,563.68,286658.20,0.9980,持有
2023-05-22,40.16,3.40,0.0009,288170.09,563.68,288733.77,0.9980,持有
2023-05-23,40.11,3.39,0.0009,287835.32,563.68,288399.00,0.9980,持有
2023-05-24,40.29,3.41,0.0018,289107.45,563.68,289671.13,0.9981,持有
2023-05-25,39.97,3.38,0.0004,286831.01,563.68,287394.69,0.9980,持有
2023-05-26,39.95,3.38,0.0004,286697.10,563.68,287260.78,0.9980,持有
2023-05-29,38.94,3.29,0.0000,279466.07,563.68,280029.75,0.9980,持有
2023-05-30,39.00,3.30,0.0004,279867.79,563.68,280431.47,0.9980,持有
2023-05-31,37.37,3.16,0.0000,268150.84,563.68,268714.52,0.9979,持有
2023-06-01,37.66,3.19,0.0004,270226.41,563.68,270790.09,0.9979,持有
2023-06-02,38.03,3.22,0.0009,272904.58,563.68,273468.25,0.9979,持有
2023-06-05,37.68,3.19,0.0009,270360.32,563.68,270924.00,0.9979,持有
2023-06-06,37.55,3.18,0.0004,269422.97,563.68,269986.65,0.9979,持有
2023-06-07,37.29,3.16,0.0000,267615.21,563.68,268178.89,0.9979,持有
2023-06-08,37.98,3.21,0.0022,272569.81,563.68,273133.48,0.9979,持有
2023-06-09,38.06,3.22,0.0031,273105.44,563.68,273669.12,0.9979,持有
2023-06-12,38.06,3.22,0.0031,273105.44,563.68,273669.12,0.9979,持有
2023-06-13,38.03,3.22,0.0026,272904.58,563.68,273468.25,0.9979,持有
2023-06-14,37.95,3.21,0.0022,272301.99,563.68,272865.67,0.9979,持有
2023-06-15,38.49,3.26,0.0048,276185.32,563.68,276749.00,0.9980,持有
2023-06-16,39.59,3.35,0.0061,284085.90,563.68,284649.58,0.9980,持有
2023-06-19,39.59,3.35,0.0061,284085.90,563.68,284649.58,0.9980,持有
2023-06-20,39.70,3.36,0.0070,284889.34,563.68,285453.02,0.9980,持有
2023-06-21,39.33,3.33,0.0061,282211.18,563.68,282774.86,0.9980,持有
2023-06-26,39.50,3.34,0.0066,283416.36,563.68,283980.03,0.9980,持有
2023-06-27,39.52,3.34,0.0070,283617.22,563.68,284180.90,0.9980,持有
2023-06-28,39.33,3.33,0.0061,282211.18,563.68,282774.86,0.9980,持有
2023-06-29,39.19,3.32,0.0061,281206.87,563.68,281770.55,0.9980,持有
2023-06-30,39.33,3.32,0.0065,282211.18,563.68,282774.86,0.9980,持有
2023-07-03,39.27,3.32,0.0065,281809.46,563.68,282373.14,0.9980,持有
2023-07-04,39.45,3.33,0.0083,283081.59,563.68,283645.26,0.9980,持有
2023-07-05,38.34,3.24,0.0048,275114.06,563.68,275677.74,0.9980,持有
2023-07-06,38.42,3.25,0.0052,275716.64,563.68,276280.32,0.9980,持有
2023-07-07,38.89,3.29,0.0061,279064.35,563.68,279628.02,0.9980,持有
2023-07-10,39.19,3.31,0.0074,281206.87,563.68,281770.55,0.9980,持有
2023-07-11,39.22,3.32,0.0083,281474.69,563.68,282038.37,0.9980,持有
2023-07-12,39.41,3.33,0.0104,282813.77,563.68,283377.45,0.9980,持有
2023-07-13,39.74,3.30,0.0074,285198.27,563.68,285761.95,0.9980,持有
2023-07-14,39.49,3.28,0.0061,283358.72,563.68,283922.40,0.9980,持有
2023-07-17,40.73,3.38,0.0156,292283.94,563.68,292847.62,0.9981,持有
2023-07-18,40.39,3.36,0.0139,289831.21,563.68,290394.89,0.9981,持有
2023-07-19,40.30,3.35,0.0130,289218.03,563.68,289781.71,0.9981,持有
2023-07-20,40.27,3.35,0.0130,288945.50,563.68,289509.18,0.9981,持有
2023-07-21,40.84,3.39,0.0173,293101.52,563.68,293665.20,0.9981,持有
2023-07-24,40.58,3.37,0.0156,291193.84,563.68,291757.52,0.9981,持有
2023-07-25,40.54,3.37,0.0156,290921.32,563.68,291484.99,0.9981,持有
2023-07-26,40.85,3.39,0.0195,293169.65,563.68,293733.33,0.9981,持有
2023-07-27,41.30,3.43,0.0208,296371.83,563.68,296935.51,0.9981,持有
2023-07-28,41.34,3.43,0.0212,296644.36,563.68,297208.04,0.9981,持有
2023-07-31,42.20,3.51,0.0225,302844.32,563.68,303408.00,0.9981,持有
2023-08-01,41.66,3.46,0.0216,298960.83,563.68,299524.51,0.9981,持有
2023-08-02,40.85,3.39,0.0194,293169.65,563.68,293733.33,0.9981,持有
2023-08-03,41.07,3.41,0.0212,294736.68,563.68,295300.36,0.9981,持有
2023-08-04,41.12,3.42,0.0216,295077.33,563.68,295641.01,0.9981,持有
2023-08-07,41.34,3.43,0.0224,296644.36,563.68,297208.04,0.9981,持有
2023-08-08,40.68,3.38,0.0168,291943.29,563.68,292506.97,0.9981,持有
2023-08-09,40.53,3.37,0.0155,290853.18,563.68,291416.86,0.9981,持有
2023-08-10,41.12,3.42,0.0224,295077.33,563.68,295641.01,0.9981,持有
2023-08-11,40.03,3.33,0.0103,287242.22,563.68,287805.90,0.9980,持有
2023-08-14,39.81,3.31,0.0082,285675.19,563.68,286238.87,0.9980,持有
2023-08-15,39.65,3.29,0.0069,284516.96,563.68,285080.64,0.9980,持有
2023-08-16,39.14,3.25,0.0056,280837.86,563.68,281401.54,0.9980,持有
2023-08-17,39.47,3.28,0.0064,283222.46,563.68,283786.14,0.9980,持有
2023-08-18,38.94,3.55,0.0297,279407.10,563.68,279970.78,0.9980,持有
2023-08-21,38.05,3.47,0.0271,273070.87,563.68,273634.55,0.9979,持有
2023-08-22,38.05,3.47,0.0271,273070.87,563.68,273634.55,0.9979,持有
2023-08-23,37.76,3.44,0.0266,270958.80,563.68,271522.48,0.9979,持有
2023-08-24,38.15,3.48,0.0283,273752.19,563.68,274315.87,0.9979,持有
2023-08-25,38.73,3.53,0.0300,277908.21,563.68,278471.89,0.9980,持有
2023-08-28,38.80,3.54,0.0317,278453.26,563.68,279016.94,0.9980,持有
2023-08-29,39.06,3.56,0.0330,280292.81,563.68,280856.49,0.9980,持有
2023-08-30,38.69,3.53,0.0300,277635.68,563.68,278199.36,0.9980,持有
2023-08-31,38.53,3.51,0.0300,276477.45,563.68,277041.13,0.9980,持有
2023-09-01,38.81,3.54,0.0329,278521.39,563.68,279085.07,0.9980,持有
2023-09-04,38.88,3.54,0.0334,278998.31,563.68,279561.99,0.9980,持有
2023-09-05,38.71,3.53,0.0308,277771.94,563.68,278335.62,0.9980,持有
2023-09-06,38.61,3.52,0.0303,277090.63,563.68,277654.31,0.9980,持有
2023-09-07,38.22,3.48,0.0290,274297.24,563.68,274860.92,0.9979,持有
2023-09-08,38.07,3.47,0.0282,273207.14,563.68,273770.82,0.9979,持有
2023-09-11,38.59,3.52,0.0312,276886.24,563.68,277449.91,0.9980,持有
2023-09-12,39.06,3.56,0.0367,280292.81,563.68,280856.49,0.9980,持有
2023-09-13,38.90,3.55,0.0358,279134.57,563.68,279698.25,0.9980,持有
2023-09-14,38.68,3.53,0.0320,277567.55,563.68,278131.23,0.9980,持有
2023-09-15,38.43,3.50,0.0303,275796.13,563.68,276359.81,0.9980,持有
2023-09-18,38.47,3.51,0.0311,276068.66,563.68,276632.34,0.9980,持有
2023-09-19,38.40,3.50,0.0302,275523.61,563.68,276087.29,0.9980,持有
2023-09-20,38.38,3.50,0.0302,275387.34,563.68,275951.02,0.9980,持有
2023-09-21,37.50,3.42,0.0251,269119.25,563.68,269682.93,0.9979,持有
2023-09-22,37.80,3.45,0.0272,271231.32,563.68,271795.00,0.9979,持有
2023-09-25,37.80,3.45,0.0272,271231.32,563.68,271795.00,0.9979,持有
2023-09-26,37.71,3.44,0.0268,270618.14,563.68,271181.82,0.9979,持有
2023-09-27,37.69,3.44,0.0268,270481.88,563.68,271045.56,0.9979,持有
2023-09-28,35.97,3.28,0.0068,258150.09,563.68,258713.76,0.9978,持有
2023-10-09,33.23,3.03,0.0000,238460.09,563.68,239023.77,0.9976,持有
2023-10-10,34.21,3.12,0.0004,245477.63,563.68,246041.31,0.9977,持有
2023-10-11,33.85,3.09,0.0004,242888.64,563.68,243452.32,0.9977,持有
2023-10-12,34.22,3.12,0.0013,245545.77,563.68,246109.44,0.9977,持有
2023-10-13,34.19,3.12,0.0008,245341.37,563.68,245905.05,0.9977,持有
2023-10-16,33.87,3.09,0.0008,243024.90,563.68,243588.58,0.9977,持有
2023-10-17,33.98,3.10,0.0013,243842.48,563.68,244406.16,0.9977,持有
2023-10-18,33.44,3.05,0.0004,239958.99,563.68,240522.67,0.9977,持有
2023-10-19,30.52,2.78,0.0000,219042.63,563.68,219606.31,0.9974,持有
2023-10-20,30.04,2.74,0.0000,215567.93,563.68,216131.60,0.9974,持有
2023-10-23,30.04,2.74,0.0000,215567.93,563.68,216131.60,0.9974,持有
2023-10-24,30.14,2.75,0.0008,216317.37,563.68,216881.05,0.9974,持有
2023-10-25,32.01,2.92,0.0017,229671.14,563.68,230234.82,0.9976,持有
2023-10-26,32.60,2.97,0.0021,233963.42,563.68,234527.10,0.9976,持有
2023-10-27,34.32,3.13,0.0059,246295.21,563.68,246858.89,0.9977,持有
2023-10-30,35.90,3.22,0.0101,257605.03,563.68,258168.71,0.9978,持有
2023-10-31,35.85,3.21,0.0093,257264.38,563.68,257828.06,0.9978,持有
2023-11-01,35.95,3.22,0.0118,257945.69,563.68,258509.37,0.9978,持有
2023-11-02,35.89,3.22,0.0105,257536.90,563.68,258100.58,0.9978,持有
2023-11-03,36.28,3.25,0.0139,260330.29,563.68,260893.97,0.9978,持有
2023-11-06,35.60,3.19,0.0084,255492.96,563.68,256056.64,0.9978,持有
2023-11-07,35.42,3.18,0.0071,254198.46,563.68,254762.14,0.9978,持有
2023-11-08,35.20,3.16,0.0067,252563.31,563.68,253126.98,0.9978,持有
2023-11-09,35.34,3.17,0.0076,253585.28,563.68,254148.96,0.9978,持有
2023-11-10,35.52,3.18,0.0088,254879.78,563.68,255443.45,0.9978,持有
2023-11-13,35.57,3.19,0.0101,255220.43,563.68,255784.11,0.9978,持有
2023-11-14,35.58,3.19,0.0105,255288.56,563.68,255852.24,0.9978,持有
2023-11-15,35.57,3.19,0.0101,255220.43,563.68,255784.11,0.9978,持有
2023-11-16,35.24,3.16,0.0071,252903.96,563.68,253467.64,0.9978,持有
2023-11-17,35.08,3.15,0.0063,251745.73,563.68,252309.41,0.9978,持有
2023-11-20,36.19,3.25,0.0172,259717.11,563.68,260280.79,0.9978,持有
2023-11-21,36.34,3.26,0.0193,260807.21,563.68,261370.89,0.9978,持有
2023-11-22,36.60,3.28,0.0209,262646.76,563.68,263210.44,0.9979,持有
2023-11-23,36.54,3.28,0.0197,262237.97,563.68,262801.65,0.9979,持有
2023-11-24,36.97,3.31,0.0247,265303.89,563.68,265867.57,0.9979,持有
2023-11-27,37.42,3.35,0.0314,268506.07,563.68,269069.75,0.9979,持有
2023-11-28,36.82,3.30,0.0234,264213.78,563.68,264777.46,0.9979,持有
2023-11-29,36.87,3.31,0.0242,264554.44,563.68,265118.12,0.9979,持有
2023-11-30,37.10,3.33,0.0280,266257.73,563.68,266821.41,0.9979,持有
2023-12-01,36.63,3.28,0.0217,262851.16,563.68,263414.83,0.9979,持有
2023-12-04,37.89,3.40,0.0396,271912.64,563.68,272476.32,0.9979,持有
2023-12-05,37.31,3.35,0.0317,267756.62,563.68,268320.30,0.9979,持有
2023-12-06,38.58,3.46,0.0463,276818.10,563.68,277381.78,0.9980,持有
2023-12-07,38.81,3.48,0.0488,278521.39,563.68,279085.07,0.9980,持有
2023-12-08,38.07,3.41,0.0416,273207.14,563.68,273770.82,0.9979,持有
2023-12-12,38.42,3.45,0.0458,275728.00,563.68,276291.68,0.9980,持有
2023-12-13,37.97,3.40,0.0408,272457.69,563.68,273021.37,0.9979,持有
2023-12-14,37.47,3.36,0.0345,268914.86,563.68,269478.53,0.9979,持有
2023-12-15,37.40,3.35,0.0333,268369.80,563.68,268933.48,0.9979,持有
2023-12-18,37.95,3.40,0.0416,272321.43,563.68,272885.11,0.9979,持有
2023-12-19,37.80,3.39,0.0386,271231.32,563.68,271795.00,0.9979,持有
2023-12-20,37.22,3.34,0.0303,267075.31,563.68,267638.98,0.9979,持有
2023-12-21,37.51,3.36,0.0357,269187.38,563.68,269751.06,0.9979,持有
2023-12-22,37.89,3.40,0.0419,271912.64,563.68,272476.32,0.9979,持有
2023-12-25,37.67,3.38,0.0377,270345.62,563.68,270909.29,0.9979,持有
2023-12-26,37.46,3.36,0.0352,268846.72,563.68,269410.40,0.9979,持有
2023-12-27,38.91,3.49,0.0547,279202.71,563.68,279766.38,0.9980,持有
2023-12-28,38.72,3.47,0.0530,277840.08,563.68,278403.75,0.9980,持有
2023-12-29,39.10,3.51,0.0571,280565.33,563.68,281129.01,0.9980,持有
2024-01-02,39.40,3.53,0.0617,282745.54,563.68,283309.22,0.9980,持有
2024-01-03,38.99,3.50,0.0554,279815.89,563.68,280379.57,0.9980,持有
2024-01-04,38.89,3.49,0.0550,279066.44,563.68,279630.12,0.9980,持有
2024-01-05,38.40,3.44,0.0496,275523.61,563.68,276087.29,0.9980,持有
2024-01-08,37.09,3.33,0.0281,266189.60,563.68,266753.28,0.9979,持有
2024-01-09,36.70,3.29,0.0223,263328.08,563.68,263891.75,0.9979,持有
2024-01-10,34.87,3.13,0.0058,250246.84,563.68,250810.52,0.9978,持有
2024-01-11,35.05,3.14,0.0066,251541.33,563.68,252105.01,0.9978,持有
2024-01-12,35.80,3.21,0.0132,256923.72,563.68,257487.40,0.9978,持有
2024-01-15,35.16,3.15,0.0074,252290.78,563.68,252854.46,0.9978,持有
2024-01-16,35.67,3.20,0.0136,255969.88,563.68,256533.56,0.9978,持有
2024-01-17,34.88,3.13,0.0062,250314.97,563.68,250878.65,0.9978,持有
2024-01-18,35.24,3.16,0.0095,252903.96,563.68,253467.64,0.9978,持有
2024-01-19,34.87,3.13,0.0058,250246.84,563.68,250810.52,0.9978,持有
2024-01-22,34.05,3.05,0.0033,244319.40,563.68,244883.08,0.9977,持有
2024-01-23,34.02,3.05,0.0033,244115.01,563.68,244678.68,0.9977,持有
2024-01-24,34.06,3.05,0.0041,244387.53,563.68,244951.21,0.9977,持有
2024-01-25,34.21,3.07,0.0045,245477.63,563.68,246041.31,0.9977,持有
2024-01-26,33.89,3.04,0.0029,243229.30,563.68,243792.98,0.9977,持有
2024-01-29,34.15,3.06,0.0049,245068.85,563.68,245632.52,0.9977,持有
2024-01-30,33.82,3.03,0.0029,242684.24,563.68,243247.92,0.9977,持有
2024-01-31,33.47,3.00,0.0025,240163.38,563.68,240727.06,0.9977,持有
2024-02-01,33.44,3.00,0.0025,239958.99,563.68,240522.67,0.9977,持有
2024-02-02,33.55,3.01,0.0033,240776.56,563.68,241340.24,0.9977,持有
2024-02-05,33.89,3.04,0.0045,243229.30,563.68,243792.98,0.9977,持有
2024-02-06,35.14,3.15,0.0127,252154.52,563.68,252718.20,0.9978,持有
2024-02-07,35.58,3.19,0.0192,255356.70,563.68,255920.37,0.9978,持有
2024-02-08,35.90,3.22,0.0237,257605.03,563.68,258168.71,0.9978,持有
2024-02-19,35.51,3.18,0.0168,254811.64,563.68,255375.32,0.9978,持有
2024-02-20,36.36,3.26,0.0286,260943.47,563.68,261507.15,0.9978,持有
2024-02-21,36.51,3.27,0.0290,261965.45,563.68,262529.13,0.9979,持有
2024-02-22,36.52,3.27,0.0294,262033.58,563.68,262597.26,0.9979,持有
2024-02-23,36.44,3.27,0.0290,261488.53,563.68,262052.21,0.9978,持有
2024-02-26,36.19,3.25,0.0261,259717.11,563.68,260280.79,0.9978,持有
2024-02-27,36.90,3.31,0.0367,264758.84,563.68,265322.52,0.9979,持有
2024-02-28,36.32,3.26,0.0282,260602.82,563.68,261166.50,0.9978,持有
2024-02-29,36.54,3.28,0.0310,262237.97,563.68,262801.65,0.9979,持有
2024-03-01,36.24,3.25,0.0273,260057.77,563.68,260621.44,0.9978,持有
2024-03-04,35.80,3.21,0.0208,256923.72,563.68,257487.40,0.9978,持有
2024-03-05,37.03,3.32,0.0403,265712.68,563.68,266276.36,0.9979,持有
2024-03-06,37.20,3.34,0.0444,266939.04,563.68,267502.72,0.9979,持有
2024-03-07,37.46,3.36,0.0492,268778.59,563.68,269342.27,0.9979,持有
2024-03-08,37.12,3.33,0.0435,266393.99,563.68,266957.67,0.9979,持有
2024-03-11,37.98,3.41,0.0598,272525.82,563.68,273089.50,0.9979,持有
2024-03-12,38.07,3.41,0.0610,273207.14,563.68,273770.82,0.9979,持有
2024-03-13,37.04,3.32,0.0406,265780.81,563.68,266344.49,0.9979,持有
2024-03-14,36.50,3.27,0.0309,261897.32,563.68,262460.99,0.9979,持有
2024-03-15,36.46,3.27,0.0309,261624.79,563.68,262188.47,0.9979,持有
2024-03-18,36.61,3.28,0.0349,262714.89,563.68,263278.57,0.9979,持有
2024-03-19,38.43,3.45,0.0686,275796.13,563.68,276359.81,0.9980,持有
2024-03-20,38.96,3.49,0.0738,279611.49,563.68,280175.17,0.9980,持有
2024-03-21,40.54,3.63,0.0872,290921.32,563.68,291484.99,0.9981,持有
2024-03-22,40.11,3.60,0.0851,287855.40,563.68,288419.08,0.9980,持有
2024-03-25,40.04,3.59,0.0851,287310.35,563.68,287874.03,0.9980,持有
2024-03-26,40.02,3.59,0.0850,287174.09,563.68,287737.76,0.9980,持有
2024-03-27,40.13,3.60,0.0862,287991.66,563.68,288555.34,0.9980,持有
2024-03-28,39.92,3.58,0.0850,286492.77,563.68,287056.45,0.9980,持有
2024-03-29,40.97,3.67,0.0910,293987.23,563.68,294550.91,0.9981,持有
2024-04-01,42.38,3.80,0.0950,304138.82,563.68,304702.50,0.9982,持有
2024-04-02,42.09,3.77,0.0945,302026.74,563.68,302590.42,0.9981,持有
2024-04-03,42.97,3.85,0.0961,308362.97,563.68,308926.65,0.9982,持有
2024-04-08,42.62,3.82,0.0957,305842.10,563.68,306405.78,0.9982,持有
2024-04-09,42.13,3.78,0.0948,302299.27,563.68,302862.95,0.9981,持有
2024-04-10,41.77,3.74,0.0944,299710.27,563.68,300273.95,0.9981,持有
2024-04-11,40.96,3.67,0.0907,293919.10,563.68,294482.78,0.9981,持有
2024-04-12,40.05,3.59,0.0859,287378.48,563.68,287942.16,0.9980,持有
2024-04-15,40.33,3.62,0.0878,289422.42,563.68,289986.10,0.9981,持有
2024-04-16,40.65,3.65,0.0902,291738.89,563.68,292302.57,0.9981,持有
2024-04-17,40.86,3.66,0.0914,293237.78,563.68,293801.46,0.9981,持有
2024-04-18,41.38,3.71,0.0950,296916.88,563.68,297480.56,0.9981,持有
2024-04-19,41.28,3.70,0.0941,296235.57,563.68,296799.25,0.9981,持有
2024-04-22,42.88,3.84,0.0997,307681.65,563.68,308245.33,0.9982,持有
2024-04-23,42.72,3.83,0.0993,306523.42,563.68,307087.10,0.9982,持有
2024-04-24,41.97,3.76,0.0972,301141.03,563.68,301704.71,0.9981,持有
2024-04-25,42.06,3.77,0.0976,301822.35,563.68,302386.03,0.9981,持有
2024-04-26,42.19,3.78,0.0992,302776.19,563.68,303339.87,0.9981,持有
2024-04-29,41.41,3.96,0.1027,297189.41,563.68,297753.09,0.9981,持有
2024-04-30,41.41,3.96,0.1027,297189.41,563.68,297753.09,0.9981,持有
2024-05-06,41.97,4.02,0.1051,301141.03,563.68,301704.71,0.9981,持有
2024-05-07,42.83,4.10,0.1082,307341.00,563.68,307904.67,0.9982,持有
2024-05-08,44.46,4.25,0.1154,319059.61,563.68,319623.29,0.9982,持有
2024-05-09,44.58,4.27,0.1173,319877.18,563.68,320440.86,0.9982,持有
2024-05-10,44.90,4.30,0.1185,322193.65,563.68,322757.33,0.9983,持有
2024-05-13,45.27,4.33,0.1204,324850.78,563.68,325414.46,0.9983,持有
2024-05-14,45.27,4.33,0.1204,324850.78,563.68,325414.46,0.9983,持有
2024-05-15,44.32,4.24,0.1148,318037.63,563.68,318601.31,0.9982,持有
2024-05-16,44.46,4.25,0.1155,319059.61,563.68,319623.29,0.9982,持有
2024-05-17,45.28,4.33,0.1219,324918.91,563.68,325482.59,0.9983,持有
2024-05-20,46.85,4.48,0.1306,336228.73,563.68,336792.41,0.9983,持有
2024-05-21,46.64,4.46,0.1293,334661.71,563.68,335225.39,0.9983,持有
2024-05-22,46.10,4.41,0.1265,330846.35,563.68,331410.03,0.9983,持有
2024-05-23,45.24,4.33,0.1205,324646.39,563.68,325210.06,0.9983,持有
2024-05-24,45.62,4.37,0.1248,327371.64,563.68,327935.32,0.9983,持有
2024-05-27,46.01,4.40,0.1267,330165.03,563.68,330728.71,0.9983,持有
2024-05-28,45.53,4.36,0.1235,326758.46,563.68,327322.14,0.9983,持有
2024-05-29,45.57,4.36,0.1247,327030.99,563.68,327594.67,0.9983,持有
2024-05-30,45.01,4.31,0.1194,323011.23,563.68,323574.91,0.9983,持有
2024-05-31,44.77,4.28,0.1182,321239.81,563.68,321803.49,0.9982,持有
2024-06-03,45.91,4.39,0.1273,329415.59,563.68,329979.27,0.9983,持有
2024-06-04,46.28,4.43,0.1308,332072.71,563.68,332636.39,0.9983,持有
2024-06-05,45.76,4.38,0.1268,328393.62,563.68,328957.29,0.9983,持有
2024-06-06,45.20,4.33,0.1204,324373.86,563.68,324937.54,0.9983,持有
2024-06-07,45.45,4.35,0.1243,326145.28,563.68,326708.96,0.9983,持有
2024-06-11,44.72,4.28,0.1179,320899.16,563.68,321462.83,0.9982,持有
2024-06-12,44.43,4.25,0.1147,318855.21,563.68,319418.89,0.9982,持有
2024-06-13,42.23,4.04,0.1051,303048.71,563.68,303612.39,0.9981,持有
2024-06-14,42.75,4.09,0.1075,306795.94,563.68,307359.62,0.9982,持有
2024-06-17,42.88,4.10,0.1086,307681.65,563.68,308245.33,0.9982,持有
2024-06-18,42.37,4.05,0.1058,304070.69,563.68,304634.37,0.9981,持有
2024-06-19,41.95,4.01,0.1034,301004.77,563.68,301568.45,0.9981,持有
2024-06-20,42.20,4.04,0.1053,302844.32,563.68,303408.00,0.9981,持有
2024-06-21,41.69,3.99,0.1029,299165.22,563.68,299728.90,0.9981,持有
2024-06-24,41.44,3.97,0.1021,297393.80,563.68,297957.48,0.9981,持有
2024-06-25,41.31,3.95,0.1012,296439.96,563.68,297003.64,0.9981,持有
2024-06-26,41.02,3.92,0.1008,294327.89,563.68,294891.57,0.9981,持有
2024-06-27,41.02,3.92,0.1008,294327.89,563.68,294891.57,0.9981,持有
2024-06-28,41.40,3.96,0.1023,297053.15,563.68,297616.83,0.9981,持有
2024-07-01,42.72,4.09,0.1105,306523.42,563.68,307087.10,0.9982,持有
2024-07-02,42.10,4.03,0.1069,302094.87,563.68,302658.55,0.9981,持有
2024-07-03,41.89,4.01,0.1053,300595.98,563.68,301159.66,0.9981,持有
2024-07-04,41.61,3.98,0.1045,298620.17,563.68,299183.85,0.9981,持有
2024-07-05,41.60,3.98,0.1045,298552.04,563.68,299115.72,0.9981,持有
2024-07-08,41.81,4.00,0.1060,300050.93,563.68,300614.61,0.9981,持有
2024-07-09,40.63,3.89,0.1000,291534.50,563.68,292098.18,0.9981,持有
2024-07-10,41.48,3.97,0.1047,297666.33,563.68,298230.01,0.9981,持有
2024-07-11,41.88,4.01,0.1070,300527.85,563.68,301091.53,0.9981,持有
2024-07-12,40.86,3.91,0.1003,293237.78,563.68,293801.46,0.9981,持有
2024-07-15,42.41,4.06,0.1121,304343.21,563.68,304906.89,0.9982,持有
2024-07-16,43.01,4.12,0.1167,308635.49,563.68,309199.17,0.9982,持有
2024-07-17,43.28,4.14,0.1175,310611.31,563.68,311174.98,0.9982,持有
2024-07-18,43.28,4.14,0.1174,310543.17,563.68,311106.85,0.9982,持有
2024-07-19,43.56,4.17,0.1190,312587.12,563.68,313150.80,0.9982,持有
2024-07-22,42.80,4.10,0.1146,307136.60,563.68,307700.28,0.9982,持有
2024-07-23,41.57,3.98,0.1051,298279.51,563.68,298843.19,0.9981,持有
2024-07-24,41.26,3.95,0.1020,296099.31,563.68,296662.98,0.9981,持有
2024-07-25,41.11,3.93,0.1019,295009.20,563.68,295572.88,0.9981,持有
2024-07-26,40.86,3.91,0.0999,293237.78,563.68,293801.46,0.9981,持有
2024-07-29,40.05,3.83,0.0983,287378.48,563.68,287942.16,0.9980,持有
2024-07-30,40.81,3.90,0.1002,292829.00,563.68,293392.67,0.9981,持有
2024-07-31,41.51,3.97,0.1068,297870.72,563.68,298434.40,0.9981,持有
2024-08-01,41.24,3.95,0.1033,295963.04,563.68,296526.72,0.9981,持有
2024-08-02,41.97,4.02,0.1118,301209.17,563.68,301772.84,0.9981,持有
2024-08-05,42.49,3.88,0.0997,304888.26,563.68,305451.94,0.9982,持有
2024-08-06,42.43,3.87,0.0996,304479.48,563.68,305043.15,0.9982,持有
2024-08-07,41.18,3.76,0.0945,295486.12,563.68,296049.80,0.9981,持有
2024-08-08,41.54,3.79,0.0972,298075.12,563.68,298638.80,0.9981,持有
2024-08-09,41.11,3.75,0.0945,295009.20,563.68,295572.88,0.9981,持有
2024-08-12,42.15,3.85,0.1003,302435.53,563.68,302999.21,0.9981,持有
2024-08-13,42.15,3.85,0.1006,302503.66,563.68,303067.34,0.9981,持有
2024-08-14,41.78,3.81,0.0982,299778.40,563.68,300342.08,0.9981,持有
2024-08-15,41.55,3.79,0.0978,298143.25,563.68,298706.93,0.9981,持有
2024-08-16,40.79,3.72,0.0939,292692.73,563.68,293256.41,0.9981,持有
2024-08-19,39.87,3.64,0.0872,286083.98,563.68,286647.66,0.9980,持有
2024-08-20,38.76,3.54,0.0790,278112.60,563.68,278676.28,0.9980,持有
2024-08-21,37.43,3.42,0.0615,268574.20,563.68,269137.88,0.9979,持有
2024-08-22,37.31,3.41,0.0591,267756.62,563.68,268320.30,0.9979,持有
2024-08-23,36.61,3.34,0.0455,262714.89,563.68,263278.57,0.9979,持有
2024-08-26,36.71,3.35,0.0482,263464.34,563.68,264028.02,0.9979,持有
2024-08-27,35.66,3.25,0.0276,255901.75,563.68,256465.43,0.9978,持有
2024-08-28,36.08,3.29,0.0353,258899.53,563.68,259463.21,0.9978,持有
2024-08-29,35.85,3.27,0.0307,257264.38,563.68,257828.06,0.9978,持有
2024-08-30,36.61,3.34,0.0466,262714.89,563.68,263278.57,0.9979,持有
2024-09-02,36.51,3.33,0.0450,261965.45,563.68,262529.13,0.9979,持有
2024-09-03,37.24,3.40,0.0605,267211.57,563.68,267775.25,0.9979,持有
2024-09-04,36.17,3.30,0.0376,259580.85,563.68,260144.52,0.9978,持有
2024-09-05,36.16,3.30,0.0372,259512.71,563.68,260076.39,0.9978,持有
2024-09-06,36.17,3.30,0.0380,259580.85,563.68,260144.52,0.9978,持有
2024-09-09,36.63,3.34,0.0488,262851.16,563.68,263414.83,0.9979,持有
2024-09-10,36.57,3.34,0.0476,262442.37,563.68,263006.05,0.9979,持有
2024-09-11,36.52,3.33,0.0464,262101.71,563.68,262665.39,0.9979,持有
2024-09-12,35.58,3.25,0.0259,255356.70,563.68,255920.37,0.9978,持有
2024-09-13,35.52,3.24,0.0251,254879.78,563.68,255443.45,0.9978,持有
2024-09-18,34.33,3.13,0.0112,246363.34,563.68,246927.02,0.9977,持有
2024-09-19,34.72,3.17,0.0154,249156.73,563.68,249720.41,0.9977,持有
2024-09-20,34.11,3.11,0.0085,244796.32,563.68,245360.00,0.9977,持有
2024-09-23,33.83,3.09,0.0081,242752.38,563.68,243316.06,0.9977,持有
2024-09-24,36.43,3.33,0.0455,261420.40,563.68,261984.07,0.9978,持有
2024-09-25,36.44,3.33,0.0467,261488.53,563.68,262052.21,0.9978,持有
2024-09-26,37.92,3.46,0.0756,272117.03,563.68,272680.71,0.9979,持有
2024-09-27,40.98,3.74,0.1037,294055.36,563.68,294619.04,0.9981,持有
2024-09-30,43.97,4.01,0.1237,315516.77,563.68,316080.45,0.9982,持有
2024-10-08,42.82,3.91,0.1136,307272.86,563.68,307836.54,0.9982,持有
2024-10-09,39.87,3.64,0.0962,286083.98,563.68,286647.66,0.9980,持有
2024-10-10,41.29,3.77,0.1058,296303.70,563.68,296867.38,0.9981,持有
2024-10-11,40.14,3.66,0.0985,288059.79,563.68,288623.47,0.9980,持有
2024-10-14,41.10,3.75,0.1050,294941.07,563.68,295504.75,0.9981,持有
2024-10-15,39.93,3.64,0.0968,286560.90,563.68,287124.58,0.9980,持有
2024-10-16,39.69,3.62,0.0945,284789.48,563.68,285353.16,0.9980,持有
2024-10-17,39.15,3.57,0.0906,280974.12,563.68,281537.80,0.9980,持有
2024-10-18,40.06,3.66,0.0990,287446.61,563.68,288010.29,0.9980,持有
2024-10-21,41.03,3.75,0.1063,294464.15,563.68,295027.83,0.9981,持有
2024-10-22,41.76,3.81,0.1116,299642.14,563.68,300205.82,0.9981,持有
2024-10-23,41.57,3.79,0.1112,298279.51,563.68,298843.19,0.9981,持有
2024-10-24,40.99,3.74,0.1058,294123.49,563.68,294687.17,0.9981,持有
2024-10-25,40.92,3.74,0.1054,293646.57,563.68,294210.25,0.9981,持有
2024-10-28,41.33,3.77,0.1095,296576.23,563.68,297139.90,0.9981,持有
2024-10-29,40.89,3.73,0.1053,293442.18,563.68,294005.86,0.9981,持有
2024-10-30,41.68,3.37,0.0586,299097.09,563.68,299660.77,0.9981,持有
2024-10-31,41.43,3.35,0.0536,297325.67,563.68,297889.35,0.9981,持有
2024-11-01,41.78,3.38,0.0604,299778.40,563.68,300342.08,0.9981,持有
2024-11-04,41.85,3.38,0.0619,300323.46,563.68,300887.14,0.9981,持有
2024-11-05,42.26,3.41,0.0699,303253.11,563.68,303816.79,0.9981,持有
2024-11-06,42.30,3.42,0.0714,303525.63,563.68,304089.31,0.9981,持有
2024-11-07,43.56,3.52,0.0855,312587.12,563.68,313150.80,0.9982,持有
2024-11-08,42.62,3.44,0.0748,305842.10,563.68,306405.78,0.9982,持有
2024-11-11,42.36,3.42,0.0721,304002.55,563.68,304566.23,0.9981,持有
2024-11-12,42.06,3.40,0.0664,301822.35,563.68,302386.03,0.9981,持有
2024-11-13,41.93,3.39,0.0629,300868.51,563.68,301432.19,0.9981,持有
2024-11-14,40.93,3.31,0.0415,293714.71,563.68,294278.38,0.9981,持有
2024-11-15,40.01,3.23,0.0259,287105.95,563.68,287669.63,0.9980,持有
2024-11-18,39.83,3.22,0.0240,285811.46,563.68,286375.14,0.9980,持有
2024-11-19,39.89,3.22,0.0263,286220.24,563.68,286783.92,0.9980,持有
2024-11-20,39.90,3.22,0.0266,286356.51,563.68,286920.19,0.9980,持有
2024-11-21,40.22,3.25,0.0300,288604.85,563.68,289168.52,0.9981,持有
2024-11-22,38.89,3.14,0.0122,279066.44,563.68,279630.12,0.9980,持有
2024-11-25,38.47,3.11,0.0087,276068.66,563.68,276632.34,0.9980,持有
2024-11-26,38.60,3.12,0.0106,277022.50,563.68,277586.18,0.9980,持有
2024-11-27,38.92,3.14,0.0137,279270.84,563.68,279834.52,0.9980,持有
2024-11-28,38.45,3.11,0.0087,275932.40,563.68,276496.07,0.9980,持有
2024-11-29,38.67,3.12,0.0114,277499.42,563.68,278063.10,0.9980,持有
2024-12-02,38.89,3.14,0.0137,279066.44,563.68,279630.12,0.9980,持有
2024-12-03,38.86,3.14,0.0137,278862.05,563.68,279425.73,0.9980,持有
2024-12-04,38.32,3.10,0.0083,274978.55,563.68,275542.23,0.9980,持有
2024-12-05,38.40,3.10,0.0091,275523.61,563.68,276087.29,0.9980,持有
2024-12-06,38.37,3.10,0.0091,275319.21,563.68,275882.89,0.9980,持有
2024-12-09,37.55,3.03,0.0042,269459.91,563.68,270023.59,0.9979,持有
2024-12-10,37.74,3.05,0.0057,270822.54,563.68,271386.21,0.9979,持有
2024-12-11,38.52,3.11,0.0114,276409.32,563.68,276972.99,0.9980,持有
2024-12-12,39.22,3.17,0.0216,281451.04,563.68,282014.72,0.9980,持有
2024-12-13,38.30,3.09,0.0091,274842.29,563.68,275405.97,0.9980,持有
2024-12-16,37.91,3.06,0.0076,272048.90,563.68,272612.58,0.9979,持有
2024-12-17,37.81,3.05,0.0072,271299.46,563.68,271863.13,0.9979,持有
2024-12-18,37.50,3.03,0.0038,269119.25,563.68,269682.93,0.9979,持有
2024-12-19,37.53,3.03,0.0045,269323.64,563.68,269887.32,0.9979,持有
2024-12-20,36.96,2.99,0.0023,265235.76,563.68,265799.44,0.9979,持有
2024-12-23,37.09,3.00,0.0026,266189.60,563.68,266753.28,0.9979,持有
2024-12-24,37.34,3.02,0.0041,267961.01,563.68,268524.69,0.9979,持有
2024-12-25,37.09,3.00,0.0030,266189.60,563.68,266753.28,0.9979,持有
2024-12-26,36.95,2.98,0.0023,265167.63,563.68,265731.30,0.9979,持有
2024-12-27,37.37,3.02,0.0053,268165.41,563.68,268729.09,0.9979,持有
2024-12-30,37.50,2.97,0.0019,269070.03,563.68,269633.71,0.9979,持有
2024-12-31,37.27,2.95,0.0019,267469.67,563.68,268033.35,0.9979,持有
2025-01-02,36.45,2.88,0.0015,261555.28,563.68,262118.96,0.9978,持有
2025-01-03,36.19,2.86,0.0015,259676.59,563.68,260240.27,0.9978,持有
2025-01-06,36.35,2.87,0.0019,260859.47,563.68,261423.15,0.9978,持有
2025-01-07,36.54,2.89,0.0026,262181.51,563.68,262745.19,0.9979,持有
2025-01-08,36.12,2.86,0.0015,259189.52,563.68,259753.20,0.9978,持有
2025-01-09,36.17,2.86,0.0019,259537.43,563.68,260101.10,0.9978,持有
2025-01-10,35.10,2.78,0.0011,251883.51,563.68,252447.19,0.9978,持有
2025-01-13,35.15,2.78,0.0015,252231.41,563.68,252795.09,0.9978,持有
2025-01-14,35.92,2.84,0.0023,257728.32,563.68,258292.00,0.9978,持有
2025-01-15,35.27,2.79,0.0022,253066.39,563.68,253630.06,0.9978,持有
2025-01-16,35.32,2.79,0.0026,253483.87,563.68,254047.55,0.9978,持有
2025-01-17,35.58,2.81,0.0030,255292.98,563.68,255856.66,0.9978,持有
2025-01-20,36.10,2.85,0.0037,259050.36,563.68,259614.04,0.9978,持有
2025-01-21,35.78,2.83,0.0034,256754.18,563.68,257317.86,0.9978,持有
2025-01-22,35.41,2.80,0.0030,254110.10,563.68,254673.78,0.9978,持有
2025-01-23,35.69,2.82,0.0037,256127.95,563.68,256691.63,0.9978,持有
2025-01-24,35.76,2.83,0.0041,256615.02,563.68,257178.70,0.9978,持有
2025-01-27,36.08,2.85,0.0052,258911.20,563.68,259474.88,0.9978,持有
2025-02-05,35.70,2.82,0.0041,256197.53,563.68,256761.21,0.9978,持有
2025-02-06,35.68,2.82,0.0037,256058.37,563.68,256622.05,0.9978,持有
2025-02-07,35.70,2.82,0.0045,256197.53,563.68,256761.21,0.9978,持有
2025-02-10,35.47,2.81,0.0034,254527.59,563.68,255091.27,0.9978,持有
2025-02-11,35.14,2.78,0.0015,252161.83,563.68,252725.51,0.9978,持有
2025-02-12,35.21,2.78,0.0026,252648.90,563.68,253212.58,0.9978,持有
2025-02-13,37.05,2.93,0.0108,265869.30,563.68,266432.98,0.9979,持有
2025-02-14,36.56,2.89,0.0104,262390.25,563.68,262953.93,0.9979,持有
2025-02-17,36.71,2.90,0.0108,263433.97,563.68,263997.65,0.9979,持有
2025-02-18,36.04,2.85,0.0074,258632.87,563.68,259196.55,0.9978,持有
2025-02-19,36.26,2.87,0.0097,260233.24,563.68,260796.92,0.9978,持有
2025-02-20,35.80,2.83,0.0071,256893.34,563.68,257457.02,0.9978,持有
2025-02-21,35.88,2.84,0.0074,257449.99,563.68,258013.67,0.9978,持有
2025-02-24,36.07,2.85,0.0086,258841.62,563.68,259405.29,0.9978,持有
2025-02-25,35.48,2.81,0.0045,254597.17,563.68,255160.85,0.9978,持有
2025-02-26,35.71,2.82,0.0067,256267.12,563.68,256830.79,0.9978,持有
2025-02-27,35.40,2.80,0.0037,254040.52,563.68,254604.20,0.9978,持有
2025-02-28,35.19,2.78,0.0026,252509.74,563.68,253073.42,0.9978,持有
2025-03-03,35.56,2.81,0.0056,255153.82,563.68,255717.50,0.9978,持有
2025-03-04,35.94,2.84,0.0100,257937.06,563.68,258500.74,0.9978,持有
2025-03-05,35.47,2.81,0.0048,254527.59,563.68,255091.27,0.9978,持有
2025-03-06,35.73,2.83,0.0085,256406.28,563.68,256969.96,0.9978,持有
2025-03-07,35.78,2.83,0.0093,256754.18,563.68,257317.86,0.9978,持有
2025-03-10,36.18,2.86,0.0137,259607.01,563.68,260170.69,0.9978,持有
2025-03-11,36.94,2.92,0.0170,265103.91,563.68,265667.59,0.9979,持有
2025-03-12,36.82,2.91,0.0167,264199.36,563.68,264763.04,0.9979,持有
2025-03-13,36.88,2.92,0.0170,264616.84,563.68,265180.52,0.9979,持有
2025-03-14,37.33,2.95,0.0189,267887.16,563.68,268450.83,0.9979,持有
2025-03-17,38.02,3.01,0.0222,272827.41,563.68,273391.09,0.9979,持有
2025-03-18,37.46,2.96,0.0192,268791.71,563.68,269355.39,0.9979,持有
2025-03-19,37.56,2.97,0.0200,269557.10,563.68,270120.78,0.9979,持有
2025-03-20,37.10,2.94,0.0185,266217.21,563.68,266780.89,0.9979,持有
2025-03-21,37.41,2.97,0.0203,268443.80,563.68,269007.48,0.9979,持有
2025-03-24,37.09,2.94,0.0185,266147.63,563.68,266711.31,0.9979,持有
2025-03-25,37.43,2.97,0.0210,268582.97,563.68,269146.65,0.9979,持有
2025-03-26,38.76,3.07,0.0317,278115.57,563.68,278679.25,0.9980,持有
2025-03-27,38.58,3.06,0.0306,276863.11,563.68,277426.79,0.9980,持有
2025-03-28,38.44,3.05,0.0288,275819.40,563.68,276383.08,0.9980,持有
2025-03-31,37.55,2.98,0.0221,269487.52,563.68,270051.20,0.9979,持有
2025-04-01,37.60,2.98,0.0225,269835.43,563.68,270399.10,0.9979,持有
2025-04-02,37.85,3.00,0.0250,271644.53,563.68,272208.21,0.9979,持有
2025-04-03,38.29,3.04,0.0287,274775.68,563.68,275339.36,0.9980,持有
2025-04-07,37.60,2.98,0.0224,269835.43,563.68,270399.10,0.9979,持有
2025-04-08,40.09,3.18,0.0493,287717.76,563.68,288281.44,0.9980,持有
2025-04-09,40.92,3.25,0.0610,293632.15,563.68,294195.83,0.9981,持有
2025-04-10,40.67,3.23,0.0592,291823.05,563.68,292386.73,0.9981,持有
2025-04-11,39.69,3.15,0.0448,284795.36,563.68,285359.04,0.9980,持有
2025-04-14,39.50,3.13,0.0426,283473.32,563.68,284037.00,0.9980,持有
2025-04-15,39.38,3.12,0.0404,282568.76,563.68,283132.44,0.9980,持有
2025-04-16,39.56,3.14,0.0433,283890.80,563.68,284454.48,0.9980,持有
2025-04-17,39.53,3.14,0.0433,283682.06,563.68,284245.74,0.9980,持有
2025-04-18,39.14,3.11,0.0374,280898.82,563.68,281462.50,0.9980,持有
2025-04-21,39.27,3.12,0.0392,281803.37,563.68,282367.05,0.9980,持有
2025-04-22,39.21,3.11,0.0385,281385.88,563.68,281949.56,0.9980,持有
2025-04-23,39.14,3.11,0.0374,280898.82,563.68,281462.50,0.9980,持有
2025-04-24,39.29,3.12,0.0406,281942.53,563.68,282506.21,0.9980,持有
2025-04-25,38.81,2.90,0.0161,278533.06,563.68,279096.74,0.9980,持有
2025-04-28,38.52,2.88,0.0150,276445.63,563.68,277009.31,0.9980,持有
2025-04-29,38.30,2.86,0.0143,274845.26,563.68,275408.94,0.9980,持有
2025-04-30,38.47,2.88,0.0154,276028.14,563.68,276591.82,0.9980,持有
2025-05-06,38.51,2.88,0.0157,276376.05,563.68,276939.73,0.9980,持有
2025-05-07,38.52,2.88,0.0161,276445.63,563.68,277009.31,0.9980,持有
2025-05-08,38.49,2.88,0.0157,276236.89,563.68,276800.56,0.9980,持有
2025-05-09,38.22,2.86,0.0131,274288.61,563.68,274852.29,0.9979,持有
2025-05-12,38.05,2.85,0.0113,273036.16,563.68,273599.83,0.9979,持有
2025-05-13,38.15,2.85,0.0124,273731.97,563.68,274295.64,0.9979,持有
2025-05-14,38.76,2.90,0.0193,278115.57,563.68,278679.25,0.9980,持有
2025-05-15,38.53,2.88,0.0182,276515.21,563.68,277078.89,0.9980,持有
2025-05-16,38.06,2.85,0.0117,273105.74,563.68,273669.42,0.9979,持有
2025-05-19,38.04,2.84,0.0113,272966.57,563.68,273530.25,0.9979,持有
2025-05-20,38.35,2.87,0.0168,275193.17,563.68,275756.85,0.9980,持有
2025-05-21,38.78,2.90,0.0211,278254.74,563.68,278818.42,0.9980,持有
2025-05-22,38.65,2.89,0.0204,277350.18,563.68,277913.86,0.9980,持有
2025-05-23,38.31,2.87,0.0164,274914.84,563.68,275478.52,0.9980,持有
2025-05-26,38.18,2.86,0.0142,274010.29,563.68,274573.97,0.9979,持有
2025-05-27,37.61,2.81,0.0062,269905.01,563.68,270468.69,0.9979,持有
2025-05-28,37.23,2.78,0.0033,267191.34,563.68,267755.02,0.9979,持有
2025-05-29,37.49,2.80,0.0051,269000.45,563.68,269564.13,0.9979,持有
2025-05-30,39.21,2.93,0.0261,281385.88,563.68,281949.56,0.9980,持有
2025-06-03,40.28,3.01,0.0345,289039.80,563.68,289603.48,0.9981,持有
2025-06-04,40.48,3.03,0.0356,290501.01,563.68,291064.69,0.9981,持有
2025-06-05,39.56,2.96,0.0279,283890.80,563.68,284454.48,0.9980,持有
2025-06-06,39.89,2.98,0.0315,286256.56,563.68,286820.24,0.9980,持有
2025-06-09,41.53,3.11,0.0475,298015.76,563.68,298579.44,0.9981,持有
2025-06-10,41.06,3.07,0.0435,294675.87,563.68,295239.55,0.9981,持有
2025-06-11,43.03,3.22,0.0695,308800.83,563.68,309364.51,0.9982,持有
2025-06-12,42.45,3.17,0.0619,304625.97,563.68,305189.64,0.9982,持有
2025-06-13,42.45,3.17,0.0619,304625.97,563.68,305189.64,0.9982,持有
2025-06-16,41.66,3.12,0.0499,298920.32,563.68,299484.00,0.9981,持有
2025-06-17,41.73,3.12,0.0524,299476.97,563.68,300040.64,0.9981,持有
2025-06-18,41.20,3.08,0.0441,295650.01,563.68,296213.68,0.9981,持有
2025-06-19,41.02,3.07,0.0434,294327.97,563.68,294891.64,0.9981,持有
2025-06-20,40.56,3.03,0.0379,291057.65,563.68,291621.33,0.9981,持有
2025-06-23,40.41,3.02,0.0361,290013.94,563.68,290577.62,0.9981,持有
2025-06-24,40.55,3.03,0.0379,290988.07,563.68,291551.75,0.9981,持有
2025-06-25,40.75,3.05,0.0404,292449.28,563.68,293012.96,0.9981,持有
2025-06-26,41.08,3.03,0.0375,294776.25,563.68,295339.92,0.9981,持有
2025-06-27,40.95,3.02,0.0361,293859.48,563.68,294423.16,0.9981,持有
2025-06-30,41.28,3.05,0.0411,296257.18,563.68,296820.86,0.9981,持有
2025-07-01,41.26,3.05,0.0411,296116.14,563.68,296679.82,0.9981,持有
2025-07-02,41.83,3.09,0.0479,300206.33,563.68,300770.01,0.9981,持有
2025-07-03,42.63,3.15,0.0623,305918.51,563.68,306482.18,0.9982,持有
2025-07-04,42.97,3.17,0.0666,308386.73,563.68,308950.41,0.9982,持有
2025-07-07,42.69,3.15,0.0630,306341.63,563.68,306905.31,0.9982,持有
2025-07-08,42.92,3.17,0.0658,307963.60,563.68,308527.28,0.9982,持有
2025-07-09,44.32,3.27,0.0863,318048.06,563.68,318611.73,0.9982,持有
2025-07-10,44.53,3.29,0.0909,319528.99,563.68,320092.67,0.9982,持有
2025-07-11,44.90,3.31,0.0970,322208.77,563.68,322772.45,0.9983,持有
2025-07-14,44.72,3.30,0.0934,320939.40,563.68,321503.08,0.9982,持有
2025-07-15,44.11,3.26,0.0840,316567.12,563.68,317130.80,0.9982,持有
2025-07-16,44.36,3.27,0.0879,318330.14,563.68,318893.82,0.9982,持有
2025-07-17,44.50,3.28,0.0911,319317.43,563.68,319881.11,0.9982,持有
2025-07-18,45.24,3.34,0.1065,324676.99,563.68,325240.67,0.9983,持有
2025-07-21,46.51,3.43,0.1284,333774.16,563.68,334337.83,0.9983,持有
2025-07-22,47.58,3.51,0.1405,341460.91,563.68,342024.58,0.9984,持有
2025-07-23,48.24,3.56,0.1473,346185.79,563.68,346749.47,0.9984,持有
2025-07-24,47.44,3.50,0.1390,340403.10,563.68,340966.77,0.9983,持有
2025-07-25,47.74,3.52,0.1425,342589.24,563.68,343152.91,0.9984,持有
2025-07-28,47.51,3.51,0.1399,340896.74,563.68,341460.42,0.9983,持有
2025-07-29,46.46,3.43,0.1277,333421.55,563.68,333985.23,0.9983,持有
2025-07-30,46.45,3.43,0.1277,333351.03,563.68,333914.71,0.9983,持有
2025-07-31,45.56,3.36,0.1133,326933.65,563.68,327497.33,0.9983,持有
2025-08-01,45.02,3.32,0.1001,323055.02,563.68,323618.70,0.9983,持有
2025-08-04,45.12,3.33,0.1040,323760.23,563.68,324323.91,0.9983,持有
2025-08-05,45.46,3.35,0.1118,326228.45,563.68,326792.13,0.9983,持有
2025-08-06,45.96,3.39,0.1200,329825.00,563.68,330388.68,0.9983,持有
2025-08-07,45.86,3.38,0.1192,329119.79,563.68,329683.47,0.9983,持有
2025-08-08,46.14,3.40,0.1249,331094.37,563.68,331658.05,0.9983,持有
2025-08-11,45.94,3.39,0.1202,329683.96,563.68,330247.64,0.9983,持有
2025-08-12,46.21,3.41,0.1266,331588.02,563.68,332151.70,0.9983,持有
2025-08-13,46.08,3.40,0.1244,330671.25,563.68,331234.93,0.9983,持有
2025-08-14,45.67,3.37,0.1158,327709.38,563.68,328273.06,0.9983,持有
2025-08-15,45.27,3.34,0.1068,324888.56,563.68,325452.24,0.9983,持有
2025-08-18,45.53,3.36,0.1139,326722.09,563.68,327285.77,0.9983,持有
2025-08-19,45.90,3.39,0.1203,329401.88,563.68,329965.56,0.9983,持有
2025-08-20,46.68,3.44,0.1359,334973.01,563.68,335536.69,0.9983,持有
2025-08-21,49.34,3.54,0.1522,354084.10,563.68,354647.78,0.9984,持有
2025-08-22,49.48,3.55,0.1536,355071.39,563.68,355635.07,0.9984,持有
2025-08-25,50.49,3.63,0.1596,362335.01,563.68,362898.69,0.9984,持有
2025-08-26,54.11,3.88,0.1812,388286.61,563.68,388850.28,0.9986,持有
2025-08-27,53.56,3.85,0.1793,384337.45,563.68,384901.13,0.9985,持有
2025-08-28,53.56,3.85,0.1793,384337.45,563.68,384901.13,0.9985,持有
2025-08-29,54.01,3.88,0.1813,387581.40,563.68,388145.08,0.9985,持有
2025-09-01,53.85,3.87,0.1809,386453.07,563.68,387016.75,0.9985,持有
2025-09-02,53.80,3.86,0.1809,386100.47,563.68,386664.14,0.9985,持有
2025-09-03,52.91,3.80,0.1762,379683.09,563.68,380246.77,0.9985,持有
2025-09-04,51.92,3.73,0.1690,372560.50,563.68,373124.18,0.9985,持有
2025-09-05,52.77,3.79,0.1753,378695.80,563.68,379259.48,0.9985,持有
2025-09-08,54.69,3.93,0.1866,392447.32,563.68,393011.00,0.9986,持有
2025-09-09,53.64,3.85,0.1812,384901.62,563.68,385465.29,0.9985,持有
2025-09-10,53.46,3.84,0.1791,383632.24,563.68,384195.92,0.9985,持有
2025-09-11,56.46,4.05,0.1988,405141.04,563.68,405704.72,0.9986,持有
2025-09-12,56.55,4.06,0.1998,405775.72,563.68,406339.40,0.9986,持有
2025-09-15,57.75,4.15,0.2057,414449.76,563.68,415013.44,0.9986,持有
2025-09-16,56.36,4.05,0.1982,404435.83,563.68,404999.51,0.9986,持有
2025-09-17,55.22,3.96,0.1900,396255.44,563.68,396819.12,0.9986,持有
2025-09-18,53.80,3.86,0.1819,386100.47,563.68,386664.14,0.9985,持有
2025-09-19,53.44,3.84,0.1786,383491.20,563.68,384054.88,0.9985,持有
2025-09-22,52.63,3.78,0.1743,377708.51,563.68,378272.19,0.9985,持有
2025-09-23,52.30,3.75,0.1714,375310.81,563.68,375874.49,0.9985,持有
2025-09-24,53.03,3.81,0.1774,380529.34,563.68,381093.01,0.9985,持有
2025-09-25,51.93,3.73,0.1685,372631.02,563.68,373194.70,0.9985,持有
2025-09-26,51.56,3.70,0.1656,370021.76,563.68,370585.44,0.9985,持有
2025-09-29,52.08,3.74,0.1698,373759.36,563.68,374323.03,0.9985,持有
2025-09-30,52.08,3.74,0.1697,373759.36,563.68,374323.03,0.9985,持有
2025-10-09,51.94,3.73,0.1690,372701.55,563.68,373265.22,0.9985,持有
2025-10-10,52.30,3.75,0.1731,375310.81,563.68,375874.49,0.9985,持有
2025-10-13,52.18,3.75,0.1720,374464.56,563.68,375028.24,0.9985,持有
2025-10-14,52.77,3.79,0.1776,378695.80,563.68,379259.48,0.9985,持有
2025-10-15,52.35,3.76,0.1740,375663.41,563.68,376227.09,0.9985,持有
2025-10-16,51.33,3.62,0.1574,368344.08,563.68,368907.76,0.9985,持有
2025-10-17,50.62,3.57,0.1535,363249.12,563.68,363812.80,0.9985,持有
2025-10-20,49.48,3.49,0.1404,355068.48,563.68,355632.16,0.9984,持有
2025-10-21,49.46,3.49,0.1404,354924.96,563.68,355488.64,0.9984,持有
2025-10-22,48.70,3.44,0.1326,349471.20,563.68,350034.88,0.9984,持有
2025-10-23,48.71,3.44,0.1329,349542.96,563.68,350106.64,0.9984,持有
2025-10-24,48.86,3.45,0.1364,350619.36,563.68,351183.04,0.9984,持有
2025-10-27,50.25,3.55,0.1525,360594.00,563.68,361157.68,0.9984,持有
2025-10-28,50.42,3.56,0.1538,361813.92,563.68,362377.60,0.9984,持有
2025-10-29,50.40,3.56,0.1538,361670.40,563.68,362234.08,0.9984,持有
2025-10-30,49.68,3.51,0.1443,356503.68,563.68,357067.36,0.9984,持有
2025-10-31,50.30,3.62,0.1610,360952.80,563.68,361516.48,0.9984,持有
2025-11-03,51.19,3.69,0.1676,367339.44,563.68,367903.12,0.9985,持有
2025-11-04,49.50,3.56,0.1560,355212.00,563.68,355775.68,0.9984,持有
2025-11-05,49.43,3.56,0.1545,354709.68,563.68,355273.36,0.9984,持有
2025-11-06,49.25,3.55,0.1531,353418.00,563.68,353981.68,0.9984,持有
2025-11-07,49.71,3.58,0.1579,356718.96,563.68,357282.64,0.9984,持有
2025-11-10,51.67,3.72,0.1722,370783.92,563.68,371347.60,0.9985,持有
2025-11-11,50.58,3.64,0.1648,362962.08,563.68,363525.76,0.9984,持有
2025-11-12,50.14,3.61,0.1599,359804.64,563.68,360368.32,0.9984,持有
2025-11-13,50.57,3.64,0.1650,362890.32,563.68,363454.00,0.9984,持有
2025-11-14,49.87,3.59,0.1591,357867.12,563.68,358430.80,0.9984,持有
2025-11-17,48.46,3.49,0.1409,347748.96,563.68,348312.64,0.9984,持有
2025-11-18,48.60,3.50,0.1429,348753.60,563.68,349317.28,0.9984,持有
2025-11-19,48.45,3.49,0.1404,347677.20,563.68,348240.88,0.9984,持有
2025-11-20,48.22,3.47,0.1383,346026.72,563.68,346590.40,0.9984,持有
2025-11-21,47.89,3.45,0.1358,343658.64,563.68,344222.32,0.9984,持有
2025-11-24,49.46,3.56,0.1577,354924.96,563.68,355488.64,0.9984,持有
2025-11-25,49.83,3.59,0.1601,357580.08,563.68,358143.76,0.9984,持有
2025-11-26,49.60,3.57,0.1586,355929.60,563.68,356493.28,0.9984,持有
2025-11-27,49.90,3.59,0.1617,358082.40,563.68,358646.08,0.9984,持有
2025-11-28,50.75,3.65,0.1700,364182.00,563.68,364745.68,0.9985,持有
2025-12-01,49.70,3.58,0.1591,356647.20,563.68,357210.88,0.9984,持有
