日期,收盘价,估值指标,估值分位点,持仓市值,现金,总资产,仓位比例,信号
2015-01-05,10.95,1.39,0.2304,0.00,100000.00,100000.00,0.0000,持有
2015-01-06,10.78,1.37,0.2266,0.00,100000.00,100000.00,0.0000,持有
2015-01-07,10.60,1.35,0.2196,0.00,100000.00,100000.00,0.0000,持有
2015-01-08,10.22,1.30,0.1999,0.00,100000.00,100000.00,0.0000,买入(补至30%)
2015-01-09,10.31,1.31,0.2027,30267.67,70021.32,100289.00,0.3018,持有
2015-01-12,10.24,1.30,0.2006,30055.74,70021.32,100077.07,0.3003,持有
2015-01-13,10.13,1.29,0.1980,29728.21,70021.32,99749.54,0.2980,持有
2015-01-14,10.31,1.31,0.2033,30267.67,70021.32,100289.00,0.3018,持有
2015-01-15,10.62,1.35,0.2215,31173.20,70021.32,101194.52,0.3081,持有
2015-01-16,10.66,1.36,0.2234,31288.80,70021.32,101310.12,0.3088,持有
2015-01-19,9.60,1.22,0.1692,28186.89,70021.32,98208.22,0.2870,持有
2015-01-20,9.61,1.22,0.1700,28206.16,70021.32,98227.48,0.2872,持有
2015-01-21,10.04,1.28,0.1951,29477.75,70021.32,99499.07,0.2963,持有
2015-01-22,9.93,1.26,0.1930,29150.22,70021.32,99171.54,0.2939,持有
2015-01-23,9.95,1.27,0.1933,29227.28,70021.32,99248.61,0.2945,持有
2015-01-26,9.86,1.26,0.1872,28957.55,70021.32,98978.88,0.2926,持有
2015-01-27,9.65,1.23,0.1745,28341.02,70021.32,98362.35,0.2881,持有
2015-01-28,9.53,1.21,0.1643,27994.23,70021.32,98015.55,0.2856,持有
2015-01-29,9.43,1.20,0.1577,27685.96,70021.32,97707.29,0.2834,持有
2015-01-30,9.41,1.20,0.1569,27628.16,70021.32,97649.49,0.2829,持有
2015-02-02,9.25,1.18,0.1503,27146.50,70021.32,97167.82,0.2794,持有
2015-02-03,9.56,1.22,0.1665,28071.29,70021.32,98092.62,0.2862,持有
2015-02-04,9.38,1.19,0.1567,27551.10,70021.32,97572.42,0.2824,持有
2015-02-05,9.40,1.20,0.1574,27589.63,70021.32,97610.95,0.2826,持有
2015-02-06,9.35,1.19,0.1549,27454.77,70021.32,97476.09,0.2817,持有
2015-02-09,9.46,1.20,0.1601,27763.03,70021.32,97784.35,0.2839,持有
2015-02-10,9.62,1.22,0.1742,28244.69,70021.32,98266.01,0.2874,持有
2015-02-11,9.61,1.22,0.1725,28206.16,70021.32,98227.48,0.2872,持有
2015-02-12,9.56,1.22,0.1676,28071.29,70021.32,98092.62,0.2862,持有
2015-02-13,9.60,1.22,0.1720,28186.89,70021.32,98208.22,0.2870,持有
2015-02-16,9.49,1.21,0.1638,27859.36,70021.32,97880.68,0.2846,持有
2015-02-17,9.53,1.21,0.1658,27974.96,70021.32,97996.28,0.2855,持有
2015-02-25,9.38,1.19,0.1565,27551.10,70021.32,97572.42,0.2824,持有
2015-02-26,9.63,1.23,0.1765,28263.96,70021.32,98285.28,0.2876,持有
2015-02-27,9.65,1.23,0.1793,28321.76,70021.32,98343.08,0.2880,持有
2015-03-02,9.56,1.22,0.1683,28071.29,70021.32,98092.62,0.2862,持有
2015-03-03,9.30,1.18,0.1526,27300.63,70021.32,97321.96,0.2805,持有
2015-03-04,9.32,1.19,0.1537,27377.70,70021.32,97399.02,0.2811,持有
2015-03-05,9.13,1.16,0.1396,26799.70,70021.32,96821.03,0.2768,持有
2015-03-06,9.22,1.17,0.1476,27069.43,70021.32,97090.76,0.2788,持有
2015-03-09,9.63,1.23,0.1789,28283.22,70021.32,98304.55,0.2877,持有
2015-03-10,9.38,1.19,0.1571,27531.83,70021.32,97553.15,0.2822,持有
2015-03-11,9.48,1.21,0.1647,27840.10,70021.32,97861.42,0.2845,持有
2015-03-12,9.93,1.26,0.2019,29150.22,70021.32,99171.54,0.2939,持有
2015-03-13,9.91,1.26,0.1998,29092.42,70021.32,99113.74,0.2935,持有
2015-03-16,10.08,1.28,0.2070,29593.35,70021.32,99614.67,0.2971,持有
2015-03-17,10.11,1.29,0.2085,29689.68,70021.32,99711.00,0.2978,持有
2015-03-18,10.33,1.31,0.2156,30325.47,70021.32,100346.80,0.3022,持有
2015-03-19,10.29,1.26,0.1971,30209.87,70021.32,100231.20,0.3014,持有
2015-03-20,10.30,1.26,0.1982,30229.14,70021.32,100250.46,0.3015,持有
2015-03-23,10.36,1.27,0.2034,30421.81,70021.32,100443.13,0.3029,持有
2015-03-24,10.21,1.25,0.1941,29978.68,70021.32,100000.00,0.2998,持有
2015-03-25,9.95,1.22,0.1696,29208.02,70021.32,99229.34,0.2943,持有
2015-03-26,9.99,1.22,0.1747,29323.62,70021.32,99344.94,0.2952,持有
2015-03-27,10.01,1.22,0.1775,29400.68,70021.32,99422.00,0.2957,持有
2015-03-30,10.33,1.26,0.2038,30325.47,70021.32,100346.80,0.3022,持有
2015-03-31,10.22,1.25,0.1953,29997.94,70021.32,100019.27,0.2999,持有
2015-04-01,10.32,1.26,0.2024,30306.21,70021.32,100327.53,0.3021,持有
2015-04-02,10.28,1.26,0.1975,30171.34,70021.32,100192.67,0.3011,持有
2015-04-03,10.28,1.26,0.1974,30171.34,70021.32,100192.67,0.3011,持有
2015-04-07,10.28,1.26,0.1974,30171.34,70021.32,100192.67,0.3011,持有
2015-04-08,10.28,1.26,0.1973,30171.34,70021.32,100192.67,0.3011,持有
2015-04-09,10.28,1.26,0.1972,30171.34,70021.32,100192.67,0.3011,持有
2015-04-10,10.28,1.26,0.1971,30171.34,70021.32,100192.67,0.3011,持有
2015-04-13,11.31,1.38,0.2468,33196.18,70021.32,103217.51,0.3216,持有
2015-04-14,11.47,1.40,0.2515,33677.85,70021.32,103699.17,0.3248,持有
2015-04-15,11.73,1.43,0.2589,34429.24,70021.32,104450.56,0.3296,持有
2015-04-16,12.34,1.51,0.2720,36240.29,70021.32,106261.61,0.3410,持有
2015-04-17,12.02,1.47,0.2655,35296.23,70021.32,105317.55,0.3351,持有
2015-04-20,11.69,1.43,0.2574,34313.64,70021.32,104334.96,0.3289,持有
2015-04-21,11.92,1.46,0.2641,35007.23,70021.32,105028.56,0.3333,持有
2015-04-22,12.08,1.48,0.2676,35469.63,70021.32,105490.95,0.3362,持有
2015-04-23,11.92,1.46,0.2639,35007.23,70021.32,105028.56,0.3333,持有
2015-04-24,11.62,1.42,0.2543,34101.71,70021.32,104123.03,0.3275,持有
2015-04-27,12.10,1.48,0.2692,35527.43,70021.32,105548.75,0.3366,持有
2015-04-28,12.05,1.47,0.2667,35373.30,70021.32,105394.62,0.3356,持有
2015-04-29,12.13,1.41,0.2512,35604.50,70021.32,105625.82,0.3371,持有
2015-04-30,11.96,1.39,0.2479,35103.57,70021.32,105124.89,0.3339,持有
2015-05-04,11.92,1.38,0.2458,34987.97,70021.32,105009.29,0.3332,持有
2015-05-05,11.45,1.33,0.2268,33620.05,70021.32,103641.37,0.3244,持有
2015-05-06,11.51,1.34,0.2298,33793.44,70021.32,103814.77,0.3255,持有
2015-05-07,11.61,1.35,0.2365,34082.44,70021.32,104103.76,0.3274,持有
2015-05-08,11.62,1.35,0.2368,34101.71,70021.32,104123.03,0.3275,持有
2015-05-11,11.75,1.36,0.2422,34506.30,70021.32,104527.63,0.3301,持有
2015-05-12,11.66,1.35,0.2385,34236.57,70021.32,104257.90,0.3284,持有
2015-05-13,11.51,1.34,0.2294,33793.44,70021.32,103814.77,0.3255,持有
2015-05-14,11.48,1.33,0.2281,33697.11,70021.32,103718.43,0.3249,持有
2015-05-15,11.26,1.31,0.2158,33061.32,70021.32,103082.64,0.3207,持有
2015-05-18,11.06,1.28,0.2094,32464.06,70021.32,102485.38,0.3168,持有
2015-05-19,11.57,1.34,0.2337,33966.84,70021.32,103988.17,0.3266,持有
2015-05-20,11.84,1.37,0.2478,34756.77,70021.32,104778.09,0.3317,持有
2015-05-21,11.92,1.38,0.2493,34987.97,70021.32,105009.29,0.3332,持有
2015-05-22,12.27,1.42,0.2610,36028.36,70021.32,106049.68,0.3397,持有
2015-05-25,12.61,1.46,0.2700,37030.22,70021.32,107051.54,0.3459,持有
2015-05-26,12.60,1.46,0.2699,36991.68,70021.32,107013.01,0.3457,持有
2015-05-27,12.51,1.45,0.2686,36741.22,70021.32,106762.54,0.3441,持有
2015-05-28,11.76,1.36,0.2437,34525.57,70021.32,104546.89,0.3302,持有
2015-05-29,11.86,1.38,0.2479,34814.57,70021.32,104835.89,0.3321,持有
2015-06-01,12.36,1.43,0.2639,36278.82,70021.32,106300.15,0.3413,持有
2015-06-02,12.44,1.44,0.2674,36510.02,70021.32,106531.34,0.3427,持有
2015-06-03,12.76,1.48,0.2767,37473.35,70021.32,107494.67,0.3486,持有
2015-06-04,13.41,1.56,0.2911,39380.73,70021.32,109402.05,0.3600,持有
2015-06-05,13.12,1.52,0.2843,38513.74,70021.32,108535.06,0.3549,持有
2015-06-08,13.87,1.61,0.3018,40710.12,70021.32,110731.44,0.3676,持有
2015-06-09,13.67,1.59,0.2974,40132.12,70021.32,110153.45,0.3643,持有
2015-06-10,13.43,1.56,0.2918,39438.53,70021.32,109459.85,0.3603,持有
2015-06-11,13.36,1.55,0.2905,39226.60,70021.32,109247.92,0.3591,持有
2015-06-12,13.33,1.55,0.2892,39130.27,70021.32,109151.59,0.3585,持有
2015-06-15,12.80,1.48,0.2778,37569.68,70021.32,107591.00,0.3492,持有
2015-06-16,12.66,1.47,0.2722,37165.08,70021.32,107186.41,0.3467,持有
2015-06-17,12.75,1.48,0.2756,37434.81,70021.32,107456.14,0.3484,持有
2015-06-18,12.33,1.43,0.2618,36201.76,70021.32,106223.08,0.3408,持有
2015-06-19,11.81,1.37,0.2453,34679.70,70021.32,104701.03,0.3312,持有
2015-06-23,12.38,1.44,0.2655,36355.89,70021.32,106377.21,0.3418,持有
2015-06-24,12.42,1.44,0.2666,36471.49,70021.32,106492.81,0.3425,持有
2015-06-25,12.10,1.40,0.2540,35527.43,70021.32,105548.75,0.3366,持有
2015-06-26,11.42,1.32,0.2215,33523.71,70021.32,103545.04,0.3238,持有
2015-06-29,11.44,1.33,0.2238,33581.51,70021.32,103602.84,0.3241,持有
2015-06-30,12.28,1.42,0.2615,36066.89,70021.32,106088.21,0.3400,持有
2015-07-01,11.95,1.39,0.2513,35084.30,70021.32,105105.62,0.3338,持有
2015-07-02,12.24,1.42,0.2586,35932.03,70021.32,105953.35,0.3391,持有
2015-07-03,11.99,1.34,0.2312,35192.55,70021.32,105213.87,0.3345,持有
2015-07-06,12.81,1.43,0.2650,37610.66,70021.32,107631.99,0.3494,持有
2015-07-07,13.76,1.54,0.2917,40388.50,70021.32,110409.82,0.3658,持有
2015-07-08,12.53,1.40,0.2543,36791.30,70021.32,106812.63,0.3444,持有
2015-07-09,12.93,1.45,0.2713,37970.38,70021.32,107991.71,0.3516,持有
2015-07-10,12.93,1.45,0.2708,37950.40,70021.32,107971.72,0.3515,持有
2015-07-13,12.46,1.39,0.2528,36591.46,70021.32,106612.78,0.3432,持有
2015-07-14,12.16,1.36,0.2411,35712.15,70021.32,105733.47,0.3378,持有
2015-07-15,12.58,1.41,0.2561,36931.19,70021.32,106952.52,0.3453,持有
2015-07-16,12.35,1.38,0.2479,36271.71,70021.32,106293.03,0.3412,持有
2015-07-17,12.50,1.40,0.2547,36691.38,70021.32,106712.70,0.3438,持有
2015-07-20,12.55,1.40,0.2558,36851.26,70021.32,106872.58,0.3448,持有
2015-07-21,12.31,1.38,0.2468,36131.82,70021.32,106153.14,0.3404,持有
2015-07-22,12.15,1.36,0.2397,35672.18,70021.32,105693.50,0.3375,持有
2015-07-23,12.21,1.37,0.2424,35852.04,70021.32,105873.36,0.3386,持有
2015-07-24,12.18,1.36,0.2415,35772.10,70021.32,105793.42,0.3381,持有
2015-07-27,11.37,1.27,0.2027,33373.97,70021.32,103395.29,0.3228,持有
2015-07-28,11.60,1.30,0.2108,34053.44,70021.32,104074.76,0.3272,持有
2015-07-29,11.68,1.31,0.2126,34293.25,70021.32,104314.58,0.3287,持有
2015-07-30,11.56,1.29,0.2094,33933.53,70021.32,103954.86,0.3264,持有
2015-07-31,11.78,1.32,0.2175,34573.03,70021.32,104594.36,0.3305,持有
2015-08-03,12.31,1.38,0.2502,36151.80,70021.32,106173.13,0.3405,持有
2015-08-04,12.35,1.38,0.2505,36271.71,70021.32,106293.03,0.3412,持有
2015-08-05,12.19,1.36,0.2431,35792.08,70021.32,105813.41,0.3383,持有
2015-08-06,12.33,1.38,0.2507,36211.76,70021.32,106233.08,0.3409,持有
2015-08-07,12.45,1.39,0.2564,36551.49,70021.32,106572.81,0.3430,持有
2015-08-10,12.67,1.42,0.2640,37210.98,70021.32,107232.30,0.3470,持有
2015-08-11,12.39,1.39,0.2535,36371.63,70021.32,106392.95,0.3419,持有
2015-08-12,12.18,1.36,0.2422,35772.10,70021.32,105793.42,0.3381,持有
2015-08-13,12.15,1.36,0.2402,35672.18,70021.32,105693.50,0.3375,持有
2015-08-14,12.08,1.35,0.2366,35452.35,70021.32,105473.67,0.3361,持有
2015-08-17,11.80,1.32,0.2177,34632.99,70021.32,104654.31,0.3309,持有
2015-08-18,11.44,1.28,0.2038,33573.81,70021.32,103595.14,0.3241,持有
2015-08-19,11.66,1.30,0.2121,34233.30,70021.32,104254.62,0.3284,持有
2015-08-20,11.44,1.28,0.2040,33593.80,70021.32,103615.12,0.3242,持有
2015-08-21,11.26,1.26,0.1951,33054.22,70021.32,103075.54,0.3207,持有
2015-08-24,10.20,1.14,0.1290,29936.65,70021.32,99957.97,0.2995,买入(补至30%)
2015-08-25,10.01,1.12,0.1182,29437.12,69981.82,99418.94,0.2961,持有
2015-08-26,10.95,1.22,0.1688,32198.73,69981.82,102180.54,0.3151,持有
2015-08-27,12.00,1.34,0.2320,35280.52,69981.82,105262.34,0.3352,持有
2015-08-28,11.78,1.31,0.2173,34620.14,69981.82,104601.95,0.3310,持有
2015-08-31,11.61,1.29,0.2111,34119.84,69981.82,104101.66,0.3278,持有
2015-09-01,11.46,1.28,0.2049,33699.60,69981.82,103681.42,0.3250,持有
2015-09-02,11.41,1.27,0.2025,33559.52,69981.82,103541.34,0.3241,持有
2015-09-07,11.00,1.23,0.1753,32338.81,69981.82,102320.63,0.3161,持有
2015-09-08,11.33,1.26,0.2012,33319.38,69981.82,103301.20,0.3225,持有
2015-09-09,11.40,1.27,0.2031,33519.50,69981.82,103501.31,0.3239,持有
2015-09-10,11.77,1.31,0.2190,34600.12,69981.82,104581.94,0.3308,持有
2015-09-11,11.65,1.30,0.2140,34259.93,69981.82,104241.74,0.3287,持有
2015-09-14,12.49,1.39,0.2632,36721.36,69981.82,106703.18,0.3441,持有
2015-09-15,12.26,1.37,0.2520,36040.96,69981.82,106022.78,0.3399,持有
2015-09-16,12.17,1.36,0.2450,35780.81,69981.82,105762.63,0.3383,持有
2015-09-17,11.95,1.33,0.2312,35140.44,69981.82,105122.26,0.3343,持有
2015-09-18,12.05,1.35,0.2387,35440.61,69981.82,105422.43,0.3362,持有
2015-09-21,11.96,1.33,0.2318,35160.45,69981.82,105142.27,0.3344,持有
2015-09-22,12.22,1.36,0.2504,35940.90,69981.82,105922.72,0.3393,持有
2015-09-23,12.07,1.35,0.2408,35480.64,69981.82,105462.45,0.3364,持有
2015-09-24,11.93,1.33,0.2300,35060.39,69981.82,105042.21,0.3338,持有
2015-09-25,12.06,1.35,0.2406,35460.62,69981.82,105442.44,0.3363,持有
2015-09-28,11.92,1.33,0.2295,35040.38,69981.82,105022.20,0.3336,持有
2015-09-29,11.87,1.32,0.2248,34900.30,69981.82,104882.12,0.3328,持有
2015-09-30,12.10,1.35,0.2433,35560.68,69981.82,105542.50,0.3369,持有
2015-10-08,12.07,1.35,0.2417,35480.64,69981.82,105462.45,0.3364,持有
2015-10-09,12.22,1.36,0.2523,35940.90,69981.82,105922.72,0.3393,持有
2015-10-12,12.38,1.38,0.2605,36401.17,69981.82,106382.99,0.3422,持有
2015-10-13,12.29,1.37,0.2574,36141.02,69981.82,106122.84,0.3406,持有
2015-10-14,12.15,1.36,0.2463,35720.78,69981.82,105702.59,0.3379,持有
2015-10-15,12.48,1.39,0.2675,36701.35,69981.82,106683.16,0.3440,持有
2015-10-16,12.65,1.41,0.2742,37181.63,69981.82,107163.44,0.3470,持有
2015-10-19,12.42,1.39,0.2654,36521.24,69981.82,106503.06,0.3429,持有
2015-10-20,12.40,1.38,0.2630,36461.21,69981.82,106443.02,0.3425,持有
2015-10-21,12.72,1.42,0.2769,37401.75,69981.82,107383.57,0.3483,持有
2015-10-22,12.45,1.39,0.2673,36601.29,69981.82,106583.11,0.3434,持有
2015-10-23,12.38,1.38,0.2604,36401.17,69981.82,106382.99,0.3422,持有
2015-10-26,12.30,1.37,0.2577,36161.03,69981.82,106142.85,0.3407,持有
2015-10-27,12.28,1.37,0.2561,36101.00,69981.82,106082.81,0.3403,持有
2015-10-28,12.16,1.36,0.2457,35740.79,69981.82,105722.60,0.3381,持有
2015-10-29,12.12,1.35,0.2441,35640.73,69981.82,105622.55,0.3374,持有
2015-10-30,12.20,1.30,0.2108,35880.87,69981.82,105862.69,0.3389,持有
2015-11-02,12.14,1.29,0.2081,35680.75,69981.82,105662.57,0.3377,持有
2015-11-03,12.18,1.29,0.2103,35820.83,69981.82,105802.65,0.3386,持有
2015-11-04,12.50,1.33,0.2272,36741.37,69981.82,106723.19,0.3443,持有
2015-11-05,12.64,1.34,0.2373,37161.61,69981.82,107143.43,0.3468,持有
2015-11-06,12.71,1.35,0.2443,37381.74,69981.82,107363.56,0.3482,持有
2015-11-09,12.99,1.38,0.2627,38182.21,69981.82,108164.02,0.3530,持有
2015-11-10,12.69,1.35,0.2427,37301.70,69981.82,107283.51,0.3477,持有
2015-11-11,12.55,1.33,0.2305,36901.46,69981.82,106883.28,0.3453,持有
2015-11-12,12.44,1.32,0.2206,36561.26,69981.82,106543.08,0.3432,持有
2015-11-13,12.35,1.31,0.2164,36301.11,69981.82,106282.93,0.3416,持有
2015-11-16,12.32,1.31,0.2152,36221.07,69981.82,106202.88,0.3411,持有
2015-11-17,12.35,1.31,0.2166,36301.11,69981.82,106282.93,0.3416,持有
2015-11-18,12.36,1.31,0.2180,36341.14,69981.82,106322.95,0.3418,持有
2015-11-19,12.39,1.32,0.2195,36421.18,69981.82,106403.00,0.3423,持有
2015-11-20,12.35,1.31,0.2171,36321.13,69981.82,106302.94,0.3417,持有
2015-11-23,12.38,1.31,0.2193,36401.17,69981.82,106382.99,0.3422,持有
2015-11-24,12.17,1.29,0.2080,35780.81,69981.82,105762.63,0.3383,持有
2015-11-25,12.07,1.28,0.2034,35480.64,69981.82,105462.45,0.3364,持有
2015-11-26,11.93,1.27,0.1980,35080.40,69981.82,105062.22,0.3339,持有
2015-11-27,11.60,1.23,0.1755,34099.83,69981.82,104081.65,0.3276,持有
2015-11-30,11.71,1.24,0.1825,34420.02,69981.82,104401.84,0.3297,持有
2015-12-01,11.65,1.24,0.1783,34239.91,69981.82,104221.73,0.3285,持有
2015-12-02,12.19,1.29,0.2112,35840.85,69981.82,105822.66,0.3387,持有
2015-12-03,12.10,1.28,0.2070,35580.69,69981.82,105562.51,0.3371,持有
2015-12-04,11.74,1.25,0.1845,34520.08,69981.82,104501.89,0.3303,持有
2015-12-07,11.84,1.26,0.1904,34800.24,69981.82,104782.06,0.3321,持有
2015-12-08,11.86,1.26,0.1933,34860.28,69981.82,104842.09,0.3325,持有
2015-12-09,11.84,1.26,0.1903,34800.24,69981.82,104782.06,0.3321,持有
2015-12-10,11.75,1.25,0.1846,34540.09,69981.82,104521.91,0.3305,持有
2015-12-11,11.52,1.22,0.1659,33859.69,69981.82,103841.51,0.3261,持有
2015-12-14,11.61,1.23,0.1766,34139.86,69981.82,104121.67,0.3279,持有
2015-12-15,11.59,1.23,0.1751,34079.82,69981.82,104061.64,0.3275,持有
2015-12-16,11.54,1.23,0.1690,33939.74,69981.82,103921.56,0.3266,持有
2015-12-17,11.64,1.24,0.1790,34219.90,69981.82,104201.72,0.3284,持有
2015-12-18,11.93,1.27,0.2013,35060.39,69981.82,105042.21,0.3338,持有
2015-12-21,12.41,1.32,0.2274,36481.22,69981.82,106463.04,0.3427,持有
2015-12-22,12.44,1.32,0.2284,36561.26,69981.82,106543.08,0.3432,持有
2015-12-23,12.38,1.31,0.2246,36401.17,69981.82,106382.99,0.3422,持有
2015-12-24,12.35,1.31,0.2215,36301.11,69981.82,106282.93,0.3416,持有
2015-12-25,12.48,1.32,0.2330,36681.33,69981.82,106663.15,0.3439,持有
2015-12-28,12.14,1.29,0.2124,35700.76,69981.82,105682.58,0.3378,持有
2015-12-29,12.21,1.30,0.2161,35900.88,69981.82,105882.70,0.3391,持有
2015-12-30,12.43,1.32,0.2294,36541.25,69981.82,106523.07,0.3430,持有
2015-12-31,12.25,1.30,0.2170,36000.94,69981.82,105982.76,0.3397,持有
2016-01-04,11.76,1.25,0.1868,34580.11,69981.82,104561.93,0.3307,持有
2016-01-05,11.73,1.25,0.1846,34480.05,69981.82,104461.87,0.3301,持有
2016-01-06,11.78,1.25,0.1886,34640.15,69981.82,104621.96,0.3311,持有
2016-01-07,11.35,1.20,0.1518,33359.40,69981.82,103341.22,0.3228,持有
2016-01-08,11.44,1.21,0.1580,33639.57,69981.82,103621.38,0.3246,持有
2016-01-11,10.92,1.16,0.1287,32098.67,69981.82,102080.49,0.3144,持有
2016-01-12,10.88,1.15,0.1275,31978.60,69981.82,101960.42,0.3136,持有
2016-01-13,10.80,1.15,0.1260,31758.47,69981.82,101740.29,0.3122,持有
2016-01-14,10.82,1.15,0.1267,31798.49,69981.82,101780.31,0.3124,持有
2016-01-15,10.54,1.12,0.1137,30978.02,69981.82,100959.83,0.3068,持有
2016-01-18,10.50,1.11,0.1136,30857.95,69981.82,100839.76,0.3060,持有
2016-01-19,10.69,1.14,0.1228,31438.29,69981.82,101420.10,0.3100,持有
2016-01-20,10.56,1.12,0.1161,31058.06,69981.82,101039.88,0.3074,持有
2016-01-21,10.41,1.11,0.1102,30617.81,69981.82,100599.63,0.3044,持有
2016-01-22,10.40,1.10,0.1101,30577.78,69981.82,100559.60,0.3041,持有
2016-01-25,10.54,1.12,0.1145,30978.02,69981.82,100959.83,0.3068,持有
2016-01-26,10.11,1.07,0.0968,29737.30,69981.82,99719.11,0.2982,买入(补至60%)
2016-01-27,10.21,1.08,0.1045,60392.27,39688.01,100080.28,0.6034,持有
2016-01-28,10.02,1.06,0.0923,59264.95,39688.01,98952.95,0.5989,持有
2016-01-29,10.20,1.08,0.1048,60352.01,39688.01,100040.01,0.6033,持有
2016-02-01,10.02,1.06,0.0922,59264.95,39688.01,98952.95,0.5989,持有
2016-02-02,10.11,1.07,0.0973,59788.35,39688.01,99476.35,0.6010,持有
2016-02-03,9.99,1.06,0.0910,59063.64,39688.01,98751.65,0.5981,持有
2016-02-04,10.13,1.08,0.0991,59909.13,39688.01,99597.14,0.6015,持有
2016-02-05,10.11,1.07,0.0979,59828.61,39688.01,99516.61,0.6012,持有
2016-02-15,9.98,1.06,0.0909,59023.38,39688.01,98711.38,0.5979,持有
2016-02-16,10.17,1.08,0.1019,60150.70,39688.01,99838.71,0.6025,持有
2016-02-17,10.23,1.09,0.1078,60513.05,39688.01,100201.06,0.6039,持有
2016-02-18,10.14,1.08,0.1007,59989.65,39688.01,99677.66,0.6018,持有
2016-02-19,10.04,1.07,0.0937,59385.73,39688.01,99073.74,0.5994,持有
2016-02-22,10.22,1.08,0.1084,60432.53,39688.01,100120.54,0.6036,持有
2016-02-23,10.09,1.07,0.0970,59707.82,39688.01,99395.83,0.6007,持有
2016-02-24,10.08,1.07,0.0965,59627.30,39688.01,99315.31,0.6004,持有
2016-02-25,9.70,1.03,0.0774,57372.65,39688.01,97060.66,0.5911,持有
2016-02-26,9.84,1.04,0.0855,58177.89,39688.01,97865.89,0.5945,持有
2016-02-29,9.91,1.05,0.0880,58620.76,39688.01,98308.77,0.5963,持有
2016-03-01,9.97,1.06,0.0909,58983.12,39688.01,98671.12,0.5978,持有
2016-03-02,10.18,1.08,0.1059,60231.22,39688.01,99919.23,0.6028,持有
2016-03-03,10.31,1.09,0.1154,60996.19,39688.01,100684.20,0.6058,持有
2016-03-04,10.87,1.15,0.1373,64297.63,39688.01,103985.64,0.6183,持有
2016-03-07,10.74,1.14,0.1347,63532.67,39688.01,103220.67,0.6155,持有
2016-03-08,10.86,1.15,0.1372,64257.37,39688.01,103945.38,0.6182,持有
2016-03-09,10.92,1.16,0.1408,64619.73,39688.01,104307.73,0.6195,持有
2016-03-10,10.66,1.13,0.1298,63049.53,39688.01,102737.54,0.6137,持有
2016-03-11,10.73,1.14,0.1330,63452.14,39688.01,103140.15,0.6152,持有
2016-03-14,10.70,1.14,0.1319,63291.10,39688.01,102979.10,0.6146,持有
2016-03-15,10.80,1.15,0.1366,63854.76,39688.01,103542.77,0.6167,持有
2016-03-16,11.18,1.19,0.1559,66109.40,39688.01,105797.41,0.6249,持有
2016-03-17,11.05,1.17,0.1489,65344.43,39688.01,105032.44,0.6221,持有
2016-03-18,11.01,1.17,0.1467,65102.87,39688.01,104790.87,0.6213,持有
2016-03-21,11.04,1.17,0.1488,65304.17,39688.01,104992.18,0.6220,持有
2016-03-22,11.02,1.17,0.1476,65183.39,39688.01,104871.40,0.6216,持有
2016-03-23,11.01,1.17,0.1472,65143.13,39688.01,104831.13,0.6214,持有
2016-03-24,10.97,1.16,0.1435,64861.30,39688.01,104549.30,0.6204,持有
2016-03-25,10.98,1.17,0.1442,64941.82,39688.01,104629.83,0.6207,持有
2016-03-28,10.79,1.15,0.1361,63814.50,39688.01,103502.50,0.6166,持有
2016-03-29,10.75,1.14,0.1354,63572.93,39688.01,103260.94,0.6157,持有
2016-03-30,11.05,1.17,0.1531,65384.70,39688.01,105072.70,0.6223,持有
2016-03-31,10.95,1.12,0.1255,64780.77,39688.01,104468.78,0.6201,持有
2016-04-01,11.07,1.14,0.1323,65505.48,39688.01,105193.49,0.6227,持有
2016-04-05,11.12,1.14,0.1363,65787.31,39688.01,105475.32,0.6237,持有
2016-04-06,11.07,1.14,0.1319,65465.22,39688.01,105153.23,0.6226,持有
2016-04-07,10.96,1.13,0.1260,64821.03,39688.01,104509.04,0.6202,持有
2016-04-08,11.00,1.13,0.1289,65062.60,39688.01,104750.61,0.6211,持有
2016-04-11,11.10,1.14,0.1361,65666.53,39688.01,105354.53,0.6233,持有
2016-04-12,11.09,1.14,0.1342,65586.00,39688.01,105274.01,0.6230,持有
2016-04-13,11.22,1.15,0.1410,66350.97,39688.01,106038.98,0.6257,持有
2016-04-14,11.20,1.15,0.1406,66270.45,39688.01,105958.46,0.6254,持有
2016-04-15,11.52,1.18,0.1612,68162.74,39688.01,107850.75,0.6320,持有
2016-04-18,11.61,1.19,0.1655,68686.14,39688.01,108374.15,0.6338,持有
2016-04-19,11.65,1.20,0.1676,68887.45,39688.01,108575.45,0.6345,持有
2016-04-20,11.80,1.21,0.1763,69773.20,39688.01,109461.21,0.6374,持有
2016-04-21,12.04,1.24,0.1990,71222.62,39688.01,110910.62,0.6422,持有
2016-04-22,12.16,1.25,0.2087,71947.32,39688.01,111635.33,0.6445,持有
2016-04-25,12.18,1.25,0.2097,72068.11,39688.01,111756.11,0.6449,持有
2016-04-26,12.19,1.25,0.2100,72108.37,39688.01,111796.38,0.6450,持有
2016-04-27,12.17,1.25,0.2088,71987.58,39688.01,111675.59,0.6446,持有
2016-04-28,12.17,1.25,0.2087,71987.58,39688.01,111675.59,0.6446,持有
2016-04-29,12.08,1.18,0.1599,71464.18,39688.01,111152.19,0.6429,持有
2016-05-03,12.05,1.18,0.1581,71262.88,39688.01,110950.88,0.6423,持有
2016-05-04,12.01,1.17,0.1558,71061.57,39688.01,110749.58,0.6416,持有
2016-05-05,11.99,1.17,0.1525,70940.78,39688.01,110628.79,0.6413,持有
2016-05-06,11.79,1.15,0.1410,69732.94,39688.01,109420.95,0.6373,持有
2016-05-09,11.78,1.15,0.1405,69652.42,39688.01,109340.42,0.6370,持有
2016-05-10,11.60,1.13,0.1300,68605.62,39688.01,108293.62,0.6335,持有
2016-05-11,11.67,1.14,0.1368,69048.49,39688.01,108736.50,0.6350,持有
2016-05-12,11.88,1.16,0.1465,70296.60,39688.01,109984.61,0.6391,持有
2016-05-13,11.96,1.17,0.1519,70739.48,39688.01,110427.48,0.6406,持有
2016-05-16,11.91,1.16,0.1475,70457.65,39688.01,110145.65,0.6397,持有
2016-05-17,11.90,1.16,0.1474,70377.12,39688.01,110065.13,0.6394,持有
2016-05-18,12.13,1.19,0.1650,71746.01,39688.01,111434.02,0.6438,持有
2016-05-19,12.12,1.18,0.1649,71705.75,39688.01,111393.76,0.6437,持有
2016-05-20,12.17,1.19,0.1674,71987.58,39688.01,111675.59,0.6446,持有
2016-05-23,11.93,1.17,0.1490,70538.17,39688.01,110226.18,0.6399,持有
2016-05-24,11.80,1.15,0.1418,69773.20,39688.01,109461.21,0.6374,持有
2016-05-25,11.95,1.17,0.1521,70658.95,39688.01,110346.96,0.6403,持有
2016-05-26,12.04,1.18,0.1614,71222.62,39688.01,110910.62,0.6422,持有
2016-05-27,12.02,1.17,0.1603,71101.83,39688.01,110789.84,0.6418,持有
2016-05-30,12.14,1.19,0.1677,71826.54,39688.01,111514.55,0.6441,持有
2016-05-31,12.25,1.20,0.1741,72470.72,39688.01,112158.73,0.6461,持有
2016-06-01,12.14,1.19,0.1669,71786.28,39688.01,111474.28,0.6440,持有
2016-06-02,12.07,1.18,0.1633,71383.66,39688.01,111071.67,0.6427,持有
2016-06-03,12.10,1.18,0.1657,71584.97,39688.01,111272.98,0.6433,持有
2016-06-06,12.01,1.17,0.1581,71021.31,39688.01,110709.31,0.6415,持有
2016-06-07,12.12,1.18,0.1670,71665.49,39688.01,111353.50,0.6436,持有
2016-06-08,12.10,1.18,0.1655,71544.71,39688.01,111232.71,0.6432,持有
2016-06-13,11.79,1.15,0.1408,69732.94,39688.01,109420.95,0.6373,持有
2016-06-14,11.83,1.16,0.1440,69974.51,39688.01,109662.52,0.6381,持有
2016-06-15,11.84,1.16,0.1443,70014.77,39688.01,109702.78,0.6382,持有
2016-06-16,11.84,1.16,0.1446,70055.03,39688.01,109743.04,0.6384,持有
2016-06-17,11.91,1.16,0.1485,70457.65,39688.01,110145.65,0.6397,持有
2016-06-20,11.92,1.16,0.1498,70497.91,39688.01,110185.92,0.6398,持有
2016-06-21,11.94,1.17,0.1519,70618.69,39688.01,110306.70,0.6402,持有
2016-06-22,11.91,1.16,0.1483,70457.65,39688.01,110145.65,0.6397,持有
2016-06-23,11.75,1.15,0.1386,69491.37,39688.01,109179.38,0.6365,持有
2016-06-24,11.74,1.15,0.1386,69451.11,39688.01,109139.12,0.6364,持有
2016-06-27,11.76,1.15,0.1396,69571.89,39688.01,109259.90,0.6368,持有
2016-06-28,11.77,1.15,0.1399,69612.15,39688.01,109300.16,0.6369,持有
2016-06-29,11.88,1.16,0.1480,70256.34,39688.01,109944.35,0.6390,持有
2016-06-30,11.91,1.16,0.1498,70457.65,39688.01,110145.65,0.6397,持有
2016-07-01,12.00,1.17,0.1607,70981.05,39688.01,110669.05,0.6414,持有
2016-07-04,12.06,1.18,0.1678,71343.40,39688.01,111031.41,0.6426,持有
2016-07-05,11.95,1.17,0.1564,70699.22,39688.01,110387.22,0.6405,持有
2016-07-06,11.86,1.16,0.1460,70135.55,39688.01,109823.56,0.6386,持有
2016-07-07,11.92,1.16,0.1520,70497.91,39688.01,110185.92,0.6398,持有
2016-07-08,11.84,1.16,0.1448,70014.77,39688.01,109702.78,0.6382,持有
2016-07-11,11.90,1.16,0.1498,70377.12,39688.01,110065.13,0.6394,持有
2016-07-12,12.05,1.18,0.1689,71303.14,39688.01,110991.15,0.6424,持有
2016-07-13,12.08,1.13,0.1287,71428.85,39688.01,111116.86,0.6428,持有
2016-07-14,12.10,1.14,0.1305,71596.43,39688.01,111284.44,0.6434,持有
2016-07-15,12.14,1.14,0.1347,71805.90,39688.01,111493.91,0.6440,持有
2016-07-18,12.22,1.15,0.1392,72308.62,39688.01,111996.63,0.6456,持有
2016-07-19,12.13,1.14,0.1324,71722.11,39688.01,111410.12,0.6438,持有
2016-07-20,12.09,1.14,0.1296,71512.64,39688.01,111200.65,0.6431,持有
2016-07-21,12.21,1.15,0.1387,72224.84,39688.01,111912.84,0.6454,持有
2016-07-22,12.10,1.14,0.1302,71554.54,39688.01,111242.54,0.6432,持有
2016-07-25,12.13,1.14,0.1330,71722.11,39688.01,111410.12,0.6438,持有
2016-07-26,12.16,1.14,0.1375,71931.58,39688.01,111619.59,0.6444,持有
2016-07-27,12.30,1.16,0.1473,72769.45,39688.01,112457.46,0.6471,持有
2016-07-28,12.14,1.14,0.1356,71805.90,39688.01,111493.91,0.6440,持有
2016-07-29,12.15,1.14,0.1377,71889.69,39688.01,111577.69,0.6443,持有
2016-08-01,12.17,1.14,0.1391,71973.47,39688.01,111661.48,0.6446,持有
2016-08-02,12.15,1.14,0.1369,71847.79,39688.01,111535.80,0.6442,持有
2016-08-03,12.09,1.14,0.1291,71512.64,39688.01,111200.65,0.6431,持有
2016-08-04,12.08,1.13,0.1287,71470.75,39688.01,111158.76,0.6430,持有
2016-08-05,12.11,1.14,0.1322,71638.32,39688.01,111326.33,0.6435,持有
2016-08-08,12.13,1.14,0.1360,71764.00,39688.01,111452.01,0.6439,持有
2016-08-09,12.16,1.14,0.1395,71931.58,39688.01,111619.59,0.6444,持有
2016-08-10,12.24,1.15,0.1447,72392.41,39688.01,112080.42,0.6459,持有
2016-08-11,12.36,1.16,0.1545,73104.61,39688.01,112792.61,0.6481,持有
2016-08-12,12.74,1.20,0.1886,75366.87,39688.01,115054.88,0.6551,持有
2016-08-15,13.05,1.23,0.2089,77168.30,39688.01,116856.31,0.6604,持有
2016-08-16,12.97,1.22,0.2025,76707.47,39688.01,116395.48,0.6590,持有
2016-08-17,13.03,1.22,0.2077,77084.51,39688.01,116772.52,0.6601,持有
2016-08-18,12.91,1.22,0.1992,76372.32,39688.01,116060.33,0.6580,持有
2016-08-19,13.19,1.24,0.2237,78006.17,39688.01,117694.18,0.6628,持有
2016-08-22,13.24,1.25,0.2272,78299.43,39688.01,117987.44,0.6636,持有
2016-08-23,13.22,1.24,0.2260,78173.75,39688.01,117861.76,0.6633,持有
2016-08-24,13.19,1.24,0.2235,78006.17,39688.01,117694.18,0.6628,持有
2016-08-25,13.11,1.23,0.2189,77545.34,39688.01,117233.35,0.6615,持有
2016-08-26,13.14,1.24,0.2212,77712.92,39688.01,117400.93,0.6619,持有
2016-08-29,12.94,1.22,0.2026,76539.89,39688.01,116227.90,0.6585,持有
2016-08-30,13.06,1.23,0.2155,77252.09,39688.01,116940.09,0.6606,持有
2016-08-31,13.19,1.24,0.2259,78048.07,39688.01,117736.08,0.6629,持有
2016-09-01,13.19,1.24,0.2244,78006.17,39688.01,117694.18,0.6628,持有
2016-09-02,13.23,1.25,0.2289,78257.54,39688.01,117945.54,0.6635,持有
2016-09-05,13.28,1.25,0.2337,78550.79,39688.01,118238.80,0.6643,持有
2016-09-06,13.11,1.23,0.2190,77545.34,39688.01,117233.35,0.6615,持有
2016-09-07,13.15,1.24,0.2220,77754.81,39688.01,117442.82,0.6621,持有
2016-09-08,13.12,1.24,0.2202,77629.13,39688.01,117317.14,0.6617,持有
2016-09-09,12.98,1.22,0.2055,76791.26,39688.01,116479.26,0.6593,持有
2016-09-12,12.68,1.19,0.1851,74989.82,39688.01,114677.83,0.6539,持有
2016-09-13,12.68,1.19,0.1858,75031.72,39688.01,114719.73,0.6540,持有
2016-09-14,12.42,1.17,0.1647,73481.65,39688.01,113169.66,0.6493,持有
2016-09-19,12.61,1.19,0.1821,74612.78,39688.01,114300.79,0.6528,持有
2016-09-20,12.56,1.18,0.1782,74319.52,39688.01,114007.53,0.6519,持有
2016-09-21,12.66,1.19,0.1851,74906.04,39688.01,114594.04,0.6537,持有
2016-09-22,12.73,1.20,0.1900,75283.08,39688.01,114971.09,0.6548,持有
2016-09-23,12.73,1.20,0.1902,75324.97,39688.01,115012.98,0.6549,持有
2016-09-26,12.75,1.20,0.1916,75408.76,39688.01,115096.77,0.6552,持有
2016-09-27,12.80,1.21,0.1943,75702.02,39688.01,115390.03,0.6561,持有
2016-09-28,12.67,1.19,0.1855,74947.93,39688.01,114635.94,0.6538,持有
2016-09-29,12.75,1.20,0.1917,75408.76,39688.01,115096.77,0.6552,持有
2016-09-30,12.75,1.20,0.1917,75408.76,39688.01,115096.77,0.6552,持有
2016-10-10,12.96,1.22,0.2072,76665.57,39688.01,116353.58,0.6589,持有
2016-10-11,12.98,1.22,0.2092,76791.26,39688.01,116479.26,0.6593,持有
2016-10-12,12.85,1.21,0.1991,76037.17,39688.01,115725.18,0.6570,持有
2016-10-13,12.81,1.21,0.1962,75785.81,39688.01,115473.81,0.6563,持有
2016-10-14,12.82,1.21,0.1969,75827.70,39688.01,115515.71,0.6564,持有
2016-10-17,12.65,1.19,0.1840,74822.25,39688.01,114510.26,0.6534,持有
2016-10-18,12.70,1.20,0.1881,75115.51,39688.01,114803.51,0.6543,持有
2016-10-19,12.66,1.19,0.1845,74906.04,39688.01,114594.04,0.6537,持有
2016-10-20,12.67,1.19,0.1855,74947.93,39688.01,114635.94,0.6538,持有
2016-10-21,12.68,1.19,0.1872,75031.72,39688.01,114719.73,0.6540,持有
2016-10-24,12.97,1.22,0.2103,76707.47,39688.01,116395.48,0.6590,持有
2016-10-25,12.84,1.21,0.2002,75953.38,39688.01,115641.39,0.6568,持有
2016-10-26,12.73,1.20,0.1908,75283.08,39688.01,114971.09,0.6548,持有
2016-10-27,12.61,1.19,0.1810,74612.78,39688.01,114300.79,0.6528,持有
2016-10-28,12.68,1.19,0.1865,74989.82,39688.01,114677.83,0.6539,持有
2016-10-31,12.65,1.14,0.1283,74822.25,39688.01,114510.26,0.6534,持有
2016-11-01,12.73,1.14,0.1390,75324.97,39688.01,115012.98,0.6549,持有
2016-11-02,12.64,1.13,0.1265,74738.46,39688.01,114426.47,0.6532,持有
2016-11-03,12.70,1.14,0.1361,75115.51,39688.01,114803.51,0.6543,持有
2016-11-04,12.68,1.14,0.1340,75031.72,39688.01,114719.73,0.6540,持有
2016-11-07,12.67,1.14,0.1309,74947.93,39688.01,114635.94,0.6538,持有
2016-11-08,12.74,1.14,0.1405,75366.87,39688.01,115054.88,0.6551,持有
2016-11-09,12.67,1.14,0.1308,74947.93,39688.01,114635.94,0.6538,持有
2016-11-10,12.75,1.15,0.1411,75408.76,39688.01,115096.77,0.6552,持有
2016-11-11,12.76,1.15,0.1424,75492.55,39688.01,115180.56,0.6554,持有
2016-11-14,12.78,1.15,0.1441,75576.34,39688.01,115264.34,0.6557,持有
2016-11-15,12.88,1.16,0.1516,76162.85,39688.01,115850.86,0.6574,持有
2016-11-16,12.83,1.15,0.1488,75911.49,39688.01,115599.49,0.6567,持有
2016-11-17,12.83,1.15,0.1488,75911.49,39688.01,115599.49,0.6567,持有
2016-11-18,12.82,1.15,0.1473,75827.70,39688.01,115515.71,0.6564,持有
2016-11-21,12.99,1.17,0.1635,76833.15,39688.01,116521.16,0.6594,持有
2016-11-22,13.01,1.17,0.1665,76958.83,39688.01,116646.84,0.6598,持有
2016-11-23,13.34,1.20,0.1967,78927.84,39688.01,118615.84,0.6654,持有
2016-11-24,13.27,1.19,0.1891,78508.90,39688.01,118196.91,0.6642,持有
2016-11-25,13.45,1.21,0.2055,79556.24,39688.01,119244.25,0.6672,持有
2016-11-28,13.21,1.19,0.1841,78131.86,39688.01,117819.86,0.6631,持有
2016-11-29,13.28,1.19,0.1906,78550.79,39688.01,118238.80,0.6643,持有
2016-11-30,13.14,1.18,0.1792,77712.92,39688.01,117400.93,0.6619,持有
2016-12-01,13.10,1.18,0.1750,77461.56,39688.01,117149.56,0.6612,持有
2016-12-02,13.10,1.18,0.1750,77461.56,39688.01,117149.56,0.6612,持有
2016-12-05,13.22,1.19,0.1866,78173.75,39688.01,117861.76,0.6633,持有
2016-12-06,13.17,1.18,0.1824,77922.39,39688.01,117610.39,0.6625,持有
2016-12-07,13.19,1.18,0.1837,78006.17,39688.01,117694.18,0.6628,持有
2016-12-08,13.29,1.19,0.1932,78592.69,39688.01,118280.69,0.6645,持有
2016-12-09,13.60,1.22,0.2195,80436.01,39688.01,120124.02,0.6696,持有
2016-12-12,13.63,1.22,0.2249,80645.48,39688.01,120333.49,0.6702,持有
2016-12-13,13.37,1.20,0.2019,79095.41,39688.01,118783.42,0.6659,持有
2016-12-14,13.33,1.20,0.1981,78844.05,39688.01,118532.06,0.6652,持有
2016-12-15,12.92,1.16,0.1553,76414.21,39688.01,116102.22,0.6582,持有
2016-12-16,12.88,1.16,0.1515,76162.85,39688.01,115850.86,0.6574,持有
2016-12-19,12.76,1.15,0.1408,75450.66,39688.01,115138.66,0.6553,持有
2016-12-20,12.60,1.13,0.1227,74528.99,39688.01,114217.00,0.6525,持有
2016-12-21,12.61,1.13,0.1236,74612.78,39688.01,114300.79,0.6528,持有
2016-12-22,12.55,1.13,0.1198,74235.74,39688.01,113923.74,0.6516,持有
2016-12-23,12.47,1.12,0.1147,73733.01,39688.01,113421.02,0.6501,持有
2016-12-26,12.57,1.13,0.1218,74361.42,39688.01,114049.42,0.6520,持有
2016-12-27,12.54,1.13,0.1194,74193.84,39688.01,113881.85,0.6515,持有
2016-12-28,12.48,1.12,0.1159,73816.80,39688.01,113504.81,0.6503,持有
2016-12-29,12.39,1.11,0.1128,73272.18,39688.01,112960.19,0.6487,持有
2016-12-30,12.47,1.12,0.1148,73733.01,39688.01,113421.02,0.6501,持有
2017-01-03,12.72,1.14,0.1413,75241.19,39688.01,114929.19,0.6547,持有
2017-01-04,12.76,1.15,0.1444,75492.55,39688.01,115180.56,0.6554,持有
2017-01-05,12.82,1.15,0.1498,75827.70,39688.01,115515.71,0.6564,持有
2017-01-06,12.72,1.14,0.1412,75241.19,39688.01,114929.19,0.6547,持有
2017-01-09,12.71,1.14,0.1395,75157.40,39688.01,114845.41,0.6544,持有
2017-01-10,12.71,1.14,0.1394,75157.40,39688.01,114845.41,0.6544,持有
2017-01-11,12.72,1.14,0.1417,75241.19,39688.01,114929.19,0.6547,持有
2017-01-12,12.75,1.15,0.1437,75408.76,39688.01,115096.77,0.6552,持有
2017-01-13,12.90,1.16,0.1593,76330.42,39688.01,116018.43,0.6579,持有
2017-01-16,13.16,1.18,0.1868,77838.60,39688.01,117526.61,0.6623,持有
2017-01-17,13.07,1.17,0.1785,77293.98,39688.01,116981.99,0.6607,持有
2017-01-18,13.17,1.18,0.1880,77880.49,39688.01,117568.50,0.6624,持有
2017-01-19,13.12,1.18,0.1835,77587.24,39688.01,117275.24,0.6616,持有
2017-01-20,13.17,1.18,0.1882,77880.49,39688.01,117568.50,0.6624,持有
2017-01-23,13.10,1.18,0.1820,77503.45,39688.01,117191.46,0.6613,持有
2017-01-24,13.36,1.20,0.2094,79053.52,39688.01,118741.53,0.6658,持有
2017-01-25,13.37,1.20,0.2097,79095.41,39688.01,118783.42,0.6659,持有
2017-01-26,13.46,1.21,0.2164,79598.14,39688.01,119286.14,0.6673,持有
2017-02-03,13.24,1.19,0.1960,78341.32,39688.01,118029.33,0.6637,持有
2017-02-06,13.19,1.18,0.1905,78006.17,39688.01,117694.18,0.6628,持有
2017-02-07,13.15,1.18,0.1867,77796.71,39688.01,117484.71,0.6622,持有
2017-02-08,13.17,1.18,0.1894,77922.39,39688.01,117610.39,0.6625,持有
2017-02-09,13.27,1.19,0.1984,78467.01,39688.01,118155.01,0.6641,持有
2017-02-10,13.39,1.20,0.2119,79179.20,39688.01,118867.21,0.6661,持有
2017-02-13,13.44,1.21,0.2159,79472.46,39688.01,119160.46,0.6669,持有
2017-02-14,13.36,1.20,0.2104,79053.52,39688.01,118741.53,0.6658,持有
2017-02-15,13.55,1.22,0.2242,80142.76,39688.01,119830.76,0.6688,持有
2017-02-16,13.56,1.22,0.2261,80184.65,39688.01,119872.66,0.6689,持有
2017-02-17,13.47,1.21,0.2203,79681.92,39688.01,119369.93,0.6675,持有
2017-02-20,13.74,1.23,0.2459,81273.89,39688.01,120961.89,0.6719,持有
2017-02-21,13.75,1.23,0.2468,81315.78,39688.01,121003.79,0.6720,持有
2017-02-22,13.74,1.23,0.2457,81273.89,39688.01,120961.89,0.6719,持有
2017-02-23,13.73,1.23,0.2453,81190.10,39688.01,120878.11,0.6717,持有
2017-02-24,13.76,1.24,0.2489,81399.57,39688.01,121087.58,0.6722,持有
2017-02-27,13.75,1.23,0.2471,81315.78,39688.01,121003.79,0.6720,持有
2017-02-28,13.77,1.24,0.2504,81441.46,39688.01,121129.47,0.6724,持有
2017-03-01,13.70,1.23,0.2419,81022.52,39688.01,120710.53,0.6712,持有
2017-03-02,13.53,1.22,0.2227,80017.07,39688.01,119705.08,0.6685,持有
2017-03-03,13.46,1.21,0.2189,79640.03,39688.01,119328.04,0.6674,持有
2017-03-06,13.50,1.21,0.2208,79849.50,39688.01,119537.51,0.6680,持有
2017-03-07,13.63,1.22,0.2349,80603.59,39688.01,120291.59,0.6701,持有
2017-03-08,13.66,1.23,0.2398,80813.06,39688.01,120501.06,0.6706,持有
2017-03-09,13.49,1.21,0.2206,79807.61,39688.01,119495.61,0.6679,持有
2017-03-10,13.39,1.20,0.2111,79221.09,39688.01,118909.10,0.6662,持有
2017-03-13,13.48,1.21,0.2205,79723.82,39688.01,119411.83,0.6676,持有
2017-03-14,13.53,1.22,0.2238,80017.07,39688.01,119705.08,0.6685,持有
2017-03-15,13.46,1.21,0.2186,79640.03,39688.01,119328.04,0.6674,持有
2017-03-16,13.50,1.21,0.2216,79849.50,39688.01,119537.51,0.6680,持有
2017-03-17,13.32,1.20,0.2044,78802.16,39688.01,118490.16,0.6651,持有
2017-03-20,13.29,1.19,0.1997,78592.69,39688.01,118280.69,0.6645,持有
2017-03-21,13.29,1.19,0.1996,78592.69,39688.01,118280.69,0.6645,持有
2017-03-22,13.12,1.18,0.1815,77587.24,39688.01,117275.24,0.6616,持有
2017-03-23,13.20,1.19,0.1908,78089.96,39688.01,117777.97,0.6630,持有
2017-03-24,13.30,1.19,0.2041,78676.47,39688.01,118364.48,0.6647,持有
2017-03-27,13.53,1.20,0.2060,80017.07,39688.01,119705.08,0.6685,持有
2017-03-28,13.44,1.19,0.1946,79472.46,39688.01,119160.46,0.6669,持有
2017-03-29,13.52,1.20,0.2055,79975.18,39688.01,119663.19,0.6683,持有
2017-03-30,13.47,1.19,0.1978,79681.92,39688.01,119369.93,0.6675,持有
2017-03-31,13.58,1.20,0.2128,80310.33,39688.01,119998.34,0.6693,持有
2017-04-05,13.51,1.20,0.2047,79891.39,39688.01,119579.40,0.6681,持有
2017-04-06,13.49,1.19,0.2003,79765.71,39688.01,119453.72,0.6678,持有
2017-04-07,13.38,1.18,0.1889,79137.31,39688.01,118825.31,0.6660,持有
2017-04-10,13.39,1.19,0.1901,79221.09,39688.01,118909.10,0.6662,持有
2017-04-11,13.47,1.19,0.1981,79681.92,39688.01,119369.93,0.6675,持有
2017-04-12,13.49,1.19,0.2033,79807.61,39688.01,119495.61,0.6679,持有
2017-04-13,13.40,1.19,0.1909,79262.99,39688.01,118950.99,0.6663,持有
2017-04-14,13.33,1.18,0.1829,78844.05,39688.01,118532.06,0.6652,持有
2017-04-17,13.37,1.18,0.1881,79095.41,39688.01,118783.42,0.6659,持有
2017-04-18,13.17,1.17,0.1641,77922.39,39688.01,117610.39,0.6625,持有
2017-04-19,13.07,1.16,0.1547,77335.87,39688.01,117023.88,0.6609,持有
2017-04-20,13.02,1.15,0.1497,77042.62,39688.01,116730.63,0.6600,持有
2017-04-21,13.32,1.18,0.1819,78760.26,39688.01,118448.27,0.6649,持有
2017-04-24,13.39,1.19,0.1915,79221.09,39688.01,118909.10,0.6662,持有
2017-04-25,13.43,1.19,0.1964,79430.56,39688.01,119118.57,0.6668,持有
2017-04-26,13.53,1.20,0.2116,80058.97,39688.01,119746.98,0.6686,持有
2017-04-27,13.44,1.19,0.1979,79514.35,39688.01,119202.36,0.6671,持有
2017-04-28,13.55,1.15,0.1438,80142.76,39688.01,119830.76,0.6688,持有
2017-05-02,13.46,1.14,0.1331,79640.03,39688.01,119328.04,0.6674,持有
2017-05-03,13.41,1.13,0.1244,79304.88,39688.01,118992.89,0.6665,持有
2017-05-04,13.28,1.12,0.1158,78550.79,39688.01,118238.80,0.6643,持有
2017-05-05,13.32,1.13,0.1184,78760.26,39688.01,118448.27,0.6649,持有
2017-05-08,13.31,1.13,0.1173,78718.37,39688.01,118406.38,0.6648,持有
2017-05-09,13.31,1.13,0.1173,78718.37,39688.01,118406.38,0.6648,持有
2017-05-10,13.47,1.14,0.1361,79681.92,39688.01,119369.93,0.6675,持有
2017-05-11,13.64,1.15,0.1543,80687.37,39688.01,120375.38,0.6703,持有
2017-05-12,14.41,1.22,0.2397,85211.90,39688.01,124899.91,0.6822,持有
2017-05-15,14.64,1.24,0.2651,86594.39,39688.01,126282.40,0.6857,持有
2017-05-16,14.51,1.23,0.2524,85840.31,39688.01,125528.31,0.6838,持有
2017-05-17,14.30,1.21,0.2298,84583.49,39688.01,124271.50,0.6806,持有
2017-05-18,14.34,1.21,0.2331,84834.86,39688.01,124522.86,0.6813,持有
2017-05-19,14.54,1.23,0.2561,86007.88,39688.01,125695.89,0.6843,持有
2017-05-22,14.80,1.25,0.2778,87516.06,39688.01,127204.06,0.6880,持有
2017-05-23,15.46,1.31,0.3075,91454.07,39688.01,131142.08,0.6974,持有
2017-05-24,15.52,1.31,0.3113,91789.22,39688.01,131477.23,0.6981,持有
2017-05-25,16.25,1.38,0.3528,96146.17,39688.01,135834.18,0.7078,持有
2017-05-26,16.04,1.36,0.3418,94847.46,39688.01,134535.47,0.7050,持有
2017-05-31,15.88,1.34,0.3328,93925.80,39688.01,133613.81,0.7030,持有
2017-06-01,16.00,1.35,0.3399,94638.00,39688.01,134326.00,0.7045,持有
2017-06-02,15.70,1.33,0.3227,92836.56,39688.01,132524.57,0.7005,持有
2017-06-05,15.57,1.32,0.3143,92082.48,39688.01,131770.48,0.6988,持有
2017-06-06,15.53,1.31,0.3123,91873.01,39688.01,131561.02,0.6983,持有
2017-06-07,15.95,1.35,0.3388,94344.74,39688.01,134032.75,0.7039,持有
2017-06-08,16.11,1.36,0.3476,95266.40,39688.01,134954.41,0.7059,持有
2017-06-09,16.23,1.37,0.3541,95978.60,39688.01,135666.60,0.7075,持有
2017-06-12,16.18,1.37,0.3510,95685.34,39688.01,135373.35,0.7068,持有
2017-06-13,15.93,1.35,0.3374,94219.06,39688.01,133907.07,0.7036,持有
2017-06-14,15.60,1.28,0.2913,92269.67,39688.01,131957.68,0.6992,持有
2017-06-15,15.33,1.25,0.2770,90666.86,39688.01,130354.87,0.6955,持有
2017-06-16,15.24,1.25,0.2717,90147.03,39688.01,129835.04,0.6943,持有
2017-06-19,15.50,1.27,0.2900,91663.20,39688.01,131351.21,0.6978,持有
2017-06-20,15.44,1.26,0.2879,91316.65,39688.01,131004.66,0.6970,持有
2017-06-21,15.61,1.28,0.2927,92312.99,39688.01,132001.00,0.6993,持有
2017-06-22,16.65,1.36,0.3481,98464.30,39688.01,138152.31,0.7127,持有
2017-06-23,16.87,1.38,0.3588,99763.87,39688.01,139451.88,0.7154,持有
2017-06-26,16.87,1.38,0.3590,99807.19,39688.01,139495.20,0.7155,持有
2017-06-27,17.84,1.46,0.3874,105525.31,39688.01,145213.32,0.7267,持有
2017-06-28,17.43,1.43,0.3778,103099.44,39688.01,142787.45,0.7220,持有
2017-06-29,17.69,1.45,0.3858,104615.61,39688.01,144303.62,0.7250,持有
2017-06-30,17.51,1.43,0.3805,103575.95,39688.01,143263.96,0.7230,持有
2017-07-03,17.23,1.41,0.3712,101886.51,39688.01,141574.52,0.7197,持有
2017-07-04,16.84,1.38,0.3577,99633.92,39688.01,139321.92,0.7151,持有
2017-07-05,17.50,1.43,0.3801,103532.63,39688.01,143220.64,0.7229,持有
2017-07-06,17.55,1.44,0.3829,103792.55,39688.01,143480.56,0.7234,持有
2017-07-07,17.03,1.39,0.3668,100760.21,39688.01,140448.22,0.7174,持有
2017-07-10,17.03,1.39,0.3667,100760.21,39688.01,140448.22,0.7174,持有
2017-07-11,17.64,1.44,0.3858,104312.38,39688.01,144000.39,0.7244,持有
2017-07-12,17.83,1.46,0.3893,105438.67,39688.01,145126.68,0.7265,持有
2017-07-13,18.24,1.49,0.3973,107864.54,39688.01,147552.55,0.7310,持有
2017-07-14,18.44,1.51,0.4001,109077.48,39688.01,148765.49,0.7332,持有
2017-07-17,18.39,1.51,0.3987,108774.25,39688.01,148462.25,0.7327,持有
2017-07-18,17.96,1.47,0.3917,106218.42,39688.01,145906.43,0.7280,持有
2017-07-19,18.47,1.51,0.4020,109250.76,39688.01,148938.76,0.7335,持有
2017-07-20,18.46,1.51,0.4012,109164.12,39688.01,148852.12,0.7334,持有
2017-07-21,18.12,1.48,0.3956,107171.44,39688.01,146859.45,0.7298,持有
2017-07-24,18.83,1.54,0.4072,111373.39,39688.01,151061.40,0.7373,持有
2017-07-25,18.70,1.53,0.4054,110593.65,39688.01,150281.65,0.7359,持有
2017-07-26,18.65,1.53,0.4040,110290.41,39688.01,149978.42,0.7354,持有
2017-07-27,18.97,1.55,0.4103,112196.45,39688.01,151884.46,0.7387,持有
2017-07-28,18.88,1.55,0.4083,111676.62,39688.01,151364.63,0.7378,持有
2017-07-31,18.73,1.53,0.4055,110766.92,39688.01,150454.93,0.7362,持有
2017-08-01,19.14,1.57,0.4142,113236.11,39688.01,152924.12,0.7405,持有
2017-08-02,19.50,1.60,0.4183,115315.43,39688.01,155003.44,0.7440,持有
2017-08-03,18.96,1.55,0.4103,112153.13,39688.01,151841.14,0.7386,持有
2017-08-04,18.69,1.53,0.4044,110550.33,39688.01,150238.34,0.7358,持有
2017-08-07,19.03,1.56,0.4120,112543.01,39688.01,152231.01,0.7393,持有
2017-08-08,18.93,1.55,0.4103,111979.86,39688.01,151667.87,0.7383,持有
2017-08-09,18.70,1.53,0.4049,110636.97,39688.01,150324.97,0.7360,持有
2017-08-10,18.41,1.51,0.3980,108904.20,39688.01,148592.21,0.7329,持有
2017-08-11,17.94,1.47,0.3888,106088.46,39688.01,145776.47,0.7277,持有
2017-08-14,18.16,1.49,0.3955,107431.35,39688.01,147119.36,0.7302,持有
2017-08-15,18.70,1.53,0.4051,110593.65,39688.01,150281.65,0.7359,持有
2017-08-16,18.43,1.51,0.3988,109034.16,39688.01,148722.17,0.7331,持有
2017-08-17,18.35,1.50,0.3964,108557.65,39688.01,148245.66,0.7323,持有
2017-08-18,18.62,1.52,0.4030,110117.14,39688.01,149805.14,0.7351,持有
2017-08-21,18.53,1.52,0.4023,109597.31,39688.01,149285.32,0.7341,持有
2017-08-22,18.96,1.56,0.4138,112153.13,39688.01,151841.14,0.7386,持有
2017-08-23,19.42,1.59,0.4204,114882.24,39688.01,154570.24,0.7432,持有
2017-08-24,19.55,1.61,0.4235,115618.66,39688.01,155306.67,0.7445,持有
2017-08-25,20.16,1.66,0.4363,119257.47,39688.01,158945.47,0.7503,持有
2017-08-28,19.95,1.64,0.4330,118001.21,39688.01,157689.22,0.7483,持有
2017-08-29,19.88,1.63,0.4299,117568.02,39688.01,157256.03,0.7476,持有
2017-08-30,19.89,1.63,0.4304,117654.66,39688.01,157342.67,0.7478,持有
2017-08-31,19.59,1.61,0.4241,115878.58,39688.01,155566.58,0.7449,持有
2017-09-01,19.60,1.61,0.4243,115921.90,39688.01,155609.90,0.7450,持有
2017-09-04,19.74,1.62,0.4271,116788.28,39688.01,156476.28,0.7464,持有
2017-09-05,20.02,1.64,0.4357,118434.40,39688.01,158122.41,0.7490,持有
2017-09-06,19.69,1.62,0.4252,116441.72,39688.01,156129.73,0.7458,持有
2017-09-07,19.30,1.58,0.4180,114145.81,39688.01,153833.82,0.7420,持有
2017-09-08,19.32,1.59,0.4185,114275.77,39688.01,153963.78,0.7422,持有
2017-09-11,19.17,1.57,0.4164,113409.39,39688.01,153097.40,0.7408,持有
2017-09-12,19.36,1.59,0.4192,114535.68,39688.01,154223.69,0.7427,持有
2017-09-13,19.17,1.57,0.4162,113366.07,39688.01,153054.08,0.7407,持有
2017-09-14,18.94,1.56,0.4109,112023.18,39688.01,151711.18,0.7384,持有
2017-09-15,19.02,1.56,0.4133,112499.69,39688.01,152187.69,0.7392,持有
2017-09-18,18.87,1.55,0.4087,111589.99,39688.01,151277.99,0.7376,持有
2017-09-19,19.17,1.57,0.4166,113366.07,39688.01,153054.08,0.7407,持有
2017-09-20,18.96,1.56,0.4116,112153.13,39688.01,151841.14,0.7386,持有
2017-09-21,19.09,1.57,0.4150,112889.56,39688.01,152577.57,0.7399,持有
2017-09-22,19.00,1.56,0.4133,112413.05,39688.01,152101.06,0.7391,持有
2017-09-25,18.90,1.55,0.4093,111806.58,39688.01,151494.59,0.7380,持有
2017-09-26,18.83,1.55,0.4073,111373.39,39688.01,151061.40,0.7373,持有
2017-09-27,18.60,1.53,0.4010,110030.50,39688.01,149718.51,0.7349,持有
2017-09-28,18.46,1.52,0.3983,109164.12,39688.01,148852.12,0.7334,持有
2017-09-29,18.71,1.54,0.4046,110680.29,39688.01,150368.29,0.7361,持有
2017-10-09,19.10,1.57,0.4167,112976.20,39688.01,152664.20,0.7400,持有
2017-10-10,19.13,1.57,0.4178,113149.47,39688.01,152837.48,0.7403,持有
2017-10-11,19.07,1.57,0.4158,112802.92,39688.01,152490.93,0.7397,持有
2017-10-12,19.31,1.59,0.4214,114232.45,39688.01,153920.46,0.7422,持有
2017-10-13,19.19,1.58,0.4193,113496.03,39688.01,153184.03,0.7409,持有
2017-10-16,19.68,1.62,0.4288,116398.41,39688.01,156086.41,0.7457,持有
2017-10-17,19.80,1.63,0.4328,117091.51,39688.01,156779.52,0.7469,持有
2017-10-18,19.85,1.63,0.4340,117438.06,39688.01,157126.07,0.7474,持有
2017-10-19,19.85,1.63,0.4338,117394.74,39688.01,157082.75,0.7473,持有
2017-10-20,19.61,1.61,0.4276,115965.21,39688.01,155653.22,0.7450,持有
2017-10-23,19.41,1.59,0.4220,114795.60,39688.01,154483.61,0.7431,持有
2017-10-24,19.50,1.60,0.4245,115315.43,39688.01,155003.44,0.7440,持有
2017-10-25,19.63,1.61,0.4288,116095.17,39688.01,155783.18,0.7452,持有
2017-10-26,19.44,1.60,0.4232,115012.19,39688.01,154700.20,0.7435,持有
2017-10-27,20.58,1.69,0.4493,121726.65,39688.01,161414.66,0.7541,持有
2017-10-30,20.35,1.60,0.4239,120383.76,39688.01,160071.77,0.7521,持有
2017-10-31,19.85,1.56,0.4120,117394.74,39688.01,157082.75,0.7473,持有
2017-11-01,19.70,1.55,0.4064,116528.36,39688.01,156216.37,0.7459,持有
2017-11-02,19.78,1.56,0.4092,117004.87,39688.01,156692.88,0.7467,持有
2017-11-03,19.82,1.56,0.4113,117221.47,39688.01,156909.48,0.7471,持有
2017-11-06,19.49,1.53,0.4010,115272.11,39688.01,154960.12,0.7439,持有
2017-11-07,19.80,1.56,0.4104,117091.51,39688.01,156779.52,0.7469,持有
2017-11-08,19.84,1.56,0.4128,117351.43,39688.01,157039.43,0.7473,持有
2017-11-09,19.82,1.56,0.4120,117264.79,39688.01,156952.79,0.7471,持有
2017-11-10,19.82,1.56,0.4119,117264.79,39688.01,156952.79,0.7471,持有
2017-11-13,20.26,1.59,0.4229,119863.93,39688.01,159551.94,0.7513,持有
2017-11-14,20.52,1.61,0.4310,121380.10,39688.01,161068.11,0.7536,持有
2017-11-15,20.42,1.61,0.4280,120773.63,39688.01,160461.64,0.7527,持有
2017-11-16,20.58,1.62,0.4327,121726.65,39688.01,161414.66,0.7541,持有
2017-11-17,21.52,1.69,0.4528,127271.50,39688.01,166959.51,0.7623,持有
2017-11-20,22.36,1.76,0.4689,132253.19,39688.01,171941.20,0.7692,持有
2017-11-21,22.23,1.75,0.4652,131516.77,39688.01,171204.78,0.7682,持有
2017-11-22,22.63,1.78,0.4740,133856.00,39688.01,173544.01,0.7713,持有
2017-11-23,21.97,1.73,0.4596,129957.28,39688.01,169645.29,0.7661,持有
2017-11-24,22.04,1.73,0.4613,130347.15,39688.01,170035.16,0.7666,持有
2017-11-27,21.88,1.72,0.4577,129437.45,39688.01,169125.46,0.7653,持有
2017-11-28,21.38,1.68,0.4490,126448.44,39688.01,166136.44,0.7611,持有
2017-11-29,21.65,1.70,0.4545,128051.24,39688.01,167739.25,0.7634,持有
2017-11-30,21.23,1.67,0.4471,125582.05,39688.01,165270.06,0.7599,持有
2017-12-01,20.95,1.65,0.4432,123935.93,39688.01,163623.94,0.7574,持有
2017-12-04,21.03,1.65,0.4440,124412.44,39688.01,164100.45,0.7581,持有
2017-12-05,21.60,1.70,0.4543,127748.01,39688.01,167436.02,0.7630,持有
2017-12-06,21.19,1.67,0.4459,125322.14,39688.01,165010.15,0.7595,持有
2017-12-07,20.69,1.63,0.4341,122376.44,39688.01,162064.45,0.7551,持有
2017-12-08,20.89,1.64,0.4418,123546.06,39688.01,163234.06,0.7569,持有
2017-12-11,21.19,1.67,0.4461,125322.14,39688.01,165010.15,0.7595,持有
2017-12-12,20.76,1.63,0.4365,122809.63,39688.01,162497.64,0.7558,持有
2017-12-13,20.95,1.65,0.4427,123892.61,39688.01,163580.62,0.7574,持有
2017-12-14,20.97,1.65,0.4435,124022.57,39688.01,163710.57,0.7576,持有
2017-12-15,20.55,1.62,0.4285,121553.38,39688.01,161241.39,0.7539,持有
2017-12-18,20.75,1.63,0.4360,122722.99,39688.01,162411.00,0.7556,持有
2017-12-19,21.50,1.69,0.4535,127184.86,39688.01,166872.87,0.7622,持有
2017-12-20,21.58,1.70,0.4552,127661.37,39688.01,167349.38,0.7628,持有
2017-12-21,21.71,1.71,0.4576,128397.79,39688.01,168085.80,0.7639,持有
2017-12-22,21.45,1.69,0.4518,126881.63,39688.01,166569.63,0.7617,持有
2017-12-25,21.45,1.69,0.4517,126881.63,39688.01,166569.63,0.7617,持有
2017-12-26,21.76,1.71,0.4588,128701.03,39688.01,168389.04,0.7643,持有
2017-12-27,21.06,1.66,0.4448,124585.71,39688.01,164273.72,0.7584,持有
2017-12-28,20.97,1.65,0.4427,124022.57,39688.01,163710.57,0.7576,持有
2017-12-29,21.25,1.67,0.4492,125712.01,39688.01,165400.02,0.7600,持有
2018-01-02,21.69,1.71,0.4582,128311.16,39688.01,167999.16,0.7638,持有
2018-01-03,21.95,1.73,0.4631,129827.32,39688.01,169515.33,0.7659,持有
2018-01-04,21.71,1.71,0.4585,128441.11,39688.01,168129.12,0.7639,持有
2018-01-05,22.04,1.73,0.4665,130390.47,39688.01,170078.48,0.7666,持有
2018-01-08,21.58,1.70,0.4551,127661.37,39688.01,167349.38,0.7628,持有
2018-01-09,21.80,1.71,0.4606,128960.94,39688.01,168648.95,0.7647,持有
2018-01-10,22.36,1.76,0.4743,132253.19,39688.01,171941.20,0.7692,持有
2018-01-11,22.64,1.78,0.4804,133942.64,39688.01,173630.65,0.7714,持有
2018-01-12,23.08,1.81,0.4884,136498.47,39688.01,176186.47,0.7747,持有
2018-01-15,23.39,1.84,0.4917,138361.19,39688.01,178049.19,0.7771,持有
2018-01-16,23.35,1.84,0.4915,138144.59,39688.01,177832.60,0.7768,持有
2018-01-17,23.21,1.82,0.4901,137278.21,39688.01,176966.22,0.7757,持有
2018-01-18,23.67,1.86,0.4937,140007.31,39688.01,179695.32,0.7791,持有
2018-01-19,23.77,1.87,0.4948,140613.78,39688.01,180301.79,0.7799,持有
2018-01-22,24.23,1.90,0.4950,143299.56,39688.01,182987.57,0.7831,持有
2018-01-23,24.94,1.96,0.5005,147501.52,39688.01,187189.52,0.7880,卖出(降至50%)
2018-01-24,24.79,1.95,0.4981,93063.11,93893.08,186956.19,0.4978,持有
2018-01-25,24.47,1.92,0.4955,91853.43,93893.08,185746.51,0.4945,持有
2018-01-26,24.51,1.93,0.4966,92018.38,93893.08,185911.47,0.4950,持有
2018-01-29,24.15,1.90,0.4942,90671.24,93893.08,184564.32,0.4913,持有
2018-01-30,23.85,1.88,0.4941,89544.03,93893.08,183437.11,0.4881,持有
2018-01-31,24.86,1.95,0.5002,93310.54,93893.08,187203.63,0.4984,持有
2018-02-01,25.23,1.98,0.5031,94712.68,93893.08,188605.76,0.5022,持有
2018-02-02,25.27,1.99,0.5036,94850.14,93893.08,188743.22,0.5025,持有
2018-02-05,25.55,2.01,0.5062,95922.36,93893.08,189815.44,0.5053,持有
2018-02-06,25.35,1.99,0.5042,95180.05,93893.08,189073.14,0.5034,持有
2018-02-07,23.72,1.86,0.4922,89049.16,93893.08,182942.24,0.4868,持有
2018-02-08,22.91,1.80,0.4821,85997.46,93893.08,179890.54,0.4781,持有
2018-02-09,22.49,1.77,0.4738,84430.37,93893.08,178323.46,0.4735,持有
2018-02-12,22.01,1.73,0.4624,82615.85,93893.08,176508.93,0.4681,持有
2018-02-13,22.64,1.78,0.4769,84980.23,93893.08,178873.31,0.4751,持有
2018-02-14,22.97,1.81,0.4849,86244.90,93893.08,180137.98,0.4788,持有
2018-02-22,23.07,1.81,0.4863,86602.30,93893.08,180495.39,0.4798,持有
2018-02-23,23.27,1.83,0.4893,87372.10,93893.08,181265.18,0.4820,持有
2018-02-26,23.08,1.81,0.4863,86629.80,93893.08,180522.88,0.4799,持有
2018-02-27,22.61,1.78,0.4747,84870.26,93893.08,178763.34,0.4748,持有
2018-02-28,22.19,1.74,0.4658,83303.17,93893.08,177196.25,0.4701,持有
2018-03-01,22.26,1.75,0.4675,83578.09,93893.08,177471.18,0.4709,持有
2018-03-02,21.99,1.73,0.4608,82560.86,93893.08,176453.94,0.4679,持有
2018-03-05,22.08,1.74,0.4635,82890.78,93893.08,176783.86,0.4689,持有
2018-03-06,22.00,1.73,0.4609,82588.35,93893.08,176481.44,0.4680,持有
2018-03-07,22.53,1.77,0.4744,84595.33,93893.08,178488.41,0.4740,持有
2018-03-08,22.64,1.78,0.4783,85007.72,93893.08,178900.80,0.4752,持有
2018-03-09,22.81,1.79,0.4825,85640.05,93893.08,179533.14,0.4770,持有
2018-03-12,22.59,1.78,0.4752,84787.78,93893.08,178680.86,0.4745,持有
2018-03-13,22.51,1.77,0.4735,84485.36,93893.08,178378.44,0.4736,持有
2018-03-14,22.26,1.75,0.4671,83550.60,93893.08,177443.69,0.4709,持有
2018-03-15,22.35,1.76,0.4701,83908.01,93893.08,177801.09,0.4719,持有
2018-03-16,22.07,1.73,0.4622,82835.79,93893.08,176728.87,0.4687,持有
2018-03-19,22.49,1.77,0.4735,84430.37,93893.08,178323.46,0.4735,持有
2018-03-20,22.70,1.78,0.4814,85200.17,93893.08,179093.25,0.4757,持有
2018-03-21,22.89,1.80,0.4844,85942.48,93893.08,179835.56,0.4779,持有
2018-03-22,22.87,1.80,0.4839,85860.00,93893.08,179753.08,0.4777,持有
2018-03-23,22.20,1.75,0.4649,83330.66,93893.08,177223.74,0.4702,持有
2018-03-26,21.32,1.65,0.4338,80031.52,93893.08,173924.61,0.4602,持有
2018-03-27,21.03,1.62,0.4232,78959.31,93893.08,172852.39,0.4568,持有
2018-03-28,21.02,1.62,0.4231,78904.32,93893.08,172797.40,0.4566,持有
2018-03-29,21.47,1.66,0.4381,80581.38,93893.08,174474.46,0.4619,持有
2018-03-30,21.30,1.64,0.4339,79976.54,93893.08,173869.62,0.4600,持有
2018-04-02,21.25,1.64,0.4325,79756.60,93893.08,173649.68,0.4593,持有
2018-04-03,21.10,1.63,0.4256,79206.74,93893.08,173099.82,0.4576,持有
2018-04-04,21.06,1.63,0.4246,79069.28,93893.08,172962.36,0.4571,持有
2018-04-09,21.12,1.63,0.4266,79289.22,93893.08,173182.30,0.4578,持有
2018-04-10,22.18,1.71,0.4545,83275.67,93893.08,177168.76,0.4700,持有
2018-04-11,22.33,1.72,0.4578,83825.53,93893.08,177718.61,0.4717,持有
2018-04-12,21.92,1.69,0.4484,82285.93,93893.08,176179.02,0.4671,持有
2018-04-13,21.63,1.67,0.4421,81213.71,93893.08,175106.80,0.4638,持有
2018-04-16,20.59,1.59,0.4093,77282.25,93893.08,171175.33,0.4515,持有
2018-04-17,20.28,1.57,0.4024,76127.55,93893.08,170020.63,0.4478,持有
2018-04-18,20.61,1.59,0.4100,77364.72,93893.08,171257.81,0.4517,持有
2018-04-19,20.68,1.60,0.4120,77639.65,93893.08,171532.73,0.4526,持有
2018-04-20,20.66,1.59,0.4110,77557.17,93893.08,171450.26,0.4524,持有
2018-04-23,20.72,1.60,0.4133,77777.12,93893.08,171670.20,0.4531,持有
2018-04-24,21.14,1.63,0.4285,79344.20,93893.08,173237.29,0.4580,持有
2018-04-25,21.11,1.63,0.4262,79234.23,93893.08,173127.32,0.4577,持有
2018-04-26,21.09,1.63,0.4258,79179.25,93893.08,173072.33,0.4575,持有
2018-04-27,21.48,1.66,0.4401,80636.37,93893.08,174529.45,0.4620,持有
2018-05-02,21.65,1.61,0.4188,81268.70,93893.08,175161.78,0.4640,持有
2018-05-03,21.46,1.60,0.4125,80553.89,93893.08,174446.97,0.4618,持有
2018-05-04,21.05,1.57,0.4026,79014.29,93893.08,172907.37,0.4570,持有
2018-05-07,21.19,1.58,0.4058,79536.65,93893.08,173429.74,0.4586,持有
2018-05-08,21.74,1.62,0.4220,81598.61,93893.08,175491.70,0.4650,持有
2018-05-09,21.79,1.62,0.4237,81791.06,93893.08,175684.15,0.4656,持有
2018-05-10,21.85,1.63,0.4272,82038.50,93893.08,175931.58,0.4663,持有
2018-05-11,22.03,1.64,0.4360,82698.33,93893.08,176591.41,0.4683,持有
2018-05-14,22.57,1.68,0.4481,84732.79,93893.08,178625.88,0.4744,持有
2018-05-15,22.38,1.67,0.4440,84017.98,93893.08,177911.06,0.4722,持有
2018-05-16,21.95,1.64,0.4322,82395.90,93893.08,176288.99,0.4674,持有
2018-05-17,21.82,1.63,0.4250,81928.53,93893.08,175821.61,0.4660,持有
2018-05-18,22.31,1.66,0.4420,83743.05,93893.08,177636.14,0.4714,持有
2018-05-21,22.17,1.65,0.4398,83220.69,93893.08,177113.77,0.4699,持有
2018-05-22,21.84,1.63,0.4256,81983.51,93893.08,175876.60,0.4661,持有
2018-05-23,21.69,1.62,0.4187,81406.16,93893.08,175299.25,0.4644,持有
2018-05-24,21.31,1.59,0.4070,80004.03,93893.08,173897.12,0.4601,持有
2018-05-25,21.39,1.59,0.4090,80306.45,93893.08,174199.54,0.4610,持有
2018-05-28,21.09,1.57,0.4021,79179.25,93893.08,173072.33,0.4575,持有
2018-05-29,21.19,1.58,0.4045,79564.15,93893.08,173457.23,0.4587,持有
2018-05-30,20.73,1.54,0.3872,77804.61,93893.08,171697.69,0.4531,持有
2018-05-31,21.08,1.57,0.4021,79124.26,93893.08,173017.35,0.4573,持有
2018-06-01,20.95,1.56,0.3974,78629.39,93893.08,172522.48,0.4558,持有
2018-06-04,21.42,1.60,0.4116,80416.42,93893.08,174309.51,0.4613,持有
2018-06-05,21.43,1.60,0.4121,80443.92,93893.08,174337.00,0.4614,持有
2018-06-06,21.09,1.57,0.4022,79179.25,93893.08,173072.33,0.4575,持有
2018-06-07,21.17,1.58,0.4045,79454.18,93893.08,173347.26,0.4584,持有
2018-06-08,20.65,1.54,0.3855,77529.68,93893.08,171422.76,0.4523,持有
2018-06-11,20.97,1.56,0.3976,78711.87,93893.08,172604.95,0.4560,持有
2018-06-12,21.05,1.57,0.4005,79014.29,93893.08,172907.37,0.4570,持有
2018-06-13,21.03,1.57,0.3995,78931.81,93893.08,172824.90,0.4567,持有
2018-06-14,20.92,1.56,0.3957,78546.91,93893.08,172440.00,0.4555,持有
2018-06-15,21.19,1.58,0.4059,79564.15,93893.08,173457.23,0.4587,持有
2018-06-19,21.23,1.58,0.4064,79701.61,93893.08,173594.69,0.4591,持有
2018-06-20,20.88,1.56,0.3920,78381.96,93893.08,172275.04,0.4550,持有
2018-06-21,20.98,1.56,0.3979,78766.86,93893.08,172659.94,0.4562,持有
2018-06-22,20.96,1.56,0.3972,78684.38,93893.08,172577.46,0.4559,持有
2018-06-25,20.26,1.51,0.3752,76072.56,93893.08,169965.65,0.4476,持有
2018-06-26,19.70,1.47,0.3639,73955.62,93893.08,167848.70,0.4406,持有
2018-06-27,19.28,1.44,0.3565,72388.53,93893.08,166281.61,0.4353,持有
2018-06-28,18.93,1.41,0.3455,71068.87,93893.08,164961.96,0.4308,持有
2018-06-29,19.36,1.44,0.3581,72690.95,93893.08,166584.03,0.4364,持有
2018-07-02,18.63,1.39,0.3383,69941.67,93893.08,163834.75,0.4269,持有
2018-07-03,18.47,1.38,0.3303,69336.83,93893.08,163229.91,0.4248,持有
2018-07-04,18.35,1.37,0.3251,68869.45,93893.08,162762.53,0.4231,持有
2018-07-05,18.63,1.39,0.3386,69941.67,93893.08,163834.75,0.4269,持有
2018-07-06,18.92,1.41,0.3457,71041.38,93893.08,164934.46,0.4307,持有
2018-07-09,19.74,1.47,0.3668,74093.08,93893.08,167986.16,0.4411,持有
2018-07-10,19.63,1.46,0.3640,73680.69,93893.08,167573.77,0.4397,持有
2018-07-11,19.48,1.45,0.3621,73130.83,93893.08,167023.92,0.4378,持有
2018-07-12,19.69,1.42,0.3502,73925.80,93893.08,167818.88,0.4405,持有
2018-07-13,19.84,1.43,0.3531,74465.20,93893.08,168358.28,0.4423,持有
2018-07-16,19.41,1.40,0.3421,72875.40,93893.08,166768.48,0.4370,持有
2018-07-17,19.19,1.38,0.3347,72023.72,93893.08,165916.80,0.4341,持有
2018-07-18,19.13,1.38,0.3313,71796.60,93893.08,165689.69,0.4333,持有
2018-07-19,19.37,1.40,0.3424,72733.45,93893.08,166626.53,0.4365,持有
2018-07-20,20.71,1.49,0.3746,77729.97,93893.08,171623.05,0.4529,持有
2018-07-23,21.07,1.52,0.3814,79092.66,93893.08,172985.74,0.4572,持有
2018-07-24,20.99,1.51,0.3807,78780.38,93893.08,172673.46,0.4562,持有
2018-07-25,21.34,1.54,0.3890,80114.67,93893.08,174007.76,0.4604,持有
2018-07-26,21.27,1.53,0.3871,79830.78,93893.08,173723.86,0.4595,持有
2018-07-27,21.24,1.53,0.3867,79745.61,93893.08,173638.70,0.4593,持有
2018-07-30,21.64,1.56,0.4013,81221.86,93893.08,175114.94,0.4638,持有
2018-07-31,21.47,1.55,0.3931,80597.29,93893.08,174490.38,0.4619,持有
2018-08-01,21.08,1.52,0.3812,79121.05,93893.08,173014.13,0.4573,持有
2018-08-02,20.55,1.48,0.3715,77162.18,93893.08,171055.27,0.4511,持有
2018-08-03,20.60,1.49,0.3729,77332.52,93893.08,171225.60,0.4516,持有
2018-08-06,20.86,1.51,0.3761,78326.15,93893.08,172219.23,0.4548,持有
2018-08-07,21.54,1.55,0.3961,80852.80,93893.08,174745.88,0.4627,持有
2018-08-08,21.26,1.53,0.3876,79802.39,93893.08,173695.48,0.4594,持有
2018-08-09,21.76,1.57,0.4079,81676.09,93893.08,175569.17,0.4652,持有
2018-08-10,21.51,1.55,0.3951,80739.24,93893.08,174632.32,0.4623,持有
2018-08-13,20.96,1.51,0.3797,78666.82,93893.08,172559.90,0.4559,持有
2018-08-14,20.80,1.50,0.3739,78099.03,93893.08,171992.12,0.4541,持有
2018-08-15,20.19,1.46,0.3615,75799.50,93893.08,169692.58,0.4467,持有
2018-08-16,20.22,1.46,0.3628,75913.05,93893.08,169806.14,0.4471,持有
2018-08-17,20.06,1.45,0.3600,75288.49,93893.08,169181.57,0.4450,持有
2018-08-20,20.39,1.47,0.3671,76537.62,93893.08,170430.70,0.4491,持有
2018-08-21,20.49,1.48,0.3697,76935.07,93893.08,170828.15,0.4504,持有
2018-08-22,20.45,1.48,0.3684,76764.73,93893.08,170657.82,0.4498,持有
2018-08-23,20.65,1.49,0.3737,77502.86,93893.08,171395.94,0.4522,持有
2018-08-24,20.95,1.51,0.3805,78638.43,93893.08,172531.51,0.4558,持有
2018-08-27,21.58,1.54,0.3920,81023.13,93893.08,174916.22,0.4632,持有
2018-08-28,21.64,1.55,0.3943,81250.25,93893.08,175143.33,0.4639,持有
2018-08-29,21.75,1.55,0.3984,81647.70,93893.08,175540.78,0.4651,持有
2018-08-30,21.28,1.52,0.3827,79887.56,93893.08,173780.64,0.4597,持有
2018-08-31,21.39,1.53,0.3859,80313.40,93893.08,174206.48,0.4610,持有
2018-09-03,21.28,1.52,0.3825,79887.56,93893.08,173780.64,0.4597,持有
2018-09-04,21.66,1.55,0.3952,81307.03,93893.08,175200.11,0.4641,持有
2018-09-05,20.94,1.50,0.3739,78610.04,93893.08,172503.12,0.4557,持有
2018-09-06,20.80,1.49,0.3720,78070.64,93893.08,171963.73,0.4540,持有
2018-09-07,21.30,1.52,0.3841,79972.73,93893.08,173865.81,0.4600,持有
2018-09-10,21.10,1.51,0.3771,79206.22,93893.08,173099.30,0.4576,持有
2018-09-11,20.72,1.48,0.3693,77786.75,93893.08,171679.83,0.4531,持有
2018-09-12,20.72,1.48,0.3691,77786.75,93893.08,171679.83,0.4531,持有
2018-09-13,20.99,1.50,0.3744,78808.77,93893.08,172701.85,0.4563,持有
2018-09-14,21.08,1.51,0.3770,79149.44,93893.08,173042.52,0.4574,持有
2018-09-17,20.76,1.48,0.3706,77928.70,93893.08,171821.78,0.4535,持有
2018-09-18,21.31,1.52,0.3857,80001.12,93893.08,173894.20,0.4601,持有
2018-09-19,21.48,1.53,0.3915,80625.68,93893.08,174518.77,0.4620,持有
2018-09-20,21.56,1.54,0.3938,80937.96,93893.08,174831.05,0.4629,持有
2018-09-21,22.91,1.64,0.4476,86019.65,93893.08,179912.74,0.4781,持有
2018-09-25,22.40,1.60,0.4272,84089.18,93893.08,177982.26,0.4725,持有
2018-09-26,23.03,1.65,0.4521,86445.49,93893.08,180338.58,0.4794,持有
2018-09-27,23.01,1.64,0.4517,86388.72,93893.08,180281.80,0.4792,持有
2018-09-28,23.21,1.66,0.4569,87126.84,93893.08,181019.92,0.4813,持有
2018-10-08,22.26,1.59,0.4211,83549.78,93893.08,177442.87,0.4709,持有
2018-10-09,22.23,1.59,0.4203,83464.61,93893.08,177357.70,0.4706,持有
2018-10-10,22.38,1.60,0.4264,84032.40,93893.08,177925.48,0.4723,持有
2018-10-11,21.52,1.54,0.3916,80767.63,93893.08,174660.71,0.4624,持有
2018-10-12,22.05,1.58,0.4158,82783.27,93893.08,176676.35,0.4686,持有
2018-10-15,21.73,1.55,0.3999,81590.92,93893.08,175484.00,0.4649,持有
2018-10-16,22.01,1.57,0.4147,82612.93,93893.08,176506.02,0.4680,持有
2018-10-17,21.93,1.57,0.4110,82329.04,93893.08,176222.12,0.4672,持有
2018-10-18,21.10,1.51,0.3761,79206.22,93893.08,173099.30,0.4576,持有
2018-10-19,22.09,1.58,0.4173,82925.22,93893.08,176818.30,0.4690,持有
2018-10-22,22.69,1.62,0.4379,85167.97,93893.08,179061.06,0.4756,持有
2018-10-23,21.95,1.57,0.4114,82385.82,93893.08,176278.90,0.4674,持有
2018-10-24,22.23,1.59,0.4213,83436.23,93893.08,177329.31,0.4705,持有
2018-10-25,22.43,1.60,0.4298,84202.74,93893.08,178095.82,0.4728,持有
2018-10-26,22.38,1.60,0.4276,84032.40,93893.08,177925.48,0.4723,持有
2018-10-29,21.06,1.51,0.3736,79064.27,93893.08,172957.35,0.4571,持有
2018-10-30,21.44,1.53,0.3880,80483.74,93893.08,174376.82,0.4616,持有
2018-10-31,21.86,1.48,0.3672,82073.54,93893.08,175966.62,0.4664,持有
2018-11-01,21.97,1.49,0.3706,82470.99,93893.08,176364.07,0.4676,持有
2018-11-02,22.94,1.56,0.4021,86104.82,93893.08,179997.91,0.4784,持有
2018-11-05,22.69,1.54,0.3920,85167.97,93893.08,179061.06,0.4756,持有
2018-11-06,22.59,1.53,0.3883,84798.91,93893.08,178692.00,0.4746,持有
2018-11-07,22.36,1.52,0.3808,83947.23,93893.08,177840.32,0.4720,持有
2018-11-08,22.69,1.54,0.3928,85196.36,93893.08,179089.45,0.4757,持有
2018-11-09,21.63,1.47,0.3596,81193.47,93893.08,175086.55,0.4637,持有
2018-11-12,21.60,1.47,0.3592,81079.91,93893.08,174972.99,0.4634,持有
2018-11-13,21.61,1.47,0.3594,81136.69,93893.08,175029.77,0.4636,持有
2018-11-14,21.30,1.44,0.3528,79944.34,93893.08,173837.42,0.4599,持有
2018-11-15,21.46,1.46,0.3556,80568.90,93893.08,174461.99,0.4618,持有
2018-11-16,21.54,1.46,0.3579,80852.80,93893.08,174745.88,0.4627,持有
2018-11-19,21.89,1.49,0.3696,82187.09,93893.08,176080.18,0.4668,持有
2018-11-20,21.49,1.46,0.3565,80682.46,93893.08,174575.54,0.4622,持有
2018-11-21,21.48,1.46,0.3555,80625.68,93893.08,174518.77,0.4620,持有
2018-11-22,21.40,1.45,0.3551,80341.79,93893.08,174234.87,0.4611,持有
2018-11-23,21.08,1.43,0.3450,79149.44,93893.08,173042.52,0.4574,持有
2018-11-26,21.38,1.45,0.3543,80256.62,93893.08,174149.70,0.4608,持有
2018-11-27,21.17,1.44,0.3486,79461.72,93893.08,173354.80,0.4584,持有
2018-11-28,21.39,1.45,0.3547,80285.01,93893.08,174178.09,0.4609,持有
2018-11-29,21.40,1.45,0.3558,80341.79,93893.08,174234.87,0.4611,持有
2018-11-30,21.59,1.46,0.3607,81051.52,93893.08,174944.61,0.4633,持有
2018-12-03,22.28,1.51,0.3814,83634.95,93893.08,177528.03,0.4711,持有
2018-12-04,22.36,1.52,0.3837,83947.23,93893.08,177840.32,0.4720,持有
2018-12-05,22.21,1.51,0.3777,83379.45,93893.08,177272.53,0.4703,持有
2018-12-06,21.86,1.48,0.3685,82045.15,93893.08,175938.23,0.4663,持有
2018-12-07,21.61,1.47,0.3610,81136.69,93893.08,175029.77,0.4636,持有
2018-12-10,21.43,1.45,0.3556,80455.35,93893.08,174348.43,0.4615,持有
2018-12-11,21.56,1.46,0.3593,80937.96,93893.08,174831.05,0.4629,持有
2018-12-12,21.52,1.46,0.3584,80796.02,93893.08,174689.10,0.4625,持有
2018-12-13,21.74,1.48,0.3656,81619.31,93893.08,175512.39,0.4650,持有
2018-12-14,21.42,1.45,0.3552,80426.96,93893.08,174320.04,0.4614,持有
2018-12-17,21.39,1.45,0.3539,80313.40,93893.08,174206.48,0.4610,持有
2018-12-18,21.11,1.43,0.3439,79234.61,93893.08,173127.69,0.4577,持有
2018-12-19,20.24,1.37,0.3180,75998.22,93893.08,169891.31,0.4473,持有
2018-12-20,19.59,1.33,0.2898,73556.74,93893.08,167449.82,0.4393,持有
2018-12-21,19.20,1.30,0.2722,72080.50,93893.08,165973.58,0.4343,持有
2018-12-24,19.25,1.31,0.2730,72250.83,93893.08,166143.91,0.4349,持有
2018-12-25,19.13,1.30,0.2705,71796.60,93893.08,165689.69,0.4333,持有
2018-12-26,18.79,1.27,0.2602,70547.47,93893.08,164440.56,0.4290,持有
2018-12-27,18.79,1.27,0.2602,70547.47,93893.08,164440.56,0.4290,持有
2018-12-28,19.06,1.29,0.2683,71541.10,93893.08,165434.18,0.4324,持有
2019-01-02,18.58,1.26,0.2527,69752.57,93893.08,163645.65,0.4262,持有
2019-01-03,18.82,1.28,0.2608,70632.64,93893.08,164525.72,0.4293,持有
2019-01-04,19.29,1.31,0.2759,72421.17,93893.08,166314.25,0.4354,持有
2019-01-07,19.30,1.31,0.2770,72449.56,93893.08,166342.64,0.4355,持有
2019-01-08,19.07,1.29,0.2696,71597.88,93893.08,165490.96,0.4326,持有
2019-01-09,19.44,1.32,0.2838,72960.56,93893.08,166853.65,0.4373,持有
2019-01-10,19.55,1.33,0.2896,73386.40,93893.08,167279.49,0.4387,持有
2019-01-11,20.01,1.36,0.3105,75118.15,93893.08,169011.24,0.4445,持有
2019-01-14,19.90,1.35,0.3055,74692.31,93893.08,168585.40,0.4431,持有
2019-01-15,20.27,1.37,0.3217,76083.39,93893.08,169976.47,0.4476,持有
2019-01-16,20.31,1.38,0.3239,76225.34,93893.08,170118.42,0.4481,持有
2019-01-17,20.02,1.36,0.3110,75146.54,93893.08,169039.63,0.4445,持有
2019-01-18,20.49,1.39,0.3328,76935.07,93893.08,170828.15,0.4504,持有
2019-01-21,20.67,1.40,0.3370,77588.02,93893.08,171481.11,0.4525,持有
2019-01-22,20.40,1.38,0.3285,76594.40,93893.08,170487.48,0.4493,持有
2019-01-23,20.54,1.39,0.3339,77105.41,93893.08,170998.49,0.4509,持有
2019-01-24,21.08,1.43,0.3475,79121.05,93893.08,173014.13,0.4573,持有
2019-01-25,21.57,1.46,0.3657,80966.35,93893.08,174859.44,0.4630,持有
2019-01-28,21.67,1.47,0.3694,81363.80,93893.08,175256.89,0.4643,持有
2019-01-29,21.66,1.47,0.3687,81307.03,93893.08,175200.11,0.4641,持有
2019-01-30,21.49,1.46,0.3619,80682.46,93893.08,174575.54,0.4622,持有
2019-01-31,22.09,1.50,0.3810,82925.22,93893.08,176818.30,0.4690,持有
2019-02-01,22.16,1.50,0.3823,83180.72,93893.08,177073.80,0.4698,持有
2019-02-11,22.23,1.51,0.3860,83436.23,93893.08,177329.31,0.4705,持有
2019-02-12,22.17,1.50,0.3829,83237.50,93893.08,177130.58,0.4699,持有
2019-02-13,22.57,1.53,0.3982,84713.74,93893.08,178606.83,0.4743,持有
2019-02-14,22.58,1.53,0.3987,84770.52,93893.08,178663.61,0.4745,持有
2019-02-15,22.04,1.50,0.3800,82754.88,93893.08,176647.96,0.4685,持有
2019-02-18,22.59,1.53,0.3996,84798.91,93893.08,178692.00,0.4746,持有
2019-02-19,22.60,1.53,0.4001,84827.30,93893.08,178720.39,0.4746,持有
2019-02-20,22.80,1.55,0.4081,85593.81,93893.08,179486.90,0.4769,持有
2019-02-21,22.75,1.54,0.4056,85395.09,93893.08,179288.17,0.4763,持有
2019-02-22,23.16,1.57,0.4266,86956.50,93893.08,180849.58,0.4808,持有
2019-02-25,24.59,1.67,0.4745,92322.08,93893.08,186215.17,0.4958,持有
2019-02-26,23.81,1.62,0.4475,89397.98,93893.08,183291.07,0.4877,持有
2019-02-27,23.98,1.63,0.4546,90022.55,93893.08,183915.63,0.4895,持有
2019-02-28,24.00,1.63,0.4559,90107.72,93893.08,184000.80,0.4897,持有
2019-03-01,24.88,1.69,0.4806,93400.88,93893.08,187293.96,0.4987,持有
2019-03-04,24.72,1.68,0.4770,92804.70,93893.08,186697.79,0.4971,持有
2019-03-05,24.46,1.66,0.4717,91839.47,93893.08,185732.55,0.4945,持有
2019-03-06,24.37,1.65,0.4695,91470.40,93893.08,185363.49,0.4935,持有
2019-03-07,23.67,1.61,0.4431,88858.59,93893.08,182751.67,0.4862,持有
2019-03-08,23.28,1.58,0.4294,87382.34,93893.08,181275.42,0.4820,持有
2019-03-11,23.09,1.57,0.4212,86672.61,93893.08,180565.69,0.4800,持有
2019-03-12,23.19,1.57,0.4269,87041.67,93893.08,180934.75,0.4811,持有
2019-03-13,23.47,1.59,0.4351,88120.46,93893.08,182013.55,0.4841,持有
2019-03-14,23.78,1.61,0.4471,89284.43,93893.08,183177.51,0.4874,持有
2019-03-15,23.95,1.62,0.4530,89908.99,93893.08,183802.07,0.4892,持有
2019-03-18,24.47,1.66,0.4734,91867.85,93893.08,185760.94,0.4945,持有
2019-03-19,24.22,1.64,0.4663,90931.01,93893.08,184824.09,0.4920,持有
2019-03-20,24.40,1.66,0.4716,91612.35,93893.08,185505.43,0.4939,持有
2019-03-21,24.18,1.64,0.4649,90789.06,93893.08,184682.14,0.4916,持有
2019-03-22,24.46,1.66,0.4731,91839.47,93893.08,185732.55,0.4945,持有
2019-03-25,23.57,1.55,0.4100,88489.53,93893.08,182382.61,0.4852,持有
2019-03-26,23.81,1.57,0.4231,89397.98,93893.08,183291.07,0.4877,持有
2019-03-27,24.50,1.61,0.4468,91981.41,93893.08,185874.50,0.4949,持有
2019-03-28,24.59,1.62,0.4501,92322.08,93893.08,186215.17,0.4958,持有
2019-03-29,25.65,1.69,0.4848,96296.59,93893.08,190189.67,0.5063,持有
2019-04-01,25.77,1.70,0.4884,96750.82,93893.08,190643.90,0.5075,持有
2019-04-02,26.08,1.72,0.4931,97914.78,93893.08,191807.86,0.5105,持有
2019-04-03,26.36,1.74,0.5013,98965.19,93893.08,192858.27,0.5131,持有
2019-04-04,26.91,1.77,0.5126,101037.61,93893.08,194930.69,0.5183,持有
2019-04-08,27.17,1.79,0.5199,102002.84,93893.08,195895.93,0.5207,持有
2019-04-09,26.64,1.76,0.5069,100015.59,93893.08,193908.67,0.5158,持有
2019-04-10,26.52,1.75,0.5036,99561.36,93893.08,193454.45,0.5147,持有
2019-04-11,26.44,1.74,0.5023,99249.08,93893.08,193142.16,0.5139,持有
2019-04-12,26.32,1.73,0.4987,98794.85,93893.08,192687.93,0.5127,持有
2019-04-15,26.33,1.74,0.4994,98851.63,93893.08,192744.71,0.5129,持有
2019-04-16,27.22,1.79,0.5216,102201.57,93893.08,196094.65,0.5212,持有
2019-04-17,27.10,1.79,0.5198,101718.95,93893.08,195612.03,0.5200,持有
2019-04-18,26.85,1.77,0.5116,100782.10,93893.08,194675.19,0.5177,持有
2019-04-19,27.22,1.79,0.5218,102201.57,93893.08,196094.65,0.5212,持有
2019-04-22,26.32,1.73,0.4979,98794.85,93893.08,192687.93,0.5127,持有
2019-04-23,26.64,1.76,0.5069,100015.59,93893.08,193908.67,0.5158,持有
2019-04-24,27.07,1.78,0.5190,101633.78,93893.08,195526.87,0.5198,持有
2019-04-25,26.79,1.77,0.5106,100583.38,93893.08,194476.46,0.5172,持有
2019-04-26,25.98,1.71,0.4893,97545.72,93893.08,191438.80,0.5095,持有
2019-04-29,26.72,1.76,0.5094,100299.48,93893.08,194192.57,0.5165,持有
2019-04-30,26.05,1.63,0.4579,97801.22,93893.08,191694.31,0.5102,持有
2019-05-06,25.64,1.61,0.4406,96268.20,93893.08,190161.28,0.5062,持有
2019-05-07,25.49,1.60,0.4353,95700.41,93893.08,189593.50,0.5048,持有
2019-05-08,25.05,1.57,0.4209,94053.83,93893.08,187946.92,0.5004,持有
2019-05-09,24.52,1.54,0.3966,92038.19,93893.08,185931.27,0.4950,持有
2019-05-10,25.42,1.59,0.4321,95416.52,93893.08,189309.60,0.5040,持有
2019-05-13,24.80,1.55,0.4078,93116.98,93893.08,187010.07,0.4979,持有
2019-05-14,24.62,1.54,0.3999,92435.64,93893.08,186328.72,0.4961,持有
2019-05-15,25.43,1.59,0.4335,95473.30,93893.08,189366.38,0.5042,持有
2019-05-16,25.46,1.60,0.4348,95586.86,93893.08,189479.94,0.5045,持有
2019-05-17,25.19,1.58,0.4261,94564.84,93893.08,188457.92,0.5018,持有
2019-05-20,25.17,1.58,0.4254,94479.67,93893.08,188372.76,0.5016,持有
2019-05-21,25.43,1.59,0.4335,95473.30,93893.08,189366.38,0.5042,持有
2019-05-22,25.36,1.59,0.4308,95189.41,93893.08,189082.49,0.5034,持有
2019-05-23,25.22,1.58,0.4270,94678.40,93893.08,188571.48,0.5021,持有
2019-05-24,25.41,1.59,0.4323,95388.13,93893.08,189281.21,0.5039,持有
2019-05-27,25.55,1.60,0.4401,95899.14,93893.08,189792.22,0.5053,持有
2019-05-28,26.00,1.63,0.4576,97602.50,93893.08,191495.58,0.5097,持有
2019-05-29,25.90,1.62,0.4515,97233.44,93893.08,191126.52,0.5087,持有
2019-05-30,25.94,1.63,0.4540,97375.38,93893.08,191268.47,0.5091,持有
2019-05-31,25.87,1.62,0.4507,97119.88,93893.08,191012.96,0.5084,持有
2019-06-03,26.01,1.63,0.4591,97659.28,93893.08,191552.36,0.5098,持有
2019-06-04,25.73,1.61,0.4451,96608.87,93893.08,190501.96,0.5071,持有
2019-06-05,25.67,1.61,0.4435,96381.76,93893.08,190274.84,0.5065,持有
2019-06-06,25.64,1.61,0.4417,96239.81,93893.08,190132.89,0.5062,持有
2019-06-10,26.27,1.65,0.4702,98624.51,93893.08,192517.60,0.5123,持有
2019-06-11,26.79,1.68,0.4814,100554.99,93893.08,194448.07,0.5171,持有
2019-06-12,26.72,1.67,0.4804,100299.48,93893.08,194192.57,0.5165,持有
2019-06-13,26.66,1.67,0.4803,100072.37,93893.08,193965.45,0.5159,持有
2019-06-14,26.73,1.68,0.4807,100356.26,93893.08,194249.35,0.5166,持有
2019-06-17,26.92,1.69,0.4848,101066.00,93893.08,194959.08,0.5184,持有
2019-06-18,27.24,1.71,0.4921,102258.35,93893.08,196151.43,0.5213,持有
2019-06-19,27.83,1.74,0.5067,104472.71,93893.08,198365.80,0.5267,持有
2019-06-20,29.02,1.82,0.5334,108958.23,93893.08,202851.31,0.5371,持有
2019-06-21,28.50,1.79,0.5250,106999.36,93893.08,200892.45,0.5326,持有
2019-06-24,28.71,1.80,0.5280,107765.88,93893.08,201658.96,0.5344,持有
2019-06-25,27.32,1.71,0.4934,102570.63,93893.08,196463.71,0.5221,持有
2019-06-26,26.82,1.68,0.4819,100696.93,93893.08,194590.02,0.5175,持有
2019-06-27,27.57,1.73,0.4987,103479.09,93893.08,197372.17,0.5243,持有
2019-06-28,27.21,1.71,0.4907,102144.79,93893.08,196037.87,0.5210,持有
2019-07-01,27.91,1.75,0.5089,104756.61,93893.08,198649.69,0.5273,持有
2019-07-02,27.62,1.73,0.5006,103677.81,93893.08,197570.90,0.5248,持有
2019-07-03,27.34,1.71,0.4934,102627.41,93893.08,196520.49,0.5222,持有
2019-07-04,27.29,1.71,0.4918,102428.68,93893.08,196321.77,0.5217,持有
2019-07-05,27.58,1.73,0.4996,103535.87,93893.08,197428.95,0.5244,持有
2019-07-08,26.89,1.69,0.4822,100952.44,93893.08,194845.52,0.5181,持有
2019-07-09,26.69,1.67,0.4782,100185.93,93893.08,194079.01,0.5162,持有
2019-07-10,26.56,1.66,0.4741,99703.31,93893.08,193596.39,0.5150,持有
2019-07-11,27.15,1.70,0.4897,101917.68,93893.08,195810.76,0.5205,持有
2019-07-12,27.49,1.68,0.4797,103200.29,93893.08,197093.38,0.5236,持有
2019-07-15,27.41,1.67,0.4782,102908.77,93893.08,196801.85,0.5229,持有
2019-07-16,27.42,1.67,0.4783,102937.92,93893.08,196831.00,0.5230,持有
2019-07-17,27.34,1.67,0.4762,102646.39,93893.08,196539.48,0.5223,持有
2019-07-18,27.43,1.67,0.4786,102967.07,93893.08,196860.16,0.5230,持有
2019-07-19,28.24,1.72,0.4985,106028.10,93893.08,199921.18,0.5303,持有
2019-07-22,28.24,1.72,0.4983,106028.10,93893.08,199921.18,0.5303,持有
2019-07-23,28.12,1.72,0.4959,105561.66,93893.08,199454.74,0.5293,持有
2019-07-24,28.29,1.73,0.4997,106203.01,93893.08,200096.10,0.5308,持有
2019-07-25,28.94,1.77,0.5181,108622.68,93893.08,202515.77,0.5364,持有
2019-07-26,28.90,1.76,0.5177,108506.07,93893.08,202399.16,0.5361,持有
2019-07-29,28.60,1.75,0.5091,107369.12,93893.08,201262.20,0.5335,持有
2019-07-30,28.55,1.74,0.5081,107194.20,93893.08,201087.29,0.5331,持有
2019-07-31,28.39,1.73,0.5035,106582.00,93893.08,200475.08,0.5316,持有
2019-08-01,28.11,1.72,0.4944,105532.50,93893.08,199425.59,0.5292,持有
2019-08-02,27.76,1.69,0.4858,104220.64,93893.08,198113.72,0.5261,持有
2019-08-05,27.34,1.67,0.4745,102646.39,93893.08,196539.48,0.5223,持有
2019-08-06,27.09,1.65,0.4673,101684.36,93893.08,195577.44,0.5199,持有
2019-08-07,26.82,1.64,0.4585,100664.02,93893.08,194557.10,0.5174,持有
2019-08-08,27.46,1.68,0.4783,103083.68,93893.08,196976.77,0.5233,持有
2019-08-09,27.17,1.66,0.4695,102005.04,93893.08,195898.12,0.5207,持有
2019-08-12,27.50,1.68,0.4797,103229.45,93893.08,197122.53,0.5237,持有
2019-08-13,27.06,1.65,0.4664,101596.90,93893.08,195489.98,0.5197,持有
2019-08-14,27.07,1.65,0.4666,101626.05,93893.08,195519.14,0.5198,持有
2019-08-15,27.08,1.65,0.4670,101655.21,93893.08,195548.29,0.5198,持有
2019-08-16,27.30,1.67,0.4733,102500.63,93893.08,196393.71,0.5219,持有
2019-08-19,27.41,1.67,0.4773,102908.77,93893.08,196801.85,0.5229,持有
2019-08-20,27.44,1.67,0.4783,102996.23,93893.08,196889.31,0.5231,持有
2019-08-21,27.53,1.68,0.4813,103346.06,93893.08,197239.14,0.5240,持有
2019-08-22,27.44,1.68,0.4786,103025.38,93893.08,196918.46,0.5232,持有
2019-08-23,28.17,1.72,0.4980,105736.57,93893.08,199629.66,0.5297,持有
2019-08-26,27.18,1.65,0.4664,102034.19,93893.08,195927.27,0.5208,持有
2019-08-27,26.99,1.64,0.4601,101305.37,93893.08,195198.46,0.5190,持有
2019-08-28,26.79,1.63,0.4513,100576.56,93893.08,194469.64,0.5172,持有
2019-08-29,26.35,1.60,0.4330,98914.86,93893.08,192807.94,0.5130,持有
2019-08-30,26.62,1.62,0.4416,99935.20,93893.08,193828.28,0.5156,持有
2019-09-02,26.67,1.62,0.4442,100110.12,93893.08,194003.20,0.5160,持有
2019-09-03,26.52,1.61,0.4385,99556.22,93893.08,193449.30,0.5146,持有
2019-09-04,27.09,1.65,0.4646,101713.51,93893.08,195606.59,0.5200,持有
2019-09-05,27.58,1.68,0.4812,103550.13,93893.08,197443.21,0.5245,持有
2019-09-06,27.87,1.70,0.4894,104628.77,93893.08,198521.86,0.5270,持有
2019-09-09,27.57,1.68,0.4804,103491.82,93893.08,197384.90,0.5243,持有
2019-09-10,27.18,1.65,0.4669,102034.19,93893.08,195927.27,0.5208,持有
2019-09-11,27.22,1.66,0.4690,102179.95,93893.08,196073.04,0.5211,持有
2019-09-12,27.41,1.67,0.4738,102879.62,93893.08,196772.70,0.5228,持有
2019-09-16,27.18,1.65,0.4665,102034.19,93893.08,195927.27,0.5208,持有
2019-09-17,27.02,1.64,0.4608,101421.98,93893.08,195315.07,0.5193,持有
2019-09-18,27.02,1.64,0.4609,101451.14,93893.08,195344.22,0.5193,持有
2019-09-19,26.80,1.63,0.4514,100605.71,93893.08,194498.79,0.5173,持有
2019-09-20,26.80,1.63,0.4512,100605.71,93893.08,194498.79,0.5173,持有
2019-09-23,26.43,1.61,0.4336,99235.54,93893.08,193128.62,0.5138,持有
2019-09-24,26.47,1.61,0.4357,99352.15,93893.08,193245.23,0.5141,持有
2019-09-25,26.68,1.62,0.4436,100139.27,93893.08,194032.35,0.5161,持有
2019-09-26,27.35,1.66,0.4729,102675.55,93893.08,196568.63,0.5223,持有
2019-09-27,27.34,1.66,0.4725,102617.24,93893.08,196510.33,0.5222,持有
2019-09-30,26.99,1.64,0.4599,101305.37,93893.08,195198.46,0.5190,持有
2019-10-08,27.03,1.64,0.4623,101480.29,93893.08,195373.37,0.5194,持有
2019-10-09,27.32,1.66,0.4724,102558.94,93893.08,196452.02,0.5221,持有
2019-10-10,27.27,1.66,0.4709,102354.87,93893.08,196247.95,0.5216,持有
2019-10-11,28.18,1.71,0.5001,105794.88,93893.08,199687.96,0.5298,持有
2019-10-14,28.60,1.74,0.5136,107369.12,93893.08,201262.20,0.5335,持有
2019-10-15,28.45,1.73,0.5082,106815.22,93893.08,200708.30,0.5322,持有
2019-10-16,28.59,1.74,0.5133,107310.81,93893.08,201203.90,0.5333,持有
2019-10-17,28.73,1.75,0.5173,107864.71,93893.08,201757.80,0.5346,持有
2019-10-18,28.10,1.71,0.4964,105474.20,93893.08,199367.28,0.5290,持有
2019-10-21,28.13,1.71,0.4976,105590.81,93893.08,199483.89,0.5293,持有
2019-10-22,28.06,1.71,0.4953,105328.44,93893.08,199221.52,0.5287,持有
2019-10-23,27.96,1.70,0.4932,104949.45,93893.08,198842.54,0.5278,持有
2019-10-24,28.34,1.72,0.5044,106407.08,93893.08,200300.17,0.5312,持有
2019-10-25,28.27,1.72,0.5023,106115.56,93893.08,200008.64,0.5306,持有
2019-10-28,28.11,1.71,0.4967,105532.50,93893.08,199425.59,0.5292,持有
2019-10-29,28.07,1.71,0.4960,105386.74,93893.08,199279.82,0.5288,持有
2019-10-30,27.50,1.67,0.4779,103229.45,93893.08,197122.53,0.5237,持有
2019-10-31,27.57,1.59,0.4193,103491.82,93893.08,197384.90,0.5243,持有
2019-11-01,28.42,1.64,0.4578,106698.61,93893.08,200591.69,0.5319,持有
2019-11-04,28.87,1.67,0.4745,108389.46,93893.08,202282.55,0.5358,持有
2019-11-05,29.25,1.69,0.4876,109788.79,93893.08,203681.87,0.5390,持有
2019-11-06,29.63,1.71,0.4982,111217.27,93893.08,205110.35,0.5422,持有
2019-11-07,29.63,1.71,0.4989,111246.42,93893.08,205139.50,0.5423,持有
2019-11-08,29.32,1.69,0.4897,110051.16,93893.08,203944.24,0.5396,持有
2019-11-11,28.97,1.67,0.4782,108768.45,93893.08,202661.53,0.5367,持有
2019-11-12,28.89,1.67,0.4745,108447.77,93893.08,202340.85,0.5360,持有
2019-11-13,28.73,1.66,0.4689,107864.71,93893.08,201757.80,0.5346,持有
2019-11-14,28.53,1.65,0.4619,107106.75,93893.08,200999.83,0.5329,持有
2019-11-15,28.60,1.65,0.4634,107369.12,93893.08,201262.20,0.5335,持有
2019-11-18,29.12,1.68,0.4853,109322.35,93893.08,203215.43,0.5380,持有
2019-11-19,29.14,1.68,0.4857,109380.65,93893.08,203273.73,0.5381,持有
2019-11-20,28.41,1.64,0.4553,106640.30,93893.08,200533.39,0.5318,持有
2019-11-21,28.30,1.63,0.4513,106232.17,93893.08,200125.25,0.5308,持有
2019-11-22,28.14,1.62,0.4411,105619.96,93893.08,199513.05,0.5294,持有
2019-11-25,28.41,1.64,0.4555,106640.30,93893.08,200533.39,0.5318,持有
2019-11-26,27.96,1.61,0.4334,104949.45,93893.08,198842.54,0.5278,持有
2019-11-27,28.46,1.64,0.4588,106844.37,93893.08,200737.46,0.5323,持有
2019-11-28,28.45,1.64,0.4581,106786.07,93893.08,200679.15,0.5321,持有
2019-11-29,27.98,1.62,0.4341,105036.91,93893.08,198929.99,0.5280,持有
2019-12-02,28.04,1.62,0.4359,105270.13,93893.08,199163.21,0.5286,持有
2019-12-03,28.31,1.64,0.4517,106290.47,93893.08,200183.56,0.5310,持有
2019-12-04,28.17,1.63,0.4437,105765.73,93893.08,199658.81,0.5297,持有
2019-12-05,28.25,1.63,0.4496,106057.25,93893.08,199950.33,0.5304,持有
2019-12-06,28.28,1.63,0.4505,106144.71,93893.08,200037.79,0.5306,持有
2019-12-09,28.17,1.63,0.4430,105736.57,93893.08,199629.66,0.5297,持有
2019-12-10,28.05,1.62,0.4363,105299.28,93893.08,199192.37,0.5286,持有
2019-12-11,28.27,1.63,0.4504,106115.56,93893.08,200008.64,0.5306,持有
2019-12-12,28.27,1.63,0.4503,106115.56,93893.08,200008.64,0.5306,持有
2019-12-13,29.12,1.68,0.4874,109322.35,93893.08,203215.43,0.5380,持有
2019-12-16,28.95,1.67,0.4802,108680.99,93893.08,202574.07,0.5365,持有
2019-12-17,29.12,1.68,0.4874,109322.35,93893.08,203215.43,0.5380,持有
2019-12-18,29.50,1.70,0.4979,110750.82,93893.08,204643.91,0.5412,持有
2019-12-19,29.33,1.69,0.4934,110109.47,93893.08,204002.55,0.5397,持有
2019-12-20,29.15,1.68,0.4887,109438.96,93893.08,203332.04,0.5382,持有
2019-12-23,29.04,1.68,0.4836,109030.82,93893.08,202923.90,0.5373,持有
2019-12-24,29.52,1.70,0.4988,110809.13,93893.08,204702.21,0.5413,持有
2019-12-25,29.35,1.69,0.4940,110167.77,93893.08,204060.86,0.5399,持有
2019-12-26,29.59,1.71,0.5012,111071.50,93893.08,204964.59,0.5419,持有
2019-12-27,29.40,1.70,0.4965,110371.84,93893.08,204264.92,0.5403,持有
2019-12-30,29.38,1.70,0.4950,110284.38,93893.08,204177.47,0.5401,持有
2019-12-31,29.18,1.69,0.4883,109555.57,93893.08,203448.65,0.5385,持有
2020-01-02,30.19,1.74,0.5220,113345.41,93893.08,207238.49,0.5469,持有
2020-01-03,30.60,1.77,0.5324,114861.34,93893.08,208754.43,0.5502,卖出(降至50%)
2020-01-06,30.47,1.76,0.5301,103973.20,104301.50,208274.71,0.4992,持有
2020-01-07,30.40,1.76,0.5278,103734.73,104301.50,208036.24,0.4986,持有
2020-01-08,29.83,1.72,0.5091,101773.97,104301.50,206075.48,0.4939,持有
2020-01-09,30.21,1.74,0.5221,103072.31,104301.50,207373.82,0.4970,持有
2020-01-10,30.32,1.75,0.5257,103443.27,104301.50,207744.77,0.4979,持有
2020-01-13,30.36,1.75,0.5269,103602.25,104301.50,207903.75,0.4983,持有
2020-01-14,30.14,1.74,0.5203,102833.84,104301.50,207135.35,0.4965,持有
2020-01-15,29.60,1.71,0.5008,101005.57,104301.50,205307.07,0.4920,持有
2020-01-16,29.48,1.70,0.4971,100581.62,104301.50,204883.12,0.4909,持有
2020-01-17,29.46,1.70,0.4962,100502.13,104301.50,204803.63,0.4907,持有
2020-01-20,29.75,1.72,0.5067,101509.01,104301.50,205810.51,0.4932,持有
2020-01-21,29.35,1.69,0.4918,100131.18,104301.50,204432.68,0.4898,持有
2020-01-22,29.37,1.70,0.4933,100210.67,104301.50,204512.17,0.4900,持有
2020-01-23,28.59,1.65,0.4620,97534.50,104301.50,201836.00,0.4832,持有
2020-02-03,27.20,1.57,0.4021,92818.08,104301.50,197119.58,0.4709,持有
2020-02-04,27.45,1.59,0.4093,93665.97,104301.50,197967.47,0.4731,持有
2020-02-05,27.46,1.59,0.4098,93692.47,104301.50,197993.97,0.4732,持有
2020-02-06,27.76,1.60,0.4227,94725.84,104301.50,199027.34,0.4759,持有
2020-02-07,27.51,1.59,0.4112,93851.45,104301.50,198152.95,0.4736,持有
2020-02-10,27.26,1.57,0.4040,93003.55,104301.50,197305.06,0.4714,持有
2020-02-11,27.62,1.60,0.4164,94248.90,104301.50,198550.40,0.4747,持有
2020-02-12,27.65,1.60,0.4179,94328.39,104301.50,198629.89,0.4749,持有
2020-02-13,27.39,1.58,0.4075,93454.00,104301.50,197755.50,0.4726,持有
2020-02-14,27.68,1.60,0.4196,94434.38,104301.50,198735.88,0.4752,持有
2020-02-17,28.09,1.62,0.4362,95838.70,104301.50,200140.21,0.4789,持有
2020-02-18,27.72,1.60,0.4218,94593.36,104301.50,198894.86,0.4756,持有
2020-02-19,27.59,1.60,0.4217,94142.91,104301.50,198444.42,0.4744,持有
2020-02-20,27.94,1.61,0.4302,95335.27,104301.50,199636.77,0.4775,持有
2020-02-21,27.68,1.60,0.4190,94434.38,104301.50,198735.88,0.4752,持有
2020-02-24,27.22,1.57,0.4010,92871.07,104301.50,197172.57,0.4710,持有
2020-02-25,26.89,1.55,0.3855,91758.21,104301.50,196059.71,0.4680,持有
2020-02-26,27.05,1.56,0.3935,92288.14,104301.50,196589.64,0.4694,持有
2020-02-27,27.35,1.58,0.4064,93321.51,104301.50,197623.02,0.4722,持有
2020-02-28,26.56,1.53,0.3739,90618.85,104301.50,194920.35,0.4649,持有
2020-03-02,26.99,1.56,0.3905,92076.17,104301.50,196377.67,0.4689,持有
2020-03-03,26.89,1.55,0.3850,91731.71,104301.50,196033.21,0.4679,持有
2020-03-04,27.01,1.56,0.3924,92155.66,104301.50,196457.16,0.4691,持有
2020-03-05,28.14,1.62,0.4404,95997.69,104301.50,200299.19,0.4793,持有
2020-03-06,27.50,1.59,0.4111,93824.95,104301.50,198126.46,0.4736,持有
2020-03-09,26.54,1.53,0.3724,90565.85,104301.50,194867.36,0.4648,持有
2020-03-10,26.93,1.56,0.3877,91890.69,104301.50,196192.19,0.4684,持有
2020-03-11,26.75,1.54,0.3795,91281.27,104301.50,195582.77,0.4667,持有
2020-03-12,26.53,1.53,0.3708,90512.86,104301.50,194814.36,0.4646,持有
2020-03-13,25.95,1.50,0.3537,88525.60,104301.50,192827.11,0.4591,持有
2020-03-16,24.59,1.42,0.3183,83915.17,104301.50,188216.68,0.4458,持有
2020-03-17,24.64,1.42,0.3201,84074.15,104301.50,188375.66,0.4463,持有
2020-03-18,23.93,1.38,0.3028,81662.95,104301.50,185964.45,0.4391,持有
2020-03-19,22.76,1.31,0.2589,77661.94,104301.50,181963.44,0.4268,持有
2020-03-20,24.10,1.39,0.3086,82245.88,104301.50,186547.38,0.4409,持有
2020-03-23,23.42,1.32,0.2617,79914.16,104301.50,184215.67,0.4338,持有
2020-03-24,24.47,1.38,0.2993,83491.22,104301.50,187792.73,0.4446,持有
2020-03-25,25.23,1.42,0.3185,86087.91,104301.50,190389.41,0.4522,持有
2020-03-26,25.41,1.43,0.3233,86697.33,104301.50,190998.83,0.4539,持有
2020-03-27,25.41,1.43,0.3232,86697.33,104301.50,190998.83,0.4539,持有
2020-03-30,25.36,1.43,0.3223,86511.85,104301.50,190813.36,0.4534,持有
2020-03-31,25.07,1.41,0.3158,85531.47,104301.50,189832.98,0.4506,持有
2020-04-01,24.95,1.40,0.3138,85134.02,104301.50,189435.53,0.4494,持有
2020-04-02,25.11,1.41,0.3170,85690.45,104301.50,189991.96,0.4510,持有
2020-04-03,24.97,1.40,0.3139,85187.02,104301.50,189488.52,0.4496,持有
2020-04-07,25.25,1.42,0.3208,86167.40,104301.50,190468.90,0.4524,持有
2020-04-08,25.02,1.41,0.3151,85372.49,104301.50,189674.00,0.4501,持有
2020-04-09,25.08,1.41,0.3172,85584.47,104301.50,189885.97,0.4507,持有
2020-04-10,24.93,1.40,0.3128,85054.53,104301.50,189356.03,0.4492,持有
2020-04-13,24.80,1.40,0.3108,84604.09,104301.50,188905.59,0.4479,持有
2020-04-14,25.40,1.43,0.3249,86670.83,104301.50,190972.34,0.4538,持有
2020-04-15,25.18,1.42,0.3184,85902.43,104301.50,190203.93,0.4516,持有
2020-04-16,24.93,1.40,0.3127,85054.53,104301.50,189356.03,0.4492,持有
2020-04-17,25.52,1.44,0.3303,87068.28,104301.50,191369.79,0.4550,持有
2020-04-20,25.55,1.44,0.3318,87174.27,104301.50,191475.77,0.4553,持有
2020-04-21,25.36,1.43,0.3240,86511.85,104301.50,190813.36,0.4534,持有
2020-04-22,25.42,1.43,0.3263,86723.83,104301.50,191025.33,0.4540,持有
2020-04-23,25.39,1.43,0.3246,86617.84,104301.50,190919.34,0.4537,持有
2020-04-24,25.25,1.42,0.3205,86140.90,104301.50,190442.40,0.4523,持有
2020-04-27,26.08,1.47,0.3458,88976.05,104301.50,193277.55,0.4604,持有
2020-04-28,26.29,1.48,0.3521,89717.96,104301.50,194019.46,0.4624,持有
2020-04-29,27.20,1.53,0.3745,92791.58,104301.50,197093.08,0.4708,持有
2020-04-30,27.25,1.46,0.3391,92977.06,104301.50,197278.56,0.4713,持有
2020-05-06,26.89,1.44,0.3313,91758.21,104301.50,196059.71,0.4680,持有
2020-05-07,26.75,1.43,0.3248,91281.27,104301.50,195582.77,0.4667,持有
2020-05-08,27.16,1.45,0.3370,92659.10,104301.50,196960.60,0.4704,持有
2020-05-11,27.15,1.45,0.3366,92632.60,104301.50,196934.10,0.4704,持有
2020-05-12,26.86,1.43,0.3301,91652.22,104301.50,195953.72,0.4677,持有
2020-05-13,26.82,1.43,0.3282,91519.74,104301.50,195821.24,0.4674,持有
2020-05-14,26.35,1.41,0.3140,89903.44,104301.50,194204.94,0.4629,持有
2020-05-15,26.29,1.40,0.3125,89691.46,104301.50,193992.96,0.4623,持有
2020-05-18,26.25,1.40,0.3106,89558.98,104301.50,193860.48,0.4620,持有
2020-05-19,26.61,1.42,0.3220,90804.32,104301.50,195105.83,0.4654,持有
2020-05-20,26.93,1.44,0.3339,91890.69,104301.50,196192.19,0.4684,持有
2020-05-21,26.97,1.44,0.3340,92023.17,104301.50,196324.68,0.4687,持有
2020-05-22,26.12,1.40,0.3089,89108.53,104301.50,193410.04,0.4607,持有
2020-05-25,25.70,1.37,0.2937,87677.71,104301.50,191979.21,0.4567,持有
2020-05-26,25.96,1.39,0.3040,88578.60,104301.50,192880.10,0.4592,持有
2020-05-27,25.96,1.39,0.3039,88578.60,104301.50,192880.10,0.4592,持有
2020-05-28,26.57,1.42,0.3198,90671.84,104301.50,194973.34,0.4650,持有
2020-05-29,26.26,1.40,0.3123,89611.97,104301.50,193913.47,0.4621,持有
2020-06-01,27.04,1.44,0.3371,92261.65,104301.50,196563.15,0.4694,持有
2020-06-02,27.21,1.45,0.3421,92844.57,104301.50,197146.08,0.4709,持有
2020-06-03,27.35,1.46,0.3460,93321.51,104301.50,197623.02,0.4722,持有
2020-06-04,27.30,1.46,0.3446,93136.04,104301.50,197437.54,0.4717,持有
2020-06-05,27.37,1.46,0.3469,93374.51,104301.50,197676.01,0.4724,持有
2020-06-08,27.70,1.48,0.3563,94513.87,104301.50,198815.37,0.4754,持有
2020-06-09,27.59,1.47,0.3531,94142.91,104301.50,198444.42,0.4744,持有
2020-06-10,27.44,1.47,0.3490,93639.48,104301.50,197940.98,0.4731,持有
2020-06-11,26.77,1.43,0.3269,91334.26,104301.50,195635.76,0.4669,持有
2020-06-12,26.79,1.43,0.3279,91413.75,104301.50,195715.25,0.4671,持有
2020-06-15,26.07,1.39,0.3058,88949.55,104301.50,193251.06,0.4603,持有
2020-06-16,26.51,1.42,0.3176,90459.87,104301.50,194761.37,0.4645,持有
2020-06-17,26.56,1.42,0.3186,90618.85,104301.50,194920.35,0.4649,持有
2020-06-18,26.32,1.41,0.3132,89797.45,104301.50,194098.95,0.4626,持有
2020-06-19,26.29,1.40,0.3126,89717.96,104301.50,194019.46,0.4624,持有
2020-06-22,26.02,1.39,0.3046,88764.08,104301.50,193065.58,0.4598,持有
2020-06-23,25.90,1.38,0.2995,88366.62,104301.50,192668.13,0.4586,持有
2020-06-24,26.33,1.41,0.3139,89823.95,104301.50,194125.45,0.4627,持有
2020-06-29,26.12,1.40,0.3088,89135.03,104301.50,193436.53,0.4608,持有
2020-06-30,26.19,1.40,0.3098,89347.00,104301.50,193648.51,0.4614,持有
2020-07-01,27.02,1.44,0.3377,92182.15,104301.50,196483.66,0.4692,持有
2020-07-02,27.41,1.46,0.3503,93533.49,104301.50,197834.99,0.4728,持有
2020-07-03,28.53,1.52,0.3790,97349.02,104301.50,201650.52,0.4828,持有
2020-07-06,31.38,1.68,0.4943,107073.32,104301.50,211374.82,0.5066,持有
2020-07-07,31.89,1.70,0.5116,108795.61,104301.50,213097.11,0.5105,卖出(降至50%)
2020-07-08,31.45,1.68,0.4970,105110.20,106524.84,211635.04,0.4967,持有
2020-07-09,30.99,1.66,0.4799,103578.97,106524.84,210103.80,0.4930,持有
2020-07-10,29.82,1.55,0.3920,99672.39,106524.84,206197.23,0.4834,持有
2020-07-13,29.86,1.55,0.3940,99806.18,106524.84,206331.02,0.4837,持有
2020-07-14,29.23,1.51,0.3746,97692.32,106524.84,204217.16,0.4784,持有
2020-07-15,28.71,1.49,0.3632,95953.07,106524.84,202477.91,0.4739,持有
2020-07-16,28.50,1.48,0.3565,95257.37,106524.84,201782.21,0.4721,持有
2020-07-17,28.89,1.50,0.3654,96541.74,106524.84,203066.58,0.4754,持有
2020-07-20,29.84,1.55,0.3935,99725.91,106524.84,206250.75,0.4835,持有
2020-07-21,29.50,1.53,0.3805,98575.33,106524.84,205100.17,0.4806,持有
2020-07-22,29.18,1.51,0.3735,97505.02,106524.84,204029.86,0.4779,持有
2020-07-23,28.50,1.48,0.3561,95257.37,106524.84,201782.21,0.4721,持有
2020-07-24,27.70,1.44,0.3323,92581.61,106524.84,199106.44,0.4650,持有
2020-07-27,27.42,1.42,0.3214,91645.09,106524.84,198169.92,0.4625,持有
2020-07-28,27.69,1.43,0.3318,92528.09,106524.84,199052.93,0.4648,持有
2020-07-29,28.08,1.45,0.3433,93839.22,106524.84,200364.05,0.4683,持有
2020-07-30,27.67,1.43,0.3309,92474.58,106524.84,198999.41,0.4647,持有
2020-07-31,27.86,1.44,0.3376,93116.76,106524.84,199641.60,0.4664,持有
2020-08-03,28.02,1.45,0.3423,93651.91,106524.84,200176.75,0.4678,持有
2020-08-04,29.37,1.52,0.3792,98147.21,106524.84,204672.04,0.4795,持有
2020-08-05,29.06,1.51,0.3699,97130.41,106524.84,203655.25,0.4769,持有
2020-08-06,29.64,1.54,0.3890,99056.97,106524.84,205581.80,0.4818,持有
2020-08-07,29.31,1.52,0.3776,97959.90,106524.84,204484.74,0.4791,持有
2020-08-10,29.62,1.53,0.3888,99003.45,106524.84,205528.29,0.4817,持有
2020-08-11,30.06,1.56,0.4052,100448.37,106524.84,206973.20,0.4853,持有
2020-08-12,30.26,1.57,0.4135,101117.31,106524.84,207642.15,0.4870,持有
2020-08-13,29.89,1.55,0.3976,99886.46,106524.84,206411.29,0.4839,持有
2020-08-14,30.42,1.58,0.4206,101679.22,106524.84,208204.06,0.4884,持有
2020-08-17,31.27,1.62,0.4511,104488.78,106524.84,211013.61,0.4952,持有
2020-08-18,31.11,1.61,0.4450,103953.62,106524.84,210478.46,0.4939,持有
2020-08-19,30.70,1.59,0.4292,102615.74,106524.84,209140.58,0.4907,持有
2020-08-20,30.04,1.56,0.4042,100394.85,106524.84,206919.69,0.4852,持有
2020-08-21,30.24,1.57,0.4122,101063.79,106524.84,207588.63,0.4868,持有
2020-08-24,30.02,1.56,0.4027,100341.34,106524.84,206866.17,0.4851,持有
2020-08-25,30.09,1.56,0.4073,100555.40,106524.84,207080.23,0.4856,持有
2020-08-26,29.81,1.54,0.3925,99618.88,106524.84,206143.72,0.4832,持有
2020-08-27,29.54,1.53,0.3833,98735.87,106524.84,205260.71,0.4810,持有
2020-08-28,30.78,1.59,0.4334,102883.32,106524.84,209408.15,0.4913,持有
2020-08-31,30.18,1.59,0.4278,100849.73,106524.84,207374.57,0.4863,持有
2020-09-01,29.96,1.58,0.4214,100127.27,106524.84,206652.11,0.4845,持有
2020-09-02,29.78,1.57,0.4139,99538.61,106524.84,206063.44,0.4830,持有
2020-09-03,29.61,1.56,0.4057,98949.94,106524.84,205474.77,0.4816,持有
2020-09-04,29.46,1.55,0.3983,98468.30,106524.84,204993.13,0.4803,持有
2020-09-07,29.46,1.55,0.3982,98441.54,106524.84,204966.38,0.4803,持有
2020-09-08,30.10,1.58,0.4260,100582.16,106524.84,207106.99,0.4857,持有
2020-09-09,30.10,1.58,0.4262,100608.91,106524.84,207133.75,0.4857,持有
2020-09-10,30.18,1.59,0.4295,100876.49,106524.84,207401.33,0.4864,持有
2020-09-11,29.82,1.57,0.4155,99645.64,106524.84,206170.47,0.4833,持有
2020-09-14,29.90,1.57,0.4201,99939.97,106524.84,206464.81,0.4841,持有
2020-09-15,30.34,1.60,0.4375,101411.64,106524.84,207936.48,0.4877,持有
2020-09-16,30.47,1.60,0.4433,101839.77,106524.84,208364.60,0.4888,持有
2020-09-17,30.32,1.60,0.4354,101331.37,106524.84,207856.21,0.4875,持有
2020-09-18,31.22,1.64,0.4775,104328.23,106524.84,210853.07,0.4948,持有
2020-09-21,30.91,1.63,0.4615,103284.68,106524.84,209809.52,0.4923,持有
2020-09-22,30.33,1.60,0.4359,101358.13,106524.84,207882.96,0.4876,持有
2020-09-23,30.02,1.58,0.4238,100341.34,106524.84,206866.17,0.4851,持有
2020-09-24,29.67,1.56,0.4083,99164.00,106524.84,205688.83,0.4821,持有
2020-09-25,29.77,1.57,0.4119,99485.09,106524.84,206009.93,0.4829,持有
2020-09-28,29.82,1.57,0.4154,99672.39,106524.84,206197.23,0.4834,持有
2020-09-29,29.07,1.53,0.3802,97157.17,106524.84,203682.01,0.4770,持有
2020-09-30,28.82,1.52,0.3733,96327.68,106524.84,202852.52,0.4749,持有
2020-10-09,28.97,1.52,0.3777,96809.32,106524.84,203334.16,0.4761,持有
2020-10-12,30.07,1.58,0.4264,100501.88,106524.84,207026.72,0.4855,持有
2020-10-13,30.26,1.59,0.4328,101117.31,106524.84,207642.15,0.4870,持有
2020-10-14,30.46,1.60,0.4446,101813.01,106524.84,208337.85,0.4887,持有
2020-10-15,31.23,1.64,0.4800,104381.75,106524.84,210906.58,0.4949,持有
2020-10-16,31.85,1.68,0.5030,106442.09,106524.84,212966.93,0.4998,持有
2020-10-19,32.02,1.69,0.5091,107004.00,106524.84,213528.84,0.5011,持有
2020-10-20,32.00,1.68,0.5089,106950.49,106524.84,213475.32,0.5010,持有
2020-10-21,32.67,1.72,0.5298,109171.37,106524.84,215696.21,0.5061,持有
2020-10-22,32.98,1.74,0.5400,110214.92,106524.84,216739.76,0.5085,持有
2020-10-23,33.00,1.74,0.5412,110295.20,106524.84,216820.03,0.5087,持有
2020-10-26,32.52,1.71,0.5258,108689.74,106524.84,215214.57,0.5050,持有
2020-10-27,32.39,1.70,0.5205,108234.85,106524.84,214759.69,0.5040,持有
2020-10-28,32.11,1.69,0.5113,107298.34,106524.84,213823.17,0.5018,持有
2020-10-29,32.18,1.69,0.5135,107539.15,106524.84,214063.99,0.5024,持有
2020-10-30,31.87,1.68,0.5032,106522.36,106524.84,213047.20,0.5000,持有
2020-11-02,32.23,1.64,0.4736,107699.70,106524.84,214224.54,0.5027,持有
2020-11-03,33.02,1.68,0.5045,110348.71,106524.84,216873.55,0.5088,持有
2020-11-04,34.37,1.75,0.5478,114870.76,106524.84,221395.60,0.5188,持有
2020-11-05,34.26,1.74,0.5446,114496.15,106524.84,221020.99,0.5180,持有
2020-11-06,34.01,1.73,0.5370,113666.67,106524.84,220191.50,0.5162,持有
2020-11-09,34.45,1.75,0.5508,115138.34,106524.84,221663.18,0.5194,持有
2020-11-10,35.00,1.78,0.5630,116984.62,106524.84,223509.46,0.5234,持有
2020-11-11,35.51,1.81,0.5719,118670.35,106524.84,225195.19,0.5270,持有
2020-11-12,34.89,1.77,0.5594,116610.01,106524.84,223134.85,0.5226,持有
2020-11-13,34.09,1.73,0.5386,113934.24,106524.84,220459.08,0.5168,持有
2020-11-16,34.43,1.75,0.5493,115058.07,106524.84,221582.90,0.5193,持有
2020-11-17,35.10,1.79,0.5659,117305.71,106524.84,223830.55,0.5241,持有
2020-11-18,35.83,1.82,0.5758,119740.66,106524.84,226265.50,0.5292,持有
2020-11-19,35.93,1.83,0.5764,120061.75,106524.84,226586.59,0.5299,持有
2020-11-20,36.07,1.83,0.5778,120543.39,106524.84,227068.23,0.5309,持有
2020-11-23,36.35,1.85,0.5792,121479.91,106524.84,228004.75,0.5328,持有
2020-11-24,35.93,1.83,0.5760,120061.75,106524.84,226586.59,0.5299,持有
2020-11-25,35.57,1.81,0.5722,118884.41,106524.84,225409.25,0.5274,持有
2020-11-26,36.10,1.84,0.5783,120650.42,106524.84,227175.26,0.5311,持有
2020-11-27,36.71,1.87,0.5815,122684.01,106524.84,229208.84,0.5352,持有
2020-11-30,35.39,1.80,0.5687,118268.99,106524.84,224793.82,0.5261,持有
2020-12-01,36.99,1.88,0.5822,123620.53,106524.84,230145.36,0.5371,持有
2020-12-02,37.47,1.91,0.5828,125225.99,106524.84,231750.82,0.5403,持有
2020-12-03,37.22,1.89,0.5822,124396.50,106524.84,230921.34,0.5387,持有
2020-12-04,36.65,1.86,0.5802,122496.70,106524.84,229021.54,0.5349,持有
2020-12-07,35.56,1.81,0.5713,118857.66,106524.84,225382.49,0.5274,持有
2020-12-08,35.44,1.80,0.5689,118429.53,106524.84,224954.37,0.5265,持有
2020-12-09,35.42,1.80,0.5687,118376.02,106524.84,224900.86,0.5263,持有
2020-12-10,35.45,1.80,0.5691,118483.05,106524.84,225007.89,0.5266,持有
2020-12-11,34.17,1.74,0.5397,114201.82,106524.84,220726.66,0.5174,持有
2020-12-14,35.52,1.81,0.5714,118723.87,106524.84,225248.71,0.5271,持有
2020-12-15,35.51,1.81,0.5707,118670.35,106524.84,225195.19,0.5270,持有
2020-12-16,35.28,1.79,0.5659,117894.38,106524.84,224419.22,0.5253,持有
2020-12-17,35.27,1.79,0.5653,117867.62,106524.84,224392.46,0.5253,持有
2020-12-18,34.51,1.76,0.5485,115325.64,106524.84,221850.48,0.5198,持有
2020-12-21,34.34,1.75,0.5429,114763.73,106524.84,221288.57,0.5186,持有
2020-12-22,33.56,1.71,0.5177,112141.48,106524.84,218666.31,0.5128,持有
2020-12-23,33.88,1.72,0.5281,113238.54,106524.84,219763.38,0.5153,持有
2020-12-24,34.08,1.73,0.5351,113907.48,106524.84,220432.32,0.5167,持有
2020-12-25,34.20,1.74,0.5398,114308.85,106524.84,220833.69,0.5176,持有
2020-12-28,34.46,1.75,0.5481,115165.10,106524.84,221689.93,0.5195,持有
2020-12-29,34.29,1.74,0.5418,114603.18,106524.84,221128.02,0.5183,持有
2020-12-30,34.47,1.75,0.5484,115191.85,106524.84,221716.69,0.5195,持有
2020-12-31,35.19,1.79,0.5651,117600.05,106524.84,224124.88,0.5247,持有
2021-01-04,34.56,1.76,0.5519,115512.95,106524.84,222037.78,0.5202,持有
2021-01-05,33.77,1.72,0.5242,112863.93,106524.84,219388.77,0.5144,持有
2021-01-06,35.35,1.80,0.5677,118135.20,106524.84,224660.04,0.5258,持有
2021-01-07,36.75,1.87,0.5840,122817.80,106524.84,229342.63,0.5355,持有
2021-01-08,37.31,1.90,0.5848,124690.83,106524.84,231215.67,0.5393,持有
2021-01-11,38.77,1.97,0.5923,129560.73,106524.84,236085.57,0.5488,持有
2021-01-12,39.79,2.02,0.5968,132985.72,106524.84,239510.55,0.5552,卖出(降至50%)
2021-01-13,39.55,2.01,0.5959,119051.70,119632.20,238683.90,0.4988,持有
2021-01-14,39.27,2.00,0.5939,118208.22,119632.20,237840.42,0.4970,持有
2021-01-15,40.95,2.08,0.6053,123245.02,119632.20,242877.22,0.5074,持有
2021-01-18,41.57,2.11,0.6097,125124.79,119632.20,244756.98,0.5112,持有
2021-01-19,41.51,2.11,0.6095,124956.09,119632.20,244588.29,0.5109,持有
2021-01-20,41.41,2.11,0.6084,124642.79,119632.20,244274.99,0.5103,持有
2021-01-21,42.15,2.14,0.6184,126859.95,119632.20,246492.15,0.5147,持有
2021-01-22,41.35,2.10,0.6078,124450.00,119632.20,244082.20,0.5099,持有
2021-01-25,41.72,2.12,0.6122,125582.68,119632.20,245214.87,0.5121,持有
2021-01-26,41.15,2.09,0.6062,123871.61,119632.20,243503.81,0.5087,持有
2021-01-27,41.63,2.12,0.6112,125317.58,119632.20,244949.78,0.5116,持有
2021-01-28,41.32,2.10,0.6064,124377.70,119632.20,244009.90,0.5097,持有
2021-01-29,40.91,2.08,0.6037,123148.62,119632.20,242780.82,0.5072,持有
2021-02-01,41.95,2.13,0.6163,126281.56,119632.20,245913.76,0.5135,持有
2021-02-02,41.61,2.12,0.6110,125245.28,119632.20,244877.48,0.5115,持有
2021-02-03,42.47,2.16,0.6236,127848.03,119632.20,247480.23,0.5166,持有
2021-02-04,42.83,2.18,0.6260,128932.51,119632.20,248564.71,0.5187,持有
2021-02-05,43.83,2.23,0.6335,131920.85,119632.20,251553.05,0.5244,持有
2021-02-08,44.24,2.25,0.6351,133174.03,119632.20,252806.23,0.5268,持有
2021-02-09,44.24,2.25,0.6349,133174.03,119632.20,252806.23,0.5268,持有
2021-02-10,43.68,2.22,0.6317,131462.96,119632.20,251095.16,0.5236,持有
2021-02-18,44.59,2.27,0.6369,134210.31,119632.20,253842.51,0.5287,持有
2021-02-19,44.20,2.25,0.6347,133029.43,119632.20,252661.63,0.5265,持有
2021-02-22,43.40,2.21,0.6292,130619.48,119632.20,250251.68,0.5220,持有
2021-02-23,44.48,2.26,0.6359,133872.92,119632.20,253505.11,0.5281,持有
2021-02-24,42.91,2.18,0.6256,129173.51,119632.20,248805.70,0.5192,持有
2021-02-25,43.60,2.22,0.6307,131221.97,119632.20,250854.17,0.5231,持有
2021-02-26,40.91,2.08,0.6014,123148.62,119632.20,242780.82,0.5072,持有
2021-03-01,40.34,2.05,0.5954,121437.56,119632.20,241069.75,0.5037,持有
2021-03-02,39.67,2.02,0.5920,119413.20,119632.20,239045.39,0.4995,持有
2021-03-03,42.25,2.15,0.6187,127173.25,119632.20,246805.44,0.5153,持有
2021-03-04,41.95,2.13,0.6145,126281.56,119632.20,245913.76,0.5135,持有
2021-03-05,41.15,2.09,0.6037,123871.61,119632.20,243503.81,0.5087,持有
2021-03-08,39.98,2.03,0.5934,120328.98,119632.20,239961.18,0.5015,持有
2021-03-09,38.83,1.98,0.5872,116882.74,119632.20,236514.94,0.4942,持有
2021-03-10,39.43,2.01,0.5906,118690.21,119632.20,238322.41,0.4980,持有
2021-03-11,41.61,2.12,0.6094,125245.28,119632.20,244877.48,0.5115,持有
2021-03-12,42.69,2.17,0.6239,128498.72,119632.20,248130.92,0.5179,持有
2021-03-15,42.52,2.16,0.6230,127992.63,119632.20,247624.83,0.5169,持有
2021-03-16,43.49,2.21,0.6307,130908.67,119632.20,250540.87,0.5225,持有
2021-03-17,42.75,2.17,0.6245,128691.52,119632.20,248323.71,0.5182,持有
2021-03-18,43.43,2.21,0.6301,130715.88,119632.20,250348.07,0.5221,持有
2021-03-19,41.44,2.11,0.6062,124739.19,119632.20,244371.39,0.5104,持有
2021-03-22,43.06,2.12,0.6101,129607.30,119632.20,249239.50,0.5200,持有
2021-03-23,42.82,2.11,0.6062,128884.31,119632.20,248516.51,0.5186,持有
2021-03-24,41.79,2.06,0.5962,125799.57,119632.20,245431.77,0.5126,持有
2021-03-25,40.84,2.01,0.5897,122931.73,119632.20,242563.93,0.5068,持有
2021-03-26,41.31,2.03,0.5923,124353.60,119632.20,243985.80,0.5097,持有
2021-03-29,40.79,2.01,0.5892,122763.03,119632.20,242395.23,0.5065,持有
2021-03-30,41.28,2.03,0.5920,124257.20,119632.20,243889.40,0.5095,持有
2021-03-31,40.91,2.01,0.5899,123148.62,119632.20,242780.82,0.5072,持有
2021-04-01,40.87,2.01,0.5897,123028.13,119632.20,242660.32,0.5070,持有
2021-04-02,40.79,2.01,0.5888,122787.13,119632.20,242419.33,0.5065,持有
2021-04-06,40.83,2.01,0.5892,122883.53,119632.20,242515.73,0.5067,持有
2021-04-07,40.38,1.99,0.5855,121533.95,119632.20,241166.15,0.5039,持有
2021-04-08,40.43,1.99,0.5861,121702.65,119632.20,241334.85,0.5043,持有
2021-04-09,40.23,1.98,0.5844,121100.16,119632.20,240732.36,0.5030,持有
2021-04-12,40.40,1.99,0.5858,121606.25,119632.20,241238.45,0.5041,持有
2021-04-13,40.29,1.98,0.5847,121268.86,119632.20,240901.06,0.5034,持有
2021-04-14,39.79,1.96,0.5820,119774.69,119632.20,239406.89,0.5003,持有
2021-04-15,39.58,1.95,0.5798,119148.10,119632.20,238780.30,0.4990,持有
2021-04-16,39.82,1.96,0.5825,119871.09,119632.20,239503.28,0.5005,持有
2021-04-19,41.45,2.04,0.5944,124763.29,119632.20,244395.49,0.5105,持有
2021-04-20,41.63,2.05,0.5955,125293.48,119632.20,244925.68,0.5116,持有
2021-04-21,42.35,2.09,0.6031,127462.44,119632.20,247094.64,0.5158,持有
2021-04-22,42.12,2.07,0.6012,126787.65,119632.20,246419.85,0.5145,持有
2021-04-23,42.67,2.10,0.6053,128450.52,119632.20,248082.72,0.5178,持有
2021-04-26,41.69,1.96,0.5803,125486.28,119632.20,245118.48,0.5119,持有
2021-04-27,41.69,1.96,0.5802,125486.28,119632.20,245118.48,0.5119,持有
2021-04-28,41.44,1.95,0.5783,124739.19,119632.20,244371.39,0.5104,持有
2021-04-29,42.66,2.00,0.5877,128402.32,119632.20,248034.52,0.5177,持有
2021-04-30,42.19,1.98,0.5838,127004.55,119632.20,246636.75,0.5149,持有
2021-05-06,42.97,2.02,0.5909,129342.20,119632.20,248974.40,0.5195,持有
2021-05-07,43.38,2.04,0.5937,130571.28,119632.20,250203.48,0.5219,持有
2021-05-10,43.15,2.03,0.5921,129896.49,119632.20,249528.69,0.5206,持有
2021-05-11,43.11,2.02,0.5914,129751.90,119632.20,249384.09,0.5203,持有
2021-05-12,42.99,2.02,0.5905,129390.40,119632.20,249022.60,0.5196,持有
2021-05-13,42.59,2.00,0.5869,128209.53,119632.20,247841.72,0.5173,持有
2021-05-14,44.02,2.07,0.6010,132499.24,119632.20,252131.44,0.5255,持有
2021-05-17,44.56,2.09,0.6056,134113.91,119632.20,253746.11,0.5285,持有
2021-05-18,44.80,2.10,0.6080,134836.90,119632.20,254469.10,0.5299,持有
2021-05-19,43.88,2.06,0.5985,132065.45,119632.20,251697.65,0.5247,持有
2021-05-20,44.41,2.08,0.6039,133680.12,119632.20,253312.32,0.5277,持有
2021-05-21,43.32,2.03,0.5930,130402.58,119632.20,250034.78,0.5215,持有
2021-05-24,43.30,2.03,0.5924,130330.28,119632.20,249962.48,0.5214,持有
2021-05-25,46.08,2.16,0.6264,138692.82,119632.20,258325.02,0.5369,持有
2021-05-26,46.84,2.20,0.6330,140982.28,119632.20,260614.48,0.5410,持有
2021-05-27,46.40,2.18,0.6291,139656.80,119632.20,259289.00,0.5386,持有
2021-05-28,46.84,2.20,0.6330,140982.28,119632.20,260614.48,0.5410,持有
2021-05-31,46.59,2.19,0.6313,140235.19,119632.20,259867.39,0.5396,持有
2021-06-01,45.93,2.16,0.6242,138234.93,119632.20,257867.13,0.5361,持有
2021-06-02,46.10,2.16,0.6262,138765.12,119632.20,258397.32,0.5370,持有
2021-06-03,45.06,2.12,0.6104,135632.18,119632.20,255264.38,0.5313,持有
2021-06-04,46.06,2.16,0.6257,138644.62,119632.20,258276.82,0.5368,持有
2021-06-07,45.64,2.14,0.6200,137367.35,119632.20,256999.55,0.5345,持有
2021-06-08,45.40,2.13,0.6164,136644.36,119632.20,256276.56,0.5332,持有
2021-06-09,45.21,2.12,0.6133,136090.07,119632.20,255722.27,0.5322,持有
2021-06-10,45.12,2.12,0.6116,135800.88,119632.20,255433.08,0.5316,持有
2021-06-11,45.10,2.12,0.6112,135752.68,119632.20,255384.88,0.5316,持有
2021-06-15,43.88,2.06,0.5964,132065.45,119632.20,251697.65,0.5247,持有
2021-06-16,44.52,2.09,0.6029,133993.41,119632.20,253625.61,0.5283,持有
2021-06-17,44.13,2.07,0.5998,132836.64,119632.20,252468.83,0.5262,持有
2021-06-18,43.79,2.06,0.5944,131800.36,119632.20,251432.55,0.5242,持有
2021-06-21,42.99,2.02,0.5868,129390.40,119632.20,249022.60,0.5196,持有
2021-06-22,44.40,2.08,0.6021,133656.02,119632.20,253288.22,0.5277,持有
2021-06-23,43.89,2.06,0.5965,132113.65,119632.20,251745.85,0.5248,持有
2021-06-24,44.04,2.07,0.5991,132547.44,119632.20,252179.64,0.5256,持有
2021-06-25,45.16,2.12,0.6128,135921.38,119632.20,255553.57,0.5319,持有
2021-06-28,43.80,2.06,0.5948,131824.46,119632.20,251456.65,0.5242,持有
2021-06-29,43.07,2.02,0.5869,129655.50,119632.20,249287.70,0.5201,持有
2021-06-30,43.39,2.04,0.5905,130595.38,119632.20,250227.58,0.5219,持有
2021-07-01,44.84,2.10,0.6075,134957.40,119632.20,254589.59,0.5301,持有
2021-07-02,42.47,1.99,0.5808,127848.03,119632.20,247480.23,0.5166,持有
2021-07-05,42.39,1.99,0.5799,127582.94,119632.20,247215.14,0.5161,持有
2021-07-06,42.87,2.01,0.5850,129028.91,119632.20,248661.11,0.5189,持有
2021-07-07,42.78,2.01,0.5833,128763.81,119632.20,248396.01,0.5184,持有
2021-07-08,40.31,1.89,0.5673,121341.16,119632.20,240973.36,0.5035,持有
2021-07-09,39.95,1.88,0.5669,120256.68,119632.20,239888.88,0.5013,持有
2021-07-12,40.35,1.89,0.5678,121461.66,119632.20,241093.85,0.5038,持有
2021-07-13,41.03,1.88,0.5669,123488.02,119632.20,243120.22,0.5079,持有
2021-07-14,40.19,1.84,0.5630,120967.35,119632.20,240599.55,0.5028,持有
2021-07-15,41.91,1.92,0.5696,126156.96,119632.20,245789.16,0.5133,持有
2021-07-16,41.87,1.92,0.5694,126033.40,119632.20,245665.60,0.5130,持有
2021-07-19,41.73,1.91,0.5693,125613.29,119632.20,245245.48,0.5122,持有
2021-07-20,40.98,1.88,0.5664,123339.74,119632.20,242971.94,0.5076,持有
2021-07-21,40.80,1.87,0.5653,122820.78,119632.20,242452.98,0.5066,持有
2021-07-22,41.26,1.89,0.5672,124179.97,119632.20,243812.16,0.5093,持有
2021-07-23,41.09,1.88,0.5668,123685.72,119632.20,243317.92,0.5083,持有
2021-07-26,39.16,1.79,0.5476,117878.30,119632.20,237510.49,0.4963,持有
2021-07-27,37.91,1.74,0.5180,114097.29,119632.20,233729.49,0.4882,持有
2021-07-28,38.97,1.78,0.5444,117309.91,119632.20,236942.11,0.4951,持有
2021-07-29,39.37,1.80,0.5519,118496.11,119632.20,238128.30,0.4976,持有
2021-07-30,38.18,1.75,0.5256,114912.80,119632.20,234545.00,0.4899,持有
2021-08-02,39.17,1.79,0.5479,117903.01,119632.20,237535.21,0.4964,持有
2021-08-03,39.07,1.79,0.5465,117606.46,119632.20,237238.66,0.4957,持有
2021-08-04,38.59,1.77,0.5358,116148.43,119632.20,235780.62,0.4926,持有
2021-08-05,38.38,1.76,0.5320,115530.62,119632.20,235162.81,0.4913,持有
2021-08-06,39.07,1.79,0.5466,117606.46,119632.20,237238.66,0.4957,持有
2021-08-09,40.28,1.84,0.5635,121239.19,119632.20,240871.38,0.5033,持有
2021-08-10,41.22,1.89,0.5683,124081.12,119632.20,243713.31,0.5091,持有
2021-08-11,41.79,1.91,0.5711,125786.27,119632.20,245418.47,0.5125,持有
2021-08-12,41.61,1.90,0.5700,125242.60,119632.20,244874.80,0.5115,持有
2021-08-13,42.02,1.92,0.5718,126478.22,119632.20,246110.42,0.5139,持有
2021-08-16,41.76,1.91,0.5709,125712.14,119632.20,245344.33,0.5124,持有
2021-08-17,40.74,1.87,0.5646,122623.08,119632.20,242255.28,0.5062,持有
2021-08-18,43.63,2.00,0.5842,131321.86,119632.20,250954.06,0.5233,持有
2021-08-19,42.35,1.94,0.5742,127466.72,119632.20,247098.92,0.5159,持有
2021-08-20,41.90,1.92,0.5714,126107.54,119632.20,245739.73,0.5132,持有
2021-08-23,42.60,1.95,0.5756,128232.80,119632.20,247865.00,0.5173,持有
2021-08-24,42.86,1.96,0.5789,128998.89,119632.20,248631.09,0.5188,持有
2021-08-25,42.22,1.93,0.5731,127096.03,119632.20,246728.23,0.5151,持有
2021-08-26,40.72,1.86,0.5634,122573.66,119632.20,242205.86,0.5061,持有
2021-08-27,41.34,1.89,0.5677,124427.09,119632.20,244059.29,0.5098,持有
2021-08-30,39.78,1.82,0.5565,119731.73,119632.20,239363.93,0.5002,持有
2021-08-31,40.20,1.84,0.5613,120992.06,119632.20,240624.26,0.5028,持有
2021-09-01,41.70,1.91,0.5700,125514.44,119632.20,245146.64,0.5120,持有
2021-09-02,42.36,1.94,0.5748,127516.14,119632.20,247148.34,0.5159,持有
2021-09-03,42.69,1.95,0.5773,128504.64,119632.20,248136.84,0.5179,持有
2021-09-06,42.04,1.92,0.5725,126527.65,119632.20,246159.84,0.5140,持有
2021-09-07,43.36,1.99,0.5827,130506.35,119632.20,250138.55,0.5217,持有
2021-09-08,43.03,1.97,0.5806,129517.85,119632.20,249150.05,0.5198,持有
2021-09-09,42.77,1.96,0.5785,128751.77,119632.20,248383.96,0.5184,持有
2021-09-10,44.43,2.03,0.5950,133743.68,119632.20,253375.87,0.5278,持有
2021-09-13,44.27,2.03,0.5931,133249.43,119632.20,252881.63,0.5269,持有
2021-09-14,42.77,1.96,0.5780,128751.77,119632.20,248383.96,0.5184,持有
2021-09-15,42.20,1.93,0.5725,127021.90,119632.20,246654.09,0.5150,持有
2021-09-16,41.63,1.91,0.5682,125292.03,119632.20,244924.22,0.5116,持有
2021-09-17,42.08,1.93,0.5720,126651.21,119632.20,246283.41,0.5142,持有
2021-09-22,40.57,1.86,0.5608,122104.12,119632.20,241736.32,0.5051,持有
2021-09-23,40.10,1.84,0.5580,120695.51,119632.20,240327.71,0.5022,持有
2021-09-24,40.04,1.83,0.5574,120522.53,119632.20,240154.72,0.5019,持有
2021-09-27,40.30,1.85,0.5602,121313.32,119632.20,240945.52,0.5035,持有
2021-09-28,41.40,1.90,0.5671,124600.08,119632.20,244232.28,0.5102,持有
2021-09-29,42.33,1.94,0.5741,127417.29,119632.20,247049.49,0.5158,持有
2021-09-30,41.42,1.90,0.5671,124674.21,119632.20,244306.41,0.5103,持有
2021-10-08,41.81,1.91,0.5701,125860.41,119632.20,245492.61,0.5127,持有
2021-10-11,43.51,1.99,0.5856,130975.88,119632.20,250608.08,0.5226,持有
2021-10-12,43.59,2.00,0.5862,131198.30,119632.20,250830.49,0.5231,持有
2021-10-13,43.54,1.99,0.5858,131050.02,119632.20,250682.22,0.5228,持有
2021-10-14,42.99,1.97,0.5811,129394.29,119632.20,249026.49,0.5196,持有
2021-10-15,43.77,2.00,0.5882,131741.97,119632.20,251374.17,0.5241,持有
2021-10-18,42.58,1.95,0.5756,128158.67,119632.20,247790.87,0.5172,持有
2021-10-19,43.42,1.99,0.5838,130679.34,119632.20,250311.53,0.5221,持有
2021-10-20,43.02,1.97,0.5810,129493.14,119632.20,249125.34,0.5198,持有
2021-10-21,44.13,2.02,0.5933,132829.32,119632.20,252461.51,0.5261,持有
2021-10-22,44.57,2.04,0.5985,134163.79,119632.20,253795.99,0.5286,持有
2021-10-25,44.82,1.95,0.5759,134905.16,119632.20,254537.36,0.5300,持有
2021-10-26,45.40,1.98,0.5819,136659.74,119632.20,256291.94,0.5332,持有
2021-10-27,44.76,1.95,0.5749,134732.17,119632.20,254364.37,0.5297,持有
2021-10-28,44.52,1.94,0.5731,133990.80,119632.20,253623.00,0.5283,持有
2021-10-29,44.31,1.93,0.5710,133372.99,119632.20,253005.19,0.5272,持有
2021-11-01,44.43,1.94,0.5723,133743.68,119632.20,253375.87,0.5278,持有
2021-11-02,42.90,1.87,0.5615,129122.45,119632.20,248754.65,0.5191,持有
2021-11-03,42.45,1.85,0.5577,127763.27,119632.20,247395.47,0.5164,持有
2021-11-04,42.49,1.85,0.5580,127886.83,119632.20,247519.03,0.5167,持有
2021-11-05,42.33,1.84,0.5569,127417.29,119632.20,247049.49,0.5158,持有
2021-11-08,42.12,1.84,0.5543,126774.77,119632.20,246406.97,0.5145,持有
2021-11-09,41.92,1.83,0.5520,126181.67,119632.20,245813.87,0.5133,持有
2021-11-10,41.57,1.81,0.5485,125119.04,119632.20,244751.24,0.5112,持有
2021-11-11,43.37,1.89,0.5641,130531.06,119632.20,250163.26,0.5218,持有
2021-11-12,43.02,1.87,0.5621,129493.14,119632.20,249125.34,0.5198,持有
2021-11-15,43.46,1.89,0.5651,130802.90,119632.20,250435.10,0.5223,持有
2021-11-16,43.10,1.88,0.5630,129740.26,119632.20,249372.46,0.5203,持有
2021-11-17,42.56,1.85,0.5583,128109.24,119632.20,247741.44,0.5171,持有
2021-11-18,42.21,1.84,0.5554,127046.61,119632.20,246678.81,0.5150,持有
2021-11-19,42.96,1.87,0.5619,129320.15,119632.20,248952.35,0.5195,持有
2021-11-22,42.44,1.85,0.5571,127738.56,119632.20,247370.75,0.5164,持有
2021-11-23,42.49,1.85,0.5577,127886.83,119632.20,247519.03,0.5167,持有
2021-11-24,42.48,1.85,0.5576,127862.12,119632.20,247494.32,0.5166,持有
2021-11-25,42.22,1.84,0.5553,127071.32,119632.20,246703.52,0.5151,持有
2021-11-26,41.13,1.79,0.5384,123809.28,119632.20,243441.48,0.5086,持有
2021-11-29,40.90,1.78,0.5337,123117.33,119632.20,242749.53,0.5072,持有
2021-11-30,40.63,1.77,0.5282,122301.82,119632.20,241934.02,0.5055,持有
2021-12-01,41.04,1.79,0.5370,123537.44,119632.20,243169.64,0.5080,持有
2021-12-02,41.78,1.82,0.5493,125761.56,119632.20,245393.76,0.5125,持有
2021-12-03,42.08,1.83,0.5532,126651.21,119632.20,246283.41,0.5142,持有
2021-12-06,42.54,1.85,0.5592,128059.82,119632.20,247692.02,0.5170,持有
2021-12-07,42.56,1.85,0.5593,128109.24,119632.20,247741.44,0.5171,持有
2021-12-08,42.73,1.86,0.5601,128603.49,119632.20,248235.69,0.5181,持有
2021-12-09,43.62,1.90,0.5682,131297.15,119632.20,250929.34,0.5232,持有
2021-12-10,43.92,1.91,0.5707,132186.79,119632.20,251818.99,0.5249,持有
2021-12-13,43.04,1.88,0.5638,129542.56,119632.20,249174.76,0.5199,持有
2021-12-14,41.99,1.83,0.5513,126404.09,119632.20,246036.28,0.5138,持有
2021-12-15,41.87,1.82,0.5500,126033.40,119632.20,245665.60,0.5130,持有
2021-12-16,42.04,1.83,0.5520,126527.65,119632.20,246159.84,0.5140,持有
2021-12-17,41.68,1.82,0.5473,125465.01,119632.20,245097.21,0.5119,持有
2021-12-20,41.62,1.81,0.5462,125267.31,119632.20,244899.51,0.5115,持有
2021-12-21,41.57,1.81,0.5456,125119.04,119632.20,244751.24,0.5112,持有
2021-12-22,41.06,1.79,0.5358,123586.87,119632.20,243219.07,0.5081,持有
2021-12-23,41.23,1.80,0.5388,124105.83,119632.20,243738.03,0.5092,持有
2021-12-24,40.94,1.78,0.5324,123216.18,119632.20,242848.38,0.5074,持有
2021-12-27,40.50,1.76,0.5234,121906.42,119632.20,241538.62,0.5047,持有
2021-12-28,40.75,1.78,0.5278,122647.80,119632.20,242279.99,0.5062,持有
2021-12-29,39.10,1.70,0.4851,117680.60,119632.20,237312.79,0.4959,持有
2021-12-30,39.82,1.74,0.5054,119855.29,119632.20,239487.49,0.5005,持有
2021-12-31,39.99,1.74,0.5104,120374.25,119632.20,240006.45,0.5015,持有
2022-01-04,39.70,1.73,0.5011,119484.60,119632.20,239116.80,0.4997,持有
2022-01-05,40.27,1.75,0.5183,121214.47,119632.20,240846.67,0.5033,持有
2022-01-06,39.53,1.72,0.4965,118990.36,119632.20,238622.55,0.4987,持有
2022-01-07,40.27,1.75,0.5183,121214.47,119632.20,240846.67,0.5033,持有
2022-01-10,40.42,1.76,0.5227,121659.30,119632.20,241291.50,0.5042,持有
2022-01-11,40.93,1.78,0.5334,123191.47,119632.20,242823.67,0.5073,持有
2022-01-12,40.85,1.78,0.5314,122969.06,119632.20,242601.25,0.5069,持有
2022-01-13,40.51,1.77,0.5240,121931.14,119632.20,241563.33,0.5048,持有
2022-01-14,39.42,1.72,0.4932,118669.09,119632.20,238301.29,0.4980,持有
2022-01-17,39.88,1.74,0.5074,120052.99,119632.20,239685.19,0.5009,持有
2022-01-18,40.24,1.75,0.5174,121115.62,119632.20,240747.82,0.5031,持有
2022-01-19,40.80,1.78,0.5293,122820.78,119632.20,242452.98,0.5066,持有
2022-01-20,42.18,1.84,0.5565,126947.76,119632.20,246579.96,0.5148,持有
2022-01-21,42.54,1.85,0.5612,128059.82,119632.20,247692.02,0.5170,持有
2022-01-24,42.57,1.86,0.5620,128133.96,119632.20,247766.15,0.5172,持有
2022-01-25,41.79,1.82,0.5504,125786.27,119632.20,245418.47,0.5125,持有
2022-01-26,41.87,1.82,0.5519,126033.40,119632.20,245665.60,0.5130,持有
2022-01-27,41.68,1.82,0.5489,125465.01,119632.20,245097.21,0.5119,持有
2022-01-28,40.40,1.76,0.5215,121609.87,119632.20,241242.07,0.5041,持有
2022-02-07,42.16,1.84,0.5566,126898.33,119632.20,246530.53,0.5147,持有
2022-02-08,42.45,1.85,0.5605,127787.98,119632.20,247420.18,0.5165,持有
2022-02-09,42.38,1.85,0.5594,127565.57,119632.20,247197.77,0.5160,持有
2022-02-10,42.45,1.85,0.5605,127787.98,119632.20,247420.18,0.5165,持有
2022-02-11,43.32,1.89,0.5692,130382.79,119632.20,250014.98,0.5215,持有
2022-02-14,42.04,1.83,0.5537,126527.65,119632.20,246159.84,0.5140,持有
2022-02-15,41.23,1.80,0.5393,124105.83,119632.20,243738.03,0.5092,持有
2022-02-16,41.93,1.83,0.5520,126206.39,119632.20,245838.58,0.5134,持有
2022-02-17,42.25,1.84,0.5584,127170.17,119632.20,246802.37,0.5153,持有
2022-02-18,42.74,1.86,0.5640,128652.92,119632.20,248285.11,0.5182,持有
2022-02-21,42.50,1.85,0.5617,127911.54,119632.20,247543.74,0.5167,持有
2022-02-22,42.05,1.83,0.5539,126577.07,119632.20,246209.27,0.5141,持有
2022-02-23,41.73,1.82,0.5480,125613.29,119632.20,245245.48,0.5122,持有
2022-02-24,41.07,1.79,0.5355,123611.58,119632.20,243243.78,0.5082,持有
2022-02-25,40.89,1.78,0.5306,123092.62,119632.20,242724.82,0.5071,持有
2022-02-28,40.89,1.78,0.5302,123067.91,119632.20,242700.10,0.5071,持有
2022-03-01,41.25,1.80,0.5392,124155.25,119632.20,243787.45,0.5093,持有
2022-03-02,40.62,1.77,0.5238,122252.40,119632.20,241884.59,0.5054,持有
2022-03-03,40.83,1.78,0.5279,122894.92,119632.20,242527.12,0.5067,持有
2022-03-04,39.98,1.74,0.5063,120349.54,119632.20,239981.74,0.5015,持有
2022-03-07,38.39,1.67,0.4599,115555.33,119632.20,235187.53,0.4913,持有
2022-03-08,37.34,1.63,0.4262,112392.14,119632.20,232024.33,0.4844,持有
2022-03-09,36.44,1.59,0.3941,109698.48,119632.20,229330.68,0.4783,持有
2022-03-10,36.70,1.60,0.4050,110464.57,119632.20,230096.76,0.4801,持有
2022-03-11,36.49,1.59,0.3963,109846.76,119632.20,229478.95,0.4787,持有
2022-03-14,34.61,1.51,0.3379,104162.90,119632.20,223795.09,0.4654,持有
2022-03-15,32.39,1.41,0.2866,97490.54,119632.20,217122.74,0.4490,持有
2022-03-16,34.96,1.52,0.3463,105225.53,119632.20,224857.73,0.4680,持有
2022-03-17,36.54,1.59,0.3979,109995.03,119632.20,229627.23,0.4790,持有
2022-03-18,37.91,1.65,0.4475,114097.29,119632.20,233729.49,0.4882,持有
2022-03-21,36.79,1.54,0.3594,110736.40,119632.20,230368.60,0.4807,持有
2022-03-22,37.38,1.57,0.3814,112515.70,119632.20,232147.90,0.4847,持有
2022-03-23,37.57,1.58,0.3880,113084.08,119632.20,232716.28,0.4859,持有
2022-03-24,37.58,1.58,0.3883,113108.80,119632.20,232740.99,0.4860,持有
2022-03-25,37.09,1.56,0.3707,111650.76,119632.20,231282.96,0.4827,持有
2022-03-28,36.99,1.55,0.3658,111329.50,119632.20,230961.70,0.4820,持有
2022-03-29,36.95,1.55,0.3648,111230.65,119632.20,230862.85,0.4818,持有
2022-03-30,37.96,1.59,0.4001,114245.57,119632.20,233877.77,0.4885,持有
2022-03-31,38.42,1.61,0.4154,115654.18,119632.20,235286.38,0.4915,持有
2022-04-01,38.67,1.62,0.4237,116395.55,119632.20,236027.75,0.4931,持有
2022-04-06,38.91,1.63,0.4357,117112.21,119632.20,236744.41,0.4947,持有
2022-04-07,38.47,1.62,0.4173,115802.45,119632.20,235434.65,0.4919,持有
2022-04-08,38.74,1.63,0.4269,116593.25,119632.20,236225.45,0.4936,持有
2022-04-11,37.68,1.58,0.3910,113430.06,119632.20,233062.26,0.4867,持有
2022-04-12,37.52,1.58,0.3864,112935.81,119632.20,232568.01,0.4856,持有
2022-04-13,37.56,1.58,0.3875,113059.37,119632.20,232691.57,0.4859,持有
2022-04-14,37.57,1.58,0.3879,113084.08,119632.20,232716.28,0.4859,持有
2022-04-15,38.45,1.61,0.4172,115728.31,119632.20,235360.51,0.4917,持有
2022-04-18,35.62,1.50,0.3306,107227.24,119632.20,226859.44,0.4727,持有
2022-04-19,34.56,1.45,0.3080,104039.33,119632.20,223671.53,0.4651,持有
2022-04-20,33.74,1.42,0.2864,101568.09,119632.20,221200.29,0.4592,持有
2022-04-21,33.89,1.42,0.2913,102012.92,119632.20,221645.11,0.4603,持有
2022-04-22,34.89,1.46,0.3170,105027.83,119632.20,224660.03,0.4675,持有
2022-04-25,31.88,1.28,0.2123,95958.37,119632.20,215590.57,0.4451,持有
2022-04-26,31.54,1.26,0.2078,94920.45,119632.20,214552.65,0.4424,持有
2022-04-27,31.23,1.25,0.1990,94006.09,119632.20,213638.29,0.4400,持有
2022-04-28,32.53,1.30,0.2228,97910.65,119632.20,217542.85,0.4501,持有
2022-04-29,32.78,1.31,0.2284,98676.74,119632.20,218308.93,0.4520,持有
2022-05-05,32.23,1.29,0.2177,97021.00,119632.20,216653.20,0.4478,持有
2022-05-06,31.12,1.25,0.1955,93684.83,119632.20,213317.02,0.4392,持有
2022-05-09,29.94,1.20,0.1548,90126.24,119632.20,209758.43,0.4297,持有
2022-05-10,30.36,1.22,0.1687,91386.57,119632.20,211018.77,0.4331,持有
2022-05-11,30.55,1.22,0.1771,91954.96,119632.20,211587.15,0.4346,持有
2022-05-12,30.06,1.20,0.1589,90472.21,119632.20,210104.41,0.4306,持有
2022-05-13,30.50,1.22,0.1752,91806.68,119632.20,211438.88,0.4342,持有
2022-05-16,30.29,1.21,0.1669,91164.16,119632.20,210796.36,0.4325,持有
2022-05-17,31.69,1.27,0.2112,95389.98,119632.20,215022.18,0.4436,持有
2022-05-18,31.61,1.27,0.2102,95142.86,119632.20,214775.06,0.4430,持有
2022-05-19,31.22,1.25,0.2000,93981.38,119632.20,213613.57,0.4400,持有
2022-05-20,32.81,1.31,0.2318,98750.87,119632.20,218383.07,0.4522,持有
2022-05-23,32.42,1.30,0.2232,97589.39,119632.20,217221.59,0.4493,持有
2022-05-24,31.94,1.28,0.2156,96131.36,119632.20,215763.55,0.4455,持有
2022-05-25,31.84,1.28,0.2132,95834.81,119632.20,215467.01,0.4448,持有
2022-05-26,31.55,1.26,0.2097,94969.87,119632.20,214602.07,0.4425,持有
2022-05-27,32.12,1.29,0.2186,96675.03,119632.20,216307.23,0.4469,持有
2022-05-30,32.08,1.29,0.2183,96551.47,119632.20,216183.67,0.4466,持有
2022-05-31,32.59,1.31,0.2265,98083.64,119632.20,217715.84,0.4505,持有
2022-06-01,32.59,1.31,0.2264,98083.64,119632.20,217715.84,0.4505,持有
2022-06-02,31.95,1.28,0.2162,96180.78,119632.20,215812.98,0.4457,持有
2022-06-06,31.99,1.28,0.2169,96304.34,119632.20,215936.54,0.4460,持有
2022-06-07,32.31,1.29,0.2227,97243.42,119632.20,216875.61,0.4484,持有
2022-06-08,32.45,1.30,0.2255,97688.24,119632.20,217320.44,0.4495,持有
2022-06-09,33.08,1.33,0.2407,99566.38,119632.20,219198.58,0.4542,持有
2022-06-10,32.94,1.32,0.2369,99146.27,119632.20,218778.47,0.4532,持有
2022-06-13,31.67,1.27,0.2110,95315.85,119632.20,214948.04,0.4434,持有
2022-06-14,32.22,1.29,0.2206,96971.58,119632.20,216603.78,0.4477,持有
2022-06-15,33.23,1.33,0.2452,100035.92,119632.20,219668.12,0.4554,持有
2022-06-16,32.81,1.31,0.2341,98750.87,119632.20,218383.07,0.4522,持有
2022-06-17,32.72,1.31,0.2310,98479.04,119632.20,218111.24,0.4515,持有
2022-06-20,32.59,1.31,0.2281,98108.35,119632.20,217740.55,0.4506,持有
2022-06-21,33.11,1.33,0.2431,99665.23,119632.20,219297.43,0.4545,持有
2022-06-22,32.27,1.29,0.2219,97144.57,119632.20,216776.76,0.4481,持有
2022-06-23,32.96,1.32,0.2390,99195.70,119632.20,218827.90,0.4533,持有
2022-06-24,33.00,1.32,0.2399,99343.97,119632.20,218976.17,0.4537,持有
2022-06-27,33.87,1.36,0.2595,101938.78,119632.20,221570.98,0.4601,持有
2022-06-28,33.89,1.36,0.2608,102012.92,119632.20,221645.11,0.4603,持有
2022-06-29,33.67,1.35,0.2554,101345.68,119632.20,220977.88,0.4586,持有
2022-06-30,34.65,1.39,0.2799,104286.46,119632.20,223918.66,0.4657,持有
2022-07-01,33.97,1.36,0.2628,102260.04,119632.20,221892.24,0.4609,持有
2022-07-04,33.70,1.35,0.2568,101444.53,119632.20,221076.73,0.4589,持有
2022-07-05,33.65,1.35,0.2551,101271.54,119632.20,220903.74,0.4584,持有
2022-07-06,32.68,1.31,0.2298,98355.48,119632.20,217987.67,0.4512,持有
2022-07-07,32.64,1.31,0.2284,98231.91,119632.20,217864.11,0.4509,持有
2022-07-08,32.68,1.31,0.2304,98380.19,119632.20,218012.39,0.4513,持有
2022-07-11,32.38,1.30,0.2238,97465.83,119632.20,217098.03,0.4489,持有
2022-07-12,32.27,1.29,0.2207,97119.85,119632.20,216752.05,0.4481,持有
2022-07-13,31.12,1.25,0.1945,93660.11,119632.20,213292.31,0.4391,持有
2022-07-14,29.95,1.20,0.1533,90150.95,119632.20,209783.15,0.4297,持有
2022-07-15,29.87,1.15,0.1033,89918.96,119632.20,209551.16,0.4291,持有
2022-07-18,30.52,1.17,0.1238,91878.76,119632.20,211510.96,0.4344,持有
2022-07-19,30.59,1.18,0.1273,92085.06,119632.20,211717.26,0.4349,持有
2022-07-20,30.71,1.18,0.1319,92446.08,119632.20,212078.27,0.4359,持有
2022-07-21,30.38,1.17,0.1190,91440.39,119632.20,211072.58,0.4332,持有
2022-07-22,30.49,1.17,0.1232,91775.62,119632.20,211407.81,0.4341,持有
2022-07-25,30.71,1.18,0.1323,92446.08,119632.20,212078.27,0.4359,持有
2022-07-26,31.12,1.20,0.1505,93683.85,119632.20,213316.04,0.4392,持有
2022-07-27,30.88,1.19,0.1397,92961.81,119632.20,212594.01,0.4373,持有
2022-07-28,30.65,1.18,0.1296,92265.57,119632.20,211897.76,0.4354,持有
2022-07-29,30.04,1.15,0.1082,90434.70,119632.20,210066.89,0.4305,持有
2022-08-01,29.57,1.14,0.0895,89016.42,119632.20,208648.61,0.4266,买入(补至60%)
2022-08-02,29.05,1.12,0.0778,122972.75,83799.01,206771.76,0.5947,持有
2022-08-03,28.32,1.09,0.0713,119890.27,83799.01,203689.29,0.5886,持有
2022-08-04,28.84,1.11,0.0757,122066.14,83799.01,205865.15,0.5929,持有
2022-08-05,29.39,1.13,0.0854,124387.06,83799.01,208186.08,0.5975,持有
2022-08-08,29.05,1.12,0.0782,122972.75,83799.01,206771.76,0.5947,持有
2022-08-09,28.79,1.11,0.0752,121848.55,83799.01,205647.57,0.5925,持有
2022-08-10,28.40,1.09,0.0724,120216.65,83799.01,204015.67,0.5893,持有
2022-08-11,29.44,1.13,0.0872,124604.65,83799.01,208403.66,0.5979,持有
2022-08-12,29.45,1.13,0.0874,124640.91,83799.01,208439.93,0.5980,持有
2022-08-15,28.90,1.11,0.0765,122319.99,83799.01,206119.00,0.5934,持有
2022-08-16,29.05,1.12,0.0788,122972.75,83799.01,206771.76,0.5947,持有
2022-08-17,29.33,1.13,0.0846,124169.48,83799.01,207968.49,0.5971,持有
2022-08-18,28.89,1.11,0.0764,122283.72,83799.01,206082.74,0.5934,持有
2022-08-19,29.00,1.11,0.0787,122755.16,83799.01,206554.18,0.5943,持有
2022-08-22,28.80,1.11,0.0790,121921.08,83799.01,205720.09,0.5927,持有
2022-08-23,28.36,1.10,0.0741,120035.33,83799.01,203834.34,0.5889,持有
2022-08-24,28.13,1.09,0.0715,119092.45,83799.01,202891.47,0.5870,持有
2022-08-25,28.86,1.12,0.0805,122174.93,83799.01,205973.95,0.5932,持有
2022-08-26,28.87,1.12,0.0807,122211.20,83799.01,206010.21,0.5932,持有
2022-08-29,28.51,1.10,0.0754,120688.09,83799.01,204487.10,0.5902,持有
2022-08-30,28.95,1.12,0.0826,122537.58,83799.01,206336.59,0.5939,持有
2022-08-31,30.03,1.16,0.1189,127106.90,83799.01,210905.91,0.6027,持有
2022-09-01,29.56,1.14,0.1043,125112.35,83799.01,208911.37,0.5989,持有
2022-09-02,29.40,1.14,0.0957,124459.59,83799.01,208258.61,0.5976,持有
2022-09-05,29.33,1.13,0.0924,124133.21,83799.01,207932.23,0.5970,持有
2022-09-06,28.80,1.11,0.0795,121921.08,83799.01,205720.09,0.5927,持有
2022-09-07,28.60,1.11,0.0764,121050.73,83799.01,204849.75,0.5909,持有
2022-09-08,28.53,1.10,0.0755,120760.62,83799.01,204559.63,0.5903,持有
2022-09-09,29.56,1.14,0.1053,125112.35,83799.01,208911.37,0.5989,持有
2022-09-13,30.28,1.17,0.1296,128194.83,83799.01,211993.84,0.6047,持有
2022-09-14,29.86,1.16,0.1155,126417.87,83799.01,210216.89,0.6014,持有
2022-09-15,30.85,1.19,0.1536,130588.28,83799.01,214387.30,0.6091,持有
2022-09-16,29.94,1.16,0.1179,126744.25,83799.01,210543.27,0.6020,持有
2022-09-19,30.06,1.16,0.1218,127251.95,83799.01,211050.97,0.6029,持有
2022-09-20,29.59,1.14,0.1061,125257.41,83799.01,209056.42,0.5992,持有
2022-09-21,29.48,1.14,0.1015,124785.97,83799.01,208584.99,0.5983,持有
2022-09-22,29.27,1.13,0.0913,123915.62,83799.01,207714.64,0.5966,持有
2022-09-23,29.44,1.14,0.0982,124604.65,83799.01,208403.66,0.5979,持有
2022-09-26,29.09,1.13,0.0857,123117.81,83799.01,206916.82,0.5950,持有
2022-09-27,29.04,1.12,0.0852,122936.48,83799.01,206735.50,0.5947,持有
2022-09-28,28.85,1.12,0.0810,122102.40,83799.01,205901.42,0.5930,持有
2022-09-29,28.40,1.10,0.0741,120216.65,83799.01,204015.67,0.5893,持有
2022-09-30,28.83,1.12,0.0805,122029.87,83799.01,205828.89,0.5929,持有
2022-10-10,27.24,1.05,0.0561,115320.95,83799.01,199119.96,0.5792,持有
2022-10-11,26.90,1.04,0.0528,113870.37,83799.01,197669.39,0.5761,持有
2022-10-12,26.52,1.03,0.0482,112238.47,83799.01,196037.49,0.5725,买入(补至90%)
2022-10-13,25.61,0.99,0.0431,170388.99,20601.49,190990.48,0.8921,持有
2022-10-14,26.63,1.03,0.0493,177172.63,20601.49,197774.12,0.8958,持有
2022-10-17,26.58,1.03,0.0491,176830.60,20601.49,197432.09,0.8957,持有
2022-10-18,26.39,1.02,0.0477,175576.48,20601.49,196177.97,0.8950,持有
2022-10-19,25.92,1.00,0.0442,172498.19,20601.49,193099.68,0.8933,持有
2022-10-20,25.76,1.00,0.0437,171415.09,20601.49,192016.58,0.8927,持有
2022-10-21,25.34,0.98,0.0410,168621.83,20601.49,189223.32,0.8911,持有
2022-10-24,24.00,0.93,0.0235,159728.99,20601.49,180330.48,0.8858,持有
2022-10-25,24.15,0.93,0.0260,160698.08,20601.49,181299.57,0.8864,持有
2022-10-26,23.93,0.93,0.0228,159215.94,20601.49,179817.43,0.8854,持有
2022-10-27,23.94,0.93,0.0230,159272.95,20601.49,179874.44,0.8855,持有
2022-10-28,23.29,0.90,0.0101,154940.54,20601.49,175542.03,0.8826,持有
2022-10-31,22.98,0.85,0.0000,152888.35,20601.49,173489.84,0.8813,买入(补至100%)
2022-11-01,24.15,0.89,0.0067,160698.08,20601.49,181299.57,0.8864,买入(补至100%)
2022-11-02,24.35,0.90,0.0092,182777.74,22.95,182800.70,0.9999,持有
2022-11-03,24.03,0.89,0.0046,180398.16,22.95,180421.11,0.9999,持有
2022-11-04,24.91,0.92,0.0204,187022.41,22.95,187045.36,0.9999,持有
2022-11-07,24.98,0.92,0.0218,187536.91,22.95,187559.86,0.9999,持有
2022-11-08,24.97,0.92,0.0218,187472.60,22.95,187495.55,0.9999,持有
2022-11-09,25.00,0.92,0.0232,187665.54,22.95,187688.49,0.9999,持有
2022-11-10,25.01,0.92,0.0234,187729.85,22.95,187752.80,0.9999,持有
2022-11-11,26.76,0.99,0.0454,200914.03,22.95,200936.98,0.9999,持有
2022-11-14,28.39,1.05,0.0592,213133.51,22.95,213156.47,0.9999,持有
2022-11-15,28.51,1.05,0.0608,214033.90,22.95,214056.85,0.9999,持有
2022-11-16,28.60,1.05,0.0617,214677.03,22.95,214699.98,0.9999,持有
2022-11-17,27.68,1.02,0.0516,207795.53,22.95,207818.48,0.9999,持有
2022-11-18,27.47,1.01,0.0493,206252.01,22.95,206274.97,0.9999,持有
2022-11-21,27.30,1.01,0.0481,204965.75,22.95,204988.71,0.9999,持有
2022-11-22,27.80,1.02,0.0531,208695.91,22.95,208718.86,0.9999,持有
2022-11-23,27.60,1.02,0.0520,207216.71,22.95,207239.66,0.9999,持有
2022-11-24,27.60,1.02,0.0520,207216.71,22.95,207239.66,0.9999,持有
2022-11-25,28.29,1.04,0.0597,212361.76,22.95,212384.71,0.9999,持有
2022-11-28,27.38,1.01,0.0487,205544.57,22.95,205567.52,0.9999,持有
2022-11-29,29.86,1.10,0.0828,224195.36,22.95,224218.31,0.9999,持有
2022-11-30,29.95,1.10,0.0833,224838.49,22.95,224861.44,0.9999,持有
2022-12-01,29.98,1.10,0.0839,225095.74,22.95,225118.70,0.9999,持有
2022-12-02,29.46,1.09,0.0775,221172.65,22.95,221195.60,0.9999,持有
2022-12-05,30.93,1.14,0.1086,232170.18,22.95,232193.13,0.9999,持有
2022-12-06,30.71,1.13,0.1001,230562.35,22.95,230585.31,0.9999,持有
2022-12-07,30.26,1.11,0.0889,227153.76,22.95,227176.71,0.9999,持有
2022-12-08,30.37,1.12,0.0911,227989.83,22.95,228012.78,0.9999,持有
2022-12-09,31.48,1.16,0.1299,236350.53,22.95,236373.48,0.9999,持有
2022-12-12,30.66,1.13,0.0993,230176.48,22.95,230199.43,0.9999,持有
2022-12-13,30.96,1.14,0.1125,232427.43,22.95,232450.39,0.9999,持有
2022-12-14,31.62,1.16,0.1351,237379.54,22.95,237402.49,0.9999,持有
2022-12-15,31.12,1.15,0.1191,233649.38,22.95,233672.33,0.9999,持有
2022-12-16,31.78,1.17,0.1412,238537.17,22.95,238560.13,0.9999,持有
2022-12-19,31.27,1.15,0.1234,234742.70,22.95,234765.66,0.9999,持有
2022-12-20,30.60,1.13,0.0976,229726.28,22.95,229749.24,0.9999,持有
2022-12-21,30.80,1.13,0.1035,231205.49,22.95,231228.44,0.9999,持有
2022-12-22,31.27,1.15,0.1237,234742.70,22.95,234765.66,0.9999,持有
2022-12-23,31.16,1.15,0.1212,233906.63,22.95,233929.59,0.9999,持有
2022-12-26,30.80,1.13,0.1034,231205.49,22.95,231228.44,0.9999,持有
2022-12-27,31.42,1.16,0.1298,235836.03,22.95,235858.98,0.9999,持有
2022-12-28,31.98,1.18,0.1505,240080.69,22.95,240103.64,0.9999,持有
2022-12-29,31.90,1.17,0.1475,239437.56,22.95,239460.51,0.9999,持有
2022-12-30,31.92,1.18,0.1482,239630.50,22.95,239653.45,0.9999,持有
2023-01-03,32.20,1.19,0.1597,241688.52,22.95,241711.47,0.9999,持有
2023-01-04,33.11,1.22,0.1934,248570.01,22.95,248592.97,0.9999,持有
2023-01-05,32.98,1.22,0.1883,247605.32,22.95,247628.27,0.9999,持有
2023-01-06,32.88,1.21,0.1855,246833.56,22.95,246856.51,0.9999,持有
2023-01-09,33.24,1.22,0.1987,249534.71,22.95,249557.66,0.9999,持有
2023-01-10,32.77,1.21,0.1818,245997.49,22.95,246020.44,0.9999,持有
2023-01-11,33.34,1.23,0.2029,250306.47,22.95,250329.42,0.9999,持有
2023-01-12,33.45,1.23,0.2060,251142.54,22.95,251165.49,0.9999,持有
2023-01-13,33.98,1.25,0.2212,255065.63,22.95,255088.59,0.9999,持有
2023-01-16,34.67,1.28,0.2352,260274.99,22.95,260297.95,0.9999,持有
2023-01-17,34.85,1.28,0.2395,261625.57,22.95,261648.52,0.9999,持有
2023-01-18,34.59,1.27,0.2335,259696.17,22.95,259719.13,0.9999,持有
2023-01-19,34.83,1.28,0.2392,261432.63,22.95,261455.58,0.9999,持有
2023-01-20,35.17,1.30,0.2457,264005.15,22.95,264028.10,0.9999,持有
2023-01-30,36.01,1.33,0.2658,270307.83,22.95,270330.78,0.9999,持有
2023-01-31,35.30,1.30,0.2481,265034.16,22.95,265057.11,0.9999,持有
2023-02-01,34.73,1.28,0.2369,260725.18,22.95,260748.14,0.9999,持有
2023-02-02,34.29,1.26,0.2291,257445.22,22.95,257468.17,0.9999,持有
2023-02-03,33.67,1.24,0.2126,252750.36,22.95,252773.32,0.9999,持有
2023-02-06,32.85,1.21,0.1844,246640.62,22.95,246663.57,0.9999,持有
2023-02-07,32.91,1.21,0.1860,247026.50,22.95,247049.45,0.9999,持有
2023-02-08,32.97,1.21,0.1880,247541.00,22.95,247563.96,0.9999,持有
2023-02-09,32.97,1.21,0.1879,247541.00,22.95,247563.96,0.9999,持有
2023-02-10,32.69,1.20,0.1788,245418.67,22.95,245441.63,0.9999,持有
2023-02-13,32.32,1.19,0.1634,242588.90,22.95,242611.85,0.9999,持有
2023-02-14,32.55,1.20,0.1742,244389.66,22.95,244412.62,0.9999,持有
2023-02-15,31.84,1.17,0.1441,239051.68,22.95,239074.63,0.9999,持有
2023-02-16,31.93,1.18,0.1477,239694.81,22.95,239717.76,0.9999,持有
2023-02-17,31.45,1.16,0.1298,236093.28,22.95,236116.23,0.9999,持有
2023-02-20,32.97,1.21,0.1890,247541.00,22.95,247563.96,0.9999,持有
2023-02-21,33.15,1.22,0.1962,248827.27,22.95,248850.22,0.9999,持有
2023-02-22,32.69,1.20,0.1796,245418.67,22.95,245441.63,0.9999,持有
2023-02-23,32.79,1.21,0.1830,246126.12,22.95,246149.07,0.9999,持有
2023-02-24,32.09,1.18,0.1547,240916.76,22.95,240939.71,0.9999,持有
2023-02-27,31.84,1.17,0.1438,238987.37,22.95,239010.32,0.9999,持有
2023-02-28,31.96,1.18,0.1501,239952.06,22.95,239975.02,0.9999,持有
2023-03-01,32.77,1.21,0.1828,245997.49,22.95,246020.44,0.9999,持有
2023-03-02,32.77,1.21,0.1828,245997.49,22.95,246020.44,0.9999,持有
2023-03-03,32.77,1.21,0.1827,245997.49,22.95,246020.44,0.9999,持有
2023-03-06,31.70,1.17,0.1392,237958.36,22.95,237981.31,0.9999,持有
2023-03-07,31.32,1.15,0.1251,235128.58,22.95,235151.54,0.9999,持有
2023-03-08,30.84,1.14,0.1046,231527.05,22.95,231550.00,0.9999,持有
2023-03-09,30.48,1.12,0.0931,228825.90,22.95,228848.85,0.9999,持有
2023-03-10,30.01,1.11,0.0831,225288.68,22.95,225311.64,0.9999,持有
2023-03-13,30.03,1.11,0.0840,225417.31,22.95,225440.26,0.9999,持有
2023-03-14,29.62,1.09,0.0788,222394.59,22.95,222417.55,0.9999,持有
2023-03-15,29.88,1.10,0.0822,224323.99,22.95,224346.94,0.9999,持有
2023-03-16,29.68,1.09,0.0799,222844.79,22.95,222867.74,0.9999,持有
2023-03-17,29.44,1.08,0.0761,220979.71,22.95,221002.66,0.9999,持有
2023-03-20,29.23,1.08,0.0713,219436.19,22.95,219459.15,0.9999,持有
2023-03-21,29.33,1.08,0.0727,220143.64,22.95,220166.59,0.9999,持有
2023-03-22,29.59,1.09,0.0792,222137.34,22.95,222160.30,0.9999,持有
2023-03-23,30.16,1.11,0.0872,226382.00,22.95,226404.96,0.9999,持有
2023-03-24,29.50,1.09,0.0773,221429.90,22.95,221452.85,0.9999,持有
2023-03-27,29.31,1.05,0.0598,220015.01,22.95,220037.96,0.9999,持有
2023-03-28,29.47,1.05,0.0618,221236.96,22.95,221259.91,0.9999,持有
2023-03-29,29.23,1.04,0.0595,219436.19,22.95,219459.15,0.9999,持有
2023-03-30,29.43,1.05,0.0618,220915.39,22.95,220938.35,0.9999,持有
2023-03-31,29.36,1.05,0.0606,220400.89,22.95,220423.84,0.9999,持有
2023-04-03,29.45,1.05,0.0624,221044.02,22.95,221066.97,0.9999,持有
2023-04-04,29.37,1.05,0.0608,220465.20,22.95,220488.16,0.9999,持有
2023-04-06,28.96,1.03,0.0568,217378.18,22.95,217401.13,0.9999,持有
2023-04-07,29.25,1.04,0.0599,219564.82,22.95,219587.77,0.9999,持有
2023-04-10,29.33,1.05,0.0608,220207.95,22.95,220230.90,0.9999,持有
2023-04-11,28.90,1.03,0.0554,216927.98,22.95,216950.94,0.9999,持有
2023-04-12,28.91,1.03,0.0556,216992.30,22.95,217015.25,0.9999,持有
2023-04-13,29.14,1.04,0.0585,218728.75,22.95,218751.70,0.9999,持有
2023-04-14,29.46,1.05,0.0641,221172.65,22.95,221195.60,0.9999,持有
2023-04-17,30.16,1.08,0.0739,226382.00,22.95,226404.96,0.9999,持有
2023-04-18,30.57,1.09,0.0827,229469.03,22.95,229491.99,0.9999,持有
2023-04-19,30.41,1.09,0.0800,228311.40,22.95,228334.35,0.9999,持有
2023-04-20,29.98,1.07,0.0703,225031.43,22.95,225054.38,0.9999,持有
2023-04-21,29.56,1.05,0.0660,221880.09,22.95,221903.04,0.9999,持有
2023-04-24,28.79,1.03,0.0535,216091.91,22.95,216114.87,0.9999,持有
2023-04-25,29.15,1.04,0.0591,218857.38,22.95,218880.33,0.9999,持有
2023-04-26,28.97,1.03,0.0575,217506.80,22.95,217529.75,0.9999,持有
2023-04-27,27.95,0.96,0.0371,209853.55,22.95,209876.50,0.9999,持有
2023-04-28,28.79,0.98,0.0443,216091.91,22.95,216114.87,0.9999,持有
2023-05-04,29.24,1.00,0.0469,219500.51,22.95,219523.46,0.9999,持有
2023-05-05,29.72,1.02,0.0516,223102.04,22.95,223124.99,0.9999,持有
2023-05-08,30.50,1.04,0.0619,228954.53,22.95,228977.48,0.9999,持有
2023-05-09,29.98,1.03,0.0536,225031.43,22.95,225054.38,0.9999,持有
2023-05-10,29.47,1.01,0.0482,221236.96,22.95,221259.91,0.9999,持有
2023-05-11,29.51,1.01,0.0487,221558.52,22.95,221581.48,0.9999,持有
2023-05-12,29.16,1.00,0.0467,218921.69,22.95,218944.64,0.9999,持有
2023-05-15,29.73,1.02,0.0529,223166.35,22.95,223189.30,0.9999,持有
2023-05-16,29.83,1.02,0.0533,223938.11,22.95,223961.06,0.9999,持有
2023-05-17,29.56,1.01,0.0491,221880.09,22.95,221903.04,0.9999,持有
2023-05-18,29.51,1.01,0.0489,221558.52,22.95,221581.48,0.9999,持有
2023-05-19,29.09,0.99,0.0459,218342.87,22.95,218365.82,0.9999,持有
2023-05-22,29.30,1.00,0.0477,219950.70,22.95,219973.65,0.9999,持有
2023-05-23,28.79,0.98,0.0441,216091.91,22.95,216114.87,0.9999,持有
2023-05-24,28.21,0.96,0.0403,211782.94,22.95,211805.89,0.9999,持有
2023-05-25,27.77,0.95,0.0343,208502.97,22.95,208525.92,0.9999,持有
2023-05-26,28.05,0.96,0.0381,210560.99,22.95,210583.94,0.9999,持有
2023-05-29,28.01,0.96,0.0379,210239.42,22.95,210262.38,0.9999,持有
2023-05-30,27.96,0.96,0.0376,209917.86,22.95,209940.81,0.9999,持有
2023-05-31,27.67,0.95,0.0334,207731.21,22.95,207754.17,0.9999,持有
2023-06-01,27.47,0.94,0.0298,206187.70,22.95,206210.65,0.9999,持有
2023-06-02,28.33,0.97,0.0427,212683.32,22.95,212706.27,0.9999,持有
2023-06-05,28.31,0.97,0.0427,212490.38,22.95,212513.33,0.9999,持有
2023-06-06,28.33,0.97,0.0429,212683.32,22.95,212706.27,0.9999,持有
2023-06-07,28.53,0.98,0.0443,214162.52,22.95,214185.47,0.9999,持有
2023-06-08,29.20,1.00,0.0498,219178.94,22.95,219201.89,0.9999,持有
2023-06-09,28.91,0.99,0.0480,216992.30,22.95,217015.25,0.9999,持有
2023-06-12,28.90,0.99,0.0478,216927.98,22.95,216950.94,0.9999,持有
2023-06-13,28.90,0.99,0.0478,216927.98,22.95,216950.94,0.9999,持有
2023-06-14,28.61,0.98,0.0451,214741.34,22.95,214764.29,0.9999,持有
2023-06-15,28.89,0.99,0.0480,216863.67,22.95,216886.62,0.9999,持有
2023-06-16,29.07,0.99,0.0495,218214.25,22.95,218237.20,0.9999,持有
2023-06-19,28.77,0.98,0.0466,215963.29,22.95,215986.24,0.9999,持有
2023-06-20,28.43,0.97,0.0435,213455.08,22.95,213478.03,0.9999,持有
2023-06-21,28.42,0.97,0.0435,213326.45,22.95,213349.40,0.9999,持有
2023-06-26,27.94,0.96,0.0366,209724.92,22.95,209747.87,0.9999,持有
2023-06-27,28.12,0.96,0.0408,211075.49,22.95,211098.45,0.9999,持有
2023-06-28,28.31,0.97,0.0432,212554.69,22.95,212577.65,0.9999,持有
2023-06-29,28.00,0.96,0.0386,210175.11,22.95,210198.06,0.9999,持有
2023-06-30,28.07,0.96,0.0397,210689.62,22.95,210712.57,0.9999,持有
2023-07-03,28.89,0.99,0.0496,216863.67,22.95,216886.62,0.9999,持有
2023-07-04,28.71,0.98,0.0476,215513.10,22.95,215536.05,0.9999,持有
2023-07-05,28.30,0.97,0.0434,212426.07,22.95,212449.02,0.9999,持有
2023-07-06,27.91,0.95,0.0363,209531.98,22.95,209554.93,0.9999,持有
2023-07-07,27.68,0.95,0.0337,207795.53,22.95,207818.48,0.9999,持有
2023-07-10,27.80,0.95,0.0352,208695.91,22.95,208718.86,0.9999,持有
2023-07-11,28.02,0.96,0.0396,210368.05,22.95,210391.00,0.9999,持有
2023-07-12,28.44,0.97,0.0462,213519.39,22.95,213542.34,0.9999,持有
2023-07-13,28.80,0.93,0.0274,216166.30,22.95,216189.26,0.9999,持有
2023-07-14,28.87,0.94,0.0283,216709.27,22.95,216732.22,0.9999,持有
2023-07-17,28.61,0.93,0.0248,214808.90,22.95,214831.86,0.9999,持有
2023-07-18,28.44,0.92,0.0234,213519.37,22.95,213542.32,0.9999,持有
2023-07-19,28.55,0.93,0.0243,214333.81,22.95,214356.76,0.9999,持有
2023-07-20,28.65,0.93,0.0261,215080.38,22.95,215103.34,0.9999,持有
2023-07-21,28.75,0.93,0.0269,215826.95,22.95,215849.91,0.9999,持有
2023-07-24,28.43,0.92,0.0227,213451.50,22.95,213474.45,0.9999,持有
2023-07-25,30.08,0.97,0.0484,225803.86,22.95,225826.81,0.9999,持有
2023-07-26,30.15,0.98,0.0492,226346.82,22.95,226369.77,0.9999,持有
2023-07-27,30.43,0.99,0.0530,228450.79,22.95,228473.75,0.9999,持有
2023-07-28,31.73,1.03,0.0664,238224.09,22.95,238247.04,0.9999,持有
2023-07-31,32.15,1.04,0.0728,241346.12,22.95,241369.07,0.9999,持有
2023-08-01,31.63,1.03,0.0651,237477.52,22.95,237500.47,0.9999,持有
2023-08-02,30.77,1.00,0.0562,230961.99,22.95,230984.94,0.9999,持有
2023-08-03,31.35,1.02,0.0628,235373.55,22.95,235396.50,0.9999,持有
2023-08-04,31.53,1.02,0.0646,236730.95,22.95,236753.90,0.9999,持有
2023-08-07,31.19,1.01,0.0595,234151.88,22.95,234174.84,0.9999,持有
2023-08-08,30.87,1.00,0.0573,231776.43,22.95,231799.38,0.9999,持有
2023-08-09,30.76,1.00,0.0562,230894.12,22.95,230917.07,0.9999,持有
2023-08-10,30.87,1.00,0.0575,231708.56,22.95,231731.51,0.9999,持有
2023-08-11,29.97,0.97,0.0471,224989.42,22.95,225012.37,0.9999,持有
2023-08-14,29.35,0.95,0.0372,220306.38,22.95,220329.33,0.9999,持有
2023-08-15,29.26,0.95,0.0357,219627.68,22.95,219650.63,0.9999,持有
2023-08-16,28.90,0.94,0.0304,216980.75,22.95,217003.70,0.9999,持有
2023-08-17,28.74,0.93,0.0271,215759.08,22.95,215782.04,0.9999,持有
2023-08-18,28.82,0.93,0.0293,216369.92,22.95,216392.87,0.9999,持有
2023-08-21,28.14,0.91,0.0158,211279.66,22.95,211302.61,0.9999,持有
2023-08-22,28.32,0.92,0.0200,212569.19,22.95,212592.14,0.9999,持有
2023-08-23,27.89,0.90,0.0125,209379.29,22.95,209402.25,0.9999,持有
2023-08-24,28.08,0.91,0.0149,210804.57,22.95,210827.52,0.9999,持有
2023-08-25,28.53,0.92,0.0250,214198.07,22.95,214221.02,0.9999,持有
2023-08-28,29.17,0.95,0.0382,218948.98,22.95,218971.93,0.9999,持有
2023-08-29,28.97,0.94,0.0349,217455.84,22.95,217478.79,0.9999,持有
2023-08-30,28.62,0.93,0.0288,214876.77,22.95,214899.73,0.9999,持有
2023-08-31,28.52,0.93,0.0274,214130.20,22.95,214153.15,0.9999,持有
2023-09-01,29.18,0.95,0.0391,219016.85,22.95,219039.80,0.9999,持有
2023-09-04,30.31,0.99,0.0566,227568.48,22.95,227591.44,0.9999,持有
2023-09-05,29.93,0.97,0.0515,224717.94,22.95,224740.89,0.9999,持有
2023-09-06,30.16,0.98,0.0546,226414.69,22.95,226437.64,0.9999,持有
2023-09-07,29.96,0.98,0.0522,224921.55,22.95,224944.50,0.9999,持有
2023-09-08,29.99,0.98,0.0528,225125.16,22.95,225148.11,0.9999,持有
2023-09-11,29.75,0.97,0.0495,223360.54,22.95,223383.49,0.9999,持有
2023-09-12,29.73,0.97,0.0491,223156.93,22.95,223179.88,0.9999,持有
2023-09-13,29.61,0.96,0.0478,222274.61,22.95,222297.57,0.9999,持有
2023-09-14,29.90,0.97,0.0519,224446.46,22.95,224469.41,0.9999,持有
2023-09-15,29.80,0.97,0.0506,223699.89,22.95,223722.84,0.9999,持有
2023-09-18,29.85,0.97,0.0514,224107.11,22.95,224130.06,0.9999,持有
2023-09-19,29.80,0.97,0.0506,223699.89,22.95,223722.84,0.9999,持有
2023-09-20,29.59,0.96,0.0470,222138.87,22.95,222161.83,0.9999,持有
2023-09-21,29.27,0.95,0.0407,219695.55,22.95,219718.50,0.9999,持有
2023-09-22,30.14,0.98,0.0564,226278.95,22.95,226301.90,0.9999,持有
2023-09-25,29.84,0.97,0.0518,223971.37,22.95,223994.32,0.9999,持有
2023-09-26,29.65,0.97,0.0490,222613.97,22.95,222636.92,0.9999,持有
2023-09-27,29.67,0.97,0.0492,222749.71,22.95,222772.66,0.9999,持有
2023-09-28,29.81,0.97,0.0518,223767.76,22.95,223790.71,0.9999,持有
2023-10-09,29.46,0.96,0.0448,221120.82,22.95,221143.78,0.9999,持有
2023-10-10,29.46,0.96,0.0452,221188.69,22.95,221211.65,0.9999,持有
2023-10-11,29.34,0.96,0.0419,220238.51,22.95,220261.46,0.9999,持有
2023-10-12,29.90,0.97,0.0544,224446.46,22.95,224469.41,0.9999,持有
2023-10-13,29.48,0.96,0.0461,221324.43,22.95,221347.39,0.9999,持有
2023-10-16,29.21,0.95,0.0399,219288.33,22.95,219311.28,0.9999,持有
2023-10-17,29.40,0.96,0.0443,220713.60,22.95,220736.56,0.9999,持有
2023-10-18,29.37,0.96,0.0441,220509.99,22.95,220532.94,0.9999,持有
2023-10-19,28.54,0.93,0.0277,214265.94,22.95,214288.89,0.9999,持有
2023-10-20,28.61,0.93,0.0286,214808.90,22.95,214831.86,0.9999,持有
2023-10-23,28.23,0.92,0.0216,211958.36,22.95,211981.31,0.9999,持有
2023-10-24,28.30,0.92,0.0235,212433.45,22.95,212456.40,0.9999,持有
2023-10-25,28.41,0.92,0.0257,213247.89,22.95,213270.84,0.9999,持有
2023-10-26,28.48,0.93,0.0268,213790.85,22.95,213813.80,0.9999,持有
2023-10-27,28.51,0.93,0.0277,213994.46,22.95,214017.41,0.9999,持有
2023-10-30,27.94,0.87,0.0017,209718.64,22.95,209741.60,0.9999,持有
2023-10-31,27.81,0.87,0.0009,208768.46,22.95,208791.42,0.9999,持有
2023-11-01,27.53,0.86,0.0002,206664.49,22.95,206687.44,0.9999,持有
2023-11-02,27.74,0.87,0.0009,208225.50,22.95,208248.45,0.9999,持有
2023-11-03,28.02,0.88,0.0028,210329.48,22.95,210352.43,0.9999,持有
2023-11-06,28.15,0.88,0.0044,211347.53,22.95,211370.48,0.9999,持有
2023-11-07,27.85,0.87,0.0017,209039.94,22.95,209062.90,0.9999,持有
2023-11-08,27.67,0.87,0.0007,207682.54,22.95,207705.49,0.9999,持有
2023-11-09,27.72,0.87,0.0011,208089.76,22.95,208112.71,0.9999,持有
2023-11-10,27.27,0.85,0.0002,204696.26,22.95,204719.21,0.9999,持有
2023-11-13,26.96,0.84,0.0000,202388.67,22.95,202411.63,0.9999,持有
2023-11-14,27.30,0.85,0.0007,204967.74,22.95,204990.69,0.9999,持有
2023-11-15,27.70,0.87,0.0015,207954.02,22.95,207976.97,0.9999,持有
2023-11-16,27.61,0.86,0.0013,207275.32,22.95,207298.27,0.9999,持有
2023-11-17,27.42,0.86,0.0009,205850.05,22.95,205873.00,0.9999,持有
2023-11-20,27.65,0.86,0.0017,207546.80,22.95,207569.75,0.9999,持有
2023-11-21,27.51,0.86,0.0011,206528.75,22.95,206551.70,0.9999,持有
2023-11-22,27.27,0.85,0.0004,204696.26,22.95,204719.21,0.9999,持有
2023-11-23,27.25,0.85,0.0004,204560.52,22.95,204583.47,0.9999,持有
2023-11-24,27.12,0.85,0.0004,203610.33,22.95,203633.29,0.9999,持有
2023-11-27,26.58,0.83,0.0000,199538.13,22.95,199561.08,0.9999,持有
2023-11-28,26.36,0.82,0.0000,197909.24,22.95,197932.20,0.9999,持有
2023-11-29,26.04,0.81,0.0000,195465.92,22.95,195488.87,0.9999,持有
2023-11-30,26.03,0.81,0.0000,195398.05,22.95,195421.00,0.9999,持有
2023-12-01,25.55,0.80,0.0000,191800.93,22.95,191823.89,0.9999,持有
2023-12-04,25.39,0.79,0.0000,190579.27,22.95,190602.23,0.9999,持有
2023-12-05,24.87,0.78,0.0000,186710.68,22.95,186733.63,0.9999,持有
2023-12-06,25.10,0.79,0.0002,188407.43,22.95,188430.38,0.9999,持有
2023-12-07,25.14,0.79,0.0004,188746.78,22.95,188769.73,0.9999,持有
2023-12-08,24.86,0.78,0.0000,186642.81,22.95,186665.76,0.9999,持有
2023-12-12,25.36,0.79,0.0009,190375.66,22.95,190398.62,0.9999,持有
2023-12-13,24.61,0.77,0.0000,184742.44,22.95,184765.40,0.9999,持有
2023-12-14,24.44,0.76,0.0000,183452.91,22.95,183475.86,0.9999,持有
2023-12-15,24.62,0.77,0.0004,184810.31,22.95,184833.27,0.9999,持有
2023-12-18,24.66,0.77,0.0006,185149.66,22.95,185172.62,0.9999,持有
2023-12-19,24.67,0.77,0.0009,185217.53,22.95,185240.49,0.9999,持有
2023-12-20,24.46,0.77,0.0002,183656.52,22.95,183679.47,0.9999,持有
2023-12-21,25.05,0.78,0.0017,188068.08,22.95,188091.03,0.9999,持有
2023-12-22,24.96,0.78,0.0017,187389.38,22.95,187412.33,0.9999,持有
2023-12-25,24.89,0.78,0.0017,186846.42,22.95,186869.37,0.9999,持有
2023-12-26,24.65,0.77,0.0009,185081.79,22.95,185104.75,0.9999,持有
2023-12-27,24.68,0.77,0.0015,185285.40,22.95,185308.36,0.9999,持有
2023-12-28,25.31,0.79,0.0032,189968.44,22.95,189991.39,0.9999,持有
2023-12-29,25.15,0.79,0.0032,188814.65,22.95,188837.60,0.9999,持有
2024-01-02,24.93,0.78,0.0024,187185.77,22.95,187208.72,0.9999,持有
2024-01-03,25.11,0.79,0.0032,188475.30,22.95,188498.25,0.9999,持有
2024-01-04,25.14,0.79,0.0034,188746.78,22.95,188769.73,0.9999,持有
2024-01-05,25.58,0.80,0.0050,192004.55,22.95,192027.50,0.9999,持有
2024-01-08,25.43,0.80,0.0047,190918.62,22.95,190941.58,0.9999,持有
2024-01-09,25.47,0.80,0.0050,191190.10,22.95,191213.06,0.9999,持有
2024-01-10,25.36,0.79,0.0043,190375.66,22.95,190398.62,0.9999,持有
2024-01-11,25.66,0.80,0.0058,192615.38,22.95,192638.33,0.9999,持有
2024-01-12,25.80,0.81,0.0060,193701.30,22.95,193724.25,0.9999,持有
2024-01-15,26.01,0.81,0.0062,195262.31,22.95,195285.26,0.9999,持有
2024-01-16,26.34,0.82,0.0069,197705.63,22.95,197728.59,0.9999,持有
2024-01-17,26.39,0.83,0.0073,198112.86,22.95,198135.81,0.9999,持有
2024-01-18,26.74,0.84,0.0077,200759.79,22.95,200782.74,0.9999,持有
2024-01-19,26.88,0.84,0.0080,201777.84,22.95,201800.79,0.9999,持有
2024-01-22,27.35,0.86,0.0097,205307.09,22.95,205330.04,0.9999,持有
2024-01-23,27.11,0.85,0.0086,203542.46,22.95,203565.42,0.9999,持有
2024-01-24,27.20,0.85,0.0090,204221.17,22.95,204244.12,0.9999,持有
2024-01-25,27.94,0.87,0.0142,209718.64,22.95,209741.60,0.9999,持有
2024-01-26,28.14,0.88,0.0161,211211.79,22.95,211234.74,0.9999,持有
2024-01-29,28.34,0.89,0.0187,212772.80,22.95,212795.75,0.9999,持有
2024-01-30,28.03,0.88,0.0150,210397.35,22.95,210420.30,0.9999,持有
2024-01-31,27.76,0.87,0.0129,208429.11,22.95,208452.06,0.9999,持有
2024-02-01,27.50,0.86,0.0105,206460.88,22.95,206483.83,0.9999,持有
2024-02-02,27.33,0.85,0.0101,205171.35,22.95,205194.30,0.9999,持有
2024-02-05,27.76,0.87,0.0133,208429.11,22.95,208452.06,0.9999,持有
2024-02-06,28.33,0.89,0.0195,212637.06,22.95,212660.01,0.9999,持有
2024-02-07,28.31,0.89,0.0191,212501.32,22.95,212524.27,0.9999,持有
2024-02-08,28.39,0.89,0.0206,213112.15,22.95,213135.10,0.9999,持有
2024-02-19,28.59,0.89,0.0234,214605.29,22.95,214628.25,0.9999,持有
2024-02-20,28.39,0.89,0.0206,213112.15,22.95,213135.10,0.9999,持有
2024-02-21,29.84,0.93,0.0469,223971.37,22.95,223994.32,0.9999,持有
2024-02-22,29.65,0.93,0.0426,222613.97,22.95,222636.92,0.9999,持有
2024-02-23,29.79,0.93,0.0454,223632.02,22.95,223654.97,0.9999,持有
2024-02-26,29.16,0.91,0.0315,218881.11,22.95,218904.06,0.9999,持有
2024-02-27,29.09,0.91,0.0304,218406.02,22.95,218428.97,0.9999,持有
2024-02-28,28.95,0.91,0.0285,217320.10,22.95,217343.05,0.9999,持有
2024-02-29,28.97,0.91,0.0287,217455.84,22.95,217478.79,0.9999,持有
2024-03-01,28.88,0.90,0.0274,216777.14,22.95,216800.09,0.9999,持有
2024-03-04,28.50,0.89,0.0227,213926.59,22.95,213949.54,0.9999,持有
2024-03-05,29.09,0.91,0.0312,218406.02,22.95,218428.97,0.9999,持有
2024-03-06,28.81,0.90,0.0267,216302.04,22.95,216325.00,0.9999,持有
2024-03-07,28.93,0.90,0.0291,217184.36,22.95,217207.31,0.9999,持有
2024-03-08,28.63,0.90,0.0239,214944.64,22.95,214967.60,0.9999,持有
2024-03-11,28.46,0.89,0.0227,213655.11,22.95,213678.06,0.9999,持有
2024-03-12,28.89,0.90,0.0291,216845.01,22.95,216867.96,0.9999,持有
2024-03-13,28.50,0.89,0.0229,213926.59,22.95,213949.54,0.9999,持有
2024-03-14,28.25,0.88,0.0184,212094.10,22.95,212117.05,0.9999,持有
2024-03-15,28.19,0.88,0.0179,211619.01,22.95,211641.96,0.9999,持有
2024-03-18,28.14,0.88,0.0175,211279.66,22.95,211302.61,0.9999,持有
2024-03-19,27.85,0.87,0.0141,209039.94,22.95,209062.90,0.9999,持有
2024-03-20,28.19,0.88,0.0184,211619.01,22.95,211641.96,0.9999,持有
2024-03-21,28.52,0.89,0.0243,214130.20,22.95,214153.15,0.9999,持有
2024-03-22,28.21,0.88,0.0190,211754.75,22.95,211777.70,0.9999,持有
2024-03-25,28.34,0.89,0.0213,212772.80,22.95,212795.75,0.9999,持有
2024-03-26,29.29,0.88,0.0192,219899.16,22.95,219922.11,0.9999,持有
2024-03-27,29.20,0.88,0.0173,219220.46,22.95,219243.41,0.9999,持有
2024-03-28,29.09,0.88,0.0160,218406.02,22.95,218428.97,0.9999,持有
2024-03-29,29.11,0.88,0.0164,218541.76,22.95,218564.71,0.9999,持有
2024-04-01,29.51,0.89,0.0239,221528.04,22.95,221551.00,0.9999,持有
2024-04-02,29.43,0.89,0.0222,220917.21,22.95,220940.17,0.9999,持有
2024-04-03,29.14,0.88,0.0170,218745.37,22.95,218768.32,0.9999,持有
2024-04-08,29.29,0.88,0.0200,219899.16,22.95,219922.11,0.9999,持有
2024-04-09,29.21,0.88,0.0181,219288.33,22.95,219311.28,0.9999,持有
2024-04-10,29.37,0.88,0.0215,220509.99,22.95,220532.94,0.9999,持有
2024-04-11,29.20,0.88,0.0179,219220.46,22.95,219243.41,0.9999,持有
2024-04-12,29.04,0.87,0.0157,217998.80,22.95,218021.75,0.9999,持有
2024-04-15,29.68,0.89,0.0283,222817.58,22.95,222840.53,0.9999,持有
2024-04-16,29.61,0.89,0.0272,222274.61,22.95,222297.57,0.9999,持有
2024-04-17,30.11,0.91,0.0359,226007.47,22.95,226030.42,0.9999,持有
2024-04-18,30.42,0.92,0.0427,228382.92,22.95,228405.88,0.9999,持有
2024-04-19,30.40,0.92,0.0414,228179.31,22.95,228202.27,0.9999,持有
2024-04-22,30.14,0.91,0.0368,226278.95,22.95,226301.90,0.9999,持有
2024-04-23,30.18,0.91,0.0372,226550.43,22.95,226573.38,0.9999,持有
2024-04-24,30.25,0.91,0.0384,227093.39,22.95,227116.35,0.9999,持有
2024-04-25,31.10,0.94,0.0580,233473.18,22.95,233496.14,0.9999,持有
2024-04-26,31.17,0.94,0.0590,234016.14,22.95,234039.10,0.9999,持有
2024-04-29,31.53,0.95,0.0652,236730.95,22.95,236753.90,0.9999,持有
2024-04-30,31.02,0.89,0.0284,232862.35,22.95,232885.31,0.9999,持有
2024-05-06,31.53,0.91,0.0371,236730.95,22.95,236753.90,0.9999,持有
2024-05-07,31.53,0.91,0.0369,236663.08,22.95,236686.03,0.9999,持有
2024-05-08,31.25,0.90,0.0316,234626.98,22.95,234649.93,0.9999,持有
2024-05-09,31.50,0.91,0.0369,236459.47,22.95,236482.42,0.9999,持有
2024-05-10,32.20,0.93,0.0519,241753.34,22.95,241776.29,0.9999,持有
2024-05-13,32.47,0.94,0.0581,243721.57,22.95,243744.52,0.9999,持有
2024-05-14,31.95,0.92,0.0468,239852.97,22.95,239875.93,0.9999,持有
2024-05-15,31.69,0.91,0.0411,237884.74,22.95,237907.69,0.9999,持有
2024-05-16,32.77,0.94,0.0637,246029.15,22.95,246052.11,0.9999,持有
2024-05-17,33.32,0.96,0.0743,250101.36,22.95,250124.31,0.9999,持有
2024-05-20,32.89,0.95,0.0656,246911.47,22.95,246934.42,0.9999,持有
2024-05-21,32.76,0.94,0.0637,245961.28,22.95,245984.24,0.9999,持有
2024-05-22,32.60,0.94,0.0607,244739.62,22.95,244762.57,0.9999,持有
2024-05-23,32.10,0.92,0.0503,240938.90,22.95,240961.85,0.9999,持有
2024-05-24,31.41,0.90,0.0347,235780.77,22.95,235803.72,0.9999,持有
2024-05-27,31.77,0.92,0.0431,238495.57,22.95,238518.52,0.9999,持有
2024-05-28,31.49,0.91,0.0364,236391.60,22.95,236414.55,0.9999,持有
2024-05-29,31.25,0.90,0.0315,234626.98,22.95,234649.93,0.9999,持有
2024-05-30,31.05,0.89,0.0285,233065.96,22.95,233088.92,0.9999,持有
2024-05-31,30.99,0.89,0.0275,232658.74,22.95,232681.69,0.9999,持有
2024-06-03,30.87,0.89,0.0258,231776.43,22.95,231799.38,0.9999,持有
2024-06-04,31.23,0.90,0.0317,234423.36,22.95,234446.32,0.9999,持有
2024-06-05,30.73,0.89,0.0220,230690.51,22.95,230713.46,0.9999,持有
2024-06-06,30.74,0.89,0.0224,230758.38,22.95,230781.33,0.9999,持有
2024-06-07,30.73,0.89,0.0220,230690.51,22.95,230713.46,0.9999,持有
2024-06-11,30.16,0.87,0.0135,226414.69,22.95,226437.64,0.9999,持有
2024-06-12,29.92,0.86,0.0112,224582.20,22.95,224605.15,0.9999,持有
2024-06-13,29.67,0.85,0.0099,222749.71,22.95,222772.66,0.9999,持有
2024-06-14,30.57,0.88,0.0198,229468.85,22.95,229491.80,0.9999,持有
2024-06-17,30.49,0.88,0.0181,228925.89,22.95,228948.84,0.9999,持有
2024-06-18,30.48,0.88,0.0177,228790.15,22.95,228813.10,0.9999,持有
2024-06-19,30.87,0.89,0.0276,231776.43,22.95,231799.38,0.9999,持有
2024-06-20,30.75,0.89,0.0244,230826.25,22.95,230849.20,0.9999,持有
2024-06-21,30.47,0.88,0.0173,228722.28,22.95,228745.23,0.9999,持有
2024-06-24,30.80,0.89,0.0261,231233.47,22.95,231256.42,0.9999,持有
2024-06-25,31.01,0.89,0.0314,232794.48,22.95,232817.43,0.9999,持有
2024-06-26,30.79,0.89,0.0261,231165.60,22.95,231188.55,0.9999,持有
2024-06-27,30.97,0.89,0.0303,232523.00,22.95,232545.95,0.9999,持有
2024-06-28,30.91,0.89,0.0297,232047.91,22.95,232070.86,0.9999,持有
2024-07-01,31.06,0.89,0.0330,233201.70,22.95,233224.66,0.9999,持有
2024-07-02,31.72,0.91,0.0467,238088.35,22.95,238111.30,0.9999,持有
2024-07-03,31.15,0.90,0.0347,233880.40,22.95,233903.36,0.9999,持有
2024-07-04,31.38,0.90,0.0391,235577.16,22.95,235600.11,0.9999,持有
2024-07-05,30.63,0.88,0.0217,229943.94,22.95,229966.89,0.9999,持有
2024-07-08,30.73,0.89,0.0235,230690.51,22.95,230713.46,0.9999,持有
2024-07-09,31.16,0.90,0.0353,233948.27,22.95,233971.23,0.9999,持有
2024-07-10,31.35,0.90,0.0387,235373.55,22.95,235396.50,0.9999,持有
2024-07-11,31.54,0.86,0.0105,236740.74,22.95,236763.70,0.9999,持有
2024-07-12,32.59,0.89,0.0246,244656.09,22.95,244679.04,0.9999,持有
2024-07-15,32.38,0.88,0.0193,243073.02,22.95,243095.97,0.9999,持有
2024-07-16,32.39,0.88,0.0199,243144.98,22.95,243167.93,0.9999,持有
2024-07-17,32.66,0.89,0.0275,245159.79,22.95,245182.74,0.9999,持有
2024-07-18,32.68,0.89,0.0279,245303.71,22.95,245326.66,0.9999,持有
2024-07-19,32.83,0.89,0.0319,246455.03,22.95,246477.98,0.9999,持有
2024-07-22,31.96,0.87,0.0136,239906.88,22.95,239929.83,0.9999,持有
2024-07-23,31.96,0.87,0.0136,239906.88,22.95,239929.83,0.9999,持有
2024-07-24,31.80,0.86,0.0122,238755.56,22.95,238778.51,0.9999,持有
2024-07-25,31.47,0.85,0.0101,236237.04,22.95,236259.99,0.9999,持有
2024-07-26,31.03,0.84,0.0080,232926.99,22.95,232949.94,0.9999,持有
2024-07-29,31.10,0.84,0.0084,233502.65,22.95,233525.60,0.9999,持有
2024-07-30,31.08,0.84,0.0084,233286.78,22.95,233309.73,0.9999,持有
2024-07-31,31.37,0.85,0.0096,235517.46,22.95,235540.42,0.9999,持有
2024-08-01,31.35,0.85,0.0096,235373.55,22.95,235396.50,0.9999,持有
2024-08-02,30.94,0.84,0.0077,232279.37,22.95,232302.32,0.9999,持有
2024-08-05,30.77,0.84,0.0075,230984.13,22.95,231007.08,0.9999,持有
2024-08-06,30.39,0.83,0.0071,228105.82,22.95,228128.78,0.9999,持有
2024-08-07,30.27,0.82,0.0067,227242.33,22.95,227265.28,0.9999,持有
2024-08-08,30.61,0.83,0.0079,229760.85,22.95,229783.80,0.9999,持有
2024-08-09,30.99,0.84,0.0090,232639.16,22.95,232662.11,0.9999,持有
2024-08-12,30.79,0.84,0.0084,231128.05,22.95,231151.00,0.9999,持有
2024-08-13,30.62,0.83,0.0082,229832.81,22.95,229855.76,0.9999,持有
2024-08-14,30.54,0.83,0.0077,229257.15,22.95,229280.10,0.9999,持有
2024-08-15,31.40,0.85,0.0125,235733.34,22.95,235756.29,0.9999,持有
2024-08-16,31.78,0.86,0.0152,238539.69,22.95,238562.64,0.9999,持有
2024-08-19,32.03,0.87,0.0186,240482.54,22.95,240505.50,0.9999,持有
2024-08-20,32.09,0.87,0.0198,240914.29,22.95,240937.24,0.9999,持有
2024-08-21,31.86,0.87,0.0163,239187.30,22.95,239210.26,0.9999,持有
2024-08-22,31.92,0.87,0.0171,239619.05,22.95,239642.00,0.9999,持有
2024-08-23,32.30,0.88,0.0223,242497.36,22.95,242520.31,0.9999,持有
2024-08-26,32.37,0.88,0.0242,243001.06,22.95,243024.01,0.9999,持有
2024-08-27,32.30,0.88,0.0223,242497.36,22.95,242520.31,0.9999,持有
2024-08-28,32.28,0.88,0.0221,242353.44,22.95,242376.40,0.9999,持有
2024-08-29,31.56,0.86,0.0140,236956.62,22.95,236979.57,0.9999,持有
2024-08-30,30.82,0.84,0.0104,231343.92,22.95,231366.87,0.9999,持有
2024-09-02,30.61,0.84,0.0092,229760.85,22.95,229783.80,0.9999,持有
2024-09-03,30.31,0.83,0.0079,227530.16,22.95,227553.11,0.9999,持有
2024-09-04,30.06,0.82,0.0071,225659.26,22.95,225682.22,0.9999,持有
2024-09-05,29.91,0.82,0.0067,224507.94,22.95,224530.89,0.9999,持有
2024-09-06,29.95,0.82,0.0069,224867.73,22.95,224890.68,0.9999,持有
2024-09-09,28.99,0.79,0.0048,217600.00,22.95,217622.96,0.9999,持有
2024-09-10,28.94,0.79,0.0046,217240.21,22.95,217263.17,0.9999,持有
2024-09-11,28.83,0.79,0.0040,216448.68,22.95,216471.63,0.9999,持有
2024-09-12,28.98,0.79,0.0052,217528.05,22.95,217551.00,0.9999,持有
2024-09-13,29.33,0.80,0.0067,220190.48,22.95,220213.43,0.9999,持有
2024-09-18,29.82,0.82,0.0077,223860.32,22.95,223883.27,0.9999,持有
2024-09-19,29.54,0.81,0.0071,221773.55,22.95,221796.50,0.9999,持有
2024-09-20,29.66,0.81,0.0073,222637.04,22.95,222659.99,0.9999,持有
2024-09-23,30.09,0.82,0.0096,225875.14,22.95,225898.09,0.9999,持有
2024-09-24,31.76,0.87,0.0227,238395.77,22.95,238418.72,0.9999,持有
2024-09-25,32.73,0.90,0.0457,245735.45,22.95,245758.41,0.9999,持有
2024-09-26,33.91,0.93,0.0717,254586.25,22.95,254609.20,0.9999,持有
2024-09-27,34.15,0.94,0.0760,256385.19,22.95,256408.14,0.9999,持有
2024-09-30,36.05,0.99,0.1076,270632.81,22.95,270655.76,0.9999,持有
2024-10-08,38.34,1.05,0.1318,287830.69,22.95,287853.64,0.9999,持有
2024-10-09,35.48,0.97,0.0998,266315.35,22.95,266338.30,0.9999,持有
2024-10-10,37.12,1.02,0.1183,278692.07,22.95,278715.02,0.9999,持有
2024-10-11,36.84,1.01,0.1139,276533.34,22.95,276556.29,0.9999,持有
2024-10-14,37.70,1.03,0.1253,283009.53,22.95,283032.48,0.9999,持有
2024-10-15,36.90,1.01,0.1151,277037.04,22.95,277059.99,0.9999,持有
2024-10-16,37.86,1.04,0.1267,284232.81,22.95,284255.76,0.9999,持有
2024-10-17,36.89,1.01,0.1148,276965.08,22.95,276988.04,0.9999,持有
2024-10-18,37.43,1.03,0.1215,280994.71,22.95,281017.67,0.9999,持有
2024-10-21,37.24,1.02,0.1196,279555.56,22.95,279578.51,0.9999,持有
2024-10-22,37.55,1.03,0.1226,281858.20,22.95,281881.16,0.9999,持有
2024-10-23,38.02,1.04,0.1295,285384.13,22.95,285407.08,0.9999,持有
2024-10-24,37.68,1.03,0.1259,282865.61,22.95,282888.57,0.9999,持有
2024-10-25,37.48,1.03,0.1222,281354.50,22.95,281377.45,0.9999,持有
2024-10-28,36.92,1.01,0.1155,277180.96,22.95,277203.91,0.9999,持有
2024-10-29,37.00,1.01,0.1169,277756.62,22.95,277779.57,0.9999,持有
2024-10-30,36.31,0.95,0.0867,272575.66,22.95,272598.62,0.9999,持有
2024-10-31,35.81,0.94,0.0786,268833.87,22.95,268856.82,0.9999,持有
2024-11-01,36.43,0.96,0.0900,273511.11,22.95,273534.07,0.9999,持有
2024-11-04,37.14,0.98,0.1022,278835.98,22.95,278858.94,0.9999,持有
2024-11-05,37.46,0.98,0.1059,281210.59,22.95,281233.54,0.9999,持有
2024-11-06,36.96,0.97,0.0988,277468.79,22.95,277491.74,0.9999,持有
2024-11-07,37.93,1.00,0.1108,284736.51,22.95,284759.46,0.9999,持有
2024-11-08,37.19,0.98,0.1033,279195.77,22.95,279218.72,0.9999,持有
2024-11-11,36.74,0.96,0.0954,275813.76,22.95,275836.71,0.9999,持有
2024-11-12,36.03,0.95,0.0822,270488.89,22.95,270511.85,0.9999,持有
2024-11-13,36.25,0.95,0.0861,272143.92,22.95,272166.87,0.9999,持有
2024-11-14,36.48,0.96,0.0910,273870.90,22.95,273893.86,0.9999,持有
2024-11-15,36.25,0.95,0.0861,272143.92,22.95,272166.87,0.9999,持有
2024-11-18,36.33,0.95,0.0875,272719.58,22.95,272742.53,0.9999,持有
2024-11-19,36.16,0.95,0.0840,271424.34,22.95,271447.30,0.9999,持有
2024-11-20,35.93,0.94,0.0802,269697.36,22.95,269720.31,0.9999,持有
2024-11-21,35.88,0.94,0.0794,269337.57,22.95,269360.52,0.9999,持有
2024-11-22,34.94,0.92,0.0616,262285.72,22.95,262308.67,0.9999,持有
2024-11-25,34.72,0.91,0.0565,260630.69,22.95,260653.64,0.9999,持有
2024-11-26,34.88,0.92,0.0602,261853.97,22.95,261876.92,0.9999,持有
2024-11-27,35.08,0.92,0.0655,263365.08,22.95,263388.04,0.9999,持有
2024-11-28,34.96,0.92,0.0626,262429.63,22.95,262452.59,0.9999,持有
2024-11-29,34.83,0.91,0.0591,261494.18,22.95,261517.14,0.9999,持有
2024-12-02,35.00,0.92,0.0636,262717.46,22.95,262740.42,0.9999,持有
2024-12-03,35.58,0.93,0.0760,267106.88,22.95,267129.83,0.9999,持有
2024-12-04,35.28,0.93,0.0698,264876.19,22.95,264899.15,0.9999,持有
2024-12-05,35.38,0.93,0.0722,265595.77,22.95,265618.72,0.9999,持有
2024-12-06,36.14,0.95,0.0860,271280.43,22.95,271303.38,0.9999,持有
2024-12-09,36.14,0.95,0.0860,271280.43,22.95,271303.38,0.9999,持有
2024-12-10,37.00,0.97,0.1035,277756.62,22.95,277779.57,0.9999,持有
2024-12-11,36.71,0.96,0.0983,275597.89,22.95,275620.84,0.9999,持有
2024-12-12,37.19,0.98,0.1075,279195.77,22.95,279218.72,0.9999,持有
2024-12-13,35.75,0.94,0.0793,268402.12,22.95,268425.07,0.9999,持有
2024-12-16,36.18,0.95,0.0873,271568.26,22.95,271591.21,0.9999,持有
2024-12-17,36.28,0.95,0.0900,272359.79,22.95,272382.74,0.9999,持有
2024-12-18,36.92,0.97,0.1029,277180.96,22.95,277203.91,0.9999,持有
2024-12-19,36.44,0.96,0.0943,273583.07,22.95,273606.03,0.9999,持有
2024-12-20,36.34,0.95,0.0910,272791.54,22.95,272814.49,0.9999,持有
2024-12-23,36.76,0.97,0.1010,275957.68,22.95,275980.63,0.9999,持有
2024-12-24,37.59,0.99,0.1135,282217.99,22.95,282240.95,0.9999,持有
2024-12-25,37.77,0.99,0.1159,283513.23,22.95,283536.18,0.9999,持有
2024-12-26,37.84,0.99,0.1161,284088.89,22.95,284111.85,0.9999,持有
2024-12-27,37.71,0.99,0.1157,283081.49,22.95,283104.44,0.9999,持有
2024-12-30,37.98,1.00,0.1179,285096.30,22.95,285119.25,0.9999,持有
2024-12-31,37.67,0.99,0.1156,282793.65,22.95,282816.61,0.9999,持有
2025-01-02,36.91,0.97,0.1033,277109.00,22.95,277131.95,0.9999,持有
2025-01-03,37.06,0.97,0.1066,278188.36,22.95,278211.32,0.9999,持有
2025-01-06,37.43,0.98,0.1117,280994.71,22.95,281017.67,0.9999,持有
2025-01-07,37.29,0.98,0.1102,279915.35,22.95,279938.30,0.9999,持有
2025-01-08,37.65,0.99,0.1157,282649.74,22.95,282672.69,0.9999,持有
2025-01-09,37.38,0.98,0.1112,280634.92,22.95,280657.88,0.9999,持有
2025-01-10,37.36,0.98,0.1110,280491.01,22.95,280513.96,0.9999,持有
2025-01-13,37.45,0.98,0.1128,281138.63,22.95,281161.58,0.9999,持有
2025-01-14,38.20,1.00,0.1218,286751.33,22.95,286774.28,0.9999,持有
2025-01-15,38.96,1.02,0.1299,292435.98,22.95,292458.94,0.9999,持有
2025-01-16,39.29,1.03,0.1350,294954.50,22.95,294977.45,0.9999,持有
2025-01-17,39.02,1.02,0.1309,292939.69,22.95,292962.64,0.9999,持有
2025-01-20,38.46,1.01,0.1233,288694.18,22.95,288717.14,0.9999,持有
2025-01-21,38.48,1.01,0.1237,288838.10,22.95,288861.05,0.9999,持有
2025-01-22,37.81,0.99,0.1177,283873.02,22.95,283895.97,0.9999,持有
2025-01-23,38.18,1.00,0.1216,286607.41,22.95,286630.36,0.9999,持有
2025-01-24,38.59,1.01,0.1273,289701.59,22.95,289724.54,0.9999,持有
2025-01-27,38.96,1.02,0.1314,292507.94,22.95,292530.89,0.9999,持有
2025-02-05,38.34,1.01,0.1225,287830.69,22.95,287853.64,0.9999,持有
2025-02-06,38.53,1.01,0.1258,289269.84,22.95,289292.80,0.9999,持有
2025-02-07,38.53,1.01,0.1258,289269.84,22.95,289292.80,0.9999,持有
2025-02-10,38.92,1.02,0.1310,292148.15,22.95,292171.10,0.9999,持有
2025-02-11,39.28,1.03,0.1369,294882.54,22.95,294905.50,0.9999,持有
2025-02-12,39.89,1.05,0.1443,299487.83,22.95,299510.79,0.9999,持有
2025-02-13,39.98,1.05,0.1461,300135.45,22.95,300158.41,0.9999,持有
2025-02-14,40.29,1.06,0.1495,302438.10,22.95,302461.05,0.9999,持有
2025-02-17,39.99,1.05,0.1462,300207.41,22.95,300230.36,0.9999,持有
2025-02-18,40.31,1.06,0.1498,302582.01,22.95,302604.97,0.9999,持有
2025-02-19,40.24,1.06,0.1494,302078.31,22.95,302101.26,0.9999,持有
2025-02-20,40.11,1.05,0.1480,301142.86,22.95,301165.81,0.9999,持有
2025-02-21,39.68,1.04,0.1416,297904.77,22.95,297927.72,0.9999,持有
2025-02-24,39.56,1.04,0.1402,296969.32,22.95,296992.27,0.9999,持有
2025-02-25,39.33,1.03,0.1377,295242.33,22.95,295265.28,0.9999,持有
2025-02-26,39.76,1.04,0.1438,298480.43,22.95,298503.38,0.9999,持有
2025-02-27,40.62,1.07,0.1537,304956.62,22.95,304979.57,0.9999,持有
2025-02-28,40.31,1.06,0.1508,302582.01,22.95,302604.97,0.9999,持有
2025-03-03,40.31,1.06,0.1508,302582.01,22.95,302604.97,0.9999,持有
2025-03-04,40.07,1.05,0.1481,300783.07,22.95,300806.03,0.9999,持有
2025-03-05,41.11,1.08,0.1601,308626.46,22.95,308649.41,0.9999,持有
2025-03-06,41.18,1.08,0.1615,309130.16,22.95,309153.12,0.9999,持有
2025-03-07,41.76,1.10,0.1692,313519.58,22.95,313542.53,0.9999,持有
2025-03-10,41.28,1.08,0.1639,309921.70,22.95,309944.65,0.9999,持有
2025-03-11,41.71,1.10,0.1693,313087.83,22.95,313110.79,0.9999,持有
2025-03-12,41.73,1.10,0.1695,313303.71,22.95,313326.66,0.9999,持有
2025-03-13,42.02,1.10,0.1721,315462.44,22.95,315485.39,0.9999,持有
2025-03-14,43.29,1.14,0.1938,324960.85,22.95,324983.80,0.9999,持有
2025-03-17,43.17,1.13,0.1901,324097.36,22.95,324120.31,0.9999,持有
2025-03-18,43.27,1.14,0.1929,324816.94,22.95,324839.89,0.9999,持有
2025-03-19,44.11,1.16,0.2160,331149.21,22.95,331172.16,0.9999,持有
2025-03-20,43.36,1.14,0.1961,325536.51,22.95,325559.47,0.9999,持有
2025-03-21,42.85,1.12,0.1832,321650.80,22.95,321673.75,0.9999,持有
2025-03-24,43.18,1.13,0.1905,324169.32,22.95,324192.27,0.9999,持有
2025-03-25,43.22,1.13,0.1917,324457.15,22.95,324480.10,0.9999,持有
2025-03-26,40.89,1.03,0.1340,306971.43,22.95,306994.39,0.9999,持有
2025-03-27,41.47,1.04,0.1431,311288.89,22.95,311311.85,0.9999,持有
2025-03-28,41.43,1.04,0.1423,311001.06,22.95,311024.02,0.9999,持有
2025-03-31,41.50,1.04,0.1439,311504.77,22.95,311527.72,0.9999,持有
2025-04-01,41.09,1.03,0.1388,308482.54,22.95,308505.50,0.9999,持有
2025-04-02,40.96,1.03,0.1347,307475.14,22.95,307498.09,0.9999,持有
2025-04-03,40.88,1.03,0.1339,306899.47,22.95,306922.43,0.9999,持有
2025-04-07,39.14,0.98,0.1126,293803.18,22.95,293826.13,0.9999,持有
2025-04-08,39.44,0.99,0.1168,296105.82,22.95,296128.78,0.9999,持有
2025-04-09,38.78,0.98,0.1073,291140.74,22.95,291163.70,0.9999,持有
2025-04-10,39.40,0.99,0.1168,295746.04,22.95,295768.99,0.9999,持有
2025-04-11,39.79,1.00,0.1208,298696.30,22.95,298719.25,0.9999,持有
2025-04-14,39.76,1.00,0.1206,298480.43,22.95,298503.38,0.9999,持有
2025-04-15,40.35,1.02,0.1288,302941.80,22.95,302964.76,0.9999,持有
2025-04-16,40.50,1.02,0.1304,304021.17,22.95,304044.12,0.9999,持有
2025-04-17,40.37,1.02,0.1290,303085.72,22.95,303108.67,0.9999,持有
2025-04-18,40.98,1.03,0.1379,307619.05,22.95,307642.00,0.9999,持有
2025-04-21,40.53,1.02,0.1310,304237.04,22.95,304259.99,0.9999,持有
2025-04-22,40.27,1.01,0.1279,302294.18,22.95,302317.14,0.9999,持有
2025-04-23,40.25,1.01,0.1269,302150.27,22.95,302173.22,0.9999,持有
2025-04-24,40.46,1.02,0.1309,303733.34,22.95,303756.29,0.9999,持有
2025-04-25,40.34,1.01,0.1286,302797.89,22.95,302820.84,0.9999,持有
2025-04-28,40.59,1.02,0.1324,304740.74,22.95,304763.70,0.9999,持有
2025-04-29,40.26,1.01,0.1270,302222.23,22.95,302245.18,0.9999,持有
2025-04-30,39.05,0.96,0.0983,293155.56,22.95,293178.51,0.9999,持有
2025-05-06,39.65,0.98,0.1090,297688.89,22.95,297711.85,0.9999,持有
2025-05-07,40.28,0.99,0.1180,302366.14,22.95,302389.09,0.9999,持有
2025-05-08,41.03,1.01,0.1273,307978.84,22.95,308001.79,0.9999,持有
2025-05-09,41.68,1.03,0.1375,312871.96,22.95,312894.91,0.9999,持有
2025-05-12,41.98,1.04,0.1433,315174.61,22.95,315197.56,0.9999,持有
2025-05-13,42.71,1.05,0.1546,320643.39,22.95,320666.34,0.9999,持有
2025-05-14,42.95,1.06,0.1576,322442.33,22.95,322465.29,0.9999,持有
2025-05-15,43.06,1.06,0.1584,323233.87,22.95,323256.82,0.9999,持有
2025-05-16,42.43,1.05,0.1499,318556.62,22.95,318579.57,0.9999,持有
2025-05-19,42.02,1.04,0.1438,315462.44,22.95,315485.39,0.9999,持有
2025-05-20,42.08,1.04,0.1448,315894.18,22.95,315917.14,0.9999,持有
2025-05-21,42.08,1.04,0.1448,315894.18,22.95,315917.14,0.9999,持有
2025-05-22,42.66,1.05,0.1542,320283.60,22.95,320306.55,0.9999,持有
2025-05-23,42.22,1.04,0.1471,316973.55,22.95,316996.50,0.9999,持有
2025-05-26,41.98,1.04,0.1431,315174.61,22.95,315197.56,0.9999,持有
2025-05-27,41.93,1.04,0.1430,314742.86,22.95,314765.81,0.9999,持有
2025-05-28,41.87,1.03,0.1424,314311.12,22.95,314334.07,0.9999,持有
2025-05-29,41.67,1.03,0.1369,312800.00,22.95,312822.96,0.9999,持有
2025-05-30,41.63,1.03,0.1365,312512.17,22.95,312535.13,0.9999,持有
2025-06-03,42.15,1.04,0.1465,316397.89,22.95,316420.84,0.9999,持有
2025-06-04,42.23,1.04,0.1485,317045.51,22.95,317068.46,0.9999,持有
2025-06-05,42.53,1.05,0.1533,319276.19,22.95,319299.15,0.9999,持有
2025-06-06,42.63,1.05,0.1553,319995.77,22.95,320018.72,0.9999,持有
2025-06-09,42.75,1.06,0.1575,320931.22,22.95,320954.17,0.9999,持有
2025-06-10,42.82,1.06,0.1582,321434.92,22.95,321457.88,0.9999,持有
2025-06-11,43.43,1.07,0.1648,326040.22,22.95,326063.17,0.9999,持有
2025-06-12,43.35,1.07,0.1640,325464.55,22.95,325487.51,0.9999,持有
2025-06-13,43.31,1.07,0.1632,325104.77,22.95,325127.72,0.9999,持有
2025-06-16,43.88,1.08,0.1722,329422.23,22.95,329445.18,0.9999,持有
2025-06-17,44.07,1.09,0.1749,330861.38,22.95,330884.33,0.9999,持有
2025-06-18,43.95,1.08,0.1733,329925.93,22.95,329948.88,0.9999,持有
2025-06-19,43.74,1.08,0.1688,328342.86,22.95,328365.81,0.9999,持有
2025-06-20,44.08,1.09,0.1754,330933.34,22.95,330956.29,0.9999,持有
2025-06-23,44.33,1.09,0.1784,332804.24,22.95,332827.19,0.9999,持有
2025-06-24,44.81,1.11,0.1836,336402.12,22.95,336425.07,0.9999,持有
2025-06-25,45.53,1.12,0.1925,341798.95,22.95,341821.90,0.9999,持有
2025-06-26,45.89,1.13,0.1995,344533.34,22.95,344556.29,0.9999,持有
2025-06-27,44.30,1.09,0.1780,332588.36,22.95,332611.32,0.9999,持有
2025-06-30,44.04,1.09,0.1744,330645.51,22.95,330668.46,0.9999,持有
2025-07-01,44.52,1.10,0.1808,334243.39,22.95,334266.34,0.9999,持有
2025-07-02,44.96,1.11,0.1847,337481.49,22.95,337504.44,0.9999,持有
2025-07-03,44.68,1.10,0.1817,335394.71,22.95,335417.67,0.9999,持有
2025-07-04,45.12,1.11,0.1873,338704.77,22.95,338727.72,0.9999,持有
2025-07-07,45.24,1.12,0.1896,339640.22,22.95,339663.17,0.9999,持有
2025-07-08,45.65,1.13,0.1960,342662.44,22.95,342685.39,0.9999,持有
2025-07-09,45.18,1.12,0.1884,339136.51,22.95,339159.47,0.9999,持有
2025-07-10,46.24,1.14,0.2137,347123.81,22.95,347146.77,0.9999,持有
2025-07-11,45.64,1.08,0.1685,342619.48,22.95,342642.43,0.9999,持有
2025-07-14,45.57,1.08,0.1677,342093.99,22.95,342116.94,0.9999,持有
2025-07-15,45.22,1.07,0.1628,339466.54,22.95,339489.49,0.9999,持有
2025-07-16,45.11,1.07,0.1620,338640.77,22.95,338663.72,0.9999,持有
2025-07-17,45.00,1.06,0.1610,337815.00,22.95,337837.95,0.9999,持有
2025-07-18,45.05,1.07,0.1615,338190.35,22.95,338213.30,0.9999,持有
2025-07-21,44.85,1.06,0.1601,336688.95,22.95,336711.90,0.9999,持有
2025-07-22,44.94,1.06,0.1607,337364.58,22.95,337387.53,0.9999,持有
2025-07-23,45.12,1.07,0.1628,338715.84,22.95,338738.79,0.9999,持有
2025-07-24,44.88,1.06,0.1602,336914.16,22.95,336937.11,0.9999,持有
2025-07-25,44.83,1.06,0.1596,336538.81,22.95,336561.76,0.9999,持有
2025-07-28,44.44,1.05,0.1538,333611.08,22.95,333634.03,0.9999,持有
2025-07-29,44.14,1.04,0.1494,331358.98,22.95,331381.93,0.9999,持有
2025-07-30,44.42,1.05,0.1535,333460.94,22.95,333483.89,0.9999,持有
2025-07-31,44.48,1.05,0.1551,333911.36,22.95,333934.31,0.9999,持有
2025-08-01,44.42,1.05,0.1534,333460.94,22.95,333483.89,0.9999,持有
2025-08-04,44.90,1.06,0.1616,337064.30,22.95,337087.25,0.9999,持有
2025-08-05,45.25,1.07,0.1663,339691.75,22.95,339714.70,0.9999,持有
2025-08-06,45.12,1.07,0.1641,338715.84,22.95,338738.79,0.9999,持有
2025-08-07,45.15,1.07,0.1647,338941.05,22.95,338964.00,0.9999,持有
2025-08-08,44.53,1.05,0.1561,334286.71,22.95,334309.66,0.9999,持有
2025-08-11,44.10,1.04,0.1483,331058.70,22.95,331081.65,0.9999,持有
2025-08-12,44.00,1.04,0.1455,330308.00,22.95,330330.95,0.9999,持有
2025-08-13,43.54,1.03,0.1371,326854.78,22.95,326877.73,0.9999,持有
2025-08-14,43.78,1.04,0.1424,328656.46,22.95,328679.41,0.9999,持有
2025-08-15,43.30,1.02,0.1335,325053.10,22.95,325076.05,0.9999,持有
2025-08-18,43.51,1.03,0.1368,326629.57,22.95,326652.52,0.9999,持有
2025-08-19,43.40,1.03,0.1348,325803.80,22.95,325826.75,0.9999,持有
2025-08-20,43.45,1.03,0.1358,326179.15,22.95,326202.10,0.9999,持有
2025-08-21,43.47,1.03,0.1361,326329.29,22.95,326352.24,0.9999,持有
2025-08-22,43.26,1.02,0.1327,324752.82,22.95,324775.77,0.9999,持有
2025-08-25,43.87,1.04,0.1450,329332.09,22.95,329355.04,0.9999,持有
2025-08-26,43.52,1.03,0.1376,326704.64,22.95,326727.59,0.9999,持有
2025-08-27,43.00,1.02,0.1297,322801.00,22.95,322823.95,0.9999,持有
2025-08-28,42.98,1.02,0.1296,322650.86,22.95,322673.81,0.9999,持有
2025-08-29,42.89,1.01,0.1274,321975.23,22.95,321998.18,0.9999,持有
2025-09-01,41.98,1.00,0.1175,315143.86,22.95,315166.81,0.9999,持有
2025-09-02,43.44,1.03,0.1413,326104.08,22.95,326127.03,0.9999,持有
2025-09-03,42.90,1.02,0.1307,322050.30,22.95,322073.25,0.9999,持有
2025-09-04,43.05,1.02,0.1327,323176.35,22.95,323199.30,0.9999,持有
2025-09-05,42.76,1.02,0.1285,320999.32,22.95,321022.27,0.9999,持有
2025-09-08,42.43,1.01,0.1213,318522.01,22.95,318544.96,0.9999,持有
2025-09-09,42.83,1.02,0.1304,321524.81,22.95,321547.76,0.9999,持有
2025-09-10,43.00,1.02,0.1326,322801.00,22.95,322823.95,0.9999,持有
2025-09-11,43.30,1.03,0.1377,325053.10,22.95,325076.05,0.9999,持有
2025-09-12,42.54,1.01,0.1228,319347.78,22.95,319370.73,0.9999,持有
2025-09-15,42.22,1.00,0.1200,316945.54,22.95,316968.49,0.9999,持有
2025-09-16,41.75,0.99,0.1150,313417.25,22.95,313440.20,0.9999,持有
2025-09-17,41.76,0.99,0.1152,313492.32,22.95,313515.27,0.9999,持有
2025-09-18,40.83,0.97,0.1004,306510.81,22.95,306533.76,0.9999,持有
2025-09-19,41.00,0.97,0.1039,307787.00,22.95,307809.95,0.9999,持有
2025-09-22,40.92,0.97,0.1021,307186.44,22.95,307209.39,0.9999,持有
2025-09-23,41.55,0.99,0.1122,311915.85,22.95,311938.80,0.9999,持有
2025-09-24,41.32,0.98,0.1086,310189.24,22.95,310212.19,0.9999,持有
2025-09-25,40.82,0.97,0.1003,306435.74,22.95,306458.69,0.9999,持有
2025-09-26,40.80,0.97,0.0998,306285.60,22.95,306308.55,0.9999,持有
2025-09-29,40.68,0.97,0.0980,305384.76,22.95,305407.71,0.9999,持有
2025-09-30,40.41,0.96,0.0933,303357.87,22.95,303380.82,0.9999,持有
2025-10-09,40.33,0.96,0.0917,302757.31,22.95,302780.26,0.9999,持有
2025-10-10,40.18,0.95,0.0881,301631.26,22.95,301654.21,0.9999,持有
2025-10-13,40.11,0.95,0.0867,301105.77,22.95,301128.72,0.9999,持有
2025-10-14,41.26,0.98,0.1092,309738.82,22.95,309761.77,0.9999,持有
2025-10-15,41.50,0.99,0.1131,311540.50,22.95,311563.45,0.9999,持有
2025-10-16,41.93,1.00,0.1196,314768.51,22.95,314791.46,0.9999,持有
2025-10-17,41.59,0.99,0.1147,312216.13,22.95,312239.08,0.9999,持有
2025-10-20,41.42,0.98,0.1121,310939.94,22.95,310962.89,0.9999,持有
2025-10-21,41.98,1.00,0.1205,315143.86,22.95,315166.81,0.9999,持有
2025-10-22,41.95,1.00,0.1201,314918.65,22.95,314941.60,0.9999,持有
2025-10-23,42.24,1.00,0.1242,317095.68,22.95,317118.63,0.9999,持有
2025-10-24,41.95,1.00,0.1201,314918.65,22.95,314941.60,0.9999,持有
2025-10-27,41.59,0.99,0.1147,312216.13,22.95,312239.08,0.9999,持有
2025-10-28,41.60,0.99,0.1151,312291.20,22.95,312314.15,0.9999,持有
2025-10-29,40.77,0.97,0.0997,306060.39,22.95,306083.34,0.9999,持有
2025-10-30,41.20,0.95,0.0873,309288.40,22.95,309311.35,0.9999,持有
2025-10-31,40.89,0.95,0.0812,306961.23,22.95,306984.18,0.9999,持有
2025-11-03,41.79,0.97,0.0991,313717.53,22.95,313740.48,0.9999,持有
2025-11-04,43.01,1.00,0.1205,322876.07,22.95,322899.02,0.9999,持有
2025-11-05,42.80,0.99,0.1181,321299.60,22.95,321322.55,0.9999,持有
2025-11-06,42.34,0.98,0.1096,317846.38,22.95,317869.33,0.9999,持有
2025-11-07,42.51,0.98,0.1128,319122.57,22.95,319145.52,0.9999,持有
2025-11-10,42.72,0.99,0.1175,320699.04,22.95,320721.99,0.9999,持有
2025-11-11,42.96,0.99,0.1204,322500.72,22.95,322523.67,0.9999,持有
2025-11-12,42.93,0.99,0.1202,322275.51,22.95,322298.46,0.9999,持有
2025-11-13,43.21,1.00,0.1245,324377.47,22.95,324400.42,0.9999,持有
2025-11-14,43.25,1.00,0.1254,324677.75,22.95,324700.70,0.9999,持有
2025-11-17,42.65,0.99,0.1150,320173.55,22.95,320196.50,0.9999,持有
2025-11-18,42.88,0.99,0.1199,321900.16,22.95,321923.11,0.9999,持有
2025-11-19,43.22,1.00,0.1251,324452.54,22.95,324475.49,0.9999,持有
2025-11-20,43.23,1.00,0.1253,324527.61,22.95,324550.56,0.9999,持有
2025-11-21,43.00,1.00,0.1216,322801.00,22.95,322823.95,0.9999,持有
2025-11-24,42.63,0.99,0.1147,320023.41,22.95,320046.36,0.9999,持有
2025-11-25,43.25,1.00,0.1264,324677.75,22.95,324700.70,0.9999,持有
2025-11-26,43.25,1.00,0.1264,324677.75,22.95,324700.70,0.9999,持有
2025-11-27,43.19,1.00,0.1250,324227.33,22.95,324250.28,0.9999,持有
2025-11-28,42.95,0.99,0.1209,322425.65,22.95,322448.60,0.9999,持有
2025-12-01,43.44,1.01,0.1289,326104.08,22.95,326127.03,0.9999,持有
