日期,收盘价,估值指标,估值分位点,持仓市值,现金,总资产,仓位比例,信号
2015-01-05,26.10,4.12,0.9992,0.00,100000.00,100000.00,0.0000,持有
2015-01-06,26.14,4.12,0.9992,0.00,100000.00,100000.00,0.0000,持有
2015-01-07,27.23,4.29,0.9992,0.00,100000.00,100000.00,0.0000,持有
2015-01-08,26.55,4.19,0.9984,0.00,100000.00,100000.00,0.0000,持有
2015-01-09,26.33,4.15,0.9976,0.00,100000.00,100000.00,0.0000,持有
2015-01-12,25.25,3.98,0.9944,0.00,100000.00,100000.00,0.0000,持有
2015-01-13,24.23,3.82,0.9887,0.00,100000.00,100000.00,0.0000,持有
2015-01-14,24.60,3.88,0.9919,0.00,100000.00,100000.00,0.0000,持有
2015-01-15,25.13,3.96,0.9928,0.00,100000.00,100000.00,0.0000,持有
2015-01-16,24.79,3.91,0.9920,0.00,100000.00,100000.00,0.0000,持有
2015-01-19,22.31,3.52,0.9686,0.00,100000.00,100000.00,0.0000,持有
2015-01-20,20.10,3.17,0.9382,0.00,100000.00,100000.00,0.0000,持有
2015-01-21,21.65,3.41,0.9631,0.00,100000.00,100000.00,0.0000,持有
2015-01-22,21.41,3.38,0.9599,0.00,100000.00,100000.00,0.0000,持有
2015-01-23,22.00,3.47,0.9679,0.00,100000.00,100000.00,0.0000,持有
2015-01-26,21.56,3.40,0.9600,0.00,100000.00,100000.00,0.0000,持有
2015-01-27,21.13,3.33,0.9528,0.00,100000.00,100000.00,0.0000,持有
2015-01-28,21.74,3.43,0.9624,0.00,100000.00,100000.00,0.0000,持有
2015-01-29,21.22,3.35,0.9545,0.00,100000.00,100000.00,0.0000,持有
2015-01-30,20.98,3.31,0.9497,0.00,100000.00,100000.00,0.0000,持有
2015-02-02,20.28,3.20,0.9346,0.00,100000.00,100000.00,0.0000,持有
2015-02-03,21.39,3.37,0.9570,0.00,100000.00,100000.00,0.0000,持有
2015-02-04,21.11,3.33,0.9498,0.00,100000.00,100000.00,0.0000,持有
2015-02-05,21.15,3.34,0.9507,0.00,100000.00,100000.00,0.0000,持有
2015-02-06,21.32,3.36,0.9563,0.00,100000.00,100000.00,0.0000,持有
2015-02-09,22.15,3.49,0.9682,0.00,100000.00,100000.00,0.0000,持有
2015-02-10,22.25,3.51,0.9683,0.00,100000.00,100000.00,0.0000,持有
2015-02-11,22.08,3.48,0.9667,0.00,100000.00,100000.00,0.0000,持有
2015-02-12,21.84,3.44,0.9628,0.00,100000.00,100000.00,0.0000,持有
2015-02-13,21.94,3.46,0.9636,0.00,100000.00,100000.00,0.0000,持有
2015-02-16,21.82,3.44,0.9604,0.00,100000.00,100000.00,0.0000,持有
2015-02-17,21.98,3.47,0.9644,0.00,100000.00,100000.00,0.0000,持有
2015-02-25,21.65,3.41,0.9550,0.00,100000.00,100000.00,0.0000,持有
2015-02-26,22.54,3.55,0.9732,0.00,100000.00,100000.00,0.0000,持有
2015-02-27,22.24,3.51,0.9669,0.00,100000.00,100000.00,0.0000,持有
2015-03-02,22.50,3.55,0.9724,0.00,100000.00,100000.00,0.0000,持有
2015-03-03,21.56,3.40,0.9504,0.00,100000.00,100000.00,0.0000,持有
2015-03-04,21.37,3.37,0.9473,0.00,100000.00,100000.00,0.0000,持有
2015-03-05,21.30,3.36,0.9450,0.00,100000.00,100000.00,0.0000,持有
2015-03-06,21.17,3.34,0.9411,0.00,100000.00,100000.00,0.0000,持有
2015-03-09,20.83,3.29,0.9333,0.00,100000.00,100000.00,0.0000,持有
2015-03-10,20.73,3.27,0.9325,0.00,100000.00,100000.00,0.0000,持有
2015-03-11,20.69,3.26,0.9318,0.00,100000.00,100000.00,0.0000,持有
2015-03-12,21.24,3.35,0.9428,0.00,100000.00,100000.00,0.0000,持有
2015-03-13,21.26,3.35,0.9437,0.00,100000.00,100000.00,0.0000,持有
2015-03-16,21.67,3.42,0.9547,0.00,100000.00,100000.00,0.0000,持有
2015-03-17,22.29,3.52,0.9672,0.00,100000.00,100000.00,0.0000,持有
2015-03-18,22.58,3.56,0.9735,0.00,100000.00,100000.00,0.0000,持有
2015-03-19,22.36,3.53,0.9688,0.00,100000.00,100000.00,0.0000,持有
2015-03-20,24.36,3.84,0.9899,0.00,100000.00,100000.00,0.0000,持有
2015-03-23,25.10,3.96,0.9922,0.00,100000.00,100000.00,0.0000,持有
2015-03-24,24.44,3.61,0.9735,0.00,100000.00,100000.00,0.0000,持有
2015-03-25,24.38,3.60,0.9720,0.00,100000.00,100000.00,0.0000,持有
2015-03-26,24.12,3.56,0.9697,0.00,100000.00,100000.00,0.0000,持有
2015-03-27,24.19,3.57,0.9705,0.00,100000.00,100000.00,0.0000,持有
2015-03-30,24.79,3.66,0.9791,0.00,100000.00,100000.00,0.0000,持有
2015-03-31,24.72,3.65,0.9767,0.00,100000.00,100000.00,0.0000,持有
2015-04-01,25.56,3.77,0.9837,0.00,100000.00,100000.00,0.0000,持有
2015-04-02,25.19,3.72,0.9814,0.00,100000.00,100000.00,0.0000,持有
2015-04-03,25.77,3.80,0.9838,0.00,100000.00,100000.00,0.0000,持有
2015-04-07,26.08,3.85,0.9892,0.00,100000.00,100000.00,0.0000,持有
2015-04-08,27.17,4.01,0.9946,0.00,100000.00,100000.00,0.0000,持有
2015-04-09,26.94,3.98,0.9931,0.00,100000.00,100000.00,0.0000,持有
2015-04-10,26.99,3.98,0.9938,0.00,100000.00,100000.00,0.0000,持有
2015-04-13,26.65,3.93,0.9892,0.00,100000.00,100000.00,0.0000,持有
2015-04-14,26.50,3.91,0.9885,0.00,100000.00,100000.00,0.0000,持有
2015-04-15,25.68,3.79,0.9785,0.00,100000.00,100000.00,0.0000,持有
2015-04-16,26.37,3.89,0.9869,0.00,100000.00,100000.00,0.0000,持有
2015-04-17,26.47,3.91,0.9869,0.00,100000.00,100000.00,0.0000,持有
2015-04-20,25.33,3.74,0.9739,0.00,100000.00,100000.00,0.0000,持有
2015-04-21,26.42,3.90,0.9862,0.00,100000.00,100000.00,0.0000,持有
2015-04-22,28.48,4.20,0.9985,0.00,100000.00,100000.00,0.0000,持有
2015-04-23,27.75,4.10,0.9946,0.00,100000.00,100000.00,0.0000,持有
2015-04-24,26.66,3.94,0.9878,0.00,100000.00,100000.00,0.0000,持有
2015-04-27,26.93,3.97,0.9901,0.00,100000.00,100000.00,0.0000,持有
2015-04-28,26.74,3.95,0.9870,0.00,100000.00,100000.00,0.0000,持有
2015-04-29,26.80,3.96,0.9870,0.00,100000.00,100000.00,0.0000,持有
2015-04-30,25.88,3.64,0.9611,0.00,100000.00,100000.00,0.0000,持有
2015-05-04,25.42,3.58,0.9535,0.00,100000.00,100000.00,0.0000,持有
2015-05-05,24.91,3.50,0.9414,0.00,100000.00,100000.00,0.0000,持有
2015-05-06,25.07,3.53,0.9460,0.00,100000.00,100000.00,0.0000,持有
2015-05-07,24.98,3.51,0.9422,0.00,100000.00,100000.00,0.0000,持有
2015-05-08,25.10,3.53,0.9468,0.00,100000.00,100000.00,0.0000,持有
2015-05-11,25.58,3.60,0.9544,0.00,100000.00,100000.00,0.0000,持有
2015-05-12,25.91,3.64,0.9613,0.00,100000.00,100000.00,0.0000,持有
2015-05-13,25.13,3.54,0.9462,0.00,100000.00,100000.00,0.0000,持有
2015-05-14,24.92,3.51,0.9371,0.00,100000.00,100000.00,0.0000,持有
2015-05-15,24.09,3.39,0.9198,0.00,100000.00,100000.00,0.0000,持有
2015-05-18,23.33,3.28,0.9009,0.00,100000.00,100000.00,0.0000,持有
2015-05-19,24.86,3.50,0.9358,0.00,100000.00,100000.00,0.0000,持有
2015-05-20,24.41,3.43,0.9267,0.00,100000.00,100000.00,0.0000,持有
2015-05-21,24.33,3.42,0.9238,0.00,100000.00,100000.00,0.0000,持有
2015-05-22,24.94,3.51,0.9389,0.00,100000.00,100000.00,0.0000,持有
2015-05-25,25.79,3.63,0.9586,0.00,100000.00,100000.00,0.0000,持有
2015-05-26,25.90,3.64,0.9608,0.00,100000.00,100000.00,0.0000,持有
2015-05-27,25.55,3.59,0.9518,0.00,100000.00,100000.00,0.0000,持有
2015-05-28,23.14,3.26,0.8925,0.00,100000.00,100000.00,0.0000,持有
2015-05-29,22.87,3.22,0.8835,0.00,100000.00,100000.00,0.0000,持有
2015-06-01,24.49,3.44,0.9257,0.00,100000.00,100000.00,0.0000,持有
2015-06-02,24.12,3.39,0.9145,0.00,100000.00,100000.00,0.0000,持有
2015-06-03,23.87,3.36,0.9070,0.00,100000.00,100000.00,0.0000,持有
2015-06-04,24.26,3.41,0.9169,0.00,100000.00,100000.00,0.0000,持有
2015-06-05,24.02,3.38,0.9117,0.00,100000.00,100000.00,0.0000,持有
2015-06-08,25.22,3.55,0.9461,0.00,100000.00,100000.00,0.0000,持有
2015-06-09,25.01,3.52,0.9380,0.00,100000.00,100000.00,0.0000,持有
2015-06-10,24.61,3.46,0.9268,0.00,100000.00,100000.00,0.0000,持有
2015-06-11,24.16,3.40,0.9119,0.00,100000.00,100000.00,0.0000,持有
2015-06-12,24.09,3.39,0.9105,0.00,100000.00,100000.00,0.0000,持有
2015-06-15,23.46,3.30,0.8920,0.00,100000.00,100000.00,0.0000,持有
2015-06-16,23.53,3.31,0.8928,0.00,100000.00,100000.00,0.0000,持有
2015-06-17,23.59,3.32,0.8929,0.00,100000.00,100000.00,0.0000,持有
2015-06-18,22.52,3.17,0.8677,0.00,100000.00,100000.00,0.0000,持有
2015-06-19,21.34,3.00,0.8306,0.00,100000.00,100000.00,0.0000,持有
2015-06-23,22.06,3.41,0.9154,0.00,100000.00,100000.00,0.0000,持有
2015-06-24,21.87,3.38,0.9088,0.00,100000.00,100000.00,0.0000,持有
2015-06-25,21.58,3.34,0.8962,0.00,100000.00,100000.00,0.0000,持有
2015-06-26,19.60,3.03,0.8333,0.00,100000.00,100000.00,0.0000,持有
2015-06-29,18.53,2.87,0.8253,0.00,100000.00,100000.00,0.0000,持有
2015-06-30,20.27,3.14,0.8602,0.00,100000.00,100000.00,0.0000,持有
2015-07-01,19.12,2.96,0.8256,0.00,100000.00,100000.00,0.0000,持有
2015-07-02,19.21,2.97,0.8257,0.00,100000.00,100000.00,0.0000,持有
2015-07-03,18.81,2.91,0.8236,0.00,100000.00,100000.00,0.0000,持有
2015-07-06,20.09,3.11,0.8459,0.00,100000.00,100000.00,0.0000,持有
2015-07-07,19.60,3.03,0.8320,0.00,100000.00,100000.00,0.0000,持有
2015-07-08,17.65,2.73,0.8189,0.00,100000.00,100000.00,0.0000,持有
2015-07-09,19.41,3.00,0.8271,0.00,100000.00,100000.00,0.0000,持有
2015-07-10,20.88,3.23,0.8765,0.00,100000.00,100000.00,0.0000,持有
2015-07-13,20.64,3.19,0.8699,0.00,100000.00,100000.00,0.0000,持有
2015-07-14,19.31,2.99,0.8238,0.00,100000.00,100000.00,0.0000,持有
2015-07-15,18.61,2.88,0.8195,0.00,100000.00,100000.00,0.0000,持有
2015-07-16,18.44,2.85,0.8182,0.00,100000.00,100000.00,0.0000,持有
2015-07-17,19.12,2.96,0.8212,0.00,100000.00,100000.00,0.0000,持有
2015-07-20,18.49,2.86,0.8177,0.00,100000.00,100000.00,0.0000,持有
2015-07-21,18.41,2.85,0.8164,0.00,100000.00,100000.00,0.0000,持有
2015-07-22,18.08,2.80,0.8158,0.00,100000.00,100000.00,0.0000,持有
2015-07-23,18.48,2.86,0.8174,0.00,100000.00,100000.00,0.0000,持有
2015-07-24,18.00,2.78,0.8146,0.00,100000.00,100000.00,0.0000,持有
2015-07-27,16.20,2.51,0.8023,0.00,100000.00,100000.00,0.0000,持有
2015-07-28,16.71,2.58,0.8083,0.00,100000.00,100000.00,0.0000,持有
2015-07-29,16.55,2.56,0.8055,0.00,100000.00,100000.00,0.0000,持有
2015-07-30,15.73,2.43,0.7948,0.00,100000.00,100000.00,0.0000,持有
2015-07-31,15.66,2.42,0.7942,0.00,100000.00,100000.00,0.0000,持有
2015-08-03,15.40,2.38,0.7914,0.00,100000.00,100000.00,0.0000,持有
2015-08-04,15.83,2.45,0.7959,0.00,100000.00,100000.00,0.0000,持有
2015-08-05,15.29,2.37,0.7896,0.00,100000.00,100000.00,0.0000,持有
2015-08-06,14.95,2.31,0.7868,0.00,100000.00,100000.00,0.0000,持有
2015-08-07,15.27,2.36,0.7891,0.00,100000.00,100000.00,0.0000,持有
2015-08-10,16.80,2.60,0.8096,0.00,100000.00,100000.00,0.0000,持有
2015-08-11,16.65,2.58,0.8082,0.00,100000.00,100000.00,0.0000,持有
2015-08-12,16.55,2.56,0.8069,0.00,100000.00,100000.00,0.0000,持有
2015-08-13,16.69,2.58,0.8085,0.00,100000.00,100000.00,0.0000,持有
2015-08-14,17.11,2.61,0.8101,0.00,100000.00,100000.00,0.0000,持有
2015-08-17,16.77,2.56,0.8052,0.00,100000.00,100000.00,0.0000,持有
2015-08-18,15.50,2.37,0.7866,0.00,100000.00,100000.00,0.0000,持有
2015-08-19,15.72,2.40,0.7889,0.00,100000.00,100000.00,0.0000,持有
2015-08-20,15.07,2.30,0.7775,0.00,100000.00,100000.00,0.0000,持有
2015-08-21,13.88,2.12,0.7396,0.00,100000.00,100000.00,0.0000,持有
2015-08-24,12.49,1.91,0.6096,0.00,100000.00,100000.00,0.0000,持有
2015-08-25,11.24,1.37,0.0596,0.00,100000.00,100000.00,0.0000,买入(补至100%)
2015-08-26,10.96,1.34,0.0302,97480.82,4.24,97485.06,1.0000,持有
2015-08-27,11.73,1.43,0.1320,104332.29,4.24,104336.53,1.0000,持有
2015-08-28,12.10,1.47,0.1735,107588.43,4.24,107592.67,1.0000,持有
2015-08-31,11.50,1.40,0.0874,102229.36,4.24,102233.60,1.0000,持有
2015-09-01,11.59,1.41,0.1074,103043.40,4.24,103047.64,1.0000,持有
2015-09-02,11.34,1.38,0.0708,100872.63,4.24,100876.87,1.0000,持有
2015-09-07,11.26,1.37,0.0636,100126.43,4.24,100130.67,1.0000,持有
2015-09-08,11.63,1.42,0.1157,103382.58,4.24,103386.82,1.0000,持有
2015-09-09,11.96,1.46,0.1613,106367.38,4.24,106371.62,1.0000,持有
2015-09-10,11.56,1.41,0.1034,102772.05,4.24,102776.29,1.0000,持有
2015-09-11,11.46,1.40,0.0841,101890.18,4.24,101894.42,1.0000,持有
2015-09-14,10.61,1.29,0.0164,94360.35,4.24,94364.58,1.0000,持有
2015-09-15,10.31,1.26,0.0021,91714.73,4.24,91718.97,1.0000,持有
2015-09-16,11.01,1.34,0.0363,97887.84,4.24,97892.07,1.0000,持有
2015-09-17,10.55,1.29,0.0149,93817.65,4.24,93821.89,1.0000,持有
2015-09-18,10.51,1.28,0.0107,93478.47,4.24,93482.71,1.0000,持有
2015-09-21,10.63,1.30,0.0199,94563.85,4.24,94568.09,1.0000,持有
2015-09-22,10.85,1.32,0.0277,96463.27,4.24,96467.51,1.0000,持有
2015-09-23,10.40,1.27,0.0050,92528.76,4.24,92533.00,1.0000,持有
2015-09-24,10.50,1.28,0.0106,93410.64,4.24,93414.88,1.0000,持有
2015-09-25,10.15,1.24,0.0000,90222.33,4.24,90226.57,1.0000,持有
2015-09-28,10.27,1.25,0.0028,91307.71,4.24,91311.95,1.0000,持有
2015-09-29,10.18,1.24,0.0007,90493.67,4.24,90497.91,1.0000,持有
2015-09-30,10.36,1.26,0.0071,92121.75,4.24,92125.99,1.0000,持有
2015-10-08,10.88,1.33,0.0346,96734.62,4.24,96738.86,1.0000,持有
2015-10-09,11.05,1.35,0.0494,98294.85,4.24,98299.09,1.0000,持有
2015-10-12,11.71,1.43,0.1416,104128.78,4.24,104133.02,1.0000,持有
2015-10-13,11.64,1.42,0.1289,103518.25,4.24,103522.49,1.0000,持有
2015-10-14,11.64,1.42,0.1288,103518.25,4.24,103522.49,1.0000,持有
2015-10-15,11.99,1.46,0.1793,106638.72,4.24,106642.96,1.0000,持有
2015-10-16,12.12,1.48,0.1904,107791.94,4.24,107796.18,1.0000,持有
2015-10-19,12.30,1.50,0.2058,109420.01,4.24,109424.25,1.0000,持有
2015-10-20,12.22,1.49,0.2000,108673.81,4.24,108678.05,1.0000,持有
2015-10-21,11.40,1.39,0.0870,101415.32,4.24,101419.56,1.0000,持有
2015-10-22,11.71,1.43,0.1430,104128.78,4.24,104133.02,1.0000,持有
2015-10-23,11.98,1.46,0.1779,106503.05,4.24,106507.29,1.0000,持有
2015-10-26,12.09,1.47,0.1896,107520.60,4.24,107524.83,1.0000,持有
2015-10-27,12.01,1.46,0.1811,106774.40,4.24,106778.63,1.0000,持有
2015-10-28,11.63,1.42,0.1279,103450.41,4.24,103454.65,1.0000,持有
2015-10-29,11.66,1.42,0.1348,103721.76,4.24,103726.00,1.0000,持有
2015-10-30,12.11,1.44,0.1633,107656.27,4.24,107660.51,1.0000,持有
2015-11-02,11.85,1.41,0.1172,105417.67,4.24,105421.91,1.0000,持有
2015-11-03,12.03,1.43,0.1519,106977.90,4.24,106982.14,1.0000,持有
2015-11-04,13.23,1.58,0.2925,117696.05,4.24,117700.28,1.0000,持有
2015-11-05,14.22,1.69,0.4468,126446.93,4.24,126451.17,1.0000,持有
2015-11-06,15.64,1.86,0.5960,139064.49,4.24,139068.73,1.0000,持有
2015-11-09,15.55,1.85,0.5872,138318.29,4.24,138322.53,1.0000,持有
2015-11-10,15.77,1.88,0.6083,140285.55,4.24,140289.78,1.0000,持有
2015-11-11,15.91,1.89,0.6149,141506.60,4.24,141510.84,1.0000,持有
2015-11-12,15.38,1.83,0.5700,136758.06,4.24,136762.30,1.0000,持有
2015-11-13,15.45,1.84,0.5759,137436.42,4.24,137440.66,1.0000,持有
2015-11-16,15.18,1.81,0.5485,134994.31,4.24,134998.55,1.0000,持有
2015-11-17,15.41,1.83,0.5723,137029.40,4.24,137033.64,1.0000,持有
2015-11-18,15.85,1.89,0.6120,140963.91,4.24,140968.15,1.0000,持有
2015-11-19,16.07,1.91,0.6254,142931.16,4.24,142935.40,1.0000,持有
2015-11-20,15.66,1.86,0.5988,139268.00,4.24,139272.24,1.0000,持有
2015-11-23,15.33,1.83,0.5631,136351.04,4.24,136355.28,1.0000,持有
2015-11-24,15.48,1.84,0.5793,137639.93,4.24,137644.17,1.0000,持有
2015-11-25,15.32,1.82,0.5610,136283.20,4.24,136287.44,1.0000,持有
2015-11-26,15.17,1.81,0.5434,134926.48,4.24,134930.71,1.0000,持有
2015-11-27,13.65,1.63,0.3572,121427.04,4.24,121431.28,1.0000,持有
2015-11-30,13.45,1.60,0.3253,119595.46,4.24,119599.70,1.0000,持有
2015-12-01,13.56,1.61,0.3430,120545.17,4.24,120549.41,1.0000,持有
2015-12-02,14.36,1.71,0.4622,127667.99,4.24,127672.23,1.0000,持有
2015-12-03,14.29,1.70,0.4557,127125.30,4.24,127129.54,1.0000,持有
2015-12-04,13.91,1.66,0.4074,123733.48,4.24,123737.72,1.0000,持有
2015-12-07,13.65,1.63,0.3571,121427.04,4.24,121431.28,1.0000,持有
2015-12-08,13.46,1.60,0.3253,119663.30,4.24,119667.54,1.0000,持有
2015-12-09,13.57,1.62,0.3470,120680.84,4.24,120685.08,1.0000,持有
2015-12-10,13.59,1.62,0.3495,120884.35,4.24,120888.59,1.0000,持有
2015-12-11,13.62,1.62,0.3534,121087.86,4.24,121092.10,1.0000,持有
2015-12-14,14.84,1.77,0.5096,131941.68,4.24,131945.92,1.0000,持有
2015-12-15,14.28,1.70,0.4560,126989.62,4.24,126993.86,1.0000,持有
2015-12-16,14.20,1.69,0.4420,126311.26,4.24,126315.50,1.0000,持有
2015-12-17,14.54,1.73,0.4833,129296.06,4.24,129300.30,1.0000,持有
2015-12-18,14.39,1.71,0.4673,127939.33,4.24,127943.57,1.0000,持有
2015-12-21,14.97,1.78,0.5269,133162.73,4.24,133166.97,1.0000,持有
2015-12-22,15.20,1.81,0.5551,135197.82,4.24,135202.06,1.0000,持有
2015-12-23,16.13,1.92,0.6383,143473.85,4.24,143478.09,1.0000,持有
2015-12-24,15.74,1.87,0.6121,139946.36,4.24,139950.60,1.0000,持有
2015-12-25,15.86,1.89,0.6185,141031.75,4.24,141035.98,1.0000,持有
2015-12-28,14.92,1.78,0.5204,132687.88,4.24,132692.12,1.0000,持有
2015-12-29,15.11,1.80,0.5410,134383.78,4.24,134388.02,1.0000,持有
2015-12-30,15.03,1.79,0.5312,133637.59,4.24,133641.82,1.0000,持有
2015-12-31,14.76,1.76,0.4997,131263.31,4.24,131267.55,1.0000,持有
2016-01-04,13.31,1.58,0.2957,118374.41,4.24,118378.65,1.0000,持有
2016-01-05,13.46,1.60,0.3232,119731.14,4.24,119735.37,1.0000,持有
2016-01-06,13.68,1.63,0.3601,121630.55,4.24,121634.79,1.0000,持有
2016-01-07,12.46,1.48,0.1958,110844.58,4.24,110848.81,1.0000,持有
2016-01-08,12.84,1.53,0.2294,114168.56,4.24,114172.80,1.0000,持有
2016-01-11,11.96,1.42,0.1362,106367.38,4.24,106371.62,1.0000,持有
2016-01-12,12.12,1.44,0.1624,107791.94,4.24,107796.18,1.0000,持有
2016-01-13,12.12,1.44,0.1623,107791.94,4.24,107796.18,1.0000,持有
2016-01-14,12.43,1.48,0.1965,110505.39,4.24,110509.63,1.0000,持有
2016-01-15,11.86,1.41,0.1143,105485.50,4.24,105489.74,1.0000,持有
2016-01-18,11.94,1.42,0.1284,106163.87,4.24,106168.11,1.0000,持有
2016-01-19,12.30,1.46,0.1807,109352.18,4.24,109356.42,1.0000,持有
2016-01-20,12.07,1.44,0.1550,107317.09,4.24,107321.32,1.0000,持有
2016-01-21,11.52,1.37,0.0671,102432.87,4.24,102437.11,1.0000,持有
2016-01-22,11.66,1.39,0.0811,103653.92,4.24,103658.16,1.0000,持有
2016-01-25,11.71,1.39,0.0864,104128.78,4.24,104133.02,1.0000,持有
2016-01-26,10.63,1.26,0.0074,94496.02,4.24,94500.26,1.0000,持有
2016-01-27,10.63,1.27,0.0080,94563.85,4.24,94568.09,1.0000,持有
2016-01-28,10.45,1.24,0.0027,92935.78,4.24,92940.02,1.0000,持有
2016-01-29,11.06,1.32,0.0314,98362.69,4.24,98366.93,1.0000,持有
2016-02-01,10.85,1.29,0.0234,96531.11,4.24,96535.35,1.0000,持有
2016-02-02,11.14,1.33,0.0354,99041.05,4.24,99045.29,1.0000,持有
2016-02-03,11.04,1.31,0.0320,98159.18,4.24,98163.42,1.0000,持有
2016-02-04,11.16,1.33,0.0386,99244.56,4.24,99248.80,1.0000,持有
2016-02-05,10.82,1.29,0.0220,96191.93,4.24,96196.17,1.0000,持有
2016-02-15,10.66,1.27,0.0106,94835.20,4.24,94839.44,1.0000,持有
2016-02-16,11.31,1.35,0.0519,100601.29,4.24,100605.53,1.0000,持有
2016-02-17,11.45,1.36,0.0678,101822.34,4.24,101826.58,1.0000,持有
2016-02-18,11.40,1.36,0.0637,101415.32,4.24,101419.56,1.0000,持有
2016-02-19,11.52,1.37,0.0750,102432.87,4.24,102437.11,1.0000,持有
2016-02-22,11.88,1.41,0.1286,105689.01,4.24,105693.25,1.0000,持有
2016-02-23,11.63,1.38,0.0868,103382.58,4.24,103386.82,1.0000,持有
2016-02-24,11.76,1.40,0.1040,104603.63,4.24,104607.87,1.0000,持有
2016-02-25,10.80,1.29,0.0212,96056.25,4.24,96060.49,1.0000,持有
2016-02-26,10.98,1.31,0.0324,97616.49,4.24,97620.73,1.0000,持有
2016-02-29,10.89,1.30,0.0278,96870.29,4.24,96874.53,1.0000,持有
2016-03-01,11.69,1.39,0.0958,103993.11,4.24,103997.34,1.0000,持有
2016-03-02,12.30,1.46,0.1941,109352.18,4.24,109356.42,1.0000,持有
2016-03-03,12.14,1.45,0.1801,107995.45,4.24,107999.69,1.0000,持有
2016-03-04,12.20,1.45,0.1826,108538.14,4.24,108542.38,1.0000,持有
2016-03-07,12.19,1.45,0.1818,108402.47,4.24,108406.71,1.0000,持有
2016-03-08,12.33,1.47,0.2001,109623.52,4.24,109627.76,1.0000,持有
2016-03-09,12.20,1.45,0.1829,108538.14,4.24,108542.38,1.0000,持有
2016-03-10,11.85,1.41,0.1256,105349.83,4.24,105354.07,1.0000,持有
2016-03-11,12.17,1.45,0.1820,108198.96,4.24,108203.20,1.0000,持有
2016-03-14,12.33,1.47,0.2029,109691.36,4.24,109695.60,1.0000,持有
2016-03-15,12.21,1.45,0.1870,108605.98,4.24,108610.22,1.0000,持有
2016-03-16,12.27,1.46,0.1954,109148.67,4.24,109152.91,1.0000,持有
2016-03-17,12.68,1.51,0.2353,112743.99,4.24,112748.23,1.0000,持有
2016-03-18,12.93,1.54,0.2633,114982.59,4.24,114986.83,1.0000,持有
2016-03-21,14.23,1.69,0.4627,126514.77,4.24,126519.01,1.0000,持有
2016-03-22,13.72,1.63,0.3905,122037.57,4.24,122041.81,1.0000,持有
2016-03-23,14.00,1.67,0.4320,124479.68,4.24,124483.92,1.0000,持有
2016-03-24,13.28,1.52,0.2417,118103.06,4.24,118107.30,1.0000,持有
2016-03-25,13.34,1.52,0.2487,118645.75,4.24,118649.99,1.0000,持有
2016-03-28,13.02,1.49,0.2192,115796.63,4.24,115800.87,1.0000,持有
2016-03-29,13.07,1.49,0.2229,116203.65,4.24,116207.89,1.0000,持有
2016-03-30,13.49,1.54,0.2658,119934.64,4.24,119938.88,1.0000,持有
2016-03-31,13.58,1.55,0.2799,120748.68,4.24,120752.92,1.0000,持有
2016-04-01,13.50,1.54,0.2681,120070.32,4.24,120074.56,1.0000,持有
2016-04-05,13.68,1.56,0.2926,121630.55,4.24,121634.79,1.0000,持有
2016-04-06,13.58,1.55,0.2801,120748.68,4.24,120752.92,1.0000,持有
2016-04-07,13.22,1.51,0.2351,117560.37,4.24,117564.61,1.0000,持有
2016-04-08,12.92,1.48,0.2090,114914.76,4.24,114918.99,1.0000,持有
2016-04-11,13.27,1.51,0.2419,117967.39,4.24,117971.63,1.0000,持有
2016-04-12,13.23,1.51,0.2359,117628.21,4.24,117632.45,1.0000,持有
2016-04-13,13.62,1.55,0.2882,121087.86,4.24,121092.10,1.0000,持有
2016-04-14,13.73,1.57,0.3029,122105.41,4.24,122109.65,1.0000,持有
2016-04-15,13.65,1.56,0.2917,121427.04,4.24,121431.28,1.0000,持有
2016-04-18,13.24,1.51,0.2392,117763.88,4.24,117768.12,1.0000,持有
2016-04-19,13.30,1.52,0.2474,118306.57,4.24,118310.81,1.0000,持有
2016-04-20,13.14,1.50,0.2266,116814.17,4.24,116818.41,1.0000,持有
2016-04-21,12.88,1.47,0.2026,114575.57,4.24,114579.81,1.0000,持有
2016-04-22,13.00,1.48,0.2166,115593.12,4.24,115597.36,1.0000,持有
2016-04-25,12.78,1.46,0.1901,113693.70,4.24,113697.94,1.0000,持有
2016-04-26,12.87,1.47,0.2028,114439.90,4.24,114444.14,1.0000,持有
2016-04-27,12.67,1.45,0.1770,112676.16,4.24,112680.40,1.0000,持有
2016-04-28,12.59,1.44,0.1659,111997.79,4.24,112002.03,1.0000,持有
2016-04-29,12.54,1.43,0.1575,111522.94,4.24,111527.18,1.0000,持有
2016-05-03,12.83,1.47,0.1991,114100.72,4.24,114104.96,1.0000,持有
2016-05-04,12.75,1.46,0.1868,113354.52,4.24,113358.76,1.0000,持有
2016-05-05,12.76,1.46,0.1886,113490.19,4.24,113494.43,1.0000,持有
2016-05-06,12.28,1.40,0.1090,109216.50,4.24,109220.74,1.0000,持有
2016-05-09,11.94,1.36,0.0692,106163.87,4.24,106168.11,1.0000,持有
2016-05-10,11.90,1.36,0.0647,105824.69,4.24,105828.93,1.0000,持有
2016-05-11,11.88,1.36,0.0633,105621.18,4.24,105625.42,1.0000,持有
2016-05-12,11.90,1.36,0.0652,105824.69,4.24,105828.93,1.0000,持有
2016-05-13,11.75,1.34,0.0498,104535.80,4.24,104540.04,1.0000,持有
2016-05-16,11.88,1.36,0.0639,105621.18,4.24,105625.42,1.0000,持有
2016-05-17,11.88,1.36,0.0638,105621.18,4.24,105625.42,1.0000,持有
2016-05-18,11.89,1.36,0.0670,105756.85,4.24,105761.09,1.0000,持有
2016-05-19,11.85,1.35,0.0593,105349.83,4.24,105354.07,1.0000,持有
2016-05-20,11.97,1.37,0.0764,106435.21,4.24,106439.45,1.0000,持有
2016-05-23,12.00,1.37,0.0796,106706.56,4.24,106710.80,1.0000,持有
2016-05-24,11.84,1.35,0.0592,105282.00,4.24,105286.23,1.0000,持有
2016-05-25,11.86,1.36,0.0629,105485.50,4.24,105489.74,1.0000,持有
2016-05-26,11.88,1.36,0.0654,105621.18,4.24,105625.42,1.0000,持有
2016-05-27,11.84,1.35,0.0590,105282.00,4.24,105286.23,1.0000,持有
2016-05-30,11.95,1.37,0.0787,106299.54,4.24,106303.78,1.0000,持有
2016-05-31,12.81,1.46,0.2061,113897.21,4.24,113901.45,1.0000,持有
2016-06-01,12.64,1.44,0.1844,112404.81,4.24,112409.05,1.0000,持有
2016-06-02,12.66,1.45,0.1875,112608.32,4.24,112612.56,1.0000,持有
2016-06-03,12.68,1.45,0.1899,112743.99,4.24,112748.23,1.0000,持有
2016-06-06,12.56,1.43,0.1695,111658.61,4.24,111662.85,1.0000,持有
2016-06-07,12.58,1.44,0.1745,111862.12,4.24,111866.36,1.0000,持有
2016-06-08,12.50,1.43,0.1605,111183.76,4.24,111188.00,1.0000,持有
2016-06-13,11.91,1.36,0.0720,105892.52,4.24,105896.76,1.0000,持有
2016-06-14,11.98,1.37,0.0801,106503.05,4.24,106507.29,1.0000,持有
2016-06-15,12.14,1.39,0.0990,107995.45,4.24,107999.69,1.0000,持有
2016-06-16,11.93,1.36,0.0750,106096.03,4.24,106100.27,1.0000,持有
2016-06-17,11.95,1.37,0.0793,106299.54,4.24,106303.78,1.0000,持有
2016-06-20,11.95,1.36,0.0787,106231.70,4.24,106235.94,1.0000,持有
2016-06-21,12.08,1.38,0.0937,107452.76,4.24,107457.00,1.0000,持有
2016-06-22,12.25,1.40,0.1157,108945.16,4.24,108949.40,1.0000,持有
2016-06-23,12.17,1.39,0.1055,108266.79,4.24,108271.03,1.0000,持有
2016-06-24,11.97,1.37,0.0810,106435.21,4.24,106439.45,1.0000,持有
2016-06-27,12.16,1.39,0.1048,108131.12,4.24,108135.36,1.0000,持有
2016-06-28,12.35,1.41,0.1379,109827.03,4.24,109831.27,1.0000,持有
2016-06-29,12.33,1.41,0.1316,109623.52,4.24,109627.76,1.0000,持有
2016-06-30,12.38,1.41,0.1446,110098.38,4.24,110102.61,1.0000,持有
2016-07-01,12.30,1.41,0.1264,109420.01,4.24,109424.25,1.0000,持有
2016-07-04,12.66,1.45,0.1964,112608.32,4.24,112612.56,1.0000,持有
2016-07-05,12.65,1.44,0.1944,112472.65,4.24,112476.89,1.0000,持有
2016-07-06,12.62,1.44,0.1899,112269.14,4.24,112273.38,1.0000,持有
2016-07-07,12.66,1.45,0.1973,112608.32,4.24,112612.56,1.0000,持有
2016-07-08,12.65,1.45,0.1965,112540.48,4.24,112544.72,1.0000,持有
2016-07-11,12.62,1.44,0.1895,112269.14,4.24,112273.38,1.0000,持有
2016-07-12,12.91,1.48,0.2349,114846.92,4.24,114851.16,1.0000,持有
2016-07-13,12.92,1.48,0.2354,114914.76,4.24,114918.99,1.0000,持有
2016-07-14,12.94,1.48,0.2371,115050.43,4.24,115054.67,1.0000,持有
2016-07-15,12.83,1.47,0.2220,114100.72,4.24,114104.96,1.0000,持有
2016-07-18,12.60,1.44,0.1846,112065.63,4.24,112069.87,1.0000,持有
2016-07-19,12.66,1.45,0.1981,112608.32,4.24,112612.56,1.0000,持有
2016-07-20,12.63,1.44,0.1930,112336.98,4.24,112341.21,1.0000,持有
2016-07-21,12.74,1.46,0.2084,113286.68,4.24,113290.92,1.0000,持有
2016-07-22,12.68,1.45,0.2027,112743.99,4.24,112748.23,1.0000,持有
2016-07-25,12.64,1.44,0.1939,112404.81,4.24,112409.05,1.0000,持有
2016-07-26,12.83,1.47,0.2248,114100.72,4.24,114104.96,1.0000,持有
2016-07-27,12.70,1.45,0.2042,112947.50,4.24,112951.74,1.0000,持有
2016-07-28,12.44,1.42,0.1546,110641.07,4.24,110645.31,1.0000,持有
2016-07-29,12.37,1.41,0.1415,110030.54,4.24,110034.78,1.0000,持有
2016-08-01,12.32,1.41,0.1297,109555.69,4.24,109559.92,1.0000,持有
2016-08-02,12.37,1.41,0.1407,109962.70,4.24,109966.94,1.0000,持有
2016-08-03,12.32,1.41,0.1295,109555.69,4.24,109559.92,1.0000,持有
2016-08-04,12.37,1.41,0.1412,109962.70,4.24,109966.94,1.0000,持有
2016-08-05,12.39,1.42,0.1479,110166.21,4.24,110170.45,1.0000,持有
2016-08-08,12.46,1.42,0.1656,110844.58,4.24,110848.81,1.0000,持有
2016-08-09,12.53,1.43,0.1766,111455.10,4.24,111459.34,1.0000,持有
2016-08-10,12.46,1.42,0.1654,110844.58,4.24,110848.81,1.0000,持有
2016-08-11,12.61,1.44,0.1924,112133.47,4.24,112137.70,1.0000,持有
2016-08-12,13.08,1.49,0.2604,116339.32,4.24,116343.56,1.0000,持有
2016-08-15,13.74,1.57,0.3401,122173.24,4.24,122177.48,1.0000,持有
2016-08-16,13.48,1.54,0.3037,119866.81,4.24,119871.05,1.0000,持有
2016-08-17,13.43,1.53,0.2961,119459.79,4.24,119464.03,1.0000,持有
2016-08-18,13.33,1.52,0.2862,118510.08,4.24,118514.32,1.0000,持有
2016-08-19,13.30,1.48,0.2437,118300.56,4.24,118304.80,1.0000,持有
2016-08-22,13.17,1.46,0.2258,117113.36,4.24,117117.60,1.0000,持有
2016-08-23,13.20,1.46,0.2300,117392.70,4.24,117396.94,1.0000,持有
2016-08-24,13.12,1.46,0.2158,116694.35,4.24,116698.59,1.0000,持有
2016-08-25,13.19,1.49,0.2615,117322.87,4.24,117327.10,1.0000,持有
2016-08-26,13.14,1.49,0.2576,116834.02,4.24,116838.26,1.0000,持有
2016-08-29,13.12,1.49,0.2556,116694.35,4.24,116698.59,1.0000,持有
2016-08-30,13.22,1.50,0.2640,117532.37,4.24,117536.61,1.0000,持有
2016-08-31,13.27,1.50,0.2700,118021.22,4.24,118025.46,1.0000,持有
2016-09-01,13.09,1.48,0.2527,116415.01,4.24,116419.25,1.0000,持有
2016-09-02,13.19,1.49,0.2623,117322.87,4.24,117327.10,1.0000,持有
2016-09-05,13.20,1.50,0.2646,117392.70,4.24,117396.94,1.0000,持有
2016-09-06,13.22,1.50,0.2663,117602.21,4.24,117606.45,1.0000,持有
2016-09-07,13.19,1.49,0.2618,117322.87,4.24,117327.10,1.0000,持有
2016-09-08,13.14,1.49,0.2574,116834.02,4.24,116838.26,1.0000,持有
2016-09-09,13.13,1.49,0.2567,116764.19,4.24,116768.42,1.0000,持有
2016-09-12,12.93,1.46,0.2280,114948.47,4.24,114952.71,1.0000,持有
2016-09-13,12.82,1.45,0.2085,114040.62,4.24,114044.86,1.0000,持有
2016-09-14,12.71,1.44,0.1890,113062.93,4.24,113067.17,1.0000,持有
2016-09-19,12.75,1.44,0.1967,113342.27,4.24,113346.51,1.0000,持有
2016-09-20,12.72,1.44,0.1912,113132.76,4.24,113137.00,1.0000,持有
2016-09-21,12.74,1.44,0.1959,113272.43,4.24,113276.67,1.0000,持有
2016-09-22,12.79,1.45,0.2085,113761.28,4.24,113765.52,1.0000,持有
2016-09-23,12.68,1.44,0.1824,112783.59,4.24,112787.83,1.0000,持有
2016-09-26,12.50,1.42,0.1467,111177.38,4.24,111181.62,1.0000,持有
2016-09-27,12.67,1.43,0.1785,112643.92,4.24,112648.16,1.0000,持有
2016-09-28,12.61,1.43,0.1688,112155.07,4.24,112159.31,1.0000,持有
2016-09-29,12.68,1.44,0.1837,112783.59,4.24,112787.83,1.0000,持有
2016-09-30,12.66,1.43,0.1782,112574.08,4.24,112578.32,1.0000,持有
2016-10-10,12.89,1.46,0.2262,114599.30,4.24,114603.54,1.0000,持有
2016-10-11,12.97,1.47,0.2429,115367.48,4.24,115371.72,1.0000,持有
2016-10-12,12.90,1.46,0.2308,114738.97,4.24,114743.21,1.0000,持有
2016-10-13,12.87,1.46,0.2222,114459.63,4.24,114463.87,1.0000,持有
2016-10-14,12.93,1.46,0.2347,114948.47,4.24,114952.71,1.0000,持有
2016-10-17,12.74,1.44,0.1980,113272.43,4.24,113276.67,1.0000,持有
2016-10-18,13.06,1.48,0.2596,116135.67,4.24,116139.91,1.0000,持有
2016-10-19,12.97,1.47,0.2445,115367.48,4.24,115371.72,1.0000,持有
2016-10-20,12.95,1.47,0.2401,115157.98,4.24,115162.22,1.0000,持有
2016-10-21,13.06,1.48,0.2603,116135.67,4.24,116139.91,1.0000,持有
2016-10-24,13.32,1.51,0.2871,118440.23,4.24,118444.47,1.0000,持有
2016-10-25,13.24,1.50,0.2803,117741.88,4.24,117746.12,1.0000,持有
2016-10-26,13.20,1.50,0.2754,117392.70,4.24,117396.94,1.0000,持有
2016-10-27,13.16,1.49,0.2704,117043.53,4.24,117047.76,1.0000,持有
2016-10-28,13.20,1.50,0.2757,117392.70,4.24,117396.94,1.0000,持有
2016-10-31,13.04,1.44,0.1980,115996.00,4.24,116000.24,1.0000,持有
2016-11-01,13.20,1.46,0.2277,117392.70,4.24,117396.94,1.0000,持有
2016-11-02,13.06,1.44,0.2019,116135.67,4.24,116139.91,1.0000,持有
2016-11-03,13.24,1.46,0.2369,117741.88,4.24,117746.12,1.0000,持有
2016-11-04,13.22,1.46,0.2326,117602.21,4.24,117606.45,1.0000,持有
2016-11-07,13.29,1.47,0.2473,118230.72,4.24,118234.96,1.0000,持有
2016-11-08,13.30,1.47,0.2513,118300.56,4.24,118304.80,1.0000,持有
2016-11-09,13.08,1.45,0.2072,116345.18,4.24,116349.41,1.0000,持有
2016-11-10,13.36,1.48,0.2576,118789.40,4.24,118793.64,1.0000,持有
2016-11-11,13.78,1.52,0.3114,122560.49,4.24,122564.73,1.0000,持有
2016-11-14,13.86,1.53,0.3177,123258.84,4.24,123263.08,1.0000,持有
2016-11-15,13.70,1.52,0.3021,121862.14,4.24,121866.38,1.0000,持有
2016-11-16,13.71,1.52,0.3043,121931.98,4.24,121936.22,1.0000,持有
2016-11-17,13.70,1.52,0.3018,121862.14,4.24,121866.38,1.0000,持有
2016-11-18,13.51,1.50,0.2785,120186.10,4.24,120190.34,1.0000,持有
2016-11-21,13.66,1.51,0.2973,121443.13,4.24,121447.37,1.0000,持有
2016-11-22,13.85,1.53,0.3196,123189.01,4.24,123193.25,1.0000,持有
2016-11-23,13.73,1.52,0.3064,122071.65,4.24,122075.89,1.0000,持有
2016-11-24,13.82,1.53,0.3174,122909.67,4.24,122913.91,1.0000,持有
2016-11-25,13.88,1.54,0.3231,123398.51,4.24,123402.75,1.0000,持有
2016-11-28,13.83,1.53,0.3176,122979.50,4.24,122983.74,1.0000,持有
2016-11-29,14.10,1.56,0.3569,125423.73,4.24,125427.97,1.0000,持有
2016-11-30,13.94,1.54,0.3343,123957.19,4.24,123961.43,1.0000,持有
2016-12-01,14.00,1.55,0.3429,124515.88,4.24,124520.11,1.0000,持有
2016-12-02,13.63,1.51,0.2904,121233.63,4.24,121237.87,1.0000,持有
2016-12-05,13.23,1.46,0.2333,117672.04,4.24,117676.28,1.0000,持有
2016-12-06,13.18,1.46,0.2190,117183.20,4.24,117187.43,1.0000,持有
2016-12-07,13.26,1.47,0.2424,117951.38,4.24,117955.62,1.0000,持有
2016-12-08,13.11,1.45,0.2088,116624.52,4.24,116628.75,1.0000,持有
2016-12-09,13.18,1.46,0.2192,117183.20,4.24,117187.43,1.0000,持有
2016-12-12,12.92,1.43,0.1646,114878.64,4.24,114882.88,1.0000,持有
2016-12-13,12.88,1.42,0.1593,114529.46,4.24,114533.70,1.0000,持有
2016-12-14,12.75,1.41,0.1317,113412.10,4.24,113416.34,1.0000,持有
2016-12-15,12.66,1.40,0.1105,112574.08,4.24,112578.32,1.0000,持有
2016-12-16,12.64,1.40,0.1093,112434.41,4.24,112438.65,1.0000,持有
2016-12-19,12.64,1.40,0.1081,112364.58,4.24,112368.82,1.0000,持有
2016-12-20,12.60,1.39,0.1027,112085.24,4.24,112089.48,1.0000,持有
2016-12-21,12.70,1.40,0.1196,112923.26,4.24,112927.50,1.0000,持有
2016-12-22,12.69,1.40,0.1195,112853.42,4.24,112857.66,1.0000,持有
2016-12-23,12.56,1.39,0.0979,111666.23,4.24,111670.47,1.0000,持有
2016-12-26,12.64,1.40,0.1089,112364.58,4.24,112368.82,1.0000,持有
2016-12-27,12.58,1.39,0.1001,111875.73,4.24,111879.97,1.0000,持有
2016-12-28,12.58,1.39,0.1001,111875.73,4.24,111879.97,1.0000,持有
2016-12-29,12.50,1.38,0.0913,111177.38,4.24,111181.62,1.0000,持有
2016-12-30,12.61,1.40,0.1069,112155.07,4.24,112159.31,1.0000,持有
2017-01-03,12.71,1.41,0.1266,113062.93,4.24,113067.17,1.0000,持有
2017-01-04,12.74,1.41,0.1341,113272.43,4.24,113276.67,1.0000,持有
2017-01-05,12.68,1.40,0.1206,112783.59,4.24,112787.83,1.0000,持有
2017-01-06,12.57,1.39,0.1003,111805.90,4.24,111810.14,1.0000,持有
2017-01-09,12.62,1.40,0.1089,112224.91,4.24,112229.15,1.0000,持有
2017-01-10,12.65,1.40,0.1152,112504.25,4.24,112508.49,1.0000,持有
2017-01-11,12.64,1.40,0.1140,112434.41,4.24,112438.65,1.0000,持有
2017-01-12,12.68,1.40,0.1226,112783.59,4.24,112787.83,1.0000,持有
2017-01-13,12.73,1.41,0.1347,113202.60,4.24,113206.84,1.0000,持有
2017-01-16,12.85,1.42,0.1618,114250.12,4.24,114254.36,1.0000,持有
2017-01-17,12.77,1.41,0.1461,113551.77,4.24,113556.01,1.0000,持有
2017-01-18,12.78,1.41,0.1483,113621.61,4.24,113625.85,1.0000,持有
2017-01-19,12.78,1.41,0.1482,113621.61,4.24,113625.85,1.0000,持有
2017-01-20,12.89,1.43,0.1741,114599.30,4.24,114603.54,1.0000,持有
2017-01-23,12.91,1.43,0.1774,114808.80,4.24,114813.04,1.0000,持有
2017-01-24,12.86,1.42,0.1675,114389.79,4.24,114394.03,1.0000,持有
2017-01-25,12.87,1.42,0.1720,114459.63,4.24,114463.87,1.0000,持有
2017-01-26,12.94,1.43,0.1857,115088.14,4.24,115092.38,1.0000,持有
2017-02-03,12.86,1.42,0.1655,114319.96,4.24,114324.20,1.0000,持有
2017-02-06,12.83,1.42,0.1597,114110.45,4.24,114114.69,1.0000,持有
2017-02-07,12.80,1.42,0.1538,113831.11,4.24,113835.35,1.0000,持有
2017-02-08,12.97,1.44,0.1939,115367.48,4.24,115371.72,1.0000,持有
2017-02-09,12.96,1.43,0.1915,115297.65,4.24,115301.89,1.0000,持有
2017-02-10,13.09,1.45,0.2241,116415.01,4.24,116419.25,1.0000,持有
2017-02-13,13.11,1.45,0.2262,116554.68,4.24,116558.92,1.0000,持有
2017-02-14,13.07,1.45,0.2181,116205.51,4.24,116209.74,1.0000,持有
2017-02-15,13.00,1.44,0.2008,115646.83,4.24,115651.06,1.0000,持有
2017-02-16,13.13,1.45,0.2298,116764.19,4.24,116768.42,1.0000,持有
2017-02-17,13.09,1.45,0.2246,116415.01,4.24,116419.25,1.0000,持有
2017-02-20,13.26,1.47,0.2599,117881.55,4.24,117885.79,1.0000,持有
2017-02-21,13.28,1.47,0.2648,118091.05,4.24,118095.29,1.0000,持有
2017-02-22,13.19,1.46,0.2430,117322.87,4.24,117327.10,1.0000,持有
2017-02-23,13.08,1.45,0.2218,116345.18,4.24,116349.41,1.0000,持有
2017-02-24,13.12,1.45,0.2302,116694.35,4.24,116698.59,1.0000,持有
2017-02-27,12.99,1.44,0.1976,115507.16,4.24,115511.39,1.0000,持有
2017-02-28,13.00,1.44,0.1992,115576.99,4.24,115581.23,1.0000,持有
2017-03-01,12.99,1.44,0.1974,115507.16,4.24,115511.39,1.0000,持有
2017-03-02,12.93,1.43,0.1825,114948.47,4.24,114952.71,1.0000,持有
2017-03-03,12.86,1.42,0.1648,114319.96,4.24,114324.20,1.0000,持有
2017-03-06,12.90,1.43,0.1760,114738.97,4.24,114743.21,1.0000,持有
2017-03-07,12.92,1.43,0.1799,114878.64,4.24,114882.88,1.0000,持有
2017-03-08,12.86,1.42,0.1645,114319.96,4.24,114324.20,1.0000,持有
2017-03-09,12.82,1.42,0.1570,114040.62,4.24,114044.86,1.0000,持有
2017-03-10,12.75,1.41,0.1394,113412.10,4.24,113416.34,1.0000,持有
2017-03-13,12.83,1.42,0.1591,114110.45,4.24,114114.69,1.0000,持有
2017-03-14,12.86,1.42,0.1658,114319.96,4.24,114324.20,1.0000,持有
2017-03-15,12.80,1.42,0.1521,113831.11,4.24,113835.35,1.0000,持有
2017-03-16,13.02,1.44,0.2103,115786.50,4.24,115790.73,1.0000,持有
2017-03-17,12.81,1.42,0.1548,113900.95,4.24,113905.19,1.0000,持有
2017-03-20,12.80,1.42,0.1519,113831.11,4.24,113835.35,1.0000,持有
2017-03-21,12.74,1.41,0.1343,113272.43,4.24,113276.67,1.0000,持有
2017-03-22,12.62,1.40,0.1060,112224.91,4.24,112229.15,1.0000,持有
2017-03-23,12.68,1.37,0.0795,112783.59,4.24,112787.83,1.0000,持有
2017-03-24,12.79,1.38,0.0896,113761.28,4.24,113765.52,1.0000,持有
2017-03-27,12.77,1.38,0.0856,113551.77,4.24,113556.01,1.0000,持有
2017-03-28,12.71,1.37,0.0827,113062.93,4.24,113067.17,1.0000,持有
2017-03-29,12.67,1.37,0.0759,112713.75,4.24,112717.99,1.0000,持有
2017-03-30,12.62,1.36,0.0703,112224.91,4.24,112229.15,1.0000,持有
2017-03-31,12.65,1.37,0.0742,112504.25,4.24,112508.49,1.0000,持有
2017-04-05,12.79,1.38,0.0921,113761.28,4.24,113765.52,1.0000,持有
2017-04-06,12.75,1.38,0.0859,113412.10,4.24,113416.34,1.0000,持有
2017-04-07,12.78,1.38,0.0892,113691.44,4.24,113695.68,1.0000,持有
2017-04-10,12.75,1.38,0.0858,113412.10,4.24,113416.34,1.0000,持有
2017-04-11,12.78,1.38,0.0891,113621.61,4.24,113625.85,1.0000,持有
2017-04-12,12.86,1.39,0.1019,114319.96,4.24,114324.20,1.0000,持有
2017-04-13,12.79,1.38,0.0940,113761.28,4.24,113765.52,1.0000,持有
2017-04-14,12.71,1.37,0.0839,112993.09,4.24,112997.33,1.0000,持有
2017-04-17,12.71,1.37,0.0838,112993.09,4.24,112997.33,1.0000,持有
2017-04-18,12.59,1.36,0.0642,111945.57,4.24,111949.81,1.0000,持有
2017-04-19,12.60,1.36,0.0676,112085.24,4.24,112089.48,1.0000,持有
2017-04-20,12.64,1.37,0.0737,112434.41,4.24,112438.65,1.0000,持有
2017-04-21,12.76,1.38,0.0892,113481.94,4.24,113486.18,1.0000,持有
2017-04-24,12.80,1.38,0.1009,113831.11,4.24,113835.35,1.0000,持有
2017-04-25,12.66,1.37,0.0763,112574.08,4.24,112578.32,1.0000,持有
2017-04-26,12.72,1.38,0.0874,113132.76,4.24,113137.00,1.0000,持有
2017-04-27,12.75,1.38,0.0885,113342.27,4.24,113346.51,1.0000,持有
2017-04-28,12.75,1.38,0.0884,113342.27,4.24,113346.51,1.0000,持有
2017-05-02,12.65,1.34,0.0411,112504.25,4.24,112508.49,1.0000,持有
2017-05-03,12.60,1.34,0.0378,112085.24,4.24,112089.48,1.0000,持有
2017-05-04,12.61,1.34,0.0383,112155.07,4.24,112159.31,1.0000,持有
2017-05-05,12.39,1.31,0.0294,110199.69,4.24,110203.93,1.0000,持有
2017-05-08,12.30,1.30,0.0255,109361.67,4.24,109365.91,1.0000,持有
2017-05-09,12.25,1.30,0.0244,108942.66,4.24,108946.90,1.0000,持有
2017-05-10,12.16,1.29,0.0199,108104.64,4.24,108108.88,1.0000,持有
2017-05-11,12.19,1.29,0.0216,108383.98,4.24,108388.22,1.0000,持有
2017-05-12,12.29,1.30,0.0266,109291.84,4.24,109296.08,1.0000,持有
2017-05-15,12.42,1.32,0.0332,110409.20,4.24,110413.44,1.0000,持有
2017-05-16,12.44,1.32,0.0343,110618.70,4.24,110622.94,1.0000,持有
2017-05-17,12.44,1.32,0.0343,110618.70,4.24,110622.94,1.0000,持有
2017-05-18,12.31,1.30,0.0287,109501.34,4.24,109505.58,1.0000,持有
2017-05-19,12.34,1.31,0.0326,109710.85,4.24,109715.09,1.0000,持有
2017-05-22,12.21,1.29,0.0232,108593.49,4.24,108597.73,1.0000,持有
2017-05-23,12.35,1.31,0.0336,109850.52,4.24,109854.76,1.0000,持有
2017-05-24,12.40,1.31,0.0347,110269.53,4.24,110273.77,1.0000,持有
2017-05-25,12.89,1.37,0.0809,114599.30,4.24,114603.54,1.0000,持有
2017-05-26,12.87,1.36,0.0776,114459.63,4.24,114463.87,1.0000,持有
2017-05-31,12.91,1.37,0.0847,114808.80,4.24,114813.04,1.0000,持有
2017-06-01,12.86,1.36,0.0753,114319.96,4.24,114324.20,1.0000,持有
2017-06-02,12.86,1.36,0.0758,114389.79,4.24,114394.03,1.0000,持有
2017-06-05,12.73,1.35,0.0571,113202.60,4.24,113206.84,1.0000,持有
2017-06-06,12.76,1.35,0.0604,113481.94,4.24,113486.18,1.0000,持有
2017-06-07,12.86,1.36,0.0762,114319.96,4.24,114324.20,1.0000,持有
2017-06-08,12.91,1.37,0.0872,114808.80,4.24,114813.04,1.0000,持有
2017-06-09,13.01,1.38,0.1025,115716.66,4.24,115720.90,1.0000,持有
2017-06-12,12.90,1.37,0.0854,114738.97,4.24,114743.21,1.0000,持有
2017-06-13,12.89,1.37,0.0854,114669.13,4.24,114673.37,1.0000,持有
2017-06-14,12.84,1.36,0.0733,114180.29,4.24,114184.53,1.0000,持有
2017-06-15,12.93,1.37,0.0913,114948.47,4.24,114952.71,1.0000,持有
2017-06-16,12.81,1.36,0.0694,113900.95,4.24,113905.19,1.0000,持有
2017-06-19,13.12,1.39,0.1240,116694.35,4.24,116698.59,1.0000,持有
2017-06-20,13.10,1.39,0.1212,116484.85,4.24,116489.08,1.0000,持有
2017-06-21,13.17,1.40,0.1331,117113.36,4.24,117117.60,1.0000,持有
2017-06-22,13.27,1.41,0.1543,118021.22,4.24,118025.46,1.0000,持有
2017-06-23,13.30,1.41,0.1651,118300.56,4.24,118304.80,1.0000,持有
2017-06-26,13.55,1.44,0.2266,120535.28,4.24,120539.52,1.0000,持有
2017-06-27,13.44,1.42,0.2009,119487.75,4.24,119491.99,1.0000,持有
2017-06-28,13.42,1.42,0.1953,119348.08,4.24,119352.32,1.0000,持有
2017-06-29,13.42,1.42,0.1952,119348.08,4.24,119352.32,1.0000,持有
2017-06-30,13.37,1.42,0.1810,118859.24,4.24,118863.48,1.0000,持有
2017-07-03,13.28,1.41,0.1575,118091.05,4.24,118095.29,1.0000,持有
2017-07-04,13.14,1.39,0.1276,116834.02,4.24,116838.26,1.0000,持有
2017-07-05,13.25,1.40,0.1503,117811.71,4.24,117815.95,1.0000,持有
2017-07-06,13.14,1.39,0.1274,116834.02,4.24,116838.26,1.0000,持有
2017-07-07,13.31,1.41,0.1696,118370.39,4.24,118374.63,1.0000,持有
2017-07-10,13.36,1.42,0.1820,118789.40,4.24,118793.64,1.0000,持有
2017-07-11,13.48,1.43,0.2144,119836.93,4.24,119841.17,1.0000,持有
2017-07-12,13.53,1.43,0.2262,120325.77,4.24,120330.01,1.0000,持有
2017-07-13,13.73,1.46,0.2737,122141.48,4.24,122145.72,1.0000,持有
2017-07-14,13.65,1.45,0.2578,121373.30,4.24,121377.54,1.0000,持有
2017-07-17,13.35,1.41,0.1799,118719.57,4.24,118723.81,1.0000,持有
2017-07-18,13.21,1.40,0.1415,117462.54,4.24,117466.78,1.0000,持有
2017-07-19,13.96,1.48,0.3211,124166.70,4.24,124170.94,1.0000,持有
2017-07-20,13.83,1.47,0.2967,122979.50,4.24,122983.74,1.0000,持有
2017-07-21,13.76,1.46,0.2787,122350.99,4.24,122355.23,1.0000,持有
2017-07-24,13.75,1.46,0.2775,122281.15,4.24,122285.39,1.0000,持有
2017-07-25,13.68,1.45,0.2666,121652.64,4.24,121656.88,1.0000,持有
2017-07-26,13.75,1.46,0.2777,122281.15,4.24,122285.39,1.0000,持有
2017-07-27,13.69,1.45,0.2673,121722.47,4.24,121726.71,1.0000,持有
2017-07-28,13.57,1.44,0.2371,120674.95,4.24,120679.19,1.0000,持有
2017-07-31,13.62,1.44,0.2520,121163.79,4.24,121168.03,1.0000,持有
2017-08-01,13.79,1.46,0.2905,122630.33,4.24,122634.57,1.0000,持有
2017-08-02,13.86,1.47,0.3076,123258.84,4.24,123263.08,1.0000,持有
2017-08-03,13.74,1.46,0.2768,122211.32,4.24,122215.56,1.0000,持有
2017-08-04,13.79,1.46,0.2906,122630.33,4.24,122634.57,1.0000,持有
2017-08-07,13.59,1.44,0.2433,120884.45,4.24,120888.69,1.0000,持有
2017-08-08,13.62,1.44,0.2480,121093.96,4.24,121098.20,1.0000,持有
2017-08-09,13.45,1.43,0.2093,119627.42,4.24,119631.66,1.0000,持有
2017-08-10,13.52,1.43,0.2253,120255.94,4.24,120260.18,1.0000,持有
2017-08-11,13.25,1.40,0.1492,117811.71,4.24,117815.95,1.0000,持有
2017-08-14,13.39,1.42,0.1892,119068.74,4.24,119072.98,1.0000,持有
2017-08-15,13.37,1.42,0.1827,118859.24,4.24,118863.48,1.0000,持有
2017-08-16,13.41,1.42,0.1949,119278.25,4.24,119282.49,1.0000,持有
2017-08-17,13.48,1.43,0.2150,119836.93,4.24,119841.17,1.0000,持有
2017-08-18,13.39,1.39,0.1211,119052.85,4.24,119057.09,1.0000,持有
2017-08-21,13.48,1.40,0.1386,119837.03,4.24,119841.27,1.0000,持有
2017-08-22,13.44,1.40,0.1316,119551.88,4.24,119556.12,1.0000,持有
2017-08-23,13.56,1.41,0.1587,120549.93,4.24,120554.16,1.0000,持有
2017-08-24,13.35,1.39,0.1166,118696.41,4.24,118700.65,1.0000,持有
2017-08-25,13.74,1.43,0.2144,122189.58,4.24,122193.81,1.0000,持有
2017-08-28,14.59,1.53,0.3876,129746.22,4.24,129750.46,1.0000,持有
2017-08-29,14.43,1.52,0.3709,128320.44,4.24,128324.68,1.0000,持有
2017-08-30,14.45,1.52,0.3744,128463.02,4.24,128467.26,1.0000,持有
2017-08-31,14.61,1.54,0.3912,129960.09,4.24,129964.33,1.0000,持有
2017-09-01,14.67,1.54,0.4000,130459.11,4.24,130463.35,1.0000,持有
2017-09-04,14.57,1.53,0.3855,129603.65,4.24,129607.88,1.0000,持有
2017-09-05,14.58,1.53,0.3863,129674.93,4.24,129679.17,1.0000,持有
2017-09-06,14.52,1.53,0.3798,129104.62,4.24,129108.86,1.0000,持有
2017-09-07,14.39,1.51,0.3642,127964.00,4.24,127968.23,1.0000,持有
2017-09-08,14.25,1.50,0.3476,126680.79,4.24,126685.03,1.0000,持有
2017-09-11,14.25,1.50,0.3496,126752.08,4.24,126756.32,1.0000,持有
2017-09-12,14.36,1.51,0.3599,127678.84,4.24,127683.08,1.0000,持有
2017-09-13,14.34,1.51,0.3571,127536.26,4.24,127540.50,1.0000,持有
2017-09-14,14.41,1.52,0.3675,128106.57,4.24,128110.81,1.0000,持有
2017-09-15,14.45,1.52,0.3768,128534.31,4.24,128538.55,1.0000,持有
2017-09-18,14.73,1.55,0.4119,131029.43,4.24,131033.67,1.0000,持有
2017-09-19,14.56,1.53,0.3859,129461.07,4.24,129465.31,1.0000,持有
2017-09-20,14.53,1.53,0.3820,129175.91,4.24,129180.15,1.0000,持有
2017-09-21,14.52,1.53,0.3813,129104.62,4.24,129108.86,1.0000,持有
2017-09-22,14.54,1.53,0.3847,129318.49,4.24,129322.73,1.0000,持有
2017-09-25,14.49,1.52,0.3787,128890.75,4.24,128894.99,1.0000,持有
2017-09-26,14.43,1.52,0.3701,128320.44,4.24,128324.68,1.0000,持有
2017-09-27,14.45,1.52,0.3757,128534.31,4.24,128538.55,1.0000,持有
2017-09-28,14.45,1.52,0.3755,128534.31,4.24,128538.55,1.0000,持有
2017-09-29,14.58,1.53,0.3911,129674.93,4.24,129679.17,1.0000,持有
2017-10-09,14.52,1.53,0.3820,129104.62,4.24,129108.86,1.0000,持有
2017-10-10,14.61,1.54,0.3970,129960.09,4.24,129964.33,1.0000,持有
2017-10-11,14.47,1.52,0.3763,128676.89,4.24,128681.13,1.0000,持有
2017-10-12,14.43,1.52,0.3688,128320.44,4.24,128324.68,1.0000,持有
2017-10-13,14.43,1.52,0.3686,128320.44,4.24,128324.68,1.0000,持有
2017-10-16,14.41,1.52,0.3642,128106.57,4.24,128110.81,1.0000,持有
2017-10-17,14.35,1.51,0.3562,127607.55,4.24,127611.79,1.0000,持有
2017-10-18,14.47,1.52,0.3774,128676.89,4.24,128681.13,1.0000,持有
2017-10-19,14.26,1.50,0.3469,126823.37,4.24,126827.61,1.0000,持有
2017-10-20,14.25,1.50,0.3452,126752.08,4.24,126756.32,1.0000,持有
2017-10-23,14.09,1.48,0.3267,125326.30,4.24,125330.54,1.0000,持有
2017-10-24,14.26,1.50,0.3474,126823.37,4.24,126827.61,1.0000,持有
2017-10-25,14.31,1.51,0.3514,127251.10,4.24,127255.34,1.0000,持有
2017-10-26,14.37,1.51,0.3616,127750.13,4.24,127754.37,1.0000,持有
2017-10-27,14.32,1.51,0.3536,127322.39,4.24,127326.63,1.0000,持有
2017-10-30,14.00,1.47,0.3139,124542.12,4.24,124546.36,1.0000,持有
2017-10-31,13.88,1.43,0.2107,123472.78,4.24,123477.02,1.0000,持有
2017-11-01,13.80,1.42,0.1888,122759.89,4.24,122764.13,1.0000,持有
2017-11-02,13.81,1.42,0.1913,122831.18,4.24,122835.42,1.0000,持有
2017-11-03,13.84,1.42,0.2031,123116.33,4.24,123120.57,1.0000,持有
2017-11-06,13.73,1.41,0.1693,122118.29,4.24,122122.52,1.0000,持有
2017-11-07,14.04,1.44,0.2553,124898.56,4.24,124902.80,1.0000,持有
2017-11-08,14.52,1.49,0.3377,129104.62,4.24,129108.86,1.0000,持有
2017-11-09,14.65,1.51,0.3572,130316.54,4.24,130320.78,1.0000,持有
2017-11-10,14.74,1.52,0.3705,131100.72,4.24,131104.96,1.0000,持有
2017-11-13,14.62,1.50,0.3521,130031.38,4.24,130035.62,1.0000,持有
2017-11-14,14.54,1.49,0.3411,129318.49,4.24,129322.73,1.0000,持有
2017-11-15,14.49,1.49,0.3352,128890.75,4.24,128894.99,1.0000,持有
2017-11-16,14.29,1.47,0.3087,127037.24,4.24,127041.48,1.0000,持有
2017-11-17,14.67,1.51,0.3587,130459.11,4.24,130463.35,1.0000,持有
2017-11-20,14.21,1.46,0.2929,126395.63,4.24,126399.87,1.0000,持有
2017-11-21,15.41,1.58,0.4595,137017.72,4.24,137021.95,1.0000,持有
2017-11-22,15.78,1.62,0.5036,140297.02,4.24,140301.25,1.0000,持有
2017-11-23,15.35,1.58,0.4544,136518.69,4.24,136522.93,1.0000,持有
2017-11-24,15.24,1.57,0.4412,135520.64,4.24,135524.88,1.0000,持有
2017-11-27,15.25,1.57,0.4426,135591.93,4.24,135596.17,1.0000,持有
2017-11-28,15.12,1.55,0.4289,134451.31,4.24,134455.55,1.0000,持有
2017-11-29,15.37,1.58,0.4570,136661.27,4.24,136665.51,1.0000,持有
2017-11-30,15.38,1.58,0.4588,136803.85,4.24,136808.09,1.0000,持有
2017-12-01,15.18,1.56,0.4350,135021.62,4.24,135025.86,1.0000,持有
2017-12-04,15.18,1.56,0.4347,135021.62,4.24,135025.86,1.0000,持有
2017-12-05,15.45,1.59,0.4669,137374.16,4.24,137378.40,1.0000,持有
2017-12-06,15.44,1.59,0.4646,137302.87,4.24,137307.11,1.0000,持有
2017-12-07,14.92,1.53,0.3976,132669.08,4.24,132673.32,1.0000,持有
2017-12-08,14.84,1.53,0.3872,131956.19,4.24,131960.43,1.0000,持有
2017-12-11,15.04,1.55,0.4172,133738.41,4.24,133742.65,1.0000,持有
2017-12-12,14.66,1.51,0.3560,130387.83,4.24,130392.06,1.0000,持有
2017-12-13,14.77,1.52,0.3758,131314.58,4.24,131318.82,1.0000,持有
2017-12-14,14.54,1.49,0.3388,129318.49,4.24,129322.73,1.0000,持有
2017-12-15,14.39,1.48,0.3228,127964.00,4.24,127968.23,1.0000,持有
2017-12-18,14.45,1.49,0.3282,128534.31,4.24,128538.55,1.0000,持有
2017-12-19,14.65,1.51,0.3551,130245.25,4.24,130249.49,1.0000,持有
2017-12-20,14.33,1.47,0.3121,127393.68,4.24,127397.92,1.0000,持有
2017-12-21,14.58,1.50,0.3461,129674.93,4.24,129679.17,1.0000,持有
2017-12-22,14.58,1.50,0.3459,129674.93,4.24,129679.17,1.0000,持有
2017-12-25,14.48,1.49,0.3325,128748.18,4.24,128752.41,1.0000,持有
2017-12-26,14.76,1.52,0.3761,131243.30,4.24,131247.53,1.0000,持有
2017-12-27,14.51,1.49,0.3347,129033.33,4.24,129037.57,1.0000,持有
2017-12-28,14.53,1.49,0.3360,129175.91,4.24,129180.15,1.0000,持有
2017-12-29,14.51,1.49,0.3344,129033.33,4.24,129037.57,1.0000,持有
2018-01-02,14.78,1.52,0.3835,131457.16,4.24,131461.40,1.0000,持有
2018-01-03,14.92,1.53,0.4021,132669.08,4.24,132673.32,1.0000,持有
2018-01-04,14.97,1.54,0.4111,133096.81,4.24,133101.05,1.0000,持有
2018-01-05,15.13,1.56,0.4352,134593.88,4.24,134598.12,1.0000,持有
2018-01-08,15.66,1.61,0.4985,139298.97,4.24,139303.21,1.0000,持有
2018-01-09,15.58,1.60,0.4881,138586.08,4.24,138590.31,1.0000,持有
2018-01-10,15.72,1.62,0.5056,139797.99,4.24,139802.23,1.0000,持有
2018-01-11,15.46,1.59,0.4729,137445.45,4.24,137449.69,1.0000,持有
2018-01-12,15.50,1.59,0.4762,137801.90,4.24,137806.13,1.0000,持有
2018-01-15,15.59,1.60,0.4896,138657.37,4.24,138661.60,1.0000,持有
2018-01-16,16.23,1.67,0.5638,144360.50,4.24,144364.73,1.0000,持有
2018-01-17,16.79,1.73,0.6085,149279.45,4.24,149283.68,1.0000,持有
2018-01-18,17.16,1.76,0.6309,152630.04,4.24,152634.27,1.0000,持有
2018-01-19,17.07,1.75,0.6241,151774.57,4.24,151778.80,1.0000,持有
2018-01-22,16.99,1.75,0.6192,151132.96,4.24,151137.20,1.0000,持有
2018-01-23,17.00,1.75,0.6199,151204.25,4.24,151208.49,1.0000,持有
2018-01-24,18.37,1.89,0.7164,163394.69,4.24,163398.93,1.0000,卖出(降至70%)
2018-01-25,17.90,1.84,0.6873,111448.16,48105.77,159553.92,0.6985,持有
2018-01-26,17.91,1.84,0.6880,111498.06,48105.77,159603.83,0.6986,持有
2018-01-29,17.72,1.82,0.6751,110350.14,48105.77,158455.91,0.6964,持有
2018-01-30,17.34,1.78,0.6450,107954.48,48105.77,156060.25,0.6917,持有
2018-01-31,17.07,1.75,0.6225,106257.56,48105.77,154363.32,0.6884,持有
2018-02-01,17.24,1.77,0.6378,107305.66,48105.77,155411.42,0.6905,持有
2018-02-02,17.25,1.77,0.6380,107405.48,48105.77,155511.24,0.6907,持有
2018-02-05,17.47,1.80,0.6558,108753.04,48105.77,156858.80,0.6933,持有
2018-02-06,16.47,1.69,0.5806,102564.25,48105.77,150670.01,0.6807,持有
2018-02-07,15.67,1.61,0.4955,97573.28,48105.77,145679.05,0.6698,持有
2018-02-08,15.42,1.59,0.4636,96026.09,48105.77,144131.85,0.6662,持有
2018-02-09,13.91,1.43,0.2116,86593.17,48105.77,134698.94,0.6429,持有
2018-02-12,13.89,1.43,0.2085,86493.35,48105.77,134599.12,0.6426,持有
2018-02-13,14.12,1.45,0.2645,87940.73,48105.77,136046.50,0.6464,持有
2018-02-14,14.13,1.45,0.2669,87990.64,48105.77,136096.41,0.6465,持有
2018-02-22,14.44,1.48,0.3228,89887.20,48105.77,137992.97,0.6514,持有
2018-02-23,14.58,1.50,0.3437,90785.58,48105.77,138891.34,0.6536,持有
2018-02-26,14.95,1.54,0.4050,93081.42,48105.77,141187.19,0.6593,持有
2018-02-27,14.63,1.50,0.3508,91085.04,48105.77,139190.80,0.6544,持有
2018-02-28,14.52,1.49,0.3322,90386.30,48105.77,138492.07,0.6526,持有
2018-03-01,14.53,1.49,0.3345,90486.12,48105.77,138591.89,0.6529,持有
2018-03-02,14.29,1.47,0.3019,88988.83,48105.77,137094.60,0.6491,持有
2018-03-05,14.33,1.47,0.3072,89188.47,48105.77,137294.24,0.6496,持有
2018-03-06,14.77,1.52,0.3774,91933.50,48105.77,140039.26,0.6565,持有
2018-03-07,14.65,1.51,0.3553,91184.85,48105.77,139290.62,0.6546,持有
2018-03-08,14.74,1.52,0.3710,91783.77,48105.77,139889.54,0.6561,持有
2018-03-09,15.12,1.55,0.4321,94129.52,48105.77,142235.29,0.6618,持有
2018-03-12,15.47,1.59,0.4741,96325.54,48105.77,144431.31,0.6669,持有
2018-03-13,15.19,1.56,0.4411,94578.71,48105.77,142684.47,0.6629,持有
2018-03-14,14.99,1.54,0.4140,93330.97,48105.77,141436.73,0.6599,持有
2018-03-15,15.07,1.55,0.4247,93830.06,48105.77,141935.83,0.6611,持有
2018-03-16,14.70,1.51,0.3649,91534.22,48105.77,139639.99,0.6555,持有
2018-03-19,14.86,1.53,0.3926,92532.41,48105.77,140638.18,0.6579,持有
2018-03-20,14.97,1.54,0.4122,93231.15,48105.77,141336.91,0.6596,持有
2018-03-21,14.83,1.52,0.3882,92332.78,48105.77,140438.54,0.6575,持有
2018-03-22,15.04,1.55,0.4217,93630.43,48105.77,141736.19,0.6606,持有
2018-03-23,14.19,1.43,0.2150,88340.01,48105.77,136445.77,0.6474,持有
2018-03-26,14.45,1.46,0.2723,89937.11,48105.77,138042.88,0.6515,持有
2018-03-27,14.69,1.48,0.3191,91434.40,48105.77,139540.17,0.6553,持有
2018-03-28,14.32,1.44,0.2468,89138.56,48105.77,137244.33,0.6495,持有
2018-03-29,14.68,1.48,0.3188,91384.49,48105.77,139490.26,0.6551,持有
2018-03-30,14.89,1.50,0.3503,92732.05,48105.77,140837.82,0.6584,持有
2018-04-02,15.17,1.53,0.3990,94478.89,48105.77,142584.65,0.6626,持有
2018-04-03,15.40,1.55,0.4353,95876.36,48105.77,143982.12,0.6659,持有
2018-04-04,15.24,1.54,0.4110,94878.17,48105.77,142983.93,0.6636,持有
2018-04-09,15.50,1.56,0.4482,96525.18,48105.77,144630.95,0.6674,持有
2018-04-10,15.82,1.60,0.4879,98521.57,48105.77,146627.33,0.6719,持有
2018-04-11,15.59,1.57,0.4567,97074.19,48105.77,145179.95,0.6686,持有
2018-04-12,15.32,1.55,0.4229,95377.26,48105.77,143483.03,0.6647,持有
2018-04-13,15.17,1.53,0.3976,94428.98,48105.77,142534.74,0.6625,持有
2018-04-16,14.74,1.49,0.3251,91783.77,48105.77,139889.54,0.6561,持有
2018-04-17,14.76,1.49,0.3274,91883.59,48105.77,139989.35,0.6564,持有
2018-04-18,15.06,1.52,0.3833,93780.15,48105.77,141885.92,0.6610,持有
2018-04-19,15.24,1.54,0.4111,94878.17,48105.77,142983.93,0.6636,持有
2018-04-20,14.65,1.48,0.3132,91234.76,48105.77,139340.53,0.6548,持有
2018-04-23,14.85,1.50,0.3425,92482.50,48105.77,140588.27,0.6578,持有
2018-04-24,15.42,1.56,0.4404,96026.09,48105.77,144131.85,0.6662,持有
2018-04-25,15.34,1.55,0.4284,95526.99,48105.77,143632.76,0.6651,持有
2018-04-26,15.02,1.52,0.3714,93530.61,48105.77,141636.37,0.6604,持有
2018-04-27,15.22,1.54,0.4074,94778.35,48105.77,142884.11,0.6633,持有
2018-05-02,15.34,1.53,0.3950,95526.99,48105.77,143632.76,0.6651,持有
2018-05-03,15.70,1.56,0.4516,97772.92,48105.77,145878.69,0.6702,持有
2018-05-04,15.53,1.55,0.4274,96674.91,48105.77,144780.68,0.6677,持有
2018-05-07,15.74,1.57,0.4565,97972.56,48105.77,146078.33,0.6707,持有
2018-05-08,15.98,1.59,0.4841,99519.76,48105.77,147625.52,0.6741,持有
2018-05-09,15.83,1.58,0.4678,98571.48,48105.77,146677.24,0.6720,持有
2018-05-10,15.90,1.58,0.4749,99020.66,48105.77,147126.43,0.6730,持有
2018-05-11,15.62,1.56,0.4415,97273.83,48105.77,145379.59,0.6691,持有
2018-05-14,15.93,1.59,0.4783,99170.39,48105.77,147276.16,0.6734,持有
2018-05-15,15.89,1.58,0.4727,98920.84,48105.77,147026.61,0.6728,持有
2018-05-16,15.65,1.56,0.4428,97423.56,48105.77,145529.32,0.6694,持有
2018-05-17,15.43,1.54,0.4090,96076.00,48105.77,144181.76,0.6664,持有
2018-05-18,15.82,1.58,0.4642,98471.66,48105.77,146577.42,0.6718,持有
2018-05-21,15.88,1.58,0.4728,98870.93,48105.77,146976.70,0.6727,持有
2018-05-22,15.79,1.57,0.4604,98321.93,48105.77,146427.69,0.6715,持有
2018-05-23,15.64,1.56,0.4417,97373.65,48105.77,145479.41,0.6693,持有
2018-05-24,15.53,1.55,0.4250,96674.91,48105.77,144780.68,0.6677,持有
2018-05-25,15.28,1.52,0.3830,95127.71,48105.77,143233.48,0.6641,持有
2018-05-28,15.43,1.54,0.4081,96076.00,48105.77,144181.76,0.6664,持有
2018-05-29,15.13,1.51,0.3531,94179.43,48105.77,142285.20,0.6619,持有
2018-05-30,14.53,1.45,0.2482,90436.21,48105.77,138541.98,0.6528,持有
2018-05-31,14.94,1.49,0.3236,93031.51,48105.77,141137.28,0.6592,持有
2018-06-01,14.89,1.48,0.3157,92682.14,48105.77,140787.91,0.6583,持有
2018-06-04,14.98,1.49,0.3291,93281.06,48105.77,141386.82,0.6598,持有
2018-06-05,15.05,1.50,0.3420,93680.33,48105.77,141786.10,0.6607,持有
2018-06-06,14.99,1.49,0.3303,93330.97,48105.77,141436.73,0.6599,持有
2018-06-07,15.23,1.52,0.3741,94828.26,48105.77,142934.02,0.6634,持有
2018-06-08,14.90,1.48,0.3174,92781.96,48105.77,140887.73,0.6586,持有
2018-06-11,14.99,1.49,0.3303,93330.97,48105.77,141436.73,0.6599,持有
2018-06-12,15.09,1.50,0.3485,93929.88,48105.77,142035.65,0.6613,持有
2018-06-13,14.87,1.48,0.3131,92582.32,48105.77,140688.09,0.6581,持有
2018-06-14,14.97,1.49,0.3264,93181.24,48105.77,141287.00,0.6595,持有
2018-06-15,14.77,1.47,0.2988,91983.41,48105.77,140089.17,0.6566,持有
2018-06-19,13.83,1.38,0.0915,86094.07,48105.77,134199.84,0.6415,买入(补至100%)
2018-06-20,13.69,1.36,0.0722,132865.95,427.28,133293.23,0.9968,持有
2018-06-21,13.05,1.30,0.0231,126642.72,427.28,127070.00,0.9966,持有
2018-06-22,13.26,1.32,0.0342,128665.27,427.28,129092.55,0.9967,持有
2018-06-25,12.95,1.29,0.0183,125709.24,427.28,126136.52,0.9966,持有
2018-06-26,13.11,1.31,0.0284,127265.04,427.28,127692.33,0.9967,持有
2018-06-27,12.86,1.28,0.0120,124775.75,427.28,125203.03,0.9966,持有
2018-06-28,12.95,1.29,0.0187,125709.24,427.28,126136.52,0.9966,持有
2018-06-29,13.28,1.32,0.0374,128898.64,427.28,129325.92,0.9967,持有
2018-07-02,12.86,1.28,0.0120,124775.75,427.28,125203.03,0.9966,持有
2018-07-03,13.08,1.30,0.0273,126953.88,427.28,127381.16,0.9966,持有
2018-07-04,12.90,1.28,0.0158,125164.70,427.28,125591.99,0.9966,持有
2018-07-05,12.84,1.28,0.0105,124620.17,427.28,125047.45,0.9966,持有
2018-07-06,12.96,1.29,0.0220,125787.03,427.28,126214.31,0.9966,持有
2018-07-09,13.23,1.32,0.0378,128431.90,427.28,128859.18,0.9967,持有
2018-07-10,13.24,1.32,0.0387,128509.69,427.28,128936.97,0.9967,持有
2018-07-11,12.89,1.28,0.0158,125086.91,427.28,125514.19,0.9966,持有
2018-07-12,13.29,1.32,0.0420,128976.43,427.28,129403.71,0.9967,持有
2018-07-13,13.31,1.33,0.0430,129132.01,427.28,129559.29,0.9967,持有
2018-07-16,13.24,1.32,0.0391,128509.69,427.28,128936.97,0.9967,持有
2018-07-17,13.09,1.30,0.0301,127031.67,427.28,127458.95,0.9966,持有
2018-07-18,12.98,1.29,0.0234,125942.61,427.28,126369.89,0.9966,持有
2018-07-19,13.03,1.30,0.0267,126409.35,427.28,126836.63,0.9966,持有
2018-07-20,13.49,1.34,0.0562,130921.19,427.28,131348.47,0.9967,持有
2018-07-23,13.74,1.37,0.0910,133332.69,427.28,133759.97,0.9968,持有
2018-07-24,13.88,1.38,0.1119,134732.92,427.28,135160.20,0.9968,持有
2018-07-25,13.84,1.38,0.1051,134343.97,427.28,134771.25,0.9968,持有
2018-07-26,13.56,1.35,0.0628,131621.30,427.28,132048.59,0.9968,持有
2018-07-27,13.50,1.34,0.0570,130998.98,427.28,131426.26,0.9967,持有
2018-07-30,13.60,1.36,0.0684,132010.26,427.28,132437.54,0.9968,持有
2018-07-31,13.52,1.35,0.0579,131154.56,427.28,131581.84,0.9968,持有
2018-08-01,13.28,1.32,0.0422,128820.85,427.28,129248.13,0.9967,持有
2018-08-02,12.92,1.29,0.0190,125398.08,427.28,125825.36,0.9966,持有
2018-08-03,12.84,1.28,0.0104,124620.17,427.28,125047.45,0.9966,持有
2018-08-06,12.75,1.27,0.0081,123764.48,427.28,124191.76,0.9966,持有
2018-08-07,13.13,1.31,0.0369,127420.62,427.28,127847.91,0.9967,持有
2018-08-08,12.85,1.28,0.0123,124697.96,427.28,125125.24,0.9966,持有
2018-08-09,13.13,1.31,0.0374,127420.62,427.28,127847.91,0.9967,持有
2018-08-10,13.12,1.31,0.0374,127342.83,427.28,127770.12,0.9967,持有
2018-08-13,12.99,1.29,0.0265,126098.19,427.28,126525.47,0.9966,持有
2018-08-14,12.98,1.29,0.0250,125942.61,427.28,126369.89,0.9966,持有
2018-08-15,12.72,1.27,0.0066,123453.32,427.28,123880.60,0.9966,持有
2018-08-16,12.79,1.27,0.0099,124075.64,427.28,124502.92,0.9966,持有
2018-08-17,12.63,1.26,0.0042,122519.83,427.28,122947.11,0.9965,持有
2018-08-20,12.88,1.28,0.0184,125009.12,427.28,125436.40,0.9966,持有
2018-08-21,12.95,1.29,0.0240,125709.24,427.28,126136.52,0.9966,持有
2018-08-22,12.96,1.29,0.0264,125787.03,427.28,126214.31,0.9966,持有
2018-08-23,13.05,1.30,0.0330,126642.72,427.28,127070.00,0.9966,持有
2018-08-24,13.15,1.29,0.0273,127599.68,427.28,128026.96,0.9967,持有
2018-08-27,13.42,1.32,0.0475,130231.42,427.28,130658.71,0.9967,持有
2018-08-28,13.32,1.31,0.0437,129274.43,427.28,129701.71,0.9967,持有
2018-08-29,13.21,1.30,0.0324,128157.93,427.28,128585.21,0.9967,持有
2018-08-30,13.10,1.29,0.0221,127121.18,427.28,127548.46,0.9967,持有
2018-08-31,13.13,1.29,0.0244,127440.18,427.28,127867.46,0.9967,持有
2018-09-03,13.22,1.30,0.0347,128317.43,427.28,128744.71,0.9967,持有
2018-09-04,13.37,1.31,0.0474,129752.93,427.28,130180.21,0.9967,持有
2018-09-05,13.08,1.29,0.0206,126961.68,427.28,127388.96,0.9966,持有
2018-09-06,13.03,1.28,0.0150,126483.18,427.28,126910.47,0.9966,持有
2018-09-07,13.06,1.28,0.0178,126722.43,427.28,127149.71,0.9966,持有
2018-09-10,12.67,1.25,0.0028,122974.19,427.28,123401.47,0.9965,持有
2018-09-11,12.75,1.25,0.0037,123771.69,427.28,124198.97,0.9966,持有
2018-09-12,12.75,1.25,0.0037,123771.69,427.28,124198.97,0.9966,持有
2018-09-13,12.91,1.27,0.0094,125286.94,427.28,125714.22,0.9966,持有
2018-09-14,12.89,1.27,0.0084,125047.69,427.28,125474.97,0.9966,持有
2018-09-17,12.81,1.26,0.0061,124329.94,427.28,124757.22,0.9966,持有
2018-09-18,13.07,1.28,0.0224,126802.18,427.28,127229.46,0.9966,持有
2018-09-19,13.26,1.30,0.0420,128636.43,427.28,129063.71,0.9967,持有
2018-09-20,13.26,1.30,0.0434,128716.18,427.28,129143.46,0.9967,持有
2018-09-21,13.71,1.35,0.0756,133022.67,427.28,133449.95,0.9968,持有
2018-09-25,13.49,1.33,0.0606,130869.42,427.28,131296.70,0.9967,持有
2018-09-26,13.61,1.34,0.0676,132065.67,427.28,132492.95,0.9968,持有
2018-09-27,13.58,1.33,0.0652,131826.42,427.28,132253.70,0.9968,持有
2018-09-28,13.72,1.35,0.0782,133102.42,427.28,133529.70,0.9968,持有
2018-10-08,13.12,1.29,0.0284,127280.68,427.28,127707.96,0.9967,持有
2018-10-09,13.18,1.30,0.0363,127918.68,427.28,128345.96,0.9967,持有
2018-10-10,13.27,1.30,0.0456,128795.93,427.28,129223.21,0.9967,持有
2018-10-11,12.47,1.23,0.0000,120980.45,427.28,121407.73,0.9965,持有
2018-10-12,12.50,1.23,0.0005,121299.45,427.28,121726.73,0.9965,持有
2018-10-15,12.34,1.21,0.0000,119784.20,427.28,120211.48,0.9964,持有
2018-10-16,12.25,1.20,0.0000,118827.20,427.28,119254.48,0.9964,持有
2018-10-17,12.40,1.22,0.0009,120342.45,427.28,120769.73,0.9965,持有
2018-10-18,12.20,1.20,0.0000,118348.70,427.28,118775.99,0.9964,持有
2018-10-19,12.64,1.24,0.0046,122655.19,427.28,123082.47,0.9965,持有
2018-10-22,13.91,1.37,0.1102,134936.66,427.28,135363.94,0.9968,持有
2018-10-23,13.73,1.35,0.0838,133261.92,427.28,133689.20,0.9968,持有
2018-10-24,13.91,1.37,0.1120,135016.41,427.28,135443.69,0.9968,持有
2018-10-25,14.26,1.40,0.1656,138365.90,427.28,138793.19,0.9969,持有
2018-10-26,13.87,1.36,0.1049,134617.66,427.28,135044.94,0.9968,持有
2018-10-29,13.68,1.34,0.0781,132783.42,427.28,133210.70,0.9968,持有
2018-10-30,14.22,1.40,0.1594,137967.16,427.28,138394.44,0.9969,持有
2018-10-31,14.10,1.36,0.0997,136850.66,427.28,137277.94,0.9969,持有
2018-11-01,14.27,1.38,0.1269,138445.65,427.28,138872.94,0.9969,持有
2018-11-02,14.62,1.41,0.1910,141874.90,427.28,142302.18,0.9970,持有
2018-11-05,14.55,1.40,0.1752,141236.90,427.28,141664.18,0.9970,持有
2018-11-06,14.55,1.40,0.1751,141236.90,427.28,141664.18,0.9970,持有
2018-11-07,14.22,1.37,0.1225,137967.16,427.28,138394.44,0.9969,持有
2018-11-08,13.95,1.35,0.0797,135335.41,427.28,135762.69,0.9969,持有
2018-11-09,13.91,1.34,0.0750,134936.66,427.28,135363.94,0.9968,持有
2018-11-12,14.08,1.36,0.0975,136611.41,427.28,137038.69,0.9969,持有
2018-11-13,14.29,1.38,0.1324,138684.90,427.28,139112.18,0.9969,持有
2018-11-14,14.01,1.35,0.0882,135973.41,427.28,136400.69,0.9969,持有
2018-11-15,14.30,1.38,0.1341,138764.65,427.28,139191.93,0.9969,持有
2018-11-16,14.45,1.39,0.1566,140200.15,427.28,140627.43,0.9970,持有
2018-11-19,14.85,1.43,0.2497,144107.89,427.28,144535.17,0.9970,持有
2018-11-20,14.28,1.38,0.1294,138525.40,427.28,138952.69,0.9969,持有
2018-11-21,14.09,1.36,0.0986,136691.16,427.28,137118.44,0.9969,持有
2018-11-22,14.00,1.35,0.0875,135893.66,427.28,136320.94,0.9969,持有
2018-11-23,13.64,1.32,0.0573,132384.67,427.28,132811.95,0.9968,持有
2018-11-26,13.62,1.31,0.0568,132145.42,427.28,132572.70,0.9968,持有
2018-11-27,13.73,1.33,0.0654,133261.92,427.28,133689.20,0.9968,持有
2018-11-28,13.98,1.35,0.0855,135654.41,427.28,136081.69,0.9969,持有
2018-11-29,13.67,1.32,0.0608,132623.92,427.28,133051.20,0.9968,持有
2018-11-30,13.86,1.34,0.0736,134537.91,427.28,134965.20,0.9968,持有
2018-12-03,14.33,1.38,0.1434,139083.65,427.28,139510.93,0.9969,持有
2018-12-04,14.46,1.40,0.1648,140359.65,427.28,140786.93,0.9970,持有
2018-12-05,14.34,1.38,0.1465,139163.40,427.28,139590.68,0.9969,持有
2018-12-06,13.98,1.35,0.0862,135654.41,427.28,136081.69,0.9969,持有
2018-12-07,14.01,1.35,0.0912,135973.41,427.28,136400.69,0.9969,持有
2018-12-10,13.78,1.33,0.0693,133740.42,427.28,134167.70,0.9968,持有
2018-12-11,13.87,1.34,0.0752,134617.66,427.28,135044.94,0.9968,持有
2018-12-12,13.95,1.35,0.0824,135335.41,427.28,135762.69,0.9969,持有
2018-12-13,14.12,1.36,0.1097,137010.16,427.28,137437.44,0.9969,持有
2018-12-14,13.85,1.34,0.0723,134378.41,427.28,134805.70,0.9968,持有
2018-12-17,13.95,1.35,0.0846,135415.16,427.28,135842.44,0.9969,持有
2018-12-18,13.68,1.32,0.0618,132783.42,427.28,133210.70,0.9968,持有
2018-12-19,13.49,1.30,0.0450,130949.17,427.28,131376.45,0.9967,持有
2018-12-20,13.56,1.31,0.0540,131587.17,427.28,132014.45,0.9968,持有
2018-12-21,13.23,1.28,0.0172,128397.18,427.28,128824.46,0.9967,持有
2018-12-24,13.16,1.27,0.0145,127679.43,427.28,128106.71,0.9967,持有
2018-12-25,13.16,1.27,0.0145,127679.43,427.28,128106.71,0.9967,持有
2018-12-26,13.16,1.27,0.0145,127679.43,427.28,128106.71,0.9967,持有
2018-12-27,13.16,1.27,0.0145,127679.43,427.28,128106.71,0.9967,持有
2018-12-28,13.16,1.27,0.0145,127679.43,427.28,128106.71,0.9967,持有
2019-01-02,13.16,1.27,0.0145,127679.43,427.28,128106.71,0.9967,持有
2019-01-03,13.16,1.27,0.0145,127679.43,427.28,128106.71,0.9967,持有
2019-01-04,13.16,1.27,0.0145,127679.43,427.28,128106.71,0.9967,持有
2019-01-07,13.16,1.27,0.0145,127679.43,427.28,128106.71,0.9967,持有
2019-01-08,13.16,1.27,0.0145,127679.43,427.28,128106.71,0.9967,持有
2019-01-09,13.16,1.27,0.0145,127679.43,427.28,128106.71,0.9967,持有
2019-01-10,13.81,1.33,0.0758,133979.67,427.28,134406.95,0.9968,持有
2019-01-11,13.95,1.35,0.0894,135335.41,427.28,135762.69,0.9969,持有
2019-01-14,13.97,1.35,0.0947,135574.66,427.28,136001.94,0.9969,持有
2019-01-15,14.46,1.40,0.1749,140359.65,427.28,140786.93,0.9970,持有
2019-01-16,14.50,1.40,0.1821,140678.65,427.28,141105.93,0.9970,持有
2019-01-17,14.43,1.39,0.1689,140040.65,427.28,140467.93,0.9970,持有
2019-01-18,14.69,1.42,0.2269,142592.64,427.28,143019.92,0.9970,持有
2019-01-21,14.66,1.41,0.2192,142273.64,427.28,142700.93,0.9970,持有
2019-01-22,14.36,1.39,0.1592,139322.90,427.28,139750.18,0.9969,持有
2019-01-23,14.40,1.39,0.1637,139721.65,427.28,140148.93,0.9970,持有
2019-01-24,14.70,1.42,0.2301,142672.39,427.28,143099.67,0.9970,持有
2019-01-25,14.83,1.43,0.2606,143868.64,427.28,144295.92,0.9970,持有
2019-01-28,14.79,1.43,0.2519,143549.64,427.28,143976.92,0.9970,持有
2019-01-29,14.88,1.44,0.2706,144347.14,427.28,144774.42,0.9970,持有
2019-01-30,14.74,1.42,0.2418,143071.14,427.28,143498.42,0.9970,持有
2019-01-31,15.01,1.45,0.3004,145623.14,427.28,146050.42,0.9971,持有
2019-02-01,15.27,1.47,0.3492,148175.13,427.28,148602.41,0.9971,持有
2019-02-11,15.50,1.50,0.3844,150408.12,427.28,150835.41,0.9972,持有
2019-02-12,15.59,1.50,0.3972,151285.37,427.28,151712.65,0.9972,持有
2019-02-13,16.02,1.55,0.4673,155432.36,427.28,155859.64,0.9973,持有
2019-02-14,15.86,1.53,0.4425,153917.12,427.28,154344.40,0.9972,持有
2019-02-15,15.32,1.48,0.3551,148653.63,427.28,149080.91,0.9971,持有
2019-02-18,16.29,1.57,0.5016,158064.11,427.28,158491.39,0.9973,持有
2019-02-19,16.26,1.57,0.4991,157745.11,427.28,158172.39,0.9973,持有
2019-02-20,16.50,1.59,0.5279,160137.60,427.28,160564.88,0.9973,持有
2019-02-21,16.76,1.62,0.5589,162609.84,427.28,163037.13,0.9974,持有
2019-02-22,18.43,1.78,0.6836,178878.80,427.28,179306.08,0.9976,持有
2019-02-25,20.27,1.96,0.7770,196742.76,427.28,197170.04,0.9978,卖出(降至70%)
2019-02-26,20.13,1.94,0.7713,137076.96,60923.91,198000.87,0.6923,持有
2019-02-27,19.76,1.91,0.7558,134559.22,60923.91,195483.13,0.6883,持有
2019-02-28,19.32,1.86,0.7381,131537.93,60923.91,192461.84,0.6834,持有
2019-03-01,20.10,1.94,0.7698,136853.16,60923.91,197777.07,0.6920,持有
2019-03-04,20.13,1.94,0.7708,137021.01,60923.91,197944.92,0.6922,持有
2019-03-05,20.38,1.97,0.7825,138755.45,60923.91,199679.36,0.6949,持有
2019-03-06,21.94,2.12,0.8382,149385.91,60923.91,210309.82,0.7103,卖出(降至30%)
2019-03-07,21.99,2.12,0.8391,63249.02,146164.30,209413.32,0.3020,持有
2019-03-08,19.79,1.91,0.7548,56914.67,146164.30,203078.96,0.2803,持有
2019-03-11,19.80,1.91,0.7549,56938.30,146164.30,203102.60,0.2803,持有
2019-03-12,20.28,1.96,0.7767,58332.80,146164.30,204497.10,0.2853,持有
2019-03-13,19.66,1.90,0.7511,56536.49,146164.30,202700.79,0.2789,持有
2019-03-14,19.21,1.85,0.7277,55236.53,146164.30,201400.83,0.2743,持有
2019-03-15,19.57,1.89,0.7451,56276.50,146164.30,202440.80,0.2780,持有
2019-03-18,20.24,1.95,0.7740,58214.63,146164.30,204378.93,0.2848,持有
2019-03-19,19.91,1.92,0.7609,57269.20,146164.30,203433.50,0.2815,持有
2019-03-20,20.18,1.95,0.7720,58049.18,146164.30,204213.48,0.2843,持有
2019-03-21,20.46,1.97,0.7867,58852.79,146164.30,205017.09,0.2871,持有
2019-03-22,20.38,1.96,0.7789,58616.43,146164.30,204780.73,0.2862,持有
2019-03-25,19.48,1.88,0.7396,56016.51,146164.30,202180.81,0.2771,持有
2019-03-26,18.83,1.81,0.7000,54149.29,146164.30,200313.59,0.2703,持有
2019-03-27,18.88,1.82,0.7023,54291.11,146164.30,200455.41,0.2708,持有
2019-03-28,18.76,1.81,0.6945,53960.21,146164.30,200124.51,0.2696,持有
2019-03-29,20.36,1.96,0.7780,58569.16,146164.30,204733.46,0.2861,持有
2019-04-01,20.78,2.00,0.7949,59750.94,146164.30,205915.24,0.2902,持有
2019-04-02,20.71,1.99,0.7919,59561.86,146164.30,205726.16,0.2895,持有
2019-04-03,21.50,2.07,0.8255,61830.88,146164.30,207995.18,0.2973,持有
2019-04-04,21.37,2.06,0.8194,61452.71,146164.30,207617.01,0.2960,持有
2019-04-08,20.80,2.00,0.7966,59821.85,146164.30,205986.15,0.2904,持有
2019-04-09,20.88,2.01,0.8002,60058.21,146164.30,206222.51,0.2912,持有
2019-04-10,20.50,1.97,0.7849,58970.97,146164.30,205135.27,0.2875,持有
2019-04-11,20.07,1.93,0.7621,57718.28,146164.30,203882.58,0.2831,持有
2019-04-12,19.95,1.92,0.7560,57363.74,146164.30,203528.04,0.2818,持有
2019-04-15,19.56,1.88,0.7386,56252.87,146164.30,202417.17,0.2779,持有
2019-04-16,20.13,1.94,0.7646,57907.36,146164.30,204071.66,0.2838,持有
2019-04-17,20.02,1.93,0.7603,57576.46,146164.30,203740.76,0.2826,持有
2019-04-18,19.95,1.92,0.7565,57387.38,146164.30,203551.68,0.2819,持有
2019-04-19,20.13,1.94,0.7645,57907.36,146164.30,204071.66,0.2838,持有
2019-04-22,19.55,1.88,0.7370,56229.23,146164.30,202393.53,0.2778,持有
2019-04-23,19.68,1.89,0.7428,56607.40,146164.30,202771.70,0.2792,持有
2019-04-24,19.87,1.91,0.7503,57151.02,146164.30,203315.32,0.2811,持有
2019-04-25,19.31,1.86,0.7233,55543.80,146164.30,201708.10,0.2754,持有
2019-04-26,19.39,1.87,0.7282,55756.52,146164.30,201920.82,0.2761,持有
2019-04-29,18.92,1.82,0.6995,54409.29,146164.30,200573.59,0.2713,持有
2019-04-30,18.93,1.77,0.6611,54456.56,146164.30,200620.86,0.2714,持有
2019-05-06,17.04,1.59,0.5162,49020.36,146164.30,195184.66,0.2511,持有
2019-05-07,17.05,1.59,0.5168,49043.99,146164.30,195208.29,0.2512,持有
2019-05-08,16.66,1.56,0.4721,47909.48,146164.30,194073.78,0.2469,持有
2019-05-09,16.26,1.52,0.4103,46751.33,146164.30,192915.63,0.2423,持有
2019-05-10,16.96,1.58,0.5065,48784.00,146164.30,194948.30,0.2502,持有
2019-05-13,16.47,1.54,0.4448,47365.86,146164.30,193530.16,0.2447,持有
2019-05-14,16.34,1.53,0.4246,46987.69,146164.30,193151.99,0.2433,持有
2019-05-15,16.68,1.56,0.4754,47980.39,146164.30,194144.69,0.2471,持有
2019-05-16,16.63,1.55,0.4682,47814.94,146164.30,193979.24,0.2465,持有
2019-05-17,16.14,1.51,0.3914,46420.43,146164.30,192584.73,0.2410,持有
2019-05-20,16.33,1.52,0.4230,46964.05,146164.30,193128.35,0.2432,持有
2019-05-21,16.63,1.55,0.4685,47814.94,146164.30,193979.24,0.2465,持有
2019-05-22,16.55,1.55,0.4565,47602.22,146164.30,193766.52,0.2457,持有
2019-05-23,16.48,1.54,0.4463,47389.49,146164.30,193553.79,0.2448,持有
2019-05-24,16.49,1.54,0.4500,47436.77,146164.30,193601.07,0.2450,持有
2019-05-27,16.95,1.58,0.5076,48760.36,146164.30,194924.66,0.2501,持有
2019-05-28,16.92,1.58,0.5048,48665.82,146164.30,194830.12,0.2498,持有
2019-05-29,16.89,1.58,0.5011,48571.28,146164.30,194735.58,0.2494,持有
2019-05-30,16.61,1.55,0.4670,47767.67,146164.30,193931.97,0.2463,持有
2019-05-31,16.54,1.54,0.4543,47578.58,146164.30,193742.88,0.2456,持有
2019-06-03,16.59,1.55,0.4632,47720.39,146164.30,193884.69,0.2461,持有
2019-06-04,16.54,1.54,0.4539,47578.58,146164.30,193742.88,0.2456,持有
2019-06-05,16.71,1.56,0.4805,48051.29,146164.30,194215.59,0.2474,持有
2019-06-06,16.49,1.54,0.4483,47436.77,146164.30,193601.07,0.2450,持有
2019-06-10,16.50,1.54,0.4498,47460.40,146164.30,193624.70,0.2451,持有
2019-06-11,17.33,1.62,0.5534,49847.60,146164.30,196011.90,0.2543,持有
2019-06-12,17.10,1.60,0.5298,49185.80,146164.30,195350.10,0.2518,持有
2019-06-13,17.27,1.61,0.5460,49658.52,146164.30,195822.82,0.2536,持有
2019-06-14,16.98,1.59,0.5130,48831.27,146164.30,194995.57,0.2504,持有
2019-06-17,17.04,1.59,0.5201,48996.72,146164.30,195161.02,0.2511,持有
2019-06-18,17.14,1.60,0.5328,49280.35,146164.30,195444.65,0.2521,持有
2019-06-19,17.71,1.65,0.5908,50934.84,146164.30,197099.14,0.2584,持有
2019-06-20,18.94,1.77,0.6668,54480.19,146164.30,200644.49,0.2715,持有
2019-06-21,19.45,1.82,0.7001,55945.60,146164.30,202109.90,0.2768,持有
2019-06-24,19.40,1.81,0.6972,55780.15,146164.30,201944.45,0.2762,持有
2019-06-25,19.30,1.80,0.6883,55496.53,146164.30,201660.83,0.2752,持有
2019-06-26,19.14,1.79,0.6773,55047.45,146164.30,201211.75,0.2736,持有
2019-06-27,19.66,1.84,0.7127,56536.49,146164.30,202700.79,0.2789,持有
2019-06-28,19.57,1.83,0.7081,56276.50,146164.30,202440.80,0.2780,持有
2019-07-01,20.04,1.87,0.7361,57623.73,146164.30,203788.03,0.2828,持有
2019-07-02,19.85,1.85,0.7238,57080.11,146164.30,203244.41,0.2808,持有
2019-07-03,19.26,1.80,0.6836,55378.35,146164.30,201542.65,0.2748,持有
2019-07-04,19.40,1.81,0.6961,55780.15,146164.30,201944.45,0.2762,持有
2019-07-05,19.35,1.81,0.6903,55638.34,146164.30,201802.64,0.2757,持有
2019-07-08,19.04,1.78,0.6698,54763.82,146164.30,200928.12,0.2726,持有
2019-07-09,19.09,1.78,0.6730,54905.63,146164.30,201069.93,0.2731,持有
2019-07-10,19.07,1.78,0.6722,54834.73,146164.30,200999.03,0.2728,持有
2019-07-11,19.05,1.78,0.6711,54787.46,146164.30,200951.76,0.2726,持有
2019-07-12,19.21,1.79,0.6811,55236.53,146164.30,201400.83,0.2743,持有
2019-07-15,19.47,1.82,0.7009,55992.87,146164.30,202157.17,0.2770,持有
2019-07-16,19.26,1.80,0.6831,55378.35,146164.30,201542.65,0.2748,持有
2019-07-17,18.98,1.77,0.6635,54574.73,146164.30,200739.03,0.2719,持有
2019-07-18,18.67,1.74,0.6436,53700.22,146164.30,199864.52,0.2687,持有
2019-07-19,19.05,1.78,0.6702,54787.46,146164.30,200951.76,0.2726,持有
2019-07-22,18.74,1.75,0.6465,53889.30,146164.30,200053.60,0.2694,持有
2019-07-23,18.80,1.75,0.6500,54054.75,146164.30,200219.05,0.2700,持有
2019-07-24,19.12,1.78,0.6745,54976.54,146164.30,201140.84,0.2733,持有
2019-07-25,19.22,1.79,0.6832,55283.80,146164.30,201448.10,0.2744,持有
2019-07-26,19.22,1.79,0.6829,55283.80,146164.30,201448.10,0.2744,持有
2019-07-29,19.04,1.78,0.6672,54763.82,146164.30,200928.12,0.2726,持有
2019-07-30,19.24,1.80,0.6840,55331.08,146164.30,201495.38,0.2746,持有
2019-07-31,19.09,1.78,0.6718,54905.63,146164.30,201069.93,0.2731,持有
2019-08-01,18.84,1.76,0.6515,54172.93,146164.30,200337.23,0.2704,持有
2019-08-02,18.12,1.67,0.5900,52108.72,146164.30,198273.02,0.2628,持有
2019-08-05,17.48,1.61,0.5332,50260.56,146164.30,196424.86,0.2559,持有
2019-08-06,17.40,1.60,0.5249,50044.54,146164.30,196208.84,0.2551,持有
2019-08-07,17.11,1.57,0.4868,49204.46,146164.30,195368.76,0.2519,持有
2019-08-08,17.45,1.60,0.5304,50188.55,146164.30,196352.85,0.2556,持有
2019-08-09,17.35,1.60,0.5191,49900.52,146164.30,196064.82,0.2545,持有
2019-08-12,17.81,1.64,0.5685,51220.64,146164.30,197384.94,0.2595,持有
2019-08-13,17.58,1.62,0.5450,50572.58,146164.30,196736.88,0.2571,持有
2019-08-14,17.65,1.62,0.5524,50764.60,146164.30,196928.90,0.2578,持有
2019-08-15,17.69,1.63,0.5551,50884.61,146164.30,197048.91,0.2582,持有
2019-08-16,17.80,1.64,0.5680,51196.64,146164.30,197360.94,0.2594,持有
2019-08-19,19.30,1.77,0.6655,55517.03,146164.30,201681.33,0.2753,持有
2019-08-20,18.99,1.75,0.6433,54628.95,146164.30,200793.25,0.2721,持有
2019-08-21,18.89,1.74,0.6392,54340.93,146164.30,200505.23,0.2710,持有
2019-08-22,18.95,1.74,0.6414,54508.94,146164.30,200673.24,0.2716,持有
2019-08-23,18.89,1.76,0.6530,54340.93,146164.30,200505.23,0.2710,持有
2019-08-26,18.54,1.73,0.6324,53332.83,146164.30,199497.13,0.2673,持有
2019-08-27,19.00,1.77,0.6617,54652.95,146164.30,200817.25,0.2722,持有
2019-08-28,18.71,1.74,0.6408,53812.88,146164.30,199977.18,0.2691,持有
2019-08-29,18.57,1.73,0.6338,53404.84,146164.30,199569.14,0.2676,持有
2019-08-30,18.63,1.73,0.6364,53572.86,146164.30,199737.16,0.2682,持有
2019-09-02,19.00,1.77,0.6619,54652.95,146164.30,200817.25,0.2722,持有
2019-09-03,19.06,1.77,0.6658,54820.97,146164.30,200985.27,0.2728,持有
2019-09-04,19.47,1.81,0.7018,55997.08,146164.30,202161.38,0.2770,持有
2019-09-05,19.89,1.85,0.7276,57197.18,146164.30,203361.48,0.2813,持有
2019-09-06,20.15,1.88,0.7445,57965.25,146164.30,204129.55,0.2840,持有
2019-09-09,20.30,1.89,0.7497,58373.29,146164.30,204537.59,0.2854,持有
2019-09-10,20.20,1.88,0.7456,58085.27,146164.30,204249.57,0.2844,持有
2019-09-11,20.36,1.89,0.7524,58541.31,146164.30,204705.61,0.2860,持有
2019-09-12,20.62,1.92,0.7639,59309.38,146164.30,205473.68,0.2886,持有
2019-09-16,20.26,1.89,0.7467,58277.28,146164.30,204441.58,0.2851,持有
2019-09-17,19.64,1.83,0.7112,56477.12,146164.30,202641.42,0.2787,持有
2019-09-18,19.55,1.82,0.7050,56237.10,146164.30,202401.40,0.2778,持有
2019-09-19,19.69,1.83,0.7143,56621.13,146164.30,202785.43,0.2792,持有
2019-09-20,19.48,1.81,0.6994,56021.08,146164.30,202185.38,0.2771,持有
2019-09-23,19.17,1.78,0.6735,55133.00,146164.30,201297.30,0.2739,持有
2019-09-24,19.16,1.78,0.6732,55109.00,146164.30,201273.30,0.2738,持有
2019-09-25,19.08,1.78,0.6642,54868.97,146164.30,201033.27,0.2729,持有
2019-09-26,18.96,1.76,0.6534,54532.94,146164.30,200697.24,0.2717,持有
2019-09-27,19.24,1.79,0.6795,55325.01,146164.30,201489.31,0.2746,持有
2019-09-30,18.76,1.75,0.6382,53956.89,146164.30,200121.19,0.2696,持有
2019-10-08,18.64,1.73,0.6325,53596.86,146164.30,199761.16,0.2683,持有
2019-10-09,18.55,1.73,0.6268,53356.84,146164.30,199521.14,0.2674,持有
2019-10-10,18.69,1.74,0.6345,53740.87,146164.30,199905.17,0.2688,持有
2019-10-11,19.14,1.78,0.6710,55060.99,146164.30,201225.29,0.2736,持有
2019-10-14,19.27,1.79,0.6820,55421.02,146164.30,201585.32,0.2749,持有
2019-10-15,18.94,1.76,0.6508,54460.94,146164.30,200625.24,0.2715,持有
2019-10-16,18.83,1.75,0.6430,54148.91,146164.30,200313.21,0.2703,持有
2019-10-17,18.79,1.75,0.6403,54052.90,146164.30,200217.20,0.2700,持有
2019-10-18,18.36,1.71,0.6142,52804.79,146164.30,198969.09,0.2654,持有
2019-10-21,18.24,1.70,0.6060,52444.75,146164.30,198609.05,0.2641,持有
2019-10-22,18.44,1.72,0.6187,53044.81,146164.30,199209.11,0.2663,持有
2019-10-23,18.19,1.69,0.6005,52300.74,146164.30,198465.04,0.2635,持有
2019-10-24,18.24,1.70,0.6057,52444.75,146164.30,198609.05,0.2641,持有
2019-10-25,18.41,1.71,0.6170,52948.80,146164.30,199113.10,0.2659,持有
2019-10-28,18.65,1.74,0.6326,53644.86,146164.30,199809.16,0.2685,持有
2019-10-29,18.25,1.70,0.6070,52492.76,146164.30,198657.06,0.2642,持有
2019-10-30,18.25,1.70,0.6067,52492.76,146164.30,198657.06,0.2642,持有
2019-10-31,18.11,1.64,0.5629,52084.72,146164.30,198249.02,0.2627,持有
2019-11-01,18.51,1.68,0.5917,53236.83,146164.30,199401.13,0.2670,持有
2019-11-04,18.58,1.68,0.5948,53428.84,146164.30,199593.14,0.2677,持有
2019-11-05,18.88,1.71,0.6161,54292.92,146164.30,200457.22,0.2708,持有
2019-11-06,18.72,1.70,0.6059,53836.88,146164.30,200001.18,0.2692,持有
2019-11-07,18.95,1.72,0.6218,54508.94,146164.30,200673.24,0.2716,持有
2019-11-08,18.71,1.70,0.6041,53812.88,146164.30,199977.18,0.2691,持有
2019-11-11,18.36,1.67,0.5786,52804.79,146164.30,198969.09,0.2654,持有
2019-11-12,18.39,1.67,0.5821,52876.79,146164.30,199041.09,0.2657,持有
2019-11-13,18.23,1.65,0.5703,52420.75,146164.30,198585.05,0.2640,持有
2019-11-14,18.28,1.66,0.5746,52564.76,146164.30,198729.06,0.2645,持有
2019-11-15,18.12,1.64,0.5620,52108.72,146164.30,198273.02,0.2628,持有
2019-11-18,18.27,1.66,0.5746,52540.76,146164.30,198705.06,0.2644,持有
2019-11-19,18.49,1.68,0.5900,53164.82,146164.30,199329.12,0.2667,持有
2019-11-20,18.13,1.64,0.5625,52132.73,146164.30,198297.03,0.2629,持有
2019-11-21,18.06,1.64,0.5557,51940.71,146164.30,198105.01,0.2622,持有
2019-11-22,17.93,1.63,0.5402,51580.68,146164.30,197744.98,0.2608,持有
2019-11-25,18.04,1.64,0.5532,51892.70,146164.30,198057.00,0.2620,持有
2019-11-26,17.96,1.63,0.5426,51652.68,146164.30,197816.98,0.2611,持有
2019-11-27,17.88,1.62,0.5358,51436.66,146164.30,197600.96,0.2603,持有
2019-11-28,17.95,1.63,0.5422,51628.68,146164.30,197792.98,0.2610,持有
2019-11-29,17.87,1.62,0.5325,51388.66,146164.30,197552.96,0.2601,持有
2019-12-02,18.09,1.64,0.5594,52036.72,146164.30,198201.02,0.2625,持有
2019-12-03,18.24,1.65,0.5728,52444.75,146164.30,198609.05,0.2641,持有
2019-12-04,18.17,1.65,0.5656,52252.74,146164.30,198417.04,0.2633,持有
2019-12-05,18.61,1.69,0.5982,53524.85,146164.30,199689.15,0.2680,持有
2019-12-06,18.68,1.69,0.6049,53716.87,146164.30,199881.17,0.2687,持有
2019-12-09,18.57,1.68,0.5956,53404.84,146164.30,199569.14,0.2676,持有
2019-12-10,18.54,1.68,0.5938,53308.83,146164.30,199473.13,0.2672,持有
2019-12-11,18.55,1.68,0.5947,53356.84,146164.30,199521.14,0.2674,持有
2019-12-12,18.53,1.68,0.5929,53284.83,146164.30,199449.13,0.2672,持有
2019-12-13,19.20,1.74,0.6406,55205.00,146164.30,201369.30,0.2741,持有
2019-12-16,19.46,1.77,0.6596,55973.07,146164.30,202137.37,0.2769,持有
2019-12-17,19.92,1.81,0.7002,57293.19,146164.30,203457.49,0.2816,持有
2019-12-18,19.86,1.80,0.6950,57125.18,146164.30,203289.48,0.2810,持有
2019-12-19,19.82,1.80,0.6907,57005.17,146164.30,203169.47,0.2806,持有
2019-12-20,19.68,1.78,0.6798,56597.13,146164.30,202761.43,0.2791,持有
2019-12-23,19.24,1.74,0.6419,55325.01,146164.30,201489.31,0.2746,持有
2019-12-24,19.35,1.75,0.6494,55637.04,146164.30,201801.34,0.2757,持有
2019-12-25,19.30,1.75,0.6462,55517.03,146164.30,201681.33,0.2753,持有
2019-12-26,19.82,1.80,0.6909,57005.17,146164.30,203169.47,0.2806,持有
2019-12-27,19.47,1.77,0.6588,55997.08,146164.30,202161.38,0.2770,持有
2019-12-30,21.42,1.94,0.7834,61589.58,146164.30,207753.88,0.2965,持有
2019-12-31,21.11,1.92,0.7675,60725.50,146164.30,206889.80,0.2935,持有
2020-01-02,21.27,1.93,0.7774,61181.55,146164.30,207345.85,0.2951,持有
2020-01-03,21.18,1.92,0.7722,60917.52,146164.30,207081.82,0.2942,持有
2020-01-06,21.13,1.92,0.7674,60773.51,146164.30,206937.81,0.2937,持有
2020-01-07,21.45,1.95,0.7846,61685.59,146164.30,207849.89,0.2968,持有
2020-01-08,20.81,1.89,0.7534,59861.43,146164.30,206025.73,0.2906,持有
2020-01-09,21.23,1.93,0.7742,61061.53,146164.30,207225.83,0.2947,持有
2020-01-10,21.32,1.93,0.7792,61325.56,146164.30,207489.86,0.2956,持有
2020-01-13,21.67,1.97,0.7959,62333.65,146164.30,208497.95,0.2990,持有
2020-01-14,21.33,1.93,0.7790,61349.56,146164.30,207513.86,0.2956,持有
2020-01-15,21.13,1.92,0.7656,60773.51,146164.30,206937.81,0.2937,持有
2020-01-16,20.96,1.90,0.7596,60269.46,146164.30,206433.76,0.2920,持有
2020-01-17,21.16,1.92,0.7687,60869.52,146164.30,207033.82,0.2940,持有
2020-01-20,21.50,1.95,0.7874,61829.60,146164.30,207993.90,0.2973,持有
2020-01-21,21.01,1.91,0.7595,60413.48,146164.30,206577.78,0.2924,持有
2020-01-22,21.03,1.91,0.7608,60485.48,146164.30,206649.78,0.2927,持有
2020-01-23,19.95,1.81,0.6989,57365.20,146164.30,203529.50,0.2819,持有
2020-02-03,17.95,1.63,0.5338,51628.68,146164.30,197792.98,0.2610,持有
2020-02-04,18.14,1.64,0.5559,52156.73,146164.30,198321.03,0.2630,持有
2020-02-05,18.42,1.67,0.5791,52972.80,146164.30,199137.10,0.2660,持有
2020-02-06,18.89,1.71,0.6145,54316.92,146164.30,200481.22,0.2709,持有
2020-02-07,18.81,1.71,0.6098,54100.90,146164.30,200265.20,0.2701,持有
2020-02-10,18.92,1.72,0.6164,54412.93,146164.30,200577.23,0.2713,持有
2020-02-11,18.94,1.72,0.6174,54460.94,146164.30,200625.24,0.2715,持有
2020-02-12,19.11,1.73,0.6284,54964.98,146164.30,201129.28,0.2733,持有
2020-02-13,18.82,1.71,0.6096,54124.91,146164.30,200289.21,0.2702,持有
2020-02-14,19.18,1.74,0.6336,55157.00,146164.30,201321.30,0.2740,持有
2020-02-17,20.18,1.83,0.7164,58037.26,146164.30,204201.56,0.2842,持有
2020-02-18,20.01,1.82,0.7048,57557.22,146164.30,203721.52,0.2825,持有
2020-02-19,20.03,1.82,0.7046,57605.22,146164.30,203769.52,0.2827,持有
2020-02-20,21.21,1.92,0.7744,61013.53,146164.30,207177.83,0.2945,持有
2020-02-21,21.01,1.91,0.7604,60437.48,146164.30,206601.78,0.2925,持有
2020-02-24,20.90,1.90,0.7564,60101.45,146164.30,206265.75,0.2914,持有
2020-02-25,21.04,1.91,0.7622,60509.48,146164.30,206673.78,0.2928,持有
2020-02-26,20.62,1.87,0.7418,59309.38,146164.30,205473.68,0.2886,持有
2020-02-27,20.67,1.87,0.7443,59453.39,146164.30,205617.69,0.2891,持有
2020-02-28,19.53,1.77,0.6592,56165.09,146164.30,202329.39,0.2776,持有
2020-03-02,20.43,1.85,0.7296,58757.33,146164.30,204921.63,0.2867,持有
2020-03-03,20.64,1.87,0.7430,59357.38,146164.30,205521.68,0.2888,持有
2020-03-04,21.14,1.92,0.7680,60797.51,146164.30,206961.81,0.2938,持有
2020-03-05,21.69,1.97,0.7998,62381.65,146164.30,208545.95,0.2991,持有
2020-03-06,20.96,1.90,0.7585,60269.46,146164.30,206433.76,0.2920,持有
2020-03-09,20.29,1.84,0.7193,58349.29,146164.30,204513.59,0.2853,持有
2020-03-10,20.91,1.90,0.7575,60149.45,146164.30,206313.75,0.2915,持有
2020-03-11,20.31,1.84,0.7224,58421.30,146164.30,204585.60,0.2856,持有
2020-03-12,20.01,1.82,0.7004,57557.22,146164.30,203721.52,0.2825,持有
2020-03-13,19.98,1.93,0.7802,57461.21,146164.30,203625.51,0.2822,持有
2020-03-16,18.92,1.83,0.7135,54412.93,146164.30,200577.23,0.2713,持有
2020-03-17,19.14,1.85,0.7272,55036.99,146164.30,201201.29,0.2735,持有
2020-03-18,18.55,1.80,0.6805,53356.84,146164.30,199521.14,0.2674,持有
2020-03-19,18.66,1.81,0.6890,53668.86,146164.30,199833.16,0.2686,持有
2020-03-20,18.91,1.81,0.6976,54388.93,146164.30,200553.23,0.2712,持有
2020-03-23,18.27,1.75,0.6362,52540.76,146164.30,198705.06,0.2644,持有
2020-03-24,18.62,1.78,0.6695,53548.85,146164.30,199713.15,0.2681,持有
2020-03-25,18.99,1.82,0.7051,54628.95,146164.30,200793.25,0.2721,持有
2020-03-26,18.76,1.80,0.6837,53956.89,146164.30,200121.19,0.2696,持有
2020-03-27,18.84,1.81,0.6886,54172.91,146164.30,200337.21,0.2704,持有
2020-03-30,18.59,1.78,0.6648,53452.85,146164.30,199617.15,0.2678,持有
2020-03-31,18.49,1.77,0.6554,53188.82,146164.30,199353.12,0.2668,持有
2020-04-01,18.44,1.77,0.6487,53044.81,146164.30,199209.11,0.2663,持有
2020-04-02,18.72,1.79,0.6779,53836.88,146164.30,200001.18,0.2692,持有
2020-04-03,18.47,1.77,0.6522,53116.81,146164.30,199281.11,0.2665,持有
2020-04-07,18.84,1.81,0.6897,54196.91,146164.30,200361.21,0.2705,持有
2020-04-08,18.82,1.80,0.6887,54124.91,146164.30,200289.21,0.2702,持有
2020-04-09,18.90,1.81,0.6979,54364.93,146164.30,200529.23,0.2711,持有
2020-04-10,18.77,1.80,0.6838,53980.89,146164.30,200145.19,0.2697,持有
2020-04-13,18.59,1.78,0.6636,53452.85,146164.30,199617.15,0.2678,持有
2020-04-14,19.37,1.86,0.7320,55709.05,146164.30,201873.35,0.2760,持有
2020-04-15,19.21,1.84,0.7214,55253.01,146164.30,201417.31,0.2743,持有
2020-04-16,19.75,1.89,0.7549,56813.15,146164.30,202977.45,0.2799,持有
2020-04-17,19.51,1.87,0.7411,56117.09,146164.30,202281.39,0.2774,持有
2020-04-20,19.60,1.88,0.7475,56381.11,146164.30,202545.41,0.2784,持有
2020-04-21,19.34,1.85,0.7298,55613.04,146164.30,201777.34,0.2756,持有
2020-04-22,19.35,1.85,0.7307,55661.05,146164.30,201825.35,0.2758,持有
2020-04-23,19.13,1.83,0.7146,55012.99,146164.30,201177.29,0.2735,持有
2020-04-24,18.94,1.82,0.7000,54484.94,146164.30,200649.24,0.2715,持有
2020-04-27,19.05,1.83,0.7089,54796.97,146164.30,200961.27,0.2727,持有
2020-04-28,19.44,1.86,0.7371,55901.07,146164.30,202065.37,0.2766,持有
2020-04-29,19.52,1.70,0.5953,56141.09,146164.30,202305.39,0.2775,持有
2020-04-30,19.78,1.73,0.6124,56885.16,146164.30,203049.46,0.2802,持有
2020-05-06,19.71,1.72,0.6078,56693.14,146164.30,202857.44,0.2795,持有
2020-05-07,19.54,1.71,0.5961,56189.09,146164.30,202353.39,0.2777,持有
2020-05-08,19.88,1.74,0.6192,57173.18,146164.30,203337.48,0.2812,持有
2020-05-11,19.67,1.72,0.6051,56573.13,146164.30,202737.43,0.2790,持有
2020-05-12,19.72,1.72,0.6080,56717.14,146164.30,202881.44,0.2796,持有
2020-05-13,19.81,1.73,0.6145,56981.17,146164.30,203145.46,0.2805,持有
2020-05-14,19.56,1.71,0.5969,56261.10,146164.30,202425.40,0.2779,持有
2020-05-15,19.56,1.71,0.5967,56261.10,146164.30,202425.40,0.2779,持有
2020-05-18,19.26,1.68,0.5720,55397.02,146164.30,201561.32,0.2748,持有
2020-05-19,19.37,1.69,0.5789,55709.05,146164.30,201873.35,0.2760,持有
2020-05-20,19.27,1.68,0.5728,55421.02,146164.30,201585.32,0.2749,持有
2020-05-21,19.21,1.68,0.5690,55253.01,146164.30,201417.31,0.2743,持有
2020-05-22,18.61,1.63,0.5149,53524.85,146164.30,199689.15,0.2680,持有
2020-05-25,18.54,1.62,0.5077,53308.83,146164.30,199473.13,0.2672,持有
2020-05-26,18.75,1.64,0.5322,53932.89,146164.30,200097.19,0.2695,持有
2020-05-27,18.60,1.62,0.5135,53500.85,146164.30,199665.15,0.2680,持有
2020-05-28,18.76,1.64,0.5334,53956.89,146164.30,200121.19,0.2696,持有
2020-05-29,18.59,1.62,0.5128,53452.85,146164.30,199617.15,0.2678,持有
2020-06-01,19.31,1.69,0.5765,55541.03,146164.30,201705.33,0.2754,持有
2020-06-02,19.21,1.68,0.5696,55253.01,146164.30,201417.31,0.2743,持有
2020-06-03,19.11,1.67,0.5615,54964.98,146164.30,201129.28,0.2733,持有
2020-06-04,18.99,1.66,0.5539,54628.95,146164.30,200793.25,0.2721,持有
2020-06-05,19.06,1.66,0.5564,54820.97,146164.30,200985.27,0.2728,持有
2020-06-08,19.17,1.67,0.5663,55133.00,146164.30,201297.30,0.2739,持有
2020-06-09,19.44,1.70,0.5888,55901.07,146164.30,202065.37,0.2766,持有
2020-06-10,19.25,1.68,0.5722,55349.02,146164.30,201513.32,0.2747,持有
2020-06-11,19.02,1.66,0.5543,54700.96,146164.30,200865.26,0.2723,持有
2020-06-12,18.87,1.65,0.5412,54268.92,146164.30,200433.22,0.2708,持有
2020-06-15,18.85,1.65,0.5402,54220.91,146164.30,200385.21,0.2706,持有
2020-06-16,19.08,1.67,0.5580,54868.97,146164.30,201033.27,0.2729,持有
2020-06-17,19.00,1.66,0.5539,54652.95,146164.30,200817.25,0.2722,持有
2020-06-18,19.26,1.68,0.5739,55397.02,146164.30,201561.32,0.2748,持有
2020-06-19,19.90,1.74,0.6244,57245.19,146164.30,203409.49,0.2814,持有
2020-06-22,20.12,1.76,0.6402,57869.25,146164.30,204033.55,0.2836,持有
2020-06-23,20.06,1.75,0.6348,57701.23,146164.30,203865.53,0.2830,持有
2020-06-24,20.24,1.77,0.6490,58205.28,146164.30,204369.58,0.2848,持有
2020-06-29,19.61,1.71,0.6032,56405.11,146164.30,202569.41,0.2784,持有
2020-06-30,20.12,1.76,0.6399,57869.25,146164.30,204033.55,0.2836,持有
2020-07-01,20.63,1.80,0.6883,59333.38,146164.30,205497.68,0.2887,持有
2020-07-02,21.75,1.90,0.7651,62549.67,146164.30,208713.97,0.2997,持有
2020-07-03,23.93,2.09,0.8523,68814.24,146164.30,214978.54,0.3201,持有
2020-07-06,26.32,2.30,0.8795,75702.86,146164.30,221867.16,0.3412,持有
2020-07-07,25.98,2.27,0.8776,74718.77,146164.30,220883.07,0.3383,持有
2020-07-08,27.96,2.44,0.8878,80407.29,146164.30,226571.59,0.3549,卖出(降至30%)
2020-07-09,27.61,2.41,0.8863,67141.46,158206.51,225347.98,0.2979,持有
2020-07-10,26.51,2.32,0.8816,64482.60,158206.51,222689.11,0.2896,持有
2020-07-13,27.11,2.37,0.8836,65923.66,158206.51,224130.18,0.2941,持有
2020-07-14,26.73,2.33,0.8825,65010.31,158206.51,223216.82,0.2912,持有
2020-07-15,26.71,2.33,0.8818,64949.42,158206.51,223155.93,0.2910,持有
2020-07-16,24.47,2.14,0.8578,59509.91,158206.51,217716.42,0.2733,持有
2020-07-17,23.89,2.09,0.8478,58089.14,158206.51,216295.65,0.2686,持有
2020-07-20,25.58,2.23,0.8719,62209.37,158206.51,220415.88,0.2822,持有
2020-07-21,25.31,2.21,0.8700,61559.87,158206.51,219766.39,0.2801,持有
2020-07-22,25.45,2.22,0.8712,61904.92,158206.51,220111.43,0.2812,持有
2020-07-23,25.49,2.23,0.8712,61986.10,158206.51,220192.62,0.2815,持有
2020-07-24,23.79,2.08,0.8446,57845.58,158206.51,216052.09,0.2677,持有
2020-07-27,23.79,2.08,0.8443,57845.58,158206.51,216052.09,0.2677,持有
2020-07-28,23.70,2.07,0.8405,57642.61,158206.51,215849.12,0.2671,持有
2020-07-29,24.85,2.17,0.8610,60423.26,158206.51,218629.77,0.2764,持有
2020-07-30,24.67,2.15,0.8587,59997.03,158206.51,218203.54,0.2750,持有
2020-07-31,25.00,2.18,0.8627,60808.89,158206.51,219015.41,0.2776,持有
2020-08-03,25.38,2.22,0.8696,61722.25,158206.51,219928.76,0.2806,持有
2020-08-04,25.22,2.20,0.8689,61336.61,158206.51,219543.12,0.2794,持有
2020-08-05,24.96,2.18,0.8613,60707.41,158206.51,218913.93,0.2773,持有
2020-08-06,26.77,2.34,0.8833,65111.79,158206.51,223318.31,0.2916,持有
2020-08-07,26.67,2.33,0.8818,64868.23,158206.51,223074.75,0.2908,持有
2020-08-10,27.72,2.42,0.8872,67405.32,158206.51,225611.83,0.2988,持有
2020-08-11,26.13,2.28,0.8761,63548.95,158206.51,221755.46,0.2866,持有
2020-08-12,25.95,2.27,0.8746,63102.42,158206.51,221308.93,0.2851,持有
2020-08-13,25.78,2.25,0.8727,62696.49,158206.51,220903.00,0.2838,持有
2020-08-14,26.18,2.29,0.8766,63670.73,158206.51,221877.24,0.2870,持有
2020-08-17,27.52,2.40,0.8863,66918.20,158206.51,225124.71,0.2972,持有
2020-08-18,27.66,2.42,0.8871,67263.24,158206.51,225469.76,0.2983,持有
2020-08-19,27.28,2.38,0.8845,66349.89,158206.51,224556.41,0.2955,持有
2020-08-20,26.69,2.33,0.8807,64908.83,158206.51,223115.34,0.2909,持有
2020-08-21,27.06,2.33,0.8799,65816.10,158206.51,224022.62,0.2938,持有
2020-08-24,26.96,2.32,0.8796,65568.67,158206.51,223775.19,0.2930,持有
2020-08-25,26.86,2.33,0.8796,65321.24,158206.51,223527.76,0.2922,持有
2020-08-26,26.05,2.26,0.8705,63362.43,158206.51,221568.95,0.2860,持有
2020-08-27,26.26,2.27,0.8725,63857.29,158206.51,222063.80,0.2876,持有
2020-08-28,27.12,2.35,0.8825,65960.44,158206.51,224166.95,0.2942,持有
2020-08-31,26.96,2.34,0.8817,65568.67,158206.51,223775.19,0.2930,持有
2020-09-01,27.22,2.36,0.8826,66207.86,158206.51,224414.38,0.2950,持有
2020-09-02,27.05,2.34,0.8818,65774.86,158206.51,223981.38,0.2937,持有
2020-09-03,26.72,2.31,0.8765,64991.34,158206.51,223197.85,0.2912,持有
2020-09-04,26.32,2.28,0.8712,64001.62,158206.51,222208.14,0.2880,持有
2020-09-07,25.36,2.20,0.8579,61671.67,158206.51,219878.18,0.2805,持有
2020-09-08,25.99,2.25,0.8671,63197.48,158206.51,221403.99,0.2854,持有
2020-09-09,25.51,2.21,0.8615,62042.81,158206.51,220249.32,0.2817,持有
2020-09-10,25.43,2.20,0.8611,61857.24,158206.51,220063.75,0.2811,持有
2020-09-11,25.51,2.21,0.8612,62042.81,158206.51,220249.32,0.2817,持有
2020-09-14,25.48,2.21,0.8608,61960.33,158206.51,220166.85,0.2814,持有
2020-09-15,25.62,2.22,0.8628,62310.86,158206.51,220517.37,0.2826,持有
2020-09-16,25.63,2.22,0.8629,62331.48,158206.51,220537.99,0.2826,持有
2020-09-17,25.10,2.17,0.8507,61053.09,158206.51,219259.61,0.2785,持有
2020-09-18,26.20,2.27,0.8702,63712.96,158206.51,221919.47,0.2871,持有
2020-09-21,26.22,2.27,0.8706,63774.81,158206.51,221981.33,0.2873,持有
2020-09-22,25.96,2.25,0.8661,63135.62,158206.51,221342.14,0.2852,持有
2020-09-23,25.70,2.23,0.8631,62496.43,158206.51,220702.94,0.2832,持有
2020-09-24,25.39,2.20,0.8571,61754.14,158206.51,219960.66,0.2808,持有
2020-09-25,25.60,2.22,0.8606,62269.62,158206.51,220476.13,0.2824,持有
2020-09-28,25.62,2.22,0.8610,62310.86,158206.51,220517.37,0.2826,持有
2020-09-29,25.66,2.22,0.8626,62393.34,158206.51,220599.85,0.2828,持有
2020-09-30,25.46,2.21,0.8577,61919.10,158206.51,220125.61,0.2813,持有
2020-10-09,25.94,2.25,0.8657,63094.38,158206.51,221300.90,0.2851,持有
2020-10-12,26.89,2.33,0.8798,65403.72,158206.51,223610.23,0.2925,持有
2020-10-13,26.58,2.30,0.8745,64640.81,158206.51,222847.33,0.2901,持有
2020-10-14,26.24,2.27,0.8704,63816.05,158206.51,222022.57,0.2874,持有
2020-10-15,26.26,2.27,0.8705,63857.29,158206.51,222063.80,0.2876,持有
2020-10-16,26.35,2.28,0.8724,64084.10,158206.51,222290.61,0.2883,持有
2020-10-19,26.18,2.27,0.8683,63671.72,158206.51,221878.23,0.2870,持有
2020-10-20,25.99,2.25,0.8649,63197.48,158206.51,221403.99,0.2854,持有
2020-10-21,25.80,2.23,0.8620,62743.86,158206.51,220950.37,0.2840,持有
2020-10-22,25.81,2.24,0.8620,62764.48,158206.51,220970.99,0.2840,持有
2020-10-23,25.52,2.21,0.8556,62063.43,158206.51,220269.94,0.2818,持有
2020-10-26,24.60,2.13,0.8376,59836.57,158206.51,218043.08,0.2744,持有
2020-10-27,24.56,2.13,0.8372,59733.47,158206.51,217939.99,0.2741,持有
2020-10-28,24.81,2.15,0.8399,60331.43,158206.51,218537.94,0.2761,持有
2020-10-29,25.11,2.17,0.8445,61073.71,158206.51,219280.23,0.2785,持有
2020-10-30,24.27,2.06,0.8167,59032.43,158206.51,217238.94,0.2717,持有
2020-11-02,23.81,2.02,0.8009,57898.38,158206.51,216104.89,0.2679,持有
2020-11-03,24.36,2.07,0.8194,59238.62,158206.51,217445.13,0.2724,持有
2020-11-04,24.36,2.07,0.8191,59238.62,158206.51,217445.13,0.2724,持有
2020-11-05,24.75,2.10,0.8316,60187.09,158206.51,218393.61,0.2756,持有
2020-11-06,24.79,2.10,0.8328,60290.19,158206.51,218496.70,0.2759,持有
2020-11-09,25.66,2.18,0.8453,62413.95,158206.51,220620.47,0.2829,持有
2020-11-10,25.22,2.14,0.8386,61341.76,158206.51,219548.28,0.2794,持有
2020-11-11,24.81,2.10,0.8323,60331.43,158206.51,218537.94,0.2761,持有
2020-11-12,24.69,2.09,0.8289,60042.76,158206.51,218249.27,0.2751,持有
2020-11-13,24.34,2.06,0.8166,59197.38,158206.51,217403.89,0.2723,持有
2020-11-16,24.56,2.08,0.8249,59733.47,158206.51,217939.99,0.2741,持有
2020-11-17,24.70,2.09,0.8291,60063.38,158206.51,218269.89,0.2752,持有
2020-11-18,24.71,2.10,0.8296,60104.62,158206.51,218311.13,0.2753,持有
2020-11-19,24.87,2.11,0.8330,60475.76,158206.51,218682.27,0.2765,持有
2020-11-20,24.94,2.12,0.8335,60661.33,158206.51,218867.85,0.2772,持有
2020-11-23,25.35,2.15,0.8403,61651.05,158206.51,219857.56,0.2804,持有
2020-11-24,25.04,2.12,0.8358,60888.14,158206.51,219094.66,0.2779,持有
2020-11-25,24.77,2.10,0.8295,60248.95,158206.51,218455.46,0.2758,持有
2020-11-26,24.84,2.11,0.8318,60413.90,158206.51,218620.42,0.2763,持有
2020-11-27,25.42,2.16,0.8420,61816.00,158206.51,220022.51,0.2810,持有
2020-11-30,25.69,2.18,0.8462,62475.81,158206.51,220682.33,0.2831,持有
2020-12-01,26.54,2.25,0.8668,64537.72,158206.51,222744.23,0.2897,持有
2020-12-02,26.35,2.24,0.8628,64084.10,158206.51,222290.61,0.2883,持有
2020-12-03,26.20,2.22,0.8602,63712.96,158206.51,221919.47,0.2871,持有
2020-12-04,25.69,2.18,0.8449,62475.81,158206.51,220682.33,0.2831,持有
2020-12-07,25.44,2.16,0.8409,61877.86,158206.51,220084.37,0.2812,持有
2020-12-08,25.44,2.16,0.8406,61877.86,158206.51,220084.37,0.2812,持有
2020-12-09,24.83,2.11,0.8290,60393.28,158206.51,218599.80,0.2763,持有
2020-12-10,24.72,2.10,0.8250,60125.24,158206.51,218331.75,0.2754,持有
2020-12-11,24.37,2.07,0.8120,59279.85,158206.51,217486.37,0.2726,持有
2020-12-14,24.45,2.07,0.8162,59465.43,158206.51,217671.94,0.2732,持有
2020-12-15,24.43,2.07,0.8140,59403.57,158206.51,217610.08,0.2730,持有
2020-12-16,24.26,2.06,0.8063,58991.19,158206.51,217197.70,0.2716,持有
2020-12-17,24.77,2.10,0.8264,60248.95,158206.51,218455.46,0.2758,持有
2020-12-18,24.43,2.07,0.8135,59403.57,158206.51,217610.08,0.2730,持有
2020-12-21,24.61,2.09,0.8202,59857.19,158206.51,218063.70,0.2745,持有
2020-12-22,23.75,2.01,0.7891,57754.04,158206.51,215960.56,0.2674,持有
2020-12-23,23.91,2.03,0.7929,58145.80,158206.51,216352.32,0.2688,持有
2020-12-24,23.79,2.02,0.7900,57857.14,158206.51,216063.65,0.2678,持有
2020-12-25,23.76,2.02,0.7889,57774.66,158206.51,215981.18,0.2675,持有
2020-12-28,23.72,2.01,0.7879,57692.18,158206.51,215898.70,0.2672,持有
2020-12-29,23.87,2.02,0.7917,58042.71,158206.51,216249.22,0.2684,持有
2020-12-30,24.16,2.05,0.8003,58764.38,158206.51,216970.89,0.2708,持有
2020-12-31,24.93,2.11,0.8312,60620.09,158206.51,218826.61,0.2770,持有
2021-01-04,24.74,2.10,0.8260,60166.47,158206.51,218372.99,0.2755,持有
2021-01-05,24.71,2.10,0.8239,60084.00,158206.51,218290.51,0.2752,持有
2021-01-06,25.11,2.13,0.8354,61073.71,158206.51,219280.23,0.2785,持有
2021-01-07,25.22,2.14,0.8373,61341.76,158206.51,219548.28,0.2794,持有
2021-01-08,25.49,2.16,0.8422,61980.95,158206.51,220187.47,0.2815,持有
2021-01-11,24.82,2.11,0.8286,60372.67,158206.51,218579.18,0.2762,持有
2021-01-12,27.16,2.30,0.8779,66042.91,158206.51,224249.43,0.2945,持有
2021-01-13,26.24,2.23,0.8620,63816.05,158206.51,222022.57,0.2874,持有
2021-01-14,25.60,2.17,0.8436,62269.62,158206.51,220476.13,0.2824,持有
2021-01-15,25.59,2.17,0.8429,62228.38,158206.51,220434.90,0.2823,持有
2021-01-18,25.73,2.18,0.8470,62578.91,158206.51,220785.42,0.2834,持有
2021-01-19,25.82,2.19,0.8496,62785.10,158206.51,220991.61,0.2841,持有
2021-01-20,26.37,2.24,0.8648,64125.34,158206.51,222331.85,0.2884,持有
2021-01-21,26.43,2.24,0.8656,64269.67,158206.51,222476.19,0.2889,持有
2021-01-22,25.71,2.18,0.8458,62537.67,158206.51,220744.18,0.2833,持有
2021-01-25,25.41,2.16,0.8373,61795.38,158206.51,220001.90,0.2809,持有
2021-01-26,24.40,2.07,0.8072,59341.71,158206.51,217548.23,0.2728,持有
2021-01-27,24.34,2.06,0.8039,59197.38,158206.51,217403.89,0.2723,持有
2021-01-28,24.16,2.05,0.7944,58764.38,158206.51,216970.89,0.2708,持有
2021-01-29,24.04,2.04,0.7890,58455.09,158206.51,216661.60,0.2698,持有
2021-02-01,23.99,2.04,0.7876,58352.00,158206.51,216558.51,0.2695,持有
2021-02-02,23.87,2.03,0.7854,58063.33,158206.51,216269.84,0.2685,持有
2021-02-03,23.71,2.01,0.7800,57671.57,158206.51,215878.08,0.2671,持有
2021-02-04,22.97,1.95,0.7517,55857.09,158206.51,214063.60,0.2609,持有
2021-02-05,22.91,1.94,0.7496,55712.75,158206.51,213919.27,0.2604,持有
2021-02-08,23.16,1.96,0.7607,56331.33,158206.51,214537.84,0.2626,持有
2021-02-09,23.73,2.01,0.7810,57712.80,158206.51,215919.32,0.2673,持有
2021-02-10,23.63,2.00,0.7760,57465.38,158206.51,215671.89,0.2664,持有
2021-02-18,23.69,2.01,0.7786,57609.71,158206.51,215816.22,0.2669,持有
2021-02-19,24.26,2.06,0.8015,59011.81,158206.51,217218.32,0.2717,持有
2021-02-22,23.54,2.00,0.7715,57259.18,158206.51,215465.70,0.2657,持有
2021-02-23,23.40,1.98,0.7679,56908.66,158206.51,215115.17,0.2645,持有
2021-02-24,23.25,1.97,0.7632,56537.52,158206.51,214744.03,0.2633,持有
2021-02-25,23.51,1.99,0.7710,57176.71,158206.51,215383.22,0.2655,持有
2021-02-26,23.10,1.96,0.7549,56186.99,158206.51,214393.51,0.2621,持有
2021-03-01,21.72,1.84,0.6844,52826.08,158206.51,211032.60,0.2503,持有
2021-03-02,21.33,1.81,0.6563,51877.60,158206.51,210084.12,0.2469,持有
2021-03-03,21.51,1.82,0.6696,52310.61,158206.51,210517.12,0.2485,持有
2021-03-04,21.03,1.78,0.6298,51155.94,158206.51,209362.45,0.2443,持有
2021-03-05,21.24,1.80,0.6468,51650.79,158206.51,209857.31,0.2461,持有
2021-03-08,20.81,1.76,0.6078,50599.22,158206.51,208805.74,0.2423,持有
2021-03-09,20.14,1.71,0.5623,48970.31,158206.51,207176.83,0.2364,持有
2021-03-10,20.08,1.70,0.5581,48846.60,158206.51,207053.11,0.2359,持有
2021-03-11,20.37,1.73,0.5783,49547.65,158206.51,207754.16,0.2385,持有
2021-03-12,20.16,1.71,0.5639,49032.17,158206.51,207238.69,0.2366,持有
2021-03-15,19.72,1.67,0.5283,47959.98,158206.51,206166.49,0.2326,持有
2021-03-16,19.84,1.68,0.5383,48248.65,158206.51,206455.16,0.2337,持有
2021-03-17,20.04,1.70,0.5560,48743.50,158206.51,206950.02,0.2355,持有
2021-03-18,19.97,1.69,0.5481,48557.93,158206.51,206764.45,0.2348,持有
2021-03-19,20.33,1.71,0.5603,49444.55,158206.51,207651.07,0.2381,持有
2021-03-22,20.47,1.72,0.5717,49795.08,158206.51,208001.59,0.2394,持有
2021-03-23,20.40,1.71,0.5653,49609.51,158206.51,207816.02,0.2387,持有
2021-03-24,20.38,1.71,0.5640,49568.27,158206.51,207774.78,0.2386,持有
2021-03-25,20.26,1.70,0.5555,49279.60,158206.51,207486.11,0.2375,持有
2021-03-26,20.33,1.71,0.5596,49444.55,158206.51,207651.07,0.2381,持有
2021-03-29,20.57,1.73,0.5776,50021.89,158206.51,208228.40,0.2402,持有
2021-03-30,20.57,1.73,0.5774,50021.89,158206.51,208228.40,0.2402,持有
2021-03-31,20.25,1.70,0.5539,49258.98,158206.51,207465.50,0.2374,持有
2021-04-01,20.48,1.72,0.5730,49815.70,158206.51,208022.21,0.2395,持有
2021-04-02,20.46,1.72,0.5702,49753.84,158206.51,207960.35,0.2392,持有
2021-04-06,20.47,1.72,0.5718,49795.08,158206.51,208001.59,0.2394,持有
2021-04-07,20.39,1.71,0.5644,49588.89,158206.51,207795.40,0.2386,持有
2021-04-08,20.34,1.71,0.5598,49465.17,158206.51,207671.69,0.2382,持有
2021-04-09,20.01,1.68,0.5314,48661.03,158206.51,206867.54,0.2352,持有
2021-04-12,19.75,1.66,0.5120,48042.46,158206.51,206248.97,0.2329,持有
2021-04-13,19.81,1.66,0.5161,48186.79,158206.51,206393.30,0.2335,持有
2021-04-14,19.99,1.68,0.5301,48619.79,158206.51,206826.30,0.2351,持有
2021-04-15,19.82,1.66,0.5161,48207.41,158206.51,206413.92,0.2335,持有
2021-04-16,20.07,1.68,0.5373,48805.36,158206.51,207011.88,0.2358,持有
2021-04-19,20.36,1.71,0.5635,49527.03,158206.51,207733.54,0.2384,持有
2021-04-20,20.15,1.69,0.5419,49011.55,158206.51,207218.07,0.2365,持有
2021-04-21,20.01,1.68,0.5313,48661.03,158206.51,206867.54,0.2352,持有
2021-04-22,19.91,1.67,0.5231,48413.60,158206.51,206620.11,0.2343,持有
2021-04-23,19.84,1.66,0.5157,48248.65,158206.51,206455.16,0.2337,持有
2021-04-26,19.54,1.64,0.4924,47526.98,158206.51,205733.49,0.2310,持有
2021-04-27,19.29,1.62,0.4663,46908.41,158206.51,205114.92,0.2287,持有
2021-04-28,19.40,1.63,0.4766,47176.45,158206.51,205382.97,0.2297,持有
2021-04-29,20.17,1.65,0.5074,49052.79,158206.51,207259.30,0.2367,持有
2021-04-30,20.22,1.66,0.5115,49176.51,158206.51,207383.02,0.2371,持有
2021-05-06,20.35,1.67,0.5218,49485.79,158206.51,207692.31,0.2383,持有
2021-05-07,19.87,1.63,0.4787,48331.12,158206.51,206537.64,0.2340,持有
2021-05-10,20.15,1.65,0.5049,49011.55,158206.51,207218.07,0.2365,持有
2021-05-11,20.24,1.66,0.5133,49217.74,158206.51,207424.26,0.2373,持有
2021-05-12,20.30,1.66,0.5167,49362.08,158206.51,207568.59,0.2378,持有
2021-05-13,20.03,1.64,0.4950,48722.89,158206.51,206929.40,0.2355,持有
2021-05-14,21.57,1.77,0.6188,52454.94,158206.51,210661.45,0.2490,持有
2021-05-17,21.10,1.73,0.5859,51320.89,158206.51,209527.40,0.2449,持有
2021-05-18,21.00,1.72,0.5785,51073.46,158206.51,209279.97,0.2440,持有
2021-05-19,21.01,1.72,0.5794,51094.08,158206.51,209300.59,0.2441,持有
2021-05-20,21.25,1.74,0.5953,51671.41,158206.51,209877.93,0.2462,持有
2021-05-21,20.86,1.71,0.5668,50743.56,158206.51,208950.07,0.2429,持有
2021-05-24,21.39,1.75,0.6046,52021.94,158206.51,210228.45,0.2475,持有
2021-05-25,22.24,1.82,0.6750,54083.85,158206.51,212290.36,0.2548,持有
2021-05-26,21.94,1.80,0.6515,53362.18,158206.51,211568.69,0.2522,持有
2021-05-27,21.98,1.80,0.6545,53444.65,158206.51,211651.17,0.2525,持有
2021-05-28,22.20,1.82,0.6729,53980.75,158206.51,212187.26,0.2544,持有
2021-05-31,22.14,1.82,0.6687,53836.42,158206.51,212042.93,0.2539,持有
2021-06-01,21.85,1.79,0.6412,53135.37,158206.51,211341.88,0.2514,持有
2021-06-02,21.37,1.75,0.6009,51960.08,158206.51,210166.59,0.2472,持有
2021-06-03,21.35,1.75,0.6000,51918.84,158206.51,210125.36,0.2471,持有
2021-06-04,21.65,1.78,0.6255,52661.13,158206.51,210867.64,0.2497,持有
2021-06-07,22.09,1.81,0.6654,53733.32,158206.51,211939.84,0.2535,持有
2021-06-08,21.98,1.80,0.6540,53444.65,158206.51,211651.17,0.2525,持有
2021-06-09,21.81,1.79,0.6388,53052.89,158206.51,211259.41,0.2511,持有
2021-06-10,21.76,1.78,0.6343,52908.56,158206.51,211115.07,0.2506,持有
2021-06-11,21.14,1.73,0.5859,51423.98,158206.51,209630.50,0.2453,持有
2021-06-15,20.84,1.71,0.5617,50681.70,158206.51,208888.21,0.2426,持有
2021-06-16,20.90,1.71,0.5680,50826.03,158206.51,209032.55,0.2431,持有
2021-06-17,20.81,1.71,0.5574,50599.22,158206.51,208805.74,0.2423,持有
2021-06-18,20.90,1.71,0.5679,50826.03,158206.51,209032.55,0.2431,持有
2021-06-21,20.77,1.70,0.5538,50516.75,158206.51,208723.26,0.2420,持有
2021-06-22,20.91,1.71,0.5689,50846.65,158206.51,209053.16,0.2432,持有
2021-06-23,20.99,1.72,0.5755,51052.84,158206.51,209259.36,0.2440,持有
2021-06-24,21.20,1.74,0.5902,51547.70,158206.51,209754.21,0.2458,持有
2021-06-25,21.63,1.77,0.6235,52599.27,158206.51,210805.79,0.2495,持有
2021-06-28,21.31,1.75,0.5966,51815.75,158206.51,210022.26,0.2467,持有
2021-06-29,21.03,1.72,0.5775,51135.32,158206.51,209341.83,0.2443,持有
2021-06-30,21.14,1.73,0.5862,51423.98,158206.51,209630.50,0.2453,持有
2021-07-01,20.92,1.72,0.5679,50867.27,158206.51,209073.78,0.2433,持有
2021-07-02,20.05,1.64,0.4917,48764.12,158206.51,206970.64,0.2356,持有
2021-07-05,19.95,1.64,0.4798,48516.69,158206.51,206723.21,0.2347,持有
2021-07-06,20.08,1.65,0.4934,48825.98,158206.51,207032.49,0.2358,持有
2021-07-07,20.04,1.64,0.4904,48743.50,158206.51,206950.02,0.2355,持有
2021-07-08,20.01,1.64,0.4863,48661.03,158206.51,206867.54,0.2352,持有
2021-07-09,19.93,1.63,0.4773,48475.46,158206.51,206681.97,0.2345,持有
2021-07-12,20.25,1.66,0.5094,49258.98,158206.51,207465.50,0.2374,持有
2021-07-13,20.11,1.65,0.4961,48908.46,158206.51,207114.97,0.2361,持有
2021-07-14,19.77,1.62,0.4609,48083.69,158206.51,206290.21,0.2331,持有
2021-07-15,20.07,1.65,0.4929,48805.36,158206.51,207011.88,0.2358,持有
2021-07-16,20.20,1.66,0.5055,49135.27,158206.51,207341.78,0.2370,持有
2021-07-19,20.18,1.65,0.5032,49073.41,158206.51,207279.92,0.2367,持有
2021-07-20,20.02,1.64,0.4867,48681.65,158206.51,206888.16,0.2353,持有
2021-07-21,20.20,1.66,0.5042,49114.65,158206.51,207321.16,0.2369,持有
2021-07-22,20.46,1.68,0.5277,49753.84,158206.51,207960.35,0.2392,持有
2021-07-23,20.55,1.69,0.5364,49980.65,158206.51,208187.16,0.2401,持有
2021-07-26,19.92,1.63,0.4755,48454.84,158206.51,206661.35,0.2345,持有
2021-07-27,19.42,1.59,0.4280,47238.31,158206.51,205444.83,0.2299,持有
2021-07-28,19.39,1.59,0.4250,47155.84,158206.51,205362.35,0.2296,持有
2021-07-29,19.52,1.60,0.4379,47465.12,158206.51,205671.64,0.2308,持有
2021-07-30,19.15,1.57,0.4025,46578.50,158206.51,204785.02,0.2275,持有
2021-08-02,19.73,1.62,0.4559,47980.60,158206.51,206187.11,0.2327,持有
2021-08-03,19.78,1.62,0.4614,48104.31,158206.51,206310.83,0.2332,持有
2021-08-04,19.72,1.62,0.4556,47959.98,158206.51,206166.49,0.2326,持有
2021-08-05,19.39,1.59,0.4244,47155.84,158206.51,205362.35,0.2296,持有
2021-08-06,19.57,1.60,0.4426,47588.84,158206.51,205795.35,0.2312,持有
2021-08-09,19.94,1.64,0.4794,48496.08,158206.51,206702.59,0.2346,持有
2021-08-10,20.15,1.65,0.5011,49011.55,158206.51,207218.07,0.2365,持有
2021-08-11,20.09,1.65,0.4956,48867.22,158206.51,207073.73,0.2360,持有
2021-08-12,20.13,1.65,0.5000,48949.70,158206.51,207156.21,0.2363,持有
2021-08-13,20.43,1.68,0.5272,49691.98,158206.51,207898.50,0.2390,持有
2021-08-16,20.36,1.67,0.5214,49506.41,158206.51,207712.92,0.2383,持有
2021-08-17,20.27,1.66,0.5135,49300.22,158206.51,207506.73,0.2376,持有
2021-08-18,21.41,1.76,0.6110,52063.18,158206.51,210269.69,0.2476,持有
2021-08-19,20.89,1.71,0.5704,50805.41,158206.51,209011.93,0.2431,持有
2021-08-20,20.89,1.67,0.5242,50805.38,158206.51,209011.90,0.2431,持有
2021-08-23,21.05,1.69,0.5388,51203.61,158206.51,209410.12,0.2445,持有
2021-08-24,21.67,1.73,0.5922,52691.72,158206.51,210898.24,0.2498,持有
2021-08-25,21.48,1.72,0.5780,52230.62,158206.51,210437.13,0.2482,持有
2021-08-26,21.18,1.70,0.5480,51518.00,158206.51,209724.51,0.2456,持有
2021-08-27,21.31,1.71,0.5597,51832.39,158206.51,210038.90,0.2468,持有
2021-08-30,20.98,1.68,0.5315,51014.98,158206.51,209221.49,0.2438,持有
2021-08-31,22.13,1.77,0.6276,53823.52,158206.51,212030.04,0.2538,持有
2021-09-01,23.17,1.85,0.7057,56359.60,158206.51,214566.12,0.2627,持有
2021-09-02,23.35,1.87,0.7149,56778.79,158206.51,214985.30,0.2641,持有
2021-09-03,22.92,1.83,0.6909,55730.82,158206.51,213937.34,0.2605,持有
2021-09-06,23.11,1.85,0.7015,56212.89,158206.51,214419.40,0.2622,持有
2021-09-07,23.40,1.87,0.7184,56904.54,158206.51,215111.06,0.2645,持有
2021-09-08,23.18,1.86,0.7059,56380.56,158206.51,214587.08,0.2627,持有
2021-09-09,23.04,1.84,0.6973,56024.25,158206.51,214230.77,0.2615,持有
2021-09-10,23.50,1.88,0.7229,57156.06,158206.51,215362.57,0.2654,持有
2021-09-13,23.43,1.88,0.7202,56988.38,158206.51,215194.90,0.2648,持有
2021-09-14,22.82,1.83,0.6836,55500.27,158206.51,213706.78,0.2597,持有
2021-09-15,22.61,1.81,0.6684,54997.25,158206.51,213203.76,0.2580,持有
2021-09-16,21.96,1.76,0.6110,53404.34,158206.51,211610.85,0.2524,持有
2021-09-17,22.36,1.79,0.6449,54389.43,158206.51,212595.94,0.2558,持有
2021-09-22,22.14,1.77,0.6263,53844.48,158206.51,212051.00,0.2539,持有
2021-09-23,22.58,1.81,0.6654,54913.41,158206.51,213119.92,0.2577,持有
2021-09-24,22.44,1.80,0.6512,54578.06,158206.51,212784.57,0.2565,持有
2021-09-27,22.11,1.77,0.6225,53760.65,158206.51,211967.16,0.2536,持有
2021-09-28,22.29,1.78,0.6386,54200.79,158206.51,212407.31,0.2552,持有
2021-09-29,22.07,1.77,0.6175,53676.81,158206.51,211883.32,0.2533,持有
2021-09-30,21.79,1.74,0.5965,52985.15,158206.51,211191.67,0.2509,持有
2021-10-08,22.19,1.78,0.6306,53970.24,158206.51,212176.75,0.2544,持有
2021-10-11,22.11,1.77,0.6228,53781.61,158206.51,211988.12,0.2537,持有
2021-10-12,21.42,1.71,0.5684,52104.86,158206.51,210311.37,0.2478,持有
2021-10-13,21.30,1.70,0.5540,51790.47,158206.51,209996.99,0.2466,持有
2021-10-14,21.34,1.71,0.5583,51895.27,158206.51,210101.78,0.2470,持有
2021-10-15,21.51,1.72,0.5765,52314.45,158206.51,210520.97,0.2485,持有
2021-10-18,21.53,1.72,0.5780,52356.37,158206.51,210562.89,0.2486,持有
2021-10-19,21.59,1.73,0.5830,52503.09,158206.51,210709.60,0.2492,持有
2021-10-20,21.55,1.72,0.5790,52398.29,158206.51,210604.81,0.2488,持有
2021-10-21,21.68,1.74,0.5902,52733.64,158206.51,210940.15,0.2500,持有
2021-10-22,21.94,1.76,0.6091,53362.42,158206.51,211568.93,0.2522,持有
2021-10-25,22.11,1.77,0.6231,53760.65,158206.51,211967.16,0.2536,持有
2021-10-26,21.77,1.74,0.5955,52943.23,158206.51,211149.75,0.2507,持有
2021-10-27,21.26,1.70,0.5500,51706.63,158206.51,209913.15,0.2463,持有
2021-10-28,21.33,1.71,0.5567,51874.31,158206.51,210080.82,0.2469,持有
2021-10-29,22.30,1.73,0.5862,54242.71,158206.51,212449.23,0.2553,持有
2021-11-01,22.39,1.74,0.5936,54452.30,158206.51,212658.82,0.2561,持有
2021-11-02,22.00,1.71,0.5599,53509.13,158206.51,211715.65,0.2527,持有
2021-11-03,21.88,1.70,0.5470,53215.70,158206.51,211422.22,0.2517,持有
2021-11-04,21.92,1.70,0.5499,53320.50,158206.51,211527.02,0.2521,持有
2021-11-05,21.86,1.70,0.5435,53152.83,158206.51,211359.34,0.2515,持有
2021-11-08,21.94,1.70,0.5519,53362.42,158206.51,211568.93,0.2522,持有
2021-11-09,22.05,1.71,0.5638,53613.93,158206.51,211820.45,0.2531,持有
2021-11-10,21.55,1.67,0.5171,52419.25,158206.51,210625.76,0.2489,持有
2021-11-11,22.19,1.72,0.5786,53970.24,158206.51,212176.75,0.2544,持有
2021-11-12,21.84,1.70,0.5405,53110.91,158206.51,211317.42,0.2513,持有
2021-11-15,21.73,1.69,0.5320,52859.40,158206.51,211065.91,0.2504,持有
2021-11-16,20.69,1.61,0.4361,50323.32,158206.51,208529.83,0.2413,持有
2021-11-17,20.72,1.61,0.4374,50386.20,158206.51,208592.71,0.2416,持有
2021-11-18,20.75,1.61,0.4403,50470.03,158206.51,208676.55,0.2419,持有
2021-11-19,20.94,1.63,0.4580,50931.14,158206.51,209137.65,0.2435,持有
2021-11-22,20.93,1.63,0.4569,50910.18,158206.51,209116.69,0.2435,持有
2021-11-23,20.86,1.62,0.4495,50742.51,158206.51,208949.02,0.2428,持有
2021-11-24,20.85,1.62,0.4486,50700.59,158206.51,208907.10,0.2427,持有
2021-11-25,20.76,1.61,0.4406,50490.99,158206.51,208697.51,0.2419,持有
2021-11-26,20.61,1.60,0.4281,50134.69,158206.51,208341.20,0.2406,持有
2021-11-29,20.51,1.59,0.4187,49883.17,158206.51,208089.69,0.2397,持有
2021-11-30,20.49,1.59,0.4151,49820.30,158206.51,208026.81,0.2395,持有
2021-12-01,20.88,1.62,0.4534,50784.42,158206.51,208990.94,0.2430,持有
2021-12-02,21.03,1.63,0.4679,51140.73,158206.51,209347.25,0.2443,持有
2021-12-03,21.36,1.66,0.5021,51937.19,158206.51,210143.70,0.2472,持有
2021-12-06,22.33,1.73,0.5930,54305.59,158206.51,212512.10,0.2555,持有
2021-12-07,22.54,1.75,0.6065,54808.61,158206.51,213015.13,0.2573,持有
2021-12-08,22.83,1.77,0.6316,55521.23,158206.51,213727.74,0.2598,持有
2021-12-09,23.17,1.80,0.6622,56338.64,158206.51,214545.16,0.2626,持有
2021-12-10,22.79,1.77,0.6271,55416.43,158206.51,213622.95,0.2594,持有
2021-12-13,22.98,1.79,0.6464,55898.50,158206.51,214105.01,0.2611,持有
2021-12-14,22.68,1.76,0.6171,55164.92,158206.51,213371.44,0.2585,持有
2021-12-15,22.75,1.77,0.6217,55332.60,158206.51,213539.11,0.2591,持有
2021-12-16,22.97,1.78,0.6447,55856.58,158206.51,214063.09,0.2609,持有
2021-12-17,22.66,1.76,0.6158,55102.04,158206.51,213308.56,0.2583,持有
2021-12-20,22.30,1.73,0.5872,54242.71,158206.51,212449.23,0.2553,持有
2021-12-21,22.50,1.75,0.6020,54724.78,158206.51,212931.29,0.2570,持有
2021-12-22,22.30,1.73,0.5868,54242.71,158206.51,212449.23,0.2553,持有
2021-12-23,22.35,1.74,0.5921,54347.51,158206.51,212554.02,0.2557,持有
2021-12-24,22.14,1.72,0.5742,53844.48,158206.51,212051.00,0.2539,持有
2021-12-27,22.41,1.74,0.5968,54494.22,158206.51,212700.74,0.2562,持有
2021-12-28,22.45,1.74,0.5997,54599.02,158206.51,212805.53,0.2566,持有
2021-12-29,22.30,1.73,0.5862,54242.71,158206.51,212449.23,0.2553,持有
2021-12-30,22.73,1.77,0.6210,55269.72,158206.51,213476.23,0.2589,持有
2021-12-31,22.76,1.77,0.6253,55353.55,158206.51,213560.07,0.2592,持有
2022-01-04,22.79,1.77,0.6281,55416.43,158206.51,213622.95,0.2594,持有
2022-01-05,22.36,1.74,0.5922,54368.47,158206.51,212574.98,0.2558,持有
2022-01-06,21.91,1.70,0.5471,53278.58,158206.51,211485.10,0.2519,持有
2022-01-07,22.17,1.72,0.5744,53907.36,158206.51,212113.88,0.2541,持有
2022-01-10,22.26,1.73,0.5831,54137.91,158206.51,212344.43,0.2550,持有
2022-01-11,22.37,1.74,0.5931,54410.39,158206.51,212616.90,0.2559,持有
2022-01-12,22.55,1.75,0.6068,54850.53,158206.51,213057.05,0.2574,持有
2022-01-13,22.72,1.76,0.6198,55248.76,158206.51,213455.27,0.2588,持有
2022-01-14,21.57,1.68,0.5154,52461.17,158206.51,210667.68,0.2490,持有
2022-01-17,22.12,1.72,0.5702,53802.57,158206.51,212009.08,0.2538,持有
2022-01-18,22.15,1.72,0.5724,53865.44,158206.51,212071.96,0.2540,持有
2022-01-19,22.15,1.72,0.5722,53865.44,158206.51,212071.96,0.2540,持有
2022-01-20,22.15,1.72,0.5720,53865.44,158206.51,212071.96,0.2540,持有
2022-01-21,22.15,1.72,0.5718,53865.44,158206.51,212071.96,0.2540,持有
2022-01-24,22.15,1.72,0.5716,53865.44,158206.51,212071.96,0.2540,持有
2022-01-25,22.15,1.72,0.5714,53865.44,158206.51,212071.96,0.2540,持有
2022-01-26,22.15,1.72,0.5712,53865.44,158206.51,212071.96,0.2540,持有
2022-01-27,22.08,1.81,0.6786,53687.59,158206.51,211894.11,0.2534,持有
2022-01-28,22.49,1.84,0.7061,54687.98,158206.51,212894.50,0.2569,持有
2022-02-07,23.11,1.90,0.7394,56199.68,158206.51,214406.20,0.2621,持有
2022-02-08,23.19,1.90,0.7428,56399.76,158206.51,214606.28,0.2628,持有
2022-02-09,23.14,1.90,0.7412,56266.38,158206.51,214472.89,0.2623,持有
2022-02-10,23.15,1.90,0.7416,56310.84,158206.51,214517.35,0.2625,持有
2022-02-11,23.48,1.93,0.7576,57111.15,158206.51,215317.66,0.2652,持有
2022-02-14,22.67,1.86,0.7162,55132.60,158206.51,213339.12,0.2584,持有
2022-02-15,22.57,1.85,0.7088,54888.06,158206.51,213094.58,0.2576,持有
2022-02-16,22.43,1.84,0.6998,54554.60,158206.51,212761.11,0.2564,持有
2022-02-17,22.22,1.82,0.6878,54043.29,158206.51,212249.80,0.2546,持有
2022-02-18,22.52,1.85,0.7058,54776.91,158206.51,212983.42,0.2572,持有
2022-02-21,22.41,1.84,0.6988,54510.14,158206.51,212716.65,0.2563,持有
2022-02-22,21.97,1.80,0.6645,53420.82,158206.51,211627.34,0.2524,持有
2022-02-23,22.17,1.82,0.6835,53909.90,158206.51,212116.42,0.2542,持有
2022-02-24,21.44,1.76,0.6139,52153.66,158206.51,210360.18,0.2479,持有
2022-02-25,21.32,1.75,0.6016,51842.43,158206.51,210048.94,0.2468,持有
2022-02-28,21.33,1.75,0.6021,51864.66,158206.51,210071.17,0.2469,持有
2022-03-01,21.36,1.75,0.6066,51953.58,158206.51,210160.10,0.2472,持有
2022-03-02,21.08,1.73,0.5798,51264.43,158206.51,209470.94,0.2447,持有
2022-03-03,21.21,1.74,0.5931,51575.66,158206.51,209782.17,0.2459,持有
2022-03-04,20.78,1.74,0.5976,50530.81,158206.51,208737.32,0.2421,持有
2022-03-07,19.87,1.67,0.5027,48329.95,158206.51,206536.46,0.2340,持有
2022-03-08,19.29,1.62,0.4401,46907.17,158206.51,205113.69,0.2287,持有
2022-03-09,18.98,1.59,0.4101,46151.32,158206.51,204357.84,0.2258,持有
2022-03-10,18.89,1.59,0.3999,45929.01,158206.51,204135.53,0.2250,持有
2022-03-11,19.10,1.60,0.4222,46462.56,158206.51,204669.07,0.2270,持有
2022-03-14,18.76,1.57,0.3872,45617.78,158206.51,203824.30,0.2238,持有
2022-03-15,17.93,1.51,0.2979,43594.77,158206.51,201801.28,0.2160,买入(补至30%)
2022-03-16,19.04,1.60,0.4161,64300.38,141058.76,205359.14,0.3131,持有
2022-03-17,18.94,1.59,0.4052,63960.82,141058.76,205019.58,0.3120,持有
2022-03-18,19.61,1.65,0.4784,66214.27,141058.76,207273.03,0.3195,持有
2022-03-21,19.02,1.60,0.4157,64238.65,141058.76,205297.40,0.3129,持有
2022-03-22,19.06,1.60,0.4189,64362.12,141058.76,205420.88,0.3133,持有
2022-03-23,19.05,1.60,0.4174,64331.25,141058.76,205390.01,0.3132,持有
2022-03-24,18.90,1.59,0.4005,63837.35,141058.76,204896.11,0.3116,持有
2022-03-25,18.62,1.56,0.3753,62880.40,141058.76,203939.16,0.3083,持有
2022-03-28,18.70,1.57,0.3819,63158.23,141058.76,204216.99,0.3093,持有
2022-03-29,18.51,1.51,0.3086,62509.97,141058.76,203568.73,0.3071,持有
2022-03-30,19.26,1.57,0.3860,65041.24,141058.76,206100.00,0.3156,持有
2022-03-31,19.10,1.56,0.3735,64516.47,141058.76,205575.23,0.3138,持有
2022-04-01,19.31,1.58,0.3917,65195.59,141058.76,206254.35,0.3161,持有
2022-04-06,19.31,1.58,0.3916,65195.59,141058.76,206254.35,0.3161,持有
2022-04-07,18.90,1.54,0.3525,63837.35,141058.76,204896.11,0.3116,持有
2022-04-08,19.27,1.57,0.3873,65072.11,141058.76,206130.87,0.3157,持有
2022-04-11,18.71,1.53,0.3302,63189.10,141058.76,204247.85,0.3094,持有
2022-04-12,19.29,1.58,0.3901,65133.85,141058.76,206192.61,0.3159,持有
2022-04-13,18.92,1.55,0.3556,63899.09,141058.76,204957.84,0.3118,持有
2022-04-14,19.17,1.57,0.3785,64732.55,141058.76,205791.31,0.3146,持有
2022-04-15,19.09,1.56,0.3714,64454.73,141058.76,205513.49,0.3136,持有
2022-04-18,18.55,1.52,0.3104,62633.45,141058.76,203692.21,0.3075,持有
2022-04-19,18.48,1.51,0.3043,62417.37,141058.76,203476.13,0.3068,持有
2022-04-20,18.20,1.49,0.2733,61460.42,141058.76,202519.18,0.3035,持有
2022-04-21,18.14,1.48,0.2689,61244.34,141058.76,202303.10,0.3027,持有
2022-04-22,18.17,1.49,0.2721,61367.82,141058.76,202426.58,0.3032,持有
2022-04-25,17.58,1.44,0.2026,59361.32,141058.76,200420.08,0.2962,持有
2022-04-26,16.76,1.37,0.0969,56583.10,141058.76,197641.86,0.2863,买入(补至100%)
2022-04-27,17.19,1.41,0.1447,202805.61,1774.37,204579.98,0.9913,持有
2022-04-28,17.16,1.40,0.1387,202374.34,1774.37,204148.71,0.9913,持有
2022-04-29,18.00,1.27,0.0083,212293.60,1774.37,214067.97,0.9917,持有
2022-05-05,17.72,1.25,0.0046,208951.24,1774.37,210725.61,0.9916,持有
2022-05-06,17.19,1.21,0.0007,202697.80,1774.37,204472.17,0.9913,持有
2022-05-09,17.12,1.20,0.0007,201943.07,1774.37,203717.44,0.9913,持有
2022-05-10,17.38,1.22,0.0020,204961.97,1774.37,206736.34,0.9914,持有
2022-05-11,17.49,1.23,0.0030,206255.79,1774.37,208030.16,0.9915,持有
2022-05-12,17.45,1.23,0.0026,205824.52,1774.37,207598.89,0.9915,持有
2022-05-13,17.63,1.24,0.0040,207980.88,1774.37,209755.25,0.9915,持有
2022-05-16,17.43,1.23,0.0026,205608.88,1774.37,207383.25,0.9914,持有
2022-05-17,17.66,1.24,0.0056,208304.33,1774.37,210078.70,0.9916,持有
2022-05-18,17.84,1.25,0.0086,210460.69,1774.37,212235.06,0.9916,持有
2022-05-19,17.71,1.25,0.0066,208843.42,1774.37,210617.79,0.9916,持有
2022-05-20,18.05,1.27,0.0145,212940.50,1774.37,214714.87,0.9917,持有
2022-05-23,18.01,1.27,0.0129,212401.41,1774.37,214175.78,0.9917,持有
2022-05-24,17.59,1.24,0.0040,207441.79,1774.37,209216.16,0.9915,持有
2022-05-25,17.65,1.24,0.0053,208196.51,1774.37,209970.88,0.9915,持有
2022-05-26,17.93,1.26,0.0115,211538.87,1774.37,213313.24,0.9917,持有
2022-05-27,17.93,1.26,0.0115,211431.05,1774.37,213205.42,0.9917,持有
2022-05-30,17.82,1.25,0.0096,210245.06,1774.37,212019.43,0.9916,持有
2022-05-31,18.09,1.27,0.0208,213371.78,1774.37,215146.15,0.9918,持有
2022-06-01,17.93,1.26,0.0119,211431.05,1774.37,213205.42,0.9917,持有
2022-06-02,17.99,1.27,0.0138,212185.78,1774.37,213960.15,0.9917,持有
2022-06-06,18.25,1.28,0.0280,215204.68,1774.37,216979.05,0.9918,持有
2022-06-07,18.38,1.29,0.0379,216821.95,1774.37,218596.32,0.9919,持有
2022-06-08,18.61,1.31,0.0517,219517.40,1774.37,221291.77,0.9920,持有
2022-06-09,18.49,1.30,0.0434,218115.77,1774.37,219890.14,0.9919,持有
2022-06-10,19.00,1.34,0.0668,224153.57,1774.37,225927.94,0.9921,持有
2022-06-13,18.53,1.30,0.0457,218547.04,1774.37,220321.41,0.9919,持有
2022-06-14,19.30,1.36,0.0891,227603.75,1774.37,229378.12,0.9923,持有
2022-06-15,19.99,1.41,0.1537,235797.92,1774.37,237572.29,0.9925,持有
2022-06-16,19.03,1.34,0.0690,224477.03,1774.37,226251.40,0.9922,持有
2022-06-17,19.03,1.34,0.0689,224477.03,1774.37,226251.40,0.9922,持有
2022-06-20,18.94,1.33,0.0640,223398.85,1774.37,225173.22,0.9921,持有
2022-06-21,19.21,1.35,0.0817,226525.57,1774.37,228299.94,0.9922,持有
2022-06-22,18.98,1.33,0.0653,223830.12,1774.37,225604.49,0.9921,持有
2022-06-23,19.90,1.40,0.1456,234719.74,1774.37,236494.11,0.9925,持有
2022-06-24,19.77,1.39,0.1324,233210.28,1774.37,234984.65,0.9924,持有
2022-06-27,19.93,1.40,0.1484,235043.19,1774.37,236817.56,0.9925,持有
2022-06-28,19.88,1.40,0.1435,234504.10,1774.37,236278.47,0.9925,持有
2022-06-29,19.57,1.38,0.1143,230838.29,1774.37,232612.66,0.9924,持有
2022-06-30,19.80,1.39,0.1355,233533.74,1774.37,235308.11,0.9925,持有
2022-07-01,19.51,1.37,0.1109,230083.56,1774.37,231857.93,0.9923,持有
2022-07-04,19.60,1.38,0.1168,231161.74,1774.37,232936.11,0.9924,持有
2022-07-05,19.34,1.36,0.0932,228142.84,1774.37,229917.21,0.9923,持有
2022-07-06,19.12,1.34,0.0742,225555.21,1774.37,227329.58,0.9922,持有
2022-07-07,19.10,1.34,0.0732,225231.75,1774.37,227006.12,0.9922,持有
2022-07-08,18.89,1.33,0.0631,222859.76,1774.37,224634.13,0.9921,持有
2022-07-11,18.46,1.30,0.0421,217792.31,1774.37,219566.68,0.9919,持有
2022-07-12,18.48,1.30,0.0428,218007.95,1774.37,219782.32,0.9919,持有
2022-07-13,18.48,1.30,0.0428,218007.95,1774.37,219782.32,0.9919,持有
2022-07-14,18.30,1.29,0.0323,215851.59,1774.37,217625.96,0.9918,持有
2022-07-15,17.89,1.26,0.0111,210999.78,1774.37,212774.15,0.9917,持有
2022-07-18,18.16,1.28,0.0238,214234.32,1774.37,216008.69,0.9918,持有
2022-07-19,18.25,1.28,0.0284,215204.68,1774.37,216979.05,0.9918,持有
2022-07-20,18.26,1.28,0.0313,215420.32,1774.37,217194.69,0.9918,持有
2022-07-21,18.07,1.27,0.0215,213156.14,1774.37,214930.51,0.9917,持有
2022-07-22,18.17,1.28,0.0244,214342.14,1774.37,216116.51,0.9918,持有
2022-07-25,17.97,1.26,0.0137,211970.14,1774.37,213744.51,0.9917,持有
2022-07-26,18.13,1.27,0.0238,213803.05,1774.37,215577.42,0.9918,持有
2022-07-27,18.11,1.27,0.0231,213587.41,1774.37,215361.78,0.9918,持有
2022-07-28,18.16,1.28,0.0250,214234.32,1774.37,216008.69,0.9918,持有
2022-07-29,17.92,1.26,0.0117,211323.24,1774.37,213097.60,0.9917,持有
2022-08-01,17.68,1.24,0.0068,208519.97,1774.37,210294.34,0.9916,持有
2022-08-02,17.19,1.21,0.0010,202697.80,1774.37,204472.17,0.9913,持有
2022-08-03,17.14,1.21,0.0010,202158.71,1774.37,203933.08,0.9913,持有
2022-08-04,17.22,1.21,0.0019,203129.07,1774.37,204903.44,0.9913,持有
2022-08-05,17.64,1.24,0.0062,208088.70,1774.37,209863.07,0.9915,持有
2022-08-08,17.76,1.25,0.0101,209490.33,1774.37,211264.70,0.9916,持有
2022-08-09,17.72,1.25,0.0097,208951.24,1774.37,210725.61,0.9916,持有
2022-08-10,17.81,1.25,0.0110,210029.42,1774.37,211803.79,0.9916,持有
2022-08-11,18.44,1.30,0.0467,217468.86,1774.37,219243.23,0.9919,持有
2022-08-12,18.34,1.29,0.0402,216282.86,1774.37,218057.23,0.9919,持有
2022-08-15,18.24,1.28,0.0330,215096.86,1774.37,216871.23,0.9918,持有
2022-08-16,18.23,1.28,0.0324,214989.05,1774.37,216763.42,0.9918,持有
2022-08-17,18.46,1.30,0.0495,217792.31,1774.37,219566.68,0.9919,持有
2022-08-18,18.30,1.29,0.0388,215851.59,1774.37,217625.96,0.9918,持有
2022-08-19,18.26,1.28,0.0366,215420.32,1774.37,217194.69,0.9918,持有
2022-08-22,18.24,1.28,0.0333,215096.86,1774.37,216871.23,0.9918,持有
2022-08-23,18.19,1.28,0.0291,214557.77,1774.37,216332.14,0.9918,持有
2022-08-24,17.86,1.26,0.0126,210676.33,1774.37,212450.70,0.9916,持有
2022-08-25,18.39,1.29,0.0472,216929.77,1774.37,218704.14,0.9919,持有
2022-08-26,18.22,1.25,0.0103,214935.50,1774.37,216709.87,0.9918,持有
2022-08-29,18.19,1.25,0.0087,214603.13,1774.37,216377.50,0.9918,持有
2022-08-30,18.08,1.25,0.0100,213273.63,1774.37,215048.00,0.9917,持有
2022-08-31,18.34,1.26,0.0177,216265.00,1774.37,218039.37,0.9919,持有
2022-09-01,18.13,1.25,0.0113,213827.59,1774.37,215601.96,0.9918,持有
2022-09-02,18.07,1.24,0.0087,213162.84,1774.37,214937.21,0.9917,持有
2022-09-05,18.10,1.25,0.0113,213495.21,1774.37,215269.58,0.9918,持有
2022-09-06,18.30,1.26,0.0171,215821.84,1774.37,217596.21,0.9918,持有
2022-09-07,18.19,1.25,0.0139,214603.13,1774.37,216377.50,0.9918,持有
2022-09-08,18.14,1.25,0.0126,213938.38,1774.37,215712.75,0.9918,持有
2022-09-09,18.58,1.28,0.0338,219145.58,1774.37,220919.95,0.9920,持有
2022-09-13,18.63,1.28,0.0386,219699.54,1774.37,221473.91,0.9920,持有
2022-09-14,18.39,1.27,0.0222,216929.75,1774.37,218704.12,0.9919,持有
2022-09-15,18.34,1.26,0.0199,216375.79,1774.37,218150.16,0.9919,持有
2022-09-16,17.30,1.19,0.0000,204077.94,1774.37,205852.31,0.9914,持有
2022-09-19,17.30,1.19,0.0000,204077.94,1774.37,205852.31,0.9914,持有
2022-09-20,17.30,1.19,0.0000,204077.94,1774.37,205852.31,0.9914,持有
2022-09-21,17.31,1.19,0.0010,204188.73,1774.37,205963.10,0.9914,持有
2022-09-22,17.27,1.19,0.0000,203745.56,1774.37,205519.93,0.9914,持有
2022-09-23,17.25,1.19,0.0000,203413.19,1774.37,205187.56,0.9914,持有
2022-09-26,16.93,1.17,0.0000,199646.28,1774.37,201420.65,0.9912,持有
2022-09-27,16.97,1.17,0.0003,200200.23,1774.37,201974.60,0.9912,持有
2022-09-28,16.64,1.15,0.0000,196322.53,1774.37,198096.90,0.9910,持有
2022-09-29,16.34,1.13,0.0000,192777.20,1774.37,194551.57,0.9909,持有
2022-09-30,16.36,1.13,0.0003,192998.79,1774.37,194773.16,0.9909,持有
2022-10-10,16.28,1.12,0.0000,192001.66,1774.37,193776.03,0.9908,持有
2022-10-11,16.33,1.13,0.0003,192666.41,1774.37,194440.78,0.9909,持有
2022-10-12,16.71,1.15,0.0016,197098.07,1774.37,198872.44,0.9911,持有
2022-10-13,16.64,1.15,0.0013,196211.74,1774.37,197986.11,0.9910,持有
2022-10-14,16.97,1.17,0.0026,200200.23,1774.37,201974.60,0.9912,持有
2022-10-17,17.08,1.18,0.0032,201418.94,1774.37,203193.31,0.9913,持有
2022-10-18,17.07,1.18,0.0032,201308.15,1774.37,203082.52,0.9913,持有
2022-10-19,17.00,1.17,0.0032,200532.61,1774.37,202306.98,0.9912,持有
2022-10-20,17.00,1.17,0.0032,200532.61,1774.37,202306.98,0.9912,持有
2022-10-21,17.10,1.18,0.0045,201640.52,1774.37,203414.89,0.9913,持有
2022-10-24,16.68,1.15,0.0019,196765.70,1774.37,198540.07,0.9911,持有
2022-10-25,16.47,1.13,0.0013,194217.49,1774.37,195991.86,0.9909,持有
2022-10-26,16.47,1.13,0.0013,194217.49,1774.37,195991.86,0.9909,持有
2022-10-27,16.53,1.14,0.0019,194993.03,1774.37,196767.40,0.9910,持有
2022-10-28,16.17,1.11,0.0000,190782.96,1774.37,192557.33,0.9908,持有
2022-10-31,16.17,1.09,0.0000,190672.17,1774.37,192446.54,0.9908,持有
2022-11-01,16.81,1.13,0.0019,198316.78,1774.37,200091.15,0.9911,持有
2022-11-02,16.82,1.13,0.0022,198427.57,1774.37,200201.94,0.9911,持有
2022-11-03,16.65,1.12,0.0006,196433.32,1774.37,198207.69,0.9910,持有
2022-11-04,17.14,1.15,0.0048,202194.48,1774.37,203968.85,0.9913,持有
2022-11-07,17.16,1.15,0.0054,202416.06,1774.37,204190.43,0.9913,持有
2022-11-08,17.17,1.15,0.0057,202526.86,1774.37,204301.23,0.9913,持有
2022-11-09,17.14,1.15,0.0048,202194.48,1774.37,203968.85,0.9913,持有
2022-11-10,17.31,1.16,0.0064,204188.73,1774.37,205963.10,0.9914,持有
2022-11-11,17.81,1.20,0.0111,210060.68,1774.37,211835.05,0.9916,持有
2022-11-14,18.03,1.21,0.0134,212719.67,1774.37,214494.04,0.9917,持有
2022-11-15,18.60,1.25,0.0235,219367.16,1774.37,221141.53,0.9920,持有
2022-11-16,18.25,1.23,0.0152,215267.88,1774.37,217042.25,0.9918,持有
2022-11-17,18.28,1.23,0.0159,215600.25,1774.37,217374.62,0.9918,持有
2022-11-18,17.99,1.21,0.0127,212165.72,1774.37,213940.09,0.9917,持有
2022-11-21,17.71,1.19,0.0095,208841.97,1774.37,210616.34,0.9916,持有
2022-11-22,18.00,1.21,0.0133,212276.51,1774.37,214050.88,0.9917,持有
2022-11-23,18.05,1.21,0.0149,212941.26,1774.37,214715.63,0.9917,持有
2022-11-24,17.94,1.20,0.0127,211611.76,1774.37,213386.13,0.9917,持有
2022-11-25,18.18,1.22,0.0162,214381.55,1774.37,216155.92,0.9918,持有
2022-11-28,17.86,1.20,0.0120,210614.63,1774.37,212389.00,0.9916,持有
2022-11-29,18.54,1.24,0.0231,218702.41,1774.37,220476.78,0.9920,持有
2022-11-30,18.62,1.25,0.0279,219588.75,1774.37,221363.12,0.9920,持有
2022-12-01,18.76,1.26,0.0323,221250.62,1774.37,223024.99,0.9920,持有
2022-12-02,18.63,1.25,0.0282,219699.54,1774.37,221473.91,0.9920,持有
2022-12-05,19.57,1.31,0.0826,230778.69,1774.37,232553.06,0.9924,持有
2022-12-06,19.63,1.32,0.0857,231554.23,1774.37,233328.60,0.9924,持有
2022-12-07,19.34,1.30,0.0708,228119.69,1774.37,229894.06,0.9923,持有
2022-12-08,19.27,1.29,0.0667,227233.36,1774.37,229007.73,0.9923,持有
2022-12-09,19.39,1.30,0.0739,228673.65,1774.37,230448.02,0.9923,持有
2022-12-12,19.01,1.28,0.0467,224241.99,1774.37,226016.36,0.9921,持有
2022-12-13,19.07,1.28,0.0505,224906.74,1774.37,226681.11,0.9922,持有
2022-12-14,19.29,1.30,0.0688,227565.73,1774.37,229340.10,0.9923,持有
2022-12-15,19.04,1.28,0.0489,224574.36,1774.37,226348.73,0.9922,持有
2022-12-16,19.17,1.29,0.0612,226125.44,1774.37,227899.81,0.9922,持有
2022-12-19,18.75,1.26,0.0322,221139.83,1774.37,222914.20,0.9920,持有
2022-12-20,18.51,1.24,0.0224,218370.04,1774.37,220144.41,0.9919,持有
2022-12-21,18.54,1.24,0.0233,218702.41,1774.37,220476.78,0.9920,持有
2022-12-22,18.66,1.25,0.0296,220142.70,1774.37,221917.07,0.9920,持有
2022-12-23,18.59,1.25,0.0271,219256.37,1774.37,221030.74,0.9920,持有
2022-12-26,18.48,1.24,0.0202,217926.87,1774.37,219701.24,0.9919,持有
2022-12-27,18.92,1.27,0.0456,223134.07,1774.37,224908.44,0.9921,持有
2022-12-28,18.83,1.26,0.0381,222136.95,1774.37,223911.32,0.9921,持有
2022-12-29,18.58,1.25,0.0274,219145.58,1774.37,220919.95,0.9920,持有
2022-12-30,18.70,1.26,0.0324,220585.87,1774.37,222360.24,0.9920,持有
2023-01-03,18.69,1.25,0.0324,220475.08,1774.37,222249.45,0.9920,持有
2023-01-04,18.93,1.27,0.0475,223244.87,1774.37,225019.24,0.9921,持有
2023-01-05,19.20,1.29,0.0666,226457.82,1774.37,228232.19,0.9922,持有
2023-01-06,19.17,1.29,0.0647,226125.44,1774.37,227899.81,0.9922,持有
2023-01-09,19.40,1.30,0.0807,228784.44,1774.37,230558.81,0.9923,持有
2023-01-10,19.20,1.29,0.0669,226457.82,1774.37,228232.19,0.9922,持有
2023-01-11,19.11,1.28,0.0584,225349.90,1774.37,227124.27,0.9922,持有
2023-01-12,19.22,1.29,0.0684,226679.40,1774.37,228453.77,0.9922,持有
2023-01-13,19.49,1.31,0.0884,229892.36,1774.37,231666.73,0.9923,持有
2023-01-16,20.23,1.36,0.1285,238644.88,1774.37,240419.25,0.9926,持有
2023-01-17,20.32,1.36,0.1369,239642.01,1774.37,241416.38,0.9927,持有
2023-01-18,20.08,1.35,0.1172,236872.22,1774.37,238646.59,0.9926,持有
2023-01-19,20.31,1.36,0.1365,239531.22,1774.37,241305.59,0.9926,持有
2023-01-20,20.35,1.37,0.1412,240085.17,1774.37,241859.54,0.9927,持有
2023-01-30,20.30,1.36,0.1346,239420.42,1774.37,241194.79,0.9926,持有
2023-01-31,20.11,1.35,0.1186,237204.59,1774.37,238978.96,0.9926,持有
2023-02-01,20.75,1.39,0.1742,244738.42,1774.37,246512.79,0.9928,持有
2023-02-02,20.13,1.35,0.1210,237426.18,1774.37,239200.55,0.9926,持有
2023-02-03,20.06,1.35,0.1150,236650.64,1774.37,238425.01,0.9926,持有
2023-02-06,19.58,1.31,0.0916,231000.27,1774.37,232774.64,0.9924,持有
2023-02-07,19.63,1.32,0.0934,231554.23,1774.37,233328.60,0.9924,持有
2023-02-08,19.60,1.32,0.0921,231221.85,1774.37,232996.22,0.9924,持有
2023-02-09,19.89,1.33,0.1040,234545.60,1774.37,236319.97,0.9925,持有
2023-02-10,19.69,1.32,0.0968,232218.98,1774.37,233993.35,0.9924,持有
2023-02-13,19.66,1.32,0.0961,231886.60,1774.37,233660.97,0.9924,持有
2023-02-14,19.65,1.32,0.0954,231775.81,1774.37,233550.18,0.9924,持有
2023-02-15,19.49,1.31,0.0879,229892.36,1774.37,231666.73,0.9923,持有
2023-02-16,19.32,1.30,0.0757,227898.11,1774.37,229672.48,0.9923,持有
2023-02-17,19.01,1.28,0.0499,224241.99,1774.37,226016.36,0.9921,持有
2023-02-20,19.76,1.33,0.1022,233105.31,1774.37,234879.68,0.9924,持有
2023-02-21,19.81,1.33,0.1037,233659.27,1774.37,235433.64,0.9925,持有
2023-02-22,19.54,1.31,0.0903,230446.31,1774.37,232220.68,0.9924,持有
2023-02-23,19.75,1.33,0.1021,232994.52,1774.37,234768.89,0.9924,持有
2023-02-24,19.34,1.30,0.0775,228119.69,1774.37,229894.06,0.9923,持有
2023-02-27,19.20,1.29,0.0669,226457.82,1774.37,228232.19,0.9922,持有
2023-02-28,19.40,1.30,0.0821,228784.44,1774.37,230558.81,0.9923,持有
2023-03-01,19.63,1.32,0.0954,231554.23,1774.37,233328.60,0.9924,持有
2023-03-02,19.61,1.32,0.0948,231332.64,1774.37,233107.01,0.9924,持有
2023-03-03,19.89,1.33,0.1081,234545.60,1774.37,236319.97,0.9925,持有
2023-03-06,19.43,1.30,0.0857,229227.61,1774.37,231001.98,0.9923,持有
2023-03-07,19.27,1.29,0.0726,227233.36,1774.37,229007.73,0.9923,持有
2023-03-08,19.12,1.28,0.0605,225571.49,1774.37,227345.86,0.9922,持有
2023-03-09,19.05,1.28,0.0524,224685.16,1774.37,226459.52,0.9922,持有
2023-03-10,18.78,1.26,0.0360,221472.20,1774.37,223246.57,0.9921,持有
2023-03-13,18.91,1.27,0.0425,223023.28,1774.37,224797.65,0.9921,持有
2023-03-14,18.65,1.25,0.0301,220031.91,1774.37,221806.28,0.9920,持有
2023-03-15,18.83,1.26,0.0390,222136.95,1774.37,223911.32,0.9921,持有
2023-03-16,18.70,1.26,0.0325,220585.87,1774.37,222360.24,0.9920,持有
2023-03-17,18.94,1.27,0.0489,223355.66,1774.37,225130.03,0.9921,持有
2023-03-20,18.83,1.26,0.0393,222136.95,1774.37,223911.32,0.9921,持有
2023-03-21,18.98,1.27,0.0511,223909.61,1774.37,225683.98,0.9921,持有
2023-03-22,19.07,1.28,0.0566,224906.74,1774.37,226681.11,0.9922,持有
2023-03-23,19.25,1.29,0.0745,227011.78,1774.37,228786.15,0.9922,持有
2023-03-24,19.27,1.29,0.0776,227344.15,1774.37,229118.52,0.9923,持有
2023-03-27,19.16,1.29,0.0668,226014.65,1774.37,227789.02,0.9922,持有
2023-03-28,19.15,1.29,0.0664,225903.86,1774.37,227678.23,0.9922,持有
2023-03-29,18.98,1.27,0.0510,223909.61,1774.37,225683.98,0.9921,持有
2023-03-30,19.24,1.29,0.0750,226900.98,1774.37,228675.35,0.9922,持有
2023-03-31,19.24,1.27,0.0426,226900.98,1774.37,228675.35,0.9922,持有
2023-04-03,19.73,1.30,0.0858,232662.14,1774.37,234436.51,0.9924,持有
2023-04-04,19.79,1.30,0.0913,233437.68,1774.37,235212.05,0.9925,持有
2023-04-06,19.62,1.29,0.0783,231443.44,1774.37,233217.81,0.9924,持有
2023-04-07,19.89,1.31,0.0974,234545.60,1774.37,236319.97,0.9925,持有
2023-04-10,19.84,1.31,0.0949,233991.64,1774.37,235766.01,0.9925,持有
2023-04-11,20.04,1.32,0.1066,236429.05,1774.37,238203.42,0.9926,持有
2023-04-12,20.04,1.32,0.1066,236429.05,1774.37,238203.42,0.9926,持有
2023-04-13,19.67,1.30,0.0813,231997.39,1774.37,233771.76,0.9924,持有
2023-04-14,19.68,1.30,0.0822,232108.19,1774.37,233882.56,0.9924,持有
2023-04-17,20.46,1.35,0.1308,241303.88,1774.37,243078.25,0.9927,持有
2023-04-18,20.41,1.35,0.1258,240749.92,1774.37,242524.29,0.9927,持有
2023-04-19,20.18,1.33,0.1141,237980.13,1774.37,239754.50,0.9926,持有
2023-04-20,20.24,1.33,0.1156,238755.68,1774.37,240530.04,0.9926,持有
2023-04-21,19.55,1.29,0.0704,230557.10,1774.37,232331.47,0.9924,持有
2023-04-24,19.37,1.28,0.0532,228452.07,1774.37,230226.44,0.9923,持有
2023-04-25,19.46,1.28,0.0618,229559.98,1774.37,231334.35,0.9923,持有
2023-04-26,19.38,1.28,0.0544,228562.86,1774.37,230337.23,0.9923,持有
2023-04-27,19.75,1.30,0.0900,232994.52,1774.37,234768.89,0.9924,持有
2023-04-28,19.74,1.27,0.0503,232883.73,1774.37,234658.10,0.9924,持有
2023-05-04,19.98,1.29,0.0715,235653.51,1774.37,237427.88,0.9925,持有
2023-05-05,20.60,1.33,0.1144,242965.75,1774.37,244740.12,0.9927,持有
2023-05-08,21.31,1.37,0.1687,251385.91,1774.37,253160.28,0.9930,持有
2023-05-09,21.36,1.38,0.1704,251939.86,1774.37,253714.23,0.9930,持有
2023-05-10,20.56,1.33,0.1128,242522.59,1774.37,244296.96,0.9927,持有
2023-05-11,20.48,1.32,0.1081,241525.46,1774.37,243299.83,0.9927,持有
2023-05-12,20.20,1.30,0.0910,238201.72,1774.37,239976.09,0.9926,持有
2023-05-15,20.50,1.32,0.1099,241747.05,1774.37,243521.42,0.9927,持有
2023-05-16,20.48,1.32,0.1084,241525.46,1774.37,243299.83,0.9927,持有
2023-05-17,20.35,1.31,0.1007,239974.38,1774.37,241748.75,0.9927,持有
2023-05-18,20.35,1.31,0.1009,240085.17,1774.37,241859.54,0.9927,持有
2023-05-19,20.00,1.29,0.0731,235875.10,1774.37,237649.47,0.9925,持有
2023-05-22,20.01,1.29,0.0740,235985.89,1774.37,237760.26,0.9925,持有
2023-05-23,19.58,1.26,0.0376,231000.27,1774.37,232774.64,0.9924,持有
2023-05-24,19.05,1.23,0.0183,224685.16,1774.37,226459.52,0.9922,持有
2023-05-25,19.09,1.23,0.0189,225128.32,1774.37,226902.69,0.9922,持有
2023-05-26,19.13,1.23,0.0192,225682.28,1774.37,227456.65,0.9922,持有
2023-05-29,19.11,1.23,0.0192,225460.70,1774.37,227235.07,0.9922,持有
2023-05-30,19.12,1.23,0.0195,225571.49,1774.37,227345.86,0.9922,持有
2023-05-31,18.83,1.21,0.0156,222136.95,1774.37,223911.32,0.9921,持有
2023-06-01,18.88,1.22,0.0159,222690.91,1774.37,224465.28,0.9921,持有
2023-06-02,18.96,1.22,0.0171,223688.03,1774.37,225462.40,0.9921,持有
2023-06-05,18.79,1.21,0.0149,221582.99,1774.37,223357.36,0.9921,持有
2023-06-06,18.63,1.20,0.0119,219699.54,1774.37,221473.91,0.9920,持有
2023-06-07,18.66,1.20,0.0125,220142.70,1774.37,221917.07,0.9920,持有
2023-06-08,18.97,1.22,0.0183,223798.82,1774.37,225573.19,0.9921,持有
2023-06-09,18.96,1.22,0.0180,223577.24,1774.37,225351.61,0.9921,持有
2023-06-12,18.65,1.20,0.0122,219921.12,1774.37,221695.49,0.9920,持有
2023-06-13,18.77,1.21,0.0152,221361.41,1774.37,223135.78,0.9920,持有
2023-06-14,18.79,1.21,0.0161,221582.99,1774.37,223357.36,0.9921,持有
2023-06-15,19.07,1.23,0.0219,224906.74,1774.37,226681.11,0.9922,持有
2023-06-16,19.15,1.23,0.0237,225903.86,1774.37,227678.23,0.9922,持有
2023-06-19,18.93,1.22,0.0185,223244.87,1774.37,225019.24,0.9921,持有
2023-06-20,18.84,1.21,0.0176,222247.74,1774.37,224022.11,0.9921,持有
2023-06-21,18.65,1.20,0.0121,219921.12,1774.37,221695.49,0.9920,持有
2023-06-26,18.12,1.17,0.0067,213716.80,1774.37,215491.17,0.9918,持有
2023-06-27,18.31,1.18,0.0091,215932.63,1774.37,217707.00,0.9918,持有
2023-06-28,18.32,1.18,0.0094,216043.42,1774.37,217817.79,0.9919,持有
2023-06-29,18.26,1.18,0.0088,215378.67,1774.37,217153.04,0.9918,持有
2023-06-30,18.58,1.20,0.0124,219145.58,1774.37,220919.95,0.9920,持有
2023-07-03,19.01,1.23,0.0230,224241.99,1774.37,226016.36,0.9921,持有
2023-07-04,19.05,1.23,0.0242,224685.16,1774.37,226459.52,0.9922,持有
2023-07-05,18.93,1.22,0.0206,223244.87,1774.37,225019.24,0.9921,持有
2023-07-06,18.83,1.21,0.0191,222136.95,1774.37,223911.32,0.9921,持有
2023-07-07,18.91,1.22,0.0206,223023.28,1774.37,224797.65,0.9921,持有
2023-07-10,18.90,1.22,0.0206,222912.49,1774.37,224686.86,0.9921,持有
2023-07-11,19.01,1.23,0.0242,224241.99,1774.37,226016.36,0.9921,持有
2023-07-12,18.86,1.22,0.0200,222469.33,1774.37,224243.69,0.9921,持有
2023-07-13,19.23,1.24,0.0293,226790.19,1774.37,228564.56,0.9922,持有
2023-07-14,19.26,1.24,0.0317,227122.57,1774.37,228896.94,0.9922,持有
2023-07-17,19.05,1.23,0.0260,224685.16,1774.37,226459.52,0.9922,持有
2023-07-18,19.06,1.23,0.0269,224795.95,1774.37,226570.32,0.9922,持有
2023-07-19,19.17,1.24,0.0293,226125.44,1774.37,227899.81,0.9922,持有
2023-07-20,19.07,1.23,0.0272,224906.74,1774.37,226681.11,0.9922,持有
2023-07-21,19.12,1.23,0.0287,225571.49,1774.37,227345.86,0.9922,持有
2023-07-24,19.15,1.23,0.0296,225903.86,1774.37,227678.23,0.9922,持有
2023-07-25,20.27,1.31,0.1092,239088.05,1774.37,240862.42,0.9926,持有
2023-07-26,20.46,1.32,0.1200,241303.88,1774.37,243078.25,0.9927,持有
2023-07-27,20.21,1.30,0.1049,238423.30,1774.37,240197.67,0.9926,持有
2023-07-28,22.23,1.43,0.2719,262243.47,1774.37,264017.84,0.9933,持有
2023-07-31,22.64,1.46,0.3097,267007.51,1774.37,268781.88,0.9934,持有
2023-08-01,22.23,1.43,0.2717,262243.47,1774.37,264017.84,0.9933,持有
2023-08-02,22.40,1.44,0.2897,264237.72,1774.37,266012.09,0.9933,持有
2023-08-03,22.95,1.48,0.3359,270663.63,1774.37,272438.00,0.9935,持有
2023-08-04,23.20,1.50,0.3536,273655.00,1774.37,275429.37,0.9936,持有
2023-08-07,23.27,1.50,0.3595,274430.54,1774.37,276204.91,0.9936,持有
2023-08-08,23.39,1.51,0.3672,275870.83,1774.37,277645.20,0.9936,持有
2023-08-09,23.40,1.51,0.3683,275981.62,1774.37,277755.99,0.9936,持有
2023-08-10,23.67,1.53,0.3907,279194.57,1774.37,280968.94,0.9937,持有
2023-08-11,22.64,1.46,0.3095,267007.51,1774.37,268781.88,0.9934,持有
2023-08-14,22.31,1.44,0.2788,263129.80,1774.37,264904.17,0.9933,持有
2023-08-15,22.65,1.46,0.3111,267118.30,1774.37,268892.67,0.9934,持有
2023-08-16,22.55,1.45,0.3023,266010.38,1774.37,267784.75,0.9934,持有
2023-08-17,22.50,1.45,0.2977,265345.63,1774.37,267120.00,0.9934,持有
2023-08-18,22.52,1.45,0.2994,265567.22,1774.37,267341.59,0.9934,持有
2023-08-21,21.55,1.39,0.1986,254155.69,1774.37,255930.06,0.9931,持有
2023-08-22,21.81,1.41,0.2240,257257.85,1774.37,259032.22,0.9932,持有
2023-08-23,21.42,1.38,0.1885,252604.61,1774.37,254378.98,0.9930,持有
2023-08-24,22.13,1.43,0.2601,261024.77,1774.37,262799.14,0.9932,持有
2023-08-25,22.48,1.42,0.2466,265098.07,1774.37,266872.44,0.9934,持有
2023-08-28,22.82,1.44,0.2836,269171.28,1774.37,270945.65,0.9935,持有
2023-08-29,22.43,1.42,0.2413,264532.35,1774.37,266306.72,0.9933,持有
2023-08-30,21.64,1.37,0.1757,255254.48,1774.37,257028.85,0.9931,持有
2023-08-31,21.30,1.35,0.1460,251181.27,1774.37,252955.64,0.9930,持有
2023-09-01,21.47,1.36,0.1597,253217.88,1774.37,254992.25,0.9930,持有
2023-09-04,21.65,1.37,0.1767,255367.63,1774.37,257142.00,0.9931,持有
2023-09-05,21.47,1.36,0.1596,253217.88,1774.37,254992.25,0.9930,持有
2023-09-06,21.23,1.34,0.1402,250389.26,1774.37,252163.63,0.9930,持有
2023-09-07,21.22,1.34,0.1398,250276.11,1774.37,252050.48,0.9930,持有
2023-09-08,21.34,1.35,0.1505,251747.00,1774.37,253521.37,0.9930,持有
2023-09-11,21.68,1.37,0.1809,255707.06,1774.37,257481.43,0.9931,持有
2023-09-12,21.48,1.36,0.1618,253331.02,1774.37,255105.39,0.9930,持有
2023-09-13,21.37,1.35,0.1540,252086.43,1774.37,253860.80,0.9930,持有
2023-09-14,21.38,1.35,0.1545,252199.57,1774.37,253973.94,0.9930,持有
2023-09-15,21.15,1.34,0.1366,249484.10,1774.37,251258.47,0.9929,持有
2023-09-18,21.24,1.34,0.1410,250502.40,1774.37,252276.77,0.9930,持有
2023-09-19,21.12,1.34,0.1344,249144.67,1774.37,250919.04,0.9929,持有
2023-09-20,21.01,1.33,0.1284,247786.93,1774.37,249561.30,0.9929,持有
2023-09-21,20.84,1.32,0.1200,245863.47,1774.37,247637.84,0.9928,持有
2023-09-22,21.69,1.37,0.1843,255820.21,1774.37,257594.57,0.9931,持有
2023-09-25,21.01,1.33,0.1286,247786.93,1774.37,249561.30,0.9929,持有
2023-09-26,21.08,1.33,0.1321,248692.09,1774.37,250466.46,0.9929,持有
2023-09-27,21.13,1.34,0.1360,249257.81,1774.37,251032.18,0.9929,持有
2023-09-28,20.78,1.32,0.1145,245071.46,1774.37,246845.83,0.9928,持有
2023-10-09,20.80,1.32,0.1154,245297.75,1774.37,247072.12,0.9928,持有
2023-10-10,20.56,1.30,0.0993,242469.13,1774.37,244243.50,0.9927,持有
2023-10-11,20.63,1.31,0.1064,243374.29,1774.37,245148.66,0.9928,持有
2023-10-12,20.87,1.32,0.1227,246202.90,1774.37,247977.27,0.9928,持有
2023-10-13,20.64,1.31,0.1075,243487.43,1774.37,245261.80,0.9928,持有
2023-10-16,20.63,1.31,0.1063,243374.29,1774.37,245148.66,0.9928,持有
2023-10-17,21.06,1.33,0.1327,248352.65,1774.37,250127.02,0.9929,持有
2023-10-18,20.97,1.33,0.1291,247334.35,1774.37,249108.72,0.9929,持有
2023-10-19,20.68,1.31,0.1121,243940.01,1774.37,245714.38,0.9928,持有
2023-10-20,20.65,1.31,0.1091,243600.58,1774.37,245374.95,0.9928,持有
2023-10-23,20.32,1.29,0.0786,239640.51,1774.37,241414.88,0.9927,持有
2023-10-24,20.74,1.31,0.1141,244618.88,1774.37,246393.25,0.9928,持有
2023-10-25,20.95,1.33,0.1292,247108.06,1774.37,248882.43,0.9929,持有
2023-10-26,20.91,1.32,0.1268,246655.48,1774.37,248429.85,0.9929,持有
2023-10-27,21.13,1.34,0.1398,249257.81,1774.37,251032.18,0.9929,持有
2023-10-30,20.72,1.31,0.1131,244392.59,1774.37,246166.96,0.9928,持有
2023-10-31,20.83,1.29,0.0914,245637.18,1774.37,247411.55,0.9928,持有
2023-11-01,20.84,1.29,0.0923,245863.47,1774.37,247637.84,0.9928,持有
2023-11-02,20.65,1.28,0.0731,243600.58,1774.37,245374.95,0.9928,持有
2023-11-03,20.97,1.30,0.1032,247334.35,1774.37,249108.72,0.9929,持有
2023-11-06,21.90,1.36,0.1709,258309.39,1774.37,260083.76,0.9932,持有
2023-11-07,21.86,1.36,0.1670,257856.81,1774.37,259631.18,0.9932,持有
2023-11-08,21.66,1.35,0.1498,255480.77,1774.37,257255.14,0.9931,持有
2023-11-09,21.54,1.34,0.1429,254123.03,1774.37,255897.40,0.9931,持有
2023-11-10,21.54,1.34,0.1429,254123.03,1774.37,255897.40,0.9931,持有
2023-11-13,21.38,1.33,0.1325,252199.57,1774.37,253973.94,0.9930,持有
2023-11-14,21.70,1.35,0.1549,255933.35,1774.37,257707.72,0.9931,持有
2023-11-15,21.68,1.35,0.1528,255707.06,1774.37,257481.43,0.9931,持有
2023-11-16,21.52,1.34,0.1404,253783.60,1774.37,255557.97,0.9931,持有
2023-11-17,21.60,1.34,0.1462,254801.90,1774.37,256576.27,0.9931,持有
2023-11-20,21.44,1.33,0.1350,252878.44,1774.37,254652.81,0.9930,持有
2023-11-21,21.53,1.34,0.1411,253896.74,1774.37,255671.11,0.9931,持有
2023-11-22,21.31,1.32,0.1275,251294.42,1774.37,253068.79,0.9930,持有
2023-11-23,21.33,1.33,0.1293,251633.85,1774.37,253408.22,0.9930,持有
2023-11-24,21.15,1.31,0.1166,249484.10,1774.37,251258.47,0.9929,持有
2023-11-27,20.81,1.29,0.0886,245410.89,1774.37,247185.26,0.9928,持有
2023-11-28,20.73,1.29,0.0815,244505.73,1774.37,246280.10,0.9928,持有
2023-11-29,20.53,1.28,0.0629,242129.69,1774.37,243904.06,0.9927,持有
2023-11-30,20.58,1.28,0.0665,242695.42,1774.37,244469.79,0.9927,持有
2023-12-01,20.68,1.28,0.0773,243940.01,1774.37,245714.38,0.9928,持有
2023-12-04,20.54,1.28,0.0632,242242.84,1774.37,244017.21,0.9927,持有
2023-12-05,20.27,1.26,0.0458,239074.79,1774.37,240849.16,0.9926,持有
2023-12-06,20.10,1.25,0.0385,237038.18,1774.37,238812.55,0.9926,持有
2023-12-07,20.17,1.25,0.0417,237943.34,1774.37,239717.71,0.9926,持有
2023-12-08,20.10,1.25,0.0385,237038.18,1774.37,238812.55,0.9926,持有
2023-12-12,20.27,1.26,0.0467,239074.79,1774.37,240849.16,0.9926,持有
2023-12-13,19.87,1.23,0.0287,234322.71,1774.37,236097.08,0.9925,持有
2023-12-14,19.66,1.22,0.0217,231946.67,1774.37,233721.04,0.9924,持有
2023-12-15,19.63,1.22,0.0208,231494.09,1774.37,233268.46,0.9924,持有
2023-12-18,19.61,1.22,0.0199,231267.80,1774.37,233042.17,0.9924,持有
2023-12-19,19.80,1.23,0.0281,233530.70,1774.37,235305.07,0.9925,持有
2023-12-20,19.34,1.20,0.0132,228099.75,1774.37,229874.12,0.9923,持有
2023-12-21,19.44,1.21,0.0158,229344.34,1774.37,231118.71,0.9923,持有
2023-12-22,19.45,1.21,0.0170,229457.49,1774.37,231231.86,0.9923,持有
2023-12-25,19.19,1.19,0.0114,226402.58,1774.37,228176.95,0.9922,持有
2023-12-26,19.04,1.18,0.0097,224592.26,1774.37,226366.63,0.9922,持有
2023-12-27,19.09,1.19,0.0099,225157.99,1774.37,226932.36,0.9922,持有
2023-12-28,19.54,1.21,0.0202,230475.79,1774.37,232250.16,0.9924,持有
2023-12-29,19.54,1.21,0.0202,230475.79,1774.37,232250.16,0.9924,持有
2024-01-02,19.25,1.20,0.0129,227081.45,1774.37,228855.82,0.9922,持有
2024-01-03,19.36,1.20,0.0152,228326.04,1774.37,230100.41,0.9923,持有
2024-01-04,19.19,1.19,0.0120,226289.43,1774.37,228063.80,0.9922,持有
2024-01-05,18.98,1.18,0.0091,223913.39,1774.37,225687.76,0.9921,持有
2024-01-08,18.63,1.16,0.0058,219727.04,1774.37,221501.41,0.9920,持有
2024-01-09,18.67,1.16,0.0061,220179.62,1774.37,221953.99,0.9920,持有
2024-01-10,18.67,1.16,0.0061,220179.62,1774.37,221953.99,0.9920,持有
2024-01-11,18.80,1.17,0.0073,221763.65,1774.37,223538.02,0.9921,持有
2024-01-12,18.72,1.16,0.0070,220858.49,1774.37,222632.86,0.9920,持有
2024-01-15,18.69,1.16,0.0067,220405.91,1774.37,222180.28,0.9920,持有
2024-01-16,18.78,1.17,0.0079,221537.36,1774.37,223311.73,0.9921,持有
2024-01-17,18.44,1.15,0.0035,217464.15,1774.37,219238.52,0.9919,持有
2024-01-18,18.70,1.16,0.0073,220519.05,1774.37,222293.42,0.9920,持有
2024-01-19,18.68,1.16,0.0070,220292.76,1774.37,222067.13,0.9920,持有
2024-01-22,18.35,1.14,0.0035,216445.84,1774.37,218220.21,0.9919,持有
2024-01-23,18.97,1.18,0.0122,223800.25,1774.37,225574.62,0.9921,持有
2024-01-24,19.68,1.22,0.0300,232172.96,1774.37,233947.33,0.9924,持有
2024-01-25,19.72,1.23,0.0314,232625.54,1774.37,234399.91,0.9924,持有
2024-01-26,19.98,1.24,0.0407,235680.45,1774.37,237454.82,0.9925,持有
2024-01-29,19.74,1.23,0.0325,232851.83,1774.37,234626.20,0.9924,持有
2024-01-30,19.61,1.22,0.0267,231267.80,1774.37,233042.17,0.9924,持有
2024-01-31,19.66,1.22,0.0293,231946.67,1774.37,233721.04,0.9924,持有
2024-02-01,19.61,1.22,0.0267,231267.80,1774.37,233042.17,0.9924,持有
2024-02-02,19.36,1.20,0.0192,228326.04,1774.37,230100.41,0.9923,持有
2024-02-05,19.36,1.20,0.0192,228326.04,1774.37,230100.41,0.9923,持有
2024-02-06,20.28,1.26,0.0580,239187.93,1774.37,240962.30,0.9926,持有
2024-02-07,20.32,1.26,0.0606,239640.51,1774.37,241414.88,0.9927,持有
2024-02-08,20.38,1.27,0.0649,240432.52,1774.37,242206.89,0.9927,持有
2024-02-19,20.00,1.24,0.0441,235906.73,1774.37,237681.10,0.9925,持有
2024-02-20,20.13,1.25,0.0516,237490.76,1774.37,239265.13,0.9926,持有
2024-02-21,20.51,1.27,0.0747,241903.40,1774.37,243677.77,0.9927,持有
2024-02-22,20.84,1.29,0.1066,245863.47,1774.37,247637.84,0.9928,持有
2024-02-23,20.64,1.28,0.0860,243487.43,1774.37,245261.80,0.9928,持有
2024-02-26,20.47,1.27,0.0729,241450.83,1774.37,243225.20,0.9927,持有
2024-02-27,20.59,1.28,0.0807,242808.56,1774.37,244582.93,0.9927,持有
2024-02-28,20.14,1.25,0.0518,237603.91,1774.37,239378.28,0.9926,持有
2024-02-29,20.43,1.27,0.0677,240998.25,1774.37,242772.62,0.9927,持有
2024-03-01,20.45,1.27,0.0723,241224.54,1774.37,242998.91,0.9927,持有
2024-03-04,20.30,1.26,0.0607,239414.22,1774.37,241188.59,0.9926,持有
2024-03-05,20.32,1.26,0.0615,239640.51,1774.37,241414.88,0.9927,持有
2024-03-06,20.24,1.26,0.0563,238735.35,1774.37,240509.72,0.9926,持有
2024-03-07,19.96,1.24,0.0410,235454.16,1774.37,237228.53,0.9925,持有
2024-03-08,19.95,1.24,0.0404,235341.01,1774.37,237115.38,0.9925,持有
2024-03-11,20.33,1.26,0.0629,239753.66,1774.37,241528.03,0.9927,持有
2024-03-12,20.53,1.28,0.0788,242129.69,1774.37,243904.06,0.9927,持有
2024-03-13,20.21,1.26,0.0562,238395.92,1774.37,240170.29,0.9926,持有
2024-03-14,19.95,1.24,0.0404,235341.01,1774.37,237115.38,0.9925,持有
2024-03-15,20.02,1.24,0.0455,236133.02,1774.37,237907.39,0.9925,持有
2024-03-18,20.39,1.27,0.0686,240545.67,1774.37,242320.04,0.9927,持有
2024-03-19,19.98,1.24,0.0429,235680.45,1774.37,237454.82,0.9925,持有
2024-03-20,19.99,1.24,0.0446,235793.59,1774.37,237567.96,0.9925,持有
2024-03-21,19.98,1.24,0.0429,235680.45,1774.37,237454.82,0.9925,持有
2024-03-22,19.66,1.22,0.0299,231946.67,1774.37,233721.04,0.9924,持有
2024-03-25,18.71,1.16,0.0081,220632.20,1774.37,222406.57,0.9920,持有
2024-03-26,18.80,1.17,0.0095,221763.65,1774.37,223538.02,0.9921,持有
2024-03-27,18.56,1.14,0.0032,218935.03,1774.37,220709.40,0.9920,持有
2024-03-28,18.52,1.14,0.0032,218482.45,1774.37,220256.82,0.9919,持有
2024-03-29,18.42,1.13,0.0023,217237.86,1774.37,219012.23,0.9919,持有
2024-04-01,18.62,1.14,0.0046,219613.90,1774.37,221388.27,0.9920,持有
2024-04-02,18.52,1.14,0.0034,218482.45,1774.37,220256.82,0.9919,持有
2024-04-03,18.38,1.13,0.0017,216785.28,1774.37,218559.65,0.9919,持有
2024-04-08,18.15,1.11,0.0003,214069.80,1774.37,215844.17,0.9918,持有
2024-04-09,18.16,1.11,0.0006,214182.95,1774.37,215957.32,0.9918,持有
2024-04-10,17.66,1.08,0.0000,208299.42,1774.37,210073.79,0.9916,持有
2024-04-11,17.59,1.08,0.0000,207507.41,1774.37,209281.78,0.9915,持有
2024-04-12,17.21,1.05,0.0000,202981.62,1774.37,204755.99,0.9913,持有
2024-04-15,17.02,1.04,0.0000,200718.73,1774.37,202493.10,0.9912,持有
2024-04-16,16.91,1.04,0.0000,199474.14,1774.37,201248.51,0.9912,持有
2024-04-17,17.36,1.06,0.0009,204791.94,1774.37,206566.31,0.9914,持有
2024-04-18,17.47,1.07,0.0011,206036.53,1774.37,207810.90,0.9915,持有
2024-04-19,17.39,1.07,0.0011,205131.37,1774.37,206905.74,0.9914,持有
2024-04-22,17.54,1.07,0.0017,206828.54,1774.37,208602.91,0.9915,持有
2024-04-23,17.53,1.07,0.0017,206715.40,1774.37,208489.77,0.9915,持有
2024-04-24,17.53,1.07,0.0017,206715.40,1774.37,208489.77,0.9915,持有
2024-04-25,17.44,1.07,0.0014,205697.10,1774.37,207471.47,0.9914,持有
2024-04-26,18.38,1.13,0.0057,216785.28,1774.37,218559.65,0.9919,持有
2024-04-29,18.59,1.12,0.0046,219274.46,1774.37,221048.83,0.9920,持有
2024-04-30,18.24,1.10,0.0037,215088.11,1774.37,216862.48,0.9918,持有
2024-05-06,18.43,1.11,0.0040,217351.00,1774.37,219125.37,0.9919,持有
2024-05-07,18.34,1.10,0.0040,216332.70,1774.37,218107.07,0.9919,持有
2024-05-08,18.01,1.08,0.0034,212485.78,1774.37,214260.15,0.9917,持有
2024-05-09,18.14,1.09,0.0040,213956.66,1774.37,215731.03,0.9918,持有
2024-05-10,18.28,1.10,0.0046,215653.83,1774.37,217428.20,0.9918,持有
2024-05-13,18.21,1.09,0.0043,214748.67,1774.37,216523.04,0.9918,持有
2024-05-14,18.24,1.10,0.0046,215088.11,1774.37,216862.48,0.9918,持有
2024-05-15,17.99,1.08,0.0031,212146.34,1774.37,213920.71,0.9917,持有
2024-05-16,18.01,1.08,0.0037,212485.78,1774.37,214260.15,0.9917,持有
2024-05-17,18.41,1.11,0.0063,217124.71,1774.37,218899.08,0.9919,持有
2024-05-20,18.50,1.11,0.0068,218256.16,1774.37,220030.53,0.9919,持有
2024-05-21,18.46,1.11,0.0068,217690.44,1774.37,219464.81,0.9919,持有
2024-05-22,18.52,1.11,0.0077,218482.45,1774.37,220256.82,0.9919,持有
2024-05-23,18.10,1.09,0.0046,213504.08,1774.37,215278.45,0.9918,持有
2024-05-24,17.83,1.07,0.0020,210336.03,1774.37,212110.40,0.9916,持有
2024-05-27,17.97,1.08,0.0034,211920.05,1774.37,213694.42,0.9917,持有
2024-05-28,17.86,1.07,0.0023,210675.46,1774.37,212449.83,0.9916,持有
2024-05-29,17.89,1.07,0.0034,211014.90,1774.37,212789.27,0.9917,持有
2024-05-30,17.80,1.07,0.0017,209996.59,1774.37,211770.96,0.9916,持有
2024-05-31,17.86,1.07,0.0026,210675.46,1774.37,212449.83,0.9916,持有
2024-06-03,17.68,1.06,0.0009,208525.71,1774.37,210300.08,0.9916,持有
2024-06-04,17.80,1.07,0.0020,209996.59,1774.37,211770.96,0.9916,持有
2024-06-05,17.78,1.07,0.0017,209770.31,1774.37,211544.68,0.9916,持有
2024-06-06,17.74,1.07,0.0014,209204.58,1774.37,210978.95,0.9916,持有
2024-06-07,17.63,1.06,0.0009,207959.99,1774.37,209734.36,0.9915,持有
2024-06-11,17.59,1.06,0.0009,207507.41,1774.37,209281.78,0.9915,持有
2024-06-12,17.54,1.05,0.0006,206828.54,1774.37,208602.91,0.9915,持有
2024-06-13,17.52,1.05,0.0006,206602.25,1774.37,208376.62,0.9915,持有
2024-06-14,17.87,1.07,0.0054,210788.61,1774.37,212562.98,0.9917,持有
2024-06-17,17.90,1.08,0.0068,211128.04,1774.37,212902.41,0.9917,持有
2024-06-18,17.95,1.08,0.0074,211693.77,1774.37,213468.14,0.9917,持有
2024-06-19,17.78,1.07,0.0031,209657.16,1774.37,211431.53,0.9916,持有
2024-06-20,17.63,1.06,0.0017,207959.99,1774.37,209734.36,0.9915,持有
2024-06-21,17.69,1.06,0.0025,208638.86,1774.37,210413.23,0.9916,持有
2024-06-24,17.67,1.06,0.0023,208412.57,1774.37,210186.94,0.9916,持有
2024-06-25,17.38,1.04,0.0006,205018.23,1774.37,206792.60,0.9914,持有
2024-06-26,17.65,1.06,0.0025,208186.28,1774.37,209960.65,0.9915,持有
2024-06-27,17.65,1.06,0.0025,208186.28,1774.37,209960.65,0.9915,持有
2024-06-28,17.49,1.05,0.0008,206262.82,1774.37,208037.19,0.9915,持有
2024-07-01,17.46,1.05,0.0008,205923.38,1774.37,207697.75,0.9915,持有
2024-07-02,17.45,1.05,0.0008,205810.24,1774.37,207584.61,0.9915,持有
2024-07-03,17.63,1.06,0.0028,207959.99,1774.37,209734.36,0.9915,持有
2024-07-04,17.31,1.04,0.0003,204113.07,1774.37,205887.44,0.9914,持有
2024-07-05,17.08,1.03,0.0000,201510.74,1774.37,203285.11,0.9913,持有
2024-07-08,16.79,1.01,0.0000,198003.25,1774.37,199777.62,0.9911,持有
2024-07-09,17.13,1.03,0.0006,202076.46,1774.37,203850.83,0.9913,持有
2024-07-10,17.43,1.05,0.0020,205583.95,1774.37,207358.32,0.9914,持有
2024-07-11,17.57,1.06,0.0039,207281.12,1774.37,209055.49,0.9915,持有
2024-07-12,17.61,1.06,0.0045,207733.70,1774.37,209508.07,0.9915,持有
2024-07-15,17.71,1.06,0.0070,208865.15,1774.37,210639.52,0.9916,持有
2024-07-16,17.97,1.08,0.0130,211920.05,1774.37,213694.42,0.9917,持有
2024-07-17,18.08,1.09,0.0149,213277.79,1774.37,215052.16,0.9917,持有
2024-07-18,18.20,1.09,0.0158,214635.53,1774.37,216409.90,0.9918,持有
2024-07-19,18.60,1.12,0.0200,219387.61,1774.37,221161.98,0.9920,持有
2024-07-22,19.37,1.16,0.0304,228439.18,1774.37,230213.55,0.9923,持有
2024-07-23,18.42,1.11,0.0177,217237.86,1774.37,219012.23,0.9919,持有
2024-07-24,18.11,1.09,0.0155,213617.23,1774.37,215391.60,0.9918,持有
2024-07-25,18.25,1.10,0.0171,215201.25,1774.37,216975.62,0.9918,持有
2024-07-26,18.48,1.11,0.0191,217916.72,1774.37,219691.09,0.9919,持有
2024-07-29,18.11,1.09,0.0155,213617.23,1774.37,215391.60,0.9918,持有
2024-07-30,18.15,1.09,0.0163,214069.80,1774.37,215844.17,0.9918,持有
2024-07-31,18.99,1.14,0.0270,224026.54,1774.37,225800.91,0.9921,持有
2024-08-01,18.78,1.13,0.0239,221537.36,1774.37,223311.73,0.9921,持有
2024-08-02,18.43,1.11,0.0191,217351.00,1774.37,219125.37,0.9919,持有
2024-08-05,18.34,1.10,0.0182,216332.70,1774.37,218107.07,0.9919,持有
2024-08-06,18.33,1.10,0.0182,216219.55,1774.37,217993.92,0.9919,持有
2024-08-07,18.20,1.09,0.0165,214635.53,1774.37,216409.90,0.9918,持有
2024-08-08,18.29,1.10,0.0185,215766.98,1774.37,217541.35,0.9918,持有
2024-08-09,18.12,1.09,0.0160,213730.37,1774.37,215504.74,0.9918,持有
2024-08-12,18.10,1.09,0.0151,213504.08,1774.37,215278.45,0.9918,持有
2024-08-13,18.28,1.10,0.0188,215653.83,1774.37,217428.20,0.9918,持有
2024-08-14,18.08,1.09,0.0148,213277.79,1774.37,215052.16,0.9917,持有
2024-08-15,18.37,1.10,0.0207,216672.13,1774.37,218446.50,0.9919,持有
2024-08-16,18.32,1.10,0.0199,216106.41,1774.37,217880.78,0.9919,持有
2024-08-19,18.26,1.10,0.0190,215427.54,1774.37,217201.91,0.9918,持有
2024-08-20,18.16,1.09,0.0173,214182.95,1774.37,215957.32,0.9918,持有
2024-08-21,18.15,1.09,0.0171,214069.80,1774.37,215844.17,0.9918,持有
2024-08-22,17.97,1.08,0.0129,211920.05,1774.37,213694.42,0.9917,持有
2024-08-23,18.32,1.10,0.0210,216106.41,1774.37,217880.78,0.9919,持有
2024-08-26,18.15,1.06,0.0070,214134.35,1774.37,215908.72,0.9918,持有
2024-08-27,18.15,1.06,0.0070,214134.35,1774.37,215908.72,0.9918,持有
2024-08-28,18.13,1.06,0.0064,213786.35,1774.37,215560.72,0.9918,持有
2024-08-29,18.48,1.09,0.0179,217962.32,1774.37,219736.69,0.9919,持有
2024-08-30,18.97,1.12,0.0276,223762.28,1774.37,225536.65,0.9921,持有
2024-09-02,18.61,1.10,0.0212,219470.31,1774.37,221244.68,0.9920,持有
2024-09-03,18.80,1.11,0.0254,221790.29,1774.37,223564.66,0.9921,持有
2024-09-04,18.80,1.11,0.0254,221790.29,1774.37,223564.66,0.9921,持有
2024-09-05,18.79,1.11,0.0251,221674.29,1774.37,223448.66,0.9921,持有
2024-09-06,18.74,1.11,0.0240,221094.30,1774.37,222868.67,0.9920,持有
2024-09-09,18.67,1.10,0.0228,220166.31,1774.37,221940.67,0.9920,持有
2024-09-10,18.57,1.10,0.0201,219006.31,1774.37,220780.68,0.9920,持有
2024-09-11,18.69,1.10,0.0242,220398.30,1774.37,222172.67,0.9920,持有
2024-09-12,18.57,1.10,0.0200,219006.31,1774.37,220780.68,0.9920,持有
2024-09-13,18.61,1.10,0.0217,219470.31,1774.37,221244.68,0.9920,持有
2024-09-18,18.63,1.10,0.0228,219702.31,1774.37,221476.68,0.9920,持有
2024-09-19,19.02,1.12,0.0312,224342.27,1774.37,226116.64,0.9922,持有
2024-09-20,18.97,1.12,0.0306,223762.28,1774.37,225536.65,0.9921,持有
2024-09-23,18.99,1.12,0.0311,223994.28,1774.37,225768.65,0.9921,持有
2024-09-24,20.48,1.21,0.0550,241510.14,1774.37,243284.51,0.9927,持有
2024-09-25,20.81,1.23,0.0681,245454.11,1774.37,247228.48,0.9928,持有
2024-09-26,22.11,1.30,0.1550,260765.99,1774.37,262540.36,0.9932,持有
2024-09-27,24.32,1.43,0.3257,286865.79,1774.37,288640.16,0.9939,持有
2024-09-30,26.75,1.58,0.4939,315517.57,1774.37,317291.94,0.9944,持有
2024-10-08,29.43,1.74,0.6592,347069.33,1774.37,348843.70,0.9949,持有
2024-10-09,29.85,1.76,0.6829,352057.29,1774.37,353831.66,0.9950,持有
2024-10-10,27.29,1.61,0.5262,321897.52,1774.37,323671.89,0.9945,持有
2024-10-11,27.70,1.63,0.5527,326769.48,1774.37,328543.85,0.9946,持有
2024-10-14,27.01,1.59,0.5085,318533.55,1774.37,320307.92,0.9945,持有
2024-10-15,26.28,1.55,0.4654,309949.61,1774.37,311723.98,0.9943,持有
2024-10-16,25.97,1.53,0.4428,306353.64,1774.37,308128.01,0.9942,持有
2024-10-17,25.73,1.52,0.4260,303453.66,1774.37,305228.03,0.9942,持有
2024-10-18,27.45,1.62,0.5361,323753.51,1774.37,325527.88,0.9945,持有
2024-10-21,27.01,1.59,0.5086,318533.55,1774.37,320307.92,0.9945,持有
2024-10-22,27.21,1.60,0.5237,320969.53,1774.37,322743.90,0.9945,持有
2024-10-23,27.11,1.60,0.5155,319809.54,1774.37,321583.91,0.9945,持有
2024-10-24,26.83,1.58,0.4963,316445.56,1774.37,318219.93,0.9944,持有
2024-10-25,27.05,1.60,0.5122,318997.54,1774.37,320771.91,0.9945,持有
2024-10-28,27.04,1.59,0.5112,318881.55,1774.37,320655.91,0.9945,持有
2024-10-29,26.78,1.58,0.4936,315865.57,1774.37,317639.94,0.9944,持有
2024-10-30,27.01,1.56,0.4750,318533.55,1774.37,320307.92,0.9945,持有
2024-10-31,27.65,1.60,0.5155,326189.49,1774.37,327963.86,0.9946,持有
2024-11-01,27.49,1.59,0.5032,324217.50,1774.37,325991.87,0.9946,持有
2024-11-04,28.58,1.65,0.5743,337093.40,1774.37,338867.77,0.9948,持有
2024-11-05,29.97,1.73,0.6561,353449.28,1774.37,355223.65,0.9950,持有
2024-11-06,30.57,1.77,0.6890,360525.22,1774.37,362299.59,0.9951,持有
2024-11-07,33.62,1.94,0.8094,396600.95,1774.37,398375.32,0.9955,卖出(降至30%)
2024-11-08,34.30,1.98,0.8249,121947.47,297463.98,419411.44,0.2908,持有
2024-11-11,34.30,1.98,0.8246,121947.47,297463.98,419411.44,0.2908,持有
2024-11-12,33.37,1.93,0.8024,118626.08,297463.98,416090.05,0.2851,持有
2024-11-13,32.38,1.87,0.7735,115094.91,297463.98,412558.89,0.2790,持有
2024-11-14,32.13,1.86,0.7647,114220.86,297463.98,411684.84,0.2774,持有
2024-11-15,30.62,1.77,0.6929,108836.72,297463.98,406300.69,0.2679,持有
2024-11-18,30.16,1.74,0.6663,107228.46,297463.98,404692.44,0.2650,持有
2024-11-19,30.78,1.78,0.7038,109431.07,297463.98,406895.05,0.2689,持有
2024-11-20,31.22,1.80,0.7265,110969.40,297463.98,408433.37,0.2717,持有
2024-11-21,31.36,1.81,0.7351,111493.83,297463.98,408957.80,0.2726,持有
2024-11-22,29.83,1.72,0.6466,106039.76,297463.98,403503.73,0.2628,持有
2024-11-25,29.17,1.69,0.6043,103697.30,297463.98,401161.28,0.2585,持有
2024-11-26,29.23,1.69,0.6067,103907.07,297463.98,401371.05,0.2589,持有
2024-11-27,29.78,1.72,0.6433,105864.95,297463.98,403328.92,0.2625,持有
2024-11-28,29.38,1.70,0.6151,104431.50,297463.98,401895.48,0.2598,持有
2024-11-29,30.24,1.75,0.6696,107508.16,297463.98,404972.14,0.2655,持有
2024-12-02,30.75,1.78,0.7013,109326.18,297463.98,406790.16,0.2688,持有
2024-12-03,30.57,1.77,0.6873,108661.91,297463.98,406125.88,0.2676,持有
2024-12-04,30.29,1.75,0.6726,107682.97,297463.98,405146.95,0.2658,持有
2024-12-05,30.39,1.76,0.6785,108032.59,297463.98,405496.57,0.2664,持有
2024-12-06,30.72,1.78,0.6999,109221.30,297463.98,406685.27,0.2686,持有
2024-12-09,30.61,1.77,0.6921,108801.75,297463.98,406265.73,0.2678,持有
2024-12-10,30.96,1.79,0.7130,110060.39,297463.98,407524.36,0.2701,持有
2024-12-11,30.82,1.78,0.7054,109570.92,297463.98,407034.89,0.2692,持有
2024-12-12,31.14,1.80,0.7233,110689.70,297463.98,408153.68,0.2712,持有
2024-12-13,29.92,1.73,0.6500,106354.41,297463.98,403818.39,0.2634,持有
2024-12-16,29.53,1.71,0.6238,104990.90,297463.98,402454.87,0.2609,持有
2024-12-17,29.73,1.72,0.6367,105690.14,297463.98,403154.11,0.2622,持有
2024-12-18,29.79,1.72,0.6423,105899.91,297463.98,403363.88,0.2625,持有
2024-12-19,29.83,1.72,0.6451,106039.76,297463.98,403503.73,0.2628,持有
2024-12-20,30.08,1.72,0.6461,106920.76,297463.98,404384.74,0.2644,持有
2024-12-23,29.66,1.70,0.6161,105440.64,297463.98,402904.62,0.2617,持有
2024-12-24,30.06,1.72,0.6446,106850.28,297463.98,404314.26,0.2643,持有
2024-12-25,29.83,1.71,0.6272,106039.74,297463.98,403503.72,0.2628,持有
2024-12-26,29.89,1.71,0.6320,106251.18,297463.98,403715.16,0.2632,持有
2024-12-27,29.96,1.72,0.6348,106497.87,297463.98,403961.85,0.2636,持有
2024-12-30,30.24,1.73,0.6567,107519.86,297463.98,404983.83,0.2655,持有
2024-12-31,28.92,1.66,0.5744,102797.58,297463.98,400261.56,0.2568,持有
2025-01-02,27.21,1.56,0.4689,96736.15,297463.98,394200.13,0.2454,持有
2025-01-03,26.74,1.53,0.4368,95044.59,297463.98,392508.57,0.2421,持有
2025-01-06,26.82,1.54,0.4444,95361.76,297463.98,392825.74,0.2428,持有
2025-01-07,26.92,1.54,0.4505,95714.17,297463.98,393178.15,0.2434,持有
2025-01-08,26.75,1.53,0.4373,95079.83,297463.98,392543.81,0.2422,持有
2025-01-09,26.66,1.53,0.4317,94762.67,297463.98,392226.64,0.2416,持有
2025-01-10,26.23,1.50,0.4025,93247.31,297463.98,390711.29,0.2387,持有
2025-01-13,26.28,1.51,0.4064,93423.51,297463.98,390887.49,0.2390,持有
2025-01-14,27.46,1.57,0.4823,97617.17,297463.98,395081.15,0.2471,持有
2025-01-15,27.13,1.56,0.4653,96454.23,297463.98,393918.20,0.2449,持有
2025-01-16,27.01,1.55,0.4573,96031.34,297463.98,393495.31,0.2440,持有
2025-01-17,27.07,1.55,0.4620,96242.78,297463.98,393706.76,0.2445,持有
2025-01-20,27.16,1.56,0.4674,96559.95,297463.98,394023.93,0.2451,持有
2025-01-21,27.18,1.56,0.4680,96630.43,297463.98,394094.41,0.2452,持有
2025-01-22,26.99,1.55,0.4560,95960.85,297463.98,393424.83,0.2439,持有
2025-01-23,27.21,1.56,0.4705,96736.15,297463.98,394200.13,0.2454,持有
2025-01-24,27.30,1.57,0.4755,97053.32,297463.98,394517.30,0.2460,持有
2025-01-27,26.70,1.53,0.4341,94903.63,297463.98,392367.61,0.2419,持有
2025-02-05,26.72,1.53,0.4348,94974.11,297463.98,392438.09,0.2420,持有
2025-02-06,27.13,1.56,0.4654,96454.23,297463.98,393918.20,0.2449,持有
2025-02-07,27.90,1.60,0.5133,99167.77,297463.98,396631.75,0.2500,持有
2025-02-10,27.91,1.60,0.5153,99203.01,297463.98,396666.99,0.2501,持有
2025-02-11,27.73,1.59,0.5011,98568.68,297463.98,396032.65,0.2489,持有
2025-02-12,28.02,1.61,0.5226,99625.90,297463.98,397089.88,0.2509,持有
2025-02-13,27.88,1.60,0.5119,99097.29,297463.98,396561.27,0.2499,持有
2025-02-14,27.99,1.61,0.5218,99520.18,297463.98,396984.16,0.2507,持有
2025-02-17,28.04,1.61,0.5244,99696.39,297463.98,397160.36,0.2510,持有
2025-02-18,27.30,1.57,0.4749,97053.32,297463.98,394517.30,0.2460,持有
2025-02-19,27.75,1.59,0.5024,98639.16,297463.98,396103.14,0.2490,持有
2025-02-20,27.65,1.59,0.4955,98286.75,297463.98,395750.73,0.2484,持有
2025-02-21,28.21,1.62,0.5333,100295.48,297463.98,397759.46,0.2522,持有
2025-02-24,28.10,1.61,0.5269,99907.83,297463.98,397371.81,0.2514,持有
2025-02-25,27.59,1.58,0.4913,98075.31,297463.98,395539.28,0.2480,持有
2025-02-26,28.20,1.62,0.5334,100260.24,297463.98,397724.22,0.2521,持有
2025-02-27,27.99,1.61,0.5216,99520.18,297463.98,396984.16,0.2507,持有
2025-02-28,27.09,1.55,0.4615,96313.26,297463.98,393777.24,0.2446,持有
2025-03-03,27.12,1.56,0.4630,96418.99,297463.98,393882.96,0.2448,持有
2025-03-04,27.12,1.56,0.4628,96418.99,297463.98,393882.96,0.2448,持有
2025-03-05,27.10,1.55,0.4616,96348.50,297463.98,393812.48,0.2447,持有
2025-03-06,27.76,1.59,0.5036,98674.40,297463.98,396138.38,0.2491,持有
2025-03-07,27.34,1.57,0.4773,97194.28,297463.98,394658.26,0.2463,持有
2025-03-10,27.00,1.55,0.4543,95996.10,297463.98,393460.07,0.2440,持有
2025-03-11,27.06,1.55,0.4590,96207.54,297463.98,393671.52,0.2444,持有
2025-03-12,27.06,1.55,0.4589,96207.54,297463.98,393671.52,0.2444,持有
2025-03-13,26.86,1.54,0.4442,95502.72,297463.98,392966.70,0.2430,持有
2025-03-14,27.83,1.60,0.5104,98921.09,297463.98,396385.06,0.2496,持有
2025-03-17,27.62,1.58,0.4941,98181.03,297463.98,395645.01,0.2482,持有
2025-03-18,27.71,1.59,0.4999,98498.20,297463.98,395962.17,0.2488,持有
2025-03-19,27.69,1.59,0.4984,98427.71,297463.98,395891.69,0.2486,持有
2025-03-20,27.44,1.57,0.4813,97546.69,297463.98,395010.67,0.2469,持有
2025-03-21,26.85,1.54,0.4426,95467.48,297463.98,392931.46,0.2430,持有
2025-03-24,26.95,1.55,0.4495,95819.89,297463.98,393283.87,0.2436,持有
2025-03-25,26.79,1.54,0.4360,95220.80,297463.98,392684.77,0.2425,持有
2025-03-26,26.75,1.53,0.4329,95079.83,297463.98,392543.81,0.2422,持有
2025-03-27,26.67,1.52,0.4185,94797.91,297463.98,392261.88,0.2417,持有
2025-03-28,26.57,1.51,0.4095,94445.50,297463.98,391909.47,0.2410,持有
2025-03-31,26.29,1.50,0.3906,93458.75,297463.98,390922.73,0.2391,持有
2025-04-01,26.21,1.49,0.3856,93176.83,297463.98,390640.80,0.2385,持有
2025-04-02,26.31,1.50,0.3939,93529.24,297463.98,390993.21,0.2392,持有
2025-04-03,26.21,1.49,0.3854,93176.83,297463.98,390640.80,0.2385,持有
2025-04-07,23.81,1.36,0.2086,84648.54,297463.98,382112.52,0.2215,买入(补至30%)
2025-04-08,24.29,1.38,0.2443,116917.37,267371.95,384289.31,0.3042,持有
2025-04-09,24.67,1.41,0.2705,118778.50,267371.95,386150.45,0.3076,持有
2025-04-10,24.92,1.42,0.2938,119971.54,267371.95,387343.48,0.3097,持有
2025-04-11,25.14,1.43,0.3133,121021.41,267371.95,388393.35,0.3116,持有
2025-04-14,25.01,1.43,0.3030,120401.03,267371.95,387772.97,0.3105,持有
2025-04-15,24.89,1.42,0.2903,119828.37,267371.95,387200.32,0.3095,持有
2025-04-16,24.93,1.42,0.2940,120019.26,267371.95,387391.20,0.3098,持有
2025-04-17,24.95,1.42,0.2969,120114.70,267371.95,387486.64,0.3100,持有
2025-04-18,24.93,1.42,0.2939,120019.26,267371.95,387391.20,0.3098,持有
2025-04-21,25.01,1.43,0.3037,120401.03,267371.95,387772.97,0.3105,持有
2025-04-22,24.86,1.42,0.2881,119685.21,267371.95,387057.15,0.3092,持有
2025-04-23,24.91,1.42,0.2928,119923.81,267371.95,387295.76,0.3096,持有
2025-04-24,24.78,1.41,0.2799,119303.44,267371.95,386675.38,0.3085,持有
2025-04-25,24.98,1.42,0.3012,120257.86,267371.95,387629.81,0.3102,持有
2025-04-28,24.91,1.42,0.2929,119923.81,267371.95,387295.76,0.3096,持有
2025-04-29,24.79,1.41,0.2816,119351.16,267371.95,386723.10,0.3086,持有
2025-04-30,24.86,1.38,0.2419,119685.21,267371.95,387057.15,0.3092,持有
2025-05-06,25.29,1.41,0.2723,121737.23,267371.95,389109.17,0.3129,持有
2025-05-07,25.45,1.42,0.2861,122500.77,267371.95,389872.71,0.3142,持有
2025-05-08,25.64,1.43,0.3066,123407.47,267371.95,390779.42,0.3158,持有
2025-05-09,25.33,1.41,0.2761,121928.11,267371.95,389300.06,0.3132,持有
2025-05-12,26.07,1.45,0.3425,125507.22,267371.95,392879.16,0.3195,持有
2025-05-13,25.86,1.44,0.3259,124505.07,267371.95,391877.01,0.3177,持有
2025-05-14,26.83,1.49,0.3882,129181.76,267371.95,396553.71,0.3258,持有
2025-05-15,26.35,1.47,0.3628,126843.41,267371.95,394215.36,0.3218,持有
2025-05-16,25.98,1.45,0.3365,125077.72,267371.95,392449.67,0.3187,持有
2025-05-19,25.88,1.44,0.3279,124600.51,267371.95,391972.45,0.3179,持有
2025-05-20,25.86,1.44,0.3254,124505.07,267371.95,391877.01,0.3177,持有
2025-05-21,25.81,1.44,0.3213,124266.46,267371.95,391638.40,0.3173,持有
2025-05-22,25.76,1.43,0.3175,124027.85,267371.95,391399.80,0.3169,持有
2025-05-23,25.45,1.42,0.2855,122500.77,267371.95,389872.71,0.3142,持有
2025-05-26,25.40,1.41,0.2814,122262.16,267371.95,389634.11,0.3138,持有
2025-05-27,25.29,1.41,0.2712,121737.23,267371.95,389109.17,0.3129,持有
2025-05-28,25.20,1.40,0.2624,121307.73,267371.95,388679.68,0.3121,持有
2025-05-29,25.48,1.42,0.2897,122643.93,267371.95,390015.88,0.3145,持有
2025-05-30,25.30,1.41,0.2729,121784.95,267371.95,389156.89,0.3129,持有
2025-06-03,25.37,1.41,0.2792,122119.00,267371.95,389490.94,0.3135,持有
2025-06-04,25.66,1.43,0.3105,123550.64,267371.95,390922.58,0.3160,持有
2025-06-05,25.95,1.44,0.3364,124934.56,267371.95,392306.50,0.3185,持有
2025-06-06,25.75,1.43,0.3177,123980.13,267371.95,391352.08,0.3168,持有
2025-06-09,26.20,1.46,0.3543,126127.59,267371.95,393499.54,0.3205,持有
2025-06-10,25.72,1.43,0.3147,123836.97,267371.95,391208.91,0.3165,持有
2025-06-11,26.15,1.46,0.3501,125888.99,267371.95,393260.93,0.3201,持有
2025-06-12,26.21,1.46,0.3554,126175.31,267371.95,393547.26,0.3206,持有
2025-06-13,26.07,1.45,0.3449,125507.22,267371.95,392879.16,0.3195,持有
2025-06-16,26.45,1.47,0.3727,127320.63,267371.95,394692.57,0.3226,持有
2025-06-17,26.47,1.47,0.3736,127416.07,267371.95,394788.02,0.3227,持有
2025-06-18,26.15,1.46,0.3499,125888.99,267371.95,393260.93,0.3201,持有
2025-06-19,25.68,1.43,0.3112,123646.08,267371.95,391018.03,0.3162,持有
2025-06-20,25.65,1.43,0.3087,123502.92,267371.95,390874.86,0.3160,持有
2025-06-23,26.00,1.45,0.3407,125173.17,267371.95,392545.11,0.3189,持有
2025-06-24,26.68,1.48,0.3848,128418.22,267371.95,395790.16,0.3245,持有
2025-06-25,27.79,1.55,0.4604,133763.01,267371.95,401134.96,0.3335,持有
2025-06-26,27.33,1.52,0.4291,131567.83,267371.95,398939.77,0.3298,持有
2025-06-27,27.34,1.52,0.4292,131615.55,267371.95,398987.50,0.3299,持有
2025-06-30,27.38,1.52,0.4312,131806.44,267371.95,399178.38,0.3302,持有
2025-07-01,27.15,1.51,0.4155,130708.84,267371.95,398080.79,0.3283,持有
2025-07-02,27.04,1.50,0.4067,130183.91,267371.95,397555.86,0.3275,持有
2025-07-03,27.43,1.53,0.4340,132045.04,267371.95,399416.99,0.3306,持有
2025-07-04,27.42,1.53,0.4337,131997.32,267371.95,399369.27,0.3305,持有
2025-07-07,27.55,1.53,0.4423,132617.70,267371.95,399989.65,0.3316,持有
2025-07-08,27.78,1.55,0.4599,133715.29,267371.95,401087.24,0.3334,持有
2025-07-09,27.57,1.53,0.4447,132713.14,267371.95,400085.09,0.3317,持有
2025-07-10,27.98,1.56,0.4762,134717.44,267371.95,402089.39,0.3350,持有
2025-07-11,28.41,1.58,0.5015,136769.46,267371.95,404141.40,0.3384,持有
2025-07-14,28.16,1.57,0.4868,135576.43,267371.95,402948.37,0.3365,持有
2025-07-15,27.99,1.56,0.4767,134765.16,267371.95,402137.11,0.3351,持有
2025-07-16,27.84,1.55,0.4641,134001.62,267371.95,401373.56,0.3339,持有
2025-07-17,28.00,1.56,0.4772,134812.88,267371.95,402184.83,0.3352,持有
2025-07-18,28.09,1.56,0.4831,135242.38,267371.95,402614.32,0.3359,持有
2025-07-21,28.65,1.59,0.5194,137914.77,267371.95,405286.72,0.3403,持有
2025-07-22,28.68,1.60,0.5219,138057.94,267371.95,405429.88,0.3405,持有
2025-07-23,29.52,1.64,0.5736,142114.25,267371.95,409486.20,0.3471,持有
2025-07-24,29.78,1.66,0.5887,143355.01,267371.95,410726.95,0.3490,持有
2025-07-25,29.44,1.64,0.5694,141732.48,267371.95,409104.43,0.3464,持有
2025-07-28,29.70,1.65,0.5837,142973.24,267371.95,410345.18,0.3484,持有
2025-07-29,29.69,1.65,0.5830,142925.52,267371.95,410297.46,0.3483,持有
2025-07-30,29.52,1.64,0.5731,142114.25,267371.95,409486.20,0.3471,持有
2025-07-31,28.77,1.60,0.5280,138487.43,267371.95,405859.37,0.3412,持有
2025-08-01,28.50,1.59,0.5066,137198.95,267371.95,404570.90,0.3391,持有
2025-08-04,28.66,1.59,0.5196,137962.49,267371.95,405334.44,0.3404,持有
2025-08-05,28.93,1.61,0.5373,139250.97,267371.95,406622.92,0.3425,持有
2025-08-06,28.91,1.61,0.5366,139155.53,267371.95,406527.47,0.3423,持有
2025-08-07,28.86,1.61,0.5336,138916.92,267371.95,406288.87,0.3419,持有
2025-08-08,28.63,1.59,0.5164,137819.33,267371.95,405191.27,0.3401,持有
2025-08-11,29.12,1.62,0.5491,140205.40,267371.95,407577.34,0.3440,持有
2025-08-12,29.22,1.63,0.5558,140682.61,267371.95,408054.56,0.3448,持有
2025-08-13,29.36,1.63,0.5640,141350.71,267371.95,408722.66,0.3458,持有
2025-08-14,29.39,1.64,0.5665,141493.88,267371.95,408865.82,0.3461,持有
2025-08-15,30.83,1.72,0.6476,148413.47,267371.95,415785.42,0.3569,持有
2025-08-18,31.42,1.75,0.6836,151276.76,267371.95,418648.70,0.3613,持有
2025-08-19,30.75,1.71,0.6420,148031.70,267371.95,415403.65,0.3564,持有
2025-08-20,30.88,1.72,0.6513,148652.08,267371.95,416024.03,0.3573,持有
2025-08-21,30.61,1.70,0.6320,147363.60,267371.95,414735.55,0.3553,持有
2025-08-22,31.92,1.78,0.7135,153662.83,267371.95,421034.77,0.3650,持有
2025-08-25,32.14,1.77,0.7094,154721.96,267371.95,422093.91,0.3666,持有
2025-08-26,31.68,1.75,0.6815,152507.52,267371.95,419879.47,0.3632,持有
2025-08-27,30.89,1.70,0.6327,148704.46,267371.95,416076.41,0.3574,持有
2025-08-28,31.50,1.74,0.6733,151641.00,267371.95,419012.95,0.3619,持有
2025-08-29,31.48,1.72,0.6480,151544.72,267371.95,418916.67,0.3618,持有
2025-09-01,31.17,1.70,0.6285,150052.38,267371.95,417424.33,0.3595,持有
2025-09-02,30.78,1.68,0.6087,148174.92,267371.95,415546.87,0.3566,持有
2025-09-03,29.79,1.63,0.5519,143409.06,267371.95,410781.01,0.3491,持有
2025-09-04,29.56,1.61,0.5384,142301.84,267371.95,409673.79,0.3474,持有
2025-09-05,29.83,1.63,0.5552,143601.62,267371.95,410973.57,0.3494,持有
2025-09-08,29.45,1.61,0.5313,141772.30,267371.95,409144.25,0.3465,持有
2025-09-09,29.52,1.61,0.5362,142109.28,267371.95,409481.23,0.3470,持有
2025-09-10,29.48,1.61,0.5339,141916.72,267371.95,409288.67,0.3467,持有
2025-09-11,30.33,1.65,0.5865,146008.62,267371.95,413380.57,0.3532,持有
2025-09-12,29.78,1.62,0.5514,143360.92,267371.95,410732.87,0.3490,持有
2025-09-15,29.59,1.61,0.5398,142446.26,267371.95,409818.21,0.3476,持有
2025-09-16,29.28,1.60,0.5193,140953.92,267371.95,408325.87,0.3452,持有
2025-09-17,28.99,1.58,0.4970,139557.86,267371.95,406929.81,0.3430,持有
2025-09-18,28.35,1.55,0.4562,136476.90,267371.95,403848.85,0.3379,持有
2025-09-19,28.31,1.54,0.4512,136284.34,267371.95,403656.29,0.3376,持有
2025-09-22,28.78,1.57,0.4846,138546.92,267371.95,405918.87,0.3413,持有
2025-09-23,28.50,1.55,0.4671,137199.00,267371.95,404570.95,0.3391,持有
2025-09-24,28.69,1.57,0.4797,138113.66,267371.95,405485.61,0.3406,持有
2025-09-25,28.71,1.57,0.4811,138209.94,267371.95,405581.89,0.3408,持有
2025-09-26,28.72,1.57,0.4818,138258.08,267371.95,405630.03,0.3408,持有
2025-09-29,30.41,1.66,0.5927,146393.74,267371.95,413765.69,0.3538,持有
2025-09-30,29.90,1.63,0.5611,143938.60,267371.95,411310.55,0.3500,持有
2025-10-09,29.65,1.62,0.5441,142735.10,267371.95,410107.05,0.3480,持有
2025-10-10,29.68,1.62,0.5465,142879.52,267371.95,410251.47,0.3483,持有
2025-10-13,29.20,1.59,0.5129,140568.80,267371.95,407940.75,0.3446,持有
2025-10-14,29.03,1.58,0.4997,139750.42,267371.95,407122.37,0.3433,持有
2025-10-15,29.69,1.62,0.5476,142927.66,267371.95,410299.61,0.3483,持有
2025-10-16,29.65,1.62,0.5439,142735.10,267371.95,410107.05,0.3480,持有
2025-10-17,29.09,1.59,0.5035,140039.26,267371.95,407411.21,0.3437,持有
2025-10-20,29.23,1.59,0.5156,140713.22,267371.95,408085.17,0.3448,持有
2025-10-21,29.36,1.60,0.5261,141339.04,267371.95,408710.99,0.3458,持有
2025-10-22,29.19,1.59,0.5104,140520.66,267371.95,407892.61,0.3445,持有
2025-10-23,29.52,1.61,0.5367,142109.28,267371.95,409481.23,0.3470,持有
2025-10-24,29.87,1.63,0.5596,143794.18,267371.95,411166.13,0.3497,持有
2025-10-27,29.99,1.59,0.5019,144371.86,267371.95,411743.81,0.3506,持有
2025-10-28,30.00,1.59,0.5021,144420.00,267371.95,411791.95,0.3507,持有
2025-10-29,30.30,1.60,0.5268,145864.20,267371.95,413236.15,0.3530,持有
2025-10-30,29.68,1.57,0.4829,142879.52,267371.95,410251.47,0.3483,持有
2025-10-31,29.38,1.55,0.4631,141435.32,267371.95,408807.27,0.3460,持有
2025-11-03,29.22,1.55,0.4503,140665.08,267371.95,408037.03,0.3447,持有
2025-11-04,29.08,1.54,0.4409,139991.12,267371.95,407363.07,0.3437,持有
2025-11-05,29.06,1.54,0.4382,139894.84,267371.95,407266.79,0.3435,持有
2025-11-06,29.19,1.54,0.4479,140520.66,267371.95,407892.61,0.3445,持有
2025-11-07,29.00,1.53,0.4338,139606.00,267371.95,406977.95,0.3430,持有
2025-11-10,29.30,1.55,0.4585,141050.20,267371.95,408422.15,0.3454,持有
2025-11-11,29.06,1.54,0.4380,139894.84,267371.95,407266.79,0.3435,持有
2025-11-12,28.90,1.53,0.4268,139124.60,267371.95,406496.55,0.3423,持有
2025-11-13,29.08,1.54,0.4411,139991.12,267371.95,407363.07,0.3437,持有
2025-11-14,28.64,1.51,0.4092,137872.96,267371.95,405244.91,0.3402,持有
2025-11-17,28.29,1.50,0.3882,136188.06,267371.95,403560.01,0.3375,持有
2025-11-18,28.22,1.49,0.3819,135851.08,267371.95,403223.03,0.3369,持有
2025-11-19,28.30,1.50,0.3888,136236.20,267371.95,403608.15,0.3375,持有
2025-11-20,28.30,1.50,0.3887,136236.20,267371.95,403608.15,0.3375,持有
2025-11-21,27.30,1.44,0.3262,131422.20,267371.95,398794.15,0.3295,持有
2025-11-24,27.39,1.45,0.3349,131855.46,267371.95,399227.41,0.3303,持有
2025-11-25,27.47,1.45,0.3392,132240.58,267371.95,399612.53,0.3309,持有
2025-11-26,27.60,1.46,0.3478,132866.40,267371.95,400238.35,0.3320,持有
2025-11-27,27.58,1.46,0.3470,132770.12,267371.95,400142.07,0.3318,持有
2025-11-28,27.59,1.46,0.3479,132818.26,267371.95,400190.21,0.3319,持有
2025-12-01,27.67,1.46,0.3540,133203.38,267371.95,400575.33,0.3325,持有
