日期,收盘价,估值指标,估值分位点,持仓市值,现金,总资产,仓位比例,目标仓位
2020-01-02,4152.24,12.45,0.5423,0.00,100000.00,100000.00,0.0000,0.60
2020-01-03,4144.96,12.44,0.5362,58029.44,41740.01,99769.45,0.5816,0.60
2020-01-06,4129.30,12.40,0.5197,57810.20,41740.01,99550.21,0.5807,0.60
2020-01-07,4160.23,12.47,0.5466,58243.22,41740.01,99983.23,0.5825,0.60
2020-01-08,4112.32,12.32,0.4908,57572.48,41740.01,99312.49,0.5797,0.60
2020-01-09,4164.37,12.42,0.5257,58301.18,41740.01,100041.19,0.5828,0.60
2020-01-10,4163.18,12.43,0.5309,58284.52,41740.01,100024.53,0.5827,0.60
2020-01-13,4203.99,12.53,0.5625,58855.86,41740.01,100595.87,0.5851,0.60
2020-01-14,4189.89,12.49,0.5532,58658.46,41740.01,100398.47,0.5843,0.60
2020-01-15,4166.73,12.42,0.5240,58334.22,41740.01,100074.23,0.5829,0.60
2020-01-16,4149.04,12.34,0.4972,58086.56,41740.01,99826.57,0.5819,0.60
2020-01-17,4154.85,12.35,0.5000,58167.90,41740.01,99907.91,0.5822,0.60
2020-01-20,4185.83,12.42,0.5243,58601.62,41740.01,100341.63,0.5840,0.60
2020-01-21,4114.31,12.23,0.4537,57600.34,41740.01,99340.35,0.5798,0.60
2020-01-22,4131.93,12.28,0.4733,57847.02,41740.01,99587.03,0.5809,0.60
2020-01-23,4003.90,11.96,0.3615,56054.60,41740.01,97794.61,0.5732,0.80
2020-02-03,3688.36,11.04,0.1106,70078.84,23539.55,93618.39,0.7486,0.90
2020-02-04,3785.64,11.29,0.1534,83284.08,12583.00,95867.08,0.8687,0.90
2020-02-05,3828.53,11.40,0.1875,84227.66,12583.00,96810.66,0.8700,0.90
2020-02-06,3899.78,11.58,0.2476,85795.16,12583.00,98378.16,0.8721,0.80
2020-02-07,3899.87,11.57,0.2460,81897.27,16462.36,98359.63,0.8326,0.80
2020-02-10,3916.01,11.61,0.2627,82236.21,16462.36,98698.57,0.8332,0.80
2020-02-11,3952.46,11.71,0.2968,83001.66,16462.36,99464.02,0.8345,0.80
2020-02-12,3984.43,11.78,0.3135,83673.03,16462.36,100135.39,0.8356,0.80
2020-02-13,3959.92,11.71,0.2952,83158.32,16462.36,99620.68,0.8347,0.80
2020-02-14,3987.73,11.78,0.3127,83742.33,16462.36,100204.69,0.8357,0.80
2020-02-17,4077.42,12.03,0.3849,85625.82,16462.36,102088.18,0.8387,0.80
2020-02-18,4057.51,11.96,0.3619,85207.71,16462.36,101670.07,0.8381,0.80
2020-02-19,4051.31,11.96,0.3611,85077.51,16462.36,101539.87,0.8379,0.80
2020-02-20,4144.66,12.19,0.4429,87037.86,16462.36,103500.22,0.8409,0.60
2020-02-21,4149.49,12.24,0.4611,62242.35,41270.33,103512.68,0.6013,0.60
2020-02-24,4132.84,12.17,0.4373,61992.60,41270.33,103262.93,0.6003,0.60
2020-02-25,4123.85,12.08,0.3968,61857.75,41270.33,103128.08,0.5998,0.80
2020-02-26,4073.02,11.98,0.3675,81460.40,20918.82,102379.22,0.7957,0.80
2020-02-27,4084.88,11.98,0.3667,81697.60,20918.82,102616.42,0.7961,0.80
2020-02-28,3940.05,11.57,0.2381,78801.00,20918.82,99719.82,0.7902,0.80
2020-03-02,4069.67,11.88,0.3381,81393.40,20918.82,102312.22,0.7955,0.80
2020-03-03,4091.36,11.94,0.3532,81827.20,20918.82,102746.02,0.7964,0.80
2020-03-04,4115.05,12.00,0.3730,82301.00,20918.82,103219.82,0.7973,0.80
2020-03-05,4206.73,12.25,0.4659,84134.60,20918.82,105053.42,0.8009,0.60
2020-03-06,4138.51,12.07,0.3960,62077.65,41708.78,103786.43,0.5981,0.80
2020-03-09,3997.13,11.70,0.2849,79942.60,21392.36,101334.96,0.7889,0.80
2020-03-10,4082.73,11.91,0.3452,81654.60,21392.36,103046.96,0.7924,0.80
2020-03-11,4028.43,11.78,0.3095,80568.60,21392.36,101960.96,0.7902,0.80
2020-03-12,3950.91,11.59,0.2468,79018.20,21392.36,100410.56,0.7870,0.80
2020-03-13,3895.31,11.44,0.1929,77906.20,21392.36,99298.56,0.7846,0.90
2020-03-16,3727.84,11.07,0.1167,82012.48,13592.25,95604.73,0.8578,0.90
2020-03-17,3709.68,11.02,0.1024,85322.64,9852.29,95174.93,0.8965,0.90
2020-03-18,3636.26,10.82,0.0778,83633.98,9852.29,93486.27,0.8946,1.00
2020-03-19,3589.09,10.66,0.0563,89727.25,2604.34,92331.59,0.9718,1.00
2020-03-20,3653.22,10.84,0.0841,91330.50,2604.34,93934.84,0.9723,1.00
2020-03-23,3530.31,10.50,0.0373,88257.75,2604.34,90862.09,0.9713,1.00
2020-03-24,3625.11,10.78,0.0722,90627.75,2604.34,93232.09,0.9721,1.00
2020-03-25,3722.52,11.04,0.1111,93063.00,2604.34,95667.34,0.9728,0.90
2020-03-26,3698.05,10.94,0.0937,88753.20,6296.77,95049.97,0.9338,1.00
2020-03-27,3710.06,10.96,0.0952,92751.50,2550.19,95301.69,0.9732,1.00
2020-03-30,3674.11,10.88,0.0889,91852.75,2550.19,94402.94,0.9730,1.00
2020-03-31,3686.16,10.85,0.0865,92154.00,2550.19,94704.19,0.9731,1.00
2020-04-01,3675.08,10.81,0.0778,91877.00,2550.19,94427.19,0.9730,1.00
2020-04-02,3734.53,10.98,0.1016,93363.25,2550.19,95913.44,0.9734,0.90
2020-04-03,3713.22,10.92,0.0937,89117.28,6271.48,95388.76,0.9343,1.00
2020-04-07,3798.02,11.13,0.1365,94950.50,2491.39,97441.89,0.9744,0.90
2020-04-08,3780.34,11.07,0.1278,90728.16,6267.62,96995.78,0.9354,0.90
2020-04-09,3792.81,11.10,0.1333,91027.44,6267.62,97295.06,0.9356,0.90
2020-04-10,3769.18,11.03,0.1135,90460.32,6267.62,96727.94,0.9352,0.90
2020-04-13,3753.26,10.99,0.1071,90078.24,6267.62,96345.86,0.9349,0.90
2020-04-14,3825.70,11.17,0.1437,91816.80,6267.62,98084.42,0.9361,0.90
2020-04-15,3797.36,11.10,0.1349,91136.64,6267.62,97404.26,0.9357,0.90
2020-04-16,3802.38,11.11,0.1373,91257.12,6267.62,97524.74,0.9357,0.90
2020-04-17,3839.49,11.20,0.1508,92147.76,6267.62,98415.38,0.9363,0.90
2020-04-20,3853.46,11.25,0.1579,92483.04,6267.62,98750.66,0.9365,0.90
2020-04-21,3808.05,11.13,0.1413,91393.20,6267.62,97660.82,0.9358,0.90
2020-04-22,3839.38,11.20,0.1516,92145.12,6267.62,98412.74,0.9363,0.90
2020-04-23,3829.75,11.16,0.1444,91914.00,6267.62,98181.62,0.9362,0.90
2020-04-24,3796.97,11.15,0.1429,91127.28,6267.62,97394.90,0.9356,0.90
2020-04-27,3822.77,11.24,0.1611,91746.48,6267.62,98014.10,0.9361,0.90
2020-04-28,3849.15,11.28,0.1690,92379.60,6267.62,98647.22,0.9365,0.90
2020-04-29,3867.03,11.40,0.2056,92808.72,6267.62,99076.34,0.9367,0.80
2020-04-30,3912.58,11.77,0.3325,82164.18,17908.26,100072.44,0.8210,0.80
2020-05-06,3936.25,11.80,0.3444,82661.25,17908.26,100569.51,0.8219,0.80
2020-05-07,3924.89,11.76,0.3317,82422.69,17908.26,100330.95,0.8215,0.80
2020-05-08,3963.62,11.86,0.3627,83236.02,17908.26,101144.28,0.8229,0.80
2020-05-11,3960.18,11.87,0.3698,83163.78,17908.26,101072.04,0.8228,0.80
2020-05-12,3960.24,11.85,0.3611,83165.04,17908.26,101073.30,0.8228,0.80
2020-05-13,3968.25,11.87,0.3706,83333.25,17908.26,101241.51,0.8231,0.80
2020-05-14,3925.22,11.75,0.3302,82429.62,17908.26,100337.88,0.8215,0.80
2020-05-15,3912.82,11.72,0.3230,82169.22,17908.26,100077.48,0.8211,0.80
2020-05-18,3922.91,11.75,0.3310,82381.11,17908.26,100289.37,0.8214,0.80
2020-05-19,3956.25,11.84,0.3627,83081.25,17908.26,100989.51,0.8227,0.80
2020-05-20,3935.22,11.79,0.3444,82639.62,17908.26,100547.88,0.8219,0.80
2020-05-21,3913.79,11.73,0.3286,82189.59,17908.26,100097.85,0.8211,0.80
2020-05-22,3824.06,11.49,0.2421,80305.26,17908.26,98213.52,0.8177,0.80
2020-05-25,3829.32,11.50,0.2437,80415.72,17908.26,98323.98,0.8179,0.80
2020-05-26,3872.77,11.60,0.2778,81328.17,17908.26,99236.43,0.8195,0.80
2020-05-27,3845.61,11.55,0.2603,80757.81,17908.26,98666.07,0.8185,0.80
2020-05-28,3856.63,11.59,0.2754,80989.23,17908.26,98897.49,0.8189,0.80
2020-05-29,3867.02,11.60,0.2794,81207.42,17908.26,99115.68,0.8193,0.80
2020-06-01,3971.34,11.86,0.3730,83398.14,17908.26,101306.40,0.8232,0.80
2020-06-02,3983.57,11.91,0.3881,83654.97,17908.26,101563.23,0.8237,0.80
2020-06-03,3983.65,11.92,0.3913,83656.65,17908.26,101564.91,0.8237,0.80
2020-06-04,3982.19,11.89,0.3841,83625.99,17908.26,101534.25,0.8236,0.80
2020-06-05,4001.25,11.95,0.4024,84026.25,17908.26,101934.51,0.8243,0.60
2020-06-08,4021.95,12.00,0.4206,64351.20,38025.31,102376.51,0.6286,0.60
2020-06-09,4047.03,12.08,0.4476,64752.48,38025.31,102777.79,0.6300,0.60
2020-06-10,4039.71,12.04,0.4349,64635.36,38025.31,102660.67,0.6296,0.60
2020-06-11,3995.88,11.92,0.3921,63934.08,38025.31,101959.39,0.6271,0.80
2020-06-12,4003.08,11.93,0.3976,80061.60,22298.04,102359.64,0.7822,0.80
2020-06-15,3954.99,11.92,0.3921,79099.80,22298.04,101397.84,0.7801,0.80
2020-06-16,4014.57,12.07,0.4468,80291.40,22298.04,102589.44,0.7826,0.60
2020-06-17,4017.59,12.07,0.4468,64281.44,38371.68,102653.12,0.6262,0.60
2020-06-18,4044.38,12.13,0.4762,64710.08,38371.68,103081.76,0.6278,0.60
2020-06-19,4098.71,12.27,0.5270,65579.36,38371.68,103951.04,0.6309,0.60
2020-06-22,4102.05,12.27,0.5270,65632.80,38371.68,104004.48,0.6311,0.60
2020-06-23,4121.79,12.30,0.5365,65948.64,38371.68,104320.32,0.6322,0.60
2020-06-24,4138.99,12.37,0.5611,66223.84,38371.68,104595.52,0.6331,0.60
2020-06-29,4109.72,12.29,0.5341,65755.52,38371.68,104127.20,0.6315,0.60
2020-06-30,4163.96,12.38,0.5675,66623.36,38371.68,104995.04,0.6345,0.60
2020-07-01,4247.78,12.61,0.6389,67964.48,38371.68,106336.16,0.6391,0.40
2020-07-02,4335.84,12.90,0.6952,47694.24,59567.67,107261.91,0.4447,0.40
2020-07-03,4419.60,13.19,0.7714,44196.00,63920.64,108116.64,0.4088,0.40
2020-07-06,4670.09,14.00,0.8825,46700.90,63920.64,110621.54,0.4222,0.20
2020-07-07,4698.13,14.05,0.8921,23490.65,87617.51,111108.16,0.2114,0.20
2020-07-08,4774.00,14.25,0.9230,23870.00,87617.51,111487.51,0.2141,0.10
2020-07-09,4840.77,14.41,0.9325,14522.31,97157.19,111679.50,0.1300,0.10
2020-07-10,4753.13,14.05,0.8921,14259.39,97157.19,111416.58,0.1280,0.20
2020-07-13,4852.96,14.28,0.9262,19411.84,92414.58,111826.42,0.1736,0.10
2020-07-14,4806.69,14.15,0.9071,14420.07,97250.51,111670.58,0.1291,0.10
2020-07-15,4744.47,13.94,0.8722,14233.41,97250.51,111483.92,0.1277,0.20
2020-07-16,4516.25,13.34,0.7865,18065.00,92508.74,110573.74,0.1634,0.40
2020-07-17,4544.70,13.39,0.7921,40902.30,69883.76,110786.06,0.3692,0.40
2020-07-20,4680.30,13.76,0.8270,42122.70,69883.76,112006.46,0.3761,0.20
2020-07-21,4691.04,13.78,0.8349,23455.20,88672.82,112128.02,0.2092,0.20
2020-07-22,4714.45,13.82,0.8460,23572.25,88672.82,112245.07,0.2100,0.20
2020-07-23,4712.44,13.78,0.8349,23562.20,88672.82,112235.02,0.2099,0.20
2020-07-24,4505.59,13.23,0.7778,22527.95,88672.82,111200.77,0.2026,0.40
2020-07-27,4528.45,13.29,0.7833,40756.05,70531.88,111287.93,0.3662,0.40
2020-07-28,4568.26,13.38,0.7921,41114.34,70531.88,111646.22,0.3683,0.40
2020-07-29,4679.01,13.67,0.8143,42111.09,70531.88,112642.97,0.3738,0.20
2020-07-30,4656.15,13.58,0.8127,23280.75,89289.98,112570.73,0.2068,0.20
2020-07-31,4695.05,13.67,0.8151,23475.25,89289.98,112765.23,0.2082,0.20
2020-08-03,4771.31,13.87,0.8675,23856.55,89289.98,113146.53,0.2108,0.20
2020-08-04,4775.80,13.92,0.8770,23879.00,89289.98,113168.98,0.2110,0.20
2020-08-05,4777.11,13.90,0.8746,23885.55,89289.98,113175.53,0.2110,0.20
2020-08-06,4762.76,13.89,0.8738,23813.80,89289.98,113103.78,0.2105,0.20
2020-08-07,4707.93,13.75,0.8302,23539.65,89289.98,112829.63,0.2086,0.20
2020-08-10,4724.87,13.84,0.8587,23624.35,89289.98,112914.33,0.2092,0.20
2020-08-11,4681.78,13.73,0.8262,23408.90,89289.98,112698.88,0.2077,0.20
2020-08-12,4647.64,13.64,0.8143,23238.20,89289.98,112528.18,0.2065,0.20
2020-08-13,4635.71,13.60,0.8143,23178.55,89289.98,112468.53,0.2061,0.20
2020-08-14,4704.63,13.81,0.8524,23523.15,89289.98,112813.13,0.2085,0.20
2020-08-17,4815.23,14.15,0.9254,24076.15,89289.98,113366.13,0.2124,0.10
2020-08-18,4812.76,14.14,0.9254,14438.28,98922.64,113360.92,0.1274,0.10
2020-08-19,4740.68,13.94,0.8897,14222.04,98922.64,113144.68,0.1257,0.20
2020-08-20,4679.15,13.76,0.8349,18716.60,94214.27,112930.87,0.1657,0.20
2020-08-21,4718.84,13.84,0.8627,18875.36,94214.27,113089.63,0.1669,0.20
2020-08-24,4755.85,13.92,0.8849,19023.40,94214.27,113237.67,0.1680,0.20
2020-08-25,4761.95,13.92,0.8849,19047.80,94214.27,113262.07,0.1682,0.20
2020-08-26,4706.13,13.79,0.8476,18824.52,94214.27,113038.79,0.1665,0.20
2020-08-27,4731.35,13.84,0.8635,18925.40,94214.27,113139.67,0.1673,0.20
2020-08-28,4844.27,13.96,0.9000,19377.08,94214.27,113591.35,0.1706,0.20
2020-08-31,4816.22,14.45,0.9643,19264.88,94214.27,113479.15,0.1698,0.10
2020-09-01,4842.12,14.52,0.9683,14526.36,99017.42,113543.78,0.1279,0.10
2020-09-02,4843.89,14.51,0.9667,14531.67,99017.42,113549.09,0.1280,0.10
2020-09-03,4817.10,14.43,0.9635,14451.30,99017.42,113468.72,0.1274,0.10
2020-09-04,4770.22,14.30,0.9540,14310.66,99017.42,113328.08,0.1263,0.10
2020-09-07,4669.37,14.03,0.9127,14008.11,99017.42,113025.53,0.1239,0.10
2020-09-08,4694.39,14.14,0.9325,14083.17,99017.42,113100.59,0.1245,0.10
2020-09-09,4584.59,13.86,0.8730,13753.77,99017.42,112771.19,0.1220,0.20
2020-09-10,4581.98,13.86,0.8730,18327.92,94385.09,112713.01,0.1626,0.20
2020-09-11,4627.28,13.97,0.9032,18509.12,94385.09,112894.21,0.1640,0.10
2020-09-14,4651.05,14.02,0.9143,13953.15,99036.91,112990.06,0.1235,0.10
2020-09-15,4688.48,14.11,0.9333,14065.44,99036.91,113102.35,0.1244,0.10
2020-09-16,4657.36,14.04,0.9183,13972.08,99036.91,113008.99,0.1236,0.10
2020-09-17,4632.71,13.97,0.9032,13898.13,99036.91,112935.04,0.1231,0.10
2020-09-18,4737.09,14.29,0.9603,14211.27,99036.91,113248.18,0.1255,0.10
2020-09-21,4691.43,14.15,0.9397,14074.29,99036.91,113111.20,0.1244,0.10
2020-09-22,4635.76,14.00,0.9103,13907.28,99036.91,112944.19,0.1231,0.10
2020-09-23,4652.33,14.03,0.9175,13956.99,99036.91,112993.90,0.1235,0.10
2020-09-24,4563.07,13.80,0.8508,13689.21,99036.91,112726.12,0.1214,0.20
2020-09-25,4570.02,13.82,0.8579,18280.08,94454.20,112734.28,0.1622,0.20
2020-09-28,4581.91,13.87,0.8786,18327.64,94454.20,112781.84,0.1625,0.20
2020-09-29,4591.80,13.89,0.8841,18367.20,94454.20,112821.40,0.1628,0.20
2020-09-30,4587.40,13.87,0.8778,18349.60,94454.20,112803.80,0.1627,0.20
2020-10-09,4681.14,14.10,0.9341,18724.56,94454.20,113178.76,0.1654,0.10
2020-10-12,4823.16,14.50,0.9770,14469.48,99159.15,113628.63,0.1273,0.10
2020-10-13,4839.20,14.52,0.9786,14517.60,99159.15,113676.75,0.1277,0.10
2020-10-14,4807.10,14.44,0.9722,14421.30,99159.15,113580.45,0.1270,0.10
2020-10-15,4798.74,14.44,0.9714,14396.22,99159.15,113555.37,0.1268,0.10
2020-10-16,4791.68,14.46,0.9738,14375.04,99159.15,113534.19,0.1266,0.10
2020-10-19,4755.49,14.40,0.9675,14266.47,99159.15,113425.62,0.1258,0.10
2020-10-20,4793.47,14.41,0.9675,14380.41,99159.15,113539.56,0.1267,0.10
2020-10-21,4792.83,14.44,0.9722,14378.49,99159.15,113537.64,0.1266,0.10
2020-10-22,4777.98,14.40,0.9667,14333.94,99159.15,113493.09,0.1263,0.10
2020-10-23,4718.49,14.23,0.9548,14155.47,99159.15,113314.62,0.1249,0.10
2020-10-26,4691.24,14.13,0.9373,14073.72,99159.15,113232.87,0.1243,0.10
2020-10-27,4699.28,14.13,0.9365,14097.84,99159.15,113256.99,0.1245,0.10
2020-10-28,4737.27,14.16,0.9444,14211.81,99159.15,113370.96,0.1254,0.10
2020-10-29,4772.92,14.03,0.9119,14318.76,99159.15,113477.91,0.1262,0.10
2020-10-30,4695.33,13.92,0.8833,14085.99,99159.15,113245.14,0.1244,0.20
2020-11-02,4720.83,13.96,0.8968,18883.32,94456.17,113339.49,0.1666,0.20
2020-11-03,4777.56,14.13,0.9349,19110.24,94456.17,113566.41,0.1683,0.10
2020-11-04,4813.66,14.20,0.9516,14440.98,99237.38,113678.36,0.1270,0.10
2020-11-05,4885.11,14.38,0.9667,14655.33,99237.38,113892.71,0.1287,0.10
2020-11-06,4885.72,14.38,0.9659,14657.16,99237.38,113894.54,0.1287,0.10
2020-11-09,4981.35,14.63,0.9833,14944.05,99237.38,114181.43,0.1309,0.10
2020-11-10,4953.88,14.58,0.9825,14861.64,99237.38,114099.02,0.1303,0.10
2020-11-11,4904.90,14.48,0.9762,14714.70,99237.38,113952.08,0.1291,0.10
2020-11-12,4908.46,14.46,0.9730,14725.38,99237.38,113962.76,0.1292,0.10
2020-11-13,4856.85,14.30,0.9556,14570.55,99237.38,113807.93,0.1280,0.10
2020-11-16,4904.17,14.44,0.9690,14712.51,99237.38,113949.89,0.1291,0.10
2020-11-17,4894.79,14.42,0.9675,14684.37,99237.38,113921.75,0.1289,0.10
2020-11-18,4891.67,14.44,0.9683,14675.01,99237.38,113912.39,0.1288,0.10
2020-11-19,4927.99,14.53,0.9802,14783.97,99237.38,114021.35,0.1297,0.10
2020-11-20,4943.29,14.56,0.9810,14829.87,99237.38,114067.25,0.1300,0.10
2020-11-23,5005.03,14.75,0.9865,15015.09,99237.38,114252.47,0.1314,0.10
2020-11-24,4974.29,14.66,0.9841,14922.87,99237.38,114160.25,0.1307,0.10
2020-11-25,4910.70,14.51,0.9738,14732.10,99237.38,113969.48,0.1293,0.10
2020-11-26,4919.59,14.55,0.9786,14758.77,99237.38,113996.15,0.1295,0.10
2020-11-27,4980.77,14.78,0.9865,14942.31,99237.38,114179.69,0.1309,0.10
2020-11-30,4960.25,14.71,0.9841,14880.75,99237.38,114118.13,0.1304,0.10
2020-12-01,5067.10,15.00,0.9889,15201.30,99237.38,114438.68,0.1328,0.10
2020-12-02,5067.14,14.98,0.9873,15201.42,99237.38,114438.80,0.1328,0.10
2020-12-03,5057.06,14.95,0.9865,15171.18,99237.38,114408.56,0.1326,0.10
2020-12-04,5065.92,14.95,0.9857,15197.76,99237.38,114435.14,0.1328,0.10
2020-12-07,5022.24,14.80,0.9833,15066.72,99237.38,114304.10,0.1318,0.10
2020-12-08,5009.88,14.74,0.9810,15029.64,99237.38,114267.02,0.1315,0.10
2020-12-09,4942.70,14.58,0.9738,14828.10,99237.38,114065.48,0.1300,0.10
2020-12-10,4940.52,14.56,0.9714,14821.56,99237.38,114058.94,0.1299,0.10
2020-12-11,4889.63,14.45,0.9587,14668.89,99237.38,113906.27,0.1288,0.10
2020-12-14,4934.84,15.01,0.9889,14804.52,99237.38,114041.90,0.1298,0.10
2020-12-15,4945.10,15.01,0.9881,14835.30,99237.38,114072.68,0.1301,0.10
2020-12-16,4953.87,15.03,0.9889,14861.61,99237.38,114098.99,0.1303,0.10
2020-12-17,5017.48,15.20,0.9929,15052.44,99237.38,114289.82,0.1317,0.10
2020-12-18,4999.97,15.15,0.9905,14999.91,99237.38,114237.29,0.1313,0.10
2020-12-21,5046.84,15.27,0.9937,15140.52,99237.38,114377.90,0.1324,0.10
2020-12-22,4964.77,15.01,0.9841,14894.31,99237.38,114131.69,0.1305,0.10
2020-12-23,5007.12,15.14,0.9889,15021.36,99237.38,114258.74,0.1315,0.10
2020-12-24,5000.02,15.12,0.9873,15000.06,99237.38,114237.44,0.1313,0.10
2020-12-25,5042.01,15.23,0.9929,15126.03,99237.38,114363.41,0.1323,0.10
2020-12-28,5064.41,15.29,0.9937,15193.23,99237.38,114430.61,0.1328,0.10
2020-12-29,5042.94,15.22,0.9913,15128.82,99237.38,114366.20,0.1323,0.10
2020-12-30,5113.71,15.39,0.9952,15341.13,99237.38,114578.51,0.1339,0.10
2020-12-31,5211.29,15.66,0.9992,15633.87,99237.38,114871.25,0.1361,0.10
2021-01-04,5267.72,15.79,0.9992,15803.16,99237.38,115040.54,0.1374,0.10
2021-01-05,5368.50,16.03,0.9992,16105.50,99237.38,115342.88,0.1396,0.10
2021-01-06,5417.67,16.19,0.9992,16253.01,99237.38,115490.39,0.1407,0.10
2021-01-07,5513.66,16.45,0.9992,16540.98,99237.38,115778.36,0.1429,0.10
2021-01-08,5495.43,16.42,0.9984,16486.29,99237.38,115723.67,0.1425,0.10
2021-01-11,5441.16,16.26,0.9976,16323.48,99237.38,115560.86,0.1413,0.10
2021-01-12,5596.35,16.68,0.9992,16789.05,99237.38,116026.43,0.1447,0.10
2021-01-13,5577.97,16.66,0.9984,16733.91,99237.38,115971.29,0.1443,0.10
2021-01-14,5470.46,16.41,0.9960,16411.38,99237.38,115648.76,0.1419,0.10
2021-01-15,5458.08,16.34,0.9952,16374.24,99237.38,115611.62,0.1416,0.10
2021-01-18,5518.52,16.46,0.9976,16555.56,99237.38,115792.94,0.1430,0.10
2021-01-19,5437.52,16.28,0.9937,16312.56,99237.38,115549.94,0.1412,0.10
2021-01-20,5476.43,16.35,0.9944,16429.29,99237.38,115666.67,0.1420,0.10
2021-01-21,5564.97,16.58,0.9976,16694.91,99237.38,115932.29,0.1440,0.10
2021-01-22,5569.78,16.52,0.9968,16709.34,99237.38,115946.72,0.1441,0.10
2021-01-25,5625.92,16.65,0.9976,16877.76,99237.38,116115.14,0.1454,0.10
2021-01-26,5512.97,16.37,0.9921,16538.91,99237.38,115776.29,0.1429,0.10
2021-01-27,5528.00,16.41,0.9921,16584.00,99237.38,115821.38,0.1432,0.10
2021-01-28,5377.14,16.00,0.9857,16131.42,99237.38,115368.80,0.1398,0.10
2021-01-29,5351.96,15.95,0.9849,16055.88,99237.38,115293.26,0.1393,0.10
2021-02-01,5417.65,16.10,0.9865,16252.95,99237.38,115490.33,0.1407,0.10
2021-02-02,5501.09,16.29,0.9889,16503.27,99237.38,115740.65,0.1426,0.10
2021-02-03,5485.20,16.22,0.9865,16455.60,99237.38,115692.98,0.1422,0.10
2021-02-04,5473.95,16.09,0.9841,16421.85,99237.38,115659.23,0.1420,0.10
2021-02-05,5483.41,16.15,0.9849,16450.23,99237.38,115687.61,0.1422,0.10
2021-02-08,5564.56,16.33,0.9889,16693.68,99237.38,115931.06,0.1440,0.10
2021-02-09,5686.25,16.64,0.9968,17058.75,99237.38,116296.13,0.1467,0.10
2021-02-10,5807.72,16.99,0.9992,17423.16,99237.38,116660.54,0.1493,0.10
2021-02-18,5768.38,16.92,0.9984,17305.14,99237.38,116542.52,0.1485,0.10
2021-02-19,5778.84,16.95,0.9984,17336.52,99237.38,116573.90,0.1487,0.10
2021-02-22,5597.33,16.59,0.9937,16791.99,99237.38,116029.37,0.1447,0.10
2021-02-23,5579.67,16.54,0.9921,16739.01,99237.38,115976.39,0.1443,0.10
2021-02-24,5437.57,16.13,0.9786,16312.71,99237.38,115550.09,0.1412,0.10
2021-02-25,5469.56,16.26,0.9810,16408.68,99237.38,115646.06,0.1419,0.10
2021-02-26,5336.76,15.87,0.9730,16010.28,99237.38,115247.66,0.1389,0.10
2021-03-01,5418.78,16.00,0.9738,16256.34,99237.38,115493.72,0.1408,0.10
2021-03-02,5349.63,15.78,0.9706,16048.89,99237.38,115286.27,0.1392,0.10
2021-03-03,5452.21,16.12,0.9770,16356.63,99237.38,115594.01,0.1415,0.10
2021-03-04,5280.71,15.69,0.9690,15842.13,99237.38,115079.51,0.1377,0.10
2021-03-05,5262.80,15.69,0.9683,15788.40,99237.38,115025.78,0.1373,0.10
2021-03-08,5080.02,15.22,0.9571,15240.06,99237.38,114477.44,0.1331,0.10
2021-03-09,4971.00,14.93,0.9413,14913.00,99237.38,114150.38,0.1306,0.10
2021-03-10,5003.61,14.97,0.9429,15010.83,99237.38,114248.21,0.1314,0.10
2021-03-11,5128.22,15.31,0.9611,15384.66,99237.38,114622.04,0.1342,0.10
2021-03-12,5146.38,15.35,0.9619,15439.14,99237.38,114676.52,0.1346,0.10
2021-03-15,5035.54,15.11,0.9484,15106.62,99237.38,114344.00,0.1321,0.10
2021-03-16,5079.36,15.23,0.9563,15238.08,99237.38,114475.46,0.1331,0.10
2021-03-17,5100.86,15.25,0.9571,15302.58,99237.38,114539.96,0.1336,0.10
2021-03-18,5141.77,15.34,0.9611,15425.31,99237.38,114662.69,0.1345,0.10
2021-03-19,5007.09,14.95,0.9357,15021.27,99237.38,114258.65,0.1315,0.10
2021-03-22,5057.15,15.09,0.9444,15171.45,99237.38,114408.83,0.1326,0.10
2021-03-23,5009.25,14.96,0.9365,15027.75,99237.38,114265.13,0.1315,0.10
2021-03-24,4928.69,14.76,0.9294,14786.07,99237.38,114023.45,0.1297,0.10
2021-03-25,4926.35,14.71,0.9254,14779.05,99237.38,114016.43,0.1296,0.10
2021-03-26,5037.99,14.98,0.9373,15113.97,99237.38,114351.35,0.1322,0.10
2021-03-29,5046.88,14.78,0.9286,15140.64,99237.38,114378.02,0.1324,0.10
2021-03-30,5094.73,14.87,0.9317,15284.19,99237.38,114521.57,0.1335,0.10
2021-03-31,5048.36,14.61,0.9183,15145.08,99237.38,114382.46,0.1324,0.10
2021-04-01,5110.78,14.74,0.9246,15332.34,99237.38,114569.72,0.1338,0.10
2021-04-02,5161.56,14.85,0.9310,15484.68,99237.38,114722.06,0.1350,0.10
2021-04-06,5140.34,14.81,0.9294,15421.02,99237.38,114658.40,0.1345,0.10
2021-04-07,5103.74,14.73,0.9222,15311.22,99237.38,114548.60,0.1337,0.10
2021-04-08,5112.21,14.75,0.9238,15336.63,99237.38,114574.01,0.1339,0.10
2021-04-09,5035.34,14.56,0.9095,15106.02,99237.38,114343.40,0.1321,0.10
2021-04-12,4947.75,14.35,0.8833,14843.25,99237.38,114080.63,0.1301,0.20
2021-04-13,4939.64,14.32,0.8794,19758.56,94287.32,114045.88,0.1733,0.20
2021-04-14,4980.63,14.42,0.8905,19922.52,94287.32,114209.84,0.1744,0.20
2021-04-15,4948.97,14.29,0.8738,19795.88,94287.32,114083.20,0.1735,0.20
2021-04-16,4966.18,14.34,0.8810,19864.72,94287.32,114152.04,0.1740,0.20
2021-04-19,5087.02,14.60,0.9135,20348.08,94287.32,114635.40,0.1775,0.10
2021-04-20,5083.37,14.57,0.9111,15250.11,99352.85,114602.96,0.1331,0.10
2021-04-21,5098.74,14.58,0.9111,15296.22,99352.85,114649.07,0.1334,0.10
2021-04-22,5089.24,14.50,0.8992,15267.72,99352.85,114620.57,0.1332,0.20
2021-04-23,5135.45,14.56,0.9063,20541.80,94263.76,114805.56,0.1789,0.10
2021-04-26,5077.24,14.36,0.8786,15231.72,99420.09,114651.81,0.1329,0.20
2021-04-27,5090.52,14.31,0.8722,20362.08,94343.20,114705.28,0.1775,0.20
2021-04-28,5119.24,14.35,0.8770,20476.96,94343.20,114820.16,0.1783,0.20
2021-04-29,5164.17,14.14,0.8421,20656.68,94343.20,114999.88,0.1796,0.20
2021-04-30,5123.49,13.52,0.7087,20493.96,94343.20,114837.16,0.1785,0.40
2021-05-06,5061.12,13.41,0.7032,40488.96,73946.98,114435.94,0.3538,0.40
2021-05-07,4996.05,13.29,0.6873,44964.45,68873.27,113837.72,0.3950,0.40
2021-05-10,4992.42,13.31,0.6889,44931.78,68873.27,113805.05,0.3948,0.40
2021-05-11,5023.06,13.38,0.6929,45207.54,68873.27,114080.81,0.3963,0.40
2021-05-12,5044.55,13.45,0.7063,45400.95,68873.27,114274.22,0.3973,0.40
2021-05-13,4992.97,13.32,0.6873,44936.73,68873.27,113810.00,0.3948,0.40
2021-05-14,5110.59,13.60,0.7143,45995.31,68873.27,114868.58,0.4004,0.40
2021-05-17,5184.99,13.77,0.7389,46664.91,68873.27,115538.18,0.4039,0.40
2021-05-18,5187.60,13.78,0.7413,46688.40,68873.27,115561.67,0.4040,0.40
2021-05-19,5172.27,13.73,0.7254,46550.43,68873.27,115423.70,0.4033,0.40
2021-05-20,5186.41,13.76,0.7317,46677.69,68873.27,115550.96,0.4040,0.40
2021-05-21,5134.15,13.63,0.7119,46207.35,68873.27,115080.62,0.4015,0.40
2021-05-24,5155.59,13.68,0.7159,46400.31,68873.27,115273.58,0.4025,0.40
2021-05-25,5318.48,14.07,0.8278,47866.32,68873.27,116739.59,0.4100,0.20
2021-05-26,5320.59,14.09,0.8302,26602.95,90176.68,116779.63,0.2278,0.20
2021-05-27,5338.23,14.12,0.8365,26691.15,90176.68,116867.83,0.2284,0.20
2021-05-28,5321.09,14.10,0.8317,26605.45,90176.68,116782.13,0.2278,0.20
2021-05-31,5331.57,14.09,0.8278,26657.85,90176.68,116834.53,0.2282,0.20
2021-06-01,5341.68,14.12,0.8357,26708.40,90176.68,116885.08,0.2285,0.20
2021-06-02,5289.97,14.01,0.8079,26449.85,90176.68,116626.53,0.2268,0.20
2021-06-03,5255.29,13.93,0.7857,26276.45,90176.68,116453.13,0.2256,0.40
2021-06-04,5282.28,13.99,0.8016,42258.24,74491.06,116749.30,0.3620,0.20
2021-06-07,5277.63,13.99,0.8008,26388.15,90344.94,116733.09,0.2261,0.20
2021-06-08,5232.12,13.90,0.7754,26160.60,90344.94,116505.54,0.2245,0.40
2021-06-09,5236.45,13.92,0.7778,41891.60,74669.30,116560.90,0.3594,0.40
2021-06-10,5271.47,13.99,0.8000,42171.76,74669.30,116841.06,0.3609,0.40
2021-06-11,5224.70,13.89,0.7706,41797.60,74669.30,116466.90,0.3589,0.40
2021-06-15,5166.56,14.23,0.8603,41332.48,74669.30,116001.78,0.3563,0.20
2021-06-16,5080.49,14.04,0.8135,25402.45,90158.28,115560.73,0.2198,0.20
2021-06-17,5101.89,14.05,0.8167,25509.45,90158.28,115667.73,0.2205,0.20
2021-06-18,5102.47,14.04,0.8119,25512.35,90158.28,115670.63,0.2206,0.20
2021-06-21,5090.39,14.01,0.8040,25451.95,90158.28,115610.23,0.2202,0.20
2021-06-22,5122.16,14.10,0.8294,25610.80,90158.28,115769.08,0.2212,0.20
2021-06-23,5147.39,14.15,0.8429,25736.95,90158.28,115895.23,0.2221,0.20
2021-06-24,5155.97,14.18,0.8524,25779.85,90158.28,115938.13,0.2224,0.20
2021-06-25,5239.97,14.39,0.8810,26199.85,90158.28,116358.13,0.2252,0.20
2021-06-28,5251.76,14.40,0.8810,26258.80,90158.28,116417.08,0.2256,0.20
2021-06-29,5190.54,14.24,0.8611,25952.70,90158.28,116110.98,0.2235,0.20
2021-06-30,5224.04,14.32,0.8698,26120.20,90158.28,116278.48,0.2246,0.20
2021-07-01,5229.66,14.33,0.8714,26148.30,90158.28,116306.58,0.2248,0.20
2021-07-02,5081.12,13.98,0.7873,25405.60,90158.28,115563.88,0.2198,0.40
2021-07-05,5085.79,14.01,0.7968,45772.11,69862.14,115634.25,0.3958,0.40
2021-07-06,5083.10,14.00,0.7921,45747.90,69862.14,115610.04,0.3957,0.40
2021-07-07,5140.49,14.11,0.8278,46264.41,69862.14,116126.55,0.3984,0.20
2021-07-08,5088.26,13.95,0.7778,25441.30,90458.35,115899.65,0.2195,0.40
2021-07-09,5069.44,13.89,0.7556,45624.96,70204.74,115829.70,0.3939,0.40
2021-07-12,5132.71,14.01,0.7952,46194.39,70204.74,116399.13,0.3969,0.40
2021-07-13,5142.10,14.03,0.8000,46278.90,70204.74,116483.64,0.3973,0.40
2021-07-14,5083.08,13.87,0.7468,45747.72,70204.74,115952.46,0.3945,0.40
2021-07-15,5151.46,14.01,0.7937,46363.14,70204.74,116567.88,0.3977,0.40
2021-07-16,5094.77,13.87,0.7452,45852.93,70204.74,116057.67,0.3951,0.40
2021-07-19,5113.49,13.89,0.7524,46021.41,70204.74,116226.15,0.3960,0.40
2021-07-20,5108.99,13.87,0.7437,45980.91,70204.74,116185.65,0.3958,0.40
2021-07-21,5144.04,13.95,0.7746,46296.36,70204.74,116501.10,0.3974,0.40
2021-07-22,5151.75,13.99,0.7841,46365.75,70204.74,116570.49,0.3977,0.40
2021-07-23,5089.23,13.87,0.7413,45803.07,70204.74,116007.81,0.3948,0.40
2021-07-26,4925.30,13.45,0.6659,44327.70,70204.74,114532.44,0.3870,0.40
2021-07-27,4751.31,13.03,0.6079,42761.79,70204.74,112966.53,0.3785,0.40
2021-07-28,4760.48,13.06,0.6167,42844.32,70204.74,113049.06,0.3790,0.40
2021-07-29,4850.27,13.23,0.6389,43652.43,70204.74,113857.17,0.3834,0.40
2021-07-30,4811.17,13.12,0.6222,43300.53,70204.74,113505.27,0.3815,0.40
2021-08-02,4933.74,13.42,0.6627,44403.66,70204.74,114608.40,0.3874,0.40
2021-08-03,4934.46,13.39,0.6532,44410.14,70204.74,114614.88,0.3875,0.40
2021-08-04,4978.85,13.49,0.6675,44809.65,70204.74,115014.39,0.3896,0.40
2021-08-05,4948.67,13.41,0.6595,44538.03,70204.74,114742.77,0.3882,0.40
2021-08-06,4921.56,13.35,0.6452,44294.04,70204.74,114498.78,0.3869,0.40
2021-08-09,4985.56,13.51,0.6675,44870.04,70204.74,115074.78,0.3899,0.40
2021-08-10,5043.15,13.64,0.6770,45388.35,70204.74,115593.09,0.3927,0.40
2021-08-11,5015.34,13.60,0.6738,45138.06,70204.74,115342.80,0.3913,0.40
2021-08-12,4973.35,13.52,0.6667,44760.15,70204.74,114964.89,0.3893,0.40
2021-08-13,4945.98,13.45,0.6611,44513.82,70204.74,114718.56,0.3880,0.40
2021-08-16,4941.07,13.41,0.6548,44469.63,70204.74,114674.37,0.3878,0.40
2021-08-17,4837.40,13.15,0.6183,43536.60,70204.74,113741.34,0.3828,0.40
2021-08-18,4894.24,13.31,0.6365,44048.16,70204.74,114252.90,0.3855,0.40
2021-08-19,4862.14,13.22,0.6286,43759.26,70204.74,113964.00,0.3840,0.40
2021-08-20,4769.27,13.00,0.5897,42923.43,70204.74,113128.17,0.3794,0.60
2021-08-23,4835.88,13.14,0.6151,67702.32,46314.90,114017.22,0.5938,0.40
2021-08-24,4888.39,13.25,0.6317,48883.90,65692.29,114576.19,0.4266,0.40
2021-08-25,4898.16,13.26,0.6317,48981.60,65692.29,114673.89,0.4271,0.40
2021-08-26,4801.61,13.03,0.5913,48016.10,65692.29,113708.39,0.4223,0.60
2021-08-27,4827.04,12.96,0.5754,67578.56,46511.45,114090.01,0.5923,0.60
2021-08-30,4813.27,12.60,0.4984,67385.78,46511.45,113897.23,0.5916,0.60
2021-08-31,4805.61,12.41,0.4484,67278.54,46511.45,113789.99,0.5913,0.60
2021-09-01,4869.46,12.59,0.4952,68172.44,46511.45,114683.89,0.5944,0.60
2021-09-02,4869.41,12.60,0.4976,68171.74,46511.45,114683.19,0.5944,0.60
2021-09-03,4843.06,12.55,0.4849,67802.84,46511.45,114314.29,0.5931,0.60
2021-09-06,4933.73,12.75,0.5230,69072.22,46511.45,115583.67,0.5976,0.60
2021-09-07,4992.83,12.90,0.5556,69899.62,46511.45,116411.07,0.6005,0.60
2021-09-08,4972.13,12.87,0.5444,69609.82,46511.45,116121.27,0.5995,0.60
2021-09-09,4970.01,12.90,0.5548,69580.14,46511.45,116091.59,0.5994,0.60
2021-09-10,5013.52,12.98,0.5802,70189.28,46511.45,116700.73,0.6014,0.60
2021-09-13,4991.66,12.98,0.5794,69883.24,46511.45,116394.69,0.6004,0.60
2021-09-14,4917.16,12.79,0.5238,68840.24,46511.45,115351.69,0.5968,0.60
2021-09-15,4867.32,12.68,0.5063,68142.48,46511.45,114653.93,0.5943,0.60
2021-09-16,4807.70,12.54,0.4746,67307.80,46511.45,113819.25,0.5914,0.60
2021-09-17,4855.94,12.62,0.4976,67983.16,46511.45,114494.61,0.5938,0.60
2021-09-22,4821.77,12.56,0.4794,67504.78,46511.45,114016.23,0.5921,0.60
2021-09-23,4853.20,12.62,0.4968,67944.80,46511.45,114456.25,0.5936,0.60
2021-09-24,4849.43,12.58,0.4849,67892.02,46511.45,114403.47,0.5934,0.60
2021-09-27,4877.37,12.64,0.5024,68283.18,46511.45,114794.63,0.5948,0.60
2021-09-28,4883.83,12.69,0.5079,68373.62,46511.45,114885.07,0.5951,0.60
2021-09-29,4833.93,12.55,0.4730,67675.02,46511.45,114186.47,0.5927,0.60
2021-09-30,4866.38,12.61,0.4929,68129.32,46511.45,114640.77,0.5943,0.60
2021-10-08,4929.94,12.77,0.5206,69019.16,46511.45,115530.61,0.5974,0.60
2021-10-11,4936.19,12.80,0.5270,69106.66,46511.45,115618.11,0.5977,0.60
2021-10-12,4883.84,12.67,0.5032,68373.76,46511.45,114885.21,0.5951,0.60
2021-10-13,4940.11,12.76,0.5190,69161.54,46511.45,115672.99,0.5979,0.60
2021-10-14,4913.61,12.70,0.5087,68790.54,46511.45,115301.99,0.5966,0.60
2021-10-15,4932.11,12.76,0.5183,69049.54,46511.45,115560.99,0.5975,0.60
2021-10-18,4874.78,12.64,0.4960,68246.92,46511.45,114758.37,0.5947,0.60
2021-10-19,4922.72,12.77,0.5190,68918.08,46511.45,115429.53,0.5971,0.60
2021-10-20,4910.18,12.73,0.5103,68742.52,46511.45,115253.97,0.5964,0.60
2021-10-21,4928.02,12.78,0.5206,68992.28,46511.45,115503.73,0.5973,0.60
2021-10-22,4959.73,12.82,0.5294,69436.22,46511.45,115947.67,0.5989,0.60
2021-10-25,4979.52,12.86,0.5397,69713.28,46511.45,116224.73,0.5998,0.60
2021-10-26,4963.10,12.80,0.5246,69483.40,46511.45,115994.85,0.5990,0.60
2021-10-27,4898.16,12.62,0.4841,68574.24,46511.45,115085.69,0.5959,0.60
2021-10-28,4864.14,12.50,0.4476,68097.96,46511.45,114609.41,0.5942,0.60
2021-10-29,4908.77,12.67,0.4952,68722.78,46511.45,115234.23,0.5964,0.60
2021-11-01,4890.69,12.43,0.4270,68469.66,46511.45,114981.11,0.5955,0.60
2021-11-02,4839.85,12.30,0.3825,67757.90,46511.45,114269.35,0.5930,0.80
2021-11-03,4821.11,12.24,0.3619,86779.98,27167.24,113947.22,0.7616,0.80
2021-11-04,4868.74,12.35,0.3992,87637.32,27167.24,114804.56,0.7634,0.80
2021-11-05,4842.35,12.27,0.3714,87162.30,27167.24,114329.54,0.7624,0.80
2021-11-08,4848.18,12.28,0.3754,87267.24,27167.24,114434.48,0.7626,0.80
2021-11-09,4846.74,12.28,0.3754,87241.32,27167.24,114408.56,0.7625,0.80
2021-11-10,4821.19,12.21,0.3556,86781.42,27167.24,113948.66,0.7616,0.80
2021-11-11,4898.65,12.39,0.4119,88175.70,27167.24,115342.94,0.7645,0.60
2021-11-12,4888.37,12.35,0.3984,73325.55,41875.29,115200.84,0.6365,0.80
2021-11-15,4882.38,12.33,0.3921,87882.84,27191.33,115074.17,0.7637,0.80
2021-11-16,4883.32,12.34,0.3968,87899.76,27191.33,115091.09,0.7637,0.80
2021-11-17,4885.75,12.35,0.3992,87943.50,27191.33,115134.83,0.7638,0.80
2021-11-18,4837.62,12.25,0.3643,87077.16,27191.33,114268.49,0.7620,0.80
2021-11-19,4890.06,12.38,0.4087,88021.08,27191.33,115212.41,0.7640,0.60
2021-11-22,4912.40,12.43,0.4262,73686.00,41876.77,115562.77,0.6376,0.60
2021-11-23,4913.35,12.44,0.4317,73700.25,41876.77,115577.02,0.6377,0.60
2021-11-24,4916.66,12.46,0.4357,73749.90,41876.77,115626.67,0.6378,0.60
2021-11-25,4896.44,12.40,0.4143,73446.60,41876.77,115323.37,0.6369,0.60
2021-11-26,4860.13,12.31,0.3825,72901.95,41876.77,114778.72,0.6352,0.80
2021-11-29,4851.42,12.28,0.3722,87325.56,27416.01,114741.57,0.7611,0.80
2021-11-30,4832.03,12.25,0.3587,86976.54,27416.01,114392.55,0.7603,0.80
2021-12-01,4843.85,12.30,0.3794,87189.30,27416.01,114605.31,0.7608,0.80
2021-12-02,4856.16,12.34,0.3929,87410.88,27416.01,114826.89,0.7612,0.80
2021-12-03,4901.02,12.44,0.4302,88218.36,27416.01,115634.37,0.7629,0.60
2021-12-06,4892.62,12.43,0.4230,73389.30,42143.57,115532.87,0.6352,0.60
2021-12-07,4922.10,12.49,0.4437,73831.50,42143.57,115975.07,0.6366,0.60
2021-12-08,4995.93,12.65,0.4921,74938.95,42143.57,117082.52,0.6401,0.60
2021-12-09,5078.69,12.84,0.5333,76180.35,42143.57,118323.92,0.6438,0.60
2021-12-10,5055.12,12.78,0.5167,70771.68,47189.58,117961.26,0.6000,0.60
2021-12-13,5083.80,13.72,0.6873,71173.20,47189.58,118362.78,0.6013,0.40
2021-12-14,5049.70,13.62,0.6746,50497.00,67453.97,117950.97,0.4281,0.40
2021-12-15,5005.90,13.52,0.6643,50059.00,67453.97,117512.97,0.4260,0.40
2021-12-16,5034.73,13.60,0.6714,50347.30,67453.97,117801.27,0.4274,0.40
2021-12-17,4954.76,13.42,0.6540,49547.60,67453.97,117001.57,0.4235,0.40
2021-12-20,4880.42,13.25,0.6262,48804.20,67453.97,116258.17,0.4198,0.40
2021-12-21,4913.49,13.35,0.6357,49134.90,67453.97,116588.87,0.4214,0.40
2021-12-22,4914.45,13.34,0.6341,49144.50,67453.97,116598.47,0.4215,0.40
2021-12-23,4948.74,13.43,0.6548,49487.40,67453.97,116941.37,0.4232,0.40
2021-12-24,4921.34,13.36,0.6373,49213.40,67453.97,116667.37,0.4218,0.40
2021-12-27,4919.32,13.35,0.6333,49193.20,67453.97,116647.17,0.4217,0.40
2021-12-28,4955.96,13.43,0.6540,49559.60,67453.97,117013.57,0.4235,0.40
2021-12-29,4883.48,13.25,0.6206,48834.80,67453.97,116288.77,0.4199,0.40
2021-12-30,4921.51,13.33,0.6302,49215.10,67453.97,116669.07,0.4218,0.40
2021-12-31,4940.37,13.37,0.6365,49403.70,67453.97,116857.67,0.4228,0.40
2022-01-04,4917.77,13.33,0.6286,49177.70,67453.97,116631.67,0.4216,0.40
2022-01-05,4868.12,13.23,0.6143,48681.20,67453.97,116135.17,0.4192,0.40
2022-01-06,4818.23,13.12,0.5944,48182.30,67453.97,115636.27,0.4167,0.60
2022-01-07,4822.37,13.16,0.6032,67513.18,48155.73,115668.91,0.5837,0.40
2022-01-10,4844.05,13.21,0.6127,48440.50,67403.68,115844.18,0.4182,0.40
2022-01-11,4797.77,13.09,0.5897,47977.70,67403.68,115381.38,0.4158,0.60
2022-01-12,4845.58,13.19,0.6056,67838.12,48127.16,115965.28,0.5850,0.40
2022-01-13,4765.92,13.02,0.5714,47659.20,67538.31,115197.51,0.4137,0.60
2022-01-14,4726.73,12.88,0.5270,66174.22,48561.72,114735.94,0.5768,0.60
2022-01-17,4767.28,12.94,0.5508,66741.92,48561.72,115303.64,0.5788,0.60
2022-01-18,4813.35,13.08,0.5873,67386.90,48561.72,115948.62,0.5812,0.60
2022-01-19,4780.38,13.00,0.5667,66925.32,48561.72,115487.04,0.5795,0.60
2022-01-20,4823.51,13.11,0.5905,67529.14,48561.72,116090.86,0.5817,0.60
2022-01-21,4779.31,12.99,0.5619,66910.34,48561.72,115472.06,0.5795,0.60
2022-01-24,4786.74,13.00,0.5651,67014.36,48561.72,115576.08,0.5798,0.60
2022-01-25,4678.45,12.72,0.4802,65498.30,48561.72,114060.02,0.5742,0.60
2022-01-26,4712.31,12.82,0.5032,65972.34,48561.72,114534.06,0.5760,0.60
2022-01-27,4619.88,12.60,0.4476,64678.32,48561.72,113240.04,0.5712,0.60
2022-01-28,4563.77,12.44,0.4048,63892.78,48561.72,112454.50,0.5682,0.60
2022-02-07,4634.09,12.69,0.4738,64877.26,48561.72,113438.98,0.5719,0.60
2022-02-08,4608.77,12.69,0.4738,64522.78,48561.72,113084.50,0.5706,0.60
2022-02-09,4652.06,12.79,0.4960,65128.84,48561.72,113690.56,0.5729,0.60
2022-02-10,4639.86,12.77,0.4913,64958.04,48561.72,113519.76,0.5722,0.60
2022-02-11,4601.40,12.72,0.4810,64419.60,48561.72,112981.32,0.5702,0.60
2022-02-14,4551.69,12.56,0.4373,63723.66,48561.72,112285.38,0.5675,0.60
2022-02-15,4600.10,12.65,0.4651,64401.40,48561.72,112963.12,0.5701,0.60
2022-02-16,4617.99,12.70,0.4778,64651.86,48561.72,113213.58,0.5711,0.60
2022-02-17,4629.16,12.71,0.4794,64808.24,48561.72,113369.96,0.5717,0.60
2022-02-18,4651.24,12.78,0.4929,65117.36,48561.72,113679.08,0.5728,0.60
2022-02-21,4634.31,12.73,0.4817,64880.34,48561.72,113442.06,0.5719,0.60
2022-02-22,4574.15,12.59,0.4437,64038.10,48561.72,112599.82,0.5687,0.60
2022-02-23,4623.05,12.68,0.4683,64722.70,48561.72,113284.42,0.5713,0.60
2022-02-24,4529.32,12.45,0.4087,63410.48,48561.72,111972.20,0.5663,0.60
2022-02-25,4573.42,12.53,0.4270,64027.88,48561.72,112589.60,0.5687,0.60
2022-02-28,4581.65,12.57,0.4397,64143.10,48561.72,112704.82,0.5691,0.60
2022-03-01,4619.69,12.66,0.4635,64675.66,48561.72,113237.38,0.5712,0.60
2022-03-02,4578.60,12.58,0.4397,64100.40,48561.72,112662.12,0.5690,0.60
2022-03-03,4551.63,12.54,0.4278,63722.82,48561.72,112284.54,0.5675,0.60
2022-03-04,4496.43,12.40,0.3825,62950.02,48561.72,111511.74,0.5645,0.80
2022-03-07,4352.78,12.06,0.2952,82702.82,26248.01,108950.83,0.7591,0.80
2022-03-08,4265.39,11.83,0.2357,85307.80,21886.15,107193.95,0.7958,0.80
2022-03-09,4226.35,11.71,0.2056,84527.00,21886.15,106413.15,0.7943,0.80
2022-03-10,4292.84,11.84,0.2389,85856.80,21886.15,107742.95,0.7969,0.80
2022-03-11,4306.52,11.83,0.2365,86130.40,21886.15,108016.55,0.7974,0.80
2022-03-14,4174.76,11.50,0.1484,83495.20,21886.15,105381.35,0.7923,0.90
2022-03-15,3983.81,10.98,0.0794,87643.82,13634.75,101278.57,0.8654,1.00
2022-03-16,4156.08,11.38,0.1254,103902.00,1474.85,105376.85,0.9860,0.90
2022-03-17,4237.70,11.56,0.1651,97467.10,9949.76,107416.86,0.9074,0.90
2022-03-18,4265.90,11.72,0.2111,98115.70,9949.76,108065.46,0.9079,0.80
2022-03-21,4258.75,11.69,0.2032,89433.75,18509.61,107943.36,0.8285,0.80
2022-03-22,4255.30,11.71,0.2095,89361.30,18509.61,107870.91,0.8284,0.80
2022-03-23,4276.52,11.76,0.2198,89806.92,18509.61,108316.53,0.8291,0.80
2022-03-24,4251.31,11.70,0.2063,89277.51,18509.61,107787.12,0.8283,0.80
2022-03-25,4174.57,11.54,0.1595,87665.97,18509.61,106175.58,0.8257,0.90
2022-03-28,4148.47,11.52,0.1563,91266.34,14380.57,105646.91,0.8639,0.90
2022-03-29,4134.14,11.50,0.1500,90951.08,14380.57,105331.65,0.8635,0.90
2022-03-30,4254.10,11.73,0.2198,93590.20,14380.57,107970.77,0.8668,0.80
2022-03-31,4222.60,11.72,0.2159,88674.60,18615.08,107289.68,0.8265,0.80
2022-04-01,4276.16,11.83,0.2476,89799.36,18615.08,108414.44,0.8283,0.80
2022-04-06,4263.84,11.82,0.2452,89540.64,18615.08,108155.72,0.8279,0.80
2022-04-07,4209.10,11.68,0.2040,88391.10,18615.08,107006.18,0.8260,0.80
2022-04-08,4230.77,11.76,0.2254,88846.17,18615.08,107461.25,0.8268,0.80
2022-04-11,4100.07,11.45,0.1349,86101.47,18615.08,104716.55,0.8222,0.90
2022-04-12,4179.97,11.63,0.1929,91959.34,14511.90,106471.24,0.8637,0.90
2022-04-13,4139.74,11.55,0.1659,91074.28,14511.90,105586.18,0.8626,0.90
2022-04-14,4191.57,11.68,0.2063,92214.54,14511.90,106726.44,0.8640,0.80
2022-04-15,4188.75,11.66,0.2024,87963.75,18674.06,106637.81,0.8249,0.80
2022-04-18,4166.38,11.56,0.1690,87493.98,18674.06,106168.04,0.8241,0.90
2022-04-19,4134.90,11.51,0.1540,90967.80,14511.93,105479.73,0.8624,0.90
2022-04-20,4070.79,11.36,0.1230,89557.38,14511.93,104069.31,0.8606,0.90
2022-04-21,3995.83,11.18,0.1032,91904.09,10462.99,102367.08,0.8978,0.90
2022-04-22,4013.25,11.24,0.1103,92304.75,10462.99,102767.74,0.8982,0.90
2022-04-25,3814.91,10.76,0.0571,87742.93,10462.99,98205.92,0.8935,1.00
2022-04-26,3784.12,10.67,0.0500,94603.00,2817.63,97420.63,0.9711,1.00
2022-04-27,3895.54,10.87,0.0722,97388.50,2817.63,100206.13,0.9719,1.00
2022-04-28,3921.11,10.92,0.0762,98027.75,2817.63,100845.38,0.9721,1.00
2022-04-29,4016.24,11.21,0.1111,100406.00,2817.63,103223.63,0.9727,0.90
2022-05-05,4010.21,11.11,0.0976,96245.04,6812.78,103057.82,0.9339,1.00
2022-05-06,3908.82,10.85,0.0706,97720.50,2883.73,100604.23,0.9713,1.00
2022-05-09,3877.44,10.79,0.0619,96936.00,2883.73,99819.73,0.9711,1.00
2022-05-10,3919.87,10.87,0.0738,97996.75,2883.73,100880.48,0.9714,1.00
2022-05-11,3976.42,10.99,0.0865,99410.50,2883.73,102294.23,0.9718,1.00
2022-05-12,3958.74,10.96,0.0825,98968.50,2883.73,101852.23,0.9717,1.00
2022-05-13,3988.60,11.05,0.0952,99715.00,2883.73,102598.73,0.9719,1.00
2022-05-16,3956.54,10.97,0.0841,98913.50,2883.73,101797.23,0.9717,1.00
2022-05-17,4005.89,11.09,0.1000,100147.25,2883.73,103030.98,0.9720,1.00
2022-05-18,3991.91,11.05,0.0960,99797.75,2883.73,102681.48,0.9719,1.00
2022-05-19,3999.60,11.07,0.0984,99990.00,2883.73,102873.73,0.9720,1.00
2022-05-20,4077.60,11.26,0.1270,101940.00,2883.73,104823.73,0.9725,0.90
2022-05-23,4053.98,11.20,0.1183,97295.52,6964.50,104260.02,0.9332,0.90
2022-05-24,3959.15,10.99,0.0881,95019.60,6964.50,101984.10,0.9317,1.00
2022-05-25,3983.18,11.06,0.0984,99579.50,3004.53,102584.03,0.9707,1.00
2022-05-26,3993.04,11.09,0.1032,99826.00,3004.53,102830.53,0.9708,0.90
2022-05-27,4001.30,11.12,0.1119,96031.20,7027.04,103058.24,0.9318,0.90
2022-05-30,4029.02,11.18,0.1183,96696.48,7027.04,103723.52,0.9323,0.90
2022-05-31,4091.52,11.32,0.1365,98196.48,7027.04,105223.52,0.9332,0.90
2022-06-01,4083.18,11.30,0.1349,97996.32,7027.04,105023.36,0.9331,0.90
2022-06-02,4089.57,11.31,0.1365,98149.68,7027.04,105176.72,0.9332,0.90
2022-06-06,4166.09,11.47,0.1651,99986.16,7027.04,107013.20,0.9343,0.90
2022-06-07,4179.13,11.50,0.1746,100299.12,7027.04,107326.16,0.9345,0.90
2022-06-08,4219.81,11.61,0.2143,101275.44,7027.04,108302.48,0.9351,0.80
2022-06-09,4175.67,11.53,0.1865,87689.07,19661.57,107350.64,0.8168,0.90
2022-06-10,4238.99,11.70,0.2413,97496.77,11369.85,108866.62,0.8956,0.80
2022-06-13,4189.35,11.70,0.2413,87976.35,19758.36,107734.71,0.8166,0.80
2022-06-14,4222.31,11.82,0.2802,88668.51,19758.36,108426.87,0.8178,0.80
2022-06-15,4278.22,11.95,0.3175,89842.62,19758.36,109600.98,0.8197,0.80
2022-06-16,4250.06,11.84,0.2881,89251.26,19758.36,109009.62,0.8187,0.80
2022-06-17,4309.04,11.97,0.3278,90489.84,19758.36,110248.20,0.8208,0.80
2022-06-20,4330.43,11.97,0.3278,90939.03,19758.36,110697.39,0.8215,0.80
2022-06-21,4325.57,11.98,0.3317,90836.97,19758.36,110595.33,0.8213,0.80
2022-06-22,4270.62,11.83,0.2841,89683.02,19758.36,109441.38,0.8195,0.80
2022-06-23,4343.88,12.02,0.3437,91221.48,19758.36,110979.84,0.8220,0.80
2022-06-24,4394.77,12.12,0.3754,92290.17,19758.36,112048.53,0.8237,0.80
2022-06-27,4444.26,12.23,0.3968,93329.46,19758.36,113087.82,0.8253,0.80
2022-06-28,4490.52,12.32,0.4222,94300.92,19758.36,114059.28,0.8268,0.60
2022-06-29,4421.36,12.18,0.3921,70741.76,42120.89,112862.65,0.6268,0.80
2022-06-30,4485.01,12.31,0.4214,89700.20,24447.72,114147.92,0.7858,0.60
2022-07-01,4466.72,12.26,0.4071,71467.52,42404.91,113872.43,0.6276,0.60
2022-07-04,4496.03,12.33,0.4270,71936.48,42404.91,114341.39,0.6291,0.60
2022-07-05,4489.54,12.31,0.4222,71832.64,42404.91,114237.55,0.6288,0.60
2022-07-06,4423.97,12.15,0.3833,70783.52,42404.91,113188.43,0.6254,0.80
2022-07-07,4443.47,12.18,0.3929,88869.40,24702.90,113572.30,0.7825,0.80
2022-07-08,4428.78,12.13,0.3778,88575.60,24702.90,113278.50,0.7819,0.80
2022-07-11,4354.62,11.95,0.3190,87092.40,24702.90,111795.30,0.7790,0.80
2022-07-12,4313.62,11.84,0.2889,86272.40,24702.90,110975.30,0.7774,0.80
2022-07-13,4321.46,11.84,0.2889,86429.20,24702.90,111132.10,0.7777,0.80
2022-07-14,4322.07,11.81,0.2770,86441.40,24702.90,111144.30,0.7777,0.80
2022-07-15,4248.53,11.61,0.2151,84970.60,24702.90,109673.50,0.7748,0.80
2022-07-18,4292.59,11.74,0.2571,85851.80,24702.90,110554.70,0.7766,0.80
2022-07-19,4269.34,11.70,0.2421,85386.80,24702.90,110089.70,0.7756,0.80
2022-07-20,4283.80,11.75,0.2595,85676.00,24702.90,110378.90,0.7762,0.80
2022-07-21,4236.06,11.62,0.2198,84721.20,24702.90,109424.10,0.7742,0.80
2022-07-22,4238.23,11.63,0.2230,84764.60,24702.90,109467.50,0.7743,0.80
2022-07-25,4212.64,11.58,0.2008,84252.80,24702.90,108955.70,0.7733,0.80
2022-07-26,4245.98,11.65,0.2325,84919.60,24702.90,109622.50,0.7747,0.80
2022-07-27,4225.04,11.58,0.2008,84500.80,24702.90,109203.70,0.7738,0.80
2022-07-28,4225.67,11.58,0.2008,84513.40,24702.90,109216.30,0.7738,0.80
2022-07-29,4170.10,11.44,0.1571,83402.00,24702.90,108104.90,0.7715,0.90
2022-08-01,4188.68,11.48,0.1690,96339.64,12220.33,108559.97,0.8874,0.90
2022-08-02,4107.02,11.28,0.1333,94461.46,12220.33,106681.79,0.8855,0.90
2022-08-03,4066.98,11.18,0.1183,93540.54,12220.33,105760.87,0.8845,0.90
2022-08-04,4101.54,11.28,0.1341,94335.42,12220.33,106555.75,0.8853,0.90
2022-08-05,4156.91,11.41,0.1556,95608.93,12220.33,107829.26,0.8867,0.90
2022-08-08,4148.07,11.39,0.1524,95405.61,12220.33,107625.94,0.8865,0.90
2022-08-09,4156.29,11.41,0.1563,95594.67,12220.33,107815.00,0.8867,0.90
2022-08-10,4109.74,11.30,0.1373,94524.02,12220.33,106744.35,0.8855,0.90
2022-08-11,4193.54,11.52,0.1905,96451.42,12220.33,108671.75,0.8875,0.90
2022-08-12,4191.15,11.50,0.1817,96396.45,12220.33,108616.78,0.8875,0.90
2022-08-15,4185.68,11.47,0.1714,96270.64,12220.33,108490.97,0.8874,0.90
2022-08-16,4177.84,11.43,0.1619,96090.32,12220.33,108310.65,0.8872,0.90
2022-08-17,4216.96,11.53,0.1968,96990.08,12220.33,109210.41,0.8881,0.90
2022-08-18,4180.10,11.43,0.1619,96142.30,12220.33,108362.63,0.8872,0.90
2022-08-19,4151.07,11.38,0.1516,95474.61,12220.33,107694.94,0.8865,0.90
2022-08-22,4181.40,11.45,0.1667,96172.20,12220.33,108392.53,0.8873,0.90
2022-08-23,4161.08,11.39,0.1540,95704.84,12220.33,107925.17,0.8868,0.90
2022-08-24,4082.42,11.18,0.1183,93895.66,12220.33,106115.99,0.8848,0.90
2022-08-25,4116.24,11.29,0.1373,94673.52,12220.33,106893.85,0.8857,0.90
2022-08-26,4107.55,11.21,0.1262,94473.65,12220.33,106693.98,0.8855,0.90
2022-08-29,4089.52,11.11,0.1079,94058.96,12220.33,106279.29,0.8850,0.90
2022-08-30,4075.79,11.10,0.1056,93743.17,12220.33,105963.50,0.8847,0.90
2022-08-31,4078.84,11.02,0.0913,93813.32,12220.33,106033.65,0.8848,1.00
2022-09-01,4043.74,10.95,0.0825,101093.50,4087.54,105181.04,0.9611,1.00
2022-09-02,4023.61,10.89,0.0778,104613.86,32.50,104646.36,0.9997,1.00
2022-09-05,4015.43,10.90,0.0794,104401.18,32.50,104433.68,0.9997,1.00
2022-09-06,4052.28,10.98,0.0889,105359.28,32.50,105391.78,0.9997,1.00
2022-09-07,4054.98,10.99,0.0913,105429.48,32.50,105461.98,0.9997,1.00
2022-09-08,4037.68,10.96,0.0849,104979.68,32.50,105012.18,0.9997,1.00
2022-09-09,4093.79,11.10,0.1111,106438.54,32.50,106471.04,0.9997,0.90
2022-09-13,4111.11,11.13,0.1214,98666.64,8256.11,106922.75,0.9228,0.90
2022-09-14,4065.36,11.02,0.0960,97568.64,8256.11,105824.75,0.9220,1.00
2022-09-15,4027.12,10.95,0.0841,104705.12,98.40,104803.52,0.9991,1.00
2022-09-16,3932.68,10.70,0.0540,102249.68,98.40,102348.08,0.9990,1.00
2022-09-19,3928.00,10.70,0.0540,102128.00,98.40,102226.40,0.9990,1.00
2022-09-20,3932.84,10.70,0.0540,102253.84,98.40,102352.24,0.9990,1.00
2022-09-21,3903.73,10.65,0.0460,101496.98,98.40,101595.38,0.9990,1.00
2022-09-22,3869.34,10.59,0.0365,100602.84,98.40,100701.24,0.9990,1.00
2022-09-23,3856.02,10.60,0.0397,100256.52,98.40,100354.92,0.9990,1.00
2022-09-26,3836.68,10.51,0.0310,99753.68,98.40,99852.08,0.9990,1.00
2022-09-27,3892.30,10.64,0.0476,101199.80,98.40,101298.20,0.9990,1.00
2022-09-28,3828.71,10.51,0.0310,99546.46,98.40,99644.86,0.9990,1.00
2022-09-29,3827.14,10.50,0.0286,99505.64,98.40,99604.04,0.9990,1.00
2022-09-30,3804.89,10.47,0.0278,98927.14,98.40,99025.54,0.9990,1.00
2022-10-10,3720.94,10.29,0.0119,96744.44,98.40,96842.84,0.9990,1.00
2022-10-11,3727.69,10.30,0.0135,96919.94,98.40,97018.34,0.9990,1.00
2022-10-12,3784.31,10.43,0.0230,98392.06,98.40,98490.46,0.9990,1.00
2022-10-13,3752.67,10.34,0.0151,97569.42,98.40,97667.82,0.9990,1.00
2022-10-14,3842.47,10.52,0.0373,99904.22,98.40,100002.62,0.9990,1.00
2022-10-17,3846.41,10.51,0.0357,100006.66,98.40,100105.06,0.9990,1.00
2022-10-18,3838.27,10.48,0.0325,99795.02,98.40,99893.42,0.9990,1.00
2022-10-19,3776.53,10.34,0.0151,98189.78,98.40,98288.18,0.9990,1.00
2022-10-20,3754.93,10.30,0.0135,97628.18,98.40,97726.58,0.9990,1.00
2022-10-21,3742.89,10.25,0.0103,97315.14,98.40,97413.54,0.9990,1.00
2022-10-24,3633.37,9.98,0.0016,94467.62,98.40,94566.02,0.9990,1.00
2022-10-25,3627.45,9.97,0.0016,94313.70,98.40,94412.10,0.9990,1.00
2022-10-26,3656.90,10.04,0.0040,95079.40,98.40,95177.80,0.9990,1.00
2022-10-27,3631.14,10.00,0.0032,94409.64,98.40,94508.04,0.9990,1.00
2022-10-28,3541.33,9.73,0.0000,92074.58,98.40,92172.98,0.9989,1.00
2022-10-31,3508.70,9.61,0.0000,91226.20,98.40,91324.60,0.9989,1.00
2022-11-01,3634.17,9.89,0.0016,94488.42,98.40,94586.82,0.9990,1.00
2022-11-02,3677.81,9.99,0.0056,95623.06,98.40,95721.46,0.9990,1.00
2022-11-03,3647.90,9.92,0.0024,94845.40,98.40,94943.80,0.9990,1.00
2022-11-04,3767.17,10.20,0.0159,97946.42,98.40,98044.82,0.9990,1.00
2022-11-07,3775.30,10.22,0.0175,98157.80,98.40,98256.20,0.9990,1.00
2022-11-08,3749.33,10.17,0.0143,97482.58,98.40,97580.98,0.9990,1.00
2022-11-09,3714.27,10.08,0.0103,96571.02,98.40,96669.42,0.9990,1.00
2022-11-10,3685.69,10.03,0.0079,95827.94,98.40,95926.34,0.9990,1.00
2022-11-11,3788.44,10.28,0.0238,98499.44,98.40,98597.84,0.9990,1.00
2022-11-14,3794.02,10.29,0.0246,98644.52,98.40,98742.92,0.9990,1.00
2022-11-15,3865.97,10.45,0.0421,100515.22,98.40,100613.62,0.9990,1.00
2022-11-16,3834.39,10.38,0.0373,99694.14,98.40,99792.54,0.9990,1.00
2022-11-17,3818.66,10.33,0.0286,99285.16,98.40,99383.56,0.9990,1.00
2022-11-18,3801.57,10.30,0.0270,98840.82,98.40,98939.22,0.9990,1.00
2022-11-21,3769.13,10.22,0.0198,97997.38,98.40,98095.78,0.9990,1.00
2022-11-22,3769.57,10.28,0.0246,98008.82,98.40,98107.22,0.9990,1.00
2022-11-23,3773.53,10.31,0.0310,98111.78,98.40,98210.18,0.9990,1.00
2022-11-24,3756.81,10.26,0.0238,97677.06,98.40,97775.46,0.9990,1.00
2022-11-25,3775.78,10.37,0.0405,98170.28,98.40,98268.68,0.9990,1.00
2022-11-28,3733.24,10.25,0.0222,97064.24,98.40,97162.64,0.9990,1.00
2022-11-29,3848.42,10.54,0.0635,100058.92,98.40,100157.32,0.9990,1.00
2022-11-30,3853.04,10.57,0.0667,100179.04,98.40,100277.44,0.9990,1.00
2022-12-01,3894.77,10.64,0.0802,101264.02,98.40,101362.42,0.9990,1.00
2022-12-02,3870.95,10.57,0.0667,100644.70,98.40,100743.10,0.9990,1.00
2022-12-05,3946.88,10.81,0.1048,102618.88,98.40,102717.28,0.9990,0.90
2022-12-06,3968.20,10.86,0.1143,95236.80,7956.03,103192.83,0.9229,0.90
2022-12-07,3958.44,10.80,0.1040,95002.56,7956.03,102958.59,0.9227,0.90
2022-12-08,3959.18,10.80,0.1040,95020.32,7956.03,102976.35,0.9227,0.90
2022-12-09,3998.24,10.88,0.1198,95957.76,7956.03,103913.79,0.9234,0.90
2022-12-12,3953.44,10.80,0.1040,94882.56,7956.03,102838.59,0.9226,0.90
2022-12-13,3945.68,10.80,0.1040,94696.32,7956.03,102652.35,0.9225,0.90
2022-12-14,3954.89,10.81,0.1079,94917.36,7956.03,102873.39,0.9227,0.90
2022-12-15,3951.99,10.79,0.1024,94847.76,7956.03,102803.79,0.9226,0.90
2022-12-16,3954.23,10.81,0.1087,94901.52,7956.03,102857.55,0.9227,0.90
2022-12-19,3893.22,10.63,0.0794,93437.28,7956.03,101393.31,0.9215,1.00
2022-12-20,3829.02,10.48,0.0556,99554.52,193.18,99747.70,0.9981,1.00
2022-12-21,3830.54,10.49,0.0571,99594.04,193.18,99787.22,0.9981,1.00
2022-12-22,3836.03,10.51,0.0611,99736.78,193.18,99929.96,0.9981,1.00
2022-12-23,3828.22,10.50,0.0579,99533.72,193.18,99726.90,0.9981,1.00
2022-12-26,3843.49,10.52,0.0651,99930.74,193.18,100123.92,0.9981,1.00
2022-12-27,3887.85,10.64,0.0857,101084.10,193.18,101277.28,0.9981,1.00
2022-12-28,3871.26,10.62,0.0817,100652.76,193.18,100845.94,0.9981,1.00
2022-12-29,3856.70,10.56,0.0706,100274.20,193.18,100467.38,0.9981,1.00
2022-12-30,3871.63,10.59,0.0754,100662.38,193.18,100855.56,0.9981,1.00
2023-01-03,3887.90,10.65,0.0913,101085.40,193.18,101278.58,0.9981,1.00
2023-01-04,3892.95,10.69,0.0992,101216.70,193.18,101409.88,0.9981,1.00
2023-01-05,3968.58,10.85,0.1278,103183.08,193.18,103376.26,0.9981,0.90
2023-01-06,3980.89,10.89,0.1365,95541.36,8131.88,103673.24,0.9216,0.90
2023-01-09,4013.12,10.96,0.1452,96314.88,8131.88,104446.76,0.9221,0.90
2023-01-10,4017.47,10.95,0.1437,96419.28,8131.88,104551.16,0.9222,0.90
2023-01-11,4010.03,10.96,0.1460,96240.72,8131.88,104372.60,0.9221,0.90
2023-01-12,4017.87,10.99,0.1548,96428.88,8131.88,104560.76,0.9222,0.90
2023-01-13,4074.38,11.13,0.1857,97785.12,8131.88,105917.00,0.9232,0.90
2023-01-16,4137.96,11.23,0.2024,99311.04,8131.88,107442.92,0.9243,0.80
2023-01-17,4137.24,11.20,0.1976,86882.04,20547.78,107429.82,0.8087,0.90
2023-01-18,4130.31,11.20,0.1976,94997.13,12267.17,107264.30,0.8856,0.90
2023-01-19,4156.01,11.25,0.2079,95588.23,12267.17,107855.40,0.8863,0.80
2023-01-20,4181.53,11.33,0.2214,87812.13,20600.43,108412.56,0.8100,0.80
2023-01-30,4201.35,11.35,0.2270,88228.35,20600.43,108828.78,0.8107,0.80
2023-01-31,4156.86,11.26,0.2111,87294.06,20600.43,107894.49,0.8091,0.80
2023-02-01,4195.93,11.36,0.2302,88114.53,20600.43,108714.96,0.8105,0.80
2023-02-02,4181.15,11.33,0.2222,87804.15,20600.43,108404.58,0.8100,0.80
2023-02-03,4141.63,11.24,0.2063,86974.23,20600.43,107574.66,0.8085,0.80
2023-02-06,4086.88,11.12,0.1841,85824.48,20600.43,106424.91,0.8064,0.90
2023-02-07,4094.23,11.13,0.1865,94167.29,12403.40,106570.69,0.8836,0.90
2023-02-08,4076.14,11.08,0.1722,93751.22,12403.40,106154.62,0.8832,0.90
2023-02-09,4130.86,11.22,0.2056,95009.78,12403.40,107413.18,0.8845,0.80
2023-02-10,4106.31,11.17,0.1929,86232.51,20651.19,106883.70,0.8068,0.90
2023-02-13,4143.57,11.24,0.2103,95302.11,12453.02,107755.13,0.8844,0.80
2023-02-14,4145.29,11.26,0.2167,87051.09,20755.10,107806.19,0.8075,0.80
2023-02-15,4123.69,11.21,0.2048,86597.49,20755.10,107352.59,0.8067,0.80
2023-02-16,4093.49,11.16,0.1921,85963.29,20755.10,106718.39,0.8055,0.90
2023-02-17,4034.51,11.03,0.1619,92793.73,12582.25,105375.98,0.8806,0.90
2023-02-20,4133.49,11.31,0.2286,95070.27,12582.25,107652.52,0.8831,0.80
2023-02-21,4144.35,11.34,0.2341,87031.35,20841.96,107873.31,0.8068,0.80
2023-02-22,4106.95,11.24,0.2127,86245.95,20841.96,107087.91,0.8054,0.80
2023-02-23,4103.65,11.23,0.2103,86176.65,20841.96,107018.61,0.8052,0.80
2023-02-24,4061.05,11.12,0.1857,85282.05,20841.96,106124.01,0.8036,0.90
2023-02-27,4043.84,11.09,0.1746,93008.32,12760.64,105768.96,0.8794,0.90
2023-02-28,4069.46,11.17,0.1960,93597.58,12760.64,106358.22,0.8800,0.90
2023-03-01,4126.94,11.34,0.2381,94919.62,12760.64,107680.26,0.8815,0.80
2023-03-02,4117.74,11.33,0.2357,86472.54,21000.20,107472.74,0.8046,0.80
2023-03-03,4130.55,11.42,0.2611,86741.55,21000.20,107741.75,0.8051,0.80
2023-03-06,4109.01,11.37,0.2492,86289.21,21000.20,107289.41,0.8043,0.80
2023-03-07,4048.85,11.25,0.2198,85025.85,21000.20,106026.05,0.8019,0.80
2023-03-08,4034.11,11.22,0.2111,84716.31,21000.20,105716.51,0.8014,0.80
2023-03-09,4019.85,11.20,0.2048,84416.85,21000.20,105417.05,0.8008,0.80
2023-03-10,3967.14,11.03,0.1619,83309.94,21000.20,104310.14,0.7987,0.90
2023-03-13,4008.69,11.20,0.2056,92199.87,13074.53,105274.40,0.8758,0.80
2023-03-14,3984.70,11.12,0.1873,87663.40,17074.21,104737.61,0.8370,0.90
2023-03-15,3986.90,11.16,0.1960,91698.70,13062.17,104760.87,0.8753,0.90
2023-03-16,3939.15,11.10,0.1786,90600.45,13062.17,103662.62,0.8740,0.90
2023-03-17,3958.82,11.18,0.2024,91052.86,13062.17,104115.03,0.8745,0.80
2023-03-20,3939.08,11.10,0.1786,86659.76,17024.63,103684.39,0.8358,0.90
2023-03-21,3982.38,11.17,0.2000,91594.74,13076.27,104671.01,0.8751,0.90
2023-03-22,3999.44,11.23,0.2206,91987.12,13076.27,105063.39,0.8755,0.80
2023-03-23,4039.09,11.34,0.2484,88859.98,17062.06,105922.04,0.8389,0.80
2023-03-24,4027.05,11.27,0.2349,84568.05,21097.02,105665.07,0.8003,0.80
2023-03-27,4012.48,11.19,0.2087,84262.08,21097.02,105359.10,0.7998,0.80
2023-03-28,3999.51,11.20,0.2111,83989.71,21097.02,105086.73,0.7992,0.80
2023-03-29,4006.14,11.20,0.2111,84128.94,21097.02,105225.96,0.7995,0.80
2023-03-30,4038.53,11.27,0.2373,84809.13,21097.02,105906.15,0.8008,0.80
2023-03-31,4050.93,11.27,0.2373,85069.53,21097.02,106166.55,0.8013,0.80
2023-04-03,4090.57,11.38,0.2667,85901.97,21097.02,106998.99,0.8028,0.80
2023-04-04,4103.11,11.48,0.2960,86165.31,21097.02,107262.33,0.8033,0.80
2023-04-06,4096.64,11.47,0.2921,86029.44,21097.02,107126.46,0.8031,0.80
2023-04-07,4123.28,11.52,0.3143,86588.88,21097.02,107685.90,0.8041,0.80
2023-04-10,4104.81,11.50,0.3048,86201.01,21097.02,107298.03,0.8034,0.80
2023-04-11,4100.15,11.48,0.2968,86103.15,21097.02,107200.17,0.8032,0.80
2023-04-12,4097.29,11.52,0.3159,86043.09,21097.02,107140.11,0.8031,0.80
2023-04-13,4068.98,11.47,0.2921,85448.58,21097.02,106545.60,0.8020,0.80
2023-04-14,4092.00,11.56,0.3317,85932.00,21097.02,107029.02,0.8029,0.80
2023-04-17,4149.38,11.78,0.4119,87136.98,21097.02,108234.00,0.8051,0.60
2023-04-18,4162.03,11.89,0.4492,66592.48,41792.54,108385.02,0.6144,0.60
2023-04-19,4124.56,11.79,0.4159,65992.96,41792.54,107785.50,0.6123,0.60
2023-04-20,4113.02,11.79,0.4159,65808.32,41792.54,107600.86,0.6116,0.60
2023-04-21,4032.57,11.56,0.3317,64521.12,41792.54,106313.66,0.6069,0.80
2023-04-24,3982.64,11.48,0.2976,83635.44,21635.03,105270.47,0.7945,0.80
2023-04-25,3962.67,11.44,0.2825,83216.07,21635.03,104851.10,0.7937,0.80
2023-04-26,3959.23,11.39,0.2698,83143.83,21635.03,104778.86,0.7935,0.80
2023-04-27,3988.42,11.42,0.2786,83756.82,21635.03,105391.85,0.7947,0.80
2023-04-28,4029.09,11.47,0.2944,84610.89,21635.03,106245.92,0.7964,0.80
2023-05-04,4030.25,11.56,0.3357,84635.25,21635.03,106270.28,0.7964,0.80
2023-05-05,4016.88,11.53,0.3262,84354.48,21635.03,105989.51,0.7959,0.80
2023-05-08,4062.66,11.80,0.4278,85315.86,21635.03,106950.89,0.7977,0.60
2023-05-09,4027.88,11.67,0.3817,64446.08,41961.21,106407.29,0.6057,0.80
2023-05-10,3996.87,11.50,0.3103,83934.27,21870.51,105804.78,0.7933,0.80
2023-05-11,3990.66,11.45,0.2865,83803.86,21870.51,105674.37,0.7930,0.80
2023-05-12,3937.76,11.31,0.2468,82692.96,21870.51,104563.47,0.7908,0.80
2023-05-15,3998.89,11.47,0.2960,83976.69,21870.51,105847.20,0.7934,0.80
2023-05-16,3978.21,11.40,0.2738,83542.41,21870.51,105412.92,0.7925,0.80
2023-05-17,3960.17,11.32,0.2500,83163.57,21870.51,105034.08,0.7918,0.80
2023-05-18,3956.07,11.38,0.2683,83077.47,21870.51,104947.98,0.7916,0.80
2023-05-19,3944.54,11.32,0.2500,82835.34,21870.51,104705.85,0.7911,0.80
2023-05-22,3969.33,11.38,0.2690,83355.93,21870.51,105226.44,0.7922,0.80
2023-05-23,3913.19,11.19,0.2087,82176.99,21870.51,104047.50,0.7898,0.80
2023-05-24,3859.09,11.00,0.1595,81040.89,21870.51,102911.40,0.7875,0.90
2023-05-25,3850.50,10.97,0.1500,92412.00,10315.70,102727.70,0.8996,0.90
2023-05-26,3850.95,11.00,0.1603,92422.80,10315.70,102738.50,0.8996,0.90
2023-05-29,3833.94,11.02,0.1619,92014.56,10315.70,102330.26,0.8992,0.90
2023-05-30,3837.75,11.03,0.1651,92106.00,10315.70,102421.70,0.8993,0.90
2023-05-31,3798.54,10.93,0.1413,91164.96,10315.70,101480.66,0.8983,0.90
2023-06-01,3806.87,10.97,0.1508,91364.88,10315.70,101680.58,0.8985,0.90
2023-06-02,3861.83,11.08,0.1794,92683.92,10315.70,102999.62,0.8998,0.90
2023-06-05,3844.25,11.07,0.1770,92262.00,10315.70,102577.70,0.8994,0.90
2023-06-06,3808.16,11.00,0.1619,91395.84,10315.70,101711.54,0.8986,0.90
2023-06-07,3789.34,10.96,0.1468,90944.16,10315.70,101259.86,0.8981,0.90
2023-06-08,3820.19,11.08,0.1817,91684.56,10315.70,102000.26,0.8989,0.90
2023-06-09,3836.70,11.14,0.2063,92080.80,10315.70,102396.50,0.8993,0.80
2023-06-12,3844.43,11.10,0.1881,84577.46,17969.98,102547.44,0.8248,0.90
2023-06-13,3864.91,11.12,0.1992,92757.84,10293.33,103051.17,0.9001,0.90
2023-06-14,3864.02,11.08,0.1817,92736.48,10293.33,103029.81,0.9001,0.90
2023-06-15,3925.50,11.22,0.2341,94212.00,10293.33,104505.33,0.9015,0.80
2023-06-16,3963.35,11.29,0.2571,87193.70,18157.36,105351.06,0.8276,0.80
2023-06-19,3930.91,11.20,0.2246,86480.02,18157.36,104637.38,0.8265,0.80
2023-06-20,3924.24,11.14,0.2087,86333.28,18157.36,104490.64,0.8262,0.80
2023-06-21,3864.03,11.00,0.1627,85008.66,18157.36,103166.02,0.8240,0.90
2023-06-26,3809.70,10.86,0.1302,91432.80,10490.10,101922.90,0.8971,0.90
2023-06-27,3845.43,10.98,0.1563,92290.32,10490.10,102780.42,0.8979,0.90
2023-06-28,3840.80,10.96,0.1476,92179.20,10490.10,102669.30,0.8978,0.90
2023-06-29,3821.84,10.92,0.1405,91724.16,10490.10,102214.26,0.8974,0.90
2023-06-30,3842.45,10.97,0.1540,92218.80,10490.10,102708.90,0.8979,0.90
2023-07-03,3892.88,11.13,0.2095,93429.12,10490.10,103919.22,0.8991,0.80
2023-07-04,3899.01,11.13,0.2095,85778.22,18265.77,104043.99,0.8244,0.80
2023-07-05,3868.81,11.04,0.1762,85113.82,18265.77,103379.59,0.8233,0.90
2023-07-06,3842.75,10.97,0.1540,92226.00,10551.32,102777.32,0.8973,0.90
2023-07-07,3825.70,10.93,0.1429,91816.80,10551.32,102368.12,0.8969,0.90
2023-07-10,3844.33,10.96,0.1492,92263.92,10551.32,102815.24,0.8974,0.90
2023-07-11,3869.49,11.02,0.1722,92867.76,10551.32,103419.08,0.8980,0.90
2023-07-12,3843.44,10.95,0.1468,92242.56,10551.32,102793.88,0.8974,0.90
2023-07-13,3898.42,11.12,0.2095,93562.08,10551.32,104113.40,0.8987,0.80
2023-07-14,3899.10,11.12,0.2095,85780.20,18360.13,104140.33,0.8237,0.80
2023-07-17,3867.17,10.99,0.1651,85077.74,18360.13,103437.87,0.8225,0.90
2023-07-18,3854.94,10.94,0.1460,92518.56,10617.66,103136.22,0.8971,0.90
2023-07-19,3850.87,10.94,0.1460,92420.88,10617.66,103038.54,0.8970,0.90
2023-07-20,3823.69,10.86,0.1302,91768.56,10617.66,102386.22,0.8963,0.90
2023-07-21,3821.91,10.85,0.1278,91725.84,10617.66,102343.50,0.8963,0.90
2023-07-24,3805.22,10.82,0.1230,91325.28,10617.66,101942.94,0.8958,0.90
2023-07-25,3915.12,11.11,0.2095,93962.88,10617.66,104580.54,0.8985,0.80
2023-07-26,3907.01,11.07,0.1929,85954.22,18433.61,104387.83,0.8234,0.90
2023-07-27,3902.35,11.07,0.1929,93656.40,10604.76,104261.16,0.8983,0.90
2023-07-28,3992.74,11.33,0.2889,95825.76,10604.76,106430.52,0.9004,0.80
2023-07-31,4014.63,11.36,0.3016,88321.86,18642.14,106964.00,0.8257,0.80
2023-08-01,3998.00,11.34,0.2929,87956.00,18642.14,106598.14,0.8251,0.80
2023-08-02,3969.90,11.21,0.2532,87337.80,18642.14,105979.94,0.8241,0.80
2023-08-03,4004.98,11.29,0.2794,88109.56,18642.14,106751.70,0.8254,0.80
2023-08-04,4020.58,11.36,0.3040,88452.76,18642.14,107094.90,0.8259,0.80
2023-08-07,3990.15,11.28,0.2770,87783.30,18642.14,106425.44,0.8248,0.80
2023-08-08,3979.73,11.26,0.2714,87554.06,18642.14,106196.20,0.8245,0.80
2023-08-09,3967.57,11.23,0.2595,87286.54,18642.14,105928.68,0.8240,0.80
2023-08-10,3975.72,11.26,0.2722,87465.84,18642.14,106107.98,0.8243,0.80
2023-08-11,3884.25,11.02,0.1778,85453.50,18642.14,104095.64,0.8209,0.90
2023-08-14,3855.91,10.94,0.1484,92541.84,10959.98,103501.82,0.8941,0.90
2023-08-15,3846.54,10.93,0.1452,92316.96,10959.98,103276.94,0.8939,0.90
2023-08-16,3818.33,10.84,0.1278,91639.92,10959.98,102599.90,0.8932,0.90
2023-08-17,3831.10,10.85,0.1294,91946.40,10959.98,102906.38,0.8935,0.90
2023-08-18,3784.00,10.75,0.1079,90816.00,10959.98,101775.98,0.8923,0.90
2023-08-21,3729.56,10.62,0.0833,89509.44,10959.98,100469.42,0.8909,1.00
2023-08-22,3758.23,10.75,0.1087,97713.98,3463.46,101177.44,0.9658,0.90
2023-08-23,3696.63,10.62,0.0833,92415.75,7215.04,99630.79,0.9276,1.00
2023-08-24,3723.43,10.66,0.0944,96809.18,3503.32,100312.50,0.9651,1.00
2023-08-25,3709.15,10.63,0.0873,96437.90,3503.32,99941.22,0.9649,1.00
2023-08-28,3752.62,10.84,0.1325,97568.12,3503.32,101071.44,0.9653,0.90
2023-08-29,3790.11,10.87,0.1421,94752.75,7246.18,101998.93,0.9290,0.90
2023-08-30,3788.51,10.95,0.1603,94712.75,7246.18,101958.93,0.9289,0.90
2023-08-31,3765.27,10.99,0.1794,94131.75,7246.18,101377.93,0.9285,0.90
2023-09-01,3791.49,11.05,0.2016,94787.25,7246.18,102033.43,0.9290,0.80
2023-09-04,3848.95,11.22,0.2690,84676.90,18684.58,103361.48,0.8192,0.80
2023-09-05,3820.32,11.13,0.2357,84047.04,18684.58,102731.62,0.8181,0.80
2023-09-06,3812.03,11.12,0.2294,83864.66,18684.58,102549.24,0.8178,0.80
2023-09-07,3758.47,11.00,0.1857,82686.34,18684.58,101370.92,0.8157,0.90
2023-09-08,3739.99,10.96,0.1643,89759.76,11188.90,100948.66,0.8892,0.90
2023-09-11,3767.54,11.03,0.1952,90420.96,11188.90,101609.86,0.8899,0.90
2023-09-12,3760.60,11.01,0.1905,90254.40,11188.90,101443.30,0.8897,0.90
2023-09-13,3736.65,10.97,0.1714,89679.60,11188.90,100868.50,0.8891,0.90
2023-09-14,3733.51,11.00,0.1873,89604.24,11188.90,100793.14,0.8890,0.90
2023-09-15,3708.78,10.93,0.1532,89010.72,11188.90,100199.62,0.8883,0.90
2023-09-18,3727.71,10.96,0.1651,89465.04,11188.90,100653.94,0.8888,0.90
2023-09-19,3720.50,10.98,0.1794,89292.00,11188.90,100480.90,0.8886,0.90
2023-09-20,3705.69,10.95,0.1611,88936.56,11188.90,100125.46,0.8883,0.90
2023-09-21,3672.44,10.86,0.1389,88138.56,11188.90,99327.46,0.8874,0.90
2023-09-22,3738.93,11.02,0.1968,89734.32,11188.90,100923.22,0.8891,0.90
2023-09-25,3714.60,10.96,0.1667,89150.40,11188.90,100339.30,0.8885,0.90
2023-09-26,3692.89,10.90,0.1508,88629.36,11188.90,99818.26,0.8879,0.90
2023-09-27,3700.50,10.90,0.1508,88812.00,11188.90,100000.90,0.8881,0.90
2023-09-28,3689.52,10.87,0.1429,88548.48,11188.90,99737.38,0.8878,0.90
2023-10-09,3684.73,10.87,0.1429,88433.52,11188.90,99622.42,0.8877,0.90
2023-10-10,3657.13,10.79,0.1167,87771.12,11188.90,98960.02,0.8869,0.90
2023-10-11,3667.55,10.81,0.1238,88021.20,11188.90,99210.10,0.8872,0.90
2023-10-12,3702.38,10.94,0.1635,88857.12,11188.90,100046.02,0.8882,0.90
2023-10-13,3663.41,10.88,0.1492,87921.84,11188.90,99110.74,0.8871,0.90
2023-10-16,3626.60,10.81,0.1238,87038.40,11188.90,98227.30,0.8861,0.90
2023-10-17,3639.40,10.88,0.1500,87345.60,11188.90,98534.50,0.8864,0.90
2023-10-18,3610.58,10.82,0.1302,86653.92,11188.90,97842.82,0.8856,0.90
2023-10-19,3533.54,10.59,0.0754,84804.96,11188.90,95993.86,0.8834,1.00
2023-10-20,3510.59,10.50,0.0579,94785.93,633.33,95419.26,0.9934,1.00
2023-10-23,3474.24,10.40,0.0460,93804.48,633.33,94437.81,0.9933,1.00
2023-10-24,3487.13,10.40,0.0460,94152.51,633.33,94785.84,0.9933,1.00
2023-10-25,3504.46,10.38,0.0437,94620.42,633.33,95253.75,0.9934,1.00
2023-10-26,3514.14,10.46,0.0563,94881.78,633.33,95515.11,0.9934,1.00
2023-10-27,3562.39,10.54,0.0714,96184.53,633.33,96817.86,0.9935,1.00
2023-10-30,3583.77,10.59,0.0802,96761.79,633.33,97395.12,0.9935,1.00
2023-10-31,3572.51,10.64,0.0968,96457.77,633.33,97091.10,0.9935,1.00
2023-11-01,3571.03,10.66,0.1024,96417.81,633.33,97051.14,0.9935,0.90
2023-11-02,3554.19,10.63,0.0937,88854.75,7793.11,96647.86,0.9194,1.00
2023-11-03,3584.14,10.69,0.1111,96771.78,675.69,97447.47,0.9931,0.90
2023-11-06,3632.61,10.75,0.1206,90815.25,7891.97,98707.22,0.9200,0.90
2023-11-07,3619.76,10.72,0.1183,90494.00,7891.97,98385.97,0.9198,0.90
2023-11-08,3611.07,10.69,0.1111,90276.75,7891.97,98168.72,0.9196,0.90
2023-11-09,3612.83,10.72,0.1190,90320.75,7891.97,98212.72,0.9196,0.90
2023-11-10,3586.49,10.67,0.1087,89662.25,7891.97,97554.22,0.9191,0.90
2023-11-13,3579.41,10.65,0.1016,89485.25,7891.97,97377.22,0.9190,0.90
2023-11-14,3582.06,10.66,0.1040,89551.50,7891.97,97443.47,0.9190,0.90
2023-11-15,3607.25,10.73,0.1238,90181.25,7891.97,98073.22,0.9195,0.90
2023-11-16,3572.36,10.65,0.1016,89309.00,7891.97,97200.97,0.9188,0.90
2023-11-17,3568.07,10.62,0.0897,89201.75,7891.97,97093.72,0.9187,1.00
2023-11-20,3576.32,10.64,0.0984,96560.64,752.15,97312.79,0.9923,1.00
2023-11-21,3581.07,10.66,0.1063,96688.89,752.15,97441.04,0.9923,0.90
2023-11-22,3544.42,10.58,0.0786,88610.50,7890.68,96501.18,0.9182,1.00
2023-11-23,3561.52,10.62,0.0905,96161.04,807.44,96968.48,0.9917,1.00
2023-11-24,3538.01,10.57,0.0762,95526.27,807.44,96333.71,0.9916,1.00
2023-11-27,3511.94,10.49,0.0603,94822.38,807.44,95629.82,0.9916,1.00
2023-11-28,3518.52,10.50,0.0619,95000.04,807.44,95807.48,0.9916,1.00
2023-11-29,3488.31,10.42,0.0484,94184.37,807.44,94991.81,0.9915,1.00
2023-11-30,3496.20,10.48,0.0595,94397.40,807.44,95204.84,0.9915,1.00
2023-12-01,3482.88,10.46,0.0571,94037.76,807.44,94845.20,0.9915,1.00
2023-12-04,3460.14,10.40,0.0468,93423.78,807.44,94231.22,0.9914,1.00
2023-12-05,3394.26,10.23,0.0222,91645.02,807.44,92452.46,0.9913,1.00
2023-12-06,3399.60,10.20,0.0183,91789.20,807.44,92596.64,0.9913,1.00
2023-12-07,3391.28,10.19,0.0175,91564.56,807.44,92372.00,0.9913,1.00
2023-12-08,3399.46,10.22,0.0214,91785.42,807.44,92592.86,0.9913,1.00
2023-12-11,3419.45,10.28,0.0294,92325.15,807.44,93132.59,0.9913,1.00
2023-12-12,3426.80,10.32,0.0373,92523.60,807.44,93331.04,0.9913,1.00
2023-12-13,3369.61,10.18,0.0175,90979.47,807.44,91786.91,0.9912,1.00
2023-12-14,3351.96,10.13,0.0135,90502.92,807.44,91310.36,0.9912,1.00
2023-12-15,3341.55,10.09,0.0119,90221.85,807.44,91029.29,0.9911,1.00
2023-12-18,3329.37,10.09,0.0119,89892.99,807.44,90700.43,0.9911,1.00
2023-12-19,3334.04,10.11,0.0151,90019.08,807.44,90826.52,0.9911,1.00
2023-12-20,3297.50,10.02,0.0079,89032.50,807.44,89839.94,0.9910,1.00
2023-12-21,3330.87,10.08,0.0119,89933.49,807.44,90740.93,0.9911,1.00
2023-12-22,3337.23,10.12,0.0175,90105.21,807.44,90912.65,0.9911,1.00
2023-12-25,3347.45,10.16,0.0206,90381.15,807.44,91188.59,0.9911,1.00
2023-12-26,3324.79,10.12,0.0175,89769.33,807.44,90576.77,0.9911,1.00
2023-12-27,3336.36,10.18,0.0246,90081.72,807.44,90889.16,0.9911,1.00
2023-12-28,3414.54,10.33,0.0468,92192.58,807.44,93000.02,0.9913,1.00
2023-12-29,3431.11,10.38,0.0579,92639.97,807.44,93447.41,0.9914,1.00
2024-01-02,3386.35,10.37,0.0556,91431.45,807.44,92238.89,0.9912,1.00
2024-01-03,3378.30,10.31,0.0452,91214.10,807.44,92021.54,0.9912,1.00
2024-01-04,3347.05,10.27,0.0381,90370.35,807.44,91177.79,0.9911,1.00
2024-01-05,3329.11,10.22,0.0302,89885.97,807.44,90693.41,0.9911,1.00
2024-01-08,3286.06,10.12,0.0175,88723.62,807.44,89531.06,0.9910,1.00
2024-01-09,3292.50,10.12,0.0175,88897.50,807.44,89704.94,0.9910,1.00
2024-01-10,3277.13,10.06,0.0111,88482.51,807.44,89289.95,0.9910,1.00
2024-01-11,3295.67,10.05,0.0111,88983.09,807.44,89790.53,0.9910,1.00
2024-01-12,3284.17,10.04,0.0103,88672.59,807.44,89480.03,0.9910,1.00
2024-01-15,3280.92,10.06,0.0127,88584.84,807.44,89392.28,0.9910,1.00
2024-01-16,3300.88,10.12,0.0206,89123.76,807.44,89931.20,0.9910,1.00
2024-01-17,3229.08,9.93,0.0032,87185.16,807.44,87992.60,0.9908,1.00
2024-01-18,3274.73,10.03,0.0095,88417.71,807.44,89225.15,0.9910,1.00
2024-01-19,3269.78,10.01,0.0087,88284.06,807.44,89091.50,0.9909,1.00
2024-01-22,3218.90,9.89,0.0016,86910.30,807.44,87717.74,0.9908,1.00
2024-01-23,3231.93,9.91,0.0032,87262.11,807.44,88069.55,0.9908,1.00
2024-01-24,3277.11,10.09,0.0206,88481.97,807.44,89289.41,0.9910,1.00
2024-01-25,3342.92,10.34,0.0619,90258.84,807.44,91066.28,0.9911,1.00
2024-01-26,3333.82,10.38,0.0722,90013.14,807.44,90820.58,0.9911,1.00
2024-01-29,3303.96,10.35,0.0667,89206.92,807.44,90014.36,0.9910,1.00
2024-01-30,3245.04,10.19,0.0365,87616.08,807.44,88423.52,0.9909,1.00
2024-01-31,3215.35,10.16,0.0317,86814.45,807.44,87621.89,0.9908,1.00
2024-02-01,3217.71,10.11,0.0246,86878.17,807.44,87685.61,0.9908,1.00
2024-02-02,3179.63,10.06,0.0167,85850.01,807.44,86657.45,0.9907,1.00
2024-02-05,3200.42,10.17,0.0357,86411.34,807.44,87218.78,0.9907,1.00
2024-02-06,3311.69,10.42,0.0802,89415.63,807.44,90223.07,0.9911,1.00
2024-02-07,3343.63,10.47,0.0897,90278.01,807.44,91085.45,0.9911,1.00
2024-02-08,3364.93,10.49,0.0944,90853.11,807.44,91660.55,0.9912,1.00
2024-02-19,3403.81,10.69,0.1413,91902.87,807.44,92710.31,0.9913,0.90
2024-02-20,3410.85,10.73,0.1476,85271.25,7597.48,92868.73,0.9182,0.90
2024-02-21,3456.87,10.85,0.1683,86421.75,7597.48,94019.23,0.9192,0.90
2024-02-22,3486.67,10.96,0.2016,87166.75,7597.48,94764.23,0.9198,0.80
2024-02-23,3489.74,10.96,0.2008,76774.28,18070.98,94845.26,0.8095,0.80
2024-02-26,3453.36,10.79,0.1508,75973.92,18070.98,94044.90,0.8078,0.90
2024-02-27,3494.79,10.90,0.1833,83874.96,11190.54,95065.50,0.8823,0.90
2024-02-28,3450.26,10.76,0.1476,82806.24,11190.54,93996.78,0.8809,0.90
2024-02-29,3516.08,10.91,0.1857,84385.92,11190.54,95576.46,0.8829,0.90
2024-03-01,3537.80,10.95,0.1952,84907.20,11190.54,96097.74,0.8836,0.90
2024-03-04,3540.87,11.00,0.2254,84980.88,11190.54,96171.42,0.8836,0.80
2024-03-05,3565.51,11.10,0.2579,78441.22,18240.10,96681.32,0.8113,0.80
2024-03-06,3551.05,11.04,0.2397,78123.10,18240.10,96363.20,0.8107,0.80
2024-03-07,3529.72,11.03,0.2349,77653.84,18240.10,95893.94,0.8098,0.80
2024-03-08,3544.91,11.10,0.2571,77988.02,18240.10,96228.12,0.8104,0.80
2024-03-11,3589.26,11.15,0.2810,78963.72,18240.10,97203.82,0.8124,0.80
2024-03-12,3597.49,11.07,0.2452,79144.78,18240.10,97384.88,0.8127,0.80
2024-03-13,3572.36,10.99,0.2135,78591.92,18240.10,96832.02,0.8116,0.80
2024-03-14,3562.22,10.99,0.2127,78368.84,18240.10,96608.94,0.8112,0.80
2024-03-15,3569.99,11.00,0.2198,78539.78,18240.10,96779.88,0.8115,0.80
2024-03-18,3603.53,11.08,0.2500,79277.66,18240.10,97517.76,0.8130,0.80
2024-03-19,3577.63,11.02,0.2254,78707.86,18240.10,96947.96,0.8119,0.80
2024-03-20,3585.38,11.09,0.2532,78878.36,18240.10,97118.46,0.8122,0.80
2024-03-21,3581.09,11.07,0.2429,78783.98,18240.10,97024.08,0.8120,0.80
2024-03-22,3545.00,11.03,0.2294,77990.00,18240.10,96230.10,0.8105,0.80
2024-03-25,3525.76,11.01,0.2214,77566.72,18240.10,95806.82,0.8096,0.80
2024-03-26,3543.75,11.07,0.2421,77962.50,18240.10,96202.60,0.8104,0.80
2024-03-27,3502.79,10.98,0.2016,77061.38,18240.10,95301.48,0.8086,0.80
2024-03-28,3520.96,11.04,0.2333,77461.12,18240.10,95701.22,0.8094,0.80
2024-03-29,3537.48,11.21,0.3008,77824.56,18240.10,96064.66,0.8101,0.80
2024-04-01,3595.65,11.36,0.3492,79104.30,18240.10,97344.40,0.8126,0.80
2024-04-02,3580.68,11.37,0.3524,78774.96,18240.10,97015.06,0.8120,0.80
2024-04-03,3567.80,11.34,0.3389,78491.60,18240.10,96731.70,0.8114,0.80
2024-04-08,3536.41,11.29,0.3254,77801.02,18240.10,96041.12,0.8101,0.80
2024-04-09,3533.49,11.25,0.3111,77736.78,18240.10,95976.88,0.8100,0.80
2024-04-10,3504.71,11.19,0.2865,77103.62,18240.10,95343.72,0.8087,0.80
2024-04-11,3504.24,11.18,0.2817,77093.28,18240.10,95333.38,0.8087,0.80
2024-04-12,3475.84,11.10,0.2492,76468.48,18240.10,94708.58,0.8074,0.80
2024-04-15,3549.08,11.37,0.3516,78079.76,18240.10,96319.86,0.8106,0.80
2024-04-16,3511.11,11.29,0.3238,77244.42,18240.10,95484.52,0.8090,0.80
2024-04-17,3565.40,11.44,0.3706,78438.80,18240.10,96678.90,0.8113,0.80
2024-04-18,3569.80,11.44,0.3698,78535.60,18240.10,96775.70,0.8115,0.80
2024-04-19,3541.66,11.43,0.3675,77916.52,18240.10,96156.62,0.8103,0.80
2024-04-22,3530.90,11.34,0.3349,77679.80,18240.10,95919.90,0.8098,0.80
2024-04-23,3506.22,11.26,0.3103,77136.84,18240.10,95376.94,0.8088,0.80
2024-04-24,3521.62,11.29,0.3198,77475.64,18240.10,95715.74,0.8094,0.80
2024-04-25,3530.28,11.32,0.3294,77666.16,18240.10,95906.26,0.8098,0.80
2024-04-26,3584.27,11.47,0.3786,78853.94,18240.10,97094.04,0.8121,0.80
2024-04-29,3623.91,11.47,0.3778,79726.02,18240.10,97966.12,0.8138,0.80
2024-04-30,3604.39,11.63,0.4437,79296.58,18240.10,97536.68,0.8130,0.60
2024-05-06,3657.88,11.72,0.4730,62183.96,36509.44,98693.40,0.6301,0.60
2024-05-07,3659.01,11.74,0.4802,62203.17,36509.44,98712.61,0.6301,0.60
2024-05-08,3630.22,11.68,0.4587,61713.74,36509.44,98223.18,0.6283,0.60
2024-05-09,3664.56,11.74,0.4810,62297.52,36509.44,98806.96,0.6305,0.60
2024-05-10,3666.28,11.76,0.4865,62326.76,36509.44,98836.20,0.6306,0.60
2024-05-13,3664.69,11.76,0.4865,62299.73,36509.44,98809.17,0.6305,0.60
2024-05-14,3657.05,11.72,0.4738,62169.85,36509.44,98679.29,0.6300,0.60
2024-05-15,3626.06,11.63,0.4429,61643.02,36509.44,98152.46,0.6280,0.60
2024-05-16,3640.36,11.67,0.4571,61886.12,36509.44,98395.56,0.6290,0.60
2024-05-17,3677.97,11.77,0.4929,62525.49,36509.44,99034.93,0.6313,0.60
2024-05-20,3690.96,11.82,0.5127,62746.32,36509.44,99255.76,0.6322,0.60
2024-05-21,3676.16,11.79,0.5024,62494.72,36509.44,99004.16,0.6312,0.60
2024-05-22,3684.45,11.80,0.5071,62635.65,36509.44,99145.09,0.6318,0.60
2024-05-23,3641.79,11.69,0.4643,61910.43,36509.44,98419.87,0.6290,0.60
2024-05-24,3601.48,11.58,0.4222,61225.16,36509.44,97734.60,0.6264,0.60
2024-05-27,3635.71,11.72,0.4770,61807.07,36509.44,98316.51,0.6287,0.60
2024-05-28,3609.17,11.67,0.4579,61355.89,36509.44,97865.33,0.6269,0.60
2024-05-29,3613.52,11.69,0.4659,61429.84,36509.44,97939.28,0.6272,0.60
2024-05-30,3594.31,11.61,0.4365,61103.27,36509.44,97612.71,0.6260,0.60
2024-05-31,3579.92,11.57,0.4198,60858.64,36509.44,97368.08,0.6250,0.60
2024-06-03,3588.75,11.62,0.4421,61008.75,36509.44,97518.19,0.6256,0.60
2024-06-04,3615.67,11.67,0.4603,61466.39,36509.44,97975.83,0.6274,0.60
2024-06-05,3594.79,11.61,0.4373,61111.43,36509.44,97620.87,0.6260,0.60
2024-06-06,3592.25,11.63,0.4468,61068.25,36509.44,97577.69,0.6258,0.60
2024-06-07,3574.11,11.60,0.4310,60759.87,36509.44,97269.31,0.6247,0.60
2024-06-11,3542.88,11.48,0.3841,60228.96,36509.44,96738.40,0.6226,0.80
2024-06-12,3544.12,11.50,0.3929,74426.52,22352.37,96778.89,0.7690,0.80
2024-06-13,3526.13,11.48,0.3841,74048.73,22352.37,96401.10,0.7681,0.80
2024-06-14,3541.53,11.51,0.4008,74372.13,22352.37,96724.50,0.7689,0.60
2024-06-17,3536.20,11.46,0.3746,60115.40,36437.43,96552.83,0.6226,0.80
2024-06-18,3545.59,11.51,0.4016,74457.39,22302.76,96760.15,0.7695,0.60
2024-06-19,3528.75,11.51,0.4016,59988.75,36475.49,96464.24,0.6219,0.60
2024-06-20,3503.28,11.48,0.3849,59555.76,36475.49,96031.25,0.6202,0.80
2024-06-21,3495.62,11.46,0.3746,73408.02,22489.43,95897.45,0.7655,0.80
2024-06-24,3476.81,11.43,0.3651,73013.01,22489.43,95502.44,0.7645,0.80
2024-06-25,3457.90,11.39,0.3548,72615.90,22489.43,95105.33,0.7635,0.80
2024-06-26,3480.26,11.43,0.3659,76565.72,19037.72,95603.44,0.8009,0.80
2024-06-27,3454.12,11.39,0.3548,75990.64,19037.72,95028.36,0.7997,0.80
2024-06-28,3461.66,11.48,0.3889,76156.52,19037.72,95194.24,0.8000,0.80
2024-07-01,3478.18,11.57,0.4310,76519.96,19037.72,95557.68,0.8008,0.60
2024-07-02,3471.79,11.62,0.4556,59020.43,36399.10,95419.53,0.6185,0.60
2024-07-03,3463.41,11.58,0.4349,58877.97,36399.10,95277.07,0.6180,0.60
2024-07-04,3445.81,11.56,0.4262,58578.77,36399.10,94977.87,0.6168,0.60
2024-07-05,3431.06,11.46,0.3778,58328.02,36399.10,94727.12,0.6157,0.80
2024-07-08,3401.76,11.43,0.3667,74838.72,19294.25,94132.97,0.7950,0.80
2024-07-09,3439.81,11.53,0.4198,75675.82,19294.25,94970.07,0.7968,0.60
2024-07-10,3428.97,11.47,0.3833,58292.49,36422.79,94715.28,0.6154,0.80
2024-07-11,3468.17,11.54,0.4246,76299.74,19166.73,95466.47,0.7992,0.60
2024-07-12,3472.40,11.55,0.4278,59030.80,36465.66,95496.46,0.6181,0.60
2024-07-15,3476.25,11.63,0.4651,59096.25,36465.66,95561.91,0.6184,0.60
2024-07-16,3498.28,11.65,0.4762,59470.76,36465.66,95936.42,0.6199,0.60
2024-07-17,3501.58,11.60,0.4476,59526.86,36465.66,95992.52,0.6201,0.60
2024-07-18,3520.93,11.69,0.4889,59855.81,36465.66,96321.47,0.6214,0.60
2024-07-19,3539.02,11.70,0.4921,60163.34,36465.66,96629.00,0.6226,0.60
2024-07-22,3514.92,11.58,0.4373,59753.64,36465.66,96219.30,0.6210,0.60
2024-07-23,3439.88,11.43,0.3659,58477.96,36465.66,94943.62,0.6159,0.80
2024-07-24,3418.17,11.41,0.3603,75199.74,19303.06,94502.80,0.7957,0.80
2024-07-25,3399.27,11.32,0.3294,74783.94,19303.06,94087.00,0.7948,0.80
2024-07-26,3409.29,11.27,0.3143,75004.38,19303.06,94307.44,0.7953,0.80
2024-07-29,3390.74,11.27,0.3143,74596.28,19303.06,93899.34,0.7944,0.80
2024-07-30,3369.38,11.18,0.2770,74126.36,19303.06,93429.42,0.7934,0.80
2024-07-31,3442.08,11.32,0.3317,75725.76,19303.06,95028.82,0.7969,0.80
2024-08-01,3419.27,11.29,0.3222,75223.94,19303.06,94527.00,0.7958,0.80
2024-08-02,3384.39,11.19,0.2825,74456.58,19303.06,93759.64,0.7941,0.80
2024-08-05,3343.32,11.05,0.2270,73553.04,19303.06,92856.10,0.7921,0.80
2024-08-06,3342.98,11.01,0.2095,73545.56,19303.06,92848.62,0.7921,0.80
2024-08-07,3341.49,11.03,0.2183,73512.78,19303.06,92815.84,0.7920,0.80
2024-08-08,3342.94,11.03,0.2183,73544.68,19303.06,92847.74,0.7921,0.80
2024-08-09,3331.63,11.01,0.2095,73295.86,19303.06,92598.92,0.7915,0.80
2024-08-12,3325.86,11.00,0.2032,73168.92,19303.06,92471.98,0.7913,0.80
2024-08-13,3334.39,11.04,0.2270,73356.58,19303.06,92659.64,0.7917,0.80
2024-08-14,3309.24,11.00,0.2032,72803.28,19303.06,92106.34,0.7904,0.80
2024-08-15,3341.95,11.11,0.2587,73522.90,19303.06,92825.96,0.7921,0.80
2024-08-16,3345.63,11.16,0.2786,73603.86,19303.06,92906.92,0.7922,0.80
2024-08-19,3356.97,11.24,0.3119,73853.34,19303.06,93156.40,0.7928,0.80
2024-08-20,3332.70,11.16,0.2786,73319.40,19303.06,92622.46,0.7916,0.80
2024-08-21,3321.64,11.13,0.2690,73076.08,19303.06,92379.14,0.7910,0.80
2024-08-22,3313.14,11.14,0.2762,72889.08,19303.06,92192.14,0.7906,0.80
2024-08-23,3327.19,11.15,0.2786,73198.18,19303.06,92501.24,0.7913,0.80
2024-08-26,3324.22,11.11,0.2587,73132.84,19303.06,92435.90,0.7912,0.80
2024-08-27,3305.33,11.14,0.2770,72717.26,19303.06,92020.32,0.7902,0.80
2024-08-28,3286.50,11.07,0.2365,72303.00,19303.06,91606.06,0.7893,0.80
2024-08-29,3277.68,10.89,0.1556,72108.96,19303.06,91412.02,0.7888,0.90
2024-08-30,3321.43,10.86,0.1452,83035.75,9481.31,92517.06,0.8975,0.90
2024-09-02,3265.01,10.76,0.1222,81625.25,9481.31,91106.56,0.8959,0.90
2024-09-03,3273.43,10.69,0.1111,81835.75,9481.31,91317.06,0.8962,0.90
2024-09-04,3252.16,10.60,0.0913,81304.00,9481.31,90785.31,0.8956,1.00
2024-09-05,3257.76,10.58,0.0873,87959.52,2975.07,90934.59,0.9673,1.00
2024-09-06,3231.35,10.52,0.0810,87246.45,2975.07,90221.52,0.9670,1.00
2024-09-09,3192.95,10.39,0.0603,86209.65,2975.07,89184.72,0.9666,1.00
2024-09-10,3195.76,10.44,0.0659,86285.52,2975.07,89260.59,0.9667,1.00
2024-09-11,3186.13,10.33,0.0508,86025.51,2975.07,89000.58,0.9666,1.00
2024-09-12,3172.47,10.31,0.0484,85656.69,2975.07,88631.76,0.9664,1.00
2024-09-13,3159.25,10.29,0.0444,85299.75,2975.07,88274.82,0.9663,1.00
2024-09-18,3171.01,10.38,0.0595,85617.27,2975.07,88592.34,0.9664,1.00
2024-09-19,3196.04,10.42,0.0667,86293.08,2975.07,89268.15,0.9667,1.00
2024-09-20,3201.05,10.46,0.0714,86428.35,2975.07,89403.42,0.9667,1.00
2024-09-23,3212.76,10.52,0.0873,86744.52,2975.07,89719.59,0.9668,1.00
2024-09-24,3351.91,10.97,0.1992,90501.57,2975.07,93476.64,0.9682,0.90
2024-09-25,3401.53,11.11,0.2730,88439.78,6378.60,94818.38,0.9327,0.80
2024-09-26,3545.32,11.48,0.4190,81542.36,16576.05,98118.41,0.8311,0.60
2024-09-27,3703.68,11.77,0.5397,62962.56,38282.48,101245.04,0.6219,0.60
2024-09-30,4017.85,12.65,0.7183,68303.45,38282.48,106585.93,0.6408,0.40
2024-10-08,4256.10,13.23,0.7683,46817.10,64983.37,111800.47,0.4188,0.40
2024-10-09,3955.98,12.38,0.6786,43515.78,64983.37,108499.15,0.4011,0.40
2024-10-10,3997.79,12.60,0.7087,43975.69,64983.37,108959.06,0.4036,0.40
2024-10-11,3887.17,12.34,0.6706,42758.87,64983.37,107742.24,0.3969,0.40
2024-10-14,3961.34,12.59,0.7063,43574.74,64983.37,108558.11,0.4014,0.40
2024-10-15,3855.99,12.23,0.6468,42415.89,64983.37,107399.26,0.3949,0.40
2024-10-16,3831.59,12.21,0.6452,42147.49,64983.37,107130.86,0.3934,0.40
2024-10-17,3788.22,12.07,0.6238,41670.42,64983.37,106653.79,0.3907,0.40
2024-10-18,3925.23,12.40,0.6794,43177.53,64983.37,108160.90,0.3992,0.40
2024-10-21,3935.20,12.36,0.6746,43287.20,64983.37,108270.57,0.3998,0.40
2024-10-22,3957.78,12.32,0.6643,43535.58,64983.37,108518.95,0.4012,0.40
2024-10-23,3973.21,12.35,0.6706,43705.31,64983.37,108688.68,0.4021,0.40
2024-10-24,3928.83,12.24,0.6452,43217.13,64983.37,108200.50,0.3994,0.40
2024-10-25,3956.42,12.26,0.6492,43520.62,64983.37,108503.99,0.4011,0.40
2024-10-28,3964.16,12.26,0.6484,43605.76,64983.37,108589.13,0.4016,0.40
2024-10-29,3924.65,12.18,0.6365,43171.15,64983.37,108154.52,0.3992,0.40
2024-10-30,3889.45,12.03,0.6111,42783.95,64983.37,107767.32,0.3970,0.40
2024-10-31,3891.04,11.65,0.4913,42801.44,64983.37,107784.81,0.3971,0.60
2024-11-01,3890.02,11.72,0.5159,62240.32,45570.10,107810.42,0.5773,0.60
2024-11-04,3944.76,11.83,0.5571,63116.16,45570.10,108686.26,0.5807,0.60
2024-11-05,4044.57,12.08,0.6198,64713.12,45570.10,110283.22,0.5868,0.40
2024-11-06,4024.28,12.00,0.6024,44267.08,65825.53,110092.61,0.4021,0.40
2024-11-07,4145.70,12.34,0.6667,45602.70,65825.53,111428.23,0.4093,0.40
2024-11-08,4104.05,12.22,0.6397,45144.55,65825.53,110970.08,0.4068,0.40
2024-11-11,4131.13,12.21,0.6373,45442.43,65825.53,111267.96,0.4084,0.40
2024-11-12,4085.74,12.06,0.6111,44943.14,65825.53,110768.67,0.4057,0.40
2024-11-13,4110.89,12.16,0.6310,45219.79,65825.53,111045.32,0.4072,0.40
2024-11-14,4039.62,12.02,0.6024,44435.82,65825.53,110261.35,0.4030,0.40
2024-11-15,3968.83,11.88,0.5651,43657.13,65825.53,109482.66,0.3988,0.60
2024-11-18,3950.38,11.89,0.5667,63206.08,45914.04,109120.12,0.5792,0.60
2024-11-19,3976.89,11.92,0.5730,63630.24,45914.04,109544.28,0.5809,0.60
2024-11-20,3985.77,11.93,0.5778,63772.32,45914.04,109686.36,0.5814,0.60
2024-11-21,3989.30,11.93,0.5778,63828.80,45914.04,109742.84,0.5816,0.60
2024-11-22,3865.70,11.61,0.4738,61851.20,45914.04,107765.24,0.5739,0.60
2024-11-25,3848.09,11.57,0.4548,61569.44,45914.04,107483.48,0.5728,0.60
2024-11-26,3840.18,11.59,0.4659,61442.88,45914.04,107356.92,0.5723,0.60
2024-11-27,3907.04,11.75,0.5270,62512.64,45914.04,108426.68,0.5765,0.60
2024-11-28,3872.55,11.67,0.4976,61960.80,45914.04,107874.84,0.5744,0.60
2024-11-29,3916.58,11.75,0.5278,62665.28,45914.04,108579.32,0.5771,0.60
2024-12-02,3947.63,11.83,0.5548,63162.08,45914.04,109076.12,0.5791,0.60
2024-12-03,3951.89,11.89,0.5722,63230.24,45914.04,109144.28,0.5793,0.60
2024-12-04,3930.56,11.90,0.5770,62888.96,45914.04,108803.00,0.5780,0.60
2024-12-05,3921.59,11.85,0.5643,62745.44,45914.04,108659.48,0.5775,0.60
2024-12-06,3973.14,11.99,0.6032,63570.24,45914.04,109484.28,0.5806,0.40
2024-12-09,3966.57,12.00,0.6040,47598.84,61795.89,109394.73,0.4351,0.40
2024-12-10,3995.64,12.07,0.6167,47947.68,61795.89,109743.57,0.4369,0.40
2024-12-11,3988.83,12.03,0.6103,43877.13,65783.71,109660.84,0.4001,0.40
2024-12-12,4028.50,12.15,0.6294,44313.50,65783.71,110097.21,0.4025,0.40
2024-12-13,3933.18,11.91,0.5754,43264.98,65783.71,109048.69,0.3967,0.60
2024-12-16,3911.84,11.97,0.5944,62589.44,46128.82,108718.26,0.5757,0.60
2024-12-17,3922.03,11.99,0.5992,62752.48,46128.82,108881.30,0.5763,0.60
2024-12-18,3941.89,12.06,0.6127,63070.24,46128.82,109199.06,0.5776,0.40
2024-12-19,3945.46,12.03,0.6087,47345.52,61775.60,109121.12,0.4339,0.40
2024-12-20,3927.74,11.97,0.5937,47132.88,61775.60,108908.48,0.4328,0.60
2024-12-23,3933.57,12.07,0.6167,62937.12,46062.22,108999.34,0.5774,0.40
2024-12-24,3983.69,12.23,0.6397,47804.28,61801.19,109605.47,0.4361,0.40
2024-12-25,3985.63,12.30,0.6563,47827.56,61801.19,109628.75,0.4363,0.40
2024-12-26,3987.48,12.27,0.6492,47849.76,61801.19,109650.95,0.4364,0.40
2024-12-27,3981.03,12.25,0.6429,43791.33,65788.01,109579.34,0.3996,0.40
2024-12-30,3999.05,12.33,0.6643,43989.55,65788.01,109777.56,0.4007,0.40
2024-12-31,3934.91,12.19,0.6317,43284.01,65788.01,109072.02,0.3968,0.40
2025-01-02,3820.40,11.84,0.5563,42024.40,65788.01,107812.41,0.3898,0.60
2025-01-03,3775.16,11.73,0.5222,60402.56,46660.85,107063.41,0.5642,0.60
2025-01-06,3768.97,11.70,0.5087,64072.49,42884.67,106957.16,0.5990,0.60
2025-01-07,3796.11,11.75,0.5286,64533.87,42884.67,107418.54,0.6008,0.60
2025-01-08,3789.22,11.77,0.5365,64416.74,42884.67,107301.41,0.6003,0.60
2025-01-09,3779.88,11.69,0.5048,64257.96,42884.67,107142.63,0.5997,0.60
2025-01-10,3732.48,11.55,0.4468,63452.16,42884.67,106336.83,0.5967,0.60
2025-01-13,3722.51,11.51,0.4341,63282.67,42884.67,106167.34,0.5961,0.60
2025-01-14,3820.54,11.74,0.5270,64949.18,42884.67,107833.85,0.6023,0.60
2025-01-15,3796.03,11.68,0.5032,64532.51,42884.67,107417.18,0.6008,0.60
2025-01-16,3800.38,11.72,0.5198,64606.46,42884.67,107491.13,0.6010,0.60
2025-01-17,3812.34,11.73,0.5254,64809.78,42884.67,107694.45,0.6018,0.60
2025-01-20,3829.68,11.72,0.5183,65104.56,42884.67,107989.23,0.6029,0.60
2025-01-21,3832.61,11.70,0.5087,65154.37,42884.67,108039.04,0.6031,0.60
2025-01-22,3797.02,11.59,0.4675,64549.34,42884.67,107434.01,0.6008,0.60
2025-01-23,3803.74,11.68,0.5008,64663.58,42884.67,107548.25,0.6013,0.60
2025-01-24,3832.86,11.72,0.5175,65158.62,42884.67,108043.29,0.6031,0.60
2025-01-27,3817.08,11.74,0.5286,64890.36,42884.67,107775.03,0.6021,0.60
2025-02-05,3795.08,11.62,0.4825,64516.36,42884.67,107401.03,0.6007,0.60
2025-02-06,3842.83,11.73,0.5246,65328.11,42884.67,108212.78,0.6037,0.60
2025-02-07,3892.70,11.83,0.5556,66175.90,42884.67,109060.57,0.6068,0.60
2025-02-10,3901.06,11.85,0.5659,66318.02,42884.67,109202.69,0.6073,0.60
2025-02-11,3883.14,11.86,0.5675,66013.38,42884.67,108898.05,0.6062,0.60
2025-02-12,3919.86,11.96,0.5873,66637.62,42884.67,109522.29,0.6084,0.60
2025-02-13,3905.14,11.93,0.5810,66387.38,42884.67,109272.05,0.6075,0.60
2025-02-14,3939.01,12.02,0.6024,66963.17,42884.67,109847.84,0.6096,0.40
2025-02-17,3947.40,12.04,0.6079,47368.80,62655.74,110024.54,0.4305,0.40
2025-02-18,3912.78,11.99,0.5944,46953.36,62655.74,109609.10,0.4284,0.60
2025-02-19,3940.16,12.02,0.6008,63042.56,47030.07,110072.63,0.5727,0.40
2025-02-20,3928.90,11.99,0.5929,47146.80,62767.89,109914.69,0.4289,0.60
2025-02-21,3978.44,12.09,0.6183,63655.04,47014.90,110669.94,0.5752,0.40
2025-02-24,3969.72,12.03,0.6032,47636.64,62904.02,110540.66,0.4309,0.40
2025-02-25,3925.65,11.89,0.5651,47107.80,62904.02,110011.82,0.4282,0.60
2025-02-26,3959.94,11.96,0.5810,63359.04,47175.88,110534.92,0.5732,0.60
2025-02-27,3968.12,12.00,0.5937,63489.92,47175.88,110665.80,0.5737,0.60
2025-02-28,3890.05,11.82,0.5421,62240.80,47175.88,109416.68,0.5688,0.60
2025-03-03,3888.47,11.81,0.5413,62215.52,47175.88,109391.40,0.5687,0.60
2025-03-04,3885.22,11.75,0.5206,62163.52,47175.88,109339.40,0.5685,0.60
2025-03-05,3902.57,11.84,0.5524,62441.12,47175.88,109617.00,0.5696,0.60
2025-03-06,3956.24,11.94,0.5794,63299.84,47175.88,110475.72,0.5730,0.60
2025-03-07,3944.01,11.92,0.5730,63104.16,47175.88,110280.04,0.5722,0.60
2025-03-10,3928.80,11.85,0.5579,62860.80,47175.88,110036.68,0.5713,0.60
2025-03-11,3941.42,11.89,0.5667,63062.72,47175.88,110238.60,0.5721,0.60
2025-03-12,3927.23,11.86,0.5611,62835.68,47175.88,110011.56,0.5712,0.60
2025-03-13,3911.58,11.85,0.5579,62585.28,47175.88,109761.16,0.5702,0.60
2025-03-14,4006.56,12.12,0.6230,64104.96,47175.88,111280.84,0.5761,0.40
2025-03-17,3996.79,12.11,0.6230,47961.48,63257.63,111219.11,0.4312,0.40
2025-03-18,4007.72,12.12,0.6238,48092.64,63257.63,111350.27,0.4319,0.40
2025-03-19,4010.17,12.15,0.6278,48122.04,63257.63,111379.67,0.4321,0.40
2025-03-20,3974.99,12.04,0.6111,47699.88,63257.63,110957.51,0.4299,0.40
2025-03-21,3914.70,11.89,0.5683,46976.40,63257.63,110234.03,0.4262,0.60
2025-03-24,3934.85,11.92,0.5770,62957.60,47592.41,110550.01,0.5695,0.60
2025-03-25,3932.30,11.91,0.5746,62916.80,47592.41,110509.21,0.5693,0.60
2025-03-26,3919.36,11.87,0.5651,62709.76,47592.41,110302.17,0.5685,0.60
2025-03-27,3932.41,11.90,0.5746,62918.56,47592.41,110510.97,0.5693,0.60
2025-03-28,3915.17,11.81,0.5421,62642.72,47592.41,110235.13,0.5683,0.60
2025-03-31,3887.31,11.78,0.5333,62196.96,47592.41,109789.37,0.5665,0.60
2025-04-01,3887.68,11.78,0.5333,62202.88,47592.41,109795.29,0.5665,0.60
2025-04-02,3884.39,11.79,0.5381,62150.24,47592.41,109742.65,0.5663,0.60
2025-04-03,3861.50,11.78,0.5333,61784.00,47592.41,109376.41,0.5649,0.60
2025-04-07,3589.44,11.07,0.2500,57431.04,47592.41,105023.45,0.5468,0.80
2025-04-08,3650.76,11.29,0.3524,83967.48,22405.22,106372.70,0.7894,0.80
2025-04-09,3686.79,11.35,0.3762,84796.17,22405.22,107201.39,0.7910,0.80
2025-04-10,3735.12,11.44,0.4040,85907.76,22405.22,108312.98,0.7931,0.60
2025-04-11,3750.52,11.46,0.4103,67509.36,41055.84,108565.20,0.6218,0.60
2025-04-14,3759.14,11.53,0.4413,67664.52,41055.84,108720.36,0.6224,0.60
2025-04-15,3761.23,11.57,0.4540,67702.14,41055.84,108757.98,0.6225,0.60
2025-04-16,3772.82,11.64,0.4825,67910.76,41055.84,108966.60,0.6232,0.60
2025-04-17,3772.22,11.64,0.4817,67899.96,41055.84,108955.80,0.6232,0.60
2025-04-18,3772.52,11.65,0.4825,67905.36,41055.84,108961.20,0.6232,0.60
2025-04-21,3784.88,11.66,0.4857,68127.84,41055.84,109183.68,0.6240,0.60
2025-04-22,3783.95,11.71,0.5056,68111.10,41055.84,109166.94,0.6239,0.60
2025-04-23,3786.88,11.68,0.4913,68163.84,41055.84,109219.68,0.6241,0.60
2025-04-24,3784.36,11.70,0.5000,68118.48,41055.84,109174.32,0.6239,0.60
2025-04-25,3786.99,11.64,0.4810,68165.82,41055.84,109221.66,0.6241,0.60
2025-04-28,3781.62,11.65,0.4833,68069.16,41055.84,109125.00,0.6238,0.60
2025-04-29,3775.08,11.63,0.4762,67951.44,41055.84,109007.28,0.6234,0.60
2025-04-30,3770.57,11.49,0.4262,67870.26,41055.84,108926.10,0.6231,0.60
2025-05-06,3808.54,11.56,0.4500,68553.72,41055.84,109609.56,0.6254,0.60
2025-05-07,3831.63,11.67,0.4913,68969.34,41055.84,110025.18,0.6269,0.60
2025-05-08,3852.90,11.71,0.5119,69352.20,41055.84,110408.04,0.6281,0.60
2025-05-09,3846.16,11.71,0.5119,69230.88,41055.84,110286.72,0.6277,0.60
2025-05-12,3890.61,11.80,0.5524,70030.98,41055.84,111086.82,0.6304,0.60
2025-05-13,3896.26,11.83,0.5603,70132.68,41055.84,111188.52,0.6308,0.60
2025-05-14,3943.21,11.97,0.6063,70977.78,41055.84,112033.62,0.6335,0.40
2025-05-15,3907.20,11.90,0.5881,46886.40,64658.84,111545.24,0.4203,0.60
2025-05-16,3889.09,11.83,0.5603,66114.53,45164.51,111279.04,0.5941,0.60
2025-05-19,3877.15,11.79,0.5476,65911.55,45164.51,111076.06,0.5934,0.60
2025-05-20,3898.17,11.85,0.5738,66268.89,45164.51,111433.40,0.5947,0.60
2025-05-21,3916.38,11.91,0.5921,66578.46,45164.51,111742.97,0.5958,0.60
2025-05-22,3913.87,11.91,0.5921,66535.79,45164.51,111700.30,0.5957,0.60
2025-05-23,3882.27,11.81,0.5540,65998.59,45164.51,111163.10,0.5937,0.60
2025-05-26,3860.11,11.75,0.5294,65621.87,45164.51,110786.38,0.5923,0.60
2025-05-27,3839.40,11.72,0.5127,65269.80,45164.51,110434.31,0.5910,0.60
2025-05-28,3836.24,11.72,0.5119,65216.08,45164.51,110380.59,0.5908,0.60
2025-05-29,3858.70,11.76,0.5349,65597.90,45164.51,110762.41,0.5922,0.60
2025-05-30,3840.23,11.73,0.5198,65283.91,45164.51,110448.42,0.5911,0.60
2025-06-03,3852.01,11.77,0.5389,65484.17,45164.51,110648.68,0.5918,0.60
2025-06-04,3868.74,11.80,0.5500,65768.58,45164.51,110933.09,0.5929,0.60
2025-06-05,3877.56,11.83,0.5595,65918.52,45164.51,111083.03,0.5934,0.60
2025-06-06,3873.98,11.83,0.5587,65857.66,45164.51,111022.17,0.5932,0.60
2025-06-09,3885.25,11.83,0.5579,66049.25,45164.51,111213.76,0.5939,0.60
2025-06-10,3865.47,11.79,0.5421,65712.99,45164.51,110877.50,0.5927,0.60
2025-06-11,3894.63,12.06,0.6278,66208.71,45164.51,111373.22,0.5945,0.40
2025-06-12,3892.20,12.04,0.6246,46706.40,64591.14,111297.54,0.4197,0.40
2025-06-13,3864.18,11.99,0.6111,46370.16,64591.14,110961.30,0.4179,0.40
2025-06-16,3873.80,12.07,0.6302,46485.60,64591.14,111076.74,0.4185,0.40
2025-06-17,3870.38,12.07,0.6294,46444.56,64591.14,111035.70,0.4183,0.40
2025-06-18,3874.97,12.11,0.6365,46499.64,64591.14,111090.78,0.4186,0.40
2025-06-19,3843.09,12.09,0.6349,46117.08,64591.14,110708.22,0.4166,0.40
2025-06-20,3846.64,12.12,0.6373,46159.68,64591.14,110750.82,0.4168,0.40
2025-06-23,3857.90,12.20,0.6476,46294.80,64591.14,110885.94,0.4175,0.40
2025-06-24,3904.03,12.31,0.6690,46848.36,64591.14,111439.50,0.4204,0.40
2025-06-25,3960.07,12.45,0.6944,47520.84,64591.14,112111.98,0.4239,0.40
2025-06-26,3946.02,12.44,0.6913,47352.24,64591.14,111943.38,0.4230,0.40
2025-06-27,3921.76,12.30,0.6635,47061.12,64591.14,111652.26,0.4215,0.40
2025-06-30,3936.08,12.34,0.6738,47232.96,64591.14,111824.10,0.4224,0.40
2025-07-01,3942.76,12.39,0.6841,47313.12,64591.14,111904.26,0.4228,0.40
2025-07-02,3943.68,12.40,0.6849,47324.16,64591.14,111915.30,0.4229,0.40
2025-07-03,3968.07,12.43,0.6881,47616.84,64591.14,112207.98,0.4244,0.40
2025-07-04,3982.20,12.50,0.6968,47786.40,64591.14,112377.54,0.4252,0.40
2025-07-07,3965.17,12.46,0.6944,47582.04,64591.14,112173.18,0.4242,0.40
2025-07-08,3998.45,12.53,0.6976,47981.40,64591.14,112572.54,0.4262,0.40
2025-07-09,3991.40,12.54,0.6984,47896.80,64591.14,112487.94,0.4258,0.40
2025-07-10,4010.02,12.60,0.7079,48120.24,64591.14,112711.38,0.4269,0.40
2025-07-11,4014.81,12.57,0.7024,48177.72,64591.14,112768.86,0.4272,0.40
2025-07-14,4017.67,12.59,0.7048,48212.04,64591.14,112803.18,0.4274,0.40
2025-07-15,4019.06,12.58,0.7024,48228.72,64591.14,112819.86,0.4275,0.40
2025-07-16,4007.20,12.55,0.6968,48086.40,64591.14,112677.54,0.4268,0.40
2025-07-17,4034.49,12.57,0.7000,48413.88,64591.14,113005.02,0.4284,0.40
2025-07-18,4058.55,12.64,0.7151,48702.60,64591.14,113293.74,0.4299,0.40
2025-07-21,4085.61,12.70,0.7254,49027.32,64591.14,113618.46,0.4315,0.40
2025-07-22,4118.96,12.77,0.7333,49427.52,64591.14,114018.66,0.4335,0.40
2025-07-23,4119.77,12.79,0.7381,49437.24,64591.14,114028.38,0.4336,0.40
2025-07-24,4149.04,12.82,0.7413,49788.48,64591.14,114379.62,0.4353,0.40
2025-07-25,4127.16,12.74,0.7286,49525.92,64591.14,114117.06,0.4340,0.40
2025-07-28,4135.82,12.75,0.7286,49629.84,64591.14,114220.98,0.4345,0.40
2025-07-29,4152.02,12.59,0.6984,49824.24,64591.14,114415.38,0.4355,0.40
2025-07-30,4151.24,12.63,0.7095,49814.88,64591.14,114406.02,0.4354,0.40
2025-07-31,4075.59,12.44,0.6754,48907.08,64591.14,113498.22,0.4309,0.40
2025-08-01,4054.93,12.37,0.6627,48659.16,64591.14,113250.30,0.4297,0.40
2025-08-04,4070.70,12.42,0.6714,48848.40,64591.14,113439.54,0.4306,0.40
2025-08-05,4103.45,12.54,0.6857,49241.40,64591.14,113832.54,0.4326,0.40
2025-08-06,4113.49,12.57,0.6921,49361.88,64591.14,113953.02,0.4332,0.40
2025-08-07,4114.67,12.58,0.6944,49376.04,64591.14,113967.18,0.4332,0.40
2025-08-08,4104.97,12.56,0.6889,49259.64,64591.14,113850.78,0.4327,0.40
2025-08-11,4122.51,12.54,0.6825,49470.12,64591.14,114061.26,0.4337,0.40
2025-08-12,4143.83,12.62,0.7063,49725.96,64591.14,114317.10,0.4350,0.40
2025-08-13,4176.58,12.63,0.7087,50118.96,64591.14,114710.10,0.4369,0.40
2025-08-14,4173.31,12.63,0.7079,45906.41,68770.90,114677.31,0.4003,0.40
2025-08-15,4202.35,12.65,0.7119,46225.85,68770.90,114996.75,0.4020,0.40
2025-08-18,4239.41,12.73,0.7254,46633.51,68770.90,115404.41,0.4041,0.40
2025-08-19,4223.37,12.71,0.7222,46457.07,68770.90,115227.97,0.4032,0.40
2025-08-20,4271.40,12.83,0.7429,46985.40,68770.90,115756.30,0.4059,0.40
2025-08-21,4288.07,12.89,0.7460,47168.77,68770.90,115939.67,0.4068,0.40
2025-08-22,4378.00,13.08,0.7579,48158.00,68770.90,116928.90,0.4119,0.40
2025-08-25,4469.22,13.27,0.7738,49161.42,68770.90,117932.32,0.4169,0.40
2025-08-26,4452.59,13.21,0.7651,48978.49,68770.90,117749.39,0.4160,0.40
2025-08-27,4386.13,12.97,0.7476,48247.43,68770.90,117018.33,0.4123,0.40
2025-08-28,4463.78,13.16,0.7619,49101.58,68770.90,117872.48,0.4166,0.40
2025-08-29,4496.76,13.23,0.7667,49464.36,68770.90,118235.26,0.4184,0.40
2025-09-01,4523.71,13.23,0.7659,49760.81,68770.90,118531.71,0.4198,0.40
2025-09-02,4490.45,13.23,0.7651,49394.95,68770.90,118165.85,0.4180,0.40
2025-09-03,4459.83,13.11,0.7548,49058.13,68770.90,117829.03,0.4164,0.40
2025-09-04,4365.21,12.98,0.7437,48017.31,68770.90,116788.21,0.4111,0.40
2025-09-05,4460.32,13.10,0.7540,49063.52,68770.90,117834.42,0.4164,0.40
2025-09-08,4467.57,13.11,0.7540,49143.27,68770.90,117914.17,0.4168,0.40
2025-09-09,4436.26,13.03,0.7484,48798.86,68770.90,117569.76,0.4151,0.40
2025-09-10,4445.36,13.08,0.7516,48898.96,68770.90,117669.86,0.4156,0.40
2025-09-11,4548.03,13.29,0.7754,50028.33,68770.90,118799.23,0.4211,0.40
2025-09-12,4522.00,13.24,0.7714,49742.00,68770.90,118512.90,0.4197,0.40
2025-09-15,4533.06,13.24,0.7714,49863.66,68770.90,118634.56,0.4203,0.40
2025-09-16,4523.34,13.20,0.7635,49756.74,68770.90,118527.64,0.4198,0.40
2025-09-17,4551.02,13.26,0.7762,50061.22,68770.90,118832.12,0.4213,0.40
2025-09-18,4498.11,13.08,0.7516,49479.21,68770.90,118250.11,0.4184,0.40
2025-09-19,4501.92,13.08,0.7516,49521.12,68770.90,118292.02,0.4186,0.40
2025-09-22,4522.61,13.09,0.7556,49748.71,68770.90,118519.61,0.4198,0.40
2025-09-23,4519.78,13.14,0.7619,49717.58,68770.90,118488.48,0.4196,0.40
2025-09-24,4566.07,13.21,0.7675,50226.77,68770.90,118997.67,0.4221,0.40
2025-09-25,4593.49,13.24,0.7762,50528.39,68770.90,119299.29,0.4235,0.40
2025-09-26,4550.05,13.16,0.7643,50050.55,68770.90,118821.45,0.4212,0.40
2025-09-29,4620.05,13.30,0.7865,50820.55,68770.90,119591.45,0.4250,0.40
2025-09-30,4640.69,13.32,0.7881,51047.59,68770.90,119818.49,0.4260,0.40
2025-10-09,4709.48,13.50,0.8063,51804.28,68770.90,120575.18,0.4296,0.20
2025-10-10,4616.83,13.36,0.7937,27700.98,92167.23,119868.21,0.2311,0.40
2025-10-13,4593.98,13.30,0.7849,45939.80,74202.86,120142.66,0.3824,0.40
2025-10-14,4539.06,13.26,0.7810,45390.60,74202.86,119593.46,0.3795,0.40
2025-10-15,4606.29,13.40,0.7992,46062.90,74202.86,120265.76,0.3830,0.40
2025-10-16,4618.42,13.50,0.8087,46184.20,74202.86,120387.06,0.3836,0.20
2025-10-17,4514.23,13.27,0.7833,27085.38,92644.73,119730.11,0.2262,0.40
2025-10-20,4538.22,13.33,0.7913,45382.20,74410.86,119793.06,0.3788,0.40
2025-10-21,4607.87,13.47,0.8095,46078.70,74410.86,120489.56,0.3824,0.20
2025-10-22,4592.57,13.47,0.8095,27555.42,92714.07,120269.49,0.2291,0.20
2025-10-23,4606.34,13.53,0.8167,27638.04,92714.07,120352.11,0.2296,0.20
2025-10-24,4660.68,13.62,0.8206,27964.08,92714.07,120678.15,0.2317,0.20
2025-10-27,4716.02,13.75,0.8262,28296.12,92714.07,121010.19,0.2338,0.20
2025-10-28,4691.97,13.70,0.8238,28151.82,92714.07,120865.89,0.2329,0.20
2025-10-29,4747.84,13.70,0.8238,28487.04,92714.07,121201.11,0.2350,0.20
2025-10-30,4709.91,13.57,0.8175,28259.46,92714.07,120973.53,0.2336,0.20
2025-10-31,4640.67,13.19,0.7667,27844.02,92714.07,120558.09,0.2310,0.40
2025-11-03,4653.40,13.28,0.7857,46534.00,74166.22,120700.22,0.3855,0.40
2025-11-04,4618.70,13.25,0.7794,46187.00,74166.22,120353.22,0.3838,0.40
2025-11-05,4627.26,13.26,0.7825,46272.60,74166.22,120438.82,0.3842,0.40
2025-11-06,4693.40,13.39,0.8032,46934.00,74166.22,121100.22,0.3876,0.20
2025-11-07,4678.79,13.35,0.7976,28072.74,92860.32,120933.06,0.2321,0.40
2025-11-10,4695.05,13.41,0.8063,46950.50,74106.91,121057.41,0.3878,0.20
2025-11-11,4652.17,13.33,0.7944,27913.02,92931.33,120844.35,0.2310,0.40
2025-11-12,4645.91,13.38,0.8040,46459.10,74356.16,120815.26,0.3845,0.20
2025-11-13,4702.07,13.46,0.8167,28212.42,92930.39,121142.81,0.2329,0.20
2025-11-14,4628.14,13.31,0.7913,27768.84,92930.39,120699.23,0.2301,0.40
2025-11-17,4598.05,13.20,0.7683,45980.50,74462.23,120442.73,0.3818,0.40
2025-11-18,4568.19,13.13,0.7619,45681.90,74462.23,120144.13,0.3802,0.40
2025-11-19,4588.29,13.23,0.7738,45882.90,74462.23,120345.13,0.3813,0.40
2025-11-20,4564.95,13.22,0.7730,45649.50,74462.23,120111.73,0.3801,0.40
2025-11-21,4453.61,12.98,0.7421,44536.10,74462.23,118998.33,0.3743,0.40
2025-11-24,4448.05,12.92,0.7397,44480.50,74462.23,118942.73,0.3740,0.40
2025-11-25,4490.40,13.02,0.7492,44904.00,74462.23,119366.23,0.3762,0.40
2025-11-26,4517.63,13.02,0.7492,45176.30,74462.23,119638.53,0.3776,0.40
2025-11-27,4515.40,13.05,0.7540,45154.00,74462.23,119616.23,0.3775,0.40
2025-11-28,4526.66,13.04,0.7540,45266.60,74462.23,119728.83,0.3781,0.40
2025-12-01,4576.49,13.14,0.7675,45764.90,74462.23,120227.13,0.3807,0.40
