日期,收盘价,估值指标,估值分位点,持仓市值,现金,总资产,仓位比例,信号
2015-01-05,26.45,3.10,0.4953,0.00,100000.00,100000.00,0.0000,持有
2015-01-06,25.60,3.00,0.4804,0.00,100000.00,100000.00,0.0000,持有
2015-01-07,25.49,2.99,0.4786,0.00,100000.00,100000.00,0.0000,持有
2015-01-08,24.68,2.89,0.4673,0.00,100000.00,100000.00,0.0000,持有
2015-01-09,25.29,3.04,0.4864,0.00,100000.00,100000.00,0.0000,持有
2015-01-12,26.10,3.14,0.5008,0.00,100000.00,100000.00,0.0000,持有
2015-01-13,26.09,3.14,0.5005,0.00,100000.00,100000.00,0.0000,持有
2015-01-14,25.65,3.09,0.4945,0.00,100000.00,100000.00,0.0000,持有
2015-01-15,27.39,3.30,0.5282,0.00,100000.00,100000.00,0.0000,持有
2015-01-16,27.19,3.27,0.5253,0.00,100000.00,100000.00,0.0000,持有
2015-01-19,24.47,2.95,0.4714,0.00,100000.00,100000.00,0.0000,持有
2015-01-20,24.52,2.95,0.4716,0.00,100000.00,100000.00,0.0000,持有
2015-01-21,26.86,3.23,0.5203,0.00,100000.00,100000.00,0.0000,持有
2015-01-22,26.21,3.15,0.5029,0.00,100000.00,100000.00,0.0000,持有
2015-01-23,26.67,3.21,0.5146,0.00,100000.00,100000.00,0.0000,持有
2015-01-26,26.26,3.16,0.5044,0.00,100000.00,100000.00,0.0000,持有
2015-01-27,25.68,3.09,0.4943,0.00,100000.00,100000.00,0.0000,持有
2015-01-28,25.10,3.02,0.4811,0.00,100000.00,100000.00,0.0000,持有
2015-01-29,24.50,2.95,0.4699,0.00,100000.00,100000.00,0.0000,持有
2015-01-30,24.06,2.90,0.4640,0.00,100000.00,100000.00,0.0000,持有
2015-02-02,23.00,2.77,0.4534,0.00,100000.00,100000.00,0.0000,持有
2015-02-03,23.99,2.89,0.4635,0.00,100000.00,100000.00,0.0000,持有
2015-02-04,23.44,2.82,0.4581,0.00,100000.00,100000.00,0.0000,持有
2015-02-05,22.90,2.76,0.4521,0.00,100000.00,100000.00,0.0000,持有
2015-02-06,23.03,2.77,0.4535,0.00,100000.00,100000.00,0.0000,持有
2015-02-09,23.61,2.84,0.4620,0.00,100000.00,100000.00,0.0000,持有
2015-02-10,23.78,2.86,0.4628,0.00,100000.00,100000.00,0.0000,持有
2015-02-11,24.36,2.93,0.4688,0.00,100000.00,100000.00,0.0000,持有
2015-02-12,24.27,2.92,0.4680,0.00,100000.00,100000.00,0.0000,持有
2015-02-13,24.28,2.92,0.4683,0.00,100000.00,100000.00,0.0000,持有
2015-02-16,24.42,2.94,0.4722,0.00,100000.00,100000.00,0.0000,持有
2015-02-17,24.51,2.95,0.4735,0.00,100000.00,100000.00,0.0000,持有
2015-02-25,23.67,2.85,0.4609,0.00,100000.00,100000.00,0.0000,持有
2015-02-26,24.26,2.92,0.4673,0.00,100000.00,100000.00,0.0000,持有
2015-02-27,24.41,2.94,0.4717,0.00,100000.00,100000.00,0.0000,持有
2015-03-02,24.27,2.92,0.4674,0.00,100000.00,100000.00,0.0000,持有
2015-03-03,23.31,2.81,0.4548,0.00,100000.00,100000.00,0.0000,持有
2015-03-04,23.25,2.80,0.4545,0.00,100000.00,100000.00,0.0000,持有
2015-03-05,22.63,2.72,0.4440,0.00,100000.00,100000.00,0.0000,持有
2015-03-06,22.57,2.72,0.4428,0.00,100000.00,100000.00,0.0000,持有
2015-03-09,23.03,2.77,0.4513,0.00,100000.00,100000.00,0.0000,持有
2015-03-10,22.82,2.75,0.4480,0.00,100000.00,100000.00,0.0000,持有
2015-03-11,23.00,2.77,0.4503,0.00,100000.00,100000.00,0.0000,持有
2015-03-12,23.89,2.88,0.4634,0.00,100000.00,100000.00,0.0000,持有
2015-03-13,23.94,2.88,0.4642,0.00,100000.00,100000.00,0.0000,持有
2015-03-16,25.51,3.07,0.4967,0.00,100000.00,100000.00,0.0000,持有
2015-03-17,25.94,3.12,0.5051,0.00,100000.00,100000.00,0.0000,持有
2015-03-18,26.89,3.24,0.5299,0.00,100000.00,100000.00,0.0000,持有
2015-03-19,26.30,3.17,0.5138,0.00,100000.00,100000.00,0.0000,持有
2015-03-20,27.23,2.48,0.3629,0.00,100000.00,100000.00,0.0000,持有
2015-03-23,27.07,2.46,0.3577,0.00,100000.00,100000.00,0.0000,持有
2015-03-24,26.30,2.39,0.3366,0.00,100000.00,100000.00,0.0000,持有
2015-03-25,26.07,2.37,0.3242,0.00,100000.00,100000.00,0.0000,持有
2015-03-26,27.14,2.47,0.3602,0.00,100000.00,100000.00,0.0000,持有
2015-03-27,26.64,2.42,0.3457,0.00,100000.00,100000.00,0.0000,持有
2015-03-30,27.77,2.52,0.3863,0.00,100000.00,100000.00,0.0000,持有
2015-03-31,27.17,2.47,0.3627,0.00,100000.00,100000.00,0.0000,持有
2015-04-01,27.49,2.50,0.3752,0.00,100000.00,100000.00,0.0000,持有
2015-04-02,27.09,2.46,0.3592,0.00,100000.00,100000.00,0.0000,持有
2015-04-03,27.33,2.48,0.3713,0.00,100000.00,100000.00,0.0000,持有
2015-04-07,28.14,2.56,0.4036,0.00,100000.00,100000.00,0.0000,持有
2015-04-08,28.62,2.60,0.4196,0.00,100000.00,100000.00,0.0000,持有
2015-04-09,28.28,2.57,0.4072,0.00,100000.00,100000.00,0.0000,持有
2015-04-10,29.91,2.72,0.4455,0.00,100000.00,100000.00,0.0000,持有
2015-04-13,29.94,2.72,0.4463,0.00,100000.00,100000.00,0.0000,持有
2015-04-14,29.40,2.67,0.4380,0.00,100000.00,100000.00,0.0000,持有
2015-04-15,29.36,2.67,0.4378,0.00,100000.00,100000.00,0.0000,持有
2015-04-16,31.53,2.87,0.4669,0.00,100000.00,100000.00,0.0000,持有
2015-04-17,31.23,2.84,0.4636,0.00,100000.00,100000.00,0.0000,持有
2015-04-20,29.71,2.70,0.4416,0.00,100000.00,100000.00,0.0000,持有
2015-04-21,30.56,2.78,0.4561,0.00,100000.00,100000.00,0.0000,持有
2015-04-22,31.29,2.84,0.4659,0.00,100000.00,100000.00,0.0000,持有
2015-04-23,30.59,2.78,0.4561,0.00,100000.00,100000.00,0.0000,持有
2015-04-24,29.47,2.68,0.4382,0.00,100000.00,100000.00,0.0000,持有
2015-04-27,29.98,2.72,0.4476,0.00,100000.00,100000.00,0.0000,持有
2015-04-28,29.89,2.72,0.4448,0.00,100000.00,100000.00,0.0000,持有
2015-04-29,30.42,2.77,0.4537,0.00,100000.00,100000.00,0.0000,持有
2015-04-30,30.79,2.57,0.4051,0.00,100000.00,100000.00,0.0000,持有
2015-05-04,31.42,2.63,0.4266,0.00,100000.00,100000.00,0.0000,持有
2015-05-05,29.92,2.50,0.3731,0.00,100000.00,100000.00,0.0000,持有
2015-05-06,30.76,2.57,0.4045,0.00,100000.00,100000.00,0.0000,持有
2015-05-07,30.23,2.53,0.3867,0.00,100000.00,100000.00,0.0000,持有
2015-05-08,30.18,2.52,0.3835,0.00,100000.00,100000.00,0.0000,持有
2015-05-11,30.81,2.58,0.4074,0.00,100000.00,100000.00,0.0000,持有
2015-05-12,30.89,2.58,0.4092,0.00,100000.00,100000.00,0.0000,持有
2015-05-13,30.22,2.53,0.3855,0.00,100000.00,100000.00,0.0000,持有
2015-05-14,29.97,2.51,0.3747,0.00,100000.00,100000.00,0.0000,持有
2015-05-15,29.31,2.45,0.3495,0.00,100000.00,100000.00,0.0000,持有
2015-05-18,28.62,2.39,0.3328,0.00,100000.00,100000.00,0.0000,持有
2015-05-19,29.67,2.48,0.3652,0.00,100000.00,100000.00,0.0000,持有
2015-05-20,29.72,2.49,0.3675,0.00,100000.00,100000.00,0.0000,持有
2015-05-21,30.07,2.51,0.3783,0.00,100000.00,100000.00,0.0000,持有
2015-05-22,31.10,2.60,0.4201,0.00,100000.00,100000.00,0.0000,持有
2015-05-25,31.80,2.66,0.4388,0.00,100000.00,100000.00,0.0000,持有
2015-05-26,32.35,2.71,0.4461,0.00,100000.00,100000.00,0.0000,持有
2015-05-27,31.62,2.64,0.4354,0.00,100000.00,100000.00,0.0000,持有
2015-05-28,29.59,2.47,0.3589,0.00,100000.00,100000.00,0.0000,持有
2015-05-29,29.67,2.48,0.3642,0.00,100000.00,100000.00,0.0000,持有
2015-06-01,30.35,2.54,0.3939,0.00,100000.00,100000.00,0.0000,持有
2015-06-02,30.00,2.51,0.3758,0.00,100000.00,100000.00,0.0000,持有
2015-06-03,29.71,2.48,0.3662,0.00,100000.00,100000.00,0.0000,持有
2015-06-04,30.56,2.56,0.4023,0.00,100000.00,100000.00,0.0000,持有
2015-06-05,30.19,2.53,0.3857,0.00,100000.00,100000.00,0.0000,持有
2015-06-08,31.94,2.67,0.4426,0.00,100000.00,100000.00,0.0000,持有
2015-06-09,31.04,2.60,0.4181,0.00,100000.00,100000.00,0.0000,持有
2015-06-10,30.72,2.57,0.4065,0.00,100000.00,100000.00,0.0000,持有
2015-06-11,31.34,2.62,0.4306,0.00,100000.00,100000.00,0.0000,持有
2015-06-12,31.32,2.62,0.4284,0.00,100000.00,100000.00,0.0000,持有
2015-06-15,30.21,2.53,0.3860,0.00,100000.00,100000.00,0.0000,持有
2015-06-16,30.04,2.51,0.3754,0.00,100000.00,100000.00,0.0000,持有
2015-06-17,30.21,2.53,0.3871,0.00,100000.00,100000.00,0.0000,持有
2015-06-18,29.16,2.44,0.3429,0.00,100000.00,100000.00,0.0000,持有
2015-06-19,27.93,2.34,0.2953,0.00,100000.00,100000.00,0.0000,买入(补至30%)
2015-06-23,29.32,2.45,0.3470,31460.00,69818.07,101278.07,0.3106,持有
2015-06-24,29.47,2.46,0.3523,31623.96,69818.07,101442.03,0.3117,持有
2015-06-25,28.63,2.39,0.3299,30714.77,69818.07,100532.84,0.3055,持有
2015-06-26,26.89,2.25,0.2591,28855.42,69818.07,98673.49,0.2924,持有
2015-06-29,26.57,2.22,0.2536,28512.61,69818.07,98330.68,0.2900,持有
2015-06-30,28.45,2.38,0.3240,30532.19,69818.07,100350.26,0.3043,持有
2015-07-01,27.32,2.28,0.2711,29310.01,69818.07,99128.08,0.2957,持有
2015-07-02,27.02,2.26,0.2631,28993.28,69818.07,98811.35,0.2934,持有
2015-07-03,25.86,2.16,0.2383,27752.47,69818.07,97570.54,0.2844,持有
2015-07-06,27.16,2.27,0.2677,29142.33,69818.07,98960.40,0.2945,持有
2015-07-07,29.88,2.50,0.3738,32056.19,69818.07,101874.26,0.3147,持有
2015-07-08,26.90,2.25,0.2596,28862.87,69818.07,98680.94,0.2925,持有
2015-07-09,27.92,2.33,0.2963,29958.36,69818.07,99776.43,0.3003,持有
2015-07-10,28.54,2.39,0.3281,30625.34,69818.07,100443.41,0.3049,持有
2015-07-13,28.00,2.34,0.3004,30044.06,69818.07,99862.13,0.3009,持有
2015-07-14,27.31,2.28,0.2704,29298.83,69818.07,99116.90,0.2956,持有
2015-07-15,27.44,2.30,0.2761,29447.88,69818.07,99265.95,0.2967,持有
2015-07-16,27.25,2.28,0.2696,29239.21,69818.07,99057.28,0.2952,持有
2015-07-17,27.94,2.34,0.2984,29980.72,69818.07,99798.79,0.3004,持有
2015-07-20,28.16,2.35,0.3095,30215.47,69818.07,100033.54,0.3021,持有
2015-07-21,27.97,2.34,0.3005,30014.25,69818.07,99832.32,0.3006,持有
2015-07-22,27.52,2.30,0.2784,29529.85,69818.07,99347.92,0.2972,持有
2015-07-23,28.67,2.40,0.3369,30766.94,69818.07,100585.01,0.3059,持有
2015-07-24,28.00,2.34,0.3016,30040.34,69818.07,99858.41,0.3008,持有
2015-07-27,25.55,2.12,0.2262,27415.73,69818.07,97233.80,0.2820,持有
2015-07-28,24.53,2.04,0.2051,26320.90,69818.07,96138.97,0.2738,持有
2015-07-29,24.42,2.03,0.2035,26200.92,69818.07,96018.99,0.2729,持有
2015-07-30,23.98,1.99,0.1971,25728.49,69818.07,95546.56,0.2693,买入(补至60%)
2015-07-31,23.32,1.94,0.1882,55737.57,38515.04,94252.61,0.5914,持有
2015-08-03,23.31,1.94,0.1881,55720.87,38515.04,94235.91,0.5913,持有
2015-08-04,23.91,1.99,0.1968,57140.61,38515.04,95655.66,0.5974,持有
2015-08-05,23.27,1.93,0.1874,55603.95,38515.04,94118.99,0.5908,持有
2015-08-06,22.99,1.91,0.1839,54935.83,38515.04,93450.87,0.5879,持有
2015-08-07,23.68,1.97,0.1931,56606.12,38515.04,95121.16,0.5951,持有
2015-08-10,24.52,2.04,0.2081,58610.47,38515.04,97125.51,0.6035,持有
2015-08-11,24.37,2.03,0.2055,58243.00,38515.04,96758.05,0.6019,持有
2015-08-12,23.61,1.96,0.1923,56439.09,38515.04,94954.13,0.5944,持有
2015-08-13,23.81,1.98,0.1966,56906.77,38515.04,95421.82,0.5964,持有
2015-08-14,23.68,1.97,0.1931,56606.12,38515.04,95121.16,0.5951,持有
2015-08-17,23.04,1.91,0.1848,55069.45,38515.04,93584.50,0.5884,持有
2015-08-18,21.87,1.82,0.1638,52263.37,38515.04,90778.41,0.5757,持有
2015-08-19,21.95,1.82,0.1662,52463.80,38515.04,90978.85,0.5767,持有
2015-08-20,21.35,1.77,0.1496,51027.35,38515.04,89542.40,0.5699,持有
2015-08-21,20.54,1.62,0.0658,49089.82,38515.04,87604.86,0.5604,买入(补至90%)
2015-08-24,18.49,1.46,0.0000,70945.45,9684.36,80629.81,0.8799,买入(补至100%)
2015-08-25,17.55,1.39,0.0000,76529.12,437.04,76966.16,0.9943,持有
2015-08-26,18.42,1.45,0.0005,80338.81,437.04,80775.85,0.9946,持有
2015-08-27,20.27,1.60,0.0377,88384.88,437.04,88821.92,0.9951,持有
2015-08-28,20.72,1.64,0.0898,90365.92,437.04,90802.96,0.9952,持有
2015-08-31,21.17,1.67,0.1134,92316.49,437.04,92753.52,0.9953,持有
2015-09-01,21.08,1.66,0.1095,91920.28,437.04,92357.32,0.9953,持有
2015-09-02,20.95,1.65,0.1056,91371.68,437.04,91808.72,0.9952,持有
2015-09-07,20.18,1.59,0.0323,88019.15,437.04,88456.19,0.9951,持有
2015-09-08,20.80,1.64,0.0959,90701.18,437.04,91138.21,0.9952,持有
2015-09-09,21.25,1.67,0.1127,92663.65,437.04,93100.68,0.9953,持有
2015-09-10,21.28,1.67,0.1150,92816.96,437.04,93254.00,0.9953,持有
2015-09-11,20.98,1.65,0.1015,91498.45,437.04,91935.49,0.9952,持有
2015-09-14,21.19,1.66,0.1106,92418.34,437.04,92855.38,0.9953,持有
2015-09-15,20.71,1.63,0.0740,90333.26,437.04,90770.29,0.9952,持有
2015-09-16,21.48,1.69,0.1215,93675.52,437.04,94112.56,0.9954,持有
2015-09-17,21.28,1.67,0.1152,92786.30,437.04,93223.33,0.9953,持有
2015-09-18,21.49,1.69,0.1228,93736.85,437.04,94173.89,0.9954,持有
2015-09-21,21.77,1.71,0.1290,94932.71,437.04,95369.75,0.9954,持有
2015-09-22,22.34,1.75,0.1491,97416.41,437.04,97853.45,0.9955,持有
2015-09-23,21.63,1.70,0.1270,94350.11,437.04,94787.15,0.9954,持有
2015-09-24,21.90,1.72,0.1355,95484.64,437.04,95921.68,0.9954,持有
2015-09-25,21.96,1.72,0.1383,95760.61,437.04,96197.65,0.9955,持有
2015-09-28,21.73,1.71,0.1287,94748.73,437.04,95185.77,0.9954,持有
2015-09-29,21.04,1.65,0.1047,91774.42,437.04,92211.45,0.9953,持有
2015-09-30,21.00,1.65,0.1018,91559.78,437.04,91996.81,0.9952,持有
2015-10-08,21.59,1.69,0.1271,94135.47,437.04,94572.51,0.9954,持有
2015-10-09,22.27,1.75,0.1509,97140.45,437.04,97577.48,0.9955,持有
2015-10-12,22.95,1.80,0.1728,100084.10,437.04,100521.13,0.9957,持有
2015-10-13,22.64,1.78,0.1622,98734.92,437.04,99171.96,0.9956,持有
2015-10-14,22.27,1.75,0.1507,97140.45,437.04,97577.48,0.9955,持有
2015-10-15,22.82,1.79,0.1683,99532.16,437.04,99969.20,0.9956,持有
2015-10-16,23.06,1.81,0.1758,100544.04,437.04,100981.08,0.9957,持有
2015-10-19,23.32,1.83,0.1824,101709.24,437.04,102146.27,0.9957,持有
2015-10-20,23.14,1.82,0.1771,100912.00,437.04,101349.03,0.9957,持有
2015-10-21,23.10,1.81,0.1765,100728.02,437.04,101165.06,0.9957,持有
2015-10-22,23.10,1.81,0.1769,100758.68,437.04,101195.72,0.9957,持有
2015-10-23,23.72,1.86,0.1920,103426.37,437.04,103863.40,0.9958,持有
2015-10-26,23.60,1.85,0.1895,102935.76,437.04,103372.79,0.9958,持有
2015-10-27,24.17,1.90,0.1980,105388.80,437.04,105825.84,0.9959,持有
2015-10-28,23.59,1.87,0.1932,102874.43,437.04,103311.47,0.9958,持有
2015-10-29,23.47,1.86,0.1907,102353.16,437.04,102790.20,0.9957,持有
2015-10-30,23.55,1.86,0.1935,102690.45,437.04,103127.49,0.9958,持有
2015-11-02,23.22,1.84,0.1863,101249.29,437.04,101686.33,0.9957,持有
2015-11-03,23.22,1.84,0.1862,101249.29,437.04,101686.33,0.9957,持有
2015-11-04,24.61,1.95,0.2098,107320.57,437.04,107757.61,0.9959,持有
2015-11-05,24.83,1.97,0.2125,108301.79,437.04,108738.82,0.9960,持有
2015-11-06,25.45,2.01,0.2242,110969.47,437.04,111406.50,0.9961,持有
2015-11-09,25.63,2.03,0.2274,111766.71,437.04,112203.74,0.9961,持有
2015-11-10,25.49,2.02,0.2250,111153.45,437.04,111590.48,0.9961,持有
2015-11-11,25.20,2.00,0.2201,109896.26,437.04,110333.30,0.9960,持有
2015-11-12,24.91,1.97,0.2134,108639.08,437.04,109076.12,0.9960,持有
2015-11-13,24.64,1.95,0.2095,107473.88,437.04,107910.92,0.9960,持有
2015-11-16,24.69,1.96,0.2104,107688.52,437.04,108125.56,0.9960,持有
2015-11-17,24.79,1.96,0.2122,108117.81,437.04,108554.84,0.9960,持有
2015-11-18,24.52,1.94,0.2078,106952.61,437.04,107389.65,0.9959,持有
2015-11-19,24.83,1.97,0.2134,108271.12,437.04,108708.16,0.9960,持有
2015-11-20,24.64,1.95,0.2095,107443.22,437.04,107880.26,0.9959,持有
2015-11-23,24.59,1.95,0.2089,107228.58,437.04,107665.62,0.9959,持有
2015-11-24,24.59,1.95,0.2088,107228.58,437.04,107665.62,0.9959,持有
2015-11-25,24.64,1.95,0.2102,107443.22,437.04,107880.26,0.9959,持有
2015-11-26,24.63,1.95,0.2101,107412.56,437.04,107849.59,0.9959,持有
2015-11-27,23.79,1.88,0.1949,103763.66,437.04,104200.70,0.9958,持有
2015-11-30,23.77,1.88,0.1948,103641.01,437.04,104078.04,0.9958,持有
2015-12-01,23.99,1.90,0.1994,104622.22,437.04,105059.26,0.9958,持有
2015-12-02,25.32,2.00,0.2270,110417.53,437.04,110854.57,0.9961,持有
2015-12-03,25.29,2.00,0.2264,110294.88,437.04,110731.92,0.9961,持有
2015-12-04,24.57,1.95,0.2090,107167.25,437.04,107604.29,0.9959,持有
2015-12-07,24.43,1.93,0.2061,106523.33,437.04,106960.37,0.9959,持有
2015-12-08,24.20,1.92,0.2032,105542.11,437.04,105979.15,0.9959,持有
2015-12-09,24.22,1.92,0.2036,105603.44,437.04,106040.48,0.9959,持有
2015-12-10,24.25,1.92,0.2039,105756.75,437.04,106193.79,0.9959,持有
2015-12-11,24.31,1.92,0.2048,106002.06,437.04,106439.10,0.9959,持有
2015-12-14,25.05,1.98,0.2243,109221.68,437.04,109658.71,0.9960,持有
2015-12-15,24.79,1.96,0.2172,108117.81,437.04,108554.84,0.9960,持有
2015-12-16,24.76,1.96,0.2162,107964.49,437.04,108401.53,0.9960,持有
2015-12-17,24.97,1.98,0.2235,108884.38,437.04,109321.42,0.9960,持有
2015-12-18,25.16,1.99,0.2281,109742.95,437.04,110179.98,0.9960,持有
2015-12-21,25.95,2.05,0.2462,113146.54,437.04,113583.58,0.9962,持有
2015-12-22,25.97,2.06,0.2465,113238.53,437.04,113675.57,0.9962,持有
2015-12-23,26.00,2.06,0.2469,113391.85,437.04,113828.88,0.9962,持有
2015-12-24,25.96,2.06,0.2463,113207.87,437.04,113644.91,0.9962,持有
2015-12-25,25.95,2.05,0.2457,113146.54,437.04,113583.58,0.9962,持有
2015-12-28,25.10,1.99,0.2265,109466.98,437.04,109904.02,0.9960,持有
2015-12-29,25.42,2.01,0.2338,110846.82,437.04,111283.85,0.9961,持有
2015-12-30,25.14,1.99,0.2272,109650.96,437.04,110087.99,0.9960,持有
2015-12-31,25.31,2.00,0.2313,110386.87,437.04,110823.91,0.9961,持有
2016-01-04,23.94,1.90,0.1968,104407.58,437.04,104844.62,0.9958,持有
2016-01-05,24.26,1.92,0.2037,105787.42,437.04,106224.45,0.9959,持有
2016-01-06,24.28,1.92,0.2041,105879.41,437.04,106316.44,0.9959,持有
2016-01-07,23.74,1.88,0.1919,103549.02,437.04,103986.05,0.9958,持有
2016-01-08,23.86,1.89,0.1956,104070.29,437.04,104507.33,0.9958,持有
2016-01-11,22.52,1.78,0.1598,98213.65,437.04,98650.69,0.9956,持有
2016-01-12,22.65,1.79,0.1653,98765.59,437.04,99202.62,0.9956,持有
2016-01-13,22.49,1.78,0.1592,98091.00,437.04,98528.04,0.9956,持有
2016-01-14,22.49,1.78,0.1591,98091.00,437.04,98528.04,0.9956,持有
2016-01-15,21.94,1.74,0.1410,95668.62,437.04,96105.66,0.9955,持有
2016-01-18,21.85,1.73,0.1382,95270.00,437.04,95707.04,0.9954,持有
2016-01-19,22.16,1.75,0.1497,96619.17,437.04,97056.21,0.9955,持有
2016-01-20,21.47,1.70,0.1242,93614.20,437.04,94051.24,0.9954,持有
2016-01-21,21.20,1.68,0.1154,92449.00,437.04,92886.04,0.9953,持有
2016-01-22,21.25,1.68,0.1176,92663.65,437.04,93100.68,0.9953,持有
2016-01-25,21.28,1.68,0.1180,92786.30,437.04,93223.33,0.9953,持有
2016-01-26,20.55,1.63,0.0733,89628.01,437.04,90065.04,0.9951,持有
2016-01-27,20.55,1.63,0.0719,89597.34,437.04,90034.38,0.9951,持有
2016-01-28,20.60,1.63,0.0797,89842.65,437.04,90279.68,0.9952,持有
2016-01-29,21.22,1.68,0.1178,92540.99,437.04,92978.03,0.9953,持有
2016-02-01,20.76,1.64,0.0957,90547.90,437.04,90984.93,0.9952,持有
2016-02-02,21.07,1.67,0.1122,91897.07,437.04,92334.11,0.9953,持有
2016-02-03,20.84,1.65,0.1016,90885.19,437.04,91322.23,0.9952,持有
2016-02-04,20.89,1.65,0.1052,91099.83,437.04,91536.87,0.9952,持有
2016-02-05,20.85,1.65,0.1033,90946.52,437.04,91383.55,0.9952,持有
2016-02-15,20.69,1.64,0.0909,90241.27,437.04,90678.30,0.9952,持有
2016-02-16,21.18,1.68,0.1188,92357.02,437.04,92794.05,0.9953,持有
2016-02-17,21.12,1.67,0.1183,92111.71,437.04,92548.75,0.9953,持有
2016-02-18,21.03,1.67,0.1123,91713.09,437.04,92150.13,0.9953,持有
2016-02-19,21.04,1.67,0.1127,91743.75,437.04,92180.79,0.9953,持有
2016-02-22,21.78,1.72,0.1429,94963.37,437.04,95400.41,0.9954,持有
2016-02-23,21.45,1.70,0.1304,93522.21,437.04,93959.25,0.9953,持有
2016-02-24,21.38,1.69,0.1290,93246.24,437.04,93683.28,0.9953,持有
2016-02-25,20.36,1.61,0.0521,88800.10,437.04,89237.14,0.9951,持有
2016-02-26,20.46,1.62,0.0626,89229.39,437.04,89666.42,0.9951,持有
2016-02-29,20.40,1.62,0.0548,88953.42,437.04,89390.46,0.9951,持有
2016-03-01,20.57,1.63,0.0767,89720.00,437.04,90157.03,0.9952,持有
2016-03-02,21.22,1.68,0.1232,92540.99,437.04,92978.03,0.9953,持有
2016-03-03,21.36,1.69,0.1305,93154.25,437.04,93591.29,0.9953,持有
2016-03-04,22.18,1.76,0.1605,96741.83,437.04,97178.86,0.9955,持有
2016-03-07,21.83,1.73,0.1486,95208.68,437.04,95645.71,0.9954,持有
2016-03-08,22.01,1.74,0.1558,95975.25,437.04,96412.29,0.9955,持有
2016-03-09,22.06,1.75,0.1571,96220.56,437.04,96657.59,0.9955,持有
2016-03-10,21.61,1.71,0.1379,94258.12,437.04,94695.16,0.9954,持有
2016-03-11,21.82,1.73,0.1483,95178.01,437.04,95615.05,0.9954,持有
2016-03-14,21.87,1.73,0.1505,95392.65,437.04,95829.69,0.9954,持有
2016-03-15,22.05,1.75,0.1582,96159.23,437.04,96596.27,0.9955,持有
2016-03-16,22.59,1.76,0.1636,98520.28,437.04,98957.32,0.9956,持有
2016-03-17,22.50,1.75,0.1612,98121.66,437.04,98558.70,0.9956,持有
2016-03-18,22.58,1.76,0.1639,98489.62,437.04,98926.66,0.9956,持有
2016-03-21,23.08,1.80,0.1833,100666.69,437.04,101103.73,0.9957,持有
2016-03-22,22.57,1.76,0.1633,98428.29,437.04,98865.33,0.9956,持有
2016-03-23,22.68,1.76,0.1686,98918.90,437.04,99355.94,0.9956,持有
2016-03-24,22.36,1.74,0.1545,97508.40,437.04,97945.44,0.9955,持有
2016-03-25,22.54,1.75,0.1621,98305.64,437.04,98742.68,0.9956,持有
2016-03-28,22.12,1.72,0.1431,96465.86,437.04,96902.90,0.9955,持有
2016-03-29,21.97,1.71,0.1362,95821.94,437.04,96258.97,0.9955,持有
2016-03-30,22.49,1.75,0.1615,98091.00,437.04,98528.04,0.9956,持有
2016-03-31,22.37,1.74,0.1555,97539.07,437.04,97976.10,0.9955,持有
2016-04-01,22.44,1.75,0.1586,97876.36,437.04,98313.40,0.9956,持有
2016-04-05,22.50,1.75,0.1631,98121.66,437.04,98558.70,0.9956,持有
2016-04-06,22.32,1.74,0.1526,97324.42,437.04,97761.46,0.9955,持有
2016-04-07,22.06,1.72,0.1403,96189.89,437.04,96626.93,0.9955,持有
2016-04-08,21.91,1.70,0.1344,95545.97,437.04,95983.01,0.9954,持有
2016-04-11,22.16,1.72,0.1456,96619.17,437.04,97056.21,0.9955,持有
2016-04-12,22.18,1.73,0.1483,96741.83,437.04,97178.86,0.9955,持有
2016-04-13,22.44,1.75,0.1604,97845.70,437.04,98282.73,0.9956,持有
2016-04-14,22.51,1.75,0.1666,98182.99,437.04,98620.03,0.9956,持有
2016-04-15,22.49,1.75,0.1643,98091.00,437.04,98528.04,0.9956,持有
2016-04-18,22.35,1.74,0.1565,97477.74,437.04,97914.78,0.9955,持有
2016-04-19,22.45,1.75,0.1623,97907.02,437.04,98344.06,0.9956,持有
2016-04-20,22.65,1.76,0.1739,98765.59,437.04,99202.62,0.9956,持有
2016-04-21,22.65,1.76,0.1743,98796.25,437.04,99233.29,0.9956,持有
2016-04-22,22.80,1.77,0.1801,99409.51,437.04,99846.55,0.9956,持有
2016-04-25,22.72,1.77,0.1773,99102.88,437.04,99539.92,0.9956,持有
2016-04-26,22.77,1.77,0.1790,99317.52,437.04,99754.56,0.9956,持有
2016-04-27,22.68,1.70,0.1305,98918.90,437.04,99355.94,0.9956,持有
2016-04-28,22.63,1.69,0.1291,98704.26,437.04,99141.30,0.9956,持有
2016-04-29,22.53,1.68,0.1232,98244.31,437.04,98681.35,0.9956,持有
2016-05-03,22.44,1.68,0.1196,97845.70,437.04,98282.73,0.9956,持有
2016-05-04,22.45,1.68,0.1204,97907.02,437.04,98344.06,0.9956,持有
2016-05-05,22.46,1.68,0.1213,97968.35,437.04,98405.38,0.9956,持有
2016-05-06,22.08,1.65,0.1020,96281.88,437.04,96718.92,0.9955,持有
2016-05-09,21.91,1.64,0.0903,95545.97,437.04,95983.01,0.9954,持有
2016-05-10,21.93,1.64,0.0925,95637.96,437.04,96074.99,0.9955,持有
2016-05-11,21.97,1.64,0.0947,95821.94,437.04,96258.97,0.9955,持有
2016-05-12,22.30,1.67,0.1138,97232.44,437.04,97669.47,0.9955,持有
2016-05-13,22.30,1.67,0.1147,97263.10,437.04,97700.13,0.9955,持有
2016-05-16,22.23,1.66,0.1111,96925.80,437.04,97362.84,0.9955,持有
2016-05-17,22.16,1.66,0.1097,96619.17,437.04,97056.21,0.9955,持有
2016-05-18,22.37,1.67,0.1212,97539.07,437.04,97976.10,0.9955,持有
2016-05-19,22.38,1.67,0.1225,97600.39,437.04,98037.43,0.9955,持有
2016-05-20,22.37,1.67,0.1224,97569.73,437.04,98006.77,0.9955,持有
2016-05-23,22.38,1.67,0.1228,97600.39,437.04,98037.43,0.9955,持有
2016-05-24,22.25,1.66,0.1117,97017.79,437.04,97454.83,0.9955,持有
2016-05-25,22.23,1.66,0.1112,96925.80,437.04,97362.84,0.9955,持有
2016-05-26,22.24,1.66,0.1120,96987.13,437.04,97424.17,0.9955,持有
2016-05-27,22.22,1.66,0.1111,96895.14,437.04,97332.18,0.9955,持有
2016-05-30,22.44,1.68,0.1257,97845.70,437.04,98282.73,0.9956,持有
2016-05-31,23.01,1.72,0.1518,100329.40,437.04,100766.44,0.9957,持有
2016-06-01,22.70,1.70,0.1398,99010.89,437.04,99447.93,0.9956,持有
2016-06-02,22.65,1.69,0.1384,98765.59,437.04,99202.62,0.9956,持有
2016-06-03,22.74,1.70,0.1418,99164.21,437.04,99601.24,0.9956,持有
2016-06-06,22.58,1.69,0.1338,98458.96,437.04,98895.99,0.9956,持有
2016-06-07,22.60,1.69,0.1351,98550.94,437.04,98987.98,0.9956,持有
2016-06-08,22.61,1.69,0.1359,98581.61,437.04,99018.64,0.9956,持有
2016-06-13,22.36,1.67,0.1217,97508.40,437.04,97945.44,0.9955,持有
2016-06-14,22.49,1.68,0.1300,98060.34,437.04,98497.37,0.9956,持有
2016-06-15,22.49,1.68,0.1300,98060.34,437.04,98497.37,0.9956,持有
2016-06-16,22.48,1.68,0.1299,98029.67,437.04,98466.71,0.9956,持有
2016-06-17,22.49,1.68,0.1303,98060.34,437.04,98497.37,0.9956,持有
2016-06-20,22.58,1.69,0.1369,98489.62,437.04,98926.66,0.9956,持有
2016-06-21,22.54,1.69,0.1333,98305.64,437.04,98742.68,0.9956,持有
2016-06-22,22.56,1.69,0.1354,98366.97,437.04,98804.00,0.9956,持有
2016-06-23,22.50,1.68,0.1318,98121.66,437.04,98558.70,0.9956,持有
2016-06-24,22.18,1.66,0.1093,96741.83,437.04,97178.86,0.9955,持有
2016-06-27,22.27,1.67,0.1150,97140.45,437.04,97577.48,0.9955,持有
2016-06-28,22.39,1.67,0.1255,97661.72,437.04,98098.75,0.9955,持有
2016-06-29,22.61,1.69,0.1408,98612.27,437.04,99049.31,0.9956,持有
2016-06-30,22.53,1.68,0.1337,98244.31,437.04,98681.35,0.9956,持有
2016-07-01,22.63,1.69,0.1429,98673.60,437.04,99110.63,0.9956,持有
2016-07-04,22.81,1.71,0.1512,99470.84,437.04,99907.87,0.9956,持有
2016-07-05,22.79,1.69,0.1362,99408.87,437.04,99845.91,0.9956,持有
2016-07-06,22.74,1.68,0.1322,99160.89,437.04,99597.93,0.9956,持有
2016-07-07,22.71,1.68,0.1282,99036.90,437.04,99473.94,0.9956,持有
2016-07-08,22.59,1.67,0.1207,98509.94,437.04,98946.98,0.9956,持有
2016-07-11,22.60,1.67,0.1211,98540.94,437.04,98977.98,0.9956,持有
2016-07-12,23.04,1.70,0.1521,100462.78,437.04,100899.82,0.9957,持有
2016-07-13,23.07,1.71,0.1538,100617.77,437.04,101054.81,0.9957,持有
2016-07-14,23.09,1.71,0.1542,100710.76,437.04,101147.80,0.9957,持有
2016-07-15,23.16,1.71,0.1581,101020.74,437.04,101457.77,0.9957,持有
2016-07-18,23.24,1.72,0.1624,101330.71,437.04,101767.75,0.9957,持有
2016-07-19,23.02,1.70,0.1514,100369.79,437.04,100806.83,0.9957,持有
2016-07-20,22.97,1.70,0.1495,100152.81,437.04,100589.85,0.9957,持有
2016-07-21,23.14,1.71,0.1573,100896.75,437.04,101333.78,0.9957,持有
2016-07-22,22.96,1.70,0.1490,100121.81,437.04,100558.85,0.9957,持有
2016-07-25,22.96,1.70,0.1489,100121.81,437.04,100558.85,0.9957,持有
2016-07-26,23.11,1.71,0.1571,100803.76,437.04,101240.79,0.9957,持有
2016-07-27,23.31,1.72,0.1693,101640.69,437.04,102077.72,0.9957,持有
2016-07-28,23.07,1.71,0.1548,100586.77,437.04,101023.81,0.9957,持有
2016-07-29,23.01,1.70,0.1521,100338.79,437.04,100775.83,0.9957,持有
2016-08-01,22.94,1.70,0.1477,100059.82,437.04,100496.85,0.9957,持有
2016-08-02,22.94,1.70,0.1476,100059.82,437.04,100496.85,0.9957,持有
2016-08-03,22.87,1.69,0.1437,99749.84,437.04,100186.88,0.9956,持有
2016-08-04,22.85,1.69,0.1414,99656.85,437.04,100093.89,0.9956,持有
2016-08-05,22.87,1.69,0.1440,99749.84,437.04,100186.88,0.9956,持有
2016-08-08,22.94,1.70,0.1483,100028.82,437.04,100465.86,0.9956,持有
2016-08-09,23.13,1.71,0.1612,100865.75,437.04,101302.79,0.9957,持有
2016-08-10,23.13,1.71,0.1612,100865.75,437.04,101302.79,0.9957,持有
2016-08-11,23.31,1.72,0.1728,101640.69,437.04,102077.72,0.9957,持有
2016-08-12,23.80,1.76,0.2001,103779.51,437.04,104216.55,0.9958,持有
2016-08-15,24.56,1.82,0.2265,107127.24,437.04,107564.27,0.9959,持有
2016-08-16,24.11,1.78,0.2121,105143.40,437.04,105580.44,0.9959,持有
2016-08-17,24.15,1.79,0.2137,105298.39,437.04,105735.42,0.9959,持有
2016-08-18,24.47,1.73,0.1772,106724.27,437.04,107161.31,0.9959,持有
2016-08-19,24.54,1.73,0.1797,107003.25,437.04,107440.28,0.9959,持有
2016-08-22,24.49,1.73,0.1779,106817.26,437.04,107254.30,0.9959,持有
2016-08-23,24.76,1.75,0.1930,107995.17,437.04,108432.20,0.9960,持有
2016-08-24,24.40,1.72,0.1734,106414.30,437.04,106851.33,0.9959,持有
2016-08-25,24.23,1.71,0.1621,105670.36,437.04,106107.39,0.9959,持有
2016-08-26,24.23,1.71,0.1621,105670.36,437.04,106107.39,0.9959,持有
2016-08-29,24.35,1.72,0.1702,106197.31,437.04,106634.35,0.9959,持有
2016-08-30,24.32,1.72,0.1671,106042.33,437.04,106479.36,0.9959,持有
2016-08-31,24.32,1.72,0.1688,106073.32,437.04,106510.36,0.9959,持有
2016-09-01,24.43,1.73,0.1769,106538.29,437.04,106975.32,0.9959,持有
2016-09-02,24.78,1.75,0.1971,108057.16,437.04,108494.20,0.9960,持有
2016-09-05,24.85,1.75,0.1914,108368.85,437.04,108805.89,0.9960,持有
2016-09-06,25.12,1.76,0.2077,109553.55,437.04,109990.59,0.9960,持有
2016-09-07,25.17,1.77,0.2097,109771.79,437.04,110208.82,0.9960,持有
2016-09-08,25.29,1.78,0.2139,110301.78,437.04,110738.82,0.9961,持有
2016-09-09,25.35,1.78,0.2164,110551.19,437.04,110988.23,0.9961,持有
2016-09-12,25.11,1.76,0.2065,109491.20,437.04,109928.24,0.9960,持有
2016-09-13,24.82,1.74,0.1892,108244.15,437.04,108681.18,0.9960,持有
2016-09-14,24.52,1.72,0.1715,106934.74,437.04,107371.78,0.9959,持有
2016-09-19,25.00,1.76,0.2010,109023.55,437.04,109460.59,0.9960,持有
2016-09-20,24.91,1.75,0.1975,108649.44,437.04,109086.47,0.9960,持有
2016-09-21,24.79,1.74,0.1888,108088.26,437.04,108525.30,0.9960,持有
2016-09-22,25.03,1.76,0.2046,109148.26,437.04,109585.30,0.9960,持有
2016-09-23,24.94,1.75,0.1994,108774.14,437.04,109211.18,0.9960,持有
2016-09-26,24.58,1.73,0.1766,107184.15,437.04,107621.19,0.9959,持有
2016-09-27,24.56,1.73,0.1761,107121.80,437.04,107558.84,0.9959,持有
2016-09-28,24.41,1.71,0.1636,106435.92,437.04,106872.96,0.9959,持有
2016-09-29,24.44,1.72,0.1661,106591.80,437.04,107028.84,0.9959,持有
2016-09-30,24.42,1.72,0.1656,106498.27,437.04,106935.31,0.9959,持有
2016-10-10,24.74,1.74,0.1865,107870.03,437.04,108307.07,0.9960,持有
2016-10-11,24.58,1.73,0.1779,107184.15,437.04,107621.19,0.9959,持有
2016-10-12,24.52,1.72,0.1718,106934.74,437.04,107371.78,0.9959,持有
2016-10-13,24.39,1.71,0.1623,106373.57,437.04,106810.60,0.9959,持有
2016-10-14,24.38,1.71,0.1618,106342.39,437.04,106779.43,0.9959,持有
2016-10-17,24.26,1.70,0.1536,105812.39,437.04,106249.43,0.9959,持有
2016-10-18,24.45,1.72,0.1677,106622.98,437.04,107060.01,0.9959,持有
2016-10-19,24.39,1.71,0.1629,106373.57,437.04,106810.60,0.9959,持有
2016-10-20,24.41,1.71,0.1645,106435.92,437.04,106872.96,0.9959,持有
2016-10-21,24.46,1.72,0.1704,106685.33,437.04,107122.37,0.9959,持有
2016-10-24,24.66,1.73,0.1857,107527.09,437.04,107964.13,0.9960,持有
2016-10-25,24.70,1.74,0.1877,107714.15,437.04,108151.19,0.9960,持有
2016-10-26,24.61,1.73,0.1834,107308.86,437.04,107745.89,0.9959,持有
2016-10-27,24.44,1.72,0.1676,106591.80,437.04,107028.84,0.9959,持有
2016-10-28,24.69,1.66,0.1093,107651.80,437.04,108088.83,0.9960,持有
2016-10-31,24.74,1.67,0.1130,107901.21,437.04,108338.24,0.9960,持有
2016-11-01,25.06,1.69,0.1381,109304.14,437.04,109741.18,0.9960,持有
2016-11-02,24.74,1.67,0.1130,107901.21,437.04,108338.24,0.9960,持有
2016-11-03,25.00,1.69,0.1333,109023.55,437.04,109460.59,0.9960,持有
2016-11-04,24.97,1.68,0.1319,108898.85,437.04,109335.89,0.9960,持有
2016-11-07,25.01,1.69,0.1349,109085.91,437.04,109522.94,0.9960,持有
2016-11-08,25.02,1.69,0.1369,109117.08,437.04,109554.12,0.9960,持有
2016-11-09,24.81,1.67,0.1216,108212.97,437.04,108650.01,0.9960,持有
2016-11-10,24.98,1.68,0.1326,108930.02,437.04,109367.06,0.9960,持有
2016-11-11,25.01,1.69,0.1355,109085.91,437.04,109522.94,0.9960,持有
2016-11-14,24.99,1.68,0.1329,108961.20,437.04,109398.24,0.9960,持有
2016-11-15,24.99,1.68,0.1341,108992.38,437.04,109429.41,0.9960,持有
2016-11-16,25.04,1.69,0.1400,109179.44,437.04,109616.47,0.9960,持有
2016-11-17,25.02,1.69,0.1386,109117.08,437.04,109554.12,0.9960,持有
2016-11-18,25.03,1.69,0.1398,109148.26,437.04,109585.30,0.9960,持有
2016-11-21,25.66,1.73,0.1905,111922.95,437.04,112359.99,0.9961,持有
2016-11-22,25.82,1.74,0.1997,112608.83,437.04,113045.87,0.9961,持有
2016-11-23,25.72,1.73,0.1932,112172.36,437.04,112609.40,0.9961,持有
2016-11-24,26.04,1.75,0.2143,113544.12,437.04,113981.16,0.9962,持有
2016-11-25,26.29,1.77,0.2272,114666.47,437.04,115103.50,0.9962,持有
2016-11-28,26.17,1.76,0.2221,114136.47,437.04,114573.51,0.9962,持有
2016-11-29,26.29,1.77,0.2266,114635.29,437.04,115072.33,0.9962,持有
2016-11-30,25.97,1.75,0.2105,113263.53,437.04,113700.57,0.9962,持有
2016-12-01,26.04,1.75,0.2142,113544.12,437.04,113981.16,0.9962,持有
2016-12-02,25.93,1.75,0.2061,113076.47,437.04,113513.51,0.9961,持有
2016-12-05,25.92,1.75,0.2061,113045.30,437.04,113482.33,0.9961,持有
2016-12-06,25.86,1.74,0.2018,112764.71,437.04,113201.75,0.9961,持有
2016-12-07,26.06,1.76,0.2176,113668.82,437.04,114105.86,0.9962,持有
2016-12-08,26.09,1.76,0.2201,113793.53,437.04,114230.57,0.9962,持有
2016-12-09,26.35,1.78,0.2322,114915.88,437.04,115352.91,0.9962,持有
2016-12-12,26.38,1.78,0.2342,115040.58,437.04,115477.62,0.9962,持有
2016-12-13,26.20,1.77,0.2257,114261.17,437.04,114698.21,0.9962,持有
2016-12-14,26.47,1.78,0.2382,115445.87,437.04,115882.91,0.9962,持有
2016-12-15,25.45,1.72,0.1697,110987.66,437.04,111424.70,0.9961,持有
2016-12-16,25.36,1.71,0.1613,110613.55,437.04,111050.58,0.9961,持有
2016-12-19,25.31,1.71,0.1587,110364.13,437.04,110801.17,0.9961,持有
2016-12-20,24.78,1.67,0.1143,108057.09,437.04,108494.12,0.9960,持有
2016-12-21,24.84,1.67,0.1222,108306.50,437.04,108743.54,0.9960,持有
2016-12-22,24.86,1.68,0.1230,108400.03,437.04,108837.06,0.9960,持有
2016-12-23,24.83,1.67,0.1212,108275.32,437.04,108712.36,0.9960,持有
2016-12-26,25.11,1.69,0.1483,109491.20,437.04,109928.24,0.9960,持有
2016-12-27,25.21,1.70,0.1554,109927.67,437.04,110364.70,0.9960,持有
2016-12-28,25.23,1.70,0.1566,110021.20,437.04,110458.23,0.9960,持有
2016-12-29,25.11,1.69,0.1490,109522.37,437.04,109959.41,0.9960,持有
2016-12-30,25.33,1.71,0.1627,110457.66,437.04,110894.70,0.9961,持有
2017-01-03,25.51,1.72,0.1802,111237.07,437.04,111674.11,0.9961,持有
2017-01-04,25.49,1.72,0.1772,111143.54,437.04,111580.58,0.9961,持有
2017-01-05,25.54,1.72,0.1829,111392.95,437.04,111829.99,0.9961,持有
2017-01-06,25.34,1.71,0.1628,110488.84,437.04,110925.88,0.9961,持有
2017-01-09,25.32,1.71,0.1624,110426.49,437.04,110863.52,0.9961,持有
2017-01-10,25.19,1.70,0.1527,109834.14,437.04,110271.17,0.9960,持有
2017-01-11,25.19,1.70,0.1527,109834.14,437.04,110271.17,0.9960,持有
2017-01-12,25.17,1.70,0.1509,109771.79,437.04,110208.82,0.9960,持有
2017-01-13,25.42,1.71,0.1721,110862.96,437.04,111299.99,0.9961,持有
2017-01-16,25.87,1.74,0.2086,112827.06,437.04,113264.10,0.9961,持有
2017-01-17,25.72,1.73,0.1989,112172.36,437.04,112609.40,0.9961,持有
2017-01-18,25.89,1.74,0.2100,112889.42,437.04,113326.45,0.9961,持有
2017-01-19,25.77,1.74,0.2021,112390.59,437.04,112827.63,0.9961,持有
2017-01-20,25.92,1.75,0.2140,113045.30,437.04,113482.33,0.9961,持有
2017-01-23,25.88,1.74,0.2102,112858.24,437.04,113295.28,0.9961,持有
2017-01-24,25.86,1.74,0.2089,112795.89,437.04,113232.92,0.9961,持有
2017-01-25,26.04,1.76,0.2245,113575.29,437.04,114012.33,0.9962,持有
2017-01-26,26.10,1.76,0.2298,113824.71,437.04,114261.74,0.9962,持有
2017-02-03,25.46,1.72,0.1767,111050.01,437.04,111487.05,0.9961,持有
2017-02-06,25.69,1.73,0.1969,112047.66,437.04,112484.69,0.9961,持有
2017-02-07,25.78,1.74,0.2035,112421.77,437.04,112858.81,0.9961,持有
2017-02-08,25.75,1.74,0.2013,112297.07,437.04,112734.10,0.9961,持有
2017-02-09,25.81,1.74,0.2066,112577.65,437.04,113014.69,0.9961,持有
2017-02-10,25.88,1.74,0.2119,112858.24,437.04,113295.28,0.9961,持有
2017-02-13,25.96,1.75,0.2197,113201.18,437.04,113638.22,0.9962,持有
2017-02-14,25.81,1.74,0.2059,112546.48,437.04,112983.51,0.9961,持有
2017-02-15,25.96,1.75,0.2211,113232.36,437.04,113669.39,0.9962,持有
2017-02-16,25.95,1.75,0.2190,113170.00,437.04,113607.04,0.9962,持有
2017-02-17,25.92,1.75,0.2164,113045.30,437.04,113482.33,0.9961,持有
2017-02-20,26.32,1.77,0.2447,114791.17,437.04,115228.21,0.9962,持有
2017-02-21,26.29,1.77,0.2418,114635.29,437.04,115072.33,0.9962,持有
2017-02-22,26.32,1.77,0.2450,114791.17,437.04,115228.21,0.9962,持有
2017-02-23,26.11,1.76,0.2333,113855.88,437.04,114292.92,0.9962,持有
2017-02-24,26.14,1.76,0.2349,113980.59,437.04,114417.62,0.9962,持有
2017-02-27,25.96,1.75,0.2212,113232.36,437.04,113669.39,0.9962,持有
2017-02-28,25.90,1.75,0.2133,112951.77,437.04,113388.81,0.9961,持有
2017-03-01,25.85,1.74,0.2087,112733.53,437.04,113170.57,0.9961,持有
2017-03-02,25.64,1.73,0.1918,111798.25,437.04,112235.28,0.9961,持有
2017-03-03,25.63,1.73,0.1913,111767.07,437.04,112204.11,0.9961,持有
2017-03-06,25.61,1.73,0.1900,111704.72,437.04,112141.75,0.9961,持有
2017-03-07,25.71,1.73,0.1981,112110.01,437.04,112547.05,0.9961,持有
2017-03-08,25.61,1.73,0.1894,111673.54,437.04,112110.58,0.9961,持有
2017-03-09,25.58,1.72,0.1869,111548.83,437.04,111985.87,0.9961,持有
2017-03-10,25.45,1.72,0.1729,110987.66,437.04,111424.70,0.9961,持有
2017-03-13,25.71,1.73,0.1994,112141.18,437.04,112578.22,0.9961,持有
2017-03-14,25.69,1.73,0.1973,112047.66,437.04,112484.69,0.9961,持有
2017-03-15,25.71,1.73,0.1993,112110.01,437.04,112547.05,0.9961,持有
2017-03-16,25.79,1.74,0.2065,112452.95,437.04,112889.98,0.9961,持有
2017-03-17,25.56,1.72,0.1836,111455.31,437.04,111892.34,0.9961,持有
2017-03-20,25.61,1.73,0.1908,111704.72,437.04,112141.75,0.9961,持有
2017-03-21,25.93,1.75,0.2218,113076.47,437.04,113513.51,0.9961,持有
2017-03-22,25.74,1.73,0.2025,112234.71,437.04,112671.75,0.9961,持有
2017-03-23,26.14,1.74,0.2147,114011.76,437.04,114448.80,0.9962,持有
2017-03-24,26.13,1.74,0.2134,113949.41,437.04,114386.45,0.9962,持有
2017-03-27,26.27,1.75,0.2308,114541.76,437.04,114978.80,0.9962,持有
2017-03-28,26.26,1.75,0.2303,114510.58,437.04,114947.62,0.9962,持有
2017-03-29,26.29,1.75,0.2323,114666.47,437.04,115103.50,0.9962,持有
2017-03-30,26.27,1.75,0.2314,114572.94,437.04,115009.97,0.9962,持有
2017-03-31,26.46,1.76,0.2455,115383.52,437.04,115820.56,0.9962,持有
2017-04-05,26.52,1.77,0.2491,115664.11,437.04,116101.14,0.9962,持有
2017-04-06,26.42,1.76,0.2425,115227.64,437.04,115664.68,0.9962,持有
2017-04-07,26.16,1.74,0.2172,114105.29,437.04,114542.33,0.9962,持有
2017-04-10,26.06,1.74,0.2061,113637.65,437.04,114074.68,0.9962,持有
2017-04-11,25.87,1.73,0.1881,112827.06,437.04,113264.10,0.9961,持有
2017-04-12,25.74,1.72,0.1742,112265.89,437.04,112702.93,0.9961,持有
2017-04-13,25.66,1.71,0.1657,111922.95,437.04,112359.99,0.9961,持有
2017-04-14,25.66,1.71,0.1648,111891.77,437.04,112328.81,0.9961,持有
2017-04-17,25.75,1.72,0.1757,112297.07,437.04,112734.10,0.9961,持有
2017-04-18,25.52,1.70,0.1553,111299.42,437.04,111736.46,0.9961,持有
2017-04-19,25.39,1.69,0.1451,110707.07,437.04,111144.11,0.9961,持有
2017-04-20,25.59,1.71,0.1600,111611.19,437.04,112048.22,0.9961,持有
2017-04-21,25.80,1.72,0.1827,112515.30,437.04,112952.34,0.9961,持有
2017-04-24,25.86,1.72,0.1899,112764.71,437.04,113201.75,0.9961,持有
2017-04-25,26.08,1.74,0.2117,113731.18,437.04,114168.21,0.9962,持有
2017-04-26,26.82,1.79,0.2674,116942.34,437.04,117379.37,0.9963,持有
2017-04-27,27.04,1.80,0.2746,117908.80,437.04,118345.84,0.9963,持有
2017-04-28,27.14,1.69,0.1342,118345.27,437.04,118782.31,0.9963,持有
2017-05-02,27.10,1.68,0.1289,118189.39,437.04,118626.43,0.9963,持有
2017-05-03,27.17,1.69,0.1373,118469.98,437.04,118907.01,0.9963,持有
2017-05-04,27.04,1.68,0.1231,117908.80,437.04,118345.84,0.9963,持有
2017-05-05,26.64,1.66,0.0981,116162.93,437.04,116599.97,0.9963,持有
2017-05-08,27.02,1.68,0.1218,117815.27,437.04,118252.31,0.9963,持有
2017-05-09,27.16,1.69,0.1383,118438.80,437.04,118875.84,0.9963,持有
2017-05-10,28.48,1.77,0.2555,124206.42,437.04,124643.45,0.9965,持有
2017-05-11,28.43,1.77,0.2534,123988.18,437.04,124425.22,0.9965,持有
2017-05-12,29.27,1.82,0.2835,127666.99,437.04,128104.02,0.9966,持有
2017-05-15,29.24,1.82,0.2814,127511.10,437.04,127948.14,0.9966,持有
2017-05-16,29.37,1.83,0.2857,128103.45,437.04,128540.49,0.9966,持有
2017-05-17,28.90,1.80,0.2739,126014.64,437.04,126451.68,0.9965,持有
2017-05-18,29.04,1.80,0.2782,126638.17,437.04,127075.21,0.9966,持有
2017-05-19,29.32,1.82,0.2846,127854.04,437.04,128291.08,0.9966,持有
2017-05-22,30.63,1.90,0.3057,133559.31,437.04,133996.35,0.9967,持有
2017-05-23,30.86,1.92,0.3092,134588.13,437.04,135025.16,0.9968,持有
2017-05-24,30.76,1.91,0.3071,134151.66,437.04,134588.70,0.9968,持有
2017-05-25,32.52,2.02,0.3399,141821.03,437.04,142258.07,0.9969,持有
2017-05-26,32.30,2.01,0.3365,140854.57,437.04,141291.60,0.9969,持有
2017-05-31,32.22,2.00,0.3340,140511.63,437.04,140948.66,0.9969,持有
2017-06-01,32.86,2.04,0.3463,143317.49,437.04,143754.53,0.9970,持有
2017-06-02,32.14,2.00,0.3333,140168.69,437.04,140605.72,0.9969,持有
2017-06-05,31.93,1.98,0.3300,139264.57,437.04,139701.61,0.9969,持有
2017-06-06,32.91,2.04,0.3491,143504.55,437.04,143941.59,0.9970,持有
2017-06-07,32.87,2.04,0.3473,143348.67,437.04,143785.71,0.9970,持有
2017-06-08,34.04,2.12,0.3652,148461.58,437.04,148898.62,0.9971,持有
2017-06-09,34.41,2.14,0.3703,150082.75,437.04,150519.79,0.9971,持有
2017-06-12,34.98,2.17,0.3773,152545.68,437.04,152982.72,0.9971,持有
2017-06-13,34.63,2.15,0.3736,151018.04,437.04,151455.08,0.9971,持有
2017-06-14,33.75,2.10,0.3614,147183.36,437.04,147620.39,0.9970,持有
2017-06-15,33.01,2.05,0.3501,143972.20,437.04,144409.23,0.9970,持有
2017-06-16,33.39,2.07,0.3559,145593.36,437.04,146030.40,0.9970,持有
2017-06-19,34.72,2.16,0.3750,151392.16,437.04,151829.19,0.9971,持有
2017-06-20,34.39,2.14,0.3696,149958.05,437.04,150395.08,0.9971,持有
2017-06-21,35.34,2.20,0.3822,154104.50,437.04,154541.53,0.9972,持有
2017-06-22,35.13,2.18,0.3797,153200.38,437.04,153637.42,0.9972,持有
2017-06-23,35.54,2.21,0.3843,155008.61,437.04,155445.65,0.9972,持有
2017-06-26,35.54,2.21,0.3842,155008.61,437.04,155445.65,0.9972,持有
2017-06-27,35.69,2.22,0.3880,155632.14,437.04,156069.17,0.9972,持有
2017-06-28,34.75,2.16,0.3759,151548.04,437.04,151985.08,0.9971,持有
2017-06-29,35.72,2.22,0.3893,155756.84,437.04,156193.88,0.9972,持有
2017-06-30,35.47,2.20,0.3831,154665.67,437.04,155102.71,0.9972,持有
2017-07-03,34.99,2.17,0.3782,152576.86,437.04,153013.89,0.9971,持有
2017-07-04,34.26,2.13,0.3670,149396.87,437.04,149833.91,0.9971,持有
2017-07-05,36.04,2.24,0.3950,157190.95,437.04,157627.99,0.9972,持有
2017-07-06,36.74,2.28,0.4067,160215.05,437.04,160652.09,0.9973,持有
2017-07-07,36.47,2.27,0.4026,159030.35,437.04,159467.39,0.9973,持有
2017-07-10,36.55,2.27,0.4044,159404.47,437.04,159841.51,0.9973,持有
2017-07-11,37.02,2.28,0.4051,161453.05,437.04,161890.09,0.9973,持有
2017-07-12,36.57,2.25,0.3962,159499.10,437.04,159936.14,0.9973,持有
2017-07-13,37.31,2.29,0.4127,162713.67,437.04,163150.70,0.9973,持有
2017-07-14,38.13,2.34,0.4371,166306.41,437.04,166743.45,0.9974,持有
2017-07-17,38.95,2.39,0.4622,169867.65,437.04,170304.68,0.9974,持有
2017-07-18,38.64,2.38,0.4525,168512.49,437.04,168949.52,0.9974,持有
2017-07-19,38.91,2.39,0.4603,169678.56,437.04,170115.59,0.9974,持有
2017-07-20,39.03,2.40,0.4640,170214.32,437.04,170651.35,0.9974,持有
2017-07-21,37.55,2.31,0.4176,163753.67,437.04,164190.71,0.9973,持有
2017-07-24,38.02,2.34,0.4309,165802.17,437.04,166239.21,0.9974,持有
2017-07-25,37.80,2.32,0.4244,164856.71,437.04,165293.75,0.9974,持有
2017-07-26,37.50,2.31,0.4167,163533.07,437.04,163970.10,0.9973,持有
2017-07-27,37.84,2.33,0.4260,165014.29,437.04,165451.32,0.9974,持有
2017-07-28,37.50,2.31,0.4164,163533.07,437.04,163970.10,0.9973,持有
2017-07-31,37.59,2.31,0.4198,163942.76,437.04,164379.80,0.9973,持有
2017-08-01,39.64,2.44,0.4752,172861.60,437.04,173298.64,0.9975,持有
2017-08-02,39.05,2.40,0.4659,170308.86,437.04,170745.90,0.9974,持有
2017-08-03,38.24,2.35,0.4390,166779.14,437.04,167216.18,0.9974,持有
2017-08-04,37.54,2.31,0.4164,163690.64,437.04,164127.68,0.9973,持有
2017-08-07,37.81,2.32,0.4253,164888.22,437.04,165325.26,0.9974,持有
2017-08-08,37.90,2.33,0.4286,165297.92,437.04,165734.96,0.9974,持有
2017-08-09,37.62,2.31,0.4198,164068.83,437.04,164505.86,0.9973,持有
2017-08-10,36.66,2.25,0.3961,159877.29,437.04,160314.32,0.9973,持有
2017-08-11,35.83,2.20,0.3790,156253.02,437.04,156690.06,0.9972,持有
2017-08-14,36.49,2.24,0.3918,159120.92,437.04,159557.96,0.9973,持有
2017-08-15,36.78,2.26,0.3984,160413.05,437.04,160850.08,0.9973,持有
2017-08-16,37.01,2.28,0.4029,161390.02,437.04,161827.06,0.9973,持有
2017-08-17,36.93,2.27,0.4016,161043.35,437.04,161480.39,0.9973,持有
2017-08-18,38.42,2.28,0.4057,167567.03,437.04,168004.06,0.9974,持有
2017-08-21,38.32,2.28,0.4040,167125.81,437.04,167562.85,0.9974,持有
2017-08-22,39.89,2.37,0.4524,173964.64,437.04,174401.68,0.9975,持有
2017-08-23,40.04,2.38,0.4589,174594.95,437.04,175031.98,0.9975,持有
2017-08-24,39.83,2.37,0.4509,173712.52,437.04,174149.55,0.9975,持有
2017-08-25,40.35,2.40,0.4675,175950.11,437.04,176387.14,0.9975,持有
2017-08-28,40.61,2.41,0.4724,177116.17,437.04,177553.21,0.9975,持有
2017-08-29,41.24,2.45,0.4816,179826.49,437.04,180263.53,0.9976,持有
2017-08-30,40.77,2.42,0.4740,177778.00,437.04,178215.03,0.9975,持有
2017-08-31,40.49,2.41,0.4699,176580.41,437.04,177017.45,0.9975,持有
2017-09-01,40.59,2.41,0.4721,177021.63,437.04,177458.66,0.9975,持有
2017-09-04,40.21,2.37,0.4508,175367.97,437.04,175805.01,0.9975,持有
2017-09-05,41.04,2.42,0.4733,178992.98,437.04,179430.02,0.9976,持有
2017-09-06,40.40,2.38,0.4579,176162.93,437.04,176599.96,0.9975,持有
2017-09-07,40.04,2.36,0.4441,174604.81,437.04,175041.84,0.9975,持有
2017-09-08,40.12,2.36,0.4478,174954.59,437.04,175391.63,0.9975,持有
2017-09-11,39.37,2.32,0.4227,171679.36,437.04,172116.40,0.9975,持有
2017-09-12,39.96,2.35,0.4400,174286.82,437.04,174723.86,0.9975,持有
2017-09-13,40.15,2.36,0.4492,175113.58,437.04,175550.62,0.9975,持有
2017-09-14,39.39,2.32,0.4226,171774.75,437.04,172211.79,0.9975,持有
2017-09-15,38.92,2.29,0.4080,169739.66,437.04,170176.69,0.9974,持有
2017-09-18,38.86,2.29,0.4067,169485.27,437.04,169922.31,0.9974,持有
2017-09-19,38.98,2.30,0.4096,169994.05,437.04,170431.08,0.9974,持有
2017-09-20,38.70,2.28,0.4021,168785.71,437.04,169222.74,0.9974,持有
2017-09-21,39.24,2.31,0.4179,171138.79,437.04,171575.82,0.9975,持有
2017-09-22,39.40,2.32,0.4243,171838.35,437.04,172275.39,0.9975,持有
2017-09-25,39.49,2.33,0.4265,172219.93,437.04,172656.97,0.9975,持有
2017-09-26,39.56,2.33,0.4294,172506.12,437.04,172943.15,0.9975,持有
2017-09-27,39.08,2.30,0.4110,170439.22,437.04,170876.26,0.9974,持有
2017-09-28,39.18,2.31,0.4151,170884.40,437.04,171321.44,0.9974,持有
2017-09-29,39.49,2.33,0.4266,172219.93,437.04,172656.97,0.9975,持有
2017-10-09,39.93,2.35,0.4419,174127.83,437.04,174564.87,0.9975,持有
2017-10-10,40.05,2.36,0.4472,174636.61,437.04,175073.64,0.9975,持有
2017-10-11,40.33,2.37,0.4574,175876.74,437.04,176313.78,0.9975,持有
2017-10-12,41.64,2.45,0.4878,181600.45,437.04,182037.48,0.9976,持有
2017-10-13,41.62,2.45,0.4869,181505.05,437.04,181942.09,0.9976,持有
2017-10-16,41.69,2.45,0.4898,181791.24,437.04,182228.27,0.9976,持有
2017-10-17,42.25,2.49,0.5043,184239.71,437.04,184676.75,0.9976,持有
2017-10-18,43.01,2.53,0.5249,187546.74,437.04,187983.78,0.9977,持有
2017-10-19,43.45,2.56,0.5355,189486.44,437.04,189923.48,0.9977,持有
2017-10-20,43.03,2.53,0.5253,187673.93,437.04,188110.97,0.9977,持有
2017-10-23,43.66,2.57,0.5386,190408.59,437.04,190845.63,0.9977,持有
2017-10-24,43.90,2.58,0.5434,191426.14,437.04,191863.18,0.9977,持有
2017-10-25,43.81,2.58,0.5416,191044.56,437.04,191481.60,0.9977,持有
2017-10-26,44.76,2.64,0.5603,195210.15,437.04,195647.18,0.9978,持有
2017-10-27,46.61,2.74,0.5794,203286.93,437.04,203723.97,0.9979,持有
2017-10-30,46.71,2.61,0.5537,203700.31,437.04,204137.35,0.9979,持有
2017-10-31,46.93,2.62,0.5581,204654.26,437.04,205091.30,0.9979,持有
2017-11-01,46.75,2.61,0.5537,203891.10,437.04,204328.14,0.9979,持有
2017-11-02,46.77,2.62,0.5546,203954.70,437.04,204391.73,0.9979,持有
2017-11-03,46.99,2.63,0.5594,204940.45,437.04,205377.48,0.9979,持有
2017-11-06,46.67,2.61,0.5519,203541.32,437.04,203978.35,0.9979,持有
2017-11-07,47.66,2.67,0.5670,207865.89,437.04,208302.93,0.9979,持有
2017-11-08,47.11,2.63,0.5607,205449.22,437.04,205886.26,0.9979,持有
2017-11-09,48.36,2.70,0.5731,210918.54,437.04,211355.57,0.9979,持有
2017-11-10,50.96,2.85,0.5944,222238.75,437.04,222675.79,0.9980,持有
2017-11-13,51.15,2.86,0.5949,223065.51,437.04,223502.55,0.9980,持有
2017-11-14,51.35,2.87,0.5959,223924.07,437.04,224361.10,0.9981,持有
2017-11-15,50.46,2.82,0.5899,220044.67,437.04,220481.70,0.9980,持有
2017-11-16,53.24,2.98,0.6100,232159.84,437.04,232596.88,0.9981,持有
2017-11-17,54.88,3.07,0.6216,239346.27,437.04,239783.31,0.9982,持有
2017-11-20,55.20,3.09,0.6252,240745.40,437.04,241182.44,0.9982,持有
2017-11-21,57.19,3.20,0.6399,249426.35,437.04,249863.39,0.9983,持有
2017-11-22,56.47,3.16,0.6331,246278.32,437.04,246715.35,0.9982,持有
2017-11-23,54.19,3.03,0.6157,236325.43,437.04,236762.47,0.9982,持有
2017-11-24,54.41,3.04,0.6170,237279.38,437.04,237716.42,0.9982,持有
2017-11-27,53.63,3.00,0.6122,233876.95,437.04,234313.99,0.9981,持有
2017-11-28,53.03,2.97,0.6073,231269.49,437.04,231706.53,0.9981,持有
2017-11-29,52.81,2.95,0.6052,230283.74,437.04,230720.78,0.9981,持有
2017-11-30,50.98,2.85,0.5920,222334.15,437.04,222771.19,0.9980,持有
2017-12-01,49.66,2.78,0.5822,216546.85,437.04,216983.88,0.9980,持有
2017-12-04,50.60,2.83,0.5881,220648.84,437.04,221085.87,0.9980,持有
2017-12-05,51.92,2.90,0.5986,226404.34,437.04,226841.38,0.9981,持有
2017-12-06,50.60,2.83,0.5880,220680.63,437.04,221117.67,0.9980,持有
2017-12-07,50.05,2.80,0.5851,218263.96,437.04,218701.00,0.9980,持有
2017-12-08,52.13,2.92,0.5994,227326.49,437.04,227763.53,0.9981,持有
2017-12-11,53.41,2.99,0.6117,232923.00,437.04,233360.04,0.9981,持有
2017-12-12,51.92,2.90,0.5986,226436.14,437.04,226873.17,0.9981,持有
2017-12-13,52.59,2.94,0.6044,229329.79,437.04,229766.83,0.9981,持有
2017-12-14,51.78,2.90,0.5962,225800.17,437.04,226237.21,0.9981,持有
2017-12-15,51.32,2.87,0.5929,223796.87,437.04,224233.91,0.9981,持有
2017-12-18,51.53,2.88,0.5946,224719.03,437.04,225156.06,0.9981,持有
2017-12-19,53.65,3.00,0.6145,233972.35,437.04,234409.39,0.9981,持有
2017-12-20,53.91,3.02,0.6158,235117.09,437.04,235554.13,0.9981,持有
2017-12-21,54.62,3.05,0.6216,238201.53,437.04,238638.57,0.9982,持有
2017-12-22,53.97,3.02,0.6157,235371.48,437.04,235808.51,0.9981,持有
2017-12-25,54.07,3.02,0.6170,235816.66,437.04,236253.69,0.9982,持有
2017-12-26,53.91,3.02,0.6149,235117.09,437.04,235554.13,0.9981,持有
2017-12-27,51.30,2.87,0.5911,223701.48,437.04,224138.52,0.9981,持有
2017-12-28,51.47,2.88,0.5924,224464.64,437.04,224901.68,0.9981,持有
2017-12-29,51.03,2.85,0.5892,222524.94,437.04,222961.98,0.9980,持有
2018-01-02,52.93,2.96,0.6067,230824.31,437.04,231261.35,0.9981,持有
2018-01-03,51.75,2.89,0.5952,225672.98,437.04,226110.01,0.9981,持有
2018-01-04,51.90,2.90,0.5968,226340.74,437.04,226777.78,0.9981,持有
2018-01-05,51.69,2.89,0.5947,225418.59,437.04,225855.63,0.9981,持有
2018-01-08,51.05,2.85,0.5884,222620.33,437.04,223057.37,0.9980,持有
2018-01-09,52.40,2.93,0.6007,228534.83,437.04,228971.87,0.9981,持有
2018-01-10,52.29,2.92,0.6005,228057.85,437.04,228494.89,0.9981,持有
2018-01-11,52.97,2.96,0.6082,231015.10,437.04,231452.14,0.9981,持有
2018-01-12,54.26,3.03,0.6200,236611.61,437.04,237048.65,0.9982,持有
2018-01-15,56.62,3.17,0.6405,246914.28,437.04,247351.32,0.9982,持有
2018-01-16,56.74,3.17,0.6418,247423.06,437.04,247860.09,0.9982,持有
2018-01-17,56.39,3.15,0.6363,245928.53,437.04,246365.57,0.9982,持有
2018-01-18,56.59,3.16,0.6394,246787.09,437.04,247224.13,0.9982,持有
2018-01-19,56.57,3.16,0.6392,246723.49,437.04,247160.53,0.9982,持有
2018-01-22,57.41,3.21,0.6480,250380.30,437.04,250817.34,0.9983,持有
2018-01-23,57.43,3.21,0.6485,250443.90,437.04,250880.94,0.9983,持有
2018-01-24,55.74,3.12,0.6309,243066.68,437.04,243503.72,0.9982,持有
2018-01-25,54.90,3.07,0.6243,239409.87,437.04,239846.91,0.9982,持有
2018-01-26,55.49,3.10,0.6305,241985.54,437.04,242422.57,0.9982,持有
2018-01-29,53.49,2.99,0.6110,233272.79,437.04,233709.82,0.9981,持有
2018-01-30,53.51,2.99,0.6112,233336.38,437.04,233773.42,0.9981,持有
2018-01-31,54.74,3.06,0.6226,238742.10,437.04,239179.14,0.9982,持有
2018-02-01,55.04,3.08,0.6265,240014.04,437.04,240451.08,0.9982,持有
2018-02-02,55.42,3.10,0.6300,241699.35,437.04,242136.39,0.9982,持有
2018-02-05,55.20,3.09,0.6279,240745.40,437.04,241182.44,0.9982,持有
2018-02-06,53.79,3.01,0.6127,234576.52,437.04,235013.56,0.9981,持有
2018-02-07,52.05,2.91,0.5941,226976.71,437.04,227413.75,0.9981,持有
2018-02-08,50.30,2.81,0.5766,219376.90,437.04,219813.94,0.9980,持有
2018-02-09,46.98,2.63,0.5449,204876.85,437.04,205313.89,0.9979,持有
2018-02-12,47.37,2.65,0.5507,206562.16,437.04,206999.20,0.9979,持有
2018-02-13,48.87,2.73,0.5662,213112.62,437.04,213549.66,0.9980,持有
2018-02-14,50.23,2.81,0.5765,219058.92,437.04,219495.95,0.9980,持有
2018-02-22,50.87,2.85,0.5826,221857.17,437.04,222294.21,0.9980,持有
2018-02-23,51.51,2.88,0.5884,224623.63,437.04,225060.67,0.9981,持有
2018-02-26,51.62,2.89,0.5904,225132.41,437.04,225569.44,0.9981,持有
2018-02-27,50.90,2.85,0.5824,221984.37,437.04,222421.40,0.9980,持有
2018-02-28,49.41,2.76,0.5687,215465.70,437.04,215902.74,0.9980,持有
2018-03-01,50.26,2.81,0.5763,219186.11,437.04,219623.15,0.9980,持有
2018-03-02,49.35,2.76,0.5679,215211.32,437.04,215648.35,0.9980,持有
2018-03-05,49.49,2.77,0.5699,215847.28,437.04,216284.32,0.9980,持有
2018-03-06,50.54,2.83,0.5787,220426.25,437.04,220863.28,0.9980,持有
2018-03-07,50.15,2.80,0.5751,218709.14,437.04,219146.17,0.9980,持有
2018-03-08,51.43,2.88,0.5883,224305.65,437.04,224742.68,0.9981,持有
2018-03-09,51.69,2.89,0.5922,225418.59,437.04,225855.63,0.9981,持有
2018-03-12,51.86,2.90,0.5946,226149.95,437.04,226586.99,0.9981,持有
2018-03-13,50.62,2.83,0.5791,220744.23,437.04,221181.27,0.9980,持有
2018-03-14,50.18,2.81,0.5748,218836.33,437.04,219273.37,0.9980,持有
2018-03-15,51.40,2.87,0.5876,224146.66,437.04,224583.69,0.9981,持有
2018-03-16,51.41,2.88,0.5877,224210.25,437.04,224647.29,0.9981,持有
2018-03-19,53.82,3.01,0.6165,234703.71,437.04,235140.75,0.9981,持有
2018-03-20,54.02,3.02,0.6181,235594.07,437.04,236031.10,0.9981,持有
2018-03-21,53.83,2.85,0.5830,234735.51,437.04,235172.55,0.9981,持有
2018-03-22,53.14,2.81,0.5754,231746.46,437.04,232183.50,0.9981,持有
2018-03-23,51.26,2.71,0.5570,223542.49,437.04,223979.52,0.9980,持有
2018-03-26,49.79,2.64,0.5430,217119.22,437.04,217556.25,0.9980,持有
2018-03-27,49.70,2.63,0.5413,216737.64,437.04,217174.67,0.9980,持有
2018-03-28,47.69,2.53,0.4996,207961.29,437.04,208398.33,0.9979,持有
2018-03-29,48.41,2.56,0.5161,211109.33,437.04,211546.36,0.9979,持有
2018-03-30,47.62,2.52,0.4963,207675.10,437.04,208112.14,0.9979,持有
2018-04-02,47.15,2.50,0.4865,205608.21,437.04,206045.25,0.9979,持有
2018-04-03,47.04,2.49,0.4848,205131.24,437.04,205568.27,0.9979,持有
2018-04-04,47.07,2.49,0.4858,205258.43,437.04,205695.47,0.9979,持有
2018-04-09,48.09,2.55,0.5107,209742.00,437.04,210179.03,0.9979,持有
2018-04-10,49.76,2.64,0.5442,217023.82,437.04,217460.86,0.9980,持有
2018-04-11,49.34,2.61,0.5347,215179.52,437.04,215616.55,0.9980,持有
2018-04-12,48.65,2.58,0.5209,212158.67,437.04,212595.71,0.9979,持有
2018-04-13,48.26,2.56,0.5129,210441.56,437.04,210878.60,0.9979,持有
2018-04-16,46.88,2.48,0.4806,204463.47,437.04,204900.51,0.9979,持有
2018-04-17,46.03,2.44,0.4620,200743.06,437.04,201180.10,0.9978,持有
2018-04-18,46.31,2.45,0.4674,201951.40,437.04,202388.44,0.9978,持有
2018-04-19,47.02,2.49,0.4841,205035.84,437.04,205472.88,0.9979,持有
2018-04-20,46.78,2.48,0.4766,203986.49,437.04,204423.53,0.9979,持有
2018-04-23,47.39,2.51,0.4912,206657.56,437.04,207094.59,0.9979,持有
2018-04-24,48.53,2.57,0.5190,211649.90,437.04,212086.94,0.9979,持有
2018-04-25,47.76,2.53,0.5029,208279.27,437.04,208716.31,0.9979,持有
2018-04-26,46.02,2.44,0.4608,200711.26,437.04,201148.30,0.9978,持有
2018-04-27,44.40,2.22,0.3609,193620.23,437.04,194057.27,0.9977,持有
2018-05-02,44.73,2.23,0.3652,195051.15,437.04,195488.19,0.9978,持有
2018-05-03,44.80,2.24,0.3662,195369.14,437.04,195806.17,0.9978,持有
2018-05-04,44.27,2.21,0.3572,193047.86,437.04,193484.89,0.9977,持有
2018-05-07,44.62,2.23,0.3648,194574.18,437.04,195011.22,0.9978,持有
2018-05-08,45.99,2.30,0.3907,200584.07,437.04,201021.11,0.9978,持有
2018-05-09,45.90,2.29,0.3884,200170.69,437.04,200607.73,0.9978,持有
2018-05-10,46.07,2.30,0.3916,200902.05,437.04,201339.09,0.9978,持有
2018-05-11,46.01,2.30,0.3910,200647.67,437.04,201084.70,0.9978,持有
2018-05-14,46.74,2.33,0.4129,203827.50,437.04,204264.54,0.9979,持有
2018-05-15,46.64,2.33,0.4106,203414.12,437.04,203851.16,0.9979,持有
2018-05-16,45.80,2.29,0.3851,199725.51,437.04,200162.55,0.9978,持有
2018-05-17,45.21,2.26,0.3729,197149.85,437.04,197586.88,0.9978,持有
2018-05-18,45.97,2.30,0.3900,200456.88,437.04,200893.91,0.9978,持有
2018-05-21,46.42,2.32,0.4045,202428.37,437.04,202865.41,0.9978,持有
2018-05-22,45.94,2.29,0.3886,200361.48,437.04,200798.52,0.9978,持有
2018-05-23,45.03,2.25,0.3691,196386.69,437.04,196823.72,0.9978,持有
2018-05-24,44.64,2.23,0.3634,194669.57,437.04,195106.61,0.9978,持有
2018-05-25,44.86,2.24,0.3670,195655.32,437.04,196092.36,0.9978,持有
2018-05-28,45.57,2.28,0.3800,198739.76,437.04,199176.80,0.9978,持有
2018-05-29,45.48,2.27,0.3787,198358.18,437.04,198795.22,0.9978,持有
2018-05-30,44.22,2.21,0.3549,192857.07,437.04,193294.10,0.9977,持有
2018-05-31,45.30,2.26,0.3752,197563.23,437.04,198000.26,0.9978,持有
2018-06-01,44.94,2.25,0.3674,196005.11,437.04,196442.14,0.9978,持有
2018-06-04,46.32,2.31,0.4037,202015.00,437.04,202452.03,0.9978,持有
2018-06-05,47.09,2.35,0.4258,205353.82,437.04,205790.86,0.9979,持有
2018-06-06,46.53,2.32,0.4093,202905.35,437.04,203342.39,0.9979,持有
2018-06-07,47.00,2.30,0.3964,204947.00,437.04,205384.04,0.9979,持有
2018-06-08,46.36,2.27,0.3791,202192.34,437.04,202629.38,0.9978,持有
2018-06-11,46.84,2.30,0.3913,204266.44,437.04,204703.48,0.9979,持有
2018-06-12,47.49,2.33,0.4130,207085.92,437.04,207522.96,0.9979,持有
2018-06-13,47.37,2.32,0.4089,206599.80,437.04,207036.84,0.9979,持有
2018-06-14,47.89,2.35,0.4251,208835.94,437.04,209272.98,0.9979,持有
2018-06-15,48.03,2.35,0.4293,209451.69,437.04,209888.73,0.9979,持有
2018-06-19,46.14,2.26,0.3732,201220.11,437.04,201657.14,0.9978,持有
2018-06-20,45.96,2.25,0.3705,200442.32,437.04,200879.35,0.9978,持有
2018-06-21,45.40,2.23,0.3609,197979.32,437.04,198416.36,0.9978,持有
2018-06-22,45.38,2.22,0.3608,197914.51,437.04,198351.55,0.9978,持有
2018-06-25,44.43,2.18,0.3465,193766.31,437.04,194203.35,0.9977,持有
2018-06-26,44.02,2.16,0.3420,191983.88,437.04,192420.92,0.9977,持有
2018-06-27,42.73,2.09,0.3270,186344.92,437.04,186781.96,0.9977,持有
2018-06-28,42.23,2.07,0.3222,184173.60,437.04,184610.63,0.9976,持有
2018-06-29,43.53,2.13,0.3362,189844.96,437.04,190282.00,0.9977,持有
2018-07-02,41.04,2.01,0.3068,178955.94,437.04,179392.98,0.9976,持有
2018-07-03,41.87,2.05,0.3182,182585.61,437.04,183022.65,0.9976,持有
2018-07-04,41.26,2.02,0.3091,179928.17,437.04,180365.21,0.9976,持有
2018-07-05,41.27,2.02,0.3093,179960.58,437.04,180397.62,0.9976,持有
2018-07-06,42.31,2.07,0.3244,184530.08,437.04,184967.12,0.9976,持有
2018-07-09,43.76,2.14,0.3413,190817.20,437.04,191254.23,0.9977,持有
2018-07-10,43.24,2.12,0.3343,188548.65,437.04,188985.69,0.9977,持有
2018-07-11,42.43,2.08,0.3255,185016.20,437.04,185453.24,0.9976,持有
2018-07-12,43.38,2.13,0.3359,189196.81,437.04,189633.84,0.9977,持有
2018-07-13,43.50,2.13,0.3379,189715.33,437.04,190152.37,0.9977,持有
2018-07-16,42.89,2.10,0.3313,187057.89,437.04,187494.93,0.9977,持有
2018-07-17,43.12,2.11,0.3333,188030.13,437.04,188467.16,0.9977,持有
2018-07-18,42.96,2.11,0.3318,187349.56,437.04,187786.60,0.9977,持有
2018-07-19,43.63,2.14,0.3410,190266.26,437.04,190703.30,0.9977,持有
2018-07-20,45.21,2.22,0.3604,197169.13,437.04,197606.17,0.9978,持有
2018-07-23,45.39,2.22,0.3656,197946.92,437.04,198383.95,0.9978,持有
2018-07-24,45.88,2.25,0.3727,200085.83,437.04,200522.87,0.9978,持有
2018-07-25,46.19,2.26,0.3805,201446.96,437.04,201884.00,0.9978,持有
2018-07-26,45.18,2.21,0.3595,197039.50,437.04,197476.53,0.9978,持有
2018-07-27,45.23,2.22,0.3604,197266.35,437.04,197703.39,0.9978,持有
2018-07-30,45.75,2.24,0.3707,199502.49,437.04,199939.53,0.9978,持有
2018-07-31,45.78,2.24,0.3713,199632.12,437.04,200069.16,0.9978,持有
2018-08-01,44.36,2.17,0.3493,193474.64,437.04,193911.67,0.9977,持有
2018-08-02,43.29,2.12,0.3344,188807.91,437.04,189244.95,0.9977,持有
2018-08-03,42.97,2.11,0.3307,187381.97,437.04,187819.01,0.9977,持有
2018-08-06,42.98,2.11,0.3309,187414.38,437.04,187851.41,0.9977,持有
2018-08-07,44.26,2.17,0.3480,193020.93,437.04,193457.97,0.9977,持有
2018-08-08,43.38,2.13,0.3357,189196.81,437.04,189633.84,0.9977,持有
2018-08-09,45.05,2.21,0.3568,196456.16,437.04,196893.19,0.9978,持有
2018-08-10,44.91,2.20,0.3545,195872.82,437.04,196309.85,0.9978,持有
2018-08-13,44.25,2.17,0.3479,192988.52,437.04,193425.56,0.9977,持有
2018-08-14,43.88,2.15,0.3442,191368.13,437.04,191805.17,0.9977,持有
2018-08-15,42.38,2.08,0.3222,184821.75,437.04,185258.79,0.9976,持有
2018-08-16,42.34,2.08,0.3218,184659.71,437.04,185096.75,0.9976,持有
2018-08-17,42.05,2.06,0.3181,183363.40,437.04,183800.44,0.9976,持有
2018-08-20,42.96,2.11,0.3301,187349.56,437.04,187786.60,0.9977,持有
2018-08-21,44.16,2.16,0.3486,192567.22,437.04,193004.26,0.9977,持有
2018-08-22,45.28,2.16,0.3467,197460.80,437.04,197897.84,0.9978,持有
2018-08-23,46.17,2.20,0.3562,201349.74,437.04,201786.77,0.9978,持有
2018-08-24,46.42,2.21,0.3625,202451.60,437.04,202888.64,0.9978,持有
2018-08-27,47.17,2.25,0.3770,205692.38,437.04,206129.42,0.9979,持有
2018-08-28,46.74,2.23,0.3701,203845.14,437.04,204282.17,0.9979,持有
2018-08-29,46.82,2.23,0.3714,204201.62,437.04,204638.66,0.9979,持有
2018-08-30,46.94,2.24,0.3727,204687.74,437.04,205124.78,0.9979,持有
2018-08-31,46.80,2.23,0.3711,204104.40,437.04,204541.44,0.9979,持有
2018-09-03,46.62,2.22,0.3674,203294.21,437.04,203731.24,0.9979,持有
2018-09-04,48.15,2.30,0.4026,210002.62,437.04,210439.66,0.9979,持有
2018-09-05,46.67,2.22,0.3689,203521.06,437.04,203958.10,0.9979,持有
2018-09-06,46.02,2.17,0.3499,200706.26,437.04,201143.30,0.9978,持有
2018-09-07,47.12,2.22,0.3687,205484.98,437.04,205922.02,0.9979,持有
2018-09-10,46.56,2.20,0.3550,203030.16,437.04,203467.20,0.9979,持有
2018-09-11,46.29,2.18,0.3524,201884.57,437.04,202321.61,0.9978,持有
2018-09-12,45.48,2.15,0.3416,198349.63,437.04,198786.67,0.9978,持有
2018-09-13,46.83,2.21,0.3600,204241.20,437.04,204678.24,0.9979,持有
2018-09-14,47.51,2.24,0.3773,207186.99,437.04,207624.03,0.9979,持有
2018-09-17,46.92,2.21,0.3629,204601.24,437.04,205038.28,0.9979,持有
2018-09-18,48.12,2.27,0.3912,209870.93,437.04,210307.97,0.9979,持有
2018-09-19,48.90,2.31,0.4127,213242.22,437.04,213679.26,0.9980,持有
2018-09-20,48.63,2.30,0.4044,212096.63,437.04,212533.67,0.9979,持有
2018-09-21,50.65,2.39,0.4642,220901.26,437.04,221338.30,0.9980,持有
2018-09-25,50.43,2.38,0.4615,219919.33,437.04,220356.37,0.9980,持有
2018-09-26,51.01,2.41,0.4727,222439.62,437.04,222876.66,0.9980,持有
2018-09-27,50.44,2.38,0.4616,219952.07,437.04,220389.10,0.9980,持有
2018-09-28,51.41,2.43,0.4784,224207.09,437.04,224644.13,0.9981,持有
2018-10-08,48.62,2.29,0.4021,212031.17,437.04,212468.21,0.9979,持有
2018-10-09,48.78,2.30,0.4091,212751.25,437.04,213188.29,0.9979,持有
2018-10-10,48.52,2.29,0.3997,211605.67,437.04,212042.71,0.9979,持有
2018-10-11,46.42,2.19,0.3522,202441.00,437.04,202878.04,0.9978,持有
2018-10-12,47.94,2.26,0.3864,209052.66,437.04,209489.69,0.9979,持有
2018-10-15,47.43,2.24,0.3739,206859.68,437.04,207296.72,0.9979,持有
2018-10-16,48.03,2.27,0.3886,209478.16,437.04,209915.19,0.9979,持有
2018-10-17,48.15,2.27,0.3923,210001.85,437.04,210438.89,0.9979,持有
2018-10-18,46.87,2.21,0.3597,204404.86,437.04,204841.90,0.9979,持有
2018-10-19,49.25,2.32,0.4255,214780.57,437.04,215217.61,0.9980,持有
2018-10-22,50.98,2.41,0.4741,222341.43,437.04,222778.46,0.9980,持有
2018-10-23,49.17,2.32,0.4228,214420.53,437.04,214857.57,0.9980,持有
2018-10-24,49.72,2.35,0.4399,216842.62,437.04,217279.66,0.9980,持有
2018-10-25,50.03,2.36,0.4496,218184.59,437.04,218621.63,0.9980,持有
2018-10-26,49.19,2.32,0.4234,214518.73,437.04,214955.76,0.9980,持有
2018-10-29,46.53,2.20,0.3525,202931.97,437.04,203369.00,0.9979,持有
2018-10-30,47.13,2.17,0.3474,205550.44,437.04,205987.48,0.9979,持有
2018-10-31,47.76,2.20,0.3550,208267.11,437.04,208704.15,0.9979,持有
2018-11-01,48.26,2.23,0.3697,210460.09,437.04,210897.12,0.9979,持有
2018-11-02,50.55,2.33,0.4321,220443.03,437.04,220880.07,0.9980,持有
2018-11-05,49.97,2.31,0.4123,217922.75,437.04,218359.78,0.9980,持有
2018-11-06,50.14,2.31,0.4178,218642.83,437.04,219079.86,0.9980,持有
2018-11-07,49.63,2.29,0.4001,216417.12,437.04,216854.16,0.9980,持有
2018-11-08,49.76,2.30,0.4055,217006.28,437.04,217443.32,0.9980,持有
2018-11-09,48.50,2.24,0.3724,211507.48,437.04,211944.51,0.9979,持有
2018-11-12,48.53,2.24,0.3733,211638.40,437.04,212075.44,0.9979,持有
2018-11-13,48.79,2.25,0.3816,212783.99,437.04,213221.02,0.9980,持有
2018-11-14,48.00,2.21,0.3601,209314.50,437.04,209751.54,0.9979,持有
2018-11-15,48.86,2.25,0.3835,213078.56,437.04,213515.60,0.9980,持有
2018-11-16,48.97,2.26,0.3847,213569.53,437.04,214006.57,0.9980,持有
2018-11-19,49.33,2.28,0.3937,215107.88,437.04,215544.92,0.9980,持有
2018-11-20,48.11,2.22,0.3634,209805.47,437.04,210242.50,0.9979,持有
2018-11-21,48.04,2.22,0.3612,209510.89,437.04,209947.93,0.9979,持有
2018-11-22,47.39,2.19,0.3481,206663.30,437.04,207100.33,0.9979,持有
2018-11-23,47.01,2.17,0.3424,205026.75,437.04,205463.78,0.9979,持有
2018-11-26,47.43,2.19,0.3490,206859.68,437.04,207296.72,0.9979,持有
2018-11-27,47.37,2.19,0.3478,206565.10,437.04,207002.14,0.9979,持有
2018-11-28,47.86,2.21,0.3553,208725.35,437.04,209162.38,0.9979,持有
2018-11-29,47.32,2.18,0.3468,206368.72,437.04,206805.75,0.9979,持有
2018-11-30,47.65,2.20,0.3523,207808.88,437.04,208245.92,0.9979,持有
2018-12-03,48.78,2.25,0.3825,212718.52,437.04,213155.56,0.9979,持有
2018-12-04,48.70,2.25,0.3796,212391.21,437.04,212828.25,0.9979,持有
2018-12-05,48.22,2.22,0.3690,210296.43,437.04,210733.47,0.9979,持有
2018-12-06,47.28,2.18,0.3462,206205.06,437.04,206642.10,0.9979,持有
2018-12-07,47.28,2.18,0.3461,206205.06,437.04,206642.10,0.9979,持有
2018-12-10,46.67,2.15,0.3373,203521.12,437.04,203958.16,0.9979,持有
2018-12-11,46.66,2.15,0.3372,203488.39,437.04,203925.43,0.9979,持有
2018-12-12,46.88,2.16,0.3405,204437.59,437.04,204874.63,0.9979,持有
2018-12-13,47.43,2.19,0.3498,206859.68,437.04,207296.72,0.9979,持有
2018-12-14,46.49,2.14,0.3340,202735.58,437.04,203172.62,0.9978,持有
2018-12-17,45.99,2.12,0.3259,200542.61,437.04,200979.64,0.9978,持有
2018-12-18,45.67,2.11,0.3227,199167.90,437.04,199604.94,0.9978,持有
2018-12-19,45.12,2.08,0.3149,196778.54,437.04,197215.58,0.9978,持有
2018-12-20,44.28,2.04,0.3030,193112.68,437.04,193549.71,0.9977,持有
2018-12-21,43.79,2.02,0.2959,190952.43,437.04,191389.47,0.9977,持有
2018-12-24,43.72,2.02,0.2955,190657.85,437.04,191094.89,0.9977,持有
2018-12-25,43.69,2.02,0.2954,190526.93,437.04,190963.97,0.9977,持有
2018-12-26,43.01,1.98,0.2859,187548.41,437.04,187985.45,0.9977,持有
2018-12-27,42.71,1.97,0.2813,186239.17,437.04,186676.21,0.9977,持有
2018-12-28,42.11,1.94,0.2736,183620.70,437.04,184057.73,0.9976,持有
2019-01-02,41.41,1.91,0.2652,180609.45,437.04,181046.49,0.9976,持有
2019-01-03,41.79,1.93,0.2696,182246.00,437.04,182683.03,0.9976,持有
2019-01-04,42.47,1.96,0.2785,185224.51,437.04,185661.55,0.9976,持有
2019-01-07,42.26,1.95,0.2760,184275.32,437.04,184712.35,0.9976,持有
2019-01-08,41.88,1.93,0.2703,182638.77,437.04,183075.81,0.9976,持有
2019-01-09,42.74,1.97,0.2830,186402.83,437.04,186839.87,0.9977,持有
2019-01-10,43.16,1.99,0.2895,188203.03,437.04,188640.07,0.9977,持有
2019-01-11,43.58,2.01,0.2963,190068.70,437.04,190505.73,0.9977,持有
2019-01-14,42.87,1.98,0.2855,186959.26,437.04,187396.29,0.9977,持有
2019-01-15,43.97,2.03,0.3023,191770.71,437.04,192207.74,0.9977,持有
2019-01-16,44.09,2.03,0.3036,192261.67,437.04,192698.71,0.9977,持有
2019-01-17,44.08,2.03,0.3035,192228.94,437.04,192665.98,0.9977,持有
2019-01-18,44.97,2.07,0.3169,196123.93,437.04,196560.96,0.9978,持有
2019-01-21,45.63,2.10,0.3257,198971.52,437.04,199408.56,0.9978,持有
2019-01-22,45.08,2.08,0.3191,196614.89,437.04,197051.93,0.9978,持有
2019-01-23,44.65,2.06,0.3131,194716.49,437.04,195153.53,0.9978,持有
2019-01-24,45.36,2.09,0.3220,197793.20,437.04,198230.24,0.9978,持有
2019-01-25,46.00,2.12,0.3325,200608.07,437.04,201045.10,0.9978,持有
2019-01-28,46.17,2.13,0.3359,201360.88,437.04,201797.92,0.9978,持有
2019-01-29,46.27,2.13,0.3368,201786.38,437.04,202223.42,0.9978,持有
2019-01-30,45.97,2.12,0.3315,200477.14,437.04,200914.18,0.9978,持有
2019-01-31,47.27,2.18,0.3538,206139.60,437.04,206576.64,0.9979,持有
2019-02-01,47.44,2.19,0.3578,206892.41,437.04,207329.45,0.9979,持有
2019-02-11,48.33,2.23,0.3800,210754.67,437.04,211191.70,0.9979,持有
2019-02-12,48.24,2.23,0.3788,210361.89,437.04,210798.93,0.9979,持有
2019-02-13,48.80,2.25,0.3931,212816.72,437.04,213253.75,0.9980,持有
2019-02-14,48.86,2.25,0.3947,213078.56,437.04,213515.60,0.9980,持有
2019-02-15,47.47,2.19,0.3575,207023.34,437.04,207460.37,0.9979,持有
2019-02-18,49.00,2.26,0.3972,213700.45,437.04,214137.49,0.9980,持有
2019-02-19,49.30,2.27,0.4053,214976.96,437.04,215414.00,0.9980,持有
2019-02-20,49.45,2.28,0.4093,215631.58,437.04,216068.62,0.9980,持有
2019-02-21,49.08,2.26,0.3999,214027.76,437.04,214464.80,0.9980,持有
2019-02-22,50.30,2.32,0.4371,219362.91,437.04,219799.95,0.9980,持有
2019-02-25,54.79,2.53,0.5360,238936.02,437.04,239373.06,0.9982,持有
2019-02-26,52.55,2.42,0.4940,229149.47,437.04,229586.50,0.9981,持有
2019-02-27,52.52,2.42,0.4928,229051.27,437.04,229488.31,0.9981,持有
2019-02-28,52.55,2.42,0.4940,229149.47,437.04,229586.50,0.9981,持有
2019-03-01,54.33,2.51,0.5253,236939.44,437.04,237376.47,0.9982,持有
2019-03-04,54.47,2.51,0.5275,237561.32,437.04,237998.36,0.9982,持有
2019-03-05,54.09,2.50,0.5215,235892.04,437.04,236329.08,0.9982,持有
2019-03-06,54.16,2.50,0.5221,236186.62,437.04,236623.66,0.9982,持有
2019-03-07,52.76,2.43,0.4959,230065.93,437.04,230502.97,0.9981,持有
2019-03-08,51.56,2.38,0.4749,224861.71,437.04,225298.75,0.9981,持有
2019-03-11,51.63,2.38,0.4771,225156.29,437.04,225593.33,0.9981,持有
2019-03-12,51.97,2.40,0.4841,226661.91,437.04,227098.95,0.9981,持有
2019-03-13,53.69,2.35,0.4539,234157.30,437.04,234594.34,0.9981,持有
2019-03-14,54.64,2.39,0.4804,238281.40,437.04,238718.44,0.9982,持有
2019-03-15,55.43,2.43,0.4945,241718.16,437.04,242155.19,0.9982,持有
2019-03-18,56.29,2.46,0.5073,245482.22,437.04,245919.25,0.9982,持有
2019-03-19,56.55,2.48,0.5119,246627.80,437.04,247064.84,0.9982,持有
2019-03-20,57.45,2.51,0.5295,250555.52,437.04,250992.55,0.9983,持有
2019-03-21,56.89,2.49,0.5201,248100.69,437.04,248537.73,0.9982,持有
2019-03-22,56.08,2.45,0.5039,244565.75,437.04,245002.79,0.9982,持有
2019-03-25,54.26,2.37,0.4687,236612.13,437.04,237049.16,0.9982,持有
2019-03-26,54.56,2.39,0.4777,237921.36,437.04,238358.40,0.9982,持有
2019-03-27,55.70,2.44,0.4983,242929.20,437.04,243366.24,0.9982,持有
2019-03-28,55.09,2.41,0.4886,240245.26,437.04,240682.30,0.9982,持有
2019-03-29,57.87,2.53,0.5428,252355.72,437.04,252792.76,0.9983,持有
2019-04-01,58.99,2.58,0.5603,257265.36,437.04,257702.40,0.9983,持有
2019-04-02,59.26,2.59,0.5649,258443.68,437.04,258880.71,0.9983,持有
2019-04-03,59.94,2.62,0.5762,261389.46,437.04,261826.50,0.9983,持有
2019-04-04,60.19,2.63,0.5801,262502.32,437.04,262939.35,0.9983,持有
2019-04-08,60.49,2.65,0.5843,263778.82,437.04,264215.86,0.9983,持有
2019-04-09,60.87,2.66,0.5872,265448.10,437.04,265885.14,0.9984,持有
2019-04-10,61.57,2.69,0.5917,268492.08,437.04,268929.12,0.9984,持有
2019-04-11,60.58,2.65,0.5851,264171.60,437.04,264608.63,0.9983,持有
2019-04-12,60.37,2.64,0.5832,263287.86,437.04,263724.90,0.9983,持有
2019-04-15,61.29,2.68,0.5908,267281.04,437.04,267718.07,0.9984,持有
2019-04-16,63.80,2.79,0.6089,278245.91,437.04,278682.95,0.9984,持有
2019-04-17,63.41,2.78,0.6060,276511.17,437.04,276948.21,0.9984,持有
2019-04-18,63.27,2.77,0.6047,275922.01,437.04,276359.05,0.9984,持有
2019-04-19,65.30,2.86,0.6211,284759.37,437.04,285196.41,0.9985,持有
2019-04-22,63.77,2.79,0.6087,278082.25,437.04,278519.29,0.9984,持有
2019-04-23,64.59,2.83,0.6146,281682.66,437.04,282119.70,0.9985,持有
2019-04-24,63.82,2.79,0.6090,278311.37,437.04,278748.41,0.9984,持有
2019-04-25,62.59,2.74,0.5990,272976.22,437.04,273413.26,0.9984,持有
2019-04-26,62.38,2.73,0.5981,272027.03,437.04,272464.06,0.9984,持有
2019-04-29,64.87,2.84,0.6178,282893.71,437.04,283330.74,0.9985,持有
2019-04-30,64.62,2.63,0.5741,281813.58,437.04,282250.62,0.9985,持有
2019-05-06,60.94,2.48,0.5101,265775.41,437.04,266212.45,0.9984,持有
2019-05-07,60.92,2.48,0.5096,265677.22,437.04,266114.26,0.9984,持有
2019-05-08,59.13,2.40,0.4811,257854.52,437.04,258291.56,0.9983,持有
2019-05-09,57.54,2.34,0.4432,250915.56,437.04,251352.59,0.9983,持有
2019-05-10,61.08,2.48,0.5148,266364.57,437.04,266801.61,0.9984,持有
2019-05-13,59.03,2.40,0.4803,257429.02,437.04,257866.05,0.9983,持有
2019-05-14,58.77,2.39,0.4744,256283.43,437.04,256720.47,0.9983,持有
2019-05-15,60.45,2.46,0.5022,263615.17,437.04,264052.21,0.9983,持有
2019-05-16,60.77,2.47,0.5071,265022.60,437.04,265459.64,0.9984,持有
2019-05-17,59.37,2.41,0.4857,258901.91,437.04,259338.95,0.9983,持有
2019-05-20,58.44,2.38,0.4657,254876.00,437.04,255313.04,0.9983,持有
2019-05-21,58.69,2.39,0.4719,255956.12,437.04,256393.16,0.9983,持有
2019-05-22,58.27,2.37,0.4607,254123.19,437.04,254560.23,0.9983,持有
2019-05-23,57.43,2.30,0.4155,250471.24,437.04,250908.27,0.9983,持有
2019-05-24,58.24,2.33,0.4382,253990.58,437.04,254427.62,0.9983,持有
2019-05-27,58.76,2.36,0.4525,256248.28,437.04,256685.31,0.9983,持有
2019-05-28,59.53,2.39,0.4725,259601.62,437.04,260038.65,0.9983,持有
2019-05-29,60.74,2.43,0.4945,264880.64,437.04,265317.67,0.9984,持有
2019-05-30,60.21,2.41,0.4866,262589.74,437.04,263026.78,0.9983,持有
2019-05-31,60.14,2.41,0.4851,262290.93,437.04,262727.96,0.9983,持有
2019-06-03,60.34,2.42,0.4879,263120.96,437.04,263558.00,0.9983,持有
2019-06-04,59.36,2.38,0.4690,258871.19,437.04,259308.22,0.9983,持有
2019-06-05,59.00,2.36,0.4585,257310.72,437.04,257747.76,0.9983,持有
2019-06-06,58.71,2.35,0.4483,256015.87,437.04,256452.90,0.9983,持有
2019-06-10,60.22,2.41,0.4873,262622.94,437.04,263059.98,0.9983,持有
2019-06-11,62.20,2.49,0.5229,271255.30,437.04,271692.34,0.9984,持有
2019-06-12,61.30,2.46,0.5043,267337.54,437.04,267774.57,0.9984,持有
2019-06-13,61.28,2.46,0.5038,267237.93,437.04,267674.97,0.9984,持有
2019-06-14,60.72,2.43,0.4943,264781.03,437.04,265218.07,0.9984,持有
2019-06-17,60.85,2.44,0.4978,265345.45,437.04,265782.49,0.9984,持有
2019-06-18,61.64,2.47,0.5100,268831.60,437.04,269268.64,0.9984,持有
2019-06-19,63.60,2.55,0.5499,277364.36,437.04,277801.39,0.9984,持有
2019-06-20,67.38,2.70,0.5955,293832.24,437.04,294269.28,0.9985,持有
2019-06-21,66.97,2.68,0.5936,292072.57,437.04,292509.61,0.9985,持有
2019-06-24,67.16,2.69,0.5944,292869.40,437.04,293306.44,0.9985,持有
2019-06-25,65.95,2.64,0.5852,287623.58,437.04,288060.62,0.9985,持有
2019-06-26,65.78,2.64,0.5823,286859.95,437.04,287296.99,0.9985,持有
2019-06-27,67.03,2.69,0.5945,292338.18,437.04,292775.22,0.9985,持有
2019-06-28,67.46,2.70,0.5963,294197.46,437.04,294634.49,0.9985,持有
2019-07-01,69.92,2.80,0.6154,304921.50,437.04,305358.54,0.9986,持有
2019-07-02,69.33,2.78,0.6112,302331.80,437.04,302768.83,0.9986,持有
2019-07-03,69.02,2.77,0.6077,301003.74,437.04,301440.78,0.9986,持有
2019-07-04,68.44,2.74,0.6041,298480.44,437.04,298917.47,0.9985,持有
2019-07-05,69.17,2.77,0.6099,301634.57,437.04,302071.60,0.9986,持有
2019-07-08,67.45,2.70,0.5951,294131.05,437.04,294568.09,0.9985,持有
2019-07-09,66.64,2.67,0.5892,290611.71,437.04,291048.74,0.9985,持有
2019-07-10,66.91,2.68,0.5914,291773.76,437.04,292210.79,0.9985,持有
2019-07-11,66.98,2.68,0.5925,292105.77,437.04,292542.81,0.9985,持有
2019-07-12,67.57,2.71,0.5969,294662.28,437.04,295099.31,0.9985,持有
2019-07-15,67.06,2.69,0.5934,292437.78,437.04,292874.82,0.9985,持有
2019-07-16,66.20,2.65,0.5849,288686.03,437.04,289123.06,0.9985,持有
2019-07-17,66.23,2.65,0.5854,288818.83,437.04,289255.87,0.9985,持有
2019-07-18,66.03,2.65,0.5829,287955.60,437.04,288392.63,0.9985,持有
2019-07-19,67.26,2.70,0.5950,293334.22,437.04,293771.26,0.9985,持有
2019-07-22,66.75,2.68,0.5898,291109.73,437.04,291546.77,0.9985,持有
2019-07-23,66.62,2.67,0.5883,290512.10,437.04,290949.14,0.9985,持有
2019-07-24,67.64,2.71,0.5983,294994.29,437.04,295431.33,0.9985,持有
2019-07-25,68.07,2.73,0.6034,296853.57,437.04,297290.60,0.9985,持有
2019-07-26,68.60,2.75,0.6075,299144.46,437.04,299581.50,0.9985,持有
2019-07-29,68.10,2.73,0.6037,296986.37,437.04,297423.41,0.9985,持有
2019-07-30,68.50,2.75,0.6065,298746.05,437.04,299183.08,0.9985,持有
2019-07-31,67.07,2.69,0.5931,292470.99,437.04,292908.02,0.9985,持有
2019-08-01,66.62,2.67,0.5872,290545.30,437.04,290982.34,0.9985,持有
2019-08-02,65.50,2.63,0.5725,285631.50,437.04,286068.54,0.9985,持有
2019-08-05,64.42,2.58,0.5552,280916.90,437.04,281353.94,0.9984,持有
2019-08-06,64.34,2.58,0.5543,280584.89,437.04,281021.93,0.9984,持有
2019-08-07,63.55,2.55,0.5429,277131.95,437.04,277568.98,0.9984,持有
2019-08-08,64.34,2.58,0.5543,280584.89,437.04,281021.93,0.9984,持有
2019-08-09,64.22,2.57,0.5518,280053.67,437.04,280490.70,0.9984,持有
2019-08-12,65.85,2.64,0.5796,287191.97,437.04,287629.00,0.9985,持有
2019-08-13,64.72,2.59,0.5606,282244.96,437.04,282682.00,0.9985,持有
2019-08-14,64.74,2.59,0.5611,282344.56,437.04,282781.60,0.9985,持有
2019-08-15,65.71,2.63,0.5764,286561.14,437.04,286998.18,0.9985,持有
2019-08-16,66.59,2.56,0.5456,290379.30,437.04,290816.33,0.9985,持有
2019-08-19,67.34,2.59,0.5573,293666.23,437.04,294103.27,0.9985,持有
2019-08-20,66.95,2.57,0.5502,291972.96,437.04,292410.00,0.9985,持有
2019-08-21,66.79,2.56,0.5484,291275.74,437.04,291712.77,0.9985,持有
2019-08-22,66.98,2.57,0.5508,292105.77,437.04,292542.81,0.9985,持有
2019-08-23,68.44,2.63,0.5753,298447.23,437.04,298884.27,0.9985,持有
2019-08-26,66.62,2.56,0.5458,290512.10,437.04,290949.14,0.9985,持有
2019-08-27,66.75,2.56,0.5473,291109.73,437.04,291546.77,0.9985,持有
2019-08-28,66.16,2.54,0.5376,288520.02,437.04,288957.06,0.9985,持有
2019-08-29,66.01,2.53,0.5358,287855.99,437.04,288293.03,0.9985,持有
2019-08-30,66.48,2.55,0.5428,289914.48,437.04,290351.52,0.9985,持有
2019-09-02,67.38,2.59,0.5587,293832.24,437.04,294269.28,0.9985,持有
2019-09-03,67.19,2.58,0.5556,293002.21,437.04,293439.24,0.9985,持有
2019-09-04,67.80,2.58,0.5557,295680.84,437.04,296117.87,0.9985,持有
2019-09-05,68.52,2.61,0.5680,298795.03,437.04,299232.07,0.9985,持有
2019-09-06,69.64,2.65,0.5862,303717.46,437.04,304154.50,0.9986,持有
2019-09-09,69.41,2.64,0.5834,302712.88,437.04,303149.92,0.9986,持有
2019-09-10,68.68,2.61,0.5694,299498.23,437.04,299935.27,0.9985,持有
2019-09-11,68.77,2.62,0.5709,299900.07,437.04,300337.10,0.9985,持有
2019-09-12,70.90,2.70,0.5985,309209.16,437.04,309646.19,0.9986,持有
2019-09-16,70.14,2.67,0.5911,305894.05,437.04,306331.08,0.9986,持有
2019-09-17,68.74,2.62,0.5703,299766.12,437.04,300203.16,0.9985,持有
2019-09-18,69.11,2.63,0.5770,301373.45,437.04,301810.48,0.9986,持有
2019-09-19,68.80,2.62,0.5716,300034.01,437.04,300471.05,0.9985,持有
2019-09-20,68.99,2.63,0.5746,300871.16,437.04,301308.19,0.9985,持有
2019-09-23,68.27,2.60,0.5624,297723.48,437.04,298160.52,0.9985,持有
2019-09-24,68.30,2.60,0.5632,297857.42,437.04,298294.46,0.9985,持有
2019-09-25,68.17,2.60,0.5604,297288.16,437.04,297725.20,0.9985,持有
2019-09-26,67.84,2.58,0.5540,295848.27,437.04,296285.30,0.9985,持有
2019-09-27,67.80,2.58,0.5528,295680.84,437.04,296117.87,0.9985,持有
2019-09-30,66.83,2.54,0.5367,291461.61,437.04,291898.65,0.9985,持有
2019-10-08,67.57,2.57,0.5486,294676.26,437.04,295113.30,0.9985,持有
2019-10-09,67.71,2.58,0.5513,295279.01,437.04,295716.04,0.9985,持有
2019-10-10,67.95,2.59,0.5570,296350.56,437.04,296787.59,0.9985,持有
2019-10-11,69.03,2.63,0.5777,301038.59,437.04,301475.62,0.9986,持有
2019-10-14,69.45,2.64,0.5856,302880.31,437.04,303317.35,0.9986,持有
2019-10-15,69.26,2.64,0.5818,302043.17,437.04,302480.20,0.9986,持有
2019-10-16,69.55,2.65,0.5869,303315.63,437.04,303752.67,0.9986,持有
2019-10-17,70.43,2.68,0.5961,307133.03,437.04,307570.06,0.9986,持有
2019-10-18,68.91,2.62,0.5735,300536.30,437.04,300973.33,0.9985,持有
2019-10-21,69.16,2.63,0.5791,301607.85,437.04,302044.88,0.9986,持有
2019-10-22,69.33,2.64,0.5835,302344.54,437.04,302781.58,0.9986,持有
2019-10-23,68.72,2.62,0.5693,299699.15,437.04,300136.19,0.9985,持有
2019-10-24,68.95,2.63,0.5747,300703.73,437.04,301140.76,0.9985,持有
2019-10-25,67.57,2.51,0.5148,294676.26,437.04,295113.30,0.9985,持有
2019-10-28,68.06,2.53,0.5250,296819.36,437.04,297256.40,0.9985,持有
2019-10-29,67.72,2.51,0.5167,295345.98,437.04,295783.01,0.9985,持有
2019-10-30,67.53,2.51,0.5139,294508.83,437.04,294945.87,0.9985,持有
2019-10-31,67.66,2.51,0.5160,295078.09,437.04,295515.13,0.9985,持有
2019-11-01,69.14,2.57,0.5441,301507.39,437.04,301944.43,0.9986,持有
2019-11-04,69.33,2.57,0.5478,302344.54,437.04,302781.58,0.9986,持有
2019-11-05,69.15,2.57,0.5440,301574.36,437.04,302011.40,0.9986,持有
2019-11-06,69.11,2.57,0.5435,301373.45,437.04,301810.48,0.9986,持有
2019-11-07,68.93,2.56,0.5414,300603.27,437.04,301040.31,0.9985,持有
2019-11-08,68.47,2.54,0.5325,298594.11,437.04,299031.15,0.9985,持有
2019-11-11,67.73,2.51,0.5168,295379.46,437.04,295816.50,0.9985,持有
2019-11-12,67.74,2.52,0.5173,295412.95,437.04,295849.99,0.9985,持有
2019-11-13,67.57,2.51,0.5129,294676.26,437.04,295113.30,0.9985,持有
2019-11-14,67.59,2.51,0.5134,294776.72,437.04,295213.75,0.9985,持有
2019-11-15,67.49,2.51,0.5113,294341.40,437.04,294778.44,0.9985,持有
2019-11-18,68.12,2.53,0.5270,297053.76,437.04,297490.80,0.9985,持有
2019-11-19,68.25,2.53,0.5300,297656.51,437.04,298093.54,0.9985,持有
2019-11-20,67.61,2.51,0.5137,294843.69,437.04,295280.73,0.9985,持有
2019-11-21,66.30,2.46,0.4890,289117.59,437.04,289554.63,0.9985,持有
2019-11-22,65.18,2.42,0.4715,284262.13,437.04,284699.17,0.9985,持有
2019-11-25,65.65,2.44,0.4794,286304.77,437.04,286741.81,0.9985,持有
2019-11-26,65.57,2.43,0.4782,285969.91,437.04,286406.95,0.9985,持有
2019-11-27,65.20,2.42,0.4716,284329.10,437.04,284766.14,0.9985,持有
2019-11-28,64.81,2.41,0.4657,282621.32,437.04,283058.36,0.9985,持有
2019-11-29,64.21,2.38,0.4540,280009.42,437.04,280446.45,0.9984,持有
2019-12-02,63.95,2.37,0.4454,278904.38,437.04,279341.42,0.9984,持有
2019-12-03,64.71,2.40,0.4640,282186.00,437.04,282623.04,0.9985,持有
2019-12-04,64.55,2.40,0.4612,281516.28,437.04,281953.32,0.9984,持有
2019-12-05,65.01,2.41,0.4704,283525.44,437.04,283962.48,0.9985,持有
2019-12-06,65.07,2.42,0.4709,283759.84,437.04,284196.88,0.9985,持有
2019-12-09,64.23,2.38,0.4540,280109.88,437.04,280546.91,0.9984,持有
2019-12-10,64.18,2.38,0.4533,279908.96,437.04,280346.00,0.9984,持有
2019-12-11,64.53,2.40,0.4608,281415.83,437.04,281852.86,0.9984,持有
2019-12-12,64.53,2.40,0.4607,281415.83,437.04,281852.86,0.9984,持有
2019-12-13,66.63,2.47,0.4965,290557.49,437.04,290994.53,0.9985,持有
2019-12-16,65.76,2.44,0.4838,286773.58,437.04,287210.61,0.9985,持有
2019-12-17,66.13,2.46,0.4888,288414.39,437.04,288851.43,0.9985,持有
2019-12-18,66.02,2.45,0.4854,287912.10,437.04,288349.14,0.9985,持有
2019-12-19,65.80,2.44,0.4837,286974.49,437.04,287411.53,0.9985,持有
2019-12-20,65.67,2.44,0.4822,286405.23,437.04,286842.27,0.9985,持有
2019-12-23,64.72,2.40,0.4638,282252.98,437.04,282690.01,0.9985,持有
2019-12-24,64.85,2.41,0.4675,282822.24,437.04,283259.27,0.9985,持有
2019-12-25,64.45,2.39,0.4574,281047.48,437.04,281484.52,0.9984,持有
2019-12-26,64.83,2.41,0.4672,282721.78,437.04,283158.82,0.9985,持有
2019-12-27,65.05,2.42,0.4709,283692.87,437.04,284129.91,0.9985,持有
2019-12-30,65.95,2.45,0.4858,287610.73,437.04,288047.76,0.9985,持有
2019-12-31,65.62,2.44,0.4808,286170.83,437.04,286607.87,0.9985,持有
2020-01-02,66.13,2.46,0.4903,288380.90,437.04,288817.94,0.9985,持有
2020-01-03,66.19,2.46,0.4920,288648.79,437.04,289085.83,0.9985,持有
2020-01-06,65.73,2.44,0.4836,286639.63,437.04,287076.67,0.9985,持有
2020-01-07,66.15,2.46,0.4914,288481.36,437.04,288918.40,0.9985,持有
2020-01-08,65.27,2.42,0.4743,284630.48,437.04,285067.51,0.9985,持有
2020-01-09,65.30,2.42,0.4757,284764.42,437.04,285201.46,0.9985,持有
2020-01-10,65.10,2.42,0.4708,283893.79,437.04,284330.82,0.9985,持有
2020-01-13,66.38,2.46,0.4955,289485.94,437.04,289922.98,0.9985,持有
2020-01-14,66.67,2.48,0.5011,290758.40,437.04,291195.44,0.9985,持有
2020-01-15,65.89,2.45,0.4850,287342.84,437.04,287779.88,0.9985,持有
2020-01-16,65.69,2.44,0.4830,286472.20,437.04,286909.24,0.9985,持有
2020-01-17,66.23,2.46,0.4936,288816.22,437.04,289253.26,0.9985,持有
2020-01-20,67.26,2.50,0.5138,293336.82,437.04,293773.86,0.9985,持有
2020-01-21,65.73,2.44,0.4831,286639.63,437.04,287076.67,0.9985,持有
2020-01-22,65.44,2.43,0.4766,285367.17,437.04,285804.20,0.9985,持有
2020-01-23,64.11,2.38,0.4478,279574.10,437.04,280011.14,0.9984,持有
2020-02-03,59.67,2.22,0.3431,260219.23,437.04,260656.26,0.9983,持有
2020-02-04,61.76,2.29,0.3865,269327.40,437.04,269764.44,0.9984,持有
2020-02-05,61.72,2.29,0.3851,269159.97,437.04,269597.01,0.9984,持有
2020-02-06,62.60,2.32,0.4088,272977.37,437.04,273414.41,0.9984,持有
2020-02-07,62.22,2.31,0.3995,271336.56,437.04,271773.60,0.9984,持有
2020-02-10,61.66,2.29,0.3838,268892.09,437.04,269329.12,0.9984,持有
2020-02-11,62.30,2.31,0.4021,271671.42,437.04,272108.46,0.9984,持有
2020-02-12,62.35,2.31,0.4039,271905.82,437.04,272342.86,0.9984,持有
2020-02-13,61.77,2.29,0.3866,269394.38,437.04,269831.41,0.9984,持有
2020-02-14,62.20,2.31,0.3995,271236.10,437.04,271673.14,0.9984,持有
2020-02-17,63.26,2.35,0.4254,275890.65,437.04,276327.68,0.9984,持有
2020-02-18,62.62,2.32,0.4110,273077.83,437.04,273514.87,0.9984,持有
2020-02-19,62.73,2.32,0.4108,273580.12,437.04,274017.15,0.9984,持有
2020-02-20,63.95,2.37,0.4424,278870.90,437.04,279307.93,0.9984,持有
2020-02-21,63.26,2.24,0.3533,275857.16,437.04,276294.20,0.9984,持有
2020-02-24,61.98,2.19,0.3307,270298.50,437.04,270735.53,0.9984,持有
2020-02-25,61.57,2.18,0.3246,268523.74,437.04,268960.78,0.9984,持有
2020-02-26,61.30,2.17,0.3207,267318.25,437.04,267755.28,0.9984,持有
2020-02-27,61.27,2.17,0.3206,267184.30,437.04,267621.34,0.9984,持有
2020-02-28,59.68,2.11,0.3021,260252.71,437.04,260689.75,0.9983,持有
2020-03-02,61.11,2.16,0.3194,266481.10,437.04,266918.14,0.9984,持有
2020-03-03,61.04,2.16,0.3181,266179.73,437.04,266616.76,0.9984,持有
2020-03-04,61.87,2.19,0.3303,269829.69,437.04,270266.73,0.9984,持有
2020-03-05,63.31,2.24,0.3570,276091.56,437.04,276528.60,0.9984,持有
2020-03-06,62.13,2.20,0.3335,270934.73,437.04,271371.77,0.9984,持有
2020-03-09,60.00,2.12,0.3047,261659.12,437.04,262096.16,0.9983,持有
2020-03-10,60.80,2.15,0.3154,265141.66,437.04,265578.70,0.9984,持有
2020-03-11,60.01,2.12,0.3055,261692.61,437.04,262129.65,0.9983,持有
2020-03-12,58.86,2.08,0.2925,256669.72,437.04,257106.76,0.9983,持有
2020-03-13,57.37,2.03,0.2760,250173.45,437.04,250610.48,0.9983,持有
2020-03-16,55.29,1.96,0.2532,241098.76,437.04,241535.79,0.9982,持有
2020-03-17,55.39,1.96,0.2541,241567.56,437.04,242004.60,0.9982,持有
2020-03-18,53.65,1.90,0.2386,233966.25,437.04,234403.29,0.9981,持有
2020-03-19,52.07,1.84,0.2291,227068.15,437.04,227505.19,0.9981,持有
2020-03-20,52.98,1.87,0.2340,231052.98,437.04,231490.01,0.9981,持有
2020-03-23,51.26,1.81,0.2186,223552.13,437.04,223989.16,0.9980,持有
2020-03-24,52.94,1.87,0.2339,230885.55,437.04,231322.58,0.9981,持有
2020-03-25,54.02,1.91,0.2420,235573.58,437.04,236010.61,0.9981,持有
2020-03-26,53.90,1.91,0.2413,235037.80,437.04,235474.84,0.9981,持有
2020-03-27,53.53,1.89,0.2384,233463.96,437.04,233901.00,0.9981,持有
2020-03-30,53.10,1.88,0.2345,231555.26,437.04,231992.30,0.9981,持有
2020-03-31,53.11,1.88,0.2348,231622.24,437.04,232059.27,0.9981,持有
2020-04-01,53.23,1.88,0.2363,232124.53,437.04,232561.56,0.9981,持有
2020-04-02,53.50,1.89,0.2390,233296.53,437.04,233733.57,0.9981,持有
2020-04-03,52.87,1.87,0.2333,230584.17,437.04,231021.21,0.9981,持有
2020-04-07,53.73,1.90,0.2417,234301.11,437.04,234738.15,0.9981,持有
2020-04-08,53.28,1.88,0.2369,232358.93,437.04,232795.96,0.9981,持有
2020-04-09,53.47,1.89,0.2390,233196.08,437.04,233633.11,0.9981,持有
2020-04-10,54.51,1.93,0.2490,237716.68,437.04,238153.71,0.9982,持有
2020-04-13,53.85,1.90,0.2430,234836.89,437.04,235273.92,0.9981,持有
2020-04-14,54.53,1.93,0.2495,237817.14,437.04,238254.17,0.9982,持有
2020-04-15,54.40,1.92,0.2484,237247.87,437.04,237684.91,0.9982,持有
2020-04-16,54.04,1.91,0.2449,235674.04,437.04,236111.07,0.9981,持有
2020-04-17,55.59,1.97,0.2617,242438.19,437.04,242875.23,0.9982,持有
2020-04-20,56.44,2.00,0.2713,246121.65,437.04,246558.68,0.9982,持有
2020-04-21,55.57,1.97,0.2609,242337.74,437.04,242774.77,0.9982,持有
2020-04-22,55.34,1.96,0.2584,241333.16,437.04,241770.20,0.9982,持有
2020-04-23,55.41,1.96,0.2595,241634.53,437.04,242071.57,0.9982,持有
2020-04-24,54.13,1.87,0.2320,236075.87,437.04,236512.90,0.9982,持有
2020-04-27,54.67,1.89,0.2366,238419.88,437.04,238856.92,0.9982,持有
2020-04-28,55.58,1.92,0.2468,242371.22,437.04,242808.26,0.9982,持有
2020-04-29,56.82,1.96,0.2604,247795.94,437.04,248232.98,0.9982,持有
2020-04-30,57.17,1.97,0.2650,249336.30,437.04,249773.33,0.9983,持有
2020-05-06,56.68,1.95,0.2581,247159.71,437.04,247596.75,0.9982,持有
2020-05-07,56.23,1.94,0.2537,245217.53,437.04,245654.56,0.9982,持有
2020-05-08,57.03,1.93,0.2517,248728.49,437.04,249165.53,0.9982,持有
2020-05-11,57.76,1.96,0.2597,251898.53,437.04,252335.57,0.9983,持有
2020-05-12,57.79,1.96,0.2600,252000.79,437.04,252437.83,0.9983,持有
2020-05-13,57.32,1.94,0.2549,249989.69,437.04,250426.73,0.9983,持有
2020-05-14,56.46,1.91,0.2452,246206.10,437.04,246643.14,0.9982,持有
2020-05-15,56.46,1.91,0.2451,246206.10,437.04,246643.14,0.9982,持有
2020-05-18,56.43,1.91,0.2447,246103.84,437.04,246540.88,0.9982,持有
2020-05-19,56.98,1.93,0.2505,248489.89,437.04,248926.93,0.9982,持有
2020-05-20,57.02,1.93,0.2520,248660.32,437.04,249097.36,0.9982,持有
2020-05-21,56.57,1.92,0.2467,246717.40,437.04,247154.43,0.9982,持有
2020-05-22,54.81,1.86,0.2286,239013.87,437.04,239450.91,0.9982,持有
2020-05-25,54.74,1.85,0.2279,238707.09,437.04,239144.13,0.9982,持有
2020-05-26,55.11,1.87,0.2315,240343.24,437.04,240780.28,0.9982,持有
2020-05-27,55.22,1.87,0.2324,240820.45,437.04,241257.49,0.9982,持有
2020-05-28,55.89,1.89,0.2401,243751.88,437.04,244188.92,0.9982,持有
2020-05-29,55.27,1.87,0.2329,241024.97,437.04,241462.00,0.9982,持有
2020-06-01,56.40,1.91,0.2452,245967.50,437.04,246404.53,0.9982,持有
2020-06-02,58.06,1.97,0.2681,253193.81,437.04,253630.85,0.9983,持有
2020-06-03,58.63,1.99,0.2748,255682.12,437.04,256119.16,0.9983,持有
2020-06-04,58.73,1.99,0.2756,256125.24,437.04,256562.28,0.9983,持有
2020-06-05,58.86,1.99,0.2777,256670.63,437.04,257107.66,0.9983,持有
2020-06-08,59.97,2.03,0.2894,261510.90,437.04,261947.93,0.9983,持有
2020-06-09,59.79,2.03,0.2881,260761.00,437.04,261198.03,0.9983,持有
2020-06-10,59.07,2.00,0.2790,257625.05,437.04,258062.08,0.9983,持有
2020-06-11,58.01,1.97,0.2665,252989.29,437.04,253426.33,0.9983,持有
2020-06-12,57.96,1.96,0.2658,252750.69,437.04,253187.73,0.9983,持有
2020-06-15,56.70,1.92,0.2497,247262.78,437.04,247699.82,0.9982,持有
2020-06-16,57.42,1.95,0.2576,250398.73,437.04,250835.76,0.9983,持有
2020-06-17,57.07,1.93,0.2545,248864.84,437.04,249301.88,0.9982,持有
2020-06-18,57.37,1.94,0.2578,250194.21,437.04,250631.25,0.9983,持有
2020-06-19,57.39,1.94,0.2580,250262.38,437.04,250699.42,0.9983,持有
2020-06-22,56.88,1.93,0.2505,248046.77,437.04,248483.80,0.9982,持有
2020-06-23,56.25,1.91,0.2424,245285.77,437.04,245722.80,0.9982,持有
2020-06-24,56.48,1.91,0.2467,246308.36,437.04,246745.40,0.9982,持有
2020-06-29,55.50,1.88,0.2337,242047.56,437.04,242484.60,0.9982,持有
2020-06-30,55.81,1.89,0.2376,243376.93,437.04,243813.97,0.9982,持有
2020-07-01,57.45,1.95,0.2603,250535.07,437.04,250972.11,0.9983,持有
2020-07-02,59.40,2.01,0.2867,259056.67,437.04,259493.71,0.9983,持有
2020-07-03,60.94,2.06,0.3039,265737.61,437.04,266174.65,0.9984,持有
2020-07-06,65.75,2.23,0.3675,286734.84,437.04,287171.87,0.9985,持有
2020-07-07,65.05,2.20,0.3526,283667.06,437.04,284104.10,0.9985,持有
2020-07-08,66.98,2.27,0.3891,292086.40,437.04,292523.44,0.9985,持有
2020-07-09,67.16,2.28,0.3933,292870.39,437.04,293307.43,0.9985,持有
2020-07-10,64.36,2.18,0.3425,280667.46,437.04,281104.49,0.9984,持有
2020-07-13,64.37,2.18,0.3433,280735.63,437.04,281172.66,0.9984,持有
2020-07-14,63.55,2.15,0.3324,277122.47,437.04,277559.51,0.9984,持有
2020-07-15,62.70,2.12,0.3219,273441.14,437.04,273878.17,0.9984,持有
2020-07-16,61.14,2.07,0.3043,266623.86,437.04,267060.89,0.9984,持有
2020-07-17,60.98,2.07,0.3033,265942.13,437.04,266379.17,0.9984,持有
2020-07-20,64.72,2.19,0.3495,282235.43,437.04,282672.47,0.9985,持有
2020-07-21,63.12,2.14,0.3279,275281.80,437.04,275718.84,0.9984,持有
2020-07-22,62.47,2.12,0.3186,272452.63,437.04,272889.67,0.9984,持有
2020-07-23,61.75,2.09,0.3105,269282.60,437.04,269719.63,0.9984,持有
2020-07-24,60.18,2.04,0.2939,262465.32,437.04,262902.35,0.9983,持有
2020-07-27,59.74,2.02,0.2889,260522.39,437.04,260959.43,0.9983,持有
2020-07-28,59.70,2.02,0.2885,260351.96,437.04,260789.00,0.9983,持有
2020-07-29,60.42,2.05,0.2982,263487.91,437.04,263924.94,0.9983,持有
2020-07-30,59.43,2.01,0.2853,259158.93,437.04,259595.97,0.9983,持有
2020-07-31,59.32,2.01,0.2840,258715.81,437.04,259152.85,0.9983,持有
2020-08-03,59.75,2.02,0.2900,260556.48,437.04,260993.51,0.9983,持有
2020-08-04,61.49,2.08,0.3104,268157.74,437.04,268594.78,0.9984,持有
2020-08-05,60.29,2.04,0.2969,262908.44,437.04,263345.48,0.9983,持有
2020-08-06,60.30,2.04,0.2971,262976.61,437.04,263413.65,0.9983,持有
2020-08-07,59.66,2.02,0.2878,260181.53,437.04,260618.56,0.9983,持有
2020-08-10,60.19,2.04,0.2951,262499.40,437.04,262936.44,0.9983,持有
2020-08-11,60.00,2.03,0.2928,261681.33,437.04,262118.36,0.9983,持有
2020-08-12,60.31,2.04,0.2979,263010.70,437.04,263447.73,0.9983,持有
2020-08-13,59.87,2.03,0.2911,261101.86,437.04,261538.90,0.9983,持有
2020-08-14,61.11,2.07,0.3066,266521.60,437.04,266958.63,0.9984,持有
2020-08-17,63.39,2.15,0.3349,276440.74,437.04,276877.78,0.9984,持有
2020-08-18,62.33,2.11,0.3210,271839.08,437.04,272276.11,0.9984,持有
2020-08-19,61.10,2.07,0.3063,266453.42,437.04,266890.46,0.9984,持有
2020-08-20,60.65,2.06,0.3023,264510.50,437.04,264947.54,0.9984,持有
2020-08-21,61.16,2.07,0.3076,266726.12,437.04,267163.15,0.9984,持有
2020-08-24,60.81,2.06,0.3039,265192.23,437.04,265629.26,0.9984,持有
2020-08-25,61.05,2.07,0.3062,266248.91,437.04,266685.94,0.9984,持有
2020-08-26,60.03,2.03,0.2931,261783.59,437.04,262220.62,0.9983,持有
2020-08-27,59.83,2.03,0.2899,260897.34,437.04,261334.38,0.9983,持有
2020-08-28,60.88,2.03,0.2901,265499.01,437.04,265936.04,0.9984,持有
2020-08-31,59.89,2.00,0.2770,261170.03,437.04,261607.07,0.9983,持有
2020-09-01,59.70,1.99,0.2745,260351.96,437.04,260789.00,0.9983,持有
2020-09-02,59.35,1.98,0.2707,258818.07,437.04,259255.11,0.9983,持有
2020-09-03,58.93,1.96,0.2646,256977.40,437.04,257414.44,0.9983,持有
2020-09-04,58.48,1.95,0.2575,255034.48,437.04,255471.52,0.9983,持有
2020-09-07,58.67,1.95,0.2599,255852.55,437.04,256289.59,0.9983,持有
2020-09-08,60.29,2.01,0.2825,262942.53,437.04,263379.56,0.9983,持有
2020-09-09,59.78,1.99,0.2770,260692.82,437.04,261129.86,0.9983,持有
2020-09-10,59.81,1.99,0.2775,260829.17,437.04,261266.20,0.9983,持有
2020-09-11,60.35,2.01,0.2847,263181.13,437.04,263618.17,0.9983,持有
2020-09-14,61.40,2.05,0.3022,267748.71,437.04,268185.74,0.9984,持有
2020-09-15,62.46,2.08,0.3148,272384.46,437.04,272821.50,0.9984,持有
2020-09-16,62.06,2.05,0.3023,270628.43,437.04,271065.47,0.9984,持有
2020-09-17,62.37,2.06,0.3059,272005.67,437.04,272442.71,0.9984,持有
2020-09-18,65.44,2.16,0.3430,285399.37,437.04,285836.41,0.9985,持有
2020-09-21,63.90,2.11,0.3248,278650.88,437.04,279087.91,0.9984,持有
2020-09-22,62.43,2.06,0.3062,272246.69,437.04,272683.73,0.9984,持有
2020-09-23,62.02,2.05,0.3019,270490.71,437.04,270927.74,0.9984,持有
2020-09-24,60.85,2.01,0.2815,265360.47,437.04,265797.51,0.9984,持有
2020-09-25,61.26,2.02,0.2875,267150.89,437.04,267587.93,0.9984,持有
2020-09-28,61.54,2.03,0.2937,268390.41,437.04,268827.45,0.9984,持有
2020-09-29,60.64,2.00,0.2789,264430.83,437.04,264867.87,0.9983,持有
2020-09-30,60.21,1.99,0.2730,262571.55,437.04,263008.59,0.9983,持有
2020-10-09,61.50,2.03,0.2929,268218.25,437.04,268655.29,0.9984,持有
2020-10-12,63.84,2.11,0.3245,278409.86,437.04,278846.90,0.9984,持有
2020-10-13,64.25,2.12,0.3295,280200.28,437.04,280637.31,0.9984,持有
2020-10-14,64.25,2.12,0.3294,280200.28,437.04,280637.31,0.9984,持有
2020-10-15,64.27,2.12,0.3302,280269.14,437.04,280706.17,0.9984,持有
2020-10-16,64.74,2.14,0.3368,282335.00,437.04,282772.04,0.9985,持有
2020-10-19,64.62,2.13,0.3354,281818.54,437.04,282255.57,0.9985,持有
2020-10-20,64.13,2.12,0.3278,279683.81,437.04,280120.85,0.9984,持有
2020-10-21,65.06,2.15,0.3413,283712.25,437.04,284149.28,0.9985,持有
2020-10-22,64.82,2.14,0.3382,282679.31,437.04,283116.35,0.9985,持有
2020-10-23,65.93,2.17,0.3537,287499.67,437.04,287936.71,0.9985,持有
2020-10-26,64.90,2.14,0.3404,283023.63,437.04,283460.66,0.9985,持有
2020-10-27,64.01,2.11,0.3264,279132.91,437.04,279569.95,0.9984,持有
2020-10-28,62.83,2.05,0.3032,274002.68,437.04,274439.71,0.9984,持有
2020-10-29,62.10,2.03,0.2907,270835.02,437.04,271272.05,0.9984,持有
2020-10-30,61.45,2.00,0.2798,267977.24,437.04,268414.27,0.9984,持有
2020-11-02,60.97,1.99,0.2731,265911.37,437.04,266348.41,0.9984,持有
2020-11-03,62.50,2.04,0.2971,272556.57,437.04,272993.61,0.9984,持有
2020-11-04,62.77,2.05,0.3036,273727.23,437.04,274164.27,0.9984,持有
2020-11-05,63.90,2.08,0.3182,278685.31,437.04,279122.34,0.9984,持有
2020-11-06,64.19,2.09,0.3205,279924.83,437.04,280361.86,0.9984,持有
2020-11-09,65.51,2.14,0.3396,285709.25,437.04,286146.29,0.9985,持有
2020-11-10,65.69,2.14,0.3425,286466.74,437.04,286903.77,0.9985,持有
2020-11-11,65.94,2.15,0.3463,287568.53,437.04,288005.57,0.9985,持有
2020-11-12,64.95,2.12,0.3303,283264.64,437.04,283701.68,0.9985,持有
2020-11-13,63.43,2.07,0.3108,276619.44,437.04,277056.48,0.9984,持有
2020-11-16,65.61,2.14,0.3424,286122.42,437.04,286559.46,0.9985,持有
2020-11-17,66.34,2.16,0.3525,289324.52,437.04,289761.55,0.9985,持有
2020-11-18,67.40,2.20,0.3671,293938.28,437.04,294375.32,0.9985,持有
2020-11-19,67.44,2.20,0.3673,294110.44,437.04,294547.48,0.9985,持有
2020-11-20,66.75,2.18,0.3576,291080.50,437.04,291517.54,0.9985,持有
2020-11-23,68.07,2.22,0.3799,296864.93,437.04,297301.96,0.9985,持有
2020-11-24,67.11,2.19,0.3630,292664.33,437.04,293101.37,0.9985,持有
2020-11-25,68.89,2.25,0.3940,300411.33,437.04,300848.37,0.9985,持有
2020-11-26,70.39,2.30,0.4238,306953.24,437.04,307390.28,0.9986,持有
2020-11-27,71.14,2.32,0.4407,310224.19,437.04,310661.23,0.9986,持有
2020-11-30,71.08,2.32,0.4391,309983.18,437.04,310420.21,0.9986,持有
2020-12-01,73.73,2.41,0.4948,321517.59,437.04,321954.63,0.9986,持有
2020-12-02,73.31,2.39,0.4872,319692.75,437.04,320129.78,0.9986,持有
2020-12-03,72.53,2.37,0.4700,316318.50,437.04,316755.53,0.9986,持有
2020-12-04,72.79,2.37,0.4749,317420.29,437.04,317857.33,0.9986,持有
2020-12-07,71.36,2.33,0.4465,311188.26,437.04,311625.30,0.9986,持有
2020-12-08,69.52,2.27,0.4046,303165.82,437.04,303602.85,0.9986,持有
2020-12-09,69.38,2.26,0.4027,302546.06,437.04,302983.10,0.9986,持有
2020-12-10,69.23,2.26,0.3996,301891.87,437.04,302328.90,0.9986,持有
2020-12-11,67.98,2.22,0.3771,296451.75,437.04,296888.79,0.9985,持有
2020-12-14,69.23,2.26,0.3999,301926.30,437.04,302363.34,0.9986,持有
2020-12-15,68.14,2.22,0.3805,297140.38,437.04,297577.41,0.9985,持有
2020-12-16,68.56,2.24,0.3869,298999.66,437.04,299436.69,0.9985,持有
2020-12-17,70.25,2.29,0.4195,306367.91,437.04,306804.95,0.9986,持有
2020-12-18,69.31,2.26,0.4018,302270.61,437.04,302707.65,0.9986,持有
2020-12-21,68.73,2.24,0.3910,299722.71,437.04,300159.75,0.9985,持有
2020-12-22,66.44,2.17,0.3508,289737.69,437.04,290174.73,0.9985,持有
2020-12-23,66.99,2.19,0.3593,292147.87,437.04,292584.90,0.9985,持有
2020-12-24,66.48,2.17,0.3515,289909.85,437.04,290346.88,0.9985,持有
2020-12-25,65.69,2.14,0.3401,286466.74,437.04,286903.77,0.9985,持有
2020-12-28,66.81,2.18,0.3566,291355.95,437.04,291792.99,0.9985,持有
2020-12-29,67.50,2.20,0.3675,294385.89,437.04,294822.92,0.9985,持有
2020-12-30,67.80,2.21,0.3727,295694.27,437.04,296131.31,0.9985,持有
2020-12-31,68.67,2.24,0.3910,299481.69,437.04,299918.73,0.9985,持有
2021-01-04,67.25,2.19,0.3642,293284.09,437.04,293721.13,0.9985,持有
2021-01-05,66.53,2.17,0.3519,290150.86,437.04,290587.90,0.9985,持有
2021-01-06,67.69,2.21,0.3705,295212.23,437.04,295649.27,0.9985,持有
2021-01-07,68.10,2.22,0.3810,297002.65,437.04,297439.69,0.9985,持有
2021-01-08,67.98,2.22,0.3780,296451.75,437.04,296888.79,0.9985,持有
2021-01-11,66.34,2.16,0.3488,289324.52,437.04,289761.55,0.9985,持有
2021-01-12,69.34,2.26,0.4053,302373.90,437.04,302810.94,0.9986,持有
2021-01-13,69.11,2.25,0.4016,301409.83,437.04,301846.87,0.9986,持有
2021-01-14,67.32,2.20,0.3648,293593.97,437.04,294031.01,0.9985,持有
2021-01-15,68.61,2.24,0.3901,299206.24,437.04,299643.28,0.9985,持有
2021-01-18,68.85,2.25,0.3953,300239.17,437.04,300676.21,0.9985,持有
2021-01-19,68.53,2.24,0.3884,298861.93,437.04,299298.97,0.9985,持有
2021-01-20,67.27,2.19,0.3638,293352.96,437.04,293789.99,0.9985,持有
2021-01-21,66.67,2.18,0.3539,290736.19,437.04,291173.23,0.9985,持有
2021-01-22,66.16,2.16,0.3452,288532.60,437.04,288969.64,0.9985,持有
2021-01-25,67.01,2.19,0.3596,292251.16,437.04,292688.20,0.9985,持有
2021-01-26,65.53,2.14,0.3350,285778.11,437.04,286215.15,0.9985,持有
2021-01-27,65.56,2.14,0.3367,285915.84,437.04,286352.87,0.9985,持有
2021-01-28,63.89,2.08,0.3130,278616.45,437.04,279053.48,0.9984,持有
2021-01-29,62.44,2.04,0.2911,272281.12,437.04,272718.16,0.9984,持有
2021-02-01,62.59,2.04,0.2933,272935.31,437.04,273372.35,0.9984,持有
2021-02-02,61.72,2.01,0.2797,269182.32,437.04,269619.36,0.9984,持有
2021-02-03,60.43,1.97,0.2608,263535.62,437.04,263972.66,0.9983,持有
2021-02-04,62.86,1.91,0.2330,274140.40,437.04,274577.44,0.9984,持有
2021-02-05,62.94,1.91,0.2341,274484.71,437.04,274921.75,0.9984,持有
2021-02-08,62.03,1.88,0.2243,270525.14,437.04,270962.17,0.9984,持有
2021-02-09,61.69,1.87,0.2213,269010.17,437.04,269447.21,0.9984,持有
2021-02-10,62.57,1.90,0.2310,272866.45,437.04,273303.49,0.9984,持有
2021-02-18,65.04,1.97,0.2635,283643.39,437.04,284080.42,0.9985,持有
2021-02-19,66.48,2.02,0.2829,289909.85,437.04,290346.88,0.9985,持有
2021-02-22,65.53,1.99,0.2695,285778.11,437.04,286215.15,0.9985,持有
2021-02-23,66.57,2.02,0.2842,290323.02,437.04,290760.06,0.9985,持有
2021-02-24,66.15,2.01,0.2779,288463.74,437.04,288900.78,0.9985,持有
2021-02-25,68.80,2.09,0.3163,300032.59,437.04,300469.63,0.9985,持有
2021-02-26,67.25,2.04,0.2959,293284.09,437.04,293721.13,0.9985,持有
2021-03-01,66.98,2.03,0.2923,292113.44,437.04,292550.47,0.9985,持有
2021-03-02,65.71,2.00,0.2723,286570.03,437.04,287007.07,0.9985,持有
2021-03-03,68.49,2.08,0.3142,298689.78,437.04,299126.81,0.9985,持有
2021-03-04,68.14,2.07,0.3091,297140.38,437.04,297577.41,0.9985,持有
2021-03-05,66.71,2.03,0.2876,290942.78,437.04,291379.82,0.9985,持有
2021-03-08,67.07,2.04,0.2937,292492.18,437.04,292929.21,0.9985,持有
2021-03-09,66.36,2.01,0.2813,289393.38,437.04,289830.42,0.9985,持有
2021-03-10,65.75,2.00,0.2730,286742.18,437.04,287179.22,0.9985,持有
2021-03-11,68.18,2.07,0.3107,297346.96,437.04,297784.00,0.9985,持有
2021-03-12,67.54,2.05,0.3030,294558.04,437.04,294995.08,0.9985,持有
2021-03-15,67.20,2.04,0.2959,293043.08,437.04,293480.11,0.9985,持有
2021-03-16,67.43,2.05,0.3019,294041.58,437.04,294478.61,0.9985,持有
2021-03-17,65.17,1.98,0.2644,284194.28,437.04,284631.32,0.9985,持有
2021-03-18,64.28,1.95,0.2515,280338.00,437.04,280775.04,0.9984,持有
2021-03-19,62.88,1.91,0.2324,274209.26,437.04,274646.30,0.9984,持有
2021-03-22,63.02,1.91,0.2358,274829.02,437.04,275266.06,0.9984,持有
2021-03-23,63.20,1.92,0.2384,275620.94,437.04,276057.98,0.9984,持有
2021-03-24,62.38,1.89,0.2278,272040.11,437.04,272477.14,0.9984,持有
2021-03-25,62.53,1.90,0.2289,272694.30,437.04,273131.33,0.9984,持有
2021-03-26,63.17,1.92,0.2388,275483.22,437.04,275920.25,0.9984,持有
2021-03-29,62.47,1.90,0.2282,272453.28,437.04,272890.32,0.9984,持有
2021-03-30,62.66,1.90,0.2307,273279.63,437.04,273716.66,0.9984,持有
2021-03-31,62.14,1.89,0.2240,270972.74,437.04,271409.78,0.9984,持有
2021-04-01,62.53,1.90,0.2292,272694.30,437.04,273131.33,0.9984,持有
2021-04-02,62.28,1.89,0.2256,271592.50,437.04,272029.54,0.9984,持有
2021-04-06,62.40,1.89,0.2281,272108.97,437.04,272546.00,0.9984,持有
2021-04-07,61.94,1.88,0.2211,270111.96,437.04,270549.00,0.9984,持有
2021-04-08,62.08,1.88,0.2234,270731.72,437.04,271168.76,0.9984,持有
2021-04-09,60.92,1.85,0.2134,265670.35,437.04,266107.39,0.9984,持有
2021-04-12,60.92,1.85,0.2133,265670.35,437.04,266107.39,0.9984,持有
2021-04-13,60.45,1.84,0.2095,263604.49,437.04,264041.52,0.9983,持有
2021-04-14,60.91,1.85,0.2135,265635.92,437.04,266072.96,0.9984,持有
2021-04-15,59.85,1.82,0.2047,261022.15,437.04,261459.19,0.9983,持有
2021-04-16,59.77,1.81,0.2032,260643.41,437.04,261080.45,0.9983,持有
2021-04-19,60.15,1.83,0.2084,262296.10,437.04,262733.14,0.9983,持有
2021-04-20,60.00,1.82,0.2066,261676.35,437.04,262113.38,0.9983,持有
2021-04-21,59.70,1.81,0.2019,260367.96,437.04,260805.00,0.9983,持有
2021-04-22,59.82,1.78,0.1916,260858.93,437.04,261295.97,0.9983,持有
2021-04-23,59.73,1.76,0.1759,260473.10,437.04,260910.14,0.9983,持有
2021-04-26,58.63,1.73,0.1396,255667.71,437.04,256104.75,0.9983,持有
2021-04-27,58.93,1.73,0.1491,257000.59,437.04,257437.63,0.9983,持有
2021-04-28,58.56,1.72,0.1363,255387.11,437.04,255824.14,0.9983,持有
2021-04-29,59.37,1.75,0.1650,258929.76,437.04,259366.80,0.9983,持有
2021-04-30,58.31,1.72,0.1275,254299.75,437.04,254736.79,0.9983,持有
2021-05-06,56.73,1.67,0.0794,247389.82,437.04,247826.85,0.9982,持有
2021-05-07,56.38,1.66,0.0724,245881.56,437.04,246318.59,0.9982,持有
2021-05-10,56.33,1.66,0.0718,245636.03,437.04,246073.06,0.9982,持有
2021-05-11,56.53,1.66,0.0753,246512.92,437.04,246949.96,0.9982,持有
2021-05-12,56.25,1.66,0.0706,245285.27,437.04,245722.30,0.9982,持有
2021-05-13,55.61,1.64,0.0567,242514.28,437.04,242951.31,0.9982,持有
2021-05-14,57.25,1.69,0.0966,249669.75,437.04,250106.78,0.9983,持有
2021-05-17,56.60,1.67,0.0781,246828.60,437.04,247265.64,0.9982,持有
2021-05-18,57.03,1.68,0.0888,248687.62,437.04,249124.66,0.9982,持有
2021-05-19,56.28,1.66,0.0717,245425.57,437.04,245862.61,0.9982,持有
2021-05-20,56.88,1.67,0.0875,248056.26,437.04,248493.29,0.9982,持有
2021-05-21,56.34,1.66,0.0731,245706.18,437.04,246143.21,0.9982,持有
2021-05-24,56.25,1.66,0.0713,245320.34,437.04,245757.38,0.9982,持有
2021-05-25,58.28,1.72,0.1296,254159.45,437.04,254596.49,0.9983,持有
2021-05-26,58.22,1.71,0.1270,253878.85,437.04,254315.88,0.9983,持有
2021-05-27,58.63,1.73,0.1440,255702.79,437.04,256139.82,0.9983,持有
2021-05-28,58.69,1.73,0.1468,255948.32,437.04,256385.36,0.9983,持有
2021-05-31,57.75,1.70,0.1148,251844.45,437.04,252281.48,0.9983,持有
2021-06-01,57.21,1.68,0.0960,249494.37,437.04,249931.40,0.9983,持有
2021-06-02,57.00,1.68,0.0896,248582.39,437.04,249019.43,0.9982,持有
2021-06-03,56.85,1.67,0.0867,247915.95,437.04,248352.99,0.9982,持有
2021-06-04,56.99,1.68,0.0893,248512.24,437.04,248949.28,0.9982,持有
2021-06-07,56.53,1.66,0.0763,246512.92,437.04,246949.96,0.9982,持有
2021-06-08,56.63,1.67,0.0792,246968.91,437.04,247405.94,0.9982,持有
2021-06-09,56.54,1.66,0.0774,246583.07,437.04,247020.11,0.9982,持有
2021-06-10,56.31,1.66,0.0725,245565.87,437.04,246002.91,0.9982,持有
2021-06-11,55.82,1.64,0.0613,243426.25,437.04,243863.28,0.9982,持有
2021-06-15,53.94,1.59,0.0173,235253.58,437.04,235690.62,0.9981,持有
2021-06-16,53.89,1.59,0.0161,235008.05,437.04,235445.09,0.9981,持有
2021-06-17,53.29,1.57,0.0103,232377.36,437.04,232814.40,0.9981,持有
2021-06-18,52.36,1.54,0.0055,228343.64,437.04,228780.68,0.9981,持有
2021-06-21,51.60,1.52,0.0017,225046.51,437.04,225483.55,0.9981,持有
2021-06-22,52.06,1.53,0.0037,227045.84,437.04,227482.87,0.9981,持有
2021-06-23,52.94,1.56,0.0092,230869.10,437.04,231306.14,0.9981,持有
2021-06-24,53.05,1.56,0.0103,231360.16,437.04,231797.20,0.9981,持有
2021-06-25,53.63,1.58,0.0152,233885.62,437.04,234322.66,0.9981,持有
2021-06-28,52.76,1.55,0.0083,230097.43,437.04,230534.47,0.9981,持有
2021-06-29,51.78,1.52,0.0029,225818.18,437.04,226255.22,0.9981,持有
2021-06-30,51.70,1.52,0.0023,225467.42,437.04,225904.46,0.9981,持有
2021-07-01,52.09,1.53,0.0046,227151.06,437.04,227588.10,0.9981,持有
2021-07-02,50.11,1.47,0.0009,218522.41,437.04,218959.45,0.9980,持有
2021-07-05,49.79,1.47,0.0009,217154.45,437.04,217591.49,0.9980,持有
2021-07-06,50.59,1.49,0.0014,220626.96,437.04,221064.00,0.9980,持有
2021-07-07,50.16,1.48,0.0014,218767.94,437.04,219204.98,0.9980,持有
2021-07-08,48.89,1.44,0.0003,213190.88,437.04,213627.92,0.9980,持有
2021-07-09,48.33,1.42,0.0003,210770.65,437.04,211207.69,0.9979,持有
2021-07-12,47.78,1.41,0.0003,208350.42,437.04,208787.46,0.9979,持有
2021-07-13,48.02,1.41,0.0006,209402.69,437.04,209839.73,0.9979,持有
2021-07-14,46.58,1.37,0.0000,203124.12,437.04,203561.16,0.9979,持有
2021-07-15,48.24,1.42,0.0011,210384.82,437.04,210821.85,0.9979,持有
2021-07-16,48.02,1.41,0.0009,209402.69,437.04,209839.73,0.9979,持有
2021-07-19,47.74,1.41,0.0006,208175.04,437.04,208612.08,0.9979,持有
2021-07-20,47.02,1.38,0.0003,205053.29,437.04,205490.33,0.9979,持有
2021-07-21,46.71,1.37,0.0003,203720.41,437.04,204157.45,0.9979,持有
2021-07-22,47.08,1.39,0.0009,205333.90,437.04,205770.94,0.9979,持有
2021-07-23,46.36,1.36,0.0000,202177.07,437.04,202614.11,0.9978,持有
2021-07-26,43.83,1.29,0.0000,191163.26,437.04,191600.30,0.9977,持有
2021-07-27,42.36,1.25,0.0000,184744.39,437.04,185181.42,0.9976,持有
2021-07-28,42.72,1.26,0.0003,186287.72,437.04,186724.76,0.9977,持有
2021-07-29,42.83,1.26,0.0006,186778.79,437.04,187215.82,0.9977,持有
2021-07-30,43.17,1.27,0.0009,188251.97,437.04,188689.01,0.9977,持有
2021-08-02,43.44,1.28,0.0011,189444.55,437.04,189881.59,0.9977,持有
2021-08-03,43.63,1.28,0.0014,190251.29,437.04,190688.33,0.9977,持有
2021-08-04,43.11,1.27,0.0009,188006.44,437.04,188443.48,0.9977,持有
2021-08-05,43.59,1.28,0.0017,190110.99,437.04,190548.03,0.9977,持有
2021-08-06,43.17,1.27,0.0011,188251.97,437.04,188689.01,0.9977,持有
2021-08-09,44.33,1.30,0.0028,193337.97,437.04,193775.00,0.9977,持有
2021-08-10,44.82,1.32,0.0031,195477.59,437.04,195914.63,0.9978,持有
2021-08-11,44.88,1.32,0.0034,195723.12,437.04,196160.16,0.9978,持有
2021-08-12,44.03,1.30,0.0028,192005.08,437.04,192442.12,0.9977,持有
2021-08-13,43.68,1.29,0.0026,190496.82,437.04,190933.86,0.9977,持有
2021-08-16,44.18,1.30,0.0034,192671.52,437.04,193108.56,0.9977,持有
2021-08-17,43.60,1.28,0.0023,190146.07,437.04,190583.10,0.9977,持有
2021-08-18,45.07,1.33,0.0048,196564.94,437.04,197001.98,0.9978,持有
2021-08-19,43.20,1.27,0.0017,188392.27,437.04,188829.31,0.9977,持有
2021-08-20,42.64,1.25,0.0003,185936.97,437.04,186374.00,0.9977,持有
2021-08-23,42.39,1.25,0.0003,184849.61,437.04,185286.65,0.9976,持有
2021-08-24,41.66,1.23,0.0000,181692.79,437.04,182129.83,0.9976,持有
2021-08-25,41.49,1.22,0.0000,180921.12,437.04,181358.16,0.9976,持有
2021-08-26,40.46,1.19,0.0000,176431.42,437.04,176868.45,0.9975,持有
2021-08-27,41.82,1.20,0.0003,182394.31,437.04,182831.34,0.9976,持有
2021-08-30,40.79,1.17,0.0000,177869.53,437.04,178306.56,0.9975,持有
2021-08-31,40.13,1.15,0.0000,175028.38,437.04,175465.42,0.9975,持有
2021-09-01,41.41,1.19,0.0006,180605.44,437.04,181042.48,0.9976,持有
2021-09-02,41.46,1.19,0.0008,180815.89,437.04,181252.93,0.9976,持有
2021-09-03,41.59,1.19,0.0014,181377.11,437.04,181814.14,0.9976,持有
2021-09-06,41.49,1.19,0.0011,180921.12,437.04,181358.16,0.9976,持有
2021-09-07,42.10,1.21,0.0023,183586.89,437.04,184023.92,0.9976,持有
2021-09-08,41.78,1.20,0.0020,182218.93,437.04,182655.96,0.9976,持有
2021-09-09,41.52,1.19,0.0017,181061.43,437.04,181498.46,0.9976,持有
2021-09-10,41.59,1.19,0.0020,181377.11,437.04,181814.14,0.9976,持有
2021-09-13,41.12,1.18,0.0006,179307.63,437.04,179744.67,0.9976,持有
2021-09-14,40.10,1.15,0.0000,174888.08,437.04,175325.12,0.9975,持有
2021-09-15,39.79,1.14,0.0000,173520.12,437.04,173957.16,0.9975,持有
2021-09-16,39.82,1.14,0.0003,173660.43,437.04,174097.46,0.9975,持有
2021-09-17,39.15,1.12,0.0000,170749.13,437.04,171186.17,0.9974,持有
2021-09-22,38.43,1.10,0.0000,167592.31,437.04,168029.34,0.9974,持有
2021-09-23,38.78,1.11,0.0003,169135.64,437.04,169572.68,0.9974,持有
2021-09-24,38.67,1.11,0.0003,168644.58,437.04,169081.62,0.9974,持有
2021-09-27,39.41,1.13,0.0011,171871.56,437.04,172308.60,0.9975,持有
2021-09-28,39.62,1.14,0.0014,172783.53,437.04,173220.57,0.9975,持有
2021-09-29,39.56,1.14,0.0014,172538.00,437.04,172975.04,0.9975,持有
2021-09-30,38.90,1.12,0.0008,169626.71,437.04,170063.74,0.9974,持有
2021-10-08,41.90,1.20,0.0065,182745.07,437.04,183182.10,0.9976,持有
2021-10-11,42.42,1.22,0.0070,184989.92,437.04,185426.96,0.9976,持有
2021-10-12,42.03,1.21,0.0067,183306.28,437.04,183743.32,0.9976,持有
2021-10-13,41.62,1.19,0.0059,181517.41,437.04,181954.45,0.9976,持有
2021-10-14,41.35,1.19,0.0039,180324.83,437.04,180761.87,0.9976,持有
2021-10-15,40.92,1.17,0.0037,178465.81,437.04,178902.85,0.9976,持有
2021-10-18,40.10,1.15,0.0028,174888.08,437.04,175325.12,0.9975,持有
2021-10-19,41.38,1.19,0.0048,180465.14,437.04,180902.17,0.9976,持有
2021-10-20,41.32,1.19,0.0045,180184.53,437.04,180621.57,0.9976,持有
2021-10-21,43.66,1.25,0.0104,190391.60,437.04,190828.63,0.9977,持有
2021-10-22,43.67,1.25,0.0107,190426.67,437.04,190863.71,0.9977,持有
2021-10-25,43.49,1.23,0.0098,189678.09,437.04,190115.13,0.9977,持有
2021-10-26,42.64,1.20,0.0084,185970.79,437.04,186407.83,0.9977,持有
2021-10-27,42.22,1.19,0.0067,184117.15,437.04,184554.18,0.9976,持有
2021-10-28,41.93,1.18,0.0045,182869.50,437.04,183306.53,0.9976,持有
2021-10-29,40.52,1.14,0.0028,176702.55,437.04,177139.59,0.9975,持有
2021-11-01,40.97,1.16,0.0039,178663.14,437.04,179100.18,0.9976,持有
2021-11-02,40.88,1.15,0.0039,178271.03,437.04,178708.06,0.9976,持有
2021-11-03,40.91,1.16,0.0042,178413.61,437.04,178850.65,0.9976,持有
2021-11-04,40.63,1.15,0.0031,177165.97,437.04,177603.00,0.9975,持有
2021-11-05,40.81,1.15,0.0042,177985.85,437.04,178422.89,0.9976,持有
2021-11-08,41.20,1.16,0.0053,179661.26,437.04,180098.30,0.9976,持有
2021-11-09,40.62,1.15,0.0031,177130.32,437.04,177567.36,0.9975,持有
2021-11-10,40.16,1.13,0.0017,175134.08,437.04,175571.12,0.9975,持有
2021-11-11,41.81,1.18,0.0070,182334.79,437.04,182771.83,0.9976,持有
2021-11-12,41.37,1.17,0.0061,180409.85,437.04,180846.89,0.9976,持有
2021-11-15,41.36,1.17,0.0061,180374.20,437.04,180811.24,0.9976,持有
2021-11-16,41.16,1.16,0.0059,179518.67,437.04,179955.71,0.9976,持有
2021-11-17,40.91,1.16,0.0053,178413.61,437.04,178850.65,0.9976,持有
2021-11-18,40.47,1.14,0.0028,176488.67,437.04,176925.71,0.9975,持有
2021-11-19,40.84,1.15,0.0053,178092.79,437.04,178529.83,0.9976,持有
2021-11-22,40.63,1.15,0.0042,177201.61,437.04,177638.65,0.9975,持有
2021-11-23,40.56,1.15,0.0036,176880.79,437.04,177317.83,0.9975,持有
2021-11-24,40.67,1.15,0.0047,177344.20,437.04,177781.24,0.9975,持有
2021-11-25,40.38,1.14,0.0025,176096.55,437.04,176533.59,0.9975,持有
2021-11-26,39.82,1.12,0.0014,173672.55,437.04,174109.59,0.9975,持有
2021-11-29,39.77,1.12,0.0011,173458.67,437.04,173895.71,0.9975,持有
2021-11-30,39.42,1.11,0.0006,171890.20,437.04,172327.24,0.9975,持有
2021-12-01,39.95,1.13,0.0022,174207.26,437.04,174644.30,0.9975,持有
2021-12-02,39.95,1.13,0.0025,174242.91,437.04,174679.94,0.9975,持有
2021-12-03,40.04,1.13,0.0028,174635.02,437.04,175072.06,0.9975,持有
2021-12-06,40.18,1.13,0.0036,175205.38,437.04,175642.41,0.9975,持有
2021-12-07,41.19,1.16,0.0100,179625.61,437.04,180062.65,0.9976,持有
2021-12-08,41.15,1.16,0.0097,179447.38,437.04,179884.42,0.9976,持有
2021-12-09,41.94,1.18,0.0128,182905.15,437.04,183342.18,0.9976,持有
2021-12-10,41.87,1.18,0.0125,182584.32,437.04,183021.36,0.9976,持有
2021-12-13,41.81,1.18,0.0122,182334.79,437.04,182771.83,0.9976,持有
2021-12-14,41.57,1.17,0.0117,181265.38,437.04,181702.42,0.9976,持有
2021-12-15,41.44,1.17,0.0114,180730.67,437.04,181167.71,0.9976,持有
2021-12-16,41.85,1.18,0.0133,182513.03,437.04,182950.06,0.9976,持有
2021-12-17,41.31,1.17,0.0108,180160.32,437.04,180597.36,0.9976,持有
2021-12-20,41.10,1.16,0.0097,179233.50,437.04,179670.53,0.9976,持有
2021-12-21,41.56,1.17,0.0125,181229.73,437.04,181666.77,0.9976,持有
2021-12-22,41.02,1.16,0.0097,178877.03,437.04,179314.06,0.9976,持有
2021-12-23,41.05,1.16,0.0100,179019.61,437.04,179456.65,0.9976,持有
2021-12-24,40.72,1.15,0.0072,177593.73,437.04,178030.77,0.9975,持有
2021-12-27,40.85,1.15,0.0089,178164.08,437.04,178601.12,0.9976,持有
2021-12-28,41.58,1.17,0.0141,181336.67,437.04,181773.71,0.9976,持有
2021-12-29,41.53,1.17,0.0136,181122.79,437.04,181559.83,0.9976,持有
2021-12-30,41.21,1.16,0.0122,179696.91,437.04,180133.95,0.9976,持有
2021-12-31,41.21,1.16,0.0122,179696.91,437.04,180133.95,0.9976,持有
2022-01-04,41.69,1.18,0.0155,181800.09,437.04,182237.12,0.9976,持有
2022-01-05,42.56,1.20,0.0216,185614.32,437.04,186051.36,0.9977,持有
2022-01-06,41.93,1.18,0.0171,182869.50,437.04,183306.53,0.9976,持有
2022-01-07,43.27,1.22,0.0238,188715.62,437.04,189152.66,0.9977,持有
2022-01-10,43.39,1.23,0.0240,189214.68,437.04,189651.71,0.9977,持有
2022-01-11,43.21,1.22,0.0235,188430.44,437.04,188867.48,0.9977,持有
2022-01-12,42.91,1.21,0.0232,187147.15,437.04,187584.18,0.9977,持有
2022-01-13,42.75,1.21,0.0229,186434.21,437.04,186871.24,0.9977,持有
2022-01-14,41.77,1.18,0.0157,182156.56,437.04,182593.59,0.9976,持有
2022-01-17,41.64,1.18,0.0155,181586.20,437.04,182023.24,0.9976,持有
2022-01-18,41.88,1.18,0.0177,182619.97,437.04,183057.01,0.9976,持有
2022-01-19,42.06,1.19,0.0193,183404.20,437.04,183841.24,0.9976,持有
2022-01-20,43.65,1.23,0.0267,190355.38,437.04,190792.42,0.9977,持有
2022-01-21,43.77,1.24,0.0270,190890.09,437.04,191327.13,0.9977,持有
2022-01-24,43.43,1.23,0.0262,189392.91,437.04,189829.95,0.9977,持有
2022-01-25,41.85,1.18,0.0171,182513.03,437.04,182950.06,0.9976,持有
2022-01-26,42.37,1.20,0.0226,184758.79,437.04,185195.83,0.9976,持有
2022-01-27,41.52,1.17,0.0140,181051.50,437.04,181488.53,0.9976,持有
2022-01-28,40.85,1.15,0.0088,178128.44,437.04,178565.47,0.9976,持有
2022-02-07,42.49,1.20,0.0237,185293.50,437.04,185730.54,0.9976,持有
2022-02-08,43.32,1.22,0.0272,188929.50,437.04,189366.54,0.9977,持有
2022-02-09,43.36,1.22,0.0275,189072.09,437.04,189509.13,0.9977,持有
2022-02-10,44.29,1.25,0.0300,193135.86,437.04,193572.89,0.9977,持有
2022-02-11,45.44,1.28,0.0330,198162.09,437.04,198599.13,0.9978,持有
2022-02-14,44.06,1.24,0.0294,192137.74,437.04,192574.77,0.9977,持有
2022-02-15,43.55,1.23,0.0288,189927.62,437.04,190364.66,0.9977,持有
2022-02-16,44.01,1.24,0.0297,191923.86,437.04,192360.89,0.9977,持有
2022-02-17,43.85,1.24,0.0297,191246.56,437.04,191683.60,0.9977,持有
2022-02-18,44.55,1.26,0.0324,194276.56,437.04,194713.60,0.9978,持有
2022-02-21,44.27,1.25,0.0310,193064.56,437.04,193501.60,0.9977,持有
2022-02-22,43.38,1.22,0.0277,189179.03,437.04,189616.07,0.9977,持有
2022-02-23,43.23,1.22,0.0266,188537.38,437.04,188974.42,0.9977,持有
2022-02-24,42.06,1.19,0.0203,183439.85,437.04,183876.89,0.9976,持有
2022-02-25,42.01,1.19,0.0197,183225.97,437.04,183663.01,0.9976,持有
2022-02-28,41.49,1.17,0.0143,180944.56,437.04,181381.59,0.9976,持有
2022-03-01,42.01,1.19,0.0200,183190.32,437.04,183627.36,0.9976,持有
2022-03-02,41.49,1.17,0.0142,180944.56,437.04,181381.59,0.9976,持有
2022-03-03,41.62,1.18,0.0164,181514.91,437.04,181951.95,0.9976,持有
2022-03-04,40.95,1.16,0.0101,178591.85,437.04,179028.89,0.9976,持有
2022-03-07,39.95,1.13,0.0025,174242.91,437.04,174679.94,0.9975,持有
2022-03-08,38.80,1.10,0.0000,169216.67,437.04,169653.70,0.9974,持有
2022-03-09,38.35,1.08,0.0000,167256.08,437.04,167693.12,0.9974,持有
2022-03-10,38.34,1.08,0.0000,167220.43,437.04,167657.47,0.9974,持有
2022-03-11,38.53,1.09,0.0005,168040.31,437.04,168477.35,0.9974,持有
2022-03-14,37.45,1.06,0.0000,163299.25,437.04,163736.29,0.9973,持有
2022-03-15,34.86,0.98,0.0000,152034.78,437.04,152471.81,0.9971,持有
2022-03-16,36.20,1.02,0.0003,157880.90,437.04,158317.93,0.9972,持有
2022-03-17,37.19,1.05,0.0005,162194.19,437.04,162631.23,0.9973,持有
2022-03-18,39.18,1.08,0.0011,170856.43,437.04,171293.47,0.9974,持有
2022-03-21,38.45,1.06,0.0011,167683.84,437.04,168120.88,0.9974,持有
2022-03-22,39.07,1.08,0.0014,170393.02,437.04,170830.06,0.9974,持有
2022-03-23,39.15,1.08,0.0016,170749.49,437.04,171186.53,0.9974,持有
2022-03-24,39.44,1.09,0.0027,171997.14,437.04,172434.18,0.9975,持有
2022-03-25,38.93,1.07,0.0014,169787.02,437.04,170224.06,0.9974,持有
2022-03-28,39.11,1.08,0.0019,170571.26,437.04,171008.29,0.9974,持有
2022-03-29,38.59,1.06,0.0014,168289.84,437.04,168726.88,0.9974,持有
2022-03-30,39.81,1.10,0.0044,173601.26,437.04,174038.30,0.9975,持有
2022-03-31,39.60,1.09,0.0041,172710.08,437.04,173147.12,0.9975,持有
2022-04-01,40.02,1.10,0.0049,174528.08,437.04,174965.12,0.9975,持有
2022-04-06,40.49,1.11,0.0063,176595.61,437.04,177032.65,0.9975,持有
2022-04-07,39.63,1.09,0.0044,172817.02,437.04,173254.06,0.9975,持有
2022-04-08,40.25,1.11,0.0057,175526.20,437.04,175963.24,0.9975,持有
2022-04-11,38.92,1.07,0.0016,169751.37,437.04,170188.41,0.9974,持有
2022-04-12,39.62,1.09,0.0046,172781.38,437.04,173218.41,0.9975,持有
2022-04-13,39.09,1.08,0.0024,170464.32,437.04,170901.35,0.9974,持有
2022-04-14,39.39,1.08,0.0041,171783.26,437.04,172220.29,0.9975,持有
2022-04-15,39.48,1.09,0.0046,172175.38,437.04,172612.41,0.9975,持有
2022-04-18,38.42,1.06,0.0011,167541.26,437.04,167978.29,0.9974,持有
2022-04-19,37.96,1.04,0.0005,165545.02,437.04,165982.06,0.9974,持有
2022-04-20,37.53,1.03,0.0005,163655.72,437.04,164092.76,0.9973,持有
2022-04-21,37.78,1.04,0.0008,164760.78,437.04,165197.82,0.9974,持有
2022-04-22,37.98,1.05,0.0014,165616.31,437.04,166053.35,0.9974,持有
2022-04-25,36.66,1.01,0.0003,159877.13,437.04,160314.17,0.9973,持有
2022-04-26,35.63,0.98,0.0000,155385.60,437.04,155822.64,0.9972,持有
2022-04-27,35.89,0.99,0.0005,156526.31,437.04,156963.35,0.9972,持有
2022-04-28,35.69,0.98,0.0003,155635.13,437.04,156072.17,0.9972,持有
2022-04-29,36.42,1.00,0.0011,158843.37,437.04,159280.41,0.9973,持有
2022-05-05,36.80,0.99,0.0008,160483.13,437.04,160920.17,0.9973,持有
2022-05-06,36.01,0.97,0.0000,157061.02,437.04,157498.05,0.9972,持有
2022-05-09,36.25,0.97,0.0003,158094.78,437.04,158531.82,0.9972,持有
2022-05-10,36.35,0.98,0.0005,158522.55,437.04,158959.58,0.9973,持有
2022-05-11,36.56,0.98,0.0011,159449.37,437.04,159886.41,0.9973,持有
2022-05-12,35.97,0.96,0.0000,156847.13,437.04,157284.17,0.9972,持有
2022-05-13,35.93,0.96,0.0000,156704.54,437.04,157141.58,0.9972,持有
2022-05-16,35.44,0.95,0.0000,154565.72,437.04,155002.76,0.9972,持有
2022-05-17,35.82,0.96,0.0003,156205.49,437.04,156642.52,0.9972,持有
2022-05-18,35.66,0.96,0.0003,155528.19,437.04,155965.23,0.9972,持有
2022-05-19,35.39,0.95,0.0000,154316.19,437.04,154753.23,0.9972,持有
2022-05-20,36.22,0.97,0.0019,157952.19,437.04,158389.23,0.9972,持有
2022-05-23,35.88,0.96,0.0011,156455.02,437.04,156892.05,0.9972,持有
2022-05-24,35.26,0.95,0.0000,153781.48,437.04,154218.52,0.9972,持有
2022-05-25,35.34,0.95,0.0003,154102.31,437.04,154539.34,0.9972,持有
2022-05-26,35.27,0.95,0.0003,153817.13,437.04,154254.17,0.9972,持有
2022-05-27,35.58,0.95,0.0013,155171.72,437.04,155608.76,0.9972,持有
2022-05-30,36.09,0.97,0.0032,157381.84,437.04,157818.88,0.9972,持有
2022-05-31,36.13,0.97,0.0035,157560.07,437.04,157997.11,0.9972,持有
2022-06-01,36.10,0.97,0.0035,157453.13,437.04,157890.17,0.9972,持有
2022-06-02,35.97,0.96,0.0027,156847.13,437.04,157284.17,0.9972,持有
2022-06-06,36.18,0.97,0.0043,157773.96,437.04,158210.99,0.9972,持有
2022-06-07,36.09,0.97,0.0035,157381.84,437.04,157818.88,0.9972,持有
2022-06-08,36.45,0.98,0.0057,158950.31,437.04,159387.35,0.9973,持有
2022-06-09,36.47,0.98,0.0059,159057.25,437.04,159494.29,0.9973,持有
2022-06-10,36.73,0.99,0.0073,160197.96,437.04,160634.99,0.9973,持有
2022-06-13,36.08,0.97,0.0035,157346.19,437.04,157783.23,0.9972,持有
2022-06-14,36.96,0.99,0.0083,161196.08,437.04,161633.11,0.9973,持有
2022-06-15,38.95,1.05,0.0102,169858.32,437.04,170295.35,0.9974,持有
2022-06-16,38.01,1.02,0.0091,165758.90,437.04,166195.94,0.9974,持有
2022-06-17,38.44,1.03,0.0097,167648.20,437.04,168085.23,0.9974,持有
2022-06-20,38.29,0.99,0.0086,166985.70,437.04,167422.73,0.9974,持有
2022-06-21,38.94,1.01,0.0094,169820.33,437.04,170257.37,0.9974,持有
2022-06-22,38.32,1.00,0.0089,167132.95,437.04,167569.99,0.9974,持有
2022-06-23,39.04,1.01,0.0099,170262.09,437.04,170699.13,0.9974,持有
2022-06-24,39.47,1.03,0.0107,172139.58,437.04,172576.61,0.9975,持有
2022-06-27,39.51,1.03,0.0110,172286.83,437.04,172723.87,0.9975,持有
2022-06-28,39.59,1.03,0.0113,172654.96,437.04,173092.00,0.9975,持有
2022-06-29,39.50,1.03,0.0110,172250.02,437.04,172687.05,0.9975,持有
2022-06-30,39.41,1.02,0.0107,171881.88,437.04,172318.92,0.9975,持有
2022-07-01,39.09,1.02,0.0102,170482.97,437.04,170920.01,0.9974,持有
2022-07-04,39.22,1.02,0.0104,171035.17,437.04,171472.21,0.9975,持有
2022-07-05,39.35,1.02,0.0112,171587.37,437.04,172024.41,0.9975,持有
2022-07-06,38.70,1.01,0.0094,168789.55,437.04,169226.59,0.9974,持有
2022-07-07,38.49,1.00,0.0091,167869.22,437.04,168306.26,0.9974,持有
2022-07-08,38.68,1.00,0.0096,168679.11,437.04,169116.15,0.9974,持有
2022-07-11,38.31,1.00,0.0088,167059.32,437.04,167496.36,0.9974,持有
2022-07-12,38.42,1.00,0.0094,167537.90,437.04,167974.93,0.9974,持有
2022-07-13,38.05,0.99,0.0083,165954.92,437.04,166391.96,0.9974,持有
2022-07-14,36.80,0.96,0.0016,160506.53,437.04,160943.57,0.9973,持有
2022-07-15,36.05,0.94,0.0000,157230.14,437.04,157667.18,0.9972,持有
2022-07-18,36.68,0.95,0.0016,159954.33,437.04,160391.37,0.9973,持有
2022-07-19,36.64,0.95,0.0016,159770.26,437.04,160207.30,0.9973,持有
2022-07-20,36.64,0.95,0.0016,159770.26,437.04,160207.30,0.9973,持有
2022-07-21,36.08,0.94,0.0003,157340.58,437.04,157777.62,0.9972,持有
2022-07-22,36.34,0.94,0.0005,158481.80,437.04,158918.83,0.9972,持有
2022-07-25,36.23,0.94,0.0005,158003.22,437.04,158440.26,0.9972,持有
2022-07-26,36.47,0.95,0.0016,159034.00,437.04,159471.03,0.9973,持有
2022-07-27,36.12,0.94,0.0005,157524.65,437.04,157961.68,0.9972,持有
2022-07-28,36.06,0.94,0.0003,157266.95,437.04,157703.99,0.9972,持有
2022-07-29,35.56,0.92,0.0000,155058.15,437.04,155495.18,0.9972,持有
2022-08-01,35.32,0.92,0.0000,154027.37,437.04,154464.41,0.9972,持有
2022-08-02,34.75,0.90,0.0000,151560.87,437.04,151997.91,0.9971,持有
2022-08-03,34.47,0.90,0.0000,150309.21,437.04,150746.25,0.9971,持有
2022-08-04,34.68,0.90,0.0003,151229.55,437.04,151666.59,0.9971,持有
2022-08-05,35.07,0.91,0.0008,152922.97,437.04,153360.00,0.9972,持有
2022-08-08,34.76,0.90,0.0008,151597.68,437.04,152034.72,0.9971,持有
2022-08-09,34.58,0.90,0.0003,150787.79,437.04,151224.83,0.9971,持有
2022-08-10,34.10,0.89,0.0000,148726.24,437.04,149163.27,0.9971,持有
2022-08-11,35.00,0.91,0.0016,152628.46,437.04,153065.50,0.9971,持有
2022-08-12,35.13,0.91,0.0021,153180.66,437.04,153617.70,0.9972,持有
2022-08-15,34.73,0.90,0.0011,151450.43,437.04,151887.47,0.9971,持有
2022-08-16,34.60,0.90,0.0008,150898.23,437.04,151335.27,0.9971,持有
2022-08-17,34.85,0.91,0.0021,152002.63,437.04,152439.67,0.9971,持有
2022-08-18,34.45,0.90,0.0003,150235.59,437.04,150672.62,0.9971,持有
2022-08-19,34.58,0.90,0.0011,150824.60,437.04,151261.64,0.9971,持有
2022-08-22,34.74,0.90,0.0021,151487.24,437.04,151924.28,0.9971,持有
2022-08-23,34.37,0.89,0.0003,149904.27,437.04,150341.30,0.9971,持有
2022-08-24,35.13,0.90,0.0011,153180.66,437.04,153617.70,0.9972,持有
2022-08-25,36.38,0.93,0.0050,158665.86,437.04,159102.90,0.9973,持有
2022-08-26,36.40,0.93,0.0053,158739.49,437.04,159176.53,0.9973,持有
2022-08-29,36.36,0.93,0.0050,158555.42,437.04,158992.46,0.9973,持有
2022-08-30,36.21,0.92,0.0050,157892.78,437.04,158329.82,0.9972,持有
2022-08-31,37.01,0.94,0.0077,161390.06,437.04,161827.09,0.9973,持有
2022-09-01,36.85,0.94,0.0072,160690.60,437.04,161127.64,0.9973,持有
2022-09-02,36.89,0.94,0.0074,160874.67,437.04,161311.70,0.9973,持有
2022-09-05,36.97,0.94,0.0079,161242.80,437.04,161679.84,0.9973,持有
2022-09-06,37.06,0.95,0.0087,161610.94,437.04,162047.97,0.9973,持有
2022-09-07,36.80,0.94,0.0071,160506.53,437.04,160943.57,0.9973,持有
2022-09-08,37.01,0.94,0.0087,161390.06,437.04,161827.09,0.9973,持有
2022-09-09,37.73,0.96,0.0130,164519.20,437.04,164956.23,0.9974,持有
2022-09-13,38.04,0.97,0.0159,165881.29,437.04,166318.33,0.9974,持有
2022-09-14,37.69,0.96,0.0129,164371.94,437.04,164808.98,0.9973,持有
2022-09-15,38.06,0.97,0.0166,165991.73,437.04,166428.77,0.9974,持有
2022-09-16,37.08,0.95,0.0098,161721.38,437.04,162158.41,0.9973,持有
2022-09-19,37.08,0.95,0.0098,161721.38,437.04,162158.41,0.9973,持有
2022-09-20,36.50,0.93,0.0061,159181.25,437.04,159618.29,0.9973,持有
2022-09-21,36.43,0.93,0.0061,158849.93,437.04,159286.97,0.9973,持有
2022-09-22,35.86,0.91,0.0045,156383.43,437.04,156820.47,0.9972,持有
2022-09-23,36.32,0.93,0.0055,158371.35,437.04,158808.39,0.9972,持有
2022-09-26,35.87,0.92,0.0047,156420.24,437.04,156857.28,0.9972,持有
2022-09-27,35.83,0.91,0.0045,156236.18,437.04,156673.21,0.9972,持有
2022-09-28,35.36,0.90,0.0024,154211.44,437.04,154648.47,0.9972,持有
2022-09-29,34.88,0.89,0.0003,152113.07,437.04,152550.11,0.9971,持有
2022-09-30,35.10,0.90,0.0013,153070.22,437.04,153507.26,0.9972,持有
2022-10-10,34.97,0.89,0.0005,152518.02,437.04,152955.06,0.9971,持有
2022-10-11,34.78,0.89,0.0003,151671.31,437.04,152108.35,0.9971,持有
2022-10-12,35.39,0.90,0.0042,154321.88,437.04,154758.91,0.9972,持有
2022-10-13,34.91,0.89,0.0008,152260.33,437.04,152697.36,0.9971,持有
2022-10-14,35.40,0.90,0.0053,154395.50,437.04,154832.54,0.9972,持有
2022-10-17,35.54,0.91,0.0058,154984.52,437.04,155421.56,0.9972,持有
2022-10-18,35.24,0.90,0.0034,153696.05,437.04,154133.09,0.9972,持有
2022-10-19,34.84,0.89,0.0005,151929.01,437.04,152366.04,0.9971,持有
2022-10-20,34.54,0.86,0.0000,150611.46,437.04,151048.50,0.9971,持有
2022-10-21,34.23,0.85,0.0000,149256.30,437.04,149693.33,0.9971,持有
2022-10-24,32.54,0.81,0.0000,141915.82,437.04,142352.86,0.9969,持有
2022-10-25,32.56,0.81,0.0003,141991.11,437.04,142428.15,0.9969,持有
2022-10-26,32.52,0.81,0.0000,141802.89,437.04,142239.93,0.9969,持有
2022-10-27,32.51,0.82,0.0008,141765.25,437.04,142202.29,0.9969,持有
2022-10-28,31.70,0.80,0.0000,138264.41,437.04,138701.44,0.9968,持有
2022-10-31,31.20,0.79,0.0000,136081.09,437.04,136518.12,0.9968,持有
2022-11-01,32.33,0.82,0.0013,141012.38,437.04,141449.42,0.9969,持有
2022-11-02,32.28,0.82,0.0013,140786.52,437.04,141223.56,0.9969,持有
2022-11-03,31.88,0.80,0.0005,139017.28,437.04,139454.31,0.9969,持有
2022-11-04,33.07,0.83,0.0024,144212.07,437.04,144649.11,0.9970,持有
2022-11-07,33.48,0.85,0.0026,146018.96,437.04,146456.00,0.9970,持有
2022-11-08,33.40,0.84,0.0026,145642.52,437.04,146079.56,0.9970,持有
2022-11-09,33.12,0.84,0.0026,144437.93,437.04,144874.97,0.9970,持有
2022-11-10,33.20,0.84,0.0029,144776.73,437.04,145213.76,0.9970,持有
2022-11-11,34.81,0.88,0.0042,151816.05,437.04,152253.09,0.9971,持有
2022-11-14,35.91,0.91,0.0107,156596.77,437.04,157033.81,0.9972,持有
2022-11-15,36.68,0.93,0.0136,159947.04,437.04,160384.07,0.9973,持有
2022-11-16,36.51,0.92,0.0131,159231.81,437.04,159668.85,0.9973,持有
2022-11-17,36.74,0.93,0.0144,160210.54,437.04,160647.58,0.9973,持有
2022-11-18,36.39,0.92,0.0131,158704.80,437.04,159141.84,0.9973,持有
2022-11-21,35.57,0.90,0.0073,155128.67,437.04,155565.71,0.9972,持有
2022-11-22,36.23,0.91,0.0125,157989.58,437.04,158426.61,0.9972,持有
2022-11-23,36.06,0.91,0.0118,157236.71,437.04,157673.75,0.9972,持有
2022-11-24,36.08,0.91,0.0120,157349.64,437.04,157786.68,0.9972,持有
2022-11-25,36.90,0.93,0.0172,160925.77,437.04,161362.80,0.9973,持有
2022-11-28,35.74,0.90,0.0094,155881.54,437.04,156318.58,0.9972,持有
2022-11-29,38.65,0.98,0.0297,168567.39,437.04,169004.42,0.9974,持有
2022-11-30,38.80,0.98,0.0305,169207.33,437.04,169644.36,0.9974,持有
2022-12-01,38.70,0.98,0.0300,168755.61,437.04,169192.64,0.9974,持有
2022-12-02,38.52,0.97,0.0292,167965.09,437.04,168402.13,0.9974,持有
2022-12-05,40.81,1.03,0.0391,177978.25,437.04,178415.29,0.9976,持有
2022-12-06,40.95,1.03,0.0399,178580.55,437.04,179017.58,0.9976,持有
2022-12-07,40.31,1.02,0.0367,175794.93,437.04,176231.97,0.9975,持有
2022-12-08,40.70,1.03,0.0391,177488.89,437.04,177925.92,0.9975,持有
2022-12-09,41.09,1.04,0.0406,179182.84,437.04,179619.88,0.9976,持有
2022-12-12,39.85,1.01,0.0357,173799.83,437.04,174236.87,0.9975,持有
2022-12-13,40.31,1.02,0.0370,175794.93,437.04,176231.97,0.9975,持有
2022-12-14,40.47,1.02,0.0380,176510.16,437.04,176947.19,0.9975,持有
2022-12-15,40.08,1.01,0.0364,174778.56,437.04,175215.59,0.9975,持有
2022-12-16,40.48,1.02,0.0385,176547.80,437.04,176984.84,0.9975,持有
2022-12-19,39.51,1.00,0.0343,172294.09,437.04,172731.13,0.9975,持有
2022-12-20,38.78,0.98,0.0309,169132.04,437.04,169569.08,0.9974,持有
2022-12-21,39.07,0.99,0.0327,170374.27,437.04,170811.31,0.9974,持有
2022-12-22,39.60,1.00,0.0353,172708.17,437.04,173145.20,0.9975,持有
2022-12-23,39.40,0.99,0.0340,171804.73,437.04,172241.76,0.9975,持有
2022-12-26,38.55,0.97,0.0296,168115.67,437.04,168552.70,0.9974,持有
2022-12-27,39.34,0.99,0.0343,171578.86,437.04,172015.90,0.9975,持有
2022-12-28,39.95,1.01,0.0376,174213.91,437.04,174650.94,0.9975,持有
2022-12-29,39.55,1.00,0.0361,172482.31,437.04,172919.34,0.9975,持有
2022-12-30,40.57,1.02,0.0418,176924.23,437.04,177361.27,0.9975,持有
2023-01-03,40.70,1.03,0.0428,177488.89,437.04,177925.92,0.9975,持有
2023-01-04,41.89,1.06,0.0467,182683.68,437.04,183120.72,0.9976,持有
2023-01-05,42.24,1.07,0.0474,184189.42,437.04,184626.46,0.9976,持有
2023-01-06,42.93,1.08,0.0500,187238.54,437.04,187675.58,0.9977,持有
2023-01-09,43.94,1.11,0.0534,191642.83,437.04,192079.86,0.9977,持有
2023-01-10,42.48,1.07,0.0482,185243.44,437.04,185680.48,0.9976,持有
2023-01-11,43.76,1.10,0.0533,190852.31,437.04,191289.35,0.9977,持有
2023-01-12,43.94,1.11,0.0538,191642.83,437.04,192079.86,0.9977,持有
2023-01-13,45.19,1.14,0.0590,197063.48,437.04,197500.52,0.9978,持有
2023-01-16,44.96,1.14,0.0582,196084.75,437.04,196521.79,0.9978,持有
2023-01-17,44.45,1.12,0.0556,193863.79,437.04,194300.83,0.9978,持有
2023-01-18,44.50,1.12,0.0561,194052.01,437.04,194489.04,0.9978,持有
2023-01-19,44.72,1.13,0.0576,195030.74,437.04,195467.77,0.9978,持有
2023-01-20,44.97,1.14,0.0592,196122.40,437.04,196559.43,0.9978,持有
2023-01-30,44.44,1.12,0.0555,193788.50,437.04,194225.54,0.9977,持有
2023-01-31,44.01,1.11,0.0545,191906.33,437.04,192343.37,0.9977,持有
2023-02-01,44.32,1.12,0.0558,193299.14,437.04,193736.17,0.9977,持有
2023-02-02,43.88,1.11,0.0534,191341.68,437.04,191778.71,0.9977,持有
2023-02-03,42.81,1.08,0.0495,186711.53,437.04,187148.57,0.9977,持有
2023-02-06,41.57,1.05,0.0457,181290.88,437.04,181727.91,0.9976,持有
2023-02-07,42.04,1.06,0.0472,183323.62,437.04,183760.66,0.9976,持有
2023-02-08,41.86,1.06,0.0462,182570.75,437.04,183007.79,0.9976,持有
2023-02-09,42.57,1.07,0.0490,185657.52,437.04,186094.55,0.9977,持有
2023-02-10,42.55,1.07,0.0490,185582.23,437.04,186019.27,0.9977,持有
2023-02-13,42.51,1.07,0.0490,185394.01,437.04,185831.05,0.9976,持有
2023-02-14,43.07,1.09,0.0528,187840.84,437.04,188277.87,0.9977,持有
2023-02-15,42.19,1.07,0.0479,184001.20,437.04,184438.24,0.9976,持有
2023-02-16,42.47,1.07,0.0489,185205.79,437.04,185642.83,0.9976,持有
2023-02-17,42.12,1.06,0.0479,183700.06,437.04,184137.09,0.9976,持有
2023-02-20,43.12,1.09,0.0540,188029.05,437.04,188466.09,0.9977,持有
2023-02-21,43.17,1.09,0.0543,188254.91,437.04,188691.95,0.9977,持有
2023-02-22,42.45,1.07,0.0491,185130.51,437.04,185567.54,0.9976,持有
2023-02-23,42.28,1.07,0.0486,184377.64,437.04,184814.68,0.9976,持有
2023-02-24,41.61,1.05,0.0460,181441.45,437.04,181878.49,0.9976,持有
2023-02-27,41.26,1.04,0.0447,179935.71,437.04,180372.75,0.9976,持有
2023-02-28,41.61,1.05,0.0462,181441.45,437.04,181878.49,0.9976,持有
2023-03-01,43.15,1.09,0.0555,188179.63,437.04,188616.66,0.9977,持有
2023-03-02,43.33,1.09,0.0568,188970.14,437.04,189407.18,0.9977,持有
2023-03-03,43.40,1.10,0.0573,189271.29,437.04,189708.32,0.9977,持有
2023-03-06,41.93,1.06,0.0480,182871.90,437.04,183308.94,0.9976,持有
2023-03-07,41.36,1.04,0.0449,180349.79,437.04,180786.83,0.9976,持有
2023-03-08,40.77,1.03,0.0431,177790.03,437.04,178227.07,0.9975,持有
2023-03-09,40.26,1.02,0.0390,175569.07,437.04,176006.11,0.9975,持有
2023-03-10,39.71,1.00,0.0364,173159.89,437.04,173596.93,0.9975,持有
2023-03-13,40.14,1.01,0.0387,175042.06,437.04,175479.10,0.9975,持有
2023-03-14,39.24,0.99,0.0336,171127.14,437.04,171564.18,0.9975,持有
2023-03-15,39.66,1.00,0.0366,172971.67,437.04,173408.71,0.9975,持有
2023-03-16,39.04,0.96,0.0254,170261.34,437.04,170698.38,0.9974,持有
2023-03-17,39.88,0.98,0.0323,173912.76,437.04,174349.80,0.9975,持有
2023-03-20,39.34,0.97,0.0279,171578.86,437.04,172015.90,0.9975,持有
2023-03-21,39.72,0.98,0.0315,173197.53,437.04,173634.57,0.9975,持有
2023-03-22,40.14,0.99,0.0345,175042.06,437.04,175479.10,0.9975,持有
2023-03-23,40.47,1.00,0.0368,176472.51,437.04,176909.55,0.9975,持有
2023-03-24,39.88,0.98,0.0327,173912.76,437.04,174349.80,0.9975,持有
2023-03-27,39.70,0.98,0.0312,173122.25,437.04,173559.28,0.9975,持有
2023-03-28,39.60,0.98,0.0304,172708.17,437.04,173145.20,0.9975,持有
2023-03-29,39.21,0.97,0.0266,170976.57,437.04,171413.61,0.9975,持有
2023-03-30,39.26,0.97,0.0271,171202.43,437.04,171639.47,0.9975,持有
2023-03-31,39.36,0.97,0.0291,171654.15,437.04,172091.19,0.9975,持有
2023-04-03,39.43,0.97,0.0301,171955.30,437.04,172392.34,0.9975,持有
2023-04-04,39.34,0.97,0.0283,171541.22,437.04,171978.26,0.9975,持有
2023-04-06,38.91,0.96,0.0242,169696.69,437.04,170133.73,0.9974,持有
2023-04-07,39.39,0.97,0.0301,171767.08,437.04,172204.12,0.9975,持有
2023-04-10,39.76,0.98,0.0342,173385.75,437.04,173822.79,0.9975,持有
2023-04-11,39.41,0.97,0.0306,171880.01,437.04,172317.05,0.9975,持有
2023-04-12,39.36,0.97,0.0296,171654.15,437.04,172091.19,0.9975,持有
2023-04-13,38.95,0.96,0.0245,169847.27,437.04,170284.30,0.9974,持有
2023-04-14,39.27,0.97,0.0283,171240.07,437.04,171677.11,0.9975,持有
2023-04-17,40.98,1.01,0.0438,178731.12,437.04,179168.16,0.9976,持有
2023-04-18,41.97,1.04,0.0509,183022.47,437.04,183459.51,0.9976,持有
2023-04-19,41.78,1.03,0.0499,182194.32,437.04,182631.36,0.9976,持有
2023-04-20,42.11,1.04,0.0517,183662.41,437.04,184099.45,0.9976,持有
2023-04-21,40.35,1.00,0.0397,175945.51,437.04,176382.54,0.9975,持有
2023-04-24,40.05,0.99,0.0377,174665.63,437.04,175102.66,0.9975,持有
2023-04-25,39.78,0.98,0.0359,173498.68,437.04,173935.72,0.9975,持有
2023-04-26,39.53,0.97,0.0326,172369.38,437.04,172806.41,0.9975,持有
2023-04-27,43.48,1.01,0.0442,189610.08,437.04,190047.12,0.9977,持有
2023-04-28,44.71,1.04,0.0526,194993.09,437.04,195430.13,0.9978,持有
2023-05-04,46.35,1.07,0.0605,202145.35,437.04,202582.39,0.9978,持有
2023-05-05,46.47,1.08,0.0617,202634.71,437.04,203071.75,0.9978,持有
2023-05-08,47.41,1.10,0.0676,206737.85,437.04,207174.89,0.9979,持有
2023-05-09,46.16,1.07,0.0589,201317.19,437.04,201754.23,0.9978,持有
2023-05-10,45.15,1.05,0.0548,196912.91,437.04,197349.95,0.9978,持有
2023-05-11,45.19,1.05,0.0551,197063.48,437.04,197500.52,0.9978,持有
2023-05-12,44.26,1.03,0.0492,192997.99,437.04,193435.03,0.9977,持有
2023-05-15,46.36,1.07,0.0616,202182.99,437.04,202620.03,0.9978,持有
2023-05-16,45.92,1.06,0.0588,200263.18,437.04,200700.21,0.9978,持有
2023-05-17,44.81,1.04,0.0532,195407.17,437.04,195844.21,0.9978,持有
2023-05-18,44.73,1.04,0.0530,195068.38,437.04,195505.42,0.9978,持有
2023-05-19,44.06,1.02,0.0476,192132.19,437.04,192569.23,0.9977,持有
2023-05-22,44.38,1.03,0.0509,193562.64,437.04,193999.68,0.9977,持有
2023-05-23,43.07,1.00,0.0413,187840.84,437.04,188277.87,0.9977,持有
2023-05-24,41.84,0.97,0.0286,182457.82,437.04,182894.86,0.9976,持有
2023-05-25,41.78,0.97,0.0271,182194.32,437.04,182631.36,0.9976,持有
2023-05-26,41.81,0.97,0.0286,182344.89,437.04,182781.93,0.9976,持有
2023-05-29,41.47,0.96,0.0243,180839.15,437.04,181276.19,0.9976,持有
2023-05-30,41.42,0.96,0.0240,180650.94,437.04,181087.97,0.9976,持有
2023-05-31,40.57,0.94,0.0185,176924.23,437.04,177361.27,0.9975,持有
2023-06-01,40.96,0.95,0.0223,178618.19,437.04,179055.23,0.9976,持有
2023-06-02,42.38,0.98,0.0379,184829.36,437.04,185266.40,0.9976,持有
2023-06-05,41.87,0.97,0.0306,182608.40,437.04,183045.43,0.9976,持有
2023-06-06,42.09,0.97,0.0346,183549.48,437.04,183986.52,0.9976,持有
2023-06-07,42.30,0.98,0.0374,184490.57,437.04,184927.61,0.9976,持有
2023-06-08,42.87,0.99,0.0422,186975.04,437.04,187412.07,0.9977,持有
2023-06-09,42.71,0.99,0.0414,186259.81,437.04,186696.85,0.9977,持有
2023-06-12,42.79,0.99,0.0422,186598.60,437.04,187035.64,0.9977,持有
2023-06-13,42.84,0.99,0.0426,186824.46,437.04,187261.50,0.9977,持有
2023-06-14,42.75,0.96,0.0255,186436.47,437.04,186873.51,0.9977,持有
2023-06-15,43.08,0.97,0.0288,187872.09,437.04,188309.13,0.9977,持有
2023-06-16,43.24,0.97,0.0285,188570.50,437.04,189007.54,0.9977,持有
2023-06-19,42.26,0.95,0.0207,184302.45,437.04,184739.48,0.9976,持有
2023-06-20,41.72,0.93,0.0171,181935.61,437.04,182372.65,0.9976,持有
2023-06-21,41.50,0.93,0.0164,180965.60,437.04,181402.64,0.9976,持有
2023-06-26,40.86,0.91,0.0131,178210.76,437.04,178647.80,0.9976,持有
2023-06-27,41.19,0.92,0.0146,179646.38,437.04,180083.42,0.9976,持有
2023-06-28,41.41,0.93,0.0159,180577.60,437.04,181014.63,0.9976,持有
2023-06-29,41.19,0.92,0.0146,179646.38,437.04,180083.42,0.9976,持有
2023-06-30,41.28,0.92,0.0156,180034.39,437.04,180471.43,0.9976,持有
2023-07-03,42.87,0.96,0.0267,186940.88,437.04,187377.92,0.9977,持有
2023-07-04,42.66,0.95,0.0259,186048.47,437.04,186485.51,0.9977,持有
2023-07-05,42.13,0.94,0.0211,183720.44,437.04,184157.47,0.9976,持有
2023-07-06,42.08,0.94,0.0211,183526.43,437.04,183963.47,0.9976,持有
2023-07-07,42.00,0.94,0.0206,183177.23,437.04,183614.27,0.9976,持有
2023-07-10,41.47,0.93,0.0171,180849.20,437.04,181286.24,0.9976,持有
2023-07-11,41.99,0.94,0.0206,183138.43,437.04,183575.47,0.9976,持有
2023-07-12,42.07,0.94,0.0218,183487.63,437.04,183924.67,0.9976,持有
2023-07-13,43.26,0.97,0.0339,188648.10,437.04,189085.14,0.9977,持有
2023-07-14,43.28,0.97,0.0349,188725.70,437.04,189162.74,0.9977,持有
2023-07-17,42.75,0.96,0.0281,186436.47,437.04,186873.51,0.9977,持有
2023-07-18,42.35,0.95,0.0253,184690.45,437.04,185127.49,0.9976,持有
2023-07-19,42.50,0.95,0.0266,185350.06,437.04,185787.10,0.9976,持有
2023-07-20,42.19,0.94,0.0236,183992.04,437.04,184429.08,0.9976,持有
2023-07-21,41.79,0.94,0.0191,182246.02,437.04,182683.05,0.9976,持有
2023-07-24,41.48,0.93,0.0175,180888.00,437.04,181325.04,0.9976,持有
2023-07-25,44.09,0.99,0.0469,192256.55,437.04,192693.59,0.9977,持有
2023-07-26,44.01,0.99,0.0463,191907.35,437.04,192344.38,0.9977,持有
2023-07-27,44.38,0.99,0.0503,193536.97,437.04,193974.00,0.9977,持有
2023-07-28,46.20,1.03,0.0638,201491.07,437.04,201928.11,0.9978,持有
2023-07-31,46.80,1.05,0.0676,204090.71,437.04,204527.74,0.9979,持有
2023-08-01,46.03,1.03,0.0631,200753.86,437.04,201190.90,0.9978,持有
2023-08-02,45.74,1.02,0.0598,199473.45,437.04,199910.48,0.9978,持有
2023-08-03,46.63,1.04,0.0665,203353.50,437.04,203790.53,0.9979,持有
2023-08-04,46.18,1.03,0.0640,201374.67,437.04,201811.71,0.9978,持有
2023-08-07,46.00,1.03,0.0628,200598.66,437.04,201035.70,0.9978,持有
2023-08-08,45.61,1.02,0.0587,198891.44,437.04,199328.48,0.9978,持有
2023-08-09,45.61,1.02,0.0587,198891.44,437.04,199328.48,0.9978,持有
2023-08-10,45.70,1.02,0.0602,199279.44,437.04,199716.48,0.9978,持有
2023-08-11,43.93,0.98,0.0455,191558.14,437.04,191995.18,0.9977,持有
2023-08-14,43.18,0.97,0.0332,188298.90,437.04,188735.93,0.9977,持有
2023-08-15,43.31,0.97,0.0372,188880.91,437.04,189317.94,0.9977,持有
2023-08-16,43.02,0.96,0.0322,187600.49,437.04,188037.53,0.9977,持有
2023-08-17,42.63,0.95,0.0282,185893.27,437.04,186330.30,0.9977,持有
2023-08-18,42.28,0.95,0.0257,184380.05,437.04,184817.08,0.9976,持有
2023-08-21,41.52,0.93,0.0185,181082.00,437.04,181519.04,0.9976,持有
2023-08-22,41.82,0.94,0.0197,182362.42,437.04,182799.46,0.9976,持有
2023-08-23,41.34,0.93,0.0157,180267.19,437.04,180704.23,0.9976,持有
2023-08-24,41.37,0.93,0.0162,180422.39,437.04,180859.43,0.9976,持有
2023-08-25,41.83,0.94,0.0204,182401.22,437.04,182838.26,0.9976,持有
2023-08-28,42.80,0.96,0.0311,186669.28,437.04,187106.31,0.9977,持有
2023-08-29,43.20,0.97,0.0359,188415.30,437.04,188852.34,0.9977,持有
2023-08-30,42.93,0.96,0.0309,187212.48,437.04,187649.52,0.9977,持有
2023-08-31,43.41,0.97,0.0366,189307.71,437.04,189744.75,0.9977,持有
2023-09-01,44.57,0.99,0.0540,194390.58,437.04,194827.62,0.9978,持有
2023-09-04,45.78,1.02,0.0624,199628.65,437.04,200065.69,0.9978,持有
2023-09-05,44.66,1.00,0.0552,194778.58,437.04,195215.62,0.9978,持有
2023-09-06,45.40,1.01,0.0604,197999.03,437.04,198436.06,0.9978,持有
2023-09-07,44.68,1.00,0.0557,194856.19,437.04,195293.22,0.9978,持有
2023-09-08,44.59,0.99,0.0542,194468.18,437.04,194905.22,0.9978,持有
2023-09-11,44.81,1.00,0.0574,195399.39,437.04,195836.43,0.9978,持有
2023-09-12,44.44,0.99,0.0522,193808.57,437.04,194245.61,0.9978,持有
2023-09-13,44.04,0.98,0.0484,192062.55,437.04,192499.58,0.9977,持有
2023-09-14,43.77,0.98,0.0447,190859.73,437.04,191296.77,0.9977,持有
2023-09-15,43.77,0.98,0.0449,190898.53,437.04,191335.57,0.9977,持有
2023-09-18,43.86,0.98,0.0459,191286.54,437.04,191723.57,0.9977,持有
2023-09-19,43.85,0.98,0.0459,191208.94,437.04,191645.97,0.9977,持有
2023-09-20,43.50,0.97,0.0402,189695.72,437.04,190132.75,0.9977,持有
2023-09-21,43.14,0.96,0.0335,188143.70,437.04,188580.73,0.9977,持有
2023-09-22,44.78,1.00,0.0590,195282.99,437.04,195720.03,0.9978,持有
2023-09-25,43.65,0.97,0.0441,190355.33,437.04,190792.36,0.9977,持有
2023-09-26,43.20,0.96,0.0347,188415.30,437.04,188852.34,0.9977,持有
2023-09-27,43.29,0.97,0.0357,188803.30,437.04,189240.34,0.9977,持有
2023-09-28,42.97,0.96,0.0312,187406.49,437.04,187843.52,0.9977,持有
2023-10-09,42.77,0.95,0.0295,186514.07,437.04,186951.11,0.9977,持有
2023-10-10,42.35,0.94,0.0243,184690.45,437.04,185127.49,0.9976,持有
2023-10-11,42.43,0.95,0.0257,185039.65,437.04,185476.69,0.9976,持有
2023-10-12,43.09,0.96,0.0334,187910.89,437.04,188347.93,0.9977,持有
2023-10-13,42.68,0.95,0.0292,186126.07,437.04,186563.11,0.9977,持有
2023-10-16,42.30,0.94,0.0237,184457.65,437.04,184894.68,0.9976,持有
2023-10-17,42.42,0.95,0.0260,185000.85,437.04,185437.89,0.9976,持有
2023-10-18,42.16,0.94,0.0220,183875.64,437.04,184312.68,0.9976,持有
2023-10-19,40.97,0.91,0.0124,178676.37,437.04,179113.41,0.9976,持有
2023-10-20,40.78,0.91,0.0111,177861.56,437.04,178298.60,0.9975,持有
2023-10-23,40.87,0.91,0.0123,178249.56,437.04,178686.60,0.9976,持有
2023-10-24,41.02,0.91,0.0133,178870.37,437.04,179307.41,0.9976,持有
2023-10-25,41.32,0.90,0.0094,180176.81,437.04,180613.84,0.9976,持有
2023-10-26,41.49,0.91,0.0109,180929.03,437.04,181366.07,0.9976,持有
2023-10-27,41.02,0.90,0.0067,178870.32,437.04,179307.35,0.9976,持有
2023-10-30,41.13,0.91,0.0138,179385.00,437.04,179822.03,0.9976,持有
2023-10-31,41.27,0.92,0.0155,179978.85,437.04,180415.89,0.9976,持有
2023-11-01,40.95,0.91,0.0123,178593.18,437.04,179030.22,0.9976,持有
2023-11-02,40.91,0.91,0.0118,178395.23,437.04,178832.27,0.9976,持有
2023-11-03,41.07,0.91,0.0138,179107.86,437.04,179544.90,0.9976,持有
2023-11-06,41.81,0.93,0.0212,182354.29,437.04,182791.33,0.9976,持有
2023-11-07,41.12,0.91,0.0145,179345.40,437.04,179782.44,0.9976,持有
2023-11-08,40.52,0.90,0.0084,176692.83,437.04,177129.87,0.9975,持有
2023-11-09,39.29,0.87,0.0039,171348.10,437.04,171785.14,0.9975,持有
2023-11-10,38.45,0.85,0.0034,167666.18,437.04,168103.22,0.9974,持有
2023-11-13,38.48,0.85,0.0039,167824.54,437.04,168261.58,0.9974,持有
2023-11-14,38.68,0.86,0.0042,168695.53,437.04,169132.57,0.9974,持有
2023-11-15,39.36,0.87,0.0049,171664.83,437.04,172101.87,0.9975,持有
2023-11-16,38.92,0.86,0.0047,169724.89,437.04,170161.93,0.9974,持有
2023-11-17,38.73,0.86,0.0044,168893.49,437.04,169330.52,0.9974,持有
2023-11-20,38.96,0.87,0.0052,169883.25,437.04,170320.29,0.9974,持有
2023-11-21,39.10,0.87,0.0054,170516.70,437.04,170953.74,0.9974,持有
2023-11-22,38.79,0.86,0.0047,169170.62,437.04,169607.66,0.9974,持有
2023-11-23,39.08,0.87,0.0056,170437.52,437.04,170874.56,0.9974,持有
2023-11-24,38.76,0.86,0.0047,169012.26,437.04,169449.30,0.9974,持有
2023-11-27,37.99,0.84,0.0032,165686.65,437.04,166123.69,0.9974,持有
2023-11-28,37.83,0.84,0.0029,164974.02,437.04,165411.06,0.9974,持有
2023-11-29,36.99,0.82,0.0022,161331.68,437.04,161768.72,0.9973,持有
2023-11-30,37.04,0.82,0.0025,161529.64,437.04,161966.67,0.9973,持有
2023-12-01,37.24,0.83,0.0027,162400.63,437.04,162837.67,0.9973,持有
2023-12-04,36.66,0.81,0.0015,159866.83,437.04,160303.87,0.9973,持有
2023-12-05,35.89,0.80,0.0002,156501.63,437.04,156938.67,0.9972,持有
2023-12-06,35.89,0.80,0.0002,156501.63,437.04,156938.67,0.9972,持有
2023-12-07,35.71,0.79,0.0002,155749.41,437.04,156186.45,0.9972,持有
2023-12-08,35.58,0.79,0.0002,155155.55,437.04,155592.59,0.9972,持有
2023-12-12,36.12,0.80,0.0015,157530.99,437.04,157968.02,0.9972,持有
2023-12-13,35.31,0.78,0.0000,153967.83,437.04,154404.87,0.9972,持有
2023-12-14,35.13,0.78,0.0000,153215.61,437.04,153652.65,0.9972,持有
2023-12-15,35.21,0.78,0.0002,153571.93,437.04,154008.96,0.9972,持有
2023-12-18,35.05,0.78,0.0000,152859.30,437.04,153296.33,0.9971,持有
2023-12-19,35.14,0.78,0.0005,153255.20,437.04,153692.24,0.9972,持有
2023-12-20,34.91,0.78,0.0000,152225.85,437.04,152662.88,0.9971,持有
2023-12-21,35.22,0.78,0.0012,153611.52,437.04,154048.55,0.9972,持有
2023-12-22,35.50,0.79,0.0020,154799.23,437.04,155236.27,0.9972,持有
2023-12-25,35.57,0.79,0.0022,155115.96,437.04,155553.00,0.9972,持有
2023-12-26,35.50,0.79,0.0020,154799.23,437.04,155236.27,0.9972,持有
2023-12-27,35.41,0.79,0.0017,154403.33,437.04,154840.37,0.9972,持有
2023-12-28,36.55,0.81,0.0049,159391.74,437.04,159828.78,0.9973,持有
2023-12-29,36.59,0.81,0.0056,159550.11,437.04,159987.14,0.9973,持有
2024-01-02,35.83,0.80,0.0034,156264.09,437.04,156701.12,0.9972,持有
2024-01-03,35.77,0.79,0.0034,155986.95,437.04,156423.99,0.9972,持有
2024-01-04,35.31,0.78,0.0017,154007.42,437.04,154444.46,0.9972,持有
2024-01-05,35.38,0.79,0.0020,154284.56,437.04,154721.59,0.9972,持有
2024-01-08,34.91,0.78,0.0000,152225.85,437.04,152662.88,0.9971,持有
2024-01-09,34.84,0.77,0.0000,151948.71,437.04,152385.75,0.9971,持有
2024-01-10,34.33,0.76,0.0000,149731.64,437.04,150168.68,0.9971,持有
2024-01-11,34.89,0.77,0.0005,152146.66,437.04,152583.70,0.9971,持有
2024-01-12,34.52,0.77,0.0002,150563.04,437.04,151000.08,0.9971,持有
2024-01-15,34.65,0.77,0.0005,151117.31,437.04,151554.35,0.9971,持有
2024-01-16,35.13,0.78,0.0019,153215.61,437.04,153652.65,0.9972,持有
2024-01-17,34.51,0.77,0.0002,150483.86,437.04,150920.90,0.9971,持有
2024-01-18,35.40,0.79,0.0041,154363.74,437.04,154800.78,0.9972,持有
2024-01-19,35.59,0.79,0.0058,155195.14,437.04,155632.18,0.9972,持有
2024-01-22,35.84,0.80,0.0068,156303.68,437.04,156740.71,0.9972,持有
2024-01-23,35.73,0.79,0.0063,155828.59,437.04,156265.63,0.9972,持有
2024-01-24,36.47,0.81,0.0085,159035.43,437.04,159472.47,0.9973,持有
2024-01-25,37.36,0.83,0.0117,162915.31,437.04,163352.34,0.9973,持有
2024-01-26,37.45,0.83,0.0119,163311.21,437.04,163748.25,0.9973,持有
2024-01-29,37.20,0.83,0.0114,162242.27,437.04,162679.30,0.9973,持有
2024-01-30,36.49,0.81,0.0087,159114.61,437.04,159551.65,0.9973,持有
2024-01-31,36.78,0.82,0.0109,160381.51,437.04,160818.55,0.9973,持有
2024-02-01,36.59,0.81,0.0100,159550.11,437.04,159987.14,0.9973,持有
2024-02-02,36.40,0.81,0.0085,158758.29,437.04,159195.33,0.9973,持有
2024-02-05,36.93,0.82,0.0116,161054.55,437.04,161491.59,0.9973,持有
2024-02-06,37.73,0.84,0.0141,164538.52,437.04,164975.56,0.9974,持有
2024-02-07,38.47,0.85,0.0160,167784.95,437.04,168221.99,0.9974,持有
2024-02-08,38.84,0.86,0.0177,169368.57,437.04,169805.61,0.9974,持有
2024-02-19,38.79,0.86,0.0172,169170.62,437.04,169607.66,0.9974,持有
2024-02-20,38.45,0.85,0.0155,167666.18,437.04,168103.22,0.9974,持有
2024-02-21,39.57,0.88,0.0201,172575.41,437.04,173012.45,0.9975,持有
2024-02-22,39.67,0.88,0.0203,173010.91,437.04,173447.95,0.9975,持有
2024-02-23,40.01,0.89,0.0211,174475.76,437.04,174912.80,0.9975,持有
2024-02-26,38.99,0.87,0.0189,170041.61,437.04,170478.65,0.9974,持有
2024-02-27,39.15,0.87,0.0196,170714.65,437.04,171151.69,0.9974,持有
2024-02-28,38.72,0.86,0.0169,168853.90,437.04,169290.93,0.9974,持有
2024-02-29,38.95,0.87,0.0189,169843.66,437.04,170280.70,0.9974,持有
2024-03-01,39.03,0.87,0.0196,170199.98,437.04,170637.01,0.9974,持有
2024-03-04,38.44,0.85,0.0155,167626.59,437.04,168063.63,0.9974,持有
2024-03-05,38.86,0.86,0.0189,169487.35,437.04,169924.38,0.9974,持有
2024-03-06,38.58,0.86,0.0169,168260.04,437.04,168697.07,0.9974,持有
2024-03-07,39.09,0.87,0.0208,170477.11,437.04,170914.15,0.9974,持有
2024-03-08,38.93,0.86,0.0196,169764.48,437.04,170201.52,0.9974,持有
2024-03-11,39.18,0.87,0.0217,170873.02,437.04,171310.05,0.9974,持有
2024-03-12,39.77,0.88,0.0232,173446.41,437.04,173883.44,0.9975,持有
2024-03-13,38.70,0.86,0.0174,168774.72,437.04,169211.75,0.9974,持有
2024-03-14,38.54,0.86,0.0169,168062.08,437.04,168499.12,0.9974,持有
2024-03-15,38.56,0.86,0.0171,168180.86,437.04,168617.89,0.9974,持有
2024-03-18,38.64,0.86,0.0176,168497.58,437.04,168934.62,0.9974,持有
2024-03-19,37.97,0.84,0.0150,165607.47,437.04,166044.50,0.9974,持有
2024-03-20,38.06,0.85,0.0154,165963.78,437.04,166400.82,0.9974,持有
2024-03-21,38.16,0.85,0.0159,166399.28,437.04,166836.32,0.9974,持有
2024-03-22,36.82,0.82,0.0120,160579.46,437.04,161016.50,0.9973,持有
2024-03-25,36.71,0.82,0.0116,160104.37,437.04,160541.41,0.9973,持有
2024-03-26,37.13,0.83,0.0135,161925.54,437.04,162362.58,0.9973,持有
2024-03-27,36.90,0.82,0.0130,160935.78,437.04,161372.81,0.9973,持有
2024-03-28,36.94,0.82,0.0132,161094.14,437.04,161531.18,0.9973,持有
2024-03-29,37.05,0.83,0.0137,161569.23,437.04,162006.26,0.9973,持有
2024-04-01,37.45,0.84,0.0152,163311.21,437.04,163748.25,0.9973,持有
2024-04-02,37.22,0.83,0.0147,162321.45,437.04,162758.49,0.9973,持有
2024-04-03,36.77,0.82,0.0120,160341.92,437.04,160778.96,0.9973,持有
2024-04-08,36.51,0.81,0.0108,159233.38,437.04,159670.42,0.9973,持有
2024-04-09,36.41,0.81,0.0101,158797.89,437.04,159234.92,0.9973,持有
2024-04-10,35.59,0.79,0.0065,155195.14,437.04,155632.18,0.9972,持有
2024-04-11,35.36,0.79,0.0053,154205.38,437.04,154642.41,0.9972,持有
2024-04-12,34.30,0.77,0.0002,149573.28,437.04,150010.31,0.9971,持有
2024-04-15,34.82,0.78,0.0022,151869.53,437.04,152306.57,0.9971,持有
2024-04-16,34.75,0.78,0.0022,151552.81,437.04,151989.84,0.9971,持有
2024-04-17,35.36,0.79,0.0060,154205.38,437.04,154642.41,0.9972,持有
2024-04-18,36.04,0.80,0.0096,157174.67,437.04,157611.71,0.9972,持有
2024-04-19,35.79,0.80,0.0091,156066.13,437.04,156503.17,0.9972,持有
2024-04-22,36.16,0.81,0.0103,157689.35,437.04,158126.39,0.9972,持有
2024-04-23,36.21,0.81,0.0106,157926.89,437.04,158363.93,0.9972,持有
2024-04-24,36.86,0.82,0.0144,160737.82,437.04,161174.86,0.9973,持有
2024-04-25,37.28,0.83,0.0168,162558.99,437.04,162996.03,0.9973,持有
2024-04-26,37.70,0.84,0.0192,164419.75,437.04,164856.79,0.9973,持有
2024-04-29,38.20,0.85,0.0216,166597.23,437.04,167034.27,0.9974,持有
2024-04-30,37.55,0.83,0.0187,163746.71,437.04,164183.75,0.9973,持有
2024-05-06,38.57,0.86,0.0237,168220.45,437.04,168657.48,0.9974,持有
2024-05-07,38.66,0.86,0.0247,168616.35,437.04,169053.39,0.9974,持有
2024-05-08,38.08,0.84,0.0213,166082.55,437.04,166519.59,0.9974,持有
2024-05-09,38.44,0.85,0.0225,167626.59,437.04,168063.63,0.9974,持有
2024-05-10,38.97,0.86,0.0280,169962.43,437.04,170399.47,0.9974,持有
2024-05-13,38.72,0.86,0.0256,168853.90,437.04,169290.93,0.9974,持有
2024-05-14,38.41,0.85,0.0225,167507.82,437.04,167944.85,0.9974,持有
2024-05-15,37.98,0.84,0.0206,165647.06,437.04,166084.10,0.9974,持有
2024-05-16,39.08,0.87,0.0301,170437.52,437.04,170874.56,0.9974,持有
2024-05-17,41.03,0.91,0.0418,178949.50,437.04,179386.54,0.9976,持有
2024-05-20,41.27,0.91,0.0454,179978.85,437.04,180415.89,0.9976,持有
2024-05-21,41.22,0.91,0.0442,179741.31,437.04,180178.35,0.9976,持有
2024-05-22,41.22,0.91,0.0442,179741.31,437.04,180178.35,0.9976,持有
2024-05-23,40.65,0.90,0.0380,177286.69,437.04,177723.73,0.9975,持有
2024-05-24,39.84,0.88,0.0329,173763.13,437.04,174200.17,0.9975,持有
2024-05-27,40.04,0.89,0.0339,174594.53,437.04,175031.57,0.9975,持有
2024-05-28,39.73,0.88,0.0327,173248.45,437.04,173685.49,0.9975,持有
2024-05-29,39.46,0.87,0.0322,172100.33,437.04,172537.36,0.9975,持有
2024-05-30,39.17,0.87,0.0310,170833.43,437.04,171270.46,0.9974,持有
2024-05-31,39.10,0.87,0.0303,170516.70,437.04,170953.74,0.9974,持有
2024-06-03,39.15,0.87,0.0307,170754.25,437.04,171191.28,0.9974,持有
2024-06-04,39.28,0.87,0.0324,171308.51,437.04,171745.55,0.9975,持有
2024-06-05,39.11,0.87,0.0307,170556.29,437.04,170993.33,0.9974,持有
2024-06-06,38.54,0.85,0.0241,168062.08,437.04,168499.12,0.9974,持有
2024-06-07,38.24,0.85,0.0226,166755.60,437.04,167192.63,0.9974,持有
2024-06-11,37.97,0.84,0.0205,165607.47,437.04,166044.50,0.9974,持有
2024-06-12,37.58,0.83,0.0188,163905.07,437.04,164342.11,0.9973,持有
2024-06-13,37.49,0.83,0.0183,163509.17,437.04,163946.20,0.9973,持有
2024-06-14,38.01,0.84,0.0214,165765.83,437.04,166202.87,0.9974,持有
2024-06-17,37.75,0.84,0.0202,164617.70,437.04,165054.74,0.9974,持有
2024-06-18,37.88,0.84,0.0209,165211.56,437.04,165648.60,0.9974,持有
2024-06-19,38.13,0.85,0.0231,166280.51,437.04,166717.54,0.9974,持有
2024-06-20,37.68,0.84,0.0195,164340.57,437.04,164777.61,0.9973,持有
2024-06-21,37.83,0.84,0.0211,164974.02,437.04,165411.06,0.9974,持有
2024-06-24,37.95,0.84,0.0219,165488.70,437.04,165925.73,0.9974,持有
2024-06-25,37.72,0.84,0.0202,164498.93,437.04,164935.97,0.9974,持有
2024-06-26,37.81,0.84,0.0211,164894.84,437.04,165331.87,0.9974,持有
2024-06-27,37.60,0.83,0.0192,163984.25,437.04,164421.29,0.9973,持有
2024-06-28,37.55,0.83,0.0187,163746.71,437.04,164183.75,0.9973,持有
2024-07-01,37.78,0.84,0.0214,164776.07,437.04,165213.10,0.9974,持有
2024-07-02,38.28,0.85,0.0263,166953.55,437.04,167390.58,0.9974,持有
2024-07-03,38.37,0.85,0.0266,167349.45,437.04,167786.49,0.9974,持有
2024-07-04,38.11,0.84,0.0249,166201.33,437.04,166638.36,0.9974,持有
2024-07-05,37.33,0.83,0.0175,162796.54,437.04,163233.57,0.9973,持有
2024-07-08,37.08,0.82,0.0159,161688.00,437.04,162125.04,0.9973,持有
2024-07-09,37.69,0.84,0.0206,164380.16,437.04,164817.20,0.9973,持有
2024-07-10,38.00,0.84,0.0244,165726.24,437.04,166163.28,0.9974,持有
2024-07-11,38.07,0.84,0.0256,166042.96,437.04,166480.00,0.9974,持有
2024-07-12,38.75,0.86,0.0320,168972.67,437.04,169409.71,0.9974,持有
2024-07-15,38.61,0.86,0.0305,168378.81,437.04,168815.85,0.9974,持有
2024-07-16,37.39,0.83,0.0182,163073.67,437.04,163510.71,0.9973,持有
2024-07-17,38.39,0.85,0.0284,167428.64,437.04,167865.67,0.9974,持有
2024-07-18,38.46,0.85,0.0291,167745.36,437.04,168182.40,0.9974,持有
2024-07-19,39.06,0.87,0.0367,170358.34,437.04,170795.38,0.9974,持有
2024-07-22,39.04,0.87,0.0366,170239.57,437.04,170676.60,0.9974,持有
2024-07-23,38.85,0.86,0.0343,169408.17,437.04,169845.20,0.9974,持有
2024-07-24,38.64,0.86,0.0317,168497.58,437.04,168934.62,0.9974,持有
2024-07-25,38.65,0.86,0.0321,168537.17,437.04,168974.21,0.9974,持有
2024-07-26,38.66,0.83,0.0175,168578.25,437.04,169015.28,0.9974,持有
2024-07-29,38.87,0.83,0.0194,169521.86,437.04,169958.90,0.9974,持有
2024-07-30,38.88,0.83,0.0196,169562.88,437.04,169999.92,0.9974,持有
2024-07-31,40.04,0.86,0.0323,174609.16,437.04,175046.19,0.9975,持有
2024-08-01,39.99,0.86,0.0319,174404.02,437.04,174841.06,0.9975,持有
2024-08-02,39.34,0.84,0.0248,171573.19,437.04,172010.22,0.9975,持有
2024-08-05,39.51,0.85,0.0274,172311.67,437.04,172748.70,0.9975,持有
2024-08-06,38.48,0.82,0.0163,167798.74,437.04,168235.78,0.9974,持有
2024-08-07,38.29,0.82,0.0144,166978.21,437.04,167415.25,0.9974,持有
2024-08-08,38.40,0.82,0.0156,167470.53,437.04,167907.57,0.9974,持有
2024-08-09,38.20,0.82,0.0144,166608.97,437.04,167046.01,0.9974,持有
2024-08-12,38.21,0.82,0.0146,166650.00,437.04,167087.03,0.9974,持有
2024-08-13,38.36,0.82,0.0158,167306.42,437.04,167743.46,0.9974,持有
2024-08-14,38.09,0.81,0.0134,166116.65,437.04,166553.69,0.9974,持有
2024-08-15,38.87,0.83,0.0210,169521.86,437.04,169958.90,0.9974,持有
2024-08-16,39.15,0.84,0.0247,170711.63,437.04,171148.67,0.9974,持有
2024-08-19,39.58,0.85,0.0304,172598.85,437.04,173035.89,0.9975,持有
2024-08-20,39.44,0.84,0.0285,171983.45,437.04,172420.49,0.9975,持有
2024-08-21,39.48,0.84,0.0294,172188.59,437.04,172625.62,0.9975,持有
2024-08-22,39.24,0.84,0.0261,171121.90,437.04,171558.93,0.9975,持有
2024-08-23,40.78,0.85,0.0320,177850.26,437.04,178287.29,0.9975,持有
2024-08-26,40.78,0.85,0.0320,177850.26,437.04,178287.29,0.9975,持有
2024-08-27,40.59,0.84,0.0289,177029.72,437.04,177466.76,0.9975,持有
2024-08-28,40.63,0.84,0.0301,177193.83,437.04,177630.87,0.9975,持有
2024-08-29,40.10,0.83,0.0225,174855.31,437.04,175292.35,0.9975,持有
2024-08-30,41.42,0.86,0.0404,180640.06,437.04,181077.10,0.9976,持有
2024-09-02,40.88,0.85,0.0333,178260.52,437.04,178697.56,0.9976,持有
2024-09-03,40.65,0.84,0.0307,177275.88,437.04,177712.92,0.9975,持有
2024-09-04,40.11,0.83,0.0230,174937.37,437.04,175374.40,0.9975,持有
2024-09-05,40.85,0.85,0.0338,178137.44,437.04,178574.48,0.9976,持有
2024-09-06,40.69,0.85,0.0321,177439.99,437.04,177877.03,0.9975,持有
2024-09-09,40.15,0.83,0.0232,175101.47,437.04,175538.51,0.9975,持有
2024-09-10,40.13,0.83,0.0232,175019.42,437.04,175456.46,0.9975,持有
2024-09-11,40.00,0.83,0.0213,174445.05,437.04,174882.09,0.9975,持有
2024-09-12,40.08,0.83,0.0225,174773.26,437.04,175210.30,0.9975,持有
2024-09-13,40.35,0.84,0.0274,175963.03,437.04,176400.07,0.9975,持有
2024-09-18,41.11,0.85,0.0382,179286.19,437.04,179723.22,0.9976,持有
2024-09-19,41.42,0.86,0.0428,180640.06,437.04,181077.10,0.9976,持有
2024-09-20,41.53,0.86,0.0447,181132.38,437.04,181569.42,0.9976,持有
2024-09-23,41.48,0.86,0.0442,180886.22,437.04,181323.26,0.9976,持有
2024-09-24,43.75,0.91,0.0608,190773.63,437.04,191210.67,0.9977,持有
2024-09-25,44.55,0.93,0.0685,194301.92,437.04,194738.95,0.9978,持有
2024-09-26,47.43,0.99,0.1052,206856.05,437.04,207293.09,0.9979,持有
2024-09-27,48.83,1.01,0.1169,212927.99,437.04,213365.02,0.9980,持有
2024-09-30,53.71,1.12,0.1447,234220.79,437.04,234657.82,0.9981,持有
2024-10-08,58.07,1.21,0.1694,253257.12,437.04,253694.16,0.9983,持有
2024-10-09,52.40,1.09,0.1395,228518.09,437.04,228955.13,0.9981,持有
2024-10-10,55.03,1.14,0.1509,240005.54,437.04,240442.57,0.9982,持有
2024-10-11,54.13,1.13,0.1469,236066.98,437.04,236504.02,0.9982,持有
2024-10-14,55.19,1.15,0.1525,240702.99,437.04,241140.02,0.9982,持有
2024-10-15,53.80,1.12,0.1452,234631.05,437.04,235068.09,0.9981,持有
2024-10-16,53.98,1.12,0.1459,235410.56,437.04,235847.59,0.9981,持有
2024-10-17,53.62,1.11,0.1444,233851.55,437.04,234288.58,0.9981,持有
2024-10-18,54.68,1.12,0.1453,238438.43,437.04,238875.47,0.9982,持有
2024-10-21,54.41,1.11,0.1439,237270.84,437.04,237707.88,0.9982,持有
2024-10-22,54.56,1.14,0.1525,237938.03,437.04,238375.07,0.9982,持有
2024-10-23,55.76,1.17,0.1599,243150.49,437.04,243587.52,0.9982,持有
2024-10-24,55.55,1.17,0.1592,242274.79,437.04,242711.83,0.9982,持有
2024-10-25,55.17,1.16,0.1570,240606.81,437.04,241043.85,0.9982,持有
2024-10-28,54.98,1.15,0.1554,239772.82,437.04,240209.85,0.9982,持有
2024-10-29,55.11,1.16,0.1567,240314.91,437.04,240751.95,0.9982,持有
2024-10-30,53.52,1.12,0.1467,233392.78,437.04,233829.81,0.9981,持有
2024-10-31,53.47,1.12,0.1459,233184.28,437.04,233621.31,0.9981,持有
2024-11-01,53.69,1.13,0.1482,234143.37,437.04,234580.41,0.9981,持有
2024-11-04,54.47,1.14,0.1519,237562.74,437.04,237999.77,0.9982,持有
2024-11-05,56.18,1.18,0.1647,244985.27,437.04,245422.31,0.9982,持有
2024-11-06,54.97,1.15,0.1558,239731.12,437.04,240168.15,0.9982,持有
2024-11-07,58.17,1.22,0.1746,253700.49,437.04,254137.53,0.9983,持有
2024-11-08,56.53,1.19,0.1676,246528.16,437.04,246965.19,0.9982,持有
2024-11-11,55.84,1.17,0.1622,243525.78,437.04,243962.82,0.9982,持有
2024-11-12,54.51,1.14,0.1524,237729.54,437.04,238166.57,0.9982,持有
2024-11-13,54.68,1.15,0.1538,238480.13,437.04,238917.17,0.9982,持有
2024-11-14,54.50,1.14,0.1523,237687.84,437.04,238124.87,0.9982,持有
2024-11-15,53.36,1.12,0.1456,232683.88,437.04,233120.92,0.9981,持有
2024-11-18,53.32,1.12,0.1451,232517.08,437.04,232954.12,0.9981,持有
2024-11-19,53.17,1.12,0.1443,231891.59,437.04,232328.63,0.9981,持有
2024-11-20,53.03,1.11,0.1432,231266.09,437.04,231703.13,0.9981,持有
2024-11-21,53.06,1.11,0.1438,231391.19,437.04,231828.23,0.9981,持有
2024-11-22,50.71,1.06,0.1313,221133.09,437.04,221570.12,0.9980,持有
2024-11-25,50.27,1.05,0.1291,219214.90,437.04,219651.94,0.9980,持有
2024-11-26,50.73,1.06,0.1319,221216.49,437.04,221653.52,0.9980,持有
2024-11-27,51.20,1.07,0.1349,223301.47,437.04,223738.50,0.9980,持有
2024-11-28,50.84,1.07,0.1325,221716.88,437.04,222153.92,0.9980,持有
2024-11-29,50.92,1.07,0.1330,222050.48,437.04,222487.52,0.9980,持有
2024-12-02,51.64,1.08,0.1380,225219.65,437.04,225656.69,0.9981,持有
2024-12-03,52.05,1.09,0.1412,226971.03,437.04,227408.07,0.9981,持有
2024-12-04,51.57,1.08,0.1375,224886.05,437.04,225323.09,0.9981,持有
2024-12-05,51.33,1.08,0.1365,223843.56,437.04,224280.60,0.9981,持有
2024-12-06,52.71,1.11,0.1437,229848.31,437.04,230285.34,0.9981,持有
2024-12-09,52.43,1.10,0.1430,228639.02,437.04,229076.06,0.9981,持有
2024-12-10,53.18,1.12,0.1473,231933.29,437.04,232370.33,0.9981,持有
2024-12-11,52.50,1.10,0.1431,228930.92,437.04,229367.95,0.9981,持有
2024-12-12,53.15,1.11,0.1472,231766.49,437.04,232203.53,0.9981,持有
2024-12-13,51.39,1.08,0.1370,224093.76,437.04,224530.80,0.9981,持有
2024-12-16,50.79,1.07,0.1319,221508.38,437.04,221945.42,0.9980,持有
2024-12-17,50.69,1.06,0.1307,221049.69,437.04,221486.72,0.9980,持有
2024-12-18,50.62,1.06,0.1305,220757.79,437.04,221194.83,0.9980,持有
2024-12-19,50.57,1.06,0.1302,220549.29,437.04,220986.33,0.9980,持有
2024-12-20,50.31,1.06,0.1288,219423.40,437.04,219860.44,0.9980,持有
2024-12-23,50.77,1.07,0.1325,221424.98,437.04,221862.02,0.9980,持有
2024-12-24,51.42,1.08,0.1387,224260.56,437.04,224697.59,0.9981,持有
2024-12-25,51.54,1.08,0.1391,224760.95,437.04,225197.99,0.9981,持有
2024-12-26,51.11,1.07,0.1349,222884.47,437.04,223321.51,0.9980,持有
2024-12-27,50.94,1.07,0.1340,222133.88,437.04,222570.91,0.9980,持有
2024-12-30,51.54,1.08,0.1395,224760.95,437.04,225197.99,0.9981,持有
2024-12-31,50.34,1.06,0.1288,219548.50,437.04,219985.54,0.9980,持有
2025-01-02,48.49,1.02,0.1159,211458.77,437.04,211895.81,0.9979,持有
2025-01-03,48.10,1.01,0.1136,209749.09,437.04,210186.13,0.9979,持有
2025-01-06,48.13,1.01,0.1140,209915.89,437.04,210352.93,0.9979,持有
2025-01-07,47.97,1.01,0.1131,209207.00,437.04,209644.03,0.9979,持有
2025-01-08,48.10,1.01,0.1137,209749.09,437.04,210186.13,0.9979,持有
2025-01-09,47.63,1.00,0.1112,207705.81,437.04,208142.85,0.9979,持有
2025-01-10,46.81,0.98,0.1019,204119.64,437.04,204556.68,0.9979,持有
2025-01-13,46.46,0.97,0.0966,202618.46,437.04,203055.49,0.9978,持有
2025-01-14,47.20,0.99,0.1060,205829.33,437.04,206266.36,0.9979,持有
2025-01-15,46.96,0.98,0.1035,204786.84,437.04,205223.87,0.9979,持有
2025-01-16,47.09,0.99,0.1051,205370.63,437.04,205807.67,0.9979,持有
2025-01-17,47.22,0.99,0.1066,205912.73,437.04,206349.76,0.9979,持有
2025-01-20,47.63,1.00,0.1124,207705.81,437.04,208142.85,0.9979,持有
2025-01-21,47.71,1.00,0.1133,208081.11,437.04,208518.14,0.9979,持有
2025-01-22,46.81,0.98,0.1020,204119.64,437.04,204556.68,0.9979,持有
2025-01-23,48.16,1.01,0.1166,210040.99,437.04,210478.02,0.9979,持有
2025-01-24,48.63,1.02,0.1201,212084.27,437.04,212521.31,0.9979,持有
2025-01-27,48.62,1.02,0.1200,212042.57,437.04,212479.61,0.9979,持有
2025-02-05,47.54,1.00,0.1108,207330.51,437.04,207767.55,0.9979,持有
2025-02-06,48.05,1.01,0.1156,209540.59,437.04,209977.63,0.9979,持有
2025-02-07,48.65,1.02,0.1213,212167.67,437.04,212604.71,0.9979,持有
2025-02-10,48.67,1.02,0.1215,212251.07,437.04,212688.10,0.9979,持有
2025-02-11,48.31,1.01,0.1181,210666.48,437.04,211103.52,0.9979,持有
2025-02-12,48.84,1.02,0.1242,213001.66,437.04,213438.70,0.9980,持有
2025-02-13,48.79,1.02,0.1235,212751.46,437.04,213188.50,0.9979,持有
2025-02-14,49.44,1.04,0.1294,215587.04,437.04,216024.07,0.9980,持有
2025-02-17,49.57,1.04,0.1303,216170.83,437.04,216607.87,0.9980,持有
2025-02-18,49.06,1.03,0.1264,213960.75,437.04,214397.79,0.9980,持有
2025-02-19,49.20,1.03,0.1280,214544.55,437.04,214981.58,0.9980,持有
2025-02-20,48.56,1.02,0.1199,211750.67,437.04,212187.71,0.9979,持有
2025-02-21,48.96,1.03,0.1256,213502.06,437.04,213939.09,0.9980,持有
2025-02-24,49.72,1.04,0.1318,216838.03,437.04,217275.06,0.9980,持有
2025-02-25,48.75,1.02,0.1233,212584.66,437.04,213021.70,0.9979,持有
2025-02-26,49.36,1.04,0.1299,215253.44,437.04,215690.48,0.9980,持有
2025-02-27,49.36,1.04,0.1299,215253.44,437.04,215690.48,0.9980,持有
2025-02-28,48.17,1.01,0.1168,210082.69,437.04,210519.72,0.9979,持有
2025-03-03,48.13,1.01,0.1163,209874.19,437.04,210311.23,0.9979,持有
2025-03-04,47.89,1.00,0.1140,208831.70,437.04,209268.74,0.9979,持有
2025-03-05,48.17,1.01,0.1172,210082.69,437.04,210519.72,0.9979,持有
2025-03-06,49.38,1.04,0.1313,215336.84,437.04,215773.88,0.9980,持有
2025-03-07,49.24,1.03,0.1295,214753.04,437.04,215190.08,0.9980,持有
2025-03-10,49.00,1.03,0.1271,213710.55,437.04,214147.59,0.9980,持有
2025-03-11,49.24,1.03,0.1296,214753.04,437.04,215190.08,0.9980,持有
2025-03-12,48.91,1.03,0.1259,213293.56,437.04,213730.59,0.9980,持有
2025-03-13,48.90,1.03,0.1259,213251.86,437.04,213688.90,0.9980,持有
2025-03-14,51.13,1.07,0.1446,222967.87,437.04,223404.91,0.9980,持有
2025-03-17,51.04,1.07,0.1434,222592.57,437.04,223029.61,0.9980,持有
2025-03-18,51.40,1.08,0.1482,224177.16,437.04,224614.20,0.9981,持有
2025-03-19,51.70,1.08,0.1509,225469.85,437.04,225906.88,0.9981,持有
2025-03-20,50.19,1.03,0.1285,218881.31,437.04,219318.34,0.9980,持有
2025-03-21,49.48,1.01,0.1189,215795.54,437.04,216232.57,0.9980,持有
2025-03-24,49.85,1.02,0.1239,217380.12,437.04,217817.16,0.9980,持有
2025-03-25,49.68,1.02,0.1209,216671.23,437.04,217108.26,0.9980,持有
2025-03-26,49.45,1.01,0.1186,215670.44,437.04,216107.47,0.9980,持有
2025-03-27,49.78,1.02,0.1234,217088.22,437.04,217525.26,0.9980,持有
2025-03-28,49.68,1.02,0.1210,216671.23,437.04,217108.26,0.9980,持有
2025-03-31,49.37,1.01,0.1181,215295.14,437.04,215732.18,0.9980,持有
2025-04-01,49.36,1.01,0.1180,215253.44,437.04,215690.48,0.9980,持有
2025-04-02,49.59,1.02,0.1203,216254.23,437.04,216691.27,0.9980,持有
2025-04-03,49.22,1.01,0.1162,214669.65,437.04,215106.68,0.9980,持有
2025-04-07,46.43,0.95,0.0802,202493.36,437.04,202930.39,0.9978,持有
2025-04-08,47.10,0.97,0.0873,205412.33,437.04,205849.37,0.9979,持有
2025-04-09,46.79,0.96,0.0831,204036.24,437.04,204473.28,0.9979,持有
2025-04-10,47.31,0.97,0.0929,206329.72,437.04,206766.76,0.9979,持有
2025-04-11,47.19,0.97,0.0890,205787.63,437.04,206224.66,0.9979,持有
2025-04-14,47.31,0.97,0.0931,206329.72,437.04,206766.76,0.9979,持有
2025-04-15,47.65,0.98,0.0987,207789.21,437.04,208226.24,0.9979,持有
2025-04-16,47.69,0.98,0.0996,207997.71,437.04,208434.74,0.9979,持有
2025-04-17,47.96,0.98,0.1039,209165.30,437.04,209602.33,0.9979,持有
2025-04-18,48.23,0.99,0.1068,210332.88,437.04,210769.92,0.9979,持有
2025-04-21,48.08,0.99,0.1052,209665.69,437.04,210102.73,0.9979,持有
2025-04-22,48.35,0.99,0.1088,210874.98,437.04,211312.02,0.9979,持有
2025-04-23,48.48,0.99,0.1106,211417.08,437.04,211854.11,0.9979,持有
2025-04-24,48.98,1.00,0.1162,213585.46,437.04,214022.49,0.9980,持有
2025-04-25,49.08,1.01,0.1174,214044.15,437.04,214481.19,0.9980,持有
2025-04-28,48.97,0.99,0.1094,213543.76,437.04,213980.79,0.9980,持有
2025-04-29,48.77,0.99,0.1067,212668.06,437.04,213105.10,0.9979,持有
2025-04-30,48.49,0.98,0.1030,211458.77,437.04,211895.81,0.9979,持有
2025-05-06,48.57,0.98,0.1043,211834.07,437.04,212271.11,0.9979,持有
2025-05-07,48.94,0.99,0.1098,213418.66,437.04,213855.69,0.9980,持有
2025-05-08,49.68,1.01,0.1186,216671.23,437.04,217108.26,0.9980,持有
2025-05-09,49.48,1.00,0.1169,215795.54,437.04,216232.57,0.9980,持有
2025-05-12,50.30,1.02,0.1266,219340.00,437.04,219777.04,0.9980,持有
2025-05-13,50.16,1.02,0.1248,218756.21,437.04,219193.25,0.9980,持有
2025-05-14,52.29,1.06,0.1460,228055.22,437.04,228492.26,0.9981,持有
2025-05-15,51.87,1.05,0.1440,226220.44,437.04,226657.48,0.9981,持有
2025-05-16,51.05,1.03,0.1380,222634.27,437.04,223071.31,0.9980,持有
2025-05-19,50.97,1.03,0.1367,222258.98,437.04,222696.01,0.9980,持有
2025-05-20,51.33,1.04,0.1411,223843.56,437.04,224280.60,0.9981,持有
2025-05-21,51.49,1.04,0.1418,224552.46,437.04,224989.49,0.9981,持有
2025-05-22,51.48,1.04,0.1418,224510.76,437.04,224947.79,0.9981,持有
2025-05-23,50.90,1.03,0.1363,221967.08,437.04,222404.12,0.9980,持有
2025-05-26,51.06,1.03,0.1385,222675.97,437.04,223113.01,0.9980,持有
2025-05-27,51.06,1.03,0.1385,222675.97,437.04,223113.01,0.9980,持有
2025-05-28,50.96,1.03,0.1367,222217.28,437.04,222654.31,0.9980,持有
2025-05-29,51.18,1.04,0.1407,223176.37,437.04,223613.40,0.9980,持有
2025-05-30,50.95,1.03,0.1366,222175.58,437.04,222612.61,0.9980,持有
2025-06-03,51.49,1.04,0.1431,224552.46,437.04,224989.49,0.9981,持有
2025-06-04,51.40,1.04,0.1426,224177.16,437.04,224614.20,0.9981,持有
2025-06-05,51.62,1.05,0.1451,225136.25,437.04,225573.29,0.9981,持有
2025-06-06,51.07,1.03,0.1392,222717.67,437.04,223154.71,0.9980,持有
2025-06-09,51.37,1.04,0.1425,224010.36,437.04,224447.40,0.9981,持有
2025-06-10,51.09,1.04,0.1400,222801.07,437.04,223238.11,0.9980,持有
2025-06-11,52.07,1.06,0.1476,227096.13,437.04,227533.17,0.9981,持有
2025-06-12,52.41,1.06,0.1505,228555.62,437.04,228992.66,0.9981,持有
2025-06-13,52.09,1.06,0.1480,227179.53,437.04,227616.57,0.9981,持有
2025-06-16,51.94,1.05,0.1473,226512.34,437.04,226949.37,0.9981,持有
2025-06-17,51.85,1.05,0.1471,226137.04,437.04,226574.08,0.9981,持有
2025-06-18,51.45,1.04,0.1432,224385.66,437.04,224822.69,0.9981,持有
2025-06-19,50.87,1.03,0.1355,221841.98,437.04,222279.02,0.9980,持有
2025-06-20,52.34,1.06,0.1508,228263.72,437.04,228700.76,0.9981,持有
2025-06-23,52.69,1.07,0.1546,229764.91,437.04,230201.94,0.9981,持有
2025-06-24,54.30,1.10,0.1671,236812.14,437.04,237249.18,0.9982,持有
2025-06-25,55.34,1.12,0.1738,241357.40,437.04,241794.44,0.9982,持有
2025-06-26,55.06,1.12,0.1720,240106.41,437.04,240543.45,0.9982,持有
2025-06-27,54.46,1.10,0.1679,237521.04,437.04,237958.07,0.9982,持有
2025-06-30,54.58,1.08,0.1584,238035.98,437.04,238473.01,0.9982,持有
2025-07-01,54.80,1.08,0.1609,238979.88,437.04,239416.92,0.9982,持有
2025-07-02,54.91,1.08,0.1617,239451.84,437.04,239888.87,0.9982,持有
2025-07-03,54.90,1.08,0.1617,239408.93,437.04,239845.97,0.9982,持有
2025-07-04,55.66,1.10,0.1673,242712.60,437.04,243149.64,0.9982,持有
2025-07-07,55.52,1.09,0.1663,242111.93,437.04,242548.97,0.9982,持有
2025-07-08,55.54,1.09,0.1665,242197.74,437.04,242634.78,0.9982,持有
2025-07-09,55.00,1.08,0.1627,239837.98,437.04,240275.02,0.9982,持有
2025-07-10,56.21,1.11,0.1700,245115.27,437.04,245552.31,0.9982,持有
2025-07-11,56.78,1.12,0.1747,247603.75,437.04,248040.79,0.9982,持有
2025-07-14,56.64,1.12,0.1738,247003.09,437.04,247440.12,0.9982,持有
2025-07-15,56.18,1.11,0.1699,244986.56,437.04,245423.59,0.9982,持有
2025-07-16,55.91,1.10,0.1688,243828.13,437.04,244265.16,0.9982,持有
2025-07-17,55.89,1.10,0.1685,243742.32,437.04,244179.36,0.9982,持有
2025-07-18,56.15,1.11,0.1702,244857.84,437.04,245294.88,0.9982,持有
2025-07-21,56.27,1.11,0.1713,245372.70,437.04,245809.74,0.9982,持有
2025-07-22,55.78,1.10,0.1679,243270.37,437.04,243707.40,0.9982,持有
2025-07-23,57.06,1.12,0.1791,248847.99,437.04,249285.03,0.9982,持有
2025-07-24,57.69,1.14,0.1824,251593.90,437.04,252030.94,0.9983,持有
2025-07-25,57.14,1.13,0.1797,249191.23,437.04,249628.27,0.9982,持有
2025-07-28,59.12,1.16,0.1928,257815.10,437.04,258252.14,0.9983,持有
2025-07-29,58.53,1.15,0.1881,255240.81,437.04,255677.85,0.9983,持有
2025-07-30,59.73,1.18,0.1972,260475.20,437.04,260912.24,0.9983,持有
2025-07-31,57.74,1.14,0.1829,251808.43,437.04,252245.46,0.9983,持有
2025-08-01,57.26,1.13,0.1799,249706.09,437.04,250143.13,0.9983,持有
2025-08-04,57.27,1.13,0.1803,249748.99,437.04,250186.03,0.9983,持有
2025-08-05,58.18,1.15,0.1861,253739.14,437.04,254176.18,0.9983,持有
2025-08-06,58.10,1.14,0.1858,253395.90,437.04,253832.94,0.9983,持有
2025-08-07,57.93,1.14,0.1838,252623.62,437.04,253060.65,0.9983,持有
2025-08-08,57.59,1.13,0.1819,251164.85,437.04,251601.89,0.9983,持有
2025-08-11,57.52,1.13,0.1815,250864.52,437.04,251301.56,0.9983,持有
2025-08-12,57.80,1.14,0.1836,252065.85,437.04,252502.89,0.9983,持有
2025-08-13,57.66,1.14,0.1829,251465.19,437.04,251902.22,0.9983,持有
2025-08-14,58.66,1.16,0.1918,255798.57,437.04,256235.61,0.9983,持有
2025-08-15,58.83,1.16,0.1931,256570.86,437.04,257007.90,0.9983,持有
2025-08-18,58.38,1.15,0.1888,254597.24,437.04,255034.28,0.9983,持有
2025-08-19,57.26,1.13,0.1794,249706.09,437.04,250143.13,0.9983,持有
2025-08-20,58.24,1.15,0.1881,253996.57,437.04,254433.61,0.9983,持有
2025-08-21,58.66,1.16,0.1923,255798.57,437.04,256235.61,0.9983,持有
2025-08-22,59.52,1.17,0.1984,259574.20,437.04,260011.24,0.9983,持有
2025-08-25,60.01,1.18,0.2022,261719.44,437.04,262156.48,0.9983,持有
2025-08-26,59.54,1.17,0.1988,259660.01,437.04,260097.05,0.9983,持有
2025-08-27,57.74,1.13,0.1812,251808.43,437.04,252245.46,0.9983,持有
2025-08-28,57.89,1.14,0.1823,252452.00,437.04,252889.03,0.9983,持有
2025-08-29,58.91,1.16,0.1924,256914.10,437.04,257351.14,0.9983,持有
2025-09-01,57.56,1.13,0.1804,251036.14,437.04,251473.18,0.9983,持有
2025-09-02,57.71,1.13,0.1813,251679.71,437.04,252116.75,0.9983,持有
2025-09-03,56.85,1.11,0.1706,247904.09,437.04,248341.12,0.9982,持有
2025-09-04,56.57,1.10,0.1683,246702.75,437.04,247139.79,0.9982,持有
2025-09-05,56.96,1.11,0.1716,248418.94,437.04,248855.98,0.9982,持有
2025-09-08,56.77,1.11,0.1698,247560.85,437.04,247997.88,0.9982,持有
2025-09-09,57.06,1.11,0.1724,248847.99,437.04,249285.03,0.9982,持有
2025-09-10,56.93,1.11,0.1717,248290.23,437.04,248727.27,0.9982,持有
2025-09-11,57.74,1.13,0.1799,251808.43,437.04,252245.46,0.9983,持有
2025-09-12,56.75,1.11,0.1694,247475.04,437.04,247912.07,0.9982,持有
2025-09-15,56.40,1.10,0.1669,245973.37,437.04,246410.41,0.9982,持有
2025-09-16,55.70,1.09,0.1622,242927.13,437.04,243364.16,0.9982,持有
2025-09-17,55.66,1.09,0.1620,242712.60,437.04,243149.64,0.9982,持有
2025-09-18,54.39,1.06,0.1486,237177.88,437.04,237614.92,0.9982,持有
2025-09-19,54.21,1.06,0.1471,236405.59,437.04,236842.63,0.9982,持有
2025-09-22,54.26,1.06,0.1481,236620.12,437.04,237057.15,0.9982,持有
2025-09-23,54.13,1.06,0.1466,236062.35,437.04,236499.39,0.9982,持有
2025-09-24,54.40,1.06,0.1494,237220.78,437.04,237657.82,0.9982,持有
2025-09-25,54.20,1.06,0.1472,236362.69,437.04,236799.72,0.9982,持有
2025-09-26,54.33,1.06,0.1491,236920.45,437.04,237357.49,0.9982,持有
2025-09-29,55.10,1.07,0.1575,240309.93,437.04,240746.97,0.9982,持有
2025-09-30,54.22,1.06,0.1477,236448.50,437.04,236885.53,0.9982,持有
2025-10-09,54.15,1.06,0.1468,236148.16,437.04,236585.20,0.9982,持有
2025-10-10,54.64,1.07,0.1534,238293.41,437.04,238730.44,0.9982,持有
2025-10-13,54.21,1.06,0.1474,236405.59,437.04,236842.63,0.9982,持有
2025-10-14,55.57,1.08,0.1635,242326.46,437.04,242763.50,0.9982,持有
2025-10-15,56.88,1.11,0.1741,248032.80,437.04,248469.84,0.9982,持有
2025-10-16,57.08,1.11,0.1767,248933.80,437.04,249370.84,0.9982,持有
2025-10-17,56.35,1.10,0.1694,245758.85,437.04,246195.88,0.9982,持有
2025-10-20,56.96,1.11,0.1753,248418.94,437.04,248855.98,0.9982,持有
2025-10-21,57.14,1.11,0.1774,249191.23,437.04,249628.27,0.9982,持有
2025-10-22,57.27,1.12,0.1796,249748.99,437.04,250186.03,0.9983,持有
2025-10-23,57.80,1.13,0.1844,252065.85,437.04,252502.89,0.9983,持有
2025-10-24,57.88,1.11,0.1751,252414.68,437.04,252851.72,0.9983,持有
2025-10-27,57.75,1.11,0.1733,251847.75,437.04,252284.79,0.9983,持有
2025-10-28,57.76,1.11,0.1737,251891.36,437.04,252328.40,0.9983,持有
2025-10-29,58.95,1.08,0.1622,257080.95,437.04,257517.99,0.9983,持有
2025-10-30,58.65,1.08,0.1593,255772.65,437.04,256209.69,0.9983,持有
2025-10-31,57.83,1.06,0.1507,252196.63,437.04,252633.67,0.9983,持有
2025-11-03,58.31,1.07,0.1551,254289.91,437.04,254726.95,0.9983,持有
2025-11-04,58.94,1.08,0.1627,257037.34,437.04,257474.38,0.9983,持有
2025-11-05,58.32,1.07,0.1552,254333.52,437.04,254770.56,0.9983,持有
2025-11-06,58.90,1.08,0.1622,256862.90,437.04,257299.94,0.9983,持有
2025-11-07,58.89,1.08,0.1618,256819.29,437.04,257256.33,0.9983,持有
2025-11-10,59.30,1.09,0.1670,258607.30,437.04,259044.34,0.9983,持有
2025-11-11,59.20,1.09,0.1661,258171.20,437.04,258608.24,0.9983,持有
2025-11-12,60.03,1.10,0.1726,261790.83,437.04,262227.87,0.9983,持有
2025-11-13,60.88,1.12,0.1823,265497.68,437.04,265934.72,0.9984,持有
2025-11-14,60.65,1.11,0.1798,264494.65,437.04,264931.69,0.9984,持有
2025-11-17,59.83,1.10,0.1705,260918.63,437.04,261355.67,0.9983,持有
2025-11-18,59.62,1.09,0.1694,260002.82,437.04,260439.86,0.9983,持有
2025-11-19,60.37,1.11,0.1762,263273.57,437.04,263710.61,0.9983,持有
2025-11-20,60.20,1.11,0.1740,262532.20,437.04,262969.24,0.9983,持有
2025-11-21,58.91,1.08,0.1625,256906.51,437.04,257343.55,0.9983,持有
2025-11-24,58.40,1.07,0.1561,254682.40,437.04,255119.44,0.9983,持有
2025-11-25,59.47,1.09,0.1690,259348.67,437.04,259785.71,0.9983,持有
2025-11-26,59.78,1.10,0.1709,260700.58,437.04,261137.62,0.9983,持有
2025-11-27,59.34,1.09,0.1676,258781.74,437.04,259218.78,0.9983,持有
2025-11-28,58.99,1.08,0.1639,257255.39,437.04,257692.43,0.9983,持有
2025-12-01,58.63,1.08,0.1592,255685.43,437.04,256122.47,0.9983,持有
