日期,收盘价,估值指标,估值分位点,持仓市值,现金,总资产,仓位比例,信号
2015-01-05,3641.54,13.24,0.7406,0.00,100000.00,100000.00,0.0000,持有
2015-01-06,3641.06,13.25,0.7414,0.00,100000.00,100000.00,0.0000,持有
2015-01-07,3643.79,13.31,0.7447,0.00,100000.00,100000.00,0.0000,持有
2015-01-08,3559.26,12.95,0.6905,0.00,100000.00,100000.00,0.0000,持有
2015-01-09,3546.72,12.95,0.6905,0.00,100000.00,100000.00,0.0000,持有
2015-01-12,3513.58,12.77,0.6412,0.00,100000.00,100000.00,0.0000,持有
2015-01-13,3514.04,12.77,0.6412,0.00,100000.00,100000.00,0.0000,持有
2015-01-14,3502.42,12.75,0.6388,0.00,100000.00,100000.00,0.0000,持有
2015-01-15,3604.12,13.24,0.7406,0.00,100000.00,100000.00,0.0000,持有
2015-01-16,3635.15,13.39,0.7512,0.00,100000.00,100000.00,0.0000,持有
2015-01-19,3355.16,12.27,0.5123,0.00,100000.00,100000.00,0.0000,持有
2015-01-20,3396.22,12.43,0.5690,0.00,100000.00,100000.00,0.0000,持有
2015-01-21,3548.89,13.08,0.7192,0.00,100000.00,100000.00,0.0000,持有
2015-01-22,3567.61,13.11,0.7217,0.00,100000.00,100000.00,0.0000,持有
2015-01-23,3571.73,13.14,0.7266,0.00,100000.00,100000.00,0.0000,持有
2015-01-26,3607.99,13.16,0.7291,0.00,100000.00,100000.00,0.0000,持有
2015-01-27,3574.93,13.10,0.7200,0.00,100000.00,100000.00,0.0000,持有
2015-01-28,3525.32,12.86,0.6601,0.00,100000.00,100000.00,0.0000,持有
2015-01-29,3481.80,12.66,0.6248,0.00,100000.00,100000.00,0.0000,持有
2015-01-30,3434.39,12.46,0.5788,0.00,100000.00,100000.00,0.0000,持有
2015-02-02,3353.96,12.09,0.4491,0.00,100000.00,100000.00,0.0000,持有
2015-02-03,3437.45,12.42,0.5632,0.00,100000.00,100000.00,0.0000,持有
2015-02-04,3401.77,12.27,0.5123,0.00,100000.00,100000.00,0.0000,持有
2015-02-05,3366.95,12.12,0.4598,0.00,100000.00,100000.00,0.0000,持有
2015-02-06,3312.42,11.89,0.3752,0.00,100000.00,100000.00,0.0000,持有
2015-02-09,3345.92,12.00,0.4138,0.00,100000.00,100000.00,0.0000,持有
2015-02-10,3406.94,12.21,0.4918,0.00,100000.00,100000.00,0.0000,持有
2015-02-11,3434.12,12.29,0.5197,0.00,100000.00,100000.00,0.0000,持有
2015-02-12,3442.87,12.33,0.5345,0.00,100000.00,100000.00,0.0000,持有
2015-02-13,3469.83,12.44,0.5739,0.00,100000.00,100000.00,0.0000,持有
2015-02-16,3499.48,12.50,0.5895,0.00,100000.00,100000.00,0.0000,持有
2015-02-17,3522.32,12.60,0.6133,0.00,100000.00,100000.00,0.0000,持有
2015-02-25,3478.73,12.49,0.5870,0.00,100000.00,100000.00,0.0000,持有
2015-02-26,3566.29,12.79,0.6437,0.00,100000.00,100000.00,0.0000,持有
2015-02-27,3572.84,12.81,0.6494,0.00,100000.00,100000.00,0.0000,持有
2015-03-02,3601.26,12.91,0.6749,0.00,100000.00,100000.00,0.0000,持有
2015-03-03,3507.90,12.54,0.5985,0.00,100000.00,100000.00,0.0000,持有
2015-03-04,3530.82,12.59,0.6108,0.00,100000.00,100000.00,0.0000,持有
2015-03-05,3496.34,12.42,0.5632,0.00,100000.00,100000.00,0.0000,持有
2015-03-06,3478.52,12.39,0.5542,0.00,100000.00,100000.00,0.0000,持有
2015-03-09,3537.75,12.66,0.6248,0.00,100000.00,100000.00,0.0000,持有
2015-03-10,3520.61,12.54,0.5985,0.00,100000.00,100000.00,0.0000,持有
2015-03-11,3524.65,12.57,0.6084,0.00,100000.00,100000.00,0.0000,持有
2015-03-12,3592.84,12.86,0.6601,0.00,100000.00,100000.00,0.0000,持有
2015-03-13,3617.66,12.91,0.6749,0.00,100000.00,100000.00,0.0000,持有
2015-03-16,3705.67,13.18,0.7315,0.00,100000.00,100000.00,0.0000,持有
2015-03-17,3757.12,13.36,0.7479,0.00,100000.00,100000.00,0.0000,持有
2015-03-18,3846.05,13.66,0.7718,0.00,100000.00,100000.00,0.0000,持有
2015-03-19,3839.74,13.62,0.7701,0.00,100000.00,100000.00,0.0000,持有
2015-03-20,3892.57,13.75,0.7874,0.00,100000.00,100000.00,0.0000,持有
2015-03-23,3972.06,14.09,0.8892,0.00,100000.00,100000.00,0.0000,持有
2015-03-24,3973.05,14.10,0.8916,0.00,100000.00,100000.00,0.0000,持有
2015-03-25,3940.41,13.91,0.8424,0.00,100000.00,100000.00,0.0000,持有
2015-03-26,3950.00,14.01,0.8711,0.00,100000.00,100000.00,0.0000,持有
2015-03-27,3971.70,14.20,0.9163,0.00,100000.00,100000.00,0.0000,持有
2015-03-30,4088.18,14.62,0.9631,0.00,100000.00,100000.00,0.0000,持有
2015-03-31,4051.20,14.46,0.9475,0.00,100000.00,100000.00,0.0000,持有
2015-04-01,4123.90,14.68,0.9663,0.00,100000.00,100000.00,0.0000,持有
2015-04-02,4124.78,14.67,0.9663,0.00,100000.00,100000.00,0.0000,持有
2015-04-03,4170.54,14.75,0.9696,0.00,100000.00,100000.00,0.0000,持有
2015-04-07,4260.04,15.12,0.9828,0.00,100000.00,100000.00,0.0000,持有
2015-04-08,4295.80,15.30,0.9926,0.00,100000.00,100000.00,0.0000,持有
2015-04-09,4262.14,15.15,0.9852,0.00,100000.00,100000.00,0.0000,持有
2015-04-10,4344.42,15.44,0.9959,0.00,100000.00,100000.00,0.0000,持有
2015-04-13,4421.07,15.77,1.0000,0.00,100000.00,100000.00,0.0000,持有
2015-04-14,4438.18,15.79,1.0000,0.00,100000.00,100000.00,0.0000,持有
2015-04-15,4380.51,15.69,1.0000,0.00,100000.00,100000.00,0.0000,持有
2015-04-16,4513.55,16.17,1.0000,0.00,100000.00,100000.00,0.0000,持有
2015-04-17,4596.14,16.50,1.0000,0.00,100000.00,100000.00,0.0000,持有
2015-04-20,4521.92,16.17,1.0000,0.00,100000.00,100000.00,0.0000,持有
2015-04-21,4619.16,16.42,1.0000,0.00,100000.00,100000.00,0.0000,持有
2015-04-22,4739.81,16.75,1.0000,0.00,100000.00,100000.00,0.0000,持有
2015-04-23,4740.89,16.72,1.0000,0.00,100000.00,100000.00,0.0000,持有
2015-04-24,4702.64,16.57,1.0000,0.00,100000.00,100000.00,0.0000,持有
2015-04-27,4807.59,17.13,1.0000,0.00,100000.00,100000.00,0.0000,持有
2015-04-28,4741.86,17.17,1.0000,0.00,100000.00,100000.00,0.0000,持有
2015-04-29,4774.33,16.97,1.0000,0.00,100000.00,100000.00,0.0000,持有
2015-04-30,4749.89,16.58,1.0000,0.00,100000.00,100000.00,0.0000,持有
2015-05-04,4787.74,16.71,1.0000,0.00,100000.00,100000.00,0.0000,持有
2015-05-05,4596.84,16.03,1.0000,0.00,100000.00,100000.00,0.0000,持有
2015-05-06,4553.33,15.83,1.0000,0.00,100000.00,100000.00,0.0000,持有
2015-05-07,4470.09,15.46,0.9967,0.00,100000.00,100000.00,0.0000,持有
2015-05-08,4558.40,15.77,1.0000,0.00,100000.00,100000.00,0.0000,持有
2015-05-11,4690.53,16.17,1.0000,0.00,100000.00,100000.00,0.0000,持有
2015-05-12,4747.42,16.34,1.0000,0.00,100000.00,100000.00,0.0000,持有
2015-05-13,4718.44,16.21,1.0000,0.00,100000.00,100000.00,0.0000,持有
2015-05-14,4700.78,16.15,1.0000,0.00,100000.00,100000.00,0.0000,持有
2015-05-15,4617.47,15.84,1.0000,0.00,100000.00,100000.00,0.0000,持有
2015-05-18,4575.14,15.65,0.9992,0.00,100000.00,100000.00,0.0000,持有
2015-05-19,4731.22,16.16,1.0000,0.00,100000.00,100000.00,0.0000,持有
2015-05-20,4754.92,16.22,1.0000,0.00,100000.00,100000.00,0.0000,持有
2015-05-21,4840.98,16.33,1.0000,0.00,100000.00,100000.00,0.0000,持有
2015-05-22,4951.33,16.76,1.0000,0.00,100000.00,100000.00,0.0000,持有
2015-05-25,5099.50,17.27,1.0000,0.00,100000.00,100000.00,0.0000,持有
2015-05-26,5198.92,17.52,1.0000,0.00,100000.00,100000.00,0.0000,持有
2015-05-27,5181.43,17.49,1.0000,0.00,100000.00,100000.00,0.0000,持有
2015-05-28,4834.01,16.36,1.0000,0.00,100000.00,100000.00,0.0000,持有
2015-05-29,4840.83,16.34,1.0000,0.00,100000.00,100000.00,0.0000,持有
2015-06-01,5076.18,17.16,1.0000,0.00,100000.00,100000.00,0.0000,持有
2015-06-02,5161.87,17.36,1.0000,0.00,100000.00,100000.00,0.0000,持有
2015-06-03,5143.59,17.30,1.0000,0.00,100000.00,100000.00,0.0000,持有
2015-06-04,5181.42,17.53,1.0000,0.00,100000.00,100000.00,0.0000,持有
2015-06-05,5230.55,17.71,1.0000,0.00,100000.00,100000.00,0.0000,持有
2015-06-08,5353.75,18.49,1.0000,0.00,100000.00,100000.00,0.0000,持有
2015-06-09,5317.46,18.37,1.0000,0.00,100000.00,100000.00,0.0000,持有
2015-06-10,5309.11,18.23,1.0000,0.00,100000.00,100000.00,0.0000,持有
2015-06-11,5306.59,18.16,1.0000,0.00,100000.00,100000.00,0.0000,持有
2015-06-12,5335.12,18.26,1.0000,0.00,100000.00,100000.00,0.0000,持有
2015-06-15,5221.17,18.27,1.0000,0.00,100000.00,100000.00,0.0000,持有
2015-06-16,5064.82,17.71,1.0000,0.00,100000.00,100000.00,0.0000,持有
2015-06-17,5138.83,17.99,1.0000,0.00,100000.00,100000.00,0.0000,持有
2015-06-18,4930.55,17.25,1.0000,0.00,100000.00,100000.00,0.0000,持有
2015-06-19,4637.05,16.26,1.0000,0.00,100000.00,100000.00,0.0000,持有
2015-06-23,4786.09,16.80,1.0000,0.00,100000.00,100000.00,0.0000,持有
2015-06-24,4880.13,17.21,1.0000,0.00,100000.00,100000.00,0.0000,持有
2015-06-25,4706.52,16.64,1.0000,0.00,100000.00,100000.00,0.0000,持有
2015-06-26,4336.19,15.45,0.9967,0.00,100000.00,100000.00,0.0000,持有
2015-06-29,4191.55,15.16,0.9860,0.00,100000.00,100000.00,0.0000,持有
2015-06-30,4473.00,16.11,1.0000,0.00,100000.00,100000.00,0.0000,持有
2015-07-01,4253.02,15.30,0.9926,0.00,100000.00,100000.00,0.0000,持有
2015-07-02,4108.00,15.07,0.9819,0.00,100000.00,100000.00,0.0000,持有
2015-07-03,3885.92,14.31,0.9294,0.00,100000.00,100000.00,0.0000,持有
2015-07-06,3998.54,14.98,0.9754,0.00,100000.00,100000.00,0.0000,持有
2015-07-07,3928.00,15.12,0.9828,0.00,100000.00,100000.00,0.0000,持有
2015-07-08,3663.04,14.21,0.9171,0.00,100000.00,100000.00,0.0000,持有
2015-07-09,3897.63,14.99,0.9762,0.00,100000.00,100000.00,0.0000,持有
2015-07-10,4106.56,15.58,0.9992,0.00,100000.00,100000.00,0.0000,持有
2015-07-13,4211.81,15.65,0.9992,0.00,100000.00,100000.00,0.0000,持有
2015-07-14,4112.15,15.23,0.9901,0.00,100000.00,100000.00,0.0000,持有
2015-07-15,3966.76,14.97,0.9754,0.00,100000.00,100000.00,0.0000,持有
2015-07-16,3997.36,14.97,0.9754,0.00,100000.00,100000.00,0.0000,持有
2015-07-17,4151.50,15.35,0.9943,0.00,100000.00,100000.00,0.0000,持有
2015-07-20,4160.61,15.38,0.9943,0.00,100000.00,100000.00,0.0000,持有
2015-07-21,4166.01,15.36,0.9943,0.00,100000.00,100000.00,0.0000,持有
2015-07-22,4157.16,15.29,0.9918,0.00,100000.00,100000.00,0.0000,持有
2015-07-23,4250.81,15.57,0.9992,0.00,100000.00,100000.00,0.0000,持有
2015-07-24,4176.28,15.27,0.9910,0.00,100000.00,100000.00,0.0000,持有
2015-07-27,3818.73,13.97,0.8604,0.00,100000.00,100000.00,0.0000,持有
2015-07-28,3811.09,13.87,0.8317,0.00,100000.00,100000.00,0.0000,持有
2015-07-29,3930.38,14.20,0.9163,0.00,100000.00,100000.00,0.0000,持有
2015-07-30,3815.41,13.87,0.8317,0.00,100000.00,100000.00,0.0000,持有
2015-07-31,3816.70,13.82,0.8120,0.00,100000.00,100000.00,0.0000,持有
2015-08-03,3829.24,13.86,0.8284,0.00,100000.00,100000.00,0.0000,持有
2015-08-04,3948.16,14.21,0.9171,0.00,100000.00,100000.00,0.0000,持有
2015-08-05,3866.90,13.91,0.8424,0.00,100000.00,100000.00,0.0000,持有
2015-08-06,3831.85,13.76,0.7890,0.00,100000.00,100000.00,0.0000,持有
2015-08-07,3906.94,14.00,0.8670,0.00,100000.00,100000.00,0.0000,持有
2015-08-10,4084.36,14.60,0.9631,0.00,100000.00,100000.00,0.0000,持有
2015-08-11,4066.67,14.52,0.9540,0.00,100000.00,100000.00,0.0000,持有
2015-08-12,4016.13,14.34,0.9319,0.00,100000.00,100000.00,0.0000,持有
2015-08-13,4075.46,14.51,0.9524,0.00,100000.00,100000.00,0.0000,持有
2015-08-14,4073.54,14.47,0.9499,0.00,100000.00,100000.00,0.0000,持有
2015-08-17,4077.87,14.41,0.9368,0.00,100000.00,100000.00,0.0000,持有
2015-08-18,3825.41,13.67,0.7718,0.00,100000.00,100000.00,0.0000,持有
2015-08-19,3886.14,13.75,0.7874,0.00,100000.00,100000.00,0.0000,持有
2015-08-20,3761.45,13.34,0.7455,0.00,100000.00,100000.00,0.0000,持有
2015-08-21,3589.54,12.79,0.6437,0.00,100000.00,100000.00,0.0000,持有
2015-08-24,3275.53,11.63,0.2915,0.00,100000.00,100000.00,0.0000,买入(补至30%)
2015-08-25,3042.93,10.76,0.0714,27386.37,72368.53,99754.90,0.2745,买入(补至100%)
2015-08-26,3025.69,10.77,0.0722,96822.08,1925.90,98747.98,0.9805,持有
2015-08-27,3205.64,11.32,0.1806,102580.48,1925.90,104506.38,0.9816,持有
2015-08-28,3342.29,11.78,0.3391,106953.28,1925.90,108879.18,0.9823,持有
2015-08-31,3366.54,11.69,0.3095,107729.28,1925.90,109655.18,0.9824,持有
2015-09-01,3362.08,11.86,0.3654,107586.56,1925.90,109512.46,0.9824,持有
2015-09-02,3365.83,12.03,0.4245,107706.56,1925.90,109632.46,0.9824,持有
2015-09-07,3250.49,11.50,0.2430,104015.68,1925.90,105941.58,0.9818,持有
2015-09-08,3334.02,11.74,0.3284,106688.64,1925.90,108614.54,0.9823,持有
2015-09-09,3399.31,11.94,0.3941,108777.92,1925.90,110703.82,0.9826,持有
2015-09-10,3357.56,11.81,0.3522,107441.92,1925.90,109367.82,0.9824,持有
2015-09-11,3347.19,11.74,0.3284,107110.08,1925.90,109035.98,0.9823,持有
2015-09-14,3281.13,11.58,0.2668,104996.16,1925.90,106922.06,0.9820,持有
2015-09-15,3152.23,11.25,0.1642,100871.36,1925.90,102797.26,0.9813,持有
2015-09-16,3309.25,11.70,0.3120,105896.00,1925.90,107821.90,0.9821,持有
2015-09-17,3237.00,11.46,0.2258,103584.00,1925.90,105509.90,0.9817,持有
2015-09-18,3251.27,11.47,0.2299,104040.64,1925.90,105966.54,0.9818,持有
2015-09-21,3308.25,11.61,0.2857,105864.00,1925.90,107789.90,0.9821,持有
2015-09-22,3339.03,11.71,0.3186,106848.96,1925.90,108774.86,0.9823,持有
2015-09-23,3263.03,11.45,0.2217,104416.96,1925.90,106342.86,0.9819,持有
2015-09-24,3285.00,11.50,0.2430,105120.00,1925.90,107045.90,0.9820,持有
2015-09-25,3231.95,11.39,0.2036,103422.40,1925.90,105348.30,0.9817,持有
2015-09-28,3242.75,11.38,0.2020,103768.00,1925.90,105693.90,0.9818,持有
2015-09-29,3178.85,11.16,0.1486,101723.20,1925.90,103649.10,0.9814,持有
2015-09-30,3202.95,11.22,0.1601,102494.40,1925.90,104420.30,0.9816,持有
2015-10-08,3296.48,11.53,0.2529,105487.36,1925.90,107413.26,0.9821,持有
2015-10-09,3340.12,11.66,0.3005,106883.84,1925.90,108809.74,0.9823,持有
2015-10-12,3447.69,12.01,0.4154,110326.08,1925.90,112251.98,0.9828,持有
2015-10-13,3445.04,11.97,0.4056,110241.28,1925.90,112167.18,0.9828,持有
2015-10-14,3406.11,11.86,0.3654,108995.52,1925.90,110921.42,0.9826,持有
2015-10-15,3486.81,12.08,0.4417,111577.92,1925.90,113503.82,0.9830,持有
2015-10-16,3534.07,12.23,0.4967,113090.24,1925.90,115016.14,0.9833,持有
2015-10-19,3534.18,12.23,0.4967,113093.76,1925.90,115019.66,0.9833,持有
2015-10-20,3577.70,12.34,0.5394,114486.40,1925.90,116412.30,0.9835,持有
2015-10-21,3473.25,12.14,0.4688,111144.00,1925.90,113069.90,0.9830,持有
2015-10-22,3524.53,12.23,0.4967,112784.96,1925.90,114710.86,0.9832,持有
2015-10-23,3571.24,12.34,0.5394,114279.68,1925.90,116205.58,0.9834,持有
2015-10-26,3589.26,12.41,0.5616,114856.32,1925.90,116782.22,0.9835,持有
2015-10-27,3592.88,12.40,0.5591,114972.16,1925.90,116898.06,0.9835,持有
2015-10-28,3524.92,12.19,0.4860,112797.44,1925.90,114723.34,0.9832,持有
2015-10-29,3533.31,12.24,0.5008,113065.92,1925.90,114991.82,0.9833,持有
2015-10-30,3534.08,12.44,0.5739,113090.56,1925.90,115016.46,0.9833,持有
2015-11-02,3475.96,12.10,0.4516,111230.72,1925.90,113156.62,0.9830,持有
2015-11-03,3465.49,12.04,0.4269,110895.68,1925.90,112821.58,0.9829,持有
2015-11-04,3628.54,12.57,0.6084,116113.28,1925.90,118039.18,0.9837,持有
2015-11-05,3705.97,12.85,0.6568,118591.04,1925.90,120516.94,0.9840,持有
2015-11-06,3793.37,13.10,0.7200,121387.84,1925.90,123313.74,0.9844,卖出(降至70%)
2015-11-09,3840.35,13.33,0.7455,88328.05,36091.61,124419.66,0.7099,持有
2015-11-10,3833.24,13.28,0.7414,88164.52,36091.61,124256.13,0.7095,持有
2015-11-11,3833.65,13.25,0.7414,88173.95,36091.61,124265.56,0.7096,持有
2015-11-12,3795.32,13.11,0.7217,87292.36,36091.61,123383.97,0.7075,持有
2015-11-13,3746.24,12.96,0.6921,86163.52,36091.61,122255.13,0.7048,持有
2015-11-16,3764.13,13.01,0.7036,86574.99,36091.61,122666.60,0.7058,持有
2015-11-17,3758.39,13.02,0.7053,86442.97,36091.61,122534.58,0.7055,持有
2015-11-18,3715.58,12.92,0.6814,85458.34,36091.61,121549.95,0.7031,持有
2015-11-19,3774.97,13.06,0.7159,86824.31,36091.61,122915.92,0.7064,持有
2015-11-20,3774.38,13.05,0.7126,86810.74,36091.61,122902.35,0.7063,持有
2015-11-23,3753.34,12.99,0.6995,86326.82,36091.61,122418.43,0.7052,持有
2015-11-24,3753.89,12.98,0.6970,86339.47,36091.61,122431.08,0.7052,持有
2015-11-25,3781.61,13.07,0.7176,86977.03,36091.61,123068.64,0.7067,持有
2015-11-26,3759.43,13.01,0.7036,86466.89,36091.61,122558.50,0.7055,持有
2015-11-27,3556.99,12.36,0.5435,81810.77,36091.61,117902.38,0.6939,持有
2015-11-30,3566.41,12.41,0.5616,82027.43,36091.61,118119.04,0.6944,持有
2015-12-01,3591.70,12.44,0.5739,82609.10,36091.61,118700.71,0.6959,持有
2015-12-02,3721.95,12.91,0.6749,85604.85,36091.61,121696.46,0.7034,持有
2015-12-03,3749.30,13.07,0.7176,86233.90,36091.61,122325.51,0.7050,持有
2015-12-04,3677.59,12.78,0.6420,84584.57,36091.61,120676.18,0.7009,持有
2015-12-07,3687.61,12.78,0.6420,84815.03,36091.61,120906.64,0.7015,持有
2015-12-08,3623.02,12.56,0.6034,83329.46,36091.61,119421.07,0.6978,持有
2015-12-09,3635.94,12.60,0.6133,83626.62,36091.61,119718.23,0.6985,持有
2015-12-10,3623.08,12.54,0.5985,83330.84,36091.61,119422.45,0.6978,持有
2015-12-11,3608.06,12.48,0.5846,82985.38,36091.61,119076.99,0.6969,持有
2015-12-14,3711.32,13.02,0.7053,85360.36,36091.61,121451.97,0.7028,持有
2015-12-15,3694.39,12.94,0.6880,84970.97,36091.61,121062.58,0.7019,持有
2015-12-16,3685.44,12.93,0.6831,84765.12,36091.61,120856.73,0.7014,持有
2015-12-17,3755.89,13.14,0.7266,86385.47,36091.61,122477.08,0.7053,持有
2015-12-18,3767.91,13.17,0.7299,86661.93,36091.61,122753.54,0.7060,持有
2015-12-21,3865.96,13.44,0.7594,88917.08,36091.61,125008.69,0.7113,持有
2015-12-22,3876.73,13.45,0.7619,89164.79,36091.61,125256.40,0.7119,持有
2015-12-23,3866.38,13.44,0.7594,88926.74,36091.61,125018.35,0.7113,持有
2015-12-24,3829.40,13.33,0.7455,88076.20,36091.61,124167.81,0.7093,持有
2015-12-25,3838.20,13.31,0.7447,88278.60,36091.61,124370.21,0.7098,持有
2015-12-28,3727.63,12.97,0.6954,85735.49,36091.61,121827.10,0.7037,持有
2015-12-29,3761.87,13.07,0.7176,86523.01,36091.61,122614.62,0.7057,持有
2015-12-30,3765.18,13.05,0.7126,86599.14,36091.61,122690.75,0.7058,持有
2015-12-31,3731.00,13.01,0.7036,85813.00,36091.61,121904.61,0.7039,持有
2016-01-04,3469.07,12.21,0.4918,79788.61,36091.61,115880.22,0.6885,持有
2016-01-05,3478.78,12.22,0.4934,80011.94,36091.61,116103.55,0.6891,持有
2016-01-06,3539.81,12.44,0.5739,81415.63,36091.61,117507.24,0.6929,持有
2016-01-07,3294.38,11.67,0.3030,75770.74,36091.61,111862.35,0.6774,持有
2016-01-08,3361.56,11.91,0.3801,77315.88,36091.61,113407.49,0.6818,持有
2016-01-11,3192.45,11.36,0.1954,73426.35,36091.61,109517.96,0.6705,持有
2016-01-12,3215.71,11.42,0.2151,73961.33,36091.61,110052.94,0.6721,持有
2016-01-13,3155.88,11.21,0.1585,72585.24,36091.61,108676.85,0.6679,持有
2016-01-14,3221.57,11.39,0.2036,74096.11,36091.61,110187.72,0.6725,持有
2016-01-15,3118.73,11.03,0.1166,71730.79,36091.61,107822.40,0.6653,持有
2016-01-18,3130.73,11.04,0.1207,72006.79,36091.61,108098.40,0.6661,持有
2016-01-19,3223.12,11.35,0.1929,74131.76,36091.61,110223.37,0.6726,持有
2016-01-20,3174.38,11.22,0.1601,73010.74,36091.61,109102.35,0.6692,持有
2016-01-21,3081.35,10.92,0.0952,70871.05,36091.61,106962.66,0.6626,买入(补至100%)
2016-01-22,3113.46,11.03,0.1166,105857.64,1825.99,107683.63,0.9830,持有
2016-01-25,3128.89,11.08,0.1346,106382.26,1825.99,108208.25,0.9831,持有
2016-01-26,2940.51,10.44,0.0287,99977.34,1825.99,101803.33,0.9821,持有
2016-01-27,2930.35,10.41,0.0255,99631.90,1825.99,101457.89,0.9820,持有
2016-01-28,2853.76,10.19,0.0082,97027.84,1825.99,98853.83,0.9815,持有
2016-01-29,2946.09,10.47,0.0369,100167.06,1825.99,101993.05,0.9821,持有
2016-02-01,2901.05,10.34,0.0156,98635.70,1825.99,100461.69,0.9818,持有
2016-02-02,2961.33,10.52,0.0419,100685.22,1825.99,102511.21,0.9822,持有
2016-02-03,2948.64,10.46,0.0353,100253.76,1825.99,102079.75,0.9821,持有
2016-02-04,2984.76,10.57,0.0460,101481.84,1825.99,103307.83,0.9823,持有
2016-02-05,2963.79,10.51,0.0411,100768.86,1825.99,102594.85,0.9822,持有
2016-02-15,2946.71,10.42,0.0263,100188.14,1825.99,102014.13,0.9821,持有
2016-02-16,3037.04,10.73,0.0690,103259.36,1825.99,105085.35,0.9826,持有
2016-02-17,3063.32,10.82,0.0821,104152.88,1825.99,105978.87,0.9828,持有
2016-02-18,3053.70,10.79,0.0764,103825.80,1825.99,105651.79,0.9827,持有
2016-02-19,3051.58,10.76,0.0714,103753.72,1825.99,105579.71,0.9827,持有
2016-02-22,3118.87,11.01,0.1133,106041.58,1825.99,107867.57,0.9831,持有
2016-02-23,3089.36,10.90,0.0944,105038.24,1825.99,106864.23,0.9829,持有
2016-02-24,3109.55,10.97,0.1010,105724.70,1825.99,107550.69,0.9830,持有
2016-02-25,2918.75,10.35,0.0189,99237.50,1825.99,101063.49,0.9819,持有
2016-02-26,2948.03,10.46,0.0353,100233.02,1825.99,102059.01,0.9821,持有
2016-02-29,2877.47,10.26,0.0123,97833.98,1825.99,99659.97,0.9817,持有
2016-03-01,2930.69,10.42,0.0263,99643.46,1825.99,101469.45,0.9820,持有
2016-03-02,3051.33,10.82,0.0821,103745.22,1825.99,105571.21,0.9827,持有
2016-03-03,3058.42,10.85,0.0887,103986.28,1825.99,105812.27,0.9827,持有
2016-03-04,3093.89,11.05,0.1264,105192.26,1825.99,107018.25,0.9829,持有
2016-03-07,3104.84,11.05,0.1264,105564.56,1825.99,107390.55,0.9830,持有
2016-03-08,3107.67,11.06,0.1281,105660.78,1825.99,107486.77,0.9830,持有
2016-03-09,3071.91,10.98,0.1043,104444.94,1825.99,106270.93,0.9828,持有
2016-03-10,3013.15,10.77,0.0722,102447.10,1825.99,104273.09,0.9825,持有
2016-03-11,3018.28,10.81,0.0788,102621.52,1825.99,104447.51,0.9825,持有
2016-03-14,3065.69,10.94,0.0985,104233.46,1825.99,106059.45,0.9828,持有
2016-03-15,3074.78,10.98,0.1043,104542.52,1825.99,106368.51,0.9828,持有
2016-03-16,3090.03,11.06,0.1281,105061.02,1825.99,106887.01,0.9829,持有
2016-03-17,3124.20,11.16,0.1486,106222.80,1825.99,108048.79,0.9831,持有
2016-03-18,3171.96,11.31,0.1790,107846.64,1825.99,109672.63,0.9834,持有
2016-03-21,3249.44,11.52,0.2488,110480.96,1825.99,112306.95,0.9837,持有
2016-03-22,3225.79,11.43,0.2176,109676.86,1825.99,111502.85,0.9836,持有
2016-03-23,3236.09,11.47,0.2299,110027.06,1825.99,111853.05,0.9837,持有
2016-03-24,3181.85,11.34,0.1847,108182.90,1825.99,110008.89,0.9834,持有
2016-03-25,3197.82,11.40,0.2061,108725.88,1825.99,110551.87,0.9835,持有
2016-03-28,3169.73,11.30,0.1765,107770.82,1825.99,109596.81,0.9833,持有
2016-03-29,3135.41,11.19,0.1535,106603.94,1825.99,108429.93,0.9832,持有
2016-03-30,3216.28,11.40,0.2061,109353.52,1825.99,111179.51,0.9836,持有
2016-03-31,3218.09,11.44,0.2192,109415.06,1825.99,111241.05,0.9836,持有
2016-04-01,3221.89,11.48,0.2348,109544.26,1825.99,111370.25,0.9836,持有
2016-04-05,3264.49,11.59,0.2726,110992.66,1825.99,112818.65,0.9838,持有
2016-04-06,3257.53,11.56,0.2619,110756.02,1825.99,112582.01,0.9838,持有
2016-04-07,3209.29,11.41,0.2118,109115.86,1825.99,110941.85,0.9835,持有
2016-04-08,3185.73,11.32,0.1806,108314.82,1825.99,110140.81,0.9834,持有
2016-04-11,3230.10,11.47,0.2299,109823.40,1825.99,111649.39,0.9836,持有
2016-04-12,3218.45,11.45,0.2217,109427.30,1825.99,111253.29,0.9836,持有
2016-04-13,3261.38,11.60,0.2767,110886.92,1825.99,112712.91,0.9838,持有
2016-04-14,3275.83,11.65,0.2989,111378.22,1825.99,113204.21,0.9839,持有
2016-04-15,3272.21,11.66,0.3005,111255.14,1825.99,113081.13,0.9839,持有
2016-04-18,3228.45,11.52,0.2488,109767.30,1825.99,111593.29,0.9836,持有
2016-04-19,3238.30,11.54,0.2537,110102.20,1825.99,111928.19,0.9837,持有
2016-04-20,3181.03,11.36,0.1954,108155.02,1825.99,109981.01,0.9834,持有
2016-04-21,3160.60,11.29,0.1732,107460.40,1825.99,109286.39,0.9833,持有
2016-04-22,3174.90,11.34,0.1847,107946.60,1825.99,109772.59,0.9834,持有
2016-04-25,3162.03,11.29,0.1732,107509.02,1825.99,109335.01,0.9833,持有
2016-04-26,3179.16,11.34,0.1847,108091.44,1825.99,109917.43,0.9834,持有
2016-04-27,3165.92,11.29,0.1732,107641.28,1825.99,109467.27,0.9833,持有
2016-04-28,3160.58,11.27,0.1683,107459.72,1825.99,109285.71,0.9833,持有
2016-04-29,3156.75,11.32,0.1806,107329.50,1825.99,109155.49,0.9833,持有
2016-05-03,3213.54,11.47,0.2299,109260.36,1825.99,111086.35,0.9836,持有
2016-05-04,3209.46,11.44,0.2192,109121.64,1825.99,110947.63,0.9835,持有
2016-05-05,3213.92,11.46,0.2258,109273.28,1825.99,111099.27,0.9836,持有
2016-05-06,3130.35,11.20,0.1560,106431.90,1825.99,108257.89,0.9831,持有
2016-05-09,3065.62,10.97,0.1010,104231.08,1825.99,106057.07,0.9828,持有
2016-05-10,3069.11,10.98,0.1043,104349.74,1825.99,106175.73,0.9828,持有
2016-05-11,3082.81,11.04,0.1207,104815.54,1825.99,106641.53,0.9829,持有
2016-05-12,3090.14,11.06,0.1281,105064.76,1825.99,106890.75,0.9829,持有
2016-05-13,3074.94,11.02,0.1149,104547.96,1825.99,106373.95,0.9828,持有
2016-05-16,3095.31,11.08,0.1346,105240.54,1825.99,107066.53,0.9829,持有
2016-05-17,3086.02,11.06,0.1281,104924.68,1825.99,106750.67,0.9829,持有
2016-05-18,3068.04,11.00,0.1108,104313.36,1825.99,106139.35,0.9828,持有
2016-05-19,3062.50,10.98,0.1043,104125.00,1825.99,105950.99,0.9828,持有
2016-05-20,3078.22,11.03,0.1166,104659.48,1825.99,106485.47,0.9829,持有
2016-05-23,3087.22,11.07,0.1322,104965.48,1825.99,106791.47,0.9829,持有
2016-05-24,3063.56,11.00,0.1108,104161.04,1825.99,105987.03,0.9828,持有
2016-05-25,3059.23,10.98,0.1043,104013.82,1825.99,105839.81,0.9827,持有
2016-05-26,3064.21,11.01,0.1133,104183.14,1825.99,106009.13,0.9828,持有
2016-05-27,3062.50,11.00,0.1108,104125.00,1825.99,105950.99,0.9828,持有
2016-05-30,3066.71,11.03,0.1166,104268.14,1825.99,106094.13,0.9828,持有
2016-05-31,3169.56,11.36,0.1954,107765.04,1825.99,109591.03,0.9833,持有
2016-06-01,3160.55,11.33,0.1823,107458.70,1825.99,109284.69,0.9833,持有
2016-06-02,3167.10,11.34,0.1847,107681.40,1825.99,109507.39,0.9833,持有
2016-06-03,3189.33,11.41,0.2118,108437.22,1825.99,110263.21,0.9834,持有
2016-06-06,3178.79,11.40,0.2061,108078.86,1825.99,109904.85,0.9834,持有
2016-06-07,3177.05,11.40,0.2061,108019.70,1825.99,109845.69,0.9834,持有
2016-06-08,3163.99,11.36,0.1954,107575.66,1825.99,109401.65,0.9833,持有
2016-06-13,3066.34,11.15,0.1461,104255.56,1825.99,106081.55,0.9828,持有
2016-06-14,3075.98,11.17,0.1502,104583.32,1825.99,106409.31,0.9828,持有
2016-06-15,3116.37,11.28,0.1708,105956.58,1825.99,107782.57,0.9831,持有
2016-06-16,3094.67,11.21,0.1585,105218.78,1825.99,107044.77,0.9829,持有
2016-06-17,3110.36,11.25,0.1642,105752.24,1825.99,107578.23,0.9830,持有
2016-06-20,3112.67,11.27,0.1683,105830.78,1825.99,107656.77,0.9830,持有
2016-06-21,3106.32,11.25,0.1642,105614.88,1825.99,107440.87,0.9830,持有
2016-06-22,3133.96,11.34,0.1847,106554.64,1825.99,108380.63,0.9832,持有
2016-06-23,3117.32,11.30,0.1765,105988.88,1825.99,107814.87,0.9831,持有
2016-06-24,3077.16,11.15,0.1461,104623.44,1825.99,106449.43,0.9828,持有
2016-06-27,3120.54,11.28,0.1708,106098.36,1825.99,107924.35,0.9831,持有
2016-06-28,3136.40,11.33,0.1823,106637.60,1825.99,108463.59,0.9832,持有
2016-06-29,3151.39,11.39,0.2036,107147.26,1825.99,108973.25,0.9832,持有
2016-06-30,3153.92,11.37,0.1995,107233.28,1825.99,109059.27,0.9833,持有
2016-07-01,3154.20,11.38,0.2020,107242.80,1825.99,109068.79,0.9833,持有
2016-07-04,3204.70,11.55,0.2578,108959.80,1825.99,110785.79,0.9835,持有
2016-07-05,3207.38,11.58,0.2668,109050.92,1825.99,110876.91,0.9835,持有
2016-07-06,3216.80,11.60,0.2767,109371.20,1825.99,111197.19,0.9836,持有
2016-07-07,3209.95,11.59,0.2726,109138.30,1825.99,110964.29,0.9835,持有
2016-07-08,3192.28,11.48,0.2348,108537.52,1825.99,110363.51,0.9835,持有
2016-07-11,3203.33,11.55,0.2578,108913.22,1825.99,110739.21,0.9835,持有
2016-07-12,3273.18,11.80,0.3465,111288.12,1825.99,113114.11,0.9839,持有
2016-07-13,3282.87,11.84,0.3612,111617.58,1825.99,113443.57,0.9839,持有
2016-07-14,3276.76,11.80,0.3465,111409.84,1825.99,113235.83,0.9839,持有
2016-07-15,3276.28,11.82,0.3563,111393.52,1825.99,113219.51,0.9839,持有
2016-07-18,3262.02,11.80,0.3465,110908.68,1825.99,112734.67,0.9838,持有
2016-07-19,3248.23,11.75,0.3292,110439.82,1825.99,112265.81,0.9837,持有
2016-07-20,3237.60,11.70,0.3120,110078.40,1825.99,111904.39,0.9837,持有
2016-07-21,3252.52,11.75,0.3292,110585.68,1825.99,112411.67,0.9838,持有
2016-07-22,3225.16,11.68,0.3071,109655.44,1825.99,111481.43,0.9836,持有
2016-07-25,3230.89,11.72,0.3218,109850.26,1825.99,111676.25,0.9836,持有
2016-07-26,3269.59,11.85,0.3629,111166.06,1825.99,112992.05,0.9838,持有
2016-07-27,3218.24,11.71,0.3186,109420.16,1825.99,111246.15,0.9836,持有
2016-07-28,3221.14,11.70,0.3120,109518.76,1825.99,111344.75,0.9836,持有
2016-07-29,3203.93,11.70,0.3120,108933.62,1825.99,110759.61,0.9835,持有
2016-08-01,3176.81,11.67,0.3030,108011.54,1825.99,109837.53,0.9834,持有
2016-08-02,3189.05,11.70,0.3120,108427.70,1825.99,110253.69,0.9834,持有
2016-08-03,3193.51,11.71,0.3186,108579.34,1825.99,110405.33,0.9835,持有
2016-08-04,3201.29,11.72,0.3218,108843.86,1825.99,110669.85,0.9835,持有
2016-08-05,3205.11,11.72,0.3218,108973.74,1825.99,110799.73,0.9835,持有
2016-08-08,3234.18,11.81,0.3522,109962.12,1825.99,111788.11,0.9837,持有
2016-08-09,3256.98,11.89,0.3752,110737.32,1825.99,112563.31,0.9838,持有
2016-08-10,3243.34,11.86,0.3654,110273.56,1825.99,112099.55,0.9837,持有
2016-08-11,3233.36,11.86,0.3654,109934.24,1825.99,111760.23,0.9837,持有
2016-08-12,3294.23,12.08,0.4417,112003.82,1825.99,113829.81,0.9840,持有
2016-08-15,3393.42,12.42,0.5632,115376.28,1825.99,117202.27,0.9844,持有
2016-08-16,3378.25,12.31,0.5255,114860.50,1825.99,116686.49,0.9844,持有
2016-08-17,3373.05,12.28,0.5156,114683.70,1825.99,116509.69,0.9843,持有
2016-08-18,3364.49,12.23,0.4967,114392.66,1825.99,116218.65,0.9843,持有
2016-08-19,3365.02,12.25,0.5033,114410.68,1825.99,116236.67,0.9843,持有
2016-08-22,3336.79,12.19,0.4860,113450.86,1825.99,115276.85,0.9842,持有
2016-08-23,3341.83,12.23,0.4967,113622.22,1825.99,115448.21,0.9842,持有
2016-08-24,3329.86,12.18,0.4844,113215.24,1825.99,115041.23,0.9841,持有
2016-08-25,3308.97,12.14,0.4688,112504.98,1825.99,114330.97,0.9840,持有
2016-08-26,3307.09,12.23,0.4967,112441.06,1825.99,114267.05,0.9840,持有
2016-08-29,3307.78,12.30,0.5230,112464.52,1825.99,114290.51,0.9840,持有
2016-08-30,3311.99,12.31,0.5255,112607.66,1825.99,114433.65,0.9840,持有
2016-08-31,3327.79,12.36,0.5435,113144.86,1825.99,114970.85,0.9841,持有
2016-09-01,3301.58,12.28,0.5156,112253.72,1825.99,114079.71,0.9840,持有
2016-09-02,3314.11,12.32,0.5312,112679.74,1825.99,114505.73,0.9841,持有
2016-09-05,3319.68,12.33,0.5345,112869.12,1825.99,114695.11,0.9841,持有
2016-09-06,3342.63,12.37,0.5460,113649.42,1825.99,115475.41,0.9842,持有
2016-09-07,3340.82,12.37,0.5460,113587.88,1825.99,115413.87,0.9842,持有
2016-09-08,3339.56,12.37,0.5460,113545.04,1825.99,115371.03,0.9842,持有
2016-09-09,3318.04,12.31,0.5255,112813.36,1825.99,114639.35,0.9841,持有
2016-09-12,3262.60,12.12,0.4598,110928.40,1825.99,112754.39,0.9838,持有
2016-09-13,3260.33,12.10,0.4516,110851.22,1825.99,112677.21,0.9838,持有
2016-09-14,3238.73,12.01,0.4154,110116.82,1825.99,111942.81,0.9837,持有
2016-09-19,3263.12,12.08,0.4417,110946.08,1825.99,112772.07,0.9838,持有
2016-09-20,3257.40,12.06,0.4319,110751.60,1825.99,112577.59,0.9838,持有
2016-09-21,3266.64,12.08,0.4417,111065.76,1825.99,112891.75,0.9838,持有
2016-09-22,3291.12,12.17,0.4811,111898.08,1825.99,113724.07,0.9839,持有
2016-09-23,3275.67,12.13,0.4647,111372.78,1825.99,113198.77,0.9839,持有
2016-09-26,3220.28,11.95,0.3957,109489.52,1825.99,111315.51,0.9836,持有
2016-09-27,3240.75,12.02,0.4204,110185.50,1825.99,112011.49,0.9837,持有
2016-09-28,3230.89,11.98,0.4080,109850.26,1825.99,111676.25,0.9836,持有
2016-09-29,3244.39,12.03,0.4245,110309.26,1825.99,112135.25,0.9837,持有
2016-09-30,3253.28,12.05,0.4286,110611.52,1825.99,112437.51,0.9838,持有
2016-10-10,3293.87,12.19,0.4860,111991.58,1825.99,113817.57,0.9840,持有
2016-10-11,3306.56,12.23,0.4967,112423.04,1825.99,114249.03,0.9840,持有
2016-10-12,3300.01,12.20,0.4901,112200.34,1825.99,114026.33,0.9840,持有
2016-10-13,3302.65,12.20,0.4901,112290.10,1825.99,114116.09,0.9840,持有
2016-10-14,3305.85,12.22,0.4934,112398.90,1825.99,114224.89,0.9840,持有
2016-10-17,3277.88,12.12,0.4598,111447.92,1825.99,113273.91,0.9839,持有
2016-10-18,3321.33,12.29,0.5197,112925.22,1825.99,114751.21,0.9841,持有
2016-10-19,3316.24,12.28,0.5156,112752.16,1825.99,114578.15,0.9841,持有
2016-10-20,3318.60,12.29,0.5197,112832.40,1825.99,114658.39,0.9841,持有
2016-10-21,3327.74,12.33,0.5345,113143.16,1825.99,114969.15,0.9841,持有
2016-10-24,3367.58,12.48,0.5846,114497.72,1825.99,116323.71,0.9843,持有
2016-10-25,3367.45,12.43,0.5690,114493.30,1825.99,116319.29,0.9843,持有
2016-10-26,3354.80,12.38,0.5517,114063.20,1825.99,115889.19,0.9842,持有
2016-10-27,3345.70,12.33,0.5345,113753.80,1825.99,115579.79,0.9842,持有
2016-10-28,3340.13,12.19,0.4860,113564.42,1825.99,115390.41,0.9842,持有
2016-10-31,3336.28,12.08,0.4417,113433.52,1825.99,115259.51,0.9842,持有
2016-11-01,3359.05,12.15,0.4729,114207.70,1825.99,116033.69,0.9843,持有
2016-11-02,3333.35,12.05,0.4286,113333.90,1825.99,115159.89,0.9841,持有
2016-11-03,3365.08,12.16,0.4778,114412.72,1825.99,116238.71,0.9843,持有
2016-11-04,3354.17,12.12,0.4598,114041.78,1825.99,115867.77,0.9842,持有
2016-11-07,3356.59,12.13,0.4647,114124.06,1825.99,115950.05,0.9843,持有
2016-11-08,3371.12,12.19,0.4860,114618.08,1825.99,116444.07,0.9843,持有
2016-11-09,3353.05,12.12,0.4598,114003.70,1825.99,115829.69,0.9842,持有
2016-11-10,3390.61,12.25,0.5033,115280.74,1825.99,117106.73,0.9844,持有
2016-11-11,3417.22,12.33,0.5345,116185.48,1825.99,118011.47,0.9845,持有
2016-11-14,3430.25,12.39,0.5542,116628.50,1825.99,118454.49,0.9846,持有
2016-11-15,3429.87,12.37,0.5460,116615.58,1825.99,118441.57,0.9846,持有
2016-11-16,3429.59,12.37,0.5460,116606.06,1825.99,118432.05,0.9846,持有
2016-11-17,3436.53,12.39,0.5542,116842.02,1825.99,118668.01,0.9846,持有
2016-11-18,3417.46,12.32,0.5312,116193.64,1825.99,118019.63,0.9845,持有
2016-11-21,3441.11,12.43,0.5690,116997.74,1825.99,118823.73,0.9846,持有
2016-11-22,3468.36,12.54,0.5985,117924.24,1825.99,119750.23,0.9848,持有
2016-11-23,3474.73,12.56,0.6034,118140.82,1825.99,119966.81,0.9848,持有
2016-11-24,3488.74,12.59,0.6108,118617.16,1825.99,120443.15,0.9848,持有
2016-11-25,3521.30,12.71,0.6330,119724.20,1825.99,121550.19,0.9850,持有
2016-11-28,3535.08,12.78,0.6420,120192.72,1825.99,122018.71,0.9850,持有
2016-11-29,3564.04,12.89,0.6667,121177.36,1825.99,123003.35,0.9852,持有
2016-11-30,3538.00,12.75,0.6388,120292.00,1825.99,122117.99,0.9850,持有
2016-12-01,3565.04,12.84,0.6544,121211.36,1825.99,123037.35,0.9852,持有
2016-12-02,3528.95,12.77,0.6412,119984.30,1825.99,121810.29,0.9850,持有
2016-12-05,3469.41,12.59,0.6108,117959.94,1825.99,119785.93,0.9848,持有
2016-12-06,3459.15,12.54,0.5985,117611.10,1825.99,119437.09,0.9847,持有
2016-12-07,3475.75,12.57,0.6084,118175.50,1825.99,120001.49,0.9848,持有
2016-12-08,3470.14,12.56,0.6034,117984.76,1825.99,119810.75,0.9848,持有
2016-12-09,3493.70,12.69,0.6289,118785.80,1825.99,120611.79,0.9849,持有
2016-12-12,3409.18,12.68,0.6273,115912.12,1825.99,117738.11,0.9845,持有
2016-12-13,3405.04,12.63,0.6215,115771.36,1825.99,117597.35,0.9845,持有
2016-12-14,3378.95,12.56,0.6034,114884.30,1825.99,116710.29,0.9844,持有
2016-12-15,3340.43,12.36,0.5435,113574.62,1825.99,115400.61,0.9842,持有
2016-12-16,3346.03,12.37,0.5460,113765.02,1825.99,115591.01,0.9842,持有
2016-12-19,3328.98,12.33,0.5345,113185.32,1825.99,115011.31,0.9841,持有
2016-12-20,3309.06,12.25,0.5033,112508.04,1825.99,114334.03,0.9840,持有
2016-12-21,3338.54,12.38,0.5517,113510.36,1825.99,115336.35,0.9842,持有
2016-12-22,3335.67,12.39,0.5542,113412.78,1825.99,115238.77,0.9842,持有
2016-12-23,3307.60,12.31,0.5255,112458.40,1825.99,114284.39,0.9840,持有
2016-12-26,3322.40,12.36,0.5435,112961.60,1825.99,114787.59,0.9841,持有
2016-12-27,3316.39,12.31,0.5255,112757.26,1825.99,114583.25,0.9841,持有
2016-12-28,3301.89,12.27,0.5123,112264.26,1825.99,114090.25,0.9840,持有
2016-12-29,3297.76,12.26,0.5090,112123.84,1825.99,113949.83,0.9840,持有
2016-12-30,3310.08,12.31,0.5255,112542.72,1825.99,114368.71,0.9840,持有
2017-01-03,3342.23,12.42,0.5632,113635.82,1825.99,115461.81,0.9842,持有
2017-01-04,3368.31,12.51,0.5928,114522.54,1825.99,116348.53,0.9843,持有
2017-01-05,3367.79,12.53,0.5952,114504.86,1825.99,116330.85,0.9843,持有
2017-01-06,3347.67,12.50,0.5895,113820.78,1825.99,115646.77,0.9842,持有
2017-01-09,3363.90,12.55,0.6018,114372.60,1825.99,116198.59,0.9843,持有
2017-01-10,3358.27,12.53,0.5952,114181.18,1825.99,116007.17,0.9843,持有
2017-01-11,3334.50,12.46,0.5788,113373.00,1825.99,115198.99,0.9841,持有
2017-01-12,3317.62,12.42,0.5632,112799.08,1825.99,114625.07,0.9841,持有
2017-01-13,3319.91,12.46,0.5788,112876.94,1825.99,114702.93,0.9841,持有
2017-01-16,3319.45,12.51,0.5928,112861.30,1825.99,114687.29,0.9841,持有
2017-01-17,3326.36,12.52,0.5944,113096.24,1825.99,114922.23,0.9841,持有
2017-01-18,3339.37,12.56,0.6034,113538.58,1825.99,115364.57,0.9842,持有
2017-01-19,3329.29,12.53,0.5952,113195.86,1825.99,115021.85,0.9841,持有
2017-01-20,3354.89,12.60,0.6133,114066.26,1825.99,115892.25,0.9842,持有
2017-01-23,3364.08,12.62,0.6190,114378.72,1825.99,116204.71,0.9843,持有
2017-01-24,3364.45,12.66,0.6248,114391.30,1825.99,116217.29,0.9843,持有
2017-01-25,3375.90,12.71,0.6330,114780.60,1825.99,116606.59,0.9843,持有
2017-01-26,3387.96,12.78,0.6420,115190.64,1825.99,117016.63,0.9844,持有
2017-02-03,3364.49,12.69,0.6289,114392.66,1825.99,116218.65,0.9843,持有
2017-02-06,3373.21,12.72,0.6346,114689.14,1825.99,116515.13,0.9843,持有
2017-02-07,3365.68,12.69,0.6289,114433.12,1825.99,116259.11,0.9843,持有
2017-02-08,3383.29,12.74,0.6363,115031.86,1825.99,116857.85,0.9844,持有
2017-02-09,3396.29,12.79,0.6437,115473.86,1825.99,117299.85,0.9844,持有
2017-02-10,3413.49,12.85,0.6568,116058.66,1825.99,117884.65,0.9845,持有
2017-02-13,3436.27,12.93,0.6831,116833.18,1825.99,118659.17,0.9846,持有
2017-02-14,3435.80,12.93,0.6831,116817.20,1825.99,118643.19,0.9846,持有
2017-02-15,3421.71,12.93,0.6831,116338.14,1825.99,118164.13,0.9845,持有
2017-02-16,3440.93,12.96,0.6921,116991.62,1825.99,118817.61,0.9846,持有
2017-02-17,3421.44,12.87,0.6617,116328.96,1825.99,118154.95,0.9845,持有
2017-02-20,3471.39,13.04,0.7094,118027.26,1825.99,119853.25,0.9848,卖出(降至70%)
2017-02-21,3482.82,13.08,0.7192,87070.50,33099.97,120170.47,0.7246,持有
2017-02-22,3489.76,13.11,0.7217,87244.00,33099.97,120343.97,0.7250,持有
2017-02-23,3473.32,13.05,0.7126,86833.00,33099.97,119932.97,0.7240,持有
2017-02-24,3473.85,13.04,0.7094,86846.25,33099.97,119946.22,0.7240,持有
2017-02-27,3446.22,12.95,0.6905,86155.50,33099.97,119255.47,0.7224,持有
2017-02-28,3452.81,12.97,0.6954,86320.25,33099.97,119420.22,0.7228,持有
2017-03-01,3458.44,12.99,0.6995,86461.00,33099.97,119560.97,0.7232,持有
2017-03-02,3435.10,12.91,0.6749,85877.50,33099.97,118977.47,0.7218,持有
2017-03-03,3427.86,12.86,0.6601,85696.50,33099.97,118796.47,0.7214,持有
2017-03-06,3446.48,12.90,0.6724,86162.00,33099.97,119261.97,0.7225,持有
2017-03-07,3453.96,12.93,0.6831,86349.00,33099.97,119448.97,0.7229,持有
2017-03-08,3448.73,12.92,0.6814,86218.25,33099.97,119318.22,0.7226,持有
2017-03-09,3426.94,12.84,0.6544,85673.50,33099.97,118773.47,0.7213,持有
2017-03-10,3427.89,12.82,0.6494,85697.25,33099.97,118797.22,0.7214,持有
2017-03-13,3458.10,12.93,0.6831,86452.50,33099.97,119552.47,0.7231,持有
2017-03-14,3456.69,12.94,0.6880,86417.25,33099.97,119517.22,0.7231,持有
2017-03-15,3463.64,12.96,0.6921,86591.00,33099.97,119690.97,0.7235,持有
2017-03-16,3481.51,13.01,0.7036,87037.75,33099.97,120137.72,0.7245,持有
2017-03-17,3445.81,12.89,0.6667,86145.25,33099.97,119245.22,0.7224,持有
2017-03-20,3449.61,12.89,0.6667,86240.25,33099.97,119340.22,0.7226,持有
2017-03-21,3466.35,12.95,0.6905,86658.75,33099.97,119758.72,0.7236,持有
2017-03-22,3450.05,12.86,0.6601,86251.25,33099.97,119351.22,0.7227,持有
2017-03-23,3461.98,12.89,0.6667,86549.50,33099.97,119649.47,0.7234,持有
2017-03-24,3489.60,12.96,0.6921,87240.00,33099.97,120339.97,0.7249,持有
2017-03-27,3478.04,12.88,0.6650,86951.00,33099.97,120050.97,0.7243,持有
2017-03-28,3469.81,12.83,0.6527,86745.25,33099.97,119845.22,0.7238,持有
2017-03-29,3465.19,12.82,0.6494,86629.75,33099.97,119729.72,0.7235,持有
2017-03-30,3436.76,12.74,0.6363,85919.00,33099.97,119018.97,0.7219,持有
2017-03-31,3456.05,12.85,0.6568,86401.25,33099.97,119501.22,0.7230,持有
2017-04-05,3503.89,13.05,0.7126,87597.25,33099.97,120697.22,0.7258,持有
2017-04-06,3514.05,13.07,0.7176,87851.25,33099.97,120951.22,0.7263,持有
2017-04-07,3517.46,13.10,0.7200,87936.50,33099.97,121036.47,0.7265,持有
2017-04-10,3505.14,13.07,0.7176,87628.50,33099.97,120728.47,0.7258,持有
2017-04-11,3517.33,13.17,0.7299,87933.25,33099.97,121033.22,0.7265,持有
2017-04-12,3509.44,13.18,0.7315,87736.00,33099.97,120835.97,0.7261,持有
2017-04-13,3514.57,13.19,0.7323,87864.25,33099.97,120964.22,0.7264,持有
2017-04-14,3486.50,13.10,0.7200,87162.50,33099.97,120262.47,0.7248,持有
2017-04-17,3479.94,13.06,0.7159,86998.50,33099.97,120098.47,0.7244,持有
2017-04-18,3462.74,12.98,0.6970,86568.50,33099.97,119668.47,0.7234,持有
2017-04-19,3445.88,12.89,0.6667,86147.00,33099.97,119246.97,0.7224,持有
2017-04-20,3461.55,12.92,0.6814,86538.75,33099.97,119638.72,0.7233,持有
2017-04-21,3466.79,13.03,0.7069,86669.75,33099.97,119769.72,0.7236,持有
2017-04-24,3431.26,12.94,0.6880,85781.50,33099.97,118881.47,0.7216,持有
2017-04-25,3440.97,12.91,0.6749,86024.25,33099.97,119124.22,0.7221,持有
2017-04-26,3445.18,12.99,0.6995,86129.50,33099.97,119229.47,0.7224,持有
2017-04-27,3446.72,12.97,0.6954,86168.00,33099.97,119267.97,0.7225,持有
2017-04-28,3439.75,12.69,0.6289,85993.75,33099.97,119093.72,0.7221,持有
2017-05-02,3426.58,12.47,0.5813,85664.50,33099.97,118764.47,0.7213,持有
2017-05-03,3413.13,12.42,0.5632,85328.25,33099.97,118428.22,0.7205,持有
2017-05-04,3404.39,12.40,0.5591,85109.75,33099.97,118209.72,0.7200,持有
2017-05-05,3382.55,12.35,0.5411,84563.75,33099.97,117663.72,0.7187,持有
2017-05-08,3358.81,12.31,0.5255,83970.25,33099.97,117070.22,0.7173,持有
2017-05-09,3352.53,12.28,0.5156,83813.25,33099.97,116913.22,0.7169,持有
2017-05-10,3337.70,12.25,0.5033,83442.50,33099.97,116542.47,0.7160,持有
2017-05-11,3356.65,12.34,0.5394,83916.25,33099.97,117016.22,0.7171,持有
2017-05-12,3385.38,12.47,0.5813,84634.50,33099.97,117734.47,0.7189,持有
2017-05-15,3399.19,12.50,0.5895,84979.75,33099.97,118079.72,0.7197,持有
2017-05-16,3428.65,12.54,0.5985,85716.25,33099.97,118816.22,0.7214,持有
2017-05-17,3409.97,12.54,0.5985,85249.25,33099.97,118349.22,0.7203,持有
2017-05-18,3398.11,12.44,0.5739,84952.75,33099.97,118052.72,0.7196,持有
2017-05-19,3403.85,12.44,0.5739,85096.25,33099.97,118196.22,0.7200,持有
2017-05-22,3411.24,12.49,0.5870,85281.00,33099.97,118380.97,0.7204,持有
2017-05-23,3424.19,12.59,0.6108,85604.75,33099.97,118704.72,0.7212,持有
2017-05-24,3424.17,12.58,0.6100,85604.25,33099.97,118704.22,0.7212,持有
2017-05-25,3485.66,12.79,0.6437,87141.50,33099.97,120241.47,0.7247,持有
2017-05-26,3480.43,12.80,0.6470,87010.75,33099.97,120110.72,0.7244,持有
2017-05-31,3492.88,12.85,0.6568,87322.00,33099.97,120421.97,0.7251,持有
2017-06-01,3497.74,12.91,0.6749,87443.50,33099.97,120543.47,0.7254,持有
2017-06-02,3486.51,12.85,0.6568,87162.75,33099.97,120262.72,0.7248,持有
2017-06-05,3468.75,12.73,0.6355,86718.75,33099.97,119818.72,0.7237,持有
2017-06-06,3492.88,12.79,0.6437,87322.00,33099.97,120421.97,0.7251,持有
2017-06-07,3533.87,12.91,0.6749,88346.75,33099.97,121446.72,0.7275,持有
2017-06-08,3560.98,12.98,0.6970,89024.50,33099.97,122124.47,0.7290,持有
2017-06-09,3576.17,13.03,0.7069,89404.25,33099.97,122504.22,0.7298,持有
2017-06-12,3574.39,13.19,0.7323,89359.75,33099.97,122459.72,0.7297,持有
2017-06-13,3582.27,13.20,0.7365,89556.75,33099.97,122656.72,0.7301,持有
2017-06-14,3535.30,13.06,0.7159,88382.50,33099.97,121482.47,0.7275,持有
2017-06-15,3528.79,13.01,0.7036,88219.75,33099.97,121319.72,0.7272,持有
2017-06-16,3518.76,12.96,0.6921,87969.00,33099.97,121068.97,0.7266,持有
2017-06-19,3553.67,13.05,0.7126,88841.75,33099.97,121941.72,0.7286,持有
2017-06-20,3546.49,13.04,0.7094,88662.25,33099.97,121762.22,0.7282,持有
2017-06-21,3587.96,13.15,0.7274,89699.00,33099.97,122798.97,0.7305,持有
2017-06-22,3590.34,13.19,0.7323,89758.50,33099.97,122858.47,0.7306,持有
2017-06-23,3622.88,13.28,0.7414,90572.00,33099.97,123671.97,0.7324,持有
2017-06-26,3668.09,13.38,0.7488,91702.25,33099.97,124802.22,0.7348,持有
2017-06-27,3674.72,13.40,0.7562,91868.00,33099.97,124967.97,0.7351,持有
2017-06-28,3646.17,13.32,0.7447,91154.25,33099.97,124254.22,0.7336,持有
2017-06-29,3668.83,13.40,0.7562,91720.75,33099.97,124820.72,0.7348,持有
2017-06-30,3666.80,13.39,0.7512,91670.00,33099.97,124769.97,0.7347,持有
2017-07-03,3650.85,13.35,0.7463,91271.25,33099.97,124371.22,0.7339,持有
2017-07-04,3619.98,13.28,0.7414,90499.50,33099.97,123599.47,0.7322,持有
2017-07-05,3659.68,13.38,0.7488,91492.00,33099.97,124591.97,0.7343,持有
2017-07-06,3660.10,13.40,0.7562,91502.50,33099.97,124602.47,0.7344,持有
2017-07-07,3655.93,13.39,0.7512,91398.25,33099.97,124498.22,0.7341,持有
2017-07-10,3653.69,13.39,0.7512,91342.25,33099.97,124442.22,0.7340,持有
2017-07-11,3670.81,13.44,0.7594,91770.25,33099.97,124870.22,0.7349,持有
2017-07-12,3658.82,13.41,0.7586,91470.50,33099.97,124570.47,0.7343,持有
2017-07-13,3686.92,13.52,0.7635,92173.00,33099.97,125272.97,0.7358,持有
2017-07-14,3703.09,13.56,0.7660,92577.25,33099.97,125677.22,0.7366,持有
2017-07-17,3663.56,13.55,0.7652,91589.00,33099.97,124688.97,0.7345,持有
2017-07-18,3667.18,13.54,0.7644,91679.50,33099.97,124779.47,0.7347,持有
2017-07-19,3729.75,13.70,0.7767,93243.75,33099.97,126343.72,0.7380,持有
2017-07-20,3747.88,13.76,0.7890,93697.00,33099.97,126796.97,0.7390,持有
2017-07-21,3728.60,13.70,0.7767,93215.00,33099.97,126314.97,0.7380,持有
2017-07-24,3743.47,13.74,0.7849,93586.75,33099.97,126686.72,0.7387,持有
2017-07-25,3719.56,13.72,0.7800,92989.00,33099.97,126088.97,0.7375,持有
2017-07-26,3705.39,13.74,0.7849,92634.75,33099.97,125734.72,0.7367,持有
2017-07-27,3712.19,13.73,0.7824,92804.75,33099.97,125904.72,0.7371,持有
2017-07-28,3721.89,13.75,0.7874,93047.25,33099.97,126147.22,0.7376,持有
2017-07-31,3737.87,13.78,0.7972,93446.75,33099.97,126546.72,0.7384,持有
2017-08-01,3770.38,13.90,0.8407,94259.50,33099.97,127359.47,0.7401,卖出(降至30%)
2017-08-02,3760.85,13.89,0.8383,41369.35,85851.99,127221.34,0.3252,持有
2017-08-03,3727.83,13.78,0.7972,41006.13,85851.99,126858.12,0.3232,持有
2017-08-04,3707.58,13.73,0.7824,40783.38,85851.99,126635.37,0.3221,持有
2017-08-07,3726.79,13.77,0.7947,40994.69,85851.99,126846.68,0.3232,持有
2017-08-08,3732.21,13.79,0.8013,41054.31,85851.99,126906.30,0.3235,持有
2017-08-09,3731.04,13.72,0.7800,41041.44,85851.99,126893.43,0.3234,持有
2017-08-10,3715.92,13.68,0.7742,40875.12,85851.99,126727.11,0.3225,持有
2017-08-11,3647.35,13.48,0.7619,40120.85,85851.99,125972.84,0.3185,持有
2017-08-14,3694.68,13.59,0.7685,40641.48,85851.99,126493.47,0.3213,持有
2017-08-15,3706.06,13.67,0.7718,40766.66,85851.99,126618.65,0.3220,持有
2017-08-16,3701.42,13.65,0.7709,40715.62,85851.99,126567.61,0.3217,持有
2017-08-17,3721.28,13.71,0.7791,40934.08,85851.99,126786.07,0.3229,持有
2017-08-18,3724.67,13.70,0.7767,40971.37,85851.99,126823.36,0.3231,持有
2017-08-21,3740.99,13.76,0.7890,41150.89,85851.99,127002.88,0.3240,持有
2017-08-22,3752.30,13.79,0.8013,41275.30,85851.99,127127.29,0.3247,持有
2017-08-23,3756.09,13.84,0.8186,41316.99,85851.99,127168.98,0.3249,持有
2017-08-24,3734.65,13.80,0.8046,41081.15,85851.99,126933.14,0.3236,持有
2017-08-25,3795.75,14.09,0.8892,41753.25,85851.99,127605.24,0.3272,持有
2017-08-28,3842.71,14.18,0.9122,42269.81,85851.99,128121.80,0.3299,卖出(降至0%)
2017-08-29,3834.54,14.15,0.9023,0.00,128080.86,128080.86,0.0000,持有
2017-08-30,3834.30,14.07,0.8867,0.00,128080.86,128080.86,0.0000,持有
2017-08-31,3822.09,13.88,0.8358,0.00,128080.86,128080.86,0.0000,持有
2017-09-01,3830.54,13.80,0.8046,0.00,128080.86,128080.86,0.0000,持有
2017-09-04,3845.62,13.87,0.8317,0.00,128080.86,128080.86,0.0000,持有
2017-09-05,3857.05,13.94,0.8522,0.00,128080.86,128080.86,0.0000,持有
2017-09-06,3849.45,13.91,0.8424,0.00,128080.86,128080.86,0.0000,持有
2017-09-07,3829.87,13.84,0.8186,0.00,128080.86,128080.86,0.0000,持有
2017-09-08,3825.99,13.82,0.8120,0.00,128080.86,128080.86,0.0000,持有
2017-09-11,3825.65,13.82,0.8120,0.00,128080.86,128080.86,0.0000,持有
2017-09-12,3837.93,13.86,0.8284,0.00,128080.86,128080.86,0.0000,持有
2017-09-13,3842.61,13.86,0.8284,0.00,128080.86,128080.86,0.0000,持有
2017-09-14,3829.96,13.80,0.8046,0.00,128080.86,128080.86,0.0000,持有
2017-09-15,3831.30,13.76,0.7890,0.00,128080.86,128080.86,0.0000,持有
2017-09-18,3843.14,13.78,0.7972,0.00,128080.86,128080.86,0.0000,持有
2017-09-19,3832.12,13.77,0.7947,0.00,128080.86,128080.86,0.0000,持有
2017-09-20,3842.44,13.79,0.8013,0.00,128080.86,128080.86,0.0000,持有
2017-09-21,3837.82,13.83,0.8153,0.00,128080.86,128080.86,0.0000,持有
2017-09-22,3837.73,13.84,0.8186,0.00,128080.86,128080.86,0.0000,持有
2017-09-25,3817.79,13.84,0.8186,0.00,128080.86,128080.86,0.0000,持有
2017-09-26,3820.78,13.84,0.8186,0.00,128080.86,128080.86,0.0000,持有
2017-09-27,3821.20,13.81,0.8087,0.00,128080.86,128080.86,0.0000,持有
2017-09-28,3822.54,13.81,0.8087,0.00,128080.86,128080.86,0.0000,持有
2017-09-29,3836.50,13.83,0.8153,0.00,128080.86,128080.86,0.0000,持有
2017-10-09,3882.21,13.95,0.8571,0.00,128080.86,128080.86,0.0000,持有
2017-10-10,3889.86,13.98,0.8637,0.00,128080.86,128080.86,0.0000,持有
2017-10-11,3902.69,14.03,0.8736,0.00,128080.86,128080.86,0.0000,持有
2017-10-12,3912.95,14.04,0.8777,0.00,128080.86,128080.86,0.0000,持有
2017-10-13,3921.00,14.04,0.8777,0.00,128080.86,128080.86,0.0000,持有
2017-10-16,3913.45,14.05,0.8810,0.00,128080.86,128080.86,0.0000,持有
2017-10-17,3913.07,14.03,0.8736,0.00,128080.86,128080.86,0.0000,持有
2017-10-18,3944.16,14.16,0.9080,0.00,128080.86,128080.86,0.0000,持有
2017-10-19,3931.25,14.15,0.9023,0.00,128080.86,128080.86,0.0000,持有
2017-10-20,3926.85,14.12,0.8957,0.00,128080.86,128080.86,0.0000,持有
2017-10-23,3930.80,14.10,0.8916,0.00,128080.86,128080.86,0.0000,持有
2017-10-24,3959.40,14.19,0.9146,0.00,128080.86,128080.86,0.0000,持有
2017-10-25,3976.95,14.19,0.9146,0.00,128080.86,128080.86,0.0000,持有
2017-10-26,3993.58,14.16,0.9080,0.00,128080.86,128080.86,0.0000,持有
2017-10-27,4021.97,14.16,0.9080,0.00,128080.86,128080.86,0.0000,持有
2017-10-30,4009.72,13.99,0.8654,0.00,128080.86,128080.86,0.0000,持有
2017-10-31,4006.72,13.84,0.8186,0.00,128080.86,128080.86,0.0000,持有
2017-11-01,3996.62,13.84,0.8186,0.00,128080.86,128080.86,0.0000,持有
2017-11-02,3997.13,13.87,0.8317,0.00,128080.86,128080.86,0.0000,持有
2017-11-03,3992.70,13.84,0.8186,0.00,128080.86,128080.86,0.0000,持有
2017-11-06,4020.89,13.88,0.8358,0.00,128080.86,128080.86,0.0000,持有
2017-11-07,4054.25,14.00,0.8670,0.00,128080.86,128080.86,0.0000,持有
2017-11-08,4048.01,13.98,0.8637,0.00,128080.86,128080.86,0.0000,持有
2017-11-09,4075.90,14.02,0.8719,0.00,128080.86,128080.86,0.0000,持有
2017-11-10,4111.91,14.05,0.8810,0.00,128080.86,128080.86,0.0000,持有
2017-11-13,4128.07,14.12,0.8957,0.00,128080.86,128080.86,0.0000,持有
2017-11-14,4099.35,14.04,0.8777,0.00,128080.86,128080.86,0.0000,持有
2017-11-15,4073.67,13.94,0.8522,0.00,128080.86,128080.86,0.0000,持有
2017-11-16,4105.01,13.97,0.8604,0.00,128080.86,128080.86,0.0000,持有
2017-11-17,4120.85,14.09,0.8892,0.00,128080.86,128080.86,0.0000,持有
2017-11-20,4143.83,14.18,0.9122,0.00,128080.86,128080.86,0.0000,持有
2017-11-21,4217.70,14.34,0.9319,0.00,128080.86,128080.86,0.0000,持有
2017-11-22,4227.57,14.46,0.9475,0.00,128080.86,128080.86,0.0000,持有
2017-11-23,4102.40,14.10,0.8916,0.00,128080.86,128080.86,0.0000,持有
2017-11-24,4104.20,14.10,0.8916,0.00,128080.86,128080.86,0.0000,持有
2017-11-27,4049.95,13.94,0.8522,0.00,128080.86,128080.86,0.0000,持有
2017-11-28,4055.82,13.92,0.8432,0.00,128080.86,128080.86,0.0000,持有
2017-11-29,4053.75,13.92,0.8432,0.00,128080.86,128080.86,0.0000,持有
2017-11-30,4006.10,13.81,0.8087,0.00,128080.86,128080.86,0.0000,持有
2017-12-01,3998.14,13.77,0.7947,0.00,128080.86,128080.86,0.0000,持有
2017-12-04,4018.86,13.80,0.8046,0.00,128080.86,128080.86,0.0000,持有
2017-12-05,4040.17,13.92,0.8432,0.00,128080.86,128080.86,0.0000,持有
2017-12-06,4015.82,13.83,0.8153,0.00,128080.86,128080.86,0.0000,持有
2017-12-07,3971.06,13.69,0.7750,0.00,128080.86,128080.86,0.0000,持有
2017-12-08,4003.38,13.74,0.7849,0.00,128080.86,128080.86,0.0000,持有
2017-12-11,4069.50,14.01,0.8711,0.00,128080.86,128080.86,0.0000,持有
2017-12-12,4016.02,13.83,0.8153,0.00,128080.86,128080.86,0.0000,持有
2017-12-13,4050.09,13.93,0.8489,0.00,128080.86,128080.86,0.0000,持有
2017-12-14,4026.15,13.85,0.8276,0.00,128080.86,128080.86,0.0000,持有
2017-12-15,3980.86,13.72,0.7800,0.00,128080.86,128080.86,0.0000,持有
2017-12-18,3985.29,13.76,0.7890,0.00,128080.86,128080.86,0.0000,持有
2017-12-19,4035.33,13.93,0.8489,0.00,128080.86,128080.86,0.0000,持有
2017-12-20,4030.49,13.93,0.8489,0.00,128080.86,128080.86,0.0000,持有
2017-12-21,4067.85,14.00,0.8670,0.00,128080.86,128080.86,0.0000,持有
2017-12-22,4054.60,13.97,0.8604,0.00,128080.86,128080.86,0.0000,持有
2017-12-25,4041.54,13.96,0.8580,0.00,128080.86,128080.86,0.0000,持有
2017-12-26,4053.62,14.05,0.8810,0.00,128080.86,128080.86,0.0000,持有
2017-12-27,3991.21,13.88,0.8358,0.00,128080.86,128080.86,0.0000,持有
2017-12-28,4018.90,13.99,0.8654,0.00,128080.86,128080.86,0.0000,持有
2017-12-29,4030.85,14.05,0.8810,0.00,128080.86,128080.86,0.0000,持有
2018-01-02,4087.40,14.25,0.9220,0.00,128080.86,128080.86,0.0000,持有
2018-01-03,4111.39,14.32,0.9294,0.00,128080.86,128080.86,0.0000,持有
2018-01-04,4128.81,14.37,0.9327,0.00,128080.86,128080.86,0.0000,持有
2018-01-05,4138.75,14.41,0.9368,0.00,128080.86,128080.86,0.0000,持有
2018-01-08,4160.16,14.47,0.9499,0.00,128080.86,128080.86,0.0000,持有
2018-01-09,4189.30,14.52,0.9540,0.00,128080.86,128080.86,0.0000,持有
2018-01-10,4207.81,14.63,0.9631,0.00,128080.86,128080.86,0.0000,持有
2018-01-11,4205.59,14.65,0.9647,0.00,128080.86,128080.86,0.0000,持有
2018-01-12,4225.00,14.70,0.9663,0.00,128080.86,128080.86,0.0000,持有
2018-01-15,4225.24,14.72,0.9680,0.00,128080.86,128080.86,0.0000,持有
2018-01-16,4258.47,14.80,0.9713,0.00,128080.86,128080.86,0.0000,持有
2018-01-17,4248.12,14.84,0.9729,0.00,128080.86,128080.86,0.0000,持有
2018-01-18,4271.42,15.03,0.9803,0.00,128080.86,128080.86,0.0000,持有
2018-01-19,4285.40,15.12,0.9828,0.00,128080.86,128080.86,0.0000,持有
2018-01-22,4336.60,15.21,0.9885,0.00,128080.86,128080.86,0.0000,持有
2018-01-23,4382.61,15.52,0.9975,0.00,128080.86,128080.86,0.0000,持有
2018-01-24,4389.89,15.53,0.9984,0.00,128080.86,128080.86,0.0000,持有
2018-01-25,4365.08,15.44,0.9959,0.00,128080.86,128080.86,0.0000,持有
2018-01-26,4381.30,15.51,0.9967,0.00,128080.86,128080.86,0.0000,持有
2018-01-29,4302.02,15.31,0.9934,0.00,128080.86,128080.86,0.0000,持有
2018-01-30,4256.10,15.10,0.9819,0.00,128080.86,128080.86,0.0000,持有
2018-01-31,4275.90,15.19,0.9860,0.00,128080.86,128080.86,0.0000,持有
2018-02-01,4245.90,15.19,0.9860,0.00,128080.86,128080.86,0.0000,持有
2018-02-02,4271.23,15.30,0.9926,0.00,128080.86,128080.86,0.0000,持有
2018-02-05,4274.15,15.43,0.9951,0.00,128080.86,128080.86,0.0000,持有
2018-02-06,4148.89,14.99,0.9762,0.00,128080.86,128080.86,0.0000,持有
2018-02-07,4050.50,14.56,0.9589,0.00,128080.86,128080.86,0.0000,持有
2018-02-08,4012.05,14.27,0.9236,0.00,128080.86,128080.86,0.0000,持有
2018-02-09,3840.65,13.69,0.7750,0.00,128080.86,128080.86,0.0000,持有
2018-02-12,3890.10,13.76,0.7890,0.00,128080.86,128080.86,0.0000,持有
2018-02-13,3935.63,13.93,0.8489,0.00,128080.86,128080.86,0.0000,持有
2018-02-14,3966.96,14.00,0.8670,0.00,128080.86,128080.86,0.0000,持有
2018-02-22,4052.73,14.33,0.9302,0.00,128080.86,128080.86,0.0000,持有
2018-02-23,4071.09,14.41,0.9368,0.00,128080.86,128080.86,0.0000,持有
2018-02-26,4118.42,14.54,0.9573,0.00,128080.86,128080.86,0.0000,持有
2018-02-27,4058.98,14.30,0.9261,0.00,128080.86,128080.86,0.0000,持有
2018-02-28,4023.64,14.12,0.8957,0.00,128080.86,128080.86,0.0000,持有
2018-03-01,4049.09,14.18,0.9122,0.00,128080.86,128080.86,0.0000,持有
2018-03-02,4016.46,14.08,0.8875,0.00,128080.86,128080.86,0.0000,持有
2018-03-05,4018.10,14.08,0.8875,0.00,128080.86,128080.86,0.0000,持有
2018-03-06,4066.56,14.21,0.9171,0.00,128080.86,128080.86,0.0000,持有
2018-03-07,4036.65,14.15,0.9023,0.00,128080.86,128080.86,0.0000,持有
2018-03-08,4077.60,14.23,0.9195,0.00,128080.86,128080.86,0.0000,持有
2018-03-09,4108.87,14.30,0.9261,0.00,128080.86,128080.86,0.0000,持有
2018-03-12,4127.67,14.33,0.9302,0.00,128080.86,128080.86,0.0000,持有
2018-03-13,4091.25,14.23,0.9195,0.00,128080.86,128080.86,0.0000,持有
2018-03-14,4073.34,14.17,0.9113,0.00,128080.86,128080.86,0.0000,持有
2018-03-15,4096.16,14.21,0.9171,0.00,128080.86,128080.86,0.0000,持有
2018-03-16,4056.42,14.09,0.8892,0.00,128080.86,128080.86,0.0000,持有
2018-03-19,4074.25,14.15,0.9023,0.00,128080.86,128080.86,0.0000,持有
2018-03-20,4077.70,14.21,0.9171,0.00,128080.86,128080.86,0.0000,持有
2018-03-21,4061.05,14.05,0.8810,0.00,128080.86,128080.86,0.0000,持有
2018-03-22,4020.35,13.94,0.8522,0.00,128080.86,128080.86,0.0000,持有
2018-03-23,3904.94,13.57,0.7668,0.00,128080.86,128080.86,0.0000,持有
2018-03-26,3879.89,13.39,0.7512,0.00,128080.86,128080.86,0.0000,持有
2018-03-27,3913.27,13.44,0.7594,0.00,128080.86,128080.86,0.0000,持有
2018-03-28,3842.72,13.20,0.7365,0.00,128080.86,128080.86,0.0000,持有
2018-03-29,3894.05,13.39,0.7512,0.00,128080.86,128080.86,0.0000,持有
2018-03-30,3898.50,13.37,0.7479,0.00,128080.86,128080.86,0.0000,持有
2018-04-02,3886.92,13.29,0.7430,0.00,128080.86,128080.86,0.0000,持有
2018-04-03,3862.48,13.19,0.7323,0.00,128080.86,128080.86,0.0000,持有
2018-04-04,3854.86,13.15,0.7274,0.00,128080.86,128080.86,0.0000,持有
2018-04-09,3852.93,13.16,0.7291,0.00,128080.86,128080.86,0.0000,持有
2018-04-10,3927.17,13.44,0.7594,0.00,128080.86,128080.86,0.0000,持有
2018-04-11,3938.34,13.51,0.7627,0.00,128080.86,128080.86,0.0000,持有
2018-04-12,3898.64,13.35,0.7463,0.00,128080.86,128080.86,0.0000,持有
2018-04-13,3871.14,13.24,0.7406,0.00,128080.86,128080.86,0.0000,持有
2018-04-16,3808.86,12.99,0.6995,0.00,128080.86,128080.86,0.0000,持有
2018-04-17,3748.64,12.82,0.6494,0.00,128080.86,128080.86,0.0000,持有
2018-04-18,3766.28,12.91,0.6749,0.00,128080.86,128080.86,0.0000,持有
2018-04-19,3811.84,13.03,0.7069,0.00,128080.86,128080.86,0.0000,持有
2018-04-20,3760.85,12.87,0.6617,0.00,128080.86,128080.86,0.0000,持有
2018-04-23,3766.33,12.89,0.6667,0.00,128080.86,128080.86,0.0000,持有
2018-04-24,3843.49,13.12,0.7225,0.00,128080.86,128080.86,0.0000,持有
2018-04-25,3828.70,13.02,0.7053,0.00,128080.86,128080.86,0.0000,持有
2018-04-26,3755.49,12.80,0.6470,0.00,128080.86,128080.86,0.0000,持有
2018-04-27,3756.88,12.74,0.6363,0.00,128080.86,128080.86,0.0000,持有
2018-05-02,3763.65,12.56,0.6034,0.00,128080.86,128080.86,0.0000,持有
2018-05-03,3793.00,12.63,0.6215,0.00,128080.86,128080.86,0.0000,持有
2018-05-04,3774.60,12.57,0.6084,0.00,128080.86,128080.86,0.0000,持有
2018-05-07,3834.19,12.75,0.6388,0.00,128080.86,128080.86,0.0000,持有
2018-05-08,3878.68,12.88,0.6650,0.00,128080.86,128080.86,0.0000,持有
2018-05-09,3871.62,12.87,0.6617,0.00,128080.86,128080.86,0.0000,持有
2018-05-10,3893.06,12.93,0.6831,0.00,128080.86,128080.86,0.0000,持有
2018-05-11,3872.84,12.91,0.6749,0.00,128080.86,128080.86,0.0000,持有
2018-05-14,3909.29,13.00,0.7028,0.00,128080.86,128080.86,0.0000,持有
2018-05-15,3924.10,13.04,0.7094,0.00,128080.86,128080.86,0.0000,持有
2018-05-16,3892.84,12.91,0.6749,0.00,128080.86,128080.86,0.0000,持有
2018-05-17,3864.05,12.84,0.6544,0.00,128080.86,128080.86,0.0000,持有
2018-05-18,3903.06,13.02,0.7053,0.00,128080.86,128080.86,0.0000,持有
2018-05-21,3921.24,13.05,0.7126,0.00,128080.86,128080.86,0.0000,持有
2018-05-22,3906.21,12.99,0.6995,0.00,128080.86,128080.86,0.0000,持有
2018-05-23,3854.58,12.79,0.6437,0.00,128080.86,128080.86,0.0000,持有
2018-05-24,3827.22,12.70,0.6322,0.00,128080.86,128080.86,0.0000,持有
2018-05-25,3816.50,12.66,0.6248,0.00,128080.86,128080.86,0.0000,持有
2018-05-28,3833.26,12.68,0.6273,0.00,128080.86,128080.86,0.0000,持有
2018-05-29,3804.01,12.60,0.6133,0.00,128080.86,128080.86,0.0000,持有
2018-05-30,3723.37,12.33,0.5345,0.00,128080.86,128080.86,0.0000,持有
2018-05-31,3802.38,12.55,0.6018,0.00,128080.86,128080.86,0.0000,持有
2018-06-01,3770.59,12.47,0.5813,0.00,128080.86,128080.86,0.0000,持有
2018-06-04,3807.58,12.56,0.6034,0.00,128080.86,128080.86,0.0000,持有
2018-06-05,3845.32,12.63,0.6215,0.00,128080.86,128080.86,0.0000,持有
2018-06-06,3837.35,12.60,0.6133,0.00,128080.86,128080.86,0.0000,持有
2018-06-07,3831.01,12.61,0.6174,0.00,128080.86,128080.86,0.0000,持有
2018-06-08,3779.62,12.43,0.5690,0.00,128080.86,128080.86,0.0000,持有
2018-06-11,3779.98,12.62,0.6190,0.00,128080.86,128080.86,0.0000,持有
2018-06-12,3825.95,12.75,0.6388,0.00,128080.86,128080.86,0.0000,持有
2018-06-13,3788.34,12.64,0.6240,0.00,128080.86,128080.86,0.0000,持有
2018-06-14,3773.37,12.62,0.6190,0.00,128080.86,128080.86,0.0000,持有
2018-06-15,3753.43,12.60,0.6133,0.00,128080.86,128080.86,0.0000,持有
2018-06-19,3621.12,12.26,0.5090,0.00,128080.86,128080.86,0.0000,持有
2018-06-20,3635.44,12.25,0.5033,0.00,128080.86,128080.86,0.0000,持有
2018-06-21,3592.97,12.12,0.4598,0.00,128080.86,128080.86,0.0000,持有
2018-06-22,3608.90,12.15,0.4729,0.00,128080.86,128080.86,0.0000,持有
2018-06-25,3560.48,11.98,0.4080,0.00,128080.86,128080.86,0.0000,持有
2018-06-26,3531.11,11.86,0.3654,0.00,128080.86,128080.86,0.0000,持有
2018-06-27,3459.26,11.67,0.3030,0.00,128080.86,128080.86,0.0000,持有
2018-06-28,3423.53,11.56,0.2619,0.00,128080.86,128080.86,0.0000,买入(补至30%)
2018-06-29,3510.98,11.81,0.3522,38620.78,90327.41,128948.19,0.2995,持有
2018-07-02,3407.96,11.45,0.2217,37487.56,90327.41,127814.97,0.2933,持有
2018-07-03,3409.28,11.47,0.2299,37502.08,90327.41,127829.49,0.2934,持有
2018-07-04,3363.75,11.40,0.2061,37001.25,90327.41,127328.66,0.2906,持有
2018-07-05,3342.44,11.37,0.1995,36766.84,90327.41,127094.25,0.2893,买入(补至70%)
2018-07-06,3365.12,11.43,0.2176,87493.12,40119.00,127612.12,0.6856,持有
2018-07-09,3459.18,11.76,0.3325,89938.68,40119.00,130057.68,0.6915,持有
2018-07-10,3467.52,11.79,0.3424,90155.52,40119.00,130274.52,0.6920,持有
2018-07-11,3407.53,11.60,0.2767,88595.78,40119.00,128714.78,0.6883,持有
2018-07-12,3481.06,11.85,0.3629,90507.56,40119.00,130626.56,0.6929,持有
2018-07-13,3492.69,11.81,0.3522,90809.94,40119.00,130928.94,0.6936,持有
2018-07-16,3472.09,11.70,0.3120,90274.34,40119.00,130393.34,0.6923,持有
2018-07-17,3449.38,11.58,0.2668,89683.88,40119.00,129802.88,0.6909,持有
2018-07-18,3431.32,11.54,0.2537,89214.32,40119.00,129333.32,0.6898,持有
2018-07-19,3428.34,11.51,0.2447,89136.84,40119.00,129255.84,0.6896,持有
2018-07-20,3492.89,11.79,0.3424,90815.14,40119.00,130934.14,0.6936,持有
2018-07-23,3525.75,11.92,0.3834,91669.50,40119.00,131788.50,0.6956,持有
2018-07-24,3581.71,12.09,0.4491,93124.46,40119.00,133243.46,0.6989,持有
2018-07-25,3577.75,12.07,0.4360,93021.50,40119.00,133140.50,0.6987,持有
2018-07-26,3536.25,11.95,0.3957,91942.50,40119.00,132061.50,0.6962,持有
2018-07-27,3521.23,11.91,0.3801,91551.98,40119.00,131670.98,0.6953,持有
2018-07-30,3515.08,11.92,0.3834,91392.08,40119.00,131511.08,0.6949,持有
2018-07-31,3517.66,11.93,0.3900,91459.16,40119.00,131578.16,0.6951,持有
2018-08-01,3447.39,11.69,0.3095,89632.14,40119.00,129751.14,0.6908,持有
2018-08-02,3370.96,11.45,0.2217,87644.96,40119.00,127763.96,0.6860,持有
2018-08-03,3315.28,11.33,0.1823,86197.28,40119.00,126316.28,0.6824,持有
2018-08-06,3273.27,11.23,0.1617,85105.02,40119.00,125224.02,0.6796,持有
2018-08-07,3368.87,11.55,0.2578,87590.62,40119.00,127709.62,0.6859,持有
2018-08-08,3314.51,11.39,0.2036,86177.26,40119.00,126296.26,0.6823,持有
2018-08-09,3397.53,11.61,0.2857,88335.78,40119.00,128454.78,0.6877,持有
2018-08-10,3405.02,11.59,0.2726,88530.52,40119.00,128649.52,0.6882,持有
2018-08-13,3390.34,11.51,0.2447,88148.84,40119.00,128267.84,0.6872,持有
2018-08-14,3372.91,11.48,0.2348,87695.66,40119.00,127814.66,0.6861,持有
2018-08-15,3291.98,11.23,0.1617,85591.48,40119.00,125710.48,0.6809,持有
2018-08-16,3276.73,11.18,0.1527,85194.98,40119.00,125313.98,0.6799,持有
2018-08-17,3229.62,11.04,0.1207,83970.12,40119.00,124089.12,0.6767,持有
2018-08-20,3267.25,11.19,0.1535,84948.50,40119.00,125067.50,0.6792,持有
2018-08-21,3326.65,11.35,0.1929,86492.90,40119.00,126611.90,0.6831,持有
2018-08-22,3307.95,11.22,0.1601,86006.70,40119.00,126125.70,0.6819,持有
2018-08-23,3320.03,11.25,0.1642,86320.78,40119.00,126439.78,0.6827,持有
2018-08-24,3325.33,11.30,0.1765,86458.58,40119.00,126577.58,0.6830,持有
2018-08-27,3406.57,11.47,0.2299,88570.82,40119.00,128689.82,0.6883,持有
2018-08-28,3400.17,11.41,0.2118,88404.42,40119.00,128523.42,0.6878,持有
2018-08-29,3386.57,11.31,0.1790,88050.82,40119.00,128169.82,0.6870,持有
2018-08-30,3351.09,11.17,0.1502,87128.34,40119.00,127247.34,0.6847,持有
2018-08-31,3334.50,11.09,0.1371,86697.00,40119.00,126816.00,0.6836,持有
2018-09-03,3321.82,11.06,0.1281,86367.32,40119.00,126486.32,0.6828,持有
2018-09-04,3363.90,11.19,0.1535,87461.40,40119.00,127580.40,0.6855,持有
2018-09-05,3298.14,10.97,0.1010,85751.64,40119.00,125870.64,0.6813,持有
2018-09-06,3262.88,10.89,0.0936,84834.88,40119.00,124953.88,0.6789,买入(补至100%)
2018-09-07,3277.64,10.93,0.0969,124550.32,830.36,125380.68,0.9934,持有
2018-09-10,3230.07,10.81,0.0788,122742.66,830.36,123573.02,0.9933,持有
2018-09-11,3224.21,10.79,0.0764,122519.98,830.36,123350.34,0.9933,持有
2018-09-12,3202.02,10.73,0.0690,121676.76,830.36,122507.12,0.9932,持有
2018-09-13,3236.57,10.87,0.0911,122989.66,830.36,123820.02,0.9933,持有
2018-09-14,3242.09,10.88,0.0920,123199.42,830.36,124029.78,0.9933,持有
2018-09-17,3204.92,10.78,0.0731,121786.96,830.36,122617.32,0.9932,持有
2018-09-18,3269.43,10.97,0.1010,124238.34,830.36,125068.70,0.9934,持有
2018-09-19,3312.48,11.11,0.1404,125874.24,830.36,126704.60,0.9934,持有
2018-09-20,3310.13,11.11,0.1404,125784.94,830.36,126615.30,0.9934,持有
2018-09-21,3410.49,11.46,0.2258,129598.62,830.36,130428.98,0.9936,持有
2018-09-25,3379.80,11.36,0.1954,128432.40,830.36,129262.76,0.9936,持有
2018-09-26,3417.24,11.48,0.2348,129855.12,830.36,130685.48,0.9936,持有
2018-09-27,3403.59,11.45,0.2217,129336.42,830.36,130166.78,0.9936,持有
2018-09-28,3438.86,11.58,0.2668,130676.68,830.36,131507.04,0.9937,持有
2018-10-08,3290.90,11.10,0.1379,125054.20,830.36,125884.56,0.9934,持有
2018-10-09,3288.69,11.11,0.1404,124970.22,830.36,125800.58,0.9934,持有
2018-10-10,3281.60,11.12,0.1437,124700.80,830.36,125531.16,0.9934,持有
2018-10-11,3124.11,10.62,0.0550,118716.18,830.36,119546.54,0.9931,持有
2018-10-12,3170.73,10.80,0.0780,120487.74,830.36,121318.10,0.9932,持有
2018-10-15,3126.45,10.64,0.0583,118805.10,830.36,119635.46,0.9931,持有
2018-10-16,3100.97,10.60,0.0517,117836.86,830.36,118667.22,0.9930,持有
2018-10-17,3118.25,10.66,0.0591,118493.50,830.36,119323.86,0.9930,持有
2018-10-18,3044.39,10.38,0.0238,115686.82,830.36,116517.18,0.9929,持有
2018-10-19,3134.95,10.67,0.0632,119128.10,830.36,119958.46,0.9931,持有
2018-10-22,3270.27,11.08,0.1346,124270.26,830.36,125100.62,0.9934,持有
2018-10-23,3183.43,10.78,0.0731,120970.34,830.36,121800.70,0.9932,持有
2018-10-24,3188.20,10.82,0.0821,121151.60,830.36,121981.96,0.9932,持有
2018-10-25,3194.31,10.83,0.0854,121383.78,830.36,122214.14,0.9932,持有
2018-10-26,3173.64,10.83,0.0854,120598.32,830.36,121428.68,0.9932,持有
2018-10-29,3076.89,10.54,0.0435,116921.82,830.36,117752.18,0.9929,持有
2018-10-30,3110.26,10.62,0.0550,118189.88,830.36,119020.24,0.9930,持有
2018-10-31,3153.82,10.60,0.0517,119845.16,830.36,120675.52,0.9931,持有
2018-11-01,3177.03,10.63,0.0567,120727.14,830.36,121557.50,0.9932,持有
2018-11-02,3290.25,10.93,0.0969,125029.50,830.36,125859.86,0.9934,持有
2018-11-05,3262.84,10.83,0.0854,123987.92,830.36,124818.28,0.9933,持有
2018-11-06,3243.15,10.78,0.0731,123239.70,830.36,124070.06,0.9933,持有
2018-11-07,3221.91,10.71,0.0673,122432.58,830.36,123262.94,0.9933,持有
2018-11-08,3212.77,10.69,0.0649,122085.26,830.36,122915.62,0.9932,持有
2018-11-09,3167.44,10.50,0.0386,120362.72,830.36,121193.08,0.9931,持有
2018-11-12,3205.14,10.59,0.0493,121795.32,830.36,122625.68,0.9932,持有
2018-11-13,3237.38,10.66,0.0591,123020.44,830.36,123850.80,0.9933,持有
2018-11-14,3204.94,10.54,0.0435,121787.72,830.36,122618.08,0.9932,持有
2018-11-15,3242.37,10.66,0.0591,123210.06,830.36,124040.42,0.9933,持有
2018-11-16,3257.67,10.69,0.0649,123791.46,830.36,124621.82,0.9933,持有
2018-11-19,3294.60,10.81,0.0788,125194.80,830.36,126025.16,0.9934,持有
2018-11-20,3218.41,10.59,0.0493,122299.58,830.36,123129.94,0.9933,持有
2018-11-21,3226.49,10.60,0.0517,122606.62,830.36,123436.98,0.9933,持有
2018-11-22,3214.43,10.57,0.0460,122148.34,830.36,122978.70,0.9932,持有
2018-11-23,3143.48,10.37,0.0222,119452.24,830.36,120282.60,0.9931,持有
2018-11-26,3141.24,10.36,0.0205,119367.12,830.36,120197.48,0.9931,持有
2018-11-27,3137.24,10.34,0.0156,119215.12,830.36,120045.48,0.9931,持有
2018-11-28,3178.93,10.45,0.0312,120799.34,830.36,121629.70,0.9932,持有
2018-11-29,3137.65,10.34,0.0156,119230.70,830.36,120061.06,0.9931,持有
2018-11-30,3172.69,10.44,0.0287,120562.22,830.36,121392.58,0.9932,持有
2018-12-03,3260.95,10.70,0.0665,123916.10,830.36,124746.46,0.9933,持有
2018-12-04,3267.71,10.72,0.0681,124172.98,830.36,125003.34,0.9934,持有
2018-12-05,3252.00,10.66,0.0591,123576.00,830.36,124406.36,0.9933,持有
2018-12-06,3181.67,10.47,0.0369,120903.46,830.36,121733.82,0.9932,持有
2018-12-07,3181.56,10.45,0.0312,120899.28,830.36,121729.64,0.9932,持有
2018-12-10,3144.76,10.35,0.0189,119500.88,830.36,120331.24,0.9931,持有
2018-12-11,3159.82,10.39,0.0246,120073.16,830.36,120903.52,0.9931,持有
2018-12-12,3170.61,10.44,0.0287,120483.18,830.36,121313.54,0.9932,持有
2018-12-13,3219.69,10.58,0.0476,122348.22,830.36,123178.58,0.9933,持有
2018-12-14,3165.91,10.43,0.0279,120304.58,830.36,121134.94,0.9931,持有
2018-12-17,3161.20,10.55,0.0452,120125.60,830.36,120955.96,0.9931,持有
2018-12-18,3128.43,10.45,0.0312,118880.34,830.36,119710.70,0.9931,持有
2018-12-19,3091.13,10.34,0.0156,117462.94,830.36,118293.30,0.9930,持有
2018-12-20,3067.42,10.25,0.0115,116561.96,830.36,117392.32,0.9929,持有
2018-12-21,3029.40,10.15,0.0049,115117.20,830.36,115947.56,0.9928,持有
2018-12-24,3038.20,10.17,0.0074,115451.60,830.36,116281.96,0.9929,持有
2018-12-25,3017.28,10.10,0.0041,114656.64,830.36,115487.00,0.9928,持有
2018-12-26,3002.03,10.07,0.0025,114077.14,830.36,114907.50,0.9928,持有
2018-12-27,2990.51,10.03,0.0016,113639.38,830.36,114469.74,0.9927,持有
2018-12-28,3010.65,10.09,0.0033,114404.70,830.36,115235.06,0.9928,持有
2019-01-02,2969.54,9.94,0.0000,112842.52,830.36,113672.88,0.9927,持有
2019-01-03,2964.84,9.95,0.0008,112663.92,830.36,113494.28,0.9927,持有
2019-01-04,3035.87,10.15,0.0049,115363.06,830.36,116193.42,0.9929,持有
2019-01-07,3054.30,10.19,0.0082,116063.40,830.36,116893.76,0.9929,持有
2019-01-08,3047.70,10.16,0.0066,115812.60,830.36,116642.96,0.9929,持有
2019-01-09,3078.48,10.26,0.0123,116982.24,830.36,117812.60,0.9930,持有
2019-01-10,3072.69,10.22,0.0107,116762.22,830.36,117592.58,0.9929,持有
2019-01-11,3094.78,10.29,0.0140,117601.64,830.36,118432.00,0.9930,持有
2019-01-14,3067.78,10.20,0.0099,116575.64,830.36,117406.00,0.9929,持有
2019-01-15,3127.99,10.36,0.0205,118863.62,830.36,119693.98,0.9931,持有
2019-01-16,3128.65,10.37,0.0222,118888.70,830.36,119719.06,0.9931,持有
2019-01-17,3111.42,10.33,0.0148,118233.96,830.36,119064.32,0.9930,持有
2019-01-18,3168.17,10.52,0.0419,120390.46,830.36,121220.82,0.9932,持有
2019-01-21,3185.64,10.58,0.0476,121054.32,830.36,121884.68,0.9932,持有
2019-01-22,3143.32,10.45,0.0312,119446.16,830.36,120276.52,0.9931,持有
2019-01-23,3141.05,10.45,0.0312,119359.90,830.36,120190.26,0.9931,持有
2019-01-24,3158.78,10.50,0.0386,120033.64,830.36,120864.00,0.9931,持有
2019-01-25,3184.47,10.59,0.0493,121009.86,830.36,121840.22,0.9932,持有
2019-01-28,3183.78,10.63,0.0567,120983.64,830.36,121814.00,0.9932,持有
2019-01-29,3193.97,10.67,0.0632,121370.86,830.36,122201.22,0.9932,持有
2019-01-30,3168.48,10.61,0.0542,120402.24,830.36,121232.60,0.9932,持有
2019-01-31,3201.63,10.74,0.0706,121661.94,830.36,122492.30,0.9932,持有
2019-02-01,3247.40,10.86,0.0903,123401.20,830.36,124231.56,0.9933,持有
2019-02-11,3306.47,10.99,0.1092,125645.86,830.36,126476.22,0.9934,持有
2019-02-12,3330.34,11.04,0.1207,126552.92,830.36,127383.28,0.9935,持有
2019-02-13,3397.03,11.27,0.1683,129087.14,830.36,129917.50,0.9936,持有
2019-02-14,3402.14,11.25,0.1642,129281.32,830.36,130111.68,0.9936,持有
2019-02-15,3338.70,11.04,0.1207,126870.60,830.36,127700.96,0.9935,持有
2019-02-18,3445.74,11.35,0.1929,130938.12,830.36,131768.48,0.9937,持有
2019-02-19,3439.61,11.34,0.1847,130705.18,830.36,131535.54,0.9937,持有
2019-02-20,3451.93,11.38,0.2020,131173.34,830.36,132003.70,0.9937,持有
2019-02-21,3442.71,11.34,0.1847,130822.98,830.36,131653.34,0.9937,持有
2019-02-22,3520.12,11.54,0.2537,133764.56,830.36,134594.92,0.9938,持有
2019-02-25,3729.48,12.21,0.4918,141720.24,830.36,142550.60,0.9942,持有
2019-02-26,3684.69,12.06,0.4319,140018.22,830.36,140848.58,0.9941,持有
2019-02-27,3678.39,12.10,0.4516,139778.82,830.36,140609.18,0.9941,持有
2019-02-28,3669.37,12.06,0.4319,139436.06,830.36,140266.42,0.9941,持有
2019-03-01,3749.71,12.32,0.5312,142488.98,830.36,143319.34,0.9942,持有
2019-03-04,3794.10,12.44,0.5739,144175.80,830.36,145006.16,0.9943,持有
2019-03-05,3816.01,12.48,0.5846,145008.38,830.36,145838.74,0.9943,持有
2019-03-06,3848.09,12.60,0.6133,146227.42,830.36,147057.78,0.9944,持有
2019-03-07,3808.85,12.48,0.5846,144736.30,830.36,145566.66,0.9943,持有
2019-03-08,3657.58,11.97,0.4056,138988.04,830.36,139818.40,0.9941,持有
2019-03-11,3729.95,12.15,0.4729,141738.10,830.36,142568.46,0.9942,持有
2019-03-12,3755.35,12.24,0.5008,142703.30,830.36,143533.66,0.9942,持有
2019-03-13,3724.19,12.11,0.4565,141519.22,830.36,142349.58,0.9942,持有
2019-03-14,3698.49,12.03,0.4245,140542.62,830.36,141372.98,0.9941,持有
2019-03-15,3745.01,12.15,0.4729,142310.38,830.36,143140.74,0.9942,持有
2019-03-18,3851.75,12.46,0.5788,146366.50,830.36,147196.86,0.9944,持有
2019-03-19,3833.96,12.43,0.5690,145690.48,830.36,146520.84,0.9943,持有
2019-03-20,3835.44,12.41,0.5616,145746.72,830.36,146577.08,0.9943,持有
2019-03-21,3836.89,12.41,0.5616,145801.82,830.36,146632.18,0.9943,持有
2019-03-22,3833.80,12.39,0.5542,145684.40,830.36,146514.76,0.9943,持有
2019-03-25,3742.83,12.09,0.4491,142227.54,830.36,143057.90,0.9942,持有
2019-03-26,3700.44,11.96,0.3998,140616.72,830.36,141447.08,0.9941,持有
2019-03-27,3743.39,12.08,0.4417,142248.82,830.36,143079.18,0.9942,持有
2019-03-28,3728.40,12.09,0.4491,141679.20,830.36,142509.56,0.9942,持有
2019-03-29,3872.34,12.50,0.5895,147148.92,830.36,147979.28,0.9944,持有
2019-04-01,3973.93,12.83,0.6527,151009.34,830.36,151839.70,0.9945,持有
2019-04-02,3971.29,12.82,0.6494,150909.02,830.36,151739.38,0.9945,持有
2019-04-03,4022.16,12.98,0.6970,152842.08,830.36,153672.44,0.9946,持有
2019-04-04,4062.23,13.13,0.7250,154364.74,830.36,155195.10,0.9946,卖出(降至70%)
2019-04-08,4057.23,13.12,0.7225,109545.21,45896.21,155441.42,0.7047,持有
2019-04-09,4075.43,13.12,0.7225,110036.61,45896.21,155932.82,0.7057,持有
2019-04-10,4085.85,13.13,0.7250,110317.95,45896.21,156214.16,0.7062,持有
2019-04-11,3997.58,12.89,0.6667,107934.66,45896.21,153830.87,0.7016,持有
2019-04-12,3988.62,12.87,0.6617,107692.74,45896.21,153588.95,0.7012,持有
2019-04-15,3975.52,12.80,0.6470,107339.04,45896.21,153235.25,0.7005,持有
2019-04-16,4085.79,13.17,0.7299,110316.33,45896.21,156212.54,0.7062,持有
2019-04-17,4087.24,13.20,0.7365,110355.48,45896.21,156251.69,0.7063,持有
2019-04-18,4072.08,13.14,0.7266,109946.16,45896.21,155842.37,0.7055,持有
2019-04-19,4120.61,13.23,0.7389,111256.47,45896.21,157152.68,0.7080,持有
2019-04-22,4025.61,12.94,0.6880,108691.47,45896.21,154587.68,0.7031,持有
2019-04-23,4019.01,12.90,0.6724,108513.27,45896.21,154409.48,0.7028,持有
2019-04-24,4030.09,12.91,0.6749,108812.43,45896.21,154708.64,0.7033,持有
2019-04-25,3941.82,12.66,0.6248,106429.14,45896.21,152325.35,0.6987,持有
2019-04-26,3889.27,12.43,0.5690,105010.29,45896.21,150906.50,0.6959,持有
2019-04-29,3900.33,12.40,0.5591,105308.91,45896.21,151205.12,0.6965,持有
2019-04-30,3913.21,12.27,0.5123,105656.67,45896.21,151552.88,0.6972,持有
2019-05-06,3684.62,11.62,0.2890,99484.74,45896.21,145380.95,0.6843,持有
2019-05-07,3720.67,11.69,0.3095,100458.09,45896.21,146354.30,0.6864,持有
2019-05-08,3667.46,11.53,0.2529,99021.42,45896.21,144917.63,0.6833,持有
2019-05-09,3599.70,11.34,0.1847,97191.90,45896.21,143088.11,0.6792,持有
2019-05-10,3730.45,11.68,0.3071,100722.15,45896.21,146618.36,0.6870,持有
2019-05-13,3668.73,11.51,0.2447,99055.71,45896.21,144951.92,0.6834,持有
2019-05-14,3645.15,11.45,0.2217,98419.05,45896.21,144315.26,0.6820,持有
2019-05-15,3727.09,11.67,0.3030,100631.43,45896.21,146527.64,0.6868,持有
2019-05-16,3743.96,11.72,0.3218,101086.92,45896.21,146983.13,0.6877,持有
2019-05-17,3648.76,11.46,0.2258,98516.52,45896.21,144412.73,0.6822,持有
2019-05-20,3617.79,11.42,0.2151,97680.33,45896.21,143576.54,0.6803,持有
2019-05-21,3666.78,11.54,0.2537,99003.06,45896.21,144899.27,0.6833,持有
2019-05-22,3649.38,11.50,0.2430,98533.26,45896.21,144429.47,0.6822,持有
2019-05-23,3583.96,11.34,0.1847,96766.92,45896.21,142663.13,0.6783,持有
2019-05-24,3593.91,11.37,0.1995,97035.57,45896.21,142931.78,0.6789,持有
2019-05-27,3637.20,11.48,0.2348,98204.40,45896.21,144100.61,0.6815,持有
2019-05-28,3672.26,11.58,0.2668,99151.02,45896.21,145047.23,0.6836,持有
2019-05-29,3663.91,11.56,0.2619,98925.57,45896.21,144821.78,0.6831,持有
2019-05-30,3641.18,11.52,0.2488,98311.86,45896.21,144208.07,0.6817,持有
2019-05-31,3629.79,11.48,0.2348,98004.33,45896.21,143900.54,0.6811,持有
2019-06-03,3632.01,11.48,0.2348,98064.27,45896.21,143960.48,0.6812,持有
2019-06-04,3598.47,11.41,0.2118,97158.69,45896.21,143054.90,0.6792,持有
2019-06-05,3597.11,11.42,0.2151,97121.97,45896.21,143018.18,0.6791,持有
2019-06-06,3564.68,11.34,0.1847,96246.36,45896.21,142142.57,0.6771,持有
2019-06-10,3610.74,11.46,0.2258,97489.98,45896.21,143386.19,0.6799,持有
2019-06-11,3719.28,11.72,0.3218,100420.56,45896.21,146316.77,0.6863,持有
2019-06-12,3691.10,11.64,0.2931,99659.70,45896.21,145555.91,0.6847,持有
2019-06-13,3685.39,11.62,0.2890,99505.53,45896.21,145401.74,0.6843,持有
2019-06-14,3654.88,11.54,0.2537,98681.76,45896.21,144577.97,0.6826,持有
2019-06-17,3654.82,11.77,0.3342,98680.14,45896.21,144576.35,0.6825,持有
2019-06-18,3667.62,11.80,0.3465,99025.74,45896.21,144921.95,0.6833,持有
2019-06-19,3715.94,11.92,0.3834,100330.38,45896.21,146226.59,0.6861,持有
2019-06-20,3828.52,12.24,0.5008,103370.04,45896.21,149266.25,0.6925,持有
2019-06-21,3833.94,12.26,0.5090,103516.38,45896.21,149412.59,0.6928,持有
2019-06-24,3841.27,12.29,0.5197,103714.29,45896.21,149610.50,0.6932,持有
2019-06-25,3801.31,12.17,0.4811,102635.37,45896.21,148531.58,0.6910,持有
2019-06-26,3794.33,12.15,0.4729,102446.91,45896.21,148343.12,0.6906,持有
2019-06-27,3834.82,12.25,0.5033,103540.14,45896.21,149436.35,0.6929,持有
2019-06-28,3825.59,12.22,0.4934,103290.93,45896.21,149187.14,0.6924,持有
2019-07-01,3935.81,12.50,0.5895,106266.87,45896.21,152163.08,0.6984,持有
2019-07-02,3937.17,12.49,0.5870,106303.59,45896.21,152199.80,0.6984,持有
2019-07-03,3893.53,12.39,0.5542,105125.31,45896.21,151021.52,0.6961,持有
2019-07-04,3873.10,12.35,0.5411,104573.70,45896.21,150469.91,0.6950,持有
2019-07-05,3893.20,12.39,0.5542,105116.40,45896.21,151012.61,0.6961,持有
2019-07-08,3802.79,12.11,0.4565,102675.33,45896.21,148571.54,0.6911,持有
2019-07-09,3793.13,12.07,0.4360,102414.51,45896.21,148310.72,0.6905,持有
2019-07-10,3786.74,12.01,0.4154,102241.98,45896.21,148138.19,0.6902,持有
2019-07-11,3785.22,12.02,0.4204,102200.94,45896.21,148097.15,0.6901,持有
2019-07-12,3808.73,12.10,0.4516,102835.71,45896.21,148731.92,0.6914,持有
2019-07-15,3824.19,12.13,0.4647,103253.13,45896.21,149149.34,0.6923,持有
2019-07-16,3806.84,12.08,0.4417,102784.68,45896.21,148680.89,0.6913,持有
2019-07-17,3804.64,12.07,0.4360,102725.28,45896.21,148621.49,0.6912,持有
2019-07-18,3768.40,11.97,0.4056,101746.80,45896.21,147643.01,0.6891,持有
2019-07-19,3807.96,12.07,0.4360,102814.92,45896.21,148711.13,0.6914,持有
2019-07-22,3781.68,11.98,0.4080,102105.36,45896.21,148001.57,0.6899,持有
2019-07-23,3789.91,12.01,0.4154,102327.57,45896.21,148223.78,0.6904,持有
2019-07-24,3819.83,12.10,0.4516,103135.41,45896.21,149031.62,0.6920,持有
2019-07-25,3851.07,12.16,0.4778,103978.89,45896.21,149875.10,0.6938,持有
2019-07-26,3858.57,12.18,0.4844,104181.39,45896.21,150077.60,0.6942,持有
2019-07-29,3854.27,12.16,0.4778,104065.29,45896.21,149961.50,0.6939,持有
2019-07-30,3870.32,12.22,0.4934,104498.64,45896.21,150394.85,0.6948,持有
2019-07-31,3835.36,12.14,0.4688,103554.72,45896.21,149450.93,0.6929,持有
2019-08-01,3803.47,12.04,0.4269,102693.69,45896.21,148589.90,0.6911,持有
2019-08-02,3747.44,11.86,0.3654,101180.88,45896.21,147077.09,0.6879,持有
2019-08-05,3675.69,11.64,0.2931,99243.63,45896.21,145139.84,0.6838,持有
2019-08-06,3636.33,11.52,0.2488,98180.91,45896.21,144077.12,0.6814,持有
2019-08-07,3621.43,11.47,0.2299,97778.61,45896.21,143674.82,0.6806,持有
2019-08-08,3669.29,11.60,0.2767,99070.83,45896.21,144967.04,0.6834,持有
2019-08-09,3633.53,11.52,0.2488,98105.31,45896.21,144001.52,0.6813,持有
2019-08-12,3699.10,11.69,0.3095,99875.70,45896.21,145771.91,0.6852,持有
2019-08-13,3665.75,11.58,0.2668,98975.25,45896.21,144871.46,0.6832,持有
2019-08-14,3682.40,11.63,0.2915,99424.80,45896.21,145321.01,0.6842,持有
2019-08-15,3694.00,11.65,0.2989,99738.00,45896.21,145634.21,0.6849,持有
2019-08-16,3710.54,11.61,0.2857,100184.58,45896.21,146080.79,0.6858,持有
2019-08-19,3791.09,11.82,0.3563,102359.43,45896.21,148255.64,0.6904,持有
2019-08-20,3787.73,11.80,0.3465,102268.71,45896.21,148164.92,0.6902,持有
2019-08-21,3781.76,11.77,0.3342,102107.52,45896.21,148003.73,0.6899,持有
2019-08-22,3793.51,11.79,0.3424,102424.77,45896.21,148320.98,0.6906,持有
2019-08-23,3820.86,11.82,0.3563,103163.22,45896.21,149059.43,0.6921,持有
2019-08-26,3765.91,11.64,0.2931,101679.57,45896.21,147575.78,0.6890,持有
2019-08-27,3816.95,11.83,0.3596,103057.65,45896.21,148953.86,0.6919,持有
2019-08-28,3802.58,11.77,0.3342,102669.66,45896.21,148565.87,0.6911,持有
2019-08-29,3790.19,11.70,0.3120,102335.13,45896.21,148231.34,0.6904,持有
2019-08-30,3799.59,11.70,0.3120,102588.93,45896.21,148485.14,0.6909,持有
2019-09-02,3848.32,11.77,0.3342,103904.64,45896.21,149800.85,0.6936,持有
2019-09-03,3853.61,11.79,0.3424,104047.47,45896.21,149943.68,0.6939,持有
2019-09-04,3886.00,11.90,0.3785,104922.00,45896.21,150818.21,0.6957,持有
2019-09-05,3925.32,12.02,0.4204,105983.64,45896.21,151879.85,0.6978,持有
2019-09-06,3948.51,12.08,0.4417,106609.77,45896.21,152505.98,0.6991,持有
2019-09-09,3972.95,12.14,0.4688,107269.65,45896.21,153165.86,0.7003,持有
2019-09-10,3959.27,12.10,0.4516,106900.29,45896.21,152796.50,0.6996,持有
2019-09-11,3930.10,12.06,0.4319,106112.70,45896.21,152008.91,0.6981,持有
2019-09-12,3972.38,12.16,0.4778,107254.26,45896.21,153150.47,0.7003,持有
2019-09-16,3957.72,12.13,0.4647,106858.44,45896.21,152754.65,0.6995,持有
2019-09-17,3891.22,11.95,0.3957,105062.94,45896.21,150959.15,0.6960,持有
2019-09-18,3910.08,11.98,0.4080,105572.16,45896.21,151468.37,0.6970,持有
2019-09-19,3924.38,12.02,0.4204,105958.26,45896.21,151854.47,0.6978,持有
2019-09-20,3935.65,12.05,0.4286,106262.55,45896.21,152158.76,0.6984,持有
2019-09-23,3890.66,11.92,0.3834,105047.82,45896.21,150944.03,0.6959,持有
2019-09-24,3901.08,11.95,0.3957,105329.16,45896.21,151225.37,0.6965,持有
2019-09-25,3870.98,11.86,0.3654,104516.46,45896.21,150412.67,0.6949,持有
2019-09-26,3841.14,11.80,0.3465,103710.78,45896.21,149606.99,0.6932,持有
2019-09-27,3852.65,11.82,0.3563,104021.55,45896.21,149917.76,0.6939,持有
2019-09-30,3814.53,11.72,0.3218,102992.31,45896.21,148888.52,0.6917,持有
2019-10-08,3837.68,11.78,0.3391,103617.36,45896.21,149513.57,0.6930,持有
2019-10-09,3843.24,11.81,0.3522,103767.48,45896.21,149663.69,0.6933,持有
2019-10-10,3874.64,11.89,0.3752,104615.28,45896.21,150511.49,0.6951,持有
2019-10-11,3911.73,12.01,0.4154,105616.71,45896.21,151512.92,0.6971,持有
2019-10-14,3953.24,12.14,0.4688,106737.48,45896.21,152633.69,0.6993,持有
2019-10-15,3936.25,12.10,0.4516,106278.75,45896.21,152174.96,0.6984,持有
2019-10-16,3922.69,12.05,0.4286,105912.63,45896.21,151808.84,0.6977,持有
2019-10-17,3925.22,12.06,0.4319,105980.94,45896.21,151877.15,0.6978,持有
2019-10-18,3869.38,11.90,0.3785,104473.26,45896.21,150369.47,0.6948,持有
2019-10-21,3880.84,11.96,0.3998,104782.68,45896.21,150678.89,0.6954,持有
2019-10-22,3895.88,11.99,0.4130,105188.76,45896.21,151084.97,0.6962,持有
2019-10-23,3871.08,11.92,0.3834,104519.16,45896.21,150415.37,0.6949,持有
2019-10-24,3870.67,11.93,0.3900,104508.09,45896.21,150404.30,0.6948,持有
2019-10-25,3896.79,11.94,0.3941,105213.33,45896.21,151109.54,0.6963,持有
2019-10-28,3926.59,11.97,0.4056,106017.93,45896.21,151914.14,0.6979,持有
2019-10-29,3910.23,11.88,0.3736,105576.21,45896.21,151472.42,0.6970,持有
2019-10-30,3891.23,11.77,0.3342,105063.21,45896.21,150959.42,0.6960,持有
2019-10-31,3886.75,11.67,0.3030,104942.25,45896.21,150838.46,0.6957,持有
2019-11-01,3952.39,11.81,0.3522,106714.53,45896.21,152610.74,0.6993,持有
2019-11-04,3978.12,11.89,0.3752,107409.24,45896.21,153305.45,0.7006,持有
2019-11-05,4002.81,11.96,0.3998,108075.87,45896.21,153972.08,0.7019,持有
2019-11-06,3984.88,11.93,0.3900,107591.76,45896.21,153487.97,0.7010,持有
2019-11-07,3991.87,11.93,0.3900,107780.49,45896.21,153676.70,0.7013,持有
2019-11-08,3973.01,11.86,0.3654,107271.27,45896.21,153167.48,0.7004,持有
2019-11-11,3902.98,11.66,0.3005,105380.46,45896.21,151276.67,0.6966,持有
2019-11-12,3903.69,11.68,0.3071,105399.63,45896.21,151295.84,0.6966,持有
2019-11-13,3899.98,11.64,0.2931,105299.46,45896.21,151195.67,0.6964,持有
2019-11-14,3905.86,11.64,0.2931,105458.22,45896.21,151354.43,0.6968,持有
2019-11-15,3877.09,11.58,0.2668,104681.43,45896.21,150577.64,0.6952,持有
2019-11-18,3907.93,11.66,0.3005,105514.11,45896.21,151410.32,0.6969,持有
2019-11-19,3947.04,11.74,0.3284,106570.08,45896.21,152466.29,0.6990,持有
2019-11-20,3907.86,11.64,0.2931,105512.22,45896.21,151408.43,0.6969,持有
2019-11-21,3889.60,11.60,0.2767,105019.20,45896.21,150915.41,0.6959,持有
2019-11-22,3849.99,11.51,0.2447,103949.73,45896.21,149845.94,0.6937,持有
2019-11-25,3878.21,11.61,0.2857,104711.67,45896.21,150607.88,0.6953,持有
2019-11-26,3891.65,11.64,0.2931,105074.55,45896.21,150970.76,0.6960,持有
2019-11-27,3875.62,11.60,0.2767,104641.74,45896.21,150537.95,0.6951,持有
2019-11-28,3862.30,11.55,0.2578,104282.10,45896.21,150178.31,0.6944,持有
2019-11-29,3828.67,11.46,0.2258,103374.09,45896.21,149270.30,0.6925,持有
2019-12-02,3836.06,11.48,0.2348,103573.62,45896.21,149469.83,0.6929,持有
2019-12-03,3851.09,11.51,0.2447,103979.43,45896.21,149875.64,0.6938,持有
2019-12-04,3849.82,11.49,0.2414,103945.14,45896.21,149841.35,0.6937,持有
2019-12-05,3879.36,11.57,0.2644,104742.72,45896.21,150638.93,0.6953,持有
2019-12-06,3902.39,11.62,0.2890,105364.53,45896.21,151260.74,0.6966,持有
2019-12-09,3895.45,11.60,0.2767,105177.15,45896.21,151073.36,0.6962,持有
2019-12-10,3900.38,11.60,0.2767,105310.26,45896.21,151206.47,0.6965,持有
2019-12-11,3902.75,11.63,0.2915,105374.25,45896.21,151270.46,0.6966,持有
2019-12-12,3891.02,11.60,0.2767,105057.54,45896.21,150953.75,0.6960,持有
2019-12-13,3968.22,11.83,0.3596,107141.94,45896.21,153038.15,0.7001,持有
2019-12-16,3987.55,12.01,0.4154,107663.85,45896.21,153560.06,0.7011,持有
2019-12-17,4041.80,12.17,0.4811,109128.60,45896.21,155024.81,0.7039,持有
2019-12-18,4032.78,12.15,0.4729,108885.06,45896.21,154781.27,0.7035,持有
2019-12-19,4027.15,12.14,0.4688,108733.05,45896.21,154629.26,0.7032,持有
2019-12-20,4017.25,12.12,0.4598,108465.75,45896.21,154361.96,0.7027,持有
2019-12-23,3967.10,11.96,0.3998,107111.70,45896.21,153007.91,0.7000,持有
2019-12-24,3992.96,12.02,0.4204,107809.92,45896.21,153706.13,0.7014,持有
2019-12-25,3990.87,12.01,0.4154,107753.49,45896.21,153649.70,0.7013,持有
2019-12-26,4025.99,12.11,0.4565,108701.73,45896.21,154597.94,0.7031,持有
2019-12-27,4022.03,12.11,0.4565,108594.81,45896.21,154491.02,0.7029,持有
2019-12-30,4081.63,12.26,0.5090,110204.01,45896.21,156100.22,0.7060,持有
2019-12-31,4096.58,12.30,0.5230,110607.66,45896.21,156503.87,0.7067,持有
2020-01-02,4152.24,12.45,0.5780,112110.48,45896.21,158006.69,0.7095,持有
2020-01-03,4144.96,12.44,0.5739,111913.92,45896.21,157810.13,0.7092,持有
2020-01-06,4129.30,12.40,0.5591,111491.10,45896.21,157387.31,0.7084,持有
2020-01-07,4160.23,12.47,0.5813,112326.21,45896.21,158222.42,0.7099,持有
2020-01-08,4112.32,12.32,0.5312,111032.64,45896.21,156928.85,0.7075,持有
2020-01-09,4164.37,12.42,0.5632,112437.99,45896.21,158334.20,0.7101,持有
2020-01-10,4163.18,12.43,0.5690,112405.86,45896.21,158302.07,0.7101,持有
2020-01-13,4203.99,12.53,0.5952,113507.73,45896.21,159403.94,0.7121,持有
2020-01-14,4189.89,12.49,0.5870,113127.03,45896.21,159023.24,0.7114,持有
2020-01-15,4166.73,12.42,0.5632,112501.71,45896.21,158397.92,0.7102,持有
2020-01-16,4149.04,12.34,0.5394,112024.08,45896.21,157920.29,0.7094,持有
2020-01-17,4154.85,12.35,0.5411,112180.95,45896.21,158077.16,0.7097,持有
2020-01-20,4185.83,12.42,0.5632,113017.41,45896.21,158913.62,0.7112,持有
2020-01-21,4114.31,12.23,0.4967,111086.37,45896.21,156982.58,0.7076,持有
2020-01-22,4131.93,12.28,0.5156,111562.11,45896.21,157458.32,0.7085,持有
2020-01-23,4003.90,11.96,0.3998,108105.30,45896.21,154001.51,0.7020,持有
2020-02-03,3688.36,11.04,0.1207,99585.72,45896.21,145481.93,0.6845,持有
2020-02-04,3785.64,11.29,0.1732,102212.28,45896.21,148108.49,0.6901,持有
2020-02-05,3828.53,11.40,0.2061,103370.31,45896.21,149266.52,0.6925,持有
2020-02-06,3899.78,11.58,0.2668,105294.06,45896.21,151190.27,0.6964,持有
2020-02-07,3899.87,11.57,0.2644,105296.49,45896.21,151192.70,0.6964,持有
2020-02-10,3916.01,11.61,0.2857,105732.27,45896.21,151628.48,0.6973,持有
2020-02-11,3952.46,11.71,0.3186,106716.42,45896.21,152612.63,0.6993,持有
2020-02-12,3984.43,11.78,0.3391,107579.61,45896.21,153475.82,0.7010,持有
2020-02-13,3959.92,11.71,0.3186,106917.84,45896.21,152814.05,0.6997,持有
2020-02-14,3987.73,11.78,0.3391,107668.71,45896.21,153564.92,0.7011,持有
2020-02-17,4077.42,12.03,0.4245,110090.34,45896.21,155986.55,0.7058,持有
2020-02-18,4057.51,11.96,0.3998,109552.77,45896.21,155448.98,0.7048,持有
2020-02-19,4051.31,11.96,0.3998,109385.37,45896.21,155281.58,0.7044,持有
2020-02-20,4144.66,12.19,0.4860,111905.82,45896.21,157802.03,0.7092,持有
2020-02-21,4149.49,12.24,0.5008,112036.23,45896.21,157932.44,0.7094,持有
2020-02-24,4132.84,12.17,0.4811,111586.68,45896.21,157482.89,0.7086,持有
2020-02-25,4123.85,12.08,0.4417,111343.95,45896.21,157240.16,0.7081,持有
2020-02-26,4073.02,11.98,0.4080,109971.54,45896.21,155867.75,0.7055,持有
2020-02-27,4084.88,11.98,0.4080,110291.76,45896.21,156187.97,0.7061,持有
2020-02-28,3940.05,11.57,0.2644,106381.35,45896.21,152277.56,0.6986,持有
2020-03-02,4069.67,11.88,0.3736,109881.09,45896.21,155777.30,0.7054,持有
2020-03-03,4091.36,11.94,0.3941,110466.72,45896.21,156362.93,0.7065,持有
2020-03-04,4115.05,12.00,0.4138,111106.35,45896.21,157002.56,0.7077,持有
2020-03-05,4206.73,12.25,0.5033,113581.71,45896.21,159477.92,0.7122,持有
2020-03-06,4138.51,12.07,0.4360,111739.77,45896.21,157635.98,0.7088,持有
2020-03-09,3997.13,11.70,0.3120,107922.51,45896.21,153818.72,0.7016,持有
2020-03-10,4082.73,11.91,0.3801,110233.71,45896.21,156129.92,0.7060,持有
2020-03-11,4028.43,11.78,0.3391,108767.61,45896.21,154663.82,0.7033,持有
2020-03-12,3950.91,11.59,0.2726,106674.57,45896.21,152570.78,0.6992,持有
2020-03-13,3895.31,11.44,0.2192,105173.37,45896.21,151069.58,0.6962,持有
2020-03-16,3727.84,11.07,0.1322,100651.68,45896.21,146547.89,0.6868,持有
2020-03-17,3709.68,11.02,0.1149,100161.36,45896.21,146057.57,0.6858,持有
2020-03-18,3636.26,10.82,0.0821,98179.02,45896.21,144075.23,0.6814,买入(补至100%)
2020-03-19,3589.09,10.66,0.0591,139974.51,2408.55,142383.06,0.9831,持有
2020-03-20,3653.22,10.84,0.0878,142475.58,2408.55,144884.13,0.9834,持有
2020-03-23,3530.31,10.50,0.0386,137682.09,2408.55,140090.64,0.9828,持有
2020-03-24,3625.11,10.78,0.0731,141379.29,2408.55,143787.84,0.9832,持有
2020-03-25,3722.52,11.04,0.1207,145178.28,2408.55,147586.83,0.9837,持有
2020-03-26,3698.05,10.94,0.0985,144223.95,2408.55,146632.50,0.9836,持有
2020-03-27,3710.06,10.96,0.1002,144692.34,2408.55,147100.89,0.9836,持有
2020-03-30,3674.11,10.88,0.0920,143290.29,2408.55,145698.84,0.9835,持有
2020-03-31,3686.16,10.85,0.0887,143760.24,2408.55,146168.79,0.9835,持有
2020-04-01,3675.08,10.81,0.0788,143328.12,2408.55,145736.67,0.9835,持有
2020-04-02,3734.53,10.98,0.1043,145646.67,2408.55,148055.22,0.9837,持有
2020-04-03,3713.22,10.92,0.0952,144815.58,2408.55,147224.13,0.9836,持有
2020-04-07,3798.02,11.13,0.1445,148122.78,2408.55,150531.33,0.9840,持有
2020-04-08,3780.34,11.07,0.1322,147433.26,2408.55,149841.81,0.9839,持有
2020-04-09,3792.81,11.10,0.1379,147919.59,2408.55,150328.14,0.9840,持有
2020-04-10,3769.18,11.03,0.1166,146998.02,2408.55,149406.57,0.9839,持有
2020-04-13,3753.26,10.99,0.1092,146377.14,2408.55,148785.69,0.9838,持有
2020-04-14,3825.70,11.17,0.1502,149202.30,2408.55,151610.85,0.9841,持有
2020-04-15,3797.36,11.10,0.1379,148097.04,2408.55,150505.59,0.9840,持有
2020-04-16,3802.38,11.11,0.1404,148292.82,2408.55,150701.37,0.9840,持有
2020-04-17,3839.49,11.20,0.1560,149740.11,2408.55,152148.66,0.9842,持有
2020-04-20,3853.46,11.25,0.1642,150284.94,2408.55,152693.49,0.9842,持有
2020-04-21,3808.05,11.13,0.1445,148513.95,2408.55,150922.50,0.9840,持有
2020-04-22,3839.38,11.20,0.1560,149735.82,2408.55,152144.37,0.9842,持有
2020-04-23,3829.75,11.16,0.1486,149360.25,2408.55,151768.80,0.9841,持有
2020-04-24,3796.97,11.15,0.1461,148081.83,2408.55,150490.38,0.9840,持有
2020-04-27,3822.77,11.24,0.1634,149088.03,2408.55,151496.58,0.9841,持有
2020-04-28,3849.15,11.28,0.1708,150116.85,2408.55,152525.40,0.9842,持有
2020-04-29,3867.03,11.40,0.2061,150814.17,2408.55,153222.72,0.9843,持有
2020-04-30,3912.58,11.77,0.3342,152590.62,2408.55,154999.17,0.9845,持有
2020-05-06,3936.25,11.80,0.3465,153513.75,2408.55,155922.30,0.9846,持有
2020-05-07,3924.89,11.76,0.3325,153070.71,2408.55,155479.26,0.9845,持有
2020-05-08,3963.62,11.86,0.3654,154581.18,2408.55,156989.73,0.9847,持有
2020-05-11,3960.18,11.87,0.3719,154447.02,2408.55,156855.57,0.9846,持有
2020-05-12,3960.24,11.85,0.3629,154449.36,2408.55,156857.91,0.9846,持有
2020-05-13,3968.25,11.87,0.3719,154761.75,2408.55,157170.30,0.9847,持有
2020-05-14,3925.22,11.75,0.3292,153083.58,2408.55,155492.13,0.9845,持有
2020-05-15,3912.82,11.72,0.3218,152599.98,2408.55,155008.53,0.9845,持有
2020-05-18,3922.91,11.75,0.3292,152993.49,2408.55,155402.04,0.9845,持有
2020-05-19,3956.25,11.84,0.3612,154293.75,2408.55,156702.30,0.9846,持有
2020-05-20,3935.22,11.79,0.3424,153473.58,2408.55,155882.13,0.9845,持有
2020-05-21,3913.79,11.73,0.3276,152637.81,2408.55,155046.36,0.9845,持有
2020-05-22,3824.06,11.49,0.2414,149138.34,2408.55,151546.89,0.9841,持有
2020-05-25,3829.32,11.50,0.2430,149343.48,2408.55,151752.03,0.9841,持有
2020-05-26,3872.77,11.60,0.2767,151038.03,2408.55,153446.58,0.9843,持有
2020-05-27,3845.61,11.55,0.2578,149978.79,2408.55,152387.34,0.9842,持有
2020-05-28,3856.63,11.59,0.2726,150408.57,2408.55,152817.12,0.9842,持有
2020-05-29,3867.02,11.60,0.2767,150813.78,2408.55,153222.33,0.9843,持有
2020-06-01,3971.34,11.86,0.3654,154882.26,2408.55,157290.81,0.9847,持有
2020-06-02,3983.57,11.91,0.3801,155359.23,2408.55,157767.78,0.9847,持有
2020-06-03,3983.65,11.92,0.3834,155362.35,2408.55,157770.90,0.9847,持有
2020-06-04,3982.19,11.89,0.3752,155305.41,2408.55,157713.96,0.9847,持有
2020-06-05,4001.25,11.95,0.3957,156048.75,2408.55,158457.30,0.9848,持有
2020-06-08,4021.95,12.00,0.4138,156856.05,2408.55,159264.60,0.9849,持有
2020-06-09,4047.03,12.08,0.4417,157834.17,2408.55,160242.72,0.9850,持有
2020-06-10,4039.71,12.04,0.4269,157548.69,2408.55,159957.24,0.9849,持有
2020-06-11,3995.88,11.92,0.3834,155839.32,2408.55,158247.87,0.9848,持有
2020-06-12,4003.08,11.93,0.3900,156120.12,2408.55,158528.67,0.9848,持有
2020-06-15,3954.99,11.92,0.3834,154244.61,2408.55,156653.16,0.9846,持有
2020-06-16,4014.57,12.07,0.4360,156568.23,2408.55,158976.78,0.9848,持有
2020-06-17,4017.59,12.07,0.4360,156686.01,2408.55,159094.56,0.9849,持有
2020-06-18,4044.38,12.13,0.4647,157730.82,2408.55,160139.37,0.9850,持有
2020-06-19,4098.71,12.27,0.5123,159849.69,2408.55,162258.24,0.9852,持有
2020-06-22,4102.05,12.27,0.5123,159979.95,2408.55,162388.50,0.9852,持有
2020-06-23,4121.79,12.30,0.5230,160749.81,2408.55,163158.36,0.9852,持有
2020-06-24,4138.99,12.37,0.5460,161420.61,2408.55,163829.16,0.9853,持有
2020-06-29,4109.72,12.29,0.5197,160279.08,2408.55,162687.63,0.9852,持有
2020-06-30,4163.96,12.38,0.5517,162394.44,2408.55,164802.99,0.9854,持有
2020-07-01,4247.78,12.61,0.6174,165663.42,2408.55,168071.97,0.9857,持有
2020-07-02,4335.84,12.90,0.6724,169097.76,2408.55,171506.31,0.9860,持有
2020-07-03,4419.60,13.19,0.7323,172364.40,2408.55,174772.95,0.9862,卖出(降至70%)
2020-07-06,4670.09,14.00,0.8670,130762.52,51530.01,182292.53,0.7173,卖出(降至30%)
2020-07-07,4698.13,14.05,0.8810,56377.56,127359.97,183737.53,0.3068,持有
2020-07-08,4774.00,14.25,0.9220,57288.00,127359.97,184647.97,0.3103,卖出(降至0%)
2020-07-09,4840.77,14.41,0.9368,0.00,184598.07,184598.07,0.0000,持有
2020-07-10,4753.13,14.05,0.8810,0.00,184598.07,184598.07,0.0000,持有
2020-07-13,4852.96,14.28,0.9245,0.00,184598.07,184598.07,0.0000,持有
2020-07-14,4806.69,14.15,0.9023,0.00,184598.07,184598.07,0.0000,持有
2020-07-15,4744.47,13.94,0.8522,0.00,184598.07,184598.07,0.0000,持有
2020-07-16,4516.25,13.34,0.7455,0.00,184598.07,184598.07,0.0000,持有
2020-07-17,4544.70,13.39,0.7512,0.00,184598.07,184598.07,0.0000,持有
2020-07-20,4680.30,13.76,0.7890,0.00,184598.07,184598.07,0.0000,持有
2020-07-21,4691.04,13.78,0.7972,0.00,184598.07,184598.07,0.0000,持有
2020-07-22,4714.45,13.82,0.8120,0.00,184598.07,184598.07,0.0000,持有
2020-07-23,4712.44,13.78,0.7972,0.00,184598.07,184598.07,0.0000,持有
2020-07-24,4505.59,13.23,0.7389,0.00,184598.07,184598.07,0.0000,持有
2020-07-27,4528.45,13.29,0.7430,0.00,184598.07,184598.07,0.0000,持有
2020-07-28,4568.26,13.38,0.7488,0.00,184598.07,184598.07,0.0000,持有
2020-07-29,4679.01,13.67,0.7718,0.00,184598.07,184598.07,0.0000,持有
2020-07-30,4656.15,13.58,0.7677,0.00,184598.07,184598.07,0.0000,持有
2020-07-31,4695.05,13.67,0.7718,0.00,184598.07,184598.07,0.0000,持有
2020-08-03,4771.31,13.87,0.8317,0.00,184598.07,184598.07,0.0000,持有
2020-08-04,4775.80,13.92,0.8432,0.00,184598.07,184598.07,0.0000,持有
2020-08-05,4777.11,13.90,0.8407,0.00,184598.07,184598.07,0.0000,持有
2020-08-06,4762.76,13.89,0.8383,0.00,184598.07,184598.07,0.0000,持有
2020-08-07,4707.93,13.75,0.7874,0.00,184598.07,184598.07,0.0000,持有
2020-08-10,4724.87,13.84,0.8186,0.00,184598.07,184598.07,0.0000,持有
2020-08-11,4681.78,13.73,0.7824,0.00,184598.07,184598.07,0.0000,持有
2020-08-12,4647.64,13.64,0.7701,0.00,184598.07,184598.07,0.0000,持有
2020-08-13,4635.71,13.60,0.7693,0.00,184598.07,184598.07,0.0000,持有
2020-08-14,4704.63,13.81,0.8087,0.00,184598.07,184598.07,0.0000,持有
2020-08-17,4815.23,14.15,0.9023,0.00,184598.07,184598.07,0.0000,持有
2020-08-18,4812.76,14.14,0.9007,0.00,184598.07,184598.07,0.0000,持有
2020-08-19,4740.68,13.94,0.8522,0.00,184598.07,184598.07,0.0000,持有
2020-08-20,4679.15,13.76,0.7890,0.00,184598.07,184598.07,0.0000,持有
2020-08-21,4718.84,13.84,0.8186,0.00,184598.07,184598.07,0.0000,持有
2020-08-24,4755.85,13.92,0.8432,0.00,184598.07,184598.07,0.0000,持有
2020-08-25,4761.95,13.92,0.8432,0.00,184598.07,184598.07,0.0000,持有
2020-08-26,4706.13,13.79,0.8013,0.00,184598.07,184598.07,0.0000,持有
2020-08-27,4731.35,13.84,0.8186,0.00,184598.07,184598.07,0.0000,持有
2020-08-28,4844.27,13.96,0.8580,0.00,184598.07,184598.07,0.0000,持有
2020-08-31,4816.22,14.45,0.9458,0.00,184598.07,184598.07,0.0000,持有
2020-09-01,4842.12,14.52,0.9540,0.00,184598.07,184598.07,0.0000,持有
2020-09-02,4843.89,14.51,0.9524,0.00,184598.07,184598.07,0.0000,持有
2020-09-03,4817.10,14.43,0.9409,0.00,184598.07,184598.07,0.0000,持有
2020-09-04,4770.22,14.30,0.9261,0.00,184598.07,184598.07,0.0000,持有
2020-09-07,4669.37,14.03,0.8736,0.00,184598.07,184598.07,0.0000,持有
2020-09-08,4694.39,14.14,0.9007,0.00,184598.07,184598.07,0.0000,持有
2020-09-09,4584.59,13.86,0.8284,0.00,184598.07,184598.07,0.0000,持有
2020-09-10,4581.98,13.86,0.8284,0.00,184598.07,184598.07,0.0000,持有
2020-09-11,4627.28,13.97,0.8604,0.00,184598.07,184598.07,0.0000,持有
2020-09-14,4651.05,14.02,0.8719,0.00,184598.07,184598.07,0.0000,持有
2020-09-15,4688.48,14.11,0.8949,0.00,184598.07,184598.07,0.0000,持有
2020-09-16,4657.36,14.04,0.8777,0.00,184598.07,184598.07,0.0000,持有
2020-09-17,4632.71,13.97,0.8604,0.00,184598.07,184598.07,0.0000,持有
2020-09-18,4737.09,14.29,0.9253,0.00,184598.07,184598.07,0.0000,持有
2020-09-21,4691.43,14.15,0.9023,0.00,184598.07,184598.07,0.0000,持有
2020-09-22,4635.76,14.00,0.8670,0.00,184598.07,184598.07,0.0000,持有
2020-09-23,4652.33,14.03,0.8736,0.00,184598.07,184598.07,0.0000,持有
2020-09-24,4563.07,13.80,0.8046,0.00,184598.07,184598.07,0.0000,持有
2020-09-25,4570.02,13.82,0.8120,0.00,184598.07,184598.07,0.0000,持有
2020-09-28,4581.91,13.87,0.8317,0.00,184598.07,184598.07,0.0000,持有
2020-09-29,4591.80,13.89,0.8383,0.00,184598.07,184598.07,0.0000,持有
2020-09-30,4587.40,13.87,0.8317,0.00,184598.07,184598.07,0.0000,持有
2020-10-09,4681.14,14.10,0.8916,0.00,184598.07,184598.07,0.0000,持有
2020-10-12,4823.16,14.50,0.9516,0.00,184598.07,184598.07,0.0000,持有
2020-10-13,4839.20,14.52,0.9540,0.00,184598.07,184598.07,0.0000,持有
2020-10-14,4807.10,14.44,0.9417,0.00,184598.07,184598.07,0.0000,持有
2020-10-15,4798.74,14.44,0.9417,0.00,184598.07,184598.07,0.0000,持有
2020-10-16,4791.68,14.46,0.9475,0.00,184598.07,184598.07,0.0000,持有
2020-10-19,4755.49,14.40,0.9351,0.00,184598.07,184598.07,0.0000,持有
2020-10-20,4793.47,14.41,0.9368,0.00,184598.07,184598.07,0.0000,持有
2020-10-21,4792.83,14.44,0.9417,0.00,184598.07,184598.07,0.0000,持有
2020-10-22,4777.98,14.40,0.9351,0.00,184598.07,184598.07,0.0000,持有
2020-10-23,4718.49,14.23,0.9195,0.00,184598.07,184598.07,0.0000,持有
2020-10-26,4691.24,14.13,0.8982,0.00,184598.07,184598.07,0.0000,持有
2020-10-27,4699.28,14.13,0.8982,0.00,184598.07,184598.07,0.0000,持有
2020-10-28,4737.27,14.16,0.9080,0.00,184598.07,184598.07,0.0000,持有
2020-10-29,4772.92,14.03,0.8736,0.00,184598.07,184598.07,0.0000,持有
2020-10-30,4695.33,13.92,0.8432,0.00,184598.07,184598.07,0.0000,持有
2020-11-02,4720.83,13.96,0.8580,0.00,184598.07,184598.07,0.0000,持有
2020-11-03,4777.56,14.13,0.8982,0.00,184598.07,184598.07,0.0000,持有
2020-11-04,4813.66,14.20,0.9163,0.00,184598.07,184598.07,0.0000,持有
2020-11-05,4885.11,14.38,0.9335,0.00,184598.07,184598.07,0.0000,持有
2020-11-06,4885.72,14.38,0.9335,0.00,184598.07,184598.07,0.0000,持有
2020-11-09,4981.35,14.63,0.9631,0.00,184598.07,184598.07,0.0000,持有
2020-11-10,4953.88,14.58,0.9614,0.00,184598.07,184598.07,0.0000,持有
2020-11-11,4904.90,14.48,0.9507,0.00,184598.07,184598.07,0.0000,持有
2020-11-12,4908.46,14.46,0.9475,0.00,184598.07,184598.07,0.0000,持有
2020-11-13,4856.85,14.30,0.9261,0.00,184598.07,184598.07,0.0000,持有
2020-11-16,4904.17,14.44,0.9417,0.00,184598.07,184598.07,0.0000,持有
2020-11-17,4894.79,14.42,0.9401,0.00,184598.07,184598.07,0.0000,持有
2020-11-18,4891.67,14.44,0.9417,0.00,184598.07,184598.07,0.0000,持有
2020-11-19,4927.99,14.53,0.9565,0.00,184598.07,184598.07,0.0000,持有
2020-11-20,4943.29,14.56,0.9589,0.00,184598.07,184598.07,0.0000,持有
2020-11-23,5005.03,14.75,0.9696,0.00,184598.07,184598.07,0.0000,持有
2020-11-24,4974.29,14.66,0.9655,0.00,184598.07,184598.07,0.0000,持有
2020-11-25,4910.70,14.51,0.9524,0.00,184598.07,184598.07,0.0000,持有
2020-11-26,4919.59,14.55,0.9581,0.00,184598.07,184598.07,0.0000,持有
2020-11-27,4980.77,14.78,0.9704,0.00,184598.07,184598.07,0.0000,持有
2020-11-30,4960.25,14.71,0.9672,0.00,184598.07,184598.07,0.0000,持有
2020-12-01,5067.10,15.00,0.9770,0.00,184598.07,184598.07,0.0000,持有
2020-12-02,5067.14,14.98,0.9754,0.00,184598.07,184598.07,0.0000,持有
2020-12-03,5057.06,14.95,0.9737,0.00,184598.07,184598.07,0.0000,持有
2020-12-04,5065.92,14.95,0.9737,0.00,184598.07,184598.07,0.0000,持有
2020-12-07,5022.24,14.80,0.9713,0.00,184598.07,184598.07,0.0000,持有
2020-12-08,5009.88,14.74,0.9688,0.00,184598.07,184598.07,0.0000,持有
2020-12-09,4942.70,14.58,0.9614,0.00,184598.07,184598.07,0.0000,持有
2020-12-10,4940.52,14.56,0.9589,0.00,184598.07,184598.07,0.0000,持有
2020-12-11,4889.63,14.45,0.9458,0.00,184598.07,184598.07,0.0000,持有
2020-12-14,4934.84,15.01,0.9778,0.00,184598.07,184598.07,0.0000,持有
2020-12-15,4945.10,15.01,0.9778,0.00,184598.07,184598.07,0.0000,持有
2020-12-16,4953.87,15.03,0.9803,0.00,184598.07,184598.07,0.0000,持有
2020-12-17,5017.48,15.20,0.9877,0.00,184598.07,184598.07,0.0000,持有
2020-12-18,4999.97,15.15,0.9852,0.00,184598.07,184598.07,0.0000,持有
2020-12-21,5046.84,15.27,0.9910,0.00,184598.07,184598.07,0.0000,持有
2020-12-22,4964.77,15.01,0.9778,0.00,184598.07,184598.07,0.0000,持有
2020-12-23,5007.12,15.14,0.9844,0.00,184598.07,184598.07,0.0000,持有
2020-12-24,5000.02,15.12,0.9828,0.00,184598.07,184598.07,0.0000,持有
2020-12-25,5042.01,15.23,0.9901,0.00,184598.07,184598.07,0.0000,持有
2020-12-28,5064.41,15.29,0.9918,0.00,184598.07,184598.07,0.0000,持有
2020-12-29,5042.94,15.22,0.9893,0.00,184598.07,184598.07,0.0000,持有
2020-12-30,5113.71,15.39,0.9943,0.00,184598.07,184598.07,0.0000,持有
2020-12-31,5211.29,15.66,0.9992,0.00,184598.07,184598.07,0.0000,持有
2021-01-04,5267.72,15.79,1.0000,0.00,184598.07,184598.07,0.0000,持有
2021-01-05,5368.50,16.03,1.0000,0.00,184598.07,184598.07,0.0000,持有
2021-01-06,5417.67,16.19,1.0000,0.00,184598.07,184598.07,0.0000,持有
2021-01-07,5513.66,16.45,1.0000,0.00,184598.07,184598.07,0.0000,持有
2021-01-08,5495.43,16.42,1.0000,0.00,184598.07,184598.07,0.0000,持有
2021-01-11,5441.16,16.26,1.0000,0.00,184598.07,184598.07,0.0000,持有
2021-01-12,5596.35,16.68,1.0000,0.00,184598.07,184598.07,0.0000,持有
2021-01-13,5577.97,16.66,1.0000,0.00,184598.07,184598.07,0.0000,持有
2021-01-14,5470.46,16.41,1.0000,0.00,184598.07,184598.07,0.0000,持有
2021-01-15,5458.08,16.34,1.0000,0.00,184598.07,184598.07,0.0000,持有
2021-01-18,5518.52,16.46,1.0000,0.00,184598.07,184598.07,0.0000,持有
2021-01-19,5437.52,16.28,1.0000,0.00,184598.07,184598.07,0.0000,持有
2021-01-20,5476.43,16.35,1.0000,0.00,184598.07,184598.07,0.0000,持有
2021-01-21,5564.97,16.58,1.0000,0.00,184598.07,184598.07,0.0000,持有
2021-01-22,5569.78,16.52,1.0000,0.00,184598.07,184598.07,0.0000,持有
2021-01-25,5625.92,16.65,1.0000,0.00,184598.07,184598.07,0.0000,持有
2021-01-26,5512.97,16.37,1.0000,0.00,184598.07,184598.07,0.0000,持有
2021-01-27,5528.00,16.41,1.0000,0.00,184598.07,184598.07,0.0000,持有
2021-01-28,5377.14,16.00,1.0000,0.00,184598.07,184598.07,0.0000,持有
2021-01-29,5351.96,15.95,1.0000,0.00,184598.07,184598.07,0.0000,持有
2021-02-01,5417.65,16.10,1.0000,0.00,184598.07,184598.07,0.0000,持有
2021-02-02,5501.09,16.29,1.0000,0.00,184598.07,184598.07,0.0000,持有
2021-02-03,5485.20,16.22,1.0000,0.00,184598.07,184598.07,0.0000,持有
2021-02-04,5473.95,16.09,1.0000,0.00,184598.07,184598.07,0.0000,持有
2021-02-05,5483.41,16.15,1.0000,0.00,184598.07,184598.07,0.0000,持有
2021-02-08,5564.56,16.33,1.0000,0.00,184598.07,184598.07,0.0000,持有
2021-02-09,5686.25,16.64,1.0000,0.00,184598.07,184598.07,0.0000,持有
2021-02-10,5807.72,16.99,1.0000,0.00,184598.07,184598.07,0.0000,持有
2021-02-18,5768.38,16.92,1.0000,0.00,184598.07,184598.07,0.0000,持有
2021-02-19,5778.84,16.95,1.0000,0.00,184598.07,184598.07,0.0000,持有
2021-02-22,5597.33,16.59,1.0000,0.00,184598.07,184598.07,0.0000,持有
2021-02-23,5579.67,16.54,1.0000,0.00,184598.07,184598.07,0.0000,持有
2021-02-24,5437.57,16.13,1.0000,0.00,184598.07,184598.07,0.0000,持有
2021-02-25,5469.56,16.26,1.0000,0.00,184598.07,184598.07,0.0000,持有
2021-02-26,5336.76,15.87,1.0000,0.00,184598.07,184598.07,0.0000,持有
2021-03-01,5418.78,16.00,1.0000,0.00,184598.07,184598.07,0.0000,持有
2021-03-02,5349.63,15.78,1.0000,0.00,184598.07,184598.07,0.0000,持有
2021-03-03,5452.21,16.12,1.0000,0.00,184598.07,184598.07,0.0000,持有
2021-03-04,5280.71,15.69,1.0000,0.00,184598.07,184598.07,0.0000,持有
2021-03-05,5262.80,15.69,1.0000,0.00,184598.07,184598.07,0.0000,持有
2021-03-08,5080.02,15.22,0.9893,0.00,184598.07,184598.07,0.0000,持有
2021-03-09,4971.00,14.93,0.9737,0.00,184598.07,184598.07,0.0000,持有
2021-03-10,5003.61,14.97,0.9754,0.00,184598.07,184598.07,0.0000,持有
2021-03-11,5128.22,15.31,0.9934,0.00,184598.07,184598.07,0.0000,持有
2021-03-12,5146.38,15.35,0.9943,0.00,184598.07,184598.07,0.0000,持有
2021-03-15,5035.54,15.11,0.9828,0.00,184598.07,184598.07,0.0000,持有
2021-03-16,5079.36,15.23,0.9901,0.00,184598.07,184598.07,0.0000,持有
2021-03-17,5100.86,15.25,0.9910,0.00,184598.07,184598.07,0.0000,持有
2021-03-18,5141.77,15.34,0.9943,0.00,184598.07,184598.07,0.0000,持有
2021-03-19,5007.09,14.95,0.9737,0.00,184598.07,184598.07,0.0000,持有
2021-03-22,5057.15,15.09,0.9819,0.00,184598.07,184598.07,0.0000,持有
2021-03-23,5009.25,14.96,0.9754,0.00,184598.07,184598.07,0.0000,持有
2021-03-24,4928.69,14.76,0.9704,0.00,184598.07,184598.07,0.0000,持有
2021-03-25,4926.35,14.71,0.9672,0.00,184598.07,184598.07,0.0000,持有
2021-03-26,5037.99,14.98,0.9754,0.00,184598.07,184598.07,0.0000,持有
2021-03-29,5046.88,14.78,0.9704,0.00,184598.07,184598.07,0.0000,持有
2021-03-30,5094.73,14.87,0.9737,0.00,184598.07,184598.07,0.0000,持有
2021-03-31,5048.36,14.61,0.9631,0.00,184598.07,184598.07,0.0000,持有
2021-04-01,5110.78,14.74,0.9688,0.00,184598.07,184598.07,0.0000,持有
2021-04-02,5161.56,14.85,0.9737,0.00,184598.07,184598.07,0.0000,持有
2021-04-06,5140.34,14.81,0.9729,0.00,184598.07,184598.07,0.0000,持有
2021-04-07,5103.74,14.73,0.9688,0.00,184598.07,184598.07,0.0000,持有
2021-04-08,5112.21,14.75,0.9696,0.00,184598.07,184598.07,0.0000,持有
2021-04-09,5035.34,14.56,0.9589,0.00,184598.07,184598.07,0.0000,持有
2021-04-12,4947.75,14.35,0.9327,0.00,184598.07,184598.07,0.0000,持有
2021-04-13,4939.64,14.32,0.9294,0.00,184598.07,184598.07,0.0000,持有
2021-04-14,4980.63,14.42,0.9401,0.00,184598.07,184598.07,0.0000,持有
2021-04-15,4948.97,14.29,0.9253,0.00,184598.07,184598.07,0.0000,持有
2021-04-16,4966.18,14.34,0.9319,0.00,184598.07,184598.07,0.0000,持有
2021-04-19,5087.02,14.60,0.9631,0.00,184598.07,184598.07,0.0000,持有
2021-04-20,5083.37,14.57,0.9614,0.00,184598.07,184598.07,0.0000,持有
2021-04-21,5098.74,14.58,0.9614,0.00,184598.07,184598.07,0.0000,持有
2021-04-22,5089.24,14.50,0.9516,0.00,184598.07,184598.07,0.0000,持有
2021-04-23,5135.45,14.56,0.9589,0.00,184598.07,184598.07,0.0000,持有
2021-04-26,5077.24,14.36,0.9327,0.00,184598.07,184598.07,0.0000,持有
2021-04-27,5090.52,14.31,0.9294,0.00,184598.07,184598.07,0.0000,持有
2021-04-28,5119.24,14.35,0.9327,0.00,184598.07,184598.07,0.0000,持有
2021-04-29,5164.17,14.14,0.9007,0.00,184598.07,184598.07,0.0000,持有
2021-04-30,5123.49,13.52,0.7635,0.00,184598.07,184598.07,0.0000,持有
2021-05-06,5061.12,13.41,0.7586,0.00,184598.07,184598.07,0.0000,持有
2021-05-07,4996.05,13.29,0.7430,0.00,184598.07,184598.07,0.0000,持有
2021-05-10,4992.42,13.31,0.7447,0.00,184598.07,184598.07,0.0000,持有
2021-05-11,5023.06,13.38,0.7488,0.00,184598.07,184598.07,0.0000,持有
2021-05-12,5044.55,13.45,0.7619,0.00,184598.07,184598.07,0.0000,持有
2021-05-13,4992.97,13.32,0.7447,0.00,184598.07,184598.07,0.0000,持有
2021-05-14,5110.59,13.60,0.7693,0.00,184598.07,184598.07,0.0000,持有
2021-05-17,5184.99,13.77,0.7947,0.00,184598.07,184598.07,0.0000,持有
2021-05-18,5187.60,13.78,0.7972,0.00,184598.07,184598.07,0.0000,持有
2021-05-19,5172.27,13.73,0.7824,0.00,184598.07,184598.07,0.0000,持有
2021-05-20,5186.41,13.76,0.7890,0.00,184598.07,184598.07,0.0000,持有
2021-05-21,5134.15,13.63,0.7701,0.00,184598.07,184598.07,0.0000,持有
2021-05-24,5155.59,13.68,0.7742,0.00,184598.07,184598.07,0.0000,持有
2021-05-25,5318.48,14.07,0.8867,0.00,184598.07,184598.07,0.0000,持有
2021-05-26,5320.59,14.09,0.8892,0.00,184598.07,184598.07,0.0000,持有
2021-05-27,5338.23,14.12,0.8957,0.00,184598.07,184598.07,0.0000,持有
2021-05-28,5321.09,14.10,0.8916,0.00,184598.07,184598.07,0.0000,持有
2021-05-31,5331.57,14.09,0.8892,0.00,184598.07,184598.07,0.0000,持有
2021-06-01,5341.68,14.12,0.8957,0.00,184598.07,184598.07,0.0000,持有
2021-06-02,5289.97,14.01,0.8711,0.00,184598.07,184598.07,0.0000,持有
2021-06-03,5255.29,13.93,0.8489,0.00,184598.07,184598.07,0.0000,持有
2021-06-04,5282.28,13.99,0.8654,0.00,184598.07,184598.07,0.0000,持有
2021-06-07,5277.63,13.99,0.8654,0.00,184598.07,184598.07,0.0000,持有
2021-06-08,5232.12,13.90,0.8407,0.00,184598.07,184598.07,0.0000,持有
2021-06-09,5236.45,13.92,0.8432,0.00,184598.07,184598.07,0.0000,持有
2021-06-10,5271.47,13.99,0.8654,0.00,184598.07,184598.07,0.0000,持有
2021-06-11,5224.70,13.89,0.8383,0.00,184598.07,184598.07,0.0000,持有
2021-06-15,5166.56,14.23,0.9195,0.00,184598.07,184598.07,0.0000,持有
2021-06-16,5080.49,14.04,0.8777,0.00,184598.07,184598.07,0.0000,持有
2021-06-17,5101.89,14.05,0.8810,0.00,184598.07,184598.07,0.0000,持有
2021-06-18,5102.47,14.04,0.8777,0.00,184598.07,184598.07,0.0000,持有
2021-06-21,5090.39,14.01,0.8711,0.00,184598.07,184598.07,0.0000,持有
2021-06-22,5122.16,14.10,0.8916,0.00,184598.07,184598.07,0.0000,持有
2021-06-23,5147.39,14.15,0.9023,0.00,184598.07,184598.07,0.0000,持有
2021-06-24,5155.97,14.18,0.9122,0.00,184598.07,184598.07,0.0000,持有
2021-06-25,5239.97,14.39,0.9351,0.00,184598.07,184598.07,0.0000,持有
2021-06-28,5251.76,14.40,0.9351,0.00,184598.07,184598.07,0.0000,持有
2021-06-29,5190.54,14.24,0.9220,0.00,184598.07,184598.07,0.0000,持有
2021-06-30,5224.04,14.32,0.9294,0.00,184598.07,184598.07,0.0000,持有
2021-07-01,5229.66,14.33,0.9302,0.00,184598.07,184598.07,0.0000,持有
2021-07-02,5081.12,13.98,0.8637,0.00,184598.07,184598.07,0.0000,持有
2021-07-05,5085.79,14.01,0.8711,0.00,184598.07,184598.07,0.0000,持有
2021-07-06,5083.10,14.00,0.8670,0.00,184598.07,184598.07,0.0000,持有
2021-07-07,5140.49,14.11,0.8949,0.00,184598.07,184598.07,0.0000,持有
2021-07-08,5088.26,13.95,0.8571,0.00,184598.07,184598.07,0.0000,持有
2021-07-09,5069.44,13.89,0.8383,0.00,184598.07,184598.07,0.0000,持有
2021-07-12,5132.71,14.01,0.8711,0.00,184598.07,184598.07,0.0000,持有
2021-07-13,5142.10,14.03,0.8736,0.00,184598.07,184598.07,0.0000,持有
2021-07-14,5083.08,13.87,0.8317,0.00,184598.07,184598.07,0.0000,持有
2021-07-15,5151.46,14.01,0.8711,0.00,184598.07,184598.07,0.0000,持有
2021-07-16,5094.77,13.87,0.8317,0.00,184598.07,184598.07,0.0000,持有
2021-07-19,5113.49,13.89,0.8383,0.00,184598.07,184598.07,0.0000,持有
2021-07-20,5108.99,13.87,0.8317,0.00,184598.07,184598.07,0.0000,持有
2021-07-21,5144.04,13.95,0.8571,0.00,184598.07,184598.07,0.0000,持有
2021-07-22,5151.75,13.99,0.8654,0.00,184598.07,184598.07,0.0000,持有
2021-07-23,5089.23,13.87,0.8317,0.00,184598.07,184598.07,0.0000,持有
2021-07-26,4925.30,13.45,0.7619,0.00,184598.07,184598.07,0.0000,持有
2021-07-27,4751.31,13.03,0.7069,0.00,184598.07,184598.07,0.0000,持有
2021-07-28,4760.48,13.06,0.7159,0.00,184598.07,184598.07,0.0000,持有
2021-07-29,4850.27,13.23,0.7389,0.00,184598.07,184598.07,0.0000,持有
2021-07-30,4811.17,13.12,0.7225,0.00,184598.07,184598.07,0.0000,持有
2021-08-02,4933.74,13.42,0.7594,0.00,184598.07,184598.07,0.0000,持有
2021-08-03,4934.46,13.39,0.7512,0.00,184598.07,184598.07,0.0000,持有
2021-08-04,4978.85,13.49,0.7627,0.00,184598.07,184598.07,0.0000,持有
2021-08-05,4948.67,13.41,0.7586,0.00,184598.07,184598.07,0.0000,持有
2021-08-06,4921.56,13.35,0.7463,0.00,184598.07,184598.07,0.0000,持有
2021-08-09,4985.56,13.51,0.7627,0.00,184598.07,184598.07,0.0000,持有
2021-08-10,5043.15,13.64,0.7701,0.00,184598.07,184598.07,0.0000,持有
2021-08-11,5015.34,13.60,0.7693,0.00,184598.07,184598.07,0.0000,持有
2021-08-12,4973.35,13.52,0.7635,0.00,184598.07,184598.07,0.0000,持有
2021-08-13,4945.98,13.45,0.7619,0.00,184598.07,184598.07,0.0000,持有
2021-08-16,4941.07,13.41,0.7586,0.00,184598.07,184598.07,0.0000,持有
2021-08-17,4837.40,13.15,0.7274,0.00,184598.07,184598.07,0.0000,持有
2021-08-18,4894.24,13.31,0.7447,0.00,184598.07,184598.07,0.0000,持有
2021-08-19,4862.14,13.22,0.7389,0.00,184598.07,184598.07,0.0000,持有
2021-08-20,4769.27,13.00,0.7028,0.00,184598.07,184598.07,0.0000,持有
2021-08-23,4835.88,13.14,0.7266,0.00,184598.07,184598.07,0.0000,持有
2021-08-24,4888.39,13.25,0.7414,0.00,184598.07,184598.07,0.0000,持有
2021-08-25,4898.16,13.26,0.7414,0.00,184598.07,184598.07,0.0000,持有
2021-08-26,4801.61,13.03,0.7069,0.00,184598.07,184598.07,0.0000,持有
2021-08-27,4827.04,12.96,0.6921,0.00,184598.07,184598.07,0.0000,持有
2021-08-30,4813.27,12.60,0.6133,0.00,184598.07,184598.07,0.0000,持有
2021-08-31,4805.61,12.41,0.5616,0.00,184598.07,184598.07,0.0000,持有
2021-09-01,4869.46,12.59,0.6108,0.00,184598.07,184598.07,0.0000,持有
2021-09-02,4869.41,12.60,0.6133,0.00,184598.07,184598.07,0.0000,持有
2021-09-03,4843.06,12.55,0.6018,0.00,184598.07,184598.07,0.0000,持有
2021-09-06,4933.73,12.75,0.6388,0.00,184598.07,184598.07,0.0000,持有
2021-09-07,4992.83,12.90,0.6724,0.00,184598.07,184598.07,0.0000,持有
2021-09-08,4972.13,12.87,0.6617,0.00,184598.07,184598.07,0.0000,持有
2021-09-09,4970.01,12.90,0.6724,0.00,184598.07,184598.07,0.0000,持有
2021-09-10,5013.52,12.98,0.6970,0.00,184598.07,184598.07,0.0000,持有
2021-09-13,4991.66,12.98,0.6970,0.00,184598.07,184598.07,0.0000,持有
2021-09-14,4917.16,12.79,0.6437,0.00,184598.07,184598.07,0.0000,持有
2021-09-15,4867.32,12.68,0.6273,0.00,184598.07,184598.07,0.0000,持有
2021-09-16,4807.70,12.54,0.5985,0.00,184598.07,184598.07,0.0000,持有
2021-09-17,4855.94,12.62,0.6190,0.00,184598.07,184598.07,0.0000,持有
2021-09-22,4821.77,12.56,0.6034,0.00,184598.07,184598.07,0.0000,持有
2021-09-23,4853.20,12.62,0.6190,0.00,184598.07,184598.07,0.0000,持有
2021-09-24,4849.43,12.58,0.6100,0.00,184598.07,184598.07,0.0000,持有
2021-09-27,4877.37,12.64,0.6240,0.00,184598.07,184598.07,0.0000,持有
2021-09-28,4883.83,12.69,0.6289,0.00,184598.07,184598.07,0.0000,持有
2021-09-29,4833.93,12.55,0.6018,0.00,184598.07,184598.07,0.0000,持有
2021-09-30,4866.38,12.61,0.6174,0.00,184598.07,184598.07,0.0000,持有
2021-10-08,4929.94,12.77,0.6412,0.00,184598.07,184598.07,0.0000,持有
2021-10-11,4936.19,12.80,0.6470,0.00,184598.07,184598.07,0.0000,持有
2021-10-12,4883.84,12.67,0.6273,0.00,184598.07,184598.07,0.0000,持有
2021-10-13,4940.11,12.76,0.6412,0.00,184598.07,184598.07,0.0000,持有
2021-10-14,4913.61,12.70,0.6322,0.00,184598.07,184598.07,0.0000,持有
2021-10-15,4932.11,12.76,0.6412,0.00,184598.07,184598.07,0.0000,持有
2021-10-18,4874.78,12.64,0.6240,0.00,184598.07,184598.07,0.0000,持有
2021-10-19,4922.72,12.77,0.6412,0.00,184598.07,184598.07,0.0000,持有
2021-10-20,4910.18,12.73,0.6355,0.00,184598.07,184598.07,0.0000,持有
2021-10-21,4928.02,12.78,0.6420,0.00,184598.07,184598.07,0.0000,持有
2021-10-22,4959.73,12.82,0.6494,0.00,184598.07,184598.07,0.0000,持有
2021-10-25,4979.52,12.86,0.6601,0.00,184598.07,184598.07,0.0000,持有
2021-10-26,4963.10,12.80,0.6470,0.00,184598.07,184598.07,0.0000,持有
2021-10-27,4898.16,12.62,0.6190,0.00,184598.07,184598.07,0.0000,持有
2021-10-28,4864.14,12.50,0.5895,0.00,184598.07,184598.07,0.0000,持有
2021-10-29,4908.77,12.67,0.6273,0.00,184598.07,184598.07,0.0000,持有
2021-11-01,4890.69,12.43,0.5690,0.00,184598.07,184598.07,0.0000,持有
2021-11-02,4839.85,12.30,0.5230,0.00,184598.07,184598.07,0.0000,持有
2021-11-03,4821.11,12.24,0.5008,0.00,184598.07,184598.07,0.0000,持有
2021-11-04,4868.74,12.35,0.5411,0.00,184598.07,184598.07,0.0000,持有
2021-11-05,4842.35,12.27,0.5123,0.00,184598.07,184598.07,0.0000,持有
2021-11-08,4848.18,12.28,0.5156,0.00,184598.07,184598.07,0.0000,持有
2021-11-09,4846.74,12.28,0.5156,0.00,184598.07,184598.07,0.0000,持有
2021-11-10,4821.19,12.21,0.4918,0.00,184598.07,184598.07,0.0000,持有
2021-11-11,4898.65,12.39,0.5542,0.00,184598.07,184598.07,0.0000,持有
2021-11-12,4888.37,12.35,0.5411,0.00,184598.07,184598.07,0.0000,持有
2021-11-15,4882.38,12.33,0.5345,0.00,184598.07,184598.07,0.0000,持有
2021-11-16,4883.32,12.34,0.5394,0.00,184598.07,184598.07,0.0000,持有
2021-11-17,4885.75,12.35,0.5411,0.00,184598.07,184598.07,0.0000,持有
2021-11-18,4837.62,12.25,0.5033,0.00,184598.07,184598.07,0.0000,持有
2021-11-19,4890.06,12.38,0.5517,0.00,184598.07,184598.07,0.0000,持有
2021-11-22,4912.40,12.43,0.5690,0.00,184598.07,184598.07,0.0000,持有
2021-11-23,4913.35,12.44,0.5739,0.00,184598.07,184598.07,0.0000,持有
2021-11-24,4916.66,12.46,0.5788,0.00,184598.07,184598.07,0.0000,持有
2021-11-25,4896.44,12.40,0.5591,0.00,184598.07,184598.07,0.0000,持有
2021-11-26,4860.13,12.31,0.5255,0.00,184598.07,184598.07,0.0000,持有
2021-11-29,4851.42,12.28,0.5156,0.00,184598.07,184598.07,0.0000,持有
2021-11-30,4832.03,12.25,0.5033,0.00,184598.07,184598.07,0.0000,持有
2021-12-01,4843.85,12.30,0.5230,0.00,184598.07,184598.07,0.0000,持有
2021-12-02,4856.16,12.34,0.5394,0.00,184598.07,184598.07,0.0000,持有
2021-12-03,4901.02,12.44,0.5739,0.00,184598.07,184598.07,0.0000,持有
2021-12-06,4892.62,12.43,0.5690,0.00,184598.07,184598.07,0.0000,持有
2021-12-07,4922.10,12.49,0.5870,0.00,184598.07,184598.07,0.0000,持有
2021-12-08,4995.93,12.65,0.6248,0.00,184598.07,184598.07,0.0000,持有
2021-12-09,5078.69,12.84,0.6544,0.00,184598.07,184598.07,0.0000,持有
2021-12-10,5055.12,12.78,0.6420,0.00,184598.07,184598.07,0.0000,持有
2021-12-13,5083.80,13.72,0.7800,0.00,184598.07,184598.07,0.0000,持有
2021-12-14,5049.70,13.62,0.7701,0.00,184598.07,184598.07,0.0000,持有
2021-12-15,5005.90,13.52,0.7635,0.00,184598.07,184598.07,0.0000,持有
2021-12-16,5034.73,13.60,0.7693,0.00,184598.07,184598.07,0.0000,持有
2021-12-17,4954.76,13.42,0.7594,0.00,184598.07,184598.07,0.0000,持有
2021-12-20,4880.42,13.25,0.7414,0.00,184598.07,184598.07,0.0000,持有
2021-12-21,4913.49,13.35,0.7463,0.00,184598.07,184598.07,0.0000,持有
2021-12-22,4914.45,13.34,0.7455,0.00,184598.07,184598.07,0.0000,持有
2021-12-23,4948.74,13.43,0.7594,0.00,184598.07,184598.07,0.0000,持有
2021-12-24,4921.34,13.36,0.7479,0.00,184598.07,184598.07,0.0000,持有
2021-12-27,4919.32,13.35,0.7463,0.00,184598.07,184598.07,0.0000,持有
2021-12-28,4955.96,13.43,0.7594,0.00,184598.07,184598.07,0.0000,持有
2021-12-29,4883.48,13.25,0.7414,0.00,184598.07,184598.07,0.0000,持有
2021-12-30,4921.51,13.33,0.7455,0.00,184598.07,184598.07,0.0000,持有
2021-12-31,4940.37,13.37,0.7479,0.00,184598.07,184598.07,0.0000,持有
2022-01-04,4917.77,13.33,0.7455,0.00,184598.07,184598.07,0.0000,持有
2022-01-05,4868.12,13.23,0.7389,0.00,184598.07,184598.07,0.0000,持有
2022-01-06,4818.23,13.12,0.7225,0.00,184598.07,184598.07,0.0000,持有
2022-01-07,4822.37,13.16,0.7291,0.00,184598.07,184598.07,0.0000,持有
2022-01-10,4844.05,13.21,0.7389,0.00,184598.07,184598.07,0.0000,持有
2022-01-11,4797.77,13.09,0.7200,0.00,184598.07,184598.07,0.0000,持有
2022-01-12,4845.58,13.19,0.7323,0.00,184598.07,184598.07,0.0000,持有
2022-01-13,4765.92,13.02,0.7053,0.00,184598.07,184598.07,0.0000,持有
2022-01-14,4726.73,12.88,0.6650,0.00,184598.07,184598.07,0.0000,持有
2022-01-17,4767.28,12.94,0.6880,0.00,184598.07,184598.07,0.0000,持有
2022-01-18,4813.35,13.08,0.7192,0.00,184598.07,184598.07,0.0000,持有
2022-01-19,4780.38,13.00,0.7028,0.00,184598.07,184598.07,0.0000,持有
2022-01-20,4823.51,13.11,0.7217,0.00,184598.07,184598.07,0.0000,持有
2022-01-21,4779.31,12.99,0.6995,0.00,184598.07,184598.07,0.0000,持有
2022-01-24,4786.74,13.00,0.7028,0.00,184598.07,184598.07,0.0000,持有
2022-01-25,4678.45,12.72,0.6346,0.00,184598.07,184598.07,0.0000,持有
2022-01-26,4712.31,12.82,0.6494,0.00,184598.07,184598.07,0.0000,持有
2022-01-27,4619.88,12.60,0.6133,0.00,184598.07,184598.07,0.0000,持有
2022-01-28,4563.77,12.44,0.5739,0.00,184598.07,184598.07,0.0000,持有
2022-02-07,4634.09,12.69,0.6289,0.00,184598.07,184598.07,0.0000,持有
2022-02-08,4608.77,12.69,0.6289,0.00,184598.07,184598.07,0.0000,持有
2022-02-09,4652.06,12.79,0.6437,0.00,184598.07,184598.07,0.0000,持有
2022-02-10,4639.86,12.77,0.6412,0.00,184598.07,184598.07,0.0000,持有
2022-02-11,4601.40,12.72,0.6346,0.00,184598.07,184598.07,0.0000,持有
2022-02-14,4551.69,12.56,0.6034,0.00,184598.07,184598.07,0.0000,持有
2022-02-15,4600.10,12.65,0.6248,0.00,184598.07,184598.07,0.0000,持有
2022-02-16,4617.99,12.70,0.6322,0.00,184598.07,184598.07,0.0000,持有
2022-02-17,4629.16,12.71,0.6330,0.00,184598.07,184598.07,0.0000,持有
2022-02-18,4651.24,12.78,0.6420,0.00,184598.07,184598.07,0.0000,持有
2022-02-21,4634.31,12.73,0.6355,0.00,184598.07,184598.07,0.0000,持有
2022-02-22,4574.15,12.59,0.6108,0.00,184598.07,184598.07,0.0000,持有
2022-02-23,4623.05,12.68,0.6273,0.00,184598.07,184598.07,0.0000,持有
2022-02-24,4529.32,12.45,0.5780,0.00,184598.07,184598.07,0.0000,持有
2022-02-25,4573.42,12.53,0.5952,0.00,184598.07,184598.07,0.0000,持有
2022-02-28,4581.65,12.57,0.6084,0.00,184598.07,184598.07,0.0000,持有
2022-03-01,4619.69,12.66,0.6248,0.00,184598.07,184598.07,0.0000,持有
2022-03-02,4578.60,12.58,0.6100,0.00,184598.07,184598.07,0.0000,持有
2022-03-03,4551.63,12.54,0.5985,0.00,184598.07,184598.07,0.0000,持有
2022-03-04,4496.43,12.40,0.5591,0.00,184598.07,184598.07,0.0000,持有
2022-03-07,4352.78,12.06,0.4319,0.00,184598.07,184598.07,0.0000,持有
2022-03-08,4265.39,11.83,0.3596,0.00,184598.07,184598.07,0.0000,持有
2022-03-09,4226.35,11.71,0.3186,0.00,184598.07,184598.07,0.0000,持有
2022-03-10,4292.84,11.84,0.3612,0.00,184598.07,184598.07,0.0000,持有
2022-03-11,4306.52,11.83,0.3596,0.00,184598.07,184598.07,0.0000,持有
2022-03-14,4174.76,11.50,0.2430,0.00,184598.07,184598.07,0.0000,买入(补至30%)
2022-03-15,3983.81,10.98,0.1043,51789.53,130964.02,182753.55,0.2834,买入(补至70%)
2022-03-16,4156.08,11.38,0.2020,132994.56,53951.27,186945.83,0.7114,持有
2022-03-17,4237.70,11.56,0.2619,135606.40,53951.27,189557.67,0.7154,持有
2022-03-18,4265.90,11.72,0.3218,136508.80,53951.27,190460.07,0.7167,持有
2022-03-21,4258.75,11.69,0.3095,136280.00,53951.27,190231.27,0.7164,持有
2022-03-22,4255.30,11.71,0.3186,136169.60,53951.27,190120.87,0.7162,持有
2022-03-23,4276.52,11.76,0.3325,136848.64,53951.27,190799.91,0.7172,持有
2022-03-24,4251.31,11.70,0.3120,136041.92,53951.27,189993.19,0.7160,持有
2022-03-25,4174.57,11.54,0.2537,133586.24,53951.27,187537.51,0.7123,持有
2022-03-28,4148.47,11.52,0.2488,132751.04,53951.27,186702.31,0.7110,持有
2022-03-29,4134.14,11.50,0.2430,132292.48,53951.27,186243.75,0.7103,持有
2022-03-30,4254.10,11.73,0.3276,136131.20,53951.27,190082.47,0.7162,持有
2022-03-31,4222.60,11.72,0.3218,135123.20,53951.27,189074.47,0.7147,持有
2022-04-01,4276.16,11.83,0.3596,136837.12,53951.27,190788.39,0.7172,持有
2022-04-06,4263.84,11.82,0.3563,136442.88,53951.27,190394.15,0.7166,持有
2022-04-07,4209.10,11.68,0.3071,134691.20,53951.27,188642.47,0.7140,持有
2022-04-08,4230.77,11.76,0.3325,135384.64,53951.27,189335.91,0.7150,持有
2022-04-11,4100.07,11.45,0.2217,131202.24,53951.27,185153.51,0.7086,持有
2022-04-12,4179.97,11.63,0.2915,133759.04,53951.27,187710.31,0.7126,持有
2022-04-13,4139.74,11.55,0.2578,132471.68,53951.27,186422.95,0.7106,持有
2022-04-14,4191.57,11.68,0.3071,134130.24,53951.27,188081.51,0.7131,持有
2022-04-15,4188.75,11.66,0.3005,134040.00,53951.27,187991.27,0.7130,持有
2022-04-18,4166.38,11.56,0.2619,133324.16,53951.27,187275.43,0.7119,持有
2022-04-19,4134.90,11.51,0.2447,132316.80,53951.27,186268.07,0.7104,持有
2022-04-20,4070.79,11.36,0.1954,130265.28,53951.27,184216.55,0.7071,持有
2022-04-21,3995.83,11.18,0.1527,127866.56,53951.27,181817.83,0.7033,持有
2022-04-22,4013.25,11.24,0.1634,128424.00,53951.27,182375.27,0.7042,持有
2022-04-25,3814.91,10.76,0.0714,122077.12,53951.27,176028.39,0.6935,买入(补至100%)
2022-04-26,3784.12,10.67,0.0632,174069.52,433.73,174503.25,0.9975,持有
2022-04-27,3895.54,10.87,0.0911,179194.84,433.73,179628.57,0.9976,持有
2022-04-28,3921.11,10.92,0.0952,180371.06,433.73,180804.79,0.9976,持有
2022-04-29,4016.24,11.21,0.1585,184747.04,433.73,185180.77,0.9977,持有
2022-05-05,4010.21,11.11,0.1404,184469.66,433.73,184903.39,0.9977,持有
2022-05-06,3908.82,10.85,0.0887,179805.72,433.73,180239.45,0.9976,持有
2022-05-09,3877.44,10.79,0.0764,178362.24,433.73,178795.97,0.9976,持有
2022-05-10,3919.87,10.87,0.0911,180314.02,433.73,180747.75,0.9976,持有
2022-05-11,3976.42,10.99,0.1092,182915.32,433.73,183349.05,0.9976,持有
2022-05-12,3958.74,10.96,0.1002,182102.04,433.73,182535.77,0.9976,持有
2022-05-13,3988.60,11.05,0.1264,183475.60,433.73,183909.33,0.9976,持有
2022-05-16,3956.54,10.97,0.1010,182000.84,433.73,182434.57,0.9976,持有
2022-05-17,4005.89,11.09,0.1371,184270.94,433.73,184704.67,0.9977,持有
2022-05-18,3991.91,11.05,0.1264,183627.86,433.73,184061.59,0.9976,持有
2022-05-19,3999.60,11.07,0.1322,183981.60,433.73,184415.33,0.9976,持有
2022-05-20,4077.60,11.26,0.1683,187569.60,433.73,188003.33,0.9977,持有
2022-05-23,4053.98,11.20,0.1560,186483.08,433.73,186916.81,0.9977,持有
2022-05-24,3959.15,10.99,0.1092,182120.90,433.73,182554.63,0.9976,持有
2022-05-25,3983.18,11.06,0.1281,183226.28,433.73,183660.01,0.9976,持有
2022-05-26,3993.04,11.09,0.1371,183679.84,433.73,184113.57,0.9976,持有
2022-05-27,4001.30,11.12,0.1437,184059.80,433.73,184493.53,0.9976,持有
2022-05-30,4029.02,11.18,0.1527,185334.92,433.73,185768.65,0.9977,持有
2022-05-31,4091.52,11.32,0.1806,188209.92,433.73,188643.65,0.9977,持有
2022-06-01,4083.18,11.30,0.1765,187826.28,433.73,188260.01,0.9977,持有
2022-06-02,4089.57,11.31,0.1790,188120.22,433.73,188553.95,0.9977,持有
2022-06-06,4166.09,11.47,0.2299,191640.14,433.73,192073.87,0.9977,持有
2022-06-07,4179.13,11.50,0.2430,192239.98,433.73,192673.71,0.9977,持有
2022-06-08,4219.81,11.61,0.2857,194111.26,433.73,194544.99,0.9978,持有
2022-06-09,4175.67,11.53,0.2529,192080.82,433.73,192514.55,0.9977,持有
2022-06-10,4238.99,11.70,0.3120,194993.54,433.73,195427.27,0.9978,持有
2022-06-13,4189.35,11.70,0.3120,192710.10,433.73,193143.83,0.9978,持有
2022-06-14,4222.31,11.82,0.3563,194226.26,433.73,194659.99,0.9978,持有
2022-06-15,4278.22,11.95,0.3957,196798.12,433.73,197231.85,0.9978,持有
2022-06-16,4250.06,11.84,0.3612,195502.76,433.73,195936.49,0.9978,持有
2022-06-17,4309.04,11.97,0.4056,198215.84,433.73,198649.57,0.9978,持有
2022-06-20,4330.43,11.97,0.4056,199199.78,433.73,199633.51,0.9978,持有
2022-06-21,4325.57,11.98,0.4080,198976.22,433.73,199409.95,0.9978,持有
2022-06-22,4270.62,11.83,0.3596,196448.52,433.73,196882.25,0.9978,持有
2022-06-23,4343.88,12.02,0.4204,199818.48,433.73,200252.21,0.9978,持有
2022-06-24,4394.77,12.12,0.4598,202159.42,433.73,202593.15,0.9979,持有
2022-06-27,4444.26,12.23,0.4967,204435.96,433.73,204869.69,0.9979,持有
2022-06-28,4490.52,12.32,0.5312,206563.92,433.73,206997.65,0.9979,持有
2022-06-29,4421.36,12.18,0.4844,203382.56,433.73,203816.29,0.9979,持有
2022-06-30,4485.01,12.31,0.5255,206310.46,433.73,206744.19,0.9979,持有
2022-07-01,4466.72,12.26,0.5090,205469.12,433.73,205902.85,0.9979,持有
2022-07-04,4496.03,12.33,0.5345,206817.38,433.73,207251.11,0.9979,持有
2022-07-05,4489.54,12.31,0.5255,206518.84,433.73,206952.57,0.9979,持有
2022-07-06,4423.97,12.15,0.4729,203502.62,433.73,203936.35,0.9979,持有
2022-07-07,4443.47,12.18,0.4844,204399.62,433.73,204833.35,0.9979,持有
2022-07-08,4428.78,12.13,0.4647,203723.88,433.73,204157.61,0.9979,持有
2022-07-11,4354.62,11.95,0.3957,200312.52,433.73,200746.25,0.9978,持有
2022-07-12,4313.62,11.84,0.3612,198426.52,433.73,198860.25,0.9978,持有
2022-07-13,4321.46,11.84,0.3612,198787.16,433.73,199220.89,0.9978,持有
2022-07-14,4322.07,11.81,0.3522,198815.22,433.73,199248.95,0.9978,持有
2022-07-15,4248.53,11.61,0.2857,195432.38,433.73,195866.11,0.9978,持有
2022-07-18,4292.59,11.74,0.3284,197459.14,433.73,197892.87,0.9978,持有
2022-07-19,4269.34,11.70,0.3120,196389.64,433.73,196823.37,0.9978,持有
2022-07-20,4283.80,11.75,0.3292,197054.80,433.73,197488.53,0.9978,持有
2022-07-21,4236.06,11.62,0.2890,194858.76,433.73,195292.49,0.9978,持有
2022-07-22,4238.23,11.63,0.2915,194958.58,433.73,195392.31,0.9978,持有
2022-07-25,4212.64,11.58,0.2668,193781.44,433.73,194215.17,0.9978,持有
2022-07-26,4245.98,11.65,0.2989,195315.08,433.73,195748.81,0.9978,持有
2022-07-27,4225.04,11.58,0.2668,194351.84,433.73,194785.57,0.9978,持有
2022-07-28,4225.67,11.58,0.2668,194380.82,433.73,194814.55,0.9978,持有
2022-07-29,4170.10,11.44,0.2192,191824.60,433.73,192258.33,0.9977,持有
2022-08-01,4188.68,11.48,0.2348,192679.28,433.73,193113.01,0.9978,持有
2022-08-02,4107.02,11.28,0.1708,188922.92,433.73,189356.65,0.9977,持有
2022-08-03,4066.98,11.18,0.1527,187081.08,433.73,187514.81,0.9977,持有
2022-08-04,4101.54,11.28,0.1708,188670.84,433.73,189104.57,0.9977,持有
2022-08-05,4156.91,11.41,0.2118,191217.86,433.73,191651.59,0.9977,持有
2022-08-08,4148.07,11.39,0.2036,190811.22,433.73,191244.95,0.9977,持有
2022-08-09,4156.29,11.41,0.2118,191189.34,433.73,191623.07,0.9977,持有
2022-08-10,4109.74,11.30,0.1765,189048.04,433.73,189481.77,0.9977,持有
2022-08-11,4193.54,11.52,0.2488,192902.84,433.73,193336.57,0.9978,持有
2022-08-12,4191.15,11.50,0.2430,192792.90,433.73,193226.63,0.9978,持有
2022-08-15,4185.68,11.47,0.2299,192541.28,433.73,192975.01,0.9978,持有
2022-08-16,4177.84,11.43,0.2176,192180.64,433.73,192614.37,0.9977,持有
2022-08-17,4216.96,11.53,0.2529,193980.16,433.73,194413.89,0.9978,持有
2022-08-18,4180.10,11.43,0.2176,192284.60,433.73,192718.33,0.9977,持有
2022-08-19,4151.07,11.38,0.2020,190949.22,433.73,191382.95,0.9977,持有
2022-08-22,4181.40,11.45,0.2217,192344.40,433.73,192778.13,0.9978,持有
2022-08-23,4161.08,11.39,0.2036,191409.68,433.73,191843.41,0.9977,持有
2022-08-24,4082.42,11.18,0.1527,187791.32,433.73,188225.05,0.9977,持有
2022-08-25,4116.24,11.29,0.1732,189347.04,433.73,189780.77,0.9977,持有
2022-08-26,4107.55,11.21,0.1585,188947.30,433.73,189381.03,0.9977,持有
2022-08-29,4089.52,11.11,0.1404,188117.92,433.73,188551.65,0.9977,持有
2022-08-30,4075.79,11.10,0.1379,187486.34,433.73,187920.07,0.9977,持有
2022-08-31,4078.84,11.02,0.1149,187626.64,433.73,188060.37,0.9977,持有
2022-09-01,4043.74,10.95,0.1002,186012.04,433.73,186445.77,0.9977,持有
2022-09-02,4023.61,10.89,0.0936,185086.06,433.73,185519.79,0.9977,持有
2022-09-05,4015.43,10.90,0.0944,184709.78,433.73,185143.51,0.9977,持有
2022-09-06,4052.28,10.98,0.1043,186404.88,433.73,186838.61,0.9977,持有
2022-09-07,4054.98,10.99,0.1092,186529.08,433.73,186962.81,0.9977,持有
2022-09-08,4037.68,10.96,0.1002,185733.28,433.73,186167.01,0.9977,持有
2022-09-09,4093.79,11.10,0.1379,188314.34,433.73,188748.07,0.9977,持有
2022-09-13,4111.11,11.13,0.1445,189111.06,433.73,189544.79,0.9977,持有
2022-09-14,4065.36,11.02,0.1149,187006.56,433.73,187440.29,0.9977,持有
2022-09-15,4027.12,10.95,0.1002,185247.52,433.73,185681.25,0.9977,持有
2022-09-16,3932.68,10.70,0.0665,180903.28,433.73,181337.01,0.9976,持有
2022-09-19,3928.00,10.70,0.0665,180688.00,433.73,181121.73,0.9976,持有
2022-09-20,3932.84,10.70,0.0665,180910.64,433.73,181344.37,0.9976,持有
2022-09-21,3903.73,10.65,0.0591,179571.58,433.73,180005.31,0.9976,持有
2022-09-22,3869.34,10.59,0.0493,177989.64,433.73,178423.37,0.9976,持有
2022-09-23,3856.02,10.60,0.0517,177376.92,433.73,177810.65,0.9976,持有
2022-09-26,3836.68,10.51,0.0411,176487.28,433.73,176921.01,0.9975,持有
2022-09-27,3892.30,10.64,0.0583,179045.80,433.73,179479.53,0.9976,持有
2022-09-28,3828.71,10.51,0.0411,176120.66,433.73,176554.39,0.9975,持有
2022-09-29,3827.14,10.50,0.0386,176048.44,433.73,176482.17,0.9975,持有
2022-09-30,3804.89,10.47,0.0369,175024.94,433.73,175458.67,0.9975,持有
2022-10-10,3720.94,10.29,0.0140,171163.24,433.73,171596.97,0.9975,持有
2022-10-11,3727.69,10.30,0.0148,171473.74,433.73,171907.47,0.9975,持有
2022-10-12,3784.31,10.43,0.0279,174078.26,433.73,174511.99,0.9975,持有
2022-10-13,3752.67,10.34,0.0156,172622.82,433.73,173056.55,0.9975,持有
2022-10-14,3842.47,10.52,0.0419,176753.62,433.73,177187.35,0.9976,持有
2022-10-17,3846.41,10.51,0.0411,176934.86,433.73,177368.59,0.9976,持有
2022-10-18,3838.27,10.48,0.0386,176560.42,433.73,176994.15,0.9975,持有
2022-10-19,3776.53,10.34,0.0156,173720.38,433.73,174154.11,0.9975,持有
2022-10-20,3754.93,10.30,0.0148,172726.78,433.73,173160.51,0.9975,持有
2022-10-21,3742.89,10.25,0.0115,172172.94,433.73,172606.67,0.9975,持有
2022-10-24,3633.37,9.98,0.0016,167135.02,433.73,167568.75,0.9974,持有
2022-10-25,3627.45,9.97,0.0016,166862.70,433.73,167296.43,0.9974,持有
2022-10-26,3656.90,10.04,0.0025,168217.40,433.73,168651.13,0.9974,持有
2022-10-27,3631.14,10.00,0.0016,167032.44,433.73,167466.17,0.9974,持有
2022-10-28,3541.33,9.73,0.0000,162901.18,433.73,163334.91,0.9973,持有
2022-10-31,3508.70,9.61,0.0000,161400.20,433.73,161833.93,0.9973,持有
2022-11-01,3634.17,9.89,0.0000,167171.82,433.73,167605.55,0.9974,持有
2022-11-02,3677.81,9.99,0.0016,169179.26,433.73,169612.99,0.9974,持有
2022-11-03,3647.90,9.92,0.0000,167803.40,433.73,168237.13,0.9974,持有
2022-11-04,3767.17,10.20,0.0099,173289.82,433.73,173723.55,0.9975,持有
2022-11-07,3775.30,10.22,0.0107,173663.80,433.73,174097.53,0.9975,持有
2022-11-08,3749.33,10.17,0.0074,172469.18,433.73,172902.91,0.9975,持有
2022-11-09,3714.27,10.08,0.0033,170856.42,433.73,171290.15,0.9975,持有
2022-11-10,3685.69,10.03,0.0016,169541.74,433.73,169975.47,0.9974,持有
2022-11-11,3788.44,10.28,0.0140,174268.24,433.73,174701.97,0.9975,持有
2022-11-14,3794.02,10.29,0.0140,174524.92,433.73,174958.65,0.9975,持有
2022-11-15,3865.97,10.45,0.0312,177834.62,433.73,178268.35,0.9976,持有
2022-11-16,3834.39,10.38,0.0238,176381.94,433.73,176815.67,0.9975,持有
2022-11-17,3818.66,10.33,0.0148,175658.36,433.73,176092.09,0.9975,持有
2022-11-18,3801.57,10.30,0.0148,174872.22,433.73,175305.95,0.9975,持有
2022-11-21,3769.13,10.22,0.0107,173379.98,433.73,173813.71,0.9975,持有
2022-11-22,3769.57,10.28,0.0140,173400.22,433.73,173833.95,0.9975,持有
2022-11-23,3773.53,10.31,0.0148,173582.38,433.73,174016.11,0.9975,持有
2022-11-24,3756.81,10.26,0.0123,172813.26,433.73,173246.99,0.9975,持有
2022-11-25,3775.78,10.37,0.0222,173685.88,433.73,174119.61,0.9975,持有
2022-11-28,3733.24,10.25,0.0115,171729.04,433.73,172162.77,0.9975,持有
2022-11-29,3848.42,10.54,0.0435,177027.32,433.73,177461.05,0.9976,持有
2022-11-30,3853.04,10.57,0.0460,177239.84,433.73,177673.57,0.9976,持有
2022-12-01,3894.77,10.64,0.0583,179159.42,433.73,179593.15,0.9976,持有
2022-12-02,3870.95,10.57,0.0460,178063.70,433.73,178497.43,0.9976,持有
2022-12-05,3946.88,10.81,0.0788,181556.48,433.73,181990.21,0.9976,持有
2022-12-06,3968.20,10.86,0.0903,182537.20,433.73,182970.93,0.9976,持有
2022-12-07,3958.44,10.80,0.0780,182088.24,433.73,182521.97,0.9976,持有
2022-12-08,3959.18,10.80,0.0780,182122.28,433.73,182556.01,0.9976,持有
2022-12-09,3998.24,10.88,0.0920,183919.04,433.73,184352.77,0.9976,持有
2022-12-12,3953.44,10.80,0.0780,181858.24,433.73,182291.97,0.9976,持有
2022-12-13,3945.68,10.80,0.0780,181501.28,433.73,181935.01,0.9976,持有
2022-12-14,3954.89,10.81,0.0788,181924.94,433.73,182358.67,0.9976,持有
2022-12-15,3951.99,10.79,0.0764,181791.54,433.73,182225.27,0.9976,持有
2022-12-16,3954.23,10.81,0.0788,181894.58,433.73,182328.31,0.9976,持有
2022-12-19,3893.22,10.63,0.0567,179088.12,433.73,179521.85,0.9976,持有
2022-12-20,3829.02,10.48,0.0386,176134.92,433.73,176568.65,0.9975,持有
2022-12-21,3830.54,10.49,0.0386,176204.84,433.73,176638.57,0.9975,持有
2022-12-22,3836.03,10.51,0.0411,176457.38,433.73,176891.11,0.9975,持有
2022-12-23,3828.22,10.50,0.0386,176098.12,433.73,176531.85,0.9975,持有
2022-12-26,3843.49,10.52,0.0419,176800.54,433.73,177234.27,0.9976,持有
2022-12-27,3887.85,10.64,0.0583,178841.10,433.73,179274.83,0.9976,持有
2022-12-28,3871.26,10.62,0.0550,178077.96,433.73,178511.69,0.9976,持有
2022-12-29,3856.70,10.56,0.0460,177408.20,433.73,177841.93,0.9976,持有
2022-12-30,3871.63,10.59,0.0493,178094.98,433.73,178528.71,0.9976,持有
2023-01-03,3887.90,10.65,0.0591,178843.40,433.73,179277.13,0.9976,持有
2023-01-04,3892.95,10.69,0.0649,179075.70,433.73,179509.43,0.9976,持有
2023-01-05,3968.58,10.85,0.0887,182554.68,433.73,182988.41,0.9976,持有
2023-01-06,3980.89,10.89,0.0936,183120.94,433.73,183554.67,0.9976,持有
2023-01-09,4013.12,10.96,0.1002,184603.52,433.73,185037.25,0.9977,持有
2023-01-10,4017.47,10.95,0.1002,184803.62,433.73,185237.35,0.9977,持有
2023-01-11,4010.03,10.96,0.1002,184461.38,433.73,184895.11,0.9977,持有
2023-01-12,4017.87,10.99,0.1092,184822.02,433.73,185255.75,0.9977,持有
2023-01-13,4074.38,11.13,0.1445,187421.48,433.73,187855.21,0.9977,持有
2023-01-16,4137.96,11.23,0.1617,190346.16,433.73,190779.89,0.9977,持有
2023-01-17,4137.24,11.20,0.1560,190313.04,433.73,190746.77,0.9977,持有
2023-01-18,4130.31,11.20,0.1560,189994.26,433.73,190427.99,0.9977,持有
2023-01-19,4156.01,11.25,0.1642,191176.46,433.73,191610.19,0.9977,持有
2023-01-20,4181.53,11.33,0.1823,192350.38,433.73,192784.11,0.9978,持有
2023-01-30,4201.35,11.35,0.1929,193262.10,433.73,193695.83,0.9978,持有
2023-01-31,4156.86,11.26,0.1683,191215.56,433.73,191649.29,0.9977,持有
2023-02-01,4195.93,11.36,0.1954,193012.78,433.73,193446.51,0.9978,持有
2023-02-02,4181.15,11.33,0.1823,192332.90,433.73,192766.63,0.9977,持有
2023-02-03,4141.63,11.24,0.1634,190514.98,433.73,190948.71,0.9977,持有
2023-02-06,4086.88,11.12,0.1437,187996.48,433.73,188430.21,0.9977,持有
2023-02-07,4094.23,11.13,0.1445,188334.58,433.73,188768.31,0.9977,持有
2023-02-08,4076.14,11.08,0.1346,187502.44,433.73,187936.17,0.9977,持有
2023-02-09,4130.86,11.22,0.1601,190019.56,433.73,190453.29,0.9977,持有
2023-02-10,4106.31,11.17,0.1502,188890.26,433.73,189323.99,0.9977,持有
2023-02-13,4143.57,11.24,0.1634,190604.22,433.73,191037.95,0.9977,持有
2023-02-14,4145.29,11.26,0.1683,190683.34,433.73,191117.07,0.9977,持有
2023-02-15,4123.69,11.21,0.1585,189689.74,433.73,190123.47,0.9977,持有
2023-02-16,4093.49,11.16,0.1486,188300.54,433.73,188734.27,0.9977,持有
2023-02-17,4034.51,11.03,0.1166,185587.46,433.73,186021.19,0.9977,持有
2023-02-20,4133.49,11.31,0.1790,190140.54,433.73,190574.27,0.9977,持有
2023-02-21,4144.35,11.34,0.1847,190640.10,433.73,191073.83,0.9977,持有
2023-02-22,4106.95,11.24,0.1634,188919.70,433.73,189353.43,0.9977,持有
2023-02-23,4103.65,11.23,0.1617,188767.90,433.73,189201.63,0.9977,持有
2023-02-24,4061.05,11.12,0.1437,186808.30,433.73,187242.03,0.9977,持有
2023-02-27,4043.84,11.09,0.1371,186016.64,433.73,186450.37,0.9977,持有
2023-02-28,4069.46,11.17,0.1502,187195.16,433.73,187628.89,0.9977,持有
2023-03-01,4126.94,11.34,0.1847,189839.24,433.73,190272.97,0.9977,持有
2023-03-02,4117.74,11.33,0.1823,189416.04,433.73,189849.77,0.9977,持有
2023-03-03,4130.55,11.42,0.2151,190005.30,433.73,190439.03,0.9977,持有
2023-03-06,4109.01,11.37,0.1995,189014.46,433.73,189448.19,0.9977,持有
2023-03-07,4048.85,11.25,0.1642,186247.10,433.73,186680.83,0.9977,持有
2023-03-08,4034.11,11.22,0.1601,185569.06,433.73,186002.79,0.9977,持有
2023-03-09,4019.85,11.20,0.1560,184913.10,433.73,185346.83,0.9977,持有
2023-03-10,3967.14,11.03,0.1166,182488.44,433.73,182922.17,0.9976,持有
2023-03-13,4008.69,11.20,0.1560,184399.74,433.73,184833.47,0.9977,持有
2023-03-14,3984.70,11.12,0.1437,183296.20,433.73,183729.93,0.9976,持有
2023-03-15,3986.90,11.16,0.1486,183397.40,433.73,183831.13,0.9976,持有
2023-03-16,3939.15,11.10,0.1379,181200.90,433.73,181634.63,0.9976,持有
2023-03-17,3958.82,11.18,0.1527,182105.72,433.73,182539.45,0.9976,持有
2023-03-20,3939.08,11.10,0.1379,181197.68,433.73,181631.41,0.9976,持有
2023-03-21,3982.38,11.17,0.1502,183189.48,433.73,183623.21,0.9976,持有
2023-03-22,3999.44,11.23,0.1617,183974.24,433.73,184407.97,0.9976,持有
2023-03-23,4039.09,11.34,0.1847,185798.14,433.73,186231.87,0.9977,持有
2023-03-24,4027.05,11.27,0.1683,185244.30,433.73,185678.03,0.9977,持有
2023-03-27,4012.48,11.19,0.1535,184574.08,433.73,185007.81,0.9977,持有
2023-03-28,3999.51,11.20,0.1560,183977.46,433.73,184411.19,0.9976,持有
2023-03-29,4006.14,11.20,0.1560,184282.44,433.73,184716.17,0.9977,持有
2023-03-30,4038.53,11.27,0.1683,185772.38,433.73,186206.11,0.9977,持有
2023-03-31,4050.93,11.27,0.1683,186342.78,433.73,186776.51,0.9977,持有
2023-04-03,4090.57,11.38,0.2020,188166.22,433.73,188599.95,0.9977,持有
2023-04-04,4103.11,11.48,0.2348,188743.06,433.73,189176.79,0.9977,持有
2023-04-06,4096.64,11.47,0.2299,188445.44,433.73,188879.17,0.9977,持有
2023-04-07,4123.28,11.52,0.2488,189670.88,433.73,190104.61,0.9977,持有
2023-04-10,4104.81,11.50,0.2430,188821.26,433.73,189254.99,0.9977,持有
2023-04-11,4100.15,11.48,0.2348,188606.90,433.73,189040.63,0.9977,持有
2023-04-12,4097.29,11.52,0.2488,188475.34,433.73,188909.07,0.9977,持有
2023-04-13,4068.98,11.47,0.2299,187173.08,433.73,187606.81,0.9977,持有
2023-04-14,4092.00,11.56,0.2619,188232.00,433.73,188665.73,0.9977,持有
2023-04-17,4149.38,11.78,0.3391,190871.48,433.73,191305.21,0.9977,持有
2023-04-18,4162.03,11.89,0.3752,191453.38,433.73,191887.11,0.9977,持有
2023-04-19,4124.56,11.79,0.3424,189729.76,433.73,190163.49,0.9977,持有
2023-04-20,4113.02,11.79,0.3424,189198.92,433.73,189632.65,0.9977,持有
2023-04-21,4032.57,11.56,0.2619,185498.22,433.73,185931.95,0.9977,持有
2023-04-24,3982.64,11.48,0.2348,183201.44,433.73,183635.17,0.9976,持有
2023-04-25,3962.67,11.44,0.2192,182282.82,433.73,182716.55,0.9976,持有
2023-04-26,3959.23,11.39,0.2036,182124.58,433.73,182558.31,0.9976,持有
2023-04-27,3988.42,11.42,0.2151,183467.32,433.73,183901.05,0.9976,持有
2023-04-28,4029.09,11.47,0.2299,185338.14,433.73,185771.87,0.9977,持有
2023-05-04,4030.25,11.56,0.2619,185391.50,433.73,185825.23,0.9977,持有
2023-05-05,4016.88,11.53,0.2529,184776.48,433.73,185210.21,0.9977,持有
2023-05-08,4062.66,11.80,0.3465,186882.36,433.73,187316.09,0.9977,持有
2023-05-09,4027.88,11.67,0.3030,185282.48,433.73,185716.21,0.9977,持有
2023-05-10,3996.87,11.50,0.2430,183856.02,433.73,184289.75,0.9976,持有
2023-05-11,3990.66,11.45,0.2217,183570.36,433.73,184004.09,0.9976,持有
2023-05-12,3937.76,11.31,0.1790,181136.96,433.73,181570.69,0.9976,持有
2023-05-15,3998.89,11.47,0.2299,183948.94,433.73,184382.67,0.9976,持有
2023-05-16,3978.21,11.40,0.2061,182997.66,433.73,183431.39,0.9976,持有
2023-05-17,3960.17,11.32,0.1806,182167.82,433.73,182601.55,0.9976,持有
2023-05-18,3956.07,11.38,0.2020,181979.22,433.73,182412.95,0.9976,持有
2023-05-19,3944.54,11.32,0.1806,181448.84,433.73,181882.57,0.9976,持有
2023-05-22,3969.33,11.38,0.2020,182589.18,433.73,183022.91,0.9976,持有
2023-05-23,3913.19,11.19,0.1535,180006.74,433.73,180440.47,0.9976,持有
2023-05-24,3859.09,11.00,0.1108,177518.14,433.73,177951.87,0.9976,持有
2023-05-25,3850.50,10.97,0.1010,177123.00,433.73,177556.73,0.9976,持有
2023-05-26,3850.95,11.00,0.1108,177143.70,433.73,177577.43,0.9976,持有
2023-05-29,3833.94,11.02,0.1149,176361.24,433.73,176794.97,0.9975,持有
2023-05-30,3837.75,11.03,0.1166,176536.50,433.73,176970.23,0.9975,持有
2023-05-31,3798.54,10.93,0.0969,174732.84,433.73,175166.57,0.9975,持有
2023-06-01,3806.87,10.97,0.1010,175116.02,433.73,175549.75,0.9975,持有
2023-06-02,3861.83,11.08,0.1346,177644.18,433.73,178077.91,0.9976,持有
2023-06-05,3844.25,11.07,0.1322,176835.50,433.73,177269.23,0.9976,持有
2023-06-06,3808.16,11.00,0.1108,175175.36,433.73,175609.09,0.9975,持有
2023-06-07,3789.34,10.96,0.1002,174309.64,433.73,174743.37,0.9975,持有
2023-06-08,3820.19,11.08,0.1346,175728.74,433.73,176162.47,0.9975,持有
2023-06-09,3836.70,11.14,0.1461,176488.20,433.73,176921.93,0.9975,持有
2023-06-12,3844.43,11.10,0.1379,176843.78,433.73,177277.51,0.9976,持有
2023-06-13,3864.91,11.12,0.1437,177785.86,433.73,178219.59,0.9976,持有
2023-06-14,3864.02,11.08,0.1346,177744.92,433.73,178178.65,0.9976,持有
2023-06-15,3925.50,11.22,0.1601,180573.00,433.73,181006.73,0.9976,持有
2023-06-16,3963.35,11.29,0.1732,182314.10,433.73,182747.83,0.9976,持有
2023-06-19,3930.91,11.20,0.1560,180821.86,433.73,181255.59,0.9976,持有
2023-06-20,3924.24,11.14,0.1461,180515.04,433.73,180948.77,0.9976,持有
2023-06-21,3864.03,11.00,0.1108,177745.38,433.73,178179.11,0.9976,持有
2023-06-26,3809.70,10.86,0.0903,175246.20,433.73,175679.93,0.9975,持有
2023-06-27,3845.43,10.98,0.1043,176889.78,433.73,177323.51,0.9976,持有
2023-06-28,3840.80,10.96,0.1002,176676.80,433.73,177110.53,0.9976,持有
2023-06-29,3821.84,10.92,0.0952,175804.64,433.73,176238.37,0.9975,持有
2023-06-30,3842.45,10.97,0.1010,176752.70,433.73,177186.43,0.9976,持有
2023-07-03,3892.88,11.13,0.1445,179072.48,433.73,179506.21,0.9976,持有
2023-07-04,3899.01,11.13,0.1445,179354.46,433.73,179788.19,0.9976,持有
2023-07-05,3868.81,11.04,0.1207,177965.26,433.73,178398.99,0.9976,持有
2023-07-06,3842.75,10.97,0.1010,176766.50,433.73,177200.23,0.9976,持有
2023-07-07,3825.70,10.93,0.0969,175982.20,433.73,176415.93,0.9975,持有
2023-07-10,3844.33,10.96,0.1002,176839.18,433.73,177272.91,0.9976,持有
2023-07-11,3869.49,11.02,0.1149,177996.54,433.73,178430.27,0.9976,持有
2023-07-12,3843.44,10.95,0.1002,176798.24,433.73,177231.97,0.9976,持有
2023-07-13,3898.42,11.12,0.1437,179327.32,433.73,179761.05,0.9976,持有
2023-07-14,3899.10,11.12,0.1437,179358.60,433.73,179792.33,0.9976,持有
2023-07-17,3867.17,10.99,0.1092,177889.82,433.73,178323.55,0.9976,持有
2023-07-18,3854.94,10.94,0.0985,177327.24,433.73,177760.97,0.9976,持有
2023-07-19,3850.87,10.94,0.0985,177140.02,433.73,177573.75,0.9976,持有
2023-07-20,3823.69,10.86,0.0903,175889.74,433.73,176323.47,0.9975,持有
2023-07-21,3821.91,10.85,0.0887,175807.86,433.73,176241.59,0.9975,持有
2023-07-24,3805.22,10.82,0.0821,175040.12,433.73,175473.85,0.9975,持有
2023-07-25,3915.12,11.11,0.1404,180095.52,433.73,180529.25,0.9976,持有
2023-07-26,3907.01,11.07,0.1322,179722.46,433.73,180156.19,0.9976,持有
2023-07-27,3902.35,11.07,0.1322,179508.10,433.73,179941.83,0.9976,持有
2023-07-28,3992.74,11.33,0.1823,183666.04,433.73,184099.77,0.9976,持有
2023-07-31,4014.63,11.36,0.1954,184672.98,433.73,185106.71,0.9977,持有
2023-08-01,3998.00,11.34,0.1847,183908.00,433.73,184341.73,0.9976,持有
2023-08-02,3969.90,11.21,0.1585,182615.40,433.73,183049.13,0.9976,持有
2023-08-03,4004.98,11.29,0.1732,184229.08,433.73,184662.81,0.9977,持有
2023-08-04,4020.58,11.36,0.1954,184946.68,433.73,185380.41,0.9977,持有
2023-08-07,3990.15,11.28,0.1708,183546.90,433.73,183980.63,0.9976,持有
2023-08-08,3979.73,11.26,0.1683,183067.58,433.73,183501.31,0.9976,持有
2023-08-09,3967.57,11.23,0.1617,182508.22,433.73,182941.95,0.9976,持有
2023-08-10,3975.72,11.26,0.1683,182883.12,433.73,183316.85,0.9976,持有
2023-08-11,3884.25,11.02,0.1149,178675.50,433.73,179109.23,0.9976,持有
2023-08-14,3855.91,10.94,0.0985,177371.86,433.73,177805.59,0.9976,持有
2023-08-15,3846.54,10.93,0.0969,176940.84,433.73,177374.57,0.9976,持有
2023-08-16,3818.33,10.84,0.0878,175643.18,433.73,176076.91,0.9975,持有
2023-08-17,3831.10,10.85,0.0887,176230.60,433.73,176664.33,0.9975,持有
2023-08-18,3784.00,10.75,0.0714,174064.00,433.73,174497.73,0.9975,持有
2023-08-21,3729.56,10.62,0.0550,171559.76,433.73,171993.49,0.9975,持有
2023-08-22,3758.23,10.75,0.0714,172878.58,433.73,173312.31,0.9975,持有
2023-08-23,3696.63,10.62,0.0550,170044.98,433.73,170478.71,0.9975,持有
2023-08-24,3723.43,10.66,0.0591,171277.78,433.73,171711.51,0.9975,持有
2023-08-25,3709.15,10.63,0.0567,170620.90,433.73,171054.63,0.9975,持有
2023-08-28,3752.62,10.84,0.0878,172620.52,433.73,173054.25,0.9975,持有
2023-08-29,3790.11,10.87,0.0911,174345.06,433.73,174778.79,0.9975,持有
2023-08-30,3788.51,10.95,0.1002,174271.46,433.73,174705.19,0.9975,持有
2023-08-31,3765.27,10.99,0.1092,173202.42,433.73,173636.15,0.9975,持有
2023-09-01,3791.49,11.05,0.1264,174408.54,433.73,174842.27,0.9975,持有
2023-09-04,3848.95,11.22,0.1601,177051.70,433.73,177485.43,0.9976,持有
2023-09-05,3820.32,11.13,0.1445,175734.72,433.73,176168.45,0.9975,持有
2023-09-06,3812.03,11.12,0.1437,175353.38,433.73,175787.11,0.9975,持有
2023-09-07,3758.47,11.00,0.1108,172889.62,433.73,173323.35,0.9975,持有
2023-09-08,3739.99,10.96,0.1002,172039.54,433.73,172473.27,0.9975,持有
2023-09-11,3767.54,11.03,0.1166,173306.84,433.73,173740.57,0.9975,持有
2023-09-12,3760.60,11.01,0.1133,172987.60,433.73,173421.33,0.9975,持有
2023-09-13,3736.65,10.97,0.1010,171885.90,433.73,172319.63,0.9975,持有
2023-09-14,3733.51,11.00,0.1108,171741.46,433.73,172175.19,0.9975,持有
2023-09-15,3708.78,10.93,0.0969,170603.88,433.73,171037.61,0.9975,持有
2023-09-18,3727.71,10.96,0.1002,171474.66,433.73,171908.39,0.9975,持有
2023-09-19,3720.50,10.98,0.1043,171143.00,433.73,171576.73,0.9975,持有
2023-09-20,3705.69,10.95,0.1002,170461.74,433.73,170895.47,0.9975,持有
2023-09-21,3672.44,10.86,0.0903,168932.24,433.73,169365.97,0.9974,持有
2023-09-22,3738.93,11.02,0.1149,171990.78,433.73,172424.51,0.9975,持有
2023-09-25,3714.60,10.96,0.1002,170871.60,433.73,171305.33,0.9975,持有
2023-09-26,3692.89,10.90,0.0944,169872.94,433.73,170306.67,0.9975,持有
2023-09-27,3700.50,10.90,0.0944,170223.00,433.73,170656.73,0.9975,持有
2023-09-28,3689.52,10.87,0.0911,169717.92,433.73,170151.65,0.9975,持有
2023-10-09,3684.73,10.87,0.0911,169497.58,433.73,169931.31,0.9974,持有
2023-10-10,3657.13,10.79,0.0764,168227.98,433.73,168661.71,0.9974,持有
2023-10-11,3667.55,10.81,0.0788,168707.30,433.73,169141.03,0.9974,持有
2023-10-12,3702.38,10.94,0.0985,170309.48,433.73,170743.21,0.9975,持有
2023-10-13,3663.41,10.88,0.0920,168516.86,433.73,168950.59,0.9974,持有
2023-10-16,3626.60,10.81,0.0788,166823.60,433.73,167257.33,0.9974,持有
2023-10-17,3639.40,10.88,0.0920,167412.40,433.73,167846.13,0.9974,持有
2023-10-18,3610.58,10.82,0.0821,166086.68,433.73,166520.41,0.9974,持有
2023-10-19,3533.54,10.59,0.0493,162542.84,433.73,162976.57,0.9973,持有
2023-10-20,3510.59,10.50,0.0386,161487.14,433.73,161920.87,0.9973,持有
2023-10-23,3474.24,10.40,0.0255,159815.04,433.73,160248.77,0.9973,持有
2023-10-24,3487.13,10.40,0.0255,160407.98,433.73,160841.71,0.9973,持有
2023-10-25,3504.46,10.38,0.0238,161205.16,433.73,161638.89,0.9973,持有
2023-10-26,3514.14,10.46,0.0353,161650.44,433.73,162084.17,0.9973,持有
2023-10-27,3562.39,10.54,0.0435,163869.94,433.73,164303.67,0.9974,持有
2023-10-30,3583.77,10.59,0.0493,164853.42,433.73,165287.15,0.9974,持有
2023-10-31,3572.51,10.64,0.0583,164335.46,433.73,164769.19,0.9974,持有
2023-11-01,3571.03,10.66,0.0591,164267.38,433.73,164701.11,0.9974,持有
2023-11-02,3554.19,10.63,0.0567,163492.74,433.73,163926.47,0.9974,持有
2023-11-03,3584.14,10.69,0.0649,164870.44,433.73,165304.17,0.9974,持有
2023-11-06,3632.61,10.75,0.0714,167100.06,433.73,167533.79,0.9974,持有
2023-11-07,3619.76,10.72,0.0681,166508.96,433.73,166942.69,0.9974,持有
2023-11-08,3611.07,10.69,0.0649,166109.22,433.73,166542.95,0.9974,持有
2023-11-09,3612.83,10.72,0.0681,166190.18,433.73,166623.91,0.9974,持有
2023-11-10,3586.49,10.67,0.0632,164978.54,433.73,165412.27,0.9974,持有
2023-11-13,3579.41,10.65,0.0591,164652.86,433.73,165086.59,0.9974,持有
2023-11-14,3582.06,10.66,0.0591,164774.76,433.73,165208.49,0.9974,持有
2023-11-15,3607.25,10.73,0.0690,165933.50,433.73,166367.23,0.9974,持有
2023-11-16,3572.36,10.65,0.0591,164328.56,433.73,164762.29,0.9974,持有
2023-11-17,3568.07,10.62,0.0550,164131.22,433.73,164564.95,0.9974,持有
2023-11-20,3576.32,10.64,0.0583,164510.72,433.73,164944.45,0.9974,持有
2023-11-21,3581.07,10.66,0.0591,164729.22,433.73,165162.95,0.9974,持有
2023-11-22,3544.42,10.58,0.0476,163043.32,433.73,163477.05,0.9973,持有
2023-11-23,3561.52,10.62,0.0550,163829.92,433.73,164263.65,0.9974,持有
2023-11-24,3538.01,10.57,0.0460,162748.46,433.73,163182.19,0.9973,持有
2023-11-27,3511.94,10.49,0.0386,161549.24,433.73,161982.97,0.9973,持有
2023-11-28,3518.52,10.50,0.0386,161851.92,433.73,162285.65,0.9973,持有
2023-11-29,3488.31,10.42,0.0263,160462.26,433.73,160895.99,0.9973,持有
2023-11-30,3496.20,10.48,0.0386,160825.20,433.73,161258.93,0.9973,持有
2023-12-01,3482.88,10.46,0.0353,160212.48,433.73,160646.21,0.9973,持有
2023-12-04,3460.14,10.40,0.0255,159166.44,433.73,159600.17,0.9973,持有
2023-12-05,3394.26,10.23,0.0115,156135.96,433.73,156569.69,0.9972,持有
2023-12-06,3399.60,10.20,0.0099,156381.60,433.73,156815.33,0.9972,持有
2023-12-07,3391.28,10.19,0.0082,155998.88,433.73,156432.61,0.9972,持有
2023-12-08,3399.46,10.22,0.0107,156375.16,433.73,156808.89,0.9972,持有
2023-12-11,3419.45,10.28,0.0140,157294.70,433.73,157728.43,0.9973,持有
2023-12-12,3426.80,10.32,0.0148,157632.80,433.73,158066.53,0.9973,持有
2023-12-13,3369.61,10.18,0.0082,155002.06,433.73,155435.79,0.9972,持有
2023-12-14,3351.96,10.13,0.0049,154190.16,433.73,154623.89,0.9972,持有
2023-12-15,3341.55,10.09,0.0033,153711.30,433.73,154145.03,0.9972,持有
2023-12-18,3329.37,10.09,0.0033,153151.02,433.73,153584.75,0.9972,持有
2023-12-19,3334.04,10.11,0.0049,153365.84,433.73,153799.57,0.9972,持有
2023-12-20,3297.50,10.02,0.0016,151685.00,433.73,152118.73,0.9971,持有
2023-12-21,3330.87,10.08,0.0033,153220.02,433.73,153653.75,0.9972,持有
2023-12-22,3337.23,10.12,0.0049,153512.58,433.73,153946.31,0.9972,持有
2023-12-25,3347.45,10.16,0.0066,153982.70,433.73,154416.43,0.9972,持有
2023-12-26,3324.79,10.12,0.0049,152940.34,433.73,153374.07,0.9972,持有
2023-12-27,3336.36,10.18,0.0082,153472.56,433.73,153906.29,0.9972,持有
2023-12-28,3414.54,10.33,0.0148,157068.84,433.73,157502.57,0.9972,持有
2023-12-29,3431.11,10.38,0.0238,157831.06,433.73,158264.79,0.9973,持有
2024-01-02,3386.35,10.37,0.0222,155772.10,433.73,156205.83,0.9972,持有
2024-01-03,3378.30,10.31,0.0148,155401.80,433.73,155835.53,0.9972,持有
2024-01-04,3347.05,10.27,0.0140,153964.30,433.73,154398.03,0.9972,持有
2024-01-05,3329.11,10.22,0.0107,153139.06,433.73,153572.79,0.9972,持有
2024-01-08,3286.06,10.12,0.0049,151158.76,433.73,151592.49,0.9971,持有
2024-01-09,3292.50,10.12,0.0049,151455.00,433.73,151888.73,0.9971,持有
2024-01-10,3277.13,10.06,0.0025,150747.98,433.73,151181.71,0.9971,持有
2024-01-11,3295.67,10.05,0.0025,151600.82,433.73,152034.55,0.9971,持有
2024-01-12,3284.17,10.04,0.0025,151071.82,433.73,151505.55,0.9971,持有
2024-01-15,3280.92,10.06,0.0025,150922.32,433.73,151356.05,0.9971,持有
2024-01-16,3300.88,10.12,0.0049,151840.48,433.73,152274.21,0.9972,持有
2024-01-17,3229.08,9.93,0.0000,148537.68,433.73,148971.41,0.9971,持有
2024-01-18,3274.73,10.03,0.0016,150637.58,433.73,151071.31,0.9971,持有
2024-01-19,3269.78,10.01,0.0016,150409.88,433.73,150843.61,0.9971,持有
2024-01-22,3218.90,9.89,0.0000,148069.40,433.73,148503.13,0.9971,持有
2024-01-23,3231.93,9.91,0.0000,148668.78,433.73,149102.51,0.9971,持有
2024-01-24,3277.11,10.09,0.0033,150747.06,433.73,151180.79,0.9971,持有
2024-01-25,3342.92,10.34,0.0156,153774.32,433.73,154208.05,0.9972,持有
2024-01-26,3333.82,10.38,0.0238,153355.72,433.73,153789.45,0.9972,持有
2024-01-29,3303.96,10.35,0.0189,151982.16,433.73,152415.89,0.9972,持有
2024-01-30,3245.04,10.19,0.0082,149271.84,433.73,149705.57,0.9971,持有
2024-01-31,3215.35,10.16,0.0066,147906.10,433.73,148339.83,0.9971,持有
2024-02-01,3217.71,10.11,0.0049,148014.66,433.73,148448.39,0.9971,持有
2024-02-02,3179.63,10.06,0.0025,146262.98,433.73,146696.71,0.9970,持有
2024-02-05,3200.42,10.17,0.0074,147219.32,433.73,147653.05,0.9971,持有
2024-02-06,3311.69,10.42,0.0263,152337.74,433.73,152771.47,0.9972,持有
2024-02-07,3343.63,10.47,0.0369,153806.98,433.73,154240.71,0.9972,持有
2024-02-08,3364.93,10.49,0.0386,154786.78,433.73,155220.51,0.9972,持有
2024-02-19,3403.81,10.69,0.0649,156575.26,433.73,157008.99,0.9972,持有
2024-02-20,3410.85,10.73,0.0690,156899.10,433.73,157332.83,0.9972,持有
2024-02-21,3456.87,10.85,0.0887,159016.02,433.73,159449.75,0.9973,持有
2024-02-22,3486.67,10.96,0.1002,160386.82,433.73,160820.55,0.9973,持有
2024-02-23,3489.74,10.96,0.1002,160528.04,433.73,160961.77,0.9973,持有
2024-02-26,3453.36,10.79,0.0764,158854.56,433.73,159288.29,0.9973,持有
2024-02-27,3494.79,10.90,0.0944,160760.34,433.73,161194.07,0.9973,持有
2024-02-28,3450.26,10.76,0.0714,158711.96,433.73,159145.69,0.9973,持有
2024-02-29,3516.08,10.91,0.0952,161739.68,433.73,162173.41,0.9973,持有
2024-03-01,3537.80,10.95,0.1002,162738.80,433.73,163172.53,0.9973,持有
2024-03-04,3540.87,11.00,0.1108,162880.02,433.73,163313.75,0.9973,持有
2024-03-05,3565.51,11.10,0.1379,164013.46,433.73,164447.19,0.9974,持有
2024-03-06,3551.05,11.04,0.1207,163348.30,433.73,163782.03,0.9974,持有
2024-03-07,3529.72,11.03,0.1166,162367.12,433.73,162800.85,0.9973,持有
2024-03-08,3544.91,11.10,0.1379,163065.86,433.73,163499.59,0.9973,持有
2024-03-11,3589.26,11.15,0.1461,165105.96,433.73,165539.69,0.9974,持有
2024-03-12,3597.49,11.07,0.1322,165484.54,433.73,165918.27,0.9974,持有
2024-03-13,3572.36,10.99,0.1092,164328.56,433.73,164762.29,0.9974,持有
2024-03-14,3562.22,10.99,0.1092,163862.12,433.73,164295.85,0.9974,持有
2024-03-15,3569.99,11.00,0.1108,164219.54,433.73,164653.27,0.9974,持有
2024-03-18,3603.53,11.08,0.1346,165762.38,433.73,166196.11,0.9974,持有
2024-03-19,3577.63,11.02,0.1149,164570.98,433.73,165004.71,0.9974,持有
2024-03-20,3585.38,11.09,0.1371,164927.48,433.73,165361.21,0.9974,持有
2024-03-21,3581.09,11.07,0.1322,164730.14,433.73,165163.87,0.9974,持有
2024-03-22,3545.00,11.03,0.1166,163070.00,433.73,163503.73,0.9973,持有
2024-03-25,3525.76,11.01,0.1133,162184.96,433.73,162618.69,0.9973,持有
2024-03-26,3543.75,11.07,0.1322,163012.50,433.73,163446.23,0.9973,持有
2024-03-27,3502.79,10.98,0.1043,161128.34,433.73,161562.07,0.9973,持有
2024-03-28,3520.96,11.04,0.1207,161964.16,433.73,162397.89,0.9973,持有
2024-03-29,3537.48,11.21,0.1585,162724.08,433.73,163157.81,0.9973,持有
2024-04-01,3595.65,11.36,0.1954,165399.90,433.73,165833.63,0.9974,持有
2024-04-02,3580.68,11.37,0.1995,164711.28,433.73,165145.01,0.9974,持有
2024-04-03,3567.80,11.34,0.1847,164118.80,433.73,164552.53,0.9974,持有
2024-04-08,3536.41,11.29,0.1732,162674.86,433.73,163108.59,0.9973,持有
2024-04-09,3533.49,11.25,0.1642,162540.54,433.73,162974.27,0.9973,持有
2024-04-10,3504.71,11.19,0.1535,161216.66,433.73,161650.39,0.9973,持有
2024-04-11,3504.24,11.18,0.1527,161195.04,433.73,161628.77,0.9973,持有
2024-04-12,3475.84,11.10,0.1379,159888.64,433.73,160322.37,0.9973,持有
2024-04-15,3549.08,11.37,0.1995,163257.68,433.73,163691.41,0.9974,持有
2024-04-16,3511.11,11.29,0.1732,161511.06,433.73,161944.79,0.9973,持有
2024-04-17,3565.40,11.44,0.2192,164008.40,433.73,164442.13,0.9974,持有
2024-04-18,3569.80,11.44,0.2192,164210.80,433.73,164644.53,0.9974,持有
2024-04-19,3541.66,11.43,0.2176,162916.36,433.73,163350.09,0.9973,持有
2024-04-22,3530.90,11.34,0.1847,162421.40,433.73,162855.13,0.9973,持有
2024-04-23,3506.22,11.26,0.1683,161286.12,433.73,161719.85,0.9973,持有
2024-04-24,3521.62,11.29,0.1732,161994.52,433.73,162428.25,0.9973,持有
2024-04-25,3530.28,11.32,0.1806,162392.88,433.73,162826.61,0.9973,持有
2024-04-26,3584.27,11.47,0.2299,164876.42,433.73,165310.15,0.9974,持有
2024-04-29,3623.91,11.47,0.2299,166699.86,433.73,167133.59,0.9974,持有
2024-04-30,3604.39,11.63,0.2915,165801.94,433.73,166235.67,0.9974,持有
2024-05-06,3657.88,11.72,0.3218,168262.48,433.73,168696.21,0.9974,持有
2024-05-07,3659.01,11.74,0.3284,168314.46,433.73,168748.19,0.9974,持有
2024-05-08,3630.22,11.68,0.3071,166990.12,433.73,167423.85,0.9974,持有
2024-05-09,3664.56,11.74,0.3284,168569.76,433.73,169003.49,0.9974,持有
2024-05-10,3666.28,11.76,0.3325,168648.88,433.73,169082.61,0.9974,持有
2024-05-13,3664.69,11.76,0.3325,168575.74,433.73,169009.47,0.9974,持有
2024-05-14,3657.05,11.72,0.3218,168224.30,433.73,168658.03,0.9974,持有
2024-05-15,3626.06,11.63,0.2915,166798.76,433.73,167232.49,0.9974,持有
2024-05-16,3640.36,11.67,0.3030,167456.56,433.73,167890.29,0.9974,持有
2024-05-17,3677.97,11.77,0.3342,169186.62,433.73,169620.35,0.9974,持有
2024-05-20,3690.96,11.82,0.3563,169784.16,433.73,170217.89,0.9975,持有
2024-05-21,3676.16,11.79,0.3424,169103.36,433.73,169537.09,0.9974,持有
2024-05-22,3684.45,11.80,0.3465,169484.70,433.73,169918.43,0.9974,持有
2024-05-23,3641.79,11.69,0.3095,167522.34,433.73,167956.07,0.9974,持有
2024-05-24,3601.48,11.58,0.2668,165668.08,433.73,166101.81,0.9974,持有
2024-05-27,3635.71,11.72,0.3218,167242.66,433.73,167676.39,0.9974,持有
2024-05-28,3609.17,11.67,0.3030,166021.82,433.73,166455.55,0.9974,持有
2024-05-29,3613.52,11.69,0.3095,166221.92,433.73,166655.65,0.9974,持有
2024-05-30,3594.31,11.61,0.2857,165338.26,433.73,165771.99,0.9974,持有
2024-05-31,3579.92,11.57,0.2644,164676.32,433.73,165110.05,0.9974,持有
2024-06-03,3588.75,11.62,0.2890,165082.50,433.73,165516.23,0.9974,持有
2024-06-04,3615.67,11.67,0.3030,166320.82,433.73,166754.55,0.9974,持有
2024-06-05,3594.79,11.61,0.2857,165360.34,433.73,165794.07,0.9974,持有
2024-06-06,3592.25,11.63,0.2915,165243.50,433.73,165677.23,0.9974,持有
2024-06-07,3574.11,11.60,0.2767,164409.06,433.73,164842.79,0.9974,持有
2024-06-11,3542.88,11.48,0.2348,162972.48,433.73,163406.21,0.9973,持有
2024-06-12,3544.12,11.50,0.2430,163029.52,433.73,163463.25,0.9973,持有
2024-06-13,3526.13,11.48,0.2348,162201.98,433.73,162635.71,0.9973,持有
2024-06-14,3541.53,11.51,0.2447,162910.38,433.73,163344.11,0.9973,持有
2024-06-17,3536.20,11.46,0.2258,162665.20,433.73,163098.93,0.9973,持有
2024-06-18,3545.59,11.51,0.2447,163097.14,433.73,163530.87,0.9973,持有
2024-06-19,3528.75,11.51,0.2447,162322.50,433.73,162756.23,0.9973,持有
2024-06-20,3503.28,11.48,0.2348,161150.88,433.73,161584.61,0.9973,持有
2024-06-21,3495.62,11.46,0.2258,160798.52,433.73,161232.25,0.9973,持有
2024-06-24,3476.81,11.43,0.2176,159933.26,433.73,160366.99,0.9973,持有
2024-06-25,3457.90,11.39,0.2036,159063.40,433.73,159497.13,0.9973,持有
2024-06-26,3480.26,11.43,0.2176,160091.96,433.73,160525.69,0.9973,持有
2024-06-27,3454.12,11.39,0.2036,158889.52,433.73,159323.25,0.9973,持有
2024-06-28,3461.66,11.48,0.2348,159236.36,433.73,159670.09,0.9973,持有
2024-07-01,3478.18,11.57,0.2644,159996.28,433.73,160430.01,0.9973,持有
2024-07-02,3471.79,11.62,0.2890,159702.34,433.73,160136.07,0.9973,持有
2024-07-03,3463.41,11.58,0.2668,159316.86,433.73,159750.59,0.9973,持有
2024-07-04,3445.81,11.56,0.2619,158507.26,433.73,158940.99,0.9973,持有
2024-07-05,3431.06,11.46,0.2258,157828.76,433.73,158262.49,0.9973,持有
2024-07-08,3401.76,11.43,0.2176,156480.96,433.73,156914.69,0.9972,持有
2024-07-09,3439.81,11.53,0.2529,158231.26,433.73,158664.99,0.9973,持有
2024-07-10,3428.97,11.47,0.2299,157732.62,433.73,158166.35,0.9973,持有
2024-07-11,3468.17,11.54,0.2537,159535.82,433.73,159969.55,0.9973,持有
2024-07-12,3472.40,11.55,0.2578,159730.40,433.73,160164.13,0.9973,持有
2024-07-15,3476.25,11.63,0.2915,159907.50,433.73,160341.23,0.9973,持有
2024-07-16,3498.28,11.65,0.2989,160920.88,433.73,161354.61,0.9973,持有
2024-07-17,3501.58,11.60,0.2767,161072.68,433.73,161506.41,0.9973,持有
2024-07-18,3520.93,11.69,0.3095,161962.78,433.73,162396.51,0.9973,持有
2024-07-19,3539.02,11.70,0.3120,162794.92,433.73,163228.65,0.9973,持有
2024-07-22,3514.92,11.58,0.2668,161686.32,433.73,162120.05,0.9973,持有
2024-07-23,3439.88,11.43,0.2176,158234.48,433.73,158668.21,0.9973,持有
2024-07-24,3418.17,11.41,0.2118,157235.82,433.73,157669.55,0.9972,持有
2024-07-25,3399.27,11.32,0.1806,156366.42,433.73,156800.15,0.9972,持有
2024-07-26,3409.29,11.27,0.1683,156827.34,433.73,157261.07,0.9972,持有
2024-07-29,3390.74,11.27,0.1683,155974.04,433.73,156407.77,0.9972,持有
2024-07-30,3369.38,11.18,0.1527,154991.48,433.73,155425.21,0.9972,持有
2024-07-31,3442.08,11.32,0.1806,158335.68,433.73,158769.41,0.9973,持有
2024-08-01,3419.27,11.29,0.1732,157286.42,433.73,157720.15,0.9972,持有
2024-08-02,3384.39,11.19,0.1535,155681.94,433.73,156115.67,0.9972,持有
2024-08-05,3343.32,11.05,0.1264,153792.72,433.73,154226.45,0.9972,持有
2024-08-06,3342.98,11.01,0.1133,153777.08,433.73,154210.81,0.9972,持有
2024-08-07,3341.49,11.03,0.1166,153708.54,433.73,154142.27,0.9972,持有
2024-08-08,3342.94,11.03,0.1166,153775.24,433.73,154208.97,0.9972,持有
2024-08-09,3331.63,11.01,0.1133,153254.98,433.73,153688.71,0.9972,持有
2024-08-12,3325.86,11.00,0.1108,152989.56,433.73,153423.29,0.9972,持有
2024-08-13,3334.39,11.04,0.1207,153381.94,433.73,153815.67,0.9972,持有
2024-08-14,3309.24,11.00,0.1108,152225.04,433.73,152658.77,0.9972,持有
2024-08-15,3341.95,11.11,0.1404,153729.70,433.73,154163.43,0.9972,持有
2024-08-16,3345.63,11.16,0.1486,153898.98,433.73,154332.71,0.9972,持有
2024-08-19,3356.97,11.24,0.1634,154420.62,433.73,154854.35,0.9972,持有
2024-08-20,3332.70,11.16,0.1486,153304.20,433.73,153737.93,0.9972,持有
2024-08-21,3321.64,11.13,0.1445,152795.44,433.73,153229.17,0.9972,持有
2024-08-22,3313.14,11.14,0.1461,152404.44,433.73,152838.17,0.9972,持有
2024-08-23,3327.19,11.15,0.1461,153050.74,433.73,153484.47,0.9972,持有
2024-08-26,3324.22,11.11,0.1404,152914.12,433.73,153347.85,0.9972,持有
2024-08-27,3305.33,11.14,0.1461,152045.18,433.73,152478.91,0.9972,持有
2024-08-28,3286.50,11.07,0.1322,151179.00,433.73,151612.73,0.9971,持有
2024-08-29,3277.68,10.89,0.0936,150773.28,433.73,151207.01,0.9971,持有
2024-08-30,3321.43,10.86,0.0903,152785.78,433.73,153219.51,0.9972,持有
2024-09-02,3265.01,10.76,0.0714,150190.46,433.73,150624.19,0.9971,持有
2024-09-03,3273.43,10.69,0.0649,150577.78,433.73,151011.51,0.9971,持有
2024-09-04,3252.16,10.60,0.0517,149599.36,433.73,150033.09,0.9971,持有
2024-09-05,3257.76,10.58,0.0476,149856.96,433.73,150290.69,0.9971,持有
2024-09-06,3231.35,10.52,0.0419,148642.10,433.73,149075.83,0.9971,持有
2024-09-09,3192.95,10.39,0.0246,146875.70,433.73,147309.43,0.9971,持有
2024-09-10,3195.76,10.44,0.0287,147004.96,433.73,147438.69,0.9971,持有
2024-09-11,3186.13,10.33,0.0148,146561.98,433.73,146995.71,0.9970,持有
2024-09-12,3172.47,10.31,0.0148,145933.62,433.73,146367.35,0.9970,持有
2024-09-13,3159.25,10.29,0.0140,145325.50,433.73,145759.23,0.9970,持有
2024-09-18,3171.01,10.38,0.0238,145866.46,433.73,146300.19,0.9970,持有
2024-09-19,3196.04,10.42,0.0263,147017.84,433.73,147451.57,0.9971,持有
2024-09-20,3201.05,10.46,0.0353,147248.30,433.73,147682.03,0.9971,持有
2024-09-23,3212.76,10.52,0.0419,147786.96,433.73,148220.69,0.9971,持有
2024-09-24,3351.91,10.97,0.1010,154187.86,433.73,154621.59,0.9972,持有
2024-09-25,3401.53,11.11,0.1404,156470.38,433.73,156904.11,0.9972,持有
2024-09-26,3545.32,11.48,0.2348,163084.72,433.73,163518.45,0.9973,持有
2024-09-27,3703.68,11.77,0.3342,170369.28,433.73,170803.01,0.9975,持有
2024-09-30,4017.85,12.65,0.6248,184821.10,433.73,185254.83,0.9977,持有
2024-10-08,4256.10,13.23,0.7389,195780.60,433.73,196214.33,0.9978,卖出(降至70%)
2024-10-09,3955.98,12.38,0.5517,130547.34,54625.94,185173.28,0.7050,持有
2024-10-10,3997.79,12.60,0.6133,131927.07,54625.94,186553.01,0.7072,持有
2024-10-11,3887.17,12.34,0.5394,128276.61,54625.94,182902.55,0.7013,持有
2024-10-14,3961.34,12.59,0.6108,130724.22,54625.94,185350.16,0.7053,持有
2024-10-15,3855.99,12.23,0.4967,127247.67,54625.94,181873.61,0.6996,持有
2024-10-16,3831.59,12.21,0.4918,126442.47,54625.94,181068.41,0.6983,持有
2024-10-17,3788.22,12.07,0.4360,125011.26,54625.94,179637.20,0.6959,持有
2024-10-18,3925.23,12.40,0.5591,129532.59,54625.94,184158.53,0.7034,持有
2024-10-21,3935.20,12.36,0.5435,129861.60,54625.94,184487.54,0.7039,持有
2024-10-22,3957.78,12.32,0.5312,130606.74,54625.94,185232.68,0.7051,持有
2024-10-23,3973.21,12.35,0.5411,131115.93,54625.94,185741.87,0.7059,持有
2024-10-24,3928.83,12.24,0.5008,129651.39,54625.94,184277.33,0.7036,持有
2024-10-25,3956.42,12.26,0.5090,130561.86,54625.94,185187.80,0.7050,持有
2024-10-28,3964.16,12.26,0.5090,130817.28,54625.94,185443.22,0.7054,持有
2024-10-29,3924.65,12.18,0.4844,129513.45,54625.94,184139.39,0.7033,持有
2024-10-30,3889.45,12.03,0.4245,128351.85,54625.94,182977.79,0.7015,持有
2024-10-31,3891.04,11.65,0.2989,128404.32,54625.94,183030.26,0.7015,持有
2024-11-01,3890.02,11.72,0.3218,128370.66,54625.94,182996.60,0.7015,持有
2024-11-04,3944.76,11.83,0.3596,130177.08,54625.94,184803.02,0.7044,持有
2024-11-05,4044.57,12.08,0.4417,133470.81,54625.94,188096.75,0.7096,持有
2024-11-06,4024.28,12.00,0.4138,132801.24,54625.94,187427.18,0.7085,持有
2024-11-07,4145.70,12.34,0.5394,136808.10,54625.94,191434.04,0.7146,持有
2024-11-08,4104.05,12.22,0.4934,135433.65,54625.94,190059.59,0.7126,持有
2024-11-11,4131.13,12.21,0.4918,136327.29,54625.94,190953.23,0.7139,持有
2024-11-12,4085.74,12.06,0.4319,134829.42,54625.94,189455.36,0.7117,持有
2024-11-13,4110.89,12.16,0.4778,135659.37,54625.94,190285.31,0.7129,持有
2024-11-14,4039.62,12.02,0.4204,133307.46,54625.94,187933.40,0.7093,持有
2024-11-15,3968.83,11.88,0.3736,130971.39,54625.94,185597.33,0.7057,持有
2024-11-18,3950.38,11.89,0.3752,130362.54,54625.94,184988.48,0.7047,持有
2024-11-19,3976.89,11.92,0.3834,131237.37,54625.94,185863.31,0.7061,持有
2024-11-20,3985.77,11.93,0.3900,131530.41,54625.94,186156.35,0.7066,持有
2024-11-21,3989.30,11.93,0.3900,131646.90,54625.94,186272.84,0.7067,持有
2024-11-22,3865.70,11.61,0.2857,127568.10,54625.94,182194.04,0.7002,持有
2024-11-25,3848.09,11.57,0.2644,126986.97,54625.94,181612.91,0.6992,持有
2024-11-26,3840.18,11.59,0.2726,126725.94,54625.94,181351.88,0.6988,持有
2024-11-27,3907.04,11.75,0.3292,128932.32,54625.94,183558.26,0.7024,持有
2024-11-28,3872.55,11.67,0.3030,127794.15,54625.94,182420.09,0.7005,持有
2024-11-29,3916.58,11.75,0.3292,129247.14,54625.94,183873.08,0.7029,持有
2024-12-02,3947.63,11.83,0.3596,130271.79,54625.94,184897.73,0.7046,持有
2024-12-03,3951.89,11.89,0.3752,130412.37,54625.94,185038.31,0.7048,持有
2024-12-04,3930.56,11.90,0.3785,129708.48,54625.94,184334.42,0.7037,持有
2024-12-05,3921.59,11.85,0.3629,129412.47,54625.94,184038.41,0.7032,持有
2024-12-06,3973.14,11.99,0.4130,131113.62,54625.94,185739.56,0.7059,持有
2024-12-09,3966.57,12.00,0.4138,130896.81,54625.94,185522.75,0.7056,持有
2024-12-10,3995.64,12.07,0.4360,131856.12,54625.94,186482.06,0.7071,持有
2024-12-11,3988.83,12.03,0.4245,131631.39,54625.94,186257.33,0.7067,持有
2024-12-12,4028.50,12.15,0.4729,132940.50,54625.94,187566.44,0.7088,持有
2024-12-13,3933.18,11.91,0.3801,129794.94,54625.94,184420.88,0.7038,持有
2024-12-16,3911.84,11.97,0.4056,129090.72,54625.94,183716.66,0.7027,持有
2024-12-17,3922.03,11.99,0.4130,129426.99,54625.94,184052.93,0.7032,持有
2024-12-18,3941.89,12.06,0.4319,130082.37,54625.94,184708.31,0.7043,持有
2024-12-19,3945.46,12.03,0.4245,130200.18,54625.94,184826.12,0.7044,持有
2024-12-20,3927.74,11.97,0.4056,129615.42,54625.94,184241.36,0.7035,持有
2024-12-23,3933.57,12.07,0.4360,129807.81,54625.94,184433.75,0.7038,持有
2024-12-24,3983.69,12.23,0.4967,131461.77,54625.94,186087.71,0.7065,持有
2024-12-25,3985.63,12.30,0.5230,131525.79,54625.94,186151.73,0.7066,持有
2024-12-26,3987.48,12.27,0.5123,131586.84,54625.94,186212.78,0.7066,持有
2024-12-27,3981.03,12.25,0.5033,131373.99,54625.94,185999.93,0.7063,持有
2024-12-30,3999.05,12.33,0.5345,131968.65,54625.94,186594.59,0.7072,持有
2024-12-31,3934.91,12.19,0.4860,129852.03,54625.94,184477.97,0.7039,持有
2025-01-02,3820.40,11.84,0.3612,126073.20,54625.94,180699.14,0.6977,持有
2025-01-03,3775.16,11.73,0.3276,124580.28,54625.94,179206.22,0.6952,持有
2025-01-06,3768.97,11.70,0.3120,124376.01,54625.94,179001.95,0.6948,持有
2025-01-07,3796.11,11.75,0.3292,125271.63,54625.94,179897.57,0.6963,持有
2025-01-08,3789.22,11.77,0.3342,125044.26,54625.94,179670.20,0.6960,持有
2025-01-09,3779.88,11.69,0.3095,124736.04,54625.94,179361.98,0.6954,持有
2025-01-10,3732.48,11.55,0.2578,123171.84,54625.94,177797.78,0.6928,持有
2025-01-13,3722.51,11.51,0.2447,122842.83,54625.94,177468.77,0.6922,持有
2025-01-14,3820.54,11.74,0.3284,126077.82,54625.94,180703.76,0.6977,持有
2025-01-15,3796.03,11.68,0.3071,125268.99,54625.94,179894.93,0.6963,持有
2025-01-16,3800.38,11.72,0.3218,125412.54,54625.94,180038.48,0.6966,持有
2025-01-17,3812.34,11.73,0.3276,125807.22,54625.94,180433.16,0.6973,持有
2025-01-20,3829.68,11.72,0.3218,126379.44,54625.94,181005.38,0.6982,持有
2025-01-21,3832.61,11.70,0.3120,126476.13,54625.94,181102.07,0.6984,持有
2025-01-22,3797.02,11.59,0.2726,125301.66,54625.94,179927.60,0.6964,持有
2025-01-23,3803.74,11.68,0.3071,125523.42,54625.94,180149.36,0.6968,持有
2025-01-24,3832.86,11.72,0.3218,126484.38,54625.94,181110.32,0.6984,持有
2025-01-27,3817.08,11.74,0.3284,125963.64,54625.94,180589.58,0.6975,持有
2025-02-05,3795.08,11.62,0.2890,125237.64,54625.94,179863.58,0.6963,持有
2025-02-06,3842.83,11.73,0.3276,126813.39,54625.94,181439.33,0.6989,持有
2025-02-07,3892.70,11.83,0.3596,128459.10,54625.94,183085.04,0.7016,持有
2025-02-10,3901.06,11.85,0.3629,128734.98,54625.94,183360.92,0.7021,持有
2025-02-11,3883.14,11.86,0.3654,128143.62,54625.94,182769.56,0.7011,持有
2025-02-12,3919.86,11.96,0.3998,129355.38,54625.94,183981.32,0.7031,持有
2025-02-13,3905.14,11.93,0.3900,128869.62,54625.94,183495.56,0.7023,持有
2025-02-14,3939.01,12.02,0.4204,129987.33,54625.94,184613.27,0.7041,持有
2025-02-17,3947.40,12.04,0.4269,130264.20,54625.94,184890.14,0.7045,持有
2025-02-18,3912.78,11.99,0.4130,129121.74,54625.94,183747.68,0.7027,持有
2025-02-19,3940.16,12.02,0.4204,130025.28,54625.94,184651.22,0.7042,持有
2025-02-20,3928.90,11.99,0.4130,129653.70,54625.94,184279.64,0.7036,持有
2025-02-21,3978.44,12.09,0.4491,131288.52,54625.94,185914.46,0.7062,持有
2025-02-24,3969.72,12.03,0.4245,131000.76,54625.94,185626.70,0.7057,持有
2025-02-25,3925.65,11.89,0.3752,129546.45,54625.94,184172.39,0.7034,持有
2025-02-26,3959.94,11.96,0.3998,130678.02,54625.94,185303.96,0.7052,持有
2025-02-27,3968.12,12.00,0.4138,130947.96,54625.94,185573.90,0.7056,持有
2025-02-28,3890.05,11.82,0.3563,128371.65,54625.94,182997.59,0.7015,持有
2025-03-03,3888.47,11.81,0.3522,128319.51,54625.94,182945.45,0.7014,持有
2025-03-04,3885.22,11.75,0.3292,128212.26,54625.94,182838.20,0.7012,持有
2025-03-05,3902.57,11.84,0.3612,128784.81,54625.94,183410.75,0.7022,持有
2025-03-06,3956.24,11.94,0.3941,130555.92,54625.94,185181.86,0.7050,持有
2025-03-07,3944.01,11.92,0.3834,130152.33,54625.94,184778.27,0.7044,持有
2025-03-10,3928.80,11.85,0.3629,129650.40,54625.94,184276.34,0.7036,持有
2025-03-11,3941.42,11.89,0.3752,130066.86,54625.94,184692.80,0.7042,持有
2025-03-12,3927.23,11.86,0.3654,129598.59,54625.94,184224.53,0.7035,持有
2025-03-13,3911.58,11.85,0.3629,129082.14,54625.94,183708.08,0.7026,持有
2025-03-14,4006.56,12.12,0.4598,132216.48,54625.94,186842.42,0.7076,持有
2025-03-17,3996.79,12.11,0.4565,131894.07,54625.94,186520.01,0.7071,持有
2025-03-18,4007.72,12.12,0.4598,132254.76,54625.94,186880.70,0.7077,持有
2025-03-19,4010.17,12.15,0.4729,132335.61,54625.94,186961.55,0.7078,持有
2025-03-20,3974.99,12.04,0.4269,131174.67,54625.94,185800.61,0.7060,持有
2025-03-21,3914.70,11.89,0.3752,129185.10,54625.94,183811.04,0.7028,持有
2025-03-24,3934.85,11.92,0.3834,129850.05,54625.94,184475.99,0.7039,持有
2025-03-25,3932.30,11.91,0.3801,129765.90,54625.94,184391.84,0.7038,持有
2025-03-26,3919.36,11.87,0.3719,129338.88,54625.94,183964.82,0.7031,持有
2025-03-27,3932.41,11.90,0.3785,129769.53,54625.94,184395.47,0.7038,持有
2025-03-28,3915.17,11.81,0.3522,129200.61,54625.94,183826.55,0.7028,持有
2025-03-31,3887.31,11.78,0.3391,128281.23,54625.94,182907.17,0.7013,持有
2025-04-01,3887.68,11.78,0.3391,128293.44,54625.94,182919.38,0.7014,持有
2025-04-02,3884.39,11.79,0.3424,128184.87,54625.94,182810.81,0.7012,持有
2025-04-03,3861.50,11.78,0.3391,127429.50,54625.94,182055.44,0.6999,持有
2025-04-07,3589.44,11.07,0.1322,118451.52,54625.94,173077.46,0.6844,持有
2025-04-08,3650.76,11.29,0.1732,120475.08,54625.94,175101.02,0.6880,持有
2025-04-09,3686.79,11.35,0.1929,121664.07,54625.94,176290.01,0.6901,持有
2025-04-10,3735.12,11.44,0.2192,123258.96,54625.94,177884.90,0.6929,持有
2025-04-11,3750.52,11.46,0.2258,123767.16,54625.94,178393.10,0.6938,持有
2025-04-14,3759.14,11.53,0.2529,124051.62,54625.94,178677.56,0.6943,持有
2025-04-15,3761.23,11.57,0.2644,124120.59,54625.94,178746.53,0.6944,持有
2025-04-16,3772.82,11.64,0.2931,124503.06,54625.94,179129.00,0.6950,持有
2025-04-17,3772.22,11.64,0.2931,124483.26,54625.94,179109.20,0.6950,持有
2025-04-18,3772.52,11.65,0.2989,124493.16,54625.94,179119.10,0.6950,持有
2025-04-21,3784.88,11.66,0.3005,124901.04,54625.94,179526.98,0.6957,持有
2025-04-22,3783.95,11.71,0.3186,124870.35,54625.94,179496.29,0.6957,持有
2025-04-23,3786.88,11.68,0.3071,124967.04,54625.94,179592.98,0.6958,持有
2025-04-24,3784.36,11.70,0.3120,124883.88,54625.94,179509.82,0.6957,持有
2025-04-25,3786.99,11.64,0.2931,124970.67,54625.94,179596.61,0.6958,持有
2025-04-28,3781.62,11.65,0.2989,124793.46,54625.94,179419.40,0.6955,持有
2025-04-29,3775.08,11.63,0.2915,124577.64,54625.94,179203.58,0.6952,持有
2025-04-30,3770.57,11.49,0.2414,124428.81,54625.94,179054.75,0.6949,持有
2025-05-06,3808.54,11.56,0.2619,125681.82,54625.94,180307.76,0.6970,持有
2025-05-07,3831.63,11.67,0.3030,126443.79,54625.94,181069.73,0.6983,持有
2025-05-08,3852.90,11.71,0.3186,127145.70,54625.94,181771.64,0.6995,持有
2025-05-09,3846.16,11.71,0.3186,126923.28,54625.94,181549.22,0.6991,持有
2025-05-12,3890.61,11.80,0.3465,128390.13,54625.94,183016.07,0.7015,持有
2025-05-13,3896.26,11.83,0.3596,128576.58,54625.94,183202.52,0.7018,持有
2025-05-14,3943.21,11.97,0.4056,130125.93,54625.94,184751.87,0.7043,持有
2025-05-15,3907.20,11.90,0.3785,128937.60,54625.94,183563.54,0.7024,持有
2025-05-16,3889.09,11.83,0.3596,128339.97,54625.94,182965.91,0.7014,持有
2025-05-19,3877.15,11.79,0.3424,127945.95,54625.94,182571.89,0.7008,持有
2025-05-20,3898.17,11.85,0.3629,128639.61,54625.94,183265.55,0.7019,持有
2025-05-21,3916.38,11.91,0.3801,129240.54,54625.94,183866.48,0.7029,持有
2025-05-22,3913.87,11.91,0.3801,129157.71,54625.94,183783.65,0.7028,持有
2025-05-23,3882.27,11.81,0.3522,128114.91,54625.94,182740.85,0.7011,持有
2025-05-26,3860.11,11.75,0.3292,127383.63,54625.94,182009.57,0.6999,持有
2025-05-27,3839.40,11.72,0.3218,126700.20,54625.94,181326.14,0.6987,持有
2025-05-28,3836.24,11.72,0.3218,126595.92,54625.94,181221.86,0.6986,持有
2025-05-29,3858.70,11.76,0.3325,127337.10,54625.94,181963.04,0.6998,持有
2025-05-30,3840.23,11.73,0.3276,126727.59,54625.94,181353.53,0.6988,持有
2025-06-03,3852.01,11.77,0.3342,127116.33,54625.94,181742.27,0.6994,持有
2025-06-04,3868.74,11.80,0.3465,127668.42,54625.94,182294.36,0.7003,持有
2025-06-05,3877.56,11.83,0.3596,127959.48,54625.94,182585.42,0.7008,持有
2025-06-06,3873.98,11.83,0.3596,127841.34,54625.94,182467.28,0.7006,持有
2025-06-09,3885.25,11.83,0.3596,128213.25,54625.94,182839.19,0.7012,持有
2025-06-10,3865.47,11.79,0.3424,127560.51,54625.94,182186.45,0.7002,持有
2025-06-11,3894.63,12.06,0.4319,128522.79,54625.94,183148.73,0.7017,持有
2025-06-12,3892.20,12.04,0.4269,128442.60,54625.94,183068.54,0.7016,持有
2025-06-13,3864.18,11.99,0.4130,127517.94,54625.94,182143.88,0.7001,持有
2025-06-16,3873.80,12.07,0.4360,127835.40,54625.94,182461.34,0.7006,持有
2025-06-17,3870.38,12.07,0.4360,127722.54,54625.94,182348.48,0.7004,持有
2025-06-18,3874.97,12.11,0.4565,127874.01,54625.94,182499.95,0.7007,持有
2025-06-19,3843.09,12.09,0.4491,126821.97,54625.94,181447.91,0.6989,持有
2025-06-20,3846.64,12.12,0.4598,126939.12,54625.94,181565.06,0.6991,持有
2025-06-23,3857.90,12.20,0.4901,127310.70,54625.94,181936.64,0.6998,持有
2025-06-24,3904.03,12.31,0.5255,128832.99,54625.94,183458.93,0.7022,持有
2025-06-25,3960.07,12.45,0.5780,130682.31,54625.94,185308.25,0.7052,持有
2025-06-26,3946.02,12.44,0.5739,130218.66,54625.94,184844.60,0.7045,持有
2025-06-27,3921.76,12.30,0.5230,129418.08,54625.94,184044.02,0.7032,持有
2025-06-30,3936.08,12.34,0.5394,129890.64,54625.94,184516.58,0.7040,持有
2025-07-01,3942.76,12.39,0.5542,130111.08,54625.94,184737.02,0.7043,持有
2025-07-02,3943.68,12.40,0.5591,130141.44,54625.94,184767.38,0.7044,持有
2025-07-03,3968.07,12.43,0.5690,130946.31,54625.94,185572.25,0.7056,持有
2025-07-04,3982.20,12.50,0.5895,131412.60,54625.94,186038.54,0.7064,持有
2025-07-07,3965.17,12.46,0.5788,130850.61,54625.94,185476.55,0.7055,持有
2025-07-08,3998.45,12.53,0.5952,131948.85,54625.94,186574.79,0.7072,持有
2025-07-09,3991.40,12.54,0.5985,131716.20,54625.94,186342.14,0.7069,持有
2025-07-10,4010.02,12.60,0.6133,132330.66,54625.94,186956.60,0.7078,持有
2025-07-11,4014.81,12.57,0.6084,132488.73,54625.94,187114.67,0.7081,持有
2025-07-14,4017.67,12.59,0.6108,132583.11,54625.94,187209.05,0.7082,持有
2025-07-15,4019.06,12.58,0.6100,132628.98,54625.94,187254.92,0.7083,持有
2025-07-16,4007.20,12.55,0.6018,132237.60,54625.94,186863.54,0.7077,持有
2025-07-17,4034.49,12.57,0.6084,133138.17,54625.94,187764.11,0.7091,持有
2025-07-18,4058.55,12.64,0.6240,133932.15,54625.94,188558.09,0.7103,持有
2025-07-21,4085.61,12.70,0.6322,134825.13,54625.94,189451.07,0.7117,持有
2025-07-22,4118.96,12.77,0.6412,135925.68,54625.94,190551.62,0.7133,持有
2025-07-23,4119.77,12.79,0.6437,135952.41,54625.94,190578.35,0.7134,持有
2025-07-24,4149.04,12.82,0.6494,136918.32,54625.94,191544.26,0.7148,持有
2025-07-25,4127.16,12.74,0.6363,136196.28,54625.94,190822.22,0.7137,持有
2025-07-28,4135.82,12.75,0.6388,136482.06,54625.94,191108.00,0.7142,持有
2025-07-29,4152.02,12.59,0.6108,137016.66,54625.94,191642.60,0.7150,持有
2025-07-30,4151.24,12.63,0.6215,136990.92,54625.94,191616.86,0.7149,持有
2025-07-31,4075.59,12.44,0.5739,134494.47,54625.94,189120.41,0.7112,持有
2025-08-01,4054.93,12.37,0.5460,133812.69,54625.94,188438.63,0.7101,持有
2025-08-04,4070.70,12.42,0.5632,134333.10,54625.94,188959.04,0.7109,持有
2025-08-05,4103.45,12.54,0.5985,135413.85,54625.94,190039.79,0.7126,持有
2025-08-06,4113.49,12.57,0.6084,135745.17,54625.94,190371.11,0.7131,持有
2025-08-07,4114.67,12.58,0.6100,135784.11,54625.94,190410.05,0.7131,持有
2025-08-08,4104.97,12.56,0.6034,135464.01,54625.94,190089.95,0.7126,持有
2025-08-11,4122.51,12.54,0.5985,136042.83,54625.94,190668.77,0.7135,持有
2025-08-12,4143.83,12.62,0.6190,136746.39,54625.94,191372.33,0.7146,持有
2025-08-13,4176.58,12.63,0.6215,137827.14,54625.94,192453.08,0.7162,持有
2025-08-14,4173.31,12.63,0.6215,137719.23,54625.94,192345.17,0.7160,持有
2025-08-15,4202.35,12.65,0.6248,138677.55,54625.94,193303.49,0.7174,持有
2025-08-18,4239.41,12.73,0.6355,139900.53,54625.94,194526.47,0.7192,持有
2025-08-19,4223.37,12.71,0.6330,139371.21,54625.94,193997.15,0.7184,持有
2025-08-20,4271.40,12.83,0.6527,140956.20,54625.94,195582.14,0.7207,持有
2025-08-21,4288.07,12.89,0.6667,141506.31,54625.94,196132.25,0.7215,持有
2025-08-22,4378.00,13.08,0.7192,144474.00,54625.94,199099.94,0.7256,持有
2025-08-25,4469.22,13.27,0.7414,147484.26,54625.94,202110.20,0.7297,持有
2025-08-26,4452.59,13.21,0.7389,146935.47,54625.94,201561.41,0.7290,持有
2025-08-27,4386.13,12.97,0.6954,144742.29,54625.94,199368.23,0.7260,持有
2025-08-28,4463.78,13.16,0.7291,147304.74,54625.94,201930.68,0.7295,持有
2025-08-29,4496.76,13.23,0.7389,148393.08,54625.94,203019.02,0.7309,持有
2025-09-01,4523.71,13.23,0.7389,149282.43,54625.94,203908.37,0.7321,持有
2025-09-02,4490.45,13.23,0.7389,148184.85,54625.94,202810.79,0.7307,持有
2025-09-03,4459.83,13.11,0.7217,147174.39,54625.94,201800.33,0.7293,持有
2025-09-04,4365.21,12.98,0.6970,144051.93,54625.94,198677.87,0.7251,持有
2025-09-05,4460.32,13.10,0.7200,147190.56,54625.94,201816.50,0.7293,持有
2025-09-08,4467.57,13.11,0.7217,147429.81,54625.94,202055.75,0.7296,持有
2025-09-09,4436.26,13.03,0.7069,146396.58,54625.94,201022.52,0.7283,持有
2025-09-10,4445.36,13.08,0.7192,146696.88,54625.94,201322.82,0.7287,持有
2025-09-11,4548.03,13.29,0.7430,150084.99,54625.94,204710.93,0.7332,持有
2025-09-12,4522.00,13.24,0.7406,149226.00,54625.94,203851.94,0.7320,持有
2025-09-15,4533.06,13.24,0.7406,149590.98,54625.94,204216.92,0.7325,持有
2025-09-16,4523.34,13.20,0.7365,149270.22,54625.94,203896.16,0.7321,持有
2025-09-17,4551.02,13.26,0.7414,150183.66,54625.94,204809.60,0.7333,持有
2025-09-18,4498.11,13.08,0.7192,148437.63,54625.94,203063.57,0.7310,持有
2025-09-19,4501.92,13.08,0.7192,148563.36,54625.94,203189.30,0.7312,持有
2025-09-22,4522.61,13.09,0.7200,149246.13,54625.94,203872.07,0.7321,持有
2025-09-23,4519.78,13.14,0.7266,149152.74,54625.94,203778.68,0.7319,持有
2025-09-24,4566.07,13.21,0.7389,150680.31,54625.94,205306.25,0.7339,持有
2025-09-25,4593.49,13.24,0.7406,151585.17,54625.94,206211.11,0.7351,持有
2025-09-26,4550.05,13.16,0.7291,150151.65,54625.94,204777.59,0.7332,持有
2025-09-29,4620.05,13.30,0.7447,152461.65,54625.94,207087.59,0.7362,持有
2025-09-30,4640.69,13.32,0.7447,153142.77,54625.94,207768.71,0.7371,持有
2025-10-09,4709.48,13.50,0.7627,155412.84,54625.94,210038.78,0.7399,持有
2025-10-10,4616.83,13.36,0.7479,152355.39,54625.94,206981.33,0.7361,持有
2025-10-13,4593.98,13.30,0.7447,151601.34,54625.94,206227.28,0.7351,持有
2025-10-14,4539.06,13.26,0.7414,149788.98,54625.94,204414.92,0.7328,持有
2025-10-15,4606.29,13.40,0.7562,152007.57,54625.94,206633.51,0.7356,持有
2025-10-16,4618.42,13.50,0.7627,152407.86,54625.94,207033.80,0.7361,持有
2025-10-17,4514.23,13.27,0.7414,148969.59,54625.94,203595.53,0.7317,持有
2025-10-20,4538.22,13.33,0.7455,149761.26,54625.94,204387.20,0.7327,持有
2025-10-21,4607.87,13.47,0.7619,152059.71,54625.94,206685.65,0.7357,持有
2025-10-22,4592.57,13.47,0.7619,151554.81,54625.94,206180.75,0.7351,持有
2025-10-23,4606.34,13.53,0.7644,152009.22,54625.94,206635.16,0.7356,持有
2025-10-24,4660.68,13.62,0.7701,153802.44,54625.94,208428.38,0.7379,持有
2025-10-27,4716.02,13.75,0.7874,155628.66,54625.94,210254.60,0.7402,持有
2025-10-28,4691.97,13.70,0.7767,154835.01,54625.94,209460.95,0.7392,持有
2025-10-29,4747.84,13.70,0.7767,156678.72,54625.94,211304.66,0.7415,持有
2025-10-30,4709.91,13.57,0.7668,155427.03,54625.94,210052.97,0.7399,持有
2025-10-31,4640.67,13.19,0.7323,153142.11,54625.94,207768.05,0.7371,持有
2025-11-03,4653.40,13.28,0.7414,153562.20,54625.94,208188.14,0.7376,持有
2025-11-04,4618.70,13.25,0.7414,152417.10,54625.94,207043.04,0.7362,持有
2025-11-05,4627.26,13.26,0.7414,152699.58,54625.94,207325.52,0.7365,持有
2025-11-06,4693.40,13.39,0.7512,154882.20,54625.94,209508.14,0.7393,持有
2025-11-07,4678.79,13.35,0.7463,154400.07,54625.94,209026.01,0.7387,持有
2025-11-10,4695.05,13.41,0.7586,154936.65,54625.94,209562.59,0.7393,持有
2025-11-11,4652.17,13.33,0.7455,153521.61,54625.94,208147.55,0.7376,持有
2025-11-12,4645.91,13.38,0.7488,153315.03,54625.94,207940.97,0.7373,持有
2025-11-13,4702.07,13.46,0.7619,155168.31,54625.94,209794.25,0.7396,持有
2025-11-14,4628.14,13.31,0.7447,152728.62,54625.94,207354.56,0.7366,持有
2025-11-17,4598.05,13.20,0.7365,151735.65,54625.94,206361.59,0.7353,持有
2025-11-18,4568.19,13.13,0.7250,150750.27,54625.94,205376.21,0.7340,持有
2025-11-19,4588.29,13.23,0.7389,151413.57,54625.94,206039.51,0.7349,持有
2025-11-20,4564.95,13.22,0.7389,150643.35,54625.94,205269.29,0.7339,持有
2025-11-21,4453.61,12.98,0.6970,146969.13,54625.94,201595.07,0.7290,持有
2025-11-24,4448.05,12.92,0.6814,146785.65,54625.94,201411.59,0.7288,持有
2025-11-25,4490.40,13.02,0.7053,148183.20,54625.94,202809.14,0.7307,持有
2025-11-26,4517.63,13.02,0.7053,149081.79,54625.94,203707.73,0.7318,持有
2025-11-27,4515.40,13.05,0.7126,149008.20,54625.94,203634.14,0.7317,持有
2025-11-28,4526.66,13.04,0.7094,149379.78,54625.94,204005.72,0.7322,持有
2025-12-01,4576.49,13.14,0.7266,151024.17,54625.94,205650.11,0.7344,持有
