日期,收盘价,估值指标,估值分位点,持仓市值,现金,总资产,仓位比例,信号
2015-01-05,26.10,4.12,0.9992,0.00,100000.00,100000.00,0.0000,持有
2015-01-06,26.14,4.12,0.9992,0.00,100000.00,100000.00,0.0000,持有
2015-01-07,27.23,4.29,0.9992,0.00,100000.00,100000.00,0.0000,持有
2015-01-08,26.55,4.19,0.9984,0.00,100000.00,100000.00,0.0000,持有
2015-01-09,26.33,4.15,0.9976,0.00,100000.00,100000.00,0.0000,持有
2015-01-12,25.25,3.98,0.9944,0.00,100000.00,100000.00,0.0000,持有
2015-01-13,24.23,3.82,0.9887,0.00,100000.00,100000.00,0.0000,持有
2015-01-14,24.60,3.88,0.9919,0.00,100000.00,100000.00,0.0000,持有
2015-01-15,25.13,3.96,0.9928,0.00,100000.00,100000.00,0.0000,持有
2015-01-16,24.79,3.91,0.9920,0.00,100000.00,100000.00,0.0000,持有
2015-01-19,22.31,3.52,0.9686,0.00,100000.00,100000.00,0.0000,持有
2015-01-20,20.10,3.17,0.9382,0.00,100000.00,100000.00,0.0000,持有
2015-01-21,21.65,3.41,0.9631,0.00,100000.00,100000.00,0.0000,持有
2015-01-22,21.41,3.38,0.9599,0.00,100000.00,100000.00,0.0000,持有
2015-01-23,22.00,3.47,0.9679,0.00,100000.00,100000.00,0.0000,持有
2015-01-26,21.56,3.40,0.9600,0.00,100000.00,100000.00,0.0000,持有
2015-01-27,21.13,3.33,0.9528,0.00,100000.00,100000.00,0.0000,持有
2015-01-28,21.74,3.43,0.9624,0.00,100000.00,100000.00,0.0000,持有
2015-01-29,21.22,3.35,0.9545,0.00,100000.00,100000.00,0.0000,持有
2015-01-30,20.98,3.31,0.9497,0.00,100000.00,100000.00,0.0000,持有
2015-02-02,20.28,3.20,0.9346,0.00,100000.00,100000.00,0.0000,持有
2015-02-03,21.39,3.37,0.9570,0.00,100000.00,100000.00,0.0000,持有
2015-02-04,21.11,3.33,0.9498,0.00,100000.00,100000.00,0.0000,持有
2015-02-05,21.15,3.34,0.9507,0.00,100000.00,100000.00,0.0000,持有
2015-02-06,21.32,3.36,0.9563,0.00,100000.00,100000.00,0.0000,持有
2015-02-09,22.15,3.49,0.9682,0.00,100000.00,100000.00,0.0000,持有
2015-02-10,22.25,3.51,0.9683,0.00,100000.00,100000.00,0.0000,持有
2015-02-11,22.08,3.48,0.9667,0.00,100000.00,100000.00,0.0000,持有
2015-02-12,21.84,3.44,0.9628,0.00,100000.00,100000.00,0.0000,持有
2015-02-13,21.94,3.46,0.9636,0.00,100000.00,100000.00,0.0000,持有
2015-02-16,21.82,3.44,0.9604,0.00,100000.00,100000.00,0.0000,持有
2015-02-17,21.98,3.47,0.9644,0.00,100000.00,100000.00,0.0000,持有
2015-02-25,21.65,3.41,0.9550,0.00,100000.00,100000.00,0.0000,持有
2015-02-26,22.54,3.55,0.9732,0.00,100000.00,100000.00,0.0000,持有
2015-02-27,22.24,3.51,0.9669,0.00,100000.00,100000.00,0.0000,持有
2015-03-02,22.50,3.55,0.9724,0.00,100000.00,100000.00,0.0000,持有
2015-03-03,21.56,3.40,0.9504,0.00,100000.00,100000.00,0.0000,持有
2015-03-04,21.37,3.37,0.9473,0.00,100000.00,100000.00,0.0000,持有
2015-03-05,21.30,3.36,0.9450,0.00,100000.00,100000.00,0.0000,持有
2015-03-06,21.17,3.34,0.9411,0.00,100000.00,100000.00,0.0000,持有
2015-03-09,20.83,3.29,0.9333,0.00,100000.00,100000.00,0.0000,持有
2015-03-10,20.73,3.27,0.9325,0.00,100000.00,100000.00,0.0000,持有
2015-03-11,20.69,3.26,0.9318,0.00,100000.00,100000.00,0.0000,持有
2015-03-12,21.24,3.35,0.9428,0.00,100000.00,100000.00,0.0000,持有
2015-03-13,21.26,3.35,0.9437,0.00,100000.00,100000.00,0.0000,持有
2015-03-16,21.67,3.42,0.9547,0.00,100000.00,100000.00,0.0000,持有
2015-03-17,22.29,3.52,0.9672,0.00,100000.00,100000.00,0.0000,持有
2015-03-18,22.58,3.56,0.9735,0.00,100000.00,100000.00,0.0000,持有
2015-03-19,22.36,3.53,0.9688,0.00,100000.00,100000.00,0.0000,持有
2015-03-20,24.36,3.84,0.9899,0.00,100000.00,100000.00,0.0000,持有
2015-03-23,25.10,3.96,0.9922,0.00,100000.00,100000.00,0.0000,持有
2015-03-24,24.44,3.61,0.9735,0.00,100000.00,100000.00,0.0000,持有
2015-03-25,24.38,3.60,0.9720,0.00,100000.00,100000.00,0.0000,持有
2015-03-26,24.12,3.56,0.9697,0.00,100000.00,100000.00,0.0000,持有
2015-03-27,24.19,3.57,0.9705,0.00,100000.00,100000.00,0.0000,持有
2015-03-30,24.79,3.66,0.9791,0.00,100000.00,100000.00,0.0000,持有
2015-03-31,24.72,3.65,0.9767,0.00,100000.00,100000.00,0.0000,持有
2015-04-01,25.56,3.77,0.9837,0.00,100000.00,100000.00,0.0000,持有
2015-04-02,25.19,3.72,0.9814,0.00,100000.00,100000.00,0.0000,持有
2015-04-03,25.77,3.80,0.9838,0.00,100000.00,100000.00,0.0000,持有
2015-04-07,26.08,3.85,0.9892,0.00,100000.00,100000.00,0.0000,持有
2015-04-08,27.17,4.01,0.9946,0.00,100000.00,100000.00,0.0000,持有
2015-04-09,26.94,3.98,0.9931,0.00,100000.00,100000.00,0.0000,持有
2015-04-10,26.99,3.98,0.9938,0.00,100000.00,100000.00,0.0000,持有
2015-04-13,26.65,3.93,0.9892,0.00,100000.00,100000.00,0.0000,持有
2015-04-14,26.50,3.91,0.9885,0.00,100000.00,100000.00,0.0000,持有
2015-04-15,25.68,3.79,0.9785,0.00,100000.00,100000.00,0.0000,持有
2015-04-16,26.37,3.89,0.9869,0.00,100000.00,100000.00,0.0000,持有
2015-04-17,26.47,3.91,0.9869,0.00,100000.00,100000.00,0.0000,持有
2015-04-20,25.33,3.74,0.9739,0.00,100000.00,100000.00,0.0000,持有
2015-04-21,26.42,3.90,0.9862,0.00,100000.00,100000.00,0.0000,持有
2015-04-22,28.48,4.20,0.9985,0.00,100000.00,100000.00,0.0000,持有
2015-04-23,27.75,4.10,0.9946,0.00,100000.00,100000.00,0.0000,持有
2015-04-24,26.66,3.94,0.9878,0.00,100000.00,100000.00,0.0000,持有
2015-04-27,26.93,3.97,0.9901,0.00,100000.00,100000.00,0.0000,持有
2015-04-28,26.74,3.95,0.9870,0.00,100000.00,100000.00,0.0000,持有
2015-04-29,26.80,3.96,0.9870,0.00,100000.00,100000.00,0.0000,持有
2015-04-30,25.88,3.64,0.9611,0.00,100000.00,100000.00,0.0000,持有
2015-05-04,25.42,3.58,0.9535,0.00,100000.00,100000.00,0.0000,持有
2015-05-05,24.91,3.50,0.9414,0.00,100000.00,100000.00,0.0000,持有
2015-05-06,25.07,3.53,0.9460,0.00,100000.00,100000.00,0.0000,持有
2015-05-07,24.98,3.51,0.9422,0.00,100000.00,100000.00,0.0000,持有
2015-05-08,25.10,3.53,0.9468,0.00,100000.00,100000.00,0.0000,持有
2015-05-11,25.58,3.60,0.9544,0.00,100000.00,100000.00,0.0000,持有
2015-05-12,25.91,3.64,0.9613,0.00,100000.00,100000.00,0.0000,持有
2015-05-13,25.13,3.54,0.9462,0.00,100000.00,100000.00,0.0000,持有
2015-05-14,24.92,3.51,0.9371,0.00,100000.00,100000.00,0.0000,持有
2015-05-15,24.09,3.39,0.9198,0.00,100000.00,100000.00,0.0000,持有
2015-05-18,23.33,3.28,0.9009,0.00,100000.00,100000.00,0.0000,持有
2015-05-19,24.86,3.50,0.9358,0.00,100000.00,100000.00,0.0000,持有
2015-05-20,24.41,3.43,0.9267,0.00,100000.00,100000.00,0.0000,持有
2015-05-21,24.33,3.42,0.9238,0.00,100000.00,100000.00,0.0000,持有
2015-05-22,24.94,3.51,0.9389,0.00,100000.00,100000.00,0.0000,持有
2015-05-25,25.79,3.63,0.9586,0.00,100000.00,100000.00,0.0000,持有
2015-05-26,25.90,3.64,0.9608,0.00,100000.00,100000.00,0.0000,持有
2015-05-27,25.55,3.59,0.9518,0.00,100000.00,100000.00,0.0000,持有
2015-05-28,23.14,3.26,0.8925,0.00,100000.00,100000.00,0.0000,持有
2015-05-29,22.87,3.22,0.8835,0.00,100000.00,100000.00,0.0000,持有
2015-06-01,24.49,3.44,0.9257,0.00,100000.00,100000.00,0.0000,持有
2015-06-02,24.12,3.39,0.9145,0.00,100000.00,100000.00,0.0000,持有
2015-06-03,23.87,3.36,0.9070,0.00,100000.00,100000.00,0.0000,持有
2015-06-04,24.26,3.41,0.9169,0.00,100000.00,100000.00,0.0000,持有
2015-06-05,24.02,3.38,0.9117,0.00,100000.00,100000.00,0.0000,持有
2015-06-08,25.22,3.55,0.9461,0.00,100000.00,100000.00,0.0000,持有
2015-06-09,25.01,3.52,0.9380,0.00,100000.00,100000.00,0.0000,持有
2015-06-10,24.61,3.46,0.9268,0.00,100000.00,100000.00,0.0000,持有
2015-06-11,24.16,3.40,0.9119,0.00,100000.00,100000.00,0.0000,持有
2015-06-12,24.09,3.39,0.9105,0.00,100000.00,100000.00,0.0000,持有
2015-06-15,23.46,3.30,0.8920,0.00,100000.00,100000.00,0.0000,持有
2015-06-16,23.53,3.31,0.8928,0.00,100000.00,100000.00,0.0000,持有
2015-06-17,23.59,3.32,0.8929,0.00,100000.00,100000.00,0.0000,持有
2015-06-18,22.52,3.17,0.8677,0.00,100000.00,100000.00,0.0000,持有
2015-06-19,21.34,3.00,0.8306,0.00,100000.00,100000.00,0.0000,持有
2015-06-23,22.06,3.41,0.9154,0.00,100000.00,100000.00,0.0000,持有
2015-06-24,21.87,3.38,0.9088,0.00,100000.00,100000.00,0.0000,持有
2015-06-25,21.58,3.34,0.8962,0.00,100000.00,100000.00,0.0000,持有
2015-06-26,19.60,3.03,0.8333,0.00,100000.00,100000.00,0.0000,持有
2015-06-29,18.53,2.87,0.8253,0.00,100000.00,100000.00,0.0000,持有
2015-06-30,20.27,3.14,0.8602,0.00,100000.00,100000.00,0.0000,持有
2015-07-01,19.12,2.96,0.8256,0.00,100000.00,100000.00,0.0000,持有
2015-07-02,19.21,2.97,0.8257,0.00,100000.00,100000.00,0.0000,持有
2015-07-03,18.81,2.91,0.8236,0.00,100000.00,100000.00,0.0000,持有
2015-07-06,20.09,3.11,0.8459,0.00,100000.00,100000.00,0.0000,持有
2015-07-07,19.60,3.03,0.8320,0.00,100000.00,100000.00,0.0000,持有
2015-07-08,17.65,2.73,0.8189,0.00,100000.00,100000.00,0.0000,持有
2015-07-09,19.41,3.00,0.8271,0.00,100000.00,100000.00,0.0000,持有
2015-07-10,20.88,3.23,0.8765,0.00,100000.00,100000.00,0.0000,持有
2015-07-13,20.64,3.19,0.8699,0.00,100000.00,100000.00,0.0000,持有
2015-07-14,19.31,2.99,0.8238,0.00,100000.00,100000.00,0.0000,持有
2015-07-15,18.61,2.88,0.8195,0.00,100000.00,100000.00,0.0000,持有
2015-07-16,18.44,2.85,0.8182,0.00,100000.00,100000.00,0.0000,持有
2015-07-17,19.12,2.96,0.8212,0.00,100000.00,100000.00,0.0000,持有
2015-07-20,18.49,2.86,0.8177,0.00,100000.00,100000.00,0.0000,持有
2015-07-21,18.41,2.85,0.8164,0.00,100000.00,100000.00,0.0000,持有
2015-07-22,18.08,2.80,0.8158,0.00,100000.00,100000.00,0.0000,持有
2015-07-23,18.48,2.86,0.8174,0.00,100000.00,100000.00,0.0000,持有
2015-07-24,18.00,2.78,0.8146,0.00,100000.00,100000.00,0.0000,持有
2015-07-27,16.20,2.51,0.8023,0.00,100000.00,100000.00,0.0000,持有
2015-07-28,16.71,2.58,0.8083,0.00,100000.00,100000.00,0.0000,持有
2015-07-29,16.55,2.56,0.8055,0.00,100000.00,100000.00,0.0000,持有
2015-07-30,15.73,2.43,0.7948,0.00,100000.00,100000.00,0.0000,持有
2015-07-31,15.66,2.42,0.7942,0.00,100000.00,100000.00,0.0000,持有
2015-08-03,15.40,2.38,0.7914,0.00,100000.00,100000.00,0.0000,持有
2015-08-04,15.83,2.45,0.7959,0.00,100000.00,100000.00,0.0000,持有
2015-08-05,15.29,2.37,0.7896,0.00,100000.00,100000.00,0.0000,持有
2015-08-06,14.95,2.31,0.7868,0.00,100000.00,100000.00,0.0000,持有
2015-08-07,15.27,2.36,0.7891,0.00,100000.00,100000.00,0.0000,持有
2015-08-10,16.80,2.60,0.8096,0.00,100000.00,100000.00,0.0000,持有
2015-08-11,16.65,2.58,0.8082,0.00,100000.00,100000.00,0.0000,持有
2015-08-12,16.55,2.56,0.8069,0.00,100000.00,100000.00,0.0000,持有
2015-08-13,16.69,2.58,0.8085,0.00,100000.00,100000.00,0.0000,持有
2015-08-14,17.11,2.61,0.8101,0.00,100000.00,100000.00,0.0000,持有
2015-08-17,16.77,2.56,0.8052,0.00,100000.00,100000.00,0.0000,持有
2015-08-18,15.50,2.37,0.7866,0.00,100000.00,100000.00,0.0000,持有
2015-08-19,15.72,2.40,0.7889,0.00,100000.00,100000.00,0.0000,持有
2015-08-20,15.07,2.30,0.7775,0.00,100000.00,100000.00,0.0000,持有
2015-08-21,13.88,2.12,0.7396,0.00,100000.00,100000.00,0.0000,持有
2015-08-24,12.49,1.91,0.6096,0.00,100000.00,100000.00,0.0000,持有
2015-08-25,11.24,1.37,0.0596,-50000.00,150000.00,100000.00,-0.5000,买入(补至100% + 定投50000.0)
2015-08-26,10.96,1.34,0.0302,47480.82,100004.24,147485.06,0.3219,买入(补至100% + 定投50000.0)
2015-08-27,11.73,1.43,0.1320,107841.74,97849.05,205690.79,0.5243,买入(补至100% + 定投50000.0)
2015-08-28,12.10,1.47,0.1735,212103.94,50097.07,262201.01,0.8089,持有
2015-08-31,11.50,1.40,0.0874,151538.87,100097.07,251635.93,0.6022,买入(补至100% + 定投50000.0)
2015-09-01,11.59,1.41,0.1074,203628.35,101570.87,305199.22,0.6672,买入(补至100% + 定投50000.0)
2015-09-02,11.34,1.38,0.0708,248761.31,101941.00,350702.30,0.7093,买入(补至100% + 定投50000.0)
2015-09-07,11.26,1.37,0.0636,298106.27,100069.01,398175.28,0.7487,买入(补至100% + 定投50000.0)
2015-09-08,11.63,1.42,0.1157,361123.91,100540.43,461664.34,0.7822,买入(补至100% + 定投50000.0)
2015-09-09,11.96,1.46,0.1613,474987.21,49671.71,524658.93,0.9053,持有
2015-09-10,11.56,1.41,0.1034,408932.16,99671.71,508603.87,0.8040,买入(补至100% + 定投50000.0)
2015-09-11,11.46,1.40,0.0841,454237.80,99933.77,554171.58,0.8197,买入(补至100% + 定投50000.0)
2015-09-14,10.61,1.29,0.0164,463215.02,99800.69,563015.72,0.8227,买入(补至100% + 定投50000.0)
2015-09-15,10.31,1.26,0.0021,497225.37,100575.31,597800.68,0.8318,买入(补至100% + 定投50000.0)
2015-09-16,11.01,1.34,0.0363,588026.59,100605.91,688632.50,0.8539,买入(补至100% + 定投50000.0)
2015-09-17,10.55,1.29,0.0149,609993.96,101475.72,711469.68,0.8574,买入(补至100% + 定投50000.0)
2015-09-18,10.51,1.28,0.0107,658893.31,99741.08,758634.39,0.8685,买入(补至100% + 定投50000.0)
2015-09-21,10.63,1.30,0.0199,717442.09,101009.07,818451.16,0.8766,买入(补至100% + 定投50000.0)
2015-09-22,10.85,1.32,0.0277,784890.54,100217.11,885107.65,0.8868,买入(补至100% + 定投50000.0)
2015-09-23,10.40,1.27,0.0050,799000.58,100992.10,899992.68,0.8878,买入(补至100% + 定投50000.0)
2015-09-24,10.50,1.28,0.0106,858561.03,99707.62,958268.65,0.8960,买入(补至100% + 定投50000.0)
2015-09-25,10.15,1.24,0.0000,875557.53,100253.65,975811.18,0.8973,买入(补至100% + 定投50000.0)
2015-09-28,10.27,1.25,0.0028,987546.33,50114.72,1037661.05,0.9517,持有
2015-09-29,10.18,1.24,0.0007,978742.05,50114.72,1028856.77,0.9513,持有
2015-09-30,10.36,1.26,0.0071,996350.61,50114.72,1046465.33,0.9521,持有
2015-10-08,10.88,1.33,0.0346,1046241.51,50114.72,1096356.23,0.9543,持有
2015-10-09,11.05,1.35,0.0494,1063116.37,50114.72,1113231.09,0.9550,持有
2015-10-12,11.71,1.43,0.1416,1126213.68,50114.72,1176328.40,0.9574,持有
2015-10-13,11.64,1.42,0.1289,1119610.47,50114.72,1169725.19,0.9572,持有
2015-10-14,11.64,1.42,0.1288,1119610.47,50114.72,1169725.19,0.9572,持有
2015-10-15,11.99,1.46,0.1793,1153360.20,50114.72,1203474.92,0.9584,持有
2015-10-16,12.12,1.48,0.1904,1165832.93,50114.72,1215947.65,0.9588,持有
2015-10-19,12.30,1.50,0.2058,1183441.48,50114.72,1233556.20,0.9594,持有
2015-10-20,12.22,1.49,0.2000,1175370.89,50114.72,1225485.61,0.9591,持有
2015-10-21,11.40,1.39,0.0870,1096866.09,50114.72,1146980.81,0.9563,持有
2015-10-22,11.71,1.43,0.1430,1126213.68,50114.72,1176328.40,0.9574,持有
2015-10-23,11.98,1.46,0.1779,1151892.82,50114.72,1202007.54,0.9583,持有
2015-10-26,12.09,1.47,0.1896,1162898.17,50114.72,1213012.89,0.9587,持有
2015-10-27,12.01,1.46,0.1811,1154827.58,50114.72,1204942.30,0.9584,持有
2015-10-28,11.63,1.42,0.1279,1118876.78,50114.72,1168991.51,0.9571,持有
2015-10-29,11.66,1.42,0.1348,1121811.54,50114.72,1171926.26,0.9572,持有
2015-10-30,12.11,1.44,0.1633,1164365.55,50114.72,1214480.27,0.9587,持有
2015-11-02,11.85,1.41,0.1172,1140153.79,50114.72,1190268.51,0.9579,持有
2015-11-03,12.03,1.43,0.1519,1157028.65,50114.72,1207143.37,0.9585,持有
2015-11-04,13.23,1.58,0.2925,1272951.62,50114.72,1323066.34,0.9621,持有
2015-11-05,14.22,1.69,0.4468,1367597.59,50114.72,1417712.31,0.9647,持有
2015-11-06,15.64,1.86,0.5960,1504063.87,50114.72,1554178.60,0.9678,持有
2015-11-09,15.55,1.85,0.5872,1495993.29,50114.72,1546108.01,0.9676,持有
2015-11-10,15.77,1.88,0.6083,1517270.29,50114.72,1567385.01,0.9680,持有
2015-11-11,15.91,1.89,0.6149,1530476.70,50114.72,1580591.42,0.9683,持有
2015-11-12,15.38,1.83,0.5700,1479118.43,50114.72,1529233.15,0.9672,持有
2015-11-13,15.45,1.84,0.5759,1486455.32,50114.72,1536570.04,0.9674,持有
2015-11-16,15.18,1.81,0.5485,1460042.49,50114.72,1510157.21,0.9668,持有
2015-11-17,15.41,1.83,0.5723,1482053.18,50114.72,1532167.90,0.9673,持有
2015-11-18,15.85,1.89,0.6120,1524607.19,50114.72,1574721.91,0.9682,持有
2015-11-19,16.07,1.91,0.6254,1545884.19,50114.72,1595998.91,0.9686,持有
2015-11-20,15.66,1.86,0.5988,1506264.94,50114.72,1556379.66,0.9678,持有
2015-11-23,15.33,1.83,0.5631,1474716.29,50114.72,1524831.01,0.9671,持有
2015-11-24,15.48,1.84,0.5793,1488656.39,50114.72,1538771.11,0.9674,持有
2015-11-25,15.32,1.82,0.5610,1473982.60,50114.72,1524097.32,0.9671,持有
2015-11-26,15.17,1.81,0.5434,1459308.80,50114.72,1509423.52,0.9668,持有
2015-11-27,13.65,1.63,0.3572,1313304.55,50114.72,1363419.27,0.9632,持有
2015-11-30,13.45,1.60,0.3253,1293494.93,50114.72,1343609.65,0.9627,持有
2015-12-01,13.56,1.61,0.3430,1303766.59,50114.72,1353881.31,0.9630,持有
2015-12-02,14.36,1.71,0.4622,1380804.01,50114.72,1430918.73,0.9650,持有
2015-12-03,14.29,1.70,0.4557,1374934.49,50114.72,1425049.21,0.9648,持有
2015-12-04,13.91,1.66,0.4074,1338250.00,50114.72,1388364.72,0.9639,持有
2015-12-07,13.65,1.63,0.3571,1313304.55,50114.72,1363419.27,0.9632,持有
2015-12-08,13.46,1.60,0.3253,1294228.62,50114.72,1344343.34,0.9627,持有
2015-12-09,13.57,1.62,0.3470,1305233.97,50114.72,1355348.69,0.9630,持有
2015-12-10,13.59,1.62,0.3495,1307435.04,50114.72,1357549.76,0.9631,持有
2015-12-11,13.62,1.62,0.3534,1309636.11,50114.72,1359750.83,0.9631,持有
2015-12-14,14.84,1.77,0.5096,1427026.46,50114.72,1477141.18,0.9661,持有
2015-12-15,14.28,1.70,0.4560,1373467.11,50114.72,1423581.83,0.9648,持有
2015-12-16,14.20,1.69,0.4420,1366130.21,50114.72,1416244.93,0.9646,持有
2015-12-17,14.54,1.73,0.4833,1398412.56,50114.72,1448527.28,0.9654,持有
2015-12-18,14.39,1.71,0.4673,1383738.76,50114.72,1433853.49,0.9650,持有
2015-12-21,14.97,1.78,0.5269,1440232.87,50114.72,1490347.59,0.9664,持有
2015-12-22,15.20,1.81,0.5551,1462243.56,50114.72,1512358.28,0.9669,持有
2015-12-23,16.13,1.92,0.6383,1551753.70,50114.72,1601868.43,0.9687,持有
2015-12-24,15.74,1.87,0.6121,1513601.84,50114.72,1563716.56,0.9680,持有
2015-12-25,15.86,1.89,0.6185,1525340.88,50114.72,1575455.60,0.9682,持有
2015-12-28,14.92,1.78,0.5204,1435097.04,50114.72,1485211.76,0.9663,持有
2015-12-29,15.11,1.80,0.5410,1453439.29,50114.72,1503554.01,0.9667,持有
2015-12-30,15.03,1.79,0.5312,1445368.70,50114.72,1495483.42,0.9665,持有
2015-12-31,14.76,1.76,0.4997,1419689.56,50114.72,1469804.28,0.9659,持有
2016-01-04,13.31,1.58,0.2957,1280288.52,50114.72,1330403.24,0.9623,持有
2016-01-05,13.46,1.60,0.3232,1294962.31,50114.72,1345077.03,0.9627,持有
2016-01-06,13.68,1.63,0.3601,1315505.62,50114.72,1365620.34,0.9633,持有
2016-01-07,12.46,1.48,0.1958,1198848.96,50114.72,1248963.68,0.9599,持有
2016-01-08,12.84,1.53,0.2294,1234799.76,50114.72,1284914.48,0.9610,持有
2016-01-11,11.96,1.42,0.1362,1150425.44,50114.72,1200540.16,0.9583,持有
2016-01-12,12.12,1.44,0.1624,1165832.93,50114.72,1215947.65,0.9588,持有
2016-01-13,12.12,1.44,0.1623,1165832.93,50114.72,1215947.65,0.9588,持有
2016-01-14,12.43,1.48,0.1965,1195180.51,50114.72,1245295.23,0.9598,持有
2016-01-15,11.86,1.41,0.1143,1140887.48,50114.72,1191002.20,0.9579,持有
2016-01-18,11.94,1.42,0.1284,1148224.37,50114.72,1198339.09,0.9582,持有
2016-01-19,12.30,1.46,0.1807,1182707.79,50114.72,1232822.51,0.9593,持有
2016-01-20,12.07,1.44,0.1550,1160697.10,50114.72,1210811.82,0.9586,持有
2016-01-21,11.52,1.37,0.0671,1107871.44,50114.72,1157986.16,0.9567,持有
2016-01-22,11.66,1.39,0.0811,1121077.85,50114.72,1171192.57,0.9572,持有
2016-01-25,11.71,1.39,0.0864,1126213.68,50114.72,1176328.40,0.9574,持有
2016-01-26,10.63,1.26,0.0074,1022029.75,50114.72,1072144.47,0.9533,持有
2016-01-27,10.63,1.27,0.0080,1022763.43,50114.72,1072878.16,0.9533,持有
2016-01-28,10.45,1.24,0.0027,1005154.88,50114.72,1055269.60,0.9525,持有
2016-01-29,11.06,1.32,0.0314,1063850.06,50114.72,1113964.78,0.9550,持有
2016-02-01,10.85,1.29,0.0234,1044040.44,50114.72,1094155.16,0.9542,持有
2016-02-02,11.14,1.33,0.0354,1071186.95,50114.72,1121301.67,0.9553,持有
2016-02-03,11.04,1.31,0.0320,1061648.99,50114.72,1111763.71,0.9549,持有
2016-02-04,11.16,1.33,0.0386,1073388.02,50114.72,1123502.74,0.9554,持有
2016-02-05,10.82,1.29,0.0220,1040371.99,50114.72,1090486.71,0.9540,持有
2016-02-15,10.66,1.27,0.0106,1025698.19,50114.72,1075812.91,0.9534,持有
2016-02-16,11.31,1.35,0.0519,1088061.82,50114.72,1138176.54,0.9560,持有
2016-02-17,11.45,1.36,0.0678,1101268.23,50114.72,1151382.95,0.9565,持有
2016-02-18,11.40,1.36,0.0637,1096866.09,50114.72,1146980.81,0.9563,持有
2016-02-19,11.52,1.37,0.0750,1107871.44,50114.72,1157986.16,0.9567,持有
2016-02-22,11.88,1.41,0.1286,1143088.54,50114.72,1193203.27,0.9580,持有
2016-02-23,11.63,1.38,0.0868,1118143.10,50114.72,1168257.82,0.9571,持有
2016-02-24,11.76,1.40,0.1040,1131349.51,50114.72,1181464.23,0.9576,持有
2016-02-25,10.80,1.29,0.0212,1038904.61,50114.72,1089019.33,0.9540,持有
2016-02-26,10.98,1.31,0.0324,1055779.47,50114.72,1105894.19,0.9547,持有
2016-02-29,10.89,1.30,0.0278,1047708.88,50114.72,1097823.60,0.9544,持有
2016-03-01,11.69,1.39,0.0958,1124746.30,50114.72,1174861.02,0.9573,持有
2016-03-02,12.30,1.46,0.1941,1182707.79,50114.72,1232822.51,0.9593,持有
2016-03-03,12.14,1.45,0.1801,1168033.99,50114.72,1218148.71,0.9589,持有
2016-03-04,12.20,1.45,0.1826,1173903.51,50114.72,1224018.23,0.9591,持有
2016-03-07,12.19,1.45,0.1818,1172436.13,50114.72,1222550.85,0.9590,持有
2016-03-08,12.33,1.47,0.2001,1185642.55,50114.72,1235757.27,0.9594,持有
2016-03-09,12.20,1.45,0.1829,1173903.51,50114.72,1224018.23,0.9591,持有
2016-03-10,11.85,1.41,0.1256,1139420.10,50114.72,1189534.82,0.9579,持有
2016-03-11,12.17,1.45,0.1820,1170235.06,50114.72,1220349.78,0.9589,持有
2016-03-14,12.33,1.47,0.2029,1186376.24,50114.72,1236490.96,0.9595,持有
2016-03-15,12.21,1.45,0.1870,1174637.20,50114.72,1224751.92,0.9591,持有
2016-03-16,12.27,1.46,0.1954,1180506.72,50114.72,1230621.44,0.9593,持有
2016-03-17,12.68,1.51,0.2353,1219392.27,50114.72,1269506.99,0.9605,持有
2016-03-18,12.93,1.54,0.2633,1243604.03,50114.72,1293718.75,0.9613,持有
2016-03-21,14.23,1.69,0.4627,1368331.28,50114.72,1418446.00,0.9647,持有
2016-03-22,13.72,1.63,0.3905,1319907.76,50114.72,1370022.48,0.9634,持有
2016-03-23,14.00,1.67,0.4320,1346320.59,50114.72,1396435.31,0.9641,持有
2016-03-24,13.28,1.52,0.2417,1277353.76,50114.72,1327468.48,0.9622,持有
2016-03-25,13.34,1.52,0.2487,1283223.28,50114.72,1333338.00,0.9624,持有
2016-03-28,13.02,1.49,0.2192,1252408.31,50114.72,1302523.03,0.9615,持有
2016-03-29,13.07,1.49,0.2229,1256810.45,50114.72,1306925.17,0.9617,持有
2016-03-30,13.49,1.54,0.2658,1297163.38,50114.72,1347278.10,0.9628,持有
2016-03-31,13.58,1.55,0.2799,1305967.66,50114.72,1356082.38,0.9630,持有
2016-04-01,13.50,1.54,0.2681,1298630.76,50114.72,1348745.48,0.9628,持有
2016-04-05,13.68,1.56,0.2926,1315505.62,50114.72,1365620.34,0.9633,持有
2016-04-06,13.58,1.55,0.2801,1305967.66,50114.72,1356082.38,0.9630,持有
2016-04-07,13.22,1.51,0.2351,1271484.24,50114.72,1321598.96,0.9621,持有
2016-04-08,12.92,1.48,0.2090,1242870.34,50114.72,1292985.06,0.9612,持有
2016-04-11,13.27,1.51,0.2419,1275886.38,50114.72,1326001.10,0.9622,持有
2016-04-12,13.23,1.51,0.2359,1272217.93,50114.72,1322332.65,0.9621,持有
2016-04-13,13.62,1.55,0.2882,1309636.11,50114.72,1359750.83,0.9631,持有
2016-04-14,13.73,1.57,0.3029,1320641.45,50114.72,1370756.17,0.9634,持有
2016-04-15,13.65,1.56,0.2917,1313304.55,50114.72,1363419.27,0.9632,持有
2016-04-18,13.24,1.51,0.2392,1273685.31,50114.72,1323800.03,0.9621,持有
2016-04-19,13.30,1.52,0.2474,1279554.83,50114.72,1329669.55,0.9623,持有
2016-04-20,13.14,1.50,0.2266,1263413.65,50114.72,1313528.38,0.9618,持有
2016-04-21,12.88,1.47,0.2026,1239201.89,50114.72,1289316.62,0.9611,持有
2016-04-22,13.00,1.48,0.2166,1250207.24,50114.72,1300321.96,0.9615,持有
2016-04-25,12.78,1.46,0.1901,1229663.93,50114.72,1279778.65,0.9608,持有
2016-04-26,12.87,1.47,0.2028,1237734.52,50114.72,1287849.24,0.9611,持有
2016-04-27,12.67,1.45,0.1770,1218658.58,50114.72,1268773.30,0.9605,持有
2016-04-28,12.59,1.44,0.1659,1211321.69,50114.72,1261436.41,0.9603,持有
2016-04-29,12.54,1.43,0.1575,1206185.86,50114.72,1256300.58,0.9601,持有
2016-05-03,12.83,1.47,0.1991,1234066.07,50114.72,1284180.79,0.9610,持有
2016-05-04,12.75,1.46,0.1868,1225995.48,50114.72,1276110.20,0.9607,持有
2016-05-05,12.76,1.46,0.1886,1227462.86,50114.72,1277577.58,0.9608,持有
2016-05-06,12.28,1.40,0.1090,1181240.41,50114.72,1231355.13,0.9593,持有
2016-05-09,11.94,1.36,0.0692,1148224.37,50114.72,1198339.09,0.9582,持有
2016-05-10,11.90,1.36,0.0647,1144555.92,50114.72,1194670.64,0.9581,持有
2016-05-11,11.88,1.36,0.0633,1142354.86,50114.72,1192469.58,0.9580,持有
2016-05-12,11.90,1.36,0.0652,1144555.92,50114.72,1194670.64,0.9581,持有
2016-05-13,11.75,1.34,0.0498,1130615.82,50114.72,1180730.54,0.9576,持有
2016-05-16,11.88,1.36,0.0639,1142354.86,50114.72,1192469.58,0.9580,持有
2016-05-17,11.88,1.36,0.0638,1142354.86,50114.72,1192469.58,0.9580,持有
2016-05-18,11.89,1.36,0.0670,1143822.23,50114.72,1193936.95,0.9580,持有
2016-05-19,11.85,1.35,0.0593,1139420.10,50114.72,1189534.82,0.9579,持有
2016-05-20,11.97,1.37,0.0764,1151159.13,50114.72,1201273.85,0.9583,持有
2016-05-23,12.00,1.37,0.0796,1154093.89,50114.72,1204208.61,0.9584,持有
2016-05-24,11.84,1.35,0.0592,1138686.41,50114.72,1188801.13,0.9578,持有
2016-05-25,11.86,1.36,0.0629,1140887.48,50114.72,1191002.20,0.9579,持有
2016-05-26,11.88,1.36,0.0654,1142354.86,50114.72,1192469.58,0.9580,持有
2016-05-27,11.84,1.35,0.0590,1138686.41,50114.72,1188801.13,0.9578,持有
2016-05-30,11.95,1.37,0.0787,1149691.75,50114.72,1199806.47,0.9582,持有
2016-05-31,12.81,1.46,0.2061,1231865.00,50114.72,1281979.72,0.9609,持有
2016-06-01,12.64,1.44,0.1844,1215723.82,50114.72,1265838.54,0.9604,持有
2016-06-02,12.66,1.45,0.1875,1217924.89,50114.72,1268039.61,0.9605,持有
2016-06-03,12.68,1.45,0.1899,1219392.27,50114.72,1269506.99,0.9605,持有
2016-06-06,12.56,1.43,0.1695,1207653.24,50114.72,1257767.96,0.9602,持有
2016-06-07,12.58,1.44,0.1745,1209854.31,50114.72,1259969.03,0.9602,持有
2016-06-08,12.50,1.43,0.1605,1202517.41,50114.72,1252632.13,0.9600,持有
2016-06-13,11.91,1.36,0.0720,1145289.61,50114.72,1195404.33,0.9581,持有
2016-06-14,11.98,1.37,0.0801,1151892.82,50114.72,1202007.54,0.9583,持有
2016-06-15,12.14,1.39,0.0990,1168033.99,50114.72,1218148.71,0.9589,持有
2016-06-16,11.93,1.36,0.0750,1147490.68,50114.72,1197605.40,0.9582,持有
2016-06-17,11.95,1.37,0.0793,1149691.75,50114.72,1199806.47,0.9582,持有
2016-06-20,11.95,1.36,0.0787,1148958.06,50114.72,1199072.78,0.9582,持有
2016-06-21,12.08,1.38,0.0937,1162164.48,50114.72,1212279.20,0.9587,持有
2016-06-22,12.25,1.40,0.1157,1178305.65,50114.72,1228420.37,0.9592,持有
2016-06-23,12.17,1.39,0.1055,1170968.75,50114.72,1221083.47,0.9590,持有
2016-06-24,11.97,1.37,0.0810,1151159.13,50114.72,1201273.85,0.9583,持有
2016-06-27,12.16,1.39,0.1048,1169501.37,50114.72,1219616.09,0.9589,持有
2016-06-28,12.35,1.41,0.1379,1187843.62,50114.72,1237958.34,0.9595,持有
2016-06-29,12.33,1.41,0.1316,1185642.55,50114.72,1235757.27,0.9594,持有
2016-06-30,12.38,1.41,0.1446,1190778.37,50114.72,1240893.10,0.9596,持有
2016-07-01,12.30,1.41,0.1264,1183441.48,50114.72,1233556.20,0.9594,持有
2016-07-04,12.66,1.45,0.1964,1217924.89,50114.72,1268039.61,0.9605,持有
2016-07-05,12.65,1.44,0.1944,1216457.51,50114.72,1266572.23,0.9604,持有
2016-07-06,12.62,1.44,0.1899,1214256.45,50114.72,1264371.17,0.9604,持有
2016-07-07,12.66,1.45,0.1973,1217924.89,50114.72,1268039.61,0.9605,持有
2016-07-08,12.65,1.45,0.1965,1217191.20,50114.72,1267305.92,0.9605,持有
2016-07-11,12.62,1.44,0.1895,1214256.45,50114.72,1264371.17,0.9604,持有
2016-07-12,12.91,1.48,0.2349,1242136.65,50114.72,1292251.37,0.9612,持有
2016-07-13,12.92,1.48,0.2354,1242870.34,50114.72,1292985.06,0.9612,持有
2016-07-14,12.94,1.48,0.2371,1244337.72,50114.72,1294452.44,0.9613,持有
2016-07-15,12.83,1.47,0.2220,1234066.07,50114.72,1284180.79,0.9610,持有
2016-07-18,12.60,1.44,0.1846,1212055.38,50114.72,1262170.10,0.9603,持有
2016-07-19,12.66,1.45,0.1981,1217924.89,50114.72,1268039.61,0.9605,持有
2016-07-20,12.63,1.44,0.1930,1214990.13,50114.72,1265104.86,0.9604,持有
2016-07-21,12.74,1.46,0.2084,1225261.79,50114.72,1275376.51,0.9607,持有
2016-07-22,12.68,1.45,0.2027,1219392.27,50114.72,1269506.99,0.9605,持有
2016-07-25,12.64,1.44,0.1939,1215723.82,50114.72,1265838.54,0.9604,持有
2016-07-26,12.83,1.47,0.2248,1234066.07,50114.72,1284180.79,0.9610,持有
2016-07-27,12.70,1.45,0.2042,1221593.34,50114.72,1271708.06,0.9606,持有
2016-07-28,12.44,1.42,0.1546,1196647.89,50114.72,1246762.61,0.9598,持有
2016-07-29,12.37,1.41,0.1415,1190044.69,50114.72,1240159.41,0.9596,持有
2016-08-01,12.32,1.41,0.1297,1184908.86,50114.72,1235023.58,0.9594,持有
2016-08-02,12.37,1.41,0.1407,1189311.00,50114.72,1239425.72,0.9596,持有
2016-08-03,12.32,1.41,0.1295,1184908.86,50114.72,1235023.58,0.9594,持有
2016-08-04,12.37,1.41,0.1412,1189311.00,50114.72,1239425.72,0.9596,持有
2016-08-05,12.39,1.42,0.1479,1191512.06,50114.72,1241626.78,0.9596,持有
2016-08-08,12.46,1.42,0.1656,1198848.96,50114.72,1248963.68,0.9599,持有
2016-08-09,12.53,1.43,0.1766,1205452.17,50114.72,1255566.89,0.9601,持有
2016-08-10,12.46,1.42,0.1654,1198848.96,50114.72,1248963.68,0.9599,持有
2016-08-11,12.61,1.44,0.1924,1212789.07,50114.72,1262903.79,0.9603,持有
2016-08-12,13.08,1.49,0.2604,1258277.83,50114.72,1308392.55,0.9617,持有
2016-08-15,13.74,1.57,0.3401,1321375.14,50114.72,1371489.86,0.9635,持有
2016-08-16,13.48,1.54,0.3037,1296429.69,50114.72,1346544.41,0.9628,持有
2016-08-17,13.43,1.53,0.2961,1292027.55,50114.72,1342142.27,0.9627,持有
2016-08-18,13.33,1.52,0.2862,1281755.90,50114.72,1331870.62,0.9624,持有
2016-08-19,13.30,1.48,0.2437,1279489.76,50114.72,1329604.48,0.9623,持有
2016-08-22,13.17,1.46,0.2258,1266649.54,50114.72,1316764.26,0.9619,持有
2016-08-23,13.20,1.46,0.2300,1269670.77,50114.72,1319785.49,0.9620,持有
2016-08-24,13.12,1.46,0.2158,1262117.70,50114.72,1312232.42,0.9618,持有
2016-08-25,13.19,1.49,0.2615,1268915.46,50114.72,1319030.19,0.9620,持有
2016-08-26,13.14,1.49,0.2576,1263628.32,50114.72,1313743.04,0.9619,持有
2016-08-29,13.12,1.49,0.2556,1262117.70,50114.72,1312232.42,0.9618,持有
2016-08-30,13.22,1.50,0.2640,1271181.39,50114.72,1321296.11,0.9621,持有
2016-08-31,13.27,1.50,0.2700,1276468.53,50114.72,1326583.25,0.9622,持有
2016-09-01,13.09,1.48,0.2527,1259096.48,50114.72,1309211.20,0.9617,持有
2016-09-02,13.19,1.49,0.2623,1268915.46,50114.72,1319030.19,0.9620,持有
2016-09-05,13.20,1.50,0.2646,1269670.77,50114.72,1319785.49,0.9620,持有
2016-09-06,13.22,1.50,0.2663,1271936.69,50114.72,1322051.41,0.9621,持有
2016-09-07,13.19,1.49,0.2618,1268915.46,50114.72,1319030.19,0.9620,持有
2016-09-08,13.14,1.49,0.2574,1263628.32,50114.72,1313743.04,0.9619,持有
2016-09-09,13.13,1.49,0.2567,1262873.01,50114.72,1312987.73,0.9618,持有
2016-09-12,12.93,1.46,0.2280,1243235.03,50114.72,1293349.75,0.9613,持有
2016-09-13,12.82,1.45,0.2085,1233416.04,50114.72,1283530.76,0.9610,持有
2016-09-14,12.71,1.44,0.1890,1222841.75,50114.72,1272956.47,0.9606,持有
2016-09-19,12.75,1.44,0.1967,1225862.98,50114.72,1275977.70,0.9607,持有
2016-09-20,12.72,1.44,0.1912,1223597.06,50114.72,1273711.78,0.9607,持有
2016-09-21,12.74,1.44,0.1959,1225107.67,50114.72,1275222.39,0.9607,持有
2016-09-22,12.79,1.45,0.2085,1230394.82,50114.72,1280509.54,0.9609,持有
2016-09-23,12.68,1.44,0.1824,1219820.52,50114.72,1269935.24,0.9605,持有
2016-09-26,12.50,1.42,0.1467,1202448.46,50114.72,1252563.18,0.9600,持有
2016-09-27,12.67,1.43,0.1785,1218309.91,50114.72,1268424.63,0.9605,持有
2016-09-28,12.61,1.43,0.1688,1213022.76,50114.72,1263137.48,0.9603,持有
2016-09-29,12.68,1.44,0.1837,1219820.52,50114.72,1269935.24,0.9605,持有
2016-09-30,12.66,1.43,0.1782,1217554.60,50114.72,1267669.32,0.9605,持有
2016-10-10,12.89,1.46,0.2262,1239458.50,50114.72,1289573.22,0.9611,持有
2016-10-11,12.97,1.47,0.2429,1247766.87,50114.72,1297881.59,0.9614,持有
2016-10-12,12.90,1.46,0.2308,1240969.11,50114.72,1291083.83,0.9612,持有
2016-10-13,12.87,1.46,0.2222,1237947.88,50114.72,1288062.61,0.9611,持有
2016-10-14,12.93,1.46,0.2347,1243235.03,50114.72,1293349.75,0.9613,持有
2016-10-17,12.74,1.44,0.1980,1225107.67,50114.72,1275222.39,0.9607,持有
2016-10-18,13.06,1.48,0.2596,1256075.25,50114.72,1306189.97,0.9616,持有
2016-10-19,12.97,1.47,0.2445,1247766.87,50114.72,1297881.59,0.9614,持有
2016-10-20,12.95,1.47,0.2401,1245500.95,50114.72,1295615.67,0.9613,持有
2016-10-21,13.06,1.48,0.2603,1256075.25,50114.72,1306189.97,0.9616,持有
2016-10-24,13.32,1.51,0.2871,1281000.37,50114.72,1331115.09,0.9624,持有
2016-10-25,13.24,1.50,0.2803,1273447.31,50114.72,1323562.03,0.9621,持有
2016-10-26,13.20,1.50,0.2754,1269670.77,50114.72,1319785.49,0.9620,持有
2016-10-27,13.16,1.49,0.2704,1265894.24,50114.72,1316008.96,0.9619,持有
2016-10-28,13.20,1.50,0.2757,1269670.77,50114.72,1319785.49,0.9620,持有
2016-10-31,13.04,1.44,0.1980,1254564.64,50114.72,1304679.36,0.9616,持有
2016-11-01,13.20,1.46,0.2277,1269670.77,50114.72,1319785.49,0.9620,持有
2016-11-02,13.06,1.44,0.2019,1256075.25,50114.72,1306189.97,0.9616,持有
2016-11-03,13.24,1.46,0.2369,1273447.31,50114.72,1323562.03,0.9621,持有
2016-11-04,13.22,1.46,0.2326,1271936.69,50114.72,1322051.41,0.9621,持有
2016-11-07,13.29,1.47,0.2473,1278734.45,50114.72,1328849.17,0.9623,持有
2016-11-08,13.30,1.47,0.2513,1279489.76,50114.72,1329604.48,0.9623,持有
2016-11-09,13.08,1.45,0.2072,1258341.17,50114.72,1308455.89,0.9617,持有
2016-11-10,13.36,1.48,0.2576,1284776.91,50114.72,1334891.63,0.9625,持有
2016-11-11,13.78,1.52,0.3114,1325563.48,50114.72,1375678.20,0.9636,持有
2016-11-14,13.86,1.53,0.3177,1333116.54,50114.72,1383231.27,0.9638,持有
2016-11-15,13.70,1.52,0.3021,1318010.41,50114.72,1368125.13,0.9634,持有
2016-11-16,13.71,1.52,0.3043,1318765.72,50114.72,1368880.44,0.9634,持有
2016-11-17,13.70,1.52,0.3018,1318010.41,50114.72,1368125.13,0.9634,持有
2016-11-18,13.51,1.50,0.2785,1299883.04,50114.72,1349997.76,0.9629,持有
2016-11-21,13.66,1.51,0.2973,1313478.57,50114.72,1363593.29,0.9632,持有
2016-11-22,13.85,1.53,0.3196,1332361.24,50114.72,1382475.96,0.9638,持有
2016-11-23,13.73,1.52,0.3064,1320276.33,50114.72,1370391.05,0.9634,持有
2016-11-24,13.82,1.53,0.3174,1329340.01,50114.72,1379454.73,0.9637,持有
2016-11-25,13.88,1.54,0.3231,1334627.16,50114.72,1384741.88,0.9638,持有
2016-11-28,13.83,1.53,0.3176,1330095.32,50114.72,1380210.04,0.9637,持有
2016-11-29,14.10,1.56,0.3569,1356531.06,50114.72,1406645.78,0.9644,持有
2016-11-30,13.94,1.54,0.3343,1340669.61,50114.72,1390784.33,0.9640,持有
2016-12-01,14.00,1.55,0.3429,1346712.07,50114.72,1396826.79,0.9641,持有
2016-12-02,13.63,1.51,0.2904,1311212.65,50114.72,1361327.37,0.9632,持有
2016-12-05,13.23,1.46,0.2333,1272692.00,50114.72,1322806.72,0.9621,持有
2016-12-06,13.18,1.46,0.2190,1267404.85,50114.72,1317519.57,0.9620,持有
2016-12-07,13.26,1.47,0.2424,1275713.23,50114.72,1325827.95,0.9622,持有
2016-12-08,13.11,1.45,0.2088,1261362.40,50114.72,1311477.12,0.9618,持有
2016-12-09,13.18,1.46,0.2192,1267404.85,50114.72,1317519.57,0.9620,持有
2016-12-12,12.92,1.43,0.1646,1242479.73,50114.72,1292594.45,0.9612,持有
2016-12-13,12.88,1.42,0.1593,1238703.19,50114.72,1288817.91,0.9611,持有
2016-12-14,12.75,1.41,0.1317,1226618.28,50114.72,1276733.00,0.9607,持有
2016-12-15,12.66,1.40,0.1105,1217554.60,50114.72,1267669.32,0.9605,持有
2016-12-16,12.64,1.40,0.1093,1216043.99,50114.72,1266158.71,0.9604,持有
2016-12-19,12.64,1.40,0.1081,1215288.68,50114.72,1265403.40,0.9604,持有
2016-12-20,12.60,1.39,0.1027,1212267.45,50114.72,1262382.17,0.9603,持有
2016-12-21,12.70,1.40,0.1196,1221331.13,50114.72,1271445.86,0.9606,持有
2016-12-22,12.69,1.40,0.1195,1220575.83,50114.72,1270690.55,0.9606,持有
2016-12-23,12.56,1.39,0.0979,1207735.61,50114.72,1257850.33,0.9602,持有
2016-12-26,12.64,1.40,0.1089,1215288.68,50114.72,1265403.40,0.9604,持有
2016-12-27,12.58,1.39,0.1001,1210001.53,50114.72,1260116.25,0.9602,持有
2016-12-28,12.58,1.39,0.1001,1210001.53,50114.72,1260116.25,0.9602,持有
2016-12-29,12.50,1.38,0.0913,1202448.46,50114.72,1252563.18,0.9600,持有
2016-12-30,12.61,1.40,0.1069,1213022.76,50114.72,1263137.48,0.9603,持有
2017-01-03,12.71,1.41,0.1266,1222841.75,50114.72,1272956.47,0.9606,持有
2017-01-04,12.74,1.41,0.1341,1225107.67,50114.72,1275222.39,0.9607,持有
2017-01-05,12.68,1.40,0.1206,1219820.52,50114.72,1269935.24,0.9605,持有
2017-01-06,12.57,1.39,0.1003,1209246.23,50114.72,1259360.95,0.9602,持有
2017-01-09,12.62,1.40,0.1089,1213778.07,50114.72,1263892.79,0.9603,持有
2017-01-10,12.65,1.40,0.1152,1216799.29,50114.72,1266914.01,0.9604,持有
2017-01-11,12.64,1.40,0.1140,1216043.99,50114.72,1266158.71,0.9604,持有
2017-01-12,12.68,1.40,0.1226,1219820.52,50114.72,1269935.24,0.9605,持有
2017-01-13,12.73,1.41,0.1347,1224352.36,50114.72,1274467.08,0.9607,持有
2017-01-16,12.85,1.42,0.1618,1235681.96,50114.72,1285796.68,0.9610,持有
2017-01-17,12.77,1.41,0.1461,1228128.90,50114.72,1278243.62,0.9608,持有
2017-01-18,12.78,1.41,0.1483,1228884.20,50114.72,1278998.92,0.9608,持有
2017-01-19,12.78,1.41,0.1482,1228884.20,50114.72,1278998.92,0.9608,持有
2017-01-20,12.89,1.43,0.1741,1239458.50,50114.72,1289573.22,0.9611,持有
2017-01-23,12.91,1.43,0.1774,1241724.42,50114.72,1291839.14,0.9612,持有
2017-01-24,12.86,1.42,0.1675,1237192.58,50114.72,1287307.30,0.9611,持有
2017-01-25,12.87,1.42,0.1720,1237947.88,50114.72,1288062.61,0.9611,持有
2017-01-26,12.94,1.43,0.1857,1244745.65,50114.72,1294860.37,0.9613,持有
2017-02-03,12.86,1.42,0.1655,1236437.27,50114.72,1286551.99,0.9610,持有
2017-02-06,12.83,1.42,0.1597,1234171.35,50114.72,1284286.07,0.9610,持有
2017-02-07,12.80,1.42,0.1538,1231150.12,50114.72,1281264.84,0.9609,持有
2017-02-08,12.97,1.44,0.1939,1247766.87,50114.72,1297881.59,0.9614,持有
2017-02-09,12.96,1.43,0.1915,1247011.57,50114.72,1297126.29,0.9614,持有
2017-02-10,13.09,1.45,0.2241,1259096.48,50114.72,1309211.20,0.9617,持有
2017-02-13,13.11,1.45,0.2262,1260607.09,50114.72,1310721.81,0.9618,持有
2017-02-14,13.07,1.45,0.2181,1256830.56,50114.72,1306945.28,0.9617,持有
2017-02-15,13.00,1.44,0.2008,1250788.10,50114.72,1300902.82,0.9615,持有
2017-02-16,13.13,1.45,0.2298,1262873.01,50114.72,1312987.73,0.9618,持有
2017-02-17,13.09,1.45,0.2246,1259096.48,50114.72,1309211.20,0.9617,持有
2017-02-20,13.26,1.47,0.2599,1274957.92,50114.72,1325072.64,0.9622,持有
2017-02-21,13.28,1.47,0.2648,1277223.84,50114.72,1327338.56,0.9622,持有
2017-02-22,13.19,1.46,0.2430,1268915.46,50114.72,1319030.19,0.9620,持有
2017-02-23,13.08,1.45,0.2218,1258341.17,50114.72,1308455.89,0.9617,持有
2017-02-24,13.12,1.45,0.2302,1262117.70,50114.72,1312232.42,0.9618,持有
2017-02-27,12.99,1.44,0.1976,1249277.49,50114.72,1299392.21,0.9614,持有
2017-02-28,13.00,1.44,0.1992,1250032.79,50114.72,1300147.51,0.9615,持有
2017-03-01,12.99,1.44,0.1974,1249277.49,50114.72,1299392.21,0.9614,持有
2017-03-02,12.93,1.43,0.1825,1243235.03,50114.72,1293349.75,0.9613,持有
2017-03-03,12.86,1.42,0.1648,1236437.27,50114.72,1286551.99,0.9610,持有
2017-03-06,12.90,1.43,0.1760,1240969.11,50114.72,1291083.83,0.9612,持有
2017-03-07,12.92,1.43,0.1799,1242479.73,50114.72,1292594.45,0.9612,持有
2017-03-08,12.86,1.42,0.1645,1236437.27,50114.72,1286551.99,0.9610,持有
2017-03-09,12.82,1.42,0.1570,1233416.04,50114.72,1283530.76,0.9610,持有
2017-03-10,12.75,1.41,0.1394,1226618.28,50114.72,1276733.00,0.9607,持有
2017-03-13,12.83,1.42,0.1591,1234171.35,50114.72,1284286.07,0.9610,持有
2017-03-14,12.86,1.42,0.1658,1236437.27,50114.72,1286551.99,0.9610,持有
2017-03-15,12.80,1.42,0.1521,1231150.12,50114.72,1281264.84,0.9609,持有
2017-03-16,13.02,1.44,0.2103,1252298.71,50114.72,1302413.43,0.9615,持有
2017-03-17,12.81,1.42,0.1548,1231905.43,50114.72,1282020.15,0.9609,持有
2017-03-20,12.80,1.42,0.1519,1231150.12,50114.72,1281264.84,0.9609,持有
2017-03-21,12.74,1.41,0.1343,1225107.67,50114.72,1275222.39,0.9607,持有
2017-03-22,12.62,1.40,0.1060,1213778.07,50114.72,1263892.79,0.9603,持有
2017-03-23,12.68,1.37,0.0795,1219820.52,50114.72,1269935.24,0.9605,持有
2017-03-24,12.79,1.38,0.0896,1230394.82,50114.72,1280509.54,0.9609,持有
2017-03-27,12.77,1.38,0.0856,1228128.90,50114.72,1278243.62,0.9608,持有
2017-03-28,12.71,1.37,0.0827,1222841.75,50114.72,1272956.47,0.9606,持有
2017-03-29,12.67,1.37,0.0759,1219065.21,50114.72,1269179.93,0.9605,持有
2017-03-30,12.62,1.36,0.0703,1213778.07,50114.72,1263892.79,0.9603,持有
2017-03-31,12.65,1.37,0.0742,1216799.29,50114.72,1266914.01,0.9604,持有
2017-04-05,12.79,1.38,0.0921,1230394.82,50114.72,1280509.54,0.9609,持有
2017-04-06,12.75,1.38,0.0859,1226618.28,50114.72,1276733.00,0.9607,持有
2017-04-07,12.78,1.38,0.0892,1229639.51,50114.72,1279754.23,0.9608,持有
2017-04-10,12.75,1.38,0.0858,1226618.28,50114.72,1276733.00,0.9607,持有
2017-04-11,12.78,1.38,0.0891,1228884.20,50114.72,1278998.92,0.9608,持有
2017-04-12,12.86,1.39,0.1019,1236437.27,50114.72,1286551.99,0.9610,持有
2017-04-13,12.79,1.38,0.0940,1230394.82,50114.72,1280509.54,0.9609,持有
2017-04-14,12.71,1.37,0.0839,1222086.44,50114.72,1272201.16,0.9606,持有
2017-04-17,12.71,1.37,0.0838,1222086.44,50114.72,1272201.16,0.9606,持有
2017-04-18,12.59,1.36,0.0642,1210756.84,50114.72,1260871.56,0.9603,持有
2017-04-19,12.60,1.36,0.0676,1212267.45,50114.72,1262382.17,0.9603,持有
2017-04-20,12.64,1.37,0.0737,1216043.99,50114.72,1266158.71,0.9604,持有
2017-04-21,12.76,1.38,0.0892,1227373.59,50114.72,1277488.31,0.9608,持有
2017-04-24,12.80,1.38,0.1009,1231150.12,50114.72,1281264.84,0.9609,持有
2017-04-25,12.66,1.37,0.0763,1217554.60,50114.72,1267669.32,0.9605,持有
2017-04-26,12.72,1.38,0.0874,1223597.06,50114.72,1273711.78,0.9607,持有
2017-04-27,12.75,1.38,0.0885,1225862.98,50114.72,1275977.70,0.9607,持有
2017-04-28,12.75,1.38,0.0884,1225862.98,50114.72,1275977.70,0.9607,持有
2017-05-02,12.65,1.34,0.0411,1216799.29,50114.72,1266914.01,0.9604,持有
2017-05-03,12.60,1.34,0.0378,1212267.45,50114.72,1262382.17,0.9603,持有
2017-05-04,12.61,1.34,0.0383,1213022.76,50114.72,1263137.48,0.9603,持有
2017-05-05,12.39,1.31,0.0294,1191874.17,50114.72,1241988.89,0.9596,持有
2017-05-08,12.30,1.30,0.0255,1182810.49,50114.72,1232925.21,0.9594,持有
2017-05-09,12.25,1.30,0.0244,1178278.65,50114.72,1228393.37,0.9592,持有
2017-05-10,12.16,1.29,0.0199,1169214.96,50114.72,1219329.68,0.9589,持有
2017-05-11,12.19,1.29,0.0216,1172236.19,50114.72,1222350.91,0.9590,持有
2017-05-12,12.29,1.30,0.0266,1182055.18,50114.72,1232169.90,0.9593,持有
2017-05-15,12.42,1.32,0.0332,1194140.09,50114.72,1244254.81,0.9597,持有
2017-05-16,12.44,1.32,0.0343,1196406.01,50114.72,1246520.73,0.9598,持有
2017-05-17,12.44,1.32,0.0343,1196406.01,50114.72,1246520.73,0.9598,持有
2017-05-18,12.31,1.30,0.0287,1184321.10,50114.72,1234435.82,0.9594,持有
2017-05-19,12.34,1.31,0.0326,1186587.02,50114.72,1236701.74,0.9595,持有
2017-05-22,12.21,1.29,0.0232,1174502.11,50114.72,1224616.83,0.9591,持有
2017-05-23,12.35,1.31,0.0336,1188097.63,50114.72,1238212.35,0.9595,持有
2017-05-24,12.40,1.31,0.0347,1192629.48,50114.72,1242744.20,0.9597,持有
2017-05-25,12.89,1.37,0.0809,1239458.50,50114.72,1289573.22,0.9611,持有
2017-05-26,12.87,1.36,0.0776,1237947.88,50114.72,1288062.61,0.9611,持有
2017-05-31,12.91,1.37,0.0847,1241724.42,50114.72,1291839.14,0.9612,持有
2017-06-01,12.86,1.36,0.0753,1236437.27,50114.72,1286551.99,0.9610,持有
2017-06-02,12.86,1.36,0.0758,1237192.58,50114.72,1287307.30,0.9611,持有
2017-06-05,12.73,1.35,0.0571,1224352.36,50114.72,1274467.08,0.9607,持有
2017-06-06,12.76,1.35,0.0604,1227373.59,50114.72,1277488.31,0.9608,持有
2017-06-07,12.86,1.36,0.0762,1236437.27,50114.72,1286551.99,0.9610,持有
2017-06-08,12.91,1.37,0.0872,1241724.42,50114.72,1291839.14,0.9612,持有
2017-06-09,13.01,1.38,0.1025,1251543.41,50114.72,1301658.13,0.9615,持有
2017-06-12,12.90,1.37,0.0854,1240969.11,50114.72,1291083.83,0.9612,持有
2017-06-13,12.89,1.37,0.0854,1240213.81,50114.72,1290328.53,0.9612,持有
2017-06-14,12.84,1.36,0.0733,1234926.66,50114.72,1285041.38,0.9610,持有
2017-06-15,12.93,1.37,0.0913,1243235.03,50114.72,1293349.75,0.9613,持有
2017-06-16,12.81,1.36,0.0694,1231905.43,50114.72,1282020.15,0.9609,持有
2017-06-19,13.12,1.39,0.1240,1262117.70,50114.72,1312232.42,0.9618,持有
2017-06-20,13.10,1.39,0.1212,1259851.78,50114.72,1309966.50,0.9617,持有
2017-06-21,13.17,1.40,0.1331,1266649.54,50114.72,1316764.26,0.9619,持有
2017-06-22,13.27,1.41,0.1543,1276468.53,50114.72,1326583.25,0.9622,持有
2017-06-23,13.30,1.41,0.1651,1279489.76,50114.72,1329604.48,0.9623,持有
2017-06-26,13.55,1.44,0.2266,1303659.58,50114.72,1353774.30,0.9630,持有
2017-06-27,13.44,1.42,0.2009,1292329.98,50114.72,1342444.70,0.9627,持有
2017-06-28,13.42,1.42,0.1953,1290819.36,50114.72,1340934.08,0.9626,持有
2017-06-29,13.42,1.42,0.1952,1290819.36,50114.72,1340934.08,0.9626,持有
2017-06-30,13.37,1.42,0.1810,1285532.21,50114.72,1335646.94,0.9625,持有
2017-07-03,13.28,1.41,0.1575,1277223.84,50114.72,1327338.56,0.9622,持有
2017-07-04,13.14,1.39,0.1276,1263628.32,50114.72,1313743.04,0.9619,持有
2017-07-05,13.25,1.40,0.1503,1274202.61,50114.72,1324317.33,0.9622,持有
2017-07-06,13.14,1.39,0.1274,1263628.32,50114.72,1313743.04,0.9619,持有
2017-07-07,13.31,1.41,0.1696,1280245.07,50114.72,1330359.79,0.9623,持有
2017-07-10,13.36,1.42,0.1820,1284776.91,50114.72,1334891.63,0.9625,持有
2017-07-11,13.48,1.43,0.2144,1296106.51,50114.72,1346221.23,0.9628,持有
2017-07-12,13.53,1.43,0.2262,1301393.66,50114.72,1351508.38,0.9629,持有
2017-07-13,13.73,1.46,0.2737,1321031.64,50114.72,1371146.36,0.9635,持有
2017-07-14,13.65,1.45,0.2578,1312723.26,50114.72,1362837.98,0.9632,持有
2017-07-17,13.35,1.41,0.1799,1284021.60,50114.72,1334136.32,0.9624,持有
2017-07-18,13.21,1.40,0.1415,1270426.08,50114.72,1320540.80,0.9620,持有
2017-07-19,13.96,1.48,0.3211,1342935.53,50114.72,1393050.25,0.9640,持有
2017-07-20,13.83,1.47,0.2967,1330095.32,50114.72,1380210.04,0.9637,持有
2017-07-21,13.76,1.46,0.2787,1323297.56,50114.72,1373412.28,0.9635,持有
2017-07-24,13.75,1.46,0.2775,1322542.25,50114.72,1372656.97,0.9635,持有
2017-07-25,13.68,1.45,0.2666,1315744.49,50114.72,1365859.21,0.9633,持有
2017-07-26,13.75,1.46,0.2777,1322542.25,50114.72,1372656.97,0.9635,持有
2017-07-27,13.69,1.45,0.2673,1316499.79,50114.72,1366614.51,0.9633,持有
2017-07-28,13.57,1.44,0.2371,1305170.19,50114.72,1355284.91,0.9630,持有
2017-07-31,13.62,1.44,0.2520,1310457.34,50114.72,1360572.06,0.9632,持有
2017-08-01,13.79,1.46,0.2905,1326318.78,50114.72,1376433.50,0.9636,持有
2017-08-02,13.86,1.47,0.3076,1333116.54,50114.72,1383231.27,0.9638,持有
2017-08-03,13.74,1.46,0.2768,1321786.94,50114.72,1371901.66,0.9635,持有
2017-08-04,13.79,1.46,0.2906,1326318.78,50114.72,1376433.50,0.9636,持有
2017-08-07,13.59,1.44,0.2433,1307436.11,50114.72,1357550.83,0.9631,持有
2017-08-08,13.62,1.44,0.2480,1309702.03,50114.72,1359816.75,0.9631,持有
2017-08-09,13.45,1.43,0.2093,1293840.59,50114.72,1343955.31,0.9627,持有
2017-08-10,13.52,1.43,0.2253,1300638.35,50114.72,1350753.07,0.9629,持有
2017-08-11,13.25,1.40,0.1492,1274202.61,50114.72,1324317.33,0.9622,持有
2017-08-14,13.39,1.42,0.1892,1287798.14,50114.72,1337912.86,0.9625,持有
2017-08-15,13.37,1.42,0.1827,1285532.21,50114.72,1335646.94,0.9625,持有
2017-08-16,13.41,1.42,0.1949,1290064.06,50114.72,1340178.78,0.9626,持有
2017-08-17,13.48,1.43,0.2150,1296106.51,50114.72,1346221.23,0.9628,持有
2017-08-18,13.39,1.39,0.1211,1287626.29,50114.72,1337741.01,0.9625,持有
2017-08-21,13.48,1.40,0.1386,1296107.66,50114.72,1346222.38,0.9628,持有
2017-08-22,13.44,1.40,0.1316,1293023.53,50114.72,1343138.25,0.9627,持有
2017-08-23,13.56,1.41,0.1587,1303818.00,50114.72,1353932.72,0.9630,持有
2017-08-24,13.35,1.39,0.1166,1283771.12,50114.72,1333885.84,0.9624,持有
2017-08-25,13.74,1.43,0.2144,1321551.77,50114.72,1371666.49,0.9635,持有
2017-08-28,14.59,1.53,0.3876,1403281.35,50114.72,1453396.07,0.9655,持有
2017-08-29,14.43,1.52,0.3709,1387860.67,50114.72,1437975.39,0.9651,持有
2017-08-30,14.45,1.52,0.3744,1389402.74,50114.72,1439517.46,0.9652,持有
2017-08-31,14.61,1.54,0.3912,1405594.45,50114.72,1455709.17,0.9656,持有
2017-09-01,14.67,1.54,0.4000,1410991.68,50114.72,1461106.40,0.9657,持有
2017-09-04,14.57,1.53,0.3855,1401739.28,50114.72,1451854.00,0.9655,持有
2017-09-05,14.58,1.53,0.3863,1402510.31,50114.72,1452625.03,0.9655,持有
2017-09-06,14.52,1.53,0.3798,1396342.04,50114.72,1446456.76,0.9654,持有
2017-09-07,14.39,1.51,0.3642,1384005.50,50114.72,1434120.22,0.9651,持有
2017-09-08,14.25,1.50,0.3476,1370126.90,50114.72,1420241.62,0.9647,持有
2017-09-11,14.25,1.50,0.3496,1370897.93,50114.72,1421012.65,0.9647,持有
2017-09-12,14.36,1.51,0.3599,1380921.37,50114.72,1431036.09,0.9650,持有
2017-09-13,14.34,1.51,0.3571,1379379.30,50114.72,1429494.02,0.9649,持有
2017-09-14,14.41,1.52,0.3675,1385547.57,50114.72,1435662.29,0.9651,持有
2017-09-15,14.45,1.52,0.3768,1390173.77,50114.72,1440288.49,0.9652,持有
2017-09-18,14.73,1.55,0.4119,1417159.95,50114.72,1467274.67,0.9658,持有
2017-09-19,14.56,1.53,0.3859,1400197.21,50114.72,1450311.93,0.9654,持有
2017-09-20,14.53,1.53,0.3820,1397113.08,50114.72,1447227.80,0.9654,持有
2017-09-21,14.52,1.53,0.3813,1396342.04,50114.72,1446456.76,0.9654,持有
2017-09-22,14.54,1.53,0.3847,1398655.14,50114.72,1448769.86,0.9654,持有
2017-09-25,14.49,1.52,0.3787,1394028.94,50114.72,1444143.66,0.9653,持有
2017-09-26,14.43,1.52,0.3701,1387860.67,50114.72,1437975.39,0.9651,持有
2017-09-27,14.45,1.52,0.3757,1390173.77,50114.72,1440288.49,0.9652,持有
2017-09-28,14.45,1.52,0.3755,1390173.77,50114.72,1440288.49,0.9652,持有
2017-09-29,14.58,1.53,0.3911,1402510.31,50114.72,1452625.03,0.9655,持有
2017-10-09,14.52,1.53,0.3820,1396342.04,50114.72,1446456.76,0.9654,持有
2017-10-10,14.61,1.54,0.3970,1405594.45,50114.72,1455709.17,0.9656,持有
2017-10-11,14.47,1.52,0.3763,1391715.84,50114.72,1441830.56,0.9652,持有
2017-10-12,14.43,1.52,0.3688,1387860.67,50114.72,1437975.39,0.9651,持有
2017-10-13,14.43,1.52,0.3686,1387860.67,50114.72,1437975.39,0.9651,持有
2017-10-16,14.41,1.52,0.3642,1385547.57,50114.72,1435662.29,0.9651,持有
2017-10-17,14.35,1.51,0.3562,1380150.33,50114.72,1430265.06,0.9650,持有
2017-10-18,14.47,1.52,0.3774,1391715.84,50114.72,1441830.56,0.9652,持有
2017-10-19,14.26,1.50,0.3469,1371668.96,50114.72,1421783.68,0.9648,持有
2017-10-20,14.25,1.50,0.3452,1370897.93,50114.72,1421012.65,0.9647,持有
2017-10-23,14.09,1.48,0.3267,1355477.26,50114.72,1405591.98,0.9643,持有
2017-10-24,14.26,1.50,0.3474,1371668.96,50114.72,1421783.68,0.9648,持有
2017-10-25,14.31,1.51,0.3514,1376295.17,50114.72,1426409.89,0.9649,持有
2017-10-26,14.37,1.51,0.3616,1381692.40,50114.72,1431807.12,0.9650,持有
2017-10-27,14.32,1.51,0.3536,1377066.20,50114.72,1427180.92,0.9649,持有
2017-10-30,14.00,1.47,0.3139,1346995.89,50114.72,1397110.61,0.9641,持有
2017-10-31,13.88,1.43,0.2107,1335430.38,50114.72,1385545.10,0.9638,持有
2017-11-01,13.80,1.42,0.1888,1327720.04,50114.72,1377834.76,0.9636,持有
2017-11-02,13.81,1.42,0.1913,1328491.08,50114.72,1378605.80,0.9636,持有
2017-11-03,13.84,1.42,0.2031,1331575.21,50114.72,1381689.93,0.9637,持有
2017-11-06,13.73,1.41,0.1693,1320780.74,50114.72,1370895.46,0.9634,持有
2017-11-07,14.04,1.44,0.2553,1350851.05,50114.72,1400965.77,0.9642,持有
2017-11-08,14.52,1.49,0.3377,1396342.04,50114.72,1446456.76,0.9654,持有
2017-11-09,14.65,1.51,0.3572,1409449.62,50114.72,1459564.34,0.9657,持有
2017-11-10,14.74,1.52,0.3705,1417930.99,50114.72,1468045.71,0.9659,持有
2017-11-13,14.62,1.50,0.3521,1406365.48,50114.72,1456480.20,0.9656,持有
2017-11-14,14.54,1.49,0.3411,1398655.14,50114.72,1448769.86,0.9654,持有
2017-11-15,14.49,1.49,0.3352,1394028.94,50114.72,1444143.66,0.9653,持有
2017-11-16,14.29,1.47,0.3087,1373982.07,50114.72,1424096.79,0.9648,持有
2017-11-17,14.67,1.51,0.3587,1410991.68,50114.72,1461106.40,0.9657,持有
2017-11-20,14.21,1.46,0.2929,1367042.76,50114.72,1417157.48,0.9646,持有
2017-11-21,15.41,1.58,0.4595,1481926.78,50114.72,1532041.50,0.9673,持有
2017-11-22,15.78,1.62,0.5036,1517394.33,50114.72,1567509.05,0.9680,持有
2017-11-23,15.35,1.58,0.4544,1476529.55,50114.72,1526644.27,0.9672,持有
2017-11-24,15.24,1.57,0.4412,1465735.08,50114.72,1515849.80,0.9669,持有
2017-11-27,15.25,1.57,0.4426,1466506.11,50114.72,1516620.83,0.9670,持有
2017-11-28,15.12,1.55,0.4289,1454169.57,50114.72,1504284.29,0.9667,持有
2017-11-29,15.37,1.58,0.4570,1478071.62,50114.72,1528186.34,0.9672,持有
2017-11-30,15.38,1.58,0.4588,1479613.68,50114.72,1529728.40,0.9672,持有
2017-12-01,15.18,1.56,0.4350,1460337.84,50114.72,1510452.56,0.9668,持有
2017-12-04,15.18,1.56,0.4347,1460337.84,50114.72,1510452.56,0.9668,持有
2017-12-05,15.45,1.59,0.4669,1485781.95,50114.72,1535896.67,0.9674,持有
2017-12-06,15.44,1.59,0.4646,1485010.92,50114.72,1535125.64,0.9674,持有
2017-12-07,14.92,1.53,0.3976,1434893.73,50114.72,1485008.45,0.9663,持有
2017-12-08,14.84,1.53,0.3872,1427183.39,50114.72,1477298.11,0.9661,持有
2017-12-11,15.04,1.55,0.4172,1446459.23,50114.72,1496573.95,0.9665,持有
2017-12-12,14.66,1.51,0.3560,1410220.65,50114.72,1460335.37,0.9657,持有
2017-12-13,14.77,1.52,0.3758,1420244.09,50114.72,1470358.81,0.9659,持有
2017-12-14,14.54,1.49,0.3388,1398655.14,50114.72,1448769.86,0.9654,持有
2017-12-15,14.39,1.48,0.3228,1384005.50,50114.72,1434120.22,0.9651,持有
2017-12-18,14.45,1.49,0.3282,1390173.77,50114.72,1440288.49,0.9652,持有
2017-12-19,14.65,1.51,0.3551,1408678.58,50114.72,1458793.30,0.9656,持有
2017-12-20,14.33,1.47,0.3121,1377837.23,50114.72,1427951.95,0.9649,持有
2017-12-21,14.58,1.50,0.3461,1402510.31,50114.72,1452625.03,0.9655,持有
2017-12-22,14.58,1.50,0.3459,1402510.31,50114.72,1452625.03,0.9655,持有
2017-12-25,14.48,1.49,0.3325,1392486.87,50114.72,1442601.59,0.9653,持有
2017-12-26,14.76,1.52,0.3761,1419473.05,50114.72,1469587.77,0.9659,持有
2017-12-27,14.51,1.49,0.3347,1395571.01,50114.72,1445685.73,0.9653,持有
2017-12-28,14.53,1.49,0.3360,1397113.08,50114.72,1447227.80,0.9654,持有
2017-12-29,14.51,1.49,0.3344,1395571.01,50114.72,1445685.73,0.9653,持有
2018-01-02,14.78,1.52,0.3835,1421786.15,50114.72,1471900.88,0.9660,持有
2018-01-03,14.92,1.53,0.4021,1434893.73,50114.72,1485008.45,0.9663,持有
2018-01-04,14.97,1.54,0.4111,1439519.93,50114.72,1489634.65,0.9664,持有
2018-01-05,15.13,1.56,0.4352,1455711.64,50114.72,1505826.36,0.9667,持有
2018-01-08,15.66,1.61,0.4985,1506599.86,50114.72,1556714.58,0.9678,持有
2018-01-09,15.58,1.60,0.4881,1498889.53,50114.72,1549004.25,0.9676,持有
2018-01-10,15.72,1.62,0.5056,1511997.10,50114.72,1562111.82,0.9679,持有
2018-01-11,15.46,1.59,0.4729,1486552.99,50114.72,1536667.71,0.9674,持有
2018-01-12,15.50,1.59,0.4762,1490408.15,50114.72,1540522.88,0.9675,持有
2018-01-15,15.59,1.60,0.4896,1499660.56,50114.72,1549775.28,0.9677,持有
2018-01-16,16.23,1.67,0.5638,1561343.26,50114.72,1611457.98,0.9689,持有
2018-01-17,16.79,1.73,0.6085,1614544.58,50114.72,1664659.30,0.9699,持有
2018-01-18,17.16,1.76,0.6309,1650783.17,50114.72,1700897.89,0.9705,持有
2018-01-19,17.07,1.75,0.6241,1641530.76,50114.72,1691645.48,0.9704,持有
2018-01-22,16.99,1.75,0.6192,1634591.46,50114.72,1684706.18,0.9703,持有
2018-01-23,17.00,1.75,0.6199,1635362.49,50114.72,1685477.21,0.9703,持有
2018-01-24,18.37,1.89,0.7164,1767209.26,50114.72,1817323.98,0.9724,卖出(降至70%)
2018-01-25,17.90,1.84,0.6873,1239390.84,536089.84,1775480.68,0.6981,持有
2018-01-26,17.91,1.84,0.6880,1239945.88,536089.84,1776035.72,0.6982,持有
2018-01-29,17.72,1.82,0.6751,1227180.09,536089.84,1763269.94,0.6960,持有
2018-01-30,17.34,1.78,0.6450,1200538.46,536089.84,1736628.31,0.6913,持有
2018-01-31,17.07,1.75,0.6225,1181667.31,536089.84,1717757.15,0.6879,持有
2018-02-01,17.24,1.77,0.6378,1193323.02,536089.84,1729412.86,0.6900,持有
2018-02-02,17.25,1.77,0.6380,1194433.09,536089.84,1730522.93,0.6902,持有
2018-02-05,17.47,1.80,0.6558,1209419.01,536089.84,1745508.85,0.6929,持有
2018-02-06,16.47,1.69,0.5806,1140594.80,536089.84,1676684.64,0.6803,持有
2018-02-07,15.67,1.61,0.4955,1085091.40,536089.84,1621181.24,0.6693,持有
2018-02-08,15.42,1.59,0.4636,1067885.35,536089.84,1603975.19,0.6658,持有
2018-02-09,13.91,1.43,0.2116,962983.93,536089.84,1499073.77,0.6424,持有
2018-02-12,13.89,1.43,0.2085,961873.86,536089.84,1497963.70,0.6421,持有
2018-02-13,14.12,1.45,0.2645,977969.84,536089.84,1514059.69,0.6459,持有
2018-02-14,14.13,1.45,0.2669,978524.88,536089.84,1514614.72,0.6461,持有
2018-02-22,14.44,1.48,0.3228,999616.17,536089.84,1535706.01,0.6509,持有
2018-02-23,14.58,1.50,0.3437,1009606.78,536089.84,1545696.62,0.6532,持有
2018-02-26,14.95,1.54,0.4050,1035138.34,536089.84,1571228.18,0.6588,持有
2018-02-27,14.63,1.50,0.3508,1012936.98,536089.84,1549026.83,0.6539,持有
2018-02-28,14.52,1.49,0.3322,1005166.51,536089.84,1541256.35,0.6522,持有
2018-03-01,14.53,1.49,0.3345,1006276.58,536089.84,1542366.42,0.6524,持有
2018-03-02,14.29,1.47,0.3019,989625.56,536089.84,1525715.40,0.6486,持有
2018-03-05,14.33,1.47,0.3072,991845.69,536089.84,1527935.53,0.6491,持有
2018-03-06,14.77,1.52,0.3774,1022372.56,536089.84,1558462.40,0.6560,持有
2018-03-07,14.65,1.51,0.3553,1014047.05,536089.84,1550136.89,0.6542,持有
2018-03-08,14.74,1.52,0.3710,1020707.46,536089.84,1556797.30,0.6556,持有
2018-03-09,15.12,1.55,0.4321,1046794.06,536089.84,1582883.90,0.6613,持有
2018-03-12,15.47,1.59,0.4741,1071215.55,536089.84,1607305.39,0.6665,持有
2018-03-13,15.19,1.56,0.4411,1051789.36,536089.84,1587879.20,0.6624,持有
2018-03-14,14.99,1.54,0.4140,1037913.51,536089.84,1574003.35,0.6594,持有
2018-03-15,15.07,1.55,0.4247,1043463.85,536089.84,1579553.69,0.6606,持有
2018-03-16,14.70,1.51,0.3649,1017932.29,536089.84,1554022.13,0.6550,持有
2018-03-19,14.86,1.53,0.3926,1029032.97,536089.84,1565122.81,0.6575,持有
2018-03-20,14.97,1.54,0.4122,1036803.45,536089.84,1572893.29,0.6592,持有
2018-03-21,14.83,1.52,0.3882,1026812.83,536089.84,1562902.67,0.6570,持有
2018-03-22,15.04,1.55,0.4217,1041243.72,536089.84,1577333.56,0.6601,持有
2018-03-23,14.19,1.43,0.2150,982410.12,536089.84,1518499.96,0.6470,持有
2018-03-26,14.45,1.46,0.2723,1000171.20,536089.84,1536261.04,0.6510,持有
2018-03-27,14.69,1.48,0.3191,1016822.22,536089.84,1552912.06,0.6548,持有
2018-03-28,14.32,1.44,0.2468,991290.66,536089.84,1527380.50,0.6490,持有
2018-03-29,14.68,1.48,0.3188,1016267.19,536089.84,1552357.03,0.6547,持有
2018-03-30,14.89,1.50,0.3503,1031253.11,536089.84,1567342.95,0.6580,持有
2018-04-02,15.17,1.53,0.3990,1050679.29,536089.84,1586769.13,0.6622,持有
2018-04-03,15.40,1.55,0.4353,1066220.25,536089.84,1602310.09,0.6654,持有
2018-04-04,15.24,1.54,0.4110,1055119.57,536089.84,1591209.41,0.6631,持有
2018-04-09,15.50,1.56,0.4482,1073435.69,536089.84,1609525.53,0.6669,持有
2018-04-10,15.82,1.60,0.4879,1095637.05,536089.84,1631726.89,0.6715,持有
2018-04-11,15.59,1.57,0.4567,1079541.06,536089.84,1615630.90,0.6682,持有
2018-04-12,15.32,1.55,0.4229,1060669.91,536089.84,1596759.75,0.6643,持有
2018-04-13,15.17,1.53,0.3976,1050124.26,536089.84,1586214.10,0.6620,持有
2018-04-16,14.74,1.49,0.3251,1020707.46,536089.84,1556797.30,0.6556,持有
2018-04-17,14.76,1.49,0.3274,1021817.53,536089.84,1557907.37,0.6559,持有
2018-04-18,15.06,1.52,0.3833,1042908.82,536089.84,1578998.66,0.6605,持有
2018-04-19,15.24,1.54,0.4111,1055119.57,536089.84,1591209.41,0.6631,持有
2018-04-20,14.65,1.48,0.3132,1014602.09,536089.84,1550691.93,0.6543,持有
2018-04-23,14.85,1.50,0.3425,1028477.94,536089.84,1564567.78,0.6574,持有
2018-04-24,15.42,1.56,0.4404,1067885.35,536089.84,1603975.19,0.6658,持有
2018-04-25,15.34,1.55,0.4284,1062335.01,536089.84,1598424.85,0.6646,持有
2018-04-26,15.02,1.52,0.3714,1040133.65,536089.84,1576223.49,0.6599,持有
2018-04-27,15.22,1.54,0.4074,1054009.50,536089.84,1590099.34,0.6629,持有
2018-05-02,15.34,1.53,0.3950,1062335.01,536089.84,1598424.85,0.6646,持有
2018-05-03,15.70,1.56,0.4516,1087311.54,536089.84,1623401.38,0.6698,持有
2018-05-04,15.53,1.55,0.4274,1075100.79,536089.84,1611190.63,0.6673,持有
2018-05-07,15.74,1.57,0.4565,1089531.67,536089.84,1625621.51,0.6702,持有
2018-05-08,15.98,1.59,0.4841,1106737.72,536089.84,1642827.57,0.6737,持有
2018-05-09,15.83,1.58,0.4678,1096192.08,536089.84,1632281.92,0.6716,持有
2018-05-10,15.90,1.58,0.4749,1101187.38,536089.84,1637277.23,0.6726,持有
2018-05-11,15.62,1.56,0.4415,1081761.20,536089.84,1617851.04,0.6686,持有
2018-05-14,15.93,1.59,0.4783,1102852.49,536089.84,1638942.33,0.6729,持有
2018-05-15,15.89,1.58,0.4727,1100077.32,536089.84,1636167.16,0.6724,持有
2018-05-16,15.65,1.56,0.4428,1083426.30,536089.84,1619516.14,0.6690,持有
2018-05-17,15.43,1.54,0.4090,1068440.38,536089.84,1604530.22,0.6659,持有
2018-05-18,15.82,1.58,0.4642,1095082.01,536089.84,1631171.85,0.6713,持有
2018-05-21,15.88,1.58,0.4728,1099522.28,536089.84,1635612.12,0.6722,持有
2018-05-22,15.79,1.57,0.4604,1093416.91,536089.84,1629506.75,0.6710,持有
2018-05-23,15.64,1.56,0.4417,1082871.26,536089.84,1618961.10,0.6689,持有
2018-05-24,15.53,1.55,0.4250,1075100.79,536089.84,1611190.63,0.6673,持有
2018-05-25,15.28,1.52,0.3830,1057894.74,536089.84,1593984.58,0.6637,持有
2018-05-28,15.43,1.54,0.4081,1068440.38,536089.84,1604530.22,0.6659,持有
2018-05-29,15.13,1.51,0.3531,1047349.09,536089.84,1583438.93,0.6614,持有
2018-05-30,14.53,1.45,0.2482,1005721.54,536089.84,1541811.38,0.6523,持有
2018-05-31,14.94,1.49,0.3236,1034583.31,536089.84,1570673.15,0.6587,持有
2018-06-01,14.89,1.48,0.3157,1030698.07,536089.84,1566787.91,0.6578,持有
2018-06-04,14.98,1.49,0.3291,1037358.48,536089.84,1573448.32,0.6593,持有
2018-06-05,15.05,1.50,0.3420,1041798.75,536089.84,1577888.59,0.6602,持有
2018-06-06,14.99,1.49,0.3303,1037913.51,536089.84,1574003.35,0.6594,持有
2018-06-07,15.23,1.52,0.3741,1054564.53,536089.84,1590654.37,0.6630,持有
2018-06-08,14.90,1.48,0.3174,1031808.14,536089.84,1567897.98,0.6581,持有
2018-06-11,14.99,1.49,0.3303,1037913.51,536089.84,1574003.35,0.6594,持有
2018-06-12,15.09,1.50,0.3485,1044573.92,536089.84,1580663.76,0.6608,持有
2018-06-13,14.87,1.48,0.3131,1029588.00,536089.84,1565677.84,0.6576,持有
2018-06-14,14.97,1.49,0.3264,1036248.41,536089.84,1572338.25,0.6590,持有
2018-06-15,14.77,1.47,0.2988,1022927.60,536089.84,1559017.44,0.6561,持有
2018-06-19,13.83,1.38,0.0915,907433.59,586089.84,1493523.43,0.6076,买入(补至100% + 定投50000.0)
2018-06-20,13.69,1.36,0.0722,1478804.60,54635.12,1533439.73,0.9644,持有
2018-06-21,13.05,1.30,0.0231,1409539.75,54635.12,1464174.87,0.9627,持有
2018-06-22,13.26,1.32,0.0342,1432050.83,54635.12,1486685.95,0.9633,持有
2018-06-25,12.95,1.29,0.0183,1399150.02,54635.12,1453785.15,0.9624,持有
2018-06-26,13.11,1.31,0.0284,1416466.24,54635.12,1471101.36,0.9629,持有
2018-06-27,12.86,1.28,0.0120,1388760.30,54635.12,1443395.42,0.9621,持有
2018-06-28,12.95,1.29,0.0187,1399150.02,54635.12,1453785.15,0.9624,持有
2018-06-29,13.28,1.32,0.0374,1434648.26,54635.12,1489283.38,0.9633,持有
2018-07-02,12.86,1.28,0.0120,1388760.30,54635.12,1443395.42,0.9621,持有
2018-07-03,13.08,1.30,0.0273,1413002.99,54635.12,1467638.12,0.9628,持有
2018-07-04,12.90,1.28,0.0158,1393089.35,54635.12,1447724.47,0.9623,持有
2018-07-05,12.84,1.28,0.0105,1387028.67,54635.12,1441663.80,0.9621,持有
2018-07-06,12.96,1.29,0.0220,1400015.83,54635.12,1454650.96,0.9624,持有
2018-07-09,13.23,1.32,0.0378,1429453.40,54635.12,1484088.52,0.9632,持有
2018-07-10,13.24,1.32,0.0387,1430319.21,54635.12,1484954.33,0.9632,持有
2018-07-11,12.89,1.28,0.0158,1392223.54,54635.12,1446858.66,0.9622,持有
2018-07-12,13.29,1.32,0.0420,1435514.07,54635.12,1490149.19,0.9633,持有
2018-07-13,13.31,1.33,0.0430,1437245.69,54635.12,1491880.82,0.9634,持有
2018-07-16,13.24,1.32,0.0391,1430319.21,54635.12,1484954.33,0.9632,持有
2018-07-17,13.09,1.30,0.0301,1413868.80,54635.12,1468503.93,0.9628,持有
2018-07-18,12.98,1.29,0.0234,1401747.46,54635.12,1456382.58,0.9625,持有
2018-07-19,13.03,1.30,0.0267,1406942.32,54635.12,1461577.44,0.9626,持有
2018-07-20,13.49,1.34,0.0562,1457159.34,54635.12,1511794.46,0.9639,持有
2018-07-23,13.74,1.37,0.0910,1483999.47,54635.12,1538634.59,0.9645,持有
2018-07-24,13.88,1.38,0.1119,1499584.06,54635.12,1554219.18,0.9648,持有
2018-07-25,13.84,1.38,0.1051,1495255.01,54635.12,1549890.13,0.9647,持有
2018-07-26,13.56,1.35,0.0628,1464951.63,54635.12,1519586.76,0.9640,持有
2018-07-27,13.50,1.34,0.0570,1458025.15,54635.12,1512660.27,0.9639,持有
2018-07-30,13.60,1.36,0.0684,1469280.69,54635.12,1523915.81,0.9641,持有
2018-07-31,13.52,1.35,0.0579,1459756.77,54635.12,1514391.89,0.9639,持有
2018-08-01,13.28,1.32,0.0422,1433782.45,54635.12,1488417.57,0.9633,持有
2018-08-02,12.92,1.29,0.0190,1395686.78,54635.12,1450321.90,0.9623,持有
2018-08-03,12.84,1.28,0.0104,1387028.67,54635.12,1441663.80,0.9621,持有
2018-08-06,12.75,1.27,0.0081,1377504.76,54635.12,1432139.88,0.9619,持有
2018-08-07,13.13,1.31,0.0369,1418197.86,54635.12,1472832.98,0.9629,持有
2018-08-08,12.85,1.28,0.0123,1387894.48,54635.12,1442529.61,0.9621,持有
2018-08-09,13.13,1.31,0.0374,1418197.86,54635.12,1472832.98,0.9629,持有
2018-08-10,13.12,1.31,0.0374,1417332.05,54635.12,1471967.17,0.9629,持有
2018-08-13,12.99,1.29,0.0265,1403479.08,54635.12,1458114.20,0.9625,持有
2018-08-14,12.98,1.29,0.0250,1401747.46,54635.12,1456382.58,0.9625,持有
2018-08-15,12.72,1.27,0.0066,1374041.51,54635.12,1428676.64,0.9618,持有
2018-08-16,12.79,1.27,0.0099,1380968.00,54635.12,1435603.12,0.9619,持有
2018-08-17,12.63,1.26,0.0042,1363651.79,54635.12,1418286.91,0.9615,持有
2018-08-20,12.88,1.28,0.0184,1391357.73,54635.12,1445992.85,0.9622,持有
2018-08-21,12.95,1.29,0.0240,1399150.02,54635.12,1453785.15,0.9624,持有
2018-08-22,12.96,1.29,0.0264,1400015.83,54635.12,1454650.96,0.9624,持有
2018-08-23,13.05,1.30,0.0330,1409539.75,54635.12,1464174.87,0.9627,持有
2018-08-24,13.15,1.29,0.0273,1420190.77,54635.12,1474825.89,0.9630,持有
2018-08-27,13.42,1.32,0.0475,1449482.20,54635.12,1504117.32,0.9637,持有
2018-08-28,13.32,1.31,0.0437,1438830.77,54635.12,1493465.89,0.9634,持有
2018-08-29,13.21,1.30,0.0324,1426404.10,54635.12,1481039.22,0.9631,持有
2018-08-30,13.10,1.29,0.0221,1414865.05,54635.12,1469500.17,0.9628,持有
2018-08-31,13.13,1.29,0.0244,1418415.53,54635.12,1473050.65,0.9629,持有
2018-09-03,13.22,1.30,0.0347,1428179.34,54635.12,1482814.46,0.9632,持有
2018-09-04,13.37,1.31,0.0474,1444156.49,54635.12,1498791.61,0.9635,持有
2018-09-05,13.08,1.29,0.0206,1413089.81,54635.12,1467724.94,0.9628,持有
2018-09-06,13.03,1.28,0.0150,1407764.10,54635.12,1462399.22,0.9626,持有
2018-09-07,13.06,1.28,0.0178,1410426.96,54635.12,1465062.08,0.9627,持有
2018-09-10,12.67,1.25,0.0028,1368708.85,54635.12,1423343.97,0.9616,持有
2018-09-11,12.75,1.25,0.0037,1377585.04,54635.12,1432220.17,0.9619,持有
2018-09-12,12.75,1.25,0.0037,1377585.04,54635.12,1432220.17,0.9619,持有
2018-09-13,12.91,1.27,0.0094,1394449.81,54635.12,1449084.93,0.9623,持有
2018-09-14,12.89,1.27,0.0084,1391786.95,54635.12,1446422.07,0.9622,持有
2018-09-17,12.81,1.26,0.0061,1383798.38,54635.12,1438433.50,0.9620,持有
2018-09-18,13.07,1.28,0.0224,1411314.57,54635.12,1465949.70,0.9627,持有
2018-09-19,13.26,1.30,0.0420,1431729.82,54635.12,1486364.94,0.9632,持有
2018-09-20,13.26,1.30,0.0434,1432617.44,54635.12,1487252.56,0.9633,持有
2018-09-21,13.71,1.35,0.0756,1480548.87,54635.12,1535184.00,0.9644,持有
2018-09-25,13.49,1.33,0.0606,1456583.16,54635.12,1511218.28,0.9638,持有
2018-09-26,13.61,1.34,0.0676,1469897.44,54635.12,1524532.57,0.9642,持有
2018-09-27,13.58,1.33,0.0652,1467234.59,54635.12,1521869.71,0.9641,持有
2018-09-28,13.72,1.35,0.0782,1481436.49,54635.12,1536071.62,0.9644,持有
2018-10-08,13.12,1.29,0.0284,1416640.29,54635.12,1471275.41,0.9629,持有
2018-10-09,13.18,1.30,0.0363,1423741.24,54635.12,1478376.37,0.9630,持有
2018-10-10,13.27,1.30,0.0456,1433505.06,54635.12,1488140.18,0.9633,持有
2018-10-11,12.47,1.23,0.0000,1346518.37,54635.12,1401153.49,0.9610,持有
2018-10-12,12.50,1.23,0.0005,1350068.85,54635.12,1404703.97,0.9611,持有
2018-10-15,12.34,1.21,0.0000,1333204.08,54635.12,1387839.21,0.9606,持有
2018-10-16,12.25,1.20,0.0000,1322552.65,54635.12,1377187.77,0.9603,持有
2018-10-17,12.40,1.22,0.0009,1339417.42,54635.12,1394052.54,0.9608,持有
2018-10-18,12.20,1.20,0.0000,1317226.94,54635.12,1371862.06,0.9602,持有
2018-10-19,12.64,1.24,0.0046,1365158.37,54635.12,1419793.50,0.9615,持有
2018-10-22,13.91,1.37,0.1102,1501851.74,54635.12,1556486.86,0.9649,持有
2018-10-23,13.73,1.35,0.0838,1483211.73,54635.12,1537846.86,0.9645,持有
2018-10-24,13.91,1.37,0.1120,1502739.36,54635.12,1557374.48,0.9649,持有
2018-10-25,14.26,1.40,0.1656,1540019.36,54635.12,1594654.49,0.9657,持有
2018-10-26,13.87,1.36,0.1049,1498301.26,54635.12,1552936.38,0.9648,持有
2018-10-29,13.68,1.34,0.0781,1477886.02,54635.12,1532521.14,0.9643,持有
2018-10-30,14.22,1.40,0.1594,1535581.27,54635.12,1590216.39,0.9656,持有
2018-10-31,14.10,1.36,0.0997,1523154.60,54635.12,1577789.72,0.9654,持有
2018-11-01,14.27,1.38,0.1269,1540906.98,54635.12,1595542.11,0.9658,持有
2018-11-02,14.62,1.41,0.1910,1579074.61,54635.12,1633709.73,0.9666,持有
2018-11-05,14.55,1.40,0.1752,1571973.66,54635.12,1626608.78,0.9664,持有
2018-11-06,14.55,1.40,0.1751,1571973.66,54635.12,1626608.78,0.9664,持有
2018-11-07,14.22,1.37,0.1225,1535581.27,54635.12,1590216.39,0.9656,持有
2018-11-08,13.95,1.35,0.0797,1506289.83,54635.12,1560924.96,0.9650,持有
2018-11-09,13.91,1.34,0.0750,1501851.74,54635.12,1556486.86,0.9649,持有
2018-11-12,14.08,1.36,0.0975,1520491.74,54635.12,1575126.86,0.9653,持有
2018-11-13,14.29,1.38,0.1324,1543569.84,54635.12,1598204.96,0.9658,持有
2018-11-14,14.01,1.35,0.0882,1513390.79,54635.12,1568025.91,0.9652,持有
2018-11-15,14.30,1.38,0.1341,1544457.46,54635.12,1599092.58,0.9658,持有
2018-11-16,14.45,1.39,0.1566,1560434.61,54635.12,1615069.73,0.9662,持有
2018-11-19,14.85,1.43,0.2497,1603927.95,54635.12,1658563.07,0.9671,持有
2018-11-20,14.28,1.38,0.1294,1541794.60,54635.12,1596429.72,0.9658,持有
2018-11-21,14.09,1.36,0.0986,1521379.36,54635.12,1576014.48,0.9653,持有
2018-11-22,14.00,1.35,0.0875,1512503.17,54635.12,1567138.29,0.9651,持有
2018-11-23,13.64,1.32,0.0573,1473447.92,54635.12,1528083.04,0.9642,持有
2018-11-26,13.62,1.31,0.0568,1470785.06,54635.12,1525420.19,0.9642,持有
2018-11-27,13.73,1.33,0.0654,1483211.73,54635.12,1537846.86,0.9645,持有
2018-11-28,13.98,1.35,0.0855,1509840.31,54635.12,1564475.43,0.9651,持有
2018-11-29,13.67,1.32,0.0608,1476110.78,54635.12,1530745.90,0.9643,持有
2018-11-30,13.86,1.34,0.0736,1497413.64,54635.12,1552048.76,0.9648,持有
2018-12-03,14.33,1.38,0.1434,1548007.94,54635.12,1602643.06,0.9659,持有
2018-12-04,14.46,1.40,0.1648,1562209.84,54635.12,1616844.97,0.9662,持有
2018-12-05,14.34,1.38,0.1465,1548895.56,54635.12,1603530.68,0.9659,持有
2018-12-06,13.98,1.35,0.0862,1509840.31,54635.12,1564475.43,0.9651,持有
2018-12-07,14.01,1.35,0.0912,1513390.79,54635.12,1568025.91,0.9652,持有
2018-12-10,13.78,1.33,0.0693,1488537.45,54635.12,1543172.57,0.9646,持有
2018-12-11,13.87,1.34,0.0752,1498301.26,54635.12,1552936.38,0.9648,持有
2018-12-12,13.95,1.35,0.0824,1506289.83,54635.12,1560924.96,0.9650,持有
2018-12-13,14.12,1.36,0.1097,1524929.84,54635.12,1579564.96,0.9654,持有
2018-12-14,13.85,1.34,0.0723,1495638.40,54635.12,1550273.52,0.9648,持有
2018-12-17,13.95,1.35,0.0846,1507177.45,54635.12,1561812.57,0.9650,持有
2018-12-18,13.68,1.32,0.0618,1477886.02,54635.12,1532521.14,0.9643,持有
2018-12-19,13.49,1.30,0.0450,1457470.77,54635.12,1512105.90,0.9639,持有
2018-12-20,13.56,1.31,0.0540,1464571.73,54635.12,1519206.85,0.9640,持有
2018-12-21,13.23,1.28,0.0172,1429066.96,54635.12,1483702.08,0.9632,持有
2018-12-24,13.16,1.27,0.0145,1421078.39,54635.12,1475713.51,0.9630,持有
2018-12-25,13.16,1.27,0.0145,1421078.39,54635.12,1475713.51,0.9630,持有
2018-12-26,13.16,1.27,0.0145,1421078.39,54635.12,1475713.51,0.9630,持有
2018-12-27,13.16,1.27,0.0145,1421078.39,54635.12,1475713.51,0.9630,持有
2018-12-28,13.16,1.27,0.0145,1421078.39,54635.12,1475713.51,0.9630,持有
2019-01-02,13.16,1.27,0.0145,1421078.39,54635.12,1475713.51,0.9630,持有
2019-01-03,13.16,1.27,0.0145,1421078.39,54635.12,1475713.51,0.9630,持有
2019-01-04,13.16,1.27,0.0145,1421078.39,54635.12,1475713.51,0.9630,持有
2019-01-07,13.16,1.27,0.0145,1421078.39,54635.12,1475713.51,0.9630,持有
2019-01-08,13.16,1.27,0.0145,1421078.39,54635.12,1475713.51,0.9630,持有
2019-01-09,13.16,1.27,0.0145,1421078.39,54635.12,1475713.51,0.9630,持有
2019-01-10,13.81,1.33,0.0758,1491200.31,54635.12,1545835.43,0.9647,持有
2019-01-11,13.95,1.35,0.0894,1506289.83,54635.12,1560924.96,0.9650,持有
2019-01-14,13.97,1.35,0.0947,1508952.69,54635.12,1563587.81,0.9651,持有
2019-01-15,14.46,1.40,0.1749,1562209.84,54635.12,1616844.97,0.9662,持有
2019-01-16,14.50,1.40,0.1821,1565760.32,54635.12,1620395.44,0.9663,持有
2019-01-17,14.43,1.39,0.1689,1558659.37,54635.12,1613294.49,0.9661,持有
2019-01-18,14.69,1.42,0.2269,1587063.18,54635.12,1641698.31,0.9667,持有
2019-01-21,14.66,1.41,0.2192,1583512.71,54635.12,1638147.83,0.9666,持有
2019-01-22,14.36,1.39,0.1592,1550670.79,54635.12,1605305.92,0.9660,持有
2019-01-23,14.40,1.39,0.1637,1555108.89,54635.12,1609744.01,0.9661,持有
2019-01-24,14.70,1.42,0.2301,1587950.80,54635.12,1642585.92,0.9667,持有
2019-01-25,14.83,1.43,0.2606,1601265.09,54635.12,1655900.21,0.9670,持有
2019-01-28,14.79,1.43,0.2519,1597714.61,54635.12,1652349.74,0.9669,持有
2019-01-29,14.88,1.44,0.2706,1606590.81,54635.12,1661225.93,0.9671,持有
2019-01-30,14.74,1.42,0.2418,1592388.90,54635.12,1647024.02,0.9668,持有
2019-01-31,15.01,1.45,0.3004,1620792.71,54635.12,1675427.84,0.9674,持有
2019-02-01,15.27,1.47,0.3492,1649196.53,54635.12,1703831.65,0.9679,持有
2019-02-11,15.50,1.50,0.3844,1674049.87,54635.12,1728684.99,0.9684,持有
2019-02-12,15.59,1.50,0.3972,1683813.68,54635.12,1738448.80,0.9686,持有
2019-02-13,16.02,1.55,0.4673,1729969.88,54635.12,1784605.00,0.9694,持有
2019-02-14,15.86,1.53,0.4425,1713105.11,54635.12,1767740.24,0.9691,持有
2019-02-15,15.32,1.48,0.3551,1654522.24,54635.12,1709157.37,0.9680,持有
2019-02-18,16.29,1.57,0.5016,1759261.31,54635.12,1813896.44,0.9699,持有
2019-02-19,16.26,1.57,0.4991,1755710.84,54635.12,1810345.96,0.9698,持有
2019-02-20,16.50,1.59,0.5279,1782339.41,54635.12,1836974.54,0.9703,持有
2019-02-21,16.76,1.62,0.5589,1809855.61,54635.12,1864490.73,0.9707,持有
2019-02-22,18.43,1.78,0.6836,1990929.93,54635.12,2045565.05,0.9733,持有
2019-02-25,20.27,1.96,0.7770,2189756.64,54635.12,2244391.76,0.9757,卖出(降至70%)
2019-02-26,20.13,1.94,0.7713,1560257.11,692084.98,2252342.08,0.6927,持有
2019-02-27,19.76,1.91,0.7558,1531599.32,692084.98,2223684.30,0.6888,持有
2019-02-28,19.32,1.86,0.7381,1497209.98,692084.98,2189294.96,0.6839,持有
2019-03-01,20.10,1.94,0.7698,1557709.75,692084.98,2249794.73,0.6924,持有
2019-03-04,20.13,1.94,0.7708,1559620.27,692084.98,2251705.24,0.6926,持有
2019-03-05,20.38,1.97,0.7825,1579362.30,692084.98,2271447.27,0.6953,持有
2019-03-06,21.94,2.12,0.8382,1700361.83,692084.98,2392446.80,0.7107,卖出(降至30%)
2019-03-07,21.99,2.12,0.8391,719358.65,1662875.85,2382234.50,0.3020,持有
2019-03-08,19.79,1.91,0.7548,647315.26,1662875.85,2310191.11,0.2802,持有
2019-03-11,19.80,1.91,0.7549,647584.08,1662875.85,2310459.93,0.2803,持有
2019-03-12,20.28,1.96,0.7767,663444.38,1662875.85,2326320.23,0.2852,持有
2019-03-13,19.66,1.90,0.7511,643014.16,1662875.85,2305890.01,0.2789,持有
2019-03-14,19.21,1.85,0.7277,628229.14,1662875.85,2291104.99,0.2742,持有
2019-03-15,19.57,1.89,0.7451,640057.16,1662875.85,2302933.01,0.2779,持有
2019-03-18,20.24,1.95,0.7740,662100.29,1662875.85,2324976.13,0.2848,持有
2019-03-19,19.91,1.92,0.7609,651347.54,1662875.85,2314223.39,0.2815,持有
2019-03-20,20.18,1.95,0.7720,660218.56,1662875.85,2323094.40,0.2842,持有
2019-03-21,20.46,1.97,0.7867,669358.39,1662875.85,2332234.24,0.2870,持有
2019-03-22,20.38,1.96,0.7789,666670.20,1662875.85,2329546.05,0.2862,持有
2019-03-25,19.48,1.88,0.7396,637100.15,1662875.85,2299976.00,0.2770,持有
2019-03-26,18.83,1.81,0.7000,615863.48,1662875.85,2278739.33,0.2703,持有
2019-03-27,18.88,1.82,0.7023,617476.39,1662875.85,2280352.24,0.2708,持有
2019-03-28,18.76,1.81,0.6945,613712.93,1662875.85,2276588.78,0.2696,持有
2019-03-29,20.36,1.96,0.7780,666132.57,1662875.85,2329008.41,0.2860,持有
2019-04-01,20.78,2.00,0.7949,679573.50,1662875.85,2342449.34,0.2901,持有
2019-04-02,20.71,1.99,0.7919,677422.95,1662875.85,2340298.79,0.2895,持有
2019-04-03,21.50,2.07,0.8255,703229.54,1662875.85,2366105.38,0.2972,持有
2019-04-04,21.37,2.06,0.8194,698928.44,1662875.85,2361804.29,0.2959,持有
2019-04-08,20.80,2.00,0.7966,680379.95,1662875.85,2343255.80,0.2904,持有
2019-04-09,20.88,2.01,0.8002,683068.14,1662875.85,2345943.99,0.2912,持有
2019-04-10,20.50,1.97,0.7849,670702.48,1662875.85,2333578.33,0.2874,持有
2019-04-11,20.07,1.93,0.7621,656455.10,1662875.85,2319330.94,0.2830,持有
2019-04-12,19.95,1.92,0.7560,652422.82,1662875.85,2315298.66,0.2818,持有
2019-04-15,19.56,1.88,0.7386,639788.34,1662875.85,2302664.19,0.2778,持有
2019-04-16,20.13,1.94,0.7646,658605.64,1662875.85,2321481.49,0.2837,持有
2019-04-17,20.02,1.93,0.7603,654842.18,1662875.85,2317718.03,0.2825,持有
2019-04-18,19.95,1.92,0.7565,652691.63,1662875.85,2315567.48,0.2819,持有
2019-04-19,20.13,1.94,0.7645,658605.64,1662875.85,2321481.49,0.2837,持有
2019-04-22,19.55,1.88,0.7370,639519.52,1662875.85,2302395.37,0.2778,持有
2019-04-23,19.68,1.89,0.7428,643820.62,1662875.85,2306696.47,0.2791,持有
2019-04-24,19.87,1.91,0.7503,650003.45,1662875.85,2312879.29,0.2810,持有
2019-04-25,19.31,1.86,0.7233,631723.78,1662875.85,2294599.63,0.2753,持有
2019-04-26,19.39,1.87,0.7282,634143.15,1662875.85,2297019.00,0.2761,持有
2019-04-29,18.92,1.82,0.6995,618820.49,1662875.85,2281696.33,0.2712,持有
2019-04-30,18.93,1.77,0.6611,619358.12,1662875.85,2282233.97,0.2714,持有
2019-05-06,17.04,1.59,0.5162,557529.84,1662875.85,2220405.69,0.2511,持有
2019-05-07,17.05,1.59,0.5168,557798.66,1662875.85,2220674.50,0.2512,持有
2019-05-08,16.66,1.56,0.4721,544895.36,1662875.85,2207771.21,0.2468,持有
2019-05-09,16.26,1.52,0.4103,531723.25,1662875.85,2194599.10,0.2423,持有
2019-05-10,16.96,1.58,0.5065,554841.65,1662875.85,2217717.50,0.2502,持有
2019-05-13,16.47,1.54,0.4448,538712.54,1662875.85,2201588.38,0.2447,持有
2019-05-14,16.34,1.53,0.4246,534411.44,1662875.85,2197287.28,0.2432,持有
2019-05-15,16.68,1.56,0.4754,545701.82,1662875.85,2208577.67,0.2471,持有
2019-05-16,16.63,1.55,0.4682,543820.09,1662875.85,2206695.94,0.2464,持有
2019-05-17,16.14,1.51,0.3914,527959.79,1662875.85,2190835.64,0.2410,持有
2019-05-20,16.33,1.52,0.4230,534142.62,1662875.85,2197018.46,0.2431,持有
2019-05-21,16.63,1.55,0.4685,543820.09,1662875.85,2206695.94,0.2464,持有
2019-05-22,16.55,1.55,0.4565,541400.72,1662875.85,2204276.57,0.2456,持有
2019-05-23,16.48,1.54,0.4463,538981.35,1662875.85,2201857.20,0.2448,持有
2019-05-24,16.49,1.54,0.4500,539518.99,1662875.85,2202394.84,0.2450,持有
2019-05-27,16.95,1.58,0.5076,554572.83,1662875.85,2217448.68,0.2501,持有
2019-05-28,16.92,1.58,0.5048,553497.56,1662875.85,2216373.41,0.2497,持有
2019-05-29,16.89,1.58,0.5011,552422.29,1662875.85,2215298.13,0.2494,持有
2019-05-30,16.61,1.55,0.4670,543282.45,1662875.85,2206158.30,0.2463,持有
2019-05-31,16.54,1.54,0.4543,541131.90,1662875.85,2204007.75,0.2455,持有
2019-06-03,16.59,1.55,0.4632,542744.81,1662875.85,2205620.66,0.2461,持有
2019-06-04,16.54,1.54,0.4539,541131.90,1662875.85,2204007.75,0.2455,持有
2019-06-05,16.71,1.56,0.4805,546508.28,1662875.85,2209384.12,0.2474,持有
2019-06-06,16.49,1.54,0.4483,539518.99,1662875.85,2202394.84,0.2450,持有
2019-06-10,16.50,1.54,0.4498,539787.81,1662875.85,2202663.66,0.2451,持有
2019-06-11,17.33,1.62,0.5534,566938.49,1662875.85,2229814.34,0.2543,持有
2019-06-12,17.10,1.60,0.5298,559411.57,1662875.85,2222287.42,0.2517,持有
2019-06-13,17.27,1.61,0.5460,564787.94,1662875.85,2227663.79,0.2535,持有
2019-06-14,16.98,1.59,0.5130,555379.29,1662875.85,2218255.14,0.2504,持有
2019-06-17,17.04,1.59,0.5201,557261.02,1662875.85,2220136.87,0.2510,持有
2019-06-18,17.14,1.60,0.5328,560486.84,1662875.85,2223362.69,0.2521,持有
2019-06-19,17.71,1.65,0.5908,579304.15,1662875.85,2242179.99,0.2584,持有
2019-06-20,18.94,1.77,0.6668,619626.94,1662875.85,2282502.79,0.2715,持有
2019-06-21,19.45,1.82,0.7001,636293.70,1662875.85,2299169.54,0.2767,持有
2019-06-24,19.40,1.81,0.6972,634411.97,1662875.85,2297287.81,0.2762,持有
2019-06-25,19.30,1.80,0.6883,631186.14,1662875.85,2294061.99,0.2751,持有
2019-06-26,19.14,1.79,0.6773,626078.59,1662875.85,2288954.44,0.2735,持有
2019-06-27,19.66,1.84,0.7127,643014.16,1662875.85,2305890.01,0.2789,持有
2019-06-28,19.57,1.83,0.7081,640057.16,1662875.85,2302933.01,0.2779,持有
2019-07-01,20.04,1.87,0.7361,655379.82,1662875.85,2318255.67,0.2827,持有
2019-07-02,19.85,1.85,0.7238,649196.99,1662875.85,2312072.84,0.2808,持有
2019-07-03,19.26,1.80,0.6836,629842.05,1662875.85,2292717.90,0.2747,持有
2019-07-04,19.40,1.81,0.6961,634411.97,1662875.85,2297287.81,0.2762,持有
2019-07-05,19.35,1.81,0.6903,632799.06,1662875.85,2295674.90,0.2756,持有
2019-07-08,19.04,1.78,0.6698,622852.77,1662875.85,2285728.61,0.2725,持有
2019-07-09,19.09,1.78,0.6730,624465.68,1662875.85,2287341.52,0.2730,持有
2019-07-10,19.07,1.78,0.6722,623659.22,1662875.85,2286535.07,0.2728,持有
2019-07-11,19.05,1.78,0.6711,623121.59,1662875.85,2285997.43,0.2726,持有
2019-07-12,19.21,1.79,0.6811,628229.14,1662875.85,2291104.99,0.2742,持有
2019-07-15,19.47,1.82,0.7009,636831.34,1662875.85,2299707.18,0.2769,持有
2019-07-16,19.26,1.80,0.6831,629842.05,1662875.85,2292717.90,0.2747,持有
2019-07-17,18.98,1.77,0.6635,620702.22,1662875.85,2283578.06,0.2718,持有
2019-07-18,18.67,1.74,0.6436,610755.93,1662875.85,2273631.77,0.2686,持有
2019-07-19,19.05,1.78,0.6702,623121.59,1662875.85,2285997.43,0.2726,持有
2019-07-22,18.74,1.75,0.6465,612906.48,1662875.85,2275782.32,0.2693,持有
2019-07-23,18.80,1.75,0.6500,614788.21,1662875.85,2277664.05,0.2699,持有
2019-07-24,19.12,1.78,0.6745,625272.13,1662875.85,2288147.98,0.2733,持有
2019-07-25,19.22,1.79,0.6832,628766.78,1662875.85,2291642.62,0.2744,持有
2019-07-26,19.22,1.79,0.6829,628766.78,1662875.85,2291642.62,0.2744,持有
2019-07-29,19.04,1.78,0.6672,622852.77,1662875.85,2285728.61,0.2725,持有
2019-07-30,19.24,1.80,0.6840,629304.41,1662875.85,2292180.26,0.2745,持有
2019-07-31,19.09,1.78,0.6718,624465.68,1662875.85,2287341.52,0.2730,持有
2019-08-01,18.84,1.76,0.6515,616132.30,1662875.85,2279008.15,0.2704,持有
2019-08-02,18.12,1.67,0.5900,592655.20,1662875.85,2255531.04,0.2628,持有
2019-08-05,17.48,1.61,0.5332,571635.18,1662875.85,2234511.03,0.2558,持有
2019-08-06,17.40,1.60,0.5249,569178.30,1662875.85,2232054.14,0.2550,持有
2019-08-07,17.11,1.57,0.4868,559623.75,1662875.85,2222499.59,0.2518,持有
2019-08-08,17.45,1.60,0.5304,570816.22,1662875.85,2233692.07,0.2555,持有
2019-08-09,17.35,1.60,0.5191,567540.37,1662875.85,2230416.22,0.2545,持有
2019-08-12,17.81,1.64,0.5685,582554.67,1662875.85,2245430.52,0.2594,持有
2019-08-13,17.58,1.62,0.5450,575184.02,1662875.85,2238059.86,0.2570,持有
2019-08-14,17.65,1.62,0.5524,577367.91,1662875.85,2240243.76,0.2577,持有
2019-08-15,17.69,1.63,0.5551,578732.85,1662875.85,2241608.69,0.2582,持有
2019-08-16,17.80,1.64,0.5680,582281.68,1662875.85,2245157.53,0.2594,持有
2019-08-19,19.30,1.77,0.6655,631419.38,1662875.85,2294295.22,0.2752,持有
2019-08-20,18.99,1.75,0.6433,621318.85,1662875.85,2284194.70,0.2720,持有
2019-08-21,18.89,1.74,0.6392,618043.00,1662875.85,2280918.85,0.2710,持有
2019-08-22,18.95,1.74,0.6414,619953.91,1662875.85,2282829.76,0.2716,持有
2019-08-23,18.89,1.76,0.6530,618043.00,1662875.85,2280918.85,0.2710,持有
2019-08-26,18.54,1.73,0.6324,606577.54,1662875.85,2269453.39,0.2673,持有
2019-08-27,19.00,1.77,0.6617,621591.84,1662875.85,2284467.68,0.2721,持有
2019-08-28,18.71,1.74,0.6408,612037.29,1662875.85,2274913.13,0.2690,持有
2019-08-29,18.57,1.73,0.6338,607396.50,1662875.85,2270272.35,0.2675,持有
2019-08-30,18.63,1.73,0.6364,609307.41,1662875.85,2272183.26,0.2682,持有
2019-09-02,19.00,1.77,0.6619,621591.84,1662875.85,2284467.68,0.2721,持有
2019-09-03,19.06,1.77,0.6658,623502.75,1662875.85,2286378.59,0.2727,持有
2019-09-04,19.47,1.81,0.7018,636879.12,1662875.85,2299754.97,0.2769,持有
2019-09-05,19.89,1.85,0.7276,650528.48,1662875.85,2313404.33,0.2812,持有
2019-09-06,20.15,1.88,0.7445,659264.07,1662875.85,2322139.92,0.2839,持有
2019-09-09,20.30,1.89,0.7497,663904.85,1662875.85,2326780.70,0.2853,持有
2019-09-10,20.20,1.88,0.7456,660629.01,1662875.85,2323504.85,0.2843,持有
2019-09-11,20.36,1.89,0.7524,665815.76,1662875.85,2328691.61,0.2859,持有
2019-09-12,20.62,1.92,0.7639,674551.35,1662875.85,2337427.20,0.2886,持有
2019-09-16,20.26,1.89,0.7467,662812.90,1662875.85,2325688.75,0.2850,持有
2019-09-17,19.64,1.83,0.7112,642338.86,1662875.85,2305214.71,0.2786,持有
2019-09-18,19.55,1.82,0.7050,639608.99,1662875.85,2302484.84,0.2778,持有
2019-09-19,19.69,1.83,0.7143,643976.79,1662875.85,2306852.63,0.2792,持有
2019-09-20,19.48,1.81,0.6994,637152.11,1662875.85,2300027.95,0.2770,持有
2019-09-23,19.17,1.78,0.6735,627051.58,1662875.85,2289927.43,0.2738,持有
2019-09-24,19.16,1.78,0.6732,626778.59,1662875.85,2289654.44,0.2737,持有
2019-09-25,19.08,1.78,0.6642,624048.72,1662875.85,2286924.57,0.2729,持有
2019-09-26,18.96,1.76,0.6534,620226.90,1662875.85,2283102.75,0.2717,持有
2019-09-27,19.24,1.79,0.6795,629235.48,1662875.85,2292111.33,0.2745,持有
2019-09-30,18.76,1.75,0.6382,613675.21,1662875.85,2276551.06,0.2696,持有
2019-10-08,18.64,1.73,0.6325,609580.40,1662875.85,2272456.25,0.2682,持有
2019-10-09,18.55,1.73,0.6268,606850.53,1662875.85,2269726.38,0.2674,持有
2019-10-10,18.69,1.74,0.6345,611218.32,1662875.85,2274094.17,0.2688,持有
2019-10-11,19.14,1.78,0.6710,626232.62,1662875.85,2289108.47,0.2736,持有
2019-10-14,19.27,1.79,0.6820,630327.43,1662875.85,2293203.27,0.2749,持有
2019-10-15,18.94,1.76,0.6508,619407.94,1662875.85,2282283.79,0.2714,持有
2019-10-16,18.83,1.75,0.6430,615859.11,1662875.85,2278734.95,0.2703,持有
2019-10-17,18.79,1.75,0.6403,614767.16,1662875.85,2277643.00,0.2699,持有
2019-10-18,18.36,1.71,0.6142,600571.82,1662875.85,2263447.67,0.2653,持有
2019-10-21,18.24,1.70,0.6060,596477.02,1662875.85,2259352.86,0.2640,持有
2019-10-22,18.44,1.72,0.6187,603301.70,1662875.85,2266177.54,0.2662,持有
2019-10-23,18.19,1.69,0.6005,594839.09,1662875.85,2257714.94,0.2635,持有
2019-10-24,18.24,1.70,0.6057,596477.02,1662875.85,2259352.86,0.2640,持有
2019-10-25,18.41,1.71,0.6170,602209.75,1662875.85,2265085.59,0.2659,持有
2019-10-28,18.65,1.74,0.6326,610126.38,1662875.85,2273002.22,0.2684,持有
2019-10-29,18.25,1.70,0.6070,597022.99,1662875.85,2259898.84,0.2642,持有
2019-10-30,18.25,1.70,0.6067,597022.99,1662875.85,2259898.84,0.2642,持有
2019-10-31,18.11,1.64,0.5629,592382.21,1662875.85,2255258.05,0.2627,持有
2019-11-01,18.51,1.68,0.5917,605485.59,1662875.85,2268361.44,0.2669,持有
2019-11-04,18.58,1.68,0.5948,607669.49,1662875.85,2270545.34,0.2676,持有
2019-11-05,18.88,1.71,0.6161,617497.03,1662875.85,2280372.88,0.2708,持有
2019-11-06,18.72,1.70,0.6059,612310.27,1662875.85,2275186.12,0.2691,持有
2019-11-07,18.95,1.72,0.6218,619953.91,1662875.85,2282829.76,0.2716,持有
2019-11-08,18.71,1.70,0.6041,612037.29,1662875.85,2274913.13,0.2690,持有
2019-11-11,18.36,1.67,0.5786,600571.82,1662875.85,2263447.67,0.2653,持有
2019-11-12,18.39,1.67,0.5821,601390.79,1662875.85,2264266.63,0.2656,持有
2019-11-13,18.23,1.65,0.5703,596204.03,1662875.85,2259079.88,0.2639,持有
2019-11-14,18.28,1.66,0.5746,597841.95,1662875.85,2260717.80,0.2644,持有
2019-11-15,18.12,1.64,0.5620,592655.20,1662875.85,2255531.04,0.2628,持有
2019-11-18,18.27,1.66,0.5746,597568.97,1662875.85,2260444.81,0.2644,持有
2019-11-19,18.49,1.68,0.5900,604666.63,1662875.85,2267542.48,0.2667,持有
2019-11-20,18.13,1.64,0.5625,592928.18,1662875.85,2255804.03,0.2628,持有
2019-11-21,18.06,1.64,0.5557,590744.29,1662875.85,2253620.13,0.2621,持有
2019-11-22,17.93,1.63,0.5402,586649.48,1662875.85,2249525.32,0.2608,持有
2019-11-25,18.04,1.64,0.5532,590198.31,1662875.85,2253074.16,0.2620,持有
2019-11-26,17.96,1.63,0.5426,587468.44,1662875.85,2250344.29,0.2611,持有
2019-11-27,17.88,1.62,0.5358,585011.55,1662875.85,2247887.40,0.2602,持有
2019-11-28,17.95,1.63,0.5422,587195.45,1662875.85,2250071.30,0.2610,持有
2019-11-29,17.87,1.62,0.5325,584465.58,1662875.85,2247341.43,0.2601,持有
2019-12-02,18.09,1.64,0.5594,591836.23,1662875.85,2254712.08,0.2625,持有
2019-12-03,18.24,1.65,0.5728,596477.02,1662875.85,2259352.86,0.2640,持有
2019-12-04,18.17,1.65,0.5656,594293.12,1662875.85,2257168.96,0.2633,持有
2019-12-05,18.61,1.69,0.5982,608761.44,1662875.85,2271637.29,0.2680,持有
2019-12-06,18.68,1.69,0.6049,610945.34,1662875.85,2273821.18,0.2687,持有
2019-12-09,18.57,1.68,0.5956,607396.50,1662875.85,2270272.35,0.2675,持有
2019-12-10,18.54,1.68,0.5938,606304.56,1662875.85,2269180.40,0.2672,持有
2019-12-11,18.55,1.68,0.5947,606850.53,1662875.85,2269726.38,0.2674,持有
2019-12-12,18.53,1.68,0.5929,606031.57,1662875.85,2268907.41,0.2671,持有
2019-12-13,19.20,1.74,0.6406,627870.54,1662875.85,2290746.39,0.2741,持有
2019-12-16,19.46,1.77,0.6596,636606.13,1662875.85,2299481.98,0.2768,持有
2019-12-17,19.92,1.81,0.7002,651620.43,1662875.85,2314496.28,0.2815,持有
2019-12-18,19.86,1.80,0.6950,649709.52,1662875.85,2312585.37,0.2809,持有
2019-12-19,19.82,1.80,0.6907,648344.58,1662875.85,2311220.43,0.2805,持有
2019-12-20,19.68,1.78,0.6798,643703.80,1662875.85,2306579.65,0.2791,持有
2019-12-23,19.24,1.74,0.6419,629235.48,1662875.85,2292111.33,0.2745,持有
2019-12-24,19.35,1.75,0.6494,632784.31,1662875.85,2295660.16,0.2756,持有
2019-12-25,19.30,1.75,0.6462,631419.38,1662875.85,2294295.22,0.2752,持有
2019-12-26,19.82,1.80,0.6909,648344.58,1662875.85,2311220.43,0.2805,持有
2019-12-27,19.47,1.77,0.6588,636879.12,1662875.85,2299754.97,0.2769,持有
2019-12-30,21.42,1.94,0.7834,700485.14,1662875.85,2363360.98,0.2964,持有
2019-12-31,21.11,1.92,0.7675,690657.60,1662875.85,2353533.44,0.2935,持有
2020-01-02,21.27,1.93,0.7774,695844.35,1662875.85,2358720.20,0.2950,持有
2020-01-03,21.18,1.92,0.7722,692841.50,1662875.85,2355717.34,0.2941,持有
2020-01-06,21.13,1.92,0.7674,691203.57,1662875.85,2354079.42,0.2936,持有
2020-01-07,21.45,1.95,0.7846,701577.09,1662875.85,2364452.93,0.2967,持有
2020-01-08,20.81,1.89,0.7534,680830.06,1662875.85,2343705.91,0.2905,持有
2020-01-09,21.23,1.93,0.7742,694479.42,1662875.85,2357355.26,0.2946,持有
2020-01-10,21.32,1.93,0.7792,697482.28,1662875.85,2360358.12,0.2955,持有
2020-01-13,21.67,1.97,0.7959,708947.74,1662875.85,2371823.59,0.2989,持有
2020-01-14,21.33,1.93,0.7790,697755.26,1662875.85,2360631.11,0.2956,持有
2020-01-15,21.13,1.92,0.7656,691203.57,1662875.85,2354079.42,0.2936,持有
2020-01-16,20.96,1.90,0.7596,685470.84,1662875.85,2348346.69,0.2919,持有
2020-01-17,21.16,1.92,0.7687,692295.52,1662875.85,2355171.37,0.2939,持有
2020-01-20,21.50,1.95,0.7874,703215.01,1662875.85,2366090.85,0.2972,持有
2020-01-21,21.01,1.91,0.7595,687108.76,1662875.85,2349984.61,0.2924,持有
2020-01-22,21.03,1.91,0.7608,687927.73,1662875.85,2350803.57,0.2926,持有
2020-01-23,19.95,1.81,0.6989,652439.39,1662875.85,2315315.24,0.2818,持有
2020-02-03,17.95,1.63,0.5338,587195.45,1662875.85,2250071.30,0.2610,持有
2020-02-04,18.14,1.64,0.5559,593201.17,1662875.85,2256077.02,0.2629,持有
2020-02-05,18.42,1.67,0.5791,602482.73,1662875.85,2265358.58,0.2660,持有
2020-02-06,18.89,1.71,0.6145,617770.02,1662875.85,2280645.86,0.2709,持有
2020-02-07,18.81,1.71,0.6098,615313.13,1662875.85,2278188.98,0.2701,持有
2020-02-10,18.92,1.72,0.6164,618861.97,1662875.85,2281737.81,0.2712,持有
2020-02-11,18.94,1.72,0.6174,619407.94,1662875.85,2282283.79,0.2714,持有
2020-02-12,19.11,1.73,0.6284,625140.67,1662875.85,2288016.52,0.2732,持有
2020-02-13,18.82,1.71,0.6096,615586.12,1662875.85,2278461.97,0.2702,持有
2020-02-14,19.18,1.74,0.6336,627324.57,1662875.85,2290200.42,0.2739,持有
2020-02-17,20.18,1.83,0.7164,660083.03,1662875.85,2322958.88,0.2842,持有
2020-02-18,20.01,1.82,0.7048,654623.29,1662875.85,2317499.13,0.2825,持有
2020-02-19,20.03,1.82,0.7046,655169.26,1662875.85,2318045.11,0.2826,持有
2020-02-20,21.21,1.92,0.7744,693933.44,1662875.85,2356809.29,0.2944,持有
2020-02-21,21.01,1.91,0.7604,687381.75,1662875.85,2350257.60,0.2925,持有
2020-02-24,20.90,1.90,0.7564,683559.93,1662875.85,2346435.78,0.2913,持有
2020-02-25,21.04,1.91,0.7622,688200.71,1662875.85,2351076.56,0.2927,持有
2020-02-26,20.62,1.87,0.7418,674551.35,1662875.85,2337427.20,0.2886,持有
2020-02-27,20.67,1.87,0.7443,676189.28,1662875.85,2339065.12,0.2891,持有
2020-02-28,19.53,1.77,0.6592,638790.03,1662875.85,2301665.88,0.2775,持有
2020-03-02,20.43,1.85,0.7296,668272.65,1662875.85,2331148.49,0.2867,持有
2020-03-03,20.64,1.87,0.7430,675097.33,1662875.85,2337973.17,0.2888,持有
2020-03-04,21.14,1.92,0.7680,691476.56,1662875.85,2354352.41,0.2937,持有
2020-03-05,21.69,1.97,0.7998,709493.71,1662875.85,2372369.56,0.2991,持有
2020-03-06,20.96,1.90,0.7585,685470.84,1662875.85,2348346.69,0.2919,持有
2020-03-09,20.29,1.84,0.7193,663631.87,1662875.85,2326507.71,0.2852,持有
2020-03-10,20.91,1.90,0.7575,684105.91,1662875.85,2346981.75,0.2915,持有
2020-03-11,20.31,1.84,0.7224,664450.83,1662875.85,2327326.67,0.2855,持有
2020-03-12,20.01,1.82,0.7004,654623.29,1662875.85,2317499.13,0.2825,持有
2020-03-13,19.98,1.93,0.7802,653531.34,1662875.85,2316407.19,0.2821,持有
2020-03-16,18.92,1.83,0.7135,618861.97,1662875.85,2281737.81,0.2712,持有
2020-03-17,19.14,1.85,0.7272,625959.63,1662875.85,2288835.48,0.2735,持有
2020-03-18,18.55,1.80,0.6805,606850.53,1662875.85,2269726.38,0.2674,持有
2020-03-19,18.66,1.81,0.6890,610399.36,1662875.85,2273275.21,0.2685,持有
2020-03-20,18.91,1.81,0.6976,618588.98,1662875.85,2281464.83,0.2711,持有
2020-03-23,18.27,1.75,0.6362,597568.97,1662875.85,2260444.81,0.2644,持有
2020-03-24,18.62,1.78,0.6695,609034.43,1662875.85,2271910.27,0.2681,持有
2020-03-25,18.99,1.82,0.7051,621318.85,1662875.85,2284194.70,0.2720,持有
2020-03-26,18.76,1.80,0.6837,613675.21,1662875.85,2276551.06,0.2696,持有
2020-03-27,18.84,1.81,0.6886,616132.09,1662875.85,2279007.94,0.2704,持有
2020-03-30,18.59,1.78,0.6648,607942.48,1662875.85,2270818.32,0.2677,持有
2020-03-31,18.49,1.77,0.6554,604939.62,1662875.85,2267815.47,0.2667,持有
2020-04-01,18.44,1.77,0.6487,603301.70,1662875.85,2266177.54,0.2662,持有
2020-04-02,18.72,1.79,0.6779,612310.27,1662875.85,2275186.12,0.2691,持有
2020-04-03,18.47,1.77,0.6522,604120.66,1662875.85,2266996.50,0.2665,持有
2020-04-07,18.84,1.81,0.6897,616405.08,1662875.85,2279280.93,0.2704,持有
2020-04-08,18.82,1.80,0.6887,615586.12,1662875.85,2278461.97,0.2702,持有
2020-04-09,18.90,1.81,0.6979,618315.99,1662875.85,2281191.84,0.2710,持有
2020-04-10,18.77,1.80,0.6838,613948.20,1662875.85,2276824.04,0.2697,持有
2020-04-13,18.59,1.78,0.6636,607942.48,1662875.85,2270818.32,0.2677,持有
2020-04-14,19.37,1.86,0.7320,633603.27,1662875.85,2296479.12,0.2759,持有
2020-04-15,19.21,1.84,0.7214,628416.52,1662875.85,2291292.36,0.2743,持有
2020-04-16,19.75,1.89,0.7549,646160.69,1662875.85,2309036.53,0.2798,持有
2020-04-17,19.51,1.87,0.7411,638244.06,1662875.85,2301119.90,0.2774,持有
2020-04-20,19.60,1.88,0.7475,641246.92,1662875.85,2304122.76,0.2783,持有
2020-04-21,19.34,1.85,0.7298,632511.33,1662875.85,2295387.17,0.2756,持有
2020-04-22,19.35,1.85,0.7307,633057.30,1662875.85,2295933.15,0.2757,持有
2020-04-23,19.13,1.83,0.7146,625686.65,1662875.85,2288562.49,0.2734,持有
2020-04-24,18.94,1.82,0.7000,619680.93,1662875.85,2282556.77,0.2715,持有
2020-04-27,19.05,1.83,0.7089,623229.76,1662875.85,2286105.61,0.2726,持有
2020-04-28,19.44,1.86,0.7371,635787.17,1662875.85,2298663.02,0.2766,持有
2020-04-29,19.52,1.70,0.5953,638517.04,1662875.85,2301392.89,0.2774,持有
2020-04-30,19.78,1.73,0.6124,646979.65,1662875.85,2309855.49,0.2801,持有
2020-05-06,19.71,1.72,0.6078,644795.75,1662875.85,2307671.60,0.2794,持有
2020-05-07,19.54,1.71,0.5961,639063.02,1662875.85,2301938.86,0.2776,持有
2020-05-08,19.88,1.74,0.6192,650255.49,1662875.85,2313131.34,0.2811,持有
2020-05-11,19.67,1.72,0.6051,643430.81,1662875.85,2306306.66,0.2790,持有
2020-05-12,19.72,1.72,0.6080,645068.74,1662875.85,2307944.58,0.2795,持有
2020-05-13,19.81,1.73,0.6145,648071.60,1662875.85,2310947.44,0.2804,持有
2020-05-14,19.56,1.71,0.5969,639881.98,1662875.85,2302757.83,0.2779,持有
2020-05-15,19.56,1.71,0.5967,639881.98,1662875.85,2302757.83,0.2779,持有
2020-05-18,19.26,1.68,0.5720,630054.44,1662875.85,2292930.29,0.2748,持有
2020-05-19,19.37,1.69,0.5789,633603.27,1662875.85,2296479.12,0.2759,持有
2020-05-20,19.27,1.68,0.5728,630327.43,1662875.85,2293203.27,0.2749,持有
2020-05-21,19.21,1.68,0.5690,628416.52,1662875.85,2291292.36,0.2743,持有
2020-05-22,18.61,1.63,0.5149,608761.44,1662875.85,2271637.29,0.2680,持有
2020-05-25,18.54,1.62,0.5077,606304.56,1662875.85,2269180.40,0.2672,持有
2020-05-26,18.75,1.64,0.5322,613402.22,1662875.85,2276278.07,0.2695,持有
2020-05-27,18.60,1.62,0.5135,608488.45,1662875.85,2271364.30,0.2679,持有
2020-05-28,18.76,1.64,0.5334,613675.21,1662875.85,2276551.06,0.2696,持有
2020-05-29,18.59,1.62,0.5128,607942.48,1662875.85,2270818.32,0.2677,持有
2020-06-01,19.31,1.69,0.5765,631692.36,1662875.85,2294568.21,0.2753,持有
2020-06-02,19.21,1.68,0.5696,628416.52,1662875.85,2291292.36,0.2743,持有
2020-06-03,19.11,1.67,0.5615,625140.67,1662875.85,2288016.52,0.2732,持有
2020-06-04,18.99,1.66,0.5539,621318.85,1662875.85,2284194.70,0.2720,持有
2020-06-05,19.06,1.66,0.5564,623502.75,1662875.85,2286378.59,0.2727,持有
2020-06-08,19.17,1.67,0.5663,627051.58,1662875.85,2289927.43,0.2738,持有
2020-06-09,19.44,1.70,0.5888,635787.17,1662875.85,2298663.02,0.2766,持有
2020-06-10,19.25,1.68,0.5722,629508.47,1662875.85,2292384.31,0.2746,持有
2020-06-11,19.02,1.66,0.5543,622137.81,1662875.85,2285013.66,0.2723,持有
2020-06-12,18.87,1.65,0.5412,617224.04,1662875.85,2280099.89,0.2707,持有
2020-06-15,18.85,1.65,0.5402,616678.07,1662875.85,2279553.91,0.2705,持有
2020-06-16,19.08,1.67,0.5580,624048.72,1662875.85,2286924.57,0.2729,持有
2020-06-17,19.00,1.66,0.5539,621591.84,1662875.85,2284467.68,0.2721,持有
2020-06-18,19.26,1.68,0.5739,630054.44,1662875.85,2292930.29,0.2748,持有
2020-06-19,19.90,1.74,0.6244,651074.45,1662875.85,2313950.30,0.2814,持有
2020-06-22,20.12,1.76,0.6402,658172.12,1662875.85,2321047.97,0.2836,持有
2020-06-23,20.06,1.75,0.6348,656261.21,1662875.85,2319137.06,0.2830,持有
2020-06-24,20.24,1.77,0.6490,661993.94,1662875.85,2324869.79,0.2847,持有
2020-06-29,19.61,1.71,0.6032,641519.90,1662875.85,2304395.75,0.2784,持有
2020-06-30,20.12,1.76,0.6399,658172.12,1662875.85,2321047.97,0.2836,持有
2020-07-01,20.63,1.80,0.6883,674824.34,1662875.85,2337700.19,0.2887,持有
2020-07-02,21.75,1.90,0.7651,711404.62,1662875.85,2374280.47,0.2996,持有
2020-07-03,23.93,2.09,0.8523,782654.28,1662875.85,2445530.13,0.3200,持有
2020-07-06,26.32,2.30,0.8795,861001.61,1662875.85,2523877.45,0.3411,持有
2020-07-07,25.98,2.27,0.8776,849809.13,1662875.85,2512684.98,0.3382,持有
2020-07-08,27.96,2.44,0.8878,914507.10,1662875.85,2577382.94,0.3548,卖出(降至30%)
2020-07-09,27.61,2.41,0.8863,763540.89,1799923.84,2563464.73,0.2979,持有
2020-07-10,26.51,2.32,0.8816,733303.93,1799923.84,2533227.77,0.2895,持有
2020-07-13,27.11,2.37,0.8836,749691.90,1799923.84,2549615.74,0.2940,持有
2020-07-14,26.73,2.33,0.8825,739305.16,1799923.84,2539229.00,0.2912,持有
2020-07-15,26.71,2.33,0.8818,738612.71,1799923.84,2538536.55,0.2910,持有
2020-07-16,24.47,2.14,0.8578,676753.90,1799923.84,2476677.73,0.2733,持有
2020-07-17,23.89,2.09,0.8478,660596.74,1799923.84,2460520.58,0.2685,持有
2020-07-20,25.58,2.23,0.8719,707452.49,1799923.84,2507376.32,0.2821,持有
2020-07-21,25.31,2.21,0.8700,700066.36,1799923.84,2499990.20,0.2800,持有
2020-07-22,25.45,2.22,0.8712,703990.24,1799923.84,2503914.08,0.2812,持有
2020-07-23,25.49,2.23,0.8712,704913.50,1799923.84,2504837.34,0.2814,持有
2020-07-24,23.79,2.08,0.8446,657826.94,1799923.84,2457750.78,0.2677,持有
2020-07-27,23.79,2.08,0.8443,657826.94,1799923.84,2457750.78,0.2677,持有
2020-07-28,23.70,2.07,0.8405,655518.78,1799923.84,2455442.62,0.2670,持有
2020-07-29,24.85,2.17,0.8610,687140.64,1799923.84,2487064.47,0.2763,持有
2020-07-30,24.67,2.15,0.8587,682293.49,1799923.84,2482217.33,0.2749,持有
2020-07-31,25.00,2.18,0.8627,691526.15,1799923.84,2491449.99,0.2776,持有
2020-08-03,25.38,2.22,0.8696,701912.89,1799923.84,2501836.73,0.2806,持有
2020-08-04,25.22,2.20,0.8689,697527.38,1799923.84,2497451.21,0.2793,持有
2020-08-05,24.96,2.18,0.8613,690372.07,1799923.84,2490295.90,0.2772,持有
2020-08-06,26.77,2.34,0.8833,740459.24,1799923.84,2540383.08,0.2915,持有
2020-08-07,26.67,2.33,0.8818,737689.44,1799923.84,2537613.28,0.2907,持有
2020-08-10,27.72,2.42,0.8872,766541.50,1799923.84,2566465.34,0.2987,持有
2020-08-11,26.13,2.28,0.8761,722686.37,1799923.84,2522610.21,0.2865,持有
2020-08-12,25.95,2.27,0.8746,717608.41,1799923.84,2517532.25,0.2850,持有
2020-08-13,25.78,2.25,0.8727,712992.08,1799923.84,2512915.92,0.2837,持有
2020-08-14,26.18,2.29,0.8766,724071.27,1799923.84,2523995.11,0.2869,持有
2020-08-17,27.52,2.40,0.8863,761001.91,1799923.84,2560925.74,0.2972,持有
2020-08-18,27.66,2.42,0.8871,764925.79,1799923.84,2564849.62,0.2982,持有
2020-08-19,27.28,2.38,0.8845,754539.05,1799923.84,2554462.88,0.2954,持有
2020-08-20,26.69,2.33,0.8807,738151.08,1799923.84,2538074.91,0.2908,持有
2020-08-21,27.06,2.33,0.8799,748468.73,1799923.84,2548392.56,0.2937,持有
2020-08-24,26.96,2.32,0.8796,745654.93,1799923.84,2545578.77,0.2929,持有
2020-08-25,26.86,2.33,0.8796,742841.14,1799923.84,2542764.98,0.2921,持有
2020-08-26,26.05,2.26,0.8705,720565.29,1799923.84,2520489.12,0.2859,持有
2020-08-27,26.26,2.27,0.8725,726192.87,1799923.84,2526116.71,0.2875,持有
2020-08-28,27.12,2.35,0.8825,750110.11,1799923.84,2550033.94,0.2942,持有
2020-08-31,26.96,2.34,0.8817,745654.93,1799923.84,2545578.77,0.2929,持有
2020-09-01,27.22,2.36,0.8826,752923.90,1799923.84,2552847.73,0.2949,持有
2020-09-02,27.05,2.34,0.8818,747999.76,1799923.84,2547923.60,0.2936,持有
2020-09-03,26.72,2.31,0.8765,739089.42,1799923.84,2539013.26,0.2911,持有
2020-09-04,26.32,2.28,0.8712,727834.25,1799923.84,2527758.09,0.2879,持有
2020-09-07,25.36,2.20,0.8579,701337.71,1799923.84,2501261.54,0.2804,持有
2020-09-08,25.99,2.25,0.8671,718689.43,1799923.84,2518613.26,0.2854,持有
2020-09-09,25.51,2.21,0.8615,705558.40,1799923.84,2505482.23,0.2816,持有
2020-09-10,25.43,2.20,0.8611,703448.05,1799923.84,2503371.89,0.2810,持有
2020-09-11,25.51,2.21,0.8612,705558.40,1799923.84,2505482.23,0.2816,持有
2020-09-14,25.48,2.21,0.8608,704620.46,1799923.84,2504544.30,0.2813,持有
2020-09-15,25.62,2.22,0.8628,708606.67,1799923.84,2508530.51,0.2825,持有
2020-09-16,25.63,2.22,0.8629,708841.15,1799923.84,2508764.99,0.2825,持有
2020-09-17,25.10,2.17,0.8507,694303.23,1799923.84,2494227.06,0.2784,持有
2020-09-18,26.20,2.27,0.8702,724551.49,1799923.84,2524475.33,0.2870,持有
2020-09-21,26.22,2.27,0.8706,725254.94,1799923.84,2525178.78,0.2872,持有
2020-09-22,25.96,2.25,0.8661,717985.98,1799923.84,2517909.81,0.2852,持有
2020-09-23,25.70,2.23,0.8631,710717.01,1799923.84,2510640.85,0.2831,持有
2020-09-24,25.39,2.20,0.8571,702275.64,1799923.84,2502199.47,0.2807,持有
2020-09-25,25.60,2.22,0.8606,708137.70,1799923.84,2508061.54,0.2823,持有
2020-09-28,25.62,2.22,0.8610,708606.67,1799923.84,2508530.51,0.2825,持有
2020-09-29,25.66,2.22,0.8626,709544.60,1799923.84,2509468.44,0.2827,持有
2020-09-30,25.46,2.21,0.8577,704151.50,1799923.84,2504075.34,0.2812,持有
2020-10-09,25.94,2.25,0.8657,717517.01,1799923.84,2517440.85,0.2850,持有
2020-10-12,26.89,2.33,0.8798,743779.07,1799923.84,2543702.91,0.2924,持有
2020-10-13,26.58,2.30,0.8745,735103.21,1799923.84,2535027.05,0.2900,持有
2020-10-14,26.24,2.27,0.8704,725723.91,1799923.84,2525647.74,0.2873,持有
2020-10-15,26.26,2.27,0.8705,726192.87,1799923.84,2526116.71,0.2875,持有
2020-10-16,26.35,2.28,0.8724,728772.18,1799923.84,2528696.02,0.2882,持有
2020-10-19,26.18,2.27,0.8683,724082.53,1799923.84,2524006.36,0.2869,持有
2020-10-20,25.99,2.25,0.8649,718689.43,1799923.84,2518613.26,0.2854,持有
2020-10-21,25.80,2.23,0.8620,713530.81,1799923.84,2513454.64,0.2839,持有
2020-10-22,25.81,2.24,0.8620,713765.29,1799923.84,2513689.13,0.2840,持有
2020-10-23,25.52,2.21,0.8556,705792.88,1799923.84,2505716.71,0.2817,持有
2020-10-26,24.60,2.13,0.8376,680468.75,1799923.84,2480392.58,0.2743,持有
2020-10-27,24.56,2.13,0.8372,679296.33,1799923.84,2479220.17,0.2740,持有
2020-10-28,24.81,2.15,0.8399,686096.33,1799923.84,2486020.17,0.2760,持有
2020-10-29,25.11,2.17,0.8445,694537.71,1799923.84,2494461.55,0.2784,持有
2020-10-30,24.27,2.06,0.8167,671323.92,1799923.84,2471247.76,0.2717,持有
2020-11-02,23.81,2.02,0.8009,658427.38,1799923.84,2458351.21,0.2678,持有
2020-11-03,24.36,2.07,0.8194,673668.75,1799923.84,2473592.59,0.2723,持有
2020-11-04,24.36,2.07,0.8191,673668.75,1799923.84,2473592.59,0.2723,持有
2020-11-05,24.75,2.10,0.8316,684454.95,1799923.84,2484378.79,0.2755,持有
2020-11-06,24.79,2.10,0.8328,685627.37,1799923.84,2485551.20,0.2758,持有
2020-11-09,25.66,2.18,0.8453,709779.08,1799923.84,2509702.92,0.2828,持有
2020-11-10,25.22,2.14,0.8386,697585.98,1799923.84,2497509.82,0.2793,持有
2020-11-11,24.81,2.10,0.8323,686096.33,1799923.84,2486020.17,0.2760,持有
2020-11-12,24.69,2.09,0.8289,682813.57,1799923.84,2482737.41,0.2750,持有
2020-11-13,24.34,2.06,0.8166,673199.78,1799923.84,2473123.62,0.2722,持有
2020-11-16,24.56,2.08,0.8249,679296.33,1799923.84,2479220.17,0.2740,持有
2020-11-17,24.70,2.09,0.8291,683048.06,1799923.84,2482971.89,0.2751,持有
2020-11-18,24.71,2.10,0.8296,683517.02,1799923.84,2483440.86,0.2752,持有
2020-11-19,24.87,2.11,0.8330,687737.71,1799923.84,2487661.55,0.2765,持有
2020-11-20,24.94,2.12,0.8335,689848.06,1799923.84,2489771.89,0.2771,持有
2020-11-23,25.35,2.15,0.8403,701103.22,1799923.84,2501027.06,0.2803,持有
2020-11-24,25.04,2.12,0.8358,692427.36,1799923.84,2492351.20,0.2778,持有
2020-11-25,24.77,2.10,0.8295,685158.40,1799923.84,2485082.24,0.2757,持有
2020-11-26,24.84,2.11,0.8318,687034.26,1799923.84,2486958.10,0.2763,持有
2020-11-27,25.42,2.16,0.8420,702979.09,1799923.84,2502902.92,0.2809,持有
2020-11-30,25.69,2.18,0.8462,710482.53,1799923.84,2510406.37,0.2830,持有
2020-12-01,26.54,2.25,0.8668,733930.80,1799923.84,2533854.64,0.2896,持有
2020-12-02,26.35,2.24,0.8628,728772.18,1799923.84,2528696.02,0.2882,持有
2020-12-03,26.20,2.22,0.8602,724551.49,1799923.84,2524475.33,0.2870,持有
2020-12-04,25.69,2.18,0.8449,710482.53,1799923.84,2510406.37,0.2830,持有
2020-12-07,25.44,2.16,0.8409,703682.53,1799923.84,2503606.37,0.2811,持有
2020-12-08,25.44,2.16,0.8406,703682.53,1799923.84,2503606.37,0.2811,持有
2020-12-09,24.83,2.11,0.8290,686799.78,1799923.84,2486723.62,0.2762,持有
2020-12-10,24.72,2.10,0.8250,683751.51,1799923.84,2483675.34,0.2753,持有
2020-12-11,24.37,2.07,0.8120,674137.72,1799923.84,2474061.55,0.2725,持有
2020-12-14,24.45,2.07,0.8162,676248.06,1799923.84,2476171.90,0.2731,持有
2020-12-15,24.43,2.07,0.8140,675544.61,1799923.84,2475468.45,0.2729,持有
2020-12-16,24.26,2.06,0.8063,670854.96,1799923.84,2470778.79,0.2715,持有
2020-12-17,24.77,2.10,0.8264,685158.40,1799923.84,2485082.24,0.2757,持有
2020-12-18,24.43,2.07,0.8135,675544.61,1799923.84,2475468.45,0.2729,持有
2020-12-21,24.61,2.09,0.8202,680703.23,1799923.84,2480627.07,0.2744,持有
2020-12-22,23.75,2.01,0.7891,656786.00,1799923.84,2456709.83,0.2673,持有
2020-12-23,23.91,2.03,0.7929,661241.17,1799923.84,2461165.00,0.2687,持有
2020-12-24,23.79,2.02,0.7900,657958.41,1799923.84,2457882.25,0.2677,持有
2020-12-25,23.76,2.02,0.7889,657020.48,1799923.84,2456944.32,0.2674,持有
2020-12-28,23.72,2.01,0.7879,656082.55,1799923.84,2456006.39,0.2671,持有
2020-12-29,23.87,2.02,0.7917,660068.75,1799923.84,2459992.59,0.2683,持有
2020-12-30,24.16,2.05,0.8003,668275.65,1799923.84,2468199.49,0.2708,持有
2020-12-31,24.93,2.11,0.8312,689379.09,1799923.84,2489302.93,0.2769,持有
2021-01-04,24.74,2.10,0.8260,684220.47,1799923.84,2484144.31,0.2754,持有
2021-01-05,24.71,2.10,0.8239,683282.54,1799923.84,2483206.38,0.2752,持有
2021-01-06,25.11,2.13,0.8354,694537.71,1799923.84,2494461.55,0.2784,持有
2021-01-07,25.22,2.14,0.8373,697585.98,1799923.84,2497509.82,0.2793,持有
2021-01-08,25.49,2.16,0.8422,704854.95,1799923.84,2504778.78,0.2814,持有
2021-01-11,24.82,2.11,0.8286,686565.30,1799923.84,2486489.13,0.2761,持有
2021-01-12,27.16,2.30,0.8779,751048.04,1799923.84,2550971.87,0.2944,持有
2021-01-13,26.24,2.23,0.8620,725723.91,1799923.84,2525647.74,0.2873,持有
2021-01-14,25.60,2.17,0.8436,708137.70,1799923.84,2508061.54,0.2823,持有
2021-01-15,25.59,2.17,0.8429,707668.74,1799923.84,2507592.58,0.2822,持有
2021-01-18,25.73,2.18,0.8470,711654.94,1799923.84,2511578.78,0.2833,持有
2021-01-19,25.82,2.19,0.8496,713999.77,1799923.84,2513923.61,0.2840,持有
2021-01-20,26.37,2.24,0.8648,729241.15,1799923.84,2529164.98,0.2883,持有
2021-01-21,26.43,2.24,0.8656,730882.53,1799923.84,2530806.36,0.2888,持有
2021-01-22,25.71,2.18,0.8458,711185.98,1799923.84,2511109.82,0.2832,持有
2021-01-25,25.41,2.16,0.8373,702744.60,1799923.84,2502668.44,0.2808,持有
2021-01-26,24.40,2.07,0.8072,674841.16,1799923.84,2474765.00,0.2727,持有
2021-01-27,24.34,2.06,0.8039,673199.78,1799923.84,2473123.62,0.2722,持有
2021-01-28,24.16,2.05,0.7944,668275.65,1799923.84,2468199.49,0.2708,持有
2021-01-29,24.04,2.04,0.7890,664758.41,1799923.84,2464682.25,0.2697,持有
2021-02-01,23.99,2.04,0.7876,663585.99,1799923.84,2463509.83,0.2694,持有
2021-02-02,23.87,2.03,0.7854,660303.24,1799923.84,2460227.07,0.2684,持有
2021-02-03,23.71,2.01,0.7800,655848.07,1799923.84,2455771.90,0.2671,持有
2021-02-04,22.97,1.95,0.7517,635213.59,1799923.84,2435137.43,0.2609,持有
2021-02-05,22.91,1.94,0.7496,633572.21,1799923.84,2433496.05,0.2604,持有
2021-02-08,23.16,1.96,0.7607,640606.69,1799923.84,2440530.53,0.2625,持有
2021-02-09,23.73,2.01,0.7810,656317.03,1799923.84,2456240.87,0.2672,持有
2021-02-10,23.63,2.00,0.7760,653503.24,1799923.84,2453427.08,0.2664,持有
2021-02-18,23.69,2.01,0.7786,655144.62,1799923.84,2455068.46,0.2669,持有
2021-02-19,24.26,2.06,0.8015,671089.44,1799923.84,2471013.28,0.2716,持有
2021-02-22,23.54,2.00,0.7715,651158.41,1799923.84,2451082.25,0.2657,持有
2021-02-23,23.40,1.98,0.7679,647172.21,1799923.84,2447096.04,0.2645,持有
2021-02-24,23.25,1.97,0.7632,642951.52,1799923.84,2442875.36,0.2632,持有
2021-02-25,23.51,1.99,0.7710,650220.48,1799923.84,2450144.32,0.2654,持有
2021-02-26,23.10,1.96,0.7549,638965.31,1799923.84,2438889.15,0.2620,持有
2021-03-01,21.72,1.84,0.6844,600744.64,1799923.84,2400668.47,0.2502,持有
2021-03-02,21.33,1.81,0.6563,589958.43,1799923.84,2389882.27,0.2469,持有
2021-03-03,21.51,1.82,0.6696,594882.57,1799923.84,2394806.41,0.2484,持有
2021-03-04,21.03,1.78,0.6298,581751.54,1799923.84,2381675.38,0.2443,持有
2021-03-05,21.24,1.80,0.6468,587379.12,1799923.84,2387302.96,0.2460,持有
2021-03-08,20.81,1.76,0.6078,575420.51,1799923.84,2375344.34,0.2422,持有
2021-03-09,20.14,1.71,0.5623,556896.37,1799923.84,2356820.21,0.2363,持有
2021-03-10,20.08,1.70,0.5581,555489.48,1799923.84,2355413.31,0.2358,持有
2021-03-11,20.37,1.73,0.5783,563461.89,1799923.84,2363385.73,0.2384,持有
2021-03-12,20.16,1.71,0.5639,557599.82,1799923.84,2357523.66,0.2365,持有
2021-03-15,19.72,1.67,0.5283,545406.72,1799923.84,2345330.56,0.2326,持有
2021-03-16,19.84,1.68,0.5383,548689.48,1799923.84,2348613.32,0.2336,持有
2021-03-17,20.04,1.70,0.5560,554317.06,1799923.84,2354240.90,0.2355,持有
2021-03-18,19.97,1.69,0.5481,552206.72,1799923.84,2352130.56,0.2348,持有
2021-03-19,20.33,1.71,0.5603,562289.48,1799923.84,2362213.31,0.2380,持有
2021-03-22,20.47,1.72,0.5717,566275.68,1799923.84,2366199.52,0.2393,持有
2021-03-23,20.40,1.71,0.5653,564165.34,1799923.84,2364089.17,0.2386,持有
2021-03-24,20.38,1.71,0.5640,563696.37,1799923.84,2363620.21,0.2385,持有
2021-03-25,20.26,1.70,0.5555,560413.61,1799923.84,2360337.45,0.2374,持有
2021-03-26,20.33,1.71,0.5596,562289.48,1799923.84,2362213.31,0.2380,持有
2021-03-29,20.57,1.73,0.5776,568854.99,1799923.84,2368778.83,0.2401,持有
2021-03-30,20.57,1.73,0.5774,568854.99,1799923.84,2368778.83,0.2401,持有
2021-03-31,20.25,1.70,0.5539,560179.13,1799923.84,2360102.97,0.2374,持有
2021-04-01,20.48,1.72,0.5730,566510.16,1799923.84,2366434.00,0.2394,持有
2021-04-02,20.46,1.72,0.5702,565806.72,1799923.84,2365730.55,0.2392,持有
2021-04-06,20.47,1.72,0.5718,566275.68,1799923.84,2366199.52,0.2393,持有
2021-04-07,20.39,1.71,0.5644,563930.85,1799923.84,2363854.69,0.2386,持有
2021-04-08,20.34,1.71,0.5598,562523.96,1799923.84,2362447.80,0.2381,持有
2021-04-09,20.01,1.68,0.5314,553379.13,1799923.84,2353302.97,0.2351,持有
2021-04-12,19.75,1.66,0.5120,546344.65,1799923.84,2346268.49,0.2329,持有
2021-04-13,19.81,1.66,0.5161,547986.03,1799923.84,2347909.87,0.2334,持有
2021-04-14,19.99,1.68,0.5301,552910.17,1799923.84,2352834.00,0.2350,持有
2021-04-15,19.82,1.66,0.5161,548220.51,1799923.84,2348144.35,0.2335,持有
2021-04-16,20.07,1.68,0.5373,555020.51,1799923.84,2354944.35,0.2357,持有
2021-04-19,20.36,1.71,0.5635,563227.41,1799923.84,2363151.24,0.2383,持有
2021-04-20,20.15,1.69,0.5419,557365.34,1799923.84,2357289.18,0.2364,持有
2021-04-21,20.01,1.68,0.5313,553379.13,1799923.84,2353302.97,0.2351,持有
2021-04-22,19.91,1.67,0.5231,550565.34,1799923.84,2350489.18,0.2342,持有
2021-04-23,19.84,1.66,0.5157,548689.48,1799923.84,2348613.32,0.2336,持有
2021-04-26,19.54,1.64,0.4924,540482.59,1799923.84,2340406.42,0.2309,持有
2021-04-27,19.29,1.62,0.4663,533448.11,1799923.84,2333371.94,0.2286,持有
2021-04-28,19.40,1.63,0.4766,536496.38,1799923.84,2336420.22,0.2296,持有
2021-04-29,20.17,1.65,0.5074,557834.30,1799923.84,2357758.14,0.2366,持有
2021-04-30,20.22,1.66,0.5115,559241.20,1799923.84,2359165.04,0.2371,持有
2021-05-06,20.35,1.67,0.5218,562758.44,1799923.84,2362682.28,0.2382,持有
2021-05-07,19.87,1.63,0.4787,549627.41,1799923.84,2349551.25,0.2339,持有
2021-05-10,20.15,1.65,0.5049,557365.34,1799923.84,2357289.18,0.2364,持有
2021-05-11,20.24,1.66,0.5133,559710.17,1799923.84,2359634.00,0.2372,持有
2021-05-12,20.30,1.66,0.5167,561351.54,1799923.84,2361275.38,0.2377,持有
2021-05-13,20.03,1.64,0.4950,554082.58,1799923.84,2354006.42,0.2354,持有
2021-05-14,21.57,1.77,0.6188,596523.95,1799923.84,2396447.78,0.2489,持有
2021-05-17,21.10,1.73,0.5859,583627.40,1799923.84,2383551.24,0.2449,持有
2021-05-18,21.00,1.72,0.5785,580813.61,1799923.84,2380737.44,0.2440,持有
2021-05-19,21.01,1.72,0.5794,581048.09,1799923.84,2380971.93,0.2440,持有
2021-05-20,21.25,1.74,0.5953,587613.61,1799923.84,2387537.44,0.2461,持有
2021-05-21,20.86,1.71,0.5668,577061.88,1799923.84,2376985.72,0.2428,持有
2021-05-24,21.39,1.75,0.6046,591599.81,1799923.84,2391523.65,0.2474,持有
2021-05-25,22.24,1.82,0.6750,615048.08,1799923.84,2414971.92,0.2547,持有
2021-05-26,21.94,1.80,0.6515,606841.19,1799923.84,2406765.02,0.2521,持有
2021-05-27,21.98,1.80,0.6545,607779.12,1799923.84,2407702.95,0.2524,持有
2021-05-28,22.20,1.82,0.6729,613875.67,1799923.84,2413799.50,0.2543,持有
2021-05-31,22.14,1.82,0.6687,612234.29,1799923.84,2412158.12,0.2538,持有
2021-06-01,21.85,1.79,0.6412,604261.88,1799923.84,2404185.71,0.2513,持有
2021-06-02,21.37,1.75,0.6009,590896.36,1799923.84,2390820.20,0.2472,持有
2021-06-03,21.35,1.75,0.6000,590427.40,1799923.84,2390351.23,0.2470,持有
2021-06-04,21.65,1.78,0.6255,598868.77,1799923.84,2398792.61,0.2497,持有
2021-06-07,22.09,1.81,0.6654,611061.87,1799923.84,2410985.71,0.2534,持有
2021-06-08,21.98,1.80,0.6540,607779.12,1799923.84,2407702.95,0.2524,持有
2021-06-09,21.81,1.79,0.6388,603323.95,1799923.84,2403247.78,0.2510,持有
2021-06-10,21.76,1.78,0.6343,601682.57,1799923.84,2401606.40,0.2505,持有
2021-06-11,21.14,1.73,0.5859,584799.81,1799923.84,2384723.65,0.2452,持有
2021-06-15,20.84,1.71,0.5617,576358.44,1799923.84,2376282.27,0.2425,持有
2021-06-16,20.90,1.71,0.5680,577999.82,1799923.84,2377923.65,0.2431,持有
2021-06-17,20.81,1.71,0.5574,575420.51,1799923.84,2375344.34,0.2422,持有
2021-06-18,20.90,1.71,0.5679,577999.82,1799923.84,2377923.65,0.2431,持有
2021-06-21,20.77,1.70,0.5538,574482.58,1799923.84,2374406.41,0.2419,持有
2021-06-22,20.91,1.71,0.5689,578234.30,1799923.84,2378158.13,0.2431,持有
2021-06-23,20.99,1.72,0.5755,580579.12,1799923.84,2380502.96,0.2439,持有
2021-06-24,21.20,1.74,0.5902,586206.71,1799923.84,2386130.55,0.2457,持有
2021-06-25,21.63,1.77,0.6235,598165.33,1799923.84,2398089.16,0.2494,持有
2021-06-28,21.31,1.75,0.5966,589254.98,1799923.84,2389178.82,0.2466,持有
2021-06-29,21.03,1.72,0.5775,581517.06,1799923.84,2381440.89,0.2442,持有
2021-06-30,21.14,1.73,0.5862,584799.81,1799923.84,2384723.65,0.2452,持有
2021-07-01,20.92,1.72,0.5679,578468.78,1799923.84,2378392.62,0.2432,持有
2021-07-02,20.05,1.64,0.4917,554551.55,1799923.84,2354475.38,0.2355,持有
2021-07-05,19.95,1.64,0.4798,551737.75,1799923.84,2351661.59,0.2346,持有
2021-07-06,20.08,1.65,0.4934,555254.99,1799923.84,2355178.83,0.2358,持有
2021-07-07,20.04,1.64,0.4904,554317.06,1799923.84,2354240.90,0.2355,持有
2021-07-08,20.01,1.64,0.4863,553379.13,1799923.84,2353302.97,0.2351,持有
2021-07-09,19.93,1.63,0.4773,551268.79,1799923.84,2351192.63,0.2345,持有
2021-07-12,20.25,1.66,0.5094,560179.13,1799923.84,2360102.97,0.2374,持有
2021-07-13,20.11,1.65,0.4961,556192.93,1799923.84,2356116.76,0.2361,持有
2021-07-14,19.77,1.62,0.4609,546813.62,1799923.84,2346737.46,0.2330,持有
2021-07-15,20.07,1.65,0.4929,555020.51,1799923.84,2354944.35,0.2357,持有
2021-07-16,20.20,1.66,0.5055,558772.24,1799923.84,2358696.07,0.2369,持有
2021-07-19,20.18,1.65,0.5032,558068.79,1799923.84,2357992.62,0.2367,持有
2021-07-20,20.02,1.64,0.4867,553613.62,1799923.84,2353537.45,0.2352,持有
2021-07-21,20.20,1.66,0.5042,558537.75,1799923.84,2358461.59,0.2368,持有
2021-07-22,20.46,1.68,0.5277,565806.72,1799923.84,2365730.55,0.2392,持有
2021-07-23,20.55,1.69,0.5364,568386.03,1799923.84,2368309.86,0.2400,持有
2021-07-26,19.92,1.63,0.4755,551034.31,1799923.84,2350958.14,0.2344,持有
2021-07-27,19.42,1.59,0.4280,537199.83,1799923.84,2337123.67,0.2299,持有
2021-07-28,19.39,1.59,0.4250,536261.90,1799923.84,2336185.73,0.2295,持有
2021-07-29,19.52,1.60,0.4379,539779.14,1799923.84,2339702.97,0.2307,持有
2021-07-30,19.15,1.57,0.4025,529696.38,1799923.84,2329620.22,0.2274,持有
2021-08-02,19.73,1.62,0.4559,545641.20,1799923.84,2345565.04,0.2326,持有
2021-08-03,19.78,1.62,0.4614,547048.10,1799923.84,2346971.94,0.2331,持有
2021-08-04,19.72,1.62,0.4556,545406.72,1799923.84,2345330.56,0.2326,持有
2021-08-05,19.39,1.59,0.4244,536261.90,1799923.84,2336185.73,0.2295,持有
2021-08-06,19.57,1.60,0.4426,541186.03,1799923.84,2341109.87,0.2312,持有
2021-08-09,19.94,1.64,0.4794,551503.27,1799923.84,2351427.11,0.2345,持有
2021-08-10,20.15,1.65,0.5011,557365.34,1799923.84,2357289.18,0.2364,持有
2021-08-11,20.09,1.65,0.4956,555723.96,1799923.84,2355647.80,0.2359,持有
2021-08-12,20.13,1.65,0.5000,556661.89,1799923.84,2356585.73,0.2362,持有
2021-08-13,20.43,1.68,0.5272,565103.27,1799923.84,2365027.10,0.2389,持有
2021-08-16,20.36,1.67,0.5214,562992.92,1799923.84,2362916.76,0.2383,持有
2021-08-17,20.27,1.66,0.5135,560648.10,1799923.84,2360571.93,0.2375,持有
2021-08-18,21.41,1.76,0.6110,592068.78,1799923.84,2391992.61,0.2475,持有
2021-08-19,20.89,1.71,0.5704,577765.33,1799923.84,2377689.17,0.2430,持有
2021-08-20,20.89,1.67,0.5242,577765.00,1799923.84,2377688.84,0.2430,持有
2021-08-23,21.05,1.69,0.5388,582293.69,1799923.84,2382217.52,0.2444,持有
2021-08-24,21.67,1.73,0.5922,599216.67,1799923.84,2399140.51,0.2498,持有
2021-08-25,21.48,1.72,0.5780,593972.93,1799923.84,2393896.77,0.2481,持有
2021-08-26,21.18,1.70,0.5480,585868.97,1799923.84,2385792.80,0.2456,持有
2021-08-27,21.31,1.71,0.5597,589444.24,1799923.84,2389368.08,0.2467,持有
2021-08-30,20.98,1.68,0.5315,580148.52,1799923.84,2380072.36,0.2438,持有
2021-08-31,22.13,1.77,0.6276,612087.67,1799923.84,2412011.51,0.2538,持有
2021-09-01,23.17,1.85,0.7057,640928.25,1799923.84,2440852.09,0.2626,持有
2021-09-02,23.35,1.87,0.7149,645695.29,1799923.84,2445619.13,0.2640,持有
2021-09-03,22.92,1.83,0.6909,633777.70,1799923.84,2433701.53,0.2604,持有
2021-09-06,23.11,1.85,0.7015,639259.79,1799923.84,2439183.63,0.2621,持有
2021-09-07,23.40,1.87,0.7184,647125.40,1799923.84,2447049.24,0.2645,持有
2021-09-08,23.18,1.86,0.7059,641166.61,1799923.84,2441090.44,0.2627,持有
2021-09-09,23.04,1.84,0.6973,637114.62,1799923.84,2437038.46,0.2614,持有
2021-09-10,23.50,1.88,0.7229,649985.63,1799923.84,2449909.46,0.2653,持有
2021-09-13,23.43,1.88,0.7202,648078.81,1799923.84,2448002.65,0.2647,持有
2021-09-14,22.82,1.83,0.6836,631155.83,1799923.84,2431079.66,0.2596,持有
2021-09-15,22.61,1.81,0.6684,625435.38,1799923.84,2425359.22,0.2579,持有
2021-09-16,21.96,1.76,0.6110,607320.64,1799923.84,2407244.47,0.2523,持有
2021-09-17,22.36,1.79,0.6449,618523.18,1799923.84,2418447.01,0.2558,持有
2021-09-22,22.14,1.77,0.6263,612326.03,1799923.84,2412249.86,0.2538,持有
2021-09-23,22.58,1.81,0.6654,624481.97,1799923.84,2424405.81,0.2576,持有
2021-09-24,22.44,1.80,0.6512,620668.34,1799923.84,2420592.18,0.2564,持有
2021-09-27,22.11,1.77,0.6225,611372.62,1799923.84,2411296.46,0.2535,持有
2021-09-28,22.29,1.78,0.6386,616378.01,1799923.84,2416301.85,0.2551,持有
2021-09-29,22.07,1.77,0.6175,610419.21,1799923.84,2410343.05,0.2532,持有
2021-09-30,21.79,1.74,0.5965,602553.60,1799923.84,2402477.43,0.2508,持有
2021-10-08,22.19,1.78,0.6306,613756.14,1799923.84,2413679.97,0.2543,持有
2021-10-11,22.11,1.77,0.6228,611610.97,1799923.84,2411534.81,0.2536,持有
2021-10-12,21.42,1.71,0.5684,592542.82,1799923.84,2392466.66,0.2477,持有
2021-10-13,21.30,1.70,0.5540,588967.54,1799923.84,2388891.38,0.2465,持有
2021-10-14,21.34,1.71,0.5583,590159.30,1799923.84,2390083.14,0.2469,持有
2021-10-15,21.51,1.72,0.5765,594926.34,1799923.84,2394850.17,0.2484,持有
2021-10-18,21.53,1.72,0.5780,595403.04,1799923.84,2395326.88,0.2486,持有
2021-10-19,21.59,1.73,0.5830,597071.50,1799923.84,2396995.34,0.2491,持有
2021-10-20,21.55,1.72,0.5790,595879.74,1799923.84,2395803.58,0.2487,持有
2021-10-21,21.68,1.74,0.5902,599693.38,1799923.84,2399617.21,0.2499,持有
2021-10-22,21.94,1.76,0.6091,606843.93,1799923.84,2406767.77,0.2521,持有
2021-10-25,22.11,1.77,0.6231,611372.62,1799923.84,2411296.46,0.2535,持有
2021-10-26,21.77,1.74,0.5955,602076.89,1799923.84,2402000.73,0.2507,持有
2021-10-27,21.26,1.70,0.5500,588014.13,1799923.84,2387937.97,0.2462,持有
2021-10-28,21.33,1.71,0.5567,589920.95,1799923.84,2389844.78,0.2468,持有
2021-10-29,22.30,1.73,0.5862,616854.71,1799923.84,2416778.55,0.2552,持有
2021-11-01,22.39,1.74,0.5936,619238.23,1799923.84,2419162.07,0.2560,持有
2021-11-02,22.00,1.71,0.5599,608512.40,1799923.84,2408436.23,0.2527,持有
2021-11-03,21.88,1.70,0.5470,605175.47,1799923.84,2405099.31,0.2516,持有
2021-11-04,21.92,1.70,0.5499,606367.23,1799923.84,2406291.07,0.2520,持有
2021-11-05,21.86,1.70,0.5435,604460.41,1799923.84,2404384.25,0.2514,持有
2021-11-08,21.94,1.70,0.5519,606843.93,1799923.84,2406767.77,0.2521,持有
2021-11-09,22.05,1.71,0.5638,609704.16,1799923.84,2409627.99,0.2530,持有
2021-11-10,21.55,1.67,0.5171,596118.10,1799923.84,2396041.93,0.2488,持有
2021-11-11,22.19,1.72,0.5786,613756.14,1799923.84,2413679.97,0.2543,持有
2021-11-12,21.84,1.70,0.5405,603983.71,1799923.84,2403907.55,0.2513,持有
2021-11-15,21.73,1.69,0.5320,601123.49,1799923.84,2401047.32,0.2504,持有
2021-11-16,20.69,1.61,0.4361,572282.91,1799923.84,2372206.74,0.2412,持有
2021-11-17,20.72,1.61,0.4374,572997.96,1799923.84,2372921.80,0.2415,持有
2021-11-18,20.75,1.61,0.4403,573951.37,1799923.84,2373875.21,0.2418,持有
2021-11-19,20.94,1.63,0.4580,579195.11,1799923.84,2379118.95,0.2434,持有
2021-11-22,20.93,1.63,0.4569,578956.76,1799923.84,2378880.60,0.2434,持有
2021-11-23,20.86,1.62,0.4495,577049.95,1799923.84,2376973.78,0.2428,持有
2021-11-24,20.85,1.62,0.4486,576573.24,1799923.84,2376497.08,0.2426,持有
2021-11-25,20.76,1.61,0.4406,574189.72,1799923.84,2374113.56,0.2419,持有
2021-11-26,20.61,1.60,0.4281,570137.74,1799923.84,2370061.58,0.2406,持有
2021-11-29,20.51,1.59,0.4187,567277.52,1799923.84,2367201.35,0.2396,持有
2021-11-30,20.49,1.59,0.4151,566562.46,1799923.84,2366486.30,0.2394,持有
2021-12-01,20.88,1.62,0.4534,577526.65,1799923.84,2377450.49,0.2429,持有
2021-12-02,21.03,1.63,0.4679,581578.63,1799923.84,2381502.47,0.2442,持有
2021-12-03,21.36,1.66,0.5021,590636.00,1799923.84,2390559.84,0.2471,持有
2021-12-06,22.33,1.73,0.5930,617569.77,1799923.84,2417493.60,0.2555,持有
2021-12-07,22.54,1.75,0.6065,623290.21,1799923.84,2423214.05,0.2572,持有
2021-12-08,22.83,1.77,0.6316,631394.18,1799923.84,2431318.01,0.2597,持有
2021-12-09,23.17,1.80,0.6622,640689.90,1799923.84,2440613.74,0.2625,持有
2021-12-10,22.79,1.77,0.6271,630202.42,1799923.84,2430126.26,0.2593,持有
2021-12-13,22.98,1.79,0.6464,635684.51,1799923.84,2435608.35,0.2610,持有
2021-12-14,22.68,1.76,0.6171,627342.20,1799923.84,2427266.03,0.2585,持有
2021-12-15,22.75,1.77,0.6217,629249.01,1799923.84,2429172.85,0.2590,持有
2021-12-16,22.97,1.78,0.6447,635207.81,1799923.84,2435131.64,0.2609,持有
2021-12-17,22.66,1.76,0.6158,626627.14,1799923.84,2426550.98,0.2582,持有
2021-12-20,22.30,1.73,0.5872,616854.71,1799923.84,2416778.55,0.2552,持有
2021-12-21,22.50,1.75,0.6020,622336.81,1799923.84,2422260.64,0.2569,持有
2021-12-22,22.30,1.73,0.5868,616854.71,1799923.84,2416778.55,0.2552,持有
2021-12-23,22.35,1.74,0.5921,618046.47,1799923.84,2417970.31,0.2556,持有
2021-12-24,22.14,1.72,0.5742,612326.03,1799923.84,2412249.86,0.2538,持有
2021-12-27,22.41,1.74,0.5968,619714.93,1799923.84,2419638.77,0.2561,持有
2021-12-28,22.45,1.74,0.5997,620906.69,1799923.84,2420830.53,0.2565,持有
2021-12-29,22.30,1.73,0.5862,616854.71,1799923.84,2416778.55,0.2552,持有
2021-12-30,22.73,1.77,0.6210,628533.95,1799923.84,2428457.79,0.2588,持有
2021-12-31,22.76,1.77,0.6253,629487.36,1799923.84,2429411.20,0.2591,持有
2022-01-04,22.79,1.77,0.6281,630202.42,1799923.84,2430126.26,0.2593,持有
2022-01-05,22.36,1.74,0.5922,618284.82,1799923.84,2418208.66,0.2557,持有
2022-01-06,21.91,1.70,0.5471,605890.52,1799923.84,2405814.36,0.2518,持有
2022-01-07,22.17,1.72,0.5744,613041.08,1799923.84,2412964.92,0.2541,持有
2022-01-10,22.26,1.73,0.5831,615662.95,1799923.84,2415586.79,0.2549,持有
2022-01-11,22.37,1.74,0.5931,618761.53,1799923.84,2418685.36,0.2558,持有
2022-01-12,22.55,1.75,0.6068,623766.92,1799923.84,2423690.75,0.2574,持有
2022-01-13,22.72,1.76,0.6198,628295.60,1799923.84,2428219.44,0.2587,持有
2022-01-14,21.57,1.68,0.5154,596594.80,1799923.84,2396518.64,0.2489,持有
2022-01-17,22.12,1.72,0.5702,611849.32,1799923.84,2411773.16,0.2537,持有
2022-01-18,22.15,1.72,0.5724,612564.38,1799923.84,2412488.21,0.2539,持有
2022-01-19,22.15,1.72,0.5722,612564.38,1799923.84,2412488.21,0.2539,持有
2022-01-20,22.15,1.72,0.5720,612564.38,1799923.84,2412488.21,0.2539,持有
2022-01-21,22.15,1.72,0.5718,612564.38,1799923.84,2412488.21,0.2539,持有
2022-01-24,22.15,1.72,0.5716,612564.38,1799923.84,2412488.21,0.2539,持有
2022-01-25,22.15,1.72,0.5714,612564.38,1799923.84,2412488.21,0.2539,持有
2022-01-26,22.15,1.72,0.5712,612564.38,1799923.84,2412488.21,0.2539,持有
2022-01-27,22.08,1.81,0.6786,610541.85,1799923.84,2410465.69,0.2533,持有
2022-01-28,22.49,1.84,0.7061,621918.41,1799923.84,2421842.24,0.2568,持有
2022-02-07,23.11,1.90,0.7394,639109.65,1799923.84,2439033.48,0.2620,持有
2022-02-08,23.19,1.90,0.7428,641384.96,1799923.84,2441308.80,0.2627,持有
2022-02-09,23.14,1.90,0.7412,639868.08,1799923.84,2439791.92,0.2623,持有
2022-02-10,23.15,1.90,0.7416,640373.71,1799923.84,2440297.55,0.2624,持有
2022-02-11,23.48,1.93,0.7576,649474.95,1799923.84,2449398.79,0.2652,持有
2022-02-14,22.67,1.86,0.7162,626974.65,1799923.84,2426898.49,0.2583,持有
2022-02-15,22.57,1.85,0.7088,624193.72,1799923.84,2424117.55,0.2575,持有
2022-02-16,22.43,1.84,0.6998,620401.53,1799923.84,2420325.37,0.2563,持有
2022-02-17,22.22,1.82,0.6878,614586.85,1799923.84,2414510.69,0.2545,持有
2022-02-18,22.52,1.85,0.7058,622929.66,1799923.84,2422853.49,0.2571,持有
2022-02-21,22.41,1.84,0.6988,619895.91,1799923.84,2419819.74,0.2562,持有
2022-02-22,21.97,1.80,0.6645,607508.10,1799923.84,2407431.94,0.2523,持有
2022-02-23,22.17,1.82,0.6835,613069.97,1799923.84,2412993.81,0.2541,持有
2022-02-24,21.44,1.76,0.6139,593097.80,1799923.84,2393021.63,0.2478,持有
2022-02-25,21.32,1.75,0.6016,589558.42,1799923.84,2389482.26,0.2467,持有
2022-02-28,21.33,1.75,0.6021,589811.24,1799923.84,2389735.07,0.2468,持有
2022-03-01,21.36,1.75,0.6066,590822.49,1799923.84,2390746.32,0.2471,持有
2022-03-02,21.08,1.73,0.5798,582985.30,1799923.84,2382909.14,0.2447,持有
2022-03-03,21.21,1.74,0.5931,586524.68,1799923.84,2386448.51,0.2458,持有
2022-03-04,20.78,1.74,0.5976,574642.50,1799923.84,2374566.33,0.2420,持有
2022-03-07,19.87,1.67,0.5027,549614.07,1799923.84,2349537.91,0.2339,持有
2022-03-08,19.29,1.62,0.4401,533434.08,1799923.84,2333357.92,0.2286,持有
2022-03-09,18.98,1.59,0.4101,524838.46,1799923.84,2324762.30,0.2258,持有
2022-03-10,18.89,1.59,0.3999,522310.34,1799923.84,2322234.17,0.2249,持有
2022-03-11,19.10,1.60,0.4222,528377.83,1799923.84,2328301.67,0.2269,持有
2022-03-14,18.76,1.57,0.3872,518770.96,1799923.84,2318694.80,0.2237,持有
2022-03-15,17.93,1.51,0.2979,445765.04,1849923.84,2295688.88,0.1942,买入(补至30% + 定投50000.0)
2022-03-16,19.04,1.60,0.4161,731543.01,1654620.89,2386163.90,0.3066,持有
2022-03-17,18.94,1.59,0.4052,727679.84,1654620.89,2382300.73,0.3055,持有
2022-03-18,19.61,1.65,0.4784,753317.21,1654620.89,2407938.10,0.3128,持有
2022-03-21,19.02,1.60,0.4157,730840.62,1654620.89,2385461.50,0.3064,持有
2022-03-22,19.06,1.60,0.4189,732245.40,1654620.89,2386866.29,0.3068,持有
2022-03-23,19.05,1.60,0.4174,731894.21,1654620.89,2386515.09,0.3067,持有
2022-03-24,18.90,1.59,0.4005,726275.06,1654620.89,2380895.95,0.3050,持有
2022-03-25,18.62,1.56,0.3753,715387.95,1654620.89,2370008.84,0.3019,持有
2022-03-28,18.70,1.57,0.3819,718548.73,1654620.89,2373169.61,0.3028,持有
2022-03-29,18.51,1.51,0.3086,711173.59,1654620.89,2365794.48,0.3006,持有
2022-03-30,19.26,1.57,0.3860,739971.73,1654620.89,2394592.62,0.3090,持有
2022-03-31,19.10,1.56,0.3735,734001.39,1654620.89,2388622.28,0.3073,持有
2022-04-01,19.31,1.58,0.3917,741727.72,1654620.89,2396348.61,0.3095,持有
2022-04-06,19.31,1.58,0.3916,741727.72,1654620.89,2396348.61,0.3095,持有
2022-04-07,18.90,1.54,0.3525,726275.06,1654620.89,2380895.95,0.3050,持有
2022-04-08,19.27,1.57,0.3873,740322.93,1654620.89,2394943.82,0.3091,持有
2022-04-11,18.71,1.53,0.3302,718899.92,1654620.89,2373520.81,0.3029,持有
2022-04-12,19.29,1.58,0.3901,741025.32,1654620.89,2395646.21,0.3093,持有
2022-04-13,18.92,1.55,0.3556,726977.45,1654620.89,2381598.34,0.3052,持有
2022-04-14,19.17,1.57,0.3785,736459.76,1654620.89,2391080.65,0.3080,持有
2022-04-15,19.09,1.56,0.3714,733298.99,1654620.89,2387919.88,0.3071,持有
2022-04-18,18.55,1.52,0.3104,712578.38,1654620.89,2367199.27,0.3010,持有
2022-04-19,18.48,1.51,0.3043,710120.00,1654620.89,2364740.89,0.3003,持有
2022-04-20,18.20,1.49,0.2733,699232.90,1654620.89,2353853.79,0.2971,持有
2022-04-21,18.14,1.48,0.2689,696774.52,1654620.89,2351395.41,0.2963,持有
2022-04-22,18.17,1.49,0.2721,698179.31,1654620.89,2352800.20,0.2967,持有
2022-04-25,17.58,1.44,0.2026,675351.52,1654620.89,2329972.40,0.2899,持有
2022-04-26,16.76,1.37,0.0969,593743.80,1704620.89,2298364.69,0.2583,买入(补至100% + 定投50000.0)
2022-04-27,17.19,1.41,0.1447,2358545.91,70684.95,2429230.86,0.9709,持有
2022-04-28,17.16,1.40,0.1387,2353530.39,70684.95,2424215.34,0.9708,持有
2022-04-29,18.00,1.27,0.0083,2468887.24,70684.95,2539572.19,0.9722,持有
2022-05-05,17.72,1.25,0.0046,2430017.00,70684.95,2500701.95,0.9717,持有
2022-05-06,17.19,1.21,0.0007,2357292.03,70684.95,2427976.98,0.9709,持有
2022-05-09,17.12,1.20,0.0007,2348514.88,70684.95,2419199.83,0.9708,持有
2022-05-10,17.38,1.22,0.0020,2383623.48,70684.95,2454308.43,0.9712,持有
2022-05-11,17.49,1.23,0.0030,2398670.03,70684.95,2469354.98,0.9714,持有
2022-05-12,17.45,1.23,0.0026,2393654.51,70684.95,2464339.46,0.9713,持有
2022-05-13,17.63,1.24,0.0040,2418732.09,70684.95,2489417.04,0.9716,持有
2022-05-16,17.43,1.23,0.0026,2391146.76,70684.95,2461831.71,0.9713,持有
2022-05-17,17.66,1.24,0.0056,2422493.72,70684.95,2493178.67,0.9716,持有
2022-05-18,17.84,1.25,0.0086,2447571.30,70684.95,2518256.25,0.9719,持有
2022-05-19,17.71,1.25,0.0066,2428763.12,70684.95,2499448.07,0.9717,持有
2022-05-20,18.05,1.27,0.0145,2476410.51,70684.95,2547095.46,0.9722,持有
2022-05-23,18.01,1.27,0.0129,2470141.12,70684.95,2540826.07,0.9722,持有
2022-05-24,17.59,1.24,0.0040,2412462.69,70684.95,2483147.64,0.9715,持有
2022-05-25,17.65,1.24,0.0053,2421239.85,70684.95,2491924.80,0.9716,持有
2022-05-26,17.93,1.26,0.0115,2460110.09,70684.95,2530795.04,0.9721,持有
2022-05-27,17.93,1.26,0.0115,2458856.21,70684.95,2529541.16,0.9721,持有
2022-05-30,17.82,1.25,0.0096,2445063.54,70684.95,2515748.49,0.9719,持有
2022-05-31,18.09,1.27,0.0208,2481426.03,70684.95,2552110.98,0.9723,持有
2022-06-01,17.93,1.26,0.0119,2458856.21,70684.95,2529541.16,0.9721,持有
2022-06-02,17.99,1.27,0.0138,2467633.36,70684.95,2538318.31,0.9722,持有
2022-06-06,18.25,1.28,0.0280,2502741.96,70684.95,2573426.91,0.9725,持有
2022-06-07,18.38,1.29,0.0379,2521550.14,70684.95,2592235.10,0.9727,持有
2022-06-08,18.61,1.31,0.0517,2552897.11,70684.95,2623582.06,0.9731,持有
2022-06-09,18.49,1.30,0.0434,2536596.69,70684.95,2607281.64,0.9729,持有
2022-06-10,19.00,1.34,0.0668,2606813.90,70684.95,2677498.85,0.9736,持有
2022-06-13,18.53,1.30,0.0457,2541612.20,70684.95,2612297.16,0.9729,持有
2022-06-14,19.30,1.36,0.0891,2646938.02,70684.95,2717622.97,0.9740,持有
2022-06-15,19.99,1.41,0.1537,2742232.80,70684.95,2812917.75,0.9749,持有
2022-06-16,19.03,1.34,0.0690,2610575.54,70684.95,2681260.49,0.9736,持有
2022-06-17,19.03,1.34,0.0689,2610575.54,70684.95,2681260.49,0.9736,持有
2022-06-20,18.94,1.33,0.0640,2598036.75,70684.95,2668721.70,0.9735,持有
2022-06-21,19.21,1.35,0.0817,2634399.23,70684.95,2705084.18,0.9739,持有
2022-06-22,18.98,1.33,0.0653,2603052.26,70684.95,2673737.21,0.9736,持有
2022-06-23,19.90,1.40,0.1456,2729694.02,70684.95,2800378.97,0.9748,持有
2022-06-24,19.77,1.39,0.1324,2712139.71,70684.95,2782824.66,0.9746,持有
2022-06-27,19.93,1.40,0.1484,2733455.65,70684.95,2804140.60,0.9748,持有
2022-06-28,19.88,1.40,0.1435,2727186.26,70684.95,2797871.21,0.9747,持有
2022-06-29,19.57,1.38,0.1143,2684554.38,70684.95,2755239.33,0.9743,持有
2022-06-30,19.80,1.39,0.1355,2715901.35,70684.95,2786586.30,0.9746,持有
2022-07-01,19.51,1.37,0.1109,2675777.23,70684.95,2746462.18,0.9743,持有
2022-07-04,19.60,1.38,0.1168,2688316.02,70684.95,2759000.97,0.9744,持有
2022-07-05,19.34,1.36,0.0932,2653207.41,70684.95,2723892.36,0.9741,持有
2022-07-06,19.12,1.34,0.0742,2623114.32,70684.95,2693799.27,0.9738,持有
2022-07-07,19.10,1.34,0.0732,2619352.69,70684.95,2690037.64,0.9737,持有
2022-07-08,18.89,1.33,0.0631,2591767.35,70684.95,2662452.30,0.9735,持有
2022-07-11,18.46,1.30,0.0421,2532835.05,70684.95,2603520.00,0.9729,持有
2022-07-12,18.48,1.30,0.0428,2535342.81,70684.95,2606027.76,0.9729,持有
2022-07-13,18.48,1.30,0.0428,2535342.81,70684.95,2606027.76,0.9729,持有
2022-07-14,18.30,1.29,0.0323,2510265.24,70684.95,2580950.19,0.9726,持有
2022-07-15,17.89,1.26,0.0111,2453840.69,70684.95,2524525.64,0.9720,持有
2022-07-18,18.16,1.28,0.0238,2491457.05,70684.95,2562142.01,0.9724,持有
2022-07-19,18.25,1.28,0.0284,2502741.96,70684.95,2573426.91,0.9725,持有
2022-07-20,18.26,1.28,0.0313,2505249.72,70684.95,2575934.67,0.9726,持有
2022-07-21,18.07,1.27,0.0215,2478918.27,70684.95,2549603.22,0.9723,持有
2022-07-22,18.17,1.28,0.0244,2492710.93,70684.95,2563395.88,0.9724,持有
2022-07-25,17.97,1.26,0.0137,2465125.60,70684.95,2535810.55,0.9721,持有
2022-07-26,18.13,1.27,0.0238,2486441.54,70684.95,2557126.49,0.9724,持有
2022-07-27,18.11,1.27,0.0231,2483933.78,70684.95,2554618.73,0.9723,持有
2022-07-28,18.16,1.28,0.0250,2491457.05,70684.95,2562142.01,0.9724,持有
2022-07-29,17.92,1.26,0.0117,2457602.33,70684.95,2528287.28,0.9720,持有
2022-08-01,17.68,1.24,0.0068,2425001.48,70684.95,2495686.43,0.9717,持有
2022-08-02,17.19,1.21,0.0010,2357292.03,70684.95,2427976.98,0.9709,持有
2022-08-03,17.14,1.21,0.0010,2351022.64,70684.95,2421707.59,0.9708,持有
2022-08-04,17.22,1.21,0.0019,2362307.54,70684.95,2432992.50,0.9709,持有
2022-08-05,17.64,1.24,0.0062,2419985.97,70684.95,2490670.92,0.9716,持有
2022-08-08,17.76,1.25,0.0101,2436286.39,70684.95,2506971.34,0.9718,持有
2022-08-09,17.72,1.25,0.0097,2430017.00,70684.95,2500701.95,0.9717,持有
2022-08-10,17.81,1.25,0.0110,2442555.78,70684.95,2513240.73,0.9719,持有
2022-08-11,18.44,1.30,0.0467,2529073.42,70684.95,2599758.37,0.9728,持有
2022-08-12,18.34,1.29,0.0402,2515280.75,70684.95,2585965.70,0.9727,持有
2022-08-15,18.24,1.28,0.0330,2501488.08,70684.95,2572173.04,0.9725,持有
2022-08-16,18.23,1.28,0.0324,2500234.21,70684.95,2570919.16,0.9725,持有
2022-08-17,18.46,1.30,0.0495,2532835.05,70684.95,2603520.00,0.9729,持有
2022-08-18,18.30,1.29,0.0388,2510265.24,70684.95,2580950.19,0.9726,持有
2022-08-19,18.26,1.28,0.0366,2505249.72,70684.95,2575934.67,0.9726,持有
2022-08-22,18.24,1.28,0.0333,2501488.08,70684.95,2572173.04,0.9725,持有
2022-08-23,18.19,1.28,0.0291,2495218.69,70684.95,2565903.64,0.9725,持有
2022-08-24,17.86,1.26,0.0126,2450079.06,70684.95,2520764.01,0.9720,持有
2022-08-25,18.39,1.29,0.0472,2522804.02,70684.95,2593488.97,0.9727,持有
2022-08-26,18.22,1.25,0.0103,2499611.52,70684.95,2570296.47,0.9725,持有
2022-08-29,18.19,1.25,0.0087,2495746.15,70684.95,2566431.10,0.9725,持有
2022-08-30,18.08,1.25,0.0100,2480284.63,70684.95,2550969.58,0.9723,持有
2022-08-31,18.34,1.26,0.0177,2515073.04,70684.95,2585757.99,0.9727,持有
2022-09-01,18.13,1.25,0.0113,2486726.93,70684.95,2557411.88,0.9724,持有
2022-09-02,18.07,1.24,0.0087,2478996.17,70684.95,2549681.12,0.9723,持有
2022-09-05,18.10,1.25,0.0113,2482861.55,70684.95,2553546.50,0.9723,持有
2022-09-06,18.30,1.26,0.0171,2509919.20,70684.95,2580604.15,0.9726,持有
2022-09-07,18.19,1.25,0.0139,2495746.15,70684.95,2566431.10,0.9725,持有
2022-09-08,18.14,1.25,0.0126,2488015.39,70684.95,2558700.34,0.9724,持有
2022-09-09,18.58,1.28,0.0338,2548572.99,70684.95,2619257.94,0.9730,持有
2022-09-13,18.63,1.28,0.0386,2555015.28,70684.95,2625700.24,0.9731,持有
2022-09-14,18.39,1.27,0.0222,2522803.80,70684.95,2593488.75,0.9727,持有
2022-09-15,18.34,1.26,0.0199,2516361.50,70684.95,2587046.45,0.9727,持有
2022-09-16,17.30,1.19,0.0000,2373342.49,70684.95,2444027.44,0.9711,持有
2022-09-19,17.30,1.19,0.0000,2373342.49,70684.95,2444027.44,0.9711,持有
2022-09-20,17.30,1.19,0.0000,2373342.49,70684.95,2444027.44,0.9711,持有
2022-09-21,17.31,1.19,0.0010,2374630.95,70684.95,2445315.90,0.9711,持有
2022-09-22,17.27,1.19,0.0000,2369477.11,70684.95,2440162.06,0.9710,持有
2022-09-23,17.25,1.19,0.0000,2365611.73,70684.95,2436296.68,0.9710,持有
2022-09-26,16.93,1.17,0.0000,2321804.11,70684.95,2392489.06,0.9705,持有
2022-09-27,16.97,1.17,0.0003,2328246.40,70684.95,2398931.35,0.9705,持有
2022-09-28,16.64,1.15,0.0000,2283150.32,70684.95,2353835.27,0.9700,持有
2022-09-29,16.34,1.13,0.0000,2241919.61,70684.95,2312604.56,0.9694,持有
2022-09-30,16.36,1.13,0.0003,2244496.53,70684.95,2315181.48,0.9695,持有
2022-10-10,16.28,1.12,0.0000,2232900.40,70684.95,2303585.35,0.9693,持有
2022-10-11,16.33,1.13,0.0003,2240631.15,70684.95,2311316.11,0.9694,持有
2022-10-12,16.71,1.15,0.0016,2292169.54,70684.95,2362854.49,0.9701,持有
2022-10-13,16.64,1.15,0.0013,2281861.86,70684.95,2352546.81,0.9700,持有
2022-10-14,16.97,1.17,0.0026,2328246.40,70684.95,2398931.35,0.9705,持有
2022-10-17,17.08,1.18,0.0032,2342419.46,70684.95,2413104.41,0.9707,持有
2022-10-18,17.07,1.18,0.0032,2341131.00,70684.95,2411815.95,0.9707,持有
2022-10-19,17.00,1.17,0.0032,2332111.78,70684.95,2402796.73,0.9706,持有
2022-10-20,17.00,1.17,0.0032,2332111.78,70684.95,2402796.73,0.9706,持有
2022-10-21,17.10,1.18,0.0045,2344996.38,70684.95,2415681.33,0.9707,持有
2022-10-24,16.68,1.15,0.0019,2288304.16,70684.95,2358989.11,0.9700,持有
2022-10-25,16.47,1.13,0.0013,2258669.59,70684.95,2329354.54,0.9697,持有
2022-10-26,16.47,1.13,0.0013,2258669.59,70684.95,2329354.54,0.9697,持有
2022-10-27,16.53,1.14,0.0019,2267688.81,70684.95,2338373.76,0.9698,持有
2022-10-28,16.17,1.11,0.0000,2218727.34,70684.95,2289412.29,0.9691,持有
2022-10-31,16.17,1.09,0.0000,2217438.88,70684.95,2288123.83,0.9691,持有
2022-11-01,16.81,1.13,0.0019,2306342.59,70684.95,2377027.54,0.9703,持有
2022-11-02,16.82,1.13,0.0022,2307631.05,70684.95,2378316.00,0.9703,持有
2022-11-03,16.65,1.12,0.0006,2284438.78,70684.95,2355123.73,0.9700,持有
2022-11-04,17.14,1.15,0.0048,2351438.68,70684.95,2422123.63,0.9708,持有
2022-11-07,17.16,1.15,0.0054,2354015.59,70684.95,2424700.55,0.9708,持有
2022-11-08,17.17,1.15,0.0057,2355304.05,70684.95,2425989.01,0.9709,持有
2022-11-09,17.14,1.15,0.0048,2351438.68,70684.95,2422123.63,0.9708,持有
2022-11-10,17.31,1.16,0.0064,2374630.95,70684.95,2445315.90,0.9711,持有
2022-11-11,17.81,1.20,0.0111,2442919.30,70684.95,2513604.25,0.9719,持有
2022-11-14,18.03,1.21,0.0134,2473842.33,70684.95,2544527.28,0.9722,持有
2022-11-15,18.60,1.25,0.0235,2551149.91,70684.95,2621834.86,0.9730,持有
2022-11-16,18.25,1.23,0.0152,2503476.90,70684.95,2574161.85,0.9725,持有
2022-11-17,18.28,1.23,0.0159,2507342.28,70684.95,2578027.23,0.9726,持有
2022-11-18,17.99,1.21,0.0127,2467400.04,70684.95,2538084.99,0.9722,持有
2022-11-21,17.71,1.19,0.0095,2428746.25,70684.95,2499431.20,0.9717,持有
2022-11-22,18.00,1.21,0.0133,2468688.49,70684.95,2539373.45,0.9722,持有
2022-11-23,18.05,1.21,0.0149,2476419.25,70684.95,2547104.20,0.9722,持有
2022-11-24,17.94,1.20,0.0127,2460957.74,70684.95,2531642.69,0.9721,持有
2022-11-25,18.18,1.22,0.0162,2493169.23,70684.95,2563854.18,0.9724,持有
2022-11-28,17.86,1.20,0.0120,2449361.60,70684.95,2520046.55,0.9720,持有
2022-11-29,18.54,1.24,0.0231,2543419.15,70684.95,2614104.10,0.9730,持有
2022-11-30,18.62,1.25,0.0279,2553726.82,70684.95,2624411.78,0.9731,持有
2022-12-01,18.76,1.26,0.0323,2573053.72,70684.95,2643738.67,0.9733,持有
2022-12-02,18.63,1.25,0.0282,2555015.28,70684.95,2625700.24,0.9731,持有
2022-12-05,19.57,1.31,0.0826,2683861.24,70684.95,2754546.19,0.9743,持有
2022-12-06,19.63,1.32,0.0857,2692880.46,70684.95,2763565.41,0.9744,持有
2022-12-07,19.34,1.30,0.0708,2652938.21,70684.95,2723623.16,0.9740,持有
2022-12-08,19.27,1.29,0.0667,2642630.53,70684.95,2713315.48,0.9739,持有
2022-12-09,19.39,1.30,0.0739,2659380.51,70684.95,2730065.46,0.9741,持有
2022-12-12,19.01,1.28,0.0467,2607842.13,70684.95,2678527.08,0.9736,持有
2022-12-13,19.07,1.28,0.0505,2615572.88,70684.95,2686257.83,0.9737,持有
2022-12-14,19.29,1.30,0.0688,2646495.91,70684.95,2717180.86,0.9740,持有
2022-12-15,19.04,1.28,0.0489,2611707.50,70684.95,2682392.46,0.9736,持有
2022-12-16,19.17,1.29,0.0612,2629745.94,70684.95,2700430.89,0.9738,持有
2022-12-19,18.75,1.26,0.0322,2571765.26,70684.95,2642450.21,0.9733,持有
2022-12-20,18.51,1.24,0.0224,2539553.77,70684.95,2610238.72,0.9729,持有
2022-12-21,18.54,1.24,0.0233,2543419.15,70684.95,2614104.10,0.9730,持有
2022-12-22,18.66,1.25,0.0296,2560169.12,70684.95,2630854.07,0.9731,持有
2022-12-23,18.59,1.25,0.0271,2549861.45,70684.95,2620546.40,0.9730,持有
2022-12-26,18.48,1.24,0.0202,2534399.93,70684.95,2605084.88,0.9729,持有
2022-12-27,18.92,1.27,0.0456,2594957.53,70684.95,2665642.48,0.9735,持有
2022-12-28,18.83,1.26,0.0381,2583361.39,70684.95,2654046.35,0.9734,持有
2022-12-29,18.58,1.25,0.0274,2548572.99,70684.95,2619257.94,0.9730,持有
2022-12-30,18.70,1.26,0.0324,2565322.96,70684.95,2636007.91,0.9732,持有
2023-01-03,18.69,1.25,0.0324,2564034.50,70684.95,2634719.45,0.9732,持有
2023-01-04,18.93,1.27,0.0475,2596245.99,70684.95,2666930.94,0.9735,持有
2023-01-05,19.20,1.29,0.0666,2633611.32,70684.95,2704296.27,0.9739,持有
2023-01-06,19.17,1.29,0.0647,2629745.94,70684.95,2700430.89,0.9738,持有
2023-01-09,19.40,1.30,0.0807,2660668.97,70684.95,2731353.92,0.9741,持有
2023-01-10,19.20,1.29,0.0669,2633611.32,70684.95,2704296.27,0.9739,持有
2023-01-11,19.11,1.28,0.0584,2620726.72,70684.95,2691411.67,0.9737,持有
2023-01-12,19.22,1.29,0.0684,2636188.24,70684.95,2706873.19,0.9739,持有
2023-01-13,19.49,1.31,0.0884,2673553.56,70684.95,2744238.51,0.9742,持有
2023-01-16,20.23,1.36,0.1285,2775341.87,70684.95,2846026.82,0.9752,持有
2023-01-17,20.32,1.36,0.1369,2786938.00,70684.95,2857622.95,0.9753,持有
2023-01-18,20.08,1.35,0.1172,2754726.51,70684.95,2825411.47,0.9750,持有
2023-01-19,20.31,1.36,0.1365,2785649.54,70684.95,2856334.49,0.9753,持有
2023-01-20,20.35,1.37,0.1412,2792091.84,70684.95,2862776.79,0.9753,持有
2023-01-30,20.30,1.36,0.1346,2784361.08,70684.95,2855046.03,0.9752,持有
2023-01-31,20.11,1.35,0.1186,2758591.89,70684.95,2829276.84,0.9750,持有
2023-02-01,20.75,1.39,0.1742,2846207.14,70684.95,2916892.09,0.9758,持有
2023-02-02,20.13,1.35,0.1210,2761168.81,70684.95,2831853.76,0.9750,持有
2023-02-03,20.06,1.35,0.1150,2752149.60,70684.95,2822834.55,0.9750,持有
2023-02-06,19.58,1.31,0.0916,2686438.16,70684.95,2757123.11,0.9744,持有
2023-02-07,19.63,1.32,0.0934,2692880.46,70684.95,2763565.41,0.9744,持有
2023-02-08,19.60,1.32,0.0921,2689015.08,70684.95,2759700.03,0.9744,持有
2023-02-09,19.89,1.33,0.1040,2727668.86,70684.95,2798353.81,0.9747,持有
2023-02-10,19.69,1.32,0.0968,2700611.21,70684.95,2771296.16,0.9745,持有
2023-02-13,19.66,1.32,0.0961,2696745.83,70684.95,2767430.79,0.9745,持有
2023-02-14,19.65,1.32,0.0954,2695457.38,70684.95,2766142.33,0.9744,持有
2023-02-15,19.49,1.31,0.0879,2673553.56,70684.95,2744238.51,0.9742,持有
2023-02-16,19.32,1.30,0.0757,2650361.29,70684.95,2721046.24,0.9740,持有
2023-02-17,19.01,1.28,0.0499,2607842.13,70684.95,2678527.08,0.9736,持有
2023-02-20,19.76,1.33,0.1022,2710918.89,70684.95,2781603.84,0.9746,持有
2023-02-21,19.81,1.33,0.1037,2717361.19,70684.95,2788046.14,0.9746,持有
2023-02-22,19.54,1.31,0.0903,2679995.86,70684.95,2750680.81,0.9743,持有
2023-02-23,19.75,1.33,0.1021,2709630.43,70684.95,2780315.38,0.9746,持有
2023-02-24,19.34,1.30,0.0775,2652938.21,70684.95,2723623.16,0.9740,持有
2023-02-27,19.20,1.29,0.0669,2633611.32,70684.95,2704296.27,0.9739,持有
2023-02-28,19.40,1.30,0.0821,2660668.97,70684.95,2731353.92,0.9741,持有
2023-03-01,19.63,1.32,0.0954,2692880.46,70684.95,2763565.41,0.9744,持有
2023-03-02,19.61,1.32,0.0948,2690303.54,70684.95,2760988.49,0.9744,持有
2023-03-03,19.89,1.33,0.1081,2727668.86,70684.95,2798353.81,0.9747,持有
2023-03-06,19.43,1.30,0.0857,2665822.81,70684.95,2736507.76,0.9742,持有
2023-03-07,19.27,1.29,0.0726,2642630.53,70684.95,2713315.48,0.9739,持有
2023-03-08,19.12,1.28,0.0605,2623303.64,70684.95,2693988.59,0.9738,持有
2023-03-09,19.05,1.28,0.0524,2612995.96,70684.95,2683680.91,0.9737,持有
2023-03-10,18.78,1.26,0.0360,2575630.64,70684.95,2646315.59,0.9733,持有
2023-03-13,18.91,1.27,0.0425,2593669.07,70684.95,2664354.02,0.9735,持有
2023-03-14,18.65,1.25,0.0301,2558880.66,70684.95,2629565.61,0.9731,持有
2023-03-15,18.83,1.26,0.0390,2583361.39,70684.95,2654046.35,0.9734,持有
2023-03-16,18.70,1.26,0.0325,2565322.96,70684.95,2636007.91,0.9732,持有
2023-03-17,18.94,1.27,0.0489,2597534.45,70684.95,2668219.40,0.9735,持有
2023-03-20,18.83,1.26,0.0393,2583361.39,70684.95,2654046.35,0.9734,持有
2023-03-21,18.98,1.27,0.0511,2603976.75,70684.95,2674661.70,0.9736,持有
2023-03-22,19.07,1.28,0.0566,2615572.88,70684.95,2686257.83,0.9737,持有
2023-03-23,19.25,1.29,0.0745,2640053.61,70684.95,2710738.57,0.9739,持有
2023-03-24,19.27,1.29,0.0776,2643918.99,70684.95,2714603.94,0.9740,持有
2023-03-27,19.16,1.29,0.0668,2628457.48,70684.95,2699142.43,0.9738,持有
2023-03-28,19.15,1.29,0.0664,2627169.02,70684.95,2697853.97,0.9738,持有
2023-03-29,18.98,1.27,0.0510,2603976.75,70684.95,2674661.70,0.9736,持有
2023-03-30,19.24,1.29,0.0750,2638765.16,70684.95,2709450.11,0.9739,持有
2023-03-31,19.24,1.27,0.0426,2638765.16,70684.95,2709450.11,0.9739,持有
2023-04-03,19.73,1.30,0.0858,2705765.05,70684.95,2776450.00,0.9745,持有
2023-04-04,19.79,1.30,0.0913,2714784.27,70684.95,2785469.22,0.9746,持有
2023-04-06,19.62,1.29,0.0783,2691592.00,70684.95,2762276.95,0.9744,持有
2023-04-07,19.89,1.31,0.0974,2727668.86,70684.95,2798353.81,0.9747,持有
2023-04-10,19.84,1.31,0.0949,2721226.57,70684.95,2791911.52,0.9747,持有
2023-04-11,20.04,1.32,0.1066,2749572.68,70684.95,2820257.63,0.9749,持有
2023-04-12,20.04,1.32,0.1066,2749572.68,70684.95,2820257.63,0.9749,持有
2023-04-13,19.67,1.30,0.0813,2698034.29,70684.95,2768719.24,0.9745,持有
2023-04-14,19.68,1.30,0.0822,2699322.75,70684.95,2770007.70,0.9745,持有
2023-04-17,20.46,1.35,0.1308,2806264.90,70684.95,2876949.85,0.9754,持有
2023-04-18,20.41,1.35,0.1258,2799822.60,70684.95,2870507.55,0.9754,持有
2023-04-19,20.18,1.33,0.1141,2767611.11,70684.95,2838296.06,0.9751,持有
2023-04-20,20.24,1.33,0.1156,2776630.33,70684.95,2847315.28,0.9752,持有
2023-04-21,19.55,1.29,0.0704,2681284.32,70684.95,2751969.27,0.9743,持有
2023-04-24,19.37,1.28,0.0532,2656803.59,70684.95,2727488.54,0.9741,持有
2023-04-25,19.46,1.28,0.0618,2669688.18,70684.95,2740373.13,0.9742,持有
2023-04-26,19.38,1.28,0.0544,2658092.05,70684.95,2728777.00,0.9741,持有
2023-04-27,19.75,1.30,0.0900,2709630.43,70684.95,2780315.38,0.9746,持有
2023-04-28,19.74,1.27,0.0503,2708341.97,70684.95,2779026.92,0.9746,持有
2023-05-04,19.98,1.29,0.0715,2740553.46,70684.95,2811238.41,0.9749,持有
2023-05-05,20.60,1.33,0.1144,2825591.79,70684.95,2896276.74,0.9756,持有
2023-05-08,21.31,1.37,0.1687,2923514.72,70684.95,2994199.67,0.9764,持有
2023-05-09,21.36,1.38,0.1704,2929957.01,70684.95,3000641.96,0.9764,持有
2023-05-10,20.56,1.33,0.1128,2820437.95,70684.95,2891122.90,0.9756,持有
2023-05-11,20.48,1.32,0.1081,2808841.82,70684.95,2879526.77,0.9755,持有
2023-05-12,20.20,1.30,0.0910,2770188.03,70684.95,2840872.98,0.9751,持有
2023-05-15,20.50,1.32,0.1099,2811418.73,70684.95,2882103.69,0.9755,持有
2023-05-16,20.48,1.32,0.1084,2808841.82,70684.95,2879526.77,0.9755,持有
2023-05-17,20.35,1.31,0.1007,2790803.38,70684.95,2861488.33,0.9753,持有
2023-05-18,20.35,1.31,0.1009,2792091.84,70684.95,2862776.79,0.9753,持有
2023-05-19,20.00,1.29,0.0731,2743130.38,70684.95,2813815.33,0.9749,持有
2023-05-22,20.01,1.29,0.0740,2744418.84,70684.95,2815103.79,0.9749,持有
2023-05-23,19.58,1.26,0.0376,2686438.16,70684.95,2757123.11,0.9744,持有
2023-05-24,19.05,1.23,0.0183,2612995.96,70684.95,2683680.91,0.9737,持有
2023-05-25,19.09,1.23,0.0189,2618149.80,70684.95,2688834.75,0.9737,持有
2023-05-26,19.13,1.23,0.0192,2624592.10,70684.95,2695277.05,0.9738,持有
2023-05-29,19.11,1.23,0.0192,2622015.18,70684.95,2692700.13,0.9737,持有
2023-05-30,19.12,1.23,0.0195,2623303.64,70684.95,2693988.59,0.9738,持有
2023-05-31,18.83,1.21,0.0156,2583361.39,70684.95,2654046.35,0.9734,持有
2023-06-01,18.88,1.22,0.0159,2589803.69,70684.95,2660488.64,0.9734,持有
2023-06-02,18.96,1.22,0.0171,2601399.83,70684.95,2672084.78,0.9735,持有
2023-06-05,18.79,1.21,0.0149,2576919.10,70684.95,2647604.05,0.9733,持有
2023-06-06,18.63,1.20,0.0119,2555015.28,70684.95,2625700.24,0.9731,持有
2023-06-07,18.66,1.20,0.0125,2560169.12,70684.95,2630854.07,0.9731,持有
2023-06-08,18.97,1.22,0.0183,2602688.29,70684.95,2673373.24,0.9736,持有
2023-06-09,18.96,1.22,0.0180,2600111.37,70684.95,2670796.32,0.9735,持有
2023-06-12,18.65,1.20,0.0122,2557592.20,70684.95,2628277.15,0.9731,持有
2023-06-13,18.77,1.21,0.0152,2574342.18,70684.95,2645027.13,0.9733,持有
2023-06-14,18.79,1.21,0.0161,2576919.10,70684.95,2647604.05,0.9733,持有
2023-06-15,19.07,1.23,0.0219,2615572.88,70684.95,2686257.83,0.9737,持有
2023-06-16,19.15,1.23,0.0237,2627169.02,70684.95,2697853.97,0.9738,持有
2023-06-19,18.93,1.22,0.0185,2596245.99,70684.95,2666930.94,0.9735,持有
2023-06-20,18.84,1.21,0.0176,2584649.85,70684.95,2655334.80,0.9734,持有
2023-06-21,18.65,1.20,0.0121,2557592.20,70684.95,2628277.15,0.9731,持有
2023-06-26,18.12,1.17,0.0067,2485438.47,70684.95,2556123.42,0.9723,持有
2023-06-27,18.31,1.18,0.0091,2511207.66,70684.95,2581892.61,0.9726,持有
2023-06-28,18.32,1.18,0.0094,2512496.12,70684.95,2583181.07,0.9726,持有
2023-06-29,18.26,1.18,0.0088,2504765.36,70684.95,2575450.31,0.9726,持有
2023-06-30,18.58,1.20,0.0124,2548572.99,70684.95,2619257.94,0.9730,持有
2023-07-03,19.01,1.23,0.0230,2607842.13,70684.95,2678527.08,0.9736,持有
2023-07-04,19.05,1.23,0.0242,2612995.96,70684.95,2683680.91,0.9737,持有
2023-07-05,18.93,1.22,0.0206,2596245.99,70684.95,2666930.94,0.9735,持有
2023-07-06,18.83,1.21,0.0191,2583361.39,70684.95,2654046.35,0.9734,持有
2023-07-07,18.91,1.22,0.0206,2593669.07,70684.95,2664354.02,0.9735,持有
2023-07-10,18.90,1.22,0.0206,2592380.61,70684.95,2663065.56,0.9735,持有
2023-07-11,19.01,1.23,0.0242,2607842.13,70684.95,2678527.08,0.9736,持有
2023-07-12,18.86,1.22,0.0200,2587226.77,70684.95,2657911.72,0.9734,持有
2023-07-13,19.23,1.24,0.0293,2637476.70,70684.95,2708161.65,0.9739,持有
2023-07-14,19.26,1.24,0.0317,2641342.07,70684.95,2712027.02,0.9739,持有
2023-07-17,19.05,1.23,0.0260,2612995.96,70684.95,2683680.91,0.9737,持有
2023-07-18,19.06,1.23,0.0269,2614284.42,70684.95,2684969.37,0.9737,持有
2023-07-19,19.17,1.24,0.0293,2629745.94,70684.95,2700430.89,0.9738,持有
2023-07-20,19.07,1.23,0.0272,2615572.88,70684.95,2686257.83,0.9737,持有
2023-07-21,19.12,1.23,0.0287,2623303.64,70684.95,2693988.59,0.9738,持有
2023-07-24,19.15,1.23,0.0296,2627169.02,70684.95,2697853.97,0.9738,持有
2023-07-25,20.27,1.31,0.1092,2780495.71,70684.95,2851180.66,0.9752,持有
2023-07-26,20.46,1.32,0.1200,2806264.90,70684.95,2876949.85,0.9754,持有
2023-07-27,20.21,1.30,0.1049,2772764.95,70684.95,2843449.90,0.9751,持有
2023-07-28,22.23,1.43,0.2719,3049783.75,70684.95,3120468.70,0.9773,持有
2023-07-31,22.64,1.46,0.3097,3105187.51,70684.95,3175872.46,0.9777,持有
2023-08-01,22.23,1.43,0.2717,3049783.75,70684.95,3120468.70,0.9773,持有
2023-08-02,22.40,1.44,0.2897,3072976.02,70684.95,3143660.97,0.9775,持有
2023-08-03,22.95,1.48,0.3359,3147706.68,70684.95,3218391.63,0.9780,持有
2023-08-04,23.20,1.50,0.3536,3182495.08,70684.95,3253180.04,0.9783,持有
2023-08-07,23.27,1.50,0.3595,3191514.30,70684.95,3262199.25,0.9783,持有
2023-08-08,23.39,1.51,0.3672,3208264.28,70684.95,3278949.23,0.9784,持有
2023-08-09,23.40,1.51,0.3683,3209552.74,70684.95,3280237.69,0.9785,持有
2023-08-10,23.67,1.53,0.3907,3246918.06,70684.95,3317603.01,0.9787,持有
2023-08-11,22.64,1.46,0.3095,3105187.51,70684.95,3175872.46,0.9777,持有
2023-08-14,22.31,1.44,0.2788,3060091.43,70684.95,3130776.38,0.9774,持有
2023-08-15,22.65,1.46,0.3111,3106475.97,70684.95,3177160.92,0.9778,持有
2023-08-16,22.55,1.45,0.3023,3093591.38,70684.95,3164276.33,0.9777,持有
2023-08-17,22.50,1.45,0.2977,3085860.62,70684.95,3156545.57,0.9776,持有
2023-08-18,22.52,1.45,0.2994,3088437.54,70684.95,3159122.49,0.9776,持有
2023-08-21,21.55,1.39,0.1986,2955726.20,70684.95,3026411.15,0.9766,持有
2023-08-22,21.81,1.41,0.2240,2991803.07,70684.95,3062488.02,0.9769,持有
2023-08-23,21.42,1.38,0.1885,2937687.77,70684.95,3008372.72,0.9765,持有
2023-08-24,22.13,1.43,0.2601,3035610.70,70684.95,3106295.65,0.9772,持有
2023-08-25,22.48,1.42,0.2466,3082981.57,70684.95,3153666.52,0.9776,持有
2023-08-28,22.82,1.44,0.2836,3130351.33,70684.95,3201036.28,0.9779,持有
2023-08-29,22.43,1.42,0.2413,3076402.44,70684.95,3147087.39,0.9775,持有
2023-08-30,21.64,1.37,0.1757,2968504.66,70684.95,3039189.61,0.9767,持有
2023-08-31,21.30,1.35,0.1460,2921134.91,70684.95,2991819.86,0.9764,持有
2023-09-01,21.47,1.36,0.1597,2944819.78,70684.95,3015504.73,0.9766,持有
2023-09-04,21.65,1.37,0.1767,2969820.49,70684.95,3040505.44,0.9768,持有
2023-09-05,21.47,1.36,0.1596,2944819.78,70684.95,3015504.73,0.9766,持有
2023-09-06,21.23,1.34,0.1402,2911924.12,70684.95,2982609.07,0.9763,持有
2023-09-07,21.22,1.34,0.1398,2910608.29,70684.95,2981293.25,0.9763,持有
2023-09-08,21.34,1.35,0.1505,2927714.04,70684.95,2998398.99,0.9764,持有
2023-09-11,21.68,1.37,0.1809,2973767.97,70684.95,3044452.92,0.9768,持有
2023-09-12,21.48,1.36,0.1618,2946135.61,70684.95,3016820.56,0.9766,持有
2023-09-13,21.37,1.35,0.1540,2931661.52,70684.95,3002346.47,0.9765,持有
2023-09-14,21.38,1.35,0.1545,2932977.35,70684.95,3003662.30,0.9765,持有
2023-09-15,21.15,1.34,0.1366,2901397.51,70684.95,2972082.46,0.9762,持有
2023-09-18,21.24,1.34,0.1410,2913239.95,70684.95,2983924.90,0.9763,持有
2023-09-19,21.12,1.34,0.1344,2897450.03,70684.95,2968134.98,0.9762,持有
2023-09-20,21.01,1.33,0.1284,2881660.11,70684.95,2952345.06,0.9761,持有
2023-09-21,20.84,1.32,0.1200,2859291.06,70684.95,2929976.01,0.9759,持有
2023-09-22,21.69,1.37,0.1843,2975083.79,70684.95,3045768.75,0.9768,持有
2023-09-25,21.01,1.33,0.1286,2881660.11,70684.95,2952345.06,0.9761,持有
2023-09-26,21.08,1.33,0.1321,2892186.72,70684.95,2962871.67,0.9761,持有
2023-09-27,21.13,1.34,0.1360,2898765.86,70684.95,2969450.81,0.9762,持有
2023-09-28,20.78,1.32,0.1145,2850080.27,70684.95,2920765.22,0.9758,持有
2023-10-09,20.80,1.32,0.1154,2852711.93,70684.95,2923396.88,0.9758,持有
2023-10-10,20.56,1.30,0.0993,2819816.26,70684.95,2890501.21,0.9755,持有
2023-10-11,20.63,1.31,0.1064,2830342.88,70684.95,2901027.83,0.9756,持有
2023-10-12,20.87,1.32,0.1227,2863238.54,70684.95,2933923.49,0.9759,持有
2023-10-13,20.64,1.31,0.1075,2831658.70,70684.95,2902343.65,0.9756,持有
2023-10-16,20.63,1.31,0.1063,2830342.88,70684.95,2901027.83,0.9756,持有
2023-10-17,21.06,1.33,0.1327,2888239.24,70684.95,2958924.19,0.9761,持有
2023-10-18,20.97,1.33,0.1291,2876396.80,70684.95,2947081.76,0.9760,持有
2023-10-19,20.68,1.31,0.1121,2836922.01,70684.95,2907606.96,0.9757,持有
2023-10-20,20.65,1.31,0.1091,2832974.53,70684.95,2903659.48,0.9757,持有
2023-10-23,20.32,1.29,0.0786,2786920.60,70684.95,2857605.55,0.9753,持有
2023-10-24,20.74,1.31,0.1141,2844816.97,70684.95,2915501.92,0.9758,持有
2023-10-25,20.95,1.33,0.1292,2873765.15,70684.95,2944450.10,0.9760,持有
2023-10-26,20.91,1.32,0.1268,2868501.85,70684.95,2939186.80,0.9760,持有
2023-10-27,21.13,1.34,0.1398,2898765.86,70684.95,2969450.81,0.9762,持有
2023-10-30,20.72,1.31,0.1131,2842185.31,70684.95,2912870.27,0.9757,持有
2023-10-31,20.83,1.29,0.0914,2856659.41,70684.95,2927344.36,0.9759,持有
2023-11-01,20.84,1.29,0.0923,2859291.06,70684.95,2929976.01,0.9759,持有
2023-11-02,20.65,1.28,0.0731,2832974.53,70684.95,2903659.48,0.9757,持有
2023-11-03,20.97,1.30,0.1032,2876396.80,70684.95,2947081.76,0.9760,持有
2023-11-06,21.90,1.36,0.1709,3004031.98,70684.95,3074716.93,0.9770,持有
2023-11-07,21.86,1.36,0.1670,2998768.67,70684.95,3069453.62,0.9770,持有
2023-11-08,21.66,1.35,0.1498,2971136.32,70684.95,3041821.27,0.9768,持有
2023-11-09,21.54,1.34,0.1429,2955346.40,70684.95,3026031.35,0.9766,持有
2023-11-10,21.54,1.34,0.1429,2955346.40,70684.95,3026031.35,0.9766,持有
2023-11-13,21.38,1.33,0.1325,2932977.35,70684.95,3003662.30,0.9765,持有
2023-11-14,21.70,1.35,0.1549,2976399.62,70684.95,3047084.57,0.9768,持有
2023-11-15,21.68,1.35,0.1528,2973767.97,70684.95,3044452.92,0.9768,持有
2023-11-16,21.52,1.34,0.1404,2951398.92,70684.95,3022083.87,0.9766,持有
2023-11-17,21.60,1.34,0.1462,2963241.36,70684.95,3033926.31,0.9767,持有
2023-11-20,21.44,1.33,0.1350,2940872.30,70684.95,3011557.26,0.9765,持有
2023-11-21,21.53,1.34,0.1411,2952714.74,70684.95,3023399.69,0.9766,持有
2023-11-22,21.31,1.32,0.1275,2922450.73,70684.95,2993135.68,0.9764,持有
2023-11-23,21.33,1.33,0.1293,2926398.21,70684.95,2997083.16,0.9764,持有
2023-11-24,21.15,1.31,0.1166,2901397.51,70684.95,2972082.46,0.9762,持有
2023-11-27,20.81,1.29,0.0886,2854027.75,70684.95,2924712.70,0.9758,持有
2023-11-28,20.73,1.29,0.0815,2843501.14,70684.95,2914186.09,0.9757,持有
2023-11-29,20.53,1.28,0.0629,2815868.78,70684.95,2886553.73,0.9755,持有
2023-11-30,20.58,1.28,0.0665,2822447.92,70684.95,2893132.87,0.9756,持有
2023-12-01,20.68,1.28,0.0773,2836922.01,70684.95,2907606.96,0.9757,持有
2023-12-04,20.54,1.28,0.0632,2817184.61,70684.95,2887869.56,0.9755,持有
2023-12-05,20.27,1.26,0.0458,2780341.47,70684.95,2851026.42,0.9752,持有
2023-12-06,20.10,1.25,0.0385,2756656.59,70684.95,2827341.54,0.9750,持有
2023-12-07,20.17,1.25,0.0417,2767183.20,70684.95,2837868.15,0.9751,持有
2023-12-08,20.10,1.25,0.0385,2756656.59,70684.95,2827341.54,0.9750,持有
2023-12-12,20.27,1.26,0.0467,2780341.47,70684.95,2851026.42,0.9752,持有
2023-12-13,19.87,1.23,0.0287,2725076.75,70684.95,2795761.70,0.9747,持有
2023-12-14,19.66,1.22,0.0217,2697444.40,70684.95,2768129.35,0.9745,持有
2023-12-15,19.63,1.22,0.0208,2692181.09,70684.95,2762866.04,0.9744,持有
2023-12-18,19.61,1.22,0.0199,2689549.44,70684.95,2760234.39,0.9744,持有
2023-12-19,19.80,1.23,0.0281,2715865.97,70684.95,2786550.92,0.9746,持有
2023-12-20,19.34,1.20,0.0132,2652706.29,70684.95,2723391.24,0.9740,持有
2023-12-21,19.44,1.21,0.0158,2667180.39,70684.95,2737865.34,0.9742,持有
2023-12-22,19.45,1.21,0.0170,2668496.21,70684.95,2739181.16,0.9742,持有
2023-12-25,19.19,1.19,0.0114,2632968.90,70684.95,2703653.85,0.9739,持有
2023-12-26,19.04,1.18,0.0097,2611915.67,70684.95,2682600.62,0.9737,持有
2023-12-27,19.09,1.19,0.0099,2618494.80,70684.95,2689179.75,0.9737,持有
2023-12-28,19.54,1.21,0.0202,2680338.65,70684.95,2751023.60,0.9743,持有
2023-12-29,19.54,1.21,0.0202,2680338.65,70684.95,2751023.60,0.9743,持有
2024-01-02,19.25,1.20,0.0129,2640863.85,70684.95,2711548.81,0.9739,持有
2024-01-03,19.36,1.20,0.0152,2655337.95,70684.95,2726022.90,0.9741,持有
2024-01-04,19.19,1.19,0.0120,2631653.07,70684.95,2702338.02,0.9738,持有
2024-01-05,18.98,1.18,0.0091,2604020.71,70684.95,2674705.66,0.9736,持有
2024-01-08,18.63,1.16,0.0058,2555335.13,70684.95,2626020.08,0.9731,持有
2024-01-09,18.67,1.16,0.0061,2560598.44,70684.95,2631283.39,0.9731,持有
2024-01-10,18.67,1.16,0.0061,2560598.44,70684.95,2631283.39,0.9731,持有
2024-01-11,18.80,1.17,0.0073,2579020.01,70684.95,2649704.96,0.9733,持有
2024-01-12,18.72,1.16,0.0070,2568493.40,70684.95,2639178.35,0.9732,持有
2024-01-15,18.69,1.16,0.0067,2563230.09,70684.95,2633915.04,0.9732,持有
2024-01-16,18.78,1.17,0.0079,2576388.35,70684.95,2647073.31,0.9733,持有
2024-01-17,18.44,1.15,0.0035,2529018.60,70684.95,2599703.55,0.9728,持有
2024-01-18,18.70,1.16,0.0073,2564545.92,70684.95,2635230.87,0.9732,持有
2024-01-19,18.68,1.16,0.0070,2561914.26,70684.95,2632599.21,0.9732,持有
2024-01-22,18.35,1.14,0.0035,2517176.16,70684.95,2587861.11,0.9727,持有
2024-01-23,18.97,1.18,0.0122,2602704.89,70684.95,2673389.84,0.9736,持有
2024-01-24,19.68,1.22,0.0300,2700076.05,70684.95,2770761.00,0.9745,持有
2024-01-25,19.72,1.23,0.0314,2705339.36,70684.95,2776024.31,0.9745,持有
2024-01-26,19.98,1.24,0.0407,2740866.67,70684.95,2811551.62,0.9749,持有
2024-01-29,19.74,1.23,0.0325,2707971.01,70684.95,2778655.96,0.9746,持有
2024-01-30,19.61,1.22,0.0267,2689549.44,70684.95,2760234.39,0.9744,持有
2024-01-31,19.66,1.22,0.0293,2697444.40,70684.95,2768129.35,0.9745,持有
2024-02-01,19.61,1.22,0.0267,2689549.44,70684.95,2760234.39,0.9744,持有
2024-02-02,19.36,1.20,0.0192,2655337.95,70684.95,2726022.90,0.9741,持有
2024-02-05,19.36,1.20,0.0192,2655337.95,70684.95,2726022.90,0.9741,持有
2024-02-06,20.28,1.26,0.0580,2781657.29,70684.95,2852342.24,0.9752,持有
2024-02-07,20.32,1.26,0.0606,2786920.60,70684.95,2857605.55,0.9753,持有
2024-02-08,20.38,1.27,0.0649,2796131.39,70684.95,2866816.34,0.9753,持有
2024-02-19,20.00,1.24,0.0441,2743498.32,70684.95,2814183.28,0.9749,持有
2024-02-20,20.13,1.25,0.0516,2761919.90,70684.95,2832604.85,0.9750,持有
2024-02-21,20.51,1.27,0.0747,2813237.13,70684.95,2883922.08,0.9755,持有
2024-02-22,20.84,1.29,0.1066,2859291.06,70684.95,2929976.01,0.9759,持有
2024-02-23,20.64,1.28,0.0860,2831658.70,70684.95,2902343.65,0.9756,持有
2024-02-26,20.47,1.27,0.0729,2807973.82,70684.95,2878658.78,0.9754,持有
2024-02-27,20.59,1.28,0.0807,2823763.74,70684.95,2894448.69,0.9756,持有
2024-02-28,20.14,1.25,0.0518,2763235.72,70684.95,2833920.67,0.9751,持有
2024-02-29,20.43,1.27,0.0677,2802710.52,70684.95,2873395.47,0.9754,持有
2024-03-01,20.45,1.27,0.0723,2805342.17,70684.95,2876027.12,0.9754,持有
2024-03-04,20.30,1.26,0.0607,2784288.95,70684.95,2854973.90,0.9752,持有
2024-03-05,20.32,1.26,0.0615,2786920.60,70684.95,2857605.55,0.9753,持有
2024-03-06,20.24,1.26,0.0563,2776393.99,70684.95,2847078.94,0.9752,持有
2024-03-07,19.96,1.24,0.0410,2738235.02,70684.95,2808919.97,0.9748,持有
2024-03-08,19.95,1.24,0.0404,2736919.19,70684.95,2807604.14,0.9748,持有
2024-03-11,20.33,1.26,0.0629,2788236.43,70684.95,2858921.38,0.9753,持有
2024-03-12,20.53,1.28,0.0788,2815868.78,70684.95,2886553.73,0.9755,持有
2024-03-13,20.21,1.26,0.0562,2772446.51,70684.95,2843131.46,0.9751,持有
2024-03-14,19.95,1.24,0.0404,2736919.19,70684.95,2807604.14,0.9748,持有
2024-03-15,20.02,1.24,0.0455,2746129.98,70684.95,2816814.93,0.9749,持有
2024-03-18,20.39,1.27,0.0686,2797447.21,70684.95,2868132.16,0.9754,持有
2024-03-19,19.98,1.24,0.0429,2740866.67,70684.95,2811551.62,0.9749,持有
2024-03-20,19.99,1.24,0.0446,2742182.50,70684.95,2812867.45,0.9749,持有
2024-03-21,19.98,1.24,0.0429,2740866.67,70684.95,2811551.62,0.9749,持有
2024-03-22,19.66,1.22,0.0299,2697444.40,70684.95,2768129.35,0.9745,持有
2024-03-25,18.71,1.16,0.0081,2565861.74,70684.95,2636546.69,0.9732,持有
2024-03-26,18.80,1.17,0.0095,2579020.01,70684.95,2649704.96,0.9733,持有
2024-03-27,18.56,1.14,0.0032,2546124.34,70684.95,2616809.30,0.9730,持有
2024-03-28,18.52,1.14,0.0032,2540861.04,70684.95,2611545.99,0.9729,持有
2024-03-29,18.42,1.13,0.0023,2526386.95,70684.95,2597071.90,0.9728,持有
2024-04-01,18.62,1.14,0.0046,2554019.30,70684.95,2624704.25,0.9731,持有
2024-04-02,18.52,1.14,0.0034,2540861.04,70684.95,2611545.99,0.9729,持有
2024-04-03,18.38,1.13,0.0017,2521123.64,70684.95,2591808.59,0.9727,持有
2024-04-08,18.15,1.11,0.0003,2489543.80,70684.95,2560228.75,0.9724,持有
2024-04-09,18.16,1.11,0.0006,2490859.63,70684.95,2561544.58,0.9724,持有
2024-04-10,17.66,1.08,0.0000,2422436.65,70684.95,2493121.60,0.9716,持有
2024-04-11,17.59,1.08,0.0000,2413225.86,70684.95,2483910.82,0.9715,持有
2024-04-12,17.21,1.05,0.0000,2360592.80,70684.95,2431277.75,0.9709,持有
2024-04-15,17.02,1.04,0.0000,2334276.27,70684.95,2404961.22,0.9706,持有
2024-04-16,16.91,1.04,0.0000,2319802.18,70684.95,2390487.13,0.9704,持有
2024-04-17,17.36,1.06,0.0009,2381646.03,70684.95,2452330.98,0.9712,持有
2024-04-18,17.47,1.07,0.0011,2396120.12,70684.95,2466805.07,0.9713,持有
2024-04-19,17.39,1.07,0.0011,2385593.51,70684.95,2456278.46,0.9712,持有
2024-04-22,17.54,1.07,0.0017,2405330.91,70684.95,2476015.86,0.9715,持有
2024-04-23,17.53,1.07,0.0017,2404015.08,70684.95,2474700.03,0.9714,持有
2024-04-24,17.53,1.07,0.0017,2404015.08,70684.95,2474700.03,0.9714,持有
2024-04-25,17.44,1.07,0.0014,2392172.64,70684.95,2462857.59,0.9713,持有
2024-04-26,18.38,1.13,0.0057,2521123.64,70684.95,2591808.59,0.9727,持有
2024-04-29,18.59,1.12,0.0046,2550071.82,70684.95,2620756.77,0.9730,持有
2024-04-30,18.24,1.10,0.0037,2501386.24,70684.95,2572071.19,0.9725,持有
2024-05-06,18.43,1.11,0.0040,2527702.77,70684.95,2598387.72,0.9728,持有
2024-05-07,18.34,1.10,0.0040,2515860.33,70684.95,2586545.28,0.9727,持有
2024-05-08,18.01,1.08,0.0034,2471122.23,70684.95,2541807.18,0.9722,持有
2024-05-09,18.14,1.09,0.0040,2488227.98,70684.95,2558912.93,0.9724,持有
2024-05-10,18.28,1.10,0.0046,2507965.37,70684.95,2578650.33,0.9726,持有
2024-05-13,18.21,1.09,0.0043,2497438.76,70684.95,2568123.71,0.9725,持有
2024-05-14,18.24,1.10,0.0046,2501386.24,70684.95,2572071.19,0.9725,持有
2024-05-15,17.99,1.08,0.0031,2467174.75,70684.95,2537859.70,0.9721,持有
2024-05-16,18.01,1.08,0.0037,2471122.23,70684.95,2541807.18,0.9722,持有
2024-05-17,18.41,1.11,0.0063,2525071.12,70684.95,2595756.07,0.9728,持有
2024-05-20,18.50,1.11,0.0068,2538229.39,70684.95,2608914.34,0.9729,持有
2024-05-21,18.46,1.11,0.0068,2531650.25,70684.95,2602335.20,0.9728,持有
2024-05-22,18.52,1.11,0.0077,2540861.04,70684.95,2611545.99,0.9729,持有
2024-05-23,18.10,1.09,0.0046,2482964.67,70684.95,2553649.62,0.9723,持有
2024-05-24,17.83,1.07,0.0020,2446121.53,70684.95,2516806.48,0.9719,持有
2024-05-27,17.97,1.08,0.0034,2464543.10,70684.95,2535228.05,0.9721,持有
2024-05-28,17.86,1.07,0.0023,2450069.01,70684.95,2520753.96,0.9720,持有
2024-05-29,17.89,1.07,0.0034,2454016.49,70684.95,2524701.44,0.9720,持有
2024-05-30,17.80,1.07,0.0017,2442174.05,70684.95,2512859.00,0.9719,持有
2024-05-31,17.86,1.07,0.0026,2450069.01,70684.95,2520753.96,0.9720,持有
2024-06-03,17.68,1.06,0.0009,2425068.30,70684.95,2495753.25,0.9717,持有
2024-06-04,17.80,1.07,0.0020,2442174.05,70684.95,2512859.00,0.9719,持有
2024-06-05,17.78,1.07,0.0017,2439542.40,70684.95,2510227.35,0.9718,持有
2024-06-06,17.74,1.07,0.0014,2432963.26,70684.95,2503648.21,0.9718,持有
2024-06-07,17.63,1.06,0.0009,2418489.17,70684.95,2489174.12,0.9716,持有
2024-06-11,17.59,1.06,0.0009,2413225.86,70684.95,2483910.82,0.9715,持有
2024-06-12,17.54,1.05,0.0006,2405330.91,70684.95,2476015.86,0.9715,持有
2024-06-13,17.52,1.05,0.0006,2402699.25,70684.95,2473384.20,0.9714,持有
2024-06-14,17.87,1.07,0.0054,2451384.83,70684.95,2522069.78,0.9720,持有
2024-06-17,17.90,1.08,0.0068,2455332.31,70684.95,2526017.26,0.9720,持有
2024-06-18,17.95,1.08,0.0074,2461911.45,70684.95,2532596.40,0.9721,持有
2024-06-19,17.78,1.07,0.0031,2438226.57,70684.95,2508911.52,0.9718,持有
2024-06-20,17.63,1.06,0.0017,2418489.17,70684.95,2489174.12,0.9716,持有
2024-06-21,17.69,1.06,0.0025,2426384.13,70684.95,2497069.08,0.9717,持有
2024-06-24,17.67,1.06,0.0023,2423752.48,70684.95,2494437.43,0.9717,持有
2024-06-25,17.38,1.04,0.0006,2384277.68,70684.95,2454962.63,0.9712,持有
2024-06-26,17.65,1.06,0.0025,2421120.82,70684.95,2491805.77,0.9716,持有
2024-06-27,17.65,1.06,0.0025,2421120.82,70684.95,2491805.77,0.9716,持有
2024-06-28,17.49,1.05,0.0008,2398751.77,70684.95,2469436.72,0.9714,持有
2024-07-01,17.46,1.05,0.0008,2394804.29,70684.95,2465489.24,0.9713,持有
2024-07-02,17.45,1.05,0.0008,2393488.47,70684.95,2464173.42,0.9713,持有
2024-07-03,17.63,1.06,0.0028,2418489.17,70684.95,2489174.12,0.9716,持有
2024-07-04,17.31,1.04,0.0003,2373751.07,70684.95,2444436.02,0.9711,持有
2024-07-05,17.08,1.03,0.0000,2343487.06,70684.95,2414172.01,0.9707,持有
2024-07-08,16.79,1.01,0.0000,2302696.44,70684.95,2373381.39,0.9702,持有
2024-07-09,17.13,1.03,0.0006,2350066.19,70684.95,2420751.14,0.9708,持有
2024-07-10,17.43,1.05,0.0020,2390856.81,70684.95,2461541.76,0.9713,持有
2024-07-11,17.57,1.06,0.0039,2410594.21,70684.95,2481279.16,0.9715,持有
2024-07-12,17.61,1.06,0.0045,2415857.52,70684.95,2486542.47,0.9716,持有
2024-07-15,17.71,1.06,0.0070,2429015.78,70684.95,2499700.73,0.9717,持有
2024-07-16,17.97,1.08,0.0130,2464543.10,70684.95,2535228.05,0.9721,持有
2024-07-17,18.08,1.09,0.0149,2480333.02,70684.95,2551017.97,0.9723,持有
2024-07-18,18.20,1.09,0.0158,2496122.94,70684.95,2566807.89,0.9725,持有
2024-07-19,18.60,1.12,0.0200,2551387.65,70684.95,2622072.60,0.9730,持有
2024-07-22,19.37,1.16,0.0304,2656653.77,70684.95,2727338.72,0.9741,持有
2024-07-23,18.42,1.11,0.0177,2526386.95,70684.95,2597071.90,0.9728,持有
2024-07-24,18.11,1.09,0.0155,2484280.50,70684.95,2554965.45,0.9723,持有
2024-07-25,18.25,1.10,0.0171,2502702.07,70684.95,2573387.02,0.9725,持有
2024-07-26,18.48,1.11,0.0191,2534281.91,70684.95,2604966.86,0.9729,持有
2024-07-29,18.11,1.09,0.0155,2484280.50,70684.95,2554965.45,0.9723,持有
2024-07-30,18.15,1.09,0.0163,2489543.80,70684.95,2560228.75,0.9724,持有
2024-07-31,18.99,1.14,0.0270,2605336.54,70684.95,2676021.49,0.9736,持有
2024-08-01,18.78,1.13,0.0239,2576388.35,70684.95,2647073.31,0.9733,持有
2024-08-02,18.43,1.11,0.0191,2527702.77,70684.95,2598387.72,0.9728,持有
2024-08-05,18.34,1.10,0.0182,2515860.33,70684.95,2586545.28,0.9727,持有
2024-08-06,18.33,1.10,0.0182,2514544.51,70684.95,2585229.46,0.9727,持有
2024-08-07,18.20,1.09,0.0165,2496122.94,70684.95,2566807.89,0.9725,持有
2024-08-08,18.29,1.10,0.0185,2509281.20,70684.95,2579966.15,0.9726,持有
2024-08-09,18.12,1.09,0.0160,2485596.32,70684.95,2556281.27,0.9723,持有
2024-08-12,18.10,1.09,0.0151,2482964.67,70684.95,2553649.62,0.9723,持有
2024-08-13,18.28,1.10,0.0188,2507965.37,70684.95,2578650.33,0.9726,持有
2024-08-14,18.08,1.09,0.0148,2480333.02,70684.95,2551017.97,0.9723,持有
2024-08-15,18.37,1.10,0.0207,2519807.81,70684.95,2590492.76,0.9727,持有
2024-08-16,18.32,1.10,0.0199,2513228.68,70684.95,2583913.63,0.9726,持有
2024-08-19,18.26,1.10,0.0190,2505333.72,70684.95,2576018.67,0.9726,持有
2024-08-20,18.16,1.09,0.0173,2490859.63,70684.95,2561544.58,0.9724,持有
2024-08-21,18.15,1.09,0.0171,2489543.80,70684.95,2560228.75,0.9724,持有
2024-08-22,17.97,1.08,0.0129,2464543.10,70684.95,2535228.05,0.9721,持有
2024-08-23,18.32,1.10,0.0210,2513228.68,70684.95,2583913.63,0.9726,持有
2024-08-26,18.15,1.06,0.0070,2490294.46,70684.95,2560979.41,0.9724,持有
2024-08-27,18.15,1.06,0.0070,2490294.46,70684.95,2560979.41,0.9724,持有
2024-08-28,18.13,1.06,0.0064,2486247.39,70684.95,2556932.34,0.9724,持有
2024-08-29,18.48,1.09,0.0179,2534812.18,70684.95,2605497.13,0.9729,持有
2024-08-30,18.97,1.12,0.0276,2602263.28,70684.95,2672948.23,0.9736,持有
2024-09-02,18.61,1.10,0.0212,2552349.47,70684.95,2623034.42,0.9731,持有
2024-09-03,18.80,1.11,0.0254,2579329.90,70684.95,2650014.86,0.9733,持有
2024-09-04,18.80,1.11,0.0254,2579329.90,70684.95,2650014.86,0.9733,持有
2024-09-05,18.79,1.11,0.0251,2577980.88,70684.95,2648665.83,0.9733,持有
2024-09-06,18.74,1.11,0.0240,2571235.77,70684.95,2641920.72,0.9732,持有
2024-09-09,18.67,1.10,0.0228,2560443.60,70684.95,2631128.55,0.9731,持有
2024-09-10,18.57,1.10,0.0201,2546953.38,70684.95,2617638.33,0.9730,持有
2024-09-11,18.69,1.10,0.0242,2563141.64,70684.95,2633826.59,0.9732,持有
2024-09-12,18.57,1.10,0.0200,2546953.38,70684.95,2617638.33,0.9730,持有
2024-09-13,18.61,1.10,0.0217,2552349.47,70684.95,2623034.42,0.9731,持有
2024-09-18,18.63,1.10,0.0228,2555047.51,70684.95,2625732.46,0.9731,持有
2024-09-19,19.02,1.12,0.0312,2609008.39,70684.95,2679693.34,0.9736,持有
2024-09-20,18.97,1.12,0.0306,2602263.28,70684.95,2672948.23,0.9736,持有
2024-09-23,18.99,1.12,0.0311,2604961.32,70684.95,2675646.27,0.9736,持有
2024-09-24,20.48,1.21,0.0550,2808663.63,70684.95,2879348.58,0.9755,持有
2024-09-25,20.81,1.23,0.0681,2854530.38,70684.95,2925215.33,0.9758,持有
2024-09-26,22.11,1.30,0.1550,3032601.27,70684.95,3103286.22,0.9772,持有
2024-09-27,24.32,1.43,0.3257,3336131.20,70684.95,3406816.15,0.9793,持有
2024-09-30,26.75,1.58,0.4939,3669339.61,70684.95,3740024.56,0.9811,持有
2024-10-08,29.43,1.74,0.6592,4036273.57,70684.95,4106958.53,0.9828,持有
2024-10-09,29.85,1.76,0.6829,4094281.52,70684.95,4164966.47,0.9830,持有
2024-10-10,27.29,1.61,0.5262,3743535.82,70684.95,3814220.77,0.9815,持有
2024-10-11,27.70,1.63,0.5527,3800194.74,70684.95,3870879.69,0.9817,持有
2024-10-14,27.01,1.59,0.5085,3704414.18,70684.95,3775099.13,0.9813,持有
2024-10-15,26.28,1.55,0.4654,3604586.56,70684.95,3675271.51,0.9808,持有
2024-10-16,25.97,1.53,0.4428,3562766.88,70684.95,3633451.83,0.9805,持有
2024-10-17,25.73,1.52,0.4260,3529041.33,70684.95,3599726.28,0.9804,持有
2024-10-18,27.45,1.62,0.5361,3765120.17,70684.95,3835805.12,0.9816,持有
2024-10-21,27.01,1.59,0.5086,3704414.18,70684.95,3775099.13,0.9813,持有
2024-10-22,27.21,1.60,0.5237,3732743.64,70684.95,3803428.59,0.9814,持有
2024-10-23,27.11,1.60,0.5155,3719253.42,70684.95,3789938.37,0.9813,持有
2024-10-24,26.83,1.58,0.4963,3680131.79,70684.95,3750816.74,0.9812,持有
2024-10-25,27.05,1.60,0.5122,3709810.27,70684.95,3780495.22,0.9813,持有
2024-10-28,27.04,1.59,0.5112,3708461.25,70684.95,3779146.20,0.9813,持有
2024-10-29,26.78,1.58,0.4936,3673386.68,70684.95,3744071.63,0.9811,持有
2024-10-30,27.01,1.56,0.4750,3704414.18,70684.95,3775099.13,0.9813,持有
2024-10-31,27.65,1.60,0.5155,3793449.63,70684.95,3864134.58,0.9817,持有
2024-11-01,27.49,1.59,0.5032,3770516.26,70684.95,3841201.21,0.9816,持有
2024-11-04,28.58,1.65,0.5743,3920257.69,70684.95,3990942.64,0.9823,持有
2024-11-05,29.97,1.73,0.6561,4110469.78,70684.95,4181154.73,0.9831,持有
2024-11-06,30.57,1.77,0.6890,4192760.12,70684.95,4263445.07,0.9834,持有
2024-11-07,33.62,1.94,0.8094,4612305.93,70684.95,4682990.88,0.9849,卖出(降至30%)
2024-11-08,34.30,1.98,0.8249,1433251.49,3493686.89,4926938.38,0.2909,持有
2024-11-11,34.30,1.98,0.8246,1433251.49,3493686.89,4926938.38,0.2909,持有
2024-11-12,33.37,1.93,0.8024,1394215.11,3493686.89,4887902.00,0.2852,持有
2024-11-13,32.38,1.87,0.7735,1352713.27,3493686.89,4846400.16,0.2791,持有
2024-11-14,32.13,1.86,0.7647,1342440.54,3493686.89,4836127.43,0.2776,持有
2024-11-15,30.62,1.77,0.6929,1279160.52,3493686.89,4772847.40,0.2680,持有
2024-11-18,30.16,1.74,0.6663,1260258.69,3493686.89,4753945.58,0.2651,持有
2024-11-19,30.78,1.78,0.7038,1286145.98,3493686.89,4779832.86,0.2691,持有
2024-11-20,31.22,1.80,0.7265,1304225.98,3493686.89,4797912.87,0.2718,持有
2024-11-21,31.36,1.81,0.7351,1310389.62,3493686.89,4804076.51,0.2728,持有
2024-11-22,29.83,1.72,0.6466,1246287.78,3493686.89,4739974.66,0.2629,持有
2024-11-25,29.17,1.69,0.6043,1218756.86,3493686.89,4712443.74,0.2586,持有
2024-11-26,29.23,1.69,0.6067,1221222.31,3493686.89,4714909.20,0.2590,持有
2024-11-27,29.78,1.72,0.6433,1244233.23,3493686.89,4737920.12,0.2626,持有
2024-11-28,29.38,1.70,0.6151,1227385.95,3493686.89,4721072.84,0.2600,持有
2024-11-29,30.24,1.75,0.6696,1263545.97,3493686.89,4757232.85,0.2656,持有
2024-12-02,30.75,1.78,0.7013,1284913.25,3493686.89,4778600.13,0.2689,持有
2024-12-03,30.57,1.77,0.6873,1277105.97,3493686.89,4770792.86,0.2677,持有
2024-12-04,30.29,1.75,0.6726,1265600.51,3493686.89,4759287.40,0.2659,持有
2024-12-05,30.39,1.76,0.6785,1269709.60,3493686.89,4763396.49,0.2666,持有
2024-12-06,30.72,1.78,0.6999,1283680.52,3493686.89,4777367.41,0.2687,持有
2024-12-09,30.61,1.77,0.6921,1278749.61,3493686.89,4772436.49,0.2679,持有
2024-12-10,30.96,1.79,0.7130,1293542.34,3493686.89,4787229.23,0.2702,持有
2024-12-11,30.82,1.78,0.7054,1287789.61,3493686.89,4781476.50,0.2693,持有
2024-12-12,31.14,1.80,0.7233,1300938.71,3493686.89,4794625.59,0.2713,持有
2024-12-13,29.92,1.73,0.6500,1249985.96,3493686.89,4743672.85,0.2635,持有
2024-12-16,29.53,1.71,0.6238,1233960.50,3493686.89,4727647.39,0.2610,持有
2024-12-17,29.73,1.72,0.6367,1242178.68,3493686.89,4735865.57,0.2623,持有
2024-12-18,29.79,1.72,0.6423,1244644.14,3493686.89,4738331.03,0.2627,持有
2024-12-19,29.83,1.72,0.6451,1246287.78,3493686.89,4739974.66,0.2629,持有
2024-12-20,30.08,1.72,0.6461,1256642.26,3493686.89,4750329.14,0.2645,持有
2024-12-23,29.66,1.70,0.6161,1239246.42,3493686.89,4732933.30,0.2618,持有
2024-12-24,30.06,1.72,0.6446,1255813.88,3493686.89,4749500.77,0.2644,持有
2024-12-25,29.83,1.71,0.6272,1246287.59,3493686.89,4739974.48,0.2629,持有
2024-12-26,29.89,1.71,0.6320,1248772.71,3493686.89,4742459.60,0.2633,持有
2024-12-27,29.96,1.72,0.6348,1251672.02,3493686.89,4745358.90,0.2638,持有
2024-12-30,30.24,1.73,0.6567,1263683.43,3493686.89,4757370.32,0.2656,持有
2024-12-31,28.92,1.66,0.5744,1208182.42,3493686.89,4701869.31,0.2570,持有
2025-01-02,27.21,1.56,0.4689,1136942.32,3493686.89,4630629.21,0.2455,持有
2025-01-03,26.74,1.53,0.4368,1117061.36,3493686.89,4610748.25,0.2423,持有
2025-01-06,26.82,1.54,0.4444,1120789.04,3493686.89,4614475.93,0.2429,持有
2025-01-07,26.92,1.54,0.4505,1124930.91,3493686.89,4618617.79,0.2436,持有
2025-01-08,26.75,1.53,0.4373,1117475.55,3493686.89,4611162.43,0.2423,持有
2025-01-09,26.66,1.53,0.4317,1113747.87,3493686.89,4607434.75,0.2417,持有
2025-01-10,26.23,1.50,0.4025,1095937.84,3493686.89,4589624.73,0.2388,持有
2025-01-13,26.28,1.51,0.4064,1098008.78,3493686.89,4591695.66,0.2391,持有
2025-01-14,27.46,1.57,0.4823,1147296.99,3493686.89,4640983.87,0.2472,持有
2025-01-15,27.13,1.56,0.4653,1133628.83,3493686.89,4627315.71,0.2450,持有
2025-01-16,27.01,1.55,0.4573,1128658.59,3493686.89,4622345.47,0.2442,持有
2025-01-17,27.07,1.55,0.4620,1131143.71,3493686.89,4624830.59,0.2446,持有
2025-01-20,27.16,1.56,0.4674,1134871.39,3493686.89,4628558.27,0.2452,持有
2025-01-21,27.18,1.56,0.4680,1135699.76,3493686.89,4629386.65,0.2453,持有
2025-01-22,26.99,1.55,0.4560,1127830.21,3493686.89,4621517.10,0.2440,持有
2025-01-23,27.21,1.56,0.4705,1136942.32,3493686.89,4630629.21,0.2455,持有
2025-01-24,27.30,1.57,0.4755,1140670.00,3493686.89,4634356.89,0.2461,持有
2025-01-27,26.70,1.53,0.4341,1115404.61,3493686.89,4609091.50,0.2420,持有
2025-02-05,26.72,1.53,0.4348,1116232.99,3493686.89,4609919.87,0.2421,持有
2025-02-06,27.13,1.56,0.4654,1133628.83,3493686.89,4627315.71,0.2450,持有
2025-02-07,27.90,1.60,0.5133,1165521.20,3493686.89,4659208.08,0.2502,持有
2025-02-10,27.91,1.60,0.5153,1165935.38,3493686.89,4659622.27,0.2502,持有
2025-02-11,27.73,1.59,0.5011,1158480.02,3493686.89,4652166.91,0.2490,持有
2025-02-12,28.02,1.61,0.5226,1170905.62,3493686.89,4664592.51,0.2510,持有
2025-02-13,27.88,1.60,0.5119,1164692.82,3493686.89,4658379.71,0.2500,持有
2025-02-14,27.99,1.61,0.5218,1169663.06,3493686.89,4663349.95,0.2508,持有
2025-02-17,28.04,1.61,0.5244,1171734.00,3493686.89,4665420.88,0.2512,持有
2025-02-18,27.30,1.57,0.4749,1140670.00,3493686.89,4634356.89,0.2461,持有
2025-02-19,27.75,1.59,0.5024,1159308.40,3493686.89,4652995.28,0.2492,持有
2025-02-20,27.65,1.59,0.4955,1155166.53,3493686.89,4648853.42,0.2485,持有
2025-02-21,28.21,1.62,0.5333,1178775.17,3493686.89,4672462.06,0.2523,持有
2025-02-24,28.10,1.61,0.5269,1174219.12,3493686.89,4667906.00,0.2516,持有
2025-02-25,27.59,1.58,0.4913,1152681.41,3493686.89,4646368.30,0.2481,持有
2025-02-26,28.20,1.62,0.5334,1178360.98,3493686.89,4672047.87,0.2522,持有
2025-02-27,27.99,1.61,0.5216,1169663.06,3493686.89,4663349.95,0.2508,持有
2025-02-28,27.09,1.55,0.4615,1131972.08,3493686.89,4625658.97,0.2447,持有
2025-03-03,27.12,1.56,0.4630,1133214.64,3493686.89,4626901.53,0.2449,持有
2025-03-04,27.12,1.56,0.4628,1133214.64,3493686.89,4626901.53,0.2449,持有
2025-03-05,27.10,1.55,0.4616,1132386.27,3493686.89,4626073.15,0.2448,持有
2025-03-06,27.76,1.59,0.5036,1159722.58,3493686.89,4653409.47,0.2492,持有
2025-03-07,27.34,1.57,0.4773,1142326.75,3493686.89,4636013.63,0.2464,持有
2025-03-10,27.00,1.55,0.4543,1128244.40,3493686.89,4621931.29,0.2441,持有
2025-03-11,27.06,1.55,0.4590,1130729.52,3493686.89,4624416.41,0.2445,持有
2025-03-12,27.06,1.55,0.4589,1130729.52,3493686.89,4624416.41,0.2445,持有
2025-03-13,26.86,1.54,0.4442,1122445.79,3493686.89,4616132.67,0.2432,持有
2025-03-14,27.83,1.60,0.5104,1162621.89,3493686.89,4656308.78,0.2497,持有
2025-03-17,27.62,1.58,0.4941,1153923.97,3493686.89,4647610.86,0.2483,持有
2025-03-18,27.71,1.59,0.4999,1157651.65,3493686.89,4651338.54,0.2489,持有
2025-03-19,27.69,1.59,0.4984,1156823.28,3493686.89,4650510.16,0.2488,持有
2025-03-20,27.44,1.57,0.4813,1146468.61,3493686.89,4640155.50,0.2471,持有
2025-03-21,26.85,1.54,0.4426,1122031.60,3493686.89,4615718.49,0.2431,持有
2025-03-24,26.95,1.55,0.4495,1126173.47,3493686.89,4619860.35,0.2438,持有
2025-03-25,26.79,1.54,0.4360,1119132.29,3493686.89,4612819.18,0.2426,持有
2025-03-26,26.75,1.53,0.4329,1117475.55,3493686.89,4611162.43,0.2423,持有
2025-03-27,26.67,1.52,0.4185,1114162.05,3493686.89,4607848.94,0.2418,持有
2025-03-28,26.57,1.51,0.4095,1110020.19,3493686.89,4603707.07,0.2411,持有
2025-03-31,26.29,1.50,0.3906,1098422.96,3493686.89,4592109.85,0.2392,持有
2025-04-01,26.21,1.49,0.3856,1095109.47,3493686.89,4588796.36,0.2386,持有
2025-04-02,26.31,1.50,0.3939,1099251.34,3493686.89,4592938.22,0.2393,持有
2025-04-03,26.21,1.49,0.3854,1095109.47,3493686.89,4588796.36,0.2386,持有
2025-04-07,23.81,1.36,0.2086,944876.30,3543686.89,4488563.19,0.2105,买入(补至30% + 定投50000.0)
2025-04-08,24.29,1.38,0.2443,1373475.48,3190661.22,4564136.71,0.3009,持有
2025-04-09,24.67,1.41,0.2705,1395338.97,3190661.22,4586000.19,0.3043,持有
2025-04-10,24.92,1.42,0.2938,1409354.03,3190661.22,4600015.25,0.3064,持有
2025-04-11,25.14,1.43,0.3133,1421687.28,3190661.22,4612348.50,0.3082,持有
2025-04-14,25.01,1.43,0.3030,1414399.45,3190661.22,4605060.67,0.3071,持有
2025-04-15,24.89,1.42,0.2903,1407672.22,3190661.22,4598333.44,0.3061,持有
2025-04-16,24.93,1.42,0.2940,1409914.63,3190661.22,4600575.85,0.3065,持有
2025-04-17,24.95,1.42,0.2969,1411035.83,3190661.22,4601697.06,0.3066,持有
2025-04-18,24.93,1.42,0.2939,1409914.63,3190661.22,4600575.85,0.3065,持有
2025-04-21,25.01,1.43,0.3037,1414399.45,3190661.22,4605060.67,0.3071,持有
2025-04-22,24.86,1.42,0.2881,1405990.41,3190661.22,4596651.64,0.3059,持有
2025-04-23,24.91,1.42,0.2928,1408793.42,3190661.22,4599454.65,0.3063,持有
2025-04-24,24.78,1.41,0.2799,1401505.60,3190661.22,4592166.82,0.3052,持有
2025-04-25,24.98,1.42,0.3012,1412717.64,3190661.22,4603378.86,0.3069,持有
2025-04-28,24.91,1.42,0.2929,1408793.42,3190661.22,4599454.65,0.3063,持有
2025-04-29,24.79,1.41,0.2816,1402066.20,3190661.22,4592727.42,0.3053,持有
2025-04-30,24.86,1.38,0.2419,1405990.41,3190661.22,4596651.64,0.3059,持有
2025-05-06,25.29,1.41,0.2723,1430096.31,3190661.22,4620757.53,0.3095,持有
2025-05-07,25.45,1.42,0.2861,1439065.95,3190661.22,4629727.17,0.3108,持有
2025-05-08,25.64,1.43,0.3066,1449717.39,3190661.22,4640378.61,0.3124,持有
2025-05-09,25.33,1.41,0.2761,1432338.72,3190661.22,4622999.94,0.3098,持有
2025-05-12,26.07,1.45,0.3425,1474383.89,3190661.22,4665045.11,0.3160,持有
2025-05-13,25.86,1.44,0.3259,1462611.24,3190661.22,4653272.46,0.3143,持有
2025-05-14,26.83,1.49,0.3882,1517550.26,3190661.22,4708211.48,0.3223,持有
2025-05-15,26.35,1.47,0.3628,1490080.75,3190661.22,4680741.97,0.3183,持有
2025-05-16,25.98,1.45,0.3365,1469338.47,3190661.22,4659999.69,0.3153,持有
2025-05-19,25.88,1.44,0.3279,1463732.44,3190661.22,4654393.67,0.3145,持有
2025-05-20,25.86,1.44,0.3254,1462611.24,3190661.22,4653272.46,0.3143,持有
2025-05-21,25.81,1.44,0.3213,1459808.23,3190661.22,4650469.45,0.3139,持有
2025-05-22,25.76,1.43,0.3175,1457005.22,3190661.22,4647666.44,0.3135,持有
2025-05-23,25.45,1.42,0.2855,1439065.95,3190661.22,4629727.17,0.3108,持有
2025-05-26,25.40,1.41,0.2814,1436262.93,3190661.22,4626924.16,0.3104,持有
2025-05-27,25.29,1.41,0.2712,1430096.31,3190661.22,4620757.53,0.3095,持有
2025-05-28,25.20,1.40,0.2624,1425050.89,3190661.22,4615712.11,0.3087,持有
2025-05-29,25.48,1.42,0.2897,1440747.75,3190661.22,4631408.97,0.3111,持有
2025-05-30,25.30,1.41,0.2729,1430656.91,3190661.22,4621318.13,0.3096,持有
2025-06-03,25.37,1.41,0.2792,1434581.13,3190661.22,4625242.35,0.3102,持有
2025-06-04,25.66,1.43,0.3105,1451399.19,3190661.22,4642060.42,0.3127,持有
2025-06-05,25.95,1.44,0.3364,1467656.66,3190661.22,4658317.88,0.3151,持有
2025-06-06,25.75,1.43,0.3177,1456444.61,3190661.22,4647105.84,0.3134,持有
2025-06-09,26.20,1.46,0.3543,1481671.72,3190661.22,4672332.94,0.3171,持有
2025-06-10,25.72,1.43,0.3147,1454762.81,3190661.22,4645424.03,0.3132,持有
2025-06-11,26.15,1.46,0.3501,1478868.70,3190661.22,4669529.93,0.3167,持有
2025-06-12,26.21,1.46,0.3554,1482232.32,3190661.22,4672893.54,0.3172,持有
2025-06-13,26.07,1.45,0.3449,1474383.89,3190661.22,4665045.11,0.3160,持有
2025-06-16,26.45,1.47,0.3727,1495686.77,3190661.22,4686347.99,0.3192,持有
2025-06-17,26.47,1.47,0.3736,1496807.98,3190661.22,4687469.20,0.3193,持有
2025-06-18,26.15,1.46,0.3499,1478868.70,3190661.22,4669529.93,0.3167,持有
2025-06-19,25.68,1.43,0.3112,1452520.40,3190661.22,4643181.62,0.3128,持有
2025-06-20,25.65,1.43,0.3087,1450838.59,3190661.22,4641499.81,0.3126,持有
2025-06-23,26.00,1.45,0.3407,1470459.67,3190661.22,4661120.89,0.3155,持有
2025-06-24,26.68,1.48,0.3848,1508580.62,3190661.22,4699241.84,0.3210,持有
2025-06-25,27.79,1.55,0.4604,1571368.07,3190661.22,4762029.30,0.3300,持有
2025-06-26,27.33,1.52,0.4291,1545580.37,3190661.22,4736241.59,0.3263,持有
2025-06-27,27.34,1.52,0.4292,1546140.97,3190661.22,4736802.19,0.3264,持有
2025-06-30,27.38,1.52,0.4312,1548383.38,3190661.22,4739044.60,0.3267,持有
2025-07-01,27.15,1.51,0.4155,1535489.53,3190661.22,4726150.75,0.3249,持有
2025-07-02,27.04,1.50,0.4067,1529322.91,3190661.22,4719984.13,0.3240,持有
2025-07-03,27.43,1.53,0.4340,1551186.39,3190661.22,4741847.61,0.3271,持有
2025-07-04,27.42,1.53,0.4337,1550625.79,3190661.22,4741287.01,0.3270,持有
2025-07-07,27.55,1.53,0.4423,1557913.62,3190661.22,4748574.84,0.3281,持有
2025-07-08,27.78,1.55,0.4599,1570807.47,3190661.22,4761468.69,0.3299,持有
2025-07-09,27.57,1.53,0.4447,1559034.82,3190661.22,4749696.05,0.3282,持有
2025-07-10,27.98,1.56,0.4762,1582580.12,3190661.22,4773241.34,0.3316,持有
2025-07-11,28.41,1.58,0.5015,1606686.01,3190661.22,4797347.24,0.3349,持有
2025-07-14,28.16,1.57,0.4868,1592670.96,3190661.22,4783332.18,0.3330,持有
2025-07-15,27.99,1.56,0.4767,1583140.72,3190661.22,4773801.94,0.3316,持有
2025-07-16,27.84,1.55,0.4641,1574171.08,3190661.22,4764832.31,0.3304,持有
2025-07-17,28.00,1.56,0.4772,1583701.32,3190661.22,4774362.54,0.3317,持有
2025-07-18,28.09,1.56,0.4831,1588746.74,3190661.22,4779407.96,0.3324,持有
2025-07-21,28.65,1.59,0.5194,1620140.47,3190661.22,4810801.69,0.3368,持有
2025-07-22,28.68,1.60,0.5219,1621822.27,3190661.22,4812483.50,0.3370,持有
2025-07-23,29.52,1.64,0.5736,1669473.47,3190661.22,4860134.69,0.3435,持有
2025-07-24,29.78,1.66,0.5887,1684049.12,3190661.22,4874710.35,0.3455,持有
2025-07-25,29.44,1.64,0.5694,1664988.65,3190661.22,4855649.87,0.3429,持有
2025-07-28,29.70,1.65,0.5837,1679564.31,3190661.22,4870225.53,0.3449,持有
2025-07-29,29.69,1.65,0.5830,1679003.70,3190661.22,4869664.93,0.3448,持有
2025-07-30,29.52,1.64,0.5731,1669473.47,3190661.22,4860134.69,0.3435,持有
2025-07-31,28.77,1.60,0.5280,1626867.69,3190661.22,4817528.92,0.3377,持有
2025-08-01,28.50,1.59,0.5066,1611731.43,3190661.22,4802392.66,0.3356,持有
2025-08-04,28.66,1.59,0.5196,1620701.07,3190661.22,4811362.29,0.3368,持有
2025-08-05,28.93,1.61,0.5373,1635837.33,3190661.22,4826498.55,0.3389,持有
2025-08-06,28.91,1.61,0.5366,1634716.13,3190661.22,4825377.35,0.3388,持有
2025-08-07,28.86,1.61,0.5336,1631913.12,3190661.22,4822574.34,0.3384,持有
2025-08-08,28.63,1.59,0.5164,1619019.26,3190661.22,4809680.49,0.3366,持有
2025-08-11,29.12,1.62,0.5491,1647049.38,3190661.22,4837710.60,0.3405,持有
2025-08-12,29.22,1.63,0.5558,1652655.40,3190661.22,4843316.62,0.3412,持有
2025-08-13,29.36,1.63,0.5640,1660503.83,3190661.22,4851165.05,0.3423,持有
2025-08-14,29.39,1.64,0.5665,1662185.64,3190661.22,4852846.86,0.3425,持有
2025-08-15,30.83,1.72,0.6476,1743472.96,3190661.22,4934134.18,0.3533,持有
2025-08-18,31.42,1.75,0.6836,1777109.09,3190661.22,4967770.32,0.3577,持有
2025-08-19,30.75,1.71,0.6420,1738988.14,3190661.22,4929649.36,0.3528,持有
2025-08-20,30.88,1.72,0.6513,1746275.97,3190661.22,4936937.19,0.3537,持有
2025-08-21,30.61,1.70,0.6320,1731139.71,3190661.22,4921800.93,0.3517,持有
2025-08-22,31.92,1.78,0.7135,1805139.21,3190661.22,4995800.43,0.3613,持有
2025-08-25,32.14,1.77,0.7094,1817581.28,3190661.22,5008242.50,0.3629,持有
2025-08-26,31.68,1.75,0.6815,1791567.36,3190661.22,4982228.58,0.3596,持有
2025-08-27,30.89,1.70,0.6327,1746891.28,3190661.22,4937552.50,0.3538,持有
2025-08-28,31.50,1.74,0.6733,1781388.00,3190661.22,4972049.22,0.3583,持有
2025-08-29,31.48,1.72,0.6480,1780256.96,3190661.22,4970918.18,0.3581,持有
2025-09-01,31.17,1.70,0.6285,1762725.84,3190661.22,4953387.06,0.3559,持有
2025-09-02,30.78,1.68,0.6087,1740670.56,3190661.22,4931331.78,0.3530,持有
2025-09-03,29.79,1.63,0.5519,1684684.08,3190661.22,4875345.30,0.3456,持有
2025-09-04,29.56,1.61,0.5384,1671677.12,3190661.22,4862338.34,0.3438,持有
2025-09-05,29.83,1.63,0.5552,1686946.16,3190661.22,4877607.38,0.3459,持有
2025-09-08,29.45,1.61,0.5313,1665456.40,3190661.22,4856117.62,0.3430,持有
2025-09-09,29.52,1.61,0.5362,1669415.04,3190661.22,4860076.26,0.3435,持有
2025-09-10,29.48,1.61,0.5339,1667152.96,3190661.22,4857814.18,0.3432,持有
2025-09-11,30.33,1.65,0.5865,1715222.16,3190661.22,4905883.38,0.3496,持有
2025-09-12,29.78,1.62,0.5514,1684118.56,3190661.22,4874779.78,0.3455,持有
2025-09-15,29.59,1.61,0.5398,1673373.68,3190661.22,4864034.90,0.3440,持有
2025-09-16,29.28,1.60,0.5193,1655842.56,3190661.22,4846503.78,0.3417,持有
2025-09-17,28.99,1.58,0.4970,1639442.48,3190661.22,4830103.70,0.3394,持有
2025-09-18,28.35,1.55,0.4562,1603249.20,3190661.22,4793910.42,0.3344,持有
2025-09-19,28.31,1.54,0.4512,1600987.12,3190661.22,4791648.34,0.3341,持有
2025-09-22,28.78,1.57,0.4846,1627566.56,3190661.22,4818227.78,0.3378,持有
2025-09-23,28.50,1.55,0.4671,1611732.00,3190661.22,4802393.22,0.3356,持有
2025-09-24,28.69,1.57,0.4797,1622476.88,3190661.22,4813138.10,0.3371,持有
2025-09-25,28.71,1.57,0.4811,1623607.92,3190661.22,4814269.14,0.3372,持有
2025-09-26,28.72,1.57,0.4818,1624173.44,3190661.22,4814834.66,0.3373,持有
2025-09-29,30.41,1.66,0.5927,1719746.32,3190661.22,4910407.54,0.3502,持有
2025-09-30,29.90,1.63,0.5611,1690904.80,3190661.22,4881566.02,0.3464,持有
2025-10-09,29.65,1.62,0.5441,1676766.80,3190661.22,4867428.02,0.3445,持有
2025-10-10,29.68,1.62,0.5465,1678463.36,3190661.22,4869124.58,0.3447,持有
2025-10-13,29.20,1.59,0.5129,1651318.40,3190661.22,4841979.62,0.3410,持有
2025-10-14,29.03,1.58,0.4997,1641704.56,3190661.22,4832365.78,0.3397,持有
2025-10-15,29.69,1.62,0.5476,1679028.88,3190661.22,4869690.10,0.3448,持有
2025-10-16,29.65,1.62,0.5439,1676766.80,3190661.22,4867428.02,0.3445,持有
2025-10-17,29.09,1.59,0.5035,1645097.68,3190661.22,4835758.90,0.3402,持有
2025-10-20,29.23,1.59,0.5156,1653014.96,3190661.22,4843676.18,0.3413,持有
2025-10-21,29.36,1.60,0.5261,1660366.72,3190661.22,4851027.94,0.3423,持有
2025-10-22,29.19,1.59,0.5104,1650752.88,3190661.22,4841414.10,0.3410,持有
2025-10-23,29.52,1.61,0.5367,1669415.04,3190661.22,4860076.26,0.3435,持有
2025-10-24,29.87,1.63,0.5596,1689208.24,3190661.22,4879869.46,0.3462,持有
2025-10-27,29.99,1.59,0.5019,1695994.48,3190661.22,4886655.70,0.3471,持有
2025-10-28,30.00,1.59,0.5021,1696560.00,3190661.22,4887221.22,0.3471,持有
2025-10-29,30.30,1.60,0.5268,1713525.60,3190661.22,4904186.82,0.3494,持有
2025-10-30,29.68,1.57,0.4829,1678463.36,3190661.22,4869124.58,0.3447,持有
2025-10-31,29.38,1.55,0.4631,1661497.76,3190661.22,4852158.98,0.3424,持有
2025-11-03,29.22,1.55,0.4503,1652449.44,3190661.22,4843110.66,0.3412,持有
2025-11-04,29.08,1.54,0.4409,1644532.16,3190661.22,4835193.38,0.3401,持有
2025-11-05,29.06,1.54,0.4382,1643401.12,3190661.22,4834062.34,0.3400,持有
2025-11-06,29.19,1.54,0.4479,1650752.88,3190661.22,4841414.10,0.3410,持有
2025-11-07,29.00,1.53,0.4338,1640008.00,3190661.22,4830669.22,0.3395,持有
2025-11-10,29.30,1.55,0.4585,1656973.60,3190661.22,4847634.82,0.3418,持有
2025-11-11,29.06,1.54,0.4380,1643401.12,3190661.22,4834062.34,0.3400,持有
2025-11-12,28.90,1.53,0.4268,1634352.80,3190661.22,4825014.02,0.3387,持有
2025-11-13,29.08,1.54,0.4411,1644532.16,3190661.22,4835193.38,0.3401,持有
2025-11-14,28.64,1.51,0.4092,1619649.28,3190661.22,4810310.50,0.3367,持有
2025-11-17,28.29,1.50,0.3882,1599856.08,3190661.22,4790517.30,0.3340,持有
2025-11-18,28.22,1.49,0.3819,1595897.44,3190661.22,4786558.66,0.3334,持有
2025-11-19,28.30,1.50,0.3888,1600421.60,3190661.22,4791082.82,0.3340,持有
2025-11-20,28.30,1.50,0.3887,1600421.60,3190661.22,4791082.82,0.3340,持有
2025-11-21,27.30,1.44,0.3262,1543869.60,3190661.22,4734530.82,0.3261,持有
2025-11-24,27.39,1.45,0.3349,1548959.28,3190661.22,4739620.50,0.3268,持有
2025-11-25,27.47,1.45,0.3392,1553483.44,3190661.22,4744144.66,0.3275,持有
2025-11-26,27.60,1.46,0.3478,1560835.20,3190661.22,4751496.42,0.3285,持有
2025-11-27,27.58,1.46,0.3470,1559704.16,3190661.22,4750365.38,0.3283,持有
2025-11-28,27.59,1.46,0.3479,1560269.68,3190661.22,4750930.90,0.3284,持有
2025-12-01,27.67,1.46,0.3540,1564793.84,3190661.22,4755455.06,0.3291,持有
