日期,收盘价,估值指标,估值分位点,持仓市值,现金,总资产,仓位比例,信号
2015-01-05,146.85,15.67,0.3793,0.00,100000.00,100000.00,0.0000,买入(补至40%)
2015-01-06,143.45,15.31,0.3773,39018.91,60553.09,99572.00,0.3919,持有
2015-01-07,139.91,14.93,0.3625,38054.43,60553.09,98607.52,0.3859,持有
2015-01-08,139.05,14.84,0.3597,37821.70,60553.09,98374.79,0.3845,持有
2015-01-09,138.00,14.72,0.3530,37535.71,60553.09,98088.80,0.3827,持有
2015-01-12,135.19,14.42,0.3277,36770.44,60553.09,97323.53,0.3778,持有
2015-01-13,134.06,14.30,0.3210,36464.72,60553.09,97017.81,0.3759,持有
2015-01-14,132.83,14.17,0.3143,36129.42,60553.09,96682.51,0.3737,持有
2015-01-15,134.92,14.40,0.3261,36699.43,60553.09,97252.52,0.3774,持有
2015-01-16,134.95,14.40,0.3266,36707.32,60553.09,97260.41,0.3774,持有
2015-01-19,127.25,13.58,0.2902,34610.72,60553.09,95163.81,0.3637,买入(补至70%)
2015-01-20,129.13,13.78,0.2956,67535.31,28516.24,96051.55,0.7031,持有
2015-01-21,132.23,14.11,0.3114,69158.47,28516.24,97674.71,0.7080,持有
2015-01-22,131.41,14.02,0.3087,68729.92,28516.24,97246.16,0.7068,持有
2015-01-23,131.26,14.01,0.3085,68650.28,28516.24,97166.52,0.7065,持有
2015-01-26,132.55,14.14,0.3147,69325.33,28516.24,97841.57,0.7085,持有
2015-01-27,130.60,13.94,0.3024,68305.17,28516.24,96821.41,0.7055,持有
2015-01-28,128.69,13.73,0.2942,67303.97,28516.24,95820.22,0.7024,持有
2015-01-29,127.73,13.63,0.2907,66803.38,28516.24,95319.62,0.7008,持有
2015-01-30,128.48,13.71,0.2921,67193.99,28516.24,95710.24,0.7021,持有
2015-02-02,126.77,13.53,0.2879,66298.99,28516.24,94815.23,0.6992,持有
2015-02-03,129.34,13.80,0.2980,67645.29,28516.24,96161.53,0.7035,持有
2015-02-04,128.53,13.71,0.2930,67220.54,28516.24,95736.78,0.7021,持有
2015-02-05,126.21,13.47,0.2848,66006.97,28516.24,94523.21,0.6983,持有
2015-02-06,126.61,13.51,0.2878,66215.55,28516.24,94731.79,0.6990,持有
2015-02-09,133.64,14.26,0.3272,69894.19,28516.24,98410.43,0.7102,持有
2015-02-10,132.61,14.15,0.3206,69355.67,28516.24,97871.91,0.7086,持有
2015-02-11,132.81,14.17,0.3220,69458.07,28516.24,97974.31,0.7089,持有
2015-02-12,133.11,14.20,0.3241,69617.35,28516.24,98133.59,0.7094,持有
2015-02-13,132.33,14.12,0.3175,69207.77,28516.24,97724.01,0.7082,持有
2015-02-16,132.92,14.18,0.3236,69518.74,28516.24,98034.99,0.7091,持有
2015-02-17,132.13,14.10,0.3154,69105.37,28516.24,97621.61,0.7079,持有
2015-02-25,133.39,14.23,0.3270,69765.25,28516.24,98281.49,0.7099,持有
2015-02-26,135.34,14.44,0.3425,70781.62,28516.24,99297.86,0.7128,持有
2015-02-27,138.54,14.78,0.3722,72454.07,28516.24,100970.31,0.7176,持有
2015-03-02,138.30,14.76,0.3719,72332.72,28516.24,100848.96,0.7172,持有
2015-03-03,134.84,14.39,0.3370,70519.94,28516.24,99036.18,0.7121,持有
2015-03-04,135.74,14.48,0.3462,70990.20,28516.24,99506.44,0.7134,持有
2015-03-05,134.53,14.35,0.3349,70356.87,28516.24,98873.11,0.7116,持有
2015-03-06,133.15,14.21,0.3244,69636.31,28516.24,98152.55,0.7095,持有
2015-03-09,138.91,14.82,0.3768,72647.49,28516.24,101163.73,0.7181,持有
2015-03-10,136.20,14.53,0.3529,71232.92,28516.24,99749.16,0.7141,持有
2015-03-11,139.21,14.85,0.3793,72806.77,28516.24,101323.01,0.7186,持有
2015-03-12,139.77,14.91,0.3814,73098.78,28516.24,101615.02,0.7194,持有
2015-03-13,137.71,14.69,0.3678,72021.74,28516.24,100537.98,0.7164,持有
2015-03-16,140.50,14.99,0.3855,73481.82,28516.24,101998.06,0.7204,持有
2015-03-17,142.68,15.22,0.3961,74623.33,28516.24,103139.58,0.7235,持有
2015-03-18,144.63,15.43,0.3997,75639.70,28516.24,104155.94,0.7262,持有
2015-03-19,141.60,15.11,0.3916,74058.26,28516.24,102574.51,0.7220,持有
2015-03-20,140.06,14.94,0.3827,73250.48,28516.24,101766.72,0.7198,持有
2015-03-23,141.46,15.09,0.3917,73982.42,28516.24,102498.66,0.7218,持有
2015-03-24,141.90,15.14,0.3953,74213.75,28516.24,102729.99,0.7224,持有
2015-03-25,139.79,14.92,0.3802,73110.16,28516.24,101626.40,0.7194,持有
2015-03-26,143.98,15.36,0.4017,75302.18,28516.24,103818.42,0.7253,持有
2015-03-27,141.07,15.05,0.3890,73781.42,28516.24,102297.66,0.7212,持有
2015-03-30,142.68,15.22,0.3980,74623.33,28516.24,103139.58,0.7235,持有
2015-03-31,142.10,15.16,0.3969,74316.15,28516.24,102832.39,0.7227,持有
2015-04-01,141.65,15.11,0.3927,74081.02,28516.24,102597.26,0.7221,持有
2015-04-02,141.10,15.06,0.3885,73792.80,28516.24,102309.04,0.7213,持有
2015-04-03,142.71,15.23,0.4006,74638.50,28516.24,103154.74,0.7236,持有
2015-04-07,145.51,15.53,0.4065,76102.38,28516.24,104618.62,0.7274,持有
2015-04-08,148.29,15.82,0.4085,77554.87,28516.24,106071.11,0.7312,持有
2015-04-09,145.03,15.47,0.4059,75848.28,28516.24,104364.52,0.7268,持有
2015-04-10,145.18,15.49,0.4063,75931.72,28516.24,104447.96,0.7270,持有
2015-04-13,147.85,15.78,0.4091,77327.33,28516.24,105843.57,0.7306,持有
2015-04-14,149.38,15.94,0.4103,78123.73,28516.24,106639.97,0.7326,持有
2015-04-15,149.16,15.92,0.4100,78009.96,28516.24,106526.20,0.7323,持有
2015-04-16,164.07,17.51,0.4343,85810.96,28516.24,114327.20,0.7506,持有
2015-04-17,168.64,17.99,0.4432,88196.38,28516.24,116712.63,0.7557,持有
2015-04-20,169.70,18.11,0.4467,88753.87,28516.24,117270.11,0.7568,持有
2015-04-21,186.67,18.36,0.4479,97628.12,28516.24,126144.36,0.7739,持有
2015-04-22,191.35,18.82,0.4506,100078.02,28516.24,128594.26,0.7782,持有
2015-04-23,185.66,18.26,0.4464,97100.97,28516.24,125617.21,0.7730,持有
2015-04-24,187.44,18.43,0.4484,98030.11,28516.24,126546.36,0.7747,持有
2015-04-27,185.48,18.24,0.4457,97006.16,28516.24,125522.40,0.7728,持有
2015-04-28,179.75,17.68,0.4347,94010.16,28516.24,122526.40,0.7673,持有
2015-04-29,181.12,17.81,0.4366,94726.92,28516.24,123243.16,0.7686,持有
2015-04-30,182.90,17.99,0.4416,95656.06,28516.24,124172.30,0.7703,持有
2015-05-04,184.89,18.18,0.4466,96695.19,28516.24,125211.43,0.7723,持有
2015-05-05,174.72,17.18,0.4242,91378.22,28516.24,119894.46,0.7622,持有
2015-05-06,175.97,17.30,0.4262,92034.31,28516.24,120550.55,0.7634,持有
2015-05-07,177.61,17.47,0.4304,92887.60,28516.24,121403.84,0.7651,持有
2015-05-08,184.31,18.12,0.4476,96391.79,28516.24,124908.03,0.7717,持有
2015-05-11,186.68,18.36,0.4518,97631.91,28516.24,126148.15,0.7739,持有
2015-05-12,184.49,18.14,0.4476,96486.60,28516.24,125002.84,0.7719,持有
2015-05-13,185.92,18.28,0.4503,97237.50,28516.24,125753.74,0.7732,持有
2015-05-14,182.30,17.93,0.4394,95345.09,28516.24,123861.33,0.7698,持有
2015-05-15,177.78,17.48,0.4300,92978.62,28516.24,121494.86,0.7653,持有
2015-05-18,174.86,17.19,0.4221,91450.28,28516.24,119966.52,0.7623,持有
2015-05-19,181.31,17.83,0.4384,94825.52,28516.24,123341.77,0.7688,持有
2015-05-20,184.15,18.11,0.4479,96308.36,28516.24,124824.60,0.7715,持有
2015-05-21,187.51,18.44,0.4558,98068.04,28516.24,126584.28,0.7747,持有
2015-05-22,200.03,19.67,0.4638,104617.54,28516.24,133133.78,0.7858,持有
2015-05-25,207.99,20.45,0.4687,108777.82,28516.24,137294.06,0.7923,持有
2015-05-26,207.05,20.36,0.4676,108288.60,28516.24,136804.84,0.7916,持有
2015-05-27,200.79,19.74,0.4635,105011.95,28516.24,133528.19,0.7864,持有
2015-05-28,189.34,18.62,0.4556,99023.73,28516.24,127539.97,0.7764,持有
2015-05-29,191.31,18.81,0.4576,100055.26,28516.24,128571.50,0.7782,持有
2015-06-01,196.84,19.36,0.4617,102948.88,28516.24,131465.12,0.7831,持有
2015-06-02,193.33,19.01,0.4591,101113.35,28516.24,129629.59,0.7800,持有
2015-06-03,190.56,18.74,0.4558,99660.85,28516.24,128177.09,0.7775,持有
2015-06-04,187.24,18.41,0.4517,97923.93,28516.24,126440.17,0.7745,持有
2015-06-05,184.07,18.10,0.4431,96266.64,28516.24,124782.88,0.7715,持有
2015-06-08,191.90,18.87,0.4592,100362.45,28516.24,128878.69,0.7787,持有
2015-06-09,187.83,18.47,0.4544,98234.91,28516.24,126751.15,0.7750,持有
2015-06-10,189.29,18.61,0.4548,99000.97,28516.24,127517.21,0.7764,持有
2015-06-11,188.58,18.54,0.4545,98625.52,28516.24,127141.76,0.7757,持有
2015-06-12,192.88,18.97,0.4609,100878.22,28516.24,129394.46,0.7796,持有
2015-06-15,189.18,18.60,0.4545,98940.29,28516.24,127456.54,0.7763,持有
2015-06-16,184.15,18.11,0.4423,96308.36,28516.24,124824.60,0.7715,持有
2015-06-17,184.97,18.19,0.4457,96740.69,28516.24,125256.93,0.7723,持有
2015-06-18,176.91,17.40,0.4208,92523.53,28516.24,121039.77,0.7644,持有
2015-06-19,170.63,16.78,0.4064,89239.30,28516.24,117755.54,0.7578,持有
2015-06-23,182.91,17.99,0.4373,95663.65,28516.24,124179.89,0.7704,持有
2015-06-24,189.41,18.63,0.4585,99061.65,28516.24,127577.89,0.7765,持有
2015-06-25,182.58,17.95,0.4344,95489.20,28516.24,124005.44,0.7700,持有
2015-06-26,175.81,17.29,0.4163,91947.08,28516.24,120463.32,0.7633,持有
2015-06-29,178.85,17.59,0.4249,93536.10,28516.24,122052.34,0.7664,持有
2015-06-30,186.83,18.37,0.4527,97711.55,28516.24,126227.79,0.7741,持有
2015-07-01,186.71,18.36,0.4523,97650.87,28516.24,126167.11,0.7740,持有
2015-07-02,188.75,18.56,0.4579,98716.54,28516.24,127232.78,0.7759,持有
2015-07-03,181.14,17.81,0.4295,94738.30,28516.24,123254.54,0.7686,持有
2015-07-06,184.21,18.11,0.4447,96342.49,28516.24,124858.73,0.7716,持有
2015-07-07,177.06,17.41,0.4193,92603.17,28516.24,121119.41,0.7646,持有
2015-07-08,171.75,16.89,0.4065,89827.12,28516.24,118343.36,0.7590,持有
2015-07-09,187.04,18.39,0.4547,97821.53,28516.24,126337.77,0.7743,持有
2015-07-10,192.59,18.94,0.4676,100722.73,28516.24,129238.97,0.7794,持有
2015-07-13,186.90,18.38,0.4541,97749.48,28516.24,126265.72,0.7742,持有
2015-07-14,180.59,17.76,0.4266,94450.08,28516.24,122966.32,0.7681,持有
2015-07-15,182.20,17.92,0.4336,95288.20,28516.24,123804.44,0.7697,持有
2015-07-16,182.43,17.94,0.4348,95413.35,28516.24,123929.59,0.7699,持有
2015-07-17,185.32,17.91,0.4330,96920.39,28516.24,125436.63,0.7727,持有
2015-07-20,182.73,17.66,0.4246,95570.32,28516.24,124086.56,0.7702,持有
2015-07-21,179.93,17.39,0.4155,94105.63,28516.24,122621.87,0.7674,持有
2015-07-22,176.26,17.03,0.4064,92182.42,28516.24,120698.66,0.7637,持有
2015-07-23,178.21,17.22,0.4112,93205.58,28516.24,121721.82,0.7657,持有
2015-07-24,177.95,17.19,0.4095,93065.48,28516.24,121581.72,0.7655,持有
2015-07-27,163.59,15.81,0.3880,85555.20,28516.24,114071.44,0.7500,持有
2015-07-28,167.08,16.14,0.3921,87385.01,28516.24,115901.25,0.7540,持有
2015-07-29,168.63,16.29,0.3948,88195.90,28516.24,116712.14,0.7557,持有
2015-07-30,167.19,16.15,0.3923,87440.20,28516.24,115956.44,0.7541,持有
2015-07-31,167.90,16.22,0.3942,87809.56,28516.24,116325.80,0.7549,持有
2015-08-03,170.11,16.44,0.3990,88968.58,28516.24,117484.82,0.7573,持有
2015-08-04,172.07,16.63,0.4001,89991.74,28516.24,118507.98,0.7594,持有
2015-08-05,168.19,16.25,0.3948,87962.40,28516.24,116478.64,0.7552,持有
2015-08-06,166.38,16.08,0.3894,87015.65,28516.24,115531.89,0.7532,持有
2015-08-07,167.98,16.23,0.3942,87852.01,28516.24,116368.26,0.7549,持有
2015-08-10,172.34,16.65,0.4026,90131.84,28516.24,118648.09,0.7597,持有
2015-08-11,171.08,16.53,0.4009,89473.79,28516.24,117990.03,0.7583,持有
2015-08-12,170.04,16.43,0.3991,88930.37,28516.24,117446.61,0.7572,持有
2015-08-13,170.07,16.43,0.3996,88947.35,28516.24,117463.59,0.7572,持有
2015-08-14,170.45,16.47,0.4007,89146.89,28516.24,117663.13,0.7576,持有
2015-08-17,167.40,16.18,0.3903,87550.58,28516.24,116066.82,0.7543,持有
2015-08-18,163.21,15.77,0.3828,85359.91,28516.24,113876.15,0.7496,持有
2015-08-19,163.67,15.81,0.3847,85597.66,28516.24,114113.90,0.7501,持有
2015-08-20,158.35,15.30,0.3758,82816.86,28516.24,111333.10,0.7439,持有
2015-08-21,151.25,14.62,0.3302,79106.30,28516.24,107622.54,0.7350,持有
2015-08-24,137.71,13.31,0.2509,72020.57,28516.24,100536.81,0.7164,持有
2015-08-25,143.35,13.85,0.2730,74971.18,28516.24,103487.43,0.7244,持有
2015-08-26,149.27,14.42,0.3144,78066.15,28516.24,106582.39,0.7324,持有
2015-08-27,159.97,15.46,0.3802,83665.96,28516.24,112182.20,0.7458,持有
2015-08-28,156.39,15.12,0.3677,81789.45,28516.24,110305.69,0.7415,持有
2015-08-31,158.59,15.33,0.3789,82944.22,28516.24,111460.46,0.7442,持有
2015-09-01,157.78,15.25,0.3765,82519.67,28516.24,111035.91,0.7432,持有
2015-09-02,157.98,15.27,0.3770,82621.57,28516.24,111137.81,0.7434,持有
2015-09-07,153.19,14.81,0.3467,80116.72,28516.24,108632.96,0.7375,持有
2015-09-08,153.68,14.86,0.3507,80375.70,28516.24,108891.94,0.7381,持有
2015-09-09,155.74,15.06,0.3633,81454.05,28516.24,109970.30,0.7407,持有
2015-09-10,156.84,15.16,0.3723,82027.20,28516.24,110543.44,0.7420,持有
2015-09-11,156.60,15.14,0.3706,81899.83,28516.24,110416.07,0.7417,持有
2015-09-14,164.41,15.89,0.3925,85984.00,28516.24,114500.24,0.7510,持有
2015-09-15,163.98,15.85,0.3922,85758.99,28516.24,114275.23,0.7505,持有
2015-09-16,166.05,16.05,0.3954,86841.59,28516.24,115357.83,0.7528,持有
2015-09-17,160.73,15.54,0.3866,84060.79,28516.24,112577.03,0.7467,持有
2015-09-18,161.89,15.65,0.3878,84667.89,28516.24,113184.13,0.7481,持有
2015-09-21,161.78,15.64,0.3875,84612.70,28516.24,113128.94,0.7479,持有
2015-09-22,161.76,15.64,0.3872,84599.97,28516.24,113116.21,0.7479,持有
2015-09-23,158.07,15.28,0.3785,82668.27,28516.24,111184.51,0.7435,持有
2015-09-24,157.48,15.22,0.3725,82362.59,28516.24,110878.83,0.7428,持有
2015-09-25,157.04,15.18,0.3723,82133.33,28516.24,110649.57,0.7423,持有
2015-09-28,155.35,15.02,0.3564,81250.27,28516.24,109766.51,0.7402,持有
2015-09-29,154.37,14.92,0.3512,80736.57,28516.24,109252.81,0.7390,持有
2015-09-30,154.49,14.93,0.3524,80796.00,28516.24,109312.24,0.7391,持有
2015-10-08,160.34,15.50,0.3874,83857.00,28516.24,112373.24,0.7462,持有
2015-10-09,159.88,15.46,0.3843,83615.01,28516.24,112131.25,0.7457,持有
2015-10-12,160.80,15.54,0.3897,84099.00,28516.24,112615.24,0.7468,持有
2015-10-13,161.33,15.60,0.3908,84374.95,28516.24,112891.20,0.7474,持有
2015-10-14,160.59,15.52,0.3878,83988.61,28516.24,112504.86,0.7465,持有
2015-10-15,162.34,15.69,0.3945,84905.64,28516.24,113421.88,0.7486,持有
2015-10-16,162.95,15.75,0.3949,85224.05,28516.24,113740.29,0.7493,持有
2015-10-19,164.56,15.91,0.4003,86064.66,28516.24,114580.90,0.7511,持有
2015-10-20,163.95,15.85,0.3986,85746.25,28516.24,114262.49,0.7504,持有
2015-10-21,162.60,15.72,0.3941,85041.50,28516.24,113557.74,0.7489,持有
2015-10-22,164.41,15.89,0.4001,85984.00,28516.24,114500.24,0.7510,持有
2015-10-23,171.26,16.48,0.4195,89571.44,28516.24,118087.68,0.7585,持有
2015-10-26,176.74,17.01,0.4297,92437.15,28516.24,120953.39,0.7642,持有
2015-10-27,174.73,16.81,0.4245,91384.27,28516.24,119900.51,0.7622,持有
2015-10-28,172.45,16.60,0.4200,90191.28,28516.24,118707.52,0.7598,持有
2015-10-29,172.90,16.64,0.4211,90429.03,28516.24,118945.27,0.7603,持有
2015-10-30,173.60,16.71,0.4229,90794.14,28516.24,119310.38,0.7610,持有
2015-11-02,172.55,16.60,0.4198,90242.23,28516.24,118758.47,0.7599,持有
2015-11-03,170.23,16.38,0.4139,89032.26,28516.24,117548.50,0.7574,持有
2015-11-04,174.51,16.79,0.4255,91269.64,28516.24,119785.88,0.7619,持有
2015-11-05,175.79,16.92,0.4308,91940.43,28516.24,120456.67,0.7633,持有
2015-11-06,177.30,17.06,0.4346,92730.09,28516.24,121246.33,0.7648,持有
2015-11-09,179.26,17.25,0.4406,93753.25,28516.24,122269.49,0.7668,持有
2015-11-10,180.52,17.37,0.4437,94411.30,28516.24,122927.54,0.7680,持有
2015-11-11,178.71,17.20,0.4379,93464.56,28516.24,121980.80,0.7662,持有
2015-11-12,178.59,17.19,0.4362,93405.12,28516.24,121921.36,0.7661,持有
2015-11-13,174.62,16.80,0.4241,91324.83,28516.24,119841.07,0.7620,持有
2015-11-16,173.54,16.70,0.4211,90760.18,28516.24,119276.42,0.7609,持有
2015-11-17,174.01,16.75,0.4221,91006.42,28516.24,119522.66,0.7614,持有
2015-11-18,174.25,16.77,0.4225,91133.78,28516.24,119650.02,0.7617,持有
2015-11-19,174.55,16.80,0.4250,91290.86,28516.24,119807.11,0.7620,持有
2015-11-20,173.49,16.70,0.4199,90734.71,28516.24,119250.95,0.7609,持有
2015-11-23,172.60,16.61,0.4168,90267.70,28516.24,118783.94,0.7599,持有
2015-11-24,171.84,16.54,0.4152,89872.87,28516.24,118389.11,0.7591,持有
2015-11-25,172.89,16.64,0.4183,90420.54,28516.24,118936.78,0.7602,持有
2015-11-26,172.77,16.63,0.4174,90361.10,28516.24,118877.34,0.7601,持有
2015-11-27,168.63,16.23,0.4033,88195.90,28516.24,116712.14,0.7557,持有
2015-11-30,173.97,16.74,0.4237,90985.19,28516.24,119501.43,0.7614,持有
2015-12-01,173.55,16.70,0.4227,90768.67,28516.24,119284.91,0.7609,持有
2015-12-02,179.87,17.31,0.4478,94071.66,28516.24,122587.90,0.7674,持有
2015-12-03,178.75,17.20,0.4434,93485.79,28516.24,122002.03,0.7663,持有
2015-12-04,174.78,16.82,0.4300,91409.74,28516.24,119925.98,0.7622,持有
2015-12-07,174.13,16.76,0.4243,91070.10,28516.24,119586.34,0.7615,持有
2015-12-08,172.04,16.56,0.4137,89979.01,28516.24,118495.25,0.7593,持有
2015-12-09,174.10,16.75,0.4244,91053.12,28516.24,119569.36,0.7615,持有
2015-12-10,172.87,16.64,0.4172,90412.05,28516.24,118928.29,0.7602,持有
2015-12-11,171.61,16.51,0.4115,89754.00,28516.24,118270.24,0.7589,持有
2015-12-14,173.80,16.72,0.4235,90896.03,28516.24,119412.27,0.7612,持有
2015-12-15,174.13,16.76,0.4259,91070.10,28516.24,119586.34,0.7615,持有
2015-12-16,173.64,16.71,0.4229,90815.37,28516.24,119331.61,0.7610,持有
2015-12-17,175.23,16.86,0.4349,91643.24,28516.24,120159.48,0.7627,持有
2015-12-18,176.05,16.94,0.4387,92076.28,28516.24,120592.52,0.7635,持有
2015-12-21,184.29,17.73,0.4656,96385.46,28516.24,124901.70,0.7717,持有
2015-12-22,182.67,17.58,0.4612,95536.36,28516.24,124052.60,0.7701,持有
2015-12-23,181.02,17.42,0.4575,94674.52,28516.24,123190.76,0.7685,持有
2015-12-24,182.47,17.56,0.4613,95430.22,28516.24,123946.46,0.7699,持有
2015-12-25,182.24,17.54,0.4610,95311.35,28516.24,123827.59,0.7697,持有
2015-12-28,177.87,17.12,0.4423,93027.27,28516.24,121543.51,0.7654,持有
2015-12-29,178.45,17.17,0.4427,93328.70,28516.24,121844.94,0.7660,持有
2015-12-30,177.66,17.10,0.4411,92916.89,28516.24,121433.13,0.7652,持有
2015-12-31,177.12,17.04,0.4394,92632.44,28516.24,121148.68,0.7646,持有
2016-01-04,170.49,16.41,0.4032,89163.87,28516.24,117680.11,0.7577,持有
2016-01-05,172.76,16.62,0.4124,90352.61,28516.24,118868.85,0.7601,持有
2016-01-06,172.24,16.57,0.4101,90080.90,28516.24,118597.14,0.7596,持有
2016-01-07,164.16,15.80,0.3822,85856.63,28516.24,114372.87,0.7507,持有
2016-01-08,166.11,15.98,0.3900,86875.55,28516.24,115391.79,0.7529,持有
2016-01-11,162.24,15.61,0.3756,84850.45,28516.24,113366.69,0.7485,持有
2016-01-12,159.75,15.37,0.3666,83547.08,28516.24,112063.32,0.7455,持有
2016-01-13,162.17,15.61,0.3758,84816.49,28516.24,113332.73,0.7484,持有
2016-01-14,166.26,16.00,0.3917,86956.22,28516.24,115472.46,0.7530,持有
2016-01-15,161.54,15.55,0.3739,84485.34,28516.24,113001.58,0.7476,持有
2016-01-18,161.89,15.58,0.3750,84667.89,28516.24,113184.13,0.7481,持有
2016-01-19,170.66,16.42,0.4063,89257.27,28516.24,117773.51,0.7579,持有
2016-01-20,164.23,15.80,0.3839,85894.84,28516.24,114411.08,0.7508,持有
2016-01-21,162.56,15.64,0.3783,85020.27,28516.24,113536.51,0.7488,持有
2016-01-22,164.58,15.84,0.3867,86073.15,28516.24,114589.39,0.7511,持有
2016-01-25,164.60,15.84,0.3871,86085.89,28516.24,114602.13,0.7512,持有
2016-01-26,161.55,15.55,0.3728,84489.58,28516.24,113005.82,0.7477,持有
2016-01-27,162.29,15.62,0.3766,84880.17,28516.24,113396.41,0.7485,持有
2016-01-28,159.62,15.36,0.3630,83483.40,28516.24,111999.64,0.7454,持有
2016-01-29,162.88,15.67,0.3808,85185.84,28516.24,113702.08,0.7492,持有
2016-02-01,163.40,15.72,0.3825,85457.56,28516.24,113973.80,0.7498,持有
2016-02-02,166.05,15.98,0.3943,86841.59,28516.24,115357.83,0.7528,持有
2016-02-03,165.32,15.91,0.3927,86463.74,28516.24,114979.98,0.7520,持有
2016-02-04,166.40,16.01,0.3971,87028.39,28516.24,115544.63,0.7532,持有
2016-02-05,165.49,15.93,0.3935,86552.89,28516.24,115069.13,0.7522,持有
2016-02-15,162.68,15.66,0.3786,85083.95,28516.24,113600.19,0.7490,持有
2016-02-16,165.53,15.93,0.3943,86574.12,28516.24,115090.36,0.7522,持有
2016-02-17,164.22,15.80,0.3847,85886.35,28516.24,114402.59,0.7507,持有
2016-02-18,163.74,15.76,0.3825,85635.87,28516.24,114152.11,0.7502,持有
2016-02-19,164.88,15.87,0.3908,86230.24,28516.24,114746.48,0.7515,持有
2016-02-22,168.68,16.23,0.4072,88221.37,28516.24,116737.61,0.7557,持有
2016-02-23,172.43,16.59,0.4215,90178.55,28516.24,118694.79,0.7598,持有
2016-02-24,176.75,17.01,0.4497,92441.39,28516.24,120957.63,0.7642,持有
2016-02-25,172.43,16.59,0.4209,90178.55,28516.24,118694.79,0.7598,持有
2016-02-26,176.02,16.94,0.4478,92059.30,28516.24,120575.54,0.7635,持有
2016-02-29,174.45,16.79,0.4382,91239.92,28516.24,119756.16,0.7619,持有
2016-03-01,177.30,17.06,0.4531,92730.09,28516.24,121246.33,0.7648,持有
2016-03-02,182.01,17.52,0.4752,95192.47,28516.24,123708.71,0.7695,持有
2016-03-03,184.93,17.80,0.4842,96716.61,28516.24,125232.85,0.7723,持有
2016-03-04,193.83,18.65,0.5181,101373.91,28516.24,129890.15,0.7805,持有
2016-03-07,189.66,18.25,0.5046,99191.73,28516.24,127707.97,0.7767,持有
2016-03-08,186.06,17.91,0.4885,97310.98,28516.24,125827.22,0.7734,持有
2016-03-09,184.63,17.77,0.4816,96559.52,28516.24,125075.76,0.7720,持有
2016-03-10,185.13,17.82,0.4859,96822.74,28516.24,125338.98,0.7725,持有
2016-03-11,185.12,17.81,0.4849,96818.50,28516.24,125334.74,0.7725,持有
2016-03-14,182.30,17.54,0.4741,95341.07,28516.24,123857.31,0.7698,持有
2016-03-15,188.26,18.12,0.5026,98461.50,28516.24,126977.75,0.7754,持有
2016-03-16,185.58,17.86,0.4879,97056.25,28516.24,125572.49,0.7729,持有
2016-03-17,186.35,17.93,0.4921,97459.57,28516.24,125975.81,0.7736,持有
2016-03-18,183.46,17.65,0.4768,95948.17,28516.24,124464.41,0.7709,持有
2016-03-21,188.31,18.12,0.5039,98486.98,28516.24,127003.22,0.7755,持有
2016-03-22,190.35,18.32,0.5101,99552.60,28516.24,128068.84,0.7773,持有
2016-03-23,190.74,18.35,0.5105,99756.38,28516.24,128272.62,0.7777,持有
2016-03-24,196.98,19.66,0.5330,103021.17,28516.24,131537.41,0.7832,持有
2016-03-25,198.86,19.85,0.5352,104006.12,28516.24,132522.36,0.7848,持有
2016-03-28,202.60,20.22,0.5375,105959.05,28516.24,134475.29,0.7879,持有
2016-03-29,201.41,20.10,0.5365,105334.96,28516.24,133851.20,0.7870,持有
2016-03-30,201.85,20.15,0.5375,105568.46,28516.24,134084.70,0.7873,持有
2016-03-31,201.02,20.07,0.5358,105135.42,28516.24,133651.66,0.7866,持有
2016-04-01,198.95,19.86,0.5342,104052.82,28516.24,132569.06,0.7849,持有
2016-04-05,199.30,19.89,0.5345,104235.38,28516.24,132751.62,0.7852,持有
2016-04-06,208.79,20.84,0.5426,109198.36,28516.24,137714.60,0.7929,持有
2016-04-07,206.28,20.59,0.5422,107882.26,28516.24,136398.50,0.7909,持有
2016-04-08,202.83,20.25,0.5386,106077.92,28516.24,134594.16,0.7881,持有
2016-04-11,197.84,19.75,0.5311,103471.19,28516.24,131987.43,0.7839,持有
2016-04-12,198.82,19.85,0.5321,103980.65,28516.24,132496.89,0.7848,持有
2016-04-13,196.64,19.63,0.5285,102842.85,28516.24,131359.10,0.7829,持有
2016-04-14,197.06,19.67,0.5294,103063.62,28516.24,131579.86,0.7833,持有
2016-04-15,198.80,19.84,0.5323,103972.16,28516.24,132488.40,0.7848,持有
2016-04-18,197.81,19.75,0.5307,103454.21,28516.24,131970.45,0.7839,持有
2016-04-19,197.40,19.70,0.5297,103241.93,28516.24,131758.17,0.7836,持有
2016-04-20,193.56,19.32,0.5242,101229.57,28516.24,129745.81,0.7802,持有
2016-04-21,195.12,18.84,0.5194,102048.95,28516.24,130565.19,0.7816,持有
2016-04-22,200.83,19.39,0.5261,105033.53,28516.24,133549.77,0.7865,持有
2016-04-25,198.49,19.16,0.5232,103810.83,28516.24,132327.07,0.7845,持有
2016-04-26,197.96,19.11,0.5229,103530.62,28516.24,132046.87,0.7840,持有
2016-04-27,198.78,19.19,0.5238,103963.67,28516.24,132479.91,0.7848,持有
2016-04-28,200.05,19.32,0.5248,104625.96,28516.24,133142.20,0.7858,持有
2016-04-29,203.91,19.69,0.5315,106646.82,28516.24,135163.06,0.7890,持有
2016-05-03,211.06,20.38,0.5446,110382.85,28516.24,138899.09,0.7947,持有
2016-05-04,207.98,20.08,0.5398,108773.81,28516.24,137290.05,0.7923,持有
2016-05-05,209.25,20.20,0.5420,109436.11,28516.24,137952.35,0.7933,持有
2016-05-06,204.74,19.77,0.5333,107079.86,28516.24,135596.10,0.7897,持有
2016-05-09,203.61,19.66,0.5279,106485.49,28516.24,135001.73,0.7888,持有
2016-05-10,204.63,19.76,0.5333,107020.42,28516.24,135536.66,0.7896,持有
2016-05-11,208.52,20.13,0.5419,109054.01,28516.24,137570.25,0.7927,持有
2016-05-12,207.78,20.06,0.5390,108667.67,28516.24,137183.91,0.7921,持有
2016-05-13,203.72,19.67,0.5278,106544.93,28516.24,135061.17,0.7889,持有
2016-05-16,204.26,19.72,0.5307,106829.37,28516.24,135345.61,0.7893,持有
2016-05-17,202.96,19.60,0.5252,106150.09,28516.24,134666.34,0.7882,持有
2016-05-18,198.43,19.16,0.5185,103776.86,28516.24,132293.10,0.7844,持有
2016-05-19,199.51,19.26,0.5201,104341.51,28516.24,132857.76,0.7854,持有
2016-05-20,203.96,19.69,0.5306,106672.29,28516.24,135188.53,0.7891,持有
2016-05-23,206.35,19.92,0.5398,107920.47,28516.24,136436.71,0.7910,持有
2016-05-24,204.51,19.75,0.5331,106960.98,28516.24,135477.23,0.7895,持有
2016-05-25,204.45,19.74,0.5315,106927.02,28516.24,135443.26,0.7895,持有
2016-05-26,205.14,19.81,0.5356,107287.89,28516.24,135804.13,0.7900,持有
2016-05-27,204.92,19.79,0.5352,107173.26,28516.24,135689.50,0.7898,持有
2016-05-30,207.92,20.07,0.5431,108739.85,28516.24,137256.09,0.7922,持有
2016-05-31,214.69,20.73,0.5529,112280.59,28516.24,140796.83,0.7975,持有
2016-06-01,214.13,20.68,0.5526,111991.90,28516.24,140508.14,0.7970,持有
2016-06-02,217.34,20.98,0.5554,113668.87,28516.24,142185.11,0.7994,持有
2016-06-03,230.45,22.25,0.5639,120525.34,28516.24,149041.58,0.8087,持有
2016-06-06,224.09,21.64,0.5572,117196.87,28516.24,145713.11,0.8043,持有
2016-06-07,225.55,21.78,0.5575,117961.06,28516.24,146477.30,0.8053,持有
2016-06-08,222.65,21.50,0.5559,116445.42,28516.24,144961.66,0.8033,持有
2016-06-13,216.79,20.93,0.5530,113380.17,28516.24,141896.41,0.7990,持有
2016-06-14,221.41,21.38,0.5558,115795.86,28516.24,144312.10,0.8024,持有
2016-06-15,224.44,21.67,0.5580,117383.67,28516.24,145899.91,0.8045,持有
2016-06-16,222.44,21.48,0.5558,116335.04,28516.24,144851.28,0.8031,持有
2016-06-17,225.88,21.81,0.5592,118135.13,28516.24,146651.37,0.8056,持有
2016-06-20,224.13,21.64,0.5576,117222.34,28516.24,145738.58,0.8043,持有
2016-06-21,222.27,21.46,0.5547,116245.88,28516.24,144762.12,0.8030,持有
2016-06-22,226.03,21.82,0.5600,118211.54,28516.24,146727.79,0.8057,持有
2016-06-23,224.40,21.67,0.5578,117362.45,28516.24,145878.69,0.8045,持有
2016-06-24,222.23,21.46,0.5537,116228.90,28516.24,144745.14,0.8030,持有
2016-06-27,233.53,22.55,0.5696,122134.38,28516.24,150650.62,0.8107,持有
2016-06-28,233.96,22.59,0.5712,122359.39,28516.24,150875.63,0.8110,持有
2016-06-29,233.93,22.59,0.5708,122346.66,28516.24,150862.90,0.8110,持有
2016-06-30,236.97,22.88,0.5729,123934.47,28516.24,152450.71,0.8129,持有
2016-07-01,237.32,22.43,0.5682,124116.67,28516.24,152632.91,0.8132,持有
2016-07-04,243.73,23.04,0.5785,127469.30,28516.24,155985.54,0.8172,持有
2016-07-05,249.27,23.56,0.5919,130366.53,28516.24,158882.77,0.8205,持有
2016-07-06,263.04,24.86,0.6146,137570.56,28516.24,166086.80,0.8283,持有
2016-07-07,262.81,24.84,0.6142,137449.12,28516.24,165965.36,0.8282,持有
2016-07-08,257.00,24.29,0.6045,134413.10,28516.24,162929.35,0.8250,持有
2016-07-11,261.34,24.70,0.6097,136681.44,28516.24,165197.68,0.8274,持有
2016-07-12,269.29,25.45,0.6312,140840.78,28516.24,169357.03,0.8316,持有
2016-07-13,263.04,24.86,0.6146,137570.56,28516.24,166086.80,0.8283,持有
2016-07-14,262.96,24.85,0.6142,137527.19,28516.24,166043.43,0.8283,持有
2016-07-15,263.31,24.89,0.6157,137713.69,28516.24,166229.93,0.8285,持有
2016-07-18,262.23,24.78,0.6109,137145.52,28516.24,165661.76,0.8279,持有
2016-07-19,255.51,24.15,0.6006,133632.41,28516.24,162148.66,0.8241,持有
2016-07-20,255.88,24.18,0.6015,133827.59,28516.24,162343.83,0.8243,持有
2016-07-21,260.71,24.64,0.6055,136351.82,28516.24,164868.06,0.8270,持有
2016-07-22,255.35,24.13,0.5995,133550.01,28516.24,162066.25,0.8240,持有
2016-07-25,258.12,24.40,0.6041,134998.62,28516.24,163514.86,0.8256,持有
2016-07-26,264.58,25.01,0.6204,138372.94,28516.24,166889.18,0.8291,持有
2016-07-27,260.40,24.61,0.6046,136191.34,28516.24,164707.58,0.8269,持有
2016-07-28,262.10,24.77,0.6116,137076.12,28516.24,165592.37,0.8278,持有
2016-07-29,259.69,24.54,0.6038,135818.35,28516.24,164334.59,0.8265,持有
2016-08-01,254.56,24.06,0.5967,133133.64,28516.24,161649.88,0.8236,持有
2016-08-02,253.94,24.00,0.5944,132808.35,28516.24,161324.59,0.8232,持有
2016-08-03,254.44,24.05,0.5965,133072.92,28516.24,161589.16,0.8235,持有
2016-08-04,254.01,24.01,0.5956,132847.39,28516.24,161363.63,0.8233,持有
2016-08-05,253.70,23.98,0.5933,132686.91,28516.24,161203.15,0.8231,持有
2016-08-08,255.50,24.15,0.5991,133628.08,28516.24,162144.32,0.8241,持有
2016-08-09,261.85,24.75,0.6129,136946.01,28516.24,165462.25,0.8277,持有
2016-08-10,260.24,24.60,0.6052,136104.60,28516.24,164620.84,0.8268,持有
2016-08-11,262.69,24.83,0.6159,137388.40,28516.24,165904.64,0.8281,持有
2016-08-12,262.86,24.84,0.6173,137475.14,28516.24,165991.38,0.8282,持有
2016-08-15,264.36,24.99,0.6231,138260.17,28516.24,166776.41,0.8290,持有
2016-08-16,256.68,24.26,0.6000,134243.96,28516.24,162760.20,0.8248,持有
2016-08-17,255.55,24.15,0.5978,133654.10,28516.24,162170.34,0.8242,持有
2016-08-18,254.12,24.02,0.5931,132903.77,28516.24,161420.01,0.8233,持有
2016-08-19,254.16,24.02,0.5934,132925.46,28516.24,161441.70,0.8234,持有
2016-08-22,254.86,24.09,0.5955,133289.78,28516.24,161806.02,0.8238,持有
2016-08-23,254.49,24.05,0.5945,133098.94,28516.24,161615.18,0.8236,持有
2016-08-24,253.16,23.93,0.5880,132405.00,28516.24,160921.24,0.8228,持有
2016-08-25,251.28,23.75,0.5822,131420.46,28516.24,159936.70,0.8217,持有
2016-08-26,249.99,23.63,0.5794,130743.86,28516.24,159260.10,0.8209,持有
2016-08-29,255.03,23.53,0.5772,133380.86,28516.24,161897.10,0.8239,持有
2016-08-30,253.65,23.40,0.5726,132656.55,28516.24,161172.79,0.8231,持有
2016-08-31,257.24,23.73,0.5820,134534.55,28516.24,163050.79,0.8251,持有
2016-09-01,256.01,23.62,0.5792,133892.64,28516.24,162408.89,0.8244,持有
2016-09-02,253.58,23.40,0.5715,132621.86,28516.24,161138.10,0.8230,持有
2016-09-05,255.83,23.61,0.5791,133801.56,28516.24,162317.81,0.8243,持有
2016-09-06,257.03,23.72,0.5818,134426.12,28516.24,162942.36,0.8250,持有
2016-09-07,254.26,23.46,0.5735,132977.50,28516.24,161493.74,0.8234,持有
2016-09-08,253.61,23.40,0.5707,132639.20,28516.24,161155.44,0.8231,持有
2016-09-09,252.63,23.31,0.5674,132123.08,28516.24,160639.32,0.8225,持有
2016-09-12,247.18,22.81,0.5543,129273.56,28516.24,157789.80,0.8193,持有
2016-09-13,249.14,22.99,0.5600,130301.47,28516.24,158817.71,0.8204,持有
2016-09-14,248.43,22.92,0.5566,129928.48,28516.24,158444.72,0.8200,持有
2016-09-19,248.89,22.96,0.5587,130171.36,28516.24,158687.60,0.8203,持有
2016-09-20,244.61,22.57,0.5517,127929.04,28516.24,156445.28,0.8177,持有
2016-09-21,243.85,22.50,0.5496,127534.36,28516.24,156050.60,0.8173,持有
2016-09-22,246.28,22.72,0.5535,128805.15,28516.24,157321.39,0.8187,持有
2016-09-23,246.86,22.78,0.5537,129108.75,28516.24,157624.99,0.8191,持有
2016-09-26,239.44,22.09,0.5425,125226.99,28516.24,153743.23,0.8145,持有
2016-09-27,241.46,22.28,0.5470,126285.26,28516.24,154801.50,0.8158,持有
2016-09-28,239.17,22.07,0.5419,125088.20,28516.24,153604.44,0.8144,持有
2016-09-29,241.31,22.26,0.5470,126202.85,28516.24,154719.09,0.8157,持有
2016-09-30,247.05,22.79,0.5551,129208.51,28516.24,157724.75,0.8192,持有
2016-10-10,251.24,23.18,0.5680,131398.77,28516.24,159915.02,0.8217,持有
2016-10-11,256.18,23.64,0.5845,133983.73,28516.24,162499.97,0.8245,持有
2016-10-12,253.61,23.40,0.5739,132639.20,28516.24,161155.44,0.8231,持有
2016-10-13,252.01,23.25,0.5694,131802.13,28516.24,160318.37,0.8221,持有
2016-10-14,253.43,23.38,0.5732,132543.79,28516.24,161060.03,0.8229,持有
2016-10-17,250.82,23.14,0.5657,131177.58,28516.24,159693.82,0.8214,持有
2016-10-18,254.72,23.50,0.5785,133220.38,28516.24,161736.62,0.8237,持有
2016-10-19,254.13,23.45,0.5776,132912.45,28516.24,161428.69,0.8234,持有
2016-10-20,253.33,23.37,0.5725,132491.74,28516.24,161007.98,0.8229,持有
2016-10-21,252.26,23.28,0.5685,131932.25,28516.24,160448.49,0.8223,持有
2016-10-24,254.53,23.48,0.5789,133120.63,28516.24,161636.87,0.8236,持有
2016-10-25,259.52,23.94,0.5971,135727.27,28516.24,164243.51,0.8264,持有
2016-10-26,260.13,24.00,0.5992,136048.22,28516.24,164564.46,0.8267,持有
2016-10-27,262.78,24.25,0.6101,137431.77,28516.24,165948.01,0.8282,持有
2016-10-28,262.93,24.26,0.6104,137509.84,28516.24,166026.08,0.8282,持有
2016-10-31,263.67,24.14,0.6058,137900.19,28516.24,166416.43,0.8286,持有
2016-11-01,262.62,24.05,0.6019,137349.37,28516.24,165865.61,0.8281,持有
2016-11-02,261.37,23.93,0.5950,136698.79,28516.24,165215.03,0.8274,持有
2016-11-03,261.94,23.98,0.5970,136993.72,28516.24,165509.96,0.8277,持有
2016-11-04,261.08,23.90,0.5937,136542.65,28516.24,165058.89,0.8272,持有
2016-11-07,261.50,23.94,0.5951,136763.85,28516.24,165280.09,0.8275,持有
2016-11-08,265.37,24.30,0.6138,138789.30,28516.24,167305.55,0.8296,持有
2016-11-09,262.73,24.06,0.6039,137405.75,28516.24,165921.99,0.8281,持有
2016-11-10,264.65,24.23,0.6107,138411.97,28516.24,166928.21,0.8292,持有
2016-11-11,261.29,23.92,0.5925,136655.42,28516.24,165171.66,0.8274,持有
2016-11-14,257.90,23.61,0.5803,134881.52,28516.24,163397.76,0.8255,持有
2016-11-15,260.40,23.84,0.5895,136191.34,28516.24,164707.58,0.8269,持有
2016-11-16,259.69,23.78,0.5873,135818.35,28516.24,164334.59,0.8265,持有
2016-11-17,257.94,23.62,0.5799,134903.20,28516.24,163419.45,0.8255,持有
2016-11-18,257.08,23.54,0.5766,134452.14,28516.24,162968.38,0.8250,持有
2016-11-21,256.66,23.50,0.5727,134235.28,28516.24,162751.52,0.8248,持有
2016-11-22,256.14,23.45,0.5712,133962.04,28516.24,162478.28,0.8245,持有
2016-11-23,259.53,23.76,0.5868,135731.60,28516.24,164247.84,0.8264,持有
2016-11-24,262.83,24.06,0.6065,137457.80,28516.24,165974.04,0.8282,持有
2016-11-25,262.79,24.06,0.6061,137440.45,28516.24,165956.69,0.8282,持有
2016-11-28,264.96,24.26,0.6152,138572.45,28516.24,167088.69,0.8293,持有
2016-11-29,268.66,24.60,0.6201,140506.82,28516.24,169023.06,0.8313,持有
2016-11-30,264.61,24.23,0.6121,138390.29,28516.24,166906.53,0.8291,持有
2016-12-01,266.22,24.38,0.6176,139231.70,28516.24,167747.94,0.8300,持有
2016-12-02,266.84,24.43,0.6190,139556.98,28516.24,168073.22,0.8303,持有
2016-12-05,262.00,23.99,0.5964,137024.08,28516.24,165540.32,0.8277,持有
2016-12-06,270.70,24.79,0.6301,141573.77,28516.24,170090.01,0.8323,持有
2016-12-07,271.55,24.86,0.6356,142020.49,28516.24,170536.73,0.8328,持有
2016-12-08,280.06,25.64,0.6581,146470.43,28516.24,174986.67,0.8370,持有
2016-12-09,280.10,25.65,0.6583,146492.11,28516.24,175008.35,0.8371,持有
2016-12-12,271.06,24.82,0.6303,141764.60,28516.24,170280.84,0.8325,持有
2016-12-13,276.16,25.29,0.6499,144431.96,28516.24,172948.20,0.8351,持有
2016-12-14,275.55,25.23,0.6483,144111.01,28516.24,172627.25,0.8348,持有
2016-12-15,272.05,24.91,0.6363,142280.72,28516.24,170796.96,0.8330,持有
2016-12-16,271.66,24.87,0.6341,142076.88,28516.24,170593.12,0.8328,持有
2016-12-19,270.31,24.75,0.6256,141374.26,28516.24,169890.50,0.8321,持有
2016-12-20,270.75,24.79,0.6276,141599.79,28516.24,170116.03,0.8324,持有
2016-12-21,272.55,24.96,0.6389,142545.29,28516.24,171061.53,0.8333,持有
2016-12-22,269.68,24.69,0.6210,141044.63,28516.24,169560.87,0.8318,持有
2016-12-23,265.40,24.30,0.6119,138802.32,28516.24,167318.56,0.8296,持有
2016-12-26,269.09,24.64,0.6174,140732.36,28516.24,169248.60,0.8315,持有
2016-12-27,270.48,24.77,0.6257,141461.00,28516.24,169977.24,0.8322,持有
2016-12-28,268.46,24.58,0.6149,140402.73,28516.24,168918.97,0.8312,持有
2016-12-29,271.43,24.85,0.6331,141959.77,28516.24,170476.01,0.8327,持有
2016-12-30,277.11,25.37,0.6537,144926.39,28516.24,173442.64,0.8356,持有
2017-01-03,277.45,25.40,0.6545,145104.22,28516.24,173620.46,0.8358,持有
2017-01-04,291.83,26.72,0.6843,152629.20,28516.24,181145.44,0.8426,持有
2017-01-05,287.55,26.33,0.6752,150386.89,28516.24,178903.13,0.8406,持有
2017-01-06,290.88,26.63,0.6823,152130.43,28516.24,180646.67,0.8421,持有
2017-01-09,289.01,26.46,0.6779,151154.56,28516.24,179670.81,0.8413,持有
2017-01-10,289.42,26.50,0.6781,151367.09,28516.24,179883.33,0.8415,持有
2017-01-11,286.48,26.23,0.6701,149827.39,28516.24,178343.63,0.8401,持有
2017-01-12,287.80,26.35,0.6750,150521.34,28516.24,179037.58,0.8407,持有
2017-01-13,286.00,26.19,0.6688,149575.84,28516.24,178092.08,0.8399,持有
2017-01-16,283.18,25.93,0.6626,148101.20,28516.24,176617.44,0.8385,持有
2017-01-17,289.53,26.51,0.6790,151423.47,28516.24,179939.71,0.8415,持有
2017-01-18,294.46,26.96,0.6924,154004.08,28516.24,182520.32,0.8438,持有
2017-01-19,294.16,26.93,0.6909,153847.94,28516.24,182364.19,0.8436,持有
2017-01-20,294.39,26.95,0.6922,153965.05,28516.24,182481.29,0.8437,持有
2017-01-23,291.26,26.67,0.6838,152329.94,28516.24,180846.18,0.8423,持有
2017-01-24,290.51,26.60,0.6811,151935.25,28516.24,180451.50,0.8420,持有
2017-01-25,288.28,26.40,0.6738,150772.89,28516.24,179289.13,0.8409,持有
2017-01-26,285.62,26.15,0.6659,149380.66,28516.24,177896.90,0.8397,持有
2017-02-03,287.64,26.34,0.6718,150434.60,28516.24,178950.84,0.8406,持有
2017-02-06,287.64,26.34,0.6715,150434.60,28516.24,178950.84,0.8406,持有
2017-02-07,284.93,26.09,0.6648,149016.34,28516.24,177532.58,0.8394,持有
2017-02-08,285.45,26.14,0.6649,149289.58,28516.24,177805.82,0.8396,持有
2017-02-09,288.27,26.39,0.6743,150764.22,28516.24,179280.46,0.8409,持有
2017-02-10,286.17,26.20,0.6659,149666.92,28516.24,178183.16,0.8400,持有
2017-02-13,290.04,26.56,0.6810,151692.37,28516.24,180208.61,0.8418,持有
2017-02-14,290.42,26.59,0.6817,151891.88,28516.24,180408.12,0.8419,持有
2017-02-15,289.03,26.46,0.6768,151163.24,28516.24,179679.48,0.8413,持有
2017-02-16,288.67,26.43,0.6752,150972.40,28516.24,179488.64,0.8411,持有
2017-02-17,290.71,26.62,0.6840,152043.68,28516.24,180559.92,0.8421,持有
2017-02-20,299.61,27.43,0.7047,156697.46,28516.24,185213.70,0.8460,持有
2017-02-21,297.50,27.24,0.7009,155591.49,28516.24,184107.73,0.8451,持有
2017-02-22,300.11,27.48,0.7056,156957.69,28516.24,185473.93,0.8463,持有
2017-02-23,299.95,27.46,0.7047,156875.29,28516.24,185391.53,0.8462,持有
2017-02-24,300.72,27.53,0.7077,157274.31,28516.24,185790.55,0.8465,持有
2017-02-27,296.22,27.12,0.6976,154923.56,28516.24,183439.80,0.8445,持有
2017-02-28,294.11,26.93,0.6904,153821.92,28516.24,182338.16,0.8436,持有
2017-03-01,295.73,27.08,0.6951,154667.67,28516.24,183183.91,0.8443,持有
2017-03-02,295.91,27.09,0.6958,154758.75,28516.24,183274.99,0.8444,持有
2017-03-03,295.67,27.07,0.6943,154637.31,28516.24,183153.55,0.8443,持有
2017-03-06,297.68,27.26,0.7007,155686.90,28516.24,184203.14,0.8452,持有
2017-03-07,304.51,27.88,0.7208,159260.73,28516.24,187776.97,0.8481,持有
2017-03-08,304.58,27.89,0.7209,159295.42,28516.24,187811.67,0.8482,持有
2017-03-09,306.75,28.09,0.7285,160431.76,28516.24,188948.00,0.8491,持有
2017-03-10,306.71,28.08,0.7280,160410.08,28516.24,188926.32,0.8491,持有
2017-03-13,308.12,28.21,0.7350,161147.39,28516.24,189663.64,0.8496,持有
2017-03-14,306.42,28.06,0.7272,160258.28,28516.24,188774.52,0.8489,持有
2017-03-15,310.72,28.45,0.7426,162504.93,28516.24,191021.17,0.8507,持有
2017-03-16,310.79,28.46,0.7434,162543.96,28516.24,191060.20,0.8507,持有
2017-03-17,313.87,28.74,0.7565,164153.05,28516.24,192669.29,0.8520,持有
2017-03-20,320.44,29.34,0.7736,167592.42,28516.24,196108.66,0.8546,持有
2017-03-21,326.75,29.92,0.7822,170888.67,28516.24,199404.91,0.8570,持有
2017-03-22,327.14,29.95,0.7829,171092.52,28516.24,199608.76,0.8571,持有
2017-03-23,323.25,29.60,0.7756,169058.38,28516.24,197574.63,0.8557,持有
2017-03-24,320.78,29.37,0.7724,167770.25,28516.24,196286.49,0.8547,持有
2017-03-27,314.15,28.76,0.7545,164300.51,28516.24,192816.75,0.8521,持有
2017-03-28,315.34,28.87,0.7575,164925.07,28516.24,193441.31,0.8526,持有
2017-03-29,318.16,29.13,0.7677,166395.37,28516.24,194911.61,0.8537,持有
2017-03-30,320.22,29.32,0.7718,167475.32,28516.24,195991.56,0.8545,持有
2017-03-31,320.40,29.34,0.7719,167570.74,28516.24,196086.98,0.8546,持有
2017-04-05,323.14,29.59,0.7760,169002.00,28516.24,197518.24,0.8556,持有
2017-04-06,325.01,29.76,0.7789,169977.86,28516.24,198494.10,0.8563,持有
2017-04-07,325.80,29.83,0.7796,170394.23,28516.24,198910.47,0.8566,持有
2017-04-10,322.76,29.55,0.7747,168802.49,28516.24,197318.73,0.8555,持有
2017-04-11,319.52,29.26,0.7681,167106.66,28516.24,195622.90,0.8542,持有
2017-04-12,323.61,29.63,0.7760,169249.22,28516.24,197765.46,0.8558,持有
2017-04-13,330.38,30.25,0.7885,172788.35,28516.24,201304.59,0.8583,持有
2017-04-14,327.94,30.03,0.7858,171513.22,28516.24,200029.46,0.8574,持有
2017-04-17,328.22,29.74,0.7775,171660.68,28516.24,200176.93,0.8575,持有
2017-04-18,335.57,30.40,0.7911,175503.41,28516.24,204019.65,0.8602,持有
2017-04-19,336.47,30.49,0.7929,175976.16,28516.24,204492.41,0.8606,持有
2017-04-20,344.41,31.21,0.8097,180126.83,28516.24,208643.07,0.8633,持有
2017-04-21,332.15,30.10,0.7853,173716.50,28516.24,202232.74,0.8590,持有
2017-04-24,330.51,29.95,0.7815,172857.74,28516.24,201373.98,0.8584,持有
2017-04-25,347.38,29.31,0.7655,181679.54,28516.24,210195.78,0.8643,持有
2017-04-26,346.61,29.25,0.7634,181276.18,28516.24,209792.42,0.8641,持有
2017-04-27,349.49,29.49,0.7696,182785.51,28516.24,211301.76,0.8650,持有
2017-04-28,342.89,28.93,0.7519,179333.13,28516.24,207849.37,0.8628,持有
2017-05-02,341.73,28.84,0.7476,178725.93,28516.24,207242.17,0.8624,持有
2017-05-03,346.32,29.22,0.7622,181124.38,28516.24,209640.62,0.8640,持有
2017-05-04,344.98,29.11,0.7590,180426.10,28516.24,208942.34,0.8635,持有
2017-05-05,345.14,29.12,0.7592,180508.50,28516.24,209024.74,0.8636,持有
2017-05-08,336.26,28.37,0.7260,175863.40,28516.24,204379.64,0.8605,持有
2017-05-09,338.98,28.60,0.7389,177285.99,28516.24,205802.23,0.8614,持有
2017-05-10,340.08,28.70,0.7418,177862.83,28516.24,206379.07,0.8618,持有
2017-05-11,341.80,28.84,0.7470,178760.62,28516.24,207276.87,0.8624,持有
2017-05-12,342.88,28.93,0.7510,179328.79,28516.24,207845.03,0.8628,持有
2017-05-15,347.93,29.36,0.7683,181965.79,28516.24,210482.03,0.8645,持有
2017-05-16,356.69,30.10,0.7872,186550.17,28516.24,215066.42,0.8674,持有
2017-05-17,353.77,29.85,0.7801,185023.49,28516.24,213539.73,0.8665,持有
2017-05-18,356.21,30.06,0.7863,186298.62,28516.24,214814.86,0.8673,持有
2017-05-19,365.57,30.85,0.8052,191190.94,28516.24,219707.18,0.8702,持有
2017-05-22,366.36,30.91,0.8064,191607.31,28516.24,220123.55,0.8705,持有
2017-05-23,376.66,31.78,0.8186,196994.07,28516.24,225510.31,0.8735,持有
2017-05-24,373.44,31.51,0.8171,195311.25,28516.24,223827.49,0.8726,持有
2017-05-25,373.68,31.53,0.8172,195432.69,28516.24,223948.93,0.8727,持有
2017-05-26,374.77,31.62,0.8173,196005.20,28516.24,224521.44,0.8730,持有
2017-05-31,367.32,30.99,0.8075,192110.42,28516.24,220626.66,0.8707,持有
2017-06-01,372.58,31.44,0.8153,194860.18,28516.24,223376.42,0.8723,持有
2017-06-02,370.95,31.30,0.8126,194005.76,28516.24,222522.00,0.8718,持有
2017-06-05,368.54,31.10,0.8072,192747.98,28516.24,221264.23,0.8711,持有
2017-06-06,372.20,31.41,0.8139,194660.67,28516.24,223176.92,0.8722,持有
2017-06-07,380.95,32.14,0.8234,199236.38,28516.24,227752.63,0.8748,持有
2017-06-08,385.05,32.49,0.8300,201378.94,28516.24,229895.19,0.8760,持有
2017-06-09,386.23,32.59,0.8323,201999.16,28516.24,230515.40,0.8763,持有
2017-06-12,392.15,33.09,0.8461,205095.90,28516.24,233612.14,0.8779,持有
2017-06-13,392.29,33.10,0.8462,205165.29,28516.24,233681.53,0.8780,持有
2017-06-14,393.40,33.20,0.8496,205750.81,28516.24,234267.05,0.8783,持有
2017-06-15,385.04,32.49,0.8278,201374.61,28516.24,229890.85,0.8760,持有
2017-06-16,383.65,32.37,0.8240,200650.30,28516.24,229166.54,0.8756,持有
2017-06-19,389.91,32.90,0.8411,203920.52,28516.24,232436.76,0.8773,持有
2017-06-20,386.70,32.63,0.8308,202242.04,28516.24,230758.28,0.8764,持有
2017-06-21,392.01,33.08,0.8451,205022.16,28516.24,233538.40,0.8779,持有
2017-06-22,392.04,33.08,0.8451,205039.51,28516.24,233555.75,0.8779,持有
2017-06-23,392.03,33.08,0.8447,205030.84,28516.24,233547.08,0.8779,持有
2017-06-26,401.94,33.92,0.8687,210213.75,28516.24,238729.99,0.8806,卖出(降至50%)
2017-06-27,401.46,33.87,0.8677,119232.83,119005.71,238238.54,0.5005,持有
2017-06-28,394.16,33.26,0.8504,117065.41,119005.71,236071.12,0.4959,持有
2017-06-29,392.26,33.10,0.8445,116501.39,119005.71,235507.10,0.4947,持有
2017-06-30,391.30,33.02,0.8402,116215.68,119005.71,235221.39,0.4941,持有
2017-07-03,381.78,32.21,0.8164,113388.18,119005.71,232393.89,0.4879,持有
2017-07-04,374.77,31.62,0.8089,111306.97,119005.71,230312.67,0.4833,持有
2017-07-05,381.58,32.20,0.8155,113329.07,119005.71,232334.78,0.4878,持有
2017-07-06,378.14,31.91,0.8107,112306.94,119005.71,231312.64,0.4855,持有
2017-07-07,375.43,31.21,0.7995,111501.93,119005.71,230507.63,0.4837,持有
2017-07-10,382.58,31.80,0.8104,113627.10,119005.71,232632.81,0.4884,持有
2017-07-11,389.87,32.41,0.8230,115792.29,119005.71,234797.99,0.4932,持有
2017-07-12,385.11,32.01,0.8117,114377.17,119005.71,233382.87,0.4901,持有
2017-07-13,384.01,31.92,0.8102,114049.64,119005.71,233055.35,0.4894,持有
2017-07-14,384.22,31.94,0.8103,114112.15,119005.71,233117.85,0.4895,持有
2017-07-17,378.88,31.49,0.8044,112527.01,119005.71,231532.72,0.4860,持有
2017-07-18,380.97,31.67,0.8067,113147.06,119005.71,232152.77,0.4874,持有
2017-07-19,384.59,31.97,0.8106,114224.66,119005.71,233230.36,0.4898,持有
2017-07-20,392.68,32.64,0.8296,116627.36,119005.71,235633.06,0.4950,持有
2017-07-21,398.35,33.11,0.8464,118310.00,119005.71,237315.71,0.4985,持有
2017-07-24,402.22,33.43,0.8567,119460.10,119005.71,238465.80,0.5010,持有
2017-07-25,402.36,33.45,0.8573,119500.10,119005.71,238505.81,0.5010,持有
2017-07-26,397.03,33.00,0.8396,117917.47,119005.71,236923.17,0.4977,持有
2017-07-27,398.91,33.16,0.8472,118477.51,119005.71,237483.22,0.4989,持有
2017-07-28,407.37,31.72,0.8043,120990.23,119005.71,239995.93,0.5041,持有
2017-07-31,405.10,31.54,0.8017,120315.17,119005.71,239320.88,0.5027,持有
2017-08-01,404.28,31.48,0.7991,120070.15,119005.71,239075.86,0.5022,持有
2017-08-02,406.47,31.65,0.8030,120720.20,119005.71,239725.91,0.5036,持有
2017-08-03,401.73,31.28,0.7945,119315.09,119005.71,238320.79,0.5006,持有
2017-08-04,398.72,31.04,0.7877,118420.01,119005.71,237425.72,0.4988,持有
2017-08-07,405.39,31.56,0.8017,120400.18,119005.71,239405.88,0.5029,持有
2017-08-08,406.25,31.63,0.8029,120655.20,119005.71,239660.91,0.5034,持有
2017-08-09,413.21,32.17,0.8137,122722.87,119005.71,241728.58,0.5077,持有
2017-08-10,413.86,32.22,0.8154,122917.89,119005.71,241923.60,0.5081,持有
2017-08-11,407.49,31.73,0.8043,121025.23,119005.71,240030.94,0.5042,持有
2017-08-14,420.77,32.76,0.8316,124968.06,119005.71,243973.77,0.5122,持有
2017-08-15,417.52,32.51,0.8232,124002.98,119005.71,243008.69,0.5103,持有
2017-08-16,417.96,32.54,0.8254,124132.99,119005.71,243138.70,0.5105,持有
2017-08-17,414.76,32.29,0.8159,123182.91,119005.71,242188.62,0.5086,持有
2017-08-18,412.20,32.09,0.8107,122422.85,119005.71,241428.55,0.5071,持有
2017-08-21,412.27,32.10,0.8108,122442.85,119005.71,241448.56,0.5071,持有
2017-08-22,410.15,31.93,0.8045,121815.30,119005.71,240821.00,0.5058,持有
2017-08-23,415.87,32.38,0.8179,123512.94,119005.71,242518.65,0.5093,持有
2017-08-24,414.86,32.30,0.8159,123212.92,119005.71,242218.62,0.5087,持有
2017-08-25,415.01,32.31,0.8160,123257.92,119005.71,242263.63,0.5088,持有
2017-08-28,414.21,32.25,0.8134,123020.40,119005.71,242026.11,0.5083,持有
2017-08-29,412.02,32.08,0.8082,122370.34,119005.71,241376.05,0.5070,持有
2017-08-30,414.99,32.31,0.8157,123252.92,119005.71,242258.62,0.5088,持有
2017-08-31,413.46,32.19,0.8100,122797.88,119005.71,241803.59,0.5078,持有
2017-09-01,416.85,32.45,0.8223,123805.47,119005.71,242811.17,0.5099,持有
2017-09-04,414.53,32.27,0.8134,123115.41,119005.71,242121.11,0.5085,持有
2017-09-05,412.48,32.11,0.8076,122507.86,119005.71,241513.56,0.5073,持有
2017-09-06,408.27,31.79,0.7982,121255.25,119005.71,240260.96,0.5047,持有
2017-09-07,405.14,31.54,0.7920,120327.67,119005.71,239333.38,0.5028,持有
2017-09-08,399.34,31.09,0.7783,118602.53,119005.71,237608.23,0.4992,持有
2017-09-11,402.66,31.35,0.7858,119590.11,119005.71,238595.82,0.5012,持有
2017-09-12,408.21,31.78,0.7976,121237.75,119005.71,240243.45,0.5046,持有
2017-09-13,413.86,32.22,0.8114,122917.89,119005.71,241923.60,0.5081,持有
2017-09-14,413.09,32.16,0.8083,122687.87,119005.71,241693.58,0.5076,持有
2017-09-15,412.36,32.10,0.8069,122470.35,119005.71,241476.06,0.5072,持有
2017-09-18,420.04,32.70,0.8333,124753.05,119005.71,243758.75,0.5118,持有
2017-09-19,418.34,32.57,0.8271,124248.00,119005.71,243253.71,0.5108,持有
2017-09-20,417.71,32.52,0.8256,124060.49,119005.71,243066.19,0.5104,持有
2017-09-21,419.88,32.69,0.8331,124703.04,119005.71,243708.75,0.5117,持有
2017-09-22,420.85,32.77,0.8347,124993.07,119005.71,243998.77,0.5123,持有
2017-09-25,427.01,33.25,0.8538,126820.72,119005.71,245826.43,0.5159,持有
2017-09-26,428.73,33.38,0.8570,127333.26,119005.71,246338.97,0.5169,持有
2017-09-27,427.82,33.31,0.8555,127063.24,119005.71,246068.95,0.5164,持有
2017-09-28,436.45,33.98,0.8745,129625.96,119005.71,248631.66,0.5214,持有
2017-09-29,435.76,33.93,0.8740,129420.94,119005.71,248426.65,0.5210,持有
2017-10-09,444.29,34.59,0.8924,131953.65,119005.71,250959.36,0.5258,持有
2017-10-10,454.63,35.40,0.9187,135026.41,119005.71,254032.12,0.5315,持有
2017-10-11,459.25,35.76,0.9319,136396.53,119005.71,255402.24,0.5340,持有
2017-10-12,458.03,35.66,0.9282,136034.00,119005.71,255039.71,0.5334,持有
2017-10-13,468.18,36.45,0.9524,139049.25,119005.71,258054.96,0.5388,卖出(降至0%)
2017-10-16,472.00,36.75,0.9608,0.00,259015.04,259015.04,0.0000,持有
2017-10-17,468.67,36.49,0.9519,0.00,259015.04,259015.04,0.0000,持有
2017-10-18,472.03,36.75,0.9613,0.00,259015.04,259015.04,0.0000,持有
2017-10-19,490.45,38.18,0.9828,0.00,259015.04,259015.04,0.0000,持有
2017-10-20,483.48,37.64,0.9770,0.00,259015.04,259015.04,0.0000,持有
2017-10-23,482.71,37.58,0.9765,0.00,259015.04,259015.04,0.0000,持有
2017-10-24,477.59,37.18,0.9687,0.00,259015.04,259015.04,0.0000,持有
2017-10-25,476.19,37.07,0.9661,0.00,259015.04,259015.04,0.0000,持有
2017-10-26,509.38,31.36,0.7749,0.00,259015.04,259015.04,0.0000,持有
2017-10-27,546.87,33.67,0.8583,0.00,259015.04,259015.04,0.0000,持有
2017-10-30,523.68,32.24,0.8027,0.00,259015.04,259015.04,0.0000,持有
2017-10-31,520.27,32.03,0.7924,0.00,259015.04,259015.04,0.0000,持有
2017-11-01,524.46,32.29,0.8050,0.00,259015.04,259015.04,0.0000,持有
2017-11-02,527.76,32.49,0.8144,0.00,259015.04,259015.04,0.0000,持有
2017-11-03,538.07,33.13,0.8405,0.00,259015.04,259015.04,0.0000,持有
2017-11-06,549.76,33.85,0.8650,0.00,259015.04,259015.04,0.0000,持有
2017-11-07,540.51,33.28,0.8469,0.00,259015.04,259015.04,0.0000,持有
2017-11-08,547.50,33.71,0.8584,0.00,259015.04,259015.04,0.0000,持有
2017-11-09,547.24,33.69,0.8580,0.00,259015.04,259015.04,0.0000,持有
2017-11-10,570.71,35.14,0.9036,0.00,259015.04,259015.04,0.0000,持有
2017-11-13,579.07,35.65,0.9239,0.00,259015.04,259015.04,0.0000,持有
2017-11-14,571.39,35.18,0.9042,0.00,259015.04,259015.04,0.0000,持有
2017-11-15,579.24,35.66,0.9245,0.00,259015.04,259015.04,0.0000,持有
2017-11-16,605.36,37.27,0.9716,0.00,259015.04,259015.04,0.0000,持有
2017-11-17,581.07,35.78,0.9276,0.00,259015.04,259015.04,0.0000,持有
2017-11-20,571.72,35.20,0.9044,0.00,259015.04,259015.04,0.0000,持有
2017-11-21,570.12,35.10,0.8993,0.00,259015.04,259015.04,0.0000,持有
2017-11-22,547.62,33.72,0.8555,0.00,259015.04,259015.04,0.0000,持有
2017-11-23,533.49,32.85,0.8247,0.00,259015.04,259015.04,0.0000,持有
2017-11-24,530.38,32.66,0.8149,0.00,259015.04,259015.04,0.0000,持有
2017-11-27,523.02,32.20,0.7924,0.00,259015.04,259015.04,0.0000,持有
2017-11-28,545.69,33.60,0.8517,0.00,259015.04,259015.04,0.0000,持有
2017-11-29,537.18,33.07,0.8302,0.00,259015.04,259015.04,0.0000,持有
2017-11-30,531.19,32.71,0.8184,0.00,259015.04,259015.04,0.0000,持有
2017-12-01,523.91,32.26,0.7954,0.00,259015.04,259015.04,0.0000,持有
2017-12-04,536.91,33.06,0.8294,0.00,259015.04,259015.04,0.0000,持有
2017-12-05,532.84,32.81,0.8213,0.00,259015.04,259015.04,0.0000,持有
2017-12-06,526.15,32.39,0.8008,0.00,259015.04,259015.04,0.0000,持有
2017-12-07,519.14,31.96,0.7789,0.00,259015.04,259015.04,0.0000,持有
2017-12-08,528.06,32.51,0.8072,0.00,259015.04,259015.04,0.0000,持有
2017-12-11,548.02,33.74,0.8585,0.00,259015.04,259015.04,0.0000,持有
2017-12-12,548.30,33.76,0.8591,0.00,259015.04,259015.04,0.0000,持有
2017-12-13,562.51,34.63,0.8863,0.00,259015.04,259015.04,0.0000,持有
2017-12-14,559.43,34.44,0.8808,0.00,259015.04,259015.04,0.0000,持有
2017-12-15,550.37,33.89,0.8629,0.00,259015.04,259015.04,0.0000,持有
2017-12-18,560.46,34.51,0.8829,0.00,259015.04,259015.04,0.0000,持有
2017-12-19,561.57,34.58,0.8840,0.00,259015.04,259015.04,0.0000,持有
2017-12-20,576.57,35.50,0.9183,0.00,259015.04,259015.04,0.0000,持有
2017-12-21,573.90,35.33,0.9102,0.00,259015.04,259015.04,0.0000,持有
2017-12-22,574.90,35.40,0.9128,0.00,259015.04,259015.04,0.0000,持有
2017-12-25,579.27,35.67,0.9245,0.00,259015.04,259015.04,0.0000,持有
2017-12-26,573.12,35.29,0.9062,0.00,259015.04,259015.04,0.0000,持有
2017-12-27,559.12,34.42,0.8772,0.00,259015.04,259015.04,0.0000,持有
2017-12-28,605.01,37.25,0.9705,0.00,259015.04,259015.04,0.0000,持有
2017-12-29,587.16,36.15,0.9394,0.00,259015.04,259015.04,0.0000,持有
2018-01-02,592.52,36.48,0.9486,0.00,259015.04,259015.04,0.0000,持有
2018-01-03,602.63,37.10,0.9664,0.00,259015.04,259015.04,0.0000,持有
2018-01-04,620.48,38.20,0.9832,0.00,259015.04,259015.04,0.0000,持有
2018-01-05,621.57,38.27,0.9832,0.00,259015.04,259015.04,0.0000,持有
2018-01-08,633.16,38.98,0.9878,0.00,259015.04,259015.04,0.0000,持有
2018-01-09,658.74,40.56,0.9959,0.00,259015.04,259015.04,0.0000,持有
2018-01-10,661.43,40.72,0.9965,0.00,259015.04,259015.04,0.0000,持有
2018-01-11,652.25,40.16,0.9944,0.00,259015.04,259015.04,0.0000,持有
2018-01-12,663.71,40.86,0.9970,0.00,259015.04,259015.04,0.0000,持有
2018-01-15,661.14,40.71,0.9954,0.00,259015.04,259015.04,0.0000,持有
2018-01-16,650.68,40.06,0.9919,0.00,259015.04,259015.04,0.0000,持有
2018-01-17,629.62,38.77,0.9833,0.00,259015.04,259015.04,0.0000,持有
2018-01-18,631.99,38.91,0.9833,0.00,259015.04,259015.04,0.0000,持有
2018-01-19,631.52,38.88,0.9828,0.00,259015.04,259015.04,0.0000,持有
2018-01-22,651.27,40.10,0.9919,0.00,259015.04,259015.04,0.0000,持有
2018-01-23,651.39,40.11,0.9919,0.00,259015.04,259015.04,0.0000,持有
2018-01-24,643.54,39.62,0.9874,0.00,259015.04,259015.04,0.0000,持有
2018-01-25,647.50,39.87,0.9904,0.00,259015.04,259015.04,0.0000,持有
2018-01-26,654.28,40.28,0.9934,0.00,259015.04,259015.04,0.0000,持有
2018-01-29,619.85,38.16,0.9743,0.00,259015.04,259015.04,0.0000,持有
2018-01-30,624.70,38.46,0.9789,0.00,259015.04,259015.04,0.0000,持有
2018-01-31,643.61,39.63,0.9864,0.00,259015.04,259015.04,0.0000,持有
2018-02-01,637.87,39.27,0.9829,0.00,259015.04,259015.04,0.0000,持有
2018-02-02,623.29,38.38,0.9754,0.00,259015.04,259015.04,0.0000,持有
2018-02-05,604.62,37.23,0.9588,0.00,259015.04,259015.04,0.0000,持有
2018-02-06,596.73,36.74,0.9453,0.00,259015.04,259015.04,0.0000,持有
2018-02-07,575.33,35.42,0.9006,0.00,259015.04,259015.04,0.0000,持有
2018-02-08,590.11,36.33,0.9318,0.00,259015.04,259015.04,0.0000,持有
2018-02-09,575.33,35.42,0.8997,0.00,259015.04,259015.04,0.0000,持有
2018-02-12,587.15,36.15,0.9263,0.00,259015.04,259015.04,0.0000,持有
2018-02-13,599.36,36.90,0.9514,0.00,259015.04,259015.04,0.0000,持有
2018-02-14,604.81,37.24,0.9589,0.00,259015.04,259015.04,0.0000,持有
2018-02-22,625.01,38.48,0.9780,0.00,259015.04,259015.04,0.0000,持有
2018-02-23,625.04,38.48,0.9780,0.00,259015.04,259015.04,0.0000,持有
2018-02-26,625.90,38.54,0.9780,0.00,259015.04,259015.04,0.0000,持有
2018-02-27,621.25,38.25,0.9720,0.00,259015.04,259015.04,0.0000,持有
2018-02-28,610.84,37.61,0.9645,0.00,259015.04,259015.04,0.0000,持有
2018-03-01,624.61,38.46,0.9760,0.00,259015.04,259015.04,0.0000,持有
2018-03-02,619.93,38.17,0.9701,0.00,259015.04,259015.04,0.0000,持有
2018-03-05,606.20,37.32,0.9591,0.00,259015.04,259015.04,0.0000,持有
2018-03-06,604.65,37.23,0.9546,0.00,259015.04,259015.04,0.0000,持有
2018-03-07,597.73,36.80,0.9427,0.00,259015.04,259015.04,0.0000,持有
2018-03-08,608.44,37.46,0.9607,0.00,259015.04,259015.04,0.0000,持有
2018-03-09,613.01,37.74,0.9652,0.00,259015.04,259015.04,0.0000,持有
2018-03-12,609.44,37.52,0.9607,0.00,259015.04,259015.04,0.0000,持有
2018-03-13,597.99,36.82,0.9418,0.00,259015.04,259015.04,0.0000,持有
2018-03-14,611.90,37.67,0.9642,0.00,259015.04,259015.04,0.0000,持有
2018-03-15,628.39,38.69,0.9781,0.00,259015.04,259015.04,0.0000,持有
2018-03-16,622.82,38.35,0.9722,0.00,259015.04,259015.04,0.0000,持有
2018-03-19,634.30,39.05,0.9816,0.00,259015.04,259015.04,0.0000,持有
2018-03-20,629.46,38.76,0.9777,0.00,259015.04,259015.04,0.0000,持有
2018-03-21,624.63,38.46,0.9747,0.00,259015.04,259015.04,0.0000,持有
2018-03-22,611.23,37.63,0.9604,0.00,259015.04,259015.04,0.0000,持有
2018-03-23,598.59,36.85,0.9406,0.00,259015.04,259015.04,0.0000,持有
2018-03-26,600.63,36.98,0.9436,0.00,259015.04,259015.04,0.0000,持有
2018-03-27,601.68,37.05,0.9436,0.00,259015.04,259015.04,0.0000,持有
2018-03-28,574.16,31.64,0.7438,0.00,259015.04,259015.04,0.0000,持有
2018-03-29,580.10,31.97,0.7514,0.00,259015.04,259015.04,0.0000,持有
2018-03-30,575.49,31.71,0.7451,0.00,259015.04,259015.04,0.0000,持有
2018-04-02,572.49,31.55,0.7407,0.00,259015.04,259015.04,0.0000,持有
2018-04-03,570.68,31.45,0.7369,0.00,259015.04,259015.04,0.0000,持有
2018-04-04,584.23,32.19,0.7612,0.00,259015.04,259015.04,0.0000,持有
2018-04-09,587.84,32.39,0.7727,0.00,259015.04,259015.04,0.0000,持有
2018-04-10,596.03,32.84,0.7955,0.00,259015.04,259015.04,0.0000,持有
2018-04-11,593.79,32.72,0.7897,0.00,259015.04,259015.04,0.0000,持有
2018-04-12,584.39,32.20,0.7612,0.00,259015.04,259015.04,0.0000,持有
2018-04-13,578.21,31.86,0.7470,0.00,259015.04,259015.04,0.0000,持有
2018-04-16,573.60,31.61,0.7393,0.00,259015.04,259015.04,0.0000,持有
2018-04-17,560.82,30.90,0.7188,0.00,259015.04,259015.04,0.0000,持有
2018-04-18,551.93,30.41,0.7061,0.00,259015.04,259015.04,0.0000,持有
2018-04-19,572.41,31.54,0.7382,0.00,259015.04,259015.04,0.0000,持有
2018-04-20,564.24,31.09,0.7236,0.00,259015.04,259015.04,0.0000,持有
2018-04-23,567.40,31.27,0.7291,0.00,259015.04,259015.04,0.0000,持有
2018-04-24,580.76,32.00,0.7523,0.00,259015.04,259015.04,0.0000,持有
2018-04-25,581.67,32.05,0.7544,0.00,259015.04,259015.04,0.0000,持有
2018-04-26,570.95,31.46,0.7340,0.00,259015.04,259015.04,0.0000,持有
2018-04-27,557.73,30.73,0.7130,0.00,259015.04,259015.04,0.0000,持有
2018-05-02,562.19,28.47,0.6461,0.00,259015.04,259015.04,0.0000,持有
2018-05-03,564.76,28.60,0.6531,0.00,259015.04,259015.04,0.0000,持有
2018-05-04,558.02,28.26,0.6367,0.00,259015.04,259015.04,0.0000,持有
2018-05-07,587.73,29.77,0.6891,0.00,259015.04,259015.04,0.0000,持有
2018-05-08,596.71,30.22,0.7005,0.00,259015.04,259015.04,0.0000,持有
2018-05-09,590.92,29.93,0.6938,0.00,259015.04,259015.04,0.0000,持有
2018-05-10,601.22,30.45,0.7047,0.00,259015.04,259015.04,0.0000,持有
2018-05-11,604.45,30.61,0.7102,0.00,259015.04,259015.04,0.0000,持有
2018-05-14,624.98,31.65,0.7431,0.00,259015.04,259015.04,0.0000,持有
2018-05-15,625.52,31.68,0.7442,0.00,259015.04,259015.04,0.0000,持有
2018-05-16,618.34,31.32,0.7297,0.00,259015.04,259015.04,0.0000,持有
2018-05-17,612.32,31.01,0.7205,0.00,259015.04,259015.04,0.0000,持有
2018-05-18,622.38,31.52,0.7367,0.00,259015.04,259015.04,0.0000,持有
2018-05-21,618.59,31.33,0.7296,0.00,259015.04,259015.04,0.0000,持有
2018-05-22,622.59,31.53,0.7375,0.00,259015.04,259015.04,0.0000,持有
2018-05-23,609.29,30.86,0.7148,0.00,259015.04,259015.04,0.0000,持有
2018-05-24,602.24,30.50,0.7033,0.00,259015.04,259015.04,0.0000,持有
2018-05-25,603.47,30.56,0.7058,0.00,259015.04,259015.04,0.0000,持有
2018-05-28,623.29,31.57,0.7404,0.00,259015.04,259015.04,0.0000,持有
2018-05-29,615.73,31.19,0.7236,0.00,259015.04,259015.04,0.0000,持有
2018-05-30,611.05,30.95,0.7184,0.00,259015.04,259015.04,0.0000,持有
2018-05-31,632.32,32.03,0.7558,0.00,259015.04,259015.04,0.0000,持有
2018-06-01,627.25,31.77,0.7472,0.00,259015.04,259015.04,0.0000,持有
2018-06-04,658.28,33.34,0.8195,0.00,259015.04,259015.04,0.0000,持有
2018-06-05,663.40,33.60,0.8263,0.00,259015.04,259015.04,0.0000,持有
2018-06-06,661.46,33.50,0.8230,0.00,259015.04,259015.04,0.0000,持有
2018-06-07,657.44,33.30,0.8163,0.00,259015.04,259015.04,0.0000,持有
2018-06-08,654.90,33.17,0.8116,0.00,259015.04,259015.04,0.0000,持有
2018-06-11,653.03,33.07,0.8040,0.00,259015.04,259015.04,0.0000,持有
2018-06-12,672.78,34.07,0.8451,0.00,259015.04,259015.04,0.0000,持有
2018-06-13,665.32,33.70,0.8288,0.00,259015.04,259015.04,0.0000,持有
2018-06-14,661.78,33.52,0.8226,0.00,259015.04,259015.04,0.0000,持有
2018-06-15,660.24,32.97,0.7995,0.00,259015.04,259015.04,0.0000,持有
2018-06-19,630.08,31.47,0.7303,0.00,259015.04,259015.04,0.0000,持有
2018-06-20,651.93,32.56,0.7814,0.00,259015.04,259015.04,0.0000,持有
2018-06-21,648.28,32.37,0.7705,0.00,259015.04,259015.04,0.0000,持有
2018-06-22,654.44,32.68,0.7874,0.00,259015.04,259015.04,0.0000,持有
2018-06-25,653.61,32.64,0.7837,0.00,259015.04,259015.04,0.0000,持有
2018-06-26,644.42,32.18,0.7578,0.00,259015.04,259015.04,0.0000,持有
2018-06-27,616.80,30.80,0.7061,0.00,259015.04,259015.04,0.0000,持有
2018-06-28,606.97,30.31,0.6899,0.00,259015.04,259015.04,0.0000,持有
2018-06-29,624.50,31.19,0.7179,0.00,259015.04,259015.04,0.0000,持有
2018-07-02,607.50,30.34,0.6902,0.00,259015.04,259015.04,0.0000,持有
2018-07-03,593.30,29.63,0.6726,0.00,259015.04,259015.04,0.0000,持有
2018-07-04,589.88,29.46,0.6694,0.00,259015.04,259015.04,0.0000,持有
2018-07-05,599.68,29.95,0.6825,0.00,259015.04,259015.04,0.0000,持有
2018-07-06,609.69,30.45,0.6936,0.00,259015.04,259015.04,0.0000,持有
2018-07-09,620.89,31.01,0.7134,0.00,259015.04,259015.04,0.0000,持有
2018-07-10,619.63,30.94,0.7121,0.00,259015.04,259015.04,0.0000,持有
2018-07-11,614.35,30.68,0.7008,0.00,259015.04,259015.04,0.0000,持有
2018-07-12,629.69,31.45,0.7286,0.00,259015.04,259015.04,0.0000,持有
2018-07-13,637.76,31.85,0.7455,0.00,259015.04,259015.04,0.0000,持有
2018-07-16,644.32,32.18,0.7589,0.00,259015.04,259015.04,0.0000,持有
2018-07-17,633.86,31.65,0.7390,0.00,259015.04,259015.04,0.0000,持有
2018-07-18,629.60,31.44,0.7272,0.00,259015.04,259015.04,0.0000,持有
2018-07-19,632.60,31.59,0.7355,0.00,259015.04,259015.04,0.0000,持有
2018-07-20,632.75,31.60,0.7356,0.00,259015.04,259015.04,0.0000,持有
2018-07-23,625.02,31.21,0.7181,0.00,259015.04,259015.04,0.0000,持有
2018-07-24,636.40,31.78,0.7435,0.00,259015.04,259015.04,0.0000,持有
2018-07-25,635.04,31.71,0.7412,0.00,259015.04,259015.04,0.0000,持有
2018-07-26,628.05,31.36,0.7233,0.00,259015.04,259015.04,0.0000,持有
2018-07-27,630.56,31.49,0.7291,0.00,259015.04,259015.04,0.0000,持有
2018-07-30,614.04,30.66,0.6964,0.00,259015.04,259015.04,0.0000,持有
2018-07-31,620.21,30.97,0.7089,0.00,259015.04,259015.04,0.0000,持有
2018-08-01,610.39,30.48,0.6896,0.00,259015.04,259015.04,0.0000,持有
2018-08-02,594.09,27.67,0.5972,0.00,259015.04,259015.04,0.0000,持有
2018-08-03,579.70,27.00,0.5789,0.00,259015.04,259015.04,0.0000,持有
2018-08-06,571.75,26.63,0.5678,0.00,259015.04,259015.04,0.0000,持有
2018-08-07,585.92,27.29,0.5865,0.00,259015.04,259015.04,0.0000,持有
2018-08-08,577.33,26.89,0.5739,0.00,259015.04,259015.04,0.0000,持有
2018-08-09,590.71,27.51,0.5925,0.00,259015.04,259015.04,0.0000,持有
2018-08-10,586.69,27.32,0.5866,0.00,259015.04,259015.04,0.0000,持有
2018-08-13,579.90,27.01,0.5787,0.00,259015.04,259015.04,0.0000,持有
2018-08-14,580.67,27.04,0.5794,0.00,259015.04,259015.04,0.0000,持有
2018-08-15,565.88,26.35,0.5555,0.00,259015.04,259015.04,0.0000,持有
2018-08-16,553.62,25.78,0.5397,0.00,259015.04,259015.04,0.0000,持有
2018-08-17,542.02,25.24,0.5290,0.00,259015.04,259015.04,0.0000,持有
2018-08-20,550.50,25.64,0.5373,0.00,259015.04,259015.04,0.0000,持有
2018-08-21,573.30,26.70,0.5695,0.00,259015.04,259015.04,0.0000,持有
2018-08-22,570.06,26.55,0.5627,0.00,259015.04,259015.04,0.0000,持有
2018-08-23,572.20,26.65,0.5681,0.00,259015.04,259015.04,0.0000,持有
2018-08-24,563.74,26.26,0.5508,0.00,259015.04,259015.04,0.0000,持有
2018-08-27,586.79,27.33,0.5892,0.00,259015.04,259015.04,0.0000,持有
2018-08-28,581.42,27.08,0.5818,0.00,259015.04,259015.04,0.0000,持有
2018-08-29,585.56,27.27,0.5877,0.00,259015.04,259015.04,0.0000,持有
2018-08-30,580.90,27.05,0.5804,0.00,259015.04,259015.04,0.0000,持有
2018-08-31,562.80,26.21,0.5477,0.00,259015.04,259015.04,0.0000,持有
2018-09-03,568.79,26.49,0.5592,0.00,259015.04,259015.04,0.0000,持有
2018-09-04,576.33,26.84,0.5720,0.00,259015.04,259015.04,0.0000,持有
2018-09-05,561.60,26.16,0.5460,0.00,259015.04,259015.04,0.0000,持有
2018-09-06,549.83,25.61,0.5326,0.00,259015.04,259015.04,0.0000,持有
2018-09-07,555.78,25.88,0.5389,0.00,259015.04,259015.04,0.0000,持有
2018-09-10,550.51,25.64,0.5344,0.00,259015.04,259015.04,0.0000,持有
2018-09-11,551.53,25.69,0.5365,0.00,259015.04,259015.04,0.0000,持有
2018-09-12,537.87,25.05,0.5171,0.00,259015.04,259015.04,0.0000,持有
2018-09-13,539.56,25.13,0.5196,0.00,259015.04,259015.04,0.0000,持有
2018-09-14,548.89,25.56,0.5316,0.00,259015.04,259015.04,0.0000,持有
2018-09-17,551.37,25.68,0.5369,0.00,259015.04,259015.04,0.0000,持有
2018-09-18,569.21,26.51,0.5614,0.00,259015.04,259015.04,0.0000,持有
2018-09-19,581.77,27.09,0.5854,0.00,259015.04,259015.04,0.0000,持有
2018-09-20,579.32,26.98,0.5800,0.00,259015.04,259015.04,0.0000,持有
2018-09-21,597.65,27.83,0.6068,0.00,259015.04,259015.04,0.0000,持有
2018-09-25,595.09,27.72,0.6056,0.00,259015.04,259015.04,0.0000,持有
2018-09-26,618.92,28.82,0.6468,0.00,259015.04,259015.04,0.0000,持有
2018-09-27,618.13,28.79,0.6456,0.00,259015.04,259015.04,0.0000,持有
2018-09-28,623.25,29.03,0.6560,0.00,259015.04,259015.04,0.0000,持有
2018-10-08,585.81,27.28,0.5896,0.00,259015.04,259015.04,0.0000,持有
2018-10-09,593.37,27.63,0.6019,0.00,259015.04,259015.04,0.0000,持有
2018-10-10,572.81,26.68,0.5681,0.00,259015.04,259015.04,0.0000,持有
2018-10-11,550.67,25.65,0.5325,0.00,259015.04,259015.04,0.0000,持有
2018-10-12,570.32,26.56,0.5625,0.00,259015.04,259015.04,0.0000,持有
2018-10-15,569.38,26.52,0.5594,0.00,259015.04,259015.04,0.0000,持有
2018-10-16,569.58,26.53,0.5601,0.00,259015.04,259015.04,0.0000,持有
2018-10-17,568.37,26.47,0.5571,0.00,259015.04,259015.04,0.0000,持有
2018-10-18,551.48,25.68,0.5336,0.00,259015.04,259015.04,0.0000,持有
2018-10-19,572.02,26.64,0.5672,0.00,259015.04,259015.04,0.0000,持有
2018-10-22,591.66,27.56,0.5998,0.00,259015.04,259015.04,0.0000,持有
2018-10-23,547.90,25.52,0.5255,0.00,259015.04,259015.04,0.0000,持有
2018-10-24,543.84,25.33,0.5211,0.00,259015.04,259015.04,0.0000,持有
2018-10-25,528.48,24.61,0.4907,0.00,259015.04,259015.04,0.0000,买入(补至20%)
2018-10-26,520.88,24.26,0.4827,51046.62,207223.77,258270.38,0.1976,持有
2018-10-29,468.80,21.67,0.4117,45941.96,207223.77,253165.72,0.1815,持有
2018-10-30,447.37,20.68,0.4032,43842.69,207223.77,251066.46,0.1746,持有
2018-10-31,468.63,21.66,0.4109,45926.06,207223.77,253149.83,0.1814,持有
2018-11-01,480.67,22.22,0.4190,47105.80,207223.77,254329.56,0.1852,持有
2018-11-02,512.18,23.68,0.4576,50193.19,207223.77,257416.96,0.1950,持有
2018-11-05,491.60,22.73,0.4265,48176.76,207223.77,255400.53,0.1886,持有
2018-11-06,483.23,22.34,0.4217,47356.80,207223.77,254580.57,0.1860,持有
2018-11-07,483.57,22.35,0.4219,47390.27,207223.77,254614.04,0.1861,持有
2018-11-08,486.94,22.51,0.4236,47719.93,207223.77,254943.69,0.1872,持有
2018-11-09,479.82,22.18,0.4169,47022.13,207223.77,254245.89,0.1849,持有
2018-11-12,471.28,21.79,0.4117,46185.43,207223.77,253409.20,0.1823,持有
2018-11-13,486.65,22.50,0.4234,47691.48,207223.77,254915.25,0.1871,持有
2018-11-14,473.93,21.91,0.4136,46444.81,207223.77,253668.58,0.1831,持有
2018-11-15,477.85,22.09,0.4157,46829.69,207223.77,254053.45,0.1843,持有
2018-11-16,478.11,22.10,0.4164,46854.79,207223.77,254078.55,0.1844,持有
2018-11-19,485.81,22.46,0.4240,47609.48,207223.77,254833.25,0.1868,持有
2018-11-20,479.48,22.16,0.4170,46988.66,207223.77,254212.43,0.1848,持有
2018-11-21,482.12,22.29,0.4218,47248.03,207223.77,254471.80,0.1857,持有
2018-11-22,481.95,22.28,0.4216,47231.30,207223.77,254455.07,0.1856,持有
2018-11-23,475.46,21.98,0.4137,46595.41,207223.77,253819.18,0.1836,持有
2018-11-26,471.37,21.79,0.4103,46194.64,207223.77,253418.40,0.1823,持有
2018-11-27,467.95,21.63,0.4064,45859.12,207223.77,253082.89,0.1812,持有
2018-11-28,475.55,21.98,0.4145,46603.78,207223.77,253827.55,0.1836,持有
2018-11-29,470.94,21.77,0.4092,46151.97,207223.77,253375.73,0.1821,持有
2018-11-30,482.38,22.30,0.4237,47273.13,207223.77,254496.90,0.1858,持有
2018-12-03,513.29,23.73,0.4641,50301.96,207223.77,257525.73,0.1953,持有
2018-12-04,514.16,23.77,0.4662,50388.14,207223.77,257611.91,0.1956,持有
2018-12-05,520.88,24.08,0.4829,51046.62,207223.77,258270.38,0.1976,持有
2018-12-06,505.26,23.36,0.4471,49515.47,207223.77,256739.24,0.1929,持有
2018-12-07,501.16,23.17,0.4419,49113.86,207223.77,256337.62,0.1916,持有
2018-12-10,492.82,22.78,0.4312,48296.41,207223.77,255520.18,0.1890,持有
2018-12-11,497.74,23.01,0.4383,48778.34,207223.77,256002.11,0.1905,持有
2018-12-12,502.87,23.25,0.4444,49281.20,207223.77,256504.96,0.1921,持有
2018-12-13,513.75,23.75,0.4661,50347.98,207223.77,257571.75,0.1955,持有
2018-12-14,506.25,23.40,0.4509,49612.53,207223.77,256836.29,0.1932,持有
2018-12-17,504.17,23.31,0.4457,49408.37,207223.77,256632.14,0.1925,持有
2018-12-18,504.53,23.32,0.4464,49443.51,207223.77,256667.28,0.1926,持有
2018-12-19,493.31,22.80,0.4307,48344.10,207223.77,255567.87,0.1892,持有
2018-12-20,490.49,22.67,0.4282,48067.99,207223.77,255291.76,0.1883,持有
2018-12-21,484.44,22.39,0.4231,47474.78,207223.77,254698.54,0.1864,持有
2018-12-24,484.94,22.42,0.4233,47524.14,207223.77,254747.91,0.1866,持有
2018-12-25,483.05,22.33,0.4209,47339.23,207223.77,254563.00,0.1860,持有
2018-12-26,478.18,22.10,0.4139,46861.48,207223.77,254085.25,0.1844,持有
2018-12-27,480.67,22.22,0.4169,47105.80,207223.77,254329.56,0.1852,持有
2018-12-28,503.73,23.29,0.4466,49365.70,207223.77,256589.47,0.1924,持有
2019-01-02,511.39,23.64,0.4649,50116.22,207223.77,257339.98,0.1947,持有
2019-01-03,503.72,23.29,0.4462,49364.87,207223.77,256588.63,0.1924,持有
2019-01-04,513.97,23.76,0.4699,50368.90,207223.77,257592.66,0.1955,持有
2019-01-07,516.95,23.90,0.4756,50660.90,207223.77,257884.67,0.1964,持有
2019-01-08,516.35,23.87,0.4745,50602.33,207223.77,257826.10,0.1963,持有
2019-01-09,526.02,24.32,0.4977,51550.31,207223.77,258774.07,0.1992,持有
2019-01-10,528.29,24.42,0.4998,51772.03,207223.77,258995.80,0.1999,持有
2019-01-11,542.89,25.10,0.5248,53203.61,207223.77,260427.38,0.2043,持有
2019-01-14,533.26,24.65,0.5043,52259.82,207223.77,259483.59,0.2014,持有
2019-01-15,563.47,26.05,0.5541,55220.04,207223.77,262443.81,0.2104,持有
2019-01-16,564.43,26.09,0.5548,55313.75,207223.77,262537.52,0.2107,持有
2019-01-17,562.85,26.02,0.5527,55158.96,207223.77,262382.73,0.2102,持有
2019-01-18,583.64,26.98,0.5907,57197.15,207223.77,264420.91,0.2163,持有
2019-01-21,586.52,27.11,0.5977,57479.11,207223.77,264702.88,0.2171,持有
2019-01-22,572.88,26.48,0.5686,56142.08,207223.77,263365.84,0.2132,持有
2019-01-23,568.32,26.27,0.5594,55695.28,207223.77,262919.05,0.2118,持有
2019-01-24,574.16,26.54,0.5730,56267.58,207223.77,263491.35,0.2135,持有
2019-01-25,580.31,26.83,0.5845,56870.00,207223.77,264093.77,0.2153,持有
2019-01-28,578.00,26.72,0.5819,56644.09,207223.77,263867.86,0.2147,持有
2019-01-29,584.83,27.03,0.5938,57313.45,207223.77,264537.21,0.2167,持有
2019-01-30,577.15,26.68,0.5805,56560.42,207223.77,263784.19,0.2144,持有
2019-01-31,588.76,27.22,0.6009,57698.32,207223.77,264922.09,0.2178,持有
2019-02-01,591.38,27.34,0.6060,57955.19,207223.77,265178.96,0.2186,持有
2019-02-11,619.24,28.63,0.6541,60685.32,207223.77,267909.08,0.2265,持有
2019-02-12,612.94,28.33,0.6404,60067.84,207223.77,267291.60,0.2247,持有
2019-02-13,627.73,29.02,0.6688,61517.83,207223.77,268741.59,0.2289,持有
2019-02-14,629.36,29.09,0.6716,61677.63,207223.77,268901.40,0.2294,持有
2019-02-15,618.79,28.60,0.6525,60641.81,207223.77,267865.58,0.2264,持有
2019-02-18,631.79,29.21,0.6750,61915.26,207223.77,269139.02,0.2300,持有
2019-02-19,623.90,28.84,0.6609,61142.15,207223.77,268365.92,0.2278,持有
2019-02-20,616.42,28.50,0.6454,60409.21,207223.77,267632.98,0.2257,持有
2019-02-21,614.93,28.43,0.6406,60262.79,207223.77,267486.55,0.2253,持有
2019-02-22,619.84,28.65,0.6542,60744.72,207223.77,267968.49,0.2267,持有
2019-02-25,633.78,29.30,0.6789,62110.20,207223.77,269333.97,0.2306,持有
2019-02-26,620.99,28.71,0.6558,60856.84,207223.77,268080.61,0.2270,持有
2019-02-27,632.39,29.23,0.6769,61973.82,207223.77,269197.59,0.2302,持有
2019-02-28,644.60,29.80,0.6904,63171.13,207223.77,270394.90,0.2336,持有
2019-03-01,673.88,31.15,0.7306,66040.15,207223.77,273263.92,0.2417,持有
2019-03-04,667.53,30.86,0.7214,65417.65,207223.77,272641.42,0.2399,持有
2019-03-05,665.75,30.78,0.7180,65243.62,207223.77,272467.39,0.2395,持有
2019-03-06,655.69,30.31,0.7016,64257.99,207223.77,271481.76,0.2367,持有
2019-03-07,639.13,29.54,0.6836,62634.81,207223.77,269858.58,0.2321,持有
2019-03-08,629.65,29.11,0.6704,61706.08,207223.77,268929.85,0.2295,持有
2019-03-11,647.62,29.94,0.6945,63466.48,207223.77,270690.25,0.2345,持有
2019-03-12,636.07,29.40,0.6809,62334.44,207223.77,269558.21,0.2312,持有
2019-03-13,643.74,29.76,0.6886,63086.63,207223.77,270310.39,0.2334,持有
2019-03-14,664.23,30.71,0.7157,65094.69,207223.77,272318.45,0.2390,持有
2019-03-15,663.63,30.68,0.7145,65036.12,207223.77,272259.89,0.2389,持有
2019-03-18,691.63,31.97,0.7669,67779.63,207223.77,275003.40,0.2465,持有
2019-03-19,676.71,31.28,0.7383,66317.10,207223.77,273540.86,0.2424,持有
2019-03-20,676.87,31.29,0.7384,66332.99,207223.77,273556.76,0.2425,持有
2019-03-21,670.85,31.01,0.7279,65743.12,207223.77,272966.89,0.2408,持有
2019-03-22,677.89,31.34,0.7399,66433.40,207223.77,273657.16,0.2428,持有
2019-03-25,662.18,30.61,0.7113,64893.88,207223.77,272117.65,0.2385,持有
2019-03-26,659.96,30.51,0.7075,64676.34,207223.77,271900.11,0.2379,持有
2019-03-27,673.20,31.12,0.7306,65973.21,207223.77,273196.98,0.2415,持有
2019-03-28,688.82,31.84,0.7634,67504.36,207223.77,274728.13,0.2457,持有
2019-03-29,729.11,30.47,0.7043,71452.71,207223.77,278676.48,0.2564,持有
2019-04-01,733.39,30.65,0.7115,71871.90,207223.77,279095.66,0.2575,持有
2019-04-02,725.70,30.33,0.6993,71118.87,207223.77,278342.64,0.2555,持有
2019-04-03,721.01,30.13,0.6955,70658.69,207223.77,277882.46,0.2543,持有
2019-04-04,738.51,30.87,0.7216,72373.91,207223.77,279597.68,0.2589,持有
2019-04-08,768.56,32.12,0.7759,75319.07,207223.77,282542.84,0.2666,持有
2019-04-09,772.66,32.29,0.7861,75720.68,207223.77,282944.45,0.2676,持有
2019-04-10,809.36,33.83,0.8500,79317.63,207223.77,286541.39,0.2768,持有
2019-04-11,789.91,33.01,0.8171,77410.80,207223.77,284634.57,0.2720,持有
2019-04-12,780.34,32.61,0.7996,76473.71,207223.77,283697.47,0.2696,持有
2019-04-15,774.37,32.37,0.7873,75888.02,207223.77,283111.79,0.2680,持有
2019-04-16,802.46,33.54,0.8384,78640.74,207223.77,285864.51,0.2751,持有
2019-04-17,812.79,33.97,0.8551,79653.14,207223.77,286876.91,0.2777,持有
2019-04-18,807.24,33.74,0.8464,79109.29,207223.77,286333.06,0.2763,持有
2019-04-19,813.27,33.99,0.8557,79699.99,207223.77,286923.76,0.2778,持有
2019-04-22,810.40,33.87,0.8514,79418.87,207223.77,286642.63,0.2771,持有
2019-04-23,832.38,34.79,0.8795,81573.35,207223.77,288797.12,0.2825,持有
2019-04-24,828.15,34.61,0.8739,81159.19,207223.77,288382.95,0.2814,持有
2019-04-25,813.10,31.55,0.7478,79684.10,207223.77,286907.86,0.2777,持有
2019-04-26,806.81,31.31,0.7348,79067.45,207223.77,286291.22,0.2762,持有
2019-04-29,829.84,32.20,0.7756,81324.01,207223.77,288547.78,0.2818,持有
2019-04-30,831.57,32.27,0.7805,81493.86,207223.77,288717.63,0.2823,持有
2019-05-06,773.51,30.02,0.6871,75804.35,207223.77,283028.12,0.2678,持有
2019-05-07,759.85,29.48,0.6715,74465.64,207223.77,281689.41,0.2644,持有
2019-05-08,755.07,29.30,0.6664,73997.10,207223.77,281220.86,0.2631,持有
2019-05-09,733.22,28.45,0.6281,71856.00,207223.77,279079.77,0.2575,持有
2019-05-10,774.47,30.05,0.6889,75898.06,207223.77,283121.83,0.2681,持有
2019-05-13,761.56,29.55,0.6734,74632.98,207223.77,281856.75,0.2648,持有
2019-05-14,756.93,29.37,0.6683,74178.66,207223.77,281402.43,0.2636,持有
2019-05-15,791.44,30.71,0.7107,77561.41,207223.77,284785.17,0.2724,持有
2019-05-16,793.93,30.81,0.7147,77804.89,207223.77,285028.65,0.2730,持有
2019-05-17,774.19,30.04,0.6879,75870.45,207223.77,283094.22,0.2680,持有
2019-05-20,755.55,29.32,0.6654,74043.95,207223.77,281267.72,0.2633,持有
2019-05-21,764.12,29.65,0.6759,74883.99,207223.77,282107.76,0.2654,持有
2019-05-22,758.15,29.42,0.6691,74298.31,207223.77,281522.07,0.2639,持有
2019-05-23,735.09,28.52,0.6302,72039.24,207223.77,279263.00,0.2580,持有
2019-05-24,750.04,29.10,0.6564,73503.45,207223.77,280727.22,0.2618,持有
2019-05-27,750.46,29.12,0.6574,73545.28,207223.77,280769.05,0.2619,持有
2019-05-28,758.15,29.42,0.6693,74298.31,207223.77,281522.07,0.2639,持有
2019-05-29,778.56,30.21,0.6928,76298.84,207223.77,283522.61,0.2691,持有
2019-05-30,772.92,29.99,0.6865,75745.78,207223.77,282969.55,0.2677,持有
2019-05-31,759.85,29.48,0.6701,74465.64,207223.77,281689.41,0.2644,持有
2019-06-03,761.56,29.55,0.6724,74632.98,207223.77,281856.75,0.2648,持有
2019-06-04,747.30,29.00,0.6505,73235.71,207223.77,280459.47,0.2611,持有
2019-06-05,744.14,28.88,0.6442,72926.13,207223.77,280149.90,0.2603,持有
2019-06-06,736.06,28.56,0.6305,72133.78,207223.77,279357.55,0.2582,持有
2019-06-10,743.70,28.86,0.6436,72882.62,207223.77,280106.39,0.2602,持有
2019-06-11,777.69,30.18,0.6935,76213.50,207223.77,283437.26,0.2689,持有
2019-06-12,774.11,30.04,0.6889,75862.92,207223.77,283086.69,0.2680,持有
2019-06-13,776.93,30.15,0.6920,76139.03,207223.77,283362.80,0.2687,持有
2019-06-14,779.49,30.25,0.6947,76390.04,207223.77,283613.80,0.2693,持有
2019-06-17,778.29,30.20,0.6936,76272.90,207223.77,283496.67,0.2690,持有
2019-06-18,782.91,30.38,0.6980,76724.72,207223.77,283948.48,0.2702,持有
2019-06-19,795.72,30.88,0.7201,77980.59,207223.77,285204.36,0.2734,持有
2019-06-20,832.42,32.30,0.7862,81577.53,207223.77,288801.30,0.2825,持有
2019-06-21,833.53,32.34,0.7876,81686.30,207223.77,288910.07,0.2827,持有
2019-06-24,842.75,32.70,0.8066,82589.93,207223.77,289813.70,0.2850,持有
2019-06-25,839.24,32.57,0.7990,82245.21,207223.77,289468.98,0.2841,持有
2019-06-26,836.57,32.46,0.7935,81984.17,207223.77,289207.93,0.2835,持有
2019-06-27,850.65,33.01,0.8176,83363.87,207223.77,290587.64,0.2869,持有
2019-06-28,852.55,32.60,0.7997,83549.84,207223.77,290773.61,0.2873,持有
2019-07-01,894.02,34.18,0.8633,87613.56,207223.77,294837.32,0.2972,持有
2019-07-02,888.07,33.96,0.8561,87031.09,207223.77,294254.85,0.2958,持有
2019-07-03,855.93,32.73,0.8072,83880.98,207223.77,291104.75,0.2881,持有
2019-07-04,850.12,32.51,0.7931,83312.10,207223.77,290535.87,0.2868,持有
2019-07-05,866.26,33.12,0.8237,84893.09,207223.77,292116.86,0.2906,持有
2019-07-08,853.29,32.63,0.7989,83622.86,207223.77,290846.63,0.2875,持有
2019-07-09,845.67,32.34,0.7835,82875.67,207223.77,290099.44,0.2857,持有
2019-07-10,851.27,32.55,0.7961,83424.18,207223.77,290647.94,0.2870,持有
2019-07-11,850.38,32.52,0.7944,83337.57,207223.77,290561.34,0.2868,持有
2019-07-12,854.36,32.67,0.8031,83727.30,207223.77,290951.07,0.2878,持有
2019-07-15,845.56,31.16,0.7249,82864.63,207223.77,290088.40,0.2857,持有
2019-07-16,838.69,30.91,0.7156,82191.31,207223.77,289415.07,0.2840,持有
2019-07-17,834.79,30.77,0.7088,81809.22,207223.77,289032.99,0.2830,持有
2019-07-18,820.93,30.22,0.6876,80450.69,207223.77,287674.45,0.2797,持有
2019-07-19,828.18,30.48,0.6967,81161.37,207223.77,288385.14,0.2814,持有
2019-07-22,829.17,30.52,0.6985,81259.01,207223.77,288482.78,0.2817,持有
2019-07-23,826.54,30.42,0.6936,81000.89,207223.77,288224.66,0.2810,持有
2019-07-24,819.94,30.18,0.6856,80353.89,207223.77,287577.66,0.2794,持有
2019-07-25,834.35,30.71,0.7075,81766.77,207223.77,288990.53,0.2829,持有
2019-07-26,836.11,30.78,0.7101,81939.13,207223.77,289162.90,0.2834,持有
2019-07-29,845.97,31.14,0.7248,82905.39,207223.77,290129.15,0.2858,持有
2019-07-30,848.16,31.22,0.7296,83119.36,207223.77,290343.12,0.2863,持有
2019-07-31,842.67,31.02,0.7216,82581.89,207223.77,289805.65,0.2850,持有
2019-08-01,831.15,30.59,0.7004,81452.61,207223.77,288676.37,0.2822,持有
2019-08-02,826.95,30.44,0.6920,81040.80,207223.77,288264.57,0.2811,持有
2019-08-05,816.53,30.05,0.6794,80020.20,207223.77,287243.97,0.2786,持有
2019-08-06,819.89,30.18,0.6834,80348.80,207223.77,287572.56,0.2794,持有
2019-08-07,818.76,30.14,0.6810,80238.42,207223.77,287462.18,0.2791,持有
2019-08-08,841.88,30.99,0.7202,82503.77,207223.77,289727.54,0.2848,持有
2019-08-09,833.51,30.68,0.7037,81684.40,207223.77,288908.17,0.2827,持有
2019-08-12,882.55,32.49,0.7917,86490.22,207223.77,293713.99,0.2945,持有
2019-08-13,881.96,32.46,0.7913,86432.48,207223.77,293656.25,0.2943,持有
2019-08-14,903.95,33.27,0.8317,88587.46,207223.77,295811.22,0.2995,持有
2019-08-15,905.31,33.32,0.8347,88720.76,207223.77,295944.53,0.2998,持有
2019-08-16,913.72,33.63,0.8441,89544.37,207223.77,296768.14,0.3017,持有
2019-08-19,914.83,33.67,0.8450,89653.06,207223.77,296876.82,0.3020,持有
2019-08-20,927.06,34.12,0.8642,90851.96,207223.77,298075.73,0.3048,持有
2019-08-21,923.60,34.00,0.8596,90512.33,207223.77,297736.10,0.3040,持有
2019-08-22,956.52,35.21,0.8951,93738.85,207223.77,300962.61,0.3115,持有
2019-08-23,979.13,36.04,0.9227,95954.96,207223.77,303178.72,0.3165,持有
2019-08-26,955.61,35.17,0.8918,93649.69,207223.77,300873.46,0.3113,持有
2019-08-27,960.85,35.37,0.9008,94163.39,207223.77,301387.16,0.3124,持有
2019-08-28,953.15,35.08,0.8881,93408.55,207223.77,300632.32,0.3107,持有
2019-08-29,964.40,35.50,0.9076,94511.51,207223.77,301735.28,0.3132,持有
2019-08-30,989.44,36.42,0.9346,96965.37,207223.77,304189.13,0.3188,持有
2019-09-02,986.64,36.32,0.9304,96690.26,207223.77,303914.03,0.3182,持有
2019-09-03,987.71,36.36,0.9313,96795.55,207223.77,304019.32,0.3184,持有
2019-09-04,974.72,35.88,0.9179,95522.77,207223.77,302746.54,0.3155,持有
2019-09-05,991.18,36.48,0.9360,97135.18,207223.77,304358.95,0.3191,持有
2019-09-06,989.87,36.44,0.9348,97006.97,207223.77,304230.74,0.3189,持有
2019-09-09,984.69,36.24,0.9285,96500.07,207223.77,303723.83,0.3177,持有
2019-09-10,973.72,35.84,0.9155,95424.28,207223.77,302648.05,0.3153,持有
2019-09-11,926.64,34.11,0.8583,90811.21,207223.77,298034.97,0.3047,持有
2019-09-12,952.19,35.05,0.8840,93314.31,207223.77,300538.07,0.3105,持有
2019-09-16,952.19,35.05,0.8837,93314.31,207223.77,300538.07,0.3105,持有
2019-09-17,947.86,34.89,0.8804,92890.61,207223.77,300114.38,0.3095,持有
2019-09-18,995.42,36.64,0.9404,97551.23,207223.77,304775.00,0.3201,持有
2019-09-19,992.04,36.52,0.9367,97220.09,207223.77,304443.86,0.3193,持有
2019-09-20,1002.80,36.91,0.9501,98274.65,207223.77,305498.42,0.3217,卖出(降至0%)
2019-09-23,995.51,36.64,0.9401,0.00,305462.76,305462.76,0.0000,持有
2019-09-24,1025.83,37.76,0.9686,0.00,305462.76,305462.76,0.0000,持有
2019-09-25,1017.17,37.44,0.9623,0.00,305462.76,305462.76,0.0000,持有
2019-09-26,1011.10,37.22,0.9560,0.00,305462.76,305462.76,0.0000,持有
2019-09-27,1017.82,37.46,0.9628,0.00,305462.76,305462.76,0.0000,持有
2019-09-30,996.37,36.67,0.9394,0.00,305462.76,305462.76,0.0000,持有
2019-10-08,1011.19,37.22,0.9557,0.00,305462.76,305462.76,0.0000,持有
2019-10-09,993.61,36.57,0.9361,0.00,305462.76,305462.76,0.0000,持有
2019-10-10,1000.71,36.83,0.9453,0.00,305462.76,305462.76,0.0000,持有
2019-10-11,1017.69,37.46,0.9620,0.00,305462.76,305462.76,0.0000,持有
2019-10-14,1022.37,37.63,0.9658,0.00,305462.76,305462.76,0.0000,持有
2019-10-15,1049.22,38.62,0.9804,0.00,305462.76,305462.76,0.0000,持有
2019-10-16,1013.70,35.91,0.9120,0.00,305462.76,305462.76,0.0000,持有
2019-10-17,1025.25,36.32,0.9237,0.00,305462.76,305462.76,0.0000,持有
2019-10-18,1018.72,36.09,0.9167,0.00,305462.76,305462.76,0.0000,持有
2019-10-21,1012.40,35.87,0.9092,0.00,305462.76,305462.76,0.0000,持有
2019-10-22,1014.40,35.94,0.9122,0.00,305462.76,305462.76,0.0000,持有
2019-10-23,1004.09,35.57,0.8985,0.00,305462.76,305462.76,0.0000,持有
2019-10-24,996.61,35.31,0.8860,0.00,305462.76,305462.76,0.0000,持有
2019-10-25,1014.87,35.95,0.9127,0.00,305462.76,305462.76,0.0000,持有
2019-10-28,1020.88,36.17,0.9202,0.00,305462.76,305462.76,0.0000,持有
2019-10-29,1033.63,36.62,0.9356,0.00,305462.76,305462.76,0.0000,持有
2019-10-30,1025.66,36.34,0.9244,0.00,305462.76,305462.76,0.0000,持有
2019-10-31,1022.37,36.22,0.9215,0.00,305462.76,305462.76,0.0000,持有
2019-11-01,1026.70,36.37,0.9257,0.00,305462.76,305462.76,0.0000,持有
2019-11-04,1039.34,36.82,0.9432,0.00,305462.76,305462.76,0.0000,持有
2019-11-05,1038.83,36.80,0.9424,0.00,305462.76,305462.76,0.0000,持有
2019-11-06,1033.63,36.62,0.9345,0.00,305462.76,305462.76,0.0000,持有
2019-11-07,1040.88,36.88,0.9457,0.00,305462.76,305462.76,0.0000,持有
2019-11-08,1044.03,36.99,0.9491,0.00,305462.76,305462.76,0.0000,持有
2019-11-11,1038.83,36.80,0.9412,0.00,305462.76,305462.76,0.0000,持有
2019-11-12,1041.08,36.88,0.9454,0.00,305462.76,305462.76,0.0000,持有
2019-11-13,1060.49,37.57,0.9640,0.00,305462.76,305462.76,0.0000,持有
2019-11-14,1065.69,37.76,0.9682,0.00,305462.76,305462.76,0.0000,持有
2019-11-15,1061.27,37.60,0.9645,0.00,305462.76,305462.76,0.0000,持有
2019-11-18,1063.33,37.67,0.9665,0.00,305462.76,305462.76,0.0000,持有
2019-11-19,1067.70,37.83,0.9690,0.00,305462.76,305462.76,0.0000,持有
2019-11-20,1068.94,37.87,0.9695,0.00,305462.76,305462.76,0.0000,持有
2019-11-21,1066.81,37.79,0.9682,0.00,305462.76,305462.76,0.0000,持有
2019-11-22,1034.50,36.65,0.9320,0.00,305462.76,305462.76,0.0000,持有
2019-11-25,1024.15,36.28,0.9159,0.00,305462.76,305462.76,0.0000,持有
2019-11-26,1026.70,36.37,0.9197,0.00,305462.76,305462.76,0.0000,持有
2019-11-27,1030.99,36.53,0.9267,0.00,305462.76,305462.76,0.0000,持有
2019-11-28,1018.73,36.09,0.9082,0.00,305462.76,305462.76,0.0000,持有
2019-11-29,978.18,34.65,0.8564,0.00,305462.76,305462.76,0.0000,持有
2019-12-02,981.64,34.78,0.8597,0.00,305462.76,305462.76,0.0000,持有
2019-12-03,968.65,34.32,0.8458,0.00,305462.76,305462.76,0.0000,持有
2019-12-04,972.40,34.45,0.8500,0.00,305462.76,305462.76,0.0000,持有
2019-12-05,978.87,34.68,0.8574,0.00,305462.76,305462.76,0.0000,持有
2019-12-06,1013.70,35.91,0.9014,0.00,305462.76,305462.76,0.0000,持有
2019-12-09,1003.91,35.57,0.8888,0.00,305462.76,305462.76,0.0000,持有
2019-12-10,1008.85,35.74,0.8950,0.00,305462.76,305462.76,0.0000,持有
2019-12-11,1004.15,35.58,0.8888,0.00,305462.76,305462.76,0.0000,持有
2019-12-12,985.11,34.90,0.8622,0.00,305462.76,305462.76,0.0000,持有
2019-12-13,1007.64,35.70,0.8939,0.00,305462.76,305462.76,0.0000,持有
2019-12-16,994.57,35.24,0.8730,0.00,305462.76,305462.76,0.0000,持有
2019-12-17,1013.68,35.91,0.9013,0.00,305462.76,305462.76,0.0000,持有
2019-12-18,1011.97,35.85,0.8989,0.00,305462.76,305462.76,0.0000,持有
2019-12-19,1002.79,35.53,0.8858,0.00,305462.76,305462.76,0.0000,持有
2019-12-20,993.17,35.19,0.8691,0.00,305462.76,305462.76,0.0000,持有
2019-12-23,995.77,35.28,0.8733,0.00,305462.76,305462.76,0.0000,持有
2019-12-24,994.64,35.24,0.8717,0.00,305462.76,305462.76,0.0000,持有
2019-12-25,982.25,34.80,0.8562,0.00,305462.76,305462.76,0.0000,持有
2019-12-26,983.46,34.84,0.8567,0.00,305462.76,305462.76,0.0000,持有
2019-12-27,1007.64,35.70,0.8931,0.00,305462.76,305462.76,0.0000,持有
2019-12-30,1027.39,36.40,0.9217,0.00,305462.76,305462.76,0.0000,持有
2019-12-31,1024.97,36.31,0.9156,0.00,305462.76,305462.76,0.0000,持有
2020-01-02,979.05,34.69,0.8512,0.00,305462.76,305462.76,0.0000,持有
2020-01-03,934.48,33.11,0.7930,0.00,305462.76,305462.76,0.0000,持有
2020-01-06,933.98,33.09,0.7914,0.00,305462.76,305462.76,0.0000,持有
2020-01-07,948.31,33.60,0.8107,0.00,305462.76,305462.76,0.0000,持有
2020-01-08,942.78,33.40,0.8046,0.00,305462.76,305462.76,0.0000,持有
2020-01-09,955.39,33.85,0.8222,0.00,305462.76,305462.76,0.0000,持有
2020-01-10,963.88,34.15,0.8341,0.00,305462.76,305462.76,0.0000,持有
2020-01-13,974.08,34.51,0.8451,0.00,305462.76,305462.76,0.0000,持有
2020-01-14,959.46,33.99,0.8273,0.00,305462.76,305462.76,0.0000,持有
2020-01-15,963.56,34.14,0.8335,0.00,305462.76,305462.76,0.0000,持有
2020-01-16,959.12,33.98,0.8258,0.00,305462.76,305462.76,0.0000,持有
2020-01-17,959.55,33.99,0.8271,0.00,305462.76,305462.76,0.0000,持有
2020-01-20,945.26,33.49,0.8049,0.00,305462.76,305462.76,0.0000,持有
2020-01-21,931.65,33.01,0.7830,0.00,305462.76,305462.76,0.0000,持有
2020-01-22,931.83,33.01,0.7835,0.00,305462.76,305462.76,0.0000,持有
2020-01-23,912.16,32.32,0.7484,0.00,305462.76,305462.76,0.0000,持有
2020-02-03,869.81,30.82,0.6796,0.00,305462.76,305462.76,0.0000,持有
2020-02-04,899.34,31.86,0.7251,0.00,305462.76,305462.76,0.0000,持有
2020-02-05,909.72,32.23,0.7422,0.00,305462.76,305462.76,0.0000,持有
2020-02-06,927.93,32.87,0.7791,0.00,305462.76,305462.76,0.0000,持有
2020-02-07,932.26,33.03,0.7849,0.00,305462.76,305462.76,0.0000,持有
2020-02-10,924.02,32.74,0.7732,0.00,305462.76,305462.76,0.0000,持有
2020-02-11,951.32,33.70,0.8133,0.00,305462.76,305462.76,0.0000,持有
2020-02-12,950.69,33.68,0.8122,0.00,305462.76,305462.76,0.0000,持有
2020-02-13,945.26,33.49,0.8046,0.00,305462.76,305462.76,0.0000,持有
2020-02-14,942.66,33.40,0.8015,0.00,305462.76,305462.76,0.0000,持有
2020-02-17,947.70,33.57,0.8080,0.00,305462.76,305462.76,0.0000,持有
2020-02-18,939.19,33.27,0.7960,0.00,305462.76,305462.76,0.0000,持有
2020-02-19,950.02,33.27,0.7956,0.00,305462.76,305462.76,0.0000,持有
2020-02-20,968.65,34.32,0.8396,0.00,305462.76,305462.76,0.0000,持有
2020-02-21,964.21,34.16,0.8349,0.00,305462.76,305462.76,0.0000,持有
2020-02-24,941.95,33.37,0.7995,0.00,305462.76,305462.76,0.0000,持有
2020-02-25,931.23,32.99,0.7791,0.00,305462.76,305462.76,0.0000,持有
2020-02-26,930.27,32.96,0.7784,0.00,305462.76,305462.76,0.0000,持有
2020-02-27,942.13,33.38,0.7998,0.00,305462.76,305462.76,0.0000,持有
2020-02-28,915.80,32.44,0.7504,0.00,305462.76,305462.76,0.0000,持有
2020-03-02,940.93,33.34,0.7983,0.00,305462.76,305462.76,0.0000,持有
2020-03-03,964.32,34.16,0.8357,0.00,305462.76,305462.76,0.0000,持有
2020-03-04,978.11,34.65,0.8511,0.00,305462.76,305462.76,0.0000,持有
2020-03-05,1014.57,35.94,0.9045,0.00,305462.76,305462.76,0.0000,持有
2020-03-06,1001.14,35.47,0.8845,0.00,305462.76,305462.76,0.0000,持有
2020-03-09,965.19,34.19,0.8356,0.00,305462.76,305462.76,0.0000,持有
2020-03-10,1001.57,35.48,0.8850,0.00,305462.76,305462.76,0.0000,持有
2020-03-11,1003.76,35.56,0.8874,0.00,305462.76,305462.76,0.0000,持有
2020-03-12,986.41,34.95,0.8602,0.00,305462.76,305462.76,0.0000,持有
2020-03-13,963.48,34.13,0.8311,0.00,305462.76,305462.76,0.0000,持有
2020-03-16,924.46,32.75,0.7663,0.00,305462.76,305462.76,0.0000,持有
2020-03-17,905.49,32.08,0.7256,0.00,305462.76,305462.76,0.0000,持有
2020-03-18,873.33,30.94,0.6777,0.00,305462.76,305462.76,0.0000,持有
2020-03-19,862.95,30.57,0.6587,0.00,305462.76,305462.76,0.0000,持有
2020-03-20,896.98,31.78,0.7135,0.00,305462.76,305462.76,0.0000,持有
2020-03-23,882.87,31.28,0.6913,0.00,305462.76,305462.76,0.0000,持有
2020-03-24,914.93,32.41,0.7473,0.00,305462.76,305462.76,0.0000,持有
2020-03-25,935.81,33.15,0.7873,0.00,305462.76,305462.76,0.0000,持有
2020-03-26,922.66,32.69,0.7635,0.00,305462.76,305462.76,0.0000,持有
2020-03-27,931.83,33.01,0.7775,0.00,305462.76,305462.76,0.0000,持有
2020-03-30,928.79,32.91,0.7732,0.00,305462.76,305462.76,0.0000,持有
2020-03-31,962.58,34.10,0.8299,0.00,305462.76,305462.76,0.0000,持有
2020-04-01,955.65,33.86,0.8192,0.00,305462.76,305462.76,0.0000,持有
2020-04-02,992.04,35.15,0.8674,0.00,305462.76,305462.76,0.0000,持有
2020-04-03,987.53,34.99,0.8611,0.00,305462.76,305462.76,0.0000,持有
2020-04-07,1004.99,35.60,0.8902,0.00,305462.76,305462.76,0.0000,持有
2020-04-08,1004.83,35.60,0.8899,0.00,305462.76,305462.76,0.0000,持有
2020-04-09,1003.74,35.56,0.8871,0.00,305462.76,305462.76,0.0000,持有
2020-04-10,1009.37,35.76,0.8979,0.00,305462.76,305462.76,0.0000,持有
2020-04-13,1007.03,35.68,0.8936,0.00,305462.76,305462.76,0.0000,持有
2020-04-14,1026.78,36.38,0.9222,0.00,305462.76,305462.76,0.0000,持有
2020-04-15,1030.68,36.51,0.9278,0.00,305462.76,305462.76,0.0000,持有
2020-04-16,1037.18,36.75,0.9377,0.00,305462.76,305462.76,0.0000,持有
2020-04-17,1062.22,37.63,0.9651,0.00,305462.76,305462.76,0.0000,持有
2020-04-20,1063.35,37.67,0.9667,0.00,305462.76,305462.76,0.0000,持有
2020-04-21,1039.69,36.83,0.9422,0.00,305462.76,305462.76,0.0000,持有
2020-04-22,1078.25,37.94,0.9711,0.00,305462.76,305462.76,0.0000,持有
2020-04-23,1084.97,38.18,0.9739,0.00,305462.76,305462.76,0.0000,持有
2020-04-24,1083.50,38.12,0.9723,0.00,305462.76,305462.76,0.0000,持有
2020-04-27,1105.54,38.90,0.9834,0.00,305462.76,305462.76,0.0000,持有
2020-04-28,1108.25,37.30,0.9557,0.00,305462.76,305462.76,0.0000,持有
2020-04-29,1104.59,37.18,0.9494,0.00,305462.76,305462.76,0.0000,持有
2020-04-30,1096.62,36.91,0.9431,0.00,305462.76,305462.76,0.0000,持有
2020-05-06,1126.34,37.91,0.9696,0.00,305462.76,305462.76,0.0000,持有
2020-05-07,1136.73,38.26,0.9747,0.00,305462.76,305462.76,0.0000,持有
2020-05-08,1138.99,38.33,0.9755,0.00,305462.76,305462.76,0.0000,持有
2020-05-11,1146.27,38.58,0.9807,0.00,305462.76,305462.76,0.0000,持有
2020-05-12,1154.93,38.87,0.9826,0.00,305462.76,305462.76,0.0000,持有
2020-05-13,1157.48,38.96,0.9838,0.00,305462.76,305462.76,0.0000,持有
2020-05-14,1149.37,38.68,0.9803,0.00,305462.76,305462.76,0.0000,持有
2020-05-15,1137.60,38.29,0.9732,0.00,305462.76,305462.76,0.0000,持有
2020-05-18,1166.37,39.26,0.9862,0.00,305462.76,305462.76,0.0000,持有
2020-05-19,1166.29,39.25,0.9858,0.00,305462.76,305462.76,0.0000,持有
2020-05-20,1170.52,39.40,0.9874,0.00,305462.76,305462.76,0.0000,持有
2020-05-21,1183.61,39.84,0.9917,0.00,305462.76,305462.76,0.0000,持有
2020-05-22,1150.77,38.73,0.9792,0.00,305462.76,305462.76,0.0000,持有
2020-05-25,1180.83,39.74,0.9906,0.00,305462.76,305462.76,0.0000,持有
2020-05-26,1176.59,39.60,0.9878,0.00,305462.76,305462.76,0.0000,持有
2020-05-27,1159.26,39.02,0.9827,0.00,305462.76,305462.76,0.0000,持有
2020-05-28,1164.46,39.19,0.9835,0.00,305462.76,305462.76,0.0000,持有
2020-05-29,1184.04,39.85,0.9918,0.00,305462.76,305462.76,0.0000,持有
2020-06-01,1229.87,41.39,0.9984,0.00,305462.76,305462.76,0.0000,持有
2020-06-02,1222.26,41.14,0.9980,0.00,305462.76,305462.76,0.0000,持有
2020-06-03,1212.37,40.80,0.9965,0.00,305462.76,305462.76,0.0000,持有
2020-06-04,1219.90,41.06,0.9973,0.00,305462.76,305462.76,0.0000,持有
2020-06-05,1234.64,41.55,0.9984,0.00,305462.76,305462.76,0.0000,持有
2020-06-08,1218.26,41.00,0.9961,0.00,305462.76,305462.76,0.0000,持有
2020-06-09,1227.32,41.31,0.9977,0.00,305462.76,305462.76,0.0000,持有
2020-06-10,1233.48,41.51,0.9980,0.00,305462.76,305462.76,0.0000,持有
2020-06-11,1213.38,40.84,0.9945,0.00,305462.76,305462.76,0.0000,持有
2020-06-12,1227.16,41.30,0.9969,0.00,305462.76,305462.76,0.0000,持有
2020-06-15,1198.25,40.33,0.9914,0.00,305462.76,305462.76,0.0000,持有
2020-06-16,1216.34,40.94,0.9945,0.00,305462.76,305462.76,0.0000,持有
2020-06-17,1217.31,40.97,0.9945,0.00,305462.76,305462.76,0.0000,持有
2020-06-18,1224.24,41.20,0.9965,0.00,305462.76,305462.76,0.0000,持有
2020-06-19,1247.49,41.99,0.9992,0.00,305462.76,305462.76,0.0000,持有
2020-06-22,1246.77,41.96,0.9988,0.00,305462.76,305462.76,0.0000,持有
2020-06-23,1277.52,43.00,0.9992,0.00,305462.76,305462.76,0.0000,持有
2020-06-24,1279.74,42.57,0.9988,0.00,305462.76,305462.76,0.0000,持有
2020-06-29,1282.51,42.67,0.9988,0.00,305462.76,305462.76,0.0000,持有
2020-06-30,1282.26,42.66,0.9984,0.00,305462.76,305462.76,0.0000,持有
2020-07-01,1309.77,43.57,0.9996,0.00,305462.76,305462.76,0.0000,持有
2020-07-02,1353.36,45.02,0.9996,0.00,305462.76,305462.76,0.0000,持有
2020-07-03,1351.43,44.96,0.9992,0.00,305462.76,305462.76,0.0000,持有
2020-07-06,1402.45,46.66,0.9996,0.00,305462.76,305462.76,0.0000,持有
2020-07-07,1479.58,49.22,0.9996,0.00,305462.76,305462.76,0.0000,持有
2020-07-08,1473.74,49.03,0.9992,0.00,305462.76,305462.76,0.0000,持有
2020-07-09,1495.36,49.75,0.9996,0.00,305462.76,305462.76,0.0000,持有
2020-07-10,1502.24,49.98,0.9996,0.00,305462.76,305462.76,0.0000,持有
2020-07-13,1561.97,51.96,0.9996,0.00,305462.76,305462.76,0.0000,持有
2020-07-14,1544.45,51.38,0.9992,0.00,305462.76,305462.76,0.0000,持有
2020-07-15,1536.15,51.10,0.9988,0.00,305462.76,305462.76,0.0000,持有
2020-07-16,1414.72,47.06,0.9969,0.00,305462.76,305462.76,0.0000,持有
2020-07-17,1444.57,48.06,0.9969,0.00,305462.76,305462.76,0.0000,持有
2020-07-20,1434.84,47.73,0.9965,0.00,305462.76,305462.76,0.0000,持有
2020-07-21,1462.05,48.64,0.9969,0.00,305462.76,305462.76,0.0000,持有
2020-07-22,1470.89,48.93,0.9969,0.00,305462.76,305462.76,0.0000,持有
2020-07-23,1469.06,48.87,0.9965,0.00,305462.76,305462.76,0.0000,持有
2020-07-24,1398.33,46.52,0.9942,0.00,305462.76,305462.76,0.0000,持有
2020-07-27,1422.21,47.31,0.9950,0.00,305462.76,305462.76,0.0000,持有
2020-07-28,1463.81,48.70,0.9961,0.00,305462.76,305462.76,0.0000,持有
2020-07-29,1465.56,47.89,0.9950,0.00,305462.76,305462.76,0.0000,持有
2020-07-30,1472.57,48.12,0.9954,0.00,305462.76,305462.76,0.0000,持有
2020-07-31,1470.98,48.07,0.9950,0.00,305462.76,305462.76,0.0000,持有
2020-08-03,1462.05,47.78,0.9938,0.00,305462.76,305462.76,0.0000,持有
2020-08-04,1463.80,47.83,0.9938,0.00,305462.76,305462.76,0.0000,持有
2020-08-05,1462.05,47.78,0.9931,0.00,305462.76,305462.76,0.0000,持有
2020-08-06,1435.72,46.92,0.9915,0.00,305462.76,305462.76,0.0000,持有
2020-08-07,1429.62,46.72,0.9911,0.00,305462.76,305462.76,0.0000,持有
2020-08-10,1432.24,46.80,0.9911,0.00,305462.76,305462.76,0.0000,持有
2020-08-11,1439.71,47.05,0.9915,0.00,305462.76,305462.76,0.0000,持有
2020-08-12,1426.07,46.60,0.9896,0.00,305462.76,305462.76,0.0000,持有
2020-08-13,1433.13,46.83,0.9908,0.00,305462.76,305462.76,0.0000,持有
2020-08-14,1455.92,47.58,0.9923,0.00,305462.76,305462.76,0.0000,持有
2020-08-17,1481.34,48.41,0.9954,0.00,305462.76,305462.76,0.0000,持有
2020-08-18,1494.48,48.84,0.9962,0.00,305462.76,305462.76,0.0000,持有
2020-08-19,1478.71,48.32,0.9946,0.00,305462.76,305462.76,0.0000,持有
2020-08-20,1458.55,47.66,0.9912,0.00,305462.76,305462.76,0.0000,持有
2020-08-21,1469.06,48.01,0.9931,0.00,305462.76,305462.76,0.0000,持有
2020-08-24,1486.90,48.59,0.9950,0.00,305462.76,305462.76,0.0000,持有
2020-08-25,1513.77,49.47,0.9977,0.00,305462.76,305462.76,0.0000,持有
2020-08-26,1513.77,49.47,0.9973,0.00,305462.76,305462.76,0.0000,持有
2020-08-27,1517.27,49.58,0.9977,0.00,305462.76,305462.76,0.0000,持有
2020-08-28,1540.06,50.33,0.9985,0.00,305462.76,305462.76,0.0000,持有
2020-08-31,1565.92,51.17,0.9989,0.00,305462.76,305462.76,0.0000,持有
2020-09-01,1579.49,51.61,0.9992,0.00,305462.76,305462.76,0.0000,持有
2020-09-02,1573.37,51.41,0.9989,0.00,305462.76,305462.76,0.0000,持有
2020-09-03,1571.62,51.36,0.9981,0.00,305462.76,305462.76,0.0000,持有
2020-09-04,1551.46,50.70,0.9969,0.00,305462.76,305462.76,0.0000,持有
2020-09-07,1510.70,49.37,0.9943,0.00,305462.76,305462.76,0.0000,持有
2020-09-08,1500.09,49.02,0.9931,0.00,305462.76,305462.76,0.0000,持有
2020-09-09,1479.58,48.35,0.9901,0.00,305462.76,305462.76,0.0000,持有
2020-09-10,1495.18,48.86,0.9920,0.00,305462.76,305462.76,0.0000,持有
2020-09-11,1519.03,49.64,0.9954,0.00,305462.76,305462.76,0.0000,持有
2020-09-14,1547.95,50.58,0.9966,0.00,305462.76,305462.76,0.0000,持有
2020-09-15,1542.69,50.41,0.9962,0.00,305462.76,305462.76,0.0000,持有
2020-09-16,1512.10,49.41,0.9931,0.00,305462.76,305462.76,0.0000,持有
2020-09-17,1464.26,47.85,0.9855,0.00,305462.76,305462.76,0.0000,持有
2020-09-18,1485.72,48.55,0.9886,0.00,305462.76,305462.76,0.0000,持有
2020-09-21,1461.00,47.74,0.9836,0.00,305462.76,305462.76,0.0000,持有
2020-09-22,1460.03,47.71,0.9829,0.00,305462.76,305462.76,0.0000,持有
2020-09-23,1446.26,47.26,0.9814,0.00,305462.76,305462.76,0.0000,持有
2020-09-24,1428.15,46.67,0.9787,0.00,305462.76,305462.76,0.0000,持有
2020-09-25,1433.22,46.83,0.9799,0.00,305462.76,305462.76,0.0000,持有
2020-09-28,1455.92,47.58,0.9818,0.00,305462.76,305462.76,0.0000,持有
2020-09-29,1448.29,47.33,0.9814,0.00,305462.76,305462.76,0.0000,持有
2020-09-30,1462.49,47.79,0.9844,0.00,305462.76,305462.76,0.0000,持有
2020-10-09,1486.59,48.58,0.9886,0.00,305462.76,305462.76,0.0000,持有
2020-10-12,1534.46,50.14,0.9954,0.00,305462.76,305462.76,0.0000,持有
2020-10-13,1524.29,49.81,0.9947,0.00,305462.76,305462.76,0.0000,持有
2020-10-14,1515.52,49.52,0.9932,0.00,305462.76,305462.76,0.0000,持有
2020-10-15,1512.01,49.41,0.9917,0.00,305462.76,305462.76,0.0000,持有
2020-10-16,1500.62,49.04,0.9905,0.00,305462.76,305462.76,0.0000,持有
2020-10-19,1489.22,48.66,0.9875,0.00,305462.76,305462.76,0.0000,持有
2020-10-20,1519.90,49.67,0.9939,0.00,305462.76,305462.76,0.0000,持有
2020-10-21,1519.32,49.65,0.9936,0.00,305462.76,305462.76,0.0000,持有
2020-10-22,1527.35,49.91,0.9947,0.00,305462.76,305462.76,0.0000,持有
2020-10-23,1503.54,49.13,0.9894,0.00,305462.76,305462.76,0.0000,持有
2020-10-26,1440.14,46.30,0.9717,0.00,305462.76,305462.76,0.0000,持有
2020-10-27,1424.36,45.79,0.9713,0.00,305462.76,305462.76,0.0000,持有
2020-10-28,1459.26,46.91,0.9747,0.00,305462.76,305462.76,0.0000,持有
2020-10-29,1469.06,47.23,0.9758,0.00,305462.76,305462.76,0.0000,持有
2020-10-30,1463.82,47.06,0.9751,0.00,305462.76,305462.76,0.0000,持有
2020-11-02,1467.32,47.17,0.9755,0.00,305462.76,305462.76,0.0000,持有
2020-11-03,1485.72,47.76,0.9793,0.00,305462.76,305462.76,0.0000,持有
2020-11-04,1489.73,47.89,0.9815,0.00,305462.76,305462.76,0.0000,持有
2020-11-05,1509.30,48.52,0.9842,0.00,305462.76,305462.76,0.0000,持有
2020-11-06,1490.64,47.92,0.9812,0.00,305462.76,305462.76,0.0000,持有
2020-11-09,1527.41,49.10,0.9891,0.00,305462.76,305462.76,0.0000,持有
2020-11-10,1529.54,49.17,0.9895,0.00,305462.76,305462.76,0.0000,持有
2020-11-11,1517.58,48.79,0.9857,0.00,305462.76,305462.76,0.0000,持有
2020-11-12,1520.60,48.89,0.9868,0.00,305462.76,305462.76,0.0000,持有
2020-11-13,1494.48,48.05,0.9801,0.00,305462.76,305462.76,0.0000,持有
2020-11-16,1516.44,48.75,0.9850,0.00,305462.76,305462.76,0.0000,持有
2020-11-17,1503.95,48.35,0.9816,0.00,305462.76,305462.76,0.0000,持有
2020-11-18,1484.54,47.73,0.9745,0.00,305462.76,305462.76,0.0000,持有
2020-11-19,1507.80,48.47,0.9820,0.00,305462.76,305462.76,0.0000,持有
2020-11-20,1507.60,48.47,0.9816,0.00,305462.76,305462.76,0.0000,持有
2020-11-23,1569.17,50.45,0.9963,0.00,305462.76,305462.76,0.0000,持有
2020-11-24,1545.76,49.69,0.9933,0.00,305462.76,305462.76,0.0000,持有
2020-11-25,1513.66,48.66,0.9831,0.00,305462.76,305462.76,0.0000,持有
2020-11-26,1520.24,48.87,0.9858,0.00,305462.76,305462.76,0.0000,持有
2020-11-27,1523.32,48.97,0.9865,0.00,305462.76,305462.76,0.0000,持有
2020-11-30,1502.29,48.30,0.9779,0.00,305462.76,305462.76,0.0000,持有
2020-12-01,1522.53,48.95,0.9862,0.00,305462.76,305462.76,0.0000,持有
2020-12-02,1523.42,48.98,0.9865,0.00,305462.76,305462.76,0.0000,持有
2020-12-03,1533.05,49.29,0.9892,0.00,305462.76,305462.76,0.0000,持有
2020-12-04,1571.71,50.53,0.9963,0.00,305462.76,305462.76,0.0000,持有
2020-12-07,1588.62,51.07,0.9970,0.00,305462.76,305462.76,0.0000,持有
2020-12-08,1621.58,52.13,0.9996,0.00,305462.76,305462.76,0.0000,持有
2020-12-09,1612.82,51.85,0.9989,0.00,305462.76,305462.76,0.0000,持有
2020-12-10,1606.59,51.65,0.9985,0.00,305462.76,305462.76,0.0000,持有
2020-12-11,1595.28,51.29,0.9966,0.00,305462.76,305462.76,0.0000,持有
2020-12-14,1603.17,51.54,0.9978,0.00,305462.76,305462.76,0.0000,持有
2020-12-15,1591.79,51.17,0.9959,0.00,305462.76,305462.76,0.0000,持有
2020-12-16,1612.82,51.85,0.9985,0.00,305462.76,305462.76,0.0000,持有
2020-12-17,1635.18,52.57,0.9996,0.00,305462.76,305462.76,0.0000,持有
2020-12-18,1617.20,51.99,0.9989,0.00,305462.76,305462.76,0.0000,持有
2020-12-21,1615.01,51.92,0.9981,0.00,305462.76,305462.76,0.0000,持有
2020-12-22,1648.75,53.01,0.9996,0.00,305462.76,305462.76,0.0000,持有
2020-12-23,1614.26,51.90,0.9974,0.00,305462.76,305462.76,0.0000,持有
2020-12-24,1604.35,51.58,0.9955,0.00,305462.76,305462.76,0.0000,持有
2020-12-25,1604.05,51.57,0.9952,0.00,305462.76,305462.76,0.0000,持有
2020-12-28,1641.74,52.78,0.9993,0.00,305462.76,305462.76,0.0000,持有
2020-12-29,1636.48,52.61,0.9989,0.00,305462.76,305462.76,0.0000,持有
2020-12-30,1694.33,54.47,0.9996,0.00,305462.76,305462.76,0.0000,持有
2020-12-31,1751.31,56.30,0.9996,0.00,305462.76,305462.76,0.0000,持有
2021-01-04,1750.43,56.27,0.9993,0.00,305462.76,305462.76,0.0000,持有
2021-01-05,1805.17,58.03,0.9996,0.00,305462.76,305462.76,0.0000,持有
2021-01-06,1840.71,59.18,0.9996,0.00,305462.76,305462.76,0.0000,持有
2021-01-07,1875.77,60.30,0.9996,0.00,305462.76,305462.76,0.0000,持有
2021-01-08,1831.95,58.89,0.9989,0.00,305462.76,305462.76,0.0000,持有
2021-01-11,1840.48,59.17,0.9989,0.00,305462.76,305462.76,0.0000,持有
2021-01-12,1894.09,60.89,0.9996,0.00,305462.76,305462.76,0.0000,持有
2021-01-13,1896.81,60.98,0.9996,0.00,305462.76,305462.76,0.0000,持有
2021-01-14,1870.52,60.13,0.9985,0.00,305462.76,305462.76,0.0000,持有
2021-01-15,1824.94,58.67,0.9970,0.00,305462.76,305462.76,0.0000,持有
2021-01-18,1808.28,58.13,0.9967,0.00,305462.76,305462.76,0.0000,持有
2021-01-19,1761.31,56.62,0.9959,0.00,305462.76,305462.76,0.0000,持有
2021-01-20,1788.67,57.50,0.9959,0.00,305462.76,305462.76,0.0000,持有
2021-01-21,1814.42,58.33,0.9967,0.00,305462.76,305462.76,0.0000,持有
2021-01-22,1823.14,58.61,0.9967,0.00,305462.76,305462.76,0.0000,持有
2021-01-25,1906.45,61.29,0.9996,0.00,305462.76,305462.76,0.0000,持有
2021-01-26,1877.43,60.36,0.9985,0.00,305462.76,305462.76,0.0000,持有
2021-01-27,1831.07,58.87,0.9963,0.00,305462.76,305462.76,0.0000,持有
2021-01-28,1830.19,58.84,0.9959,0.00,305462.76,305462.76,0.0000,持有
2021-01-29,1854.90,59.63,0.9974,0.00,305462.76,305462.76,0.0000,持有
2021-02-01,1848.88,59.44,0.9971,0.00,305462.76,305462.76,0.0000,持有
2021-02-02,1880.16,60.44,0.9985,0.00,305462.76,305462.76,0.0000,持有
2021-02-03,1919.52,61.71,0.9996,0.00,305462.76,305462.76,0.0000,持有
2021-02-04,2034.29,65.40,0.9996,0.00,305462.76,305462.76,0.0000,持有
2021-02-05,2027.41,65.18,0.9993,0.00,305462.76,305462.76,0.0000,持有
2021-02-08,2076.32,66.75,0.9996,0.00,305462.76,305462.76,0.0000,持有
2021-02-09,2153.13,69.22,0.9996,0.00,305462.76,305462.76,0.0000,持有
2021-02-10,2279.85,73.29,0.9996,0.00,305462.76,305462.76,0.0000,持有
2021-02-18,2165.91,69.63,0.9993,0.00,305462.76,305462.76,0.0000,持有
2021-02-19,2156.26,69.32,0.9989,0.00,305462.76,305462.76,0.0000,持有
2021-02-22,2005.52,64.47,0.9971,0.00,305462.76,305462.76,0.0000,持有
2021-02-23,2022.15,65.01,0.9971,0.00,305462.76,305462.76,0.0000,持有
2021-02-24,1918.72,61.68,0.9960,0.00,305462.76,305462.76,0.0000,持有
2021-02-25,1884.54,60.59,0.9945,0.00,305462.76,305462.76,0.0000,持有
2021-02-26,1860.68,59.82,0.9927,0.00,305462.76,305462.76,0.0000,持有
2021-03-01,1891.55,60.81,0.9945,0.00,305462.76,305462.76,0.0000,持有
2021-03-02,1803.90,57.99,0.9876,0.00,305462.76,305462.76,0.0000,持有
2021-03-03,1875.77,60.30,0.9927,0.00,305462.76,305462.76,0.0000,持有
2021-03-04,1781.99,57.29,0.9865,0.00,305462.76,305462.76,0.0000,持有
2021-03-05,1805.75,58.05,0.9876,0.00,305462.76,305462.76,0.0000,持有
2021-03-08,1718.00,55.23,0.9846,0.00,305462.76,305462.76,0.0000,持有
2021-03-09,1697.83,54.58,0.9843,0.00,305462.76,305462.76,0.0000,持有
2021-03-10,1726.77,55.51,0.9847,0.00,305462.76,305462.76,0.0000,持有
2021-03-11,1795.13,57.71,0.9865,0.00,305462.76,305462.76,0.0000,持有
2021-03-12,1775.85,57.09,0.9854,0.00,305462.76,305462.76,0.0000,持有
2021-03-15,1731.54,55.67,0.9839,0.00,305462.76,305462.76,0.0000,持有
2021-03-16,1762.26,56.65,0.9850,0.00,305462.76,305462.76,0.0000,持有
2021-03-17,1779.67,57.21,0.9854,0.00,305462.76,305462.76,0.0000,持有
2021-03-18,1814.15,58.32,0.9880,0.00,305462.76,305462.76,0.0000,持有
2021-03-19,1761.83,56.64,0.9840,0.00,305462.76,305462.76,0.0000,持有
2021-03-22,1744.29,56.08,0.9825,0.00,305462.76,305462.76,0.0000,持有
2021-03-23,1749.55,56.25,0.9825,0.00,305462.76,305462.76,0.0000,持有
2021-03-24,1743.42,56.05,0.9818,0.00,305462.76,305462.76,0.0000,持有
2021-03-25,1727.64,55.54,0.9811,0.00,305462.76,305462.76,0.0000,持有
2021-03-26,1764.45,56.72,0.9844,0.00,305462.76,305462.76,0.0000,持有
2021-03-29,1782.95,57.32,0.9855,0.00,305462.76,305462.76,0.0000,持有
2021-03-30,1802.19,57.94,0.9862,0.00,305462.76,305462.76,0.0000,持有
2021-03-31,1760.95,54.04,0.9782,0.00,305462.76,305462.76,0.0000,持有
2021-04-01,1792.07,55.00,0.9789,0.00,305462.76,305462.76,0.0000,持有
2021-04-02,1895.06,58.16,0.9877,0.00,305462.76,305462.76,0.0000,持有
2021-04-06,1863.53,57.19,0.9837,0.00,305462.76,305462.76,0.0000,持有
2021-04-07,1806.53,55.44,0.9786,0.00,305462.76,305462.76,0.0000,持有
2021-04-08,1814.42,55.68,0.9797,0.00,305462.76,305462.76,0.0000,持有
2021-04-09,1770.59,54.34,0.9764,0.00,305462.76,305462.76,0.0000,持有
2021-04-12,1760.85,54.04,0.9757,0.00,305462.76,305462.76,0.0000,持有
2021-04-13,1771.47,54.37,0.9765,0.00,305462.76,305462.76,0.0000,持有
2021-04-14,1794.26,55.07,0.9776,0.00,305462.76,305462.76,0.0000,持有
2021-04-15,1766.73,54.22,0.9754,0.00,305462.76,305462.76,0.0000,持有
2021-04-16,1801.25,55.28,0.9779,0.00,305462.76,305462.76,0.0000,持有
2021-04-19,1830.19,56.17,0.9805,0.00,305462.76,305462.76,0.0000,持有
2021-04-20,1836.16,56.35,0.9816,0.00,305462.76,305462.76,0.0000,持有
2021-04-21,1823.18,55.95,0.9790,0.00,305462.76,305462.76,0.0000,持有
2021-04-22,1801.71,55.29,0.9769,0.00,305462.76,305462.76,0.0000,持有
2021-04-23,1848.55,56.73,0.9830,0.00,305462.76,305462.76,0.0000,持有
2021-04-26,1821.27,55.90,0.9783,0.00,305462.76,305462.76,0.0000,持有
2021-04-27,1835.84,56.34,0.9809,0.00,305462.76,305462.76,0.0000,持有
2021-04-28,1789.87,53.94,0.9715,0.00,305462.76,305462.76,0.0000,持有
2021-04-29,1776.17,53.52,0.9712,0.00,305462.76,305462.76,0.0000,持有
2021-04-30,1759.00,53.01,0.9708,0.00,305462.76,305462.76,0.0000,持有
2021-05-06,1717.12,51.75,0.9665,0.00,305462.76,305462.76,0.0000,持有
2021-05-07,1668.04,50.27,0.9593,0.00,305462.76,305462.76,0.0000,持有
2021-05-10,1647.03,49.63,0.9557,0.00,305462.76,305462.76,0.0000,持有
2021-05-11,1717.12,51.75,0.9662,0.00,305462.76,305462.76,0.0000,持有
2021-05-12,1739.04,52.41,0.9691,0.00,305462.76,305462.76,0.0000,持有
2021-05-13,1728.08,52.08,0.9683,0.00,305462.76,305462.76,0.0000,持有
2021-05-14,1761.69,53.09,0.9709,0.00,305462.76,305462.76,0.0000,持有
2021-05-17,1803.86,54.36,0.9730,0.00,305462.76,305462.76,0.0000,持有
2021-05-18,1805.05,54.39,0.9734,0.00,305462.76,305462.76,0.0000,持有
2021-05-19,1796.01,54.12,0.9716,0.00,305462.76,305462.76,0.0000,持有
2021-05-20,1804.67,54.38,0.9731,0.00,305462.76,305462.76,0.0000,持有
2021-05-21,1789.96,53.94,0.9702,0.00,305462.76,305462.76,0.0000,持有
2021-05-24,1815.55,54.71,0.9742,0.00,305462.76,305462.76,0.0000,持有
2021-05-25,1923.55,57.97,0.9860,0.00,305462.76,305462.76,0.0000,持有
2021-05-26,1945.90,58.64,0.9889,0.00,305462.76,305462.76,0.0000,持有
2021-05-27,1967.81,59.30,0.9910,0.00,305462.76,305462.76,0.0000,持有
2021-05-28,1954.66,58.90,0.9900,0.00,305462.76,305462.76,0.0000,持有
2021-05-31,1944.14,58.59,0.9875,0.00,305462.76,305462.76,0.0000,持有
2021-06-01,1964.26,59.19,0.9907,0.00,305462.76,305462.76,0.0000,持有
2021-06-02,1947.65,58.69,0.9882,0.00,305462.76,305462.76,0.0000,持有
2021-06-03,1947.84,58.70,0.9882,0.00,305462.76,305462.76,0.0000,持有
2021-06-04,1973.51,59.47,0.9914,0.00,305462.76,305462.76,0.0000,持有
2021-06-07,1990.60,59.99,0.9921,0.00,305462.76,305462.76,0.0000,持有
2021-06-08,1920.48,57.87,0.9821,0.00,305462.76,305462.76,0.0000,持有
2021-06-09,1927.93,58.10,0.9839,0.00,305462.76,305462.76,0.0000,持有
2021-06-10,1962.09,59.13,0.9889,0.00,305462.76,305462.76,0.0000,持有
2021-06-11,1909.79,57.55,0.9807,0.00,305462.76,305462.76,0.0000,持有
2021-06-15,1922.23,57.93,0.9814,0.00,305462.76,305462.76,0.0000,持有
2021-06-16,1891.55,57.00,0.9779,0.00,305462.76,305462.76,0.0000,持有
2021-06-17,1890.60,56.97,0.9775,0.00,305462.76,305462.76,0.0000,持有
2021-06-18,1832.77,55.23,0.9690,0.00,305462.76,305462.76,0.0000,持有
2021-06-21,1824.62,54.98,0.9679,0.00,305462.76,305462.76,0.0000,持有
2021-06-22,1818.77,54.81,0.9676,0.00,305462.76,305462.76,0.0000,持有
2021-06-23,1786.37,53.83,0.9623,0.00,305462.76,305462.76,0.0000,持有
2021-06-24,1812.71,54.63,0.9669,0.00,305462.76,305462.76,0.0000,持有
2021-06-25,1850.97,55.26,0.9694,0.00,305462.76,305462.76,0.0000,持有
2021-06-28,1860.71,55.55,0.9712,0.00,305462.76,305462.76,0.0000,持有
2021-06-29,1824.42,54.47,0.9651,0.00,305462.76,305462.76,0.0000,持有
2021-06-30,1819.73,54.33,0.9630,0.00,305462.76,305462.76,0.0000,持有
2021-07-01,1862.47,55.60,0.9712,0.00,305462.76,305462.76,0.0000,持有
2021-07-02,1781.07,53.17,0.9595,0.00,305462.76,305462.76,0.0000,持有
2021-07-05,1764.26,52.67,0.9577,0.00,305462.76,305462.76,0.0000,持有
2021-07-06,1780.98,53.17,0.9592,0.00,305462.76,305462.76,0.0000,持有
2021-07-07,1773.11,52.93,0.9578,0.00,305462.76,305462.76,0.0000,持有
2021-07-08,1756.29,52.43,0.9560,0.00,305462.76,305462.76,0.0000,持有
2021-07-09,1744.89,52.09,0.9550,0.00,305462.76,305462.76,0.0000,持有
2021-07-12,1735.06,51.80,0.9521,0.00,305462.76,305462.76,0.0000,持有
2021-07-13,1754.44,52.38,0.9554,0.00,305462.76,305462.76,0.0000,持有
2021-07-14,1735.94,51.82,0.9518,0.00,305462.76,305462.76,0.0000,持有
2021-07-15,1767.79,52.77,0.9572,0.00,305462.76,305462.76,0.0000,持有
2021-07-16,1730.55,51.66,0.9501,0.00,305462.76,305462.76,0.0000,持有
2021-07-19,1747.45,52.17,0.9547,0.00,305462.76,305462.76,0.0000,持有
2021-07-20,1751.87,52.30,0.9547,0.00,305462.76,305462.76,0.0000,持有
2021-07-21,1742.14,52.01,0.9530,0.00,305462.76,305462.76,0.0000,持有
2021-07-22,1716.49,51.24,0.9456,0.00,305462.76,305462.76,0.0000,持有
2021-07-23,1681.09,50.19,0.9413,0.00,305462.76,305462.76,0.0000,持有
2021-07-26,1596.25,47.65,0.9163,0.00,305462.76,305462.76,0.0000,持有
2021-07-27,1515.54,45.24,0.9082,0.00,305462.76,305462.76,0.0000,持有
2021-07-28,1565.09,46.72,0.9107,0.00,305462.76,305462.76,0.0000,持有
2021-07-29,1548.18,46.22,0.9083,0.00,305462.76,305462.76,0.0000,持有
2021-07-30,1485.54,44.35,0.9065,0.00,305462.76,305462.76,0.0000,持有
2021-08-02,1552.79,45.22,0.9073,0.00,305462.76,305462.76,0.0000,持有
2021-08-03,1547.75,45.08,0.9069,0.00,305462.76,305462.76,0.0000,持有
2021-08-04,1525.37,44.42,0.9059,0.00,305462.76,305462.76,0.0000,持有
2021-08-05,1503.25,43.78,0.9052,0.00,305462.76,305462.76,0.0000,持有
2021-08-06,1478.47,43.06,0.9042,0.00,305462.76,305462.76,0.0000,持有
2021-08-09,1498.65,43.65,0.9050,0.00,305462.76,305462.76,0.0000,持有
2021-08-10,1591.72,46.36,0.9089,0.00,305462.76,305462.76,0.0000,持有
2021-08-11,1548.81,45.11,0.9068,0.00,305462.76,305462.76,0.0000,持有
2021-08-12,1495.28,43.55,0.9037,0.00,305462.76,305462.76,0.0000,持有
2021-08-13,1504.17,43.81,0.9047,0.00,305462.76,305462.76,0.0000,持有
2021-08-16,1503.42,43.79,0.9044,0.00,305462.76,305462.76,0.0000,持有
2021-08-17,1446.62,42.13,0.9006,0.00,305462.76,305462.76,0.0000,持有
2021-08-18,1433.35,41.74,0.8996,0.00,305462.76,305462.76,0.0000,持有
2021-08-19,1433.32,41.74,0.8993,0.00,305462.76,305462.76,0.0000,持有
2021-08-20,1369.64,39.89,0.8877,0.00,305462.76,305462.76,0.0000,持有
2021-08-23,1389.28,40.46,0.8909,0.00,305462.76,305462.76,0.0000,持有
2021-08-24,1437.93,41.88,0.8997,0.00,305462.76,305462.76,0.0000,持有
2021-08-25,1473.18,42.90,0.9019,0.00,305462.76,305462.76,0.0000,持有
2021-08-26,1411.23,41.10,0.8949,0.00,305462.76,305462.76,0.0000,持有
2021-08-27,1412.14,41.13,0.8949,0.00,305462.76,305462.76,0.0000,持有
2021-08-30,1403.27,40.87,0.8925,0.00,305462.76,305462.76,0.0000,持有
2021-08-31,1378.49,40.15,0.8873,0.00,305462.76,305462.76,0.0000,持有
2021-09-01,1435.13,41.80,0.8992,0.00,305462.76,305462.76,0.0000,持有
2021-09-02,1432.29,41.71,0.8982,0.00,305462.76,305462.76,0.0000,持有
2021-09-03,1467.16,42.73,0.9017,0.00,305462.76,305462.76,0.0000,持有
2021-09-06,1478.18,43.05,0.9025,0.00,305462.76,305462.76,0.0000,持有
2021-09-07,1476.70,43.01,0.9022,0.00,305462.76,305462.76,0.0000,持有
2021-09-08,1444.94,42.08,0.8994,0.00,305462.76,305462.76,0.0000,持有
2021-09-09,1445.81,42.11,0.8994,0.00,305462.76,305462.76,0.0000,持有
2021-09-10,1471.02,42.84,0.9012,0.00,305462.76,305462.76,0.0000,持有
2021-09-13,1463.43,42.62,0.8999,0.00,305462.76,305462.76,0.0000,持有
2021-09-14,1466.09,42.70,0.9006,0.00,305462.76,305462.76,0.0000,持有
2021-09-15,1429.58,41.63,0.8954,0.00,305462.76,305462.76,0.0000,持有
2021-09-16,1449.34,42.21,0.8989,0.00,305462.76,305462.76,0.0000,持有
2021-09-17,1491.74,43.45,0.9031,0.00,305462.76,305462.76,0.0000,持有
2021-09-22,1449.00,42.20,0.8983,0.00,305462.76,305462.76,0.0000,持有
2021-09-23,1446.62,42.13,0.8976,0.00,305462.76,305462.76,0.0000,持有
2021-09-24,1498.82,43.65,0.9046,0.00,305462.76,305462.76,0.0000,持有
2021-09-27,1641.27,47.80,0.9207,0.00,305462.76,305462.76,0.0000,持有
2021-09-28,1612.13,46.95,0.9134,0.00,305462.76,305462.76,0.0000,持有
2021-09-29,1610.31,46.90,0.9124,0.00,305462.76,305462.76,0.0000,持有
2021-09-30,1619.15,47.16,0.9145,0.00,305462.76,305462.76,0.0000,持有
2021-10-08,1627.65,47.40,0.9163,0.00,305462.76,305462.76,0.0000,持有
2021-10-11,1652.00,48.11,0.9239,0.00,305462.76,305462.76,0.0000,持有
2021-10-12,1655.42,48.21,0.9243,0.00,305462.76,305462.76,0.0000,持有
2021-10-13,1707.54,49.73,0.9403,0.00,305462.76,305462.76,0.0000,持有
2021-10-14,1690.82,49.24,0.9355,0.00,305462.76,305462.76,0.0000,持有
2021-10-15,1696.10,49.40,0.9362,0.00,305462.76,305462.76,0.0000,持有
2021-10-18,1592.61,46.38,0.9067,0.00,305462.76,305462.76,0.0000,持有
2021-10-19,1603.39,46.70,0.9081,0.00,305462.76,305462.76,0.0000,持有
2021-10-20,1628.89,47.44,0.9148,0.00,305462.76,305462.76,0.0000,持有
2021-10-21,1631.54,47.52,0.9148,0.00,305462.76,305462.76,0.0000,持有
2021-10-22,1681.97,48.99,0.9325,0.00,305462.76,305462.76,0.0000,持有
2021-10-25,1657.23,46.93,0.9100,0.00,305462.76,305462.76,0.0000,持有
2021-10-26,1646.63,46.63,0.9059,0.00,305462.76,305462.76,0.0000,持有
2021-10-27,1609.42,45.58,0.9031,0.00,305462.76,305462.76,0.0000,持有
2021-10-28,1615.16,45.74,0.9032,0.00,305462.76,305462.76,0.0000,持有
2021-10-29,1615.68,45.75,0.9032,0.00,305462.76,305462.76,0.0000,持有
2021-11-01,1595.26,45.18,0.9015,0.00,305462.76,305462.76,0.0000,持有
2021-11-02,1596.71,45.22,0.9016,0.00,305462.76,305462.76,0.0000,持有
2021-11-03,1561.64,44.22,0.8988,0.00,305462.76,305462.76,0.0000,持有
2021-11-04,1596.33,45.21,0.9013,0.00,305462.76,305462.76,0.0000,持有
2021-11-05,1610.25,45.60,0.9027,0.00,305462.76,305462.76,0.0000,持有
2021-11-08,1610.39,45.60,0.9027,0.00,305462.76,305462.76,0.0000,持有
2021-11-09,1583.77,44.85,0.8986,0.00,305462.76,305462.76,0.0000,持有
2021-11-10,1551.90,43.95,0.8973,0.00,305462.76,305462.76,0.0000,持有
2021-11-11,1565.71,44.34,0.8977,0.00,305462.76,305462.76,0.0000,持有
2021-11-12,1569.41,44.44,0.8984,0.00,305462.76,305462.76,0.0000,持有
2021-11-15,1558.23,44.13,0.8967,0.00,305462.76,305462.76,0.0000,持有
2021-11-16,1599.69,45.30,0.9019,0.00,305462.76,305462.76,0.0000,持有
2021-11-17,1588.19,44.97,0.8988,0.00,305462.76,305462.76,0.0000,持有
2021-11-18,1585.53,44.90,0.8982,0.00,305462.76,305462.76,0.0000,持有
2021-11-19,1617.75,45.81,0.9041,0.00,305462.76,305462.76,0.0000,持有
2021-11-22,1640.63,46.46,0.9055,0.00,305462.76,305462.76,0.0000,持有
2021-11-23,1677.93,47.52,0.9148,0.00,305462.76,305462.76,0.0000,持有
2021-11-24,1717.36,48.63,0.9275,0.00,305462.76,305462.76,0.0000,持有
2021-11-25,1730.66,49.01,0.9330,0.00,305462.76,305462.76,0.0000,持有
2021-11-26,1717.37,48.63,0.9272,0.00,305462.76,305462.76,0.0000,持有
2021-11-29,1756.29,49.74,0.9410,0.00,305462.76,305462.76,0.0000,持有
2021-11-30,1708.31,48.38,0.9238,0.00,305462.76,305462.76,0.0000,持有
2021-12-01,1710.28,48.43,0.9242,0.00,305462.76,305462.76,0.0000,持有
2021-12-02,1711.17,48.46,0.9242,0.00,305462.76,305462.76,0.0000,持有
2021-12-03,1744.69,49.41,0.9366,0.00,305462.76,305462.76,0.0000,持有
2021-12-06,1740.63,49.29,0.9356,0.00,305462.76,305462.76,0.0000,持有
2021-12-07,1730.52,49.01,0.9318,0.00,305462.76,305462.76,0.0000,持有
2021-12-08,1807.61,51.19,0.9469,0.00,305462.76,305462.76,0.0000,持有
2021-12-09,1846.14,52.28,0.9559,0.00,305462.76,305462.76,0.0000,持有
2021-12-10,1849.20,52.37,0.9562,0.00,305462.76,305462.76,0.0000,持有
2021-12-13,1874.15,53.07,0.9600,0.00,305462.76,305462.76,0.0000,持有
2021-12-14,1902.28,53.87,0.9617,0.00,305462.76,305462.76,0.0000,持有
2021-12-15,1889.01,53.49,0.9607,0.00,305462.76,305462.76,0.0000,持有
2021-12-16,1874.85,53.09,0.9597,0.00,305462.76,305462.76,0.0000,持有
2021-12-17,1814.42,51.38,0.9464,0.00,305462.76,305462.76,0.0000,持有
2021-12-20,1821.73,51.59,0.9478,0.00,305462.76,305462.76,0.0000,持有
2021-12-21,1803.36,51.07,0.9427,0.00,305462.76,305462.76,0.0000,持有
2021-12-22,1812.04,51.31,0.9451,0.00,305462.76,305462.76,0.0000,持有
2021-12-23,1875.74,53.12,0.9598,0.00,305462.76,305462.76,0.0000,持有
2021-12-24,1941.29,54.97,0.9680,0.00,305462.76,305462.76,0.0000,持有
2021-12-27,1886.20,53.41,0.9601,0.00,305462.76,305462.76,0.0000,持有
2021-12-28,1891.83,53.57,0.9608,0.00,305462.76,305462.76,0.0000,持有
2021-12-29,1805.84,51.14,0.9418,0.00,305462.76,305462.76,0.0000,持有
2021-12-30,1835.92,51.99,0.9506,0.00,305462.76,305462.76,0.0000,持有
2021-12-31,1813.81,51.36,0.9438,0.00,305462.76,305462.76,0.0000,持有
2022-01-04,1814.89,51.39,0.9445,0.00,305462.76,305462.76,0.0000,持有
2022-01-05,1790.80,50.71,0.9395,0.00,305462.76,305462.76,0.0000,持有
2022-01-06,1753.83,49.67,0.9334,0.00,305462.76,305462.76,0.0000,持有
2022-01-07,1718.25,48.66,0.9198,0.00,305462.76,305462.76,0.0000,持有
2022-01-10,1739.48,49.26,0.9283,0.00,305462.76,305462.76,0.0000,持有
2022-01-11,1716.97,48.62,0.9181,0.00,305462.76,305462.76,0.0000,持有
2022-01-12,1740.37,49.28,0.9284,0.00,305462.76,305462.76,0.0000,持有
2022-01-13,1661.08,47.04,0.8999,0.00,305462.76,305462.76,0.0000,持有
2022-01-14,1651.89,46.78,0.8968,0.00,305462.76,305462.76,0.0000,持有
2022-01-17,1647.12,46.64,0.8948,0.00,305462.76,305462.76,0.0000,持有
2022-01-18,1674.25,47.41,0.9034,0.00,305462.76,305462.76,0.0000,持有
2022-01-19,1691.71,47.91,0.9102,0.00,305462.76,305462.76,0.0000,持有
2022-01-20,1742.60,49.35,0.9292,0.00,305462.76,305462.76,0.0000,持有
2022-01-21,1756.29,49.74,0.9346,0.00,305462.76,305462.76,0.0000,持有
2022-01-24,1725.50,48.86,0.9211,0.00,305462.76,305462.76,0.0000,持有
2022-01-25,1719.13,48.68,0.9191,0.00,305462.76,305462.76,0.0000,持有
2022-01-26,1729.75,48.98,0.9235,0.00,305462.76,305462.76,0.0000,持有
2022-01-27,1738.60,49.23,0.9269,0.00,305462.76,305462.76,0.0000,持有
2022-01-28,1669.59,47.28,0.8999,0.00,305462.76,305462.76,0.0000,持有
2022-02-07,1652.74,46.80,0.8945,0.00,305462.76,305462.76,0.0000,持有
2022-02-08,1627.12,46.08,0.8888,0.00,305462.76,305462.76,0.0000,持有
2022-02-09,1677.53,47.50,0.9017,0.00,305462.76,305462.76,0.0000,持有
2022-02-10,1657.20,46.93,0.8960,0.00,305462.76,305462.76,0.0000,持有
2022-02-11,1636.82,46.35,0.8889,0.00,305462.76,305462.76,0.0000,持有
2022-02-14,1653.37,46.82,0.8940,0.00,305462.76,305462.76,0.0000,持有
2022-02-15,1672.79,47.37,0.9005,0.00,305462.76,305462.76,0.0000,持有
2022-02-16,1674.50,47.42,0.9012,0.00,305462.76,305462.76,0.0000,持有
2022-02-17,1669.58,47.28,0.8989,0.00,305462.76,305462.76,0.0000,持有
2022-02-18,1687.28,47.78,0.9063,0.00,305462.76,305462.76,0.0000,持有
2022-02-21,1660.73,47.03,0.8956,0.00,305462.76,305462.76,0.0000,持有
2022-02-22,1599.57,45.30,0.8831,0.00,305462.76,305462.76,0.0000,持有
2022-02-23,1616.51,45.78,0.8852,0.00,305462.76,305462.76,0.0000,持有
2022-02-24,1560.85,44.20,0.8768,0.00,305462.76,305462.76,0.0000,持有
2022-02-25,1591.78,45.08,0.8802,0.00,305462.76,305462.76,0.0000,持有
2022-02-28,1584.12,44.86,0.8786,0.00,305462.76,305462.76,0.0000,持有
2022-03-01,1644.35,46.57,0.8887,0.00,305462.76,305462.76,0.0000,持有
2022-03-02,1632.32,46.22,0.8864,0.00,305462.76,305462.76,0.0000,持有
2022-03-03,1592.61,45.10,0.8800,0.00,305462.76,305462.76,0.0000,持有
2022-03-04,1575.36,44.61,0.8771,0.00,305462.76,305462.76,0.0000,持有
2022-03-07,1510.32,42.77,0.8690,0.00,305462.76,305462.76,0.0000,持有
2022-03-08,1551.20,43.93,0.8741,0.00,305462.76,305462.76,0.0000,持有
2022-03-09,1574.19,44.58,0.8768,0.00,305462.76,305462.76,0.0000,持有
2022-03-10,1587.68,44.96,0.8786,0.00,305462.76,305462.76,0.0000,持有
2022-03-11,1565.19,44.32,0.8749,0.00,305462.76,305462.76,0.0000,持有
2022-03-14,1504.13,42.59,0.8659,0.00,305462.76,305462.76,0.0000,持有
2022-03-15,1418.31,40.16,0.8505,0.00,305462.76,305462.76,0.0000,持有
2022-03-16,1481.97,41.97,0.8630,0.00,305462.76,305462.76,0.0000,持有
2022-03-17,1521.96,43.10,0.8701,0.00,305462.76,305462.76,0.0000,持有
2022-03-18,1511.02,42.79,0.8678,0.00,305462.76,305462.76,0.0000,持有
2022-03-21,1507.94,42.70,0.8668,0.00,305462.76,305462.76,0.0000,持有
2022-03-22,1499.71,42.47,0.8645,0.00,305462.76,305462.76,0.0000,持有
2022-03-23,1550.31,43.90,0.8732,0.00,305462.76,305462.76,0.0000,持有
2022-03-24,1522.65,43.12,0.8699,0.00,305462.76,305462.76,0.0000,持有
2022-03-25,1495.28,42.34,0.8636,0.00,305462.76,305462.76,0.0000,持有
2022-03-28,1469.45,41.61,0.8580,0.00,305462.76,305462.76,0.0000,持有
2022-03-29,1474.93,41.77,0.8597,0.00,305462.76,305462.76,0.0000,持有
2022-03-30,1530.76,43.35,0.8701,0.00,305462.76,305462.76,0.0000,持有
2022-03-31,1520.94,41.16,0.8548,0.00,305462.76,305462.76,0.0000,持有
2022-04-01,1574.92,42.62,0.8649,0.00,305462.76,305462.76,0.0000,持有
2022-04-06,1561.64,42.26,0.8629,0.00,305462.76,305462.76,0.0000,持有
2022-04-07,1561.64,42.26,0.8626,0.00,305462.76,305462.76,0.0000,持有
2022-04-08,1578.45,42.72,0.8663,0.00,305462.76,305462.76,0.0000,持有
2022-04-11,1521.83,41.19,0.8537,0.00,305462.76,305462.76,0.0000,持有
2022-04-12,1576.68,42.67,0.8654,0.00,305462.76,305462.76,0.0000,持有
2022-04-13,1565.18,42.36,0.8628,0.00,305462.76,305462.76,0.0000,持有
2022-04-14,1600.57,43.32,0.8702,0.00,305462.76,305462.76,0.0000,持有
2022-04-15,1597.91,43.25,0.8699,0.00,305462.76,305462.76,0.0000,持有
2022-04-18,1584.49,42.88,0.8673,0.00,305462.76,305462.76,0.0000,持有
2022-04-19,1584.03,42.87,0.8670,0.00,305462.76,305462.76,0.0000,持有
2022-04-20,1589.96,43.03,0.8684,0.00,305462.76,305462.76,0.0000,持有
2022-04-21,1574.90,42.62,0.8627,0.00,305462.76,305462.76,0.0000,持有
2022-04-22,1568.72,42.46,0.8611,0.00,305462.76,305462.76,0.0000,持有
2022-04-25,1511.21,40.90,0.8476,0.00,305462.76,305462.76,0.0000,持有
2022-04-26,1532.87,41.49,0.8526,0.00,305462.76,305462.76,0.0000,持有
2022-04-27,1588.11,40.44,0.8437,0.00,305462.76,305462.76,0.0000,持有
2022-04-28,1623.58,41.35,0.8520,0.00,305462.76,305462.76,0.0000,持有
2022-04-29,1617.72,41.20,0.8507,0.00,305462.76,305462.76,0.0000,持有
2022-05-05,1625.35,41.39,0.8521,0.00,305462.76,305462.76,0.0000,持有
2022-05-06,1586.42,40.40,0.8426,0.00,305462.76,305462.76,0.0000,持有
2022-05-09,1550.14,39.48,0.8337,0.00,305462.76,305462.76,0.0000,持有
2022-05-10,1562.69,39.80,0.8370,0.00,305462.76,305462.76,0.0000,持有
2022-05-11,1564.30,39.84,0.8377,0.00,305462.76,305462.76,0.0000,持有
2022-05-12,1559.58,39.72,0.8358,0.00,305462.76,305462.76,0.0000,持有
2022-05-13,1573.36,40.07,0.8392,0.00,305462.76,305462.76,0.0000,持有
2022-05-16,1555.45,39.61,0.8333,0.00,305462.76,305462.76,0.0000,持有
2022-05-17,1564.30,39.84,0.8373,0.00,305462.76,305462.76,0.0000,持有
2022-05-18,1558.10,39.68,0.8344,0.00,305462.76,305462.76,0.0000,持有
2022-05-19,1553.68,39.57,0.8321,0.00,305462.76,305462.76,0.0000,持有
2022-05-20,1592.62,40.56,0.8441,0.00,305462.76,305462.76,0.0000,持有
2022-05-23,1575.80,40.13,0.8402,0.00,305462.76,305462.76,0.0000,持有
2022-05-24,1557.22,39.66,0.8333,0.00,305462.76,305462.76,0.0000,持有
2022-05-25,1553.25,39.56,0.8307,0.00,305462.76,305462.76,0.0000,持有
2022-05-26,1542.00,39.27,0.8281,0.00,305462.76,305462.76,0.0000,持有
2022-05-27,1552.94,39.55,0.8305,0.00,305462.76,305462.76,0.0000,持有
2022-05-30,1573.51,40.07,0.8391,0.00,305462.76,305462.76,0.0000,持有
2022-05-31,1596.18,40.65,0.8448,0.00,305462.76,305462.76,0.0000,持有
2022-06-01,1582.21,40.29,0.8418,0.00,305462.76,305462.76,0.0000,持有
2022-06-02,1580.22,40.24,0.8412,0.00,305462.76,305462.76,0.0000,持有
2022-06-06,1581.99,40.29,0.8416,0.00,305462.76,305462.76,0.0000,持有
2022-06-07,1608.45,40.96,0.8479,0.00,305462.76,305462.76,0.0000,持有
2022-06-08,1650.65,42.04,0.8588,0.00,305462.76,305462.76,0.0000,持有
2022-06-09,1639.50,41.75,0.8566,0.00,305462.76,305462.76,0.0000,持有
2022-06-10,1681.62,42.83,0.8675,0.00,305462.76,305462.76,0.0000,持有
2022-06-13,1642.16,41.82,0.8570,0.00,305462.76,305462.76,0.0000,持有
2022-06-14,1655.43,42.16,0.8600,0.00,305462.76,305462.76,0.0000,持有
2022-06-15,1659.06,42.25,0.8607,0.00,305462.76,305462.76,0.0000,持有
2022-06-16,1660.74,42.29,0.8614,0.00,305462.76,305462.76,0.0000,持有
2022-06-17,1726.21,43.96,0.8762,0.00,305462.76,305462.76,0.0000,持有
2022-06-20,1718.27,43.76,0.8740,0.00,305462.76,305462.76,0.0000,持有
2022-06-21,1721.56,43.84,0.8750,0.00,305462.76,305462.76,0.0000,持有
2022-06-22,1712.94,43.62,0.8727,0.00,305462.76,305462.76,0.0000,持有
2022-06-23,1731.61,44.10,0.8764,0.00,305462.76,305462.76,0.0000,持有
2022-06-24,1777.54,45.27,0.8850,0.00,305462.76,305462.76,0.0000,持有
2022-06-27,1778.90,45.30,0.8856,0.00,305462.76,305462.76,0.0000,持有
2022-06-28,1801.42,45.88,0.8883,0.00,305462.76,305462.76,0.0000,持有
2022-06-29,1796.11,45.74,0.8867,0.00,305462.76,305462.76,0.0000,持有
2022-06-30,1828.90,46.08,0.8887,0.00,305462.76,305462.76,0.0000,持有
2022-07-01,1814.64,45.72,0.8858,0.00,305462.76,305462.76,0.0000,持有
2022-07-04,1804.76,45.47,0.8845,0.00,305462.76,305462.76,0.0000,持有
2022-07-05,1818.18,45.81,0.8875,0.00,305462.76,305462.76,0.0000,持有
2022-07-06,1790.45,45.11,0.8810,0.00,305462.76,305462.76,0.0000,持有
2022-07-07,1779.71,44.84,0.8771,0.00,305462.76,305462.76,0.0000,持有
2022-07-08,1787.76,45.04,0.8795,0.00,305462.76,305462.76,0.0000,持有
2022-07-11,1756.10,44.24,0.8743,0.00,305462.76,305462.76,0.0000,持有
2022-07-12,1742.52,43.90,0.8717,0.00,305462.76,305462.76,0.0000,持有
2022-07-13,1751.89,44.14,0.8734,0.00,305462.76,305462.76,0.0000,持有
2022-07-14,1746.62,44.01,0.8724,0.00,305462.76,305462.76,0.0000,持有
2022-07-15,1743.49,43.93,0.8712,0.00,305462.76,305462.76,0.0000,持有
2022-07-18,1745.43,43.98,0.8722,0.00,305462.76,305462.76,0.0000,持有
2022-07-19,1737.77,43.78,0.8690,0.00,305462.76,305462.76,0.0000,持有
2022-07-20,1744.03,43.94,0.8713,0.00,305462.76,305462.76,0.0000,持有
2022-07-21,1734.10,43.69,0.8678,0.00,305462.76,305462.76,0.0000,持有
2022-07-22,1741.26,43.87,0.8697,0.00,305462.76,305462.76,0.0000,持有
2022-07-25,1739.16,43.82,0.8691,0.00,305462.76,305462.76,0.0000,持有
2022-07-26,1744.13,43.94,0.8715,0.00,305462.76,305462.76,0.0000,持有
2022-07-27,1716.75,43.25,0.8637,0.00,305462.76,305462.76,0.0000,持有
2022-07-28,1697.44,42.77,0.8585,0.00,305462.76,305462.76,0.0000,持有
2022-07-29,1697.83,42.78,0.8589,0.00,305462.76,305462.76,0.0000,持有
2022-08-01,1690.55,42.59,0.8544,0.00,305462.76,305462.76,0.0000,持有
2022-08-02,1681.32,42.36,0.8532,0.00,305462.76,305462.76,0.0000,持有
2022-08-03,1685.81,41.11,0.8386,0.00,305462.76,305462.76,0.0000,持有
2022-08-04,1713.54,41.79,0.8464,0.00,305462.76,305462.76,0.0000,持有
2022-08-05,1720.65,41.96,0.8475,0.00,305462.76,305462.76,0.0000,持有
2022-08-08,1709.54,41.69,0.8443,0.00,305462.76,305462.76,0.0000,持有
2022-08-09,1708.17,41.66,0.8440,0.00,305462.76,305462.76,0.0000,持有
2022-08-10,1677.76,40.91,0.8350,0.00,305462.76,305462.76,0.0000,持有
2022-08-11,1705.40,41.59,0.8428,0.00,305462.76,305462.76,0.0000,持有
2022-08-12,1724.27,42.05,0.8490,0.00,305462.76,305462.76,0.0000,持有
2022-08-15,1717.01,41.87,0.8468,0.00,305462.76,305462.76,0.0000,持有
2022-08-16,1715.18,41.83,0.8465,0.00,305462.76,305462.76,0.0000,持有
2022-08-17,1715.32,41.83,0.8466,0.00,305462.76,305462.76,0.0000,持有
2022-08-18,1695.20,41.34,0.8392,0.00,305462.76,305462.76,0.0000,持有
2022-08-19,1694.76,41.33,0.8389,0.00,305462.76,305462.76,0.0000,持有
2022-08-22,1693.84,41.31,0.8383,0.00,305462.76,305462.76,0.0000,持有
2022-08-23,1672.40,40.78,0.8309,0.00,305462.76,305462.76,0.0000,持有
2022-08-24,1658.26,40.44,0.8277,0.00,305462.76,305462.76,0.0000,持有
2022-08-25,1685.81,41.11,0.8352,0.00,305462.76,305462.76,0.0000,持有
2022-08-26,1697.44,41.39,0.8404,0.00,305462.76,305462.76,0.0000,持有
2022-08-29,1680.28,40.98,0.8334,0.00,305462.76,305462.76,0.0000,持有
2022-08-30,1672.40,40.78,0.8299,0.00,305462.76,305462.76,0.0000,持有
2022-08-31,1720.69,41.96,0.8480,0.00,305462.76,305462.76,0.0000,持有
2022-09-01,1682.13,41.02,0.8335,0.00,305462.76,305462.76,0.0000,持有
2022-09-02,1676.87,40.89,0.8310,0.00,305462.76,305462.76,0.0000,持有
2022-09-05,1641.09,40.02,0.8198,0.00,305462.76,305462.76,0.0000,持有
2022-09-06,1650.04,40.24,0.8234,0.00,305462.76,305462.76,0.0000,持有
2022-09-07,1625.90,39.65,0.8141,0.00,305462.76,305462.76,0.0000,持有
2022-09-08,1623.21,39.58,0.8122,0.00,305462.76,305462.76,0.0000,持有
2022-09-09,1649.85,40.23,0.8232,0.00,305462.76,305462.76,0.0000,持有
2022-09-13,1680.44,40.98,0.8333,0.00,305462.76,305462.76,0.0000,持有
2022-09-14,1671.50,40.76,0.8285,0.00,305462.76,305462.76,0.0000,持有
2022-09-15,1681.34,41.00,0.8334,0.00,305462.76,305462.76,0.0000,持有
2022-09-16,1662.56,40.54,0.8260,0.00,305462.76,305462.76,0.0000,持有
2022-09-19,1673.86,40.82,0.8296,0.00,305462.76,305462.76,0.0000,持有
2022-09-20,1679.55,40.96,0.8319,0.00,305462.76,305462.76,0.0000,持有
2022-09-21,1652.72,40.30,0.8233,0.00,305462.76,305462.76,0.0000,持有
2022-09-22,1628.40,39.71,0.8137,0.00,305462.76,305462.76,0.0000,持有
2022-09-23,1640.58,40.01,0.8173,0.00,305462.76,305462.76,0.0000,持有
2022-09-26,1666.13,40.63,0.8264,0.00,305462.76,305462.76,0.0000,持有
2022-09-27,1688.49,41.18,0.8373,0.00,305462.76,305462.76,0.0000,持有
2022-09-28,1684.02,41.07,0.8348,0.00,305462.76,305462.76,0.0000,持有
2022-09-29,1681.65,41.01,0.8336,0.00,305462.76,305462.76,0.0000,持有
2022-09-30,1674.63,40.84,0.8288,0.00,305462.76,305462.76,0.0000,持有
2022-10-10,1597.27,38.95,0.8007,0.00,305462.76,305462.76,0.0000,持有
2022-10-11,1591.90,38.82,0.7992,0.00,305462.76,305462.76,0.0000,持有
2022-10-12,1574.02,38.38,0.7931,0.00,305462.76,305462.76,0.0000,持有
2022-10-13,1520.35,37.08,0.7676,0.00,305462.76,305462.76,0.0000,持有
2022-10-14,1554.00,37.90,0.7856,0.00,305462.76,305462.76,0.0000,持有
2022-10-17,1536.90,36.22,0.7386,0.00,305462.76,305462.76,0.0000,持有
2022-10-18,1525.57,35.96,0.7301,0.00,305462.76,305462.76,0.0000,持有
2022-10-19,1473.85,34.74,0.6854,0.00,305462.76,305462.76,0.0000,持有
2022-10-20,1469.83,34.64,0.6823,0.00,305462.76,305462.76,0.0000,持有
2022-10-21,1452.39,34.23,0.6709,0.00,305462.76,305462.76,0.0000,持有
2022-10-24,1342.64,31.65,0.5672,0.00,305462.76,305462.76,0.0000,持有
2022-10-25,1323.38,31.19,0.5492,0.00,305462.76,305462.76,0.0000,持有
2022-10-26,1309.37,30.86,0.5378,0.00,305462.76,305462.76,0.0000,持有
2022-10-27,1252.95,29.53,0.4955,0.00,305462.76,305462.76,0.0000,买入(补至20%)
2022-10-28,1216.29,28.67,0.4689,58381.80,245760.07,304141.87,0.1920,持有
2022-10-31,1207.34,28.46,0.4598,57952.52,245760.07,303712.59,0.1908,持有
2022-11-01,1307.52,30.82,0.5365,62760.86,245760.07,308520.93,0.2034,持有
2022-11-02,1316.42,31.03,0.5453,63187.99,245760.07,308948.07,0.2045,持有
2022-11-03,1287.39,30.34,0.5177,61794.56,245760.07,307554.63,0.2009,持有
2022-11-04,1356.31,31.97,0.5771,65103.00,245760.07,310863.07,0.2094,持有
2022-11-07,1347.85,31.77,0.5718,64696.90,245760.07,310456.98,0.2084,持有
2022-11-08,1327.97,31.30,0.5544,63742.62,245760.07,309502.69,0.2060,持有
2022-11-09,1305.63,30.77,0.5332,62670.28,245760.07,308430.36,0.2032,持有
2022-11-10,1319.14,31.09,0.5461,63318.49,245760.07,309078.57,0.2049,持有
2022-11-11,1366.67,32.21,0.5882,65600.11,245760.07,311360.18,0.2107,持有
2022-11-14,1371.01,32.31,0.5944,65808.31,245760.07,311568.38,0.2112,持有
2022-11-15,1420.19,33.47,0.6447,68169.33,245760.07,313929.41,0.2171,持有
2022-11-16,1417.74,33.42,0.6429,68051.28,245760.07,313811.35,0.2169,持有
2022-11-17,1401.41,33.03,0.6262,67267.85,245760.07,313027.92,0.2149,持有
2022-11-18,1401.53,33.03,0.6263,67273.43,245760.07,313033.50,0.2149,持有
2022-11-21,1359.36,32.04,0.5798,65249.39,245760.07,311009.46,0.2098,持有
2022-11-22,1377.22,32.46,0.6006,66106.65,245760.07,311866.73,0.2120,持有
2022-11-23,1385.32,32.65,0.6099,66495.15,245760.07,312255.22,0.2130,持有
2022-11-24,1359.37,32.04,0.5796,65249.81,245760.07,311009.89,0.2098,持有
2022-11-25,1361.18,32.08,0.5816,65336.53,245760.07,311096.60,0.2100,持有
2022-11-28,1350.33,31.83,0.5722,64815.81,245760.07,310575.89,0.2087,持有
2022-11-29,1430.03,33.71,0.6535,68641.54,245760.07,314401.61,0.2183,持有
2022-11-30,1430.03,33.71,0.6533,68641.54,245760.07,314401.61,0.2183,持有
2022-12-01,1458.47,34.38,0.6781,70006.64,245760.07,315766.72,0.2217,持有
2022-12-02,1461.23,34.44,0.6794,70138.86,245760.07,315898.93,0.2220,持有
2022-12-05,1488.97,35.09,0.6985,71470.48,245760.07,317230.55,0.2253,持有
2022-12-06,1509.63,35.58,0.7182,72462.11,245760.07,318222.19,0.2277,持有
2022-12-07,1506.05,35.50,0.7148,72290.40,245760.07,318050.47,0.2273,持有
2022-12-08,1508.75,35.56,0.7171,72420.04,245760.07,318180.12,0.2276,持有
2022-12-09,1547.19,36.47,0.7498,74265.08,245760.07,320025.15,0.2321,持有
2022-12-12,1555.26,36.66,0.7568,74652.29,245760.07,320412.36,0.2330,持有
2022-12-13,1565.08,36.89,0.7660,75123.64,245760.07,320883.71,0.2341,持有
2022-12-14,1583.74,37.33,0.7778,76019.54,245760.07,321779.61,0.2362,持有
2022-12-15,1598.16,37.67,0.7845,76711.54,245760.07,322471.61,0.2379,持有
2022-12-16,1598.05,37.67,0.7839,76706.38,245760.07,322466.46,0.2379,持有
2022-12-19,1585.65,37.37,0.7777,76110.98,245760.07,321871.05,0.2365,持有
2022-12-20,1533.77,36.15,0.7368,73621.16,245760.07,319381.24,0.2305,持有
2022-12-21,1555.24,36.66,0.7554,74651.43,245760.07,320411.50,0.2330,持有
2022-12-22,1581.17,37.27,0.7754,75896.34,245760.07,321656.41,0.2360,持有
2022-12-23,1583.86,37.33,0.7773,76025.12,245760.07,321785.19,0.2363,持有
2022-12-26,1557.97,36.72,0.7569,74782.79,245760.07,320542.86,0.2333,持有
2022-12-27,1569.61,36.53,0.7504,75341.50,245760.07,321101.57,0.2346,持有
2022-12-28,1569.61,36.53,0.7502,75341.50,245760.07,321101.57,0.2346,持有
2022-12-29,1556.93,36.24,0.7389,74732.85,245760.07,320492.92,0.2332,持有
2022-12-30,1564.18,36.40,0.7453,75080.65,245760.07,320840.72,0.2340,持有
2023-01-03,1566.91,36.47,0.7472,75211.51,245760.07,320971.58,0.2343,持有
2023-01-04,1562.38,36.36,0.7420,74994.13,245760.07,320754.21,0.2338,持有
2023-01-05,1631.20,37.96,0.7911,78297.77,245760.07,324057.84,0.2416,持有
2023-01-06,1633.71,38.02,0.7915,78418.19,245760.07,324178.27,0.2419,持有
2023-01-09,1667.61,38.81,0.8028,80045.45,245760.07,325805.52,0.2457,持有
2023-01-10,1679.61,39.09,0.8070,80621.49,245760.07,326381.56,0.2470,持有
2023-01-11,1671.01,38.89,0.8036,80208.48,245760.07,325968.55,0.2461,持有
2023-01-12,1661.09,38.66,0.8002,79732.43,245760.07,325492.50,0.2450,持有
2023-01-13,1709.10,39.78,0.8172,82036.59,245760.07,327796.66,0.2503,持有
2023-01-16,1732.55,40.32,0.8263,83162.58,245760.07,328922.65,0.2528,持有
2023-01-17,1728.12,40.22,0.8236,82949.55,245760.07,328709.62,0.2523,持有
2023-01-18,1714.53,39.90,0.8192,82297.43,245760.07,328057.51,0.2509,持有
2023-01-19,1702.95,39.63,0.8127,81741.39,245760.07,327501.47,0.2496,持有
2023-01-20,1684.65,39.21,0.8062,80863.21,245760.07,326623.28,0.2476,持有
2023-01-30,1710.00,39.80,0.8172,82080.06,245760.07,327840.13,0.2504,持有
2023-01-31,1671.74,38.91,0.8023,80243.69,245760.07,326003.77,0.2461,持有
2023-02-01,1671.03,38.89,0.8017,80209.35,245760.07,325969.42,0.2461,持有
2023-02-02,1663.00,38.70,0.7986,79824.16,245760.07,325584.24,0.2452,持有
2023-02-03,1646.60,38.32,0.7921,79036.84,245760.07,324796.91,0.2433,持有
2023-02-06,1625.77,37.84,0.7844,78036.92,245760.07,323796.99,0.2410,持有
2023-02-07,1627.58,37.88,0.7851,78123.87,245760.07,323883.94,0.2412,持有
2023-02-08,1615.81,37.61,0.7783,77558.70,245760.07,323318.77,0.2399,持有
2023-02-09,1646.60,38.32,0.7921,79036.84,245760.07,324796.91,0.2433,持有
2023-02-10,1639.36,38.15,0.7887,78689.04,245760.07,324449.11,0.2425,持有
2023-02-13,1681.34,39.13,0.8059,80704.09,245760.07,326464.16,0.2472,持有
2023-02-14,1669.96,38.87,0.8007,80158.05,245760.07,325918.12,0.2459,持有
2023-02-15,1667.43,38.81,0.7998,80036.75,245760.07,325796.83,0.2457,持有
2023-02-16,1686.29,39.25,0.8070,80941.89,245760.07,326701.97,0.2478,持有
2023-02-17,1649.12,38.38,0.7928,79157.70,245760.07,324917.77,0.2436,持有
2023-02-20,1698.23,39.52,0.8103,81514.89,245760.07,327274.96,0.2491,持有
2023-02-21,1690.98,39.36,0.8088,81167.09,245760.07,326927.17,0.2483,持有
2023-02-22,1662.90,38.70,0.7973,79819.38,245760.07,325579.45,0.2452,持有
2023-02-23,1646.60,38.32,0.7899,79036.84,245760.07,324796.91,0.2433,持有
2023-02-24,1619.43,37.69,0.7794,77732.60,245760.07,323492.67,0.2403,持有
2023-02-27,1639.73,38.16,0.7866,78706.87,245760.07,324466.94,0.2426,持有
2023-02-28,1642.74,38.23,0.7882,78851.64,245760.07,324611.71,0.2429,持有
2023-03-01,1665.20,38.76,0.7983,79929.37,245760.07,325689.44,0.2454,持有
2023-03-02,1655.66,38.53,0.7952,79471.58,245760.07,325231.66,0.2444,持有
2023-03-03,1646.64,38.32,0.7903,79038.58,245760.07,324798.65,0.2433,持有
2023-03-06,1636.76,38.09,0.7845,78564.70,245760.07,324324.78,0.2422,持有
2023-03-07,1619.70,37.70,0.7780,77745.64,245760.07,323505.71,0.2403,持有
2023-03-08,1603.51,37.32,0.7675,76968.32,245760.07,322728.39,0.2385,持有
2023-03-09,1603.14,37.31,0.7673,76950.93,245760.07,322711.00,0.2385,持有
2023-03-10,1585.01,36.89,0.7553,76080.56,245760.07,321840.64,0.2364,持有
2023-03-13,1595.88,37.14,0.7609,76602.26,245760.07,322362.33,0.2376,持有
2023-03-14,1599.50,37.23,0.7635,76776.16,245760.07,322536.23,0.2380,持有
2023-03-15,1585.85,36.91,0.7558,76120.56,245760.07,321880.63,0.2365,持有
2023-03-16,1586.81,36.93,0.7565,76167.08,245760.07,321927.15,0.2366,持有
2023-03-17,1577.77,36.72,0.7464,75732.77,245760.07,321492.84,0.2356,持有
2023-03-20,1566.54,36.46,0.7359,75193.68,245760.07,320953.75,0.2343,持有
2023-03-21,1607.65,37.42,0.7703,77167.43,245760.07,322927.50,0.2390,持有
2023-03-22,1606.16,37.38,0.7695,77095.70,245760.07,322855.77,0.2388,持有
2023-03-23,1607.53,37.41,0.7699,77161.34,245760.07,322921.42,0.2389,持有
2023-03-24,1610.93,37.49,0.7718,77324.81,245760.07,323084.88,0.2393,持有
2023-03-27,1601.12,37.26,0.7651,76853.98,245760.07,322614.05,0.2382,持有
2023-03-28,1613.81,37.56,0.7732,77463.06,245760.07,323223.13,0.2397,持有
2023-03-29,1621.24,37.73,0.7791,77819.55,245760.07,323579.62,0.2405,持有
2023-03-30,1630.30,37.94,0.7835,78254.29,245760.07,324014.37,0.2415,持有
2023-03-31,1648.41,36.45,0.7339,79123.79,245760.07,324883.86,0.2435,持有
2023-04-03,1632.17,36.10,0.7204,78344.29,245760.07,324104.36,0.2417,持有
2023-04-04,1643.51,36.35,0.7282,78888.59,245760.07,324648.66,0.2430,持有
2023-04-06,1627.54,35.99,0.7159,78122.13,245760.07,323882.20,0.2412,持有
2023-04-07,1622.14,35.87,0.7114,77862.59,245760.07,323622.66,0.2406,持有
2023-04-10,1604.67,35.49,0.6967,77023.96,245760.07,322784.04,0.2386,持有
2023-04-11,1580.94,34.96,0.6767,75884.93,245760.07,321645.00,0.2359,持有
2023-04-12,1534.38,33.93,0.6454,73650.33,245760.07,319410.41,0.2306,持有
2023-04-13,1560.56,34.51,0.6643,74906.75,245760.07,320666.82,0.2336,持有
2023-04-14,1551.88,34.32,0.6586,74490.26,245760.07,320250.34,0.2326,持有
2023-04-17,1587.73,35.11,0.6814,76210.99,245760.07,321971.06,0.2367,持有
2023-04-18,1592.26,35.21,0.6858,76428.36,245760.07,322188.43,0.2372,持有
2023-04-19,1593.16,35.23,0.6863,76471.84,245760.07,322231.91,0.2373,持有
2023-04-20,1577.66,34.89,0.6750,75727.55,245760.07,321487.62,0.2356,持有
2023-04-21,1562.79,34.56,0.6640,75014.13,245760.07,320774.20,0.2339,持有
2023-04-24,1544.25,34.15,0.6521,74124.21,245760.07,319884.28,0.2317,持有
2023-04-25,1567.24,34.66,0.6679,75227.59,245760.07,320987.66,0.2344,持有
2023-04-26,1579.50,33.06,0.6087,75815.80,245760.07,321575.88,0.2358,持有
2023-04-27,1592.19,33.32,0.6211,76424.88,245760.07,322184.96,0.2372,持有
2023-04-28,1594.54,33.37,0.6225,76537.92,245760.07,322297.99,0.2375,持有
2023-05-04,1584.92,33.17,0.6158,76076.22,245760.07,321836.29,0.2364,持有
2023-05-05,1585.01,33.17,0.6160,76080.56,245760.07,321840.64,0.2364,持有
2023-05-08,1558.31,32.62,0.5888,74798.93,245760.07,320559.01,0.2333,持有
2023-05-09,1559.65,32.64,0.5907,74863.27,245760.07,320623.35,0.2335,持有
2023-05-10,1562.37,32.70,0.5945,74993.70,245760.07,320753.77,0.2338,持有
2023-05-11,1555.19,32.55,0.5864,74648.95,245760.07,320409.02,0.2330,持有
2023-05-12,1545.52,32.35,0.5755,74185.07,245760.07,319945.14,0.2319,持有
2023-05-15,1554.49,32.54,0.5854,74615.47,245760.07,320375.54,0.2329,持有
2023-05-16,1542.71,32.29,0.5715,74049.87,245760.07,319809.94,0.2315,持有
2023-05-17,1540.63,32.25,0.5695,73950.31,245760.07,319710.38,0.2313,持有
2023-05-18,1531.57,32.06,0.5601,73515.56,245760.07,319275.63,0.2303,持有
2023-05-19,1539.27,32.22,0.5679,73885.10,245760.07,319645.17,0.2311,持有
2023-05-22,1581.39,33.10,0.6120,75906.67,245760.07,321666.74,0.2360,持有
2023-05-23,1561.96,32.69,0.5950,74974.14,245760.07,320734.21,0.2338,持有
2023-05-24,1549.60,32.43,0.5799,74380.71,245760.07,320140.78,0.2323,持有
2023-05-25,1540.63,32.25,0.5690,73950.31,245760.07,319710.38,0.2313,持有
2023-05-26,1531.18,32.05,0.5588,73496.43,245760.07,319256.51,0.2302,持有
2023-05-29,1529.76,32.02,0.5571,73428.61,245760.07,319188.69,0.2300,持有
2023-05-30,1511.01,31.63,0.5444,72528.25,245760.07,318288.33,0.2279,持有
2023-05-31,1475.33,30.88,0.5168,70815.79,245760.07,316575.86,0.2237,持有
2023-06-01,1481.69,31.01,0.5221,71120.98,245760.07,316881.05,0.2244,持有
2023-06-02,1513.10,31.67,0.5470,72628.68,245760.07,318388.75,0.2281,持有
2023-06-05,1508.03,31.56,0.5425,72385.22,245760.07,318145.30,0.2275,持有
2023-06-06,1509.83,31.60,0.5436,72471.74,245760.07,318231.81,0.2277,持有
2023-06-07,1495.25,31.30,0.5318,71772.23,245760.07,317532.30,0.2260,持有
2023-06-08,1510.74,31.62,0.5442,72515.65,245760.07,318275.72,0.2278,持有
2023-06-09,1508.93,31.58,0.5428,72428.70,245760.07,318188.77,0.2276,持有
2023-06-12,1536.10,32.15,0.5645,73732.94,245760.07,319493.01,0.2308,持有
2023-06-13,1538.82,32.21,0.5677,73863.36,245760.07,319623.43,0.2311,持有
2023-06-14,1564.07,32.74,0.5991,75075.43,245760.07,320835.50,0.2340,持有
2023-06-15,1589.54,33.27,0.6209,76297.94,245760.07,322058.01,0.2369,持有
2023-06-16,1628.21,34.08,0.6523,78153.87,245760.07,323913.94,0.2413,持有
2023-06-19,1579.58,33.06,0.6108,75819.72,245760.07,321579.79,0.2358,持有
2023-06-20,1579.09,33.05,0.6100,75796.24,245760.07,321556.31,0.2357,持有
2023-06-21,1572.18,32.91,0.6043,75464.53,245760.07,321224.60,0.2349,持有
2023-06-26,1547.88,32.40,0.5798,74298.11,245760.07,320058.18,0.2321,持有
2023-06-27,1549.73,32.44,0.5809,74387.23,245760.07,320147.30,0.2324,持有
2023-06-28,1565.43,32.76,0.5995,75140.64,245760.07,320900.72,0.2342,持有
2023-06-29,1552.14,32.49,0.5830,74502.87,245760.07,320262.94,0.2326,持有
2023-06-30,1555.09,32.06,0.5585,74644.12,245760.07,320404.19,0.2330,持有
2023-07-03,1585.53,32.68,0.5950,76105.22,245760.07,321865.29,0.2365,持有
2023-07-04,1591.50,32.81,0.6012,76392.15,245760.07,322152.22,0.2371,持有
2023-07-05,1577.51,32.52,0.5859,75720.30,245760.07,321480.38,0.2355,持有
2023-07-06,1566.10,32.28,0.5709,75172.94,245760.07,320933.02,0.2342,持有
2023-07-07,1554.19,32.04,0.5565,74601.30,245760.07,320361.38,0.2329,持有
2023-07-10,1564.19,32.24,0.5684,75081.13,245760.07,320841.20,0.2340,持有
2023-07-11,1572.56,32.42,0.5800,75482.82,245760.07,321242.89,0.2350,持有
2023-07-12,1576.05,32.49,0.5832,75650.56,245760.07,321410.63,0.2354,持有
2023-07-13,1598.68,32.95,0.6072,76736.45,245760.07,322496.53,0.2379,持有
2023-07-14,1612.10,33.23,0.6218,77380.93,245760.07,323141.00,0.2395,持有
2023-07-17,1590.92,32.79,0.6005,76364.34,245760.07,322124.41,0.2371,持有
2023-07-18,1584.33,32.66,0.5927,76047.84,245760.07,321807.91,0.2363,持有
2023-07-19,1584.51,32.66,0.5932,76056.67,245760.07,321816.74,0.2363,持有
2023-07-20,1585.43,32.68,0.5948,76100.81,245760.07,321860.88,0.2364,持有
2023-07-21,1628.93,33.58,0.6354,78188.72,245760.07,323948.80,0.2414,持有
2023-07-24,1628.79,33.58,0.6352,78182.10,245760.07,323942.18,0.2413,持有
2023-07-25,1681.58,34.66,0.6739,80715.85,245760.07,326475.93,0.2472,持有
2023-07-26,1681.58,34.66,0.6737,80715.85,245760.07,326475.93,0.2472,持有
2023-07-27,1690.30,34.84,0.6792,81134.32,245760.07,326894.39,0.2482,持有
2023-07-28,1744.53,35.96,0.7221,83737.37,245760.07,329497.45,0.2541,持有
2023-07-31,1729.43,35.65,0.7099,83012.56,245760.07,328772.64,0.2525,持有
2023-08-01,1737.17,35.81,0.7154,83384.24,245760.07,329144.31,0.2533,持有
2023-08-02,1728.89,35.64,0.7091,82986.96,245760.07,328747.03,0.2524,持有
2023-08-03,1727.49,34.25,0.6592,82919.42,245760.07,328679.50,0.2523,持有
2023-08-04,1741.28,34.52,0.6684,83581.55,245760.07,329341.63,0.2538,持有
2023-08-07,1736.19,34.42,0.6643,83337.01,245760.07,329097.08,0.2532,持有
2023-08-08,1738.09,34.46,0.6665,83428.38,245760.07,329188.45,0.2534,持有
2023-08-09,1738.35,34.46,0.6666,83440.74,245760.07,329200.81,0.2535,持有
2023-08-10,1724.30,34.18,0.6567,82766.25,245760.07,328526.32,0.2519,持有
2023-08-11,1686.59,33.44,0.6289,80956.43,245760.07,326716.50,0.2478,持有
2023-08-14,1658.08,32.87,0.6014,79588.03,245760.07,325348.10,0.2446,持有
2023-08-15,1667.26,33.05,0.6093,80028.56,245760.07,325788.64,0.2456,持有
2023-08-16,1673.72,33.18,0.6184,80338.44,245760.07,326098.51,0.2464,持有
2023-08-17,1681.12,33.33,0.6242,80693.78,245760.07,326453.86,0.2472,持有
2023-08-18,1657.71,32.86,0.6007,79569.93,245760.07,325330.00,0.2446,持有
2023-08-21,1647.05,32.65,0.5882,79058.32,245760.07,324818.39,0.2434,持有
2023-08-22,1644.29,32.60,0.5847,78925.90,245760.07,324685.97,0.2431,持有
2023-08-23,1631.41,32.34,0.5695,78307.91,245760.07,324067.98,0.2416,持有
2023-08-24,1670.31,33.11,0.6146,80175.11,245760.07,325935.19,0.2460,持有
2023-08-25,1678.30,33.27,0.6210,80558.27,245760.07,326318.34,0.2469,持有
2023-08-28,1687.48,33.45,0.6304,80999.25,245760.07,326759.32,0.2479,持有
2023-08-29,1702.53,33.75,0.6422,81721.41,245760.07,327481.48,0.2495,持有
2023-08-30,1706.82,33.84,0.6444,81927.55,245760.07,327687.62,0.2500,持有
2023-08-31,1698.55,33.67,0.6370,81530.27,245760.07,327290.35,0.2491,持有
2023-09-01,1702.27,33.75,0.6416,81709.05,245760.07,327469.12,0.2495,持有
2023-09-04,1716.02,34.02,0.6522,82368.97,245760.07,328129.04,0.2510,持有
2023-09-05,1709.31,33.89,0.6469,82046.74,245760.07,327806.81,0.2503,持有
2023-09-06,1711.42,33.93,0.6485,82148.26,245760.07,327908.33,0.2505,持有
2023-09-07,1690.27,33.51,0.6304,81133.00,245760.07,326893.07,0.2482,持有
2023-09-08,1672.34,33.15,0.6144,80272.23,245760.07,326032.30,0.2462,持有
2023-09-11,1675.71,33.22,0.6178,80434.23,245760.07,326194.30,0.2466,持有
2023-09-12,1673.68,33.18,0.6167,80336.67,245760.07,326096.75,0.2464,持有
2023-09-13,1673.63,33.18,0.6165,80334.47,245760.07,326094.54,0.2464,持有
2023-09-14,1672.51,33.16,0.6143,80280.61,245760.07,326040.69,0.2462,持有
2023-09-15,1638.76,32.49,0.5756,78660.60,245760.07,324420.68,0.2425,持有
2023-09-18,1682.18,33.35,0.6249,80744.55,245760.07,326504.62,0.2473,持有
2023-09-19,1680.10,33.31,0.6221,80644.79,245760.07,326404.86,0.2471,持有
2023-09-20,1677.40,33.25,0.6189,80515.01,245760.07,326275.08,0.2468,持有
2023-09-21,1653.84,32.79,0.5940,79384.53,245760.07,325144.60,0.2442,持有
2023-09-22,1700.39,33.71,0.6397,81618.56,245760.07,327378.63,0.2493,持有
2023-09-25,1685.10,33.41,0.6276,80884.92,245760.07,326644.99,0.2476,持有
2023-09-26,1670.04,33.11,0.6107,80161.87,245760.07,325921.94,0.2460,持有
2023-09-27,1668.20,33.07,0.6070,80073.59,245760.07,325833.66,0.2457,持有
2023-09-28,1653.99,32.79,0.5934,79391.59,245760.07,325151.67,0.2442,持有
2023-10-09,1634.17,32.40,0.5697,78440.33,245760.07,324200.41,0.2420,持有
2023-10-10,1627.74,32.27,0.5603,78131.34,245760.07,323891.41,0.2412,持有
2023-10-11,1635.55,32.42,0.5709,78506.55,245760.07,324266.62,0.2421,持有
2023-10-12,1642.45,32.56,0.5799,78837.61,245760.07,324597.68,0.2429,持有
2023-10-13,1610.26,31.92,0.5411,77292.64,245760.07,323052.71,0.2393,持有
2023-10-16,1590.86,31.54,0.5270,76361.25,245760.07,322121.32,0.2371,持有
2023-10-17,1587.27,31.47,0.5245,76189.09,245760.07,321949.16,0.2366,持有
2023-10-18,1589.11,31.50,0.5258,76277.38,245760.07,322037.45,0.2369,持有
2023-10-19,1498.99,29.72,0.4660,71951.46,245760.07,317711.53,0.2265,持有
2023-10-20,1512.78,29.99,0.4724,72613.59,245760.07,318373.66,0.2281,持有
2023-10-23,1511.85,29.01,0.4471,72568.57,245760.07,318328.64,0.2280,持有
2023-10-24,1510.90,28.99,0.4467,72523.10,245760.07,318283.17,0.2279,持有
2023-10-25,1542.67,29.60,0.4640,74048.20,245760.07,319808.28,0.2315,持有
2023-10-26,1537.82,29.51,0.4612,73815.58,245760.07,319575.65,0.2310,持有
2023-10-27,1541.94,29.59,0.4634,74013.33,245760.07,319773.41,0.2315,持有
2023-10-30,1545.89,29.66,0.4660,74202.70,245760.07,319962.77,0.2319,持有
2023-10-31,1549.18,29.72,0.4670,74360.73,245760.07,320120.80,0.2323,持有
2023-11-01,1637.84,31.43,0.5237,78616.46,245760.07,324376.53,0.2424,持有
2023-11-02,1636.47,31.40,0.5226,78550.69,245760.07,324310.76,0.2422,持有
2023-11-03,1665.66,31.96,0.5438,79951.76,245760.07,325711.83,0.2455,持有
2023-11-06,1666.36,31.97,0.5454,79985.30,245760.07,325745.38,0.2455,持有
2023-11-07,1647.20,31.61,0.5322,79065.83,245760.07,324825.90,0.2434,持有
2023-11-08,1653.80,31.73,0.5380,79382.32,245760.07,325142.40,0.2441,持有
2023-11-09,1649.91,31.66,0.5354,79195.60,245760.07,324955.68,0.2437,持有
2023-11-10,1633.11,31.33,0.5199,78389.13,245760.07,324149.20,0.2418,持有
2023-11-13,1622.22,31.13,0.5112,77866.49,245760.07,323626.56,0.2406,持有
2023-11-14,1623.39,31.15,0.5117,77922.55,245760.07,323682.62,0.2407,持有
2023-11-15,1630.43,31.28,0.5180,78260.68,245760.07,324020.75,0.2415,持有
2023-11-16,1618.59,31.06,0.5090,77692.13,245760.07,323452.20,0.2402,持有
2023-11-17,1612.49,30.94,0.5047,77399.47,245760.07,323159.54,0.2395,持有
2023-11-20,1620.84,31.10,0.5108,77800.27,245760.07,323560.35,0.2405,持有
2023-11-21,1646.13,31.58,0.5318,79014.18,245760.07,324774.25,0.2433,持有
2023-11-22,1638.32,31.43,0.5240,78639.41,245760.07,324399.49,0.2424,持有
2023-11-23,1642.45,31.51,0.5280,78837.61,245760.07,324597.68,0.2429,持有
2023-11-24,1634.17,31.36,0.5213,78440.33,245760.07,324200.41,0.2420,持有
2023-11-27,1621.30,31.11,0.5103,77822.35,245760.07,323582.42,0.2405,持有
2023-11-28,1626.85,31.21,0.5152,78088.96,245760.07,323849.04,0.2411,持有
2023-11-29,1632.07,31.31,0.5197,78339.25,245760.07,324099.32,0.2417,持有
2023-11-30,1647.51,31.61,0.5343,79080.39,245760.07,324840.47,0.2434,持有
2023-12-01,1618.80,31.06,0.5079,77702.28,245760.07,323462.35,0.2402,持有
2023-12-04,1610.00,30.89,0.5010,77279.84,245760.07,323039.91,0.2392,持有
2023-12-05,1571.64,30.16,0.4750,75438.68,245760.07,321198.75,0.2349,持有
2023-12-06,1566.12,30.05,0.4725,75173.83,245760.07,320933.90,0.2342,持有
2023-12-07,1563.36,30.00,0.4703,75041.40,245760.07,320801.47,0.2339,持有
2023-12-08,1567.89,30.08,0.4737,75258.58,245760.07,321018.65,0.2344,持有
2023-12-12,1572.55,30.17,0.4765,75482.38,245760.07,321242.45,0.2350,持有
2023-12-13,1526.58,29.29,0.4509,73275.72,245760.07,319035.79,0.2297,持有
2023-12-14,1504.41,28.87,0.4372,72211.90,245760.07,317971.97,0.2271,持有
2023-12-15,1512.78,29.03,0.4433,72613.59,245760.07,318373.66,0.2281,持有
2023-12-18,1528.42,29.33,0.4528,73364.00,245760.07,319124.08,0.2299,持有
2023-12-19,1540.37,29.56,0.4597,73937.85,245760.07,319697.92,0.2313,持有
2023-12-20,1534.70,29.11,0.4464,73665.47,245760.07,319425.55,0.2306,持有
2023-12-21,1553.50,29.47,0.4565,74567.88,245760.07,320327.95,0.2328,持有
2023-12-22,1554.10,29.48,0.4567,74596.90,245760.07,320356.97,0.2329,持有
2023-12-25,1555.36,29.50,0.4577,74657.18,245760.07,320417.25,0.2330,持有
2023-12-26,1553.50,29.47,0.4561,74567.88,245760.07,320327.95,0.2328,持有
2023-12-27,1550.76,29.42,0.4548,74436.60,245760.07,320196.68,0.2325,持有
2023-12-28,1604.65,30.44,0.4851,77023.26,245760.07,322783.33,0.2386,持有
2023-12-29,1605.59,30.46,0.4864,77068.36,245760.07,322828.43,0.2387,持有
2024-01-02,1567.46,29.73,0.4646,75238.10,245760.07,320998.17,0.2344,持有
2024-01-03,1575.82,29.89,0.4683,75639.51,245760.07,321399.58,0.2353,持有
2024-01-04,1552.57,29.45,0.4553,74523.23,245760.07,320283.30,0.2327,持有
2024-01-05,1547.32,29.35,0.4523,74271.39,245760.07,320031.47,0.2321,持有
2024-01-08,1529.30,29.01,0.4410,73406.49,245760.07,319166.57,0.2300,持有
2024-01-09,1526.52,28.96,0.4386,73272.99,245760.07,319033.06,0.2297,持有
2024-01-10,1526.99,28.96,0.4393,73295.31,245760.07,319055.39,0.2297,持有
2024-01-11,1531.70,29.05,0.4433,73521.70,245760.07,319281.77,0.2303,持有
2024-01-12,1528.44,28.99,0.4405,73364.97,245760.07,319125.04,0.2299,持有
2024-01-15,1525.59,28.94,0.4375,73228.34,245760.07,318988.41,0.2296,持有
2024-01-16,1525.06,28.93,0.4368,73202.88,245760.07,318962.96,0.2295,持有
2024-01-17,1466.99,27.83,0.4034,70415.30,245760.07,316175.37,0.2227,持有
2024-01-18,1498.49,28.42,0.4182,71927.64,245760.07,317687.71,0.2264,持有
2024-01-19,1520.94,28.85,0.4344,73005.08,245760.07,318765.15,0.2290,持有
2024-01-22,1527.45,28.97,0.4406,73317.64,245760.07,319077.71,0.2298,持有
2024-01-23,1506.06,28.57,0.4251,72290.66,245760.07,318050.73,0.2273,持有
2024-01-24,1512.57,28.69,0.4296,72603.22,245760.07,318363.29,0.2281,持有
2024-01-25,1523.73,28.90,0.4370,73139.03,245760.07,318899.11,0.2293,持有
2024-01-26,1523.10,28.89,0.4360,73108.67,245760.07,318868.74,0.2293,持有
2024-01-29,1534.89,29.11,0.4475,73674.85,245760.07,319434.92,0.2306,持有
2024-01-30,1500.47,28.46,0.4204,72022.75,245760.07,317782.82,0.2266,持有
2024-01-31,1492.95,28.32,0.4150,71661.52,245760.07,317421.59,0.2258,持有
2024-02-01,1497.71,28.41,0.4172,71890.13,245760.07,317650.20,0.2263,持有
2024-02-02,1484.66,28.16,0.4119,71263.67,245760.07,317023.75,0.2248,持有
2024-02-05,1516.30,28.76,0.4315,72782.27,245760.07,318542.34,0.2285,持有
2024-02-06,1559.08,29.57,0.4639,74835.79,245760.07,320595.86,0.2334,持有
2024-02-07,1591.63,30.19,0.4829,76398.14,245760.07,322158.21,0.2371,持有
2024-02-08,1586.99,30.10,0.4796,76175.33,245760.07,321935.40,0.2366,持有
2024-02-19,1577.15,29.92,0.4722,75703.36,245760.07,321463.44,0.2355,持有
2024-02-20,1553.50,29.47,0.4587,74567.88,245760.07,320327.95,0.2328,持有
2024-02-21,1597.83,30.31,0.4852,76695.96,245760.07,322456.04,0.2378,持有
2024-02-22,1598.50,30.32,0.4860,76728.11,245760.07,322488.19,0.2379,持有
2024-02-23,1594.51,30.25,0.4844,76536.56,245760.07,322296.63,0.2375,持有
2024-02-26,1576.73,29.91,0.4718,75683.27,245760.07,321443.34,0.2354,持有
2024-02-27,1571.64,29.81,0.4690,75438.58,245760.07,321198.65,0.2349,持有
2024-02-28,1564.24,29.67,0.4660,75083.60,245760.07,320843.67,0.2340,持有
2024-02-29,1576.75,29.91,0.4722,75684.16,245760.07,321444.24,0.2355,持有
2024-03-01,1567.51,29.73,0.4675,75240.33,245760.07,321000.40,0.2344,持有
2024-03-04,1559.36,29.58,0.4627,74849.18,245760.07,320609.25,0.2335,持有
2024-03-05,1576.85,29.91,0.4727,75688.63,245760.07,321448.70,0.2355,持有
2024-03-06,1563.31,29.65,0.4653,75038.95,245760.07,320799.02,0.2339,持有
2024-03-07,1566.18,29.71,0.4666,75176.48,245760.07,320936.55,0.2342,持有
2024-03-08,1554.83,29.49,0.4590,74631.73,245760.07,320391.80,0.2329,持有
2024-03-11,1576.28,29.90,0.4724,75661.39,245760.07,321421.46,0.2354,持有
2024-03-12,1623.27,30.79,0.5058,77916.73,245760.07,323676.81,0.2407,持有
2024-03-13,1606.94,30.48,0.4935,77133.10,245760.07,322893.18,0.2389,持有
2024-03-14,1596.87,30.29,0.4864,76649.97,245760.07,322410.05,0.2377,持有
2024-03-15,1597.67,30.31,0.4866,76688.37,245760.07,322448.45,0.2378,持有
2024-03-18,1589.09,30.14,0.4813,76276.24,245760.07,322036.31,0.2369,持有
2024-03-19,1588.87,30.14,0.4811,76265.53,245760.07,322025.60,0.2368,持有
2024-03-20,1590.33,30.17,0.4827,76336.07,245760.07,322096.15,0.2370,持有
2024-03-21,1589.78,30.16,0.4817,76309.28,245760.07,322069.36,0.2369,持有
2024-03-22,1582.66,30.02,0.4767,75967.70,245760.07,321727.77,0.2361,持有
2024-03-25,1571.18,29.80,0.4682,75416.70,245760.07,321176.77,0.2348,持有
2024-03-26,1590.05,30.16,0.4830,76322.23,245760.07,322082.31,0.2370,持有
2024-03-27,1582.33,30.01,0.4760,75952.07,245760.07,321712.14,0.2361,持有
2024-03-28,1582.93,30.03,0.4770,75980.65,245760.07,321740.72,0.2362,持有
2024-03-29,1584.10,30.05,0.4783,76036.91,245760.07,321796.98,0.2363,持有
2024-04-01,1601.25,30.37,0.4908,76859.84,245760.07,322619.91,0.2382,持有
2024-04-02,1594.42,30.24,0.4866,76532.09,245760.07,322292.17,0.2375,持有
2024-04-03,1595.46,28.83,0.4291,76582.10,245760.07,322342.18,0.2376,持有
2024-04-08,1550.39,28.01,0.4034,74418.74,245760.07,320178.82,0.2324,持有
2024-04-09,1546.26,27.94,0.4007,74220.49,245760.07,319980.56,0.2320,持有
2024-04-10,1533.01,27.70,0.3963,73584.65,245760.07,319344.73,0.2304,买入(补至40%)
2024-04-11,1533.03,27.70,0.3964,127241.67,192360.83,319602.50,0.3981,持有
2024-04-12,1520.04,27.47,0.3897,126163.05,192360.83,318523.88,0.3961,持有
2024-04-15,1556.27,28.12,0.4065,129170.37,192360.83,321531.20,0.4017,持有
2024-04-16,1553.50,28.07,0.4050,128940.29,192360.83,321301.12,0.4013,持有
2024-04-17,1550.71,28.02,0.4040,128708.66,192360.83,321069.49,0.4009,持有
2024-04-18,1554.22,28.08,0.4056,129000.51,192360.83,321361.34,0.4014,持有
2024-04-19,1531.77,27.68,0.3952,127136.67,192360.83,319497.50,0.3979,持有
2024-04-22,1558.20,28.16,0.4088,129330.97,192360.83,321691.80,0.4020,持有
2024-04-23,1574.22,28.45,0.4161,130660.52,192360.83,323021.35,0.4045,持有
2024-04-24,1575.45,28.47,0.4186,130762.44,192360.83,323123.27,0.4047,持有
2024-04-25,1574.93,28.46,0.4179,130719.20,192360.83,323080.03,0.4046,持有
2024-04-26,1590.18,28.73,0.4289,131984.67,192360.83,324345.50,0.4069,持有
2024-04-29,1585.13,27.44,0.3879,131565.42,192360.83,323926.25,0.4062,持有
2024-04-30,1586.06,27.46,0.3881,131642.63,192360.83,324003.46,0.4063,持有
2024-05-06,1637.40,28.35,0.4134,135904.61,192360.83,328265.44,0.4140,持有
2024-05-07,1646.52,28.50,0.4207,136661.26,192360.83,329022.09,0.4154,持有
2024-05-08,1640.91,28.41,0.4146,136195.69,192360.83,328556.52,0.4145,持有
2024-05-09,1633.50,28.28,0.4108,135580.33,192360.83,327941.16,0.4134,持有
2024-05-10,1617.67,28.00,0.4024,134266.22,192360.83,326627.05,0.4111,持有
2024-05-13,1586.99,27.47,0.3886,131719.84,192360.83,324080.67,0.4064,持有
2024-05-14,1583.25,27.41,0.3868,131409.46,192360.83,323770.29,0.4059,持有
2024-05-15,1581.40,27.38,0.3861,131256.58,192360.83,323617.41,0.4056,持有
2024-05-16,1585.59,27.45,0.3877,131604.03,192360.83,323964.86,0.4062,持有
2024-05-17,1595.36,27.62,0.3933,132414.73,192360.83,324775.56,0.4077,持有
2024-05-20,1589.78,27.52,0.3906,131951.47,192360.83,324312.30,0.4069,持有
2024-05-21,1586.06,27.46,0.3876,131642.63,192360.83,324003.46,0.4063,持有
2024-05-22,1579.27,27.34,0.3853,131079.77,192360.83,323440.60,0.4053,持有
2024-05-23,1573.97,27.25,0.3823,130639.68,192360.83,323000.51,0.4045,持有
2024-05-24,1560.08,27.01,0.3765,129486.93,192360.83,321847.76,0.4023,持有
2024-05-27,1553.61,26.90,0.3724,128949.55,192360.83,321310.38,0.4013,持有
2024-05-28,1548.51,26.81,0.3706,128526.44,192360.83,320887.27,0.4005,持有
2024-05-29,1557.22,26.96,0.3748,129249.13,192360.83,321609.96,0.4019,持有
2024-05-30,1533.96,26.56,0.3633,127318.88,192360.83,319679.71,0.3983,持有
2024-05-31,1533.45,26.55,0.3626,127276.42,192360.83,319637.25,0.3982,持有
2024-06-03,1525.02,26.40,0.3580,126576.90,192360.83,318937.73,0.3969,持有
2024-06-04,1537.87,26.62,0.3661,127643.17,192360.83,320004.00,0.3989,持有
2024-06-05,1529.31,26.48,0.3595,126932.84,192360.83,319293.67,0.3975,持有
2024-06-06,1525.41,26.41,0.3579,126609.33,192360.83,318970.16,0.3969,持有
2024-06-07,1506.22,26.08,0.3493,125016.49,192360.83,317377.32,0.3939,持有
2024-06-11,1459.54,25.27,0.3348,121142.10,192360.83,313502.93,0.3864,持有
2024-06-12,1462.04,25.31,0.3355,121349.03,192360.83,313709.86,0.3868,持有
2024-06-13,1446.53,25.04,0.3286,120061.94,192360.83,312422.77,0.3843,持有
2024-06-14,1446.52,25.04,0.3285,120061.17,192360.83,312422.00,0.3843,持有
2024-06-17,1433.96,24.82,0.3228,119018.84,192360.83,311379.67,0.3822,持有
2024-06-18,1415.36,24.50,0.3142,117474.64,192360.83,309835.47,0.3792,持有
2024-06-19,1425.21,24.17,0.3084,118292.68,192360.83,310653.51,0.3808,持有
2024-06-20,1424.36,24.16,0.3080,118221.75,192360.83,310582.58,0.3806,持有
2024-06-21,1396.73,23.69,0.2921,115928.40,192360.83,308289.23,0.3760,买入(补至70%)
2024-06-24,1402.00,23.78,0.2960,215907.62,96429.09,312336.70,0.6913,持有
2024-06-25,1411.59,23.94,0.3001,217384.48,96429.09,313813.57,0.6927,持有
2024-06-26,1414.03,23.98,0.3015,217760.28,96429.09,314189.37,0.6931,持有
2024-06-27,1415.23,24.00,0.3031,217945.99,96429.09,314375.07,0.6933,持有
2024-06-28,1393.30,23.63,0.2903,214568.20,96429.09,310997.29,0.6899,持有
2024-07-01,1367.65,23.20,0.2775,210618.68,96429.09,307047.77,0.6859,持有
2024-07-02,1415.43,24.01,0.3040,217976.69,96429.09,314405.78,0.6933,持有
2024-07-03,1424.26,24.16,0.3095,219336.58,96429.09,315765.67,0.6946,持有
2024-07-04,1410.72,23.93,0.2995,217251.42,96429.09,313680.51,0.6926,持有
2024-07-05,1379.64,23.40,0.2825,212464.03,96429.09,308893.12,0.6878,持有
2024-07-08,1348.30,22.87,0.2703,207638.63,96429.09,304067.72,0.6829,持有
2024-07-09,1365.42,23.16,0.2762,210275.05,96429.09,306704.14,0.6856,持有
2024-07-10,1365.00,23.15,0.2761,210210.72,96429.09,306639.80,0.6855,持有
2024-07-11,1388.27,23.55,0.2890,213793.21,96429.09,310222.30,0.6892,持有
2024-07-12,1404.15,23.82,0.2974,216239.55,96429.09,312668.63,0.6916,持有
2024-07-15,1400.43,23.75,0.2950,215666.35,96429.09,312095.43,0.6910,持有
2024-07-16,1401.48,23.77,0.2961,215827.19,96429.09,312256.28,0.6912,持有
2024-07-17,1425.59,24.18,0.3123,219541.29,96429.09,315970.38,0.6948,持有
2024-07-18,1421.90,24.12,0.3097,218972.48,96429.09,315401.57,0.6943,持有
2024-07-19,1448.59,24.57,0.3189,223082.85,96429.09,319511.94,0.6982,持有
2024-07-22,1423.31,24.14,0.3101,219190.35,96429.09,315619.44,0.6945,持有
2024-07-23,1381.54,23.43,0.2847,212756.48,96429.09,309185.57,0.6881,持有
2024-07-24,1367.31,23.19,0.2767,210566.04,96429.09,306995.13,0.6859,持有
2024-07-25,1358.26,23.04,0.2735,209172.52,96429.09,305601.61,0.6845,持有
2024-07-26,1350.38,22.90,0.2701,207958.86,96429.09,304387.95,0.6832,持有
2024-07-29,1327.43,22.51,0.2647,204424.62,96429.09,300853.70,0.6795,持有
2024-07-30,1310.31,22.22,0.2590,201788.19,96429.09,298217.28,0.6766,持有
2024-07-31,1349.52,22.89,0.2701,207825.80,96429.09,304254.88,0.6831,持有
2024-08-01,1316.17,22.32,0.2614,202690.39,96429.09,299119.48,0.6776,持有
2024-08-02,1315.50,22.31,0.2613,202586.58,96429.09,299015.66,0.6775,持有
2024-08-05,1338.82,22.71,0.2674,206177.85,96429.09,302606.93,0.6813,持有
2024-08-06,1333.78,22.62,0.2670,205401.40,96429.09,301830.48,0.6805,持有
2024-08-07,1344.03,22.80,0.2692,206980.62,96429.09,303409.71,0.6822,持有
2024-08-08,1358.45,23.04,0.2756,209201.77,96429.09,305630.85,0.6845,持有
2024-08-09,1364.25,22.44,0.2637,210095.20,96429.09,306524.29,0.6854,持有
2024-08-12,1363.59,22.42,0.2634,209992.84,96429.09,306421.93,0.6853,持有
2024-08-13,1351.16,22.22,0.2583,208078.76,96429.09,304507.85,0.6833,持有
2024-08-14,1341.94,22.07,0.2548,206658.92,96429.09,303088.01,0.6818,持有
2024-08-15,1354.84,22.28,0.2606,208646.11,96429.09,305075.20,0.6839,持有
2024-08-16,1358.94,22.35,0.2628,209276.34,96429.09,305705.43,0.6846,持有
2024-08-19,1353.47,22.26,0.2597,208434.09,96429.09,304863.18,0.6837,持有
2024-08-20,1350.89,22.22,0.2576,208036.36,96429.09,304465.45,0.6833,持有
2024-08-21,1346.00,22.14,0.2559,207284.77,96429.09,303713.85,0.6825,持有
2024-08-22,1338.86,22.02,0.2538,206183.70,96429.09,302612.78,0.6813,持有
2024-08-23,1343.55,22.09,0.2554,206906.04,96429.09,303335.13,0.6821,持有
2024-08-26,1340.71,22.05,0.2540,206468.83,96429.09,302897.92,0.6816,持有
2024-08-27,1333.18,21.92,0.2528,205309.27,96429.09,301738.36,0.6804,持有
2024-08-28,1318.87,21.69,0.2499,203105.67,96429.09,299534.76,0.6781,持有
2024-08-29,1341.94,22.07,0.2552,206658.92,96429.09,303088.01,0.6818,持有
2024-08-30,1370.32,22.54,0.2682,211029.57,96429.09,307458.66,0.6864,持有
2024-09-02,1324.57,21.78,0.2506,203983.02,96429.09,300412.11,0.6790,持有
2024-09-03,1338.81,22.02,0.2541,206176.38,96429.09,302605.47,0.6813,持有
2024-09-04,1329.31,21.86,0.2524,204714.14,96429.09,301143.23,0.6798,持有
2024-09-05,1333.95,21.94,0.2534,205427.72,96429.09,301856.80,0.6805,持有
2024-09-06,1327.41,21.83,0.2517,204421.69,96429.09,300850.78,0.6795,持有
2024-09-09,1305.57,21.47,0.2466,201058.53,96429.09,297487.62,0.6759,持有
2024-09-10,1308.42,21.52,0.2474,201497.20,96429.09,297926.29,0.6763,持有
2024-09-11,1310.32,21.55,0.2476,201789.65,96429.09,298218.74,0.6766,持有
2024-09-12,1267.65,20.85,0.2442,195218.33,96429.09,291647.42,0.6694,持有
2024-09-13,1238.28,20.36,0.2413,190695.61,96429.09,287124.70,0.6642,持有
2024-09-18,1202.93,19.78,0.2346,185251.67,96429.09,281680.76,0.6577,持有
2024-09-19,1197.33,19.69,0.2317,184388.95,96429.09,280818.04,0.6566,持有
2024-09-20,1200.10,19.74,0.2328,184815.93,96429.09,281245.01,0.6571,持有
2024-09-23,1197.84,19.70,0.2321,184467.91,96429.09,280897.00,0.6567,持有
2024-09-24,1303.30,21.43,0.2471,200707.59,96429.09,297136.68,0.6755,持有
2024-09-25,1328.36,21.85,0.2542,204567.92,96429.09,300997.00,0.6796,持有
2024-09-26,1451.80,23.88,0.3081,223577.09,96429.09,320006.17,0.6987,持有
2024-09-27,1546.94,25.44,0.3510,238228.77,96429.09,334657.86,0.7119,持有
2024-09-30,1659.74,27.29,0.3989,255600.23,96429.09,352029.31,0.7261,持有
2024-10-08,1636.00,26.90,0.3872,251944.62,96429.09,348373.70,0.7232,持有
2024-10-09,1514.61,24.91,0.3396,233249.83,96429.09,329678.92,0.7075,持有
2024-10-10,1557.19,25.61,0.3540,239807.99,96429.09,336237.08,0.7132,持有
2024-10-11,1523.95,25.06,0.3430,234688.68,96429.09,331117.76,0.7088,持有
2024-10-14,1521.10,25.01,0.3416,234250.00,96429.09,330679.09,0.7084,持有
2024-10-15,1475.77,24.27,0.3234,227269.25,96429.09,323698.34,0.7021,持有
2024-10-16,1445.63,23.77,0.3045,222626.63,96429.09,319055.71,0.6978,持有
2024-10-17,1419.14,23.34,0.2886,218546.97,96429.09,314976.05,0.6939,持有
2024-10-18,1463.19,24.06,0.3168,225331.78,96429.09,321760.87,0.7003,持有
2024-10-21,1451.61,23.87,0.3073,223547.84,96429.09,319976.93,0.6986,持有
2024-10-22,1465.09,24.09,0.3180,225624.23,96429.09,322053.31,0.7006,持有
2024-10-23,1488.36,24.48,0.3276,229206.73,96429.09,325635.81,0.7039,持有
2024-10-24,1473.83,24.24,0.3228,226969.49,96429.09,323398.58,0.7018,持有
2024-10-25,1480.14,24.34,0.3263,227941.88,96429.09,324370.97,0.7027,持有
2024-10-28,1485.98,23.78,0.3044,228841.16,96429.09,325270.25,0.7035,持有
2024-10-29,1454.29,23.27,0.2855,223960.19,96429.09,320389.28,0.6990,持有
2024-10-30,1454.65,23.27,0.2857,224015.76,96429.09,320444.85,0.6991,持有
2024-10-31,1450.65,23.21,0.2845,223400.15,96429.09,319829.24,0.6985,持有
2024-11-01,1456.31,23.30,0.2872,224271.65,96429.09,320700.74,0.6993,持有
2024-11-04,1470.03,23.52,0.2957,226384.59,96429.09,322813.68,0.7013,持有
2024-11-05,1497.37,23.96,0.3119,230594.39,96429.09,327023.48,0.7051,持有
2024-11-06,1491.68,23.87,0.3077,229718.51,96429.09,326147.60,0.7043,持有
2024-11-07,1565.87,25.05,0.3459,241144.48,96429.09,337573.57,0.7143,持有
2024-11-08,1528.68,24.46,0.3293,235416.87,96429.09,331845.96,0.7094,持有
2024-11-11,1517.32,24.28,0.3259,233668.03,96429.09,330097.12,0.7079,持有
2024-11-12,1497.57,23.96,0.3120,230625.10,96429.09,327054.19,0.7052,持有
2024-11-13,1498.80,23.98,0.3128,230815.19,96429.09,327244.28,0.7053,持有
2024-11-14,1494.34,23.91,0.3096,230127.94,96429.09,326557.03,0.7047,持有
2024-11-15,1480.28,23.69,0.3002,227963.82,96429.09,324392.91,0.7027,持有
2024-11-18,1480.28,23.69,0.3001,227963.82,96429.09,324392.91,0.7027,持有
2024-11-19,1464.07,23.43,0.2920,225466.31,96429.09,321895.39,0.7004,持有
2024-11-20,1466.81,23.47,0.2933,225888.89,96429.09,322317.98,0.7008,持有
2024-11-21,1467.11,23.47,0.2935,225935.69,96429.09,322364.77,0.7009,持有
2024-11-22,1431.69,22.91,0.2756,220480.05,96429.09,316909.14,0.6957,持有
2024-11-25,1422.91,22.77,0.2719,219127.48,96429.09,315556.57,0.6944,持有
2024-11-26,1432.81,22.93,0.2763,220652.60,96429.09,317081.69,0.6959,持有
2024-11-27,1442.35,23.08,0.2803,222122.15,96429.09,318551.24,0.6973,持有
2024-11-28,1441.35,23.06,0.2802,221968.62,96429.09,318397.71,0.6971,持有
2024-11-29,1448.70,23.18,0.2829,223100.39,96429.09,319529.48,0.6982,持有
2024-12-02,1448.00,23.17,0.2828,222992.19,96429.09,319421.28,0.6981,持有
2024-12-03,1449.65,23.19,0.2844,223246.62,96429.09,319675.71,0.6984,持有
2024-12-04,1443.25,23.09,0.2807,222261.07,96429.09,318690.15,0.6974,持有
2024-12-05,1434.71,22.96,0.2765,220945.05,96429.09,317374.13,0.6962,持有
2024-12-06,1444.21,23.11,0.2811,222408.75,96429.09,318837.84,0.6976,持有
2024-12-09,1442.11,23.07,0.2802,222085.60,96429.09,318514.68,0.6973,持有
2024-12-10,1468.50,23.50,0.2963,226149.17,96429.09,322578.26,0.7011,持有
2024-12-11,1458.07,23.33,0.2897,224542.17,96429.09,320971.25,0.6996,持有
2024-12-12,1486.74,23.79,0.3090,228958.14,96429.09,325387.23,0.7036,持有
2024-12-13,1442.30,23.08,0.2802,222114.84,96429.09,318543.93,0.6973,持有
2024-12-16,1450.09,23.20,0.2856,223313.88,96429.09,319742.97,0.6984,持有
2024-12-17,1479.34,23.67,0.3028,227817.59,96429.09,324246.68,0.7026,持有
2024-12-18,1492.15,23.88,0.3128,229791.62,96429.09,326220.71,0.7044,持有
2024-12-19,1472.70,23.56,0.3004,226795.48,96429.09,323224.57,0.7017,持有
2024-12-20,1467.75,23.12,0.2817,226033.47,96429.09,322462.56,0.7010,持有
2024-12-23,1472.04,23.19,0.2847,226694.35,96429.09,323123.43,0.7016,持有
2024-12-24,1483.97,23.38,0.2920,228531.43,96429.09,324960.51,0.7033,持有
2024-12-25,1475.46,23.24,0.2864,227221.56,96429.09,323650.65,0.7021,持有
2024-12-26,1473.33,23.21,0.2858,226893.35,96429.09,323322.44,0.7018,持有
2024-12-27,1474.47,23.23,0.2865,227068.59,96429.09,323497.68,0.7019,持有
2024-12-30,1470.64,23.17,0.2829,226479.01,96429.09,322908.09,0.7014,持有
2024-12-31,1469.68,23.15,0.2823,226330.50,96429.09,322759.58,0.7012,持有
2025-01-02,1434.96,22.61,0.2686,220984.11,96429.09,317413.19,0.6962,持有
2025-01-03,1422.43,22.41,0.2641,219053.47,96429.09,315482.55,0.6943,持有
2025-01-06,1388.67,21.88,0.2504,213855.59,96429.09,310284.67,0.6892,持有
2025-01-07,1388.87,21.88,0.2506,213885.29,96429.09,310314.38,0.6893,持有
2025-01-08,1391.08,21.92,0.2514,214226.86,96429.09,310655.95,0.6896,持有
2025-01-09,1392.53,21.94,0.2521,214449.63,96429.09,310878.72,0.6898,持有
2025-01-10,1384.82,21.82,0.2485,213261.54,96429.09,309690.63,0.6886,持有
2025-01-13,1392.51,21.94,0.2522,214446.66,96429.09,310875.75,0.6898,持有
2025-01-14,1420.01,22.37,0.2647,218682.19,96429.09,315111.28,0.6940,持有
2025-01-15,1418.83,22.35,0.2644,218499.52,96429.09,314928.61,0.6938,持有
2025-01-16,1394.83,21.97,0.2529,214803.09,96429.09,311232.17,0.6902,持有
2025-01-17,1402.90,22.10,0.2563,216046.12,96429.09,312475.21,0.6914,持有
2025-01-20,1422.23,22.41,0.2661,219023.76,96429.09,315452.85,0.6943,持有
2025-01-21,1415.82,22.30,0.2630,218036.17,96429.09,314465.25,0.6934,持有
2025-01-22,1389.64,21.89,0.2504,214004.10,96429.09,310433.18,0.6894,持有
2025-01-23,1391.57,21.92,0.2514,214301.12,96429.09,310730.21,0.6897,持有
2025-01-24,1384.82,21.82,0.2478,213261.54,96429.09,309690.63,0.6886,持有
2025-01-27,1383.84,21.80,0.2475,213111.55,96429.09,309540.63,0.6885,持有
2025-02-05,1353.76,21.33,0.2412,208479.49,96429.09,304908.58,0.6837,持有
2025-02-06,1362.48,21.46,0.2425,209822.03,96429.09,306251.12,0.6851,持有
2025-02-07,1384.82,21.82,0.2484,213261.54,96429.09,309690.63,0.6886,持有
2025-02-10,1380.49,21.75,0.2464,212594.73,96429.09,309023.82,0.6880,持有
2025-02-11,1367.46,21.54,0.2436,210588.35,96429.09,307017.44,0.6859,持有
2025-02-12,1391.57,21.92,0.2528,214301.12,96429.09,310730.21,0.6897,持有
2025-02-13,1412.84,22.26,0.2630,217577.27,96429.09,314006.36,0.6929,持有
2025-02-14,1422.43,22.41,0.2686,219053.47,96429.09,315482.55,0.6943,持有
2025-02-17,1419.17,22.36,0.2675,218551.50,96429.09,314980.59,0.6939,持有
2025-02-18,1422.43,22.41,0.2688,219053.47,96429.09,315482.55,0.6943,持有
2025-02-19,1437.85,22.65,0.2744,221429.64,96429.09,317858.73,0.6966,持有
2025-02-20,1421.46,22.39,0.2681,218904.95,96429.09,315334.04,0.6942,持有
2025-02-21,1435.16,22.61,0.2742,221015.29,96429.09,317444.38,0.6962,持有
2025-02-24,1426.35,22.47,0.2709,219657.90,96429.09,316086.99,0.6949,持有
2025-02-25,1402.17,22.09,0.2570,215934.74,96429.09,312363.83,0.6913,持有
2025-02-26,1407.97,22.18,0.2599,216827.29,96429.09,313256.38,0.6922,持有
2025-02-27,1432.61,22.57,0.2739,220621.74,96429.09,317050.83,0.6959,持有
2025-02-28,1447.30,22.80,0.2782,222883.56,96429.09,319312.65,0.6980,持有
2025-03-03,1434.02,22.59,0.2746,220838.57,96429.09,317267.65,0.6961,持有
2025-03-04,1417.71,22.33,0.2661,218327.25,96429.09,314756.33,0.6936,持有
2025-03-05,1414.10,22.28,0.2634,217771.82,96429.09,314200.90,0.6931,持有
2025-03-06,1452.30,22.88,0.2803,223654.33,96429.09,320083.42,0.6987,持有
2025-03-07,1466.79,23.11,0.2881,225884.96,96429.09,322314.05,0.7008,持有
2025-03-10,1468.62,23.14,0.2893,226167.13,96429.09,322596.22,0.7011,持有
2025-03-11,1493.48,23.53,0.3081,229995.74,96429.09,326424.83,0.7046,持有
2025-03-12,1487.60,23.44,0.3043,229089.83,96429.09,325518.91,0.7038,持有
2025-03-13,1482.96,23.36,0.3004,228375.49,96429.09,324804.58,0.7031,持有
2025-03-14,1569.98,24.73,0.3500,241777.11,96429.09,338206.19,0.7149,持有
2025-03-17,1579.48,24.88,0.3563,243239.94,96429.09,339669.03,0.7161,持有
2025-03-18,1566.11,24.67,0.3484,241181.58,96429.09,337610.67,0.7144,持有
2025-03-19,1577.41,24.85,0.3548,242920.64,96429.09,339349.73,0.7158,持有
2025-03-20,1546.83,24.37,0.3423,238211.36,96429.09,334640.45,0.7118,持有
2025-03-21,1517.66,23.91,0.3236,233718.91,96429.09,330148.00,0.7079,持有
2025-03-24,1526.58,24.05,0.3314,235092.63,96429.09,331521.72,0.7091,持有
2025-03-25,1519.34,23.94,0.3251,233978.80,96429.09,330407.89,0.7082,持有
2025-03-26,1519.83,23.94,0.3258,234053.06,96429.09,330482.15,0.7082,持有
2025-03-27,1532.36,24.14,0.3354,235983.70,96429.09,332412.79,0.7099,持有
2025-03-28,1528.71,24.08,0.3337,235420.84,96429.09,331849.93,0.7094,持有
2025-03-31,1505.36,23.72,0.3140,231825.40,96429.09,328254.48,0.7062,持有
2025-04-01,1500.56,23.64,0.3115,231085.81,96429.09,327514.90,0.7056,持有
2025-04-02,1493.81,23.53,0.3079,230046.24,96429.09,326475.32,0.7046,持有
2025-04-03,1512.96,22.86,0.2785,232995.66,96429.09,329424.75,0.7073,持有
2025-04-07,1446.53,21.85,0.2481,222766.24,96429.09,319195.32,0.6979,持有
2025-04-08,1489.93,22.51,0.2709,229449.22,96429.09,325878.31,0.7041,持有
2025-04-09,1486.11,22.45,0.2697,228861.12,96429.09,325290.21,0.7036,持有
2025-04-10,1493.79,22.57,0.2729,230043.27,96429.09,326472.35,0.7046,持有
2025-04-11,1513.06,22.86,0.2795,233010.51,96429.09,329439.60,0.7073,持有
2025-04-14,1496.67,22.61,0.2749,230487.31,96429.09,326916.40,0.7050,持有
2025-04-15,1502.47,22.70,0.2759,231379.86,96429.09,327808.95,0.7058,持有
2025-04-16,1503.59,22.71,0.2763,231553.62,96429.09,327982.71,0.7060,持有
2025-04-17,1514.04,22.87,0.2805,233161.99,96429.09,329591.08,0.7074,持有
2025-04-18,1510.12,22.81,0.2791,232559.04,96429.09,328988.13,0.7069,持有
2025-04-21,1495.72,22.60,0.2740,230340.29,96429.09,326769.38,0.7049,持有
2025-04-22,1493.59,22.56,0.2720,230013.56,96429.09,326442.65,0.7046,持有
2025-04-23,1496.68,22.61,0.2752,230488.80,96429.09,326917.89,0.7050,持有
2025-04-24,1496.92,22.61,0.2754,230525.93,96429.09,326955.01,0.7051,持有
2025-04-25,1494.75,22.58,0.2731,230191.78,96429.09,326620.86,0.7048,持有
2025-04-28,1494.75,22.58,0.2731,230191.78,96429.09,326620.86,0.7048,持有
2025-04-29,1488.97,22.49,0.2695,229300.71,96429.09,325729.80,0.7040,持有
2025-04-30,1491.86,21.83,0.2465,229746.24,96429.09,326175.33,0.7044,持有
2025-05-06,1494.94,21.88,0.2483,230221.48,96429.09,326650.57,0.7048,持有
2025-05-07,1499.57,21.95,0.2514,230934.33,96429.09,327363.42,0.7054,持有
2025-05-08,1521.94,22.27,0.2615,234378.30,96429.09,330807.38,0.7085,持有
2025-05-09,1534.46,22.46,0.2697,236307.45,96429.09,332736.54,0.7102,持有
2025-05-12,1547.31,22.64,0.2774,238285.62,96429.09,334714.70,0.7119,持有
2025-05-13,1533.62,22.44,0.2693,236176.76,96429.09,332605.85,0.7101,持有
2025-05-14,1576.71,23.07,0.2903,242813.71,96429.09,339242.80,0.7158,持有
2025-05-15,1573.84,23.03,0.2886,242371.15,96429.09,338800.24,0.7154,持有
2025-05-16,1556.60,22.78,0.2800,239715.78,96429.09,336144.86,0.7131,持有
2025-05-19,1522.70,22.28,0.2623,234495.62,96429.09,330924.71,0.7086,持有
2025-05-20,1529.47,22.38,0.2663,235538.17,96429.09,331967.25,0.7095,持有
2025-05-21,1524.62,22.31,0.2635,234791.16,96429.09,331220.24,0.7089,持有
2025-05-22,1523.68,22.30,0.2627,234647.10,96429.09,331076.19,0.7087,持有
2025-05-23,1516.55,22.19,0.2575,233548.12,96429.09,329977.21,0.7078,持有
2025-05-26,1495.23,21.88,0.2479,230266.03,96429.09,326695.12,0.7048,持有
2025-05-27,1488.87,21.79,0.2433,229285.86,96429.09,325714.95,0.7039,持有
2025-05-28,1482.22,21.69,0.2419,228261.14,96429.09,324690.22,0.7030,持有
2025-05-29,1485.11,21.73,0.2421,228706.67,96429.09,325135.76,0.7034,持有
2025-05-30,1467.75,21.48,0.2383,226033.47,96429.09,322462.56,0.7010,持有
2025-06-03,1455.21,21.30,0.2361,224102.83,96429.09,320531.92,0.6992,持有
2025-06-04,1456.14,21.31,0.2363,224245.40,96429.09,320674.49,0.6993,持有
2025-06-05,1460.03,21.37,0.2368,224845.39,96429.09,321274.47,0.6999,持有
2025-06-06,1452.70,21.26,0.2359,223715.22,96429.09,320144.31,0.6988,持有
2025-06-09,1433.14,20.97,0.2351,220703.42,96429.09,317132.51,0.6959,持有
2025-06-10,1422.43,20.82,0.2337,219054.95,96429.09,315484.04,0.6943,持有
2025-06-11,1427.25,20.89,0.2347,219796.02,96429.09,316225.11,0.6951,持有
2025-06-12,1407.00,20.59,0.2327,216677.29,96429.09,313106.38,0.6920,持有
2025-06-13,1376.09,20.14,0.2295,211917.52,96429.09,308346.61,0.6873,持有
2025-06-16,1371.59,20.07,0.2281,211225.46,96429.09,307654.55,0.6866,持有
2025-06-17,1376.14,20.14,0.2299,211924.95,96429.09,308354.03,0.6873,持有
2025-06-18,1374.21,20.11,0.2291,211627.92,96429.09,308057.01,0.6870,持有
2025-06-19,1375.17,20.13,0.2293,211776.44,96429.09,308205.52,0.6871,持有
2025-06-20,1377.74,20.16,0.2308,212171.47,96429.09,308600.56,0.6875,持有
2025-06-23,1369.39,20.04,0.2273,210885.37,96429.09,307314.46,0.6862,持有
2025-06-24,1385.97,20.28,0.2320,213439.76,96429.09,309868.84,0.6888,持有
2025-06-25,1384.68,20.26,0.2319,213240.75,96429.09,309669.84,0.6886,持有
2025-06-26,1396.22,20.04,0.2271,215018.42,96429.09,311447.51,0.6904,持有
2025-06-27,1379.60,19.80,0.2244,212457.89,96429.09,308886.97,0.6878,持有
2025-06-30,1385.92,19.89,0.2262,213431.53,96429.09,309860.61,0.6888,持有
2025-07-01,1381.57,19.83,0.2248,212762.24,96429.09,309191.33,0.6881,持有
2025-07-02,1386.00,19.89,0.2266,213443.64,96429.09,309872.73,0.6888,持有
2025-07-03,1391.90,19.98,0.2276,214352.17,96429.09,310781.26,0.6897,持有
2025-07-04,1398.41,20.07,0.2291,215354.58,96429.09,311783.66,0.6907,持有
2025-07-07,1387.08,19.91,0.2272,213610.20,96429.09,310039.29,0.6890,持有
2025-07-08,1392.40,19.99,0.2279,214429.39,96429.09,310858.48,0.6898,持有
2025-07-09,1395.12,20.02,0.2284,214848.83,96429.09,311277.92,0.6902,持有
2025-07-10,1402.61,20.13,0.2318,216002.66,96429.09,312431.75,0.6914,持有
2025-07-11,1403.11,20.14,0.2325,216078.37,96429.09,312507.46,0.6914,持有
2025-07-14,1399.76,20.09,0.2306,215563.54,96429.09,311992.63,0.6909,持有
2025-07-15,1387.37,19.91,0.2271,213655.63,96429.09,310084.72,0.6890,持有
2025-07-16,1387.40,19.91,0.2273,213660.17,96429.09,310089.26,0.6890,持有
2025-07-17,1392.63,19.99,0.2283,214465.73,96429.09,310894.82,0.6898,持有
2025-07-18,1412.94,20.28,0.2354,217592.59,96429.09,314021.67,0.6929,持有
2025-07-21,1418.84,20.36,0.2366,218501.11,96429.09,314930.20,0.6938,持有
2025-07-22,1440.45,20.68,0.2384,221829.36,96429.09,318258.45,0.6970,持有
2025-07-23,1450.79,20.82,0.2397,223422.31,96429.09,319851.40,0.6985,持有
2025-07-24,1466.53,21.05,0.2425,225845.05,96429.09,322274.14,0.7008,持有
2025-07-25,1430.64,20.53,0.2377,220318.17,96429.09,316747.26,0.6956,持有
2025-07-28,1414.57,20.30,0.2355,217843.95,96429.09,314273.03,0.6932,持有
2025-07-29,1414.91,20.31,0.2357,217895.43,96429.09,314324.52,0.6932,持有
2025-07-30,1425.17,20.46,0.2378,219476.27,96429.09,315905.36,0.6948,持有
2025-07-31,1397.87,20.06,0.2293,215271.30,96429.09,311700.38,0.6906,持有
2025-08-01,1393.27,20.00,0.2282,214564.16,96429.09,310993.25,0.6899,持有
2025-08-04,1395.24,20.03,0.2286,214867.00,96429.09,311296.09,0.6902,持有
2025-08-05,1403.83,20.15,0.2341,216190.42,96429.09,312619.51,0.6915,持有
2025-08-06,1400.04,20.10,0.2314,215605.94,96429.09,312035.02,0.6910,持有
2025-08-07,1398.53,20.07,0.2306,215374.26,96429.09,311803.35,0.6907,持有
2025-08-08,1397.18,20.05,0.2292,215165.30,96429.09,311594.39,0.6905,持有
2025-08-11,1420.80,20.39,0.2386,218803.96,96429.09,315233.04,0.6941,持有
2025-08-12,1412.98,20.28,0.2364,217598.64,96429.09,314027.73,0.6929,持有
2025-08-13,1396.27,19.83,0.2232,215025.99,96429.09,311455.08,0.6904,持有
2025-08-14,1403.10,19.93,0.2269,216076.86,96429.09,312505.95,0.6914,持有
2025-08-15,1398.27,19.86,0.2247,215333.38,96429.09,311762.47,0.6907,持有
2025-08-18,1404.58,19.95,0.2273,216305.50,96429.09,312734.59,0.6917,持有
2025-08-19,1413.92,20.09,0.2322,217744.01,96429.09,314173.10,0.6931,持有
2025-08-20,1425.72,20.25,0.2368,219561.06,96429.09,315990.15,0.6948,持有
2025-08-21,1424.00,20.23,0.2365,219296.08,96429.09,315725.16,0.6946,持有
2025-08-22,1439.44,20.45,0.2406,221673.39,96429.09,318102.48,0.6969,持有
2025-08-25,1465.38,20.82,0.2435,225667.89,96429.09,322096.98,0.7006,持有
2025-08-26,1456.80,20.69,0.2431,224347.50,96429.09,320776.58,0.6994,持有
2025-08-27,1423.75,20.23,0.2363,219258.22,96429.09,315687.31,0.6945,持有
2025-08-28,1421.89,20.20,0.2357,218970.52,96429.09,315399.61,0.6943,持有
2025-08-29,1455.22,20.67,0.2427,224103.71,96429.09,320532.79,0.6992,持有
2025-09-01,1451.38,20.55,0.2421,223513.16,96429.09,319942.25,0.6986,持有
2025-09-02,1466.33,20.77,0.2444,225814.77,96429.09,322243.86,0.7008,持有
2025-09-03,1455.76,20.62,0.2427,224186.99,96429.09,320616.08,0.6992,持有
2025-09-04,1448.00,20.51,0.2414,222992.27,96429.09,319421.36,0.6981,持有
2025-09-05,1458.17,20.65,0.2431,224557.97,96429.09,320987.06,0.6996,持有
2025-09-08,1476.09,20.90,0.2470,227318.38,96429.09,323747.47,0.7021,持有
2025-09-09,1479.80,20.96,0.2475,227889.24,96429.09,324318.33,0.7027,持有
2025-09-10,1496.53,21.19,0.2492,230464.92,96429.09,326894.01,0.7050,持有
2025-09-11,1497.99,21.21,0.2494,230690.54,96429.09,327119.63,0.7052,持有
2025-09-12,1490.62,21.11,0.2491,229554.88,96429.09,325983.97,0.7042,持有
2025-09-15,1489.73,21.10,0.2490,229418.60,96429.09,325847.69,0.7041,持有
2025-09-16,1474.86,20.89,0.2464,227129.11,96429.09,323558.19,0.7020,持有
2025-09-17,1468.00,20.79,0.2447,226072.19,96429.09,322501.27,0.7010,持有
2025-09-18,1443.38,20.44,0.2397,222280.59,96429.09,318709.68,0.6974,持有
2025-09-19,1443.39,20.44,0.2399,222282.11,96429.09,318711.20,0.6974,持有
2025-09-22,1429.02,20.24,0.2359,220068.33,96429.09,316497.41,0.6953,持有
2025-09-23,1423.18,20.15,0.2343,219170.40,96429.09,315599.48,0.6945,持有
2025-09-24,1417.86,20.08,0.2303,218349.69,96429.09,314778.78,0.6937,持有
2025-09-25,1414.91,20.04,0.2277,217895.43,96429.09,314324.52,0.6932,持有
2025-09-26,1410.97,19.98,0.2261,217289.74,96429.09,313718.83,0.6926,持有
2025-09-29,1436.40,20.34,0.2390,221205.50,96429.09,317634.59,0.6964,持有
2025-09-30,1419.81,20.11,0.2322,218651.02,96429.09,315080.11,0.6940,持有
2025-10-09,1412.72,20.01,0.2272,217559.27,96429.09,313988.36,0.6929,持有
2025-10-10,1406.06,19.91,0.2243,216532.64,96429.09,312961.72,0.6919,持有
2025-10-13,1395.44,19.76,0.2195,214897.28,96429.09,311326.37,0.6903,持有
2025-10-14,1426.72,20.20,0.2366,219715.51,96429.09,316144.60,0.6950,持有
2025-10-15,1437.52,20.36,0.2405,221378.12,96429.09,317807.21,0.6966,持有
2025-10-16,1460.05,20.68,0.2464,224847.19,96429.09,321276.27,0.6999,持有
2025-10-17,1430.64,20.26,0.2383,220318.17,96429.09,316747.26,0.6956,持有
2025-10-20,1433.52,20.30,0.2395,220761.84,96429.09,317190.92,0.6960,持有
2025-10-21,1437.78,20.36,0.2410,221417.49,96429.09,317846.58,0.6966,持有
2025-10-22,1434.28,20.31,0.2401,220878.43,96429.09,317307.52,0.6961,持有
2025-10-23,1443.40,20.44,0.2432,222283.62,96429.09,318712.71,0.6974,持有
2025-10-24,1425.72,20.19,0.2356,219561.06,96429.09,315990.15,0.6948,持有
2025-10-27,1416.29,20.06,0.2288,218108.93,96429.09,314538.02,0.6934,持有
2025-10-28,1420.80,20.12,0.2329,218803.96,96429.09,315233.04,0.6941,持有
2025-10-29,1407.92,19.94,0.2251,216820.34,96429.09,313249.42,0.6922,持有
2025-10-30,1402.85,19.85,0.2216,216039.00,96429.09,312468.09,0.6914,持有
2025-10-31,1406.07,19.89,0.2226,216534.15,96429.09,312963.24,0.6919,持有
2025-11-03,1410.97,19.96,0.2259,217289.74,96429.09,313718.83,0.6926,持有
2025-11-04,1405.07,19.88,0.2225,216381.21,96429.09,312810.30,0.6917,持有
2025-11-05,1396.30,19.75,0.2183,215030.54,96429.09,311459.62,0.6904,持有
2025-11-06,1411.10,19.96,0.2265,217309.43,96429.09,313738.52,0.6926,持有
2025-11-07,1409.33,19.94,0.2257,217036.87,96429.09,313465.96,0.6924,持有
2025-11-10,1437.82,20.34,0.2424,221423.55,96429.09,317852.64,0.6966,持有
2025-11-11,1434.56,20.29,0.2413,220922.34,96429.09,317351.43,0.6961,持有
2025-11-12,1440.62,20.38,0.2449,221855.10,96429.09,318284.19,0.6970,持有
2025-11-13,1445.76,20.45,0.2466,222647.03,96429.09,319076.12,0.6978,持有
2025-11-14,1432.21,20.26,0.2401,220560.45,96429.09,316989.53,0.6958,持有
2025-11-17,1446.37,20.46,0.2475,222740.91,96429.09,319170.00,0.6979,持有
2025-11-18,1451.29,20.53,0.2483,223498.02,96429.09,319927.11,0.6986,持有
2025-11-19,1446.38,20.46,0.2477,222742.43,96429.09,319171.52,0.6979,持有
2025-11-20,1442.54,20.41,0.2453,222151.89,96429.09,318580.97,0.6973,持有
2025-11-21,1442.04,20.40,0.2452,222074.66,96429.09,318503.75,0.6972,持有
2025-11-24,1427.69,20.20,0.2372,219863.91,96429.09,316292.99,0.6951,持有
2025-11-25,1420.46,20.09,0.2327,218750.96,96429.09,315180.05,0.6941,持有
2025-11-26,1424.89,20.16,0.2368,219432.36,96429.09,315861.44,0.6947,持有
2025-11-27,1423.07,20.13,0.2347,219152.23,96429.09,315581.31,0.6944,持有
2025-11-28,1426.21,20.18,0.2374,219636.78,96429.09,316065.86,0.6949,持有
2025-12-01,1423.75,20.14,0.2361,219258.22,96429.09,315687.31,0.6945,持有
