日期,收盘价,估值指标,估值分位点,持仓市值,现金,总资产,仓位比例,信号
2015-01-05,10.61,21.56,0.3699,0.00,100000.00,100000.00,0.0000,买入(补至30%)
2015-01-06,10.66,21.65,0.3766,30111.28,70280.25,100391.53,0.2999,持有
2015-01-07,10.33,20.99,0.3272,29194.24,70280.25,99474.49,0.2935,买入(补至50%)
2015-01-08,10.21,20.75,0.3164,49164.95,49791.65,98956.59,0.4968,持有
2015-01-09,10.04,20.39,0.3039,48323.79,49791.65,98115.43,0.4925,持有
2015-01-12,10.05,20.41,0.3062,48358.12,49791.65,98149.77,0.4927,持有
2015-01-13,10.11,20.55,0.3103,48684.28,49791.65,98475.93,0.4944,持有
2015-01-14,9.82,19.95,0.2672,47259.46,49791.65,97051.11,0.4870,持有
2015-01-15,9.91,20.13,0.2810,47705.79,49791.65,97497.44,0.4893,持有
2015-01-16,10.00,20.31,0.2921,48134.95,49791.65,97926.60,0.4915,持有
2015-01-19,9.41,19.13,0.2003,45319.64,49791.65,95111.29,0.4765,买入(补至80%)
2015-01-20,9.66,19.63,0.2419,78073.62,18756.67,96830.29,0.8063,持有
2015-01-21,9.92,20.15,0.2843,80148.67,18756.67,98905.34,0.8104,持有
2015-01-22,9.90,20.12,0.2815,80033.39,18756.67,98790.06,0.8101,持有
2015-01-23,9.86,20.04,0.2795,79716.37,18756.67,98473.04,0.8095,持有
2015-01-26,10.18,20.68,0.3183,82281.35,18756.67,101038.03,0.8144,持有
2015-01-27,10.05,20.42,0.3120,81243.83,18756.67,100000.50,0.8124,持有
2015-01-28,9.90,20.10,0.2814,79975.75,18756.67,98732.42,0.8100,持有
2015-01-29,9.74,19.79,0.2543,78707.66,18756.67,97464.33,0.8076,持有
2015-01-30,9.74,19.78,0.2541,78678.84,18756.67,97435.51,0.8075,持有
2015-02-02,9.54,19.39,0.2211,77122.56,18756.67,95879.23,0.8044,持有
2015-02-03,9.70,19.71,0.2494,78390.64,18756.67,97147.31,0.8069,持有
2015-02-04,9.74,19.79,0.2560,78707.66,18756.67,97464.33,0.8076,持有
2015-02-05,9.63,19.57,0.2377,77843.06,18756.67,96599.73,0.8058,持有
2015-02-06,9.54,19.39,0.2203,77122.56,18756.67,95879.23,0.8044,持有
2015-02-09,9.80,19.92,0.2674,79226.42,18756.67,97983.10,0.8086,持有
2015-02-10,9.85,20.02,0.2801,79629.91,18756.67,98386.58,0.8094,持有
2015-02-11,9.80,19.92,0.2670,79226.42,18756.67,97983.10,0.8086,持有
2015-02-12,10.05,20.41,0.3165,81186.19,18756.67,99942.86,0.8123,持有
2015-02-13,10.12,20.56,0.3239,81791.41,18756.67,100548.08,0.8135,持有
2015-02-16,10.11,20.54,0.3219,81704.95,18756.67,100461.62,0.8133,持有
2015-02-17,10.08,20.49,0.3216,81503.21,18756.67,100259.88,0.8129,持有
2015-02-25,9.98,20.29,0.2991,80696.25,18756.67,99452.92,0.8114,持有
2015-02-26,10.17,20.67,0.3279,82223.71,18756.67,100980.39,0.8143,持有
2015-02-27,10.07,20.46,0.3191,81387.93,18756.67,100144.60,0.8127,持有
2015-03-02,9.98,20.29,0.2984,80696.25,18756.67,99452.92,0.8114,持有
2015-03-03,9.83,19.97,0.2751,79428.16,18756.67,98184.84,0.8090,持有
2015-03-04,9.91,20.13,0.2877,80062.21,18756.67,98818.88,0.8102,持有
2015-03-05,9.71,19.73,0.2500,78477.10,18756.67,97233.77,0.8071,持有
2015-03-06,9.71,19.74,0.2515,78505.92,18756.67,97262.59,0.8072,持有
2015-03-09,9.78,19.88,0.2640,79082.32,18756.67,97839.00,0.8083,持有
2015-03-10,9.71,19.74,0.2511,78505.92,18756.67,97262.59,0.8072,持有
2015-03-11,9.69,19.69,0.2441,78333.00,18756.67,97089.67,0.8068,持有
2015-03-12,9.81,19.92,0.2693,79255.24,18756.67,98011.92,0.8086,持有
2015-03-13,9.79,19.89,0.2657,79139.96,18756.67,97896.64,0.8084,持有
2015-03-16,10.02,20.36,0.3153,80984.45,18756.67,99741.12,0.8119,持有
2015-03-17,10.12,20.57,0.3328,81820.23,18756.67,100576.90,0.8135,持有
2015-03-18,10.28,20.88,0.3460,83059.50,18756.67,101816.17,0.8158,持有
2015-03-19,10.18,20.69,0.3364,82310.17,18756.67,101066.85,0.8144,持有
2015-03-20,10.50,21.34,0.3766,84875.16,18756.67,103631.83,0.8190,持有
2015-03-23,10.90,22.15,0.4175,88103.01,18756.67,106859.68,0.8245,持有
2015-03-24,10.68,21.71,0.4062,86344.99,18756.67,105101.66,0.8215,持有
2015-03-25,10.84,22.02,0.4160,87584.25,18756.67,106340.92,0.8236,持有
2015-03-26,11.21,22.77,0.4282,90581.54,18756.67,109338.21,0.8285,持有
2015-03-27,11.09,22.53,0.4253,89630.48,18756.67,108387.15,0.8269,持有
2015-03-30,11.18,22.72,0.4283,90379.80,18756.67,109136.47,0.8281,持有
2015-03-31,11.00,22.35,0.4221,88909.97,18756.67,107666.65,0.8258,持有
2015-04-01,11.21,22.78,0.4301,90610.36,18756.67,109367.03,0.8285,持有
2015-04-02,11.19,22.73,0.4289,90437.44,18756.67,109194.11,0.8282,持有
2015-04-03,11.18,22.71,0.4277,90350.98,18756.67,109107.65,0.8281,持有
2015-04-07,11.59,23.54,0.4399,93636.47,18756.67,112393.14,0.8331,持有
2015-04-08,11.71,23.80,0.4420,94673.99,18756.67,113430.66,0.8346,持有
2015-04-09,11.47,23.31,0.4375,92714.23,18756.67,111470.90,0.8317,持有
2015-04-10,11.89,24.15,0.4446,96057.36,18756.67,114814.03,0.8366,持有
2015-04-13,11.99,24.36,0.4534,96893.14,18756.67,115649.81,0.8378,持有
2015-04-14,12.06,24.50,0.4564,97469.54,18756.67,116226.21,0.8386,持有
2015-04-15,11.79,23.94,0.4427,95250.39,18756.67,114007.07,0.8355,持有
2015-04-16,12.66,25.73,0.4921,102340.14,18756.67,121096.81,0.8451,持有
2015-04-17,12.62,25.64,0.4900,101994.29,18756.67,120750.97,0.8447,持有
2015-04-20,12.78,25.96,0.5021,103262.38,18756.67,122019.05,0.8463,持有
2015-04-21,13.59,27.62,0.5546,109862.18,18756.67,128618.85,0.8542,持有
2015-04-22,13.62,27.68,0.5575,110092.74,18756.67,128849.41,0.8544,持有
2015-04-23,13.56,27.56,0.5479,109631.62,18756.67,128388.29,0.8539,持有
2015-04-24,13.73,27.89,0.5690,110957.34,18756.67,129714.01,0.8554,持有
2015-04-27,13.80,27.18,0.5388,111504.92,18756.67,130261.60,0.8560,持有
2015-04-28,13.13,25.86,0.4955,106115.57,18756.67,124872.24,0.8498,持有
2015-04-29,13.13,25.86,0.4951,106115.57,18756.67,124872.24,0.8498,持有
2015-04-30,13.00,25.61,0.4856,105078.04,18756.67,123834.72,0.8485,持有
2015-05-04,13.15,25.90,0.4992,106288.49,18756.67,125045.16,0.8500,持有
2015-05-05,12.72,25.06,0.4692,102830.08,18756.67,121586.75,0.8457,持有
2015-05-06,12.82,25.25,0.4729,103608.22,18756.67,122364.89,0.8467,持有
2015-05-07,12.93,25.47,0.4791,104501.64,18756.67,123258.31,0.8478,持有
2015-05-08,13.07,25.74,0.4918,105625.63,18756.67,124382.30,0.8492,持有
2015-05-11,13.13,25.87,0.4980,106144.39,18756.67,124901.06,0.8498,持有
2015-05-12,13.04,25.69,0.4885,105395.06,18756.67,124151.74,0.8489,持有
2015-05-13,13.29,26.18,0.5110,107441.29,18756.67,126197.96,0.8514,持有
2015-05-14,13.13,25.85,0.4959,106086.75,18756.67,124843.42,0.8498,持有
2015-05-15,12.74,25.10,0.4669,103003.00,18756.67,121759.67,0.8460,持有
2015-05-18,12.50,24.62,0.4535,101014.41,18756.67,119771.08,0.8434,持有
2015-05-19,12.83,25.26,0.4727,103665.86,18756.67,122422.53,0.8468,持有
2015-05-20,13.07,25.74,0.4919,105625.63,18756.67,124382.30,0.8492,持有
2015-05-21,13.52,26.63,0.5297,109256.96,18756.67,128013.63,0.8535,持有
2015-05-22,14.15,27.88,0.5748,114386.93,18756.67,133143.60,0.8591,持有
2015-05-25,15.57,30.67,0.6499,125828.51,18756.67,144585.18,0.8703,持有
2015-05-26,15.75,31.02,0.6567,127269.51,18756.67,146026.18,0.8716,持有
2015-05-27,15.54,30.61,0.6472,125597.95,18756.67,144354.62,0.8701,持有
2015-05-28,15.34,29.65,0.6191,123953.85,18756.67,142710.53,0.8686,持有
2015-05-29,14.64,28.31,0.5887,118316.92,18756.67,137073.59,0.8632,持有
2015-06-01,15.09,29.18,0.6125,121957.44,18756.67,140714.11,0.8667,持有
2015-06-02,15.24,29.47,0.6160,123190.52,18756.67,141947.19,0.8679,持有
2015-06-03,14.68,28.38,0.5905,118610.51,18756.67,137367.18,0.8635,持有
2015-06-04,14.52,28.07,0.5795,117318.71,18756.67,136075.38,0.8622,持有
2015-06-05,14.55,28.12,0.5806,117553.58,18756.67,136310.26,0.8624,持有
2015-06-08,14.86,28.74,0.6027,120137.18,18756.67,138893.85,0.8650,持有
2015-06-09,15.76,30.47,0.6457,127359.50,18756.67,146116.17,0.8716,持有
2015-06-10,15.48,29.92,0.6291,125069.50,18756.67,143826.17,0.8696,持有
2015-06-11,15.43,29.84,0.6254,124717.19,18756.67,143473.86,0.8693,持有
2015-06-12,15.42,29.82,0.6241,124658.47,18756.67,143415.14,0.8692,持有
2015-06-15,14.77,28.56,0.5947,119373.84,18756.67,138130.52,0.8642,持有
2015-06-16,14.76,28.54,0.5934,119315.13,18756.67,138071.80,0.8642,持有
2015-06-17,14.57,28.18,0.5817,117788.46,18756.67,136545.13,0.8626,持有
2015-06-18,13.84,26.76,0.5276,111857.93,18756.67,130614.60,0.8564,持有
2015-06-19,12.99,25.12,0.4592,104987.92,18756.67,123744.59,0.8484,持有
2015-06-23,13.92,26.92,0.5324,112503.83,18756.67,131260.50,0.8571,持有
2015-06-24,14.32,27.69,0.5567,115733.32,18756.67,134490.00,0.8605,持有
2015-06-25,13.62,26.33,0.5108,110037.67,18756.67,128794.34,0.8544,持有
2015-06-26,12.80,24.75,0.4490,103461.25,18756.67,122217.92,0.8465,持有
2015-06-29,12.63,24.43,0.4367,102110.73,18756.67,120867.40,0.8448,持有
2015-06-30,13.73,26.55,0.5199,110977.16,18756.67,129733.83,0.8554,持有
2015-07-01,13.08,25.29,0.4646,105692.53,18756.67,124449.21,0.8493,持有
2015-07-02,12.86,24.86,0.4515,103930.99,18756.67,122687.66,0.8471,持有
2015-07-03,12.39,23.97,0.4249,100173.03,18756.67,118929.71,0.8423,持有
2015-07-06,13.21,25.54,0.4754,106749.46,18756.67,125506.13,0.8506,持有
2015-07-07,12.72,24.60,0.4417,102815.35,18756.67,121572.02,0.8457,持有
2015-07-08,11.97,23.15,0.4128,96767.39,18756.67,115524.06,0.8376,持有
2015-07-09,13.17,25.47,0.4711,106455.87,18756.67,125212.54,0.8502,持有
2015-07-10,14.47,27.98,0.5752,116966.40,18756.67,135723.08,0.8618,持有
2015-07-13,14.32,27.69,0.5597,115733.32,18756.67,134490.00,0.8605,持有
2015-07-14,13.47,26.04,0.5024,108863.31,18756.67,127619.98,0.8530,持有
2015-07-15,13.64,26.38,0.5193,110272.54,18756.67,129029.21,0.8546,持有
2015-07-16,13.43,25.97,0.4992,108569.72,18756.67,127326.39,0.8527,持有
2015-07-17,13.80,26.68,0.5264,111505.62,18756.67,130262.29,0.8560,持有
2015-07-20,13.59,26.27,0.5102,109802.80,18756.67,128559.47,0.8541,持有
2015-07-21,13.39,25.89,0.4925,108217.41,18756.67,126974.08,0.8523,持有
2015-07-22,13.51,26.13,0.5047,109215.62,18756.67,127972.29,0.8534,持有
2015-07-23,13.54,26.17,0.5059,109391.77,18756.67,128148.44,0.8536,持有
2015-07-24,13.60,26.30,0.5126,109920.23,18756.67,128676.91,0.8542,持有
2015-07-27,12.29,23.77,0.4173,99350.98,18756.67,118107.65,0.8412,持有
2015-07-28,12.38,23.94,0.4193,100055.60,18756.67,118812.27,0.8421,持有
2015-07-29,12.66,24.47,0.4338,102286.88,18756.67,121043.56,0.8450,持有
2015-07-30,12.29,23.75,0.4163,99292.26,18756.67,118048.94,0.8411,持有
2015-07-31,12.54,24.25,0.4277,101347.40,18756.67,120104.07,0.8438,持有
2015-08-03,12.90,24.93,0.4516,104224.58,18756.67,122981.25,0.8475,持有
2015-08-04,13.07,25.27,0.4637,105633.81,18756.67,124390.49,0.8492,持有
2015-08-05,12.69,24.54,0.4376,102580.47,18756.67,121337.15,0.8454,持有
2015-08-06,12.55,24.26,0.4271,101406.11,18756.67,120162.79,0.8439,持有
2015-08-07,12.72,24.60,0.4400,102815.35,18756.67,121572.02,0.8457,持有
2015-08-10,13.19,25.50,0.4747,106573.30,18756.67,125329.98,0.8503,持有
2015-08-11,13.01,25.16,0.4611,105164.07,18756.67,123920.74,0.8486,持有
2015-08-12,12.81,24.77,0.4476,103519.96,18756.67,122276.64,0.8466,持有
2015-08-13,12.87,24.88,0.4511,103989.71,18756.67,122746.38,0.8472,持有
2015-08-14,12.91,24.96,0.4531,104342.02,18756.67,123098.69,0.8476,持有
2015-08-17,13.40,25.92,0.5000,108334.85,18756.67,127091.52,0.8524,持有
2015-08-18,12.38,23.94,0.4152,100055.60,18756.67,118812.27,0.8421,持有
2015-08-19,12.60,24.36,0.4296,101817.14,18756.67,120573.81,0.8444,持有
2015-08-20,12.23,23.66,0.4099,98881.24,18756.67,117637.91,0.8406,持有
2015-08-21,11.77,22.76,0.3980,95123.28,18756.67,113879.95,0.8353,持有
2015-08-24,10.59,20.48,0.3004,85610.95,18756.67,104367.62,0.8203,持有
2015-08-25,9.98,19.29,0.1898,80619.92,18756.67,99376.59,0.8113,持有
2015-08-26,10.58,20.45,0.2976,85493.52,18756.67,104250.19,0.8201,持有
2015-08-27,11.43,22.10,0.3852,92363.53,18756.67,111120.20,0.8312,持有
2015-08-28,11.57,22.38,0.3934,93537.89,18756.67,112294.56,0.8330,持有
2015-08-31,11.70,21.87,0.3815,94594.82,18756.67,113351.49,0.8345,持有
2015-09-01,11.76,21.98,0.3828,95064.56,18756.67,113821.23,0.8352,持有
2015-09-02,11.62,21.73,0.3748,93948.92,18756.67,112705.59,0.8336,持有
2015-09-07,10.98,20.52,0.3016,88723.01,18756.67,107479.68,0.8255,持有
2015-09-08,11.20,20.94,0.3229,90543.27,18756.67,109299.94,0.8284,持有
2015-09-09,11.34,21.20,0.3387,91658.91,18756.67,110415.59,0.8301,持有
2015-09-10,11.47,21.44,0.3545,92715.84,18756.67,111472.51,0.8317,持有
2015-09-11,11.41,21.32,0.3443,92187.38,18756.67,110944.05,0.8309,持有
2015-09-14,11.35,21.21,0.3402,91717.63,18756.67,110474.30,0.8302,持有
2015-09-15,11.14,20.83,0.3170,90073.53,18756.67,108830.20,0.8277,持有
2015-09-16,11.67,21.81,0.3824,94301.23,18756.67,113057.90,0.8341,持有
2015-09-17,11.29,21.10,0.3303,91247.89,18756.67,110004.56,0.8295,持有
2015-09-18,11.44,21.39,0.3537,92480.97,18756.67,111237.64,0.8314,持有
2015-09-21,11.61,21.70,0.3770,93831.48,18756.67,112588.15,0.8334,持有
2015-09-22,11.57,21.63,0.3721,93537.89,18756.67,112294.56,0.8330,持有
2015-09-23,11.40,21.30,0.3430,92128.66,18756.67,110885.33,0.8308,持有
2015-09-24,11.43,21.36,0.3495,92363.53,18756.67,111120.20,0.8312,持有
2015-09-25,11.19,20.91,0.3189,90425.83,18756.67,109182.51,0.8282,持有
2015-09-28,11.20,20.94,0.3209,90543.27,18756.67,109299.94,0.8284,持有
2015-09-29,11.09,20.73,0.3086,89662.50,18756.67,108419.17,0.8270,持有
2015-09-30,11.17,20.88,0.3167,90308.40,18756.67,109065.07,0.8280,持有
2015-10-08,11.52,21.54,0.3671,93126.87,18756.67,111883.54,0.8324,持有
2015-10-09,11.52,21.54,0.3669,93126.87,18756.67,111883.54,0.8324,持有
2015-10-12,11.74,21.94,0.3923,94888.41,18756.67,113645.08,0.8350,持有
2015-10-13,11.84,22.12,0.3965,95651.74,18756.67,114408.41,0.8361,持有
2015-10-14,11.62,21.71,0.3819,93890.20,18756.67,112646.87,0.8335,持有
2015-10-15,11.75,21.96,0.3929,94947.13,18756.67,113703.80,0.8350,持有
2015-10-16,11.82,22.09,0.3964,95534.31,18756.67,114290.98,0.8359,持有
2015-10-19,11.97,22.38,0.4059,96767.39,18756.67,115524.06,0.8376,持有
2015-10-20,11.70,21.87,0.3898,94594.82,18756.67,113351.49,0.8345,持有
2015-10-21,11.21,20.95,0.3211,90601.99,18756.67,109358.66,0.8285,持有
2015-10-22,11.28,21.07,0.3291,91130.45,18756.67,109887.12,0.8293,持有
2015-10-23,11.38,21.28,0.3431,92011.22,18756.67,110767.89,0.8307,持有
2015-10-26,11.46,21.41,0.3563,92598.40,18756.67,111355.07,0.8316,持有
2015-10-27,11.36,21.22,0.3403,91776.35,18756.67,110533.02,0.8303,持有
2015-10-28,11.14,20.83,0.3116,90073.53,18756.67,108830.20,0.8277,持有
2015-10-29,11.30,21.13,0.3301,91365.32,18756.67,110122.00,0.8297,持有
2015-10-30,11.57,21.63,0.3770,93537.89,18756.67,112294.56,0.8330,持有
2015-11-02,11.12,22.20,0.4043,89838.65,18756.67,108595.33,0.8273,持有
2015-11-03,11.02,21.78,0.3898,89075.32,18756.67,107831.99,0.8261,持有
2015-11-04,11.37,22.47,0.4127,91893.79,18756.67,110650.46,0.8305,持有
2015-11-05,11.57,22.86,0.4206,93479.17,18756.67,112235.85,0.8329,持有
2015-11-06,11.63,22.99,0.4210,94007.64,18756.67,112764.31,0.8337,持有
2015-11-09,11.77,23.26,0.4274,95123.28,18756.67,113879.95,0.8353,持有
2015-11-10,11.61,22.95,0.4204,93831.48,18756.67,112588.15,0.8334,持有
2015-11-11,11.54,22.82,0.4193,93303.02,18756.67,112059.69,0.8326,持有
2015-11-12,11.64,23.00,0.4220,94066.35,18756.67,112823.03,0.8338,持有
2015-11-13,11.34,22.42,0.4105,91658.91,18756.67,110415.59,0.8301,持有
2015-11-16,11.35,22.43,0.4110,91717.63,18756.67,110474.30,0.8302,持有
2015-11-17,11.42,22.57,0.4136,92304.81,18756.67,111061.48,0.8311,持有
2015-11-18,11.28,22.30,0.4030,91189.17,18756.67,109945.84,0.8294,持有
2015-11-19,11.34,22.42,0.4101,91658.91,18756.67,110415.59,0.8301,持有
2015-11-20,11.33,22.40,0.4090,91600.20,18756.67,110356.87,0.8300,持有
2015-11-23,11.25,22.23,0.4013,90895.58,18756.67,109652.25,0.8289,持有
2015-11-24,11.21,22.16,0.3996,90601.99,18756.67,109358.66,0.8285,持有
2015-11-25,11.20,22.13,0.3978,90484.55,18756.67,109241.22,0.8283,持有
2015-11-26,11.25,22.23,0.4019,90895.58,18756.67,109652.25,0.8289,持有
2015-11-27,10.84,21.42,0.3537,87607.37,18756.67,106364.04,0.8237,持有
2015-11-30,10.72,21.18,0.3306,86609.16,18756.67,105365.83,0.8220,持有
2015-12-01,10.76,21.27,0.3385,86961.47,18756.67,105718.14,0.8226,持有
2015-12-02,11.18,22.10,0.3978,90367.12,18756.67,109123.79,0.8281,持有
2015-12-03,11.14,22.03,0.3960,90073.53,18756.67,108830.20,0.8277,持有
2015-12-04,10.96,21.65,0.3752,88546.86,18756.67,107303.53,0.8252,持有
2015-12-07,11.01,21.75,0.3844,88957.88,18756.67,107714.55,0.8259,持有
2015-12-08,10.77,21.30,0.3394,87078.90,18756.67,105835.58,0.8228,持有
2015-12-09,10.75,21.25,0.3370,86902.75,18756.67,105659.42,0.8225,持有
2015-12-10,10.70,21.15,0.3250,86491.72,18756.67,105248.40,0.8218,持有
2015-12-11,10.61,20.96,0.3146,85728.39,18756.67,104485.06,0.8205,持有
2015-12-14,10.83,21.40,0.3538,87489.93,18756.67,106246.60,0.8235,持有
2015-12-15,10.86,21.47,0.3594,87783.52,18756.67,106540.19,0.8239,持有
2015-12-16,10.78,21.31,0.3423,87137.62,18756.67,105894.29,0.8229,持有
2015-12-17,10.97,21.68,0.3800,88664.29,18756.67,107420.96,0.8254,持有
2015-12-18,11.71,23.15,0.4359,94653.53,18756.67,113410.21,0.8346,持有
2015-12-21,12.88,25.46,0.5033,104107.14,18756.67,122863.82,0.8473,持有
2015-12-22,13.32,26.34,0.5509,107688.95,18756.67,126445.62,0.8517,持有
2015-12-23,13.19,26.06,0.5367,106573.30,18756.67,125329.98,0.8503,持有
2015-12-24,12.48,24.67,0.4746,100877.65,18756.67,119634.32,0.8432,持有
2015-12-25,12.42,24.55,0.4691,100407.91,18756.67,119164.58,0.8426,持有
2015-12-28,11.97,23.66,0.4434,96767.39,18756.67,115524.06,0.8376,持有
2015-12-29,12.06,23.84,0.4474,97472.00,18756.67,116228.67,0.8386,持有
2015-12-30,12.02,23.75,0.4442,97119.69,18756.67,115876.37,0.8381,持有
2015-12-31,11.94,23.59,0.4410,96473.80,18756.67,115230.47,0.8372,持有
2016-01-04,11.02,21.78,0.3871,89075.32,18756.67,107831.99,0.8261,持有
2016-01-05,11.25,22.24,0.4071,90954.30,18756.67,109710.97,0.8290,持有
2016-01-06,11.29,22.31,0.4090,91247.89,18756.67,110004.56,0.8295,持有
2016-01-07,10.53,20.82,0.3004,85141.21,18756.67,103897.88,0.8195,持有
2016-01-08,10.84,21.42,0.3528,87607.37,18756.67,106364.04,0.8237,持有
2016-01-11,10.48,20.71,0.2927,84671.46,18756.67,103428.13,0.8187,持有
2016-01-12,10.62,20.99,0.3134,85845.82,18756.67,104602.50,0.8207,持有
2016-01-13,10.46,20.68,0.2894,84554.03,18756.67,103310.70,0.8184,持有
2016-01-14,10.63,21.01,0.3144,85904.54,18756.67,104661.21,0.8208,持有
2016-01-15,10.37,20.49,0.2825,83790.69,18756.67,102547.36,0.8171,持有
2016-01-18,10.36,20.48,0.2809,83731.97,18756.67,102488.65,0.8170,持有
2016-01-19,10.67,21.08,0.3216,86198.13,18756.67,104954.80,0.8213,持有
2016-01-20,10.40,20.55,0.2855,84025.56,18756.67,102782.24,0.8175,持有
2016-01-21,10.17,20.10,0.2466,82205.30,18756.67,100961.98,0.8142,持有
2016-01-22,10.17,20.10,0.2464,82205.30,18756.67,100961.98,0.8142,持有
2016-01-25,10.18,20.12,0.2484,82264.02,18756.67,101020.69,0.8143,持有
2016-01-26,9.43,18.64,0.1316,76216.06,18756.67,94972.73,0.8025,买入(补至100%)
2016-01-27,9.45,18.68,0.1337,76392.21,18756.67,95148.89,0.8029,买入(补至100%)
2016-01-28,9.33,18.44,0.1186,93902.01,89.17,93991.19,0.9991,持有
2016-01-29,9.69,19.16,0.1677,97558.63,89.17,97647.81,0.9991,持有
2016-02-01,9.61,19.00,0.1591,96754.18,89.17,96843.35,0.9991,持有
2016-02-02,9.77,19.31,0.1818,98363.09,89.17,98452.27,0.9991,持有
2016-02-03,9.67,19.11,0.1660,97339.24,89.17,97428.41,0.9991,持有
2016-02-04,9.77,19.31,0.1822,98363.09,89.17,98452.27,0.9991,持有
2016-02-05,9.71,19.18,0.1735,97704.90,89.17,97794.07,0.9991,持有
2016-02-15,9.56,18.90,0.1485,96242.25,89.17,96331.43,0.9991,持有
2016-02-16,9.83,19.43,0.1953,98948.15,89.17,99037.32,0.9991,持有
2016-02-17,10.00,19.76,0.2214,100630.19,89.17,100719.37,0.9991,持有
2016-02-18,9.90,19.57,0.2064,99679.47,89.17,99768.65,0.9991,持有
2016-02-19,9.84,19.46,0.1970,99094.41,89.17,99183.59,0.9991,持有
2016-02-22,10.06,19.87,0.2323,101215.25,89.17,101304.43,0.9991,持有
2016-02-23,9.92,19.62,0.2081,99898.87,89.17,99988.05,0.9991,持有
2016-02-24,10.09,19.95,0.2419,101580.92,89.17,101670.09,0.9991,持有
2016-02-25,9.42,18.62,0.1300,94852.73,89.17,94941.91,0.9991,持有
2016-02-26,9.51,18.80,0.1405,95730.32,89.17,95819.50,0.9991,持有
2016-02-29,9.44,18.65,0.1334,94999.00,89.17,95088.17,0.9991,持有
2016-03-01,9.57,18.91,0.1523,96315.38,89.17,96404.56,0.9991,持有
2016-03-02,9.90,19.57,0.2086,99679.47,89.17,99768.65,0.9991,持有
2016-03-03,10.06,19.89,0.2366,101288.39,89.17,101377.56,0.9991,持有
2016-03-04,10.43,20.61,0.3019,104945.01,89.17,105034.18,0.9992,持有
2016-03-07,10.33,20.42,0.2883,103994.29,89.17,104083.46,0.9991,持有
2016-03-08,10.15,20.06,0.2565,102165.98,89.17,102255.15,0.9991,持有
2016-03-09,9.85,19.47,0.1987,99167.55,89.17,99256.72,0.9991,持有
2016-03-10,9.76,19.28,0.1811,98216.83,89.17,98306.00,0.9991,持有
2016-03-11,9.71,19.18,0.1746,97704.90,89.17,97794.07,0.9991,持有
2016-03-14,9.88,19.53,0.2046,99460.08,89.17,99549.25,0.9991,持有
2016-03-15,10.35,20.46,0.2941,104213.68,89.17,104302.86,0.9991,持有
2016-03-16,10.13,20.02,0.2540,101946.58,89.17,102035.75,0.9991,持有
2016-03-17,10.24,20.25,0.2727,103116.70,89.17,103205.87,0.9991,持有
2016-03-18,10.38,20.52,0.3012,104506.21,89.17,104595.39,0.9991,持有
2016-03-21,10.60,20.95,0.3289,106700.18,89.17,106789.36,0.9992,持有
2016-03-22,10.45,20.66,0.3077,105237.54,89.17,105326.71,0.9992,持有
2016-03-23,10.55,20.85,0.3222,106188.26,89.17,106277.43,0.9992,持有
2016-03-24,10.26,20.28,0.2739,103262.96,89.17,103352.14,0.9991,持有
2016-03-25,10.29,20.35,0.2841,103628.62,89.17,103717.80,0.9991,持有
2016-03-28,10.24,20.25,0.2714,103116.70,89.17,103205.87,0.9991,持有
2016-03-29,10.13,20.02,0.2524,101946.58,89.17,102035.75,0.9991,持有
2016-03-30,10.39,20.53,0.3030,104579.35,89.17,104668.52,0.9991,持有
2016-03-31,10.59,19.08,0.1618,106553.92,89.17,106643.09,0.9992,持有
2016-04-01,10.51,18.95,0.1548,105822.60,89.17,105911.77,0.9992,持有
2016-04-05,10.68,19.25,0.1775,107504.64,89.17,107593.82,0.9992,持有
2016-04-06,10.64,19.18,0.1739,107138.98,89.17,107228.15,0.9992,持有
2016-04-07,10.49,18.91,0.1489,105603.20,89.17,105692.37,0.9992,持有
2016-04-08,10.42,18.78,0.1370,104871.87,89.17,104961.05,0.9992,持有
2016-04-11,10.55,19.01,0.1611,106188.26,89.17,106277.43,0.9992,持有
2016-04-12,10.49,18.91,0.1493,105603.20,89.17,105692.37,0.9992,持有
2016-04-13,10.53,18.97,0.1588,105968.86,89.17,106058.04,0.9992,持有
2016-04-14,10.61,19.13,0.1712,106846.45,89.17,106935.62,0.9992,持有
2016-04-15,10.58,19.06,0.1641,106480.79,89.17,106569.96,0.9992,持有
2016-04-18,10.45,18.84,0.1433,105237.54,89.17,105326.71,0.9992,持有
2016-04-19,10.53,18.97,0.1591,105968.86,89.17,106058.04,0.9992,持有
2016-04-20,10.27,18.50,0.1232,103336.09,89.17,103425.27,0.9991,持有
2016-04-21,10.22,18.42,0.1142,102897.30,89.17,102986.47,0.9991,持有
2016-04-22,10.31,18.58,0.1258,103774.89,89.17,103864.06,0.9991,持有
2016-04-25,10.31,18.58,0.1257,103774.89,89.17,103864.06,0.9991,持有
2016-04-26,10.32,18.59,0.1277,103848.02,89.17,103937.20,0.9991,持有
2016-04-27,10.45,18.84,0.1461,105237.54,89.17,105326.71,0.9992,持有
2016-04-28,10.64,19.17,0.1796,107065.85,89.17,107155.02,0.9992,持有
2016-04-29,10.92,19.68,0.2267,109918.01,89.17,110007.19,0.9992,持有
2016-05-03,11.18,19.12,0.1745,112550.78,89.17,112639.95,0.9992,持有
2016-05-04,11.05,18.89,0.1491,111234.39,89.17,111323.57,0.9992,持有
2016-05-05,11.18,19.12,0.1750,112550.78,89.17,112639.95,0.9992,持有
2016-05-06,10.89,18.07,0.0908,109612.79,89.17,109701.97,0.9992,持有
2016-05-09,10.92,18.12,0.0962,109914.13,89.17,110003.31,0.9992,持有
2016-05-10,11.43,18.97,0.1630,115036.93,89.17,115126.11,0.9992,持有
2016-05-11,11.55,19.17,0.1820,116242.29,89.17,116331.47,0.9992,持有
2016-05-12,11.45,19.00,0.1683,115262.94,89.17,115352.11,0.9992,持有
2016-05-13,11.27,18.71,0.1368,113454.89,89.17,113544.07,0.9992,持有
2016-05-16,11.59,19.23,0.1912,116618.97,89.17,116708.15,0.9992,持有
2016-05-17,11.49,19.07,0.1720,115639.61,89.17,115728.79,0.9992,持有
2016-05-18,11.32,18.79,0.1420,113982.24,89.17,114071.41,0.9992,持有
2016-05-19,11.37,18.87,0.1500,114434.25,89.17,114523.42,0.9992,持有
2016-05-20,11.50,19.09,0.1764,115790.28,89.17,115879.46,0.9992,持有
2016-05-23,11.54,19.15,0.1837,116166.96,89.17,116256.13,0.9992,持有
2016-05-24,11.42,18.95,0.1640,114961.60,89.17,115050.77,0.9992,持有
2016-05-25,11.28,18.72,0.1381,113530.23,89.17,113619.40,0.9992,持有
2016-05-26,11.26,18.69,0.1353,113379.56,89.17,113468.73,0.9992,持有
2016-05-27,11.29,18.74,0.1400,113680.90,89.17,113770.07,0.9992,持有
2016-05-30,11.23,18.63,0.1297,113002.88,89.17,113092.05,0.9992,持有
2016-05-31,11.53,19.14,0.1857,116091.62,89.17,116180.80,0.9992,持有
2016-06-01,11.49,19.07,0.1754,115639.61,89.17,115728.79,0.9992,持有
2016-06-02,11.62,19.29,0.2043,116995.65,89.17,117084.82,0.9992,持有
2016-06-03,12.18,20.22,0.2911,122645.79,89.17,122734.97,0.9993,持有
2016-06-06,12.09,20.06,0.2795,121666.43,89.17,121755.61,0.9993,持有
2016-06-07,12.28,20.38,0.3089,123625.15,89.17,123714.32,0.9993,持有
2016-06-08,12.18,20.22,0.2912,122645.79,89.17,122734.97,0.9993,持有
2016-06-13,11.82,19.61,0.2325,118954.36,89.17,119043.54,0.9993,持有
2016-06-14,12.02,19.95,0.2673,120988.42,89.17,121077.59,0.9993,持有
2016-06-15,12.15,20.16,0.2899,122269.11,89.17,122358.29,0.9993,持有
2016-06-16,12.17,20.20,0.2911,122495.12,89.17,122584.30,0.9993,持有
2016-06-17,12.21,20.27,0.2989,122947.13,89.17,123036.31,0.9993,持有
2016-06-20,12.22,20.28,0.3001,123022.47,89.17,123111.64,0.9993,持有
2016-06-21,12.21,20.26,0.2972,122871.80,89.17,122960.97,0.9993,持有
2016-06-22,12.21,20.27,0.2990,122947.13,89.17,123036.31,0.9993,持有
2016-06-23,12.06,20.01,0.2721,121365.09,89.17,121454.27,0.9993,持有
2016-06-24,11.83,19.64,0.2345,119105.03,89.17,119194.21,0.9993,持有
2016-06-27,12.18,20.22,0.2931,122645.79,89.17,122734.97,0.9993,持有
2016-06-28,12.19,20.23,0.2962,122721.13,89.17,122810.30,0.9993,持有
2016-06-29,12.32,20.44,0.3227,124001.83,89.17,124091.00,0.9993,持有
2016-06-30,12.48,20.71,0.3424,125583.87,89.17,125673.04,0.9993,持有
2016-07-01,12.67,21.03,0.3668,127542.58,89.17,127631.76,0.9993,持有
2016-07-04,12.70,21.08,0.3706,127843.92,89.17,127933.10,0.9993,持有
2016-07-05,12.72,21.12,0.3723,128069.93,89.17,128159.10,0.9993,持有
2016-07-06,12.97,21.53,0.4133,130555.99,89.17,130645.17,0.9993,持有
2016-07-07,12.99,21.56,0.4170,130782.00,89.17,130871.17,0.9993,持有
2016-07-08,12.96,21.50,0.4107,130405.32,89.17,130494.50,0.9993,持有
2016-07-11,13.36,22.17,0.4523,134473.43,89.17,134562.60,0.9993,持有
2016-07-12,13.92,23.10,0.4791,140123.57,89.17,140212.74,0.9994,持有
2016-07-13,13.70,22.73,0.4715,137863.51,89.17,137952.69,0.9994,持有
2016-07-14,13.95,23.15,0.4825,140424.91,89.17,140514.09,0.9994,持有
2016-07-15,13.85,22.98,0.4762,139370.22,89.17,139459.39,0.9994,持有
2016-07-18,13.58,22.53,0.4660,136658.15,89.17,136747.32,0.9993,持有
2016-07-19,13.22,21.95,0.4412,133117.39,89.17,133206.57,0.9993,持有
2016-07-20,13.35,22.16,0.4508,134398.09,89.17,134487.27,0.9993,持有
2016-07-21,13.39,22.22,0.4532,134774.77,89.17,134863.94,0.9993,持有
2016-07-22,13.13,21.80,0.4351,132213.37,89.17,132302.54,0.9993,持有
2016-07-25,13.35,22.16,0.4506,134398.09,89.17,134487.27,0.9993,持有
2016-07-26,13.93,23.12,0.4826,140198.91,89.17,140288.08,0.9994,持有
2016-07-27,13.55,22.49,0.4671,136432.14,89.17,136521.32,0.9993,持有
2016-07-28,13.99,23.21,0.4865,140801.59,89.17,140890.76,0.9994,持有
2016-07-29,13.88,23.03,0.4796,139671.56,89.17,139760.73,0.9994,持有
2016-08-01,13.48,22.37,0.4609,135678.79,89.17,135767.96,0.9993,持有
2016-08-02,13.34,22.15,0.4475,134322.76,89.17,134411.93,0.9993,持有
2016-08-03,13.46,22.33,0.4584,135452.78,89.17,135541.96,0.9993,持有
2016-08-04,13.41,22.26,0.4554,135000.77,89.17,135089.95,0.9993,持有
2016-08-05,13.51,22.42,0.4663,135980.13,89.17,136069.31,0.9993,持有
2016-08-08,13.53,22.46,0.4673,136206.14,89.17,136295.31,0.9993,持有
2016-08-09,13.80,22.90,0.4787,138918.21,89.17,139007.38,0.9994,持有
2016-08-10,13.64,22.64,0.4719,137336.17,89.17,137425.34,0.9994,持有
2016-08-11,13.59,22.56,0.4703,136808.82,89.17,136897.99,0.9993,持有
2016-08-12,13.57,22.52,0.4680,136582.81,89.17,136671.99,0.9993,持有
2016-08-15,13.85,22.98,0.4808,139370.22,89.17,139459.39,0.9994,持有
2016-08-16,13.93,23.12,0.4863,140198.91,89.17,140288.08,0.9994,持有
2016-08-17,13.92,23.10,0.4847,140123.57,89.17,140212.74,0.9994,持有
2016-08-18,13.53,22.46,0.4648,136206.14,89.17,136295.31,0.9993,持有
2016-08-19,13.39,22.22,0.4489,134774.77,89.17,134863.94,0.9993,持有
2016-08-22,13.52,22.44,0.4649,136130.80,89.17,136219.98,0.9993,持有
2016-08-23,13.50,22.41,0.4613,135904.80,89.17,135993.97,0.9993,持有
2016-08-24,13.42,22.27,0.4526,135076.11,89.17,135165.28,0.9993,持有
2016-08-25,13.40,22.25,0.4510,134925.44,89.17,135014.61,0.9993,持有
2016-08-26,13.40,22.25,0.4507,134925.44,89.17,135014.61,0.9993,持有
2016-08-29,12.60,19.70,0.2333,126789.23,89.17,126878.40,0.9993,持有
2016-08-30,12.65,19.78,0.2429,127316.58,89.17,127405.75,0.9993,持有
2016-08-31,12.61,19.72,0.2369,126939.90,89.17,127029.08,0.9993,持有
2016-09-01,12.50,19.55,0.2186,125809.87,89.17,125899.05,0.9993,持有
2016-09-02,12.33,19.28,0.1946,124077.16,89.17,124166.34,0.9993,持有
2016-09-05,12.24,19.14,0.1783,123173.14,89.17,123262.31,0.9993,持有
2016-09-06,12.53,19.60,0.2247,126111.21,89.17,126200.39,0.9993,持有
2016-09-07,12.45,19.48,0.2142,125357.86,89.17,125447.04,0.9993,持有
2016-09-08,12.35,19.31,0.2005,124303.17,89.17,124392.34,0.9993,持有
2016-09-09,12.27,19.19,0.1881,123474.48,89.17,123563.65,0.9993,持有
2016-09-12,11.95,18.69,0.1301,120310.40,89.17,120399.57,0.9993,持有
2016-09-13,12.00,18.76,0.1358,120762.41,89.17,120851.58,0.9993,持有
2016-09-14,12.06,18.86,0.1453,121365.09,89.17,121454.27,0.9993,持有
2016-09-19,12.06,18.86,0.1452,121365.09,89.17,121454.27,0.9993,持有
2016-09-20,12.06,18.86,0.1452,121365.09,89.17,121454.27,0.9993,持有
2016-09-21,12.06,18.86,0.1451,121365.09,89.17,121454.27,0.9993,持有
2016-09-22,12.06,18.86,0.1450,121365.09,89.17,121454.27,0.9993,持有
2016-09-23,12.06,18.86,0.1449,121365.09,89.17,121454.27,0.9993,持有
2016-09-26,12.06,18.86,0.1448,121365.09,89.17,121454.27,0.9993,持有
2016-09-27,12.06,18.86,0.1447,121365.09,89.17,121454.27,0.9993,持有
2016-09-28,12.06,18.86,0.1446,121365.09,89.17,121454.27,0.9993,持有
2016-09-29,12.06,18.86,0.1445,121365.09,89.17,121454.27,0.9993,持有
2016-09-30,12.06,18.86,0.1444,121365.09,89.17,121454.27,0.9993,持有
2016-10-10,12.06,18.86,0.1443,121365.09,89.17,121454.27,0.9993,持有
2016-10-11,12.06,18.86,0.1442,121365.09,89.17,121454.27,0.9993,持有
2016-10-12,12.06,18.86,0.1441,121365.09,89.17,121454.27,0.9993,持有
2016-10-13,12.06,18.86,0.1440,121365.09,89.17,121454.27,0.9993,持有
2016-10-14,12.06,18.86,0.1439,121365.09,89.17,121454.27,0.9993,持有
2016-10-17,12.06,18.86,0.1439,121365.09,89.17,121454.27,0.9993,持有
2016-10-18,12.06,18.86,0.1438,121365.09,89.17,121454.27,0.9993,持有
2016-10-19,12.06,18.86,0.1437,121365.09,89.17,121454.27,0.9993,持有
2016-10-20,12.06,18.86,0.1436,121365.09,89.17,121454.27,0.9993,持有
2016-10-21,12.06,18.86,0.1435,121365.09,89.17,121454.27,0.9993,持有
2016-10-24,12.94,20.24,0.3033,130254.65,89.17,130343.83,0.9993,持有
2016-10-25,13.07,20.44,0.3285,131535.35,89.17,131624.53,0.9993,持有
2016-10-26,13.90,21.74,0.4354,139897.56,89.17,139986.74,0.9994,持有
2016-10-27,13.70,21.43,0.4079,137938.85,89.17,138028.02,0.9994,持有
2016-10-28,13.33,20.85,0.3570,134172.08,89.17,134261.26,0.9993,持有
2016-10-31,13.46,20.26,0.3061,135528.12,89.17,135617.29,0.9993,持有
2016-11-01,13.52,20.35,0.3192,136130.80,89.17,136219.98,0.9993,持有
2016-11-02,13.38,20.14,0.2925,134699.43,89.17,134788.61,0.9993,持有
2016-11-03,13.35,20.09,0.2879,134398.09,89.17,134487.27,0.9993,持有
2016-11-04,13.47,20.27,0.3091,135603.45,89.17,135692.63,0.9993,持有
2016-11-07,13.47,20.27,0.3090,135603.45,89.17,135692.63,0.9993,持有
2016-11-08,13.49,20.30,0.3125,135754.13,89.17,135843.30,0.9993,持有
2016-11-09,13.41,20.18,0.2966,135000.77,89.17,135089.95,0.9993,持有
2016-11-10,13.47,20.27,0.3090,135603.45,89.17,135692.63,0.9993,持有
2016-11-11,13.49,20.30,0.3132,135754.13,89.17,135843.30,0.9993,持有
2016-11-14,13.29,20.00,0.2766,133795.41,89.17,133884.58,0.9993,持有
2016-11-15,13.45,20.24,0.3034,135377.45,89.17,135466.62,0.9993,持有
2016-11-16,13.46,20.26,0.3070,135528.12,89.17,135617.29,0.9993,持有
2016-11-17,13.52,20.35,0.3237,136130.80,89.17,136219.98,0.9993,持有
2016-11-18,13.37,20.13,0.2909,134624.10,89.17,134713.27,0.9993,持有
2016-11-21,13.27,19.97,0.2751,133569.40,89.17,133658.58,0.9993,持有
2016-11-22,13.34,20.07,0.2868,134247.42,89.17,134336.59,0.9993,持有
2016-11-23,13.34,20.07,0.2866,134247.42,89.17,134336.59,0.9993,持有
2016-11-24,14.15,21.29,0.3996,142383.63,89.17,142472.80,0.9994,持有
2016-11-25,14.01,21.09,0.3831,141027.59,89.17,141116.77,0.9994,持有
2016-11-28,13.85,20.85,0.3641,139445.55,89.17,139534.73,0.9994,持有
2016-11-29,15.04,22.64,0.4931,151423.86,89.17,151513.03,0.9994,持有
2016-11-30,14.80,22.28,0.4735,149013.13,89.17,149102.30,0.9994,持有
2016-12-01,14.95,22.49,0.4882,150444.50,89.17,150533.67,0.9994,持有
2016-12-02,14.38,21.65,0.4349,144794.36,89.17,144883.53,0.9994,持有
2016-12-05,13.49,20.31,0.3157,135829.46,89.17,135918.64,0.9993,持有
2016-12-06,13.55,20.40,0.3298,136432.14,89.17,136521.32,0.9993,持有
2016-12-07,13.87,20.87,0.3650,139596.22,89.17,139685.40,0.9994,持有
2016-12-08,13.70,20.61,0.3487,137863.51,89.17,137952.69,0.9994,持有
2016-12-09,13.70,20.61,0.3484,137863.51,89.17,137952.69,0.9994,持有
2016-12-12,13.53,20.36,0.3259,136206.14,89.17,136295.31,0.9993,持有
2016-12-13,13.46,20.26,0.3058,135528.12,89.17,135617.29,0.9993,持有
2016-12-14,13.25,19.94,0.2653,133343.40,89.17,133432.57,0.9993,持有
2016-12-15,13.11,19.73,0.2472,131987.36,89.17,132076.54,0.9993,持有
2016-12-16,13.16,19.80,0.2551,132439.37,89.17,132528.55,0.9993,持有
2016-12-19,13.19,19.85,0.2574,132740.72,89.17,132829.89,0.9993,持有
2016-12-20,13.10,19.71,0.2443,131836.69,89.17,131925.87,0.9993,持有
2016-12-21,13.16,19.80,0.2553,132439.37,89.17,132528.55,0.9993,持有
2016-12-22,13.22,19.89,0.2625,133042.06,89.17,133131.23,0.9993,持有
2016-12-23,13.07,19.67,0.2383,131535.35,89.17,131624.53,0.9993,持有
2016-12-26,13.03,19.61,0.2320,131158.67,89.17,131247.85,0.9993,持有
2016-12-27,13.01,19.58,0.2306,130932.67,89.17,131021.84,0.9993,持有
2016-12-28,12.94,19.47,0.2193,130254.65,89.17,130343.83,0.9993,持有
2016-12-29,13.01,19.59,0.2315,131008.00,89.17,131097.18,0.9993,持有
2016-12-30,13.17,19.82,0.2585,132590.04,89.17,132679.22,0.9993,持有
2017-01-03,13.24,19.93,0.2694,133268.06,89.17,133357.24,0.9993,持有
2017-01-04,13.40,20.16,0.3006,134850.10,89.17,134939.28,0.9993,持有
2017-01-05,13.38,20.14,0.2967,134699.43,89.17,134788.61,0.9993,持有
2017-01-06,13.21,19.88,0.2640,132966.72,89.17,133055.90,0.9993,持有
2017-01-09,13.22,19.90,0.2669,133117.39,89.17,133206.57,0.9993,持有
2017-01-10,13.34,20.08,0.2918,134322.76,89.17,134411.93,0.9993,持有
2017-01-11,13.24,19.93,0.2696,133268.06,89.17,133357.24,0.9993,持有
2017-01-12,13.10,19.72,0.2462,131912.03,89.17,132001.20,0.9993,持有
2017-01-13,13.17,19.82,0.2576,132590.04,89.17,132679.22,0.9993,持有
2017-01-16,13.42,20.20,0.3052,135076.11,89.17,135165.28,0.9993,持有
2017-01-17,13.49,20.31,0.3246,135829.46,89.17,135918.64,0.9993,持有
2017-01-18,13.58,20.43,0.3445,136658.15,89.17,136747.32,0.9993,持有
2017-01-19,13.64,20.52,0.3535,137260.83,89.17,137350.00,0.9994,持有
2017-01-20,13.68,20.59,0.3588,137712.84,89.17,137802.02,0.9994,持有
2017-01-23,13.67,20.57,0.3573,137562.17,89.17,137651.35,0.9994,持有
2017-01-24,13.63,20.51,0.3516,137185.49,89.17,137274.67,0.9994,持有
2017-01-25,13.76,20.71,0.3678,138541.53,89.17,138630.70,0.9994,持有
2017-01-26,13.78,20.74,0.3701,138692.20,89.17,138781.37,0.9994,持有
2017-02-03,13.65,20.54,0.3546,137411.50,89.17,137500.68,0.9994,持有
2017-02-06,13.58,20.44,0.3441,136733.48,89.17,136822.66,0.9993,持有
2017-02-07,13.54,20.38,0.3348,136281.47,89.17,136370.65,0.9993,持有
2017-02-08,13.55,20.39,0.3370,136356.81,89.17,136445.98,0.9993,持有
2017-02-09,13.55,20.39,0.3368,136356.81,89.17,136445.98,0.9993,持有
2017-02-10,13.59,20.45,0.3469,136808.82,89.17,136897.99,0.9993,持有
2017-02-13,13.86,20.86,0.3806,139520.89,89.17,139610.06,0.9994,持有
2017-02-14,13.62,20.50,0.3525,137110.16,89.17,137199.33,0.9994,持有
2017-02-15,13.40,20.16,0.3002,134850.10,89.17,134939.28,0.9993,持有
2017-02-16,13.35,20.09,0.2904,134398.09,89.17,134487.27,0.9993,持有
2017-02-17,13.46,20.25,0.3120,135452.78,89.17,135541.96,0.9993,持有
2017-02-20,13.61,20.49,0.3529,137034.82,89.17,137124.00,0.9993,持有
2017-02-21,13.55,20.43,0.3448,136356.81,89.17,136445.98,0.9993,持有
2017-02-22,13.83,20.86,0.3832,139219.55,89.17,139308.72,0.9994,持有
2017-02-23,13.72,20.69,0.3691,138089.52,89.17,138178.69,0.9994,持有
2017-02-24,13.67,20.63,0.3659,137637.51,89.17,137726.68,0.9994,持有
2017-02-27,13.62,20.55,0.3590,137110.16,89.17,137199.33,0.9994,持有
2017-02-28,13.52,20.39,0.3371,136055.47,89.17,136144.64,0.9993,持有
2017-03-01,13.47,20.32,0.3243,135603.45,89.17,135692.63,0.9993,持有
2017-03-02,13.44,20.28,0.3181,135302.11,89.17,135391.29,0.9993,持有
2017-03-03,13.50,20.37,0.3341,135904.80,89.17,135993.97,0.9993,持有
2017-03-06,13.54,20.42,0.3447,136281.47,89.17,136370.65,0.9993,持有
2017-03-07,13.68,20.64,0.3685,137712.84,89.17,137802.02,0.9994,持有
2017-03-08,13.69,20.65,0.3689,137788.18,89.17,137877.35,0.9994,持有
2017-03-09,13.56,20.46,0.3489,136507.48,89.17,136596.65,0.9993,持有
2017-03-10,13.62,20.55,0.3607,137110.16,89.17,137199.33,0.9994,持有
2017-03-13,13.86,20.91,0.3916,139520.89,89.17,139610.06,0.9994,持有
2017-03-14,13.86,20.91,0.3914,139520.89,89.17,139610.06,0.9994,持有
2017-03-15,13.83,20.86,0.3870,139219.55,89.17,139308.72,0.9994,持有
2017-03-16,13.66,20.60,0.3652,137486.84,89.17,137576.01,0.9994,持有
2017-03-17,13.56,20.46,0.3477,136507.48,89.17,136596.65,0.9993,持有
2017-03-20,13.67,20.63,0.3684,137637.51,89.17,137726.68,0.9994,持有
2017-03-21,13.98,21.09,0.4087,140726.25,89.17,140815.43,0.9994,持有
2017-03-22,14.14,21.33,0.4299,142308.29,89.17,142397.47,0.9994,持有
2017-03-23,14.16,21.36,0.4327,142534.30,89.17,142623.47,0.9994,持有
2017-03-24,14.33,21.62,0.4574,144267.01,89.17,144356.18,0.9994,持有
2017-03-27,14.17,21.37,0.4345,142609.63,89.17,142698.81,0.9994,持有
2017-03-28,13.96,21.06,0.4033,140500.25,89.17,140589.42,0.9994,持有
2017-03-29,14.00,21.12,0.4096,140952.26,89.17,141041.43,0.9994,持有
2017-03-30,13.94,21.03,0.4023,140349.58,89.17,140438.75,0.9994,持有
2017-03-31,14.15,20.30,0.3177,142458.96,89.17,142548.14,0.9994,持有
2017-04-05,14.17,20.34,0.3246,142684.97,89.17,142774.14,0.9994,持有
2017-04-06,14.06,20.17,0.2960,141554.94,89.17,141644.11,0.9994,持有
2017-04-07,13.93,19.98,0.2721,140198.91,89.17,140288.08,0.9994,持有
2017-04-10,13.91,19.96,0.2695,140048.23,89.17,140137.41,0.9994,持有
2017-04-11,13.82,19.83,0.2510,139144.21,89.17,139233.39,0.9994,持有
2017-04-12,13.97,20.03,0.2811,140575.58,89.17,140664.76,0.9994,持有
2017-04-13,13.82,19.83,0.2507,139144.21,89.17,139233.39,0.9994,持有
2017-04-14,13.76,19.75,0.2423,138541.53,89.17,138630.70,0.9994,持有
2017-04-17,13.81,19.81,0.2493,138993.54,89.17,139082.72,0.9994,持有
2017-04-18,13.88,19.92,0.2627,139746.89,89.17,139836.07,0.9994,持有
2017-04-19,13.90,19.94,0.2673,139897.56,89.17,139986.74,0.9994,持有
2017-04-20,14.22,20.40,0.3414,143136.98,89.17,143226.15,0.9994,持有
2017-04-21,14.19,20.36,0.3329,142835.64,89.17,142924.81,0.9994,持有
2017-04-24,14.19,20.36,0.3327,142835.64,89.17,142924.81,0.9994,持有
2017-04-25,14.19,20.36,0.3325,142835.64,89.17,142924.81,0.9994,持有
2017-04-26,14.19,20.36,0.3324,142835.64,89.17,142924.81,0.9994,持有
2017-04-27,14.19,20.36,0.3322,142835.64,89.17,142924.81,0.9994,持有
2017-04-28,13.67,19.61,0.2227,137562.17,89.17,137651.35,0.9994,持有
2017-05-02,13.79,19.17,0.1803,138767.54,89.17,138856.71,0.9994,持有
2017-05-03,13.66,18.99,0.1614,137486.84,89.17,137576.01,0.9994,持有
2017-05-04,13.69,19.03,0.1654,137788.18,89.17,137877.35,0.9994,持有
2017-05-05,13.73,19.08,0.1700,138164.85,89.17,138254.03,0.9994,持有
2017-05-08,13.79,19.17,0.1816,138767.54,89.17,138856.71,0.9994,持有
2017-05-09,13.47,18.12,0.0826,135574.78,89.17,135663.95,0.9993,持有
2017-05-10,13.48,18.13,0.0837,135652.65,89.17,135741.82,0.9993,持有
2017-05-11,13.60,18.29,0.0912,136898.60,89.17,136987.77,0.9993,持有
2017-05-12,13.57,18.25,0.0888,136587.11,89.17,136676.28,0.9993,持有
2017-05-15,14.03,18.87,0.1472,141181.54,89.17,141270.72,0.9994,持有
2017-05-16,14.19,19.08,0.1722,142816.85,89.17,142906.03,0.9994,持有
2017-05-17,14.08,18.94,0.1581,141726.65,89.17,141815.82,0.9994,持有
2017-05-18,14.20,19.10,0.1755,142894.72,89.17,142983.90,0.9994,持有
2017-05-19,14.59,19.63,0.2314,146866.18,89.17,146955.36,0.9994,持有
2017-05-22,14.89,20.03,0.2877,149903.18,89.17,149992.36,0.9994,持有
2017-05-23,14.95,20.12,0.2969,150526.16,89.17,150615.33,0.9994,持有
2017-05-24,14.60,19.64,0.2327,146944.06,89.17,147033.23,0.9994,持有
2017-05-25,14.94,20.09,0.2953,150370.41,89.17,150459.59,0.9994,持有
2017-05-26,15.09,20.30,0.3277,151927.85,89.17,152017.03,0.9994,持有
2017-05-31,15.02,20.20,0.3089,151149.13,89.17,151238.31,0.9994,持有
2017-06-01,15.04,20.23,0.3134,151382.75,89.17,151471.92,0.9994,持有
2017-06-02,14.85,19.98,0.2796,149513.83,89.17,149603.00,0.9994,持有
2017-06-05,14.69,19.76,0.2481,147878.52,89.17,147967.69,0.9994,持有
2017-06-06,14.93,20.08,0.2943,150292.54,89.17,150381.72,0.9994,持有
2017-06-07,14.89,20.03,0.2878,149903.18,89.17,149992.36,0.9994,持有
2017-06-08,15.84,21.31,0.4421,159481.41,89.17,159570.59,0.9994,持有
2017-06-09,15.80,21.26,0.4372,159092.05,89.17,159181.23,0.9994,持有
2017-06-12,15.87,21.35,0.4474,159792.90,89.17,159882.08,0.9994,持有
2017-06-13,15.90,21.38,0.4523,160026.52,89.17,160115.69,0.9994,持有
2017-06-14,15.47,20.81,0.3967,155743.57,89.17,155832.74,0.9994,持有
2017-06-15,15.40,20.72,0.3901,155042.72,89.17,155131.90,0.9994,持有
2017-06-16,15.34,20.64,0.3824,154419.75,89.17,154508.92,0.9994,持有
2017-06-19,15.48,20.82,0.3983,155821.44,89.17,155910.61,0.9994,持有
2017-06-20,15.33,20.63,0.3802,154341.88,89.17,154431.05,0.9994,持有
2017-06-21,15.93,21.43,0.4583,160338.00,89.17,160427.18,0.9994,持有
2017-06-22,15.97,21.48,0.4626,160727.36,89.17,160816.54,0.9994,持有
2017-06-23,16.22,21.82,0.4917,163297.13,89.17,163386.31,0.9995,持有
2017-06-26,16.18,21.76,0.4879,162829.90,89.17,162919.07,0.9995,持有
2017-06-27,16.48,22.17,0.5066,165866.90,89.17,165956.07,0.9995,持有
2017-06-28,16.08,21.63,0.4765,161895.44,89.17,161984.61,0.9994,持有
2017-06-29,16.62,22.35,0.5192,167268.59,89.17,167357.77,0.9995,持有
2017-06-30,16.70,22.47,0.5281,168125.18,89.17,168214.36,0.9995,持有
2017-07-03,16.50,22.20,0.5077,166100.52,89.17,166189.69,0.9995,持有
2017-07-04,16.18,21.77,0.4880,162907.77,89.17,162996.95,0.9995,持有
2017-07-05,16.33,21.97,0.4969,164387.34,89.17,164476.51,0.9995,持有
2017-07-06,16.09,21.64,0.4754,161973.31,89.17,162062.49,0.9994,持有
2017-07-07,15.79,21.24,0.4340,158936.31,89.17,159025.49,0.9994,持有
2017-07-10,15.87,21.34,0.4457,159715.03,89.17,159804.20,0.9994,持有
2017-07-11,16.16,21.74,0.4849,162674.16,89.17,162763.33,0.9995,持有
2017-07-12,16.12,21.69,0.4806,162284.80,89.17,162373.97,0.9995,持有
2017-07-13,15.88,21.36,0.4478,159870.77,89.17,159959.95,0.9994,持有
2017-07-14,16.17,21.75,0.4869,162752.03,89.17,162841.20,0.9995,持有
2017-07-17,16.10,21.66,0.4781,162051.18,89.17,162140.36,0.9995,持有
2017-07-18,15.81,21.27,0.4351,159169.93,89.17,159259.10,0.9994,持有
2017-07-19,15.83,21.29,0.4371,159325.67,89.17,159414.84,0.9994,持有
2017-07-20,16.04,21.57,0.4699,161428.21,89.17,161517.38,0.9994,持有
2017-07-21,16.04,21.58,0.4713,161506.08,89.17,161595.25,0.9994,持有
2017-07-24,16.39,22.05,0.5034,165010.31,89.17,165099.48,0.9995,持有
2017-07-25,16.26,21.87,0.4963,163686.49,89.17,163775.66,0.9995,持有
2017-07-26,15.96,21.47,0.4586,160649.49,89.17,160738.66,0.9994,持有
2017-07-27,15.77,21.21,0.4282,158702.70,89.17,158791.87,0.9994,持有
2017-07-28,15.85,21.32,0.4410,159559.29,89.17,159648.46,0.9994,持有
2017-07-31,15.96,21.47,0.4589,160649.49,89.17,160738.66,0.9994,持有
2017-08-01,16.03,21.56,0.4689,161350.34,89.17,161439.51,0.9994,持有
2017-08-02,16.41,22.07,0.5054,165166.05,89.17,165255.23,0.9995,持有
2017-08-03,16.47,22.15,0.5102,165789.03,89.17,165878.20,0.9995,持有
2017-08-04,16.02,21.55,0.4664,161272.46,89.17,161361.64,0.9994,持有
2017-08-07,16.65,22.39,0.5288,167580.08,89.17,167669.25,0.9995,持有
2017-08-08,16.66,22.41,0.5302,167735.82,89.17,167825.00,0.9995,持有
2017-08-09,17.88,24.05,0.5728,179961.69,89.17,180050.87,0.9995,持有
2017-08-10,17.84,24.00,0.5725,179572.33,89.17,179661.51,0.9995,持有
2017-08-11,17.32,23.30,0.5603,174354.92,89.17,174444.10,0.9995,持有
2017-08-14,17.75,23.88,0.5696,178715.74,89.17,178804.92,0.9995,持有
2017-08-15,17.85,24.01,0.5732,179650.21,89.17,179739.38,0.9995,持有
2017-08-16,17.65,23.74,0.5656,177625.54,89.17,177714.71,0.9995,持有
2017-08-17,17.70,23.81,0.5681,178170.64,89.17,178259.82,0.9995,持有
2017-08-18,17.79,23.92,0.5700,179027.23,89.17,179116.41,0.9995,持有
2017-08-21,17.88,24.05,0.5742,179961.69,89.17,180050.87,0.9995,持有
2017-08-22,18.00,24.22,0.5772,181207.64,89.17,181296.82,0.9995,持有
2017-08-23,17.91,24.09,0.5746,180273.18,89.17,180362.35,0.9995,持有
2017-08-24,17.54,23.59,0.5609,176535.33,89.17,176624.51,0.9995,持有
2017-08-25,17.69,23.80,0.5661,178092.77,89.17,178181.94,0.9995,持有
2017-08-28,17.44,23.47,0.5597,175600.87,89.17,175690.05,0.9995,持有
2017-08-29,17.46,23.49,0.5599,175756.62,89.17,175845.79,0.9995,持有
2017-08-30,17.44,23.46,0.5590,175523.00,89.17,175612.18,0.9995,持有
2017-08-31,18.04,24.38,0.5850,181597.00,89.17,181686.17,0.9995,持有
2017-09-01,18.10,24.46,0.5869,182219.97,89.17,182309.15,0.9995,持有
2017-09-04,18.17,24.56,0.5916,182920.82,89.17,183010.00,0.9995,持有
2017-09-05,18.62,25.17,0.6108,187437.38,89.17,187526.56,0.9995,持有
2017-09-06,18.57,25.09,0.6071,186892.28,89.17,186981.46,0.9995,持有
2017-09-07,18.15,24.53,0.5890,182687.21,89.17,182776.38,0.9995,持有
2017-09-08,18.32,24.76,0.5987,184400.38,89.17,184489.56,0.9995,持有
2017-09-11,17.98,24.30,0.5799,180974.03,89.17,181063.20,0.9995,持有
2017-09-12,18.18,24.57,0.5913,182998.69,89.17,183087.87,0.9995,持有
2017-09-13,18.23,24.63,0.5949,183465.92,89.17,183555.10,0.9995,持有
2017-09-14,18.24,24.65,0.5951,183621.67,89.17,183710.84,0.9995,持有
2017-09-15,18.75,25.34,0.6170,188761.20,89.17,188850.38,0.9995,持有
2017-09-18,18.86,25.49,0.6222,189851.41,89.17,189940.58,0.9995,持有
2017-09-19,18.85,25.47,0.6208,189695.67,89.17,189784.84,0.9995,持有
2017-09-20,19.22,25.97,0.6432,193433.51,89.17,193522.69,0.9995,持有
2017-09-21,19.49,26.34,0.6578,196159.02,89.17,196248.20,0.9995,持有
2017-09-22,19.59,26.47,0.6624,197171.36,89.17,197260.53,0.9995,持有
2017-09-25,19.95,26.96,0.6753,200831.33,89.17,200920.51,0.9996,持有
2017-09-26,19.96,26.97,0.6755,200909.20,89.17,200998.38,0.9996,持有
2017-09-27,19.68,26.60,0.6646,198105.82,89.17,198194.99,0.9996,持有
2017-09-28,20.42,27.60,0.6869,205581.51,89.17,205670.68,0.9996,持有
2017-09-29,21.27,28.75,0.7253,214147.41,89.17,214236.58,0.9996,持有
2017-10-09,21.50,29.05,0.7298,216405.69,89.17,216494.86,0.9996,持有
2017-10-10,21.34,28.85,0.7250,214848.25,89.17,214937.43,0.9996,持有
2017-10-11,22.10,29.87,0.7439,222479.69,89.17,222568.86,0.9996,持有
2017-10-12,22.04,29.79,0.7397,221856.71,89.17,221945.89,0.9996,持有
2017-10-13,21.35,28.86,0.7244,214926.12,89.17,215015.30,0.9996,持有
2017-10-16,21.42,28.95,0.7251,215626.97,89.17,215716.14,0.9996,持有
2017-10-17,21.58,29.17,0.7318,217262.28,89.17,217351.45,0.9996,持有
2017-10-18,22.85,30.88,0.7644,230033.25,89.17,230122.42,0.9996,持有
2017-10-19,23.02,31.11,0.7673,231746.43,89.17,231835.60,0.9996,持有
2017-10-20,22.57,30.50,0.7570,227151.99,89.17,227241.17,0.9996,持有
2017-10-23,22.82,30.84,0.7626,229721.76,89.17,229810.94,0.9996,持有
2017-10-24,22.96,31.03,0.7672,231123.45,89.17,231212.63,0.9996,持有
2017-10-25,23.05,31.15,0.7689,231980.04,89.17,232069.22,0.9996,持有
2017-10-26,23.01,31.09,0.7669,231590.69,89.17,231679.86,0.9996,持有
2017-10-27,23.36,31.56,0.7730,235094.92,89.17,235184.09,0.9996,持有
2017-10-30,23.49,31.74,0.7742,236418.74,89.17,236507.91,0.9996,持有
2017-10-31,22.86,28.93,0.7207,230111.12,89.17,230200.30,0.9996,持有
2017-11-01,22.06,27.92,0.6946,222090.33,89.17,222179.50,0.9996,持有
2017-11-02,22.26,28.17,0.7035,224037.12,89.17,224126.30,0.9996,持有
2017-11-03,22.74,28.78,0.7190,228943.04,89.17,229032.22,0.9996,持有
2017-11-06,23.73,30.04,0.7459,238910.63,89.17,238999.81,0.9996,持有
2017-11-07,23.42,29.65,0.7335,235795.76,89.17,235884.94,0.9996,持有
2017-11-08,23.08,29.20,0.7287,232291.53,89.17,232380.71,0.9996,持有
2017-11-09,23.05,29.17,0.7272,231980.04,89.17,232069.22,0.9996,持有
2017-11-10,23.87,30.20,0.7492,240234.45,89.17,240323.63,0.9996,持有
2017-11-13,23.62,29.89,0.7417,237742.56,89.17,237831.73,0.9996,持有
2017-11-14,22.65,28.67,0.7141,228008.58,89.17,228097.76,0.9996,持有
2017-11-15,22.72,28.75,0.7164,228709.43,89.17,228798.60,0.9996,持有
2017-11-16,23.67,29.96,0.7443,238287.66,89.17,238376.83,0.9996,持有
2017-11-17,24.38,30.85,0.7624,245373.99,89.17,245463.17,0.9996,持有
2017-11-20,24.14,30.54,0.7571,242959.97,89.17,243049.14,0.9996,持有
2017-11-21,24.96,31.58,0.7746,251214.37,89.17,251303.55,0.9996,持有
2017-11-22,24.72,31.28,0.7709,248800.35,89.17,248889.52,0.9996,持有
2017-11-23,23.67,29.96,0.7423,238287.66,89.17,238376.83,0.9996,持有
2017-11-24,23.21,29.37,0.7278,233615.35,89.17,233704.53,0.9996,持有
2017-11-27,23.19,29.34,0.7268,233381.74,89.17,233470.91,0.9996,持有
2017-11-28,22.99,29.09,0.7210,231434.94,89.17,231524.12,0.9996,持有
2017-11-29,22.23,28.13,0.6941,223725.64,89.17,223814.81,0.9996,持有
2017-11-30,22.19,28.08,0.6926,223336.28,89.17,223425.45,0.9996,持有
2017-12-01,22.24,28.15,0.6950,223881.38,89.17,223970.55,0.9996,持有
2017-12-04,22.90,28.98,0.7189,230500.48,89.17,230589.66,0.9996,持有
2017-12-05,23.33,29.53,0.7299,234861.30,89.17,234950.48,0.9996,持有
2017-12-06,22.81,28.87,0.7144,229643.89,89.17,229733.07,0.9996,持有
2017-12-07,22.37,28.30,0.6989,225127.33,89.17,225216.50,0.9996,持有
2017-12-08,22.74,28.78,0.7125,228943.04,89.17,229032.22,0.9996,持有
2017-12-11,23.83,30.16,0.7482,239922.97,89.17,240012.14,0.9996,持有
2017-12-12,23.63,29.91,0.7408,237898.30,89.17,237987.47,0.9996,持有
2017-12-13,24.52,31.03,0.7684,246853.56,89.17,246942.73,0.9996,持有
2017-12-14,24.68,31.23,0.7718,248410.99,89.17,248500.17,0.9996,持有
2017-12-15,24.40,30.88,0.7639,245607.61,89.17,245696.78,0.9996,持有
2017-12-18,24.62,31.16,0.7710,247865.89,89.17,247955.06,0.9996,持有
2017-12-19,24.72,31.29,0.7738,248878.22,89.17,248967.40,0.9996,持有
2017-12-20,25.63,32.43,0.7852,257989.22,89.17,258078.39,0.9997,持有
2017-12-21,25.75,32.59,0.7858,259235.17,89.17,259324.34,0.9997,持有
2017-12-22,25.65,32.46,0.7849,258222.84,89.17,258312.01,0.9997,持有
2017-12-25,25.58,32.36,0.7834,257444.12,89.17,257533.29,0.9997,持有
2017-12-26,25.05,31.70,0.7760,252148.84,89.17,252238.01,0.9996,持有
2017-12-27,24.50,31.00,0.7638,246619.94,89.17,246709.11,0.9996,持有
2017-12-28,24.82,31.41,0.7736,249812.68,89.17,249901.86,0.9996,持有
2017-12-29,24.90,31.51,0.7742,250669.27,89.17,250758.45,0.9996,持有
2018-01-02,24.72,31.28,0.7695,248800.35,89.17,248889.52,0.9996,持有
2018-01-03,25.23,31.92,0.7798,253939.89,89.17,254029.06,0.9996,持有
2018-01-04,25.85,32.72,0.7885,260247.50,89.17,260336.68,0.9997,持有
2018-01-05,25.86,32.73,0.7886,260325.37,89.17,260414.55,0.9997,持有
2018-01-08,25.96,32.85,0.7898,261337.71,89.17,261426.88,0.9997,持有
2018-01-09,26.76,33.86,0.7995,269358.50,89.17,269447.68,0.9997,持有
2018-01-10,26.78,33.89,0.8006,269592.12,89.17,269681.29,0.9997,卖出(降至50%)
2018-01-11,26.48,33.51,0.7965,133330.52,133968.72,267299.24,0.4988,持有
2018-01-12,26.94,34.09,0.8062,135628.65,133968.72,269597.37,0.5031,持有
2018-01-15,26.60,33.67,0.7967,133953.74,133968.72,267922.47,0.5000,持有
2018-01-16,26.72,33.81,0.7984,134538.01,133968.72,268506.74,0.5011,持有
2018-01-17,26.76,33.86,0.7985,134732.77,133968.72,268701.49,0.5014,持有
2018-01-18,26.50,33.53,0.7949,133408.42,133968.72,267377.15,0.4990,持有
2018-01-19,26.00,32.90,0.7870,130915.54,133968.72,264884.26,0.4942,持有
2018-01-22,27.07,34.25,0.8084,136290.82,133968.72,270259.55,0.5043,持有
2018-01-23,27.43,34.71,0.8143,138121.54,133968.72,272090.26,0.5076,持有
2018-01-24,27.12,34.31,0.8086,136524.53,133968.72,270493.26,0.5047,持有
2018-01-25,26.61,33.68,0.7949,133992.69,133968.72,267961.42,0.5000,持有
2018-01-26,26.80,33.91,0.7998,134927.53,133968.72,268896.25,0.5018,持有
2018-01-29,25.89,32.77,0.7824,130370.22,133968.72,264338.94,0.4932,持有
2018-01-30,25.78,32.63,0.7799,129824.90,133968.72,263793.62,0.4921,持有
2018-01-31,26.38,33.38,0.7895,132824.15,133968.72,266792.88,0.4979,持有
2018-02-01,26.78,33.89,0.7992,134849.62,133968.72,268818.35,0.5016,持有
2018-02-02,26.83,33.95,0.8008,135083.33,133968.72,269052.06,0.5021,持有
2018-02-05,25.54,32.33,0.7746,128617.40,133968.72,262586.13,0.4898,持有
2018-02-06,25.54,32.32,0.7741,128578.45,133968.72,262547.18,0.4897,持有
2018-02-07,24.38,30.86,0.7479,122774.70,133968.72,256743.42,0.4782,持有
2018-02-08,24.38,30.85,0.7470,122735.75,133968.72,256704.47,0.4781,持有
2018-02-09,24.18,30.59,0.7424,121723.01,133968.72,255691.74,0.4761,持有
2018-02-12,24.48,30.98,0.7525,123281.07,133968.72,257249.79,0.4792,持有
2018-02-13,24.99,31.62,0.7663,125812.91,133968.72,259781.63,0.4843,持有
2018-02-14,24.95,31.57,0.7649,125618.15,133968.72,259586.87,0.4839,持有
2018-02-22,26.50,33.53,0.7928,133408.42,133968.72,267377.15,0.4990,持有
2018-02-23,26.30,33.27,0.7877,132395.69,133968.72,266364.41,0.4970,持有
2018-02-26,26.44,33.46,0.7915,133135.76,133968.72,267104.49,0.4984,持有
2018-02-27,26.06,32.98,0.7848,131227.15,133968.72,265195.87,0.4948,持有
2018-02-28,25.10,31.77,0.7665,126397.18,133968.72,260365.90,0.4855,持有
2018-03-01,25.07,31.73,0.7656,126241.37,133968.72,260210.10,0.4852,持有
2018-03-02,24.96,31.59,0.7636,125696.05,133968.72,259664.78,0.4841,持有
2018-03-05,25.05,31.70,0.7643,126124.52,133968.72,260093.24,0.4849,持有
2018-03-06,24.75,31.32,0.7586,124605.41,133968.72,258574.14,0.4819,持有
2018-03-07,23.94,30.29,0.7316,120515.52,133968.72,254484.25,0.4736,持有
2018-03-08,24.37,30.84,0.7416,122696.80,133968.72,256665.52,0.4780,持有
2018-03-09,24.05,30.44,0.7339,121099.79,133968.72,255068.52,0.4748,持有
2018-03-12,23.90,30.25,0.7288,120359.72,133968.72,254328.44,0.4732,持有
2018-03-13,24.24,30.67,0.7405,122034.62,133968.72,256003.35,0.4767,持有
2018-03-14,24.28,30.73,0.7411,122268.33,133968.72,256237.06,0.4772,持有
2018-03-15,24.79,31.37,0.7595,124800.17,133968.72,258768.90,0.4823,持有
2018-03-16,23.97,30.33,0.7310,120671.33,133968.72,254640.05,0.4739,持有
2018-03-19,23.71,30.01,0.7217,119385.93,133968.72,253354.66,0.4712,持有
2018-03-20,23.88,30.22,0.7271,120242.86,133968.72,254211.59,0.4730,持有
2018-03-21,23.57,29.83,0.7121,118684.81,133968.72,252653.53,0.4698,持有
2018-03-22,22.22,28.12,0.6665,111868.32,133968.72,245837.04,0.4551,持有
2018-03-23,21.89,27.70,0.6516,110232.36,133968.72,244201.08,0.4514,持有
2018-03-26,21.12,26.73,0.6279,106337.22,133968.72,240305.95,0.4425,持有
2018-03-27,21.96,27.78,0.6551,110543.97,133968.72,244512.70,0.4521,持有
2018-03-28,20.83,26.36,0.6168,104896.02,133968.72,238864.75,0.4391,持有
2018-03-29,21.65,27.39,0.6404,108985.92,133968.72,242954.64,0.4486,持有
2018-03-30,22.04,27.89,0.6598,110972.44,133968.72,244941.16,0.4531,持有
2018-04-02,21.63,27.37,0.6392,108908.01,133968.72,242876.74,0.4484,持有
2018-04-03,22.06,27.91,0.6611,111050.34,133968.72,245019.06,0.4532,持有
2018-04-04,23.01,29.12,0.6986,115880.31,133968.72,249849.03,0.4638,持有
2018-04-09,22.13,28.00,0.6636,111400.90,133968.72,245369.63,0.4540,持有
2018-04-10,22.16,28.04,0.6648,111556.71,133968.72,245525.43,0.4544,持有
2018-04-11,22.77,28.81,0.6898,114633.86,133968.72,248602.59,0.4611,持有
2018-04-12,22.37,28.30,0.6749,112608.39,133968.72,246577.12,0.4567,持有
2018-04-13,21.95,27.77,0.6524,110505.02,133968.72,244473.74,0.4520,持有
2018-04-16,21.67,27.42,0.6391,109102.77,133968.72,243071.50,0.4489,持有
2018-04-17,21.51,27.22,0.6342,108323.74,133968.72,242292.47,0.4471,持有
2018-04-18,21.73,27.50,0.6405,109414.38,133968.72,243383.11,0.4496,持有
2018-04-19,22.40,28.34,0.6778,112764.20,133968.72,246732.92,0.4570,持有
2018-04-20,21.52,27.23,0.6337,108362.70,133968.72,242331.42,0.4472,持有
2018-04-23,21.86,27.67,0.6473,110076.56,133968.72,244045.28,0.4510,持有
2018-04-24,22.52,28.50,0.6814,113387.42,133968.72,247356.15,0.4584,持有
2018-04-25,23.01,29.12,0.7001,115880.31,133968.72,249849.03,0.4638,持有
2018-04-26,22.59,28.59,0.6848,113737.98,133968.72,247706.71,0.4592,持有
2018-04-27,20.33,25.09,0.5622,102364.19,133968.72,236332.91,0.4331,持有
2018-05-02,19.53,24.09,0.5290,98313.24,133968.72,232281.97,0.4232,持有
2018-05-03,19.45,24.00,0.5267,97923.73,133968.72,231892.45,0.4223,持有
2018-05-04,19.21,23.70,0.5177,96716.24,133968.72,230684.96,0.4193,持有
2018-05-07,20.09,24.79,0.5559,101156.69,133968.72,235125.42,0.4302,持有
2018-05-08,20.35,25.11,0.5643,102442.09,133968.72,236410.81,0.4333,持有
2018-05-09,20.29,25.04,0.5620,102169.43,133968.72,236138.15,0.4327,持有
2018-05-10,20.41,25.18,0.5684,102753.70,133968.72,236722.42,0.4341,持有
2018-05-11,20.04,24.73,0.5512,100922.98,133968.72,234891.71,0.4297,持有
2018-05-14,20.92,25.81,0.5887,105324.49,133968.72,239293.21,0.4401,持有
2018-05-15,20.94,25.84,0.5905,105441.34,133968.72,239410.07,0.4404,持有
2018-05-16,21.33,26.32,0.6096,107388.91,133968.72,241357.64,0.4449,持有
2018-05-17,21.08,26.01,0.5996,106142.47,133968.72,240111.19,0.4421,持有
2018-05-18,21.26,26.23,0.6069,107038.35,133968.72,241007.07,0.4441,持有
2018-05-21,21.11,26.05,0.6005,106298.27,133968.72,240267.00,0.4424,持有
2018-05-22,21.10,26.04,0.5997,106259.32,133968.72,240228.05,0.4423,持有
2018-05-23,20.34,25.10,0.5617,102403.14,133968.72,236371.86,0.4332,持有
2018-05-24,20.08,24.77,0.5522,101078.79,133968.72,235047.51,0.4300,持有
2018-05-25,20.11,24.82,0.5540,101273.55,133968.72,235242.27,0.4305,持有
2018-05-28,20.75,25.60,0.5812,104467.56,133968.72,238436.28,0.4381,持有
2018-05-29,21.34,26.33,0.6129,107427.86,133968.72,241396.59,0.4450,持有
2018-05-30,21.83,26.94,0.6309,109920.75,133968.72,243889.47,0.4507,持有
2018-05-31,24.01,29.62,0.7129,120866.08,133968.72,254834.81,0.4743,持有
2018-06-01,23.37,28.84,0.6943,117672.07,133968.72,251640.80,0.4676,持有
2018-06-04,23.98,29.59,0.7122,120749.23,133968.72,254717.95,0.4741,持有
2018-06-05,24.47,30.19,0.7316,123203.16,133968.72,257171.89,0.4791,持有
2018-06-06,24.18,29.84,0.7201,121761.96,133968.72,255730.69,0.4761,持有
2018-06-07,23.80,29.37,0.7091,119853.35,133968.72,253822.07,0.4722,持有
2018-06-08,23.75,29.31,0.7067,119580.69,133968.72,253549.41,0.4716,持有
2018-06-11,23.88,29.47,0.7099,120242.86,133968.72,254211.59,0.4730,持有
2018-06-12,24.62,30.39,0.7404,123982.19,133968.72,257950.92,0.4806,持有
2018-06-13,24.25,29.92,0.7233,122073.58,133968.72,256042.30,0.4768,持有
2018-06-14,23.60,29.13,0.7012,118840.61,133968.72,252809.34,0.4701,持有
2018-06-15,23.46,28.29,0.6736,118123.02,133968.72,252091.75,0.4686,持有
2018-06-19,22.34,26.93,0.6268,112462.05,133968.72,246430.77,0.4564,持有
2018-06-20,22.97,27.69,0.6487,115651.33,133968.72,249620.05,0.4633,持有
2018-06-21,23.23,28.01,0.6625,116966.91,133968.72,250935.63,0.4661,持有
2018-06-22,23.48,28.31,0.6762,118242.62,133968.72,252211.35,0.4688,持有
2018-06-25,22.80,27.48,0.6381,114774.28,133968.72,248743.00,0.4614,持有
2018-06-26,22.95,27.66,0.6453,115531.73,133968.72,249500.46,0.4631,持有
2018-06-27,21.77,26.25,0.6027,109631.56,133968.72,243600.29,0.4500,持有
2018-06-28,21.39,25.78,0.5808,107678.13,133968.72,241646.85,0.4456,持有
2018-06-29,22.09,26.63,0.6172,111226.20,133968.72,245194.93,0.4536,持有
2018-07-02,21.37,25.77,0.5802,107598.39,133968.72,241567.12,0.4454,持有
2018-07-03,20.98,25.30,0.5628,105644.96,133968.72,239613.68,0.4409,持有
2018-07-04,20.82,25.10,0.5545,104807.77,133968.72,238776.50,0.4389,持有
2018-07-05,20.83,25.12,0.5562,104887.50,133968.72,238856.23,0.4391,持有
2018-07-06,21.75,26.22,0.6011,109511.96,133968.72,243480.69,0.4498,持有
2018-07-09,22.20,26.77,0.6234,111784.33,133968.72,245753.05,0.4549,持有
2018-07-10,22.11,26.65,0.6185,111305.93,133968.72,245274.66,0.4538,持有
2018-07-11,21.94,26.45,0.6132,110468.75,133968.72,244437.47,0.4519,持有
2018-07-12,22.26,26.83,0.6254,112063.39,133968.72,246032.11,0.4555,持有
2018-07-13,22.57,27.21,0.6326,113618.16,133968.72,247586.89,0.4589,持有
2018-07-16,22.49,27.12,0.6313,113259.37,133968.72,247228.09,0.4581,持有
2018-07-17,21.88,26.39,0.6115,110189.69,133968.72,244158.41,0.4513,持有
2018-07-18,21.88,26.39,0.6112,110189.69,133968.72,244158.41,0.4513,持有
2018-07-19,21.49,25.91,0.5864,108196.38,133968.72,242165.11,0.4468,持有
2018-07-20,21.81,26.30,0.6031,109830.89,133968.72,243799.62,0.4505,持有
2018-07-23,21.85,26.34,0.6073,109990.36,133968.72,243959.08,0.4509,持有
2018-07-24,22.19,26.75,0.6224,111704.59,133968.72,245673.32,0.4547,持有
2018-07-25,21.81,26.29,0.6012,109791.03,133968.72,243759.75,0.4504,持有
2018-07-26,21.35,25.75,0.5760,107518.66,133968.72,241487.39,0.4452,持有
2018-07-27,21.31,25.70,0.5732,107319.33,133968.72,241288.06,0.4448,持有
2018-07-30,21.13,25.48,0.5655,106402.41,133968.72,240371.14,0.4427,持有
2018-07-31,20.93,25.24,0.5557,105405.76,133968.72,239374.49,0.4403,持有
2018-08-01,20.48,24.70,0.5356,103133.40,133968.72,237102.12,0.4350,持有
2018-08-02,19.86,23.94,0.5084,99983.98,133968.72,233952.71,0.4274,持有
2018-08-03,19.74,23.80,0.5037,99385.99,133968.72,233354.72,0.4259,持有
2018-08-06,20.04,24.16,0.5144,100900.90,133968.72,234869.63,0.4296,持有
2018-08-07,20.71,24.97,0.5459,104289.51,133968.72,238258.24,0.4377,持有
2018-08-08,20.63,24.87,0.5432,103850.99,133968.72,237819.71,0.4367,持有
2018-08-09,21.43,25.84,0.5821,107917.32,133968.72,241886.05,0.4461,持有
2018-08-10,21.71,26.18,0.5981,109312.63,133968.72,243281.36,0.4493,持有
2018-08-13,21.58,26.02,0.5924,108674.78,133968.72,242643.50,0.4479,持有
2018-08-14,21.35,25.75,0.5767,107518.66,133968.72,241487.39,0.4452,持有
2018-08-15,20.58,24.81,0.5398,103611.79,133968.72,237580.52,0.4361,持有
2018-08-16,20.58,24.81,0.5396,103611.79,133968.72,237580.52,0.4361,持有
2018-08-17,20.19,24.34,0.5195,101658.36,133968.72,235627.08,0.4314,持有
2018-08-20,20.16,24.30,0.5178,101498.89,133968.72,235467.62,0.4311,持有
2018-08-21,21.13,25.48,0.5664,106402.41,133968.72,240371.14,0.4427,持有
2018-08-22,21.08,25.41,0.5627,106123.35,133968.72,240092.08,0.4420,持有
2018-08-23,20.97,25.29,0.5590,105605.09,133968.72,239573.82,0.4408,持有
2018-08-24,20.86,25.15,0.5537,105046.97,133968.72,239015.69,0.4395,持有
2018-08-27,21.53,25.96,0.5904,108395.71,133968.72,242364.44,0.4472,持有
2018-08-28,21.29,25.67,0.5744,107199.73,133968.72,241168.46,0.4445,持有
2018-08-29,21.03,25.35,0.5618,105884.16,133968.72,239852.88,0.4415,持有
2018-08-30,20.65,24.90,0.5418,103970.59,133968.72,237939.31,0.4370,持有
2018-08-31,19.16,24.18,0.5101,96475.77,133968.72,230444.50,0.4187,持有
2018-09-03,18.80,23.72,0.4966,94641.94,133968.72,228610.66,0.4140,持有
2018-09-04,19.01,23.99,0.5057,95718.32,133968.72,229687.04,0.4167,持有
2018-09-05,18.53,23.38,0.4902,93286.49,133968.72,227255.22,0.4105,持有
2018-09-06,17.74,22.38,0.4595,89299.89,133968.72,223268.61,0.4000,持有
2018-09-07,17.81,22.47,0.4666,89658.68,133968.72,223627.41,0.4009,持有
2018-09-10,17.93,22.62,0.4713,90256.67,133968.72,224225.40,0.4025,持有
2018-09-11,18.19,22.95,0.4784,91572.25,133968.72,225540.98,0.4060,持有
2018-09-12,17.81,22.47,0.4659,89658.68,133968.72,223627.41,0.4009,持有
2018-09-13,18.12,22.86,0.4775,91213.46,133968.72,225182.18,0.4051,持有
2018-09-14,18.39,23.21,0.4875,92608.77,133968.72,226577.49,0.4087,持有
2018-09-17,18.39,23.21,0.4873,92608.77,133968.72,226577.49,0.4087,持有
2018-09-18,18.71,23.61,0.4958,94203.41,133968.72,228172.13,0.4129,持有
2018-09-19,19.03,24.01,0.5098,95798.05,133968.72,229766.78,0.4169,持有
2018-09-20,19.19,24.22,0.5154,96635.24,133968.72,230603.96,0.4191,持有
2018-09-21,19.73,24.90,0.5454,99346.13,133968.72,233314.85,0.4258,持有
2018-09-25,19.50,24.61,0.5320,98190.01,133968.72,232158.74,0.4229,持有
2018-09-26,20.03,25.28,0.5615,100861.04,133968.72,234829.76,0.4295,持有
2018-09-27,19.94,25.16,0.5573,100382.64,133968.72,234351.37,0.4283,持有
2018-09-28,20.33,25.66,0.5785,102375.95,133968.72,236344.67,0.4332,持有
2018-10-08,19.18,24.20,0.5119,96555.51,133968.72,230524.23,0.4189,持有
2018-10-09,19.68,24.84,0.5428,99106.93,133968.72,233075.66,0.4252,持有
2018-10-10,19.75,24.93,0.5460,99465.73,133968.72,233434.45,0.4261,持有
2018-10-11,19.15,24.17,0.5107,96435.91,133968.72,230404.63,0.4186,持有
2018-10-12,20.02,25.27,0.5620,100821.17,133968.72,234789.89,0.4294,持有
2018-10-15,19.91,25.12,0.5549,100223.18,133968.72,234191.90,0.4280,持有
2018-10-16,19.80,24.99,0.5483,99704.92,133968.72,233673.65,0.4267,持有
2018-10-17,19.26,24.30,0.5170,96954.17,133968.72,230922.89,0.4199,持有
2018-10-18,18.97,23.94,0.5027,95518.99,133968.72,229487.71,0.4162,持有
2018-10-19,19.85,25.05,0.5509,99944.12,133968.72,233912.84,0.4273,持有
2018-10-22,20.97,26.47,0.6238,105605.09,133968.72,239573.82,0.4408,持有
2018-10-23,20.30,25.62,0.5785,102216.48,133968.72,236185.21,0.4328,持有
2018-10-24,18.84,23.78,0.4964,94881.13,133968.72,228849.86,0.4146,持有
2018-10-25,18.56,23.42,0.4874,93445.96,133968.72,227414.68,0.4109,持有
2018-10-26,18.06,22.79,0.4707,90934.40,133968.72,224903.12,0.4043,持有
2018-10-29,16.66,21.03,0.3506,83878.11,133968.72,217846.84,0.3850,持有
2018-10-30,16.92,21.36,0.3804,85193.69,133968.72,219162.41,0.3887,持有
2018-10-31,17.48,21.96,0.4295,88024.18,133968.72,221992.90,0.3965,持有
2018-11-01,17.66,22.19,0.4408,88941.10,133968.72,222909.82,0.3990,持有
2018-11-02,18.69,23.48,0.4903,94123.68,133968.72,228092.40,0.4127,持有
2018-11-05,18.39,23.09,0.4781,92568.90,133968.72,226537.63,0.4086,持有
2018-11-06,18.13,22.78,0.4706,91293.19,133968.72,225261.92,0.4053,持有
2018-11-07,18.14,22.79,0.4713,91333.06,133968.72,225301.78,0.4054,持有
2018-11-08,18.12,22.76,0.4692,91213.46,133968.72,225182.18,0.4051,持有
2018-11-09,18.11,22.75,0.4689,91173.59,133968.72,225142.32,0.4050,持有
2018-11-12,18.37,23.07,0.4783,92489.17,133968.72,226457.90,0.4084,持有
2018-11-13,18.90,23.74,0.4978,95160.20,133968.72,229128.92,0.4153,持有
2018-11-14,18.64,23.41,0.4894,93844.62,133968.72,227813.34,0.4119,持有
2018-11-15,18.65,23.42,0.4897,93884.48,133968.72,227853.21,0.4120,持有
2018-11-16,18.80,23.62,0.4947,94681.80,133968.72,228650.53,0.4141,持有
2018-11-19,18.92,23.77,0.5002,95279.79,133968.72,229248.52,0.4156,持有
2018-11-20,18.62,23.39,0.4885,93764.88,133968.72,227733.61,0.4117,持有
2018-11-21,19.00,23.87,0.5041,95678.45,133968.72,229647.18,0.4166,持有
2018-11-22,18.96,23.81,0.5029,95439.26,133968.72,229407.98,0.4160,持有
2018-11-23,18.57,23.32,0.4873,93485.82,133968.72,227454.55,0.4110,持有
2018-11-26,18.49,23.22,0.4837,93087.16,133968.72,227055.89,0.4100,持有
2018-11-27,18.39,23.10,0.4782,92608.77,133968.72,226577.49,0.4087,持有
2018-11-28,18.59,23.35,0.4880,93605.42,133968.72,227574.14,0.4113,持有
2018-11-29,18.57,23.32,0.4873,93485.82,133968.72,227454.55,0.4110,持有
2018-11-30,18.87,23.70,0.4976,95000.73,133968.72,228969.46,0.4149,持有
2018-12-03,19.19,24.11,0.5146,96635.24,133968.72,230603.96,0.4191,持有
2018-12-04,19.16,24.07,0.5134,96475.77,133968.72,230444.50,0.4187,持有
2018-12-05,18.84,23.67,0.4964,94881.13,133968.72,228849.86,0.4146,持有
2018-12-06,18.21,22.87,0.4699,91691.85,133968.72,225660.58,0.4063,持有
2018-12-07,18.23,22.89,0.4702,91771.58,133968.72,225740.31,0.4065,持有
2018-12-10,17.88,22.46,0.4542,90017.48,133968.72,223986.20,0.4019,持有
2018-12-11,18.09,22.73,0.4636,91093.86,133968.72,225062.59,0.4047,持有
2018-12-12,18.21,22.87,0.4700,91691.85,133968.72,225660.58,0.4063,持有
2018-12-13,18.52,23.26,0.4855,93246.63,133968.72,227215.35,0.4104,持有
2018-12-14,18.44,23.16,0.4814,92847.97,133968.72,226816.69,0.4094,持有
2018-12-17,18.17,22.82,0.4684,91492.52,133968.72,225461.25,0.4058,持有
2018-12-18,17.88,22.46,0.4529,90017.48,133968.72,223986.20,0.4019,持有
2018-12-19,17.50,21.98,0.4233,88103.91,133968.72,222072.63,0.3967,持有
2018-12-20,17.68,22.21,0.4354,89020.83,133968.72,222989.55,0.3992,持有
2018-12-21,17.51,22.00,0.4243,88183.64,133968.72,222152.37,0.3970,持有
2018-12-24,17.56,22.06,0.4265,88422.84,133968.72,222391.56,0.3976,持有
2018-12-25,17.76,22.31,0.4419,89419.49,133968.72,223388.21,0.4003,持有
2018-12-26,17.75,22.30,0.4412,89379.62,133968.72,223348.35,0.4002,持有
2018-12-27,17.58,22.08,0.4268,88502.57,133968.72,222471.29,0.3978,持有
2018-12-28,18.12,22.76,0.4664,91213.46,133968.72,225182.18,0.4051,持有
2019-01-02,17.80,22.36,0.4463,89618.82,133968.72,223587.54,0.4008,持有
2019-01-03,17.66,22.18,0.4338,88901.23,133968.72,222869.95,0.3989,持有
2019-01-04,17.83,22.40,0.4496,89778.28,133968.72,223747.01,0.4012,持有
2019-01-07,18.03,22.65,0.4636,90774.93,133968.72,224743.66,0.4039,持有
2019-01-08,17.89,22.48,0.4577,90097.21,133968.72,224065.93,0.4021,持有
2019-01-09,18.05,22.68,0.4641,90894.53,133968.72,224863.26,0.4042,持有
2019-01-10,18.29,22.97,0.4762,92090.51,133968.72,226059.24,0.4074,持有
2019-01-11,18.61,23.38,0.4934,93725.02,133968.72,227693.74,0.4116,持有
2019-01-14,18.36,23.06,0.4790,92449.31,133968.72,226418.03,0.4083,持有
2019-01-15,19.08,23.97,0.5160,96077.11,133968.72,230045.84,0.4176,持有
2019-01-16,19.00,23.87,0.5111,95678.45,133968.72,229647.18,0.4166,持有
2019-01-17,19.06,23.94,0.5137,95957.52,133968.72,229926.24,0.4173,持有
2019-01-18,19.36,24.32,0.5308,97472.42,133968.72,231441.15,0.4212,持有
2019-01-21,19.62,24.64,0.5452,98788.00,133968.72,232756.73,0.4244,持有
2019-01-22,19.34,24.30,0.5289,97392.69,133968.72,231361.42,0.4210,持有
2019-01-23,19.24,24.17,0.5221,96874.43,133968.72,230843.16,0.4197,持有
2019-01-24,19.27,24.21,0.5237,97033.90,133968.72,231002.62,0.4201,持有
2019-01-25,19.34,24.30,0.5291,97392.69,133968.72,231361.42,0.4210,持有
2019-01-28,19.17,24.08,0.5190,96515.64,133968.72,230484.36,0.4188,持有
2019-01-29,19.24,24.17,0.5216,96874.43,133968.72,230843.16,0.4197,持有
2019-01-30,19.08,23.97,0.5143,96077.11,133968.72,230045.84,0.4176,持有
2019-01-31,19.15,24.05,0.5173,96396.04,133968.72,230364.77,0.4184,持有
2019-02-01,19.43,24.41,0.5363,97831.22,133968.72,231799.94,0.4221,持有
2019-02-11,20.00,25.12,0.5698,100701.57,133968.72,234670.30,0.4291,持有
2019-02-12,19.94,25.04,0.5648,100382.64,133968.72,234351.37,0.4283,持有
2019-02-13,20.19,25.36,0.5823,101658.36,133968.72,235627.08,0.4314,持有
2019-02-14,20.57,25.84,0.6031,103571.93,133968.72,237540.65,0.4360,持有
2019-02-15,20.13,25.28,0.5771,101339.43,133968.72,235308.15,0.4307,持有
2019-02-18,20.44,25.68,0.5955,102934.07,133968.72,236902.79,0.4345,持有
2019-02-19,20.13,25.29,0.5784,101379.29,133968.72,235348.02,0.4308,持有
2019-02-20,20.23,25.41,0.5828,101857.69,133968.72,235826.41,0.4319,持有
2019-02-21,20.19,25.36,0.5816,101658.36,133968.72,235627.08,0.4314,持有
2019-02-22,20.19,25.36,0.5814,101658.36,133968.72,235627.08,0.4314,持有
2019-02-25,20.99,26.37,0.6333,105684.83,133968.72,239653.55,0.4410,持有
2019-02-26,20.80,26.13,0.6195,104728.04,133968.72,238696.76,0.4387,持有
2019-02-27,21.09,26.48,0.6392,106163.22,133968.72,240131.94,0.4421,持有
2019-02-28,21.41,25.52,0.5886,107797.72,133968.72,241766.45,0.4459,持有
2019-03-01,22.02,26.25,0.6251,110867.41,133968.72,244836.13,0.4528,持有
2019-03-04,22.15,26.40,0.6374,111505.26,133968.72,245473.99,0.4542,持有
2019-03-05,21.96,26.18,0.6208,110588.35,133968.72,244557.07,0.4522,持有
2019-03-06,21.63,25.79,0.6010,108913.97,133968.72,242882.70,0.4484,持有
2019-03-07,21.01,25.04,0.5604,105764.56,133968.72,239733.28,0.4412,持有
2019-03-08,20.86,24.87,0.5531,105046.97,133968.72,239015.69,0.4395,持有
2019-03-11,21.23,25.30,0.5775,106880.81,133968.72,240849.53,0.4438,持有
2019-03-12,21.29,25.38,0.5809,107199.73,133968.72,241168.46,0.4445,持有
2019-03-13,20.88,24.89,0.5533,105126.70,133968.72,239095.43,0.4397,持有
2019-03-14,20.84,24.84,0.5507,104927.37,133968.72,238896.09,0.4392,持有
2019-03-15,21.05,25.10,0.5630,106003.75,133968.72,239972.48,0.4417,持有
2019-03-18,22.61,26.96,0.6562,113857.36,133968.72,247826.08,0.4594,持有
2019-03-19,22.21,26.47,0.6406,111824.19,133968.72,245792.92,0.4550,持有
2019-03-20,22.14,26.39,0.6380,111465.40,133968.72,245434.12,0.4542,持有
2019-03-21,21.88,26.08,0.6178,110149.82,133968.72,244118.54,0.4512,持有
2019-03-22,22.11,26.35,0.6328,111305.93,133968.72,245274.66,0.4538,持有
2019-03-25,21.51,25.64,0.5928,108315.98,133968.72,242284.71,0.4471,持有
2019-03-26,21.66,25.81,0.6018,109033.57,133968.72,243002.30,0.4487,持有
2019-03-27,22.33,26.62,0.6448,112422.18,133968.72,246390.91,0.4563,持有
2019-03-28,22.41,26.71,0.6478,112820.84,133968.72,246789.57,0.4572,持有
2019-03-29,23.05,27.48,0.6682,116049.99,133968.72,250018.72,0.4642,持有
2019-04-01,23.57,28.10,0.6951,118681.15,133968.72,252649.87,0.4697,持有
2019-04-02,23.21,27.66,0.6750,116847.31,133968.72,250816.04,0.4659,持有
2019-04-03,23.22,27.68,0.6769,116927.04,133968.72,250895.77,0.4660,持有
2019-04-04,23.58,28.11,0.6955,118721.01,133968.72,252689.74,0.4698,持有
2019-04-08,23.21,27.01,0.6575,116842.99,133968.72,250811.71,0.4659,持有
2019-04-09,25.14,29.26,0.7321,126559.49,133968.72,260528.22,0.4858,持有
2019-04-10,25.53,29.72,0.7414,128559.95,133968.72,262528.67,0.4897,持有
2019-04-11,24.58,28.62,0.7130,123783.35,133968.72,257752.07,0.4802,持有
2019-04-12,24.33,28.32,0.7040,122476.93,133968.72,256445.65,0.4776,持有
2019-04-15,24.33,28.32,0.7037,122476.93,133968.72,256445.65,0.4776,持有
2019-04-16,25.03,29.14,0.7281,126028.76,133968.72,259997.48,0.4847,持有
2019-04-17,24.96,29.05,0.7250,125661.33,133968.72,259630.05,0.4840,持有
2019-04-18,25.01,29.11,0.7261,125906.28,133968.72,259875.01,0.4845,持有
2019-04-19,25.25,29.39,0.7353,127131.05,133968.72,261099.78,0.4869,持有
2019-04-22,25.12,29.24,0.7314,126477.84,133968.72,260446.57,0.4856,持有
2019-04-23,24.71,28.77,0.7155,124436.56,133968.72,258405.28,0.4816,持有
2019-04-24,24.93,29.01,0.7229,125498.03,133968.72,259466.75,0.4837,持有
2019-04-25,24.69,28.74,0.7134,124314.08,133968.72,258282.81,0.4813,持有
2019-04-26,24.33,27.56,0.6661,122476.93,133968.72,256445.65,0.4776,持有
2019-04-29,24.93,28.25,0.6977,125538.85,133968.72,259507.58,0.4838,持有
2019-04-30,25.14,28.48,0.7061,126559.49,133968.72,260528.22,0.4858,持有
2019-05-06,24.33,27.56,0.6651,122476.93,133968.72,256445.65,0.4776,持有
2019-05-07,24.77,28.15,0.6949,124722.34,133968.72,258691.06,0.4821,持有
2019-05-08,24.44,27.78,0.6768,123048.49,133968.72,257017.21,0.4788,持有
2019-05-09,23.66,26.89,0.6469,119129.23,133968.72,253097.95,0.4707,持有
2019-05-10,24.54,27.89,0.6817,123538.40,133968.72,257507.12,0.4797,持有
2019-05-13,24.65,28.02,0.6873,124109.95,133968.72,258078.68,0.4809,持有
2019-05-14,24.34,27.67,0.6706,122558.58,133968.72,256527.30,0.4778,持有
2019-05-15,25.16,28.60,0.7112,126681.97,133968.72,260650.69,0.4860,持有
2019-05-16,25.46,28.94,0.7209,128192.52,133968.72,262161.24,0.4890,持有
2019-05-17,24.66,28.03,0.6870,124150.78,133968.72,258119.50,0.4810,持有
2019-05-20,24.39,27.72,0.6726,122803.53,133968.72,256772.26,0.4783,持有
2019-05-21,24.53,27.88,0.6804,123497.57,133968.72,257466.29,0.4797,持有
2019-05-22,24.57,27.92,0.6833,123701.70,133968.72,257670.42,0.4801,持有
2019-05-23,24.25,27.57,0.6626,122109.50,133968.72,256078.22,0.4768,持有
2019-05-24,24.24,27.56,0.6600,122068.67,133968.72,256037.40,0.4768,持有
2019-05-27,24.33,27.66,0.6670,122517.75,133968.72,256486.48,0.4777,持有
2019-05-28,24.61,27.97,0.6848,123905.83,133968.72,257874.55,0.4805,持有
2019-05-29,24.26,27.57,0.6632,122150.32,133968.72,256119.05,0.4769,持有
2019-05-30,24.37,27.70,0.6715,122721.88,133968.72,256690.61,0.4781,持有
2019-05-31,24.33,27.66,0.6662,122517.75,133968.72,256486.48,0.4777,持有
2019-06-03,24.80,28.19,0.6985,124885.64,133968.72,258854.37,0.4825,持有
2019-06-04,24.56,27.92,0.6828,123660.87,133968.72,257629.60,0.4800,持有
2019-06-05,24.42,27.76,0.6739,122966.84,133968.72,256935.56,0.4786,持有
2019-06-06,24.33,27.65,0.6650,122476.93,133968.72,256445.65,0.4776,持有
2019-06-10,24.88,28.28,0.6999,125253.07,133968.72,259221.80,0.4832,持有
2019-06-11,26.30,29.89,0.7519,132397.56,133968.72,266366.28,0.4971,持有
2019-06-12,25.74,29.26,0.7358,129621.42,133968.72,263590.14,0.4918,持有
2019-06-13,25.59,29.09,0.7278,128845.73,133968.72,262814.45,0.4903,持有
2019-06-14,25.77,29.29,0.7360,129743.89,133968.72,263712.62,0.4920,持有
2019-06-17,25.55,29.04,0.7262,128641.60,133968.72,262610.33,0.4899,持有
2019-06-18,25.56,29.05,0.7264,128682.43,133968.72,262651.15,0.4899,持有
2019-06-19,25.74,29.26,0.7355,129621.42,133968.72,263590.14,0.4918,持有
2019-06-20,26.45,30.06,0.7594,133173.25,133968.72,267141.97,0.4985,持有
2019-06-21,26.21,29.79,0.7470,131948.48,133968.72,265917.20,0.4962,持有
2019-06-24,26.21,29.80,0.7471,131989.30,133968.72,265958.03,0.4963,持有
2019-06-25,26.30,29.90,0.7530,132438.39,133968.72,266407.11,0.4971,持有
2019-06-26,26.62,30.26,0.7648,134030.59,133968.72,267999.31,0.5001,持有
2019-06-27,26.85,30.52,0.7716,135173.70,133968.72,269142.43,0.5022,持有
2019-06-28,27.09,30.79,0.7771,136398.47,133968.72,270367.20,0.5045,持有
2019-07-01,27.78,31.58,0.7961,139868.65,133968.72,273837.38,0.5108,持有
2019-07-02,27.95,31.77,0.8006,140725.99,133968.72,274694.72,0.5123,持有
2019-07-03,27.20,30.92,0.7815,136970.03,133968.72,270938.76,0.5055,持有
2019-07-04,27.09,30.79,0.7757,136398.47,133968.72,270367.20,0.5045,持有
2019-07-05,27.14,30.85,0.7785,136643.43,133968.72,270612.15,0.5049,持有
2019-07-08,26.74,30.40,0.7674,134642.97,133968.72,268611.69,0.5013,持有
2019-07-09,26.98,30.66,0.7734,135826.91,133968.72,269795.64,0.5034,持有
2019-07-10,26.89,30.56,0.7703,135377.83,133968.72,269346.56,0.5026,持有
2019-07-11,27.47,31.23,0.7887,138317.28,133968.72,272286.00,0.5080,持有
2019-07-12,27.43,31.18,0.7879,138113.15,133968.72,272081.87,0.5076,持有
2019-07-15,27.34,31.08,0.7849,137664.07,133968.72,271632.79,0.5068,持有
2019-07-16,26.51,30.13,0.7551,133459.03,133968.72,267427.75,0.4990,持有
2019-07-17,26.34,29.94,0.7503,132601.69,133968.72,266570.41,0.4974,持有
2019-07-18,26.04,29.59,0.7357,131091.14,133968.72,265059.86,0.4946,持有
2019-07-19,26.15,29.72,0.7399,131662.70,133968.72,265631.42,0.4957,持有
2019-07-22,26.16,29.73,0.7400,131703.52,133968.72,265672.25,0.4957,持有
2019-07-23,26.03,29.59,0.7343,131050.31,133968.72,265019.04,0.4945,持有
2019-07-24,26.29,29.88,0.7469,132356.73,133968.72,266325.46,0.4970,持有
2019-07-25,26.27,29.86,0.7457,132275.08,133968.72,266243.81,0.4968,持有
2019-07-26,26.22,29.81,0.7413,132030.13,133968.72,265998.85,0.4964,持有
2019-07-29,26.14,29.71,0.7379,131621.87,133968.72,265590.60,0.4956,持有
2019-07-30,25.91,29.45,0.7309,130437.93,133968.72,264406.65,0.4933,持有
2019-07-31,25.30,28.76,0.7066,127376.01,133968.72,261344.73,0.4874,持有
2019-08-01,25.40,28.87,0.7098,127865.91,133968.72,261834.64,0.4883,持有
2019-08-02,25.25,28.70,0.7038,127131.05,133968.72,261099.78,0.4869,持有
2019-08-05,24.98,28.40,0.6941,125783.81,133968.72,259752.53,0.4842,持有
2019-08-06,22.78,25.90,0.5844,114720.06,133968.72,248688.78,0.4613,持有
2019-08-07,22.83,25.95,0.5868,114965.01,133968.72,248933.73,0.4618,持有
2019-08-08,22.75,25.86,0.5817,114556.75,133968.72,248525.48,0.4609,持有
2019-08-09,22.22,25.25,0.5469,111862.26,133968.72,245830.99,0.4550,持有
2019-08-12,22.82,25.94,0.5865,114883.36,133968.72,248852.08,0.4617,持有
2019-08-13,22.87,26.00,0.5902,115169.14,133968.72,249137.86,0.4623,持有
2019-08-14,22.89,26.02,0.5913,115250.79,133968.72,249219.51,0.4624,持有
2019-08-15,22.82,25.94,0.5857,114883.36,133968.72,248852.08,0.4617,持有
2019-08-16,23.27,26.45,0.6159,117169.60,133968.72,251138.32,0.4666,持有
2019-08-19,23.68,26.91,0.6315,119210.88,133968.72,253179.60,0.4709,持有
2019-08-20,23.49,26.70,0.6237,118271.89,133968.72,252240.61,0.4689,持有
2019-08-21,22.85,25.97,0.5882,115046.66,133968.72,249015.39,0.4620,持有
2019-08-22,22.94,26.07,0.5941,115495.74,133968.72,249464.47,0.4630,持有
2019-08-23,23.19,26.36,0.6093,116761.34,133968.72,250730.06,0.4657,持有
2019-08-26,22.84,25.96,0.5865,115005.84,133968.72,248974.56,0.4619,持有
2019-08-27,23.23,26.41,0.6153,116965.47,133968.72,250934.19,0.4661,持有
2019-08-28,23.90,27.17,0.6388,120354.00,133968.72,254322.72,0.4732,持有
2019-08-29,23.60,26.82,0.6297,118802.62,133968.72,252771.35,0.4700,持有
2019-08-30,23.23,25.79,0.5727,116965.47,133968.72,250934.19,0.4661,持有
2019-09-02,23.17,25.72,0.5677,116679.69,133968.72,250648.41,0.4655,持有
2019-09-03,23.04,25.57,0.5608,115985.65,133968.72,249954.38,0.4640,持有
2019-09-04,23.13,25.68,0.5663,116475.56,133968.72,250444.28,0.4651,持有
2019-09-05,23.53,26.12,0.5950,118476.02,133968.72,252444.74,0.4693,持有
2019-09-06,23.62,26.22,0.5996,118925.10,133968.72,252893.82,0.4703,持有
2019-09-09,24.07,26.72,0.6260,121211.33,133968.72,255180.06,0.4750,持有
2019-09-10,24.37,27.05,0.6380,122721.88,133968.72,256690.61,0.4781,持有
2019-09-11,24.11,26.76,0.6286,121374.64,133968.72,255343.36,0.4753,持有
2019-09-12,24.12,26.78,0.6296,121456.29,133968.72,255425.01,0.4755,持有
2019-09-16,23.77,26.39,0.6136,119700.79,133968.72,253669.51,0.4719,持有
2019-09-17,23.45,26.03,0.5892,118067.76,133968.72,252036.48,0.4685,持有
2019-09-18,23.51,26.10,0.5934,118394.36,133968.72,252363.09,0.4691,持有
2019-09-19,23.34,25.91,0.5804,117537.03,133968.72,251505.75,0.4673,持有
2019-09-20,23.43,26.00,0.5872,117945.28,133968.72,251914.01,0.4682,持有
2019-09-23,23.02,25.55,0.5576,115904.00,133968.72,249872.72,0.4639,持有
2019-09-24,22.95,25.47,0.5526,115536.57,133968.72,249505.29,0.4631,持有
2019-09-25,22.57,25.06,0.5292,113658.59,133968.72,247627.31,0.4590,持有
2019-09-26,22.74,25.25,0.5390,114515.93,133968.72,248484.65,0.4609,持有
2019-09-27,22.94,25.46,0.5514,115495.74,133968.72,249464.47,0.4630,持有
2019-09-30,23.13,25.67,0.5638,116434.73,133968.72,250403.46,0.4650,持有
2019-10-08,23.14,25.69,0.5658,116516.38,133968.72,250485.11,0.4652,持有
2019-10-09,22.87,25.38,0.5485,115128.31,133968.72,249097.04,0.4622,持有
2019-10-10,23.08,25.62,0.5614,116230.61,133968.72,250199.33,0.4646,持有
2019-10-11,22.95,25.47,0.5524,115536.57,133968.72,249505.29,0.4631,持有
2019-10-14,23.13,25.68,0.5648,116475.56,133968.72,250444.28,0.4651,持有
2019-10-15,23.20,25.75,0.5706,116802.16,133968.72,250770.89,0.4658,持有
2019-10-16,22.93,25.45,0.5491,115454.92,133968.72,249423.64,0.4629,持有
2019-10-17,22.85,25.36,0.5467,115046.66,133968.72,249015.39,0.4620,持有
2019-10-18,22.71,25.21,0.5360,114352.63,133968.72,248321.35,0.4605,持有
2019-10-21,22.61,25.10,0.5293,113862.72,133968.72,247831.44,0.4594,持有
2019-10-22,22.68,25.17,0.5351,114189.32,133968.72,248158.05,0.4601,持有
2019-10-23,22.44,24.90,0.5193,112964.55,133968.72,246933.28,0.4575,持有
2019-10-24,22.01,24.44,0.4974,110841.62,133968.72,244810.34,0.4528,持有
2019-10-25,22.19,24.63,0.5063,111739.78,133968.72,245708.51,0.4548,持有
2019-10-28,22.39,24.85,0.5165,112719.60,133968.72,246688.32,0.4569,持有
2019-10-29,22.71,25.21,0.5370,114352.63,133968.72,248321.35,0.4605,持有
2019-10-30,21.99,24.41,0.4957,110719.14,133968.72,244687.87,0.4525,持有
2019-10-31,23.51,25.18,0.5361,118394.36,133968.72,252363.09,0.4691,持有
2019-11-01,23.87,25.56,0.5601,120190.69,133968.72,254159.42,0.4729,持有
2019-11-04,23.88,25.57,0.5603,120231.52,133968.72,254200.24,0.4730,持有
2019-11-05,24.22,25.93,0.5859,121946.20,133968.72,255914.92,0.4765,持有
2019-11-06,23.90,25.59,0.5615,120313.17,133968.72,254281.89,0.4731,持有
2019-11-07,24.04,25.74,0.5720,121048.03,133968.72,255016.76,0.4747,持有
2019-11-08,23.90,25.59,0.5610,120313.17,133968.72,254281.89,0.4731,持有
2019-11-11,23.51,25.18,0.5345,118394.36,133968.72,252363.09,0.4691,持有
2019-11-12,23.67,25.34,0.5446,119170.05,133968.72,253138.78,0.4708,持有
2019-11-13,23.68,25.35,0.5448,119210.88,133968.72,253179.60,0.4709,持有
2019-11-14,23.60,25.26,0.5390,118802.62,133968.72,252771.35,0.4700,持有
2019-11-15,23.47,25.13,0.5306,118190.24,133968.72,252158.96,0.4687,持有
2019-11-18,23.51,25.18,0.5338,118394.36,133968.72,252363.09,0.4691,持有
2019-11-19,24.17,25.88,0.5830,121701.24,133968.72,255669.97,0.4760,持有
2019-11-20,23.85,25.53,0.5582,120068.22,133968.72,254036.94,0.4726,持有
2019-11-21,23.64,25.31,0.5438,119006.75,133968.72,252975.47,0.4704,持有
2019-11-22,23.52,25.19,0.5350,118435.19,133968.72,252403.91,0.4692,持有
2019-11-25,23.63,25.30,0.5425,118965.92,133968.72,252934.65,0.4703,持有
2019-11-26,23.80,25.48,0.5564,119823.26,133968.72,253791.99,0.4721,持有
2019-11-27,23.90,25.59,0.5635,120354.00,133968.72,254322.72,0.4732,持有
2019-11-28,23.84,25.53,0.5581,120027.39,133968.72,253996.11,0.4726,持有
2019-11-29,23.59,25.26,0.5368,118761.80,133968.72,252730.52,0.4699,持有
2019-12-02,24.06,25.76,0.5760,121129.68,133968.72,255098.41,0.4748,持有
2019-12-03,24.63,26.38,0.6190,124028.30,133968.72,257997.03,0.4807,持有
2019-12-04,24.71,26.45,0.6247,124395.73,133968.72,258364.46,0.4815,持有
2019-12-05,24.50,26.24,0.6082,123375.09,133968.72,257343.82,0.4794,持有
2019-12-06,24.53,26.26,0.6097,123497.57,133968.72,257466.29,0.4797,持有
2019-12-09,25.01,26.78,0.6389,125947.11,133968.72,259915.83,0.4846,持有
2019-12-10,24.81,26.57,0.6284,124926.47,133968.72,258895.19,0.4825,持有
2019-12-11,24.50,26.24,0.6072,123375.09,133968.72,257343.82,0.4794,持有
2019-12-12,24.54,26.28,0.6099,123579.22,133968.72,257547.95,0.4798,持有
2019-12-13,24.85,26.61,0.6297,125130.60,133968.72,259099.32,0.4829,持有
2019-12-16,24.68,26.43,0.6235,124273.26,133968.72,258241.98,0.4812,持有
2019-12-17,24.97,26.73,0.6355,125702.15,133968.72,259670.88,0.4841,持有
2019-12-18,24.69,26.44,0.6233,124314.08,133968.72,258282.81,0.4813,持有
2019-12-19,24.28,26.00,0.5924,122272.80,133968.72,256241.52,0.4772,持有
2019-12-20,24.33,26.06,0.5964,122517.75,133968.72,256486.48,0.4777,持有
2019-12-23,24.20,25.92,0.5847,121864.54,133968.72,255833.27,0.4763,持有
2019-12-24,24.52,26.25,0.6083,123456.74,133968.72,257425.47,0.4796,持有
2019-12-25,24.31,26.03,0.5944,122395.28,133968.72,256364.00,0.4774,持有
2019-12-26,24.42,26.15,0.6009,122966.84,133968.72,256935.56,0.4786,持有
2019-12-27,24.84,26.60,0.6304,125089.77,133968.72,259058.49,0.4829,持有
2019-12-30,25.00,26.76,0.6395,125865.46,133968.72,259834.18,0.4844,持有
2019-12-31,25.09,26.86,0.6435,126314.54,133968.72,260283.26,0.4853,持有
2020-01-02,25.74,27.56,0.6610,129621.42,133968.72,263590.14,0.4918,持有
2020-01-03,25.74,27.55,0.6599,129580.59,133968.72,263549.31,0.4917,持有
2020-01-06,25.21,26.99,0.6482,126926.92,133968.72,260895.65,0.4865,持有
2020-01-07,26.07,27.91,0.6843,131254.44,133968.72,265223.17,0.4949,持有
2020-01-08,26.10,27.94,0.6866,131417.74,133968.72,265386.47,0.4952,持有
2020-01-09,26.34,28.20,0.7003,132642.51,133968.72,266611.24,0.4975,持有
2020-01-10,26.29,28.14,0.6961,132356.73,133968.72,266325.46,0.4970,持有
2020-01-13,26.75,28.64,0.7157,134683.80,133968.72,268652.52,0.5013,持有
2020-01-14,26.54,28.41,0.7078,133622.33,133968.72,267591.05,0.4994,持有
2020-01-15,26.98,28.88,0.7244,135826.91,133968.72,269795.64,0.5034,持有
2020-01-16,27.19,29.11,0.7322,136888.38,133968.72,270857.11,0.5054,持有
2020-01-17,26.66,28.54,0.7107,134234.71,133968.72,268203.44,0.5005,持有
2020-01-20,26.67,28.55,0.7113,134275.54,133968.72,268244.26,0.5006,持有
2020-01-21,26.11,27.95,0.6848,131458.57,133968.72,265427.29,0.4953,持有
2020-01-22,26.31,28.17,0.6972,132479.21,133968.72,266447.94,0.4972,持有
2020-01-23,24.84,26.60,0.6256,125089.77,133968.72,259058.49,0.4829,持有
2020-02-03,23.01,24.64,0.4935,115863.17,133968.72,249831.90,0.4638,持有
2020-02-04,23.95,25.64,0.5581,120598.95,133968.72,254567.67,0.4737,持有
2020-02-05,24.00,25.70,0.5625,120843.90,133968.72,254812.63,0.4742,持有
2020-02-06,24.57,26.30,0.6073,123701.70,133968.72,257670.42,0.4801,持有
2020-02-07,24.93,26.69,0.6298,125538.85,133968.72,259507.58,0.4838,持有
2020-02-10,24.46,26.19,0.5988,123170.96,133968.72,257139.69,0.4790,持有
2020-02-11,24.51,26.24,0.6028,123415.92,133968.72,257384.64,0.4795,持有
2020-02-12,24.53,26.26,0.6042,123497.57,133968.72,257466.29,0.4797,持有
2020-02-13,24.06,25.76,0.5661,121129.68,133968.72,255098.41,0.4748,持有
2020-02-14,24.08,25.78,0.5676,121252.16,133968.72,255220.88,0.4751,持有
2020-02-17,24.46,26.19,0.5984,123170.96,133968.72,257139.69,0.4790,持有
2020-02-18,24.49,26.22,0.5994,123293.44,133968.72,257262.17,0.4793,持有
2020-02-19,24.74,26.49,0.6239,124559.04,133968.72,258527.76,0.4818,持有
2020-02-20,25.21,26.99,0.6467,126926.92,133968.72,260895.65,0.4865,持有
2020-02-21,24.90,26.66,0.6301,125375.55,133968.72,259344.27,0.4834,持有
2020-02-24,24.30,26.02,0.5863,122354.45,133968.72,256323.18,0.4773,持有
2020-02-25,24.07,25.77,0.5659,121211.33,133968.72,255180.06,0.4750,持有
2020-02-26,23.81,25.50,0.5448,119904.91,133968.72,253873.64,0.4723,持有
2020-02-27,24.28,26.00,0.5843,122272.80,133968.72,256241.52,0.4772,持有
2020-02-28,23.44,25.10,0.5125,118026.93,133968.72,251995.66,0.4684,持有
2020-03-02,23.99,25.69,0.5591,120803.08,133968.72,254771.80,0.4742,持有
2020-03-03,24.20,25.91,0.5777,121864.54,133968.72,255833.27,0.4763,持有
2020-03-04,24.62,26.36,0.6129,123946.65,133968.72,257915.38,0.4806,持有
2020-03-05,25.09,26.86,0.6423,126314.54,133968.72,260283.26,0.4853,持有
2020-03-06,24.63,26.36,0.6141,123987.48,133968.72,257956.20,0.4807,持有
2020-03-09,23.54,25.20,0.5209,118516.84,133968.72,252485.57,0.4694,持有
2020-03-10,24.24,25.95,0.5798,122027.85,133968.72,255996.57,0.4767,持有
2020-03-11,23.73,25.40,0.5358,119455.83,133968.72,253424.56,0.4714,持有
2020-03-12,23.17,24.80,0.4948,116638.86,133968.72,250607.59,0.4654,持有
2020-03-13,22.91,24.53,0.4817,115373.27,133968.72,249341.99,0.4627,持有
2020-03-16,22.10,23.66,0.4424,111249.88,133968.72,245218.60,0.4537,持有
2020-03-17,22.53,24.12,0.4630,113413.64,133968.72,247382.36,0.4585,持有
2020-03-18,22.44,24.02,0.4595,112964.55,133968.72,246933.28,0.4575,持有
2020-03-19,22.57,24.17,0.4651,113658.59,133968.72,247627.31,0.4590,持有
2020-03-20,22.99,24.61,0.4865,115740.70,133968.72,249709.42,0.4635,持有
2020-03-23,22.31,23.88,0.4518,112311.34,133968.72,246280.07,0.4560,持有
2020-03-24,22.99,24.61,0.4865,115740.70,133968.72,249709.42,0.4635,持有
2020-03-25,23.22,24.86,0.5000,116924.64,133968.72,250893.37,0.4660,持有
2020-03-26,23.01,24.64,0.4890,115863.17,133968.72,249831.90,0.4638,持有
2020-03-27,23.26,24.91,0.5037,117128.77,133968.72,251097.49,0.4665,持有
2020-03-30,23.54,25.20,0.5226,118516.84,133968.72,252485.57,0.4694,持有
2020-03-31,24.21,25.92,0.5808,121905.37,133968.72,255874.09,0.4764,持有
2020-04-01,23.76,25.44,0.5391,119619.13,133968.72,253587.86,0.4717,持有
2020-04-02,23.70,25.37,0.5364,119333.35,133968.72,253302.08,0.4711,持有
2020-04-03,23.86,25.55,0.5494,120149.87,133968.72,254118.59,0.4728,持有
2020-04-07,24.48,26.21,0.6022,123252.62,133968.72,257221.34,0.4792,持有
2020-04-08,24.27,25.98,0.5866,122191.15,133968.72,256159.87,0.4770,持有
2020-04-09,24.45,26.17,0.5992,123089.31,133968.72,257058.04,0.4788,持有
2020-04-10,24.49,26.22,0.6026,123293.44,133968.72,257262.17,0.4793,持有
2020-04-13,24.21,25.92,0.5801,121905.37,133968.72,255874.09,0.4764,持有
2020-04-14,24.75,26.49,0.6286,124599.86,133968.72,258568.59,0.4819,持有
2020-04-15,24.31,26.03,0.5903,122395.28,133968.72,256364.00,0.4774,持有
2020-04-16,24.16,25.87,0.5740,121660.42,133968.72,255629.14,0.4759,持有
2020-04-17,24.28,26.00,0.5866,122272.80,133968.72,256241.52,0.4772,持有
2020-04-20,24.73,26.48,0.6279,124518.21,133968.72,258486.94,0.4817,持有
2020-04-21,24.35,26.07,0.5939,122599.41,133968.72,256568.13,0.4778,持有
2020-04-22,24.59,26.33,0.6147,123824.18,133968.72,257792.90,0.4803,持有
2020-04-23,24.92,26.68,0.6366,125457.20,133968.72,259425.93,0.4836,持有
2020-04-24,25.30,27.08,0.6549,127376.01,133968.72,261344.73,0.4874,持有
2020-04-27,25.16,26.94,0.6497,126681.97,133968.72,260650.69,0.4860,持有
2020-04-28,25.48,27.28,0.6597,128274.17,133968.72,262242.89,0.4891,持有
2020-04-29,23.75,30.78,0.7921,119578.31,133968.72,253547.03,0.4716,持有
2020-04-30,23.71,30.73,0.7918,119374.18,133968.72,253342.90,0.4712,持有
2020-05-06,23.65,30.66,0.7890,119088.40,133968.72,253057.12,0.4706,持有
2020-05-07,23.56,30.54,0.7858,118639.32,133968.72,252608.04,0.4697,持有
2020-05-08,23.87,30.94,0.7998,120190.69,133968.72,254159.42,0.4729,持有
2020-05-11,23.69,30.71,0.7909,119292.53,133968.72,253261.25,0.4710,持有
2020-05-12,23.62,30.61,0.7877,118925.10,133968.72,252893.82,0.4703,持有
2020-05-13,23.90,30.98,0.8001,120354.00,133968.72,254322.72,0.4732,持有
2020-05-14,23.51,30.48,0.7826,118394.36,133968.72,252363.09,0.4691,持有
2020-05-15,23.09,29.93,0.7667,116271.43,133968.72,250240.16,0.4646,持有
2020-05-18,23.25,30.14,0.7721,117087.94,133968.72,251056.67,0.4664,持有
2020-05-19,23.51,30.48,0.7824,118394.36,133968.72,252363.09,0.4691,持有
2020-05-20,23.29,30.18,0.7731,117251.25,133968.72,251219.97,0.4667,持有
2020-05-21,23.17,30.04,0.7691,116679.69,133968.72,250648.41,0.4655,持有
2020-05-22,22.61,29.31,0.7435,113862.72,133968.72,247831.44,0.4594,持有
2020-05-25,23.11,29.95,0.7664,116353.08,133968.72,250321.81,0.4648,持有
2020-05-26,23.21,30.08,0.7706,116842.99,133968.72,250811.71,0.4659,持有
2020-05-27,23.30,30.19,0.7736,117292.07,133968.72,251260.80,0.4668,持有
2020-05-28,23.06,29.89,0.7610,116108.13,133968.72,250076.85,0.4643,持有
2020-05-29,23.07,29.90,0.7623,116148.95,133968.72,250117.68,0.4644,持有
2020-06-01,23.45,30.39,0.7816,118067.76,133968.72,252036.48,0.4685,持有
2020-06-02,23.38,30.31,0.7784,117741.15,133968.72,251709.88,0.4678,持有
2020-06-03,23.32,30.23,0.7757,117414.55,133968.72,251383.27,0.4671,持有
2020-06-04,23.42,30.35,0.7802,117904.46,133968.72,251873.18,0.4681,持有
2020-06-05,23.09,29.93,0.7632,116271.43,133968.72,250240.16,0.4646,持有
2020-06-08,24.55,31.82,0.8190,123620.05,133968.72,257588.77,0.4799,持有
2020-06-09,24.77,32.11,0.8215,124722.34,133968.72,258691.06,0.4821,持有
2020-06-10,24.45,30.85,0.7948,123086.77,133968.72,257055.50,0.4788,持有
2020-06-11,24.06,30.36,0.7794,121157.65,133968.72,255126.37,0.4749,持有
2020-06-12,24.24,30.58,0.7864,122038.34,133968.72,256007.06,0.4767,持有
2020-06-15,23.82,30.06,0.7666,119941.46,133968.72,253910.18,0.4724,持有
2020-06-16,24.08,30.38,0.7801,121241.52,133968.72,255210.25,0.4751,持有
2020-06-17,24.48,30.89,0.7985,123254.53,133968.72,257223.25,0.4792,持有
2020-06-18,24.35,30.73,0.7916,122625.46,133968.72,256594.19,0.4779,持有
2020-06-19,24.91,31.43,0.8124,125435.28,133968.72,259404.00,0.4836,持有
2020-06-22,25.06,31.62,0.8161,126190.16,133968.72,260158.88,0.4851,持有
2020-06-23,25.19,31.78,0.8190,126819.22,133968.72,260787.94,0.4863,持有
2020-06-24,25.67,32.39,0.8260,129251.60,133968.72,263220.32,0.4910,持有
2020-06-29,25.72,32.45,0.8269,129503.22,133968.72,263471.95,0.4915,持有
2020-06-30,25.93,32.72,0.8298,130551.66,133968.72,264520.39,0.4935,持有
2020-07-01,26.56,33.51,0.8403,133738.92,133968.72,267707.64,0.4996,持有
2020-07-02,26.60,33.57,0.8412,133948.61,133968.72,267917.33,0.5000,持有
2020-07-03,26.31,33.13,0.8340,132480.79,133968.72,266449.52,0.4972,持有
2020-07-06,28.15,35.45,0.8708,141748.99,133968.72,275717.72,0.5141,持有
2020-07-07,27.99,35.24,0.8656,140910.24,133968.72,274878.97,0.5126,持有
2020-07-08,29.02,36.54,0.8838,146110.50,133968.72,280079.23,0.5217,持有
2020-07-09,29.17,36.73,0.8839,146865.38,133968.72,280834.10,0.5230,持有
2020-07-10,28.79,36.25,0.8779,144936.25,133968.72,278904.97,0.5197,持有
2020-07-13,29.53,37.18,0.8868,148668.69,133968.72,282637.42,0.5260,持有
2020-07-14,29.29,36.88,0.8844,147452.50,133968.72,281421.23,0.5240,持有
2020-07-15,29.53,37.18,0.8865,148668.69,133968.72,282637.42,0.5260,持有
2020-07-16,27.57,34.72,0.8559,138813.36,133968.72,272782.09,0.5089,持有
2020-07-17,28.61,36.03,0.8745,144055.56,133968.72,278024.29,0.5181,持有
2020-07-20,27.85,35.07,0.8593,140239.24,133968.72,274207.97,0.5114,持有
2020-07-21,28.37,35.72,0.8722,142839.37,133968.72,276808.10,0.5160,持有
2020-07-22,29.99,37.76,0.8903,150975.26,133968.72,284943.98,0.5298,持有
2020-07-23,29.60,37.27,0.8876,149046.13,133968.72,283014.86,0.5266,持有
2020-07-24,28.34,35.69,0.8707,142713.56,133968.72,276682.28,0.5158,持有
2020-07-27,28.24,35.55,0.8680,142168.37,133968.72,276137.09,0.5148,持有
2020-07-28,29.45,37.08,0.8845,148291.26,133968.72,282259.98,0.5254,持有
2020-07-29,29.88,37.62,0.8893,150430.07,133968.72,284398.80,0.5289,持有
2020-07-30,30.00,37.77,0.8906,151059.14,133968.72,285027.86,0.5300,持有
2020-07-31,30.51,38.41,0.8990,153617.33,133968.72,287586.05,0.5342,持有
2020-08-03,31.73,39.96,0.9203,159782.15,133968.72,293750.87,0.5439,卖出(降至20%)
2020-08-04,31.46,39.61,0.9123,58262.86,236750.13,295012.98,0.1975,持有
2020-08-05,31.43,39.57,0.9120,58201.15,236750.13,294951.28,0.1973,持有
2020-08-06,30.93,38.94,0.9036,57275.61,236750.13,294025.74,0.1948,持有
2020-08-07,30.34,38.20,0.8948,56195.81,236750.13,292945.94,0.1918,持有
2020-08-10,30.33,38.19,0.8945,56180.39,236750.13,292930.51,0.1918,持有
2020-08-11,29.99,37.75,0.8873,55532.51,236750.13,292282.63,0.1900,持有
2020-08-12,29.42,37.04,0.8806,54483.56,236750.13,291233.69,0.1871,持有
2020-08-13,29.02,36.54,0.8774,53743.13,236750.13,290493.25,0.1850,持有
2020-08-14,29.35,36.96,0.8803,54360.16,236750.13,291110.28,0.1867,持有
2020-08-17,29.44,37.07,0.8807,54529.84,236750.13,291279.96,0.1872,持有
2020-08-18,30.10,37.90,0.8911,55748.47,236750.13,292498.59,0.1906,持有
2020-08-19,29.14,36.69,0.8768,53974.51,236750.13,290724.64,0.1857,持有
2020-08-20,28.38,35.73,0.8657,52555.35,236750.13,289305.48,0.1817,持有
2020-08-21,29.06,36.59,0.8765,53820.26,236750.13,290570.38,0.1852,持有
2020-08-24,29.34,36.93,0.8790,54329.30,236750.13,291079.43,0.1866,持有
2020-08-25,29.36,36.97,0.8798,54375.58,236750.13,291125.71,0.1868,持有
2020-08-26,29.84,37.56,0.8850,55254.85,236750.13,292004.97,0.1892,持有
2020-08-27,30.73,38.70,0.9002,56920.82,236750.13,293670.95,0.1938,持有
2020-08-28,33.81,35.85,0.8653,62612.90,236750.13,299363.03,0.2092,持有
2020-08-31,34.93,37.04,0.8792,64695.37,236750.13,301445.50,0.2146,持有
2020-09-01,34.58,36.67,0.8749,64047.49,236750.13,300797.62,0.2129,持有
2020-09-02,34.65,36.74,0.8757,64170.90,236750.13,300921.03,0.2132,持有
2020-09-03,34.61,36.69,0.8746,64093.77,236750.13,300843.90,0.2130,持有
2020-09-04,34.13,36.19,0.8667,63214.51,236750.13,299964.63,0.2107,持有
2020-09-07,33.63,35.66,0.8596,62288.96,236750.13,299039.09,0.2083,持有
2020-09-08,33.22,35.22,0.8510,61517.68,236750.13,298267.81,0.2062,持有
2020-09-09,32.63,34.59,0.8407,60422.45,236750.13,297172.58,0.2033,持有
2020-09-10,32.33,34.28,0.8372,59882.56,236750.13,296632.68,0.2019,持有
2020-09-11,32.35,34.30,0.8377,59913.41,236750.13,296663.53,0.2020,持有
2020-09-14,32.50,34.46,0.8393,60191.07,236750.13,296941.20,0.2027,持有
2020-09-15,33.26,35.26,0.8521,61594.81,236750.13,298344.93,0.2065,持有
2020-09-16,32.57,34.53,0.8399,60314.47,236750.13,297064.60,0.2030,持有
2020-09-17,31.78,33.70,0.8249,58864.46,236750.13,295614.59,0.1991,持有
2020-09-18,32.78,34.75,0.8435,60700.12,236750.13,297450.24,0.2041,持有
2020-09-21,32.11,34.04,0.8314,59466.06,236750.13,296216.19,0.2008,持有
2020-09-22,32.18,34.11,0.8338,59589.47,236750.13,296339.59,0.2011,持有
2020-09-23,32.36,34.31,0.8366,59928.83,236750.13,296678.96,0.2020,持有
2020-09-24,31.57,33.47,0.8197,58463.39,236750.13,295213.52,0.1980,持有
2020-09-25,31.74,33.65,0.8226,58787.33,236750.13,295537.46,0.1989,持有
2020-09-28,31.80,33.72,0.8238,58895.31,236750.13,295645.44,0.1992,持有
2020-09-29,31.89,33.81,0.8255,59064.99,236750.13,295815.12,0.1997,持有
2020-09-30,32.07,34.00,0.8291,59388.93,236750.13,296139.06,0.2005,持有
2020-10-09,33.57,35.59,0.8591,62165.56,236750.13,298915.68,0.2080,持有
2020-10-12,34.72,36.82,0.8776,64309.73,236750.13,301059.86,0.2136,持有
2020-10-13,34.55,36.63,0.8745,63985.79,236750.13,300735.92,0.2128,持有
2020-10-14,34.82,36.91,0.8785,64479.41,236750.13,301229.54,0.2141,持有
2020-10-15,34.54,36.62,0.8738,63970.37,236750.13,300720.49,0.2127,持有
2020-10-16,34.32,36.39,0.8699,63569.30,236750.13,300319.42,0.2117,持有
2020-10-19,33.47,35.48,0.8559,61980.45,236750.13,298730.58,0.2075,持有
2020-10-20,34.57,36.65,0.8744,64016.64,236750.13,300766.77,0.2128,持有
2020-10-21,34.86,36.96,0.8799,64556.54,236750.13,301306.67,0.2143,持有
2020-10-22,35.10,37.21,0.8843,65003.89,236750.13,301754.01,0.2154,持有
2020-10-23,33.69,35.72,0.8596,62396.94,236750.13,299147.07,0.2086,持有
2020-10-26,34.48,36.56,0.8722,63862.39,236750.13,300612.51,0.2124,持有
2020-10-27,34.33,36.40,0.8687,63584.72,236750.13,300334.85,0.2117,持有
2020-10-28,35.81,37.96,0.8939,66315.07,236750.13,303065.20,0.2188,持有
2020-10-29,36.77,38.98,0.9060,68089.03,236750.13,304839.15,0.2234,持有
2020-10-30,33.09,32.98,0.8078,61286.29,236750.13,298036.42,0.2056,持有
2020-11-02,31.57,31.46,0.7848,58463.39,236750.13,295213.52,0.1980,持有
2020-11-03,32.58,32.47,0.8005,60329.90,236750.13,297080.03,0.2031,持有
2020-11-04,32.87,32.76,0.8041,60869.80,236750.13,297619.93,0.2045,持有
2020-11-05,32.88,32.78,0.8046,60900.65,236750.13,297650.78,0.2046,持有
2020-11-06,32.38,32.28,0.7961,59975.11,236750.13,296725.24,0.2021,持有
2020-11-09,32.91,32.80,0.8052,60946.93,236750.13,297697.05,0.2047,持有
2020-11-10,32.43,32.33,0.7970,60067.66,236750.13,296817.79,0.2024,持有
2020-11-11,32.70,32.59,0.8006,60561.29,236750.13,297311.41,0.2037,持有
2020-11-12,32.49,32.39,0.7972,60175.64,236750.13,296925.77,0.2027,持有
2020-11-13,31.92,31.81,0.7895,59111.27,236750.13,295861.40,0.1998,持有
2020-11-16,31.83,31.73,0.7876,58957.01,236750.13,295707.14,0.1994,持有
2020-11-17,31.63,31.52,0.7826,58571.37,236750.13,295321.50,0.1983,持有
2020-11-18,31.93,31.82,0.7897,59126.70,236750.13,295876.82,0.1998,持有
2020-11-19,32.55,32.44,0.7988,60283.62,236750.13,297033.75,0.2030,持有
2020-11-20,32.68,32.57,0.8004,60515.01,236750.13,297265.14,0.2036,持有
2020-11-23,32.91,32.80,0.8055,60946.93,236750.13,297697.05,0.2047,持有
2020-11-24,32.23,32.13,0.7920,59697.45,236750.13,296447.57,0.2014,持有
2020-11-25,31.48,31.37,0.7785,58293.71,236750.13,295043.83,0.1976,持有
2020-11-26,31.75,31.65,0.7844,58802.76,236750.13,295552.88,0.1990,持有
2020-11-27,31.90,31.80,0.7880,59080.42,236750.13,295830.55,0.1997,持有
2020-11-30,31.48,31.37,0.7776,58293.71,236750.13,295043.83,0.1976,持有
2020-12-01,32.11,32.00,0.7916,59466.06,236750.13,296216.19,0.2008,持有
2020-12-02,32.10,32.00,0.7909,59450.64,236750.13,296200.76,0.2007,持有
2020-12-03,32.43,32.33,0.7960,60067.66,236750.13,296817.79,0.2024,持有
2020-12-04,33.14,33.03,0.8097,61378.85,236750.13,298128.97,0.2059,持有
2020-12-07,33.47,33.36,0.8125,61980.45,236750.13,298730.58,0.2075,持有
2020-12-08,33.88,33.77,0.8211,62751.74,236750.13,299501.86,0.2095,持有
2020-12-09,33.52,33.41,0.8138,62073.00,236750.13,298823.13,0.2077,持有
2020-12-10,32.84,32.73,0.8030,60823.52,236750.13,297573.65,0.2044,持有
2020-12-11,32.52,32.41,0.7961,60221.92,236750.13,296972.05,0.2028,持有
2020-12-14,33.37,33.26,0.8109,61795.34,236750.13,298545.47,0.2070,持有
2020-12-15,33.65,33.54,0.8175,62319.82,236750.13,299069.94,0.2084,持有
2020-12-16,33.72,33.61,0.8184,62458.65,236750.13,299208.77,0.2087,持有
2020-12-17,34.41,34.29,0.8335,63723.55,236750.13,300473.68,0.2121,持有
2020-12-18,33.90,33.79,0.8212,62782.59,236750.13,299532.71,0.2096,持有
2020-12-21,34.57,34.45,0.8356,64016.64,236750.13,300766.77,0.2128,持有
2020-12-22,34.12,34.00,0.8264,63183.65,236750.13,299933.78,0.2107,持有
2020-12-23,34.62,34.51,0.8373,64124.62,236750.13,300874.75,0.2131,持有
2020-12-24,33.74,33.63,0.8169,62489.50,236750.13,299239.62,0.2088,持有
2020-12-25,33.32,33.20,0.8077,61702.79,236750.13,298452.91,0.2067,持有
2020-12-28,34.89,34.77,0.8421,64618.24,236750.13,301368.37,0.2144,持有
2020-12-29,34.87,34.76,0.8417,64587.39,236750.13,301337.52,0.2143,持有
2020-12-30,36.62,36.49,0.8718,67811.36,236750.13,304561.49,0.2227,持有
2020-12-31,36.96,36.83,0.8784,68443.82,236750.13,305193.94,0.2243,持有
2021-01-04,39.45,39.31,0.9131,73056.10,236750.13,309806.23,0.2358,持有
2021-01-05,42.42,42.28,0.9581,78563.07,236750.13,315313.20,0.2492,持有
2021-01-06,42.11,41.97,0.9535,77992.32,236750.13,314742.45,0.2478,持有
2021-01-07,43.05,42.91,0.9647,79735.43,236750.13,316485.55,0.2519,卖出(降至20%)
2021-01-08,41.04,40.90,0.9378,60366.92,253029.00,313395.93,0.1926,持有
2021-01-11,40.51,40.38,0.9305,59595.03,253029.00,312624.03,0.1906,持有
2021-01-12,41.37,41.23,0.9409,60857.01,253029.00,313886.02,0.1939,持有
2021-01-13,40.47,40.34,0.9290,59533.77,253029.00,312562.77,0.1905,持有
2021-01-14,39.11,38.97,0.9045,57524.40,253029.00,310553.40,0.1852,持有
2021-01-15,38.86,38.72,0.9003,57156.83,253029.00,310185.83,0.1843,持有
2021-01-18,39.57,39.44,0.9123,58210.52,253029.00,311239.53,0.1870,持有
2021-01-19,38.43,38.30,0.8951,56531.96,253029.00,309560.97,0.1826,持有
2021-01-20,38.45,38.32,0.8951,56556.47,253029.00,309585.47,0.1827,持有
2021-01-21,38.52,38.39,0.8967,56666.74,253029.00,309695.74,0.1830,持有
2021-01-22,38.35,38.22,0.8933,56409.44,253029.00,309438.44,0.1823,持有
2021-01-25,40.67,40.53,0.9346,59827.82,253029.00,312856.83,0.1912,持有
2021-01-26,39.14,39.01,0.9044,57573.41,253029.00,310602.41,0.1854,持有
2021-01-27,38.49,38.36,0.8949,56617.73,253029.00,309646.73,0.1828,持有
2021-01-28,36.68,36.56,0.8671,53958.99,253029.00,306987.99,0.1758,持有
2021-01-29,36.82,36.69,0.8694,54155.02,253029.00,307184.03,0.1763,持有
2021-02-01,36.86,36.73,0.8706,54216.29,253029.00,307245.29,0.1765,持有
2021-02-02,37.46,37.34,0.8810,55110.70,253029.00,308139.70,0.1788,持有
2021-02-03,36.05,35.93,0.8555,53027.82,253029.00,306056.82,0.1733,持有
2021-02-04,36.42,36.30,0.8605,53579.17,253029.00,306608.17,0.1747,持有
2021-02-05,36.77,36.65,0.8681,54093.76,253029.00,307122.77,0.1761,持有
2021-02-08,38.08,37.95,0.8891,56017.37,253029.00,309046.37,0.1813,持有
2021-02-09,38.33,38.20,0.8919,56384.94,253029.00,309413.94,0.1822,持有
2021-02-10,38.72,38.59,0.8972,56960.79,253029.00,309989.80,0.1838,持有
2021-02-18,38.15,38.02,0.8893,56115.39,253029.00,309144.39,0.1815,持有
2021-02-19,40.18,40.04,0.9224,59104.94,253029.00,312133.94,0.1894,持有
2021-02-22,38.80,38.67,0.8977,57071.06,253029.00,310100.07,0.1840,持有
2021-02-23,37.49,37.36,0.8791,55147.46,253029.00,308176.46,0.1789,持有
2021-02-24,36.82,36.69,0.8663,54155.02,253029.00,307184.03,0.1763,持有
2021-02-25,36.73,36.61,0.8640,54032.50,253029.00,307061.50,0.1760,持有
2021-02-26,36.00,35.88,0.8512,52954.30,253029.00,305983.30,0.1731,持有
2021-03-01,36.48,36.36,0.8581,53664.93,253029.00,306693.94,0.1750,持有
2021-03-02,35.82,35.69,0.8475,52684.75,253029.00,305713.75,0.1723,持有
2021-03-03,36.37,36.25,0.8555,53505.65,253029.00,306534.66,0.1746,持有
2021-03-04,34.57,34.45,0.8218,50846.91,253029.00,303875.91,0.1673,持有
2021-03-05,34.53,34.42,0.8208,50797.90,253029.00,303826.91,0.1672,持有
2021-03-08,33.15,33.04,0.7924,48764.03,253029.00,301793.03,0.1616,持有
2021-03-09,31.61,31.50,0.7611,46497.36,253029.00,299526.36,0.1552,持有
2021-03-10,32.00,31.89,0.7710,47073.21,253029.00,300102.22,0.1569,持有
2021-03-11,32.73,32.62,0.7840,48151.41,253029.00,301180.42,0.1599,持有
2021-03-12,32.88,32.77,0.7874,48371.95,253029.00,301400.96,0.1605,持有
2021-03-15,31.88,31.78,0.7675,46901.68,253029.00,299930.68,0.1564,持有
2021-03-16,32.50,32.39,0.7789,47808.35,253029.00,300837.35,0.1589,持有
2021-03-17,32.98,32.86,0.7900,48506.73,253029.00,301535.73,0.1609,持有
2021-03-18,33.44,33.33,0.7965,49192.86,253029.00,302221.86,0.1628,持有
2021-03-19,32.45,32.34,0.7769,47734.84,253029.00,300763.84,0.1587,持有
2021-03-22,32.69,32.58,0.7819,48090.15,253029.00,301119.15,0.1597,持有
2021-03-23,32.45,32.34,0.7763,47734.84,253029.00,300763.84,0.1587,持有
2021-03-24,32.57,32.46,0.7802,47906.37,253029.00,300935.37,0.1592,持有
2021-03-25,32.68,32.57,0.7818,48077.90,253029.00,301106.90,0.1597,持有
2021-03-26,33.63,33.52,0.8018,49474.66,253029.00,302503.66,0.1636,持有
2021-03-29,33.65,33.54,0.8026,49499.16,253029.00,302528.17,0.1636,持有
2021-03-30,33.53,33.42,0.7986,49327.63,253029.00,302356.63,0.1631,持有
2021-03-31,33.34,33.23,0.7945,49045.83,253029.00,302074.83,0.1624,持有
2021-04-01,33.57,33.45,0.7991,49376.64,253029.00,302405.64,0.1633,持有
2021-04-02,33.73,33.62,0.8044,49621.69,253029.00,302650.69,0.1640,持有
2021-04-06,33.97,33.85,0.8094,49964.75,253029.00,302993.75,0.1649,持有
2021-04-07,32.93,32.82,0.7869,48445.47,253029.00,301474.47,0.1607,持有
2021-04-08,34.12,34.01,0.8148,50197.54,253029.00,303226.54,0.1655,持有
2021-04-09,33.15,33.04,0.7905,48764.03,253029.00,301793.03,0.1616,持有
2021-04-12,32.74,32.63,0.7812,48163.67,253029.00,301192.67,0.1599,持有
2021-04-13,33.15,33.04,0.7902,48764.03,253029.00,301793.03,0.1616,持有
2021-04-14,33.05,32.94,0.7884,48617.00,253029.00,301646.00,0.1612,持有
2021-04-15,32.33,32.22,0.7687,47551.05,253029.00,300580.05,0.1582,持有
2021-04-16,32.50,32.39,0.7736,47808.35,253029.00,300837.35,0.1589,持有
2021-04-19,33.40,33.29,0.7951,49131.59,253029.00,302160.60,0.1626,持有
2021-04-20,33.32,33.20,0.7925,49009.07,253029.00,302038.07,0.1623,持有
2021-04-21,33.04,32.93,0.7873,48604.75,253029.00,301633.75,0.1611,持有
2021-04-22,33.30,33.19,0.7923,48984.57,253029.00,302013.57,0.1622,持有
2021-04-23,33.74,33.63,0.8047,49633.94,253029.00,302662.94,0.1640,持有
2021-04-26,33.00,32.89,0.7861,48543.49,253029.00,301572.49,0.1610,持有
2021-04-27,33.09,32.98,0.7880,48678.26,253029.00,301707.26,0.1613,持有
2021-04-28,32.69,32.58,0.7762,48090.15,253029.00,301119.15,0.1597,持有
2021-04-29,35.05,29.20,0.6769,51557.54,253029.00,304586.55,0.1693,持有
2021-04-30,34.11,28.41,0.6497,50173.04,253029.00,303202.04,0.1655,持有
2021-05-06,33.03,27.51,0.6040,48580.24,253029.00,301609.25,0.1611,持有
2021-05-07,32.16,26.79,0.5851,47306.01,253029.00,300335.01,0.1575,持有
2021-05-10,31.26,26.04,0.5360,45982.76,253029.00,299011.76,0.1538,持有
2021-05-11,31.98,26.64,0.5761,47036.46,253029.00,300065.46,0.1568,持有
2021-05-12,31.95,26.62,0.5747,46999.70,253029.00,300028.70,0.1567,持有
2021-05-13,32.29,26.90,0.5887,47502.04,253029.00,300531.05,0.1581,持有
2021-05-14,32.71,27.25,0.5989,48114.66,253029.00,301143.66,0.1598,持有
2021-05-17,33.03,27.52,0.6050,48592.49,253029.00,301621.50,0.1611,持有
2021-05-18,32.63,27.19,0.5969,48004.39,253029.00,301033.39,0.1595,持有
2021-05-19,32.32,26.92,0.5893,47538.80,253029.00,300567.80,0.1582,持有
2021-05-20,33.25,27.70,0.6177,48911.05,253029.00,301940.06,0.1620,持有
2021-05-21,32.48,27.06,0.5941,47783.84,253029.00,300812.85,0.1588,持有
2021-05-24,32.58,27.14,0.5957,47918.62,253029.00,300947.62,0.1592,持有
2021-05-25,34.16,28.46,0.6523,50246.55,253029.00,303275.55,0.1657,持有
2021-05-26,34.19,28.48,0.6532,50295.56,253029.00,303324.56,0.1658,持有
2021-05-27,33.90,28.24,0.6437,49866.73,253029.00,302895.73,0.1646,持有
2021-05-28,33.78,28.14,0.6390,49695.20,253029.00,302724.20,0.1642,持有
2021-05-31,33.72,28.10,0.6358,49609.43,253029.00,302638.44,0.1639,持有
2021-06-01,33.53,27.94,0.6285,49327.63,253029.00,302356.63,0.1631,持有
2021-06-02,32.87,27.38,0.5997,48347.45,253029.00,301376.45,0.1604,持有
2021-06-03,32.90,27.41,0.6013,48396.46,253029.00,301425.46,0.1606,持有
2021-06-04,32.97,27.46,0.6022,48494.48,253029.00,301523.48,0.1608,持有
2021-06-07,31.39,26.15,0.5383,46178.80,253029.00,299207.80,0.1543,持有
2021-06-08,31.53,26.27,0.5489,46387.09,253029.00,299416.09,0.1549,持有
2021-06-09,33.17,27.63,0.6115,48788.53,253029.00,301817.53,0.1616,持有
2021-06-10,32.83,27.35,0.5987,48286.19,253029.00,301315.19,0.1603,持有
2021-06-11,32.54,26.55,0.5675,47873.28,253029.00,300902.29,0.1591,持有
2021-06-15,32.10,26.19,0.5399,47222.63,253029.00,300251.63,0.1573,持有
2021-06-16,32.75,26.71,0.5759,48173.59,253029.00,301202.59,0.1599,持有
2021-06-17,32.49,26.51,0.5668,47798.21,253029.00,300827.21,0.1589,持有
2021-06-18,32.09,26.17,0.5382,47197.60,253029.00,300226.61,0.1572,持有
2021-06-21,31.71,25.87,0.5133,46647.05,253029.00,299676.05,0.1557,持有
2021-06-22,31.49,25.69,0.5006,46321.72,253029.00,299350.72,0.1547,持有
2021-06-23,31.64,25.81,0.5088,46546.95,253029.00,299575.95,0.1554,持有
2021-06-24,31.59,25.77,0.5065,46471.87,253029.00,299500.87,0.1552,持有
2021-06-25,31.82,25.96,0.5228,46809.71,253029.00,299838.71,0.1561,持有
2021-06-28,31.73,25.88,0.5149,46672.07,253029.00,299701.08,0.1557,持有
2021-06-29,31.73,25.88,0.5147,46672.07,253029.00,299701.08,0.1557,持有
2021-06-30,31.33,25.56,0.4895,46083.98,253029.00,299112.98,0.1541,持有
2021-07-01,31.47,25.67,0.4974,46296.69,253029.00,299325.70,0.1547,持有
2021-07-02,31.01,25.29,0.4708,45608.50,253029.00,298637.50,0.1527,持有
2021-07-05,29.95,24.43,0.4239,44056.94,253029.00,297085.94,0.1483,买入(补至30%)
2021-07-06,29.81,24.31,0.4193,88672.03,208275.72,296947.75,0.2986,持有
2021-07-07,29.85,24.35,0.4214,88798.56,208275.72,297074.28,0.2989,持有
2021-07-08,29.10,23.74,0.3941,86571.64,208275.72,294847.35,0.2936,持有
2021-07-09,29.18,23.81,0.3976,86824.70,208275.72,295100.41,0.2942,持有
2021-07-12,29.47,24.04,0.4070,87685.10,208275.72,295960.81,0.2963,持有
2021-07-13,29.92,24.41,0.4244,89026.31,208275.72,297302.03,0.2994,持有
2021-07-14,30.06,24.52,0.4279,89431.21,208275.72,297706.92,0.3004,持有
2021-07-15,30.45,24.84,0.4439,90595.28,208275.72,298871.00,0.3031,持有
2021-07-16,29.86,24.36,0.4218,88823.87,208275.72,297099.58,0.2990,持有
2021-07-19,29.82,24.33,0.4201,88722.64,208275.72,296998.36,0.2987,持有
2021-07-20,29.69,24.22,0.4145,88317.75,208275.72,296593.46,0.2978,持有
2021-07-21,29.73,24.25,0.4165,88444.28,208275.72,296719.99,0.2981,持有
2021-07-22,29.82,24.33,0.4204,88722.64,208275.72,296998.36,0.2987,持有
2021-07-23,29.01,23.66,0.3895,86293.27,208275.72,294568.99,0.2929,持有
2021-07-26,28.14,22.95,0.3686,83712.07,208275.72,291987.78,0.2867,持有
2021-07-27,26.76,21.83,0.3213,79612.50,208275.72,287888.22,0.2765,买入(补至50%)
2021-07-28,27.42,22.37,0.3464,147486.21,145111.73,292597.94,0.5041,持有
2021-07-29,27.86,22.72,0.3612,149819.28,145111.73,294931.00,0.5080,持有
2021-07-30,28.40,23.17,0.3779,152747.04,145111.73,297858.77,0.5128,持有
2021-08-02,29.18,23.80,0.3964,156909.96,145111.73,302021.68,0.5195,持有
2021-08-03,30.19,24.62,0.4363,162353.77,145111.73,307465.50,0.5280,持有
2021-08-04,29.58,24.12,0.4106,159060.04,145111.73,304171.76,0.5229,持有
2021-08-05,29.78,24.29,0.4189,160157.95,145111.73,305269.67,0.5246,持有
2021-08-06,30.11,24.56,0.4333,161942.06,145111.73,307053.78,0.5274,持有
2021-08-09,30.65,25.00,0.4550,164824.08,145111.73,309935.80,0.5318,持有
2021-08-10,30.84,25.16,0.4650,165876.24,145111.73,310987.97,0.5334,持有
2021-08-11,30.21,24.65,0.4390,162491.01,145111.73,307602.74,0.5282,持有
2021-08-12,29.87,24.36,0.4247,160615.41,145111.73,305727.14,0.5254,持有
2021-08-13,30.02,24.49,0.4289,161438.85,145111.73,306550.57,0.5266,持有
2021-08-16,29.93,24.42,0.4265,160981.38,145111.73,306093.11,0.5259,持有
2021-08-17,28.92,23.59,0.3868,155537.57,145111.73,300649.29,0.5173,持有
2021-08-18,28.77,23.47,0.3852,154714.13,145111.73,299825.86,0.5160,持有
2021-08-19,28.39,23.16,0.3756,152701.29,145111.73,297813.02,0.5127,持有
2021-08-20,28.27,23.06,0.3704,152015.10,145111.73,297126.83,0.5116,持有
2021-08-23,28.27,23.06,0.3702,152015.10,145111.73,297126.83,0.5116,持有
2021-08-24,28.33,23.10,0.3734,152335.32,145111.73,297447.05,0.5121,持有
2021-08-25,28.64,23.36,0.3830,154027.94,145111.73,299139.66,0.5149,持有
2021-08-26,28.16,22.97,0.3673,151420.40,145111.73,296532.12,0.5106,持有
2021-08-27,28.50,23.24,0.3795,153250.25,145111.73,298361.98,0.5136,持有
2021-08-30,28.18,22.99,0.3685,151557.64,145111.73,296669.36,0.5109,持有
2021-08-31,28.93,23.87,0.4009,155583.31,145111.73,300695.04,0.5174,持有
2021-09-01,30.78,25.40,0.4859,165510.27,145111.73,310622.00,0.5328,持有
2021-09-02,30.64,25.28,0.4774,164778.33,145111.73,309890.06,0.5317,持有
2021-09-03,30.76,25.38,0.4859,165418.78,145111.73,310530.50,0.5327,持有
2021-09-06,31.12,25.68,0.5060,167340.12,145111.73,312451.85,0.5356,持有
2021-09-07,31.01,25.59,0.4996,166745.42,145111.73,311857.15,0.5347,持有
2021-09-08,30.78,25.40,0.4857,165510.27,145111.73,310622.00,0.5328,持有
2021-09-09,30.63,25.28,0.4758,164732.58,145111.73,309844.31,0.5317,持有
2021-09-10,30.96,25.55,0.4973,166516.69,145111.73,311628.42,0.5343,持有
2021-09-13,30.45,25.13,0.4650,163771.91,145111.73,308883.64,0.5302,持有
2021-09-14,30.17,24.90,0.4522,162262.28,145111.73,307374.01,0.5279,持有
2021-09-15,29.61,24.43,0.4286,159243.02,145111.73,304354.75,0.5232,持有
2021-09-16,29.81,24.60,0.4364,160340.93,145111.73,305452.66,0.5249,持有
2021-09-17,30.19,24.91,0.4542,162353.77,145111.73,307465.50,0.5280,持有
2021-09-22,30.07,24.81,0.4472,161713.32,145111.73,306825.05,0.5271,持有
2021-09-23,30.38,25.07,0.4607,163360.19,145111.73,308471.92,0.5296,持有
2021-09-24,31.54,26.03,0.5405,169627.44,145111.73,314739.17,0.5389,持有
2021-09-27,31.71,26.17,0.5486,170542.37,145111.73,315654.09,0.5403,持有
2021-09-28,31.94,26.36,0.5660,171777.52,145111.73,316889.25,0.5421,持有
2021-09-29,32.07,26.46,0.5748,172463.72,145111.73,317575.44,0.5431,持有
2021-09-30,32.07,26.46,0.5746,172463.72,145111.73,317575.44,0.5431,持有
2021-10-08,33.70,27.81,0.6341,181247.01,145111.73,326358.74,0.5554,持有
2021-10-11,33.57,27.71,0.6288,180560.82,145111.73,325672.54,0.5544,持有
2021-10-12,33.00,27.23,0.6067,177450.07,145111.73,322561.79,0.5501,持有
2021-10-13,33.69,27.80,0.6341,181201.27,145111.73,326312.99,0.5553,持有
2021-10-14,33.19,27.39,0.6106,178502.23,145111.73,323613.96,0.5516,持有
2021-10-15,33.24,27.43,0.6128,178776.71,145111.73,323888.44,0.5520,持有
2021-10-18,32.83,27.09,0.6026,176580.89,145111.73,321692.61,0.5489,持有
2021-10-19,32.57,26.88,0.5945,175162.75,145111.73,320274.48,0.5469,持有
2021-10-20,32.32,26.67,0.5832,173836.11,145111.73,318947.83,0.5450,持有
2021-10-21,32.48,26.80,0.5923,174659.54,145111.73,319771.27,0.5462,持有
2021-10-22,33.93,28.00,0.6440,182482.16,145111.73,327593.89,0.5570,持有
2021-10-25,34.45,28.43,0.6638,185272.69,145111.73,330384.42,0.5608,持有
2021-10-26,34.50,28.47,0.6646,185547.17,145111.73,330658.90,0.5611,持有
2021-10-27,34.26,28.27,0.6562,184266.27,145111.73,329378.00,0.5594,持有
2021-10-28,34.67,28.61,0.6702,186462.10,145111.73,331573.82,0.5624,持有
2021-10-29,36.58,29.07,0.6850,196709.28,145111.73,341821.00,0.5755,持有
2021-11-01,36.20,28.77,0.6751,194696.44,145111.73,339808.16,0.5730,持有
2021-11-02,36.56,29.05,0.6845,196617.78,145111.73,341729.51,0.5754,持有
2021-11-03,35.56,28.26,0.6550,191265.46,145111.73,336377.19,0.5686,持有
2021-11-04,36.46,28.97,0.6815,196068.83,145111.73,341180.55,0.5747,持有
2021-11-05,36.78,29.23,0.6916,197807.19,145111.73,342918.92,0.5768,持有
2021-11-08,36.15,28.73,0.6725,194421.96,145111.73,339533.69,0.5726,持有
2021-11-09,35.92,28.55,0.6662,193186.81,145111.73,338298.53,0.5711,持有
2021-11-10,34.88,27.71,0.6267,187560.01,145111.73,332671.73,0.5638,持有
2021-11-11,35.90,28.52,0.6646,193049.57,145111.73,338161.30,0.5709,持有
2021-11-12,35.73,28.39,0.6598,192134.64,145111.73,337246.37,0.5697,持有
2021-11-15,35.96,28.58,0.6681,193415.54,145111.73,338527.27,0.5713,持有
2021-11-16,35.96,28.58,0.6679,193415.54,145111.73,338527.27,0.5713,持有
2021-11-17,35.25,28.01,0.6409,189572.85,145111.73,334684.57,0.5664,持有
2021-11-18,35.05,27.85,0.6322,188474.94,145111.73,333586.66,0.5650,持有
2021-11-19,34.75,27.61,0.6174,186873.81,145111.73,331985.54,0.5629,持有
2021-11-22,34.22,27.19,0.6011,184037.54,145111.73,329149.27,0.5591,持有
2021-11-23,34.09,27.09,0.5981,183351.35,145111.73,328463.07,0.5582,持有
2021-11-24,33.97,26.99,0.5961,182665.15,145111.73,327776.88,0.5573,持有
2021-11-25,34.30,27.25,0.6040,184449.26,145111.73,329560.98,0.5597,持有
2021-11-26,33.34,26.49,0.5701,179279.92,145111.73,324391.65,0.5527,持有
2021-11-29,33.80,26.86,0.5894,181795.97,145111.73,326907.69,0.5561,持有
2021-11-30,33.32,26.48,0.5686,179188.43,145111.73,324300.15,0.5525,持有
2021-12-01,32.92,26.16,0.5401,177038.35,145111.73,322150.08,0.5496,持有
2021-12-02,32.65,25.94,0.5236,175574.47,145111.73,320686.19,0.5475,持有
2021-12-03,33.94,26.97,0.5950,182527.91,145111.73,327639.64,0.5571,持有
2021-12-06,33.87,26.92,0.5919,182161.94,145111.73,327273.67,0.5566,持有
2021-12-07,34.01,27.02,0.5974,182893.88,145111.73,328005.61,0.5576,持有
2021-12-08,34.95,27.77,0.6301,187971.73,145111.73,333083.45,0.5643,持有
2021-12-09,35.22,27.99,0.6415,189435.61,145111.73,334547.33,0.5662,持有
2021-12-10,35.97,28.59,0.6710,193461.29,145111.73,338573.01,0.5714,持有
2021-12-13,35.98,30.09,0.7228,193507.03,145111.73,338618.76,0.5715,持有
2021-12-14,35.70,29.85,0.7112,191997.40,145111.73,337109.13,0.5695,持有
2021-12-15,35.21,29.44,0.6989,189344.12,145111.73,334455.84,0.5661,持有
2021-12-16,35.17,29.41,0.6987,189161.13,145111.73,334272.86,0.5659,持有
2021-12-17,34.84,29.13,0.6900,187377.02,145111.73,332488.75,0.5636,持有
2021-12-20,34.83,29.13,0.6897,187331.28,145111.73,332443.00,0.5635,持有
2021-12-21,35.35,29.56,0.7015,190121.80,145111.73,335233.53,0.5671,持有
2021-12-22,35.34,29.55,0.7012,190076.06,145111.73,335187.78,0.5671,持有
2021-12-23,35.29,29.51,0.7003,189801.58,145111.73,334913.30,0.5667,持有
2021-12-24,36.04,30.14,0.7240,193827.26,145111.73,338938.98,0.5719,持有
2021-12-27,35.68,29.84,0.7107,191905.91,145111.73,337017.64,0.5694,持有
2021-12-28,35.64,29.80,0.7080,191677.18,145111.73,336788.91,0.5691,持有
2021-12-29,34.96,29.23,0.6923,188017.47,145111.73,333129.20,0.5644,持有
2021-12-30,35.18,29.42,0.6976,189206.88,145111.73,334318.60,0.5659,持有
2021-12-31,35.27,29.49,0.6995,189664.34,145111.73,334776.07,0.5665,持有
2022-01-04,34.62,28.95,0.6785,186187.62,145111.73,331299.34,0.5620,持有
2022-01-05,35.47,29.66,0.7046,190762.25,145111.73,335873.98,0.5680,持有
2022-01-06,34.01,28.44,0.6598,182893.88,145111.73,328005.61,0.5576,持有
2022-01-07,34.14,28.54,0.6634,183580.08,145111.73,328691.80,0.5585,持有
2022-01-10,34.90,29.18,0.6906,187697.25,145111.73,332808.97,0.5640,持有
2022-01-11,33.87,28.32,0.6545,182161.94,145111.73,327273.67,0.5566,持有
2022-01-12,33.96,28.39,0.6567,182619.40,145111.73,327731.13,0.5572,持有
2022-01-13,33.17,27.74,0.6235,178410.74,145111.73,323522.47,0.5515,持有
2022-01-14,33.06,27.64,0.6149,177770.29,145111.73,322882.02,0.5506,持有
2022-01-17,33.31,27.85,0.6297,179142.68,145111.73,324254.41,0.5525,持有
2022-01-18,33.53,28.04,0.6400,180332.09,145111.73,325443.81,0.5541,持有
2022-01-19,33.44,27.96,0.6352,179828.88,145111.73,324940.60,0.5534,持有
2022-01-20,34.08,28.49,0.6620,183259.85,145111.73,328371.58,0.5581,持有
2022-01-21,34.08,28.49,0.6618,183259.85,145111.73,328371.58,0.5581,持有
2022-01-24,33.51,28.02,0.6384,180240.59,145111.73,325352.32,0.5540,持有
2022-01-25,32.88,27.50,0.6050,176855.36,145111.73,321967.09,0.5493,持有
2022-01-26,33.07,27.65,0.6146,177861.78,145111.73,322973.51,0.5507,持有
2022-01-27,32.43,27.11,0.5923,174385.06,145111.73,319496.79,0.5458,持有
2022-01-28,32.38,27.08,0.5911,174156.33,145111.73,319268.06,0.5455,持有
2022-02-07,32.97,27.57,0.6104,177312.83,145111.73,322424.55,0.5499,持有
2022-02-08,32.88,27.49,0.6046,176809.62,145111.73,321921.34,0.5492,持有
2022-02-09,33.97,28.40,0.6582,182665.15,145111.73,327776.88,0.5573,持有
2022-02-10,34.03,28.46,0.6611,183031.12,145111.73,328142.85,0.5578,持有
2022-02-11,33.88,28.33,0.6549,182207.69,145111.73,327319.41,0.5567,持有
2022-02-14,34.02,28.45,0.6606,182985.37,145111.73,328097.10,0.5577,持有
2022-02-15,33.92,28.37,0.6562,182436.42,145111.73,327548.14,0.5570,持有
2022-02-16,34.27,28.66,0.6720,184312.02,145111.73,329423.74,0.5595,持有
2022-02-17,34.39,28.76,0.6756,184952.47,145111.73,330064.19,0.5604,持有
2022-02-18,34.50,28.85,0.6782,185547.17,145111.73,330658.90,0.5611,持有
2022-02-21,34.88,29.17,0.6925,187605.76,145111.73,332717.48,0.5639,持有
2022-02-22,34.44,28.80,0.6766,185226.95,145111.73,330338.67,0.5607,持有
2022-02-23,34.23,28.62,0.6698,184083.29,145111.73,329195.01,0.5592,持有
2022-02-24,33.62,28.11,0.6410,180789.55,145111.73,325901.28,0.5547,持有
2022-02-25,33.60,28.10,0.6401,180698.06,145111.73,325809.78,0.5546,持有
2022-02-28,33.62,28.11,0.6409,180789.55,145111.73,325901.28,0.5547,持有
2022-03-01,33.60,28.10,0.6397,180698.06,145111.73,325809.78,0.5546,持有
2022-03-02,33.38,27.91,0.6290,179508.65,145111.73,324620.38,0.5530,持有
2022-03-03,33.45,27.97,0.6326,179920.37,145111.73,325032.09,0.5535,持有
2022-03-04,33.47,27.99,0.6335,180011.86,145111.73,325123.59,0.5537,持有
2022-03-07,31.94,26.71,0.5680,171777.52,145111.73,316889.25,0.5421,持有
2022-03-08,31.20,26.09,0.5262,167797.59,145111.73,312909.31,0.5362,持有
2022-03-09,31.16,26.05,0.5236,167568.86,145111.73,312680.58,0.5359,持有
2022-03-10,31.26,26.14,0.5282,168117.81,145111.73,313229.54,0.5367,持有
2022-03-11,32.58,27.24,0.5932,175208.50,145111.73,320320.22,0.5470,持有
2022-03-14,31.69,26.50,0.5594,170450.88,145111.73,315562.60,0.5401,持有
2022-03-15,30.11,25.18,0.4529,161942.06,145111.73,307053.78,0.5274,持有
2022-03-16,31.58,26.40,0.5528,169810.43,145111.73,314922.15,0.5392,持有
2022-03-17,31.64,26.46,0.5554,170176.40,145111.73,315288.12,0.5397,持有
2022-03-18,32.15,26.89,0.5790,172921.18,145111.73,318032.90,0.5437,持有
2022-03-21,31.47,26.32,0.5422,169261.47,145111.73,314373.20,0.5384,持有
2022-03-22,31.58,26.40,0.5524,169810.43,145111.73,314922.15,0.5392,持有
2022-03-23,31.32,26.19,0.5318,168438.04,145111.73,313549.76,0.5372,持有
2022-03-24,31.05,25.96,0.5130,166974.15,145111.73,312085.88,0.5350,持有
2022-03-25,30.41,25.43,0.4693,163543.18,145111.73,308654.90,0.5299,持有
2022-03-28,30.65,25.63,0.4843,164824.08,145111.73,309935.80,0.5318,持有
2022-03-29,30.37,25.39,0.4669,163314.45,145111.73,308426.17,0.5295,持有
2022-03-30,31.42,26.27,0.5402,168986.99,145111.73,314098.72,0.5380,持有
2022-03-31,31.38,26.24,0.5369,168758.26,145111.73,313869.99,0.5377,持有
2022-04-01,31.76,26.56,0.5629,170816.85,145111.73,315928.57,0.5407,持有
2022-04-06,31.64,26.46,0.5562,170176.40,145111.73,315288.12,0.5397,持有
2022-04-07,31.31,26.18,0.5301,168392.29,145111.73,313504.02,0.5371,持有
2022-04-08,31.44,26.29,0.5406,169078.49,145111.73,314190.21,0.5381,持有
2022-04-11,31.06,25.98,0.5143,167065.65,145111.73,312177.37,0.5352,持有
2022-04-12,31.86,26.64,0.5674,171320.06,145111.73,316431.78,0.5414,持有
2022-04-13,32.05,26.80,0.5783,172372.22,145111.73,317483.95,0.5429,持有
2022-04-14,32.92,27.53,0.6059,177038.35,145111.73,322150.08,0.5496,持有
2022-04-15,32.84,27.46,0.6026,176626.63,145111.73,321738.36,0.5490,持有
2022-04-18,32.60,27.26,0.5973,175345.74,145111.73,320457.46,0.5472,持有
2022-04-19,32.45,27.14,0.5919,174522.30,145111.73,319634.03,0.5460,持有
2022-04-20,33.03,27.62,0.6133,177633.05,145111.73,322744.78,0.5504,持有
2022-04-21,32.69,27.33,0.5984,175803.20,145111.73,320914.92,0.5478,持有
2022-04-22,32.62,27.28,0.5978,175437.23,145111.73,320548.95,0.5473,持有
2022-04-25,31.75,26.55,0.5612,170771.10,145111.73,315882.83,0.5406,持有
2022-04-26,32.21,26.94,0.5830,173241.40,145111.73,318353.13,0.5442,持有
2022-04-27,33.17,27.74,0.6236,178410.74,145111.73,323522.47,0.5515,持有
2022-04-28,32.37,25.93,0.5065,174110.58,145111.73,319222.31,0.5454,持有
2022-04-29,32.72,26.21,0.5313,175986.18,145111.73,321097.91,0.5481,持有
2022-05-05,32.94,26.38,0.5497,177129.84,145111.73,322241.57,0.5497,持有
2022-05-06,32.13,25.73,0.4885,172783.94,145111.73,317895.67,0.5435,持有
2022-05-09,32.19,25.78,0.4932,173104.16,145111.73,318215.89,0.5440,持有
2022-05-10,33.22,26.61,0.5641,178639.47,145111.73,323751.20,0.5518,持有
2022-05-11,32.92,26.37,0.5475,177038.35,145111.73,322150.08,0.5496,持有
2022-05-12,32.98,26.42,0.5528,177358.57,145111.73,322470.30,0.5500,持有
2022-05-13,32.71,26.20,0.5304,175894.69,145111.73,321006.42,0.5479,持有
2022-05-16,31.75,25.43,0.4646,170725.35,145111.73,315837.08,0.5405,持有
2022-05-17,32.00,25.63,0.4802,172097.74,145111.73,317209.47,0.5425,持有
2022-05-18,32.08,25.69,0.4862,172509.46,145111.73,317621.19,0.5431,持有
2022-05-19,31.41,25.16,0.4440,168941.25,145111.73,314052.97,0.5379,持有
2022-05-20,32.05,25.67,0.4831,172372.22,145111.73,317483.95,0.5429,持有
2022-05-23,31.63,25.33,0.4570,170084.91,145111.73,315196.63,0.5396,持有
2022-05-24,31.56,25.28,0.4524,169718.93,145111.73,314830.66,0.5391,持有
2022-05-25,31.59,25.31,0.4567,169901.92,145111.73,315013.65,0.5393,持有
2022-05-26,31.79,25.46,0.4671,170954.09,145111.73,316065.81,0.5409,持有
2022-05-27,31.97,25.61,0.4796,171960.51,145111.73,317072.23,0.5423,持有
2022-05-30,32.04,25.67,0.4831,172326.48,145111.73,317438.20,0.5429,持有
2022-05-31,32.32,25.89,0.5034,173836.11,145111.73,318947.83,0.5450,持有
2022-06-01,31.94,24.94,0.4301,171771.04,145111.73,316882.76,0.5421,持有
2022-06-02,31.56,24.64,0.4153,169706.03,145111.73,314817.76,0.5391,持有
2022-06-06,31.56,24.64,0.4152,169706.03,145111.73,314817.76,0.5391,持有
2022-06-07,31.75,24.79,0.4208,170738.53,145111.73,315850.26,0.5406,持有
2022-06-08,32.38,25.29,0.4536,174164.57,145111.73,319276.29,0.5455,持有
2022-06-09,32.31,25.23,0.4484,173789.11,145111.73,318900.84,0.5450,持有
2022-06-10,32.58,25.43,0.4659,175197.07,145111.73,320308.80,0.5470,持有
2022-06-13,32.35,25.26,0.4501,173976.84,145111.73,319088.57,0.5452,持有
2022-06-14,32.95,25.73,0.4907,177215.15,145111.73,322326.87,0.5498,持有
2022-06-15,33.22,25.94,0.5105,178670.04,145111.73,323781.76,0.5518,持有
2022-06-16,33.21,25.93,0.5090,178623.11,145111.73,323734.83,0.5518,持有
2022-06-17,33.41,26.09,0.5254,179702.54,145111.73,324814.27,0.5532,持有
2022-06-20,33.07,25.82,0.4981,177872.19,145111.73,322983.92,0.5507,持有
2022-06-21,32.93,25.71,0.4888,177121.28,145111.73,322233.01,0.5497,持有
2022-06-22,32.67,25.51,0.4721,175713.32,145111.73,320825.05,0.5477,持有
2022-06-23,32.81,25.62,0.4800,176464.24,145111.73,321575.96,0.5487,持有
2022-06-24,33.16,25.89,0.5049,178341.51,145111.73,323453.24,0.5514,持有
2022-06-27,33.77,26.37,0.5518,181626.75,145111.73,326738.48,0.5559,持有
2022-06-28,33.86,26.44,0.5583,182096.07,145111.73,327207.80,0.5565,持有
2022-06-29,33.20,25.93,0.5091,178576.17,145111.73,323687.90,0.5517,持有
2022-06-30,33.99,26.54,0.5657,182800.05,145111.73,327911.78,0.5575,持有
2022-07-01,33.55,26.19,0.5345,180406.52,145111.73,325518.25,0.5542,持有
2022-07-04,33.00,25.77,0.4938,177496.74,145111.73,322608.46,0.5502,持有
2022-07-05,32.62,25.47,0.4669,175431.73,145111.73,320543.46,0.5473,持有
2022-07-06,32.31,25.22,0.4455,173742.18,145111.73,318853.91,0.5449,持有
2022-07-07,31.96,24.95,0.4278,171864.90,145111.73,316976.63,0.5422,持有
2022-07-08,31.71,24.76,0.4169,170550.81,145111.73,315662.53,0.5403,持有
2022-07-11,31.51,24.60,0.4083,169471.37,145111.73,314583.10,0.5387,持有
2022-07-12,31.75,24.79,0.4179,170738.53,145111.73,315850.26,0.5406,持有
2022-07-13,31.38,24.50,0.4023,168767.39,145111.73,313879.12,0.5377,持有
2022-07-14,31.49,24.59,0.4069,169377.51,145111.73,314489.23,0.5386,持有
2022-07-15,31.14,24.31,0.3926,167453.30,145111.73,312565.02,0.5357,持有
2022-07-18,31.46,24.56,0.4063,169189.78,145111.73,314301.50,0.5383,持有
2022-07-19,31.56,24.64,0.4125,169706.03,145111.73,314817.76,0.5391,持有
2022-07-20,31.85,24.87,0.4248,171301.72,145111.73,316413.44,0.5414,持有
2022-07-21,31.52,24.61,0.4089,169518.30,145111.73,314630.03,0.5388,持有
2022-07-22,31.66,24.72,0.4158,170269.21,145111.73,315380.94,0.5399,持有
2022-07-25,31.95,24.94,0.4298,171817.97,145111.73,316929.69,0.5421,持有
2022-07-26,31.92,24.92,0.4286,171677.17,145111.73,316788.90,0.5419,持有
2022-07-27,31.77,24.81,0.4204,170879.33,145111.73,315991.06,0.5408,持有
2022-07-28,32.09,25.05,0.4350,172568.88,145111.73,317680.61,0.5432,持有
2022-07-29,31.27,24.41,0.3973,168157.28,145111.73,313269.00,0.5368,持有
2022-08-01,31.28,24.42,0.3982,168204.21,145111.73,313315.93,0.5369,持有
2022-08-02,30.81,24.05,0.3793,165669.88,145111.73,310781.61,0.5331,持有
2022-08-03,30.68,23.95,0.3748,165012.83,145111.73,310124.56,0.5321,持有
2022-08-04,31.05,24.24,0.3881,166983.98,145111.73,312095.70,0.5350,持有
2022-08-05,31.73,24.77,0.4191,170644.67,145111.73,315756.40,0.5404,持有
2022-08-08,31.71,24.76,0.4180,170550.81,145111.73,315662.53,0.5403,持有
2022-08-09,31.75,24.78,0.4198,170738.53,145111.73,315850.26,0.5406,持有
2022-08-10,31.37,24.49,0.4013,168720.46,145111.73,313832.18,0.5376,持有
2022-08-11,31.85,24.87,0.4262,171301.72,145111.73,316413.44,0.5414,持有
2022-08-12,31.96,24.95,0.4321,171864.90,145111.73,316976.63,0.5422,持有
2022-08-15,31.63,24.70,0.4156,170128.42,145111.73,315240.14,0.5397,持有
2022-08-16,31.69,24.74,0.4164,170410.01,145111.73,315521.74,0.5401,持有
2022-08-17,31.71,24.76,0.4180,170550.81,145111.73,315662.53,0.5403,持有
2022-08-18,31.42,24.53,0.4028,168955.12,145111.73,314066.84,0.5380,持有
2022-08-19,31.22,24.38,0.3950,167922.62,145111.73,313034.34,0.5364,持有
2022-08-22,31.30,24.44,0.3995,168345.00,145111.73,313456.73,0.5371,持有
2022-08-23,30.92,24.14,0.3804,166280.00,145111.73,311391.72,0.5340,持有
2022-08-24,30.68,23.95,0.3729,165012.83,145111.73,310124.56,0.5321,持有
2022-08-25,31.24,24.39,0.3958,168016.48,145111.73,313128.20,0.5366,持有
2022-08-26,31.58,24.66,0.4150,169846.83,145111.73,314958.55,0.5393,持有
2022-08-29,31.37,24.49,0.4012,168720.46,145111.73,313832.18,0.5376,持有
2022-08-30,31.53,24.61,0.4107,169565.23,145111.73,314676.96,0.5389,持有
2022-08-31,31.19,24.04,0.3760,167734.89,145111.73,312846.61,0.5362,持有
2022-09-01,30.15,23.24,0.3489,162149.98,145111.73,307261.71,0.5277,持有
2022-09-02,29.58,22.80,0.3334,159099.40,145111.73,304211.13,0.5230,持有
2022-09-05,29.12,22.44,0.3200,156612.01,145111.73,301723.73,0.5191,持有
2022-09-06,29.35,22.62,0.3266,157832.24,145111.73,302943.97,0.5210,持有
2022-09-07,28.99,22.34,0.3132,155908.03,145111.73,301019.75,0.5179,持有
2022-09-08,29.03,22.37,0.3157,156142.69,145111.73,301254.41,0.5183,持有
2022-09-09,29.41,22.66,0.3286,158160.76,145111.73,303272.49,0.5215,持有
2022-09-13,29.44,22.69,0.3295,158348.49,145111.73,303460.22,0.5218,持有
2022-09-14,29.32,22.60,0.3267,157691.44,145111.73,302803.17,0.5208,持有
2022-09-15,29.40,22.66,0.3286,158113.83,145111.73,303225.56,0.5214,持有
2022-09-16,28.69,22.11,0.3006,154312.34,145111.73,299424.07,0.5154,持有
2022-09-19,28.71,22.13,0.3012,154406.21,145111.73,299517.93,0.5155,持有
2022-09-20,28.50,21.96,0.2954,153279.84,145111.73,298391.56,0.5137,持有
2022-09-21,28.34,21.84,0.2920,152435.06,145111.73,297546.79,0.5123,持有
2022-09-22,27.93,21.52,0.2730,150182.33,145111.73,295294.05,0.5086,持有
2022-09-23,28.32,21.82,0.2915,152294.27,145111.73,297405.99,0.5121,持有
2022-09-26,28.24,21.76,0.2887,151871.88,145111.73,296983.60,0.5114,持有
2022-09-27,28.99,22.34,0.3141,155908.03,145111.73,301019.75,0.5179,持有
2022-09-28,29.02,22.37,0.3163,156095.76,145111.73,301207.48,0.5182,持有
2022-09-29,29.06,22.39,0.3189,156283.49,145111.73,301395.21,0.5185,持有
2022-09-30,28.78,22.18,0.3062,154781.66,145111.73,299893.39,0.5161,持有
2022-10-10,28.19,21.72,0.2853,151590.29,145111.73,296702.01,0.5109,持有
2022-10-11,28.24,21.76,0.2885,151871.88,145111.73,296983.60,0.5114,持有
2022-10-12,28.41,21.90,0.2947,152810.52,145111.73,297922.24,0.5129,持有
2022-10-13,28.41,21.90,0.2946,152810.52,145111.73,297922.24,0.5129,持有
2022-10-14,28.63,22.07,0.3004,153983.82,145111.73,299095.54,0.5148,持有
2022-10-17,28.81,22.20,0.3083,154922.46,145111.73,300034.18,0.5163,持有
2022-10-18,28.60,22.04,0.2996,153796.09,145111.73,298907.82,0.5145,持有
2022-10-19,28.36,21.86,0.2925,152528.93,145111.73,297640.65,0.5125,持有
2022-10-20,26.44,20.38,0.1982,142203.89,145111.73,287315.62,0.4949,买入(补至80%)
2022-10-21,26.13,20.13,0.1721,227101.27,58202.33,285303.60,0.7960,持有
2022-10-24,25.22,19.44,0.1206,219212.65,58202.33,277414.98,0.7902,买入(补至100%)
2022-10-25,25.44,19.60,0.1294,279794.91,600.64,280395.55,0.9979,持有
2022-10-26,25.39,19.57,0.1274,279314.99,600.64,279915.63,0.9979,持有
2022-10-27,25.10,19.34,0.1159,276051.52,600.64,276652.15,0.9978,持有
2022-10-28,22.58,18.77,0.0711,248407.97,600.64,249008.61,0.9976,持有
2022-10-31,22.03,18.31,0.0523,242264.96,600.64,242865.60,0.9975,持有
2022-11-01,23.16,19.25,0.1105,254742.95,600.64,255343.59,0.9976,持有
2022-11-02,23.86,19.83,0.1489,262421.71,600.64,263022.35,0.9977,持有
2022-11-03,23.25,19.32,0.1163,255702.80,600.64,256303.43,0.9977,持有
2022-11-04,24.20,20.12,0.1728,266165.11,600.64,266765.75,0.9977,持有
2022-11-07,24.18,20.10,0.1714,265973.14,600.64,266573.78,0.9977,持有
2022-11-08,23.88,19.85,0.1500,262613.68,600.64,263214.32,0.9977,持有
2022-11-09,23.75,19.74,0.1424,261173.92,600.64,261774.55,0.9977,持有
2022-11-10,24.18,20.10,0.1719,265973.14,600.64,266573.78,0.9977,持有
2022-11-11,24.80,20.62,0.2217,272788.04,600.64,273388.68,0.9978,持有
2022-11-14,24.75,20.57,0.2200,272212.14,600.64,272812.77,0.9978,持有
2022-11-15,25.48,21.18,0.2520,280274.84,600.64,280875.47,0.9979,持有
2022-11-16,25.48,21.18,0.2520,280274.84,600.64,280875.47,0.9979,持有
2022-11-17,25.52,21.21,0.2552,280658.78,600.64,281259.41,0.9979,持有
2022-11-18,25.41,21.12,0.2485,279506.96,600.64,280107.60,0.9979,持有
2022-11-21,25.08,20.85,0.2337,275859.55,600.64,276460.18,0.9978,持有
2022-11-22,25.02,20.80,0.2313,275187.66,600.64,275788.29,0.9978,持有
2022-11-23,24.84,20.65,0.2241,273267.97,600.64,273868.60,0.9978,持有
2022-11-24,24.85,20.66,0.2243,273363.95,600.64,273964.59,0.9978,持有
2022-11-25,24.87,20.67,0.2252,273555.92,600.64,274156.56,0.9978,持有
2022-11-28,24.84,20.65,0.2239,273267.97,600.64,273868.60,0.9978,持有
2022-11-29,25.40,21.12,0.2496,279410.98,600.64,280011.61,0.9979,持有
2022-11-30,25.18,20.93,0.2404,276915.38,600.64,277516.01,0.9978,持有
2022-12-01,26.10,21.70,0.2902,287089.74,600.64,287690.38,0.9979,持有
2022-12-02,25.95,21.57,0.2830,285458.00,600.64,286058.64,0.9979,持有
2022-12-05,26.74,22.23,0.3175,294096.61,600.64,294697.25,0.9980,持有
2022-12-06,27.21,22.62,0.3386,299279.77,600.64,299880.41,0.9980,持有
2022-12-07,27.56,22.91,0.3495,303119.16,600.64,303719.79,0.9980,持有
2022-12-08,27.25,22.65,0.3400,299759.70,600.64,300360.33,0.9980,持有
2022-12-09,27.92,23.21,0.3607,307054.52,600.64,307655.16,0.9980,持有
2022-12-12,27.71,23.03,0.3534,304750.89,600.64,305351.53,0.9980,持有
2022-12-13,27.31,22.70,0.3416,300335.60,600.64,300936.24,0.9980,持有
2022-12-14,27.68,23.01,0.3532,304462.94,600.64,305063.58,0.9980,持有
2022-12-15,27.37,22.75,0.3440,301007.50,600.64,301608.13,0.9980,持有
2022-12-16,27.42,22.79,0.3465,301583.40,600.64,302184.04,0.9980,持有
2022-12-19,27.39,22.77,0.3450,301295.45,600.64,301896.09,0.9980,持有
2022-12-20,26.62,22.12,0.3095,292752.83,600.64,293353.46,0.9980,持有
2022-12-21,26.99,22.44,0.3305,296880.16,600.64,297480.80,0.9980,持有
2022-12-22,26.92,22.38,0.3265,296112.29,600.64,296712.92,0.9980,持有
2022-12-23,27.14,22.56,0.3368,298511.90,600.64,299112.53,0.9980,持有
2022-12-26,26.68,22.18,0.3133,293424.72,600.64,294025.35,0.9980,持有
2022-12-27,27.19,22.60,0.3382,299087.81,600.64,299688.44,0.9980,持有
2022-12-28,26.99,22.44,0.3306,296880.16,600.64,297480.80,0.9980,持有
2022-12-29,26.94,22.39,0.3270,296304.25,600.64,296904.89,0.9980,持有
2022-12-30,27.05,22.49,0.3350,297552.05,600.64,298152.69,0.9980,持有
2023-01-03,26.79,22.27,0.3186,294672.52,600.64,295273.15,0.9980,持有
2023-01-04,26.69,22.18,0.3137,293520.70,600.64,294121.34,0.9980,持有
2023-01-05,27.52,22.88,0.3518,302735.22,600.64,303335.85,0.9980,持有
2023-01-06,27.49,22.85,0.3504,302351.28,600.64,302951.92,0.9980,持有
2023-01-09,27.58,22.92,0.3532,303311.13,600.64,303911.76,0.9980,持有
2023-01-10,28.37,23.58,0.3751,312045.72,600.64,312646.35,0.9981,持有
2023-01-11,28.32,23.54,0.3750,311469.81,600.64,312070.45,0.9981,持有
2023-01-12,28.13,23.38,0.3706,309358.15,600.64,309958.79,0.9981,持有
2023-01-13,28.44,23.64,0.3773,312813.59,600.64,313414.23,0.9981,持有
2023-01-16,29.15,24.23,0.4043,320588.34,600.64,321188.98,0.9981,持有
2023-01-17,29.45,24.48,0.4184,323947.80,600.64,324548.44,0.9981,持有
2023-01-18,28.13,23.38,0.3702,309358.15,600.64,309958.79,0.9981,持有
2023-01-19,28.29,23.52,0.3746,311181.86,600.64,311782.49,0.9981,持有
2023-01-20,28.21,23.45,0.3728,310318.00,600.64,310918.63,0.9981,持有
2023-01-30,29.02,24.12,0.3982,319148.57,600.64,319749.21,0.9981,持有
2023-01-31,28.43,23.63,0.3774,312717.61,600.64,313318.25,0.9981,持有
2023-02-01,28.43,23.63,0.3773,312717.61,600.64,313318.25,0.9981,持有
2023-02-02,28.38,23.59,0.3756,312141.70,600.64,312742.34,0.9981,持有
2023-02-03,27.95,23.23,0.3651,307438.46,600.64,308039.10,0.9981,持有
2023-02-06,27.16,22.57,0.3367,298703.87,600.64,299304.50,0.9980,持有
2023-02-07,27.07,22.50,0.3343,297744.02,600.64,298344.66,0.9980,持有
2023-02-08,27.28,22.68,0.3413,300047.65,600.64,300648.29,0.9980,持有
2023-02-09,27.49,22.85,0.3492,302351.28,600.64,302951.92,0.9980,持有
2023-02-10,27.45,22.82,0.3488,301967.34,600.64,302567.98,0.9980,持有
2023-02-13,27.57,22.92,0.3525,303215.14,600.64,303815.78,0.9980,持有
2023-02-14,27.60,22.94,0.3531,303599.08,600.64,304199.72,0.9980,持有
2023-02-15,27.21,22.62,0.3378,299279.77,600.64,299880.41,0.9980,持有
2023-02-16,26.95,22.40,0.3258,296400.24,600.64,297000.88,0.9980,持有
2023-02-17,26.78,22.26,0.3161,294576.53,600.64,295177.17,0.9980,持有
2023-02-20,27.36,22.74,0.3446,300911.51,600.64,301512.15,0.9980,持有
2023-02-21,27.48,22.84,0.3499,302255.30,600.64,302855.93,0.9980,持有
2023-02-22,27.11,22.53,0.3344,298127.96,600.64,298728.60,0.9980,持有
2023-02-23,27.05,22.49,0.3327,297552.05,600.64,298152.69,0.9980,持有
2023-02-24,26.71,22.20,0.3121,293808.66,600.64,294409.29,0.9980,持有
2023-02-27,26.62,22.12,0.3052,292752.83,600.64,293353.46,0.9980,持有
2023-02-28,26.58,22.09,0.3038,292368.89,600.64,292969.52,0.9979,持有
2023-03-01,27.16,22.57,0.3371,298703.87,600.64,299304.50,0.9980,持有
2023-03-02,27.17,22.59,0.3379,298895.84,600.64,299496.47,0.9980,持有
2023-03-03,27.11,22.53,0.3349,298127.96,600.64,298728.60,0.9980,持有
2023-03-06,26.82,22.29,0.3172,294960.47,600.64,295561.11,0.9980,持有
2023-03-07,26.13,21.72,0.2864,287377.69,600.64,287978.33,0.9979,持有
2023-03-08,26.07,21.67,0.2828,286705.80,600.64,287306.44,0.9979,持有
2023-03-09,25.79,21.43,0.2677,283634.30,600.64,284234.93,0.9979,持有
2023-03-10,25.40,21.12,0.2442,279410.98,600.64,280011.61,0.9979,持有
2023-03-13,25.72,21.38,0.2643,282866.42,600.64,283467.06,0.9979,持有
2023-03-14,25.78,21.43,0.2677,283538.31,600.64,284138.95,0.9979,持有
2023-03-15,25.47,21.17,0.2482,280178.85,600.64,280779.49,0.9979,持有
2023-03-16,25.39,21.11,0.2439,279314.99,600.64,279915.63,0.9979,持有
2023-03-17,25.19,20.94,0.2359,277107.35,600.64,277707.98,0.9978,持有
2023-03-20,24.91,20.70,0.2221,273939.86,600.64,274540.49,0.9978,持有
2023-03-21,25.29,21.02,0.2396,278163.18,600.64,278763.81,0.9978,持有
2023-03-22,25.20,20.95,0.2363,277203.33,600.64,277803.97,0.9978,持有
2023-03-23,25.32,21.04,0.2413,278451.13,600.64,279051.77,0.9978,持有
2023-03-24,25.42,21.13,0.2473,279602.95,600.64,280203.58,0.9979,持有
2023-03-27,25.41,21.12,0.2463,279506.96,600.64,280107.60,0.9979,持有
2023-03-28,25.31,21.04,0.2411,278355.15,600.64,278955.78,0.9978,持有
2023-03-29,25.05,20.82,0.2276,275475.61,600.64,276076.25,0.9978,持有
2023-03-30,25.48,21.18,0.2514,280274.84,600.64,280875.47,0.9979,持有
2023-03-31,25.41,21.12,0.2466,279506.96,600.64,280107.60,0.9979,持有
2023-04-03,25.30,21.03,0.2405,278259.16,600.64,278859.80,0.9978,持有
2023-04-04,25.40,21.12,0.2458,279410.98,600.64,280011.61,0.9979,持有
2023-04-06,25.24,20.98,0.2378,277587.27,600.64,278187.91,0.9978,持有
2023-04-07,25.43,21.14,0.2494,279698.93,600.64,280299.57,0.9979,持有
2023-04-10,25.19,20.93,0.2348,277011.36,600.64,277612.00,0.9978,持有
2023-04-11,24.89,20.69,0.2201,273747.89,600.64,274348.53,0.9978,持有
2023-04-12,24.57,20.43,0.2016,270292.45,600.64,270893.08,0.9978,持有
2023-04-13,24.52,20.38,0.1958,269716.54,600.64,270317.17,0.9978,持有
2023-04-14,24.36,20.25,0.1796,267988.82,600.64,268589.45,0.9978,持有
2023-04-17,24.59,20.44,0.2033,270484.41,600.64,271085.05,0.9978,持有
2023-04-18,24.86,20.67,0.2197,273459.94,600.64,274060.57,0.9978,持有
2023-04-19,24.63,20.47,0.2060,270868.35,600.64,271468.99,0.9978,持有
2023-04-20,24.50,20.37,0.1952,269524.57,600.64,270125.21,0.9978,持有
2023-04-21,24.43,20.31,0.1869,268756.69,600.64,269357.33,0.9978,持有
2023-04-24,23.88,19.85,0.1447,262613.68,600.64,263214.32,0.9977,持有
2023-04-25,24.01,19.95,0.1545,264053.45,600.64,264654.09,0.9977,持有
2023-04-26,23.96,19.92,0.1503,263573.53,600.64,264174.16,0.9977,持有
2023-04-27,24.26,20.16,0.1737,266837.00,600.64,267437.64,0.9978,持有
2023-04-28,25.80,19.85,0.1455,283730.28,600.64,284330.92,0.9979,持有
2023-05-04,26.05,20.05,0.1635,286513.83,600.64,287114.47,0.9979,持有
2023-05-05,25.93,19.95,0.1552,285170.05,600.64,285770.68,0.9979,持有
2023-05-08,26.29,20.24,0.1795,289201.40,600.64,289802.04,0.9979,持有
2023-05-09,26.09,20.08,0.1658,286993.75,600.64,287594.39,0.9979,持有
2023-05-10,26.03,20.04,0.1632,286321.86,600.64,286922.50,0.9979,持有
2023-05-11,25.81,19.87,0.1461,283922.25,600.64,284522.89,0.9979,持有
2023-05-12,25.98,20.00,0.1587,285745.96,600.64,286346.59,0.9979,持有
2023-05-15,26.41,20.32,0.1915,290449.20,600.64,291049.83,0.9979,持有
2023-05-16,26.22,20.18,0.1763,288433.52,600.64,289034.16,0.9979,持有
2023-05-17,26.02,20.03,0.1624,286225.88,600.64,286826.51,0.9979,持有
2023-05-18,25.89,19.93,0.1519,284786.11,600.64,285386.75,0.9979,持有
2023-05-19,26.05,20.05,0.1648,286513.83,600.64,287114.47,0.9979,持有
2023-05-22,26.57,20.45,0.2088,292272.90,600.64,292873.54,0.9979,持有
2023-05-23,26.76,20.60,0.2198,294384.56,600.64,294985.20,0.9980,持有
2023-05-24,26.18,20.15,0.1747,287953.60,600.64,288554.24,0.9979,持有
2023-05-25,25.94,19.97,0.1573,285362.02,600.64,285962.65,0.9979,持有
2023-05-26,25.72,19.79,0.1400,282866.42,600.64,283467.06,0.9979,持有
2023-05-29,25.46,19.50,0.1198,280082.87,600.64,280683.50,0.9979,持有
2023-05-30,25.47,19.51,0.1201,280178.85,600.64,280779.49,0.9979,持有
2023-05-31,25.14,19.25,0.1059,276531.44,600.64,277132.08,0.9978,持有
2023-06-01,25.39,19.44,0.1172,279219.01,600.64,279819.64,0.9979,持有
2023-06-02,25.97,19.89,0.1486,285649.97,600.64,286250.61,0.9979,持有
2023-06-05,25.75,19.72,0.1350,283250.36,600.64,283850.99,0.9979,持有
2023-06-06,25.74,19.71,0.1350,283154.37,600.64,283755.01,0.9979,持有
2023-06-07,25.74,19.71,0.1349,283154.37,600.64,283755.01,0.9979,持有
2023-06-08,25.84,19.79,0.1415,284210.20,600.64,284810.84,0.9979,持有
2023-06-09,26.04,19.94,0.1558,286417.85,600.64,287018.48,0.9979,持有
2023-06-12,26.08,19.97,0.1608,286897.77,600.64,287498.41,0.9979,持有
2023-06-13,26.16,19.33,0.1119,287693.22,600.64,288293.86,0.9979,持有
2023-06-14,26.28,19.43,0.1162,289085.45,600.64,289686.08,0.9979,持有
2023-06-15,26.49,19.58,0.1259,291372.67,600.64,291973.31,0.9979,持有
2023-06-16,26.55,19.63,0.1296,292068.79,600.64,292669.42,0.9979,持有
2023-06-19,26.26,19.41,0.1158,288886.56,600.64,289487.20,0.9979,持有
2023-06-20,26.06,19.26,0.1061,286599.33,600.64,287199.97,0.9979,持有
2023-06-21,26.04,19.25,0.1048,286400.44,600.64,287001.08,0.9979,持有
2023-06-26,25.98,19.20,0.1038,285704.33,600.64,286304.97,0.9979,持有
2023-06-27,25.86,19.11,0.0957,284411.55,600.64,285012.19,0.9979,持有
2023-06-28,25.79,19.07,0.0916,283715.44,600.64,284316.08,0.9979,持有
2023-06-29,25.52,18.86,0.0794,280732.10,600.64,281332.74,0.9979,持有
2023-06-30,25.60,18.92,0.0849,281627.10,600.64,282227.74,0.9979,持有
2023-07-03,26.34,19.47,0.1205,289682.12,600.64,290282.75,0.9979,持有
2023-07-04,26.35,19.47,0.1211,289781.56,600.64,290382.20,0.9979,持有
2023-07-05,26.01,19.23,0.1055,286102.11,600.64,286702.75,0.9979,持有
2023-07-06,25.88,19.13,0.0979,284610.44,600.64,285211.08,0.9979,持有
2023-07-07,25.93,19.17,0.1010,285207.11,600.64,285807.75,0.9979,持有
2023-07-10,25.66,18.96,0.0873,282223.77,600.64,282824.41,0.9979,持有
2023-07-11,25.77,19.05,0.0916,283417.11,600.64,284017.74,0.9979,持有
2023-07-12,25.64,18.95,0.0869,282024.88,600.64,282625.52,0.9979,持有
2023-07-13,26.21,19.37,0.1168,288289.89,600.64,288890.53,0.9979,持有
2023-07-14,25.38,18.76,0.0672,279140.99,600.64,279741.62,0.9979,持有
2023-07-17,24.91,18.41,0.0532,273969.87,600.64,274570.51,0.9978,持有
2023-07-18,24.68,18.24,0.0473,271483.75,600.64,272084.39,0.9978,持有
2023-07-19,24.63,18.20,0.0470,270887.09,600.64,271487.72,0.9978,持有
2023-07-20,24.57,18.16,0.0454,270290.42,600.64,270891.06,0.9978,持有
2023-07-21,24.79,18.32,0.0507,272677.09,600.64,273277.73,0.9978,持有
2023-07-24,24.66,18.22,0.0475,271185.42,600.64,271786.06,0.9978,持有
2023-07-25,25.10,18.55,0.0606,276058.21,600.64,276658.84,0.9978,持有
2023-07-26,25.06,18.52,0.0606,275660.43,600.64,276261.06,0.9978,持有
2023-07-27,25.10,18.55,0.0609,276058.21,600.64,276658.84,0.9978,持有
2023-07-28,25.75,19.03,0.0944,283218.22,600.64,283818.85,0.9979,持有
2023-07-31,25.91,19.15,0.1036,285008.22,600.64,285608.86,0.9979,持有
2023-08-01,25.54,18.88,0.0828,280930.99,600.64,281531.63,0.9979,持有
2023-08-02,25.54,18.88,0.0828,280930.99,600.64,281531.63,0.9979,持有
2023-08-03,25.78,19.05,0.0961,283516.55,600.64,284117.19,0.9979,持有
2023-08-04,25.60,18.92,0.0877,281527.66,600.64,282128.30,0.9979,持有
2023-08-07,25.41,18.78,0.0709,279538.77,600.64,280139.40,0.9979,持有
2023-08-08,25.40,18.77,0.0703,279339.88,600.64,279940.51,0.9979,持有
2023-08-09,25.46,18.82,0.0737,280035.99,600.64,280636.63,0.9979,持有
2023-08-10,25.20,18.62,0.0634,277152.10,600.64,277752.73,0.9978,持有
2023-08-11,24.86,18.38,0.0538,273472.65,600.64,274073.28,0.9978,持有
2023-08-14,24.75,18.30,0.0501,272279.31,600.64,272879.95,0.9978,持有
2023-08-15,24.75,18.29,0.0498,272179.87,600.64,272780.50,0.9978,持有
2023-08-16,24.56,18.15,0.0445,270091.53,600.64,270692.17,0.9978,持有
2023-08-17,24.69,18.25,0.0485,271583.20,600.64,272183.84,0.9978,持有
2023-08-18,24.37,18.01,0.0402,268003.19,600.64,268603.83,0.9978,持有
2023-08-21,24.03,17.76,0.0349,264323.74,600.64,264924.38,0.9977,持有
2023-08-22,24.17,17.86,0.0361,265815.41,600.64,266416.05,0.9977,持有
2023-08-23,23.83,17.61,0.0312,262135.96,600.64,262736.60,0.9977,持有
2023-08-24,23.96,17.71,0.0346,263528.19,600.64,264128.82,0.9977,持有
2023-08-25,24.19,17.88,0.0370,266014.30,600.64,266614.94,0.9977,持有
2023-08-28,24.25,17.92,0.0389,266710.41,600.64,267311.05,0.9978,持有
2023-08-29,24.07,17.65,0.0321,264721.52,600.64,265322.16,0.9977,持有
2023-08-30,24.00,17.60,0.0308,264025.41,600.64,264626.05,0.9977,持有
2023-08-31,23.51,17.24,0.0197,258555.96,600.64,259156.59,0.9977,持有
2023-09-01,23.55,17.27,0.0206,259053.18,600.64,259653.82,0.9977,持有
2023-09-04,23.91,17.53,0.0308,262931.52,600.64,263532.16,0.9977,持有
2023-09-05,23.53,17.26,0.0206,258854.29,600.64,259454.93,0.9977,持有
2023-09-06,23.68,17.36,0.0243,260445.40,600.64,261046.04,0.9977,持有
2023-09-07,23.40,17.16,0.0181,257362.62,600.64,257963.26,0.9977,持有
2023-09-08,23.31,17.09,0.0175,256368.18,600.64,256968.81,0.9977,持有
2023-09-11,23.61,17.31,0.0234,259649.85,600.64,260250.48,0.9977,持有
2023-09-12,23.70,17.37,0.0261,260644.29,600.64,261244.93,0.9977,持有
2023-09-13,23.67,17.35,0.0249,260345.96,600.64,260946.60,0.9977,持有
2023-09-14,23.73,17.40,0.0279,261042.07,600.64,261642.71,0.9977,持有
2023-09-15,23.62,17.32,0.0239,259848.74,600.64,260449.37,0.9977,持有
2023-09-18,23.76,17.42,0.0295,261340.41,600.64,261941.04,0.9977,持有
2023-09-19,23.72,17.39,0.0279,260843.18,600.64,261443.82,0.9977,持有
2023-09-20,23.63,17.33,0.0242,259948.18,600.64,260548.82,0.9977,持有
2023-09-21,23.38,17.14,0.0181,257163.73,600.64,257764.37,0.9977,持有
2023-09-22,24.05,17.63,0.0368,264522.63,600.64,265123.27,0.9977,持有
2023-09-25,24.10,17.67,0.0383,265119.30,600.64,265719.94,0.9977,持有
2023-09-26,24.20,17.75,0.0414,266213.19,600.64,266813.83,0.9977,持有
2023-09-27,24.09,17.66,0.0380,264920.41,600.64,265521.05,0.9977,持有
2023-09-28,23.99,17.59,0.0355,263826.52,600.64,264427.16,0.9977,持有
2023-10-09,24.02,17.61,0.0364,264224.30,600.64,264824.94,0.9977,持有
2023-10-10,24.22,17.76,0.0425,266412.08,600.64,267012.72,0.9978,持有
2023-10-11,24.46,17.93,0.0471,268997.64,600.64,269598.28,0.9978,持有
2023-10-12,24.50,17.96,0.0483,269494.86,600.64,270095.50,0.9978,持有
2023-10-13,24.28,17.80,0.0437,267008.75,600.64,267609.38,0.9978,持有
2023-10-16,23.93,17.55,0.0348,263229.85,600.64,263830.49,0.9977,持有
2023-10-17,24.28,17.80,0.0440,267008.75,600.64,267609.38,0.9978,持有
2023-10-18,24.04,17.63,0.0376,264423.19,600.64,265023.82,0.9977,持有
2023-10-19,23.65,17.34,0.0247,260147.07,600.64,260747.71,0.9977,持有
2023-10-20,23.47,17.21,0.0198,258158.18,600.64,258758.81,0.9977,持有
2023-10-23,23.14,16.96,0.0159,254478.73,600.64,255079.36,0.9976,持有
2023-10-24,23.15,16.98,0.0165,254677.62,600.64,255278.25,0.9976,持有
2023-10-25,23.55,17.27,0.0226,259053.18,600.64,259653.82,0.9977,持有
2023-10-26,23.52,17.24,0.0216,258655.40,600.64,259256.04,0.9977,持有
2023-10-27,24.30,17.82,0.0466,267307.08,600.64,267907.72,0.9978,持有
2023-10-30,24.11,17.68,0.0427,265218.74,600.64,265819.38,0.9977,持有
2023-10-31,24.79,16.24,0.0116,272677.09,600.64,273277.73,0.9978,持有
2023-11-01,24.70,16.18,0.0116,271682.64,600.64,272283.28,0.9978,持有
2023-11-02,24.72,16.19,0.0119,271881.53,600.64,272482.17,0.9978,持有
2023-11-03,24.95,16.35,0.0128,274467.09,600.64,275067.73,0.9978,持有
2023-11-06,24.91,16.32,0.0128,273969.87,600.64,274570.51,0.9978,持有
2023-11-07,24.95,16.35,0.0131,274467.09,600.64,275067.73,0.9978,持有
2023-11-08,24.94,16.33,0.0131,274268.20,600.64,274868.84,0.9978,持有
2023-11-09,24.98,16.36,0.0143,274765.43,600.64,275366.06,0.9978,持有
2023-11-10,24.88,16.30,0.0128,273671.54,600.64,274272.17,0.9978,持有
2023-11-13,24.80,16.24,0.0125,272776.53,600.64,273377.17,0.9978,持有
2023-11-14,24.66,16.15,0.0115,271185.42,600.64,271786.06,0.9978,持有
2023-11-15,24.65,16.14,0.0115,271085.98,600.64,271686.61,0.9978,持有
2023-11-16,24.43,16.00,0.0103,268699.31,600.64,269299.94,0.9978,持有
2023-11-17,24.37,15.96,0.0103,268003.19,600.64,268603.83,0.9978,持有
2023-11-20,24.56,16.08,0.0112,270091.53,600.64,270692.17,0.9978,持有
2023-11-21,24.82,16.26,0.0143,272975.42,600.64,273576.06,0.9978,持有
2023-11-22,24.59,16.11,0.0121,270489.31,600.64,271089.94,0.9978,持有
2023-11-23,24.69,16.17,0.0133,271583.20,600.64,272183.84,0.9978,持有
2023-11-24,24.73,16.20,0.0142,271980.98,600.64,272581.61,0.9978,持有
2023-11-27,24.57,16.10,0.0118,270290.42,600.64,270891.06,0.9978,持有
2023-11-28,24.66,16.15,0.0133,271185.42,600.64,271786.06,0.9978,持有
2023-11-29,24.46,16.02,0.0109,268997.64,600.64,269598.28,0.9978,持有
2023-11-30,24.64,16.14,0.0130,270986.53,600.64,271587.17,0.9978,持有
2023-12-01,24.46,16.02,0.0109,268997.64,600.64,269598.28,0.9978,持有
2023-12-04,24.23,15.87,0.0091,266511.52,600.64,267112.16,0.9978,持有
2023-12-05,23.90,15.65,0.0082,262832.07,600.64,263432.71,0.9977,持有
2023-12-06,23.90,15.65,0.0082,262832.07,600.64,263432.71,0.9977,持有
2023-12-07,23.82,15.60,0.0082,262036.52,600.64,262637.15,0.9977,持有
2023-12-08,23.83,15.61,0.0085,262135.96,600.64,262736.60,0.9977,持有
2023-12-12,23.91,15.66,0.0094,263030.96,600.64,263631.60,0.9977,持有
2023-12-13,23.35,15.30,0.0078,256865.40,600.64,257466.03,0.9977,持有
2023-12-14,23.40,15.33,0.0081,257362.62,600.64,257963.26,0.9977,持有
2023-12-15,23.06,15.11,0.0075,253683.17,600.64,254283.81,0.9976,持有
2023-12-18,23.15,15.16,0.0078,254578.17,600.64,255178.81,0.9976,持有
2023-12-19,23.01,15.07,0.0069,253086.50,600.64,253687.14,0.9976,持有
2023-12-20,22.90,15.00,0.0063,251893.17,600.64,252493.80,0.9976,持有
2023-12-21,23.20,15.20,0.0087,255174.84,600.64,255775.48,0.9977,持有
2023-12-22,23.51,15.40,0.0099,258555.96,600.64,259156.59,0.9977,持有
2023-12-25,23.60,15.46,0.0102,259550.40,600.64,260151.04,0.9977,持有
2023-12-26,23.34,15.28,0.0093,256666.51,600.64,257267.15,0.9977,持有
2023-12-27,23.62,15.47,0.0108,259848.74,600.64,260449.37,0.9977,持有
2023-12-28,24.28,15.90,0.0144,267008.75,600.64,267609.38,0.9978,持有
2023-12-29,24.19,15.84,0.0135,266014.30,600.64,266614.94,0.9977,持有
2024-01-02,23.75,15.56,0.0114,261240.96,600.64,261841.60,0.9977,持有
2024-01-03,23.56,15.43,0.0105,259152.62,600.64,259753.26,0.9977,持有
2024-01-04,23.48,15.38,0.0102,258257.62,600.64,258858.26,0.9977,持有
2024-01-05,23.62,15.47,0.0114,259749.29,600.64,260349.93,0.9977,持有
2024-01-08,23.64,15.49,0.0120,260047.63,600.64,260648.26,0.9977,持有
2024-01-09,23.79,15.58,0.0129,261638.74,600.64,262239.38,0.9977,持有
2024-01-10,24.02,15.73,0.0150,264224.30,600.64,264824.94,0.9977,持有
2024-01-11,24.05,15.75,0.0153,264522.63,600.64,265123.27,0.9977,持有
2024-01-12,24.19,15.84,0.0159,266014.30,600.64,266614.94,0.9977,持有
2024-01-15,24.15,15.82,0.0159,265616.52,600.64,266217.16,0.9977,持有
2024-01-16,24.32,15.93,0.0183,267505.97,600.64,268106.61,0.9978,持有
2024-01-17,23.87,15.63,0.0138,262533.74,600.64,263134.38,0.9977,持有
2024-01-18,24.19,15.84,0.0165,266014.30,600.64,266614.94,0.9977,持有
2024-01-19,24.29,15.91,0.0189,267207.64,600.64,267808.27,0.9978,持有
2024-01-22,24.12,15.80,0.0162,265318.19,600.64,265918.83,0.9977,持有
2024-01-23,23.92,15.67,0.0150,263130.41,600.64,263731.04,0.9977,持有
2024-01-24,24.23,15.87,0.0183,266511.52,600.64,267112.16,0.9978,持有
2024-01-25,24.47,16.03,0.0221,269196.53,600.64,269797.16,0.9978,持有
2024-01-26,24.59,16.11,0.0239,270489.31,600.64,271089.94,0.9978,持有
2024-01-29,24.85,16.28,0.0281,273373.20,600.64,273973.84,0.9978,持有
2024-01-30,24.66,16.15,0.0260,271284.87,600.64,271885.50,0.9978,持有
2024-01-31,24.49,16.04,0.0227,269395.42,600.64,269996.05,0.9978,持有
2024-02-01,24.38,15.97,0.0212,268102.64,600.64,268703.27,0.9978,持有
2024-02-02,24.38,15.97,0.0212,268102.64,600.64,268703.27,0.9978,持有
2024-02-05,25.00,16.37,0.0319,274964.32,600.64,275564.95,0.9978,持有
2024-02-06,25.44,16.66,0.0334,279837.10,600.64,280437.74,0.9979,持有
2024-02-07,25.57,16.75,0.0343,281229.33,600.64,281829.96,0.9979,持有
2024-02-08,25.48,16.69,0.0340,280234.88,600.64,280835.52,0.9979,持有
2024-02-19,25.61,16.78,0.0352,281726.55,600.64,282327.18,0.9979,持有
2024-02-20,25.93,16.98,0.0379,285207.11,600.64,285807.75,0.9979,持有
2024-02-21,26.08,17.08,0.0390,286897.67,600.64,287498.30,0.9979,持有
2024-02-22,26.27,17.21,0.0423,288986.00,600.64,289586.64,0.9979,持有
2024-02-23,26.20,17.16,0.0411,288190.45,600.64,288791.08,0.9979,持有
2024-02-26,25.94,16.99,0.0381,285306.55,600.64,285907.19,0.9979,持有
2024-02-27,25.69,16.82,0.0354,282522.11,600.64,283122.74,0.9979,持有
2024-02-28,25.50,16.70,0.0342,280433.77,600.64,281034.40,0.9979,持有
2024-02-29,25.63,16.79,0.0357,281925.44,600.64,282526.07,0.9979,持有
2024-03-01,25.55,16.74,0.0348,281030.44,600.64,281631.07,0.9979,持有
2024-03-04,25.44,16.66,0.0333,279837.10,600.64,280437.74,0.9979,持有
2024-03-05,26.08,17.08,0.0407,286897.67,600.64,287498.30,0.9979,持有
2024-03-06,25.77,16.88,0.0377,283417.11,600.64,284017.74,0.9979,持有
2024-03-07,25.81,16.91,0.0383,283914.33,600.64,284514.97,0.9979,持有
2024-03-08,25.59,16.76,0.0356,281428.21,600.64,282028.85,0.9979,持有
2024-03-11,25.77,16.88,0.0380,283417.11,600.64,284017.74,0.9979,持有
2024-03-12,25.91,16.97,0.0398,285008.22,600.64,285608.86,0.9979,持有
2024-03-13,25.47,16.68,0.0341,280135.43,600.64,280736.07,0.9979,持有
2024-03-14,25.46,16.68,0.0341,280035.99,600.64,280636.63,0.9979,持有
2024-03-15,26.06,17.07,0.0421,286599.33,600.64,287199.97,0.9979,持有
2024-03-18,26.32,17.24,0.0480,289483.23,600.64,290083.86,0.9979,持有
2024-03-19,26.30,17.23,0.0471,289284.34,600.64,289884.97,0.9979,持有
2024-03-20,26.22,17.17,0.0459,288389.34,600.64,288989.97,0.9979,持有
2024-03-21,26.13,17.11,0.0444,287394.89,600.64,287995.53,0.9979,持有
2024-03-22,25.90,16.97,0.0403,284908.78,600.64,285509.41,0.9979,持有
2024-03-25,25.66,16.81,0.0373,282223.77,600.64,282824.41,0.9979,持有
2024-03-26,25.60,16.76,0.0364,281527.66,600.64,282128.30,0.9979,持有
2024-03-27,25.44,16.66,0.0331,279837.10,600.64,280437.74,0.9979,持有
2024-03-28,25.14,16.47,0.0322,276555.43,600.64,277156.07,0.9978,持有
2024-03-29,25.23,16.52,0.0328,277450.43,600.64,278051.07,0.9978,持有
2024-04-01,25.45,16.67,0.0346,279936.55,600.64,280537.18,0.9979,持有
2024-04-02,25.11,16.45,0.0322,276157.65,600.64,276758.29,0.9978,持有
2024-04-03,25.02,16.39,0.0319,275163.20,600.64,275763.84,0.9978,持有
2024-04-08,24.66,16.15,0.0260,271185.42,600.64,271786.06,0.9978,持有
2024-04-09,24.74,16.20,0.0283,272080.42,600.64,272681.06,0.9978,持有
2024-04-10,24.58,16.10,0.0242,270389.86,600.64,270990.50,0.9978,持有
2024-04-11,24.43,16.00,0.0215,268699.31,600.64,269299.94,0.9978,持有
2024-04-12,24.02,15.73,0.0153,264224.30,600.64,264824.94,0.9977,持有
2024-04-15,24.45,16.01,0.0224,268898.20,600.64,269498.83,0.9978,持有
2024-04-16,24.62,16.13,0.0262,270787.64,600.64,271388.28,0.9978,持有
2024-04-17,24.74,16.20,0.0298,272080.42,600.64,272681.06,0.9978,持有
2024-04-18,25.04,16.40,0.0348,275461.54,600.64,276062.17,0.9978,持有
2024-04-19,25.01,16.38,0.0342,275063.76,600.64,275664.40,0.9978,持有
2024-04-22,25.22,16.52,0.0362,277350.99,600.64,277951.62,0.9978,持有
2024-04-23,25.24,16.53,0.0368,277649.32,600.64,278249.96,0.9978,持有
2024-04-24,25.30,16.57,0.0374,278245.99,600.64,278846.62,0.9978,持有
2024-04-25,25.39,16.63,0.0379,279240.43,600.64,279841.07,0.9979,持有
2024-04-26,25.32,16.59,0.0376,278544.32,600.64,279144.96,0.9978,持有
2024-04-29,25.58,16.75,0.0420,281328.77,600.64,281929.41,0.9979,持有
2024-04-30,25.87,14.30,0.0000,284511.00,600.64,285111.63,0.9979,持有
2024-05-06,26.04,14.40,0.0006,286400.44,600.64,287001.08,0.9979,持有
2024-05-07,25.63,14.17,0.0000,281925.44,600.64,282526.07,0.9979,持有
2024-05-08,25.52,14.11,0.0000,280732.10,600.64,281332.74,0.9979,持有
2024-05-09,25.51,14.11,0.0000,280632.66,600.64,281233.29,0.9979,持有
2024-05-10,25.27,13.97,0.0000,277947.65,600.64,278548.29,0.9978,持有
2024-05-13,25.32,14.00,0.0003,278444.88,600.64,279045.51,0.9978,持有
2024-05-14,25.19,13.93,0.0000,277052.65,600.64,277653.29,0.9978,持有
2024-05-15,25.13,13.90,0.0000,276455.98,600.64,277056.62,0.9978,持有
2024-05-16,25.11,13.88,0.0000,276157.65,600.64,276758.29,0.9978,持有
2024-05-17,25.41,14.05,0.0015,279538.77,600.64,280139.40,0.9979,持有
2024-05-20,25.82,14.28,0.0026,284013.77,600.64,284614.41,0.9979,持有
2024-05-21,26.36,14.58,0.0056,289980.45,600.64,290581.09,0.9979,持有
2024-05-22,26.43,14.61,0.0059,290676.56,600.64,291277.20,0.9979,持有
2024-05-23,26.48,14.64,0.0064,291273.23,600.64,291873.87,0.9979,持有
2024-05-24,26.11,14.44,0.0038,287196.00,600.64,287796.64,0.9979,持有
2024-05-27,26.24,14.51,0.0050,288588.23,600.64,289188.86,0.9979,持有
2024-05-28,26.01,14.38,0.0035,286102.11,600.64,286702.75,0.9979,持有
2024-05-29,26.17,14.47,0.0047,287892.11,600.64,288492.75,0.9979,持有
2024-05-30,25.78,14.25,0.0026,283516.55,600.64,284117.19,0.9979,持有
2024-05-31,25.60,14.15,0.0023,281527.66,600.64,282128.30,0.9979,持有
2024-06-03,25.84,14.29,0.0035,284212.66,600.64,284813.30,0.9979,持有
2024-06-04,25.88,14.31,0.0041,284610.44,600.64,285211.08,0.9979,持有
2024-06-05,25.78,13.66,0.0000,283572.54,600.64,284173.17,0.9979,持有
2024-06-06,25.92,13.73,0.0003,285129.49,600.64,285730.12,0.9979,持有
2024-06-07,25.54,13.53,0.0000,280873.82,600.64,281474.46,0.9979,持有
2024-06-11,25.22,13.36,0.0000,277344.74,600.64,277945.37,0.9978,持有
2024-06-12,25.50,13.51,0.0003,280458.64,600.64,281059.27,0.9979,持有
2024-06-13,25.36,13.43,0.0003,278901.69,600.64,279502.32,0.9979,持有
2024-06-14,25.64,13.58,0.0012,282015.59,600.64,282616.22,0.9979,持有
2024-06-17,25.37,13.44,0.0006,279005.48,600.64,279606.12,0.9979,持有
2024-06-18,24.91,13.20,0.0000,274023.24,600.64,274623.88,0.9978,持有
2024-06-19,24.84,13.16,0.0000,273192.87,600.64,273793.51,0.9978,持有
2024-06-20,24.21,12.82,0.0000,266238.49,600.64,266839.13,0.9977,持有
2024-06-21,24.33,12.89,0.0003,267587.85,600.64,268188.49,0.9978,持有
2024-06-24,24.51,12.98,0.0006,269559.99,600.64,270160.62,0.9978,持有
2024-06-25,24.32,12.88,0.0003,267484.05,600.64,268084.69,0.9978,持有
2024-06-26,24.53,12.99,0.0012,269767.58,600.64,270368.22,0.9978,持有
2024-06-27,24.32,12.88,0.0003,267484.05,600.64,268084.69,0.9978,持有
2024-06-28,24.39,12.92,0.0012,268210.63,600.64,268811.27,0.9978,持有
2024-07-01,24.51,12.98,0.0015,269559.99,600.64,270160.62,0.9978,持有
2024-07-02,24.32,12.88,0.0003,267484.05,600.64,268084.69,0.9978,持有
2024-07-03,24.36,12.90,0.0015,267899.24,600.64,268499.88,0.9978,持有
2024-07-04,24.17,12.80,0.0000,265823.31,600.64,266423.94,0.9977,持有
2024-07-05,24.02,12.72,0.0000,264162.56,600.64,264763.19,0.9977,持有
2024-07-08,23.78,12.60,0.0000,261567.64,600.64,262168.28,0.9977,持有
2024-07-09,23.59,12.50,0.0000,259491.71,600.64,260092.34,0.9977,持有
2024-07-10,23.71,12.56,0.0003,260841.06,600.64,261441.70,0.9977,持有
2024-07-11,24.25,12.85,0.0017,266757.48,600.64,267358.11,0.9978,持有
2024-07-12,24.06,12.75,0.0012,264681.54,600.64,265282.18,0.9977,持有
2024-07-15,24.05,12.74,0.0012,264577.75,600.64,265178.38,0.9977,持有
2024-07-16,24.10,12.77,0.0017,265096.73,600.64,265697.36,0.9977,持有
2024-07-17,24.54,13.00,0.0055,269871.38,600.64,270472.01,0.9978,持有
2024-07-18,24.73,13.10,0.0058,272051.11,600.64,272651.74,0.9978,持有
2024-07-19,24.91,13.20,0.0064,274023.24,600.64,274623.88,0.9978,持有
2024-07-22,24.63,13.05,0.0058,270909.34,600.64,271509.98,0.9978,持有
2024-07-23,23.99,12.71,0.0009,263851.17,600.64,264451.80,0.9977,持有
2024-07-24,23.64,12.52,0.0003,260010.69,600.64,260611.33,0.9977,持有
2024-07-25,23.63,12.52,0.0003,259906.89,600.64,260507.53,0.9977,持有
2024-07-26,23.67,12.54,0.0009,260322.08,600.64,260922.72,0.9977,持有
2024-07-29,23.35,12.37,0.0000,256792.99,600.64,257393.63,0.9977,持有
2024-07-30,23.03,12.20,0.0000,253263.91,600.64,253864.54,0.9976,持有
2024-07-31,23.68,12.54,0.0017,260425.88,600.64,261026.51,0.9977,持有
2024-08-01,23.12,12.25,0.0003,254301.87,600.64,254902.51,0.9976,持有
2024-08-02,23.06,12.22,0.0003,253679.09,600.64,254279.73,0.9976,持有
2024-08-05,22.95,12.16,0.0000,252433.53,600.64,253034.17,0.9976,持有
2024-08-06,22.94,12.15,0.0000,252329.74,600.64,252930.37,0.9976,持有
2024-08-07,22.75,12.05,0.0000,250253.80,600.64,250854.44,0.9976,持有
2024-08-08,23.02,12.19,0.0009,253160.11,600.64,253760.75,0.9976,持有
2024-08-09,22.83,12.09,0.0003,251084.18,600.64,251684.81,0.9976,持有
2024-08-12,22.98,12.17,0.0012,252744.92,600.64,253345.56,0.9976,持有
2024-08-13,22.73,12.04,0.0000,250046.21,600.64,250646.85,0.9976,持有
2024-08-14,22.50,11.92,0.0000,247451.29,600.64,248051.93,0.9976,持有
2024-08-15,22.71,12.03,0.0003,249734.82,600.64,250335.46,0.9976,持有
2024-08-16,22.68,12.01,0.0003,249423.43,600.64,250024.07,0.9976,持有
2024-08-19,22.56,11.95,0.0003,248177.87,600.64,248778.51,0.9976,持有
2024-08-20,22.21,11.77,0.0000,244337.39,600.64,244938.03,0.9975,持有
2024-08-21,22.07,11.69,0.0000,242780.44,600.64,243381.08,0.9975,持有
2024-08-22,21.73,11.51,0.0000,239043.76,600.64,239644.40,0.9975,持有
2024-08-23,21.88,11.59,0.0003,240704.51,600.64,241305.14,0.9975,持有
2024-08-26,21.55,11.42,0.0000,237071.62,600.64,237672.26,0.9975,持有
2024-08-27,21.37,11.32,0.0000,234995.69,600.64,235596.33,0.9975,持有
2024-08-28,21.00,11.12,0.0000,230947.62,600.64,231548.26,0.9974,持有
2024-08-29,21.58,11.43,0.0009,237383.01,600.64,237983.65,0.9975,持有
2024-08-30,21.36,12.36,0.0063,234891.89,600.64,235492.53,0.9974,持有
2024-09-02,20.42,11.82,0.0023,224616.02,600.64,225216.66,0.9973,持有
2024-09-03,20.96,12.13,0.0046,230532.43,600.64,231133.07,0.9974,持有
2024-09-04,20.92,12.11,0.0046,230117.25,600.64,230717.88,0.9974,持有
2024-09-05,21.25,12.30,0.0072,233750.13,600.64,234350.77,0.9974,持有
2024-09-06,21.01,12.16,0.0057,231051.42,600.64,231652.05,0.9974,持有
2024-09-09,20.83,12.06,0.0043,229079.28,600.64,229679.92,0.9974,持有
2024-09-10,20.71,11.99,0.0031,227833.72,600.64,228434.36,0.9974,持有
2024-09-11,20.98,12.14,0.0057,230740.03,600.64,231340.66,0.9974,持有
2024-09-12,20.63,11.94,0.0029,226899.55,600.64,227500.19,0.9974,持有
2024-09-13,20.36,11.78,0.0023,223889.45,600.64,224490.08,0.9973,持有
2024-09-18,20.17,11.67,0.0017,221813.51,600.64,222414.15,0.9973,持有
2024-09-19,20.80,12.04,0.0049,228767.89,600.64,229368.53,0.9974,持有
2024-09-20,20.74,12.01,0.0043,228145.11,600.64,228745.75,0.9974,持有
2024-09-23,20.66,11.96,0.0040,227210.94,600.64,227811.58,0.9974,持有
2024-09-24,21.94,12.70,0.0128,241327.29,600.64,241927.92,0.9975,持有
2024-09-25,22.21,12.85,0.0154,244233.60,600.64,244834.23,0.9975,持有
2024-09-26,24.08,13.94,0.0231,264889.14,600.64,265489.77,0.9977,持有
2024-09-27,26.05,15.08,0.0362,286478.85,600.64,287079.48,0.9979,持有
2024-09-30,27.43,15.88,0.0476,301736.96,600.64,302337.59,0.9980,持有
2024-10-08,27.33,15.82,0.0459,300595.19,600.64,301195.83,0.9980,持有
2024-10-09,25.04,14.49,0.0291,275372.60,600.64,275973.24,0.9978,持有
2024-10-10,26.06,15.09,0.0370,286686.44,600.64,287287.07,0.9979,持有
2024-10-11,25.81,14.94,0.0336,283883.93,600.64,284484.56,0.9979,持有
2024-10-14,25.82,14.94,0.0339,283987.72,600.64,284588.36,0.9979,持有
2024-10-15,25.01,14.47,0.0285,275061.21,600.64,275661.85,0.9978,持有
2024-10-16,24.68,14.28,0.0259,271428.33,600.64,272028.96,0.9978,持有
2024-10-17,24.08,13.94,0.0231,264889.14,600.64,265489.77,0.9977,持有
2024-10-18,24.91,14.42,0.0282,274023.24,600.64,274623.88,0.9978,持有
2024-10-21,24.73,14.32,0.0276,272051.11,600.64,272651.74,0.9978,持有
2024-10-22,25.11,14.54,0.0316,276202.97,600.64,276803.61,0.9978,持有
2024-10-23,25.49,14.75,0.0341,280354.84,600.64,280955.48,0.9979,持有
2024-10-24,25.03,14.49,0.0304,275268.80,600.64,275869.44,0.9978,持有
2024-10-25,25.18,14.57,0.0324,276929.55,600.64,277530.19,0.9978,持有
2024-10-28,25.59,14.81,0.0352,281496.60,600.64,282097.24,0.9979,持有
2024-10-29,25.03,14.49,0.0304,275268.80,600.64,275869.44,0.9978,持有
2024-10-30,24.95,14.44,0.0290,274438.43,600.64,275039.07,0.9978,持有
2024-10-31,26.34,14.91,0.0366,289696.54,600.64,290297.18,0.9979,持有
2024-11-01,26.71,15.12,0.0420,293744.61,600.64,294345.25,0.9980,持有
2024-11-04,27.21,15.40,0.0445,299245.84,600.64,299846.47,0.9980,持有
2024-11-05,27.43,15.53,0.0462,301736.96,600.64,302337.59,0.9980,持有
2024-11-06,27.27,15.44,0.0451,299972.41,600.64,300573.05,0.9980,持有
2024-11-07,28.50,16.13,0.0612,313465.98,600.64,314066.62,0.9981,持有
2024-11-08,28.43,16.10,0.0595,312739.41,600.64,313340.04,0.9981,持有
2024-11-11,28.32,16.03,0.0583,311493.85,600.64,312094.48,0.9981,持有
2024-11-12,28.12,15.92,0.0549,309314.12,600.64,309914.75,0.9981,持有
2024-11-13,28.32,16.03,0.0586,311493.85,600.64,312094.48,0.9981,持有
2024-11-14,27.94,15.82,0.0515,307341.98,600.64,307942.61,0.9980,持有
2024-11-15,27.64,15.65,0.0484,304020.48,600.64,304621.12,0.9980,持有
2024-11-18,27.35,15.48,0.0461,300802.79,600.64,301403.42,0.9980,持有
2024-11-19,27.24,15.42,0.0447,299661.02,600.64,300261.66,0.9980,持有
2024-11-20,27.40,15.51,0.0469,301425.57,600.64,302026.20,0.9980,持有
2024-11-21,27.53,15.58,0.0483,302774.92,600.64,303375.56,0.9980,持有
2024-11-22,26.80,15.17,0.0424,294782.58,600.64,295383.22,0.9980,持有
2024-11-25,26.63,15.07,0.0404,292914.24,600.64,293514.88,0.9980,持有
2024-11-26,26.96,15.26,0.0435,296547.12,600.64,297147.76,0.9980,持有
2024-11-27,27.24,15.42,0.0454,299661.02,600.64,300261.66,0.9980,持有
2024-11-28,26.90,15.23,0.0435,295924.34,600.64,296524.98,0.9980,持有
2024-11-29,26.97,15.27,0.0440,296650.92,600.64,297251.56,0.9980,持有
2024-12-02,27.20,15.40,0.0454,299142.04,600.64,299742.68,0.9980,持有
2024-12-03,27.61,15.63,0.0510,303709.09,600.64,304309.73,0.9980,持有
2024-12-04,27.47,15.55,0.0496,302152.14,600.64,302752.78,0.9980,持有
2024-12-05,27.22,15.41,0.0462,299349.63,600.64,299950.27,0.9980,持有
2024-12-06,27.59,15.62,0.0515,303501.50,600.64,304102.14,0.9980,持有
2024-12-09,27.20,15.40,0.0453,299142.04,600.64,299742.68,0.9980,持有
2024-12-10,27.86,15.77,0.0555,306407.81,600.64,307008.44,0.9980,持有
2024-12-11,28.09,15.90,0.0594,309002.73,600.64,309603.36,0.9981,持有
2024-12-12,28.53,16.15,0.0687,313777.37,600.64,314378.01,0.9981,持有
2024-12-13,27.60,15.63,0.0520,303605.30,600.64,304205.93,0.9980,持有
2024-12-16,27.56,15.60,0.0512,303086.31,600.64,303686.95,0.9980,持有
2024-12-17,27.94,15.82,0.0565,307341.98,600.64,307942.61,0.9980,持有
2024-12-18,27.94,15.82,0.0565,307341.98,600.64,307942.61,0.9980,持有
2024-12-19,27.72,15.69,0.0545,304850.86,600.64,305451.49,0.9980,持有
2024-12-20,27.56,15.60,0.0511,303086.31,600.64,303686.95,0.9980,持有
2024-12-23,27.93,15.81,0.0570,307238.18,600.64,307838.82,0.9980,持有
2024-12-24,28.41,16.08,0.0668,312428.02,600.64,313028.65,0.9981,持有
2024-12-25,28.24,15.99,0.0640,310663.47,600.64,311264.11,0.9981,持有
2024-12-26,28.28,16.01,0.0648,311078.66,600.64,311679.30,0.9981,持有
2024-12-27,28.45,16.11,0.0693,312947.00,600.64,313547.64,0.9981,持有
2024-12-30,28.39,16.07,0.0673,312220.42,600.64,312821.06,0.9981,持有
2024-12-31,28.48,16.12,0.0704,313258.39,600.64,313859.03,0.9981,持有
2025-01-02,27.90,15.79,0.0566,306823.00,600.64,307423.63,0.9980,持有
2025-01-03,27.65,15.65,0.0541,304124.28,600.64,304724.92,0.9980,持有
2025-01-06,27.40,15.51,0.0490,301425.57,600.64,302026.20,0.9980,持有
2025-01-07,27.25,15.43,0.0470,299764.82,600.64,300365.46,0.9980,持有
2025-01-08,27.51,15.57,0.0510,302567.33,600.64,303167.97,0.9980,持有
2025-01-09,27.33,15.47,0.0484,300595.19,600.64,301195.83,0.9980,持有
2025-01-10,26.92,15.24,0.0434,296131.94,600.64,296732.57,0.9980,持有
2025-01-13,26.85,15.20,0.0428,295301.56,600.64,295902.20,0.9980,持有
2025-01-14,27.04,15.30,0.0450,297377.50,600.64,297978.13,0.9980,持有
2025-01-15,26.86,15.20,0.0431,295405.36,600.64,296006.00,0.9980,持有
2025-01-16,26.73,15.13,0.0419,294056.00,600.64,294656.64,0.9980,持有
2025-01-17,26.80,15.17,0.0425,294782.58,600.64,295383.22,0.9980,持有
2025-01-20,26.23,14.85,0.0358,288554.78,600.64,289155.42,0.9979,持有
2025-01-21,26.02,14.73,0.0343,286167.46,600.64,286768.09,0.9979,持有
2025-01-22,25.86,14.64,0.0335,284402.91,600.64,285003.55,0.9979,持有
2025-01-23,26.01,14.72,0.0346,286063.66,600.64,286664.29,0.9979,持有
2025-01-24,26.04,14.74,0.0354,286375.05,600.64,286975.68,0.9979,持有
2025-01-27,26.26,14.87,0.0374,288866.17,600.64,289466.81,0.9979,持有
2025-02-05,25.34,14.34,0.0273,278694.09,600.64,279294.73,0.9978,持有
2025-02-06,25.53,14.45,0.0293,280770.03,600.64,281370.66,0.9979,持有
2025-02-07,25.77,14.59,0.0334,283468.74,600.64,284069.38,0.9979,持有
2025-02-10,25.60,14.49,0.0315,281600.40,600.64,282201.04,0.9979,持有
2025-02-11,25.43,14.40,0.0281,279732.06,600.64,280332.70,0.9979,持有
2025-02-12,25.61,14.50,0.0320,281704.20,600.64,282304.83,0.9979,持有
2025-02-13,25.95,14.69,0.0362,285440.88,600.64,286041.51,0.9979,持有
2025-02-14,26.06,14.75,0.0381,286686.44,600.64,287287.07,0.9979,持有
2025-02-17,25.89,14.65,0.0356,284714.30,600.64,285314.94,0.9979,持有
2025-02-18,25.73,14.56,0.0337,282949.76,600.64,283550.39,0.9979,持有
2025-02-19,26.52,15.01,0.0434,291668.68,600.64,292269.32,0.9979,持有
2025-02-20,26.26,14.87,0.0400,288866.17,600.64,289466.81,0.9979,持有
2025-02-21,26.13,14.79,0.0389,287413.02,600.64,288013.65,0.9979,持有
2025-02-24,25.97,14.70,0.0370,285648.47,600.64,286249.11,0.9979,持有
2025-02-25,25.82,14.62,0.0350,283987.72,600.64,284588.36,0.9979,持有
2025-02-26,25.89,14.65,0.0361,284714.30,600.64,285314.94,0.9979,持有
2025-02-27,26.61,15.06,0.0455,292706.65,600.64,293307.28,0.9980,持有
2025-02-28,26.69,15.11,0.0477,293537.02,600.64,294137.66,0.9980,持有
2025-03-03,26.33,14.90,0.0416,289592.75,600.64,290193.38,0.9979,持有
2025-03-04,26.21,14.83,0.0405,288243.39,600.64,288844.03,0.9979,持有
2025-03-05,26.23,14.85,0.0408,288450.98,600.64,289051.62,0.9979,持有
2025-03-06,26.41,14.95,0.0444,290526.92,600.64,291127.55,0.9979,持有
2025-03-07,26.19,14.82,0.0405,288035.80,600.64,288636.43,0.9979,持有
2025-03-10,25.83,14.62,0.0352,284091.52,600.64,284692.16,0.9979,持有
2025-03-11,26.08,14.77,0.0399,286894.03,600.64,287494.67,0.9979,持有
2025-03-12,25.86,14.64,0.0357,284402.91,600.64,285003.55,0.9979,持有
2025-03-13,25.85,14.63,0.0357,284299.11,600.64,284899.75,0.9979,持有
2025-03-14,28.07,15.89,0.0725,308795.13,600.64,309395.77,0.9981,持有
2025-03-17,27.47,15.55,0.0609,302152.14,600.64,302752.78,0.9980,持有
2025-03-18,27.19,15.39,0.0553,299038.24,600.64,299638.88,0.9980,持有
2025-03-19,27.03,15.30,0.0545,297273.70,600.64,297874.34,0.9980,持有
2025-03-20,26.73,15.13,0.0506,294056.00,600.64,294656.64,0.9980,持有
2025-03-21,26.11,14.78,0.0406,287205.42,600.64,287806.06,0.9979,持有
2025-03-24,26.43,14.96,0.0461,290734.51,600.64,291335.15,0.9979,持有
2025-03-25,26.78,15.16,0.0519,294574.99,600.64,295175.62,0.9980,持有
2025-03-26,26.69,15.11,0.0505,293537.02,600.64,294137.66,0.9980,持有
2025-03-27,26.81,15.18,0.0530,294886.38,600.64,295487.01,0.9980,持有
2025-03-28,26.63,15.07,0.0489,292914.24,600.64,293514.88,0.9980,持有
2025-03-31,26.50,15.00,0.0472,291461.09,600.64,292061.72,0.9979,持有
2025-04-01,26.49,14.99,0.0472,291357.29,600.64,291957.93,0.9979,持有
2025-04-02,26.27,14.87,0.0436,288969.97,600.64,289570.60,0.9979,持有
2025-04-03,26.70,15.11,0.0521,293640.82,600.64,294241.45,0.9980,持有
2025-04-07,26.04,14.74,0.0391,286375.05,600.64,286975.68,0.9979,持有
2025-04-08,27.11,15.35,0.0584,298207.87,600.64,298808.51,0.9980,持有
2025-04-09,27.87,15.77,0.0722,306511.61,600.64,307112.24,0.9980,持有
2025-04-10,28.01,15.85,0.0755,308068.56,600.64,308669.19,0.9981,持有
2025-04-11,27.60,15.63,0.0677,303605.30,600.64,304205.93,0.9980,持有
2025-04-14,27.66,15.66,0.0699,304228.08,600.64,304828.71,0.9980,持有
2025-04-15,27.73,15.69,0.0710,304954.65,600.64,305555.29,0.9980,持有
2025-04-16,28.03,15.87,0.0768,308276.15,600.64,308876.78,0.9981,持有
2025-04-17,28.01,15.85,0.0762,308068.56,600.64,308669.19,0.9981,持有
2025-04-18,27.94,15.82,0.0740,307341.98,600.64,307942.61,0.9980,持有
2025-04-21,27.44,15.53,0.0646,301840.75,600.64,302441.39,0.9980,持有
2025-04-22,27.30,15.45,0.0618,300283.80,600.64,300884.44,0.9980,持有
2025-04-23,27.37,15.49,0.0637,301010.38,600.64,301611.02,0.9980,持有
2025-04-24,27.50,15.57,0.0662,302463.53,600.64,303064.17,0.9980,持有
2025-04-25,27.34,15.48,0.0632,300698.99,600.64,301299.63,0.9980,持有
2025-04-28,26.99,15.28,0.0568,296858.51,600.64,297459.15,0.9980,持有
2025-04-29,27.17,15.38,0.0590,298830.65,600.64,299431.29,0.9980,持有
2025-04-30,28.08,25.59,0.5750,308898.93,600.64,309499.56,0.9981,持有
2025-05-06,28.03,25.54,0.5710,308276.15,600.64,308876.78,0.9981,持有
2025-05-07,27.91,25.43,0.5635,307030.59,600.64,307631.22,0.9980,持有
2025-05-08,27.88,25.40,0.5617,306615.40,600.64,307216.04,0.9980,持有
2025-05-09,27.86,25.38,0.5604,306407.81,600.64,307008.44,0.9980,持有
2025-05-12,28.16,25.66,0.5795,309729.30,600.64,310329.94,0.9981,持有
2025-05-13,28.07,25.58,0.5738,308795.13,600.64,309395.77,0.9981,持有
2025-05-14,28.26,25.75,0.5882,310871.07,600.64,311471.70,0.9981,持有
2025-05-15,28.38,25.85,0.5946,312116.63,600.64,312717.26,0.9981,持有
2025-05-16,28.30,25.78,0.5909,311286.25,600.64,311886.89,0.9981,持有
2025-05-19,28.25,25.74,0.5860,310767.27,600.64,311367.91,0.9981,持有
2025-05-20,28.88,26.14,0.6179,317617.85,600.64,318218.49,0.9981,持有
2025-05-21,28.69,25.97,0.6068,315541.92,600.64,316142.55,0.9981,持有
2025-05-22,28.84,26.11,0.6165,317202.66,600.64,317803.30,0.9981,持有
2025-05-23,28.88,26.14,0.6179,317617.85,600.64,318218.49,0.9981,持有
2025-05-26,29.05,26.30,0.6309,319486.19,600.64,320086.83,0.9981,持有
2025-05-27,28.91,26.17,0.6192,317929.24,600.64,318529.88,0.9981,持有
2025-05-28,29.24,26.47,0.6453,321562.12,600.64,322162.76,0.9981,持有
2025-05-29,28.70,25.98,0.6069,315645.71,600.64,316246.35,0.9981,持有
2025-05-30,28.59,25.89,0.5966,314503.95,600.64,315104.59,0.9981,持有
2025-06-03,28.85,26.12,0.6161,317306.46,600.64,317907.10,0.9981,持有
2025-06-04,28.87,26.13,0.6173,317514.05,600.64,318114.69,0.9981,持有
2025-06-05,28.50,25.80,0.5901,313465.98,600.64,314066.62,0.9981,持有
2025-06-06,28.18,24.48,0.5030,310004.80,600.64,310605.44,0.9981,持有
2025-06-09,28.32,24.60,0.5102,311519.13,600.64,312119.77,0.9981,持有
2025-06-10,28.08,24.39,0.4984,308814.97,600.64,309415.61,0.9981,持有
2025-06-11,27.97,24.30,0.4922,307625.14,600.64,308225.78,0.9981,持有
2025-06-12,27.74,24.10,0.4839,305137.32,600.64,305737.95,0.9980,持有
2025-06-13,27.54,23.92,0.4759,302865.82,600.64,303466.46,0.9980,持有
2025-06-16,27.59,23.97,0.4796,303514.82,600.64,304115.46,0.9980,持有
2025-06-17,27.60,23.98,0.4797,303622.99,600.64,304223.62,0.9980,持有
2025-06-18,27.46,23.85,0.4742,302000.49,600.64,302601.13,0.9980,持有
2025-06-19,27.25,23.67,0.4683,299729.00,600.64,300329.64,0.9980,持有
2025-06-20,27.46,23.85,0.4742,302000.49,600.64,302601.13,0.9980,持有
2025-06-23,27.11,23.55,0.4637,298214.67,600.64,298815.31,0.9980,持有
2025-06-24,27.21,23.64,0.4663,299296.33,600.64,299896.97,0.9980,持有
2025-06-25,27.31,23.72,0.4694,300378.00,600.64,300978.63,0.9980,持有
2025-06-26,27.54,23.92,0.4764,302865.82,600.64,303466.46,0.9980,持有
2025-06-27,27.46,23.85,0.4743,302000.49,600.64,302601.13,0.9980,持有
2025-06-30,27.42,23.82,0.4739,301567.83,600.64,302168.46,0.9980,持有
2025-07-01,27.21,23.64,0.4657,299296.33,600.64,299896.97,0.9980,持有
2025-07-02,27.35,23.76,0.4710,300810.66,600.64,301411.30,0.9980,持有
2025-07-03,27.29,23.71,0.4689,300161.67,600.64,300762.30,0.9980,持有
2025-07-04,27.31,23.72,0.4691,300378.00,600.64,300978.63,0.9980,持有
2025-07-07,26.92,23.38,0.4584,296051.34,600.64,296651.98,0.9980,持有
2025-07-08,27.03,23.48,0.4615,297349.34,600.64,297949.98,0.9980,持有
2025-07-09,27.23,23.66,0.4663,299512.67,600.64,300113.30,0.9980,持有
2025-07-10,27.20,23.63,0.4648,299188.17,600.64,299788.80,0.9980,持有
2025-07-11,27.23,23.66,0.4663,299512.67,600.64,300113.30,0.9980,持有
2025-07-14,27.03,23.48,0.4610,297349.34,600.64,297949.98,0.9980,持有
2025-07-15,26.93,23.39,0.4582,296159.51,600.64,296760.15,0.9980,持有
2025-07-16,27.06,23.51,0.4619,297673.84,600.64,298274.47,0.9980,持有
2025-07-17,27.63,24.01,0.4836,303947.49,600.64,304548.12,0.9980,持有
2025-07-18,27.60,23.98,0.4824,303622.99,600.64,304223.62,0.9980,持有
2025-07-21,27.72,24.08,0.4869,304920.99,600.64,305521.62,0.9980,持有
2025-07-22,27.90,24.24,0.4943,306867.98,600.64,307468.62,0.9980,持有
2025-07-23,27.82,24.17,0.4904,306002.65,600.64,306603.28,0.9980,持有
2025-07-24,27.77,24.13,0.4887,305461.82,600.64,306062.45,0.9980,持有
2025-07-25,27.37,23.78,0.4723,301027.00,600.64,301627.63,0.9980,持有
2025-07-28,27.27,23.69,0.4681,299945.33,600.64,300545.97,0.9980,持有
2025-07-29,27.06,23.51,0.4607,297673.84,600.64,298274.47,0.9980,持有
2025-07-30,27.42,23.82,0.4752,301567.83,600.64,302168.46,0.9980,持有
2025-07-31,26.96,23.42,0.4575,296484.01,600.64,297084.64,0.9980,持有
2025-08-01,27.05,23.50,0.4606,297565.67,600.64,298166.31,0.9980,持有
2025-08-04,27.02,23.48,0.4594,297241.17,600.64,297841.81,0.9980,持有
2025-08-05,27.09,23.54,0.4617,297998.34,600.64,298598.97,0.9980,持有
2025-08-06,27.11,23.55,0.4624,298214.67,600.64,298815.31,0.9980,持有
2025-08-07,27.11,23.55,0.4623,298214.67,600.64,298815.31,0.9980,持有
2025-08-08,26.85,23.32,0.4541,295294.18,600.64,295894.81,0.9980,持有
2025-08-11,27.11,23.55,0.4623,298214.67,600.64,298815.31,0.9980,持有
2025-08-12,27.01,23.47,0.4590,297133.01,600.64,297733.64,0.9980,持有
2025-08-13,27.02,23.48,0.4591,297241.17,600.64,297841.81,0.9980,持有
2025-08-14,26.75,23.24,0.4509,294212.51,600.64,294813.15,0.9980,持有
2025-08-15,26.71,23.20,0.4484,293779.85,600.64,294380.49,0.9980,持有
2025-08-18,26.75,23.24,0.4509,294212.51,600.64,294813.15,0.9980,持有
2025-08-19,26.76,23.25,0.4516,294320.68,600.64,294921.32,0.9980,持有
2025-08-20,27.00,23.46,0.4587,297024.84,600.64,297625.48,0.9980,持有
2025-08-21,27.18,23.61,0.4656,298971.84,600.64,299572.47,0.9980,持有
2025-08-22,27.23,23.66,0.4679,299512.67,600.64,300113.30,0.9980,持有
2025-08-25,27.70,24.07,0.4887,304704.65,600.64,305305.29,0.9980,持有
2025-08-26,27.86,24.20,0.4942,306435.31,600.64,307035.95,0.9980,持有
2025-08-27,27.35,23.76,0.4737,300810.66,600.64,301411.30,0.9980,持有
2025-08-28,27.23,23.66,0.4674,299512.67,600.64,300113.30,0.9980,持有
2025-08-29,28.10,22.25,0.4037,309031.31,600.64,309631.94,0.9981,持有
2025-09-01,27.80,22.02,0.3910,305786.32,600.64,306386.95,0.9980,持有
2025-09-02,27.79,22.01,0.3909,305678.15,600.64,306278.79,0.9980,持有
2025-09-03,27.45,21.74,0.3798,301892.33,600.64,302492.96,0.9980,持有
2025-09-04,27.69,21.93,0.3880,304596.49,600.64,305197.12,0.9980,持有
2025-09-05,27.71,21.95,0.3887,304812.82,600.64,305413.45,0.9980,持有
2025-09-08,27.74,21.97,0.3902,305137.32,600.64,305737.95,0.9980,持有
2025-09-09,28.09,22.24,0.4037,308923.14,600.64,309523.78,0.9981,持有
2025-09-10,27.96,22.14,0.3972,307516.98,600.64,308117.61,0.9981,持有
2025-09-11,28.24,22.37,0.4108,310653.80,600.64,311254.44,0.9981,持有
2025-09-12,27.78,22.00,0.3911,305569.98,600.64,306170.62,0.9980,持有
2025-09-15,27.76,21.98,0.3905,305353.65,600.64,305954.29,0.9980,持有
2025-09-16,27.61,21.87,0.3858,303731.16,600.64,304331.79,0.9980,持有
2025-09-17,27.61,21.87,0.3857,303731.16,600.64,304331.79,0.9980,持有
2025-09-18,27.30,21.62,0.3720,300269.83,600.64,300870.47,0.9980,持有
2025-09-19,27.24,21.57,0.3698,299620.83,600.64,300221.47,0.9980,持有
2025-09-22,27.09,21.46,0.3627,297998.34,600.64,298598.97,0.9980,持有
2025-09-23,26.93,21.32,0.3538,296159.51,600.64,296760.15,0.9980,持有
2025-09-24,26.96,21.35,0.3556,296484.01,600.64,297084.64,0.9980,持有
2025-09-25,26.52,21.00,0.3331,291724.69,600.64,292325.32,0.9979,持有
2025-09-26,26.81,21.23,0.3487,294861.51,600.64,295462.15,0.9980,持有
2025-09-29,26.74,21.17,0.3444,294104.35,600.64,294704.98,0.9980,持有
2025-09-30,26.83,21.24,0.3493,295077.85,600.64,295678.48,0.9980,持有
2025-10-09,27.17,21.52,0.3676,298863.67,600.64,299464.30,0.9980,持有
2025-10-10,27.29,21.61,0.3734,300161.67,600.64,300762.30,0.9980,持有
2025-10-13,27.09,21.46,0.3634,297998.34,600.64,298598.97,0.9980,持有
2025-10-14,27.23,21.56,0.3705,299512.67,600.64,300113.30,0.9980,持有
2025-10-15,27.19,21.53,0.3683,299080.00,600.64,299680.64,0.9980,持有
2025-10-16,27.35,21.66,0.3770,300810.66,600.64,301411.30,0.9980,持有
2025-10-17,26.90,21.30,0.3516,295835.01,600.64,296435.65,0.9980,持有
2025-10-20,27.01,21.39,0.3598,297133.01,600.64,297733.64,0.9980,持有
2025-10-21,26.96,21.35,0.3557,296484.01,600.64,297084.64,0.9980,持有
2025-10-22,26.80,21.22,0.3473,294753.35,600.64,295353.98,0.9980,持有
2025-10-23,26.92,21.32,0.3531,296051.34,600.64,296651.98,0.9980,持有
2025-10-24,26.83,21.24,0.3485,295077.85,600.64,295678.48,0.9980,持有
2025-10-27,26.96,21.35,0.3561,296484.01,600.64,297084.64,0.9980,持有
2025-10-28,26.82,21.24,0.3480,294969.68,600.64,295570.32,0.9980,持有
2025-10-29,26.73,21.17,0.3418,293996.18,600.64,294596.82,0.9980,持有
2025-10-30,26.91,21.31,0.3526,295943.18,600.64,296543.81,0.9980,持有
2025-10-31,26.96,21.64,0.3770,296484.01,600.64,297084.64,0.9980,持有
2025-11-03,26.99,21.68,0.3795,296916.67,600.64,297517.31,0.9980,持有
2025-11-04,26.62,21.38,0.3598,292806.35,600.64,293406.99,0.9980,持有
2025-11-05,26.80,21.52,0.3692,294753.35,600.64,295353.98,0.9980,持有
2025-11-06,26.77,21.49,0.3675,294428.85,600.64,295029.48,0.9980,持有
2025-11-07,26.84,21.55,0.3709,295186.01,600.64,295786.65,0.9980,持有
2025-11-10,27.80,22.32,0.4137,305786.32,600.64,306386.95,0.9980,持有
2025-11-11,27.88,22.39,0.4189,306651.65,600.64,307252.28,0.9980,持有
2025-11-12,28.01,22.49,0.4265,308057.81,600.64,308658.45,0.9981,持有
2025-11-13,28.11,22.57,0.4296,309139.47,600.64,309740.11,0.9981,持有
2025-11-14,27.88,22.39,0.4186,306651.65,600.64,307252.28,0.9980,持有
2025-11-17,28.10,22.56,0.4293,309031.31,600.64,309631.94,0.9981,持有
2025-11-18,29.03,23.31,0.4599,319307.11,600.64,319907.75,0.9981,持有
2025-11-19,29.09,23.36,0.4614,319956.11,600.64,320556.75,0.9981,持有
2025-11-20,28.91,23.22,0.4560,318009.12,600.64,318609.75,0.9981,持有
2025-11-21,28.62,22.98,0.4466,314764.12,600.64,315364.76,0.9981,持有
2025-11-24,28.43,22.83,0.4414,312708.96,600.64,313309.60,0.9981,持有
2025-11-25,28.68,23.03,0.4485,315413.12,600.64,316013.76,0.9981,持有
2025-11-26,28.70,23.04,0.4491,315629.46,600.64,316230.09,0.9981,持有
2025-11-27,28.57,22.94,0.4448,314223.29,600.64,314823.93,0.9981,持有
2025-11-28,28.89,23.20,0.4550,317792.78,600.64,318393.42,0.9981,持有
2025-12-01,28.94,23.24,0.4586,318333.61,600.64,318934.25,0.9981,持有
