日期,收盘价,估值指标,估值分位点,持仓市值,现金,总资产,仓位比例,目标仓位
2020-01-02,4152.24,12.45,0.5423,0.00,100000.00,100000.00,0.0000,0.50
2020-01-03,4144.96,12.44,0.5362,49739.52,50062.86,99802.38,0.4984,0.50
2020-01-06,4129.30,12.40,0.5197,49551.60,50062.86,99614.46,0.4974,0.50
2020-01-07,4160.23,12.47,0.5466,49922.76,50062.86,99985.62,0.4993,0.50
2020-01-08,4112.32,12.32,0.4908,49347.84,50062.86,99410.70,0.4964,0.50
2020-01-09,4164.37,12.42,0.5257,49972.44,50062.86,100035.30,0.4995,0.50
2020-01-10,4163.18,12.43,0.5309,49958.16,50062.86,100021.02,0.4995,0.50
2020-01-13,4203.99,12.53,0.5625,50447.88,50062.86,100510.74,0.5019,0.50
2020-01-14,4189.89,12.49,0.5532,50278.68,50062.86,100341.54,0.5011,0.50
2020-01-15,4166.73,12.42,0.5240,50000.76,50062.86,100063.62,0.4997,0.50
2020-01-16,4149.04,12.34,0.4972,49788.48,50062.86,99851.34,0.4986,0.50
2020-01-17,4154.85,12.35,0.5000,49858.20,50062.86,99921.06,0.4990,0.50
2020-01-20,4185.83,12.42,0.5243,50229.96,50062.86,100292.82,0.5008,0.50
2020-01-21,4114.31,12.23,0.4537,49371.72,50062.86,99434.58,0.4965,0.50
2020-01-22,4131.93,12.28,0.4733,49583.16,50062.86,99646.02,0.4976,0.50
2020-01-23,4003.90,11.96,0.3615,48046.80,50062.86,98109.66,0.4897,0.70
2020-02-03,3688.36,11.04,0.1106,62702.12,31862.40,94564.52,0.6631,1.00
2020-02-04,3785.64,11.29,0.1534,94641.00,2644.94,97285.94,0.9728,1.00
2020-02-05,3828.53,11.40,0.1875,95713.25,2644.94,98358.19,0.9731,1.00
2020-02-06,3899.78,11.58,0.2476,97494.50,2644.94,100139.44,0.9736,0.70
2020-02-07,3899.87,11.57,0.2460,70197.66,29800.43,99998.09,0.7020,0.70
2020-02-10,3916.01,11.61,0.2627,70488.18,29800.43,100288.61,0.7029,0.70
2020-02-11,3952.46,11.71,0.2968,71144.28,29800.43,100944.71,0.7048,0.70
2020-02-12,3984.43,11.78,0.3135,71719.74,29800.43,101520.17,0.7065,0.70
2020-02-13,3959.92,11.71,0.2952,71278.56,29800.43,101078.99,0.7052,0.70
2020-02-14,3987.73,11.78,0.3127,71779.14,29800.43,101579.57,0.7066,0.70
2020-02-17,4077.42,12.03,0.3849,73393.56,29800.43,103193.99,0.7112,0.70
2020-02-18,4057.51,11.96,0.3619,73035.18,29800.43,102835.61,0.7102,0.70
2020-02-19,4051.31,11.96,0.3611,72923.58,29800.43,102724.01,0.7099,0.70
2020-02-20,4144.66,12.19,0.4429,74603.88,29800.43,104404.31,0.7146,0.50
2020-02-21,4149.49,12.24,0.4611,53943.37,50473.75,104417.12,0.5166,0.50
2020-02-24,4132.84,12.17,0.4373,53726.92,50473.75,104200.67,0.5156,0.50
2020-02-25,4123.85,12.08,0.3968,53610.05,50473.75,104083.80,0.5151,0.70
2020-02-26,4073.02,11.98,0.3675,69241.34,34192.54,103433.88,0.6694,0.70
2020-02-27,4084.88,11.98,0.3667,69442.96,34192.54,103635.50,0.6701,0.70
2020-02-28,3940.05,11.57,0.2381,66980.85,34192.54,101173.39,0.6620,0.70
2020-03-02,4069.67,11.88,0.3381,69184.39,34192.54,103376.93,0.6692,0.70
2020-03-03,4091.36,11.94,0.3532,69553.12,34192.54,103745.66,0.6704,0.70
2020-03-04,4115.05,12.00,0.3730,69955.85,34192.54,104148.39,0.6717,0.70
2020-03-05,4206.73,12.25,0.4659,71514.41,34192.54,105706.95,0.6765,0.50
2020-03-06,4138.51,12.07,0.3960,53800.63,50824.51,104625.14,0.5142,0.70
2020-03-09,3997.13,11.70,0.2849,67951.21,34571.37,102522.58,0.6628,0.70
2020-03-10,4082.73,11.91,0.3452,69406.41,34571.37,103977.78,0.6675,0.70
2020-03-11,4028.43,11.78,0.3095,68483.31,34571.37,103054.68,0.6645,0.70
2020-03-12,3950.91,11.59,0.2468,67165.47,34571.37,101736.84,0.6602,0.70
2020-03-13,3895.31,11.44,0.1929,70115.58,30800.17,100915.75,0.6948,1.00
2020-03-16,3727.84,11.07,0.1167,93196.00,3499.79,96695.79,0.9638,1.00
2020-03-17,3709.68,11.02,0.1024,92742.00,3499.79,96241.79,0.9636,1.00
2020-03-18,3636.26,10.82,0.0778,90906.50,3499.79,94406.29,0.9629,1.00
2020-03-19,3589.09,10.66,0.0563,89727.25,3499.79,93227.04,0.9625,1.00
2020-03-20,3653.22,10.84,0.0841,91330.50,3499.79,94830.29,0.9631,1.00
2020-03-23,3530.31,10.50,0.0373,88257.75,3499.79,91757.54,0.9619,1.00
2020-03-24,3625.11,10.78,0.0722,90627.75,3499.79,94127.54,0.9628,1.00
2020-03-25,3722.52,11.04,0.1111,93063.00,3499.79,96562.79,0.9638,1.00
2020-03-26,3698.05,10.94,0.0937,92451.25,3499.79,95951.04,0.9635,1.00
2020-03-27,3710.06,10.96,0.0952,92751.50,3499.79,96251.29,0.9636,1.00
2020-03-30,3674.11,10.88,0.0889,91852.75,3499.79,95352.54,0.9633,1.00
2020-03-31,3686.16,10.85,0.0865,92154.00,3499.79,95653.79,0.9634,1.00
2020-04-01,3675.08,10.81,0.0778,91877.00,3499.79,95376.79,0.9633,1.00
2020-04-02,3734.53,10.98,0.1016,93363.25,3499.79,96863.04,0.9639,1.00
2020-04-03,3713.22,10.92,0.0937,92830.50,3499.79,96330.29,0.9637,1.00
2020-04-07,3798.02,11.13,0.1365,94950.50,3499.79,98450.29,0.9645,1.00
2020-04-08,3780.34,11.07,0.1278,94508.50,3499.79,98008.29,0.9643,1.00
2020-04-09,3792.81,11.10,0.1333,94820.25,3499.79,98320.04,0.9644,1.00
2020-04-10,3769.18,11.03,0.1135,94229.50,3499.79,97729.29,0.9642,1.00
2020-04-13,3753.26,10.99,0.1071,93831.50,3499.79,97331.29,0.9640,1.00
2020-04-14,3825.70,11.17,0.1437,95642.50,3499.79,99142.29,0.9647,1.00
2020-04-15,3797.36,11.10,0.1349,94934.00,3499.79,98433.79,0.9644,1.00
2020-04-16,3802.38,11.11,0.1373,95059.50,3499.79,98559.29,0.9645,1.00
2020-04-17,3839.49,11.20,0.1508,95987.25,3499.79,99487.04,0.9648,1.00
2020-04-20,3853.46,11.25,0.1579,96336.50,3499.79,99836.29,0.9649,1.00
2020-04-21,3808.05,11.13,0.1413,95201.25,3499.79,98701.04,0.9645,1.00
2020-04-22,3839.38,11.20,0.1516,95984.50,3499.79,99484.29,0.9648,1.00
2020-04-23,3829.75,11.16,0.1444,95743.75,3499.79,99243.54,0.9647,1.00
2020-04-24,3796.97,11.15,0.1429,94924.25,3499.79,98424.04,0.9644,1.00
2020-04-27,3822.77,11.24,0.1611,95569.25,3499.79,99069.04,0.9647,1.00
2020-04-28,3849.15,11.28,0.1690,96228.75,3499.79,99728.54,0.9649,1.00
2020-04-29,3867.03,11.40,0.2056,96675.75,3499.79,100175.54,0.9651,0.70
2020-04-30,3912.58,11.77,0.3325,74339.02,26781.09,101120.11,0.7352,0.70
2020-05-06,3936.25,11.80,0.3444,74788.75,26781.09,101569.84,0.7363,0.70
2020-05-07,3924.89,11.76,0.3317,74572.91,26781.09,101354.00,0.7358,0.70
2020-05-08,3963.62,11.86,0.3627,75308.78,26781.09,102089.87,0.7377,0.70
2020-05-11,3960.18,11.87,0.3698,75243.42,26781.09,102024.51,0.7375,0.70
2020-05-12,3960.24,11.85,0.3611,75244.56,26781.09,102025.65,0.7375,0.70
2020-05-13,3968.25,11.87,0.3706,75396.75,26781.09,102177.84,0.7379,0.70
2020-05-14,3925.22,11.75,0.3302,74579.18,26781.09,101360.27,0.7358,0.70
2020-05-15,3912.82,11.72,0.3230,74343.58,26781.09,101124.67,0.7352,0.70
2020-05-18,3922.91,11.75,0.3310,74535.29,26781.09,101316.38,0.7357,0.70
2020-05-19,3956.25,11.84,0.3627,75168.75,26781.09,101949.84,0.7373,0.70
2020-05-20,3935.22,11.79,0.3444,74769.18,26781.09,101550.27,0.7363,0.70
2020-05-21,3913.79,11.73,0.3286,74362.01,26781.09,101143.10,0.7352,0.70
2020-05-22,3824.06,11.49,0.2421,72657.14,26781.09,99438.23,0.7307,0.70
2020-05-25,3829.32,11.50,0.2437,72757.08,26781.09,99538.17,0.7309,0.70
2020-05-26,3872.77,11.60,0.2778,73582.63,26781.09,100363.72,0.7332,0.70
2020-05-27,3845.61,11.55,0.2603,73066.59,26781.09,99847.68,0.7318,0.70
2020-05-28,3856.63,11.59,0.2754,73275.97,26781.09,100057.06,0.7323,0.70
2020-05-29,3867.02,11.60,0.2794,73473.38,26781.09,100254.47,0.7329,0.70
2020-06-01,3971.34,11.86,0.3730,75455.46,26781.09,102236.55,0.7380,0.70
2020-06-02,3983.57,11.91,0.3881,75687.83,26781.09,102468.92,0.7386,0.70
2020-06-03,3983.65,11.92,0.3913,75689.35,26781.09,102470.44,0.7386,0.70
2020-06-04,3982.19,11.89,0.3841,75661.61,26781.09,102442.70,0.7386,0.70
2020-06-05,4001.25,11.95,0.4024,76023.75,26781.09,102804.84,0.7395,0.50
2020-06-08,4021.95,12.00,0.4206,52285.35,50921.54,103206.89,0.5066,0.50
2020-06-09,4047.03,12.08,0.4476,52611.39,50921.54,103532.93,0.5082,0.50
2020-06-10,4039.71,12.04,0.4349,52516.23,50921.54,103437.77,0.5077,0.50
2020-06-11,3995.88,11.92,0.3921,51946.44,50921.54,102867.98,0.5050,0.70
2020-06-12,4003.08,11.93,0.3976,72055.44,31262.46,103317.90,0.6974,0.70
2020-06-15,3954.99,11.92,0.3921,71189.82,31262.46,102452.28,0.6949,0.70
2020-06-16,4014.57,12.07,0.4468,72262.26,31262.46,103524.72,0.6980,0.50
2020-06-17,4017.59,12.07,0.4468,52228.67,51354.50,103583.17,0.5042,0.50
2020-06-18,4044.38,12.13,0.4762,52576.94,51354.50,103931.44,0.5059,0.50
2020-06-19,4098.71,12.27,0.5270,53283.23,51354.50,104637.73,0.5092,0.50
2020-06-22,4102.05,12.27,0.5270,53326.65,51354.50,104681.15,0.5094,0.50
2020-06-23,4121.79,12.30,0.5365,53583.27,51354.50,104937.77,0.5106,0.50
2020-06-24,4138.99,12.37,0.5611,53806.87,51354.50,105161.37,0.5117,0.50
2020-06-29,4109.72,12.29,0.5341,53426.36,51354.50,104780.86,0.5099,0.50
2020-06-30,4163.96,12.38,0.5675,54131.48,51354.50,105485.98,0.5132,0.50
2020-07-01,4247.78,12.61,0.6389,55221.14,51354.50,106575.64,0.5181,0.20
2020-07-02,4335.84,12.90,0.6952,26015.04,81028.89,107043.93,0.2430,0.20
2020-07-03,4419.60,13.19,0.7714,22098.00,85381.86,107479.86,0.2056,0.20
2020-07-06,4670.09,14.00,0.8825,23350.45,85381.86,108732.31,0.2148,0.00
2020-07-07,4698.13,14.05,0.8921,0.00,109078.72,109078.72,0.0000,0.00
2020-07-08,4774.00,14.25,0.9230,0.00,109078.72,109078.72,0.0000,0.00
2020-07-09,4840.77,14.41,0.9325,0.00,109078.72,109078.72,0.0000,0.00
2020-07-10,4753.13,14.05,0.8921,0.00,109078.72,109078.72,0.0000,0.00
2020-07-13,4852.96,14.28,0.9262,0.00,109078.72,109078.72,0.0000,0.00
2020-07-14,4806.69,14.15,0.9071,0.00,109078.72,109078.72,0.0000,0.00
2020-07-15,4744.47,13.94,0.8722,0.00,109078.72,109078.72,0.0000,0.00
2020-07-16,4516.25,13.34,0.7865,0.00,109078.72,109078.72,0.0000,0.20
2020-07-17,4544.70,13.39,0.7921,18178.80,90978.74,109157.54,0.1665,0.20
2020-07-20,4680.30,13.76,0.8270,18721.20,90978.74,109699.94,0.1707,0.00
2020-07-21,4691.04,13.78,0.8349,0.00,109767.80,109767.80,0.0000,0.00
2020-07-22,4714.45,13.82,0.8460,0.00,109767.80,109767.80,0.0000,0.00
2020-07-23,4712.44,13.78,0.8349,0.00,109767.80,109767.80,0.0000,0.00
2020-07-24,4505.59,13.23,0.7778,0.00,109767.80,109767.80,0.0000,0.20
2020-07-27,4528.45,13.29,0.7833,18113.80,91626.85,109740.65,0.1651,0.20
2020-07-28,4568.26,13.38,0.7921,18273.04,91626.85,109899.89,0.1663,0.20
2020-07-29,4679.01,13.67,0.8143,18716.04,91626.85,110342.89,0.1696,0.00
2020-07-30,4656.15,13.58,0.8127,0.00,110384.95,110384.95,0.0000,0.00
2020-07-31,4695.05,13.67,0.8151,0.00,110384.95,110384.95,0.0000,0.00
2020-08-03,4771.31,13.87,0.8675,0.00,110384.95,110384.95,0.0000,0.00
2020-08-04,4775.80,13.92,0.8770,0.00,110384.95,110384.95,0.0000,0.00
2020-08-05,4777.11,13.90,0.8746,0.00,110384.95,110384.95,0.0000,0.00
2020-08-06,4762.76,13.89,0.8738,0.00,110384.95,110384.95,0.0000,0.00
2020-08-07,4707.93,13.75,0.8302,0.00,110384.95,110384.95,0.0000,0.00
2020-08-10,4724.87,13.84,0.8587,0.00,110384.95,110384.95,0.0000,0.00
2020-08-11,4681.78,13.73,0.8262,0.00,110384.95,110384.95,0.0000,0.00
2020-08-12,4647.64,13.64,0.8143,0.00,110384.95,110384.95,0.0000,0.00
2020-08-13,4635.71,13.60,0.8143,0.00,110384.95,110384.95,0.0000,0.00
2020-08-14,4704.63,13.81,0.8524,0.00,110384.95,110384.95,0.0000,0.00
2020-08-17,4815.23,14.15,0.9254,0.00,110384.95,110384.95,0.0000,0.00
2020-08-18,4812.76,14.14,0.9254,0.00,110384.95,110384.95,0.0000,0.00
2020-08-19,4740.68,13.94,0.8897,0.00,110384.95,110384.95,0.0000,0.00
2020-08-20,4679.15,13.76,0.8349,0.00,110384.95,110384.95,0.0000,0.00
2020-08-21,4718.84,13.84,0.8627,0.00,110384.95,110384.95,0.0000,0.00
2020-08-24,4755.85,13.92,0.8849,0.00,110384.95,110384.95,0.0000,0.00
2020-08-25,4761.95,13.92,0.8849,0.00,110384.95,110384.95,0.0000,0.00
2020-08-26,4706.13,13.79,0.8476,0.00,110384.95,110384.95,0.0000,0.00
2020-08-27,4731.35,13.84,0.8635,0.00,110384.95,110384.95,0.0000,0.00
2020-08-28,4844.27,13.96,0.9000,0.00,110384.95,110384.95,0.0000,0.00
2020-08-31,4816.22,14.45,0.9643,0.00,110384.95,110384.95,0.0000,0.00
2020-09-01,4842.12,14.52,0.9683,0.00,110384.95,110384.95,0.0000,0.00
2020-09-02,4843.89,14.51,0.9667,0.00,110384.95,110384.95,0.0000,0.00
2020-09-03,4817.10,14.43,0.9635,0.00,110384.95,110384.95,0.0000,0.00
2020-09-04,4770.22,14.30,0.9540,0.00,110384.95,110384.95,0.0000,0.00
2020-09-07,4669.37,14.03,0.9127,0.00,110384.95,110384.95,0.0000,0.00
2020-09-08,4694.39,14.14,0.9325,0.00,110384.95,110384.95,0.0000,0.00
2020-09-09,4584.59,13.86,0.8730,0.00,110384.95,110384.95,0.0000,0.00
2020-09-10,4581.98,13.86,0.8730,0.00,110384.95,110384.95,0.0000,0.00
2020-09-11,4627.28,13.97,0.9032,0.00,110384.95,110384.95,0.0000,0.00
2020-09-14,4651.05,14.02,0.9143,0.00,110384.95,110384.95,0.0000,0.00
2020-09-15,4688.48,14.11,0.9333,0.00,110384.95,110384.95,0.0000,0.00
2020-09-16,4657.36,14.04,0.9183,0.00,110384.95,110384.95,0.0000,0.00
2020-09-17,4632.71,13.97,0.9032,0.00,110384.95,110384.95,0.0000,0.00
2020-09-18,4737.09,14.29,0.9603,0.00,110384.95,110384.95,0.0000,0.00
2020-09-21,4691.43,14.15,0.9397,0.00,110384.95,110384.95,0.0000,0.00
2020-09-22,4635.76,14.00,0.9103,0.00,110384.95,110384.95,0.0000,0.00
2020-09-23,4652.33,14.03,0.9175,0.00,110384.95,110384.95,0.0000,0.00
2020-09-24,4563.07,13.80,0.8508,0.00,110384.95,110384.95,0.0000,0.00
2020-09-25,4570.02,13.82,0.8579,0.00,110384.95,110384.95,0.0000,0.00
2020-09-28,4581.91,13.87,0.8786,0.00,110384.95,110384.95,0.0000,0.00
2020-09-29,4591.80,13.89,0.8841,0.00,110384.95,110384.95,0.0000,0.00
2020-09-30,4587.40,13.87,0.8778,0.00,110384.95,110384.95,0.0000,0.00
2020-10-09,4681.14,14.10,0.9341,0.00,110384.95,110384.95,0.0000,0.00
2020-10-12,4823.16,14.50,0.9770,0.00,110384.95,110384.95,0.0000,0.00
2020-10-13,4839.20,14.52,0.9786,0.00,110384.95,110384.95,0.0000,0.00
2020-10-14,4807.10,14.44,0.9722,0.00,110384.95,110384.95,0.0000,0.00
2020-10-15,4798.74,14.44,0.9714,0.00,110384.95,110384.95,0.0000,0.00
2020-10-16,4791.68,14.46,0.9738,0.00,110384.95,110384.95,0.0000,0.00
2020-10-19,4755.49,14.40,0.9675,0.00,110384.95,110384.95,0.0000,0.00
2020-10-20,4793.47,14.41,0.9675,0.00,110384.95,110384.95,0.0000,0.00
2020-10-21,4792.83,14.44,0.9722,0.00,110384.95,110384.95,0.0000,0.00
2020-10-22,4777.98,14.40,0.9667,0.00,110384.95,110384.95,0.0000,0.00
2020-10-23,4718.49,14.23,0.9548,0.00,110384.95,110384.95,0.0000,0.00
2020-10-26,4691.24,14.13,0.9373,0.00,110384.95,110384.95,0.0000,0.00
2020-10-27,4699.28,14.13,0.9365,0.00,110384.95,110384.95,0.0000,0.00
2020-10-28,4737.27,14.16,0.9444,0.00,110384.95,110384.95,0.0000,0.00
2020-10-29,4772.92,14.03,0.9119,0.00,110384.95,110384.95,0.0000,0.00
2020-10-30,4695.33,13.92,0.8833,0.00,110384.95,110384.95,0.0000,0.00
2020-11-02,4720.83,13.96,0.8968,0.00,110384.95,110384.95,0.0000,0.00
2020-11-03,4777.56,14.13,0.9349,0.00,110384.95,110384.95,0.0000,0.00
2020-11-04,4813.66,14.20,0.9516,0.00,110384.95,110384.95,0.0000,0.00
2020-11-05,4885.11,14.38,0.9667,0.00,110384.95,110384.95,0.0000,0.00
2020-11-06,4885.72,14.38,0.9659,0.00,110384.95,110384.95,0.0000,0.00
2020-11-09,4981.35,14.63,0.9833,0.00,110384.95,110384.95,0.0000,0.00
2020-11-10,4953.88,14.58,0.9825,0.00,110384.95,110384.95,0.0000,0.00
2020-11-11,4904.90,14.48,0.9762,0.00,110384.95,110384.95,0.0000,0.00
2020-11-12,4908.46,14.46,0.9730,0.00,110384.95,110384.95,0.0000,0.00
2020-11-13,4856.85,14.30,0.9556,0.00,110384.95,110384.95,0.0000,0.00
2020-11-16,4904.17,14.44,0.9690,0.00,110384.95,110384.95,0.0000,0.00
2020-11-17,4894.79,14.42,0.9675,0.00,110384.95,110384.95,0.0000,0.00
2020-11-18,4891.67,14.44,0.9683,0.00,110384.95,110384.95,0.0000,0.00
2020-11-19,4927.99,14.53,0.9802,0.00,110384.95,110384.95,0.0000,0.00
2020-11-20,4943.29,14.56,0.9810,0.00,110384.95,110384.95,0.0000,0.00
2020-11-23,5005.03,14.75,0.9865,0.00,110384.95,110384.95,0.0000,0.00
2020-11-24,4974.29,14.66,0.9841,0.00,110384.95,110384.95,0.0000,0.00
2020-11-25,4910.70,14.51,0.9738,0.00,110384.95,110384.95,0.0000,0.00
2020-11-26,4919.59,14.55,0.9786,0.00,110384.95,110384.95,0.0000,0.00
2020-11-27,4980.77,14.78,0.9865,0.00,110384.95,110384.95,0.0000,0.00
2020-11-30,4960.25,14.71,0.9841,0.00,110384.95,110384.95,0.0000,0.00
2020-12-01,5067.10,15.00,0.9889,0.00,110384.95,110384.95,0.0000,0.00
2020-12-02,5067.14,14.98,0.9873,0.00,110384.95,110384.95,0.0000,0.00
2020-12-03,5057.06,14.95,0.9865,0.00,110384.95,110384.95,0.0000,0.00
2020-12-04,5065.92,14.95,0.9857,0.00,110384.95,110384.95,0.0000,0.00
2020-12-07,5022.24,14.80,0.9833,0.00,110384.95,110384.95,0.0000,0.00
2020-12-08,5009.88,14.74,0.9810,0.00,110384.95,110384.95,0.0000,0.00
2020-12-09,4942.70,14.58,0.9738,0.00,110384.95,110384.95,0.0000,0.00
2020-12-10,4940.52,14.56,0.9714,0.00,110384.95,110384.95,0.0000,0.00
2020-12-11,4889.63,14.45,0.9587,0.00,110384.95,110384.95,0.0000,0.00
2020-12-14,4934.84,15.01,0.9889,0.00,110384.95,110384.95,0.0000,0.00
2020-12-15,4945.10,15.01,0.9881,0.00,110384.95,110384.95,0.0000,0.00
2020-12-16,4953.87,15.03,0.9889,0.00,110384.95,110384.95,0.0000,0.00
2020-12-17,5017.48,15.20,0.9929,0.00,110384.95,110384.95,0.0000,0.00
2020-12-18,4999.97,15.15,0.9905,0.00,110384.95,110384.95,0.0000,0.00
2020-12-21,5046.84,15.27,0.9937,0.00,110384.95,110384.95,0.0000,0.00
2020-12-22,4964.77,15.01,0.9841,0.00,110384.95,110384.95,0.0000,0.00
2020-12-23,5007.12,15.14,0.9889,0.00,110384.95,110384.95,0.0000,0.00
2020-12-24,5000.02,15.12,0.9873,0.00,110384.95,110384.95,0.0000,0.00
2020-12-25,5042.01,15.23,0.9929,0.00,110384.95,110384.95,0.0000,0.00
2020-12-28,5064.41,15.29,0.9937,0.00,110384.95,110384.95,0.0000,0.00
2020-12-29,5042.94,15.22,0.9913,0.00,110384.95,110384.95,0.0000,0.00
2020-12-30,5113.71,15.39,0.9952,0.00,110384.95,110384.95,0.0000,0.00
2020-12-31,5211.29,15.66,0.9992,0.00,110384.95,110384.95,0.0000,0.00
2021-01-04,5267.72,15.79,0.9992,0.00,110384.95,110384.95,0.0000,0.00
2021-01-05,5368.50,16.03,0.9992,0.00,110384.95,110384.95,0.0000,0.00
2021-01-06,5417.67,16.19,0.9992,0.00,110384.95,110384.95,0.0000,0.00
2021-01-07,5513.66,16.45,0.9992,0.00,110384.95,110384.95,0.0000,0.00
2021-01-08,5495.43,16.42,0.9984,0.00,110384.95,110384.95,0.0000,0.00
2021-01-11,5441.16,16.26,0.9976,0.00,110384.95,110384.95,0.0000,0.00
2021-01-12,5596.35,16.68,0.9992,0.00,110384.95,110384.95,0.0000,0.00
2021-01-13,5577.97,16.66,0.9984,0.00,110384.95,110384.95,0.0000,0.00
2021-01-14,5470.46,16.41,0.9960,0.00,110384.95,110384.95,0.0000,0.00
2021-01-15,5458.08,16.34,0.9952,0.00,110384.95,110384.95,0.0000,0.00
2021-01-18,5518.52,16.46,0.9976,0.00,110384.95,110384.95,0.0000,0.00
2021-01-19,5437.52,16.28,0.9937,0.00,110384.95,110384.95,0.0000,0.00
2021-01-20,5476.43,16.35,0.9944,0.00,110384.95,110384.95,0.0000,0.00
2021-01-21,5564.97,16.58,0.9976,0.00,110384.95,110384.95,0.0000,0.00
2021-01-22,5569.78,16.52,0.9968,0.00,110384.95,110384.95,0.0000,0.00
2021-01-25,5625.92,16.65,0.9976,0.00,110384.95,110384.95,0.0000,0.00
2021-01-26,5512.97,16.37,0.9921,0.00,110384.95,110384.95,0.0000,0.00
2021-01-27,5528.00,16.41,0.9921,0.00,110384.95,110384.95,0.0000,0.00
2021-01-28,5377.14,16.00,0.9857,0.00,110384.95,110384.95,0.0000,0.00
2021-01-29,5351.96,15.95,0.9849,0.00,110384.95,110384.95,0.0000,0.00
2021-02-01,5417.65,16.10,0.9865,0.00,110384.95,110384.95,0.0000,0.00
2021-02-02,5501.09,16.29,0.9889,0.00,110384.95,110384.95,0.0000,0.00
2021-02-03,5485.20,16.22,0.9865,0.00,110384.95,110384.95,0.0000,0.00
2021-02-04,5473.95,16.09,0.9841,0.00,110384.95,110384.95,0.0000,0.00
2021-02-05,5483.41,16.15,0.9849,0.00,110384.95,110384.95,0.0000,0.00
2021-02-08,5564.56,16.33,0.9889,0.00,110384.95,110384.95,0.0000,0.00
2021-02-09,5686.25,16.64,0.9968,0.00,110384.95,110384.95,0.0000,0.00
2021-02-10,5807.72,16.99,0.9992,0.00,110384.95,110384.95,0.0000,0.00
2021-02-18,5768.38,16.92,0.9984,0.00,110384.95,110384.95,0.0000,0.00
2021-02-19,5778.84,16.95,0.9984,0.00,110384.95,110384.95,0.0000,0.00
2021-02-22,5597.33,16.59,0.9937,0.00,110384.95,110384.95,0.0000,0.00
2021-02-23,5579.67,16.54,0.9921,0.00,110384.95,110384.95,0.0000,0.00
2021-02-24,5437.57,16.13,0.9786,0.00,110384.95,110384.95,0.0000,0.00
2021-02-25,5469.56,16.26,0.9810,0.00,110384.95,110384.95,0.0000,0.00
2021-02-26,5336.76,15.87,0.9730,0.00,110384.95,110384.95,0.0000,0.00
2021-03-01,5418.78,16.00,0.9738,0.00,110384.95,110384.95,0.0000,0.00
2021-03-02,5349.63,15.78,0.9706,0.00,110384.95,110384.95,0.0000,0.00
2021-03-03,5452.21,16.12,0.9770,0.00,110384.95,110384.95,0.0000,0.00
2021-03-04,5280.71,15.69,0.9690,0.00,110384.95,110384.95,0.0000,0.00
2021-03-05,5262.80,15.69,0.9683,0.00,110384.95,110384.95,0.0000,0.00
2021-03-08,5080.02,15.22,0.9571,0.00,110384.95,110384.95,0.0000,0.00
2021-03-09,4971.00,14.93,0.9413,0.00,110384.95,110384.95,0.0000,0.00
2021-03-10,5003.61,14.97,0.9429,0.00,110384.95,110384.95,0.0000,0.00
2021-03-11,5128.22,15.31,0.9611,0.00,110384.95,110384.95,0.0000,0.00
2021-03-12,5146.38,15.35,0.9619,0.00,110384.95,110384.95,0.0000,0.00
2021-03-15,5035.54,15.11,0.9484,0.00,110384.95,110384.95,0.0000,0.00
2021-03-16,5079.36,15.23,0.9563,0.00,110384.95,110384.95,0.0000,0.00
2021-03-17,5100.86,15.25,0.9571,0.00,110384.95,110384.95,0.0000,0.00
2021-03-18,5141.77,15.34,0.9611,0.00,110384.95,110384.95,0.0000,0.00
2021-03-19,5007.09,14.95,0.9357,0.00,110384.95,110384.95,0.0000,0.00
2021-03-22,5057.15,15.09,0.9444,0.00,110384.95,110384.95,0.0000,0.00
2021-03-23,5009.25,14.96,0.9365,0.00,110384.95,110384.95,0.0000,0.00
2021-03-24,4928.69,14.76,0.9294,0.00,110384.95,110384.95,0.0000,0.00
2021-03-25,4926.35,14.71,0.9254,0.00,110384.95,110384.95,0.0000,0.00
2021-03-26,5037.99,14.98,0.9373,0.00,110384.95,110384.95,0.0000,0.00
2021-03-29,5046.88,14.78,0.9286,0.00,110384.95,110384.95,0.0000,0.00
2021-03-30,5094.73,14.87,0.9317,0.00,110384.95,110384.95,0.0000,0.00
2021-03-31,5048.36,14.61,0.9183,0.00,110384.95,110384.95,0.0000,0.00
2021-04-01,5110.78,14.74,0.9246,0.00,110384.95,110384.95,0.0000,0.00
2021-04-02,5161.56,14.85,0.9310,0.00,110384.95,110384.95,0.0000,0.00
2021-04-06,5140.34,14.81,0.9294,0.00,110384.95,110384.95,0.0000,0.00
2021-04-07,5103.74,14.73,0.9222,0.00,110384.95,110384.95,0.0000,0.00
2021-04-08,5112.21,14.75,0.9238,0.00,110384.95,110384.95,0.0000,0.00
2021-04-09,5035.34,14.56,0.9095,0.00,110384.95,110384.95,0.0000,0.00
2021-04-12,4947.75,14.35,0.8833,0.00,110384.95,110384.95,0.0000,0.00
2021-04-13,4939.64,14.32,0.8794,0.00,110384.95,110384.95,0.0000,0.00
2021-04-14,4980.63,14.42,0.8905,0.00,110384.95,110384.95,0.0000,0.00
2021-04-15,4948.97,14.29,0.8738,0.00,110384.95,110384.95,0.0000,0.00
2021-04-16,4966.18,14.34,0.8810,0.00,110384.95,110384.95,0.0000,0.00
2021-04-19,5087.02,14.60,0.9135,0.00,110384.95,110384.95,0.0000,0.00
2021-04-20,5083.37,14.57,0.9111,0.00,110384.95,110384.95,0.0000,0.00
2021-04-21,5098.74,14.58,0.9111,0.00,110384.95,110384.95,0.0000,0.00
2021-04-22,5089.24,14.50,0.8992,0.00,110384.95,110384.95,0.0000,0.00
2021-04-23,5135.45,14.56,0.9063,0.00,110384.95,110384.95,0.0000,0.00
2021-04-26,5077.24,14.36,0.8786,0.00,110384.95,110384.95,0.0000,0.00
2021-04-27,5090.52,14.31,0.8722,0.00,110384.95,110384.95,0.0000,0.00
2021-04-28,5119.24,14.35,0.8770,0.00,110384.95,110384.95,0.0000,0.00
2021-04-29,5164.17,14.14,0.8421,0.00,110384.95,110384.95,0.0000,0.00
2021-04-30,5123.49,13.52,0.7087,0.00,110384.95,110384.95,0.0000,0.20
2021-05-06,5061.12,13.41,0.7032,20244.48,89988.73,110233.21,0.1837,0.20
2021-05-07,4996.05,13.29,0.6873,19984.20,89988.73,109972.93,0.1817,0.20
2021-05-10,4992.42,13.31,0.6889,19969.68,89988.73,109958.41,0.1816,0.20
2021-05-11,5023.06,13.38,0.6929,20092.24,89988.73,110080.97,0.1825,0.20
2021-05-12,5044.55,13.45,0.7063,20178.20,89988.73,110166.93,0.1832,0.20
2021-05-13,4992.97,13.32,0.6873,19971.88,89988.73,109960.61,0.1816,0.20
2021-05-14,5110.59,13.60,0.7143,20442.36,89988.73,110431.09,0.1851,0.20
2021-05-17,5184.99,13.77,0.7389,20739.96,89988.73,110728.69,0.1873,0.20
2021-05-18,5187.60,13.78,0.7413,20750.40,89988.73,110739.13,0.1874,0.20
2021-05-19,5172.27,13.73,0.7254,20689.08,89988.73,110677.81,0.1869,0.20
2021-05-20,5186.41,13.76,0.7317,20745.64,89988.73,110734.37,0.1873,0.20
2021-05-21,5134.15,13.63,0.7119,20536.60,89988.73,110525.33,0.1858,0.20
2021-05-24,5155.59,13.68,0.7159,20622.36,89988.73,110611.09,0.1864,0.20
2021-05-25,5318.48,14.07,0.8278,21273.92,89988.73,111262.65,0.1912,0.00
2021-05-26,5320.59,14.09,0.8302,0.00,111292.15,111292.15,0.0000,0.00
2021-05-27,5338.23,14.12,0.8365,0.00,111292.15,111292.15,0.0000,0.00
2021-05-28,5321.09,14.10,0.8317,0.00,111292.15,111292.15,0.0000,0.00
2021-05-31,5331.57,14.09,0.8278,0.00,111292.15,111292.15,0.0000,0.00
2021-06-01,5341.68,14.12,0.8357,0.00,111292.15,111292.15,0.0000,0.00
2021-06-02,5289.97,14.01,0.8079,0.00,111292.15,111292.15,0.0000,0.00
2021-06-03,5255.29,13.93,0.7857,0.00,111292.15,111292.15,0.0000,0.20
2021-06-04,5282.28,13.99,0.8016,21129.12,90377.98,111507.10,0.1895,0.00
2021-06-07,5277.63,13.99,0.8008,0.00,111516.49,111516.49,0.0000,0.00
2021-06-08,5232.12,13.90,0.7754,0.00,111516.49,111516.49,0.0000,0.20
2021-06-09,5236.45,13.92,0.7778,20945.80,90615.64,111561.44,0.1878,0.20
2021-06-10,5271.47,13.99,0.8000,21085.88,90615.64,111701.52,0.1888,0.20
2021-06-11,5224.70,13.89,0.7706,20898.80,90615.64,111514.44,0.1874,0.20
2021-06-15,5166.56,14.23,0.8603,20666.24,90615.64,111281.88,0.1857,0.00
2021-06-16,5080.49,14.04,0.8135,0.00,111267.61,111267.61,0.0000,0.00
2021-06-17,5101.89,14.05,0.8167,0.00,111267.61,111267.61,0.0000,0.00
2021-06-18,5102.47,14.04,0.8119,0.00,111267.61,111267.61,0.0000,0.00
2021-06-21,5090.39,14.01,0.8040,0.00,111267.61,111267.61,0.0000,0.00
2021-06-22,5122.16,14.10,0.8294,0.00,111267.61,111267.61,0.0000,0.00
2021-06-23,5147.39,14.15,0.8429,0.00,111267.61,111267.61,0.0000,0.00
2021-06-24,5155.97,14.18,0.8524,0.00,111267.61,111267.61,0.0000,0.00
2021-06-25,5239.97,14.39,0.8810,0.00,111267.61,111267.61,0.0000,0.00
2021-06-28,5251.76,14.40,0.8810,0.00,111267.61,111267.61,0.0000,0.00
2021-06-29,5190.54,14.24,0.8611,0.00,111267.61,111267.61,0.0000,0.00
2021-06-30,5224.04,14.32,0.8698,0.00,111267.61,111267.61,0.0000,0.00
2021-07-01,5229.66,14.33,0.8714,0.00,111267.61,111267.61,0.0000,0.00
2021-07-02,5081.12,13.98,0.7873,0.00,111267.61,111267.61,0.0000,0.20
2021-07-05,5085.79,14.01,0.7968,20343.16,90971.47,111314.63,0.1828,0.20
2021-07-06,5083.10,14.00,0.7921,20332.40,90971.47,111303.87,0.1827,0.20
2021-07-07,5140.49,14.11,0.8278,20561.96,90971.47,111533.43,0.1844,0.00
2021-07-08,5088.26,13.95,0.7778,0.00,111567.68,111567.68,0.0000,0.20
2021-07-09,5069.44,13.89,0.7556,20277.76,91314.07,111591.83,0.1817,0.20
2021-07-12,5132.71,14.01,0.7952,20530.84,91314.07,111844.91,0.1836,0.20
2021-07-13,5142.10,14.03,0.8000,20568.40,91314.07,111882.47,0.1838,0.20
2021-07-14,5083.08,13.87,0.7468,20332.32,91314.07,111646.39,0.1821,0.20
2021-07-15,5151.46,14.01,0.7937,20605.84,91314.07,111919.91,0.1841,0.20
2021-07-16,5094.77,13.87,0.7452,20379.08,91314.07,111693.15,0.1825,0.20
2021-07-19,5113.49,13.89,0.7524,20453.96,91314.07,111768.03,0.1830,0.20
2021-07-20,5108.99,13.87,0.7437,20435.96,91314.07,111750.03,0.1829,0.20
2021-07-21,5144.04,13.95,0.7746,20576.16,91314.07,111890.23,0.1839,0.20
2021-07-22,5151.75,13.99,0.7841,20607.00,91314.07,111921.07,0.1841,0.20
2021-07-23,5089.23,13.87,0.7413,20356.92,91314.07,111670.99,0.1823,0.20
2021-07-26,4925.30,13.45,0.6659,19701.20,91314.07,111015.27,0.1775,0.20
2021-07-27,4751.31,13.03,0.6079,19005.24,91314.07,110319.31,0.1723,0.20
2021-07-28,4760.48,13.06,0.6167,19041.92,91314.07,110355.99,0.1725,0.20
2021-07-29,4850.27,13.23,0.6389,19401.08,91314.07,110715.15,0.1752,0.20
2021-07-30,4811.17,13.12,0.6222,19244.68,91314.07,110558.75,0.1741,0.20
2021-08-02,4933.74,13.42,0.6627,19734.96,91314.07,111049.03,0.1777,0.20
2021-08-03,4934.46,13.39,0.6532,19737.84,91314.07,111051.91,0.1777,0.20
2021-08-04,4978.85,13.49,0.6675,19915.40,91314.07,111229.47,0.1790,0.20
2021-08-05,4948.67,13.41,0.6595,19794.68,91314.07,111108.75,0.1782,0.20
2021-08-06,4921.56,13.35,0.6452,19686.24,91314.07,111000.31,0.1774,0.20
2021-08-09,4985.56,13.51,0.6675,19942.24,91314.07,111256.31,0.1792,0.20
2021-08-10,5043.15,13.64,0.6770,20172.60,91314.07,111486.67,0.1809,0.20
2021-08-11,5015.34,13.60,0.6738,20061.36,91314.07,111375.43,0.1801,0.20
2021-08-12,4973.35,13.52,0.6667,19893.40,91314.07,111207.47,0.1789,0.20
2021-08-13,4945.98,13.45,0.6611,19783.92,91314.07,111097.99,0.1781,0.20
2021-08-16,4941.07,13.41,0.6548,19764.28,91314.07,111078.35,0.1779,0.20
2021-08-17,4837.40,13.15,0.6183,19349.60,91314.07,110663.67,0.1749,0.20
2021-08-18,4894.24,13.31,0.6365,19576.96,91314.07,110891.03,0.1765,0.20
2021-08-19,4862.14,13.22,0.6286,19448.56,91314.07,110762.63,0.1756,0.20
2021-08-20,4769.27,13.00,0.5897,19077.08,91314.07,110391.15,0.1728,0.50
2021-08-23,4835.88,13.14,0.6151,53194.68,57868.29,111062.97,0.4790,0.20
2021-08-24,4888.39,13.25,0.6317,24441.95,86934.38,111376.33,0.2195,0.20
2021-08-25,4898.16,13.26,0.6317,24490.80,86934.38,111425.18,0.2198,0.20
2021-08-26,4801.61,13.03,0.5913,24008.05,86934.38,110942.43,0.2164,0.50
2021-08-27,4827.04,12.96,0.5754,53097.44,58163.12,111260.56,0.4772,0.50
2021-08-30,4813.27,12.60,0.4984,52945.97,58163.12,111109.09,0.4765,0.50
2021-08-31,4805.61,12.41,0.4484,52861.71,58163.12,111024.83,0.4761,0.50
2021-09-01,4869.46,12.59,0.4952,53564.06,58163.12,111727.18,0.4794,0.50
2021-09-02,4869.41,12.60,0.4976,53563.51,58163.12,111726.63,0.4794,0.50
2021-09-03,4843.06,12.55,0.4849,53273.66,58163.12,111436.78,0.4781,0.50
2021-09-06,4933.73,12.75,0.5230,54271.03,58163.12,112434.15,0.4827,0.50
2021-09-07,4992.83,12.90,0.5556,54921.13,58163.12,113084.25,0.4857,0.50
2021-09-08,4972.13,12.87,0.5444,54693.43,58163.12,112856.55,0.4846,0.50
2021-09-09,4970.01,12.90,0.5548,54670.11,58163.12,112833.23,0.4845,0.50
2021-09-10,5013.52,12.98,0.5802,55148.72,58163.12,113311.84,0.4867,0.50
2021-09-13,4991.66,12.98,0.5794,54908.26,58163.12,113071.38,0.4856,0.50
2021-09-14,4917.16,12.79,0.5238,54088.76,58163.12,112251.88,0.4819,0.50
2021-09-15,4867.32,12.68,0.5063,53540.52,58163.12,111703.64,0.4793,0.50
2021-09-16,4807.70,12.54,0.4746,52884.70,58163.12,111047.82,0.4762,0.50
2021-09-17,4855.94,12.62,0.4976,53415.34,58163.12,111578.46,0.4787,0.50
2021-09-22,4821.77,12.56,0.4794,53039.47,58163.12,111202.59,0.4770,0.50
2021-09-23,4853.20,12.62,0.4968,53385.20,58163.12,111548.32,0.4786,0.50
2021-09-24,4849.43,12.58,0.4849,53343.73,58163.12,111506.85,0.4784,0.50
2021-09-27,4877.37,12.64,0.5024,53651.07,58163.12,111814.19,0.4798,0.50
2021-09-28,4883.83,12.69,0.5079,53722.13,58163.12,111885.25,0.4802,0.50
2021-09-29,4833.93,12.55,0.4730,53173.23,58163.12,111336.35,0.4776,0.50
2021-09-30,4866.38,12.61,0.4929,53530.18,58163.12,111693.30,0.4793,0.50
2021-10-08,4929.94,12.77,0.5206,54229.34,58163.12,112392.46,0.4825,0.50
2021-10-11,4936.19,12.80,0.5270,54298.09,58163.12,112461.21,0.4828,0.50
2021-10-12,4883.84,12.67,0.5032,53722.24,58163.12,111885.36,0.4802,0.50
2021-10-13,4940.11,12.76,0.5190,54341.21,58163.12,112504.33,0.4830,0.50
2021-10-14,4913.61,12.70,0.5087,54049.71,58163.12,112212.83,0.4817,0.50
2021-10-15,4932.11,12.76,0.5183,54253.21,58163.12,112416.33,0.4826,0.50
2021-10-18,4874.78,12.64,0.4960,53622.58,58163.12,111785.70,0.4797,0.50
2021-10-19,4922.72,12.77,0.5190,54149.92,58163.12,112313.04,0.4821,0.50
2021-10-20,4910.18,12.73,0.5103,54011.98,58163.12,112175.10,0.4815,0.50
2021-10-21,4928.02,12.78,0.5206,54208.22,58163.12,112371.34,0.4824,0.50
2021-10-22,4959.73,12.82,0.5294,54557.03,58163.12,112720.15,0.4840,0.50
2021-10-25,4979.52,12.86,0.5397,54774.72,58163.12,112937.84,0.4850,0.50
2021-10-26,4963.10,12.80,0.5246,54594.10,58163.12,112757.22,0.4842,0.50
2021-10-27,4898.16,12.62,0.4841,53879.76,58163.12,112042.88,0.4809,0.50
2021-10-28,4864.14,12.50,0.4476,53505.54,58163.12,111668.66,0.4791,0.50
2021-10-29,4908.77,12.67,0.4952,53996.47,58163.12,112159.59,0.4814,0.50
2021-11-01,4890.69,12.43,0.4270,53797.59,58163.12,111960.71,0.4805,0.50
2021-11-02,4839.85,12.30,0.3825,53238.35,58163.12,111401.47,0.4779,0.70
2021-11-03,4821.11,12.24,0.3619,77137.76,33982.86,111120.62,0.6942,0.70
2021-11-04,4868.74,12.35,0.3992,77899.84,33982.86,111882.70,0.6963,0.70
2021-11-05,4842.35,12.27,0.3714,77477.60,33982.86,111460.46,0.6951,0.70
2021-11-08,4848.18,12.28,0.3754,77570.88,33982.86,111553.74,0.6954,0.70
2021-11-09,4846.74,12.28,0.3754,77547.84,33982.86,111530.70,0.6953,0.70
2021-11-10,4821.19,12.21,0.3556,77139.04,33982.86,111121.90,0.6942,0.70
2021-11-11,4898.65,12.39,0.4119,78378.40,33982.86,112361.26,0.6976,0.50
2021-11-12,4888.37,12.35,0.3984,58660.44,53593.60,112254.04,0.5226,0.70
2021-11-15,4882.38,12.33,0.3921,78118.08,34014.98,112133.06,0.6967,0.70
2021-11-16,4883.32,12.34,0.3968,78133.12,34014.98,112148.10,0.6967,0.70
2021-11-17,4885.75,12.35,0.3992,78172.00,34014.98,112186.98,0.6968,0.70
2021-11-18,4837.62,12.25,0.3643,77401.92,34014.98,111416.90,0.6947,0.70
2021-11-19,4890.06,12.38,0.4087,78240.96,34014.98,112255.94,0.6970,0.50
2021-11-22,4912.40,12.43,0.4262,58948.80,53595.56,112544.36,0.5238,0.50
2021-11-23,4913.35,12.44,0.4317,58960.20,53595.56,112555.76,0.5238,0.50
2021-11-24,4916.66,12.46,0.4357,58999.92,53595.56,112595.48,0.5240,0.50
2021-11-25,4896.44,12.40,0.4143,58757.28,53595.56,112352.84,0.5230,0.50
2021-11-26,4860.13,12.31,0.3825,58321.56,53595.56,111917.12,0.5211,0.70
2021-11-29,4851.42,12.28,0.3722,77622.72,34314.56,111937.28,0.6934,0.70
2021-11-30,4832.03,12.25,0.3587,77312.48,34314.56,111627.04,0.6926,0.70
2021-12-01,4843.85,12.30,0.3794,77501.60,34314.56,111816.16,0.6931,0.70
2021-12-02,4856.16,12.34,0.3929,77698.56,34314.56,112013.12,0.6937,0.70
2021-12-03,4901.02,12.44,0.4302,78416.32,34314.56,112730.88,0.6956,0.50
2021-12-06,4892.62,12.43,0.4230,58711.44,53951.29,112662.73,0.5211,0.50
2021-12-07,4922.10,12.49,0.4437,59065.20,53951.29,113016.49,0.5226,0.50
2021-12-08,4995.93,12.65,0.4921,59951.16,53951.29,113902.45,0.5263,0.50
2021-12-09,5078.69,12.84,0.5333,60944.28,53951.29,114895.57,0.5304,0.50
2021-12-10,5055.12,12.78,0.5167,60661.44,53951.29,114612.73,0.5293,0.50
2021-12-13,5083.80,13.72,0.6873,61005.60,53951.29,114956.89,0.5307,0.20
2021-12-14,5049.70,13.62,0.6746,25248.50,89413.97,114662.47,0.2202,0.20
2021-12-15,5005.90,13.52,0.6643,25029.50,89413.97,114443.47,0.2187,0.20
2021-12-16,5034.73,13.60,0.6714,25173.65,89413.97,114587.62,0.2197,0.20
2021-12-17,4954.76,13.42,0.6540,24773.80,89413.97,114187.77,0.2170,0.20
2021-12-20,4880.42,13.25,0.6262,24402.10,89413.97,113816.07,0.2144,0.20
2021-12-21,4913.49,13.35,0.6357,24567.45,89413.97,113981.42,0.2155,0.20
2021-12-22,4914.45,13.34,0.6341,24572.25,89413.97,113986.22,0.2156,0.20
2021-12-23,4948.74,13.43,0.6548,24743.70,89413.97,114157.67,0.2168,0.20
2021-12-24,4921.34,13.36,0.6373,24606.70,89413.97,114020.67,0.2158,0.20
2021-12-27,4919.32,13.35,0.6333,24596.60,89413.97,114010.57,0.2157,0.20
2021-12-28,4955.96,13.43,0.6540,24779.80,89413.97,114193.77,0.2170,0.20
2021-12-29,4883.48,13.25,0.6206,24417.40,89413.97,113831.37,0.2145,0.20
2021-12-30,4921.51,13.33,0.6302,24607.55,89413.97,114021.52,0.2158,0.20
2021-12-31,4940.37,13.37,0.6365,24701.85,89413.97,114115.82,0.2165,0.20
2022-01-04,4917.77,13.33,0.6286,24588.85,89413.97,114002.82,0.2157,0.20
2022-01-05,4868.12,13.23,0.6143,24340.60,89413.97,113754.57,0.2140,0.20
2022-01-06,4818.23,13.12,0.5944,24091.15,89413.97,113505.12,0.2122,0.50
2022-01-07,4822.37,13.16,0.6032,53046.07,60466.60,113512.67,0.4673,0.20
2022-01-10,4844.05,13.21,0.6127,24220.25,89338.54,113558.79,0.2133,0.20
2022-01-11,4797.77,13.09,0.5897,23988.85,89338.54,113327.39,0.2117,0.50
2022-01-12,4845.58,13.19,0.6056,53301.38,60423.75,113725.13,0.4687,0.20
2022-01-13,4765.92,13.02,0.5714,23829.60,89540.48,113370.08,0.2102,0.50
2022-01-14,4726.73,12.88,0.5270,51994.03,61075.60,113069.63,0.4598,0.50
2022-01-17,4767.28,12.94,0.5508,52440.08,61075.60,113515.68,0.4620,0.50
2022-01-18,4813.35,13.08,0.5873,52946.85,61075.60,114022.45,0.4644,0.50
2022-01-19,4780.38,13.00,0.5667,52584.18,61075.60,113659.78,0.4626,0.50
2022-01-20,4823.51,13.11,0.5905,53058.61,61075.60,114134.21,0.4649,0.50
2022-01-21,4779.31,12.99,0.5619,52572.41,61075.60,113648.01,0.4626,0.50
2022-01-24,4786.74,13.00,0.5651,52654.14,61075.60,113729.74,0.4630,0.50
2022-01-25,4678.45,12.72,0.4802,51462.95,61075.60,112538.55,0.4573,0.50
2022-01-26,4712.31,12.82,0.5032,56547.72,56378.26,112925.98,0.5008,0.50
2022-01-27,4619.88,12.60,0.4476,55438.56,56378.26,111816.82,0.4958,0.50
2022-01-28,4563.77,12.44,0.4048,54765.24,56378.26,111143.50,0.4927,0.50
2022-02-07,4634.09,12.69,0.4738,55609.08,56378.26,111987.34,0.4966,0.50
2022-02-08,4608.77,12.69,0.4738,55305.24,56378.26,111683.50,0.4952,0.50
2022-02-09,4652.06,12.79,0.4960,55824.72,56378.26,112202.98,0.4975,0.50
2022-02-10,4639.86,12.77,0.4913,55678.32,56378.26,112056.58,0.4969,0.50
2022-02-11,4601.40,12.72,0.4810,55216.80,56378.26,111595.06,0.4948,0.50
2022-02-14,4551.69,12.56,0.4373,54620.28,56378.26,110998.54,0.4921,0.50
2022-02-15,4600.10,12.65,0.4651,55201.20,56378.26,111579.46,0.4947,0.50
2022-02-16,4617.99,12.70,0.4778,55415.88,56378.26,111794.14,0.4957,0.50
2022-02-17,4629.16,12.71,0.4794,55549.92,56378.26,111928.18,0.4963,0.50
2022-02-18,4651.24,12.78,0.4929,55814.88,56378.26,112193.14,0.4975,0.50
2022-02-21,4634.31,12.73,0.4817,55611.72,56378.26,111989.98,0.4966,0.50
2022-02-22,4574.15,12.59,0.4437,54889.80,56378.26,111268.06,0.4933,0.50
2022-02-23,4623.05,12.68,0.4683,55476.60,56378.26,111854.86,0.4960,0.50
2022-02-24,4529.32,12.45,0.4087,54351.84,56378.26,110730.10,0.4908,0.50
2022-02-25,4573.42,12.53,0.4270,54881.04,56378.26,111259.30,0.4933,0.50
2022-02-28,4581.65,12.57,0.4397,54979.80,56378.26,111358.06,0.4937,0.50
2022-03-01,4619.69,12.66,0.4635,55436.28,56378.26,111814.54,0.4958,0.50
2022-03-02,4578.60,12.58,0.4397,54943.20,56378.26,111321.46,0.4936,0.50
2022-03-03,4551.63,12.54,0.4278,54619.56,56378.26,110997.82,0.4921,0.50
2022-03-04,4496.43,12.40,0.3825,53957.16,56378.26,110335.42,0.4890,0.70
2022-03-07,4352.78,12.06,0.2952,73997.26,34064.55,108061.81,0.6848,0.70
2022-03-08,4265.39,11.83,0.2357,72511.63,34064.55,106576.18,0.6804,0.70
2022-03-09,4226.35,11.71,0.2056,71847.95,34064.55,105912.50,0.6784,0.70
2022-03-10,4292.84,11.84,0.2389,72978.28,34064.55,107042.83,0.6818,0.70
2022-03-11,4306.52,11.83,0.2365,73210.84,34064.55,107275.39,0.6825,0.70
2022-03-14,4174.76,11.50,0.1484,70970.92,34064.55,105035.47,0.6757,1.00
2022-03-15,3983.81,10.98,0.0794,99595.25,1058.98,100654.23,0.9895,1.00
2022-03-16,4156.08,11.38,0.1254,103902.00,1058.98,104960.98,0.9899,1.00
2022-03-17,4237.70,11.56,0.1651,105942.50,1058.98,107001.48,0.9901,1.00
2022-03-18,4265.90,11.72,0.2111,106647.50,1058.98,107706.48,0.9902,0.70
2022-03-21,4258.75,11.69,0.2032,76657.50,31018.46,107675.96,0.7119,0.70
2022-03-22,4255.30,11.71,0.2095,76595.40,31018.46,107613.86,0.7118,0.70
2022-03-23,4276.52,11.76,0.2198,76977.36,31018.46,107995.82,0.7128,0.70
2022-03-24,4251.31,11.70,0.2063,76523.58,31018.46,107542.04,0.7116,0.70
2022-03-25,4174.57,11.54,0.1595,75142.26,31018.46,106160.72,0.7078,1.00
2022-03-28,4148.47,11.52,0.1563,103711.75,2115.13,105826.88,0.9800,1.00
2022-03-29,4134.14,11.50,0.1500,103353.50,2115.13,105468.63,0.9799,1.00
2022-03-30,4254.10,11.73,0.2198,106352.50,2115.13,108467.63,0.9805,0.70
2022-03-31,4222.60,11.72,0.2159,76006.80,31756.69,107763.49,0.7053,0.70
2022-04-01,4276.16,11.83,0.2476,76970.88,31756.69,108727.57,0.7079,0.70
2022-04-06,4263.84,11.82,0.2452,76749.12,31756.69,108505.81,0.7073,0.70
2022-04-07,4209.10,11.68,0.2040,75763.80,31756.69,107520.49,0.7046,0.70
2022-04-08,4230.77,11.76,0.2254,76153.86,31756.69,107910.55,0.7057,0.70
2022-04-11,4100.07,11.45,0.1349,73801.26,31756.69,105557.95,0.6992,1.00
2022-04-12,4179.97,11.63,0.1929,104499.25,3034.46,107533.71,0.9718,1.00
2022-04-13,4139.74,11.55,0.1659,103493.50,3034.46,106527.96,0.9715,1.00
2022-04-14,4191.57,11.68,0.2063,104789.25,3034.46,107823.71,0.9719,0.70
2022-04-15,4188.75,11.66,0.2024,79586.25,28007.43,107593.68,0.7397,0.70
2022-04-18,4166.38,11.56,0.1690,74994.84,32160.16,107155.00,0.6999,1.00
2022-04-19,4134.90,11.51,0.1540,103372.50,3025.19,106397.69,0.9716,1.00
2022-04-20,4070.79,11.36,0.1230,101769.75,3025.19,104794.94,0.9711,1.00
2022-04-21,3995.83,11.18,0.1032,99895.75,3025.19,102920.94,0.9706,1.00
2022-04-22,4013.25,11.24,0.1103,100331.25,3025.19,103356.44,0.9707,1.00
2022-04-25,3814.91,10.76,0.0571,95372.75,3025.19,98397.94,0.9693,1.00
2022-04-26,3784.12,10.67,0.0500,94603.00,3025.19,97628.19,0.9690,1.00
2022-04-27,3895.54,10.87,0.0722,97388.50,3025.19,100413.69,0.9699,1.00
2022-04-28,3921.11,10.92,0.0762,98027.75,3025.19,101052.94,0.9701,1.00
2022-04-29,4016.24,11.21,0.1111,100406.00,3025.19,103431.19,0.9708,1.00
2022-05-05,4010.21,11.11,0.0976,100255.25,3025.19,103280.44,0.9707,1.00
2022-05-06,3908.82,10.85,0.0706,97720.50,3025.19,100745.69,0.9700,1.00
2022-05-09,3877.44,10.79,0.0619,96936.00,3025.19,99961.19,0.9697,1.00
2022-05-10,3919.87,10.87,0.0738,97996.75,3025.19,101021.94,0.9701,1.00
2022-05-11,3976.42,10.99,0.0865,99410.50,3025.19,102435.69,0.9705,1.00
2022-05-12,3958.74,10.96,0.0825,98968.50,3025.19,101993.69,0.9703,1.00
2022-05-13,3988.60,11.05,0.0952,99715.00,3025.19,102740.19,0.9706,1.00
2022-05-16,3956.54,10.97,0.0841,98913.50,3025.19,101938.69,0.9703,1.00
2022-05-17,4005.89,11.09,0.1000,100147.25,3025.19,103172.44,0.9707,1.00
2022-05-18,3991.91,11.05,0.0960,99797.75,3025.19,102822.94,0.9706,1.00
2022-05-19,3999.60,11.07,0.0984,99990.00,3025.19,103015.19,0.9706,1.00
2022-05-20,4077.60,11.26,0.1270,101940.00,3025.19,104965.19,0.9712,1.00
2022-05-23,4053.98,11.20,0.1183,101349.50,3025.19,104374.69,0.9710,1.00
2022-05-24,3959.15,10.99,0.0881,98978.75,3025.19,102003.94,0.9703,1.00
2022-05-25,3983.18,11.06,0.0984,99579.50,3025.19,102604.69,0.9705,1.00
2022-05-26,3993.04,11.09,0.1032,99826.00,3025.19,102851.19,0.9706,1.00
2022-05-27,4001.30,11.12,0.1119,100032.50,3025.19,103057.69,0.9706,1.00
2022-05-30,4029.02,11.18,0.1183,100725.50,3025.19,103750.69,0.9708,1.00
2022-05-31,4091.52,11.32,0.1365,102288.00,3025.19,105313.19,0.9713,1.00
2022-06-01,4083.18,11.30,0.1349,102079.50,3025.19,105104.69,0.9712,1.00
2022-06-02,4089.57,11.31,0.1365,102239.25,3025.19,105264.44,0.9713,1.00
2022-06-06,4166.09,11.47,0.1651,104152.25,3025.19,107177.44,0.9718,1.00
2022-06-07,4179.13,11.50,0.1746,104478.25,3025.19,107503.44,0.9719,1.00
2022-06-08,4219.81,11.61,0.2143,105495.25,3025.19,108520.44,0.9721,0.70
2022-06-09,4175.67,11.53,0.1865,79337.73,28294.25,107631.98,0.7371,1.00
2022-06-10,4238.99,11.70,0.2413,105974.75,3419.10,109393.85,0.9687,0.70
2022-06-13,4189.35,11.70,0.2413,79597.65,28584.61,108182.26,0.7358,0.70
2022-06-14,4222.31,11.82,0.2802,80223.89,28584.61,108808.50,0.7373,0.70
2022-06-15,4278.22,11.95,0.3175,81286.18,28584.61,109870.79,0.7398,0.70
2022-06-16,4250.06,11.84,0.2881,76501.08,32866.47,109367.55,0.6995,0.70
2022-06-17,4309.04,11.97,0.3278,77562.72,32866.47,110429.19,0.7024,0.70
2022-06-20,4330.43,11.97,0.3278,77947.74,32866.47,110814.21,0.7034,0.70
2022-06-21,4325.57,11.98,0.3317,77860.26,32866.47,110726.73,0.7032,0.70
2022-06-22,4270.62,11.83,0.2841,76871.16,32866.47,109737.63,0.7005,0.70
2022-06-23,4343.88,12.02,0.3437,78189.84,32866.47,111056.31,0.7041,0.70
2022-06-24,4394.77,12.12,0.3754,79105.86,32866.47,111972.33,0.7065,0.70
2022-06-27,4444.26,12.23,0.3968,79996.68,32866.47,112863.15,0.7088,0.70
2022-06-28,4490.52,12.32,0.4222,80829.36,32866.47,113695.83,0.7109,0.50
2022-06-29,4421.36,12.18,0.3921,57477.68,55229.00,112706.68,0.5100,0.70
2022-06-30,4485.01,12.31,0.4214,76245.17,37555.84,113801.01,0.6700,0.50
2022-07-01,4466.72,12.26,0.4071,58067.36,55513.02,113580.38,0.5112,0.50
2022-07-04,4496.03,12.33,0.4270,58448.39,55513.02,113961.41,0.5129,0.50
2022-07-05,4489.54,12.31,0.4222,58364.02,55513.02,113877.04,0.5125,0.50
2022-07-06,4423.97,12.15,0.3833,57511.61,55513.02,113024.63,0.5088,0.70
2022-07-07,4443.47,12.18,0.3929,75538.99,37811.02,113350.01,0.6664,0.70
2022-07-08,4428.78,12.13,0.3778,75289.26,37811.02,113100.28,0.6657,0.70
2022-07-11,4354.62,11.95,0.3190,74028.54,37811.02,111839.56,0.6619,0.70
2022-07-12,4313.62,11.84,0.2889,73331.54,37811.02,111142.56,0.6598,0.70
2022-07-13,4321.46,11.84,0.2889,77786.28,33497.44,111283.72,0.6990,0.70
2022-07-14,4322.07,11.81,0.2770,77797.26,33497.44,111294.70,0.6990,0.70
2022-07-15,4248.53,11.61,0.2151,76473.54,33497.44,109970.98,0.6954,0.70
2022-07-18,4292.59,11.74,0.2571,77266.62,33497.44,110764.06,0.6976,0.70
2022-07-19,4269.34,11.70,0.2421,76848.12,33497.44,110345.56,0.6964,0.70
2022-07-20,4283.80,11.75,0.2595,77108.40,33497.44,110605.84,0.6971,0.70
2022-07-21,4236.06,11.62,0.2198,76249.08,33497.44,109746.52,0.6948,0.70
2022-07-22,4238.23,11.63,0.2230,76288.14,33497.44,109785.58,0.6949,0.70
2022-07-25,4212.64,11.58,0.2008,75827.52,33497.44,109324.96,0.6936,0.70
2022-07-26,4245.98,11.65,0.2325,76427.64,33497.44,109925.08,0.6953,0.70
2022-07-27,4225.04,11.58,0.2008,76050.72,33497.44,109548.16,0.6942,0.70
2022-07-28,4225.67,11.58,0.2008,76062.06,33497.44,109559.50,0.6943,0.70
2022-07-29,4170.10,11.44,0.1571,75061.80,33497.44,108559.24,0.6914,1.00
2022-08-01,4188.68,11.48,0.1690,108905.68,210.58,109116.26,0.9981,1.00
2022-08-02,4107.02,11.28,0.1333,106782.52,210.58,106993.10,0.9980,1.00
2022-08-03,4066.98,11.18,0.1183,105741.48,210.58,105952.06,0.9980,1.00
2022-08-04,4101.54,11.28,0.1341,106640.04,210.58,106850.62,0.9980,1.00
2022-08-05,4156.91,11.41,0.1556,108079.66,210.58,108290.24,0.9981,1.00
2022-08-08,4148.07,11.39,0.1524,107849.82,210.58,108060.40,0.9981,1.00
2022-08-09,4156.29,11.41,0.1563,108063.54,210.58,108274.12,0.9981,1.00
2022-08-10,4109.74,11.30,0.1373,106853.24,210.58,107063.82,0.9980,1.00
2022-08-11,4193.54,11.52,0.1905,109032.04,210.58,109242.62,0.9981,1.00
2022-08-12,4191.15,11.50,0.1817,108969.90,210.58,109180.48,0.9981,1.00
2022-08-15,4185.68,11.47,0.1714,108827.68,210.58,109038.26,0.9981,1.00
2022-08-16,4177.84,11.43,0.1619,108623.84,210.58,108834.42,0.9981,1.00
2022-08-17,4216.96,11.53,0.1968,109640.96,210.58,109851.54,0.9981,1.00
2022-08-18,4180.10,11.43,0.1619,108682.60,210.58,108893.18,0.9981,1.00
2022-08-19,4151.07,11.38,0.1516,107927.82,210.58,108138.40,0.9981,1.00
2022-08-22,4181.40,11.45,0.1667,108716.40,210.58,108926.98,0.9981,1.00
2022-08-23,4161.08,11.39,0.1540,108188.08,210.58,108398.66,0.9981,1.00
2022-08-24,4082.42,11.18,0.1183,106142.92,210.58,106353.50,0.9980,1.00
2022-08-25,4116.24,11.29,0.1373,107022.24,210.58,107232.82,0.9980,1.00
2022-08-26,4107.55,11.21,0.1262,106796.30,210.58,107006.88,0.9980,1.00
2022-08-29,4089.52,11.11,0.1079,106327.52,210.58,106538.10,0.9980,1.00
2022-08-30,4075.79,11.10,0.1056,105970.54,210.58,106181.12,0.9980,1.00
2022-08-31,4078.84,11.02,0.0913,106049.84,210.58,106260.42,0.9980,1.00
2022-09-01,4043.74,10.95,0.0825,105137.24,210.58,105347.82,0.9980,1.00
2022-09-02,4023.61,10.89,0.0778,104613.86,210.58,104824.44,0.9980,1.00
2022-09-05,4015.43,10.90,0.0794,104401.18,210.58,104611.76,0.9980,1.00
2022-09-06,4052.28,10.98,0.0889,105359.28,210.58,105569.86,0.9980,1.00
2022-09-07,4054.98,10.99,0.0913,105429.48,210.58,105640.06,0.9980,1.00
2022-09-08,4037.68,10.96,0.0849,104979.68,210.58,105190.26,0.9980,1.00
2022-09-09,4093.79,11.10,0.1111,106438.54,210.58,106649.12,0.9980,1.00
2022-09-13,4111.11,11.13,0.1214,106888.86,210.58,107099.44,0.9980,1.00
2022-09-14,4065.36,11.02,0.0960,105699.36,210.58,105909.94,0.9980,1.00
2022-09-15,4027.12,10.95,0.0841,104705.12,210.58,104915.70,0.9980,1.00
2022-09-16,3932.68,10.70,0.0540,102249.68,210.58,102460.26,0.9979,1.00
2022-09-19,3928.00,10.70,0.0540,102128.00,210.58,102338.58,0.9979,1.00
2022-09-20,3932.84,10.70,0.0540,102253.84,210.58,102464.42,0.9979,1.00
2022-09-21,3903.73,10.65,0.0460,101496.98,210.58,101707.56,0.9979,1.00
2022-09-22,3869.34,10.59,0.0365,100602.84,210.58,100813.42,0.9979,1.00
2022-09-23,3856.02,10.60,0.0397,100256.52,210.58,100467.10,0.9979,1.00
2022-09-26,3836.68,10.51,0.0310,99753.68,210.58,99964.26,0.9979,1.00
2022-09-27,3892.30,10.64,0.0476,101199.80,210.58,101410.38,0.9979,1.00
2022-09-28,3828.71,10.51,0.0310,99546.46,210.58,99757.04,0.9979,1.00
2022-09-29,3827.14,10.50,0.0286,99505.64,210.58,99716.22,0.9979,1.00
2022-09-30,3804.89,10.47,0.0278,98927.14,210.58,99137.72,0.9979,1.00
2022-10-10,3720.94,10.29,0.0119,96744.44,210.58,96955.02,0.9978,1.00
2022-10-11,3727.69,10.30,0.0135,96919.94,210.58,97130.52,0.9978,1.00
2022-10-12,3784.31,10.43,0.0230,98392.06,210.58,98602.64,0.9979,1.00
2022-10-13,3752.67,10.34,0.0151,97569.42,210.58,97780.00,0.9978,1.00
2022-10-14,3842.47,10.52,0.0373,99904.22,210.58,100114.80,0.9979,1.00
2022-10-17,3846.41,10.51,0.0357,100006.66,210.58,100217.24,0.9979,1.00
2022-10-18,3838.27,10.48,0.0325,99795.02,210.58,100005.60,0.9979,1.00
2022-10-19,3776.53,10.34,0.0151,98189.78,210.58,98400.36,0.9979,1.00
2022-10-20,3754.93,10.30,0.0135,97628.18,210.58,97838.76,0.9978,1.00
2022-10-21,3742.89,10.25,0.0103,97315.14,210.58,97525.72,0.9978,1.00
2022-10-24,3633.37,9.98,0.0016,94467.62,210.58,94678.20,0.9978,1.00
2022-10-25,3627.45,9.97,0.0016,94313.70,210.58,94524.28,0.9978,1.00
2022-10-26,3656.90,10.04,0.0040,95079.40,210.58,95289.98,0.9978,1.00
2022-10-27,3631.14,10.00,0.0032,94409.64,210.58,94620.22,0.9978,1.00
2022-10-28,3541.33,9.73,0.0000,92074.58,210.58,92285.16,0.9977,1.00
2022-10-31,3508.70,9.61,0.0000,91226.20,210.58,91436.78,0.9977,1.00
2022-11-01,3634.17,9.89,0.0016,94488.42,210.58,94699.00,0.9978,1.00
2022-11-02,3677.81,9.99,0.0056,95623.06,210.58,95833.64,0.9978,1.00
2022-11-03,3647.90,9.92,0.0024,94845.40,210.58,95055.98,0.9978,1.00
2022-11-04,3767.17,10.20,0.0159,97946.42,210.58,98157.00,0.9979,1.00
2022-11-07,3775.30,10.22,0.0175,98157.80,210.58,98368.38,0.9979,1.00
2022-11-08,3749.33,10.17,0.0143,97482.58,210.58,97693.16,0.9978,1.00
2022-11-09,3714.27,10.08,0.0103,96571.02,210.58,96781.60,0.9978,1.00
2022-11-10,3685.69,10.03,0.0079,95827.94,210.58,96038.52,0.9978,1.00
2022-11-11,3788.44,10.28,0.0238,98499.44,210.58,98710.02,0.9979,1.00
2022-11-14,3794.02,10.29,0.0246,98644.52,210.58,98855.10,0.9979,1.00
2022-11-15,3865.97,10.45,0.0421,100515.22,210.58,100725.80,0.9979,1.00
2022-11-16,3834.39,10.38,0.0373,99694.14,210.58,99904.72,0.9979,1.00
2022-11-17,3818.66,10.33,0.0286,99285.16,210.58,99495.74,0.9979,1.00
2022-11-18,3801.57,10.30,0.0270,98840.82,210.58,99051.40,0.9979,1.00
2022-11-21,3769.13,10.22,0.0198,97997.38,210.58,98207.96,0.9979,1.00
2022-11-22,3769.57,10.28,0.0246,98008.82,210.58,98219.40,0.9979,1.00
2022-11-23,3773.53,10.31,0.0310,98111.78,210.58,98322.36,0.9979,1.00
2022-11-24,3756.81,10.26,0.0238,97677.06,210.58,97887.64,0.9978,1.00
2022-11-25,3775.78,10.37,0.0405,98170.28,210.58,98380.86,0.9979,1.00
2022-11-28,3733.24,10.25,0.0222,97064.24,210.58,97274.82,0.9978,1.00
2022-11-29,3848.42,10.54,0.0635,100058.92,210.58,100269.50,0.9979,1.00
2022-11-30,3853.04,10.57,0.0667,100179.04,210.58,100389.62,0.9979,1.00
2022-12-01,3894.77,10.64,0.0802,101264.02,210.58,101474.60,0.9979,1.00
2022-12-02,3870.95,10.57,0.0667,100644.70,210.58,100855.28,0.9979,1.00
2022-12-05,3946.88,10.81,0.1048,102618.88,210.58,102829.46,0.9980,1.00
2022-12-06,3968.20,10.86,0.1143,103173.20,210.58,103383.78,0.9980,1.00
2022-12-07,3958.44,10.80,0.1040,102919.44,210.58,103130.02,0.9980,1.00
2022-12-08,3959.18,10.80,0.1040,102938.68,210.58,103149.26,0.9980,1.00
2022-12-09,3998.24,10.88,0.1198,103954.24,210.58,104164.82,0.9980,1.00
2022-12-12,3953.44,10.80,0.1040,102789.44,210.58,103000.02,0.9980,1.00
2022-12-13,3945.68,10.80,0.1040,102587.68,210.58,102798.26,0.9980,1.00
2022-12-14,3954.89,10.81,0.1079,102827.14,210.58,103037.72,0.9980,1.00
2022-12-15,3951.99,10.79,0.1024,102751.74,210.58,102962.32,0.9980,1.00
2022-12-16,3954.23,10.81,0.1087,102809.98,210.58,103020.56,0.9980,1.00
2022-12-19,3893.22,10.63,0.0794,101223.72,210.58,101434.30,0.9979,1.00
2022-12-20,3829.02,10.48,0.0556,99554.52,210.58,99765.10,0.9979,1.00
2022-12-21,3830.54,10.49,0.0571,99594.04,210.58,99804.62,0.9979,1.00
2022-12-22,3836.03,10.51,0.0611,99736.78,210.58,99947.36,0.9979,1.00
2022-12-23,3828.22,10.50,0.0579,99533.72,210.58,99744.30,0.9979,1.00
2022-12-26,3843.49,10.52,0.0651,99930.74,210.58,100141.32,0.9979,1.00
2022-12-27,3887.85,10.64,0.0857,101084.10,210.58,101294.68,0.9979,1.00
2022-12-28,3871.26,10.62,0.0817,100652.76,210.58,100863.34,0.9979,1.00
2022-12-29,3856.70,10.56,0.0706,100274.20,210.58,100484.78,0.9979,1.00
2022-12-30,3871.63,10.59,0.0754,100662.38,210.58,100872.96,0.9979,1.00
2023-01-03,3887.90,10.65,0.0913,101085.40,210.58,101295.98,0.9979,1.00
2023-01-04,3892.95,10.69,0.0992,101216.70,210.58,101427.28,0.9979,1.00
2023-01-05,3968.58,10.85,0.1278,103183.08,210.58,103393.66,0.9980,1.00
2023-01-06,3980.89,10.89,0.1365,103503.14,210.58,103713.72,0.9980,1.00
2023-01-09,4013.12,10.96,0.1452,104341.12,210.58,104551.70,0.9980,1.00
2023-01-10,4017.47,10.95,0.1437,104454.22,210.58,104664.80,0.9980,1.00
2023-01-11,4010.03,10.96,0.1460,104260.78,210.58,104471.36,0.9980,1.00
2023-01-12,4017.87,10.99,0.1548,104464.62,210.58,104675.20,0.9980,1.00
2023-01-13,4074.38,11.13,0.1857,105933.88,210.58,106144.46,0.9980,1.00
2023-01-16,4137.96,11.23,0.2024,107586.96,210.58,107797.54,0.9980,0.70
2023-01-17,4137.24,11.20,0.1976,78607.56,29181.01,107788.57,0.7293,1.00
2023-01-18,4130.31,11.20,0.1976,107388.06,198.86,107586.92,0.9982,1.00
2023-01-19,4156.01,11.25,0.2079,108056.26,198.86,108255.12,0.9982,0.70
2023-01-20,4181.53,11.33,0.2214,79449.07,29365.28,108814.35,0.7301,0.70
2023-01-30,4201.35,11.35,0.2270,79825.65,29365.28,109190.93,0.7311,0.70
2023-01-31,4156.86,11.26,0.2111,78980.34,29365.28,108345.62,0.7290,0.70
2023-02-01,4195.93,11.36,0.2302,79722.67,29365.28,109087.95,0.7308,0.70
2023-02-02,4181.15,11.33,0.2222,79441.85,29365.28,108807.13,0.7301,0.70
2023-02-03,4141.63,11.24,0.2063,78690.97,29365.28,108056.25,0.7282,0.70
2023-02-06,4086.88,11.12,0.1841,77650.72,29365.28,107016.00,0.7256,1.00
2023-02-07,4094.23,11.13,0.1865,106449.98,675.68,107125.66,0.9937,1.00
2023-02-08,4076.14,11.08,0.1722,105979.64,675.68,106655.32,0.9937,1.00
2023-02-09,4130.86,11.22,0.2056,107402.36,675.68,108078.04,0.9937,0.70
2023-02-10,4106.31,11.17,0.1929,78019.89,29542.93,107562.82,0.7253,1.00
2023-02-13,4143.57,11.24,0.2103,107732.82,849.34,108582.16,0.9922,0.70
2023-02-14,4145.29,11.26,0.2167,78760.51,29906.63,108667.14,0.7248,0.70
2023-02-15,4123.69,11.21,0.2048,78350.11,29906.63,108256.74,0.7237,0.70
2023-02-16,4093.49,11.16,0.1921,77776.31,29906.63,107682.94,0.7223,1.00
2023-02-17,4034.51,11.03,0.1619,104897.26,1301.66,106198.92,0.9877,1.00
2023-02-20,4133.49,11.31,0.2286,107470.74,1301.66,108772.40,0.9880,0.70
2023-02-21,4144.35,11.34,0.2341,78742.65,30210.64,108953.29,0.7227,0.70
2023-02-22,4106.95,11.24,0.2127,78032.05,30210.64,108242.69,0.7209,0.70
2023-02-23,4103.65,11.23,0.2103,77969.35,30210.64,108179.99,0.7207,0.70
2023-02-24,4061.05,11.12,0.1857,77159.95,30210.64,107370.59,0.7186,1.00
2023-02-27,4043.84,11.09,0.1746,105139.84,1926.01,107065.85,0.9820,1.00
2023-02-28,4069.46,11.17,0.1960,105805.96,1926.01,107731.97,0.9821,1.00
2023-03-01,4126.94,11.34,0.2381,107300.44,1926.01,109226.45,0.9824,0.70
2023-03-02,4117.74,11.33,0.2357,78237.06,30764.49,109001.55,0.7178,0.70
2023-03-03,4130.55,11.42,0.2611,78480.45,30764.49,109244.94,0.7184,0.70
2023-03-06,4109.01,11.37,0.2492,78071.19,30764.49,108835.68,0.7173,0.70
2023-03-07,4048.85,11.25,0.2198,76928.15,30764.49,107692.64,0.7143,0.70
2023-03-08,4034.11,11.22,0.2111,76648.09,30764.49,107412.58,0.7136,0.70
2023-03-09,4019.85,11.20,0.2048,76377.15,30764.49,107141.64,0.7129,0.70
2023-03-10,3967.14,11.03,0.1619,75375.66,30764.49,106140.15,0.7102,1.00
2023-03-13,4008.69,11.20,0.2056,104225.94,3024.63,107250.57,0.9718,0.70
2023-03-14,3984.70,11.12,0.1873,75709.30,31022.39,106731.69,0.7093,1.00
2023-03-15,3986.90,11.16,0.1960,103659.40,2938.10,106597.50,0.9724,1.00
2023-03-16,3939.15,11.10,0.1786,102417.90,2938.10,105356.00,0.9721,1.00
2023-03-17,3958.82,11.18,0.2024,102929.32,2938.10,105867.42,0.9722,0.70
2023-03-20,3939.08,11.10,0.1786,74842.52,30675.34,105517.86,0.7093,1.00
2023-03-21,3982.38,11.17,0.2000,103541.88,3036.83,106578.71,0.9715,1.00
2023-03-22,3999.44,11.23,0.2206,103985.44,3036.83,107022.27,0.9716,0.70
2023-03-23,4039.09,11.34,0.2484,76742.71,30937.37,107680.08,0.7127,0.70
2023-03-24,4027.05,11.27,0.2349,76513.95,30937.37,107451.32,0.7121,0.70
2023-03-27,4012.48,11.19,0.2087,76237.12,30937.37,107174.49,0.7113,0.70
2023-03-28,3999.51,11.20,0.2111,75990.69,30937.37,106928.06,0.7107,0.70
2023-03-29,4006.14,11.20,0.2111,76116.66,30937.37,107054.03,0.7110,0.70
2023-03-30,4038.53,11.27,0.2373,76732.07,30937.37,107669.44,0.7127,0.70
2023-03-31,4050.93,11.27,0.2373,76967.67,30937.37,107905.04,0.7133,0.70
2023-04-03,4090.57,11.38,0.2667,77720.83,30937.37,108658.20,0.7153,0.70
2023-04-04,4103.11,11.48,0.2960,77959.09,30937.37,108896.46,0.7159,0.70
2023-04-06,4096.64,11.47,0.2921,77836.16,30937.37,108773.53,0.7156,0.70
2023-04-07,4123.28,11.52,0.3143,78342.32,30937.37,109279.69,0.7169,0.70
2023-04-10,4104.81,11.50,0.3048,77991.39,30937.37,108928.76,0.7160,0.70
2023-04-11,4100.15,11.48,0.2968,77902.85,30937.37,108840.22,0.7158,0.70
2023-04-12,4097.29,11.52,0.3159,77848.51,30937.37,108785.88,0.7156,0.70
2023-04-13,4068.98,11.47,0.2921,77310.62,30937.37,108247.99,0.7142,0.70
2023-04-14,4092.00,11.56,0.3317,77748.00,30937.37,108685.37,0.7153,0.70
2023-04-17,4149.38,11.78,0.4119,78838.22,30937.37,109775.59,0.7182,0.50
2023-04-18,4162.03,11.89,0.4492,58268.42,51632.88,109901.30,0.5302,0.50
2023-04-19,4124.56,11.79,0.4159,57743.84,51632.88,109376.72,0.5279,0.50
2023-04-20,4113.02,11.79,0.4159,57582.28,51632.88,109215.16,0.5272,0.50
2023-04-21,4032.57,11.56,0.3317,56455.98,51632.88,108088.86,0.5223,0.70
2023-04-24,3982.64,11.48,0.2976,71687.52,35506.88,107194.40,0.6688,0.70
2023-04-25,3962.67,11.44,0.2825,71328.06,35506.88,106834.94,0.6676,0.70
2023-04-26,3959.23,11.39,0.2698,71266.14,35506.88,106773.02,0.6675,0.70
2023-04-27,3988.42,11.42,0.2786,71791.56,35506.88,107298.44,0.6691,0.70
2023-04-28,4029.09,11.47,0.2944,72523.62,35506.88,108030.50,0.6713,0.70
2023-05-04,4030.25,11.56,0.3357,72544.50,35506.88,108051.38,0.6714,0.70
2023-05-05,4016.88,11.53,0.3262,72303.84,35506.88,107810.72,0.6707,0.70
2023-05-08,4062.66,11.80,0.4278,73127.88,35506.88,108634.76,0.6732,0.50
2023-05-09,4027.88,11.67,0.3817,56390.32,51767.82,108158.14,0.5214,0.70
2023-05-10,3996.87,11.50,0.3103,71943.66,35695.26,107638.92,0.6684,0.70
2023-05-11,3990.66,11.45,0.2865,71831.88,35695.26,107527.14,0.6680,0.70
2023-05-12,3937.76,11.31,0.2468,70879.68,35695.26,106574.94,0.6651,0.70
2023-05-15,3998.89,11.47,0.2960,71980.02,35695.26,107675.28,0.6685,0.70
2023-05-16,3978.21,11.40,0.2738,71607.78,35695.26,107303.04,0.6673,0.70
2023-05-17,3960.17,11.32,0.2500,71283.06,35695.26,106978.32,0.6663,0.70
2023-05-18,3956.07,11.38,0.2683,71209.26,35695.26,106904.52,0.6661,0.70
2023-05-19,3944.54,11.32,0.2500,71001.72,35695.26,106696.98,0.6655,0.70
2023-05-22,3969.33,11.38,0.2690,71447.94,35695.26,107143.20,0.6668,0.70
2023-05-23,3913.19,11.19,0.2087,70437.42,35695.26,106132.68,0.6637,0.70
2023-05-24,3859.09,11.00,0.1595,69463.62,35695.26,105158.88,0.6606,1.00
2023-05-25,3850.50,10.97,0.1500,103963.50,1030.84,104994.34,0.9902,1.00
2023-05-26,3850.95,11.00,0.1603,103975.65,1030.84,105006.49,0.9902,1.00
2023-05-29,3833.94,11.02,0.1619,103516.38,1030.84,104547.22,0.9901,1.00
2023-05-30,3837.75,11.03,0.1651,103619.25,1030.84,104650.09,0.9901,1.00
2023-05-31,3798.54,10.93,0.1413,102560.58,1030.84,103591.42,0.9900,1.00
2023-06-01,3806.87,10.97,0.1508,102785.49,1030.84,103816.33,0.9901,1.00
2023-06-02,3861.83,11.08,0.1794,104269.41,1030.84,105300.25,0.9902,1.00
2023-06-05,3844.25,11.07,0.1770,103794.75,1030.84,104825.59,0.9902,1.00
2023-06-06,3808.16,11.00,0.1619,102820.32,1030.84,103851.16,0.9901,1.00
2023-06-07,3789.34,10.96,0.1468,102312.18,1030.84,103343.02,0.9900,1.00
2023-06-08,3820.19,11.08,0.1817,103145.13,1030.84,104175.97,0.9901,1.00
2023-06-09,3836.70,11.14,0.2063,103590.90,1030.84,104621.74,0.9901,0.70
2023-06-12,3844.43,11.10,0.1881,76888.60,27820.81,104709.41,0.7343,1.00
2023-06-13,3864.91,11.12,0.1992,104352.57,952.55,105305.12,0.9910,1.00
2023-06-14,3864.02,11.08,0.1817,104328.54,952.55,105281.09,0.9910,1.00
2023-06-15,3925.50,11.22,0.2341,105988.50,952.55,106941.05,0.9911,0.70
2023-06-16,3963.35,11.29,0.2571,79267.00,28476.65,107743.65,0.7357,0.70
2023-06-19,3930.91,11.20,0.2246,78618.20,28476.65,107094.85,0.7341,0.70
2023-06-20,3924.24,11.14,0.2087,78484.80,28476.65,106961.45,0.7338,0.70
2023-06-21,3864.03,11.00,0.1627,77280.60,28476.65,105757.25,0.7307,1.00
2023-06-26,3809.70,10.86,0.1302,102861.90,1641.23,104503.13,0.9843,1.00
2023-06-27,3845.43,10.98,0.1563,103826.61,1641.23,105467.84,0.9844,1.00
2023-06-28,3840.80,10.96,0.1476,103701.60,1641.23,105342.83,0.9844,1.00
2023-06-29,3821.84,10.92,0.1405,103189.68,1641.23,104830.91,0.9843,1.00
2023-06-30,3842.45,10.97,0.1540,103746.15,1641.23,105387.38,0.9844,1.00
2023-07-03,3892.88,11.13,0.2095,105107.76,1641.23,106748.99,0.9846,0.70
2023-07-04,3899.01,11.13,0.2095,77980.20,28856.08,106836.28,0.7299,0.70
2023-07-05,3868.81,11.04,0.1762,77376.20,28856.08,106232.28,0.7284,1.00
2023-07-06,3842.75,10.97,0.1540,103754.25,1855.52,105609.77,0.9824,1.00
2023-07-07,3825.70,10.93,0.1429,103293.90,1855.52,105149.42,0.9824,1.00
2023-07-10,3844.33,10.96,0.1492,103796.91,1855.52,105652.43,0.9824,1.00
2023-07-11,3869.49,11.02,0.1722,104476.23,1855.52,106331.75,0.9825,1.00
2023-07-12,3843.44,10.95,0.1468,103772.88,1855.52,105628.40,0.9824,1.00
2023-07-13,3898.42,11.12,0.2095,105257.34,1855.52,107112.86,0.9827,0.70
2023-07-14,3899.10,11.12,0.2095,77982.00,29186.35,107168.35,0.7277,0.70
2023-07-17,3867.17,10.99,0.1651,77343.40,29186.35,106529.75,0.7260,1.00
2023-07-18,3854.94,10.94,0.1460,104083.38,2087.71,106171.09,0.9803,1.00
2023-07-19,3850.87,10.94,0.1460,103973.49,2087.71,106061.20,0.9803,1.00
2023-07-20,3823.69,10.86,0.1302,103239.63,2087.71,105327.34,0.9802,1.00
2023-07-21,3821.91,10.85,0.1278,103191.57,2087.71,105279.28,0.9802,1.00
2023-07-24,3805.22,10.82,0.1230,102740.94,2087.71,104828.65,0.9801,1.00
2023-07-25,3915.12,11.11,0.2095,105708.24,2087.71,107795.95,0.9806,0.70
2023-07-26,3907.01,11.07,0.1929,78140.20,29443.54,107583.74,0.7263,1.00
2023-07-27,3902.35,11.07,0.1929,105363.45,2042.56,107406.01,0.9810,1.00
2023-07-28,3992.74,11.33,0.2889,107803.98,2042.56,109846.54,0.9814,0.70
2023-07-31,4014.63,11.36,0.3016,80292.60,30173.38,110465.98,0.7269,0.70
2023-08-01,3998.00,11.34,0.2929,79960.00,30173.38,110133.38,0.7260,0.70
2023-08-02,3969.90,11.21,0.2532,79398.00,30173.38,109571.38,0.7246,0.70
2023-08-03,4004.98,11.29,0.2794,80099.60,30173.38,110272.98,0.7264,0.70
2023-08-04,4020.58,11.36,0.3040,80411.60,30173.38,110584.98,0.7271,0.70
2023-08-07,3990.15,11.28,0.2770,79803.00,30173.38,109976.38,0.7256,0.70
2023-08-08,3979.73,11.26,0.2714,79594.60,30173.38,109767.98,0.7251,0.70
2023-08-09,3967.57,11.23,0.2595,79351.40,30173.38,109524.78,0.7245,0.70
2023-08-10,3975.72,11.26,0.2722,79514.40,30173.38,109687.78,0.7249,0.70
2023-08-11,3884.25,11.02,0.1778,77685.00,30173.38,107858.38,0.7203,1.00
2023-08-14,3855.91,10.94,0.1484,104109.57,3285.81,107395.38,0.9694,1.00
2023-08-15,3846.54,10.93,0.1452,103856.58,3285.81,107142.39,0.9693,1.00
2023-08-16,3818.33,10.84,0.1278,103094.91,3285.81,106380.72,0.9691,1.00
2023-08-17,3831.10,10.85,0.1294,103439.70,3285.81,106725.51,0.9692,1.00
2023-08-18,3784.00,10.75,0.1079,102168.00,3285.81,105453.81,0.9688,1.00
2023-08-21,3729.56,10.62,0.0833,100698.12,3285.81,103983.93,0.9684,1.00
2023-08-22,3758.23,10.75,0.1087,101472.21,3285.81,104758.02,0.9686,1.00
2023-08-23,3696.63,10.62,0.0833,99809.01,3285.81,103094.82,0.9681,1.00
2023-08-24,3723.43,10.66,0.0944,100532.61,3285.81,103818.42,0.9684,1.00
2023-08-25,3709.15,10.63,0.0873,100147.05,3285.81,103432.86,0.9682,1.00
2023-08-28,3752.62,10.84,0.1325,101320.74,3285.81,104606.55,0.9686,1.00
2023-08-29,3790.11,10.87,0.1421,102332.97,3285.81,105618.78,0.9689,1.00
2023-08-30,3788.51,10.95,0.1603,102289.77,3285.81,105575.58,0.9689,1.00
2023-08-31,3765.27,10.99,0.1794,101662.29,3285.81,104948.10,0.9687,1.00
2023-09-01,3791.49,11.05,0.2016,102370.23,3285.81,105656.04,0.9689,0.70
2023-09-04,3848.95,11.22,0.2690,76979.00,29975.40,106954.40,0.7197,0.70
2023-09-05,3820.32,11.13,0.2357,76406.40,29975.40,106381.80,0.7182,0.70
2023-09-06,3812.03,11.12,0.2294,76240.60,29975.40,106216.00,0.7178,0.70
2023-09-07,3758.47,11.00,0.1857,75169.40,29975.40,105144.80,0.7149,1.00
2023-09-08,3739.99,10.96,0.1643,100979.73,3740.54,104720.27,0.9643,1.00
2023-09-11,3767.54,11.03,0.1952,101723.58,3740.54,105464.12,0.9645,1.00
2023-09-12,3760.60,11.01,0.1905,101536.20,3740.54,105276.74,0.9645,1.00
2023-09-13,3736.65,10.97,0.1714,100889.55,3740.54,104630.09,0.9642,1.00
2023-09-14,3733.51,11.00,0.1873,104538.28,3.41,104541.69,1.0000,1.00
2023-09-15,3708.78,10.93,0.1532,103845.84,3.41,103849.25,1.0000,1.00
2023-09-18,3727.71,10.96,0.1651,104375.88,3.41,104379.29,1.0000,1.00
2023-09-19,3720.50,10.98,0.1794,104174.00,3.41,104177.41,1.0000,1.00
2023-09-20,3705.69,10.95,0.1611,103759.32,3.41,103762.73,1.0000,1.00
2023-09-21,3672.44,10.86,0.1389,102828.32,3.41,102831.73,1.0000,1.00
2023-09-22,3738.93,11.02,0.1968,104690.04,3.41,104693.45,1.0000,1.00
2023-09-25,3714.60,10.96,0.1667,104008.80,3.41,104012.21,1.0000,1.00
2023-09-26,3692.89,10.90,0.1508,103400.92,3.41,103404.33,1.0000,1.00
2023-09-27,3700.50,10.90,0.1508,103614.00,3.41,103617.41,1.0000,1.00
2023-09-28,3689.52,10.87,0.1429,103306.56,3.41,103309.97,1.0000,1.00
2023-10-09,3684.73,10.87,0.1429,103172.44,3.41,103175.85,1.0000,1.00
2023-10-10,3657.13,10.79,0.1167,102399.64,3.41,102403.05,1.0000,1.00
2023-10-11,3667.55,10.81,0.1238,102691.40,3.41,102694.81,1.0000,1.00
2023-10-12,3702.38,10.94,0.1635,103666.64,3.41,103670.05,1.0000,1.00
2023-10-13,3663.41,10.88,0.1492,102575.48,3.41,102578.89,1.0000,1.00
2023-10-16,3626.60,10.81,0.1238,101544.80,3.41,101548.21,1.0000,1.00
2023-10-17,3639.40,10.88,0.1500,101903.20,3.41,101906.61,1.0000,1.00
2023-10-18,3610.58,10.82,0.1302,101096.24,3.41,101099.65,1.0000,1.00
2023-10-19,3533.54,10.59,0.0754,98939.12,3.41,98942.53,1.0000,1.00
2023-10-20,3510.59,10.50,0.0579,98296.52,3.41,98299.93,1.0000,1.00
2023-10-23,3474.24,10.40,0.0460,97278.72,3.41,97282.13,1.0000,1.00
2023-10-24,3487.13,10.40,0.0460,97639.64,3.41,97643.05,1.0000,1.00
2023-10-25,3504.46,10.38,0.0437,98124.88,3.41,98128.29,1.0000,1.00
2023-10-26,3514.14,10.46,0.0563,98395.92,3.41,98399.33,1.0000,1.00
2023-10-27,3562.39,10.54,0.0714,99746.92,3.41,99750.33,1.0000,1.00
2023-10-30,3583.77,10.59,0.0802,100345.56,3.41,100348.97,1.0000,1.00
2023-10-31,3572.51,10.64,0.0968,100030.28,3.41,100033.69,1.0000,1.00
2023-11-01,3571.03,10.66,0.1024,99988.84,3.41,99992.25,1.0000,1.00
2023-11-02,3554.19,10.63,0.0937,99517.32,3.41,99520.73,1.0000,1.00
2023-11-03,3584.14,10.69,0.1111,100355.92,3.41,100359.33,1.0000,1.00
2023-11-06,3632.61,10.75,0.1206,101713.08,3.41,101716.49,1.0000,1.00
2023-11-07,3619.76,10.72,0.1183,101353.28,3.41,101356.69,1.0000,1.00
2023-11-08,3611.07,10.69,0.1111,101109.96,3.41,101113.37,1.0000,1.00
2023-11-09,3612.83,10.72,0.1190,101159.24,3.41,101162.65,1.0000,1.00
2023-11-10,3586.49,10.67,0.1087,100421.72,3.41,100425.13,1.0000,1.00
2023-11-13,3579.41,10.65,0.1016,100223.48,3.41,100226.89,1.0000,1.00
2023-11-14,3582.06,10.66,0.1040,100297.68,3.41,100301.09,1.0000,1.00
2023-11-15,3607.25,10.73,0.1238,101003.00,3.41,101006.41,1.0000,1.00
2023-11-16,3572.36,10.65,0.1016,100026.08,3.41,100029.49,1.0000,1.00
2023-11-17,3568.07,10.62,0.0897,99905.96,3.41,99909.37,1.0000,1.00
2023-11-20,3576.32,10.64,0.0984,100136.96,3.41,100140.37,1.0000,1.00
2023-11-21,3581.07,10.66,0.1063,100269.96,3.41,100273.37,1.0000,1.00
2023-11-22,3544.42,10.58,0.0786,99243.76,3.41,99247.17,1.0000,1.00
2023-11-23,3561.52,10.62,0.0905,99722.56,3.41,99725.97,1.0000,1.00
2023-11-24,3538.01,10.57,0.0762,99064.28,3.41,99067.69,1.0000,1.00
2023-11-27,3511.94,10.49,0.0603,98334.32,3.41,98337.73,1.0000,1.00
2023-11-28,3518.52,10.50,0.0619,98518.56,3.41,98521.97,1.0000,1.00
2023-11-29,3488.31,10.42,0.0484,97672.68,3.41,97676.09,1.0000,1.00
2023-11-30,3496.20,10.48,0.0595,97893.60,3.41,97897.01,1.0000,1.00
2023-12-01,3482.88,10.46,0.0571,97520.64,3.41,97524.05,1.0000,1.00
2023-12-04,3460.14,10.40,0.0468,96883.92,3.41,96887.33,1.0000,1.00
2023-12-05,3394.26,10.23,0.0222,95039.28,3.41,95042.69,1.0000,1.00
2023-12-06,3399.60,10.20,0.0183,95188.80,3.41,95192.21,1.0000,1.00
2023-12-07,3391.28,10.19,0.0175,94955.84,3.41,94959.25,1.0000,1.00
2023-12-08,3399.46,10.22,0.0214,95184.88,3.41,95188.29,1.0000,1.00
2023-12-11,3419.45,10.28,0.0294,95744.60,3.41,95748.01,1.0000,1.00
2023-12-12,3426.80,10.32,0.0373,95950.40,3.41,95953.81,1.0000,1.00
2023-12-13,3369.61,10.18,0.0175,94349.08,3.41,94352.49,1.0000,1.00
2023-12-14,3351.96,10.13,0.0135,93854.88,3.41,93858.29,1.0000,1.00
2023-12-15,3341.55,10.09,0.0119,93563.40,3.41,93566.81,1.0000,1.00
2023-12-18,3329.37,10.09,0.0119,93222.36,3.41,93225.77,1.0000,1.00
2023-12-19,3334.04,10.11,0.0151,93353.12,3.41,93356.53,1.0000,1.00
2023-12-20,3297.50,10.02,0.0079,92330.00,3.41,92333.41,1.0000,1.00
2023-12-21,3330.87,10.08,0.0119,93264.36,3.41,93267.77,1.0000,1.00
2023-12-22,3337.23,10.12,0.0175,93442.44,3.41,93445.85,1.0000,1.00
2023-12-25,3347.45,10.16,0.0206,93728.60,3.41,93732.01,1.0000,1.00
2023-12-26,3324.79,10.12,0.0175,93094.12,3.41,93097.53,1.0000,1.00
2023-12-27,3336.36,10.18,0.0246,93418.08,3.41,93421.49,1.0000,1.00
2023-12-28,3414.54,10.33,0.0468,95607.12,3.41,95610.53,1.0000,1.00
2023-12-29,3431.11,10.38,0.0579,96071.08,3.41,96074.49,1.0000,1.00
2024-01-02,3386.35,10.37,0.0556,94817.80,3.41,94821.21,1.0000,1.00
2024-01-03,3378.30,10.31,0.0452,94592.40,3.41,94595.81,1.0000,1.00
2024-01-04,3347.05,10.27,0.0381,93717.40,3.41,93720.81,1.0000,1.00
2024-01-05,3329.11,10.22,0.0302,93215.08,3.41,93218.49,1.0000,1.00
2024-01-08,3286.06,10.12,0.0175,92009.68,3.41,92013.09,1.0000,1.00
2024-01-09,3292.50,10.12,0.0175,92190.00,3.41,92193.41,1.0000,1.00
2024-01-10,3277.13,10.06,0.0111,91759.64,3.41,91763.05,1.0000,1.00
2024-01-11,3295.67,10.05,0.0111,92278.76,3.41,92282.17,1.0000,1.00
2024-01-12,3284.17,10.04,0.0103,91956.76,3.41,91960.17,1.0000,1.00
2024-01-15,3280.92,10.06,0.0127,91865.76,3.41,91869.17,1.0000,1.00
2024-01-16,3300.88,10.12,0.0206,92424.64,3.41,92428.05,1.0000,1.00
2024-01-17,3229.08,9.93,0.0032,90414.24,3.41,90417.65,1.0000,1.00
2024-01-18,3274.73,10.03,0.0095,91692.44,3.41,91695.85,1.0000,1.00
2024-01-19,3269.78,10.01,0.0087,91553.84,3.41,91557.25,1.0000,1.00
2024-01-22,3218.90,9.89,0.0016,90129.20,3.41,90132.61,1.0000,1.00
2024-01-23,3231.93,9.91,0.0032,90494.04,3.41,90497.45,1.0000,1.00
2024-01-24,3277.11,10.09,0.0206,91759.08,3.41,91762.49,1.0000,1.00
2024-01-25,3342.92,10.34,0.0619,93601.76,3.41,93605.17,1.0000,1.00
2024-01-26,3333.82,10.38,0.0722,93346.96,3.41,93350.37,1.0000,1.00
2024-01-29,3303.96,10.35,0.0667,92510.88,3.41,92514.29,1.0000,1.00
2024-01-30,3245.04,10.19,0.0365,90861.12,3.41,90864.53,1.0000,1.00
2024-01-31,3215.35,10.16,0.0317,90029.80,3.41,90033.21,1.0000,1.00
2024-02-01,3217.71,10.11,0.0246,90095.88,3.41,90099.29,1.0000,1.00
2024-02-02,3179.63,10.06,0.0167,89029.64,3.41,89033.05,1.0000,1.00
2024-02-05,3200.42,10.17,0.0357,89611.76,3.41,89615.17,1.0000,1.00
2024-02-06,3311.69,10.42,0.0802,92727.32,3.41,92730.73,1.0000,1.00
2024-02-07,3343.63,10.47,0.0897,93621.64,3.41,93625.05,1.0000,1.00
2024-02-08,3364.93,10.49,0.0944,94218.04,3.41,94221.45,1.0000,1.00
2024-02-19,3403.81,10.69,0.1413,95306.68,3.41,95310.09,1.0000,1.00
2024-02-20,3410.85,10.73,0.1476,95503.80,3.41,95507.21,1.0000,1.00
2024-02-21,3456.87,10.85,0.1683,96792.36,3.41,96795.77,1.0000,1.00
2024-02-22,3486.67,10.96,0.2016,97626.76,3.41,97630.17,1.0000,0.70
2024-02-23,3489.74,10.96,0.2008,69794.80,27932.74,97727.54,0.7142,0.70
2024-02-26,3453.36,10.79,0.1508,69067.20,27932.74,96999.94,0.7120,1.00
2024-02-27,3494.79,10.90,0.1833,97854.12,410.96,98265.08,0.9958,1.00
2024-02-28,3450.26,10.76,0.1476,96607.28,410.96,97018.24,0.9958,1.00
2024-02-29,3516.08,10.91,0.1857,98450.24,410.96,98861.20,0.9958,1.00
2024-03-01,3537.80,10.95,0.1952,99058.40,410.96,99469.36,0.9959,1.00
2024-03-04,3540.87,11.00,0.2254,99144.36,410.96,99555.32,0.9959,0.70
2024-03-05,3565.51,11.10,0.2579,71310.20,28609.23,99919.43,0.7137,0.70
2024-03-06,3551.05,11.04,0.2397,71021.00,28609.23,99630.23,0.7128,0.70
2024-03-07,3529.72,11.03,0.2349,70594.40,28609.23,99203.63,0.7116,0.70
2024-03-08,3544.91,11.10,0.2571,70898.20,28609.23,99507.43,0.7125,0.70
2024-03-11,3589.26,11.15,0.2810,71785.20,28609.23,100394.43,0.7150,0.70
2024-03-12,3597.49,11.07,0.2452,71949.80,28609.23,100559.03,0.7155,0.70
2024-03-13,3572.36,10.99,0.2135,71447.20,28609.23,100056.43,0.7141,0.70
2024-03-14,3562.22,10.99,0.2127,71244.40,28609.23,99853.63,0.7135,0.70
2024-03-15,3569.99,11.00,0.2198,71399.80,28609.23,100009.03,0.7139,0.70
2024-03-18,3603.53,11.08,0.2500,72070.60,28609.23,100679.83,0.7158,0.70
2024-03-19,3577.63,11.02,0.2254,71552.60,28609.23,100161.83,0.7144,0.70
2024-03-20,3585.38,11.09,0.2532,71707.60,28609.23,100316.83,0.7148,0.70
2024-03-21,3581.09,11.07,0.2429,71621.80,28609.23,100231.03,0.7146,0.70
2024-03-22,3545.00,11.03,0.2294,70900.00,28609.23,99509.23,0.7125,0.70
2024-03-25,3525.76,11.01,0.2214,70515.20,28609.23,99124.43,0.7114,0.70
2024-03-26,3543.75,11.07,0.2421,70875.00,28609.23,99484.23,0.7124,0.70
2024-03-27,3502.79,10.98,0.2016,70055.80,28609.23,98665.03,0.7100,0.70
2024-03-28,3520.96,11.04,0.2333,70419.20,28609.23,99028.43,0.7111,0.70
2024-03-29,3537.48,11.21,0.3008,70749.60,28609.23,99358.83,0.7121,0.70
2024-04-01,3595.65,11.36,0.3492,71913.00,28609.23,100522.23,0.7154,0.70
2024-04-02,3580.68,11.37,0.3524,71613.60,28609.23,100222.83,0.7145,0.70
2024-04-03,3567.80,11.34,0.3389,71356.00,28609.23,99965.23,0.7138,0.70
2024-04-08,3536.41,11.29,0.3254,70728.20,28609.23,99337.43,0.7120,0.70
2024-04-09,3533.49,11.25,0.3111,70669.80,28609.23,99279.03,0.7118,0.70
2024-04-10,3504.71,11.19,0.2865,70094.20,28609.23,98703.43,0.7101,0.70
2024-04-11,3504.24,11.18,0.2817,70084.80,28609.23,98694.03,0.7101,0.70
2024-04-12,3475.84,11.10,0.2492,69516.80,28609.23,98126.03,0.7084,0.70
2024-04-15,3549.08,11.37,0.3516,70981.60,28609.23,99590.83,0.7127,0.70
2024-04-16,3511.11,11.29,0.3238,70222.20,28609.23,98831.43,0.7105,0.70
2024-04-17,3565.40,11.44,0.3706,71308.00,28609.23,99917.23,0.7137,0.70
2024-04-18,3569.80,11.44,0.3698,71396.00,28609.23,100005.23,0.7139,0.70
2024-04-19,3541.66,11.43,0.3675,70833.20,28609.23,99442.43,0.7123,0.70
2024-04-22,3530.90,11.34,0.3349,70618.00,28609.23,99227.23,0.7117,0.70
2024-04-23,3506.22,11.26,0.3103,70124.40,28609.23,98733.63,0.7102,0.70
2024-04-24,3521.62,11.29,0.3198,70432.40,28609.23,99041.63,0.7111,0.70
2024-04-25,3530.28,11.32,0.3294,70605.60,28609.23,99214.83,0.7116,0.70
2024-04-26,3584.27,11.47,0.3786,71685.40,28609.23,100294.63,0.7147,0.70
2024-04-29,3623.91,11.47,0.3778,72478.20,28609.23,101087.43,0.7170,0.70
2024-04-30,3604.39,11.63,0.4437,72087.80,28609.23,100697.03,0.7159,0.50
2024-05-06,3657.88,11.72,0.4730,51210.32,50532.43,101742.75,0.5033,0.50
2024-05-07,3659.01,11.74,0.4802,51226.14,50532.43,101758.57,0.5034,0.50
2024-05-08,3630.22,11.68,0.4587,50823.08,50532.43,101355.51,0.5014,0.50
2024-05-09,3664.56,11.74,0.4810,51303.84,50532.43,101836.27,0.5038,0.50
2024-05-10,3666.28,11.76,0.4865,51327.92,50532.43,101860.35,0.5039,0.50
2024-05-13,3664.69,11.76,0.4865,51305.66,50532.43,101838.09,0.5038,0.50
2024-05-14,3657.05,11.72,0.4738,51198.70,50532.43,101731.13,0.5033,0.50
2024-05-15,3626.06,11.63,0.4429,50764.84,50532.43,101297.27,0.5011,0.50
2024-05-16,3640.36,11.67,0.4571,50965.04,50532.43,101497.47,0.5021,0.50
2024-05-17,3677.97,11.77,0.4929,51491.58,50532.43,102024.01,0.5047,0.50
2024-05-20,3690.96,11.82,0.5127,51673.44,50532.43,102205.87,0.5056,0.50
2024-05-21,3676.16,11.79,0.5024,51466.24,50532.43,101998.67,0.5046,0.50
2024-05-22,3684.45,11.80,0.5071,51582.30,50532.43,102114.73,0.5051,0.50
2024-05-23,3641.79,11.69,0.4643,50985.06,50532.43,101517.49,0.5022,0.50
2024-05-24,3601.48,11.58,0.4222,50420.72,50532.43,100953.15,0.4994,0.50
2024-05-27,3635.71,11.72,0.4770,50899.94,50532.43,101432.37,0.5018,0.50
2024-05-28,3609.17,11.67,0.4579,50528.38,50532.43,101060.81,0.5000,0.50
2024-05-29,3613.52,11.69,0.4659,50589.28,50532.43,101121.71,0.5003,0.50
2024-05-30,3594.31,11.61,0.4365,50320.34,50532.43,100852.77,0.4989,0.50
2024-05-31,3579.92,11.57,0.4198,50118.88,50532.43,100651.31,0.4979,0.50
2024-06-03,3588.75,11.62,0.4421,50242.50,50532.43,100774.93,0.4986,0.50
2024-06-04,3615.67,11.67,0.4603,50619.38,50532.43,101151.81,0.5004,0.50
2024-06-05,3594.79,11.61,0.4373,50327.06,50532.43,100859.49,0.4990,0.50
2024-06-06,3592.25,11.63,0.4468,50291.50,50532.43,100823.93,0.4988,0.50
2024-06-07,3574.11,11.60,0.4310,50037.54,50532.43,100569.97,0.4975,0.50
2024-06-11,3542.88,11.48,0.3841,49600.32,50532.43,100132.75,0.4953,0.70
2024-06-12,3544.12,11.50,0.3929,67338.28,32836.10,100174.38,0.6722,0.70
2024-06-13,3526.13,11.48,0.3841,66996.47,32836.10,99832.57,0.6711,0.70
2024-06-14,3541.53,11.51,0.4008,67289.07,32836.10,100125.17,0.6720,0.50
2024-06-17,3536.20,11.46,0.3746,53043.00,46921.15,99964.15,0.5306,0.70
2024-06-18,3545.59,11.51,0.4016,67366.21,32786.49,100152.70,0.6726,0.50
2024-06-19,3528.75,11.51,0.4016,52931.25,46959.22,99890.47,0.5299,0.50
2024-06-20,3503.28,11.48,0.3849,52549.20,46959.22,99508.42,0.5281,0.70
2024-06-21,3495.62,11.46,0.3746,66416.78,32973.16,99389.94,0.6682,0.70
2024-06-24,3476.81,11.43,0.3651,66059.39,32973.16,99032.55,0.6670,0.70
2024-06-25,3457.90,11.39,0.3548,65700.10,32973.16,98673.26,0.6658,0.70
2024-06-26,3480.26,11.43,0.3659,66124.94,32973.16,99098.10,0.6673,0.70
2024-06-27,3454.12,11.39,0.3548,65628.28,32973.16,98601.44,0.6656,0.70
2024-06-28,3461.66,11.48,0.3889,65771.54,32973.16,98744.70,0.6661,0.70
2024-07-01,3478.18,11.57,0.4310,66085.42,32973.16,99058.58,0.6671,0.50
2024-07-02,3471.79,11.62,0.4556,52076.85,46862.27,98939.12,0.5264,0.50
2024-07-03,3463.41,11.58,0.4349,51951.15,46862.27,98813.42,0.5257,0.50
2024-07-04,3445.81,11.56,0.4262,51687.15,46862.27,98549.42,0.5245,0.50
2024-07-05,3431.06,11.46,0.3778,51465.90,46862.27,98328.17,0.5234,0.70
2024-07-08,3401.76,11.43,0.3667,68035.20,29757.41,97792.61,0.6957,0.70
2024-07-09,3439.81,11.53,0.4198,68796.20,29757.41,98553.61,0.6981,0.50
2024-07-10,3428.97,11.47,0.3833,51434.55,46885.95,98320.50,0.5231,0.70
2024-07-11,3468.17,11.54,0.4246,69363.40,29629.89,98993.29,0.7007,0.50
2024-07-12,3472.40,11.55,0.4278,52086.00,46928.83,99014.83,0.5260,0.50
2024-07-15,3476.25,11.63,0.4651,52143.75,46928.83,99072.58,0.5263,0.50
2024-07-16,3498.28,11.65,0.4762,52474.20,46928.83,99403.03,0.5279,0.50
2024-07-17,3501.58,11.60,0.4476,52523.70,46928.83,99452.53,0.5281,0.50
2024-07-18,3520.93,11.69,0.4889,52813.95,46928.83,99742.78,0.5295,0.50
2024-07-19,3539.02,11.70,0.4921,53085.30,46928.83,100014.13,0.5308,0.50
2024-07-22,3514.92,11.58,0.4373,52723.80,46928.83,99652.63,0.5291,0.50
2024-07-23,3439.88,11.43,0.3659,51598.20,46928.83,98527.03,0.5237,0.70
2024-07-24,3418.17,11.41,0.3603,68363.40,29766.22,98129.62,0.6967,0.70
2024-07-25,3399.27,11.32,0.3294,67985.40,29766.22,97751.62,0.6955,0.70
2024-07-26,3409.29,11.27,0.3143,68185.80,29766.22,97952.02,0.6961,0.70
2024-07-29,3390.74,11.27,0.3143,67814.80,29766.22,97581.02,0.6950,0.70
2024-07-30,3369.38,11.18,0.2770,67387.60,29766.22,97153.82,0.6936,0.70
2024-07-31,3442.08,11.32,0.3317,68841.60,29766.22,98607.82,0.6981,0.70
2024-08-01,3419.27,11.29,0.3222,68385.40,29766.22,98151.62,0.6967,0.70
2024-08-02,3384.39,11.19,0.2825,67687.80,29766.22,97454.02,0.6946,0.70
2024-08-05,3343.32,11.05,0.2270,66866.40,29766.22,96632.62,0.6920,0.70
2024-08-06,3342.98,11.01,0.2095,66859.60,29766.22,96625.82,0.6919,0.70
2024-08-07,3341.49,11.03,0.2183,66829.80,29766.22,96596.02,0.6918,0.70
2024-08-08,3342.94,11.03,0.2183,66858.80,29766.22,96625.02,0.6919,0.70
2024-08-09,3331.63,11.01,0.2095,66632.60,29766.22,96398.82,0.6912,0.70
2024-08-12,3325.86,11.00,0.2032,66517.20,29766.22,96283.42,0.6908,0.70
2024-08-13,3334.39,11.04,0.2270,66687.80,29766.22,96454.02,0.6914,0.70
2024-08-14,3309.24,11.00,0.2032,66184.80,29766.22,95951.02,0.6898,0.70
2024-08-15,3341.95,11.11,0.2587,66839.00,29766.22,96605.22,0.6919,0.70
2024-08-16,3345.63,11.16,0.2786,66912.60,29766.22,96678.82,0.6921,0.70
2024-08-19,3356.97,11.24,0.3119,67139.40,29766.22,96905.62,0.6928,0.70
2024-08-20,3332.70,11.16,0.2786,66654.00,29766.22,96420.22,0.6913,0.70
2024-08-21,3321.64,11.13,0.2690,66432.80,29766.22,96199.02,0.6906,0.70
2024-08-22,3313.14,11.14,0.2762,66262.80,29766.22,96029.02,0.6900,0.70
2024-08-23,3327.19,11.15,0.2786,66543.80,29766.22,96310.02,0.6909,0.70
2024-08-26,3324.22,11.11,0.2587,66484.40,29766.22,96250.62,0.6907,0.70
2024-08-27,3305.33,11.14,0.2770,66106.60,29766.22,95872.82,0.6895,0.70
2024-08-28,3286.50,11.07,0.2365,65730.00,29766.22,95496.22,0.6883,0.70
2024-08-29,3277.68,10.89,0.1556,65553.60,29766.22,95319.82,0.6877,1.00
2024-08-30,3321.43,10.86,0.1452,96321.47,300.99,96622.46,0.9969,1.00
2024-09-02,3265.01,10.76,0.1222,94685.29,300.99,94986.28,0.9968,1.00
2024-09-03,3273.43,10.69,0.1111,94929.47,300.99,95230.46,0.9968,1.00
2024-09-04,3252.16,10.60,0.0913,94312.64,300.99,94613.63,0.9968,1.00
2024-09-05,3257.76,10.58,0.0873,94475.04,300.99,94776.03,0.9968,1.00
2024-09-06,3231.35,10.52,0.0810,93709.15,300.99,94010.14,0.9968,1.00
2024-09-09,3192.95,10.39,0.0603,92595.55,300.99,92896.54,0.9968,1.00
2024-09-10,3195.76,10.44,0.0659,92677.04,300.99,92978.03,0.9968,1.00
2024-09-11,3186.13,10.33,0.0508,92397.77,300.99,92698.76,0.9968,1.00
2024-09-12,3172.47,10.31,0.0484,92001.63,300.99,92302.62,0.9967,1.00
2024-09-13,3159.25,10.29,0.0444,91618.25,300.99,91919.24,0.9967,1.00
2024-09-18,3171.01,10.38,0.0595,91959.29,300.99,92260.28,0.9967,1.00
2024-09-19,3196.04,10.42,0.0667,92685.16,300.99,92986.15,0.9968,1.00
2024-09-20,3201.05,10.46,0.0714,92830.45,300.99,93131.44,0.9968,1.00
2024-09-23,3212.76,10.52,0.0873,93170.04,300.99,93471.03,0.9968,1.00
2024-09-24,3351.91,10.97,0.1992,97205.39,300.99,97506.38,0.9969,1.00
2024-09-25,3401.53,11.11,0.2730,98644.37,300.99,98945.36,0.9970,0.70
2024-09-26,3545.32,11.48,0.4190,74451.72,27494.19,101945.91,0.7303,0.50
2024-09-27,3703.68,11.77,0.5397,55555.20,49200.63,104755.83,0.5303,0.50
2024-09-30,4017.85,12.65,0.7183,60267.75,49200.63,109468.38,0.5505,0.20
2024-10-08,4256.10,13.23,0.7683,25536.60,89251.96,114788.56,0.2225,0.20
2024-10-09,3955.98,12.38,0.6786,23735.88,89251.96,112987.84,0.2101,0.20
2024-10-10,3997.79,12.60,0.7087,23986.74,89251.96,113238.70,0.2118,0.20
2024-10-11,3887.17,12.34,0.6706,23323.02,89251.96,112574.98,0.2072,0.20
2024-10-14,3961.34,12.59,0.7063,23768.04,89251.96,113020.00,0.2103,0.20
2024-10-15,3855.99,12.23,0.6468,23135.94,89251.96,112387.90,0.2059,0.20
2024-10-16,3831.59,12.21,0.6452,22989.54,89251.96,112241.50,0.2048,0.20
2024-10-17,3788.22,12.07,0.6238,22729.32,89251.96,111981.28,0.2030,0.20
2024-10-18,3925.23,12.40,0.6794,23551.38,89251.96,112803.34,0.2088,0.20
2024-10-21,3935.20,12.36,0.6746,23611.20,89251.96,112863.16,0.2092,0.20
2024-10-22,3957.78,12.32,0.6643,23746.68,89251.96,112998.64,0.2102,0.20
2024-10-23,3973.21,12.35,0.6706,23839.26,89251.96,113091.22,0.2108,0.20
2024-10-24,3928.83,12.24,0.6452,23572.98,89251.96,112824.94,0.2089,0.20
2024-10-25,3956.42,12.26,0.6492,23738.52,89251.96,112990.48,0.2101,0.20
2024-10-28,3964.16,12.26,0.6484,23784.96,89251.96,113036.92,0.2104,0.20
2024-10-29,3924.65,12.18,0.6365,23547.90,89251.96,112799.86,0.2088,0.20
2024-10-30,3889.45,12.03,0.6111,23336.70,89251.96,112588.66,0.2073,0.20
2024-10-31,3891.04,11.65,0.4913,23346.24,89251.96,112598.20,0.2073,0.50
2024-11-01,3890.02,11.72,0.5159,54460.28,58190.72,112651.00,0.4834,0.50
2024-11-04,3944.76,11.83,0.5571,55226.64,58190.72,113417.36,0.4869,0.50
2024-11-05,4044.57,12.08,0.6198,56623.98,58190.72,114814.70,0.4932,0.20
2024-11-06,4024.28,12.00,0.6024,24145.68,90599.42,114745.10,0.2104,0.20
2024-11-07,4145.70,12.34,0.6667,24874.20,90599.42,115473.62,0.2154,0.20
2024-11-08,4104.05,12.22,0.6397,24624.30,90599.42,115223.72,0.2137,0.20
2024-11-11,4131.13,12.21,0.6373,24786.78,90599.42,115386.20,0.2148,0.20
2024-11-12,4085.74,12.06,0.6111,24514.44,90599.42,115113.86,0.2130,0.20
2024-11-13,4110.89,12.16,0.6310,24665.34,90599.42,115264.76,0.2140,0.20
2024-11-14,4039.62,12.02,0.6024,24237.72,90599.42,114837.14,0.2111,0.20
2024-11-15,3968.83,11.88,0.5651,23812.98,90599.42,114412.40,0.2081,0.50
2024-11-18,3950.38,11.89,0.5667,55305.32,58741.03,114046.35,0.4849,0.50
2024-11-19,3976.89,11.92,0.5730,55676.46,58741.03,114417.49,0.4866,0.50
2024-11-20,3985.77,11.93,0.5778,55800.78,58741.03,114541.81,0.4872,0.50
2024-11-21,3989.30,11.93,0.5778,55850.20,58741.03,114591.23,0.4874,0.50
2024-11-22,3865.70,11.61,0.4738,54119.80,58741.03,112860.83,0.4795,0.50
2024-11-25,3848.09,11.57,0.4548,53873.26,58741.03,112614.29,0.4784,0.50
2024-11-26,3840.18,11.59,0.4659,53762.52,58741.03,112503.55,0.4779,0.50
2024-11-27,3907.04,11.75,0.5270,54698.56,58741.03,113439.59,0.4822,0.50
2024-11-28,3872.55,11.67,0.4976,54215.70,58741.03,112956.73,0.4800,0.50
2024-11-29,3916.58,11.75,0.5278,54832.12,58741.03,113573.15,0.4828,0.50
2024-12-02,3947.63,11.83,0.5548,55266.82,58741.03,114007.85,0.4848,0.50
2024-12-03,3951.89,11.89,0.5722,55326.46,58741.03,114067.49,0.4850,0.50
2024-12-04,3930.56,11.90,0.5770,55027.84,58741.03,113768.87,0.4837,0.50
2024-12-05,3921.59,11.85,0.5643,54902.26,58741.03,113643.29,0.4831,0.50
2024-12-06,3973.14,11.99,0.6032,55623.96,58741.03,114364.99,0.4864,0.20
2024-12-09,3966.57,12.00,0.6040,23799.42,90504.72,114304.14,0.2082,0.20
2024-12-10,3995.64,12.07,0.6167,23973.84,90504.72,114478.56,0.2094,0.20
2024-12-11,3988.83,12.03,0.6103,23932.98,90504.72,114437.70,0.2091,0.20
2024-12-12,4028.50,12.15,0.6294,24171.00,90504.72,114675.72,0.2108,0.20
2024-12-13,3933.18,11.91,0.5754,23599.08,90504.72,114103.80,0.2068,0.50
2024-12-16,3911.84,11.97,0.5944,54765.76,59056.91,113822.67,0.4811,0.50
2024-12-17,3922.03,11.99,0.5992,54908.42,59056.91,113965.33,0.4818,0.50
2024-12-18,3941.89,12.06,0.6127,55186.46,59056.91,114243.37,0.4831,0.20
2024-12-19,3945.46,12.03,0.6087,23672.76,90350.47,114023.23,0.2076,0.20
2024-12-20,3927.74,11.97,0.5937,23566.44,90350.47,113916.91,0.2069,0.50
2024-12-23,3933.57,12.07,0.6167,55069.98,58923.69,113993.67,0.4831,0.20
2024-12-24,3983.69,12.23,0.6397,23902.14,90401.64,114303.78,0.2091,0.20
2024-12-25,3985.63,12.30,0.6563,23913.78,90401.64,114315.42,0.2092,0.20
2024-12-26,3987.48,12.27,0.6492,23924.88,90401.64,114326.52,0.2093,0.20
2024-12-27,3981.03,12.25,0.6429,23886.18,90401.64,114287.82,0.2090,0.20
2024-12-30,3999.05,12.33,0.6643,23994.30,90401.64,114395.94,0.2097,0.20
2024-12-31,3934.91,12.19,0.6317,23609.46,90401.64,114011.10,0.2071,0.20
2025-01-02,3820.40,11.84,0.5563,22922.40,90401.64,113324.04,0.2023,0.50
2025-01-03,3775.16,11.73,0.5222,52852.24,59798.19,112650.43,0.4692,0.50
2025-01-06,3768.97,11.70,0.5087,52765.58,59798.19,112563.77,0.4688,0.50
2025-01-07,3796.11,11.75,0.5286,53145.54,59798.19,112943.73,0.4705,0.50
2025-01-08,3789.22,11.77,0.5365,53049.08,59798.19,112847.27,0.4701,0.50
2025-01-09,3779.88,11.69,0.5048,52918.32,59798.19,112716.51,0.4695,0.50
2025-01-10,3732.48,11.55,0.4468,52254.72,59798.19,112052.91,0.4663,0.50
2025-01-13,3722.51,11.51,0.4341,55837.65,56093.56,111931.21,0.4989,0.50
2025-01-14,3820.54,11.74,0.5270,57308.10,56093.56,113401.66,0.5054,0.50
2025-01-15,3796.03,11.68,0.5032,56940.45,56093.56,113034.01,0.5037,0.50
2025-01-16,3800.38,11.72,0.5198,57005.70,56093.56,113099.26,0.5040,0.50
2025-01-17,3812.34,11.73,0.5254,57185.10,56093.56,113278.66,0.5048,0.50
2025-01-20,3829.68,11.72,0.5183,57445.20,56093.56,113538.76,0.5060,0.50
2025-01-21,3832.61,11.70,0.5087,57489.15,56093.56,113582.71,0.5061,0.50
2025-01-22,3797.02,11.59,0.4675,56955.30,56093.56,113048.86,0.5038,0.50
2025-01-23,3803.74,11.68,0.5008,57056.10,56093.56,113149.66,0.5043,0.50
2025-01-24,3832.86,11.72,0.5175,57492.90,56093.56,113586.46,0.5062,0.50
2025-01-27,3817.08,11.74,0.5286,57256.20,56093.56,113349.76,0.5051,0.50
2025-02-05,3795.08,11.62,0.4825,56926.20,56093.56,113019.76,0.5037,0.50
2025-02-06,3842.83,11.73,0.5246,57642.45,56093.56,113736.01,0.5068,0.50
2025-02-07,3892.70,11.83,0.5556,58390.50,56093.56,114484.06,0.5100,0.50
2025-02-10,3901.06,11.85,0.5659,58515.90,56093.56,114609.46,0.5106,0.50
2025-02-11,3883.14,11.86,0.5675,58247.10,56093.56,114340.66,0.5094,0.50
2025-02-12,3919.86,11.96,0.5873,58797.90,56093.56,114891.46,0.5118,0.50
2025-02-13,3905.14,11.93,0.5810,58577.10,56093.56,114670.66,0.5108,0.50
2025-02-14,3939.01,12.02,0.6024,59085.15,56093.56,115178.71,0.5130,0.20
2025-02-17,3947.40,12.04,0.6079,23684.40,91681.48,115365.88,0.2053,0.20
2025-02-18,3912.78,11.99,0.5944,23476.68,91681.48,115158.16,0.2039,0.50
2025-02-19,3940.16,12.02,0.6008,55162.24,60430.15,115592.39,0.4772,0.20
2025-02-20,3928.90,11.99,0.5929,23573.40,91905.78,115479.18,0.2041,0.50
2025-02-21,3978.44,12.09,0.6183,55698.16,60399.80,116097.96,0.4798,0.20
2025-02-24,3969.72,12.03,0.6032,23818.32,92178.05,115996.37,0.2053,0.20
2025-02-25,3925.65,11.89,0.5651,23553.90,92178.05,115731.95,0.2035,0.50
2025-02-26,3959.94,11.96,0.5810,55439.16,60721.76,116160.92,0.4773,0.50
2025-02-27,3968.12,12.00,0.5937,55553.68,60721.76,116275.44,0.4778,0.50
2025-02-28,3890.05,11.82,0.5421,54460.70,60721.76,115182.46,0.4728,0.50
2025-03-03,3888.47,11.81,0.5413,54438.58,60721.76,115160.34,0.4727,0.50
2025-03-04,3885.22,11.75,0.5206,54393.08,60721.76,115114.84,0.4725,0.50
2025-03-05,3902.57,11.84,0.5524,54635.98,60721.76,115357.74,0.4736,0.50
2025-03-06,3956.24,11.94,0.5794,55387.36,60721.76,116109.12,0.4770,0.50
2025-03-07,3944.01,11.92,0.5730,55216.14,60721.76,115937.90,0.4763,0.50
2025-03-10,3928.80,11.85,0.5579,55003.20,60721.76,115724.96,0.4753,0.50
2025-03-11,3941.42,11.89,0.5667,55179.88,60721.76,115901.64,0.4761,0.50
2025-03-12,3927.23,11.86,0.5611,54981.22,60721.76,115702.98,0.4752,0.50
2025-03-13,3911.58,11.85,0.5579,54762.12,60721.76,115483.88,0.4742,0.50
2025-03-14,4006.56,12.12,0.6230,56091.84,60721.76,116813.60,0.4802,0.20
2025-03-17,3996.79,12.11,0.6230,23980.74,92885.27,116866.01,0.2052,0.20
2025-03-18,4007.72,12.12,0.6238,24046.32,92885.27,116931.59,0.2056,0.20
2025-03-19,4010.17,12.15,0.6278,24061.02,92885.27,116946.29,0.2057,0.20
2025-03-20,3974.99,12.04,0.6111,23849.94,92885.27,116735.21,0.2043,0.20
2025-03-21,3914.70,11.89,0.5683,23488.20,92885.27,116373.47,0.2018,0.50
2025-03-24,3934.85,11.92,0.5770,55087.90,61554.83,116642.73,0.4723,0.50
2025-03-25,3932.30,11.91,0.5746,55052.20,61554.83,116607.03,0.4721,0.50
2025-03-26,3919.36,11.87,0.5651,54871.04,61554.83,116425.87,0.4713,0.50
2025-03-27,3932.41,11.90,0.5746,55053.74,61554.83,116608.57,0.4721,0.50
2025-03-28,3915.17,11.81,0.5421,54812.38,61554.83,116367.21,0.4710,0.50
2025-03-31,3887.31,11.78,0.5333,54422.34,61554.83,115977.17,0.4693,0.50
2025-04-01,3887.68,11.78,0.5333,54427.52,61554.83,115982.35,0.4693,0.50
2025-04-02,3884.39,11.79,0.5381,54381.46,61554.83,115936.29,0.4691,0.50
2025-04-03,3861.50,11.78,0.5333,54061.00,61554.83,115615.83,0.4676,0.50
2025-04-07,3589.44,11.07,0.2500,50252.16,61554.83,111806.99,0.4495,0.70
2025-04-08,3650.76,11.29,0.3524,76665.96,36367.64,113033.60,0.6783,0.70
2025-04-09,3686.79,11.35,0.3762,77422.59,36367.64,113790.23,0.6804,0.70
2025-04-10,3735.12,11.44,0.4040,78437.52,36367.64,114805.16,0.6832,0.50
2025-04-11,3750.52,11.46,0.4103,60008.32,55018.26,115026.58,0.5217,0.50
2025-04-14,3759.14,11.53,0.4413,60146.24,55018.26,115164.50,0.5223,0.50
2025-04-15,3761.23,11.57,0.4540,60179.68,55018.26,115197.94,0.5224,0.50
2025-04-16,3772.82,11.64,0.4825,60365.12,55018.26,115383.38,0.5232,0.50
2025-04-17,3772.22,11.64,0.4817,60355.52,55018.26,115373.78,0.5231,0.50
2025-04-18,3772.52,11.65,0.4825,60360.32,55018.26,115378.58,0.5232,0.50
2025-04-21,3784.88,11.66,0.4857,60558.08,55018.26,115576.34,0.5240,0.50
2025-04-22,3783.95,11.71,0.5056,60543.20,55018.26,115561.46,0.5239,0.50
2025-04-23,3786.88,11.68,0.4913,60590.08,55018.26,115608.34,0.5241,0.50
2025-04-24,3784.36,11.70,0.5000,60549.76,55018.26,115568.02,0.5239,0.50
2025-04-25,3786.99,11.64,0.4810,60591.84,55018.26,115610.10,0.5241,0.50
2025-04-28,3781.62,11.65,0.4833,60505.92,55018.26,115524.18,0.5238,0.50
2025-04-29,3775.08,11.63,0.4762,60401.28,55018.26,115419.54,0.5233,0.50
2025-04-30,3770.57,11.49,0.4262,60329.12,55018.26,115347.38,0.5230,0.50
2025-05-06,3808.54,11.56,0.4500,60936.64,55018.26,115954.90,0.5255,0.50
2025-05-07,3831.63,11.67,0.4913,61306.08,55018.26,116324.34,0.5270,0.50
2025-05-08,3852.90,11.71,0.5119,61646.40,55018.26,116664.66,0.5284,0.50
2025-05-09,3846.16,11.71,0.5119,61538.56,55018.26,116556.82,0.5280,0.50
2025-05-12,3890.61,11.80,0.5524,62249.76,55018.26,117268.02,0.5308,0.50
2025-05-13,3896.26,11.83,0.5603,62340.16,55018.26,117358.42,0.5312,0.50
2025-05-14,3943.21,11.97,0.6063,63091.36,55018.26,118109.62,0.5342,0.20
2025-05-15,3907.20,11.90,0.5881,23443.20,94356.59,117799.79,0.1990,0.50
2025-05-16,3889.09,11.83,0.5603,58336.35,59266.80,117603.15,0.4960,0.50
2025-05-19,3877.15,11.79,0.5476,58157.25,59266.80,117424.05,0.4953,0.50
2025-05-20,3898.17,11.85,0.5738,58472.55,59266.80,117739.35,0.4966,0.50
2025-05-21,3916.38,11.91,0.5921,58745.70,59266.80,118012.50,0.4978,0.50
2025-05-22,3913.87,11.91,0.5921,58708.05,59266.80,117974.85,0.4976,0.50
2025-05-23,3882.27,11.81,0.5540,58234.05,59266.80,117500.85,0.4956,0.50
2025-05-26,3860.11,11.75,0.5294,57901.65,59266.80,117168.45,0.4942,0.50
2025-05-27,3839.40,11.72,0.5127,57591.00,59266.80,116857.80,0.4928,0.50
2025-05-28,3836.24,11.72,0.5119,57543.60,59266.80,116810.40,0.4926,0.50
2025-05-29,3858.70,11.76,0.5349,57880.50,59266.80,117147.30,0.4941,0.50
2025-05-30,3840.23,11.73,0.5198,57603.45,59266.80,116870.25,0.4929,0.50
2025-06-03,3852.01,11.77,0.5389,57780.15,59266.80,117046.95,0.4936,0.50
2025-06-04,3868.74,11.80,0.5500,58031.10,59266.80,117297.90,0.4947,0.50
2025-06-05,3877.56,11.83,0.5595,58163.40,59266.80,117430.20,0.4953,0.50
2025-06-06,3873.98,11.83,0.5587,58109.70,59266.80,117376.50,0.4951,0.50
2025-06-09,3885.25,11.83,0.5579,58278.75,59266.80,117545.55,0.4958,0.50
2025-06-10,3865.47,11.79,0.5421,57982.05,59266.80,117248.85,0.4945,0.50
2025-06-11,3894.63,12.06,0.6278,58419.45,59266.80,117686.25,0.4964,0.20
2025-06-12,3892.20,12.04,0.6246,27245.40,90349.41,117594.81,0.2317,0.20
2025-06-13,3864.18,11.99,0.6111,27049.26,90349.41,117398.67,0.2304,0.20
2025-06-16,3873.80,12.07,0.6302,27116.60,90349.41,117466.01,0.2308,0.20
2025-06-17,3870.38,12.07,0.6294,27092.66,90349.41,117442.07,0.2307,0.20
2025-06-18,3874.97,12.11,0.6365,27124.79,90349.41,117474.20,0.2309,0.20
2025-06-19,3843.09,12.09,0.6349,26901.63,90349.41,117251.04,0.2294,0.20
2025-06-20,3846.64,12.12,0.6373,26926.48,90349.41,117275.89,0.2296,0.20
2025-06-23,3857.90,12.20,0.6476,27005.30,90349.41,117354.71,0.2301,0.20
2025-06-24,3904.03,12.31,0.6690,27328.21,90349.41,117677.62,0.2322,0.20
2025-06-25,3960.07,12.45,0.6944,27720.49,90349.41,118069.90,0.2348,0.20
2025-06-26,3946.02,12.44,0.6913,23676.12,94302.37,117978.49,0.2007,0.20
2025-06-27,3921.76,12.30,0.6635,23530.56,94302.37,117832.93,0.1997,0.20
2025-06-30,3936.08,12.34,0.6738,23616.48,94302.37,117918.85,0.2003,0.20
2025-07-01,3942.76,12.39,0.6841,23656.56,94302.37,117958.93,0.2005,0.20
2025-07-02,3943.68,12.40,0.6849,23662.08,94302.37,117964.45,0.2006,0.20
2025-07-03,3968.07,12.43,0.6881,23808.42,94302.37,118110.79,0.2016,0.20
2025-07-04,3982.20,12.50,0.6968,23893.20,94302.37,118195.57,0.2021,0.20
2025-07-07,3965.17,12.46,0.6944,23791.02,94302.37,118093.39,0.2015,0.20
2025-07-08,3998.45,12.53,0.6976,23990.70,94302.37,118293.07,0.2028,0.20
2025-07-09,3991.40,12.54,0.6984,23948.40,94302.37,118250.77,0.2025,0.20
2025-07-10,4010.02,12.60,0.7079,24060.12,94302.37,118362.49,0.2033,0.20
2025-07-11,4014.81,12.57,0.7024,24088.86,94302.37,118391.23,0.2035,0.20
2025-07-14,4017.67,12.59,0.7048,24106.02,94302.37,118408.39,0.2036,0.20
2025-07-15,4019.06,12.58,0.7024,24114.36,94302.37,118416.73,0.2036,0.20
2025-07-16,4007.20,12.55,0.6968,24043.20,94302.37,118345.57,0.2032,0.20
2025-07-17,4034.49,12.57,0.7000,24206.94,94302.37,118509.31,0.2043,0.20
2025-07-18,4058.55,12.64,0.7151,24351.30,94302.37,118653.67,0.2052,0.20
2025-07-21,4085.61,12.70,0.7254,24513.66,94302.37,118816.03,0.2063,0.20
2025-07-22,4118.96,12.77,0.7333,24713.76,94302.37,119016.13,0.2077,0.20
2025-07-23,4119.77,12.79,0.7381,24718.62,94302.37,119020.99,0.2077,0.20
2025-07-24,4149.04,12.82,0.7413,24894.24,94302.37,119196.61,0.2089,0.20
2025-07-25,4127.16,12.74,0.7286,24762.96,94302.37,119065.33,0.2080,0.20
2025-07-28,4135.82,12.75,0.7286,24814.92,94302.37,119117.29,0.2083,0.20
2025-07-29,4152.02,12.59,0.6984,24912.12,94302.37,119214.49,0.2090,0.20
2025-07-30,4151.24,12.63,0.7095,24907.44,94302.37,119209.81,0.2089,0.20
2025-07-31,4075.59,12.44,0.6754,24453.54,94302.37,118755.91,0.2059,0.20
2025-08-01,4054.93,12.37,0.6627,24329.58,94302.37,118631.95,0.2051,0.20
2025-08-04,4070.70,12.42,0.6714,24424.20,94302.37,118726.57,0.2057,0.20
2025-08-05,4103.45,12.54,0.6857,24620.70,94302.37,118923.07,0.2070,0.20
2025-08-06,4113.49,12.57,0.6921,24680.94,94302.37,118983.31,0.2074,0.20
2025-08-07,4114.67,12.58,0.6944,24688.02,94302.37,118990.39,0.2075,0.20
2025-08-08,4104.97,12.56,0.6889,24629.82,94302.37,118932.19,0.2071,0.20
2025-08-11,4122.51,12.54,0.6825,24735.06,94302.37,119037.43,0.2078,0.20
2025-08-12,4143.83,12.62,0.7063,24862.98,94302.37,119165.35,0.2086,0.20
2025-08-13,4176.58,12.63,0.7087,25059.48,94302.37,119361.85,0.2099,0.20
2025-08-14,4173.31,12.63,0.7079,25039.86,94302.37,119342.23,0.2098,0.20
2025-08-15,4202.35,12.65,0.7119,25214.10,94302.37,119516.47,0.2110,0.20
2025-08-18,4239.41,12.73,0.7254,25436.46,94302.37,119738.83,0.2124,0.20
2025-08-19,4223.37,12.71,0.7222,25340.22,94302.37,119642.59,0.2118,0.20
2025-08-20,4271.40,12.83,0.7429,25628.40,94302.37,119930.77,0.2137,0.20
2025-08-21,4288.07,12.89,0.7460,25728.42,94302.37,120030.79,0.2143,0.20
2025-08-22,4378.00,13.08,0.7579,26268.00,94302.37,120570.37,0.2179,0.20
2025-08-25,4469.22,13.27,0.7738,26815.32,94302.37,121117.69,0.2214,0.20
2025-08-26,4452.59,13.21,0.7651,26715.54,94302.37,121017.91,0.2208,0.20
2025-08-27,4386.13,12.97,0.7476,26316.78,94302.37,120619.15,0.2182,0.20
2025-08-28,4463.78,13.16,0.7619,26782.68,94302.37,121085.05,0.2212,0.20
2025-08-29,4496.76,13.23,0.7667,26980.56,94302.37,121282.93,0.2225,0.20
2025-09-01,4523.71,13.23,0.7659,27142.26,94302.37,121444.63,0.2235,0.20
2025-09-02,4490.45,13.23,0.7651,26942.70,94302.37,121245.07,0.2222,0.20
2025-09-03,4459.83,13.11,0.7548,26758.98,94302.37,121061.35,0.2210,0.20
2025-09-04,4365.21,12.98,0.7437,26191.26,94302.37,120493.63,0.2174,0.20
2025-09-05,4460.32,13.10,0.7540,26761.92,94302.37,121064.29,0.2211,0.20
2025-09-08,4467.57,13.11,0.7540,26805.42,94302.37,121107.79,0.2213,0.20
2025-09-09,4436.26,13.03,0.7484,26617.56,94302.37,120919.93,0.2201,0.20
2025-09-10,4445.36,13.08,0.7516,26672.16,94302.37,120974.53,0.2205,0.20
2025-09-11,4548.03,13.29,0.7754,27288.18,94302.37,121590.55,0.2244,0.20
2025-09-12,4522.00,13.24,0.7714,27132.00,94302.37,121434.37,0.2234,0.20
2025-09-15,4533.06,13.24,0.7714,27198.36,94302.37,121500.73,0.2239,0.20
2025-09-16,4523.34,13.20,0.7635,27140.04,94302.37,121442.41,0.2235,0.20
2025-09-17,4551.02,13.26,0.7762,27306.12,94302.37,121608.49,0.2245,0.20
2025-09-18,4498.11,13.08,0.7516,26988.66,94302.37,121291.03,0.2225,0.20
2025-09-19,4501.92,13.08,0.7516,27011.52,94302.37,121313.89,0.2227,0.20
2025-09-22,4522.61,13.09,0.7556,27135.66,94302.37,121438.03,0.2235,0.20
2025-09-23,4519.78,13.14,0.7619,27118.68,94302.37,121421.05,0.2233,0.20
2025-09-24,4566.07,13.21,0.7675,27396.42,94302.37,121698.79,0.2251,0.20
2025-09-25,4593.49,13.24,0.7762,27560.94,94302.37,121863.31,0.2262,0.20
2025-09-26,4550.05,13.16,0.7643,27300.30,94302.37,121602.67,0.2245,0.20
2025-09-29,4620.05,13.30,0.7865,27720.30,94302.37,122022.67,0.2272,0.20
2025-09-30,4640.69,13.32,0.7881,27844.14,94302.37,122146.51,0.2280,0.20
2025-10-09,4709.48,13.50,0.8063,28256.88,94302.37,122559.25,0.2306,0.00
2025-10-10,4616.83,13.36,0.7937,0.00,122377.97,122377.97,0.0000,0.20
2025-10-13,4593.98,13.30,0.7849,22969.90,99922.50,122892.40,0.1869,0.20
2025-10-14,4539.06,13.26,0.7810,22695.30,99922.50,122617.80,0.1851,0.20
2025-10-15,4606.29,13.40,0.7992,23031.45,99922.50,122953.95,0.1873,0.20
2025-10-16,4618.42,13.50,0.8087,23092.10,99922.50,123014.60,0.1877,0.00
2025-10-17,4514.23,13.27,0.7833,0.00,122974.84,122974.84,0.0000,0.20
2025-10-20,4538.22,13.33,0.7913,22691.10,100182.50,122873.60,0.1847,0.20
2025-10-21,4607.87,13.47,0.8095,23039.35,100182.50,123221.85,0.1870,0.00
2025-10-22,4592.57,13.47,0.8095,0.00,123061.51,123061.51,0.0000,0.00
2025-10-23,4606.34,13.53,0.8167,0.00,123061.51,123061.51,0.0000,0.00
2025-10-24,4660.68,13.62,0.8206,0.00,123061.51,123061.51,0.0000,0.00
2025-10-27,4716.02,13.75,0.8262,0.00,123061.51,123061.51,0.0000,0.00
2025-10-28,4691.97,13.70,0.8238,0.00,123061.51,123061.51,0.0000,0.00
2025-10-29,4747.84,13.70,0.8238,0.00,123061.51,123061.51,0.0000,0.00
2025-10-30,4709.91,13.57,0.8175,0.00,123061.51,123061.51,0.0000,0.00
2025-10-31,4640.67,13.19,0.7667,0.00,123061.51,123061.51,0.0000,0.20
2025-11-03,4653.40,13.28,0.7857,23267.00,99876.70,123143.70,0.1889,0.20
2025-11-04,4618.70,13.25,0.7794,23093.50,99876.70,122970.20,0.1878,0.20
2025-11-05,4627.26,13.26,0.7825,23136.30,99876.70,123013.00,0.1881,0.20
2025-11-06,4693.40,13.39,0.8032,23467.00,99876.70,123343.70,0.1903,0.00
2025-11-07,4678.79,13.35,0.7976,0.00,123244.33,123244.33,0.0000,0.20
2025-11-10,4695.05,13.41,0.8063,23475.25,99802.56,123277.81,0.1904,0.00
2025-11-11,4652.17,13.33,0.7944,0.00,123333.08,123333.08,0.0000,0.20
2025-11-12,4645.91,13.38,0.8040,23229.55,100114.12,123343.67,0.1883,0.00
2025-11-13,4702.07,13.46,0.8167,0.00,123331.91,123331.91,0.0000,0.00
2025-11-14,4628.14,13.31,0.7913,0.00,123331.91,123331.91,0.0000,0.20
2025-11-17,4598.05,13.20,0.7683,22990.25,100246.71,123236.96,0.1866,0.20
2025-11-18,4568.19,13.13,0.7619,22840.95,100246.71,123087.66,0.1856,0.20
2025-11-19,4588.29,13.23,0.7738,22941.45,100246.71,123188.16,0.1862,0.20
2025-11-20,4564.95,13.22,0.7730,22824.75,100246.71,123071.46,0.1855,0.20
2025-11-21,4453.61,12.98,0.7421,22268.05,100246.71,122514.76,0.1818,0.20
2025-11-24,4448.05,12.92,0.7397,22240.25,100246.71,122486.96,0.1816,0.20
2025-11-25,4490.40,13.02,0.7492,22452.00,100246.71,122698.71,0.1830,0.20
2025-11-26,4517.63,13.02,0.7492,22588.15,100246.71,122834.86,0.1839,0.20
2025-11-27,4515.40,13.05,0.7540,22577.00,100246.71,122823.71,0.1838,0.20
2025-11-28,4526.66,13.04,0.7540,22633.30,100246.71,122880.01,0.1842,0.20
2025-12-01,4576.49,13.14,0.7675,22882.45,100246.71,123129.16,0.1858,0.20
