日期,收盘价,估值指标,估值分位点,持仓市值,现金,总资产,仓位比例,信号
2015-01-05,26.10,4.12,0.9992,0.00,100000.00,100000.00,0.0000,持有
2015-01-06,26.14,4.12,0.9992,0.00,100000.00,100000.00,0.0000,持有
2015-01-07,27.23,4.29,0.9992,0.00,100000.00,100000.00,0.0000,持有
2015-01-08,26.55,4.19,0.9984,0.00,100000.00,100000.00,0.0000,持有
2015-01-09,26.33,4.15,0.9976,0.00,100000.00,100000.00,0.0000,持有
2015-01-12,25.25,3.98,0.9944,0.00,100000.00,100000.00,0.0000,持有
2015-01-13,24.23,3.82,0.9887,0.00,100000.00,100000.00,0.0000,持有
2015-01-14,24.60,3.88,0.9919,0.00,100000.00,100000.00,0.0000,持有
2015-01-15,25.13,3.96,0.9928,0.00,100000.00,100000.00,0.0000,持有
2015-01-16,24.79,3.91,0.9920,0.00,100000.00,100000.00,0.0000,持有
2015-01-19,22.31,3.52,0.9686,0.00,100000.00,100000.00,0.0000,持有
2015-01-20,20.10,3.17,0.9382,0.00,100000.00,100000.00,0.0000,持有
2015-01-21,21.65,3.41,0.9631,0.00,100000.00,100000.00,0.0000,持有
2015-01-22,21.41,3.38,0.9599,0.00,100000.00,100000.00,0.0000,持有
2015-01-23,22.00,3.47,0.9679,0.00,100000.00,100000.00,0.0000,持有
2015-01-26,21.56,3.40,0.9600,0.00,100000.00,100000.00,0.0000,持有
2015-01-27,21.13,3.33,0.9528,0.00,100000.00,100000.00,0.0000,持有
2015-01-28,21.74,3.43,0.9624,0.00,100000.00,100000.00,0.0000,持有
2015-01-29,21.22,3.35,0.9545,0.00,100000.00,100000.00,0.0000,持有
2015-01-30,20.98,3.31,0.9497,0.00,100000.00,100000.00,0.0000,持有
2015-02-02,20.28,3.20,0.9346,0.00,100000.00,100000.00,0.0000,持有
2015-02-03,21.39,3.37,0.9570,0.00,100000.00,100000.00,0.0000,持有
2015-02-04,21.11,3.33,0.9498,0.00,100000.00,100000.00,0.0000,持有
2015-02-05,21.15,3.34,0.9507,0.00,100000.00,100000.00,0.0000,持有
2015-02-06,21.32,3.36,0.9563,0.00,100000.00,100000.00,0.0000,持有
2015-02-09,22.15,3.49,0.9682,0.00,100000.00,100000.00,0.0000,持有
2015-02-10,22.25,3.51,0.9683,0.00,100000.00,100000.00,0.0000,持有
2015-02-11,22.08,3.48,0.9667,0.00,100000.00,100000.00,0.0000,持有
2015-02-12,21.84,3.44,0.9628,0.00,100000.00,100000.00,0.0000,持有
2015-02-13,21.94,3.46,0.9636,0.00,100000.00,100000.00,0.0000,持有
2015-02-16,21.82,3.44,0.9604,0.00,100000.00,100000.00,0.0000,持有
2015-02-17,21.98,3.47,0.9644,0.00,100000.00,100000.00,0.0000,持有
2015-02-25,21.65,3.41,0.9550,0.00,100000.00,100000.00,0.0000,持有
2015-02-26,22.54,3.55,0.9732,0.00,100000.00,100000.00,0.0000,持有
2015-02-27,22.24,3.51,0.9669,0.00,100000.00,100000.00,0.0000,持有
2015-03-02,22.50,3.55,0.9724,0.00,100000.00,100000.00,0.0000,持有
2015-03-03,21.56,3.40,0.9504,0.00,100000.00,100000.00,0.0000,持有
2015-03-04,21.37,3.37,0.9473,0.00,100000.00,100000.00,0.0000,持有
2015-03-05,21.30,3.36,0.9450,0.00,100000.00,100000.00,0.0000,持有
2015-03-06,21.17,3.34,0.9411,0.00,100000.00,100000.00,0.0000,持有
2015-03-09,20.83,3.29,0.9333,0.00,100000.00,100000.00,0.0000,持有
2015-03-10,20.73,3.27,0.9325,0.00,100000.00,100000.00,0.0000,持有
2015-03-11,20.69,3.26,0.9318,0.00,100000.00,100000.00,0.0000,持有
2015-03-12,21.24,3.35,0.9428,0.00,100000.00,100000.00,0.0000,持有
2015-03-13,21.26,3.35,0.9437,0.00,100000.00,100000.00,0.0000,持有
2015-03-16,21.67,3.42,0.9547,0.00,100000.00,100000.00,0.0000,持有
2015-03-17,22.29,3.52,0.9672,0.00,100000.00,100000.00,0.0000,持有
2015-03-18,22.58,3.56,0.9735,0.00,100000.00,100000.00,0.0000,持有
2015-03-19,22.36,3.53,0.9688,0.00,100000.00,100000.00,0.0000,持有
2015-03-20,24.36,3.84,0.9899,0.00,100000.00,100000.00,0.0000,持有
2015-03-23,25.10,3.96,0.9922,0.00,100000.00,100000.00,0.0000,持有
2015-03-24,24.44,3.61,0.9735,0.00,100000.00,100000.00,0.0000,持有
2015-03-25,24.38,3.60,0.9720,0.00,100000.00,100000.00,0.0000,持有
2015-03-26,24.12,3.56,0.9697,0.00,100000.00,100000.00,0.0000,持有
2015-03-27,24.19,3.57,0.9705,0.00,100000.00,100000.00,0.0000,持有
2015-03-30,24.79,3.66,0.9791,0.00,100000.00,100000.00,0.0000,持有
2015-03-31,24.72,3.65,0.9767,0.00,100000.00,100000.00,0.0000,持有
2015-04-01,25.56,3.77,0.9837,0.00,100000.00,100000.00,0.0000,持有
2015-04-02,25.19,3.72,0.9814,0.00,100000.00,100000.00,0.0000,持有
2015-04-03,25.77,3.80,0.9838,0.00,100000.00,100000.00,0.0000,持有
2015-04-07,26.08,3.85,0.9892,0.00,100000.00,100000.00,0.0000,持有
2015-04-08,27.17,4.01,0.9946,0.00,100000.00,100000.00,0.0000,持有
2015-04-09,26.94,3.98,0.9931,0.00,100000.00,100000.00,0.0000,持有
2015-04-10,26.99,3.98,0.9938,0.00,100000.00,100000.00,0.0000,持有
2015-04-13,26.65,3.93,0.9892,0.00,100000.00,100000.00,0.0000,持有
2015-04-14,26.50,3.91,0.9885,0.00,100000.00,100000.00,0.0000,持有
2015-04-15,25.68,3.79,0.9785,0.00,100000.00,100000.00,0.0000,持有
2015-04-16,26.37,3.89,0.9869,0.00,100000.00,100000.00,0.0000,持有
2015-04-17,26.47,3.91,0.9869,0.00,100000.00,100000.00,0.0000,持有
2015-04-20,25.33,3.74,0.9739,0.00,100000.00,100000.00,0.0000,持有
2015-04-21,26.42,3.90,0.9862,0.00,100000.00,100000.00,0.0000,持有
2015-04-22,28.48,4.20,0.9985,0.00,100000.00,100000.00,0.0000,持有
2015-04-23,27.75,4.10,0.9946,0.00,100000.00,100000.00,0.0000,持有
2015-04-24,26.66,3.94,0.9878,0.00,100000.00,100000.00,0.0000,持有
2015-04-27,26.93,3.97,0.9901,0.00,100000.00,100000.00,0.0000,持有
2015-04-28,26.74,3.95,0.9870,0.00,100000.00,100000.00,0.0000,持有
2015-04-29,26.80,3.96,0.9870,0.00,100000.00,100000.00,0.0000,持有
2015-04-30,25.88,3.64,0.9611,0.00,100000.00,100000.00,0.0000,持有
2015-05-04,25.42,3.58,0.9535,0.00,100000.00,100000.00,0.0000,持有
2015-05-05,24.91,3.50,0.9414,0.00,100000.00,100000.00,0.0000,持有
2015-05-06,25.07,3.53,0.9460,0.00,100000.00,100000.00,0.0000,持有
2015-05-07,24.98,3.51,0.9422,0.00,100000.00,100000.00,0.0000,持有
2015-05-08,25.10,3.53,0.9468,0.00,100000.00,100000.00,0.0000,持有
2015-05-11,25.58,3.60,0.9544,0.00,100000.00,100000.00,0.0000,持有
2015-05-12,25.91,3.64,0.9613,0.00,100000.00,100000.00,0.0000,持有
2015-05-13,25.13,3.54,0.9462,0.00,100000.00,100000.00,0.0000,持有
2015-05-14,24.92,3.51,0.9371,0.00,100000.00,100000.00,0.0000,持有
2015-05-15,24.09,3.39,0.9198,0.00,100000.00,100000.00,0.0000,持有
2015-05-18,23.33,3.28,0.9009,0.00,100000.00,100000.00,0.0000,持有
2015-05-19,24.86,3.50,0.9358,0.00,100000.00,100000.00,0.0000,持有
2015-05-20,24.41,3.43,0.9267,0.00,100000.00,100000.00,0.0000,持有
2015-05-21,24.33,3.42,0.9238,0.00,100000.00,100000.00,0.0000,持有
2015-05-22,24.94,3.51,0.9389,0.00,100000.00,100000.00,0.0000,持有
2015-05-25,25.79,3.63,0.9586,0.00,100000.00,100000.00,0.0000,持有
2015-05-26,25.90,3.64,0.9608,0.00,100000.00,100000.00,0.0000,持有
2015-05-27,25.55,3.59,0.9518,0.00,100000.00,100000.00,0.0000,持有
2015-05-28,23.14,3.26,0.8925,0.00,100000.00,100000.00,0.0000,持有
2015-05-29,22.87,3.22,0.8835,0.00,100000.00,100000.00,0.0000,持有
2015-06-01,24.49,3.44,0.9257,0.00,100000.00,100000.00,0.0000,持有
2015-06-02,24.12,3.39,0.9145,0.00,100000.00,100000.00,0.0000,持有
2015-06-03,23.87,3.36,0.9070,0.00,100000.00,100000.00,0.0000,持有
2015-06-04,24.26,3.41,0.9169,0.00,100000.00,100000.00,0.0000,持有
2015-06-05,24.02,3.38,0.9117,0.00,100000.00,100000.00,0.0000,持有
2015-06-08,25.22,3.55,0.9461,0.00,100000.00,100000.00,0.0000,持有
2015-06-09,25.01,3.52,0.9380,0.00,100000.00,100000.00,0.0000,持有
2015-06-10,24.61,3.46,0.9268,0.00,100000.00,100000.00,0.0000,持有
2015-06-11,24.16,3.40,0.9119,0.00,100000.00,100000.00,0.0000,持有
2015-06-12,24.09,3.39,0.9105,0.00,100000.00,100000.00,0.0000,持有
2015-06-15,23.46,3.30,0.8920,0.00,100000.00,100000.00,0.0000,持有
2015-06-16,23.53,3.31,0.8928,0.00,100000.00,100000.00,0.0000,持有
2015-06-17,23.59,3.32,0.8929,0.00,100000.00,100000.00,0.0000,持有
2015-06-18,22.52,3.17,0.8677,0.00,100000.00,100000.00,0.0000,持有
2015-06-19,21.34,3.00,0.8306,0.00,100000.00,100000.00,0.0000,持有
2015-06-23,22.06,3.41,0.9154,0.00,100000.00,100000.00,0.0000,持有
2015-06-24,21.87,3.38,0.9088,0.00,100000.00,100000.00,0.0000,持有
2015-06-25,21.58,3.34,0.8962,0.00,100000.00,100000.00,0.0000,持有
2015-06-26,19.60,3.03,0.8333,0.00,100000.00,100000.00,0.0000,持有
2015-06-29,18.53,2.87,0.8253,0.00,100000.00,100000.00,0.0000,持有
2015-06-30,20.27,3.14,0.8602,0.00,100000.00,100000.00,0.0000,持有
2015-07-01,19.12,2.96,0.8256,0.00,100000.00,100000.00,0.0000,持有
2015-07-02,19.21,2.97,0.8257,0.00,100000.00,100000.00,0.0000,持有
2015-07-03,18.81,2.91,0.8236,0.00,100000.00,100000.00,0.0000,持有
2015-07-06,20.09,3.11,0.8459,0.00,100000.00,100000.00,0.0000,持有
2015-07-07,19.60,3.03,0.8320,0.00,100000.00,100000.00,0.0000,持有
2015-07-08,17.65,2.73,0.8189,0.00,100000.00,100000.00,0.0000,持有
2015-07-09,19.41,3.00,0.8271,0.00,100000.00,100000.00,0.0000,持有
2015-07-10,20.88,3.23,0.8765,0.00,100000.00,100000.00,0.0000,持有
2015-07-13,20.64,3.19,0.8699,0.00,100000.00,100000.00,0.0000,持有
2015-07-14,19.31,2.99,0.8238,0.00,100000.00,100000.00,0.0000,持有
2015-07-15,18.61,2.88,0.8195,0.00,100000.00,100000.00,0.0000,持有
2015-07-16,18.44,2.85,0.8182,0.00,100000.00,100000.00,0.0000,持有
2015-07-17,19.12,2.96,0.8212,0.00,100000.00,100000.00,0.0000,持有
2015-07-20,18.49,2.86,0.8177,0.00,100000.00,100000.00,0.0000,持有
2015-07-21,18.41,2.85,0.8164,0.00,100000.00,100000.00,0.0000,持有
2015-07-22,18.08,2.80,0.8158,0.00,100000.00,100000.00,0.0000,持有
2015-07-23,18.48,2.86,0.8174,0.00,100000.00,100000.00,0.0000,持有
2015-07-24,18.00,2.78,0.8146,0.00,100000.00,100000.00,0.0000,持有
2015-07-27,16.20,2.51,0.8023,0.00,100000.00,100000.00,0.0000,持有
2015-07-28,16.71,2.58,0.8083,0.00,100000.00,100000.00,0.0000,持有
2015-07-29,16.55,2.56,0.8055,0.00,100000.00,100000.00,0.0000,持有
2015-07-30,15.73,2.43,0.7948,0.00,100000.00,100000.00,0.0000,持有
2015-07-31,15.66,2.42,0.7942,0.00,100000.00,100000.00,0.0000,持有
2015-08-03,15.40,2.38,0.7914,0.00,100000.00,100000.00,0.0000,持有
2015-08-04,15.83,2.45,0.7959,0.00,100000.00,100000.00,0.0000,持有
2015-08-05,15.29,2.37,0.7896,0.00,100000.00,100000.00,0.0000,持有
2015-08-06,14.95,2.31,0.7868,0.00,100000.00,100000.00,0.0000,持有
2015-08-07,15.27,2.36,0.7891,0.00,100000.00,100000.00,0.0000,持有
2015-08-10,16.80,2.60,0.8096,0.00,100000.00,100000.00,0.0000,持有
2015-08-11,16.65,2.58,0.8082,0.00,100000.00,100000.00,0.0000,持有
2015-08-12,16.55,2.56,0.8069,0.00,100000.00,100000.00,0.0000,持有
2015-08-13,16.69,2.58,0.8085,0.00,100000.00,100000.00,0.0000,持有
2015-08-14,17.11,2.61,0.8101,0.00,100000.00,100000.00,0.0000,持有
2015-08-17,16.77,2.56,0.8052,0.00,100000.00,100000.00,0.0000,持有
2015-08-18,15.50,2.37,0.7866,0.00,100000.00,100000.00,0.0000,持有
2015-08-19,15.72,2.40,0.7889,0.00,100000.00,100000.00,0.0000,持有
2015-08-20,15.07,2.30,0.7775,0.00,100000.00,100000.00,0.0000,持有
2015-08-21,13.88,2.12,0.7396,0.00,100000.00,100000.00,0.0000,持有
2015-08-24,12.49,1.91,0.6096,0.00,100000.00,100000.00,0.0000,持有
2015-08-25,11.24,1.37,0.0596,-10000.00,110000.00,100000.00,-0.1000,买入(补至100% + 定投10000.0)
2015-08-26,10.96,1.34,0.0302,87480.82,20004.24,107485.06,0.8139,买入(补至100% + 定投10000.0)
2015-08-27,11.73,1.43,0.1320,105031.83,19575.49,124607.32,0.8429,买入(补至100% + 定投10000.0)
2015-08-28,12.10,1.47,0.1735,128493.95,10020.41,138514.36,0.9277,持有
2015-08-31,11.50,1.40,0.0874,112093.56,20020.41,132113.97,0.8485,买入(补至100% + 定投10000.0)
2015-09-01,11.59,1.41,0.1074,123158.07,20319.62,143477.69,0.8584,买入(补至100% + 定投10000.0)
2015-09-02,11.34,1.38,0.0708,130448.10,20393.65,150841.75,0.8648,买入(补至100% + 定投10000.0)
2015-09-07,11.26,1.37,0.0636,139722.40,20016.98,159739.39,0.8747,买入(补至100% + 定投10000.0)
2015-09-08,11.63,1.42,0.1157,154926.19,20115.73,175041.92,0.8851,买入(补至100% + 定投10000.0)
2015-09-09,11.96,1.46,0.1613,180093.74,9934.96,190028.70,0.9477,持有
2015-09-10,11.56,1.41,0.1034,164006.38,19934.96,183941.34,0.8916,买入(补至100% + 定投10000.0)
2015-09-11,11.46,1.40,0.0841,172355.12,19994.32,192349.44,0.8961,买入(补至100% + 定投10000.0)
2015-09-14,10.61,1.29,0.0164,168131.28,19963.10,188094.38,0.8939,买入(补至100% + 定投10000.0)
2015-09-15,10.31,1.26,0.0021,172810.67,20124.32,192934.98,0.8957,买入(补至100% + 定投10000.0)
2015-09-16,11.01,1.34,0.0363,205913.38,10126.36,216039.74,0.9531,持有
2015-09-17,10.55,1.29,0.0149,197351.50,10126.36,207477.86,0.9512,持有
2015-09-18,10.51,1.28,0.0107,196638.01,10126.36,206764.37,0.9510,持有
2015-09-21,10.63,1.30,0.0199,198921.18,10126.36,209047.54,0.9516,持有
2015-09-22,10.85,1.32,0.0277,202916.72,10126.36,213043.08,0.9525,持有
2015-09-23,10.40,1.27,0.0050,194640.23,10126.36,204766.59,0.9505,持有
2015-09-24,10.50,1.28,0.0106,196495.31,10126.36,206621.67,0.9510,持有
2015-09-25,10.15,1.24,0.0000,179788.50,20126.36,199914.86,0.8993,买入(补至100% + 定投10000.0)
2015-09-28,10.27,1.25,0.0028,202318.50,10023.66,212342.16,0.9528,持有
2015-09-29,10.18,1.24,0.0007,200514.77,10023.66,210538.43,0.9524,持有
2015-09-30,10.36,1.26,0.0071,204122.23,10023.66,214145.89,0.9532,持有
2015-10-08,10.88,1.33,0.0346,214343.38,10023.66,224367.04,0.9553,持有
2015-10-09,11.05,1.35,0.0494,217800.53,10023.66,227824.19,0.9560,持有
2015-10-12,11.71,1.43,0.1416,230727.27,10023.66,240750.93,0.9584,持有
2015-10-13,11.64,1.42,0.1289,229374.47,10023.66,239398.13,0.9581,持有
2015-10-14,11.64,1.42,0.1288,229374.47,10023.66,239398.13,0.9581,持有
2015-10-15,11.99,1.46,0.1793,236288.77,10023.66,246312.43,0.9593,持有
2015-10-16,12.12,1.48,0.1904,238844.06,10023.66,248867.72,0.9597,持有
2015-10-19,12.30,1.50,0.2058,242451.52,10023.66,252475.18,0.9603,持有
2015-10-20,12.22,1.49,0.2000,240798.10,10023.66,250821.76,0.9600,持有
2015-10-21,11.40,1.39,0.0870,224714.83,10023.66,234738.49,0.9573,持有
2015-10-22,11.71,1.43,0.1430,230727.27,10023.66,240750.93,0.9584,持有
2015-10-23,11.98,1.46,0.1779,235988.15,10023.66,246011.81,0.9593,持有
2015-10-26,12.09,1.47,0.1896,238242.81,10023.66,248266.47,0.9596,持有
2015-10-27,12.01,1.46,0.1811,236589.39,10023.66,246613.05,0.9594,持有
2015-10-28,11.63,1.42,0.1279,229224.16,10023.66,239247.82,0.9581,持有
2015-10-29,11.66,1.42,0.1348,229825.40,10023.66,239849.06,0.9582,持有
2015-10-30,12.11,1.44,0.1633,238543.43,10023.66,248567.10,0.9597,持有
2015-11-02,11.85,1.41,0.1172,233583.17,10023.66,243606.84,0.9589,持有
2015-11-03,12.03,1.43,0.1519,237040.32,10023.66,247063.99,0.9594,持有
2015-11-04,13.23,1.58,0.2925,260789.45,10023.66,270813.11,0.9630,持有
2015-11-05,14.22,1.69,0.4468,280179.56,10023.66,290203.22,0.9655,持有
2015-11-06,15.64,1.86,0.5960,308137.39,10023.66,318161.05,0.9685,持有
2015-11-09,15.55,1.85,0.5872,306483.97,10023.66,316507.63,0.9683,持有
2015-11-10,15.77,1.88,0.6083,310842.99,10023.66,320866.65,0.9688,持有
2015-11-11,15.91,1.89,0.6149,313548.58,10023.66,323572.25,0.9690,持有
2015-11-12,15.38,1.83,0.5700,303026.82,10023.66,313050.48,0.9680,持有
2015-11-13,15.45,1.84,0.5759,304529.93,10023.66,314553.59,0.9681,持有
2015-11-16,15.18,1.81,0.5485,299118.74,10023.66,309142.40,0.9676,持有
2015-11-17,15.41,1.83,0.5723,303628.06,10023.66,313651.73,0.9680,持有
2015-11-18,15.85,1.89,0.6120,312346.10,10023.66,322369.76,0.9689,持有
2015-11-19,16.07,1.91,0.6254,316705.11,10023.66,326728.78,0.9693,持有
2015-11-20,15.66,1.86,0.5988,308588.32,10023.66,318611.99,0.9685,持有
2015-11-23,15.33,1.83,0.5631,302124.95,10023.66,312148.62,0.9679,持有
2015-11-24,15.48,1.84,0.5793,304980.86,10023.66,315004.52,0.9682,持有
2015-11-25,15.32,1.82,0.5610,301974.64,10023.66,311998.31,0.9679,持有
2015-11-26,15.17,1.81,0.5434,298968.42,10023.66,308992.09,0.9676,持有
2015-11-27,13.65,1.63,0.3572,269056.55,10023.66,279080.21,0.9641,持有
2015-11-30,13.45,1.60,0.3253,264998.16,10023.66,275021.82,0.9636,持有
2015-12-01,13.56,1.61,0.3430,267102.51,10023.66,277126.17,0.9638,持有
2015-12-02,14.36,1.71,0.4622,282885.16,10023.66,292908.82,0.9658,持有
2015-12-03,14.29,1.70,0.4557,281682.67,10023.66,291706.33,0.9656,持有
2015-12-04,13.91,1.66,0.4074,274167.12,10023.66,284190.78,0.9647,持有
2015-12-07,13.65,1.63,0.3571,269056.55,10023.66,279080.21,0.9641,持有
2015-12-08,13.46,1.60,0.3253,265148.47,10023.66,275172.13,0.9636,持有
2015-12-09,13.57,1.62,0.3470,267403.13,10023.66,277426.79,0.9639,持有
2015-12-10,13.59,1.62,0.3495,267854.06,10023.66,277877.73,0.9639,持有
2015-12-11,13.62,1.62,0.3534,268305.00,10023.66,278328.66,0.9640,持有
2015-12-14,14.84,1.77,0.5096,292354.74,10023.66,302378.41,0.9669,持有
2015-12-15,14.28,1.70,0.4560,281382.05,10023.66,291405.71,0.9656,持有
2015-12-16,14.20,1.69,0.4420,279878.94,10023.66,289902.60,0.9654,持有
2015-12-17,14.54,1.73,0.4833,286492.62,10023.66,296516.28,0.9662,持有
2015-12-18,14.39,1.71,0.4673,283486.40,10023.66,293510.06,0.9658,持有
2015-12-21,14.97,1.78,0.5269,295060.34,10023.66,305084.00,0.9671,持有
2015-12-22,15.20,1.81,0.5551,299569.67,10023.66,309593.33,0.9676,持有
2015-12-23,16.13,1.92,0.6383,317907.60,10023.66,327931.26,0.9694,持有
2015-12-24,15.74,1.87,0.6121,310091.43,10023.66,320115.10,0.9687,持有
2015-12-25,15.86,1.89,0.6185,312496.41,10023.66,322520.07,0.9689,持有
2015-12-28,14.92,1.78,0.5204,294008.16,10023.66,304031.83,0.9670,持有
2015-12-29,15.11,1.80,0.5410,297765.94,10023.66,307789.60,0.9674,持有
2015-12-30,15.03,1.79,0.5312,296112.52,10023.66,306136.18,0.9673,持有
2015-12-31,14.76,1.76,0.4997,290851.63,10023.66,300875.30,0.9667,持有
2016-01-04,13.31,1.58,0.2957,262292.56,10023.66,272316.22,0.9632,持有
2016-01-05,13.46,1.60,0.3232,265298.78,10023.66,275322.44,0.9636,持有
2016-01-06,13.68,1.63,0.3601,269507.48,10023.66,279531.15,0.9641,持有
2016-01-07,12.46,1.48,0.1958,245608.05,10023.66,255631.71,0.9608,持有
2016-01-08,12.84,1.53,0.2294,252973.28,10023.66,262996.94,0.9619,持有
2016-01-11,11.96,1.42,0.1362,235687.53,10023.66,245711.19,0.9592,持有
2016-01-12,12.12,1.44,0.1624,238844.06,10023.66,248867.72,0.9597,持有
2016-01-13,12.12,1.44,0.1623,238844.06,10023.66,248867.72,0.9597,持有
2016-01-14,12.43,1.48,0.1965,244856.49,10023.66,254880.15,0.9607,持有
2016-01-15,11.86,1.41,0.1143,233733.48,10023.66,243757.15,0.9589,持有
2016-01-18,11.94,1.42,0.1284,235236.59,10023.66,245260.26,0.9591,持有
2016-01-19,12.30,1.46,0.1807,242301.21,10023.66,252324.87,0.9603,持有
2016-01-20,12.07,1.44,0.1550,237791.88,10023.66,247815.54,0.9596,持有
2016-01-21,11.52,1.37,0.0671,226969.49,10023.66,236993.16,0.9577,持有
2016-01-22,11.66,1.39,0.0811,229675.09,10023.66,239698.75,0.9582,持有
2016-01-25,11.71,1.39,0.0864,230727.27,10023.66,240750.93,0.9584,持有
2016-01-26,10.63,1.26,0.0074,209383.11,10023.66,219406.78,0.9543,持有
2016-01-27,10.63,1.27,0.0080,209533.43,10023.66,219557.09,0.9543,持有
2016-01-28,10.45,1.24,0.0027,205925.96,10023.66,215949.63,0.9536,持有
2016-01-29,11.06,1.32,0.0314,217950.84,10023.66,227974.50,0.9560,持有
2016-02-01,10.85,1.29,0.0234,213892.44,10023.66,223916.10,0.9552,持有
2016-02-02,11.14,1.33,0.0354,219453.95,10023.66,229477.61,0.9563,持有
2016-02-03,11.04,1.31,0.0320,217499.90,10023.66,227523.57,0.9559,持有
2016-02-04,11.16,1.33,0.0386,219904.88,10023.66,229928.54,0.9564,持有
2016-02-05,10.82,1.29,0.0220,213140.89,10023.66,223164.55,0.9551,持有
2016-02-15,10.66,1.27,0.0106,210134.67,10023.66,220158.33,0.9545,持有
2016-02-16,11.31,1.35,0.0519,222911.10,10023.66,232934.76,0.9570,持有
2016-02-17,11.45,1.36,0.0678,225616.69,10023.66,235640.36,0.9575,持有
2016-02-18,11.40,1.36,0.0637,224714.83,10023.66,234738.49,0.9573,持有
2016-02-19,11.52,1.37,0.0750,226969.49,10023.66,236993.16,0.9577,持有
2016-02-22,11.88,1.41,0.1286,234184.42,10023.66,244208.08,0.9590,持有
2016-02-23,11.63,1.38,0.0868,229073.85,10023.66,239097.51,0.9581,持有
2016-02-24,11.76,1.40,0.1040,231779.44,10023.66,241803.10,0.9585,持有
2016-02-25,10.80,1.29,0.0212,212840.27,10023.66,222863.93,0.9550,持有
2016-02-26,10.98,1.31,0.0324,216297.42,10023.66,226321.08,0.9557,持有
2016-02-29,10.89,1.30,0.0278,214644.00,10023.66,224667.66,0.9554,持有
2016-03-01,11.69,1.39,0.0958,230426.64,10023.66,240450.31,0.9583,持有
2016-03-02,12.30,1.46,0.1941,242301.21,10023.66,252324.87,0.9603,持有
2016-03-03,12.14,1.45,0.1801,239294.99,10023.66,249318.65,0.9598,持有
2016-03-04,12.20,1.45,0.1826,240497.48,10023.66,250521.14,0.9600,持有
2016-03-07,12.19,1.45,0.1818,240196.85,10023.66,250220.52,0.9599,持有
2016-03-08,12.33,1.47,0.2001,242902.45,10023.66,252926.11,0.9604,持有
2016-03-09,12.20,1.45,0.1829,240497.48,10023.66,250521.14,0.9600,持有
2016-03-10,11.85,1.41,0.1256,233432.86,10023.66,243456.52,0.9588,持有
2016-03-11,12.17,1.45,0.1820,239745.92,10023.66,249769.58,0.9599,持有
2016-03-14,12.33,1.47,0.2029,243052.76,10023.66,253076.42,0.9604,持有
2016-03-15,12.21,1.45,0.1870,240647.79,10023.66,250671.45,0.9600,持有
2016-03-16,12.27,1.46,0.1954,241850.27,10023.66,251873.94,0.9602,持有
2016-03-17,12.68,1.51,0.2353,249816.75,10023.66,259840.42,0.9614,持有
2016-03-18,12.93,1.54,0.2633,254777.01,10023.66,264800.68,0.9621,持有
2016-03-21,14.23,1.69,0.4627,280329.87,10023.66,290353.53,0.9655,持有
2016-03-22,13.72,1.63,0.3905,270409.35,10023.66,280433.01,0.9643,持有
2016-03-23,14.00,1.67,0.4320,275820.54,10023.66,285844.20,0.9649,持有
2016-03-24,13.28,1.52,0.2417,261691.32,10023.66,271714.98,0.9631,持有
2016-03-25,13.34,1.52,0.2487,262893.80,10023.66,272917.47,0.9633,持有
2016-03-28,13.02,1.49,0.2192,256580.74,10023.66,266604.41,0.9624,持有
2016-03-29,13.07,1.49,0.2229,257482.61,10023.66,267506.27,0.9625,持有
2016-03-30,13.49,1.54,0.2658,265749.71,10023.66,275773.37,0.9637,持有
2016-03-31,13.58,1.55,0.2799,267553.44,10023.66,277577.10,0.9639,持有
2016-04-01,13.50,1.54,0.2681,266050.33,10023.66,276073.99,0.9637,持有
2016-04-05,13.68,1.56,0.2926,269507.48,10023.66,279531.15,0.9641,持有
2016-04-06,13.58,1.55,0.2801,267553.44,10023.66,277577.10,0.9639,持有
2016-04-07,13.22,1.51,0.2351,260488.83,10023.66,270512.49,0.9629,持有
2016-04-08,12.92,1.48,0.2090,254626.70,10023.66,264650.36,0.9621,持有
2016-04-11,13.27,1.51,0.2419,261390.69,10023.66,271414.36,0.9631,持有
2016-04-12,13.23,1.51,0.2359,260639.14,10023.66,270662.80,0.9630,持有
2016-04-13,13.62,1.55,0.2882,268305.00,10023.66,278328.66,0.9640,持有
2016-04-14,13.73,1.57,0.3029,270559.66,10023.66,280583.32,0.9643,持有
2016-04-15,13.65,1.56,0.2917,269056.55,10023.66,279080.21,0.9641,持有
2016-04-18,13.24,1.51,0.2392,260939.76,10023.66,270963.42,0.9630,持有
2016-04-19,13.30,1.52,0.2474,262142.25,10023.66,272165.91,0.9632,持有
2016-04-20,13.14,1.50,0.2266,258835.41,10023.66,268859.07,0.9627,持有
2016-04-21,12.88,1.47,0.2026,253875.15,10023.66,263898.81,0.9620,持有
2016-04-22,13.00,1.48,0.2166,256129.81,10023.66,266153.47,0.9623,持有
2016-04-25,12.78,1.46,0.1901,251921.11,10023.66,261944.77,0.9617,持有
2016-04-26,12.87,1.47,0.2028,253574.53,10023.66,263598.19,0.9620,持有
2016-04-27,12.67,1.45,0.1770,249666.44,10023.66,259690.10,0.9614,持有
2016-04-28,12.59,1.44,0.1659,248163.33,10023.66,258187.00,0.9612,持有
2016-04-29,12.54,1.43,0.1575,247111.16,10023.66,257134.82,0.9610,持有
2016-05-03,12.83,1.47,0.1991,252822.97,10023.66,262846.63,0.9619,持有
2016-05-04,12.75,1.46,0.1868,251169.55,10023.66,261193.21,0.9616,持有
2016-05-05,12.76,1.46,0.1886,251470.17,10023.66,261493.84,0.9617,持有
2016-05-06,12.28,1.40,0.1090,242000.58,10023.66,252024.25,0.9602,持有
2016-05-09,11.94,1.36,0.0692,235236.59,10023.66,245260.26,0.9591,持有
2016-05-10,11.90,1.36,0.0647,234485.04,10023.66,244508.70,0.9590,持有
2016-05-11,11.88,1.36,0.0633,234034.11,10023.66,244057.77,0.9589,持有
2016-05-12,11.90,1.36,0.0652,234485.04,10023.66,244508.70,0.9590,持有
2016-05-13,11.75,1.34,0.0498,231629.13,10023.66,241652.79,0.9585,持有
2016-05-16,11.88,1.36,0.0639,234034.11,10023.66,244057.77,0.9589,持有
2016-05-17,11.88,1.36,0.0638,234034.11,10023.66,244057.77,0.9589,持有
2016-05-18,11.89,1.36,0.0670,234334.73,10023.66,244358.39,0.9590,持有
2016-05-19,11.85,1.35,0.0593,233432.86,10023.66,243456.52,0.9588,持有
2016-05-20,11.97,1.37,0.0764,235837.84,10023.66,245861.50,0.9592,持有
2016-05-23,12.00,1.37,0.0796,236439.08,10023.66,246462.74,0.9593,持有
2016-05-24,11.84,1.35,0.0592,233282.55,10023.66,243306.21,0.9588,持有
2016-05-25,11.86,1.36,0.0629,233733.48,10023.66,243757.15,0.9589,持有
2016-05-26,11.88,1.36,0.0654,234034.11,10023.66,244057.77,0.9589,持有
2016-05-27,11.84,1.35,0.0590,233282.55,10023.66,243306.21,0.9588,持有
2016-05-30,11.95,1.37,0.0787,235537.22,10023.66,245560.88,0.9592,持有
2016-05-31,12.81,1.46,0.2061,252372.04,10023.66,262395.70,0.9618,持有
2016-06-01,12.64,1.44,0.1844,249065.20,10023.66,259088.86,0.9613,持有
2016-06-02,12.66,1.45,0.1875,249516.13,10023.66,259539.79,0.9614,持有
2016-06-03,12.68,1.45,0.1899,249816.75,10023.66,259840.42,0.9614,持有
2016-06-06,12.56,1.43,0.1695,247411.78,10023.66,257435.44,0.9611,持有
2016-06-07,12.58,1.44,0.1745,247862.71,10023.66,257886.37,0.9611,持有
2016-06-08,12.50,1.43,0.1605,246359.60,10023.66,256383.26,0.9609,持有
2016-06-13,11.91,1.36,0.0720,234635.35,10023.66,244659.01,0.9590,持有
2016-06-14,11.98,1.37,0.0801,235988.15,10023.66,246011.81,0.9593,持有
2016-06-15,12.14,1.39,0.0990,239294.99,10023.66,249318.65,0.9598,持有
2016-06-16,11.93,1.36,0.0750,235086.28,10023.66,245109.94,0.9591,持有
2016-06-17,11.95,1.37,0.0793,235537.22,10023.66,245560.88,0.9592,持有
2016-06-20,11.95,1.36,0.0787,235386.90,10023.66,245410.57,0.9592,持有
2016-06-21,12.08,1.38,0.0937,238092.50,10023.66,248116.16,0.9596,持有
2016-06-22,12.25,1.40,0.1157,241399.34,10023.66,251423.00,0.9601,持有
2016-06-23,12.17,1.39,0.1055,239896.23,10023.66,249919.89,0.9599,持有
2016-06-24,11.97,1.37,0.0810,235837.84,10023.66,245861.50,0.9592,持有
2016-06-27,12.16,1.39,0.1048,239595.61,10023.66,249619.27,0.9598,持有
2016-06-28,12.35,1.41,0.1379,243353.38,10023.66,253377.05,0.9604,持有
2016-06-29,12.33,1.41,0.1316,242902.45,10023.66,252926.11,0.9604,持有
2016-06-30,12.38,1.41,0.1446,243954.63,10023.66,253978.29,0.9605,持有
2016-07-01,12.30,1.41,0.1264,242451.52,10023.66,252475.18,0.9603,持有
2016-07-04,12.66,1.45,0.1964,249516.13,10023.66,259539.79,0.9614,持有
2016-07-05,12.65,1.44,0.1944,249215.51,10023.66,259239.17,0.9613,持有
2016-07-06,12.62,1.44,0.1899,248764.58,10023.66,258788.24,0.9613,持有
2016-07-07,12.66,1.45,0.1973,249516.13,10023.66,259539.79,0.9614,持有
2016-07-08,12.65,1.45,0.1965,249365.82,10023.66,259389.48,0.9614,持有
2016-07-11,12.62,1.44,0.1895,248764.58,10023.66,258788.24,0.9613,持有
2016-07-12,12.91,1.48,0.2349,254476.39,10023.66,264500.05,0.9621,持有
2016-07-13,12.92,1.48,0.2354,254626.70,10023.66,264650.36,0.9621,持有
2016-07-14,12.94,1.48,0.2371,254927.32,10023.66,264950.99,0.9622,持有
2016-07-15,12.83,1.47,0.2220,252822.97,10023.66,262846.63,0.9619,持有
2016-07-18,12.60,1.44,0.1846,248313.64,10023.66,258337.31,0.9612,持有
2016-07-19,12.66,1.45,0.1981,249516.13,10023.66,259539.79,0.9614,持有
2016-07-20,12.63,1.44,0.1930,248914.89,10023.66,258938.55,0.9613,持有
2016-07-21,12.74,1.46,0.2084,251019.24,10023.66,261042.90,0.9616,持有
2016-07-22,12.68,1.45,0.2027,249816.75,10023.66,259840.42,0.9614,持有
2016-07-25,12.64,1.44,0.1939,249065.20,10023.66,259088.86,0.9613,持有
2016-07-26,12.83,1.47,0.2248,252822.97,10023.66,262846.63,0.9619,持有
2016-07-27,12.70,1.45,0.2042,250267.69,10023.66,260291.35,0.9615,持有
2016-07-28,12.44,1.42,0.1546,245157.11,10023.66,255180.78,0.9607,持有
2016-07-29,12.37,1.41,0.1415,243804.32,10023.66,253827.98,0.9605,持有
2016-08-01,12.32,1.41,0.1297,242752.14,10023.66,252775.80,0.9603,持有
2016-08-02,12.37,1.41,0.1407,243654.01,10023.66,253677.67,0.9605,持有
2016-08-03,12.32,1.41,0.1295,242752.14,10023.66,252775.80,0.9603,持有
2016-08-04,12.37,1.41,0.1412,243654.01,10023.66,253677.67,0.9605,持有
2016-08-05,12.39,1.42,0.1479,244104.94,10023.66,254128.60,0.9606,持有
2016-08-08,12.46,1.42,0.1656,245608.05,10023.66,255631.71,0.9608,持有
2016-08-09,12.53,1.43,0.1766,246960.85,10023.66,256984.51,0.9610,持有
2016-08-10,12.46,1.42,0.1654,245608.05,10023.66,255631.71,0.9608,持有
2016-08-11,12.61,1.44,0.1924,248463.95,10023.66,258487.62,0.9612,持有
2016-08-12,13.08,1.49,0.2604,257783.23,10023.66,267806.89,0.9626,持有
2016-08-15,13.74,1.57,0.3401,270709.97,10023.66,280733.63,0.9643,持有
2016-08-16,13.48,1.54,0.3037,265599.40,10023.66,275623.06,0.9636,持有
2016-08-17,13.43,1.53,0.2961,264697.53,10023.66,274721.20,0.9635,持有
2016-08-18,13.33,1.52,0.2862,262593.18,10023.66,272616.84,0.9632,持有
2016-08-19,13.30,1.48,0.2437,262128.92,10023.66,272152.58,0.9632,持有
2016-08-22,13.17,1.46,0.2258,259498.34,10023.66,269522.01,0.9628,持有
2016-08-23,13.20,1.46,0.2300,260117.30,10023.66,270140.97,0.9629,持有
2016-08-24,13.12,1.46,0.2158,258569.91,10023.66,268593.57,0.9627,持有
2016-08-25,13.19,1.49,0.2615,259962.56,10023.66,269986.23,0.9629,持有
2016-08-26,13.14,1.49,0.2576,258879.39,10023.66,268903.05,0.9627,持有
2016-08-29,13.12,1.49,0.2556,258569.91,10023.66,268593.57,0.9627,持有
2016-08-30,13.22,1.50,0.2640,260426.78,10023.66,270450.44,0.9629,持有
2016-08-31,13.27,1.50,0.2700,261509.96,10023.66,271533.62,0.9631,持有
2016-09-01,13.09,1.48,0.2527,257950.95,10023.66,267974.61,0.9626,持有
2016-09-02,13.19,1.49,0.2623,259962.56,10023.66,269986.23,0.9629,持有
2016-09-05,13.20,1.50,0.2646,260117.30,10023.66,270140.97,0.9629,持有
2016-09-06,13.22,1.50,0.2663,260581.52,10023.66,270605.18,0.9630,持有
2016-09-07,13.19,1.49,0.2618,259962.56,10023.66,269986.23,0.9629,持有
2016-09-08,13.14,1.49,0.2574,258879.39,10023.66,268903.05,0.9627,持有
2016-09-09,13.13,1.49,0.2567,258724.65,10023.66,268748.31,0.9627,持有
2016-09-12,12.93,1.46,0.2280,254701.42,10023.66,264725.08,0.9621,持有
2016-09-13,12.82,1.45,0.2085,252689.80,10023.66,262713.46,0.9618,持有
2016-09-14,12.71,1.44,0.1890,250523.45,10023.66,260547.11,0.9615,持有
2016-09-19,12.75,1.44,0.1967,251142.40,10023.66,261166.07,0.9616,持有
2016-09-20,12.72,1.44,0.1912,250678.19,10023.66,260701.85,0.9616,持有
2016-09-21,12.74,1.44,0.1959,250987.67,10023.66,261011.33,0.9616,持有
2016-09-22,12.79,1.45,0.2085,252070.84,10023.66,262094.51,0.9618,持有
2016-09-23,12.68,1.44,0.1824,249904.49,10023.66,259928.15,0.9614,持有
2016-09-26,12.50,1.42,0.1467,246345.48,10023.66,256369.14,0.9609,持有
2016-09-27,12.67,1.43,0.1785,249595.01,10023.66,259618.67,0.9614,持有
2016-09-28,12.61,1.43,0.1688,248511.83,10023.66,258535.49,0.9612,持有
2016-09-29,12.68,1.44,0.1837,249904.49,10023.66,259928.15,0.9614,持有
2016-09-30,12.66,1.43,0.1782,249440.27,10023.66,259463.93,0.9614,持有
2016-10-10,12.89,1.46,0.2262,253927.72,10023.66,263951.38,0.9620,持有
2016-10-11,12.97,1.47,0.2429,255629.85,10023.66,265653.52,0.9623,持有
2016-10-12,12.90,1.46,0.2308,254237.20,10023.66,264260.86,0.9621,持有
2016-10-13,12.87,1.46,0.2222,253618.24,10023.66,263641.90,0.9620,持有
2016-10-14,12.93,1.46,0.2347,254701.42,10023.66,264725.08,0.9621,持有
2016-10-17,12.74,1.44,0.1980,250987.67,10023.66,261011.33,0.9616,持有
2016-10-18,13.06,1.48,0.2596,257331.99,10023.66,267355.65,0.9625,持有
2016-10-19,12.97,1.47,0.2445,255629.85,10023.66,265653.52,0.9623,持有
2016-10-20,12.95,1.47,0.2401,255165.64,10023.66,265189.30,0.9622,持有
2016-10-21,13.06,1.48,0.2603,257331.99,10023.66,267355.65,0.9625,持有
2016-10-24,13.32,1.51,0.2871,262438.40,10023.66,272462.06,0.9632,持有
2016-10-25,13.24,1.50,0.2803,260891.00,10023.66,270914.66,0.9630,持有
2016-10-26,13.20,1.50,0.2754,260117.30,10023.66,270140.97,0.9629,持有
2016-10-27,13.16,1.49,0.2704,259343.60,10023.66,269367.27,0.9628,持有
2016-10-28,13.20,1.50,0.2757,260117.30,10023.66,270140.97,0.9629,持有
2016-10-31,13.04,1.44,0.1980,257022.51,10023.66,267046.17,0.9625,持有
2016-11-01,13.20,1.46,0.2277,260117.30,10023.66,270140.97,0.9629,持有
2016-11-02,13.06,1.44,0.2019,257331.99,10023.66,267355.65,0.9625,持有
2016-11-03,13.24,1.46,0.2369,260891.00,10023.66,270914.66,0.9630,持有
2016-11-04,13.22,1.46,0.2326,260581.52,10023.66,270605.18,0.9630,持有
2016-11-07,13.29,1.47,0.2473,261974.18,10023.66,271997.84,0.9631,持有
2016-11-08,13.30,1.47,0.2513,262128.92,10023.66,272152.58,0.9632,持有
2016-11-09,13.08,1.45,0.2072,257796.21,10023.66,267819.87,0.9626,持有
2016-11-10,13.36,1.48,0.2576,263212.10,10023.66,273235.76,0.9633,持有
2016-11-11,13.78,1.52,0.3114,271568.03,10023.66,281591.70,0.9644,持有
2016-11-14,13.86,1.53,0.3177,273115.43,10023.66,283139.09,0.9646,持有
2016-11-15,13.70,1.52,0.3021,270020.64,10023.66,280044.30,0.9642,持有
2016-11-16,13.71,1.52,0.3043,270175.38,10023.66,280199.04,0.9642,持有
2016-11-17,13.70,1.52,0.3018,270020.64,10023.66,280044.30,0.9642,持有
2016-11-18,13.51,1.50,0.2785,266306.89,10023.66,276330.55,0.9637,持有
2016-11-21,13.66,1.51,0.2973,269092.20,10023.66,279115.86,0.9641,持有
2016-11-22,13.85,1.53,0.3196,272960.69,10023.66,282984.35,0.9646,持有
2016-11-23,13.73,1.52,0.3064,270484.86,10023.66,280508.52,0.9643,持有
2016-11-24,13.82,1.53,0.3174,272341.73,10023.66,282365.40,0.9645,持有
2016-11-25,13.88,1.54,0.3231,273424.91,10023.66,283448.57,0.9646,持有
2016-11-28,13.83,1.53,0.3176,272496.47,10023.66,282520.14,0.9645,持有
2016-11-29,14.10,1.56,0.3569,277912.36,10023.66,287936.02,0.9652,持有
2016-11-30,13.94,1.54,0.3343,274662.83,10023.66,284686.49,0.9648,持有
2016-12-01,14.00,1.55,0.3429,275900.74,10023.66,285924.41,0.9649,持有
2016-12-02,13.63,1.51,0.2904,268627.98,10023.66,278651.64,0.9640,持有
2016-12-05,13.23,1.46,0.2333,260736.26,10023.66,270759.92,0.9630,持有
2016-12-06,13.18,1.46,0.2190,259653.08,10023.66,269676.75,0.9628,持有
2016-12-07,13.26,1.47,0.2424,261355.22,10023.66,271378.88,0.9631,持有
2016-12-08,13.11,1.45,0.2088,258415.17,10023.66,268438.83,0.9627,持有
2016-12-09,13.18,1.46,0.2192,259653.08,10023.66,269676.75,0.9628,持有
2016-12-12,12.92,1.43,0.1646,254546.68,10023.66,264570.34,0.9621,持有
2016-12-13,12.88,1.42,0.1593,253772.98,10023.66,263796.64,0.9620,持有
2016-12-14,12.75,1.41,0.1317,251297.14,10023.66,261320.81,0.9616,持有
2016-12-15,12.66,1.40,0.1105,249440.27,10023.66,259463.93,0.9614,持有
2016-12-16,12.64,1.40,0.1093,249130.79,10023.66,259154.45,0.9613,持有
2016-12-19,12.64,1.40,0.1081,248976.05,10023.66,258999.71,0.9613,持有
2016-12-20,12.60,1.39,0.1027,248357.09,10023.66,258380.75,0.9612,持有
2016-12-21,12.70,1.40,0.1196,250213.97,10023.66,260237.63,0.9615,持有
2016-12-22,12.69,1.40,0.1195,250059.23,10023.66,260082.89,0.9615,持有
2016-12-23,12.56,1.39,0.0979,247428.65,10023.66,257452.32,0.9611,持有
2016-12-26,12.64,1.40,0.1089,248976.05,10023.66,258999.71,0.9613,持有
2016-12-27,12.58,1.39,0.1001,247892.87,10023.66,257916.54,0.9611,持有
2016-12-28,12.58,1.39,0.1001,247892.87,10023.66,257916.54,0.9611,持有
2016-12-29,12.50,1.38,0.0913,246345.48,10023.66,256369.14,0.9609,持有
2016-12-30,12.61,1.40,0.1069,248511.83,10023.66,258535.49,0.9612,持有
2017-01-03,12.71,1.41,0.1266,250523.45,10023.66,260547.11,0.9615,持有
2017-01-04,12.74,1.41,0.1341,250987.67,10023.66,261011.33,0.9616,持有
2017-01-05,12.68,1.40,0.1206,249904.49,10023.66,259928.15,0.9614,持有
2017-01-06,12.57,1.39,0.1003,247738.13,10023.66,257761.80,0.9611,持有
2017-01-09,12.62,1.40,0.1089,248666.57,10023.66,258690.23,0.9613,持有
2017-01-10,12.65,1.40,0.1152,249285.53,10023.66,259309.19,0.9613,持有
2017-01-11,12.64,1.40,0.1140,249130.79,10023.66,259154.45,0.9613,持有
2017-01-12,12.68,1.40,0.1226,249904.49,10023.66,259928.15,0.9614,持有
2017-01-13,12.73,1.41,0.1347,250832.93,10023.66,260856.59,0.9616,持有
2017-01-16,12.85,1.42,0.1618,253154.02,10023.66,263177.68,0.9619,持有
2017-01-17,12.77,1.41,0.1461,251606.62,10023.66,261630.29,0.9617,持有
2017-01-18,12.78,1.41,0.1483,251761.36,10023.66,261785.03,0.9617,持有
2017-01-19,12.78,1.41,0.1482,251761.36,10023.66,261785.03,0.9617,持有
2017-01-20,12.89,1.43,0.1741,253927.72,10023.66,263951.38,0.9620,持有
2017-01-23,12.91,1.43,0.1774,254391.94,10023.66,264415.60,0.9621,持有
2017-01-24,12.86,1.42,0.1675,253463.50,10023.66,263487.16,0.9620,持有
2017-01-25,12.87,1.42,0.1720,253618.24,10023.66,263641.90,0.9620,持有
2017-01-26,12.94,1.43,0.1857,255010.90,10023.66,265034.56,0.9622,持有
2017-02-03,12.86,1.42,0.1655,253308.76,10023.66,263332.42,0.9619,持有
2017-02-06,12.83,1.42,0.1597,252844.54,10023.66,262868.20,0.9619,持有
2017-02-07,12.80,1.42,0.1538,252225.58,10023.66,262249.24,0.9618,持有
2017-02-08,12.97,1.44,0.1939,255629.85,10023.66,265653.52,0.9623,持有
2017-02-09,12.96,1.43,0.1915,255475.11,10023.66,265498.78,0.9622,持有
2017-02-10,13.09,1.45,0.2241,257950.95,10023.66,267974.61,0.9626,持有
2017-02-13,13.11,1.45,0.2262,258260.43,10023.66,268284.09,0.9626,持有
2017-02-14,13.07,1.45,0.2181,257486.73,10023.66,267510.39,0.9625,持有
2017-02-15,13.00,1.44,0.2008,256248.81,10023.66,266272.47,0.9624,持有
2017-02-16,13.13,1.45,0.2298,258724.65,10023.66,268748.31,0.9627,持有
2017-02-17,13.09,1.45,0.2246,257950.95,10023.66,267974.61,0.9626,持有
2017-02-20,13.26,1.47,0.2599,261200.48,10023.66,271224.14,0.9630,持有
2017-02-21,13.28,1.47,0.2648,261664.70,10023.66,271688.36,0.9631,持有
2017-02-22,13.19,1.46,0.2430,259962.56,10023.66,269986.23,0.9629,持有
2017-02-23,13.08,1.45,0.2218,257796.21,10023.66,267819.87,0.9626,持有
2017-02-24,13.12,1.45,0.2302,258569.91,10023.66,268593.57,0.9627,持有
2017-02-27,12.99,1.44,0.1976,255939.33,10023.66,265963.00,0.9623,持有
2017-02-28,13.00,1.44,0.1992,256094.07,10023.66,266117.74,0.9623,持有
2017-03-01,12.99,1.44,0.1974,255939.33,10023.66,265963.00,0.9623,持有
2017-03-02,12.93,1.43,0.1825,254701.42,10023.66,264725.08,0.9621,持有
2017-03-03,12.86,1.42,0.1648,253308.76,10023.66,263332.42,0.9619,持有
2017-03-06,12.90,1.43,0.1760,254237.20,10023.66,264260.86,0.9621,持有
2017-03-07,12.92,1.43,0.1799,254546.68,10023.66,264570.34,0.9621,持有
2017-03-08,12.86,1.42,0.1645,253308.76,10023.66,263332.42,0.9619,持有
2017-03-09,12.82,1.42,0.1570,252689.80,10023.66,262713.46,0.9618,持有
2017-03-10,12.75,1.41,0.1394,251297.14,10023.66,261320.81,0.9616,持有
2017-03-13,12.83,1.42,0.1591,252844.54,10023.66,262868.20,0.9619,持有
2017-03-14,12.86,1.42,0.1658,253308.76,10023.66,263332.42,0.9619,持有
2017-03-15,12.80,1.42,0.1521,252225.58,10023.66,262249.24,0.9618,持有
2017-03-16,13.02,1.44,0.2103,256558.29,10023.66,266581.95,0.9624,持有
2017-03-17,12.81,1.42,0.1548,252380.32,10023.66,262403.98,0.9618,持有
2017-03-20,12.80,1.42,0.1519,252225.58,10023.66,262249.24,0.9618,持有
2017-03-21,12.74,1.41,0.1343,250987.67,10023.66,261011.33,0.9616,持有
2017-03-22,12.62,1.40,0.1060,248666.57,10023.66,258690.23,0.9613,持有
2017-03-23,12.68,1.37,0.0795,249904.49,10023.66,259928.15,0.9614,持有
2017-03-24,12.79,1.38,0.0896,252070.84,10023.66,262094.51,0.9618,持有
2017-03-27,12.77,1.38,0.0856,251606.62,10023.66,261630.29,0.9617,持有
2017-03-28,12.71,1.37,0.0827,250523.45,10023.66,260547.11,0.9615,持有
2017-03-29,12.67,1.37,0.0759,249749.75,10023.66,259773.41,0.9614,持有
2017-03-30,12.62,1.36,0.0703,248666.57,10023.66,258690.23,0.9613,持有
2017-03-31,12.65,1.37,0.0742,249285.53,10023.66,259309.19,0.9613,持有
2017-04-05,12.79,1.38,0.0921,252070.84,10023.66,262094.51,0.9618,持有
2017-04-06,12.75,1.38,0.0859,251297.14,10023.66,261320.81,0.9616,持有
2017-04-07,12.78,1.38,0.0892,251916.10,10023.66,261939.77,0.9617,持有
2017-04-10,12.75,1.38,0.0858,251297.14,10023.66,261320.81,0.9616,持有
2017-04-11,12.78,1.38,0.0891,251761.36,10023.66,261785.03,0.9617,持有
2017-04-12,12.86,1.39,0.1019,253308.76,10023.66,263332.42,0.9619,持有
2017-04-13,12.79,1.38,0.0940,252070.84,10023.66,262094.51,0.9618,持有
2017-04-14,12.71,1.37,0.0839,250368.71,10023.66,260392.37,0.9615,持有
2017-04-17,12.71,1.37,0.0838,250368.71,10023.66,260392.37,0.9615,持有
2017-04-18,12.59,1.36,0.0642,248047.61,10023.66,258071.27,0.9612,持有
2017-04-19,12.60,1.36,0.0676,248357.09,10023.66,258380.75,0.9612,持有
2017-04-20,12.64,1.37,0.0737,249130.79,10023.66,259154.45,0.9613,持有
2017-04-21,12.76,1.38,0.0892,251451.88,10023.66,261475.55,0.9617,持有
2017-04-24,12.80,1.38,0.1009,252225.58,10023.66,262249.24,0.9618,持有
2017-04-25,12.66,1.37,0.0763,249440.27,10023.66,259463.93,0.9614,持有
2017-04-26,12.72,1.38,0.0874,250678.19,10023.66,260701.85,0.9616,持有
2017-04-27,12.75,1.38,0.0885,251142.40,10023.66,261166.07,0.9616,持有
2017-04-28,12.75,1.38,0.0884,251142.40,10023.66,261166.07,0.9616,持有
2017-05-02,12.65,1.34,0.0411,249285.53,10023.66,259309.19,0.9613,持有
2017-05-03,12.60,1.34,0.0378,248357.09,10023.66,258380.75,0.9612,持有
2017-05-04,12.61,1.34,0.0383,248511.83,10023.66,258535.49,0.9612,持有
2017-05-05,12.39,1.31,0.0294,244179.12,10023.66,254202.78,0.9606,持有
2017-05-08,12.30,1.30,0.0255,242322.25,10023.66,252345.91,0.9603,持有
2017-05-09,12.25,1.30,0.0244,241393.81,10023.66,251417.47,0.9601,持有
2017-05-10,12.16,1.29,0.0199,239536.93,10023.66,249560.60,0.9598,持有
2017-05-11,12.19,1.29,0.0216,240155.89,10023.66,250179.55,0.9599,持有
2017-05-12,12.29,1.30,0.0266,242167.51,10023.66,252191.17,0.9603,持有
2017-05-15,12.42,1.32,0.0332,244643.34,10023.66,254667.00,0.9606,持有
2017-05-16,12.44,1.32,0.0343,245107.56,10023.66,255131.22,0.9607,持有
2017-05-17,12.44,1.32,0.0343,245107.56,10023.66,255131.22,0.9607,持有
2017-05-18,12.31,1.30,0.0287,242631.73,10023.66,252655.39,0.9603,持有
2017-05-19,12.34,1.31,0.0326,243095.94,10023.66,253119.61,0.9604,持有
2017-05-22,12.21,1.29,0.0232,240620.11,10023.66,250643.77,0.9600,持有
2017-05-23,12.35,1.31,0.0336,243405.42,10023.66,253429.09,0.9604,持有
2017-05-24,12.40,1.31,0.0347,244333.86,10023.66,254357.52,0.9606,持有
2017-05-25,12.89,1.37,0.0809,253927.72,10023.66,263951.38,0.9620,持有
2017-05-26,12.87,1.36,0.0776,253618.24,10023.66,263641.90,0.9620,持有
2017-05-31,12.91,1.37,0.0847,254391.94,10023.66,264415.60,0.9621,持有
2017-06-01,12.86,1.36,0.0753,253308.76,10023.66,263332.42,0.9619,持有
2017-06-02,12.86,1.36,0.0758,253463.50,10023.66,263487.16,0.9620,持有
2017-06-05,12.73,1.35,0.0571,250832.93,10023.66,260856.59,0.9616,持有
2017-06-06,12.76,1.35,0.0604,251451.88,10023.66,261475.55,0.9617,持有
2017-06-07,12.86,1.36,0.0762,253308.76,10023.66,263332.42,0.9619,持有
2017-06-08,12.91,1.37,0.0872,254391.94,10023.66,264415.60,0.9621,持有
2017-06-09,13.01,1.38,0.1025,256403.55,10023.66,266427.21,0.9624,持有
2017-06-12,12.90,1.37,0.0854,254237.20,10023.66,264260.86,0.9621,持有
2017-06-13,12.89,1.37,0.0854,254082.46,10023.66,264106.12,0.9620,持有
2017-06-14,12.84,1.36,0.0733,252999.28,10023.66,263022.94,0.9619,持有
2017-06-15,12.93,1.37,0.0913,254701.42,10023.66,264725.08,0.9621,持有
2017-06-16,12.81,1.36,0.0694,252380.32,10023.66,262403.98,0.9618,持有
2017-06-19,13.12,1.39,0.1240,258569.91,10023.66,268593.57,0.9627,持有
2017-06-20,13.10,1.39,0.1212,258105.69,10023.66,268129.35,0.9626,持有
2017-06-21,13.17,1.40,0.1331,259498.34,10023.66,269522.01,0.9628,持有
2017-06-22,13.27,1.41,0.1543,261509.96,10023.66,271533.62,0.9631,持有
2017-06-23,13.30,1.41,0.1651,262128.92,10023.66,272152.58,0.9632,持有
2017-06-26,13.55,1.44,0.2266,267080.59,10023.66,277104.25,0.9638,持有
2017-06-27,13.44,1.42,0.2009,264759.49,10023.66,274783.15,0.9635,持有
2017-06-28,13.42,1.42,0.1953,264450.01,10023.66,274473.67,0.9635,持有
2017-06-29,13.42,1.42,0.1952,264450.01,10023.66,274473.67,0.9635,持有
2017-06-30,13.37,1.42,0.1810,263366.84,10023.66,273390.50,0.9633,持有
2017-07-03,13.28,1.41,0.1575,261664.70,10023.66,271688.36,0.9631,持有
2017-07-04,13.14,1.39,0.1276,258879.39,10023.66,268903.05,0.9627,持有
2017-07-05,13.25,1.40,0.1503,261045.74,10023.66,271069.40,0.9630,持有
2017-07-06,13.14,1.39,0.1274,258879.39,10023.66,268903.05,0.9627,持有
2017-07-07,13.31,1.41,0.1696,262283.66,10023.66,272307.32,0.9632,持有
2017-07-10,13.36,1.42,0.1820,263212.10,10023.66,273235.76,0.9633,持有
2017-07-11,13.48,1.43,0.2144,265533.19,10023.66,275556.85,0.9636,持有
2017-07-12,13.53,1.43,0.2262,266616.37,10023.66,276640.03,0.9638,持有
2017-07-13,13.73,1.46,0.2737,270639.60,10023.66,280663.26,0.9643,持有
2017-07-14,13.65,1.45,0.2578,268937.46,10023.66,278961.12,0.9641,持有
2017-07-17,13.35,1.41,0.1799,263057.36,10023.66,273081.02,0.9633,持有
2017-07-18,13.21,1.40,0.1415,260272.04,10023.66,270295.71,0.9629,持有
2017-07-19,13.96,1.48,0.3211,275127.05,10023.66,285150.71,0.9648,持有
2017-07-20,13.83,1.47,0.2967,272496.47,10023.66,282520.14,0.9645,持有
2017-07-21,13.76,1.46,0.2787,271103.82,10023.66,281127.48,0.9643,持有
2017-07-24,13.75,1.46,0.2775,270949.08,10023.66,280972.74,0.9643,持有
2017-07-25,13.68,1.45,0.2666,269556.42,10023.66,279580.08,0.9641,持有
2017-07-26,13.75,1.46,0.2777,270949.08,10023.66,280972.74,0.9643,持有
2017-07-27,13.69,1.45,0.2673,269711.16,10023.66,279734.82,0.9642,持有
2017-07-28,13.57,1.44,0.2371,267390.07,10023.66,277413.73,0.9639,持有
2017-07-31,13.62,1.44,0.2520,268473.24,10023.66,278496.90,0.9640,持有
2017-08-01,13.79,1.46,0.2905,271722.77,10023.66,281746.44,0.9644,持有
2017-08-02,13.86,1.47,0.3076,273115.43,10023.66,283139.09,0.9646,持有
2017-08-03,13.74,1.46,0.2768,270794.34,10023.66,280818.00,0.9643,持有
2017-08-04,13.79,1.46,0.2906,271722.77,10023.66,281746.44,0.9644,持有
2017-08-07,13.59,1.44,0.2433,267854.28,10023.66,277877.95,0.9639,持有
2017-08-08,13.62,1.44,0.2480,268318.50,10023.66,278342.17,0.9640,持有
2017-08-09,13.45,1.43,0.2093,265068.97,10023.66,275092.63,0.9636,持有
2017-08-10,13.52,1.43,0.2253,266461.63,10023.66,276485.29,0.9637,持有
2017-08-11,13.25,1.40,0.1492,261045.74,10023.66,271069.40,0.9630,持有
2017-08-14,13.39,1.42,0.1892,263831.05,10023.66,273854.72,0.9634,持有
2017-08-15,13.37,1.42,0.1827,263366.84,10023.66,273390.50,0.9633,持有
2017-08-16,13.41,1.42,0.1949,264295.27,10023.66,274318.94,0.9635,持有
2017-08-17,13.48,1.43,0.2150,265533.19,10023.66,275556.85,0.9636,持有
2017-08-18,13.39,1.39,0.1211,263795.85,10023.66,273819.51,0.9634,持有
2017-08-21,13.48,1.40,0.1386,265533.43,10023.66,275557.09,0.9636,持有
2017-08-22,13.44,1.40,0.1316,264901.58,10023.66,274925.24,0.9635,持有
2017-08-23,13.56,1.41,0.1587,267113.04,10023.66,277136.70,0.9638,持有
2017-08-24,13.35,1.39,0.1166,263006.04,10023.66,273029.70,0.9633,持有
2017-08-25,13.74,1.43,0.2144,270746.16,10023.66,280769.82,0.9643,持有
2017-08-28,14.59,1.53,0.3876,287490.09,10023.66,297513.75,0.9663,持有
2017-08-29,14.43,1.52,0.3709,284330.85,10023.66,294354.52,0.9659,持有
2017-08-30,14.45,1.52,0.3744,284646.78,10023.66,294670.44,0.9660,持有
2017-08-31,14.61,1.54,0.3912,287963.97,10023.66,297987.63,0.9664,持有
2017-09-01,14.67,1.54,0.4000,289069.70,10023.66,299093.36,0.9665,持有
2017-09-04,14.57,1.53,0.3855,287174.16,10023.66,297197.83,0.9663,持有
2017-09-05,14.58,1.53,0.3863,287332.12,10023.66,297355.79,0.9663,持有
2017-09-06,14.52,1.53,0.3798,286068.43,10023.66,296092.09,0.9661,持有
2017-09-07,14.39,1.51,0.3642,283541.05,10023.66,293564.71,0.9659,持有
2017-09-08,14.25,1.50,0.3476,280697.74,10023.66,290721.40,0.9655,持有
2017-09-11,14.25,1.50,0.3496,280855.70,10023.66,290879.36,0.9655,持有
2017-09-12,14.36,1.51,0.3599,282909.20,10023.66,292932.86,0.9658,持有
2017-09-13,14.34,1.51,0.3571,282593.28,10023.66,292616.94,0.9657,持有
2017-09-14,14.41,1.52,0.3675,283856.97,10023.66,293880.63,0.9659,持有
2017-09-15,14.45,1.52,0.3768,284804.74,10023.66,294828.40,0.9660,持有
2017-09-18,14.73,1.55,0.4119,290333.39,10023.66,300357.06,0.9666,持有
2017-09-19,14.56,1.53,0.3859,286858.24,10023.66,296881.90,0.9662,持有
2017-09-20,14.53,1.53,0.3820,286226.39,10023.66,296250.06,0.9662,持有
2017-09-21,14.52,1.53,0.3813,286068.43,10023.66,296092.09,0.9661,持有
2017-09-22,14.54,1.53,0.3847,286542.32,10023.66,296565.98,0.9662,持有
2017-09-25,14.49,1.52,0.3787,285594.55,10023.66,295618.21,0.9661,持有
2017-09-26,14.43,1.52,0.3701,284330.85,10023.66,294354.52,0.9659,持有
2017-09-27,14.45,1.52,0.3757,284804.74,10023.66,294828.40,0.9660,持有
2017-09-28,14.45,1.52,0.3755,284804.74,10023.66,294828.40,0.9660,持有
2017-09-29,14.58,1.53,0.3911,287332.12,10023.66,297355.79,0.9663,持有
2017-10-09,14.52,1.53,0.3820,286068.43,10023.66,296092.09,0.9661,持有
2017-10-10,14.61,1.54,0.3970,287963.97,10023.66,297987.63,0.9664,持有
2017-10-11,14.47,1.52,0.3763,285120.66,10023.66,295144.32,0.9660,持有
2017-10-12,14.43,1.52,0.3688,284330.85,10023.66,294354.52,0.9659,持有
2017-10-13,14.43,1.52,0.3686,284330.85,10023.66,294354.52,0.9659,持有
2017-10-16,14.41,1.52,0.3642,283856.97,10023.66,293880.63,0.9659,持有
2017-10-17,14.35,1.51,0.3562,282751.24,10023.66,292774.90,0.9658,持有
2017-10-18,14.47,1.52,0.3774,285120.66,10023.66,295144.32,0.9660,持有
2017-10-19,14.26,1.50,0.3469,281013.66,10023.66,291037.32,0.9656,持有
2017-10-20,14.25,1.50,0.3452,280855.70,10023.66,290879.36,0.9655,持有
2017-10-23,14.09,1.48,0.3267,277696.47,10023.66,287720.13,0.9652,持有
2017-10-24,14.26,1.50,0.3474,281013.66,10023.66,291037.32,0.9656,持有
2017-10-25,14.31,1.51,0.3514,281961.43,10023.66,291985.09,0.9657,持有
2017-10-26,14.37,1.51,0.3616,283067.16,10023.66,293090.82,0.9658,持有
2017-10-27,14.32,1.51,0.3536,282119.39,10023.66,292143.05,0.9657,持有
2017-10-30,14.00,1.47,0.3139,275958.89,10023.66,285982.55,0.9650,持有
2017-10-31,13.88,1.43,0.2107,273589.47,10023.66,283613.13,0.9647,持有
2017-11-01,13.80,1.42,0.1888,272009.85,10023.66,282033.51,0.9645,持有
2017-11-02,13.81,1.42,0.1913,272167.81,10023.66,282191.47,0.9645,持有
2017-11-03,13.84,1.42,0.2031,272799.66,10023.66,282823.32,0.9646,持有
2017-11-06,13.73,1.41,0.1693,270588.20,10023.66,280611.86,0.9643,持有
2017-11-07,14.04,1.44,0.2553,276748.70,10023.66,286772.36,0.9650,持有
2017-11-08,14.52,1.49,0.3377,286068.43,10023.66,296092.09,0.9661,持有
2017-11-09,14.65,1.51,0.3572,288753.78,10023.66,298777.44,0.9665,持有
2017-11-10,14.74,1.52,0.3705,290491.36,10023.66,300515.02,0.9666,持有
2017-11-13,14.62,1.50,0.3521,288121.93,10023.66,298145.59,0.9664,持有
2017-11-14,14.54,1.49,0.3411,286542.32,10023.66,296565.98,0.9662,持有
2017-11-15,14.49,1.49,0.3352,285594.55,10023.66,295618.21,0.9661,持有
2017-11-16,14.29,1.47,0.3087,281487.55,10023.66,291511.21,0.9656,持有
2017-11-17,14.67,1.51,0.3587,289069.70,10023.66,299093.36,0.9665,持有
2017-11-20,14.21,1.46,0.2929,280065.89,10023.66,290089.55,0.9654,持有
2017-11-21,15.41,1.58,0.4595,303602.17,10023.66,313625.83,0.9680,持有
2017-11-22,15.78,1.62,0.5036,310868.40,10023.66,320892.06,0.9688,持有
2017-11-23,15.35,1.58,0.4544,302496.44,10023.66,312520.10,0.9679,持有
2017-11-24,15.24,1.57,0.4412,300284.97,10023.66,310308.64,0.9677,持有
2017-11-27,15.25,1.57,0.4426,300442.94,10023.66,310466.60,0.9677,持有
2017-11-28,15.12,1.55,0.4289,297915.55,10023.66,307939.21,0.9674,持有
2017-11-29,15.37,1.58,0.4570,302812.36,10023.66,312836.02,0.9680,持有
2017-11-30,15.38,1.58,0.4588,303128.28,10023.66,313151.95,0.9680,持有
2017-12-01,15.18,1.56,0.4350,299179.24,10023.66,309202.91,0.9676,持有
2017-12-04,15.18,1.56,0.4347,299179.24,10023.66,309202.91,0.9676,持有
2017-12-05,15.45,1.59,0.4669,304391.98,10023.66,314415.64,0.9681,持有
2017-12-06,15.44,1.59,0.4646,304234.01,10023.66,314257.68,0.9681,持有
2017-12-07,14.92,1.53,0.3976,293966.51,10023.66,303990.17,0.9670,持有
2017-12-08,14.84,1.53,0.3872,292386.89,10023.66,302410.56,0.9669,持有
2017-12-11,15.04,1.55,0.4172,296335.93,10023.66,306359.60,0.9673,持有
2017-12-12,14.66,1.51,0.3560,288911.74,10023.66,298935.40,0.9665,持有
2017-12-13,14.77,1.52,0.3758,290965.24,10023.66,300988.90,0.9667,持有
2017-12-14,14.54,1.49,0.3388,286542.32,10023.66,296565.98,0.9662,持有
2017-12-15,14.39,1.48,0.3228,283541.05,10023.66,293564.71,0.9659,持有
2017-12-18,14.45,1.49,0.3282,284804.74,10023.66,294828.40,0.9660,持有
2017-12-19,14.65,1.51,0.3551,288595.82,10023.66,298619.48,0.9664,持有
2017-12-20,14.33,1.47,0.3121,282277.35,10023.66,292301.02,0.9657,持有
2017-12-21,14.58,1.50,0.3461,287332.12,10023.66,297355.79,0.9663,持有
2017-12-22,14.58,1.50,0.3459,287332.12,10023.66,297355.79,0.9663,持有
2017-12-25,14.48,1.49,0.3325,285278.62,10023.66,295302.29,0.9661,持有
2017-12-26,14.76,1.52,0.3761,290807.28,10023.66,300830.94,0.9667,持有
2017-12-27,14.51,1.49,0.3347,285910.47,10023.66,295934.13,0.9661,持有
2017-12-28,14.53,1.49,0.3360,286226.39,10023.66,296250.06,0.9662,持有
2017-12-29,14.51,1.49,0.3344,285910.47,10023.66,295934.13,0.9661,持有
2018-01-02,14.78,1.52,0.3835,291281.16,10023.66,301304.83,0.9667,持有
2018-01-03,14.92,1.53,0.4021,293966.51,10023.66,303990.17,0.9670,持有
2018-01-04,14.97,1.54,0.4111,294914.28,10023.66,304937.94,0.9671,持有
2018-01-05,15.13,1.56,0.4352,298231.47,10023.66,308255.14,0.9675,持有
2018-01-08,15.66,1.61,0.4985,308656.94,10023.66,318680.60,0.9685,持有
2018-01-09,15.58,1.60,0.4881,307077.32,10023.66,317100.98,0.9684,持有
2018-01-10,15.72,1.62,0.5056,309762.67,10023.66,319786.33,0.9687,持有
2018-01-11,15.46,1.59,0.4729,304549.94,10023.66,314573.60,0.9681,持有
2018-01-12,15.50,1.59,0.4762,305339.74,10023.66,315363.41,0.9682,持有
2018-01-15,15.59,1.60,0.4896,307235.28,10023.66,317258.95,0.9684,持有
2018-01-16,16.23,1.67,0.5638,319872.21,10023.66,329895.87,0.9696,持有
2018-01-17,16.79,1.73,0.6085,330771.56,10023.66,340795.22,0.9706,持有
2018-01-18,17.16,1.76,0.6309,338195.75,10023.66,348219.42,0.9712,持有
2018-01-19,17.07,1.75,0.6241,336300.22,10023.66,346323.88,0.9711,持有
2018-01-22,16.99,1.75,0.6192,334878.56,10023.66,344902.22,0.9709,持有
2018-01-23,17.00,1.75,0.6199,335036.52,10023.66,345060.19,0.9710,持有
2018-01-24,18.37,1.89,0.7164,362047.95,10023.66,372071.62,0.9731,卖出(降至70%)
2018-01-25,17.90,1.84,0.6873,253756.67,109743.70,363500.37,0.6981,持有
2018-01-26,17.91,1.84,0.6880,253870.31,109743.70,363614.01,0.6982,持有
2018-01-29,17.72,1.82,0.6751,251256.61,109743.70,361000.31,0.6960,持有
2018-01-30,17.34,1.78,0.6450,245801.92,109743.70,355545.62,0.6913,持有
2018-01-31,17.07,1.75,0.6225,241938.18,109743.70,351681.88,0.6879,持有
2018-02-01,17.24,1.77,0.6378,244324.61,109743.70,354068.31,0.6900,持有
2018-02-02,17.25,1.77,0.6380,244551.89,109743.70,354295.59,0.6902,持有
2018-02-05,17.47,1.80,0.6558,247620.15,109743.70,357363.85,0.6929,持有
2018-02-06,16.47,1.69,0.5806,233528.87,109743.70,343272.57,0.6803,持有
2018-02-07,15.67,1.61,0.4955,222164.93,109743.70,331908.63,0.6694,持有
2018-02-08,15.42,1.59,0.4636,218642.11,109743.70,328385.81,0.6658,持有
2018-02-09,13.91,1.43,0.2116,197164.28,109743.70,306907.98,0.6424,持有
2018-02-12,13.89,1.43,0.2085,196937.00,109743.70,306680.70,0.6422,持有
2018-02-13,14.12,1.45,0.2645,200232.54,109743.70,309976.24,0.6460,持有
2018-02-14,14.13,1.45,0.2669,200346.18,109743.70,310089.88,0.6461,持有
2018-02-22,14.44,1.48,0.3228,204664.47,109743.70,314408.17,0.6510,持有
2018-02-23,14.58,1.50,0.3437,206709.98,109743.70,316453.68,0.6532,持有
2018-02-26,14.95,1.54,0.4050,211937.39,109743.70,321681.09,0.6588,持有
2018-02-27,14.63,1.50,0.3508,207391.82,109743.70,317135.52,0.6540,持有
2018-02-28,14.52,1.49,0.3322,205800.87,109743.70,315544.57,0.6522,持有
2018-03-01,14.53,1.49,0.3345,206028.15,109743.70,315771.85,0.6525,持有
2018-03-02,14.29,1.47,0.3019,202618.97,109743.70,312362.67,0.6487,持有
2018-03-05,14.33,1.47,0.3072,203073.52,109743.70,312817.22,0.6492,持有
2018-03-06,14.77,1.52,0.3774,209323.69,109743.70,319067.39,0.6560,持有
2018-03-07,14.65,1.51,0.3553,207619.10,109743.70,317362.80,0.6542,持有
2018-03-08,14.74,1.52,0.3710,208982.77,109743.70,318726.47,0.6557,持有
2018-03-09,15.12,1.55,0.4321,214323.82,109743.70,324067.52,0.6614,持有
2018-03-12,15.47,1.59,0.4741,219323.95,109743.70,329067.65,0.6665,持有
2018-03-13,15.19,1.56,0.4411,215346.57,109743.70,325090.27,0.6624,持有
2018-03-14,14.99,1.54,0.4140,212505.59,109743.70,322249.29,0.6594,持有
2018-03-15,15.07,1.55,0.4247,213641.98,109743.70,323385.68,0.6606,持有
2018-03-16,14.70,1.51,0.3649,208414.57,109743.70,318158.27,0.6551,持有
2018-03-19,14.86,1.53,0.3926,210687.36,109743.70,320431.06,0.6575,持有
2018-03-20,14.97,1.54,0.4122,212278.31,109743.70,322022.01,0.6592,持有
2018-03-21,14.83,1.52,0.3882,210232.80,109743.70,319976.50,0.6570,持有
2018-03-22,15.04,1.55,0.4217,213187.42,109743.70,322931.13,0.6602,持有
2018-03-23,14.19,1.43,0.2150,201141.65,109743.70,310885.35,0.6470,持有
2018-03-26,14.45,1.46,0.2723,204778.11,109743.70,314521.81,0.6511,持有
2018-03-27,14.69,1.48,0.3191,208187.29,109743.70,317930.99,0.6548,持有
2018-03-28,14.32,1.44,0.2468,202959.88,109743.70,312703.58,0.6490,持有
2018-03-29,14.68,1.48,0.3188,208073.65,109743.70,317817.36,0.6547,持有
2018-03-30,14.89,1.50,0.3503,211141.92,109743.70,320885.62,0.6580,持有
2018-04-02,15.17,1.53,0.3990,215119.29,109743.70,324862.99,0.6622,持有
2018-04-03,15.40,1.55,0.4353,218301.20,109743.70,328044.90,0.6655,持有
2018-04-04,15.24,1.54,0.4110,216028.41,109743.70,325772.11,0.6631,持有
2018-04-09,15.50,1.56,0.4482,219778.51,109743.70,329522.21,0.6670,持有
2018-04-10,15.82,1.60,0.4879,224324.08,109743.70,334067.78,0.6715,持有
2018-04-11,15.59,1.57,0.4567,221028.54,109743.70,330772.24,0.6682,持有
2018-04-12,15.32,1.55,0.4229,217164.80,109743.70,326908.50,0.6643,持有
2018-04-13,15.17,1.53,0.3976,215005.65,109743.70,324749.36,0.6621,持有
2018-04-16,14.74,1.49,0.3251,208982.77,109743.70,318726.47,0.6557,持有
2018-04-17,14.76,1.49,0.3274,209210.05,109743.70,318953.75,0.6559,持有
2018-04-18,15.06,1.52,0.3833,213528.34,109743.70,323272.04,0.6605,持有
2018-04-19,15.24,1.54,0.4111,216028.41,109743.70,325772.11,0.6631,持有
2018-04-20,14.65,1.48,0.3132,207732.74,109743.70,317476.44,0.6543,持有
2018-04-23,14.85,1.50,0.3425,210573.72,109743.70,320317.42,0.6574,持有
2018-04-24,15.42,1.56,0.4404,218642.11,109743.70,328385.81,0.6658,持有
2018-04-25,15.34,1.55,0.4284,217505.72,109743.70,327249.42,0.6646,持有
2018-04-26,15.02,1.52,0.3714,212960.15,109743.70,322703.85,0.6599,持有
2018-04-27,15.22,1.54,0.4074,215801.13,109743.70,325544.83,0.6629,持有
2018-05-02,15.34,1.53,0.3950,217505.72,109743.70,327249.42,0.6646,持有
2018-05-03,15.70,1.56,0.4516,222619.49,109743.70,332363.19,0.6698,持有
2018-05-04,15.53,1.55,0.4274,220119.43,109743.70,329863.13,0.6673,持有
2018-05-07,15.74,1.57,0.4565,223074.05,109743.70,332817.75,0.6703,持有
2018-05-08,15.98,1.59,0.4841,226596.87,109743.70,336340.57,0.6737,持有
2018-05-09,15.83,1.58,0.4678,224437.72,109743.70,334181.42,0.6716,持有
2018-05-10,15.90,1.58,0.4749,225460.48,109743.70,335204.18,0.6726,持有
2018-05-11,15.62,1.56,0.4415,221483.10,109743.70,331226.80,0.6687,持有
2018-05-14,15.93,1.59,0.4783,225801.39,109743.70,335545.09,0.6729,持有
2018-05-15,15.89,1.58,0.4727,225233.20,109743.70,334976.90,0.6724,持有
2018-05-16,15.65,1.56,0.4428,221824.02,109743.70,331567.72,0.6690,持有
2018-05-17,15.43,1.54,0.4090,218755.75,109743.70,328499.45,0.6659,持有
2018-05-18,15.82,1.58,0.4642,224210.44,109743.70,333954.14,0.6714,持有
2018-05-21,15.88,1.58,0.4728,225119.56,109743.70,334863.26,0.6723,持有
2018-05-22,15.79,1.57,0.4604,223869.52,109743.70,333613.23,0.6710,持有
2018-05-23,15.64,1.56,0.4417,221710.38,109743.70,331454.08,0.6689,持有
2018-05-24,15.53,1.55,0.4250,220119.43,109743.70,329863.13,0.6673,持有
2018-05-25,15.28,1.52,0.3830,216596.61,109743.70,326340.31,0.6637,持有
2018-05-28,15.43,1.54,0.4081,218755.75,109743.70,328499.45,0.6659,持有
2018-05-29,15.13,1.51,0.3531,214437.46,109743.70,324181.16,0.6615,持有
2018-05-30,14.53,1.45,0.2482,205914.51,109743.70,315658.21,0.6523,持有
2018-05-31,14.94,1.49,0.3236,211823.75,109743.70,321567.45,0.6587,持有
2018-06-01,14.89,1.48,0.3157,211028.28,109743.70,320771.98,0.6579,持有
2018-06-04,14.98,1.49,0.3291,212391.95,109743.70,322135.65,0.6593,持有
2018-06-05,15.05,1.50,0.3420,213301.06,109743.70,323044.77,0.6603,持有
2018-06-06,14.99,1.49,0.3303,212505.59,109743.70,322249.29,0.6594,持有
2018-06-07,15.23,1.52,0.3741,215914.77,109743.70,325658.47,0.6630,持有
2018-06-08,14.90,1.48,0.3174,211255.56,109743.70,320999.26,0.6581,持有
2018-06-11,14.99,1.49,0.3303,212505.59,109743.70,322249.29,0.6594,持有
2018-06-12,15.09,1.50,0.3485,213869.26,109743.70,323612.96,0.6609,持有
2018-06-13,14.87,1.48,0.3131,210801.00,109743.70,320544.70,0.6576,持有
2018-06-14,14.97,1.49,0.3264,212164.67,109743.70,321908.37,0.6591,持有
2018-06-15,14.77,1.47,0.2988,209437.33,109743.70,319181.03,0.6562,持有
2018-06-19,13.83,1.38,0.0915,186027.88,119743.70,305771.58,0.6084,买入(补至100% + 定投10000.0)
2018-06-20,13.69,1.36,0.0722,302754.73,10952.31,313707.04,0.9651,持有
2018-06-21,13.05,1.30,0.0231,288574.18,10952.31,299526.49,0.9634,持有
2018-06-22,13.26,1.32,0.0342,293182.86,10952.31,304135.17,0.9640,持有
2018-06-25,12.95,1.29,0.0183,286447.10,10952.31,297399.41,0.9632,持有
2018-06-26,13.11,1.31,0.0284,289992.24,10952.31,300944.55,0.9636,持有
2018-06-27,12.86,1.28,0.0120,284320.02,10952.31,295272.33,0.9629,持有
2018-06-28,12.95,1.29,0.0187,286447.10,10952.31,297399.41,0.9632,持有
2018-06-29,13.28,1.32,0.0374,293714.63,10952.31,304666.94,0.9641,持有
2018-07-02,12.86,1.28,0.0120,284320.02,10952.31,295272.33,0.9629,持有
2018-07-03,13.08,1.30,0.0273,289283.21,10952.31,300235.52,0.9635,持有
2018-07-04,12.90,1.28,0.0158,285206.30,10952.31,296158.61,0.9630,持有
2018-07-05,12.84,1.28,0.0105,283965.50,10952.31,294917.81,0.9629,持有
2018-07-06,12.96,1.29,0.0220,286624.36,10952.31,297576.67,0.9632,持有
2018-07-09,13.23,1.32,0.0378,292651.09,10952.31,303603.40,0.9639,持有
2018-07-10,13.24,1.32,0.0387,292828.35,10952.31,303780.66,0.9639,持有
2018-07-11,12.89,1.28,0.0158,285029.04,10952.31,295981.35,0.9630,持有
2018-07-12,13.29,1.32,0.0420,293891.89,10952.31,304844.20,0.9641,持有
2018-07-13,13.31,1.33,0.0430,294246.40,10952.31,305198.71,0.9641,持有
2018-07-16,13.24,1.32,0.0391,292828.35,10952.31,303780.66,0.9639,持有
2018-07-17,13.09,1.30,0.0301,289460.47,10952.31,300412.78,0.9635,持有
2018-07-18,12.98,1.29,0.0234,286978.87,10952.31,297931.18,0.9632,持有
2018-07-19,13.03,1.30,0.0267,288042.41,10952.31,298994.72,0.9634,持有
2018-07-20,13.49,1.34,0.0562,298323.31,10952.31,309275.62,0.9646,持有
2018-07-23,13.74,1.37,0.0910,303818.27,10952.31,314770.58,0.9652,持有
2018-07-24,13.88,1.38,0.1119,307008.90,10952.31,317961.21,0.9656,持有
2018-07-25,13.84,1.38,0.1051,306122.61,10952.31,317074.92,0.9655,持有
2018-07-26,13.56,1.35,0.0628,299918.62,10952.31,310870.93,0.9648,持有
2018-07-27,13.50,1.34,0.0570,298500.57,10952.31,309452.88,0.9646,持有
2018-07-30,13.60,1.36,0.0684,300804.90,10952.31,311757.21,0.9649,持有
2018-07-31,13.52,1.35,0.0579,298855.08,10952.31,309807.39,0.9646,持有
2018-08-01,13.28,1.32,0.0422,293537.37,10952.31,304489.68,0.9640,持有
2018-08-02,12.92,1.29,0.0190,285738.07,10952.31,296690.38,0.9631,持有
2018-08-03,12.84,1.28,0.0104,283965.50,10952.31,294917.81,0.9629,持有
2018-08-06,12.75,1.27,0.0081,282015.68,10952.31,292967.99,0.9626,持有
2018-08-07,13.13,1.31,0.0369,290346.75,10952.31,301299.06,0.9636,持有
2018-08-08,12.85,1.28,0.0123,284142.76,10952.31,295095.07,0.9629,持有
2018-08-09,13.13,1.31,0.0374,290346.75,10952.31,301299.06,0.9636,持有
2018-08-10,13.12,1.31,0.0374,290169.49,10952.31,301121.80,0.9636,持有
2018-08-13,12.99,1.29,0.0265,287333.38,10952.31,298285.69,0.9633,持有
2018-08-14,12.98,1.29,0.0250,286978.87,10952.31,297931.18,0.9632,持有
2018-08-15,12.72,1.27,0.0066,281306.65,10952.31,292258.96,0.9625,持有
2018-08-16,12.79,1.27,0.0099,282724.70,10952.31,293677.01,0.9627,持有
2018-08-17,12.63,1.26,0.0042,279179.57,10952.31,290131.88,0.9623,持有
2018-08-20,12.88,1.28,0.0184,284851.79,10952.31,295804.10,0.9630,持有
2018-08-21,12.95,1.29,0.0240,286447.10,10952.31,297399.41,0.9632,持有
2018-08-22,12.96,1.29,0.0264,286624.36,10952.31,297576.67,0.9632,持有
2018-08-23,13.05,1.30,0.0330,288574.18,10952.31,299526.49,0.9634,持有
2018-08-24,13.15,1.29,0.0273,290754.76,10952.31,301707.07,0.9637,持有
2018-08-27,13.42,1.32,0.0475,296751.57,10952.31,307703.88,0.9644,持有
2018-08-28,13.32,1.31,0.0437,294570.91,10952.31,305523.22,0.9642,持有
2018-08-29,13.21,1.30,0.0324,292026.81,10952.31,302979.12,0.9639,持有
2018-08-30,13.10,1.29,0.0221,289664.43,10952.31,300616.74,0.9636,持有
2018-08-31,13.13,1.29,0.0244,290391.31,10952.31,301343.62,0.9637,持有
2018-09-03,13.22,1.30,0.0347,292390.25,10952.31,303342.56,0.9639,持有
2018-09-04,13.37,1.31,0.0474,295661.24,10952.31,306613.55,0.9643,持有
2018-09-05,13.08,1.29,0.0206,289300.98,10952.31,300253.29,0.9635,持有
2018-09-06,13.03,1.28,0.0150,288210.65,10952.31,299162.96,0.9634,持有
2018-09-07,13.06,1.28,0.0178,288755.82,10952.31,299708.13,0.9635,持有
2018-09-10,12.67,1.25,0.0028,280214.90,10952.31,291167.21,0.9624,持有
2018-09-11,12.75,1.25,0.0037,282032.11,10952.31,292984.42,0.9626,持有
2018-09-12,12.75,1.25,0.0037,282032.11,10952.31,292984.42,0.9626,持有
2018-09-13,12.91,1.27,0.0094,285484.83,10952.31,296437.14,0.9631,持有
2018-09-14,12.89,1.27,0.0084,284939.66,10952.31,295891.97,0.9630,持有
2018-09-17,12.81,1.26,0.0061,283304.17,10952.31,294256.48,0.9628,持有
2018-09-18,13.07,1.28,0.0224,288937.54,10952.31,299889.85,0.9635,持有
2018-09-19,13.26,1.30,0.0420,293117.14,10952.31,304069.45,0.9640,持有
2018-09-20,13.26,1.30,0.0434,293298.86,10952.31,304251.17,0.9640,持有
2018-09-21,13.71,1.35,0.0756,303111.83,10952.31,314064.14,0.9651,持有
2018-09-25,13.49,1.33,0.0606,298205.35,10952.31,309157.66,0.9646,持有
2018-09-26,13.61,1.34,0.0676,300931.17,10952.31,311883.48,0.9649,持有
2018-09-27,13.58,1.33,0.0652,300386.01,10952.31,311338.32,0.9648,持有
2018-09-28,13.72,1.35,0.0782,303293.56,10952.31,314245.87,0.9651,持有
2018-10-08,13.12,1.29,0.0284,290027.87,10952.31,300980.18,0.9636,持有
2018-10-09,13.18,1.30,0.0363,291481.64,10952.31,302433.95,0.9638,持有
2018-10-10,13.27,1.30,0.0456,293480.58,10952.31,304432.89,0.9640,持有
2018-10-11,12.47,1.23,0.0000,275671.85,10952.31,286624.16,0.9618,持有
2018-10-12,12.50,1.23,0.0005,276398.74,10952.31,287351.05,0.9619,持有
2018-10-15,12.34,1.21,0.0000,272946.03,10952.31,283898.34,0.9614,持有
2018-10-16,12.25,1.20,0.0000,270765.37,10952.31,281717.68,0.9611,持有
2018-10-17,12.40,1.22,0.0009,274218.08,10952.31,285170.39,0.9616,持有
2018-10-18,12.20,1.20,0.0000,269675.04,10952.31,280627.35,0.9610,持有
2018-10-19,12.64,1.24,0.0046,279488.01,10952.31,290440.32,0.9623,持有
2018-10-22,13.91,1.37,0.1102,307473.16,10952.31,318425.47,0.9656,持有
2018-10-23,13.73,1.35,0.0838,303657.00,10952.31,314609.31,0.9652,持有
2018-10-24,13.91,1.37,0.1120,307654.88,10952.31,318607.19,0.9656,持有
2018-10-25,14.26,1.40,0.1656,315287.19,10952.31,326239.50,0.9664,持有
2018-10-26,13.87,1.36,0.1049,306746.27,10952.31,317698.58,0.9655,持有
2018-10-29,13.68,1.34,0.0781,302566.67,10952.31,313518.98,0.9651,持有
2018-10-30,14.22,1.40,0.1594,314378.58,10952.31,325330.89,0.9663,持有
2018-10-31,14.10,1.36,0.0997,311834.48,10952.31,322786.79,0.9661,持有
2018-11-01,14.27,1.38,0.1269,315468.91,10952.31,326421.22,0.9664,持有
2018-11-02,14.62,1.41,0.1910,323282.95,10952.31,334235.26,0.9672,持有
2018-11-05,14.55,1.40,0.1752,321829.17,10952.31,332781.48,0.9671,持有
2018-11-06,14.55,1.40,0.1751,321829.17,10952.31,332781.48,0.9671,持有
2018-11-07,14.22,1.37,0.1225,314378.58,10952.31,325330.89,0.9663,持有
2018-11-08,13.95,1.35,0.0797,308381.76,10952.31,319334.07,0.9657,持有
2018-11-09,13.91,1.34,0.0750,307473.16,10952.31,318425.47,0.9656,持有
2018-11-12,14.08,1.36,0.0975,311289.31,10952.31,322241.62,0.9660,持有
2018-11-13,14.29,1.38,0.1324,316014.08,10952.31,326966.39,0.9665,持有
2018-11-14,14.01,1.35,0.0882,309835.54,10952.31,320787.85,0.9659,持有
2018-11-15,14.30,1.38,0.1341,316195.80,10952.31,327148.11,0.9665,持有
2018-11-16,14.45,1.39,0.1566,319466.79,10952.31,330419.10,0.9669,持有
2018-11-19,14.85,1.43,0.2497,328371.15,10952.31,339323.46,0.9677,持有
2018-11-20,14.28,1.38,0.1294,315650.63,10952.31,326602.94,0.9665,持有
2018-11-21,14.09,1.36,0.0986,311471.03,10952.31,322423.34,0.9660,持有
2018-11-22,14.00,1.35,0.0875,309653.82,10952.31,320606.13,0.9658,持有
2018-11-23,13.64,1.32,0.0573,301658.06,10952.31,312610.37,0.9650,持有
2018-11-26,13.62,1.31,0.0568,301112.89,10952.31,312065.21,0.9649,持有
2018-11-27,13.73,1.33,0.0654,303657.00,10952.31,314609.31,0.9652,持有
2018-11-28,13.98,1.35,0.0855,309108.65,10952.31,320060.96,0.9658,持有
2018-11-29,13.67,1.32,0.0608,302203.23,10952.31,313155.54,0.9650,持有
2018-11-30,13.86,1.34,0.0736,306564.55,10952.31,317516.86,0.9655,持有
2018-12-03,14.33,1.38,0.1434,316922.68,10952.31,327874.99,0.9666,持有
2018-12-04,14.46,1.40,0.1648,319830.23,10952.31,330782.54,0.9669,持有
2018-12-05,14.34,1.38,0.1465,317104.41,10952.31,328056.72,0.9666,持有
2018-12-06,13.98,1.35,0.0862,309108.65,10952.31,320060.96,0.9658,持有
2018-12-07,14.01,1.35,0.0912,309835.54,10952.31,320787.85,0.9659,持有
2018-12-10,13.78,1.33,0.0693,304747.33,10952.31,315699.64,0.9653,持有
2018-12-11,13.87,1.34,0.0752,306746.27,10952.31,317698.58,0.9655,持有
2018-12-12,13.95,1.35,0.0824,308381.76,10952.31,319334.07,0.9657,持有
2018-12-13,14.12,1.36,0.1097,312197.92,10952.31,323150.23,0.9661,持有
2018-12-14,13.85,1.34,0.0723,306201.10,10952.31,317153.41,0.9655,持有
2018-12-17,13.95,1.35,0.0846,308563.49,10952.31,319515.80,0.9657,持有
2018-12-18,13.68,1.32,0.0618,302566.67,10952.31,313518.98,0.9651,持有
2018-12-19,13.49,1.30,0.0450,298387.07,10952.31,309339.38,0.9646,持有
2018-12-20,13.56,1.31,0.0540,299840.84,10952.31,310793.15,0.9648,持有
2018-12-21,13.23,1.28,0.0172,292571.97,10952.31,303524.28,0.9639,持有
2018-12-24,13.16,1.27,0.0145,290936.48,10952.31,301888.79,0.9637,持有
2018-12-25,13.16,1.27,0.0145,290936.48,10952.31,301888.79,0.9637,持有
2018-12-26,13.16,1.27,0.0145,290936.48,10952.31,301888.79,0.9637,持有
2018-12-27,13.16,1.27,0.0145,290936.48,10952.31,301888.79,0.9637,持有
2018-12-28,13.16,1.27,0.0145,290936.48,10952.31,301888.79,0.9637,持有
2019-01-02,13.16,1.27,0.0145,290936.48,10952.31,301888.79,0.9637,持有
2019-01-03,13.16,1.27,0.0145,290936.48,10952.31,301888.79,0.9637,持有
2019-01-04,13.16,1.27,0.0145,290936.48,10952.31,301888.79,0.9637,持有
2019-01-07,13.16,1.27,0.0145,290936.48,10952.31,301888.79,0.9637,持有
2019-01-08,13.16,1.27,0.0145,290936.48,10952.31,301888.79,0.9637,持有
2019-01-09,13.16,1.27,0.0145,290936.48,10952.31,301888.79,0.9637,持有
2019-01-10,13.81,1.33,0.0758,305292.49,10952.31,316244.80,0.9654,持有
2019-01-11,13.95,1.35,0.0894,308381.76,10952.31,319334.07,0.9657,持有
2019-01-14,13.97,1.35,0.0947,308926.93,10952.31,319879.24,0.9658,持有
2019-01-15,14.46,1.40,0.1749,319830.23,10952.31,330782.54,0.9669,持有
2019-01-16,14.50,1.40,0.1821,320557.12,10952.31,331509.43,0.9670,持有
2019-01-17,14.43,1.39,0.1689,319103.35,10952.31,330055.66,0.9668,持有
2019-01-18,14.69,1.42,0.2269,324918.44,10952.31,335870.75,0.9674,持有
2019-01-21,14.66,1.41,0.2192,324191.55,10952.31,335143.86,0.9673,持有
2019-01-22,14.36,1.39,0.1592,317467.85,10952.31,328420.16,0.9667,持有
2019-01-23,14.40,1.39,0.1637,318376.46,10952.31,329328.77,0.9667,持有
2019-01-24,14.70,1.42,0.2301,325100.16,10952.31,336052.47,0.9674,持有
2019-01-25,14.83,1.43,0.2606,327825.99,10952.31,338778.30,0.9677,持有
2019-01-28,14.79,1.43,0.2519,327099.10,10952.31,338051.41,0.9676,持有
2019-01-29,14.88,1.44,0.2706,328916.32,10952.31,339868.63,0.9678,持有
2019-01-30,14.74,1.42,0.2418,326008.77,10952.31,336961.08,0.9675,持有
2019-01-31,15.01,1.45,0.3004,331823.87,10952.31,342776.18,0.9680,持有
2019-02-01,15.27,1.47,0.3492,337638.96,10952.31,348591.27,0.9686,持有
2019-02-11,15.50,1.50,0.3844,342727.17,10952.31,353679.48,0.9690,持有
2019-02-12,15.59,1.50,0.3972,344726.11,10952.31,355678.42,0.9692,持有
2019-02-13,16.02,1.55,0.4673,354175.64,10952.31,365127.95,0.9700,持有
2019-02-14,15.86,1.53,0.4425,350722.93,10952.31,361675.24,0.9697,持有
2019-02-15,15.32,1.48,0.3551,338729.29,10952.31,349681.60,0.9687,持有
2019-02-18,16.29,1.57,0.5016,360172.45,10952.31,371124.76,0.9705,持有
2019-02-19,16.26,1.57,0.4991,359445.57,10952.31,370397.88,0.9704,持有
2019-02-20,16.50,1.59,0.5279,364897.22,10952.31,375849.53,0.9709,持有
2019-02-21,16.76,1.62,0.5589,370530.59,10952.31,381482.90,0.9713,持有
2019-02-22,18.43,1.78,0.6836,407601.82,10952.31,418554.13,0.9738,持有
2019-02-25,20.27,1.96,0.7770,448307.49,10952.31,459259.80,0.9762,卖出(降至70%)
2019-02-26,20.13,1.94,0.7713,319275.75,141617.52,460893.27,0.6927,持有
2019-02-27,19.76,1.91,0.7558,313411.50,141617.52,455029.02,0.6888,持有
2019-02-28,19.32,1.86,0.7381,306374.40,141617.52,447991.92,0.6839,持有
2019-03-01,20.10,1.94,0.7698,318754.48,141617.52,460372.00,0.6924,持有
2019-03-04,20.13,1.94,0.7708,319145.43,141617.52,460762.95,0.6926,持有
2019-03-05,20.38,1.97,0.7825,323185.25,141617.52,464802.77,0.6953,持有
2019-03-06,21.94,2.12,0.8382,347945.41,141617.52,489562.93,0.7107,卖出(降至30%)
2019-03-07,21.99,2.12,0.8391,147214.52,340258.83,487473.35,0.3020,持有
2019-03-08,19.79,1.91,0.7548,132471.06,340258.83,472729.89,0.2802,持有
2019-03-11,19.80,1.91,0.7549,132526.07,340258.83,472784.91,0.2803,持有
2019-03-12,20.28,1.96,0.7767,135771.83,340258.83,476030.67,0.2852,持有
2019-03-13,19.66,1.90,0.7511,131590.85,340258.83,471849.69,0.2789,持有
2019-03-14,19.21,1.85,0.7277,128565.14,340258.83,468823.98,0.2742,持有
2019-03-15,19.57,1.89,0.7451,130985.71,340258.83,471244.55,0.2780,持有
2019-03-18,20.24,1.95,0.7740,135496.77,340258.83,475755.60,0.2848,持有
2019-03-19,19.91,1.92,0.7609,133296.25,340258.83,473555.09,0.2815,持有
2019-03-20,20.18,1.95,0.7720,135111.68,340258.83,475370.51,0.2842,持有
2019-03-21,20.46,1.97,0.7867,136982.12,340258.83,477240.95,0.2870,持有
2019-03-22,20.38,1.96,0.7789,136431.99,340258.83,476690.82,0.2862,持有
2019-03-25,19.48,1.88,0.7396,130380.57,340258.83,470639.40,0.2770,持有
2019-03-26,18.83,1.81,0.7000,126034.55,340258.83,466293.38,0.2703,持有
2019-03-27,18.88,1.82,0.7023,126364.63,340258.83,466623.46,0.2708,持有
2019-03-28,18.76,1.81,0.6945,125594.45,340258.83,465853.28,0.2696,持有
2019-03-29,20.36,1.96,0.7780,136321.96,340258.83,476580.80,0.2860,持有
2019-04-01,20.78,2.00,0.7949,139072.61,340258.83,479331.44,0.2901,持有
2019-04-02,20.71,1.99,0.7919,138632.50,340258.83,478891.34,0.2895,持有
2019-04-03,21.50,2.07,0.8255,143913.74,340258.83,484172.58,0.2972,持有
2019-04-04,21.37,2.06,0.8194,143033.54,340258.83,483292.37,0.2960,持有
2019-04-08,20.80,2.00,0.7966,139237.65,340258.83,479496.48,0.2904,持有
2019-04-09,20.88,2.01,0.8002,139787.78,340258.83,480046.61,0.2912,持有
2019-04-10,20.50,1.97,0.7849,137257.18,340258.83,477516.02,0.2874,持有
2019-04-11,20.07,1.93,0.7621,134341.50,340258.83,474600.33,0.2831,持有
2019-04-12,19.95,1.92,0.7560,133516.30,340258.83,473775.14,0.2818,持有
2019-04-15,19.56,1.88,0.7386,130930.70,340258.83,471189.53,0.2779,持有
2019-04-16,20.13,1.94,0.7646,134781.60,340258.83,475040.44,0.2837,持有
2019-04-17,20.02,1.93,0.7603,134011.42,340258.83,474270.25,0.2826,持有
2019-04-18,19.95,1.92,0.7565,133571.32,340258.83,473830.15,0.2819,持有
2019-04-19,20.13,1.94,0.7645,134781.60,340258.83,475040.44,0.2837,持有
2019-04-22,19.55,1.88,0.7370,130875.69,340258.83,471134.52,0.2778,持有
2019-04-23,19.68,1.89,0.7428,131755.89,340258.83,472014.73,0.2791,持有
2019-04-24,19.87,1.91,0.7503,133021.19,340258.83,473280.02,0.2811,持有
2019-04-25,19.31,1.86,0.7233,129280.31,340258.83,469539.15,0.2753,持有
2019-04-26,19.39,1.87,0.7282,129775.43,340258.83,470034.26,0.2761,持有
2019-04-29,18.92,1.82,0.6995,126639.69,340258.83,466898.53,0.2712,持有
2019-04-30,18.93,1.77,0.6611,126749.72,340258.83,467008.55,0.2714,持有
2019-05-06,17.04,1.59,0.5162,114096.75,340258.83,454355.59,0.2511,持有
2019-05-07,17.05,1.59,0.5168,114151.76,340258.83,454410.60,0.2512,持有
2019-05-08,16.66,1.56,0.4721,111511.15,340258.83,451769.98,0.2468,持有
2019-05-09,16.26,1.52,0.4103,108815.51,340258.83,449074.35,0.2423,持有
2019-05-10,16.96,1.58,0.5065,113546.62,340258.83,453805.46,0.2502,持有
2019-05-13,16.47,1.54,0.4448,110245.85,340258.83,450504.68,0.2447,持有
2019-05-14,16.34,1.53,0.4246,109365.64,340258.83,449624.48,0.2432,持有
2019-05-15,16.68,1.56,0.4754,111676.18,340258.83,451935.02,0.2471,持有
2019-05-16,16.63,1.55,0.4682,111291.09,340258.83,451549.93,0.2465,持有
2019-05-17,16.14,1.51,0.3914,108045.33,340258.83,448304.17,0.2410,持有
2019-05-20,16.33,1.52,0.4230,109310.63,340258.83,449569.46,0.2431,持有
2019-05-21,16.63,1.55,0.4685,111291.09,340258.83,451549.93,0.2465,持有
2019-05-22,16.55,1.55,0.4565,110795.98,340258.83,451054.81,0.2456,持有
2019-05-23,16.48,1.54,0.4463,110300.86,340258.83,450559.70,0.2448,持有
2019-05-24,16.49,1.54,0.4500,110410.89,340258.83,450669.72,0.2450,持有
2019-05-27,16.95,1.58,0.5076,113491.61,340258.83,453750.44,0.2501,持有
2019-05-28,16.92,1.58,0.5048,113271.56,340258.83,453530.39,0.2498,持有
2019-05-29,16.89,1.58,0.5011,113051.51,340258.83,453310.34,0.2494,持有
2019-05-30,16.61,1.55,0.4670,111181.07,340258.83,451439.90,0.2463,持有
2019-05-31,16.54,1.54,0.4543,110740.96,340258.83,450999.80,0.2455,持有
2019-06-03,16.59,1.55,0.4632,111071.04,340258.83,451329.88,0.2461,持有
2019-06-04,16.54,1.54,0.4539,110740.96,340258.83,450999.80,0.2455,持有
2019-06-05,16.71,1.56,0.4805,111841.22,340258.83,452100.06,0.2474,持有
2019-06-06,16.49,1.54,0.4483,110410.89,340258.83,450669.72,0.2450,持有
2019-06-10,16.50,1.54,0.4498,110465.90,340258.83,450724.73,0.2451,持有
2019-06-11,17.33,1.62,0.5534,116022.20,340258.83,456281.04,0.2543,持有
2019-06-12,17.10,1.60,0.5298,114481.84,340258.83,454740.68,0.2518,持有
2019-06-13,17.27,1.61,0.5460,115582.10,340258.83,455840.93,0.2536,持有
2019-06-14,16.98,1.59,0.5130,113656.65,340258.83,453915.48,0.2504,持有
2019-06-17,17.04,1.59,0.5201,114041.74,340258.83,454300.57,0.2510,持有
2019-06-18,17.14,1.60,0.5328,114701.89,340258.83,454960.73,0.2521,持有
2019-06-19,17.71,1.65,0.5908,118552.80,340258.83,458811.63,0.2584,持有
2019-06-20,18.94,1.77,0.6668,126804.73,340258.83,467063.57,0.2715,持有
2019-06-21,19.45,1.82,0.7001,130215.53,340258.83,470474.36,0.2768,持有
2019-06-24,19.40,1.81,0.6972,129830.44,340258.83,470089.27,0.2762,持有
2019-06-25,19.30,1.80,0.6883,129170.29,340258.83,469429.12,0.2752,持有
2019-06-26,19.14,1.79,0.6773,128125.04,340258.83,468383.87,0.2735,持有
2019-06-27,19.66,1.84,0.7127,131590.85,340258.83,471849.69,0.2789,持有
2019-06-28,19.57,1.83,0.7081,130985.71,340258.83,471244.55,0.2780,持有
2019-07-01,20.04,1.87,0.7361,134121.45,340258.83,474380.28,0.2827,持有
2019-07-02,19.85,1.85,0.7238,132856.15,340258.83,473114.98,0.2808,持有
2019-07-03,19.26,1.80,0.6836,128895.22,340258.83,469154.06,0.2747,持有
2019-07-04,19.40,1.81,0.6961,129830.44,340258.83,470089.27,0.2762,持有
2019-07-05,19.35,1.81,0.6903,129500.36,340258.83,469759.20,0.2757,持有
2019-07-08,19.04,1.78,0.6698,127464.89,340258.83,467723.72,0.2725,持有
2019-07-09,19.09,1.78,0.6730,127794.96,340258.83,468053.80,0.2730,持有
2019-07-10,19.07,1.78,0.6722,127629.92,340258.83,467888.76,0.2728,持有
2019-07-11,19.05,1.78,0.6711,127519.90,340258.83,467778.73,0.2726,持有
2019-07-12,19.21,1.79,0.6811,128565.14,340258.83,468823.98,0.2742,持有
2019-07-15,19.47,1.82,0.7009,130325.56,340258.83,470584.39,0.2769,持有
2019-07-16,19.26,1.80,0.6831,128895.22,340258.83,469154.06,0.2747,持有
2019-07-17,18.98,1.77,0.6635,127024.78,340258.83,467283.62,0.2718,持有
2019-07-18,18.67,1.74,0.6436,124989.31,340258.83,465248.14,0.2687,持有
2019-07-19,19.05,1.78,0.6702,127519.90,340258.83,467778.73,0.2726,持有
2019-07-22,18.74,1.75,0.6465,125429.41,340258.83,465688.24,0.2693,持有
2019-07-23,18.80,1.75,0.6500,125814.50,340258.83,466073.33,0.2699,持有
2019-07-24,19.12,1.78,0.6745,127960.00,340258.83,468218.84,0.2733,持有
2019-07-25,19.22,1.79,0.6832,128675.17,340258.83,468934.00,0.2744,持有
2019-07-26,19.22,1.79,0.6829,128675.17,340258.83,468934.00,0.2744,持有
2019-07-29,19.04,1.78,0.6672,127464.89,340258.83,467723.72,0.2725,持有
2019-07-30,19.24,1.80,0.6840,128785.20,340258.83,469044.03,0.2746,持有
2019-07-31,19.09,1.78,0.6718,127794.96,340258.83,468053.80,0.2730,持有
2019-08-01,18.84,1.76,0.6515,126089.56,340258.83,466348.40,0.2704,持有
2019-08-02,18.12,1.67,0.5900,121285.05,340258.83,461543.88,0.2628,持有
2019-08-05,17.48,1.61,0.5332,116983.37,340258.83,457242.20,0.2558,持有
2019-08-06,17.40,1.60,0.5249,116480.57,340258.83,456739.41,0.2550,持有
2019-08-07,17.11,1.57,0.4868,114525.26,340258.83,454784.10,0.2518,持有
2019-08-08,17.45,1.60,0.5304,116815.77,340258.83,457074.60,0.2556,持有
2019-08-09,17.35,1.60,0.5191,116145.38,340258.83,456404.21,0.2545,持有
2019-08-12,17.81,1.64,0.5685,119218.01,340258.83,459476.84,0.2595,持有
2019-08-13,17.58,1.62,0.5450,117709.62,340258.83,457968.46,0.2570,持有
2019-08-14,17.65,1.62,0.5524,118156.55,340258.83,458415.39,0.2577,持有
2019-08-15,17.69,1.63,0.5551,118435.88,340258.83,458694.72,0.2582,持有
2019-08-16,17.80,1.64,0.5680,119162.14,340258.83,459420.97,0.2594,持有
2019-08-19,19.30,1.77,0.6655,129218.02,340258.83,469476.85,0.2752,持有
2019-08-20,18.99,1.75,0.6433,127150.97,340258.83,467409.81,0.2720,持有
2019-08-21,18.89,1.74,0.6392,126480.58,340258.83,466739.42,0.2710,持有
2019-08-22,18.95,1.74,0.6414,126871.64,340258.83,467130.48,0.2716,持有
2019-08-23,18.89,1.76,0.6530,126480.58,340258.83,466739.42,0.2710,持有
2019-08-26,18.54,1.73,0.6324,124134.21,340258.83,464393.05,0.2673,持有
2019-08-27,19.00,1.77,0.6617,127206.84,340258.83,467465.67,0.2721,持有
2019-08-28,18.71,1.74,0.6408,125251.53,340258.83,465510.37,0.2691,持有
2019-08-29,18.57,1.73,0.6338,124301.81,340258.83,464560.64,0.2676,持有
2019-08-30,18.63,1.73,0.6364,124692.87,340258.83,464951.71,0.2682,持有
2019-09-02,19.00,1.77,0.6619,127206.84,340258.83,467465.67,0.2721,持有
2019-09-03,19.06,1.77,0.6658,127597.90,340258.83,467856.74,0.2727,持有
2019-09-04,19.47,1.81,0.7018,130335.34,340258.83,470594.17,0.2770,持有
2019-09-05,19.89,1.85,0.7276,133128.63,340258.83,473387.47,0.2812,持有
2019-09-06,20.15,1.88,0.7445,134916.35,340258.83,475175.18,0.2839,持有
2019-09-09,20.30,1.89,0.7497,135866.07,340258.83,476124.90,0.2854,持有
2019-09-10,20.20,1.88,0.7456,135195.68,340258.83,475454.51,0.2844,持有
2019-09-11,20.36,1.89,0.7524,136257.13,340258.83,476515.96,0.2859,持有
2019-09-12,20.62,1.92,0.7639,138044.84,340258.83,478303.68,0.2886,持有
2019-09-16,20.26,1.89,0.7467,135642.60,340258.83,475901.44,0.2850,持有
2019-09-17,19.64,1.83,0.7112,131452.66,340258.83,471711.49,0.2787,持有
2019-09-18,19.55,1.82,0.7050,130894.00,340258.83,471152.83,0.2778,持有
2019-09-19,19.69,1.83,0.7143,131787.85,340258.83,472046.69,0.2792,持有
2019-09-20,19.48,1.81,0.6994,130391.20,340258.83,470650.04,0.2770,持有
2019-09-23,19.17,1.78,0.6735,128324.16,340258.83,468582.99,0.2739,持有
2019-09-24,19.16,1.78,0.6732,128268.29,340258.83,468527.13,0.2738,持有
2019-09-25,19.08,1.78,0.6642,127709.63,340258.83,467968.47,0.2729,持有
2019-09-26,18.96,1.76,0.6534,126927.51,340258.83,467186.34,0.2717,持有
2019-09-27,19.24,1.79,0.6795,128771.09,340258.83,469029.92,0.2745,持有
2019-09-30,18.76,1.75,0.6382,125586.73,340258.83,465845.56,0.2696,持有
2019-10-08,18.64,1.73,0.6325,124748.74,340258.83,465007.57,0.2683,持有
2019-10-09,18.55,1.73,0.6268,124190.08,340258.83,464448.91,0.2674,持有
2019-10-10,18.69,1.74,0.6345,125083.93,340258.83,465342.77,0.2688,持有
2019-10-11,19.14,1.78,0.6710,128156.56,340258.83,468415.40,0.2736,持有
2019-10-14,19.27,1.79,0.6820,128994.55,340258.83,469253.39,0.2749,持有
2019-10-15,18.94,1.76,0.6508,126759.91,340258.83,467018.75,0.2714,持有
2019-10-16,18.83,1.75,0.6430,126033.66,340258.83,466292.49,0.2703,持有
2019-10-17,18.79,1.75,0.6403,125810.19,340258.83,466069.03,0.2699,持有
2019-10-18,18.36,1.71,0.6142,122905.16,340258.83,463163.99,0.2654,持有
2019-10-21,18.24,1.70,0.6060,122067.17,340258.83,462326.00,0.2640,持有
2019-10-22,18.44,1.72,0.6187,123463.82,340258.83,463722.65,0.2662,持有
2019-10-23,18.19,1.69,0.6005,121731.97,340258.83,461990.81,0.2635,持有
2019-10-24,18.24,1.70,0.6057,122067.17,340258.83,462326.00,0.2640,持有
2019-10-25,18.41,1.71,0.6170,123240.36,340258.83,463499.19,0.2659,持有
2019-10-28,18.65,1.74,0.6326,124860.47,340258.83,465119.30,0.2684,持有
2019-10-29,18.25,1.70,0.6070,122178.90,340258.83,462437.74,0.2642,持有
2019-10-30,18.25,1.70,0.6067,122178.90,340258.83,462437.74,0.2642,持有
2019-10-31,18.11,1.64,0.5629,121229.18,340258.83,461488.01,0.2627,持有
2019-11-01,18.51,1.68,0.5917,123910.75,340258.83,464169.58,0.2670,持有
2019-11-04,18.58,1.68,0.5948,124357.68,340258.83,464616.51,0.2677,持有
2019-11-05,18.88,1.71,0.6161,126368.85,340258.83,466627.68,0.2708,持有
2019-11-06,18.72,1.70,0.6059,125307.40,340258.83,465566.23,0.2692,持有
2019-11-07,18.95,1.72,0.6218,126871.64,340258.83,467130.48,0.2716,持有
2019-11-08,18.71,1.70,0.6041,125251.53,340258.83,465510.37,0.2691,持有
2019-11-11,18.36,1.67,0.5786,122905.16,340258.83,463163.99,0.2654,持有
2019-11-12,18.39,1.67,0.5821,123072.76,340258.83,463331.59,0.2656,持有
2019-11-13,18.23,1.65,0.5703,122011.30,340258.83,462270.14,0.2639,持有
2019-11-14,18.28,1.66,0.5746,122346.50,340258.83,462605.33,0.2645,持有
2019-11-15,18.12,1.64,0.5620,121285.05,340258.83,461543.88,0.2628,持有
2019-11-18,18.27,1.66,0.5746,122290.63,340258.83,462549.47,0.2644,持有
2019-11-19,18.49,1.68,0.5900,123743.15,340258.83,464001.98,0.2667,持有
2019-11-20,18.13,1.64,0.5625,121340.91,340258.83,461599.75,0.2629,持有
2019-11-21,18.06,1.64,0.5557,120893.98,340258.83,461152.82,0.2622,持有
2019-11-22,17.93,1.63,0.5402,120056.00,340258.83,460314.83,0.2608,持有
2019-11-25,18.04,1.64,0.5532,120782.25,340258.83,461041.09,0.2620,持有
2019-11-26,17.96,1.63,0.5426,120223.59,340258.83,460482.43,0.2611,持有
2019-11-27,17.88,1.62,0.5358,119720.80,340258.83,459979.63,0.2603,持有
2019-11-28,17.95,1.63,0.5422,120167.73,340258.83,460426.56,0.2610,持有
2019-11-29,17.87,1.62,0.5325,119609.07,340258.83,459867.90,0.2601,持有
2019-12-02,18.09,1.64,0.5594,121117.45,340258.83,461376.28,0.2625,持有
2019-12-03,18.24,1.65,0.5728,122067.17,340258.83,462326.00,0.2640,持有
2019-12-04,18.17,1.65,0.5656,121620.24,340258.83,461879.08,0.2633,持有
2019-12-05,18.61,1.69,0.5982,124581.14,340258.83,464839.97,0.2680,持有
2019-12-06,18.68,1.69,0.6049,125028.07,340258.83,465286.90,0.2687,持有
2019-12-09,18.57,1.68,0.5956,124301.81,340258.83,464560.64,0.2676,持有
2019-12-10,18.54,1.68,0.5938,124078.35,340258.83,464337.18,0.2672,持有
2019-12-11,18.55,1.68,0.5947,124190.08,340258.83,464448.91,0.2674,持有
2019-12-12,18.53,1.68,0.5929,124022.48,340258.83,464281.31,0.2671,持有
2019-12-13,19.20,1.74,0.6406,128491.76,340258.83,468750.59,0.2741,持有
2019-12-16,19.46,1.77,0.6596,130279.47,340258.83,470538.30,0.2769,持有
2019-12-17,19.92,1.81,0.7002,133352.10,340258.83,473610.93,0.2816,持有
2019-12-18,19.86,1.80,0.6950,132961.04,340258.83,473219.87,0.2810,持有
2019-12-19,19.82,1.80,0.6907,132681.71,340258.83,472940.54,0.2805,持有
2019-12-20,19.68,1.78,0.6798,131731.99,340258.83,471990.82,0.2791,持有
2019-12-23,19.24,1.74,0.6419,128771.09,340258.83,469029.92,0.2745,持有
2019-12-24,19.35,1.75,0.6494,129497.35,340258.83,469756.18,0.2757,持有
2019-12-25,19.30,1.75,0.6462,129218.02,340258.83,469476.85,0.2752,持有
2019-12-26,19.82,1.80,0.6909,132681.71,340258.83,472940.54,0.2805,持有
2019-12-27,19.47,1.77,0.6588,130335.34,340258.83,470594.17,0.2770,持有
2019-12-30,21.42,1.94,0.7834,143352.11,340258.83,483610.94,0.2964,持有
2019-12-31,21.11,1.92,0.7675,141340.93,340258.83,481599.77,0.2935,持有
2020-01-02,21.27,1.93,0.7774,142402.39,340258.83,482661.22,0.2950,持有
2020-01-03,21.18,1.92,0.7722,141787.86,340258.83,482046.70,0.2941,持有
2020-01-06,21.13,1.92,0.7674,141452.67,340258.83,481711.50,0.2936,持有
2020-01-07,21.45,1.95,0.7846,143575.57,340258.83,483834.41,0.2967,持有
2020-01-08,20.81,1.89,0.7534,139329.76,340258.83,479588.59,0.2905,持有
2020-01-09,21.23,1.93,0.7742,142123.06,340258.83,482381.89,0.2946,持有
2020-01-10,21.32,1.93,0.7792,142737.58,340258.83,482996.42,0.2955,持有
2020-01-13,21.67,1.97,0.7959,145083.96,340258.83,485342.79,0.2989,持有
2020-01-14,21.33,1.93,0.7790,142793.45,340258.83,483052.28,0.2956,持有
2020-01-15,21.13,1.92,0.7656,141452.67,340258.83,481711.50,0.2936,持有
2020-01-16,20.96,1.90,0.7596,140279.48,340258.83,480538.31,0.2919,持有
2020-01-17,21.16,1.92,0.7687,141676.13,340258.83,481934.96,0.2940,持有
2020-01-20,21.50,1.95,0.7874,143910.77,340258.83,484169.60,0.2972,持有
2020-01-21,21.01,1.91,0.7595,140614.68,340258.83,480873.51,0.2924,持有
2020-01-22,21.03,1.91,0.7608,140782.27,340258.83,481041.11,0.2927,持有
2020-01-23,19.95,1.81,0.6989,133519.70,340258.83,473778.53,0.2818,持有
2020-02-03,17.95,1.63,0.5338,120167.73,340258.83,460426.56,0.2610,持有
2020-02-04,18.14,1.64,0.5559,121396.78,340258.83,461655.61,0.2630,持有
2020-02-05,18.42,1.67,0.5791,123296.22,340258.83,463555.06,0.2660,持有
2020-02-06,18.89,1.71,0.6145,126424.72,340258.83,466683.55,0.2709,持有
2020-02-07,18.81,1.71,0.6098,125921.92,340258.83,466180.76,0.2701,持有
2020-02-10,18.92,1.72,0.6164,126648.18,340258.83,466907.01,0.2712,持有
2020-02-11,18.94,1.72,0.6174,126759.91,340258.83,467018.75,0.2714,持有
2020-02-12,19.11,1.73,0.6284,127933.10,340258.83,468191.93,0.2732,持有
2020-02-13,18.82,1.71,0.6096,125977.79,340258.83,466236.62,0.2702,持有
2020-02-14,19.18,1.74,0.6336,128380.03,340258.83,468638.86,0.2739,持有
2020-02-17,20.18,1.83,0.7164,135083.94,340258.83,475342.78,0.2842,持有
2020-02-18,20.01,1.82,0.7048,133966.62,340258.83,474225.46,0.2825,持有
2020-02-19,20.03,1.82,0.7046,134078.36,340258.83,474337.19,0.2827,持有
2020-02-20,21.21,1.92,0.7744,142011.33,340258.83,482270.16,0.2945,持有
2020-02-21,21.01,1.91,0.7604,140670.54,340258.83,480929.38,0.2925,持有
2020-02-24,20.90,1.90,0.7564,139888.42,340258.83,480147.25,0.2913,持有
2020-02-25,21.04,1.91,0.7622,140838.14,340258.83,481096.97,0.2927,持有
2020-02-26,20.62,1.87,0.7418,138044.84,340258.83,478303.68,0.2886,持有
2020-02-27,20.67,1.87,0.7443,138380.04,340258.83,478638.87,0.2891,持有
2020-02-28,19.53,1.77,0.6592,130726.40,340258.83,470985.23,0.2776,持有
2020-03-02,20.43,1.85,0.7296,136759.92,340258.83,477018.76,0.2867,持有
2020-03-03,20.64,1.87,0.7430,138156.57,340258.83,478415.41,0.2888,持有
2020-03-04,21.14,1.92,0.7680,141508.53,340258.83,481767.37,0.2937,持有
2020-03-05,21.69,1.97,0.7998,145195.69,340258.83,485454.52,0.2991,持有
2020-03-06,20.96,1.90,0.7585,140279.48,340258.83,480538.31,0.2919,持有
2020-03-09,20.29,1.84,0.7193,135810.20,340258.83,476069.04,0.2853,持有
2020-03-10,20.91,1.90,0.7575,140000.15,340258.83,480258.98,0.2915,持有
2020-03-11,20.31,1.84,0.7224,135977.80,340258.83,476236.63,0.2855,持有
2020-03-12,20.01,1.82,0.7004,133966.62,340258.83,474225.46,0.2825,持有
2020-03-13,19.98,1.93,0.7802,133743.16,340258.83,474001.99,0.2822,持有
2020-03-16,18.92,1.83,0.7135,126648.18,340258.83,466907.01,0.2712,持有
2020-03-17,19.14,1.85,0.7272,128100.70,340258.83,468359.53,0.2735,持有
2020-03-18,18.55,1.80,0.6805,124190.08,340258.83,464448.91,0.2674,持有
2020-03-19,18.66,1.81,0.6890,124916.34,340258.83,465175.17,0.2685,持有
2020-03-20,18.91,1.81,0.6976,126592.32,340258.83,466851.15,0.2712,持有
2020-03-23,18.27,1.75,0.6362,122290.63,340258.83,462549.47,0.2644,持有
2020-03-24,18.62,1.78,0.6695,124637.01,340258.83,464895.84,0.2681,持有
2020-03-25,18.99,1.82,0.7051,127150.97,340258.83,467409.81,0.2720,持有
2020-03-26,18.76,1.80,0.6837,125586.73,340258.83,465845.56,0.2696,持有
2020-03-27,18.84,1.81,0.6886,126089.52,340258.83,466348.36,0.2704,持有
2020-03-30,18.59,1.78,0.6648,124413.54,340258.83,464672.38,0.2677,持有
2020-03-31,18.49,1.77,0.6554,123799.02,340258.83,464057.85,0.2668,持有
2020-04-01,18.44,1.77,0.6487,123463.82,340258.83,463722.65,0.2662,持有
2020-04-02,18.72,1.79,0.6779,125307.40,340258.83,465566.23,0.2692,持有
2020-04-03,18.47,1.77,0.6522,123631.42,340258.83,463890.25,0.2665,持有
2020-04-07,18.84,1.81,0.6897,126145.39,340258.83,466404.22,0.2705,持有
2020-04-08,18.82,1.80,0.6887,125977.79,340258.83,466236.62,0.2702,持有
2020-04-09,18.90,1.81,0.6979,126536.45,340258.83,466795.28,0.2711,持有
2020-04-10,18.77,1.80,0.6838,125642.59,340258.83,465901.43,0.2697,持有
2020-04-13,18.59,1.78,0.6636,124413.54,340258.83,464672.38,0.2677,持有
2020-04-14,19.37,1.86,0.7320,129664.94,340258.83,469923.78,0.2759,持有
2020-04-15,19.21,1.84,0.7214,128603.49,340258.83,468862.32,0.2743,持有
2020-04-16,19.75,1.89,0.7549,132234.78,340258.83,472493.61,0.2799,持有
2020-04-17,19.51,1.87,0.7411,130614.67,340258.83,470873.50,0.2774,持有
2020-04-20,19.60,1.88,0.7475,131229.19,340258.83,471488.03,0.2783,持有
2020-04-21,19.34,1.85,0.7298,129441.48,340258.83,469700.31,0.2756,持有
2020-04-22,19.35,1.85,0.7307,129553.21,340258.83,469812.05,0.2758,持有
2020-04-23,19.13,1.83,0.7146,128044.83,340258.83,468303.66,0.2734,持有
2020-04-24,18.94,1.82,0.7000,126815.78,340258.83,467074.61,0.2715,持有
2020-04-27,19.05,1.83,0.7089,127542.04,340258.83,467800.87,0.2726,持有
2020-04-28,19.44,1.86,0.7371,130111.87,340258.83,470370.71,0.2766,持有
2020-04-29,19.52,1.70,0.5953,130670.53,340258.83,470929.37,0.2775,持有
2020-04-30,19.78,1.73,0.6124,132402.38,340258.83,472661.21,0.2801,持有
2020-05-06,19.71,1.72,0.6078,131955.45,340258.83,472214.28,0.2794,持有
2020-05-07,19.54,1.71,0.5961,130782.26,340258.83,471041.10,0.2776,持有
2020-05-08,19.88,1.74,0.6192,133072.77,340258.83,473331.60,0.2811,持有
2020-05-11,19.67,1.72,0.6051,131676.12,340258.83,471934.95,0.2790,持有
2020-05-12,19.72,1.72,0.6080,132011.32,340258.83,472270.15,0.2795,持有
2020-05-13,19.81,1.73,0.6145,132625.84,340258.83,472884.67,0.2805,持有
2020-05-14,19.56,1.71,0.5969,130949.86,340258.83,471208.70,0.2779,持有
2020-05-15,19.56,1.71,0.5967,130949.86,340258.83,471208.70,0.2779,持有
2020-05-18,19.26,1.68,0.5720,128938.69,340258.83,469197.52,0.2748,持有
2020-05-19,19.37,1.69,0.5789,129664.94,340258.83,469923.78,0.2759,持有
2020-05-20,19.27,1.68,0.5728,128994.55,340258.83,469253.39,0.2749,持有
2020-05-21,19.21,1.68,0.5690,128603.49,340258.83,468862.32,0.2743,持有
2020-05-22,18.61,1.63,0.5149,124581.14,340258.83,464839.97,0.2680,持有
2020-05-25,18.54,1.62,0.5077,124078.35,340258.83,464337.18,0.2672,持有
2020-05-26,18.75,1.64,0.5322,125530.86,340258.83,465789.70,0.2695,持有
2020-05-27,18.60,1.62,0.5135,124525.27,340258.83,464784.11,0.2679,持有
2020-05-28,18.76,1.64,0.5334,125586.73,340258.83,465845.56,0.2696,持有
2020-05-29,18.59,1.62,0.5128,124413.54,340258.83,464672.38,0.2677,持有
2020-06-01,19.31,1.69,0.5765,129273.88,340258.83,469532.72,0.2753,持有
2020-06-02,19.21,1.68,0.5696,128603.49,340258.83,468862.32,0.2743,持有
2020-06-03,19.11,1.67,0.5615,127933.10,340258.83,468191.93,0.2732,持有
2020-06-04,18.99,1.66,0.5539,127150.97,340258.83,467409.81,0.2720,持有
2020-06-05,19.06,1.66,0.5564,127597.90,340258.83,467856.74,0.2727,持有
2020-06-08,19.17,1.67,0.5663,128324.16,340258.83,468582.99,0.2739,持有
2020-06-09,19.44,1.70,0.5888,130111.87,340258.83,470370.71,0.2766,持有
2020-06-10,19.25,1.68,0.5722,128826.95,340258.83,469085.79,0.2746,持有
2020-06-11,19.02,1.66,0.5543,127318.57,340258.83,467577.41,0.2723,持有
2020-06-12,18.87,1.65,0.5412,126312.99,340258.83,466571.82,0.2707,持有
2020-06-15,18.85,1.65,0.5402,126201.25,340258.83,466460.09,0.2706,持有
2020-06-16,19.08,1.67,0.5580,127709.63,340258.83,467968.47,0.2729,持有
2020-06-17,19.00,1.66,0.5539,127206.84,340258.83,467465.67,0.2721,持有
2020-06-18,19.26,1.68,0.5739,128938.69,340258.83,469197.52,0.2748,持有
2020-06-19,19.90,1.74,0.6244,133240.37,340258.83,473499.20,0.2814,持有
2020-06-22,20.12,1.76,0.6402,134692.88,340258.83,474951.72,0.2836,持有
2020-06-23,20.06,1.75,0.6348,134301.82,340258.83,474560.65,0.2830,持有
2020-06-24,20.24,1.77,0.6490,135475.01,340258.83,475733.84,0.2848,持有
2020-06-29,19.61,1.71,0.6032,131285.06,340258.83,471543.89,0.2784,持有
2020-06-30,20.12,1.76,0.6399,134692.88,340258.83,474951.72,0.2836,持有
2020-07-01,20.63,1.80,0.6883,138100.71,340258.83,478359.54,0.2887,持有
2020-07-02,21.75,1.90,0.7651,145586.75,340258.83,485845.58,0.2997,持有
2020-07-03,23.93,2.09,0.8523,160167.77,340258.83,500426.60,0.3201,持有
2020-07-06,26.32,2.30,0.8795,176201.31,340258.83,516460.14,0.3412,持有
2020-07-07,25.98,2.27,0.8776,173910.80,340258.83,514169.64,0.3382,持有
2020-07-08,27.96,2.44,0.8878,187151.04,340258.83,527409.87,0.3548,卖出(降至30%)
2020-07-09,27.61,2.41,0.8863,156258.50,368303.09,524561.59,0.2979,持有
2020-07-10,26.51,2.32,0.8816,150070.52,368303.09,518373.60,0.2895,持有
2020-07-13,27.11,2.37,0.8836,153424.31,368303.09,521727.40,0.2941,持有
2020-07-14,26.73,2.33,0.8825,151298.67,368303.09,519601.76,0.2912,持有
2020-07-15,26.71,2.33,0.8818,151156.96,368303.09,519460.05,0.2910,持有
2020-07-16,24.47,2.14,0.8578,138497.56,368303.09,506800.65,0.2733,持有
2020-07-17,23.89,2.09,0.8478,135191.00,368303.09,503494.09,0.2685,持有
2020-07-20,25.58,2.23,0.8719,144780.02,368303.09,513083.11,0.2822,持有
2020-07-21,25.31,2.21,0.8700,143268.45,368303.09,511571.54,0.2801,持有
2020-07-22,25.45,2.22,0.8712,144071.47,368303.09,512374.56,0.2812,持有
2020-07-23,25.49,2.23,0.8712,144260.42,368303.09,512563.51,0.2814,持有
2020-07-24,23.79,2.08,0.8446,134624.16,368303.09,502927.25,0.2677,持有
2020-07-27,23.79,2.08,0.8443,134624.16,368303.09,502927.25,0.2677,持有
2020-07-28,23.70,2.07,0.8405,134151.80,368303.09,502454.89,0.2670,持有
2020-07-29,24.85,2.17,0.8610,140623.21,368303.09,508926.29,0.2763,持有
2020-07-30,24.67,2.15,0.8587,139631.24,368303.09,507934.33,0.2749,持有
2020-07-31,25.00,2.18,0.8627,141520.70,368303.09,509823.79,0.2776,持有
2020-08-03,25.38,2.22,0.8696,143646.34,368303.09,511949.43,0.2806,持有
2020-08-04,25.22,2.20,0.8689,142748.85,368303.09,511051.94,0.2793,持有
2020-08-05,24.96,2.18,0.8613,141284.52,368303.09,509587.61,0.2773,持有
2020-08-06,26.77,2.34,0.8833,151534.85,368303.09,519837.94,0.2915,持有
2020-08-07,26.67,2.33,0.8818,150968.01,368303.09,519271.10,0.2907,持有
2020-08-10,27.72,2.42,0.8872,156872.58,368303.09,525175.67,0.2987,持有
2020-08-11,26.13,2.28,0.8761,147897.63,368303.09,516200.72,0.2865,持有
2020-08-12,25.95,2.27,0.8746,146858.43,368303.09,515161.52,0.2851,持有
2020-08-13,25.78,2.25,0.8727,145913.70,368303.09,514216.79,0.2838,持有
2020-08-14,26.18,2.29,0.8766,148181.05,368303.09,516484.14,0.2869,持有
2020-08-17,27.52,2.40,0.8863,155738.90,368303.09,524041.99,0.2972,持有
2020-08-18,27.66,2.42,0.8871,156541.92,368303.09,524845.01,0.2983,持有
2020-08-19,27.28,2.38,0.8845,154416.28,368303.09,522719.37,0.2954,持有
2020-08-20,26.69,2.33,0.8807,151062.48,368303.09,519365.57,0.2909,持有
2020-08-21,27.06,2.33,0.8799,153173.99,368303.09,521477.08,0.2937,持有
2020-08-24,26.96,2.32,0.8796,152598.15,368303.09,520901.24,0.2930,持有
2020-08-25,26.86,2.33,0.8796,152022.30,368303.09,520325.39,0.2922,持有
2020-08-26,26.05,2.26,0.8705,147463.55,368303.09,515766.64,0.2859,持有
2020-08-27,26.26,2.27,0.8725,148615.24,368303.09,516918.33,0.2875,持有
2020-08-28,27.12,2.35,0.8825,153509.90,368303.09,521812.99,0.2942,持有
2020-08-31,26.96,2.34,0.8817,152598.15,368303.09,520901.24,0.2930,持有
2020-09-01,27.22,2.36,0.8826,154085.74,368303.09,522388.83,0.2950,持有
2020-09-02,27.05,2.34,0.8818,153078.01,368303.09,521381.10,0.2936,持有
2020-09-03,26.72,2.31,0.8765,151254.51,368303.09,519557.60,0.2911,持有
2020-09-04,26.32,2.28,0.8712,148951.15,368303.09,517254.24,0.2880,持有
2020-09-07,25.36,2.20,0.8579,143528.63,368303.09,511831.72,0.2804,持有
2020-09-08,25.99,2.25,0.8671,147079.66,368303.09,515382.75,0.2854,持有
2020-09-09,25.51,2.21,0.8615,144392.40,368303.09,512695.49,0.2816,持有
2020-09-10,25.43,2.20,0.8611,143960.52,368303.09,512263.60,0.2810,持有
2020-09-11,25.51,2.21,0.8612,144392.40,368303.09,512695.49,0.2816,持有
2020-09-14,25.48,2.21,0.8608,144200.45,368303.09,512503.54,0.2814,持有
2020-09-15,25.62,2.22,0.8628,145016.23,368303.09,513319.31,0.2825,持有
2020-09-16,25.63,2.22,0.8629,145064.21,368303.09,513367.30,0.2826,持有
2020-09-17,25.10,2.17,0.8507,142089.03,368303.09,510392.12,0.2784,持有
2020-09-18,26.20,2.27,0.8702,148279.33,368303.09,516582.42,0.2870,持有
2020-09-21,26.22,2.27,0.8706,148423.29,368303.09,516726.38,0.2872,持有
2020-09-22,25.96,2.25,0.8661,146935.70,368303.09,515238.79,0.2852,持有
2020-09-23,25.70,2.23,0.8631,145448.11,368303.09,513751.20,0.2831,持有
2020-09-24,25.39,2.20,0.8571,143720.58,368303.09,512023.67,0.2807,持有
2020-09-25,25.60,2.22,0.8606,144920.25,368303.09,513223.34,0.2824,持有
2020-09-28,25.62,2.22,0.8610,145016.23,368303.09,513319.31,0.2825,持有
2020-09-29,25.66,2.22,0.8626,145208.17,368303.09,513511.26,0.2828,持有
2020-09-30,25.46,2.21,0.8577,144104.48,368303.09,512407.56,0.2812,持有
2020-10-09,25.94,2.25,0.8657,146839.73,368303.09,515142.81,0.2850,持有
2020-10-12,26.89,2.33,0.8798,152214.25,368303.09,520517.34,0.2924,持有
2020-10-13,26.58,2.30,0.8745,150438.74,368303.09,518741.83,0.2900,持有
2020-10-14,26.24,2.27,0.8704,148519.26,368303.09,516822.35,0.2874,持有
2020-10-15,26.26,2.27,0.8705,148615.24,368303.09,516918.33,0.2875,持有
2020-10-16,26.35,2.28,0.8724,149143.09,368303.09,517446.18,0.2882,持有
2020-10-19,26.18,2.27,0.8683,148183.36,368303.09,516486.45,0.2869,持有
2020-10-20,25.99,2.25,0.8649,147079.66,368303.09,515382.75,0.2854,持有
2020-10-21,25.80,2.23,0.8620,146023.95,368303.09,514327.04,0.2839,持有
2020-10-22,25.81,2.24,0.8620,146071.94,368303.09,514375.03,0.2840,持有
2020-10-23,25.52,2.21,0.8556,144440.38,368303.09,512743.47,0.2817,持有
2020-10-26,24.60,2.13,0.8376,139257.81,368303.09,507560.89,0.2744,持有
2020-10-27,24.56,2.13,0.8372,139017.87,368303.09,507320.96,0.2740,持有
2020-10-28,24.81,2.15,0.8399,140409.49,368303.09,508712.58,0.2760,持有
2020-10-29,25.11,2.17,0.8445,142137.02,368303.09,510440.10,0.2785,持有
2020-10-30,24.27,2.06,0.8167,137386.32,368303.09,505689.41,0.2717,持有
2020-11-02,23.81,2.02,0.8009,134747.04,368303.09,503050.13,0.2679,持有
2020-11-03,24.36,2.07,0.8194,137866.19,368303.09,506169.28,0.2724,持有
2020-11-04,24.36,2.07,0.8191,137866.19,368303.09,506169.28,0.2724,持有
2020-11-05,24.75,2.10,0.8316,140073.58,368303.09,508376.67,0.2755,持有
2020-11-06,24.79,2.10,0.8328,140313.52,368303.09,508616.60,0.2759,持有
2020-11-09,25.66,2.18,0.8453,145256.16,368303.09,513559.25,0.2828,持有
2020-11-10,25.22,2.14,0.8386,142760.84,368303.09,511063.93,0.2793,持有
2020-11-11,24.81,2.10,0.8323,140409.49,368303.09,508712.58,0.2760,持有
2020-11-12,24.69,2.09,0.8289,139737.67,368303.09,508040.76,0.2751,持有
2020-11-13,24.34,2.06,0.8166,137770.21,368303.09,506073.30,0.2722,持有
2020-11-16,24.56,2.08,0.8249,139017.87,368303.09,507320.96,0.2740,持有
2020-11-17,24.70,2.09,0.8291,139785.66,368303.09,508088.75,0.2751,持有
2020-11-18,24.71,2.10,0.8296,139881.63,368303.09,508184.72,0.2753,持有
2020-11-19,24.87,2.11,0.8330,140745.40,368303.09,509048.49,0.2765,持有
2020-11-20,24.94,2.12,0.8335,141177.28,368303.09,509480.37,0.2771,持有
2020-11-23,25.35,2.15,0.8403,143480.65,368303.09,511783.74,0.2804,持有
2020-11-24,25.04,2.12,0.8358,141705.13,368303.09,510008.22,0.2778,持有
2020-11-25,24.77,2.10,0.8295,140217.54,368303.09,508520.63,0.2757,持有
2020-11-26,24.84,2.11,0.8318,140601.44,368303.09,508904.53,0.2763,持有
2020-11-27,25.42,2.16,0.8420,143864.54,368303.09,512167.63,0.2809,持有
2020-11-30,25.69,2.18,0.8462,145400.12,368303.09,513703.21,0.2830,持有
2020-12-01,26.54,2.25,0.8668,150198.80,368303.09,518501.89,0.2897,持有
2020-12-02,26.35,2.24,0.8628,149143.09,368303.09,517446.18,0.2882,持有
2020-12-03,26.20,2.22,0.8602,148279.33,368303.09,516582.42,0.2870,持有
2020-12-04,25.69,2.18,0.8449,145400.12,368303.09,513703.21,0.2830,持有
2020-12-07,25.44,2.16,0.8409,144008.50,368303.09,512311.59,0.2811,持有
2020-12-08,25.44,2.16,0.8406,144008.50,368303.09,512311.59,0.2811,持有
2020-12-09,24.83,2.11,0.8290,140553.45,368303.09,508856.54,0.2762,持有
2020-12-10,24.72,2.10,0.8250,139929.62,368303.09,508232.71,0.2753,持有
2020-12-11,24.37,2.07,0.8120,137962.16,368303.09,506265.25,0.2725,持有
2020-12-14,24.45,2.07,0.8162,138394.04,368303.09,506697.13,0.2731,持有
2020-12-15,24.43,2.07,0.8140,138250.08,368303.09,506553.17,0.2729,持有
2020-12-16,24.26,2.06,0.8063,137290.34,368303.09,505593.43,0.2715,持有
2020-12-17,24.77,2.10,0.8264,140217.54,368303.09,508520.63,0.2757,持有
2020-12-18,24.43,2.07,0.8135,138250.08,368303.09,506553.17,0.2729,持有
2020-12-21,24.61,2.09,0.8202,139305.79,368303.09,507608.88,0.2744,持有
2020-12-22,23.75,2.01,0.7891,134411.13,368303.09,502714.22,0.2674,持有
2020-12-23,23.91,2.03,0.7929,135322.88,368303.09,503625.97,0.2687,持有
2020-12-24,23.79,2.02,0.7900,134651.07,368303.09,502954.16,0.2677,持有
2020-12-25,23.76,2.02,0.7889,134459.12,368303.09,502762.21,0.2674,持有
2020-12-28,23.72,2.01,0.7879,134267.17,368303.09,502570.26,0.2672,持有
2020-12-29,23.87,2.02,0.7917,135082.95,368303.09,503386.04,0.2683,持有
2020-12-30,24.16,2.05,0.8003,136762.49,368303.09,505065.58,0.2708,持有
2020-12-31,24.93,2.11,0.8312,141081.30,368303.09,509384.39,0.2770,持有
2021-01-04,24.74,2.10,0.8260,140025.59,368303.09,508328.68,0.2755,持有
2021-01-05,24.71,2.10,0.8239,139833.65,368303.09,508136.74,0.2752,持有
2021-01-06,25.11,2.13,0.8354,142137.02,368303.09,510440.10,0.2785,持有
2021-01-07,25.22,2.14,0.8373,142760.84,368303.09,511063.93,0.2793,持有
2021-01-08,25.49,2.16,0.8422,144248.44,368303.09,512551.53,0.2814,持有
2021-01-11,24.82,2.11,0.8286,140505.46,368303.09,508808.55,0.2761,持有
2021-01-12,27.16,2.30,0.8779,153701.84,368303.09,522004.93,0.2944,持有
2021-01-13,26.24,2.23,0.8620,148519.26,368303.09,516822.35,0.2874,持有
2021-01-14,25.60,2.17,0.8436,144920.25,368303.09,513223.34,0.2824,持有
2021-01-15,25.59,2.17,0.8429,144824.28,368303.09,513127.37,0.2822,持有
2021-01-18,25.73,2.18,0.8470,145640.05,368303.09,513943.14,0.2834,持有
2021-01-19,25.82,2.19,0.8496,146119.92,368303.09,514423.01,0.2840,持有
2021-01-20,26.37,2.24,0.8648,149239.07,368303.09,517542.16,0.2884,持有
2021-01-21,26.43,2.24,0.8656,149574.98,368303.09,517878.06,0.2888,持有
2021-01-22,25.71,2.18,0.8458,145544.08,368303.09,513847.17,0.2832,持有
2021-01-25,25.41,2.16,0.8373,143816.55,368303.09,512119.64,0.2808,持有
2021-01-26,24.40,2.07,0.8072,138106.12,368303.09,506409.21,0.2727,持有
2021-01-27,24.34,2.06,0.8039,137770.21,368303.09,506073.30,0.2722,持有
2021-01-28,24.16,2.05,0.7944,136762.49,368303.09,505065.58,0.2708,持有
2021-01-29,24.04,2.04,0.7890,136042.69,368303.09,504345.78,0.2697,持有
2021-02-01,23.99,2.04,0.7876,135802.75,368303.09,504105.84,0.2694,持有
2021-02-02,23.87,2.03,0.7854,135130.94,368303.09,503434.03,0.2684,持有
2021-02-03,23.71,2.01,0.7800,134219.19,368303.09,502522.28,0.2671,持有
2021-02-04,22.97,1.95,0.7517,129996.35,368303.09,498299.43,0.2609,持有
2021-02-05,22.91,1.94,0.7496,129660.44,368303.09,497963.53,0.2604,持有
2021-02-08,23.16,1.96,0.7607,131100.04,368303.09,499403.13,0.2625,持有
2021-02-09,23.73,2.01,0.7810,134315.16,368303.09,502618.25,0.2672,持有
2021-02-10,23.63,2.00,0.7760,133739.32,368303.09,502042.41,0.2664,持有
2021-02-18,23.69,2.01,0.7786,134075.23,368303.09,502378.32,0.2669,持有
2021-02-19,24.26,2.06,0.8015,137338.33,368303.09,505641.42,0.2716,持有
2021-02-22,23.54,2.00,0.7715,133259.45,368303.09,501562.54,0.2657,持有
2021-02-23,23.40,1.98,0.7679,132443.67,368303.09,500746.76,0.2645,持有
2021-02-24,23.25,1.97,0.7632,131579.91,368303.09,499883.00,0.2632,持有
2021-02-25,23.51,1.99,0.7710,133067.50,368303.09,501370.59,0.2654,持有
2021-02-26,23.10,1.96,0.7549,130764.13,368303.09,499067.22,0.2620,持有
2021-03-01,21.72,1.84,0.6844,122942.28,368303.09,491245.37,0.2503,持有
2021-03-02,21.33,1.81,0.6563,120734.89,368303.09,489037.97,0.2469,持有
2021-03-03,21.51,1.82,0.6696,121742.61,368303.09,490045.70,0.2484,持有
2021-03-04,21.03,1.78,0.6298,119055.35,368303.09,487358.44,0.2443,持有
2021-03-05,21.24,1.80,0.6468,120207.03,368303.09,488510.12,0.2461,持有
2021-03-08,20.81,1.76,0.6078,117759.70,368303.09,486062.79,0.2423,持有
2021-03-09,20.14,1.71,0.5623,113968.74,368303.09,482271.83,0.2363,持有
2021-03-10,20.08,1.70,0.5581,113680.82,368303.09,481983.91,0.2359,持有
2021-03-11,20.37,1.73,0.5783,115312.37,368303.09,483615.46,0.2384,持有
2021-03-12,20.16,1.71,0.5639,114112.70,368303.09,482415.79,0.2365,持有
2021-03-15,19.72,1.67,0.5283,111617.39,368303.09,479920.48,0.2326,持有
2021-03-16,19.84,1.68,0.5383,112289.20,368303.09,480592.29,0.2336,持有
2021-03-17,20.04,1.70,0.5560,113440.89,368303.09,481743.98,0.2355,持有
2021-03-18,19.97,1.69,0.5481,113009.00,368303.09,481312.09,0.2348,持有
2021-03-19,20.33,1.71,0.5603,115072.44,368303.09,483375.53,0.2381,持有
2021-03-22,20.47,1.72,0.5717,115888.21,368303.09,484191.30,0.2393,持有
2021-03-23,20.40,1.71,0.5653,115456.33,368303.09,483759.42,0.2387,持有
2021-03-24,20.38,1.71,0.5640,115360.36,368303.09,483663.45,0.2385,持有
2021-03-25,20.26,1.70,0.5555,114688.54,368303.09,482991.63,0.2375,持有
2021-03-26,20.33,1.71,0.5596,115072.44,368303.09,483375.53,0.2381,持有
2021-03-29,20.57,1.73,0.5776,116416.07,368303.09,484719.16,0.2402,持有
2021-03-30,20.57,1.73,0.5774,116416.07,368303.09,484719.16,0.2402,持有
2021-03-31,20.25,1.70,0.5539,114640.56,368303.09,482943.65,0.2374,持有
2021-04-01,20.48,1.72,0.5730,115936.20,368303.09,484239.29,0.2394,持有
2021-04-02,20.46,1.72,0.5702,115792.24,368303.09,484095.33,0.2392,持有
2021-04-06,20.47,1.72,0.5718,115888.21,368303.09,484191.30,0.2393,持有
2021-04-07,20.39,1.71,0.5644,115408.35,368303.09,483711.44,0.2386,持有
2021-04-08,20.34,1.71,0.5598,115120.43,368303.09,483423.51,0.2381,持有
2021-04-09,20.01,1.68,0.5314,113248.94,368303.09,481552.03,0.2352,持有
2021-04-12,19.75,1.66,0.5120,111809.33,368303.09,480112.42,0.2329,持有
2021-04-13,19.81,1.66,0.5161,112145.24,368303.09,480448.33,0.2334,持有
2021-04-14,19.99,1.68,0.5301,113152.96,368303.09,481456.05,0.2350,持有
2021-04-15,19.82,1.66,0.5161,112193.23,368303.09,480496.32,0.2335,持有
2021-04-16,20.07,1.68,0.5373,113584.85,368303.09,481887.94,0.2357,持有
2021-04-19,20.36,1.71,0.5635,115264.39,368303.09,483567.48,0.2384,持有
2021-04-20,20.15,1.69,0.5419,114064.71,368303.09,482367.80,0.2365,持有
2021-04-21,20.01,1.68,0.5313,113248.94,368303.09,481552.03,0.2352,持有
2021-04-22,19.91,1.67,0.5231,112673.10,368303.09,480976.19,0.2343,持有
2021-04-23,19.84,1.66,0.5157,112289.20,368303.09,480592.29,0.2336,持有
2021-04-26,19.54,1.64,0.4924,110609.66,368303.09,478912.75,0.2310,持有
2021-04-27,19.29,1.62,0.4663,109170.06,368303.09,477473.15,0.2286,持有
2021-04-28,19.40,1.63,0.4766,109793.89,368303.09,478096.98,0.2296,持有
2021-04-29,20.17,1.65,0.5074,114160.69,368303.09,482463.78,0.2366,持有
2021-04-30,20.22,1.66,0.5115,114448.61,368303.09,482751.70,0.2371,持有
2021-05-06,20.35,1.67,0.5218,115168.41,368303.09,483471.50,0.2382,持有
2021-05-07,19.87,1.63,0.4787,112481.15,368303.09,480784.24,0.2340,持有
2021-05-10,20.15,1.65,0.5049,114064.71,368303.09,482367.80,0.2365,持有
2021-05-11,20.24,1.66,0.5133,114544.58,368303.09,482847.67,0.2372,持有
2021-05-12,20.30,1.66,0.5167,114880.49,368303.09,483183.58,0.2378,持有
2021-05-13,20.03,1.64,0.4950,113392.90,368303.09,481695.99,0.2354,持有
2021-05-14,21.57,1.77,0.6188,122078.52,368303.09,490381.61,0.2489,持有
2021-05-17,21.10,1.73,0.5859,119439.24,368303.09,487742.33,0.2449,持有
2021-05-18,21.00,1.72,0.5785,118863.40,368303.09,487166.49,0.2440,持有
2021-05-19,21.01,1.72,0.5794,118911.39,368303.09,487214.47,0.2441,持有
2021-05-20,21.25,1.74,0.5953,120255.02,368303.09,488558.11,0.2461,持有
2021-05-21,20.86,1.71,0.5668,118095.61,368303.09,486398.70,0.2428,持有
2021-05-24,21.39,1.75,0.6046,121070.79,368303.09,489373.88,0.2474,持有
2021-05-25,22.24,1.82,0.6750,125869.48,368303.09,494172.57,0.2547,持有
2021-05-26,21.94,1.80,0.6515,124189.94,368303.09,492493.03,0.2522,持有
2021-05-27,21.98,1.80,0.6545,124381.89,368303.09,492684.97,0.2525,持有
2021-05-28,22.20,1.82,0.6729,125629.54,368303.09,493932.63,0.2543,持有
2021-05-31,22.14,1.82,0.6687,125293.64,368303.09,493596.72,0.2538,持有
2021-06-01,21.85,1.79,0.6412,123662.08,368303.09,491965.17,0.2514,持有
2021-06-02,21.37,1.75,0.6009,120926.83,368303.09,489229.92,0.2472,持有
2021-06-03,21.35,1.75,0.6000,120830.86,368303.09,489133.95,0.2470,持有
2021-06-04,21.65,1.78,0.6255,122558.39,368303.09,490861.47,0.2497,持有
2021-06-07,22.09,1.81,0.6654,125053.70,368303.09,493356.79,0.2535,持有
2021-06-08,21.98,1.80,0.6540,124381.89,368303.09,492684.97,0.2525,持有
2021-06-09,21.81,1.79,0.6388,123470.14,368303.09,491773.22,0.2511,持有
2021-06-10,21.76,1.78,0.6343,123134.23,368303.09,491437.32,0.2506,持有
2021-06-11,21.14,1.73,0.5859,119679.17,368303.09,487982.26,0.2453,持有
2021-06-15,20.84,1.71,0.5617,117951.65,368303.09,486254.74,0.2426,持有
2021-06-16,20.90,1.71,0.5680,118287.56,368303.09,486590.65,0.2431,持有
2021-06-17,20.81,1.71,0.5574,117759.70,368303.09,486062.79,0.2423,持有
2021-06-18,20.90,1.71,0.5679,118287.56,368303.09,486590.65,0.2431,持有
2021-06-21,20.77,1.70,0.5538,117567.75,368303.09,485870.84,0.2420,持有
2021-06-22,20.91,1.71,0.5689,118335.54,368303.09,486638.63,0.2432,持有
2021-06-23,20.99,1.72,0.5755,118815.41,368303.09,487118.50,0.2439,持有
2021-06-24,21.20,1.74,0.5902,119967.10,368303.09,488270.19,0.2457,持有
2021-06-25,21.63,1.77,0.6235,122414.42,368303.09,490717.51,0.2495,持有
2021-06-28,21.31,1.75,0.5966,120590.92,368303.09,488894.01,0.2467,持有
2021-06-29,21.03,1.72,0.5775,119007.36,368303.09,487310.45,0.2442,持有
2021-06-30,21.14,1.73,0.5862,119679.17,368303.09,487982.26,0.2453,持有
2021-07-01,20.92,1.72,0.5679,118383.53,368303.09,486686.62,0.2432,持有
2021-07-02,20.05,1.64,0.4917,113488.87,368303.09,481791.96,0.2356,持有
2021-07-05,19.95,1.64,0.4798,112913.03,368303.09,481216.12,0.2346,持有
2021-07-06,20.08,1.65,0.4934,113632.83,368303.09,481935.92,0.2358,持有
2021-07-07,20.04,1.64,0.4904,113440.89,368303.09,481743.98,0.2355,持有
2021-07-08,20.01,1.64,0.4863,113248.94,368303.09,481552.03,0.2352,持有
2021-07-09,19.93,1.63,0.4773,112817.06,368303.09,481120.15,0.2345,持有
2021-07-12,20.25,1.66,0.5094,114640.56,368303.09,482943.65,0.2374,持有
2021-07-13,20.11,1.65,0.4961,113824.78,368303.09,482127.87,0.2361,持有
2021-07-14,19.77,1.62,0.4609,111905.31,368303.09,480208.40,0.2330,持有
2021-07-15,20.07,1.65,0.4929,113584.85,368303.09,481887.94,0.2357,持有
2021-07-16,20.20,1.66,0.5055,114352.64,368303.09,482655.73,0.2369,持有
2021-07-19,20.18,1.65,0.5032,114208.68,368303.09,482511.76,0.2367,持有
2021-07-20,20.02,1.64,0.4867,113296.93,368303.09,481600.01,0.2353,持有
2021-07-21,20.20,1.66,0.5042,114304.65,368303.09,482607.74,0.2368,持有
2021-07-22,20.46,1.68,0.5277,115792.24,368303.09,484095.33,0.2392,持有
2021-07-23,20.55,1.69,0.5364,116320.10,368303.09,484623.19,0.2400,持有
2021-07-26,19.92,1.63,0.4755,112769.07,368303.09,481072.16,0.2344,持有
2021-07-27,19.42,1.59,0.4280,109937.85,368303.09,478240.94,0.2299,持有
2021-07-28,19.39,1.59,0.4250,109745.90,368303.09,478048.99,0.2296,持有
2021-07-29,19.52,1.60,0.4379,110465.70,368303.09,478768.79,0.2307,持有
2021-07-30,19.15,1.57,0.4025,108402.27,368303.09,476705.36,0.2274,持有
2021-08-02,19.73,1.62,0.4559,111665.37,368303.09,479968.46,0.2327,持有
2021-08-03,19.78,1.62,0.4614,111953.29,368303.09,480256.38,0.2331,持有
2021-08-04,19.72,1.62,0.4556,111617.39,368303.09,479920.48,0.2326,持有
2021-08-05,19.39,1.59,0.4244,109745.90,368303.09,478048.99,0.2296,持有
2021-08-06,19.57,1.60,0.4426,110753.62,368303.09,479056.71,0.2312,持有
2021-08-09,19.94,1.64,0.4794,112865.04,368303.09,481168.13,0.2346,持有
2021-08-10,20.15,1.65,0.5011,114064.71,368303.09,482367.80,0.2365,持有
2021-08-11,20.09,1.65,0.4956,113728.81,368303.09,482031.90,0.2359,持有
2021-08-12,20.13,1.65,0.5000,113920.75,368303.09,482223.84,0.2362,持有
2021-08-13,20.43,1.68,0.5272,115648.28,368303.09,483951.37,0.2390,持有
2021-08-16,20.36,1.67,0.5214,115216.40,368303.09,483519.49,0.2383,持有
2021-08-17,20.27,1.66,0.5135,114736.53,368303.09,483039.62,0.2375,持有
2021-08-18,21.41,1.76,0.6110,121166.77,368303.09,489469.86,0.2475,持有
2021-08-19,20.89,1.71,0.5704,118239.57,368303.09,486542.66,0.2430,持有
2021-08-20,20.89,1.67,0.5242,118239.50,368303.09,486542.59,0.2430,持有
2021-08-23,21.05,1.69,0.5388,119166.30,368303.09,487469.39,0.2445,持有
2021-08-24,21.67,1.73,0.5922,122629.58,368303.09,490932.67,0.2498,持有
2021-08-25,21.48,1.72,0.5780,121556.45,368303.09,489859.54,0.2481,持有
2021-08-26,21.18,1.70,0.5480,119897.98,368303.09,488201.07,0.2456,持有
2021-08-27,21.31,1.71,0.5597,120629.66,368303.09,488932.75,0.2467,持有
2021-08-30,20.98,1.68,0.5315,118727.29,368303.09,487030.38,0.2438,持有
2021-08-31,22.13,1.77,0.6276,125263.63,368303.09,493566.72,0.2538,持有
2021-09-01,23.17,1.85,0.7057,131165.85,368303.09,499468.94,0.2626,持有
2021-09-02,23.35,1.87,0.7149,132141.42,368303.09,500444.51,0.2640,持有
2021-09-03,22.92,1.83,0.6909,129702.49,368303.09,498005.58,0.2604,持有
2021-09-06,23.11,1.85,0.7015,130824.40,368303.09,499127.49,0.2621,持有
2021-09-07,23.40,1.87,0.7184,132434.10,368303.09,500737.18,0.2645,持有
2021-09-08,23.18,1.86,0.7059,131214.63,368303.09,499517.72,0.2627,持有
2021-09-09,23.04,1.84,0.6973,130385.39,368303.09,498688.48,0.2615,持有
2021-09-10,23.50,1.88,0.7229,133019.44,368303.09,501322.53,0.2653,持有
2021-09-13,23.43,1.88,0.7202,132629.21,368303.09,500932.30,0.2648,持有
2021-09-14,22.82,1.83,0.6836,129165.92,368303.09,497469.01,0.2596,持有
2021-09-15,22.61,1.81,0.6684,127995.24,368303.09,496298.33,0.2579,持有
2021-09-16,21.96,1.76,0.6110,124288.06,368303.09,492591.15,0.2523,持有
2021-09-17,22.36,1.79,0.6449,126580.65,368303.09,494883.74,0.2558,持有
2021-09-22,22.14,1.77,0.6263,125312.41,368303.09,493615.50,0.2539,持有
2021-09-23,22.58,1.81,0.6654,127800.12,368303.09,496103.21,0.2576,持有
2021-09-24,22.44,1.80,0.6512,127019.66,368303.09,495322.75,0.2564,持有
2021-09-27,22.11,1.77,0.6225,125117.29,368303.09,493420.38,0.2536,持有
2021-09-28,22.29,1.78,0.6386,126141.65,368303.09,494444.74,0.2551,持有
2021-09-29,22.07,1.77,0.6175,124922.18,368303.09,493225.27,0.2533,持有
2021-09-30,21.79,1.74,0.5965,123312.48,368303.09,491615.57,0.2508,持有
2021-10-08,22.19,1.78,0.6306,125605.08,368303.09,493908.17,0.2543,持有
2021-10-11,22.11,1.77,0.6228,125166.07,368303.09,493469.16,0.2536,持有
2021-10-12,21.42,1.71,0.5684,121263.78,368303.09,489566.87,0.2477,持有
2021-10-13,21.30,1.70,0.5540,120532.10,368303.09,488835.19,0.2466,持有
2021-10-14,21.34,1.71,0.5583,120775.99,368303.09,489079.08,0.2469,持有
2021-10-15,21.51,1.72,0.5765,121751.57,368303.09,490054.66,0.2484,持有
2021-10-18,21.53,1.72,0.5780,121849.12,368303.09,490152.21,0.2486,持有
2021-10-19,21.59,1.73,0.5830,122190.57,368303.09,490493.66,0.2491,持有
2021-10-20,21.55,1.72,0.5790,121946.68,368303.09,490249.77,0.2487,持有
2021-10-21,21.68,1.74,0.5902,122727.14,368303.09,491030.23,0.2499,持有
2021-10-22,21.94,1.76,0.6091,124190.50,368303.09,492493.59,0.2522,持有
2021-10-25,22.11,1.77,0.6231,125117.29,368303.09,493420.38,0.2536,持有
2021-10-26,21.77,1.74,0.5955,123214.93,368303.09,491518.02,0.2507,持有
2021-10-27,21.26,1.70,0.5500,120336.98,368303.09,488640.07,0.2463,持有
2021-10-28,21.33,1.71,0.5567,120727.21,368303.09,489030.30,0.2469,持有
2021-10-29,22.30,1.73,0.5862,126239.20,368303.09,494542.29,0.2553,持有
2021-11-01,22.39,1.74,0.5936,126726.99,368303.09,495030.08,0.2560,持有
2021-11-02,22.00,1.71,0.5599,124531.95,368303.09,492835.04,0.2527,持有
2021-11-03,21.88,1.70,0.5470,123849.05,368303.09,492152.14,0.2516,持有
2021-11-04,21.92,1.70,0.5499,124092.94,368303.09,492396.03,0.2520,持有
2021-11-05,21.86,1.70,0.5435,123702.71,368303.09,492005.80,0.2514,持有
2021-11-08,21.94,1.70,0.5519,124190.50,368303.09,492493.59,0.2522,持有
2021-11-09,22.05,1.71,0.5638,124775.84,368303.09,493078.93,0.2531,持有
2021-11-10,21.55,1.67,0.5171,121995.46,368303.09,490298.55,0.2488,持有
2021-11-11,22.19,1.72,0.5786,125605.08,368303.09,493908.17,0.2543,持有
2021-11-12,21.84,1.70,0.5405,123605.16,368303.09,491908.25,0.2513,持有
2021-11-15,21.73,1.69,0.5320,123019.81,368303.09,491322.90,0.2504,持有
2021-11-16,20.69,1.61,0.4361,117117.59,368303.09,485420.68,0.2413,持有
2021-11-17,20.72,1.61,0.4374,117263.93,368303.09,485567.02,0.2415,持有
2021-11-18,20.75,1.61,0.4403,117459.04,368303.09,485762.13,0.2418,持有
2021-11-19,20.94,1.63,0.4580,118532.17,368303.09,486835.26,0.2435,持有
2021-11-22,20.93,1.63,0.4569,118483.40,368303.09,486786.48,0.2434,持有
2021-11-23,20.86,1.62,0.4495,118093.17,368303.09,486396.26,0.2428,持有
2021-11-24,20.85,1.62,0.4486,117995.61,368303.09,486298.70,0.2426,持有
2021-11-25,20.76,1.61,0.4406,117507.82,368303.09,485810.91,0.2419,持有
2021-11-26,20.61,1.60,0.4281,116678.58,368303.09,484981.67,0.2406,持有
2021-11-29,20.51,1.59,0.4187,116093.24,368303.09,484396.33,0.2397,持有
2021-11-30,20.49,1.59,0.4151,115946.90,368303.09,484249.99,0.2394,持有
2021-12-01,20.88,1.62,0.4534,118190.72,368303.09,486493.81,0.2429,持有
2021-12-02,21.03,1.63,0.4679,119019.96,368303.09,487323.05,0.2442,持有
2021-12-03,21.36,1.66,0.5021,120873.55,368303.09,489176.64,0.2471,持有
2021-12-06,22.33,1.73,0.5930,126385.54,368303.09,494688.63,0.2555,持有
2021-12-07,22.54,1.75,0.6065,127556.23,368303.09,495859.32,0.2572,持有
2021-12-08,22.83,1.77,0.6316,129214.70,368303.09,497517.79,0.2597,持有
2021-12-09,23.17,1.80,0.6622,131117.07,368303.09,499420.16,0.2625,持有
2021-12-10,22.79,1.77,0.6271,128970.81,368303.09,497273.90,0.2594,持有
2021-12-13,22.98,1.79,0.6464,130092.72,368303.09,498395.81,0.2610,持有
2021-12-14,22.68,1.76,0.6171,128385.47,368303.09,496688.55,0.2585,持有
2021-12-15,22.75,1.77,0.6217,128775.70,368303.09,497078.78,0.2591,持有
2021-12-16,22.97,1.78,0.6447,129995.16,368303.09,498298.25,0.2609,持有
2021-12-17,22.66,1.76,0.6158,128239.13,368303.09,496542.22,0.2583,持有
2021-12-20,22.30,1.73,0.5872,126239.20,368303.09,494542.29,0.2553,持有
2021-12-21,22.50,1.75,0.6020,127361.11,368303.09,495664.20,0.2570,持有
2021-12-22,22.30,1.73,0.5868,126239.20,368303.09,494542.29,0.2553,持有
2021-12-23,22.35,1.74,0.5921,126483.10,368303.09,494786.19,0.2556,持有
2021-12-24,22.14,1.72,0.5742,125312.41,368303.09,493615.50,0.2539,持有
2021-12-27,22.41,1.74,0.5968,126824.55,368303.09,495127.64,0.2561,持有
2021-12-28,22.45,1.74,0.5997,127068.44,368303.09,495371.53,0.2565,持有
2021-12-29,22.30,1.73,0.5862,126239.20,368303.09,494542.29,0.2553,持有
2021-12-30,22.73,1.77,0.6210,128629.36,368303.09,496932.45,0.2588,持有
2021-12-31,22.76,1.77,0.6253,128824.47,368303.09,497127.56,0.2591,持有
2022-01-04,22.79,1.77,0.6281,128970.81,368303.09,497273.90,0.2594,持有
2022-01-05,22.36,1.74,0.5922,126531.88,368303.09,494834.97,0.2557,持有
2022-01-06,21.91,1.70,0.5471,123995.39,368303.09,492298.47,0.2519,持有
2022-01-07,22.17,1.72,0.5744,125458.75,368303.09,493761.83,0.2541,持有
2022-01-10,22.26,1.73,0.5831,125995.31,368303.09,494298.40,0.2549,持有
2022-01-11,22.37,1.74,0.5931,126629.43,368303.09,494932.52,0.2559,持有
2022-01-12,22.55,1.75,0.6068,127653.79,368303.09,495956.87,0.2574,持有
2022-01-13,22.72,1.76,0.6198,128580.58,368303.09,496883.67,0.2588,持有
2022-01-14,21.57,1.68,0.5154,122093.02,368303.09,490396.11,0.2490,持有
2022-01-17,22.12,1.72,0.5702,125214.85,368303.09,493517.94,0.2537,持有
2022-01-18,22.15,1.72,0.5724,125361.19,368303.09,493664.28,0.2539,持有
2022-01-19,22.15,1.72,0.5722,125361.19,368303.09,493664.28,0.2539,持有
2022-01-20,22.15,1.72,0.5720,125361.19,368303.09,493664.28,0.2539,持有
2022-01-21,22.15,1.72,0.5718,125361.19,368303.09,493664.28,0.2539,持有
2022-01-24,22.15,1.72,0.5716,125361.19,368303.09,493664.28,0.2539,持有
2022-01-25,22.15,1.72,0.5714,125361.19,368303.09,493664.28,0.2539,持有
2022-01-26,22.15,1.72,0.5712,125361.19,368303.09,493664.28,0.2539,持有
2022-01-27,22.08,1.81,0.6786,124947.28,368303.09,493250.37,0.2533,持有
2022-01-28,22.49,1.84,0.7061,127275.49,368303.09,495578.58,0.2568,持有
2022-02-07,23.11,1.90,0.7394,130793.67,368303.09,499096.76,0.2621,持有
2022-02-08,23.19,1.90,0.7428,131259.31,368303.09,499562.40,0.2627,持有
2022-02-09,23.14,1.90,0.7412,130948.89,368303.09,499251.98,0.2623,持有
2022-02-10,23.15,1.90,0.7416,131052.36,368303.09,499355.45,0.2624,持有
2022-02-11,23.48,1.93,0.7576,132914.93,368303.09,501218.02,0.2652,持有
2022-02-14,22.67,1.86,0.7162,128310.25,368303.09,496613.34,0.2584,持有
2022-02-15,22.57,1.85,0.7088,127741.13,368303.09,496044.22,0.2575,持有
2022-02-16,22.43,1.84,0.6998,126965.06,368303.09,495268.15,0.2564,持有
2022-02-17,22.22,1.82,0.6878,125775.09,368303.09,494078.18,0.2546,持有
2022-02-18,22.52,1.85,0.7058,127482.44,368303.09,495785.53,0.2571,持有
2022-02-21,22.41,1.84,0.6988,126861.58,368303.09,495164.67,0.2562,持有
2022-02-22,21.97,1.80,0.6645,124326.42,368303.09,492629.51,0.2524,持有
2022-02-23,22.17,1.82,0.6835,125464.66,368303.09,493767.75,0.2541,持有
2022-02-24,21.44,1.76,0.6139,121377.36,368303.09,489680.45,0.2479,持有
2022-02-25,21.32,1.75,0.6016,120653.02,368303.09,488956.11,0.2468,持有
2022-02-28,21.33,1.75,0.6021,120704.76,368303.09,489007.85,0.2468,持有
2022-03-01,21.36,1.75,0.6066,120911.71,368303.09,489214.80,0.2472,持有
2022-03-02,21.08,1.73,0.5798,119307.84,368303.09,487610.93,0.2447,持有
2022-03-03,21.21,1.74,0.5931,120032.17,368303.09,488335.26,0.2458,持有
2022-03-04,20.78,1.74,0.5976,117600.48,368303.09,485903.57,0.2420,持有
2022-03-07,19.87,1.67,0.5027,112478.42,368303.09,480781.51,0.2339,持有
2022-03-08,19.29,1.62,0.4401,109167.19,368303.09,477470.28,0.2286,持有
2022-03-09,18.98,1.59,0.4101,107408.10,368303.09,475711.18,0.2258,持有
2022-03-10,18.89,1.59,0.3999,106890.72,368303.09,475193.80,0.2249,持有
2022-03-11,19.10,1.60,0.4222,108132.43,368303.09,476435.52,0.2270,持有
2022-03-14,18.76,1.57,0.3872,106166.38,368303.09,474469.47,0.2238,持有
2022-03-15,17.93,1.51,0.2979,91458.22,378303.09,469761.31,0.1947,买入(补至30% + 定投10000.0)
2022-03-16,19.04,1.60,0.4161,149678.80,338364.24,488043.05,0.3067,持有
2022-03-17,18.94,1.59,0.4052,148888.37,338364.24,487252.62,0.3056,持有
2022-03-18,19.61,1.65,0.4784,154133.96,338364.24,492498.20,0.3130,持有
2022-03-21,19.02,1.60,0.4157,149535.09,338364.24,487899.33,0.3065,持有
2022-03-22,19.06,1.60,0.4189,149822.52,338364.24,488186.76,0.3069,持有
2022-03-23,19.05,1.60,0.4174,149750.66,338364.24,488114.90,0.3068,持有
2022-03-24,18.90,1.59,0.4005,148600.94,338364.24,486965.19,0.3052,持有
2022-03-25,18.62,1.56,0.3753,146373.37,338364.24,484737.61,0.3020,持有
2022-03-28,18.70,1.57,0.3819,147020.08,338364.24,485384.33,0.3029,持有
2022-03-29,18.51,1.51,0.3086,145511.08,338364.24,483875.32,0.3007,持有
2022-03-30,19.26,1.57,0.3860,151403.38,338364.24,489767.62,0.3091,持有
2022-03-31,19.10,1.56,0.3735,150181.80,338364.24,488546.05,0.3074,持有
2022-04-01,19.31,1.58,0.3917,151762.66,338364.24,490126.91,0.3096,持有
2022-04-06,19.31,1.58,0.3916,151762.66,338364.24,490126.91,0.3096,持有
2022-04-07,18.90,1.54,0.3525,148600.94,338364.24,486965.19,0.3052,持有
2022-04-08,19.27,1.57,0.3873,151475.24,338364.24,489839.48,0.3092,持有
2022-04-11,18.71,1.53,0.3302,147091.94,338364.24,485456.18,0.3030,持有
2022-04-12,19.29,1.58,0.3901,151618.95,338364.24,489983.19,0.3094,持有
2022-04-13,18.92,1.55,0.3556,148744.66,338364.24,487108.90,0.3054,持有
2022-04-14,19.17,1.57,0.3785,150684.81,338364.24,489049.05,0.3081,持有
2022-04-15,19.09,1.56,0.3714,150038.09,338364.24,488402.33,0.3072,持有
2022-04-18,18.55,1.52,0.3104,145798.51,338364.24,484162.75,0.3011,持有
2022-04-19,18.48,1.51,0.3043,145295.51,338364.24,483659.75,0.3004,持有
2022-04-20,18.20,1.49,0.2733,143067.93,338364.24,481432.17,0.2972,持有
2022-04-21,18.14,1.48,0.2689,142564.93,338364.24,480929.17,0.2964,持有
2022-04-22,18.17,1.49,0.2721,142852.36,338364.24,481216.60,0.2969,持有
2022-04-25,17.58,1.44,0.2026,138181.63,338364.24,476545.88,0.2900,持有
2022-04-26,16.76,1.37,0.0969,121714.47,348364.24,470078.72,0.2589,买入(补至100% + 定投10000.0)
2022-04-27,17.19,1.41,0.1447,482383.34,14233.93,496617.28,0.9713,持有
2022-04-28,17.16,1.40,0.1387,481357.54,14233.93,495591.47,0.9713,持有
2022-04-29,18.00,1.27,0.0083,504950.98,14233.93,519184.92,0.9726,持有
2022-05-05,17.72,1.25,0.0046,497001.02,14233.93,511234.95,0.9722,持有
2022-05-06,17.19,1.21,0.0007,482126.89,14233.93,496360.83,0.9713,持有
2022-05-09,17.12,1.20,0.0007,480331.74,14233.93,494565.67,0.9712,持有
2022-05-10,17.38,1.22,0.0020,487512.35,14233.93,501746.29,0.9716,持有
2022-05-11,17.49,1.23,0.0030,490589.76,14233.93,504823.69,0.9718,持有
2022-05-12,17.45,1.23,0.0026,489563.96,14233.93,503797.89,0.9717,持有
2022-05-13,17.63,1.24,0.0040,494692.97,14233.93,508926.90,0.9720,持有
2022-05-16,17.43,1.23,0.0026,489051.05,14233.93,503284.99,0.9717,持有
2022-05-17,17.66,1.24,0.0056,495462.32,14233.93,509696.25,0.9721,持有
2022-05-18,17.84,1.25,0.0086,500591.33,14233.93,514825.26,0.9724,持有
2022-05-19,17.71,1.25,0.0066,496744.57,14233.93,510978.50,0.9721,持有
2022-05-20,18.05,1.27,0.0145,506489.69,14233.93,520723.62,0.9727,持有
2022-05-23,18.01,1.27,0.0129,505207.43,14233.93,519441.37,0.9726,持有
2022-05-24,17.59,1.24,0.0040,493410.71,14233.93,507644.65,0.9720,持有
2022-05-25,17.65,1.24,0.0053,495205.87,14233.93,509439.80,0.9721,持有
2022-05-26,17.93,1.26,0.0115,503155.83,14233.93,517389.76,0.9725,持有
2022-05-27,17.93,1.26,0.0115,502899.38,14233.93,517133.31,0.9725,持有
2022-05-30,17.82,1.25,0.0096,500078.43,14233.93,514312.36,0.9723,持有
2022-05-31,18.09,1.27,0.0208,507515.49,14233.93,521749.42,0.9727,持有
2022-06-01,17.93,1.26,0.0119,502899.38,14233.93,517133.31,0.9725,持有
2022-06-02,17.99,1.27,0.0138,504694.53,14233.93,518928.47,0.9726,持有
2022-06-06,18.25,1.28,0.0280,511875.15,14233.93,526109.08,0.9729,持有
2022-06-07,18.38,1.29,0.0379,515721.90,14233.93,529955.84,0.9731,持有
2022-06-08,18.61,1.31,0.0517,522133.17,14233.93,536367.10,0.9735,持有
2022-06-09,18.49,1.30,0.0434,518799.31,14233.93,533033.24,0.9733,持有
2022-06-10,19.00,1.34,0.0668,533160.54,14233.93,547394.47,0.9740,持有
2022-06-13,18.53,1.30,0.0457,519825.11,14233.93,534059.04,0.9733,持有
2022-06-14,19.30,1.36,0.0891,541366.95,14233.93,555600.88,0.9744,持有
2022-06-15,19.99,1.41,0.1537,560857.19,14233.93,575091.12,0.9752,持有
2022-06-16,19.03,1.34,0.0690,533929.89,14233.93,548163.82,0.9740,持有
2022-06-17,19.03,1.34,0.0689,533929.89,14233.93,548163.82,0.9740,持有
2022-06-20,18.94,1.33,0.0640,531365.38,14233.93,545599.32,0.9739,持有
2022-06-21,19.21,1.35,0.0817,538802.45,14233.93,553036.38,0.9743,持有
2022-06-22,18.98,1.33,0.0653,532391.18,14233.93,546625.12,0.9740,持有
2022-06-23,19.90,1.40,0.1456,558292.68,14233.93,572526.62,0.9751,持有
2022-06-24,19.77,1.39,0.1324,554702.38,14233.93,568936.31,0.9750,持有
2022-06-27,19.93,1.40,0.1484,559062.03,14233.93,573295.97,0.9752,持有
2022-06-28,19.88,1.40,0.1435,557779.78,14233.93,572013.72,0.9751,持有
2022-06-29,19.57,1.38,0.1143,549060.47,14233.93,563294.40,0.9747,持有
2022-06-30,19.80,1.39,0.1355,555471.73,14233.93,569705.66,0.9750,持有
2022-07-01,19.51,1.37,0.1109,547265.31,14233.93,561499.25,0.9747,持有
2022-07-04,19.60,1.38,0.1168,549829.82,14233.93,564063.75,0.9748,持有
2022-07-05,19.34,1.36,0.0932,542649.20,14233.93,556883.14,0.9744,持有
2022-07-06,19.12,1.34,0.0742,536494.39,14233.93,550728.33,0.9742,持有
2022-07-07,19.10,1.34,0.0732,535725.04,14233.93,549958.97,0.9741,持有
2022-07-08,18.89,1.33,0.0631,530083.13,14233.93,544317.06,0.9738,持有
2022-07-11,18.46,1.30,0.0421,518029.96,14233.93,532263.89,0.9733,持有
2022-07-12,18.48,1.30,0.0428,518542.86,14233.93,532776.79,0.9733,持有
2022-07-13,18.48,1.30,0.0428,518542.86,14233.93,532776.79,0.9733,持有
2022-07-14,18.30,1.29,0.0323,513413.85,14233.93,527647.78,0.9730,持有
2022-07-15,17.89,1.26,0.0111,501873.58,14233.93,516107.51,0.9724,持有
2022-07-18,18.16,1.28,0.0238,509567.09,14233.93,523801.03,0.9728,持有
2022-07-19,18.25,1.28,0.0284,511875.15,14233.93,526109.08,0.9729,持有
2022-07-20,18.26,1.28,0.0313,512388.05,14233.93,526621.98,0.9730,持有
2022-07-21,18.07,1.27,0.0215,507002.59,14233.93,521236.52,0.9727,持有
2022-07-22,18.17,1.28,0.0244,509823.54,14233.93,524057.48,0.9728,持有
2022-07-25,17.97,1.26,0.0137,504181.63,14233.93,518415.57,0.9725,持有
2022-07-26,18.13,1.27,0.0238,508541.29,14233.93,522775.22,0.9728,持有
2022-07-27,18.11,1.27,0.0231,508028.39,14233.93,522262.32,0.9727,持有
2022-07-28,18.16,1.28,0.0250,509567.09,14233.93,523801.03,0.9728,持有
2022-07-29,17.92,1.26,0.0117,502642.93,14233.93,516876.86,0.9725,持有
2022-08-01,17.68,1.24,0.0068,495975.22,14233.93,510209.15,0.9721,持有
2022-08-02,17.19,1.21,0.0010,482126.89,14233.93,496360.83,0.9713,持有
2022-08-03,17.14,1.21,0.0010,480844.64,14233.93,495078.57,0.9712,持有
2022-08-04,17.22,1.21,0.0019,483152.69,14233.93,497386.63,0.9714,持有
2022-08-05,17.64,1.24,0.0062,494949.42,14233.93,509183.35,0.9720,持有
2022-08-08,17.76,1.25,0.0101,498283.27,14233.93,512517.21,0.9722,持有
2022-08-09,17.72,1.25,0.0097,497001.02,14233.93,511234.95,0.9722,持有
2022-08-10,17.81,1.25,0.0110,499565.52,14233.93,513799.46,0.9723,持有
2022-08-11,18.44,1.30,0.0467,517260.61,14233.93,531494.54,0.9732,持有
2022-08-12,18.34,1.29,0.0402,514439.65,14233.93,528673.59,0.9731,持有
2022-08-15,18.24,1.28,0.0330,511618.70,14233.93,525852.63,0.9729,持有
2022-08-16,18.23,1.28,0.0324,511362.25,14233.93,525596.18,0.9729,持有
2022-08-17,18.46,1.30,0.0495,518029.96,14233.93,532263.89,0.9733,持有
2022-08-18,18.30,1.29,0.0388,513413.85,14233.93,527647.78,0.9730,持有
2022-08-19,18.26,1.28,0.0366,512388.05,14233.93,526621.98,0.9730,持有
2022-08-22,18.24,1.28,0.0333,511618.70,14233.93,525852.63,0.9729,持有
2022-08-23,18.19,1.28,0.0291,510336.44,14233.93,524570.38,0.9729,持有
2022-08-24,17.86,1.26,0.0126,501104.23,14233.93,515338.16,0.9724,持有
2022-08-25,18.39,1.29,0.0472,515978.35,14233.93,530212.29,0.9732,持有
2022-08-26,18.22,1.25,0.0103,511234.89,14233.93,525468.82,0.9729,持有
2022-08-29,18.19,1.25,0.0087,510444.32,14233.93,524678.26,0.9729,持有
2022-08-30,18.08,1.25,0.0100,507282.04,14233.93,521515.98,0.9727,持有
2022-08-31,18.34,1.26,0.0177,514397.17,14233.93,528631.10,0.9731,持有
2022-09-01,18.13,1.25,0.0113,508599.66,14233.93,522833.59,0.9728,持有
2022-09-02,18.07,1.24,0.0087,507018.52,14233.93,521252.45,0.9727,持有
2022-09-05,18.10,1.25,0.0113,507809.09,14233.93,522043.02,0.9727,持有
2022-09-06,18.30,1.26,0.0171,513343.08,14233.93,527577.01,0.9730,持有
2022-09-07,18.19,1.25,0.0139,510444.32,14233.93,524678.26,0.9729,持有
2022-09-08,18.14,1.25,0.0126,508863.18,14233.93,523097.12,0.9728,持有
2022-09-09,18.58,1.28,0.0338,521248.77,14233.93,535482.70,0.9734,持有
2022-09-13,18.63,1.28,0.0386,522566.39,14233.93,536800.32,0.9735,持有
2022-09-14,18.39,1.27,0.0222,515978.31,14233.93,530212.24,0.9732,持有
2022-09-15,18.34,1.26,0.0199,514660.69,14233.93,528894.63,0.9731,持有
2022-09-16,17.30,1.19,0.0000,485409.62,14233.93,499643.56,0.9715,持有
2022-09-19,17.30,1.19,0.0000,485409.62,14233.93,499643.56,0.9715,持有
2022-09-20,17.30,1.19,0.0000,485409.62,14233.93,499643.56,0.9715,持有
2022-09-21,17.31,1.19,0.0010,485673.15,14233.93,499907.08,0.9715,持有
2022-09-22,17.27,1.19,0.0000,484619.05,14233.93,498852.99,0.9715,持有
2022-09-23,17.25,1.19,0.0000,483828.48,14233.93,498062.42,0.9714,持有
2022-09-26,16.93,1.17,0.0000,474868.70,14233.93,489102.63,0.9709,持有
2022-09-27,16.97,1.17,0.0003,476186.31,14233.93,490420.25,0.9710,持有
2022-09-28,16.64,1.15,0.0000,466963.00,14233.93,481196.94,0.9704,持有
2022-09-29,16.34,1.13,0.0000,458530.26,14233.93,472764.20,0.9699,持有
2022-09-30,16.36,1.13,0.0003,459057.31,14233.93,473291.24,0.9699,持有
2022-10-10,16.28,1.12,0.0000,456685.60,14233.93,470919.53,0.9698,持有
2022-10-11,16.33,1.13,0.0003,458266.74,14233.93,472500.67,0.9699,持有
2022-10-12,16.71,1.15,0.0016,468807.67,14233.93,483041.60,0.9705,持有
2022-10-13,16.64,1.15,0.0013,466699.48,14233.93,480933.41,0.9704,持有
2022-10-14,16.97,1.17,0.0026,476186.31,14233.93,490420.25,0.9710,持有
2022-10-17,17.08,1.18,0.0032,479085.07,14233.93,493319.00,0.9711,持有
2022-10-18,17.07,1.18,0.0032,478821.55,14233.93,493055.48,0.9711,持有
2022-10-19,17.00,1.17,0.0032,476976.88,14233.93,491210.82,0.9710,持有
2022-10-20,17.00,1.17,0.0032,476976.88,14233.93,491210.82,0.9710,持有
2022-10-21,17.10,1.18,0.0045,479612.11,14233.93,493846.05,0.9712,持有
2022-10-24,16.68,1.15,0.0019,468017.10,14233.93,482251.03,0.9705,持有
2022-10-25,16.47,1.13,0.0013,461956.06,14233.93,476190.00,0.9701,持有
2022-10-26,16.47,1.13,0.0013,461956.06,14233.93,476190.00,0.9701,持有
2022-10-27,16.53,1.14,0.0019,463800.73,14233.93,478034.66,0.9702,持有
2022-10-28,16.17,1.11,0.0000,453786.85,14233.93,468020.78,0.9696,持有
2022-10-31,16.17,1.09,0.0000,453523.32,14233.93,467757.26,0.9696,持有
2022-11-01,16.81,1.13,0.0019,471706.42,14233.93,485940.35,0.9707,持有
2022-11-02,16.82,1.13,0.0022,471969.94,14233.93,486203.88,0.9707,持有
2022-11-03,16.65,1.12,0.0006,467226.53,14233.93,481460.46,0.9704,持有
2022-11-04,17.14,1.15,0.0048,480929.73,14233.93,495163.66,0.9713,持有
2022-11-07,17.16,1.15,0.0054,481456.78,14233.93,495690.71,0.9713,持有
2022-11-08,17.17,1.15,0.0057,481720.30,14233.93,495954.23,0.9713,持有
2022-11-09,17.14,1.15,0.0048,480929.73,14233.93,495163.66,0.9713,持有
2022-11-10,17.31,1.16,0.0064,485673.15,14233.93,499907.08,0.9715,持有
2022-11-11,17.81,1.20,0.0111,499639.87,14233.93,513873.81,0.9723,持有
2022-11-14,18.03,1.21,0.0134,505964.43,14233.93,520198.36,0.9726,持有
2022-11-15,18.60,1.25,0.0235,521775.82,14233.93,536009.75,0.9734,持有
2022-11-16,18.25,1.23,0.0152,512025.46,14233.93,526259.39,0.9730,持有
2022-11-17,18.28,1.23,0.0159,512816.03,14233.93,527049.96,0.9730,持有
2022-11-18,17.99,1.21,0.0127,504646.81,14233.93,518880.75,0.9726,持有
2022-11-21,17.71,1.19,0.0095,496741.12,14233.93,510975.05,0.9721,持有
2022-11-22,18.00,1.21,0.0133,504910.34,14233.93,519144.27,0.9726,持有
2022-11-23,18.05,1.21,0.0149,506491.47,14233.93,520725.41,0.9727,持有
2022-11-24,17.94,1.20,0.0127,503329.20,14233.93,517563.13,0.9725,持有
2022-11-25,18.18,1.22,0.0162,509917.28,14233.93,524151.21,0.9728,持有
2022-11-28,17.86,1.20,0.0120,500957.49,14233.93,515191.42,0.9724,持有
2022-11-29,18.54,1.24,0.0231,520194.68,14233.93,534428.61,0.9734,持有
2022-11-30,18.62,1.25,0.0279,522302.86,14233.93,536536.80,0.9735,持有
2022-12-01,18.76,1.26,0.0323,526255.71,14233.93,540489.64,0.9737,持有
2022-12-02,18.63,1.25,0.0282,522566.39,14233.93,536800.32,0.9735,持有
2022-12-05,19.57,1.31,0.0826,548918.70,14233.93,563152.63,0.9747,持有
2022-12-06,19.63,1.32,0.0857,550763.36,14233.93,564997.30,0.9748,持有
2022-12-07,19.34,1.30,0.0708,542594.15,14233.93,556828.08,0.9744,持有
2022-12-08,19.27,1.29,0.0667,540485.96,14233.93,554719.89,0.9743,持有
2022-12-09,19.39,1.30,0.0739,543911.76,14233.93,558145.69,0.9745,持有
2022-12-12,19.01,1.28,0.0467,533370.84,14233.93,547604.77,0.9740,持有
2022-12-13,19.07,1.28,0.0505,534951.97,14233.93,549185.91,0.9741,持有
2022-12-14,19.29,1.30,0.0688,541276.53,14233.93,555510.46,0.9744,持有
2022-12-15,19.04,1.28,0.0489,534161.40,14233.93,548395.34,0.9740,持有
2022-12-16,19.17,1.29,0.0612,537850.73,14233.93,552084.66,0.9742,持有
2022-12-19,18.75,1.26,0.0322,525992.19,14233.93,540226.12,0.9737,持有
2022-12-20,18.51,1.24,0.0224,519404.11,14233.93,533638.04,0.9733,持有
2022-12-21,18.54,1.24,0.0233,520194.68,14233.93,534428.61,0.9734,持有
2022-12-22,18.66,1.25,0.0296,523620.48,14233.93,537854.41,0.9735,持有
2022-12-23,18.59,1.25,0.0271,521512.29,14233.93,535746.23,0.9734,持有
2022-12-26,18.48,1.24,0.0202,518350.02,14233.93,532583.95,0.9733,持有
2022-12-27,18.92,1.27,0.0456,530735.60,14233.93,544969.54,0.9739,持有
2022-12-28,18.83,1.26,0.0381,528363.90,14233.93,542597.83,0.9738,持有
2022-12-29,18.58,1.25,0.0274,521248.77,14233.93,535482.70,0.9734,持有
2022-12-30,18.70,1.26,0.0324,524674.57,14233.93,538908.50,0.9736,持有
2023-01-03,18.69,1.25,0.0324,524411.05,14233.93,538644.98,0.9736,持有
2023-01-04,18.93,1.27,0.0475,530999.13,14233.93,545233.06,0.9739,持有
2023-01-05,19.20,1.29,0.0666,538641.30,14233.93,552875.23,0.9743,持有
2023-01-06,19.17,1.29,0.0647,537850.73,14233.93,552084.66,0.9742,持有
2023-01-09,19.40,1.30,0.0807,544175.28,14233.93,558409.22,0.9745,持有
2023-01-10,19.20,1.29,0.0669,538641.30,14233.93,552875.23,0.9743,持有
2023-01-11,19.11,1.28,0.0584,536006.07,14233.93,550240.00,0.9741,持有
2023-01-12,19.22,1.29,0.0684,539168.34,14233.93,553402.28,0.9743,持有
2023-01-13,19.49,1.31,0.0884,546810.52,14233.93,561044.45,0.9746,持有
2023-01-16,20.23,1.36,0.1285,567628.84,14233.93,581862.78,0.9755,持有
2023-01-17,20.32,1.36,0.1369,570000.55,14233.93,584234.48,0.9756,持有
2023-01-18,20.08,1.35,0.1172,563412.47,14233.93,577646.41,0.9754,持有
2023-01-19,20.31,1.36,0.1365,569737.03,14233.93,583970.96,0.9756,持有
2023-01-20,20.35,1.37,0.1412,571054.64,14233.93,585288.58,0.9757,持有
2023-01-30,20.30,1.36,0.1346,569473.51,14233.93,583707.44,0.9756,持有
2023-01-31,20.11,1.35,0.1186,564203.04,14233.93,578436.98,0.9754,持有
2023-02-01,20.75,1.39,0.1742,582122.62,14233.93,596356.55,0.9761,持有
2023-02-02,20.13,1.35,0.1210,564730.09,14233.93,578964.02,0.9754,持有
2023-02-03,20.06,1.35,0.1150,562885.43,14233.93,577119.36,0.9753,持有
2023-02-06,19.58,1.31,0.0916,549445.75,14233.93,563679.68,0.9747,持有
2023-02-07,19.63,1.32,0.0934,550763.36,14233.93,564997.30,0.9748,持有
2023-02-08,19.60,1.32,0.0921,549972.79,14233.93,564206.73,0.9748,持有
2023-02-09,19.89,1.33,0.1040,557878.49,14233.93,572112.42,0.9751,持有
2023-02-10,19.69,1.32,0.0968,552344.50,14233.93,566578.43,0.9749,持有
2023-02-13,19.66,1.32,0.0961,551553.93,14233.93,565787.87,0.9748,持有
2023-02-14,19.65,1.32,0.0954,551290.41,14233.93,565524.34,0.9748,持有
2023-02-15,19.49,1.31,0.0879,546810.52,14233.93,561044.45,0.9746,持有
2023-02-16,19.32,1.30,0.0757,542067.10,14233.93,556301.03,0.9744,持有
2023-02-17,19.01,1.28,0.0499,533370.84,14233.93,547604.77,0.9740,持有
2023-02-20,19.76,1.33,0.1022,554452.69,14233.93,568686.62,0.9750,持有
2023-02-21,19.81,1.33,0.1037,555770.30,14233.93,570004.24,0.9750,持有
2023-02-22,19.54,1.31,0.0903,548128.13,14233.93,562362.06,0.9747,持有
2023-02-23,19.75,1.33,0.1021,554189.16,14233.93,568423.10,0.9750,持有
2023-02-24,19.34,1.30,0.0775,542594.15,14233.93,556828.08,0.9744,持有
2023-02-27,19.20,1.29,0.0669,538641.30,14233.93,552875.23,0.9743,持有
2023-02-28,19.40,1.30,0.0821,544175.28,14233.93,558409.22,0.9745,持有
2023-03-01,19.63,1.32,0.0954,550763.36,14233.93,564997.30,0.9748,持有
2023-03-02,19.61,1.32,0.0948,550236.32,14233.93,564470.25,0.9748,持有
2023-03-03,19.89,1.33,0.1081,557878.49,14233.93,572112.42,0.9751,持有
2023-03-06,19.43,1.30,0.0857,545229.38,14233.93,559463.31,0.9746,持有
2023-03-07,19.27,1.29,0.0726,540485.96,14233.93,554719.89,0.9743,持有
2023-03-08,19.12,1.28,0.0605,536533.11,14233.93,550767.05,0.9742,持有
2023-03-09,19.05,1.28,0.0524,534424.93,14233.93,548658.86,0.9741,持有
2023-03-10,18.78,1.26,0.0360,526782.76,14233.93,541016.69,0.9737,持有
2023-03-13,18.91,1.27,0.0425,530472.08,14233.93,544706.01,0.9739,持有
2023-03-14,18.65,1.25,0.0301,523356.96,14233.93,537590.89,0.9735,持有
2023-03-15,18.83,1.26,0.0390,528363.90,14233.93,542597.83,0.9738,持有
2023-03-16,18.70,1.26,0.0325,524674.57,14233.93,538908.50,0.9736,持有
2023-03-17,18.94,1.27,0.0489,531262.65,14233.93,545496.58,0.9739,持有
2023-03-20,18.83,1.26,0.0393,528363.90,14233.93,542597.83,0.9738,持有
2023-03-21,18.98,1.27,0.0511,532580.27,14233.93,546814.20,0.9740,持有
2023-03-22,19.07,1.28,0.0566,534951.97,14233.93,549185.91,0.9741,持有
2023-03-23,19.25,1.29,0.0745,539958.91,14233.93,554192.85,0.9743,持有
2023-03-24,19.27,1.29,0.0776,540749.48,14233.93,554983.42,0.9744,持有
2023-03-27,19.16,1.29,0.0668,537587.21,14233.93,551821.14,0.9742,持有
2023-03-28,19.15,1.29,0.0664,537323.68,14233.93,551557.62,0.9742,持有
2023-03-29,18.98,1.27,0.0510,532580.27,14233.93,546814.20,0.9740,持有
2023-03-30,19.24,1.29,0.0750,539695.39,14233.93,553929.32,0.9743,持有
2023-03-31,19.24,1.27,0.0426,539695.39,14233.93,553929.32,0.9743,持有
2023-04-03,19.73,1.30,0.0858,553398.59,14233.93,567632.53,0.9749,持有
2023-04-04,19.79,1.30,0.0913,555243.26,14233.93,569477.19,0.9750,持有
2023-04-06,19.62,1.29,0.0783,550499.84,14233.93,564733.77,0.9748,持有
2023-04-07,19.89,1.31,0.0974,557878.49,14233.93,572112.42,0.9751,持有
2023-04-10,19.84,1.31,0.0949,556560.87,14233.93,570794.80,0.9751,持有
2023-04-11,20.04,1.32,0.1066,562358.38,14233.93,576592.31,0.9753,持有
2023-04-12,20.04,1.32,0.1066,562358.38,14233.93,576592.31,0.9753,持有
2023-04-13,19.67,1.30,0.0813,551817.46,14233.93,566051.39,0.9749,持有
2023-04-14,19.68,1.30,0.0822,552080.98,14233.93,566314.91,0.9749,持有
2023-04-17,20.46,1.35,0.1308,573953.40,14233.93,588187.33,0.9758,持有
2023-04-18,20.41,1.35,0.1258,572635.78,14233.93,586869.72,0.9757,持有
2023-04-19,20.18,1.33,0.1141,566047.70,14233.93,580281.64,0.9755,持有
2023-04-20,20.24,1.33,0.1156,567892.37,14233.93,582126.30,0.9755,持有
2023-04-21,19.55,1.29,0.0704,548391.65,14233.93,562625.59,0.9747,持有
2023-04-24,19.37,1.28,0.0532,543384.71,14233.93,557618.65,0.9745,持有
2023-04-25,19.46,1.28,0.0618,546019.95,14233.93,560253.88,0.9746,持有
2023-04-26,19.38,1.28,0.0544,543648.24,14233.93,557882.17,0.9745,持有
2023-04-27,19.75,1.30,0.0900,554189.16,14233.93,568423.10,0.9750,持有
2023-04-28,19.74,1.27,0.0503,553925.64,14233.93,568159.57,0.9749,持有
2023-05-04,19.98,1.29,0.0715,560513.72,14233.93,574747.65,0.9752,持有
2023-05-05,20.60,1.33,0.1144,577906.25,14233.93,592140.18,0.9760,持有
2023-05-08,21.31,1.37,0.1687,597934.00,14233.93,612167.94,0.9767,持有
2023-05-09,21.36,1.38,0.1704,599251.62,14233.93,613485.55,0.9768,持有
2023-05-10,20.56,1.33,0.1128,576852.15,14233.93,591086.09,0.9759,持有
2023-05-11,20.48,1.32,0.1081,574480.45,14233.93,588714.38,0.9758,持有
2023-05-12,20.20,1.30,0.0910,566574.75,14233.93,580808.68,0.9755,持有
2023-05-15,20.50,1.32,0.1099,575007.49,14233.93,589241.42,0.9758,持有
2023-05-16,20.48,1.32,0.1084,574480.45,14233.93,588714.38,0.9758,持有
2023-05-17,20.35,1.31,0.1007,570791.12,14233.93,585025.05,0.9757,持有
2023-05-18,20.35,1.31,0.1009,571054.64,14233.93,585288.58,0.9757,持有
2023-05-19,20.00,1.29,0.0731,561040.76,14233.93,575274.70,0.9753,持有
2023-05-22,20.01,1.29,0.0740,561304.29,14233.93,575538.22,0.9753,持有
2023-05-23,19.58,1.26,0.0376,549445.75,14233.93,563679.68,0.9747,持有
2023-05-24,19.05,1.23,0.0183,534424.93,14233.93,548658.86,0.9741,持有
2023-05-25,19.09,1.23,0.0189,535479.02,14233.93,549712.95,0.9741,持有
2023-05-26,19.13,1.23,0.0192,536796.64,14233.93,551030.57,0.9742,持有
2023-05-29,19.11,1.23,0.0192,536269.59,14233.93,550503.52,0.9741,持有
2023-05-30,19.12,1.23,0.0195,536533.11,14233.93,550767.05,0.9742,持有
2023-05-31,18.83,1.21,0.0156,528363.90,14233.93,542597.83,0.9738,持有
2023-06-01,18.88,1.22,0.0159,529681.51,14233.93,543915.44,0.9738,持有
2023-06-02,18.96,1.22,0.0171,532053.22,14233.93,546287.15,0.9739,持有
2023-06-05,18.79,1.21,0.0149,527046.28,14233.93,541280.21,0.9737,持有
2023-06-06,18.63,1.20,0.0119,522566.39,14233.93,536800.32,0.9735,持有
2023-06-07,18.66,1.20,0.0125,523620.48,14233.93,537854.41,0.9735,持有
2023-06-08,18.97,1.22,0.0183,532316.74,14233.93,546550.68,0.9740,持有
2023-06-09,18.96,1.22,0.0180,531789.70,14233.93,546023.63,0.9739,持有
2023-06-12,18.65,1.20,0.0122,523093.43,14233.93,537327.37,0.9735,持有
2023-06-13,18.77,1.21,0.0152,526519.23,14233.93,540753.17,0.9737,持有
2023-06-14,18.79,1.21,0.0161,527046.28,14233.93,541280.21,0.9737,持有
2023-06-15,19.07,1.23,0.0219,534951.97,14233.93,549185.91,0.9741,持有
2023-06-16,19.15,1.23,0.0237,537323.68,14233.93,551557.62,0.9742,持有
2023-06-19,18.93,1.22,0.0185,530999.13,14233.93,545233.06,0.9739,持有
2023-06-20,18.84,1.21,0.0176,528627.42,14233.93,542861.35,0.9738,持有
2023-06-21,18.65,1.20,0.0121,523093.43,14233.93,537327.37,0.9735,持有
2023-06-26,18.12,1.17,0.0067,508336.14,14233.93,522570.07,0.9728,持有
2023-06-27,18.31,1.18,0.0091,513606.60,14233.93,527840.53,0.9730,持有
2023-06-28,18.32,1.18,0.0094,513870.12,14233.93,528104.06,0.9730,持有
2023-06-29,18.26,1.18,0.0088,512288.98,14233.93,526522.92,0.9730,持有
2023-06-30,18.58,1.20,0.0124,521248.77,14233.93,535482.70,0.9734,持有
2023-07-03,19.01,1.23,0.0230,533370.84,14233.93,547604.77,0.9740,持有
2023-07-04,19.05,1.23,0.0242,534424.93,14233.93,548658.86,0.9741,持有
2023-07-05,18.93,1.22,0.0206,530999.13,14233.93,545233.06,0.9739,持有
2023-07-06,18.83,1.21,0.0191,528363.90,14233.93,542597.83,0.9738,持有
2023-07-07,18.91,1.22,0.0206,530472.08,14233.93,544706.01,0.9739,持有
2023-07-10,18.90,1.22,0.0206,530208.56,14233.93,544442.49,0.9739,持有
2023-07-11,19.01,1.23,0.0242,533370.84,14233.93,547604.77,0.9740,持有
2023-07-12,18.86,1.22,0.0200,529154.47,14233.93,543388.40,0.9738,持有
2023-07-13,19.23,1.24,0.0293,539431.87,14233.93,553665.80,0.9743,持有
2023-07-14,19.26,1.24,0.0317,540222.44,14233.93,554456.37,0.9743,持有
2023-07-17,19.05,1.23,0.0260,534424.93,14233.93,548658.86,0.9741,持有
2023-07-18,19.06,1.23,0.0269,534688.45,14233.93,548922.38,0.9741,持有
2023-07-19,19.17,1.24,0.0293,537850.73,14233.93,552084.66,0.9742,持有
2023-07-20,19.07,1.23,0.0272,534951.97,14233.93,549185.91,0.9741,持有
2023-07-21,19.12,1.23,0.0287,536533.11,14233.93,550767.05,0.9742,持有
2023-07-24,19.15,1.23,0.0296,537323.68,14233.93,551557.62,0.9742,持有
2023-07-25,20.27,1.31,0.1092,568682.94,14233.93,582916.87,0.9756,持有
2023-07-26,20.46,1.32,0.1200,573953.40,14233.93,588187.33,0.9758,持有
2023-07-27,20.21,1.30,0.1049,567101.80,14233.93,581335.73,0.9755,持有
2023-07-28,22.23,1.43,0.2719,623759.27,14233.93,637993.21,0.9777,持有
2023-07-31,22.64,1.46,0.3097,635090.77,14233.93,649324.70,0.9781,持有
2023-08-01,22.23,1.43,0.2717,623759.27,14233.93,637993.21,0.9777,持有
2023-08-02,22.40,1.44,0.2897,628502.69,14233.93,642736.62,0.9779,持有
2023-08-03,22.95,1.48,0.3359,643787.03,14233.93,658020.96,0.9784,持有
2023-08-04,23.20,1.50,0.3536,650902.16,14233.93,665136.09,0.9786,持有
2023-08-07,23.27,1.50,0.3595,652746.82,14233.93,666980.75,0.9787,持有
2023-08-08,23.39,1.51,0.3672,656172.62,14233.93,670406.55,0.9788,持有
2023-08-09,23.40,1.51,0.3683,656436.14,14233.93,670670.07,0.9788,持有
2023-08-10,23.67,1.53,0.3907,664078.31,14233.93,678312.25,0.9790,持有
2023-08-11,22.64,1.46,0.3095,635090.77,14233.93,649324.70,0.9781,持有
2023-08-14,22.31,1.44,0.2788,625867.46,14233.93,640101.39,0.9778,持有
2023-08-15,22.65,1.46,0.3111,635354.29,14233.93,649588.22,0.9781,持有
2023-08-16,22.55,1.45,0.3023,632719.06,14233.93,646952.99,0.9780,持有
2023-08-17,22.50,1.45,0.2977,631137.92,14233.93,645371.85,0.9779,持有
2023-08-18,22.52,1.45,0.2994,631664.97,14233.93,645898.90,0.9780,持有
2023-08-21,21.55,1.39,0.1986,604522.08,14233.93,618756.02,0.9770,持有
2023-08-22,21.81,1.41,0.2240,611900.73,14233.93,626134.66,0.9773,持有
2023-08-23,21.42,1.38,0.1885,600832.76,14233.93,615066.69,0.9769,持有
2023-08-24,22.13,1.43,0.2601,620860.52,14233.93,635094.45,0.9776,持有
2023-08-25,22.48,1.42,0.2466,630549.08,14233.93,644783.01,0.9779,持有
2023-08-28,22.82,1.44,0.2836,640237.41,14233.93,654471.35,0.9783,持有
2023-08-29,22.43,1.42,0.2413,629203.48,14233.93,643437.41,0.9779,持有
2023-08-30,21.64,1.37,0.1757,607135.61,14233.93,621369.54,0.9771,持有
2023-08-31,21.30,1.35,0.1460,597447.27,14233.93,611681.21,0.9767,持有
2023-09-01,21.47,1.36,0.1597,602291.44,14233.93,616525.37,0.9769,持有
2023-09-04,21.65,1.37,0.1767,607404.73,14233.93,621638.66,0.9771,持有
2023-09-05,21.47,1.36,0.1596,602291.44,14233.93,616525.37,0.9769,持有
2023-09-06,21.23,1.34,0.1402,595563.43,14233.93,609797.36,0.9767,持有
2023-09-07,21.22,1.34,0.1398,595294.31,14233.93,609528.24,0.9766,持有
2023-09-08,21.34,1.35,0.1505,598792.87,14233.93,613026.81,0.9768,持有
2023-09-11,21.68,1.37,0.1809,608212.09,14233.93,622446.02,0.9771,持有
2023-09-12,21.48,1.36,0.1618,602560.56,14233.93,616794.49,0.9769,持有
2023-09-13,21.37,1.35,0.1540,599600.24,14233.93,613834.17,0.9768,持有
2023-09-14,21.38,1.35,0.1545,599869.36,14233.93,614103.29,0.9768,持有
2023-09-15,21.15,1.34,0.1366,593410.47,14233.93,607644.40,0.9766,持有
2023-09-18,21.24,1.34,0.1410,595832.55,14233.93,610066.48,0.9767,持有
2023-09-19,21.12,1.34,0.1344,592603.11,14233.93,606837.04,0.9765,持有
2023-09-20,21.01,1.33,0.1284,589373.66,14233.93,603607.59,0.9764,持有
2023-09-21,20.84,1.32,0.1200,584798.61,14233.93,599032.55,0.9762,持有
2023-09-22,21.69,1.37,0.1843,608481.21,14233.93,622715.14,0.9771,持有
2023-09-25,21.01,1.33,0.1286,589373.66,14233.93,603607.59,0.9764,持有
2023-09-26,21.08,1.33,0.1321,591526.62,14233.93,605760.56,0.9765,持有
2023-09-27,21.13,1.34,0.1360,592872.23,14233.93,607106.16,0.9766,持有
2023-09-28,20.78,1.32,0.1145,582914.77,14233.93,597148.70,0.9762,持有
2023-10-09,20.80,1.32,0.1154,583453.01,14233.93,597686.95,0.9762,持有
2023-10-10,20.56,1.30,0.0993,576725.00,14233.93,590958.94,0.9759,持有
2023-10-11,20.63,1.31,0.1064,578877.97,14233.93,593111.90,0.9760,持有
2023-10-12,20.87,1.32,0.1227,585605.98,14233.93,599839.91,0.9763,持有
2023-10-13,20.64,1.31,0.1075,579147.09,14233.93,593381.02,0.9760,持有
2023-10-16,20.63,1.31,0.1063,578877.97,14233.93,593111.90,0.9760,持有
2023-10-17,21.06,1.33,0.1327,590719.26,14233.93,604953.20,0.9765,持有
2023-10-18,20.97,1.33,0.1291,588297.18,14233.93,602531.11,0.9764,持有
2023-10-19,20.68,1.31,0.1121,580223.57,14233.93,594457.50,0.9761,持有
2023-10-20,20.65,1.31,0.1091,579416.21,14233.93,593650.14,0.9760,持有
2023-10-23,20.32,1.29,0.0786,569996.99,14233.93,584230.93,0.9756,持有
2023-10-24,20.74,1.31,0.1141,581838.29,14233.93,596072.22,0.9761,持有
2023-10-25,20.95,1.33,0.1292,587758.94,14233.93,601992.87,0.9764,持有
2023-10-26,20.91,1.32,0.1268,586682.46,14233.93,600916.39,0.9763,持有
2023-10-27,21.13,1.34,0.1398,592872.23,14233.93,607106.16,0.9766,持有
2023-10-30,20.72,1.31,0.1131,581300.05,14233.93,595533.98,0.9761,持有
2023-10-31,20.83,1.29,0.0914,584260.37,14233.93,598494.31,0.9762,持有
2023-11-01,20.84,1.29,0.0923,584798.61,14233.93,599032.55,0.9762,持有
2023-11-02,20.65,1.28,0.0731,579416.21,14233.93,593650.14,0.9760,持有
2023-11-03,20.97,1.30,0.1032,588297.18,14233.93,602531.11,0.9764,持有
2023-11-06,21.90,1.36,0.1709,614401.86,14233.93,628635.79,0.9774,持有
2023-11-07,21.86,1.36,0.1670,613325.38,14233.93,627559.31,0.9773,持有
2023-11-08,21.66,1.35,0.1498,607673.85,14233.93,621907.78,0.9771,持有
2023-11-09,21.54,1.34,0.1429,604444.40,14233.93,618678.34,0.9770,持有
2023-11-10,21.54,1.34,0.1429,604444.40,14233.93,618678.34,0.9770,持有
2023-11-13,21.38,1.33,0.1325,599869.36,14233.93,614103.29,0.9768,持有
2023-11-14,21.70,1.35,0.1549,608750.33,14233.93,622984.26,0.9772,持有
2023-11-15,21.68,1.35,0.1528,608212.09,14233.93,622446.02,0.9771,持有
2023-11-16,21.52,1.34,0.1404,603637.04,14233.93,617870.97,0.9770,持有
2023-11-17,21.60,1.34,0.1462,606059.13,14233.93,620293.06,0.9771,持有
2023-11-20,21.44,1.33,0.1350,601484.08,14233.93,615718.01,0.9769,持有
2023-11-21,21.53,1.34,0.1411,603906.16,14233.93,618140.10,0.9770,持有
2023-11-22,21.31,1.32,0.1275,597716.39,14233.93,611950.33,0.9767,持有
2023-11-23,21.33,1.33,0.1293,598523.75,14233.93,612757.69,0.9768,持有
2023-11-24,21.15,1.31,0.1166,593410.47,14233.93,607644.40,0.9766,持有
2023-11-27,20.81,1.29,0.0886,583722.13,14233.93,597956.07,0.9762,持有
2023-11-28,20.73,1.29,0.0815,581569.17,14233.93,595803.10,0.9761,持有
2023-11-29,20.53,1.28,0.0629,575917.64,14233.93,590151.57,0.9759,持有
2023-11-30,20.58,1.28,0.0665,577263.24,14233.93,591497.18,0.9759,持有
2023-12-01,20.68,1.28,0.0773,580223.57,14233.93,594457.50,0.9761,持有
2023-12-04,20.54,1.28,0.0632,576186.76,14233.93,590420.69,0.9759,持有
2023-12-05,20.27,1.26,0.0458,568651.39,14233.93,582885.32,0.9756,持有
2023-12-06,20.10,1.25,0.0385,563807.22,14233.93,578041.16,0.9754,持有
2023-12-07,20.17,1.25,0.0417,565960.19,14233.93,580194.12,0.9755,持有
2023-12-08,20.10,1.25,0.0385,563807.22,14233.93,578041.16,0.9754,持有
2023-12-12,20.27,1.26,0.0467,568651.39,14233.93,582885.32,0.9756,持有
2023-12-13,19.87,1.23,0.0287,557348.33,14233.93,571582.27,0.9751,持有
2023-12-14,19.66,1.22,0.0217,551696.81,14233.93,565930.74,0.9748,持有
2023-12-15,19.63,1.22,0.0208,550620.32,14233.93,564854.26,0.9748,持有
2023-12-18,19.61,1.22,0.0199,550082.08,14233.93,564316.02,0.9748,持有
2023-12-19,19.80,1.23,0.0281,555464.49,14233.93,569698.42,0.9750,持有
2023-12-20,19.34,1.20,0.0132,542546.71,14233.93,556780.65,0.9744,持有
2023-12-21,19.44,1.21,0.0158,545507.04,14233.93,559740.97,0.9746,持有
2023-12-22,19.45,1.21,0.0170,545776.16,14233.93,560010.09,0.9746,持有
2023-12-25,19.19,1.19,0.0114,538509.91,14233.93,552743.84,0.9742,持有
2023-12-26,19.04,1.18,0.0097,534203.98,14233.93,548437.91,0.9740,持有
2023-12-27,19.09,1.19,0.0099,535549.58,14233.93,549783.52,0.9741,持有
2023-12-28,19.54,1.21,0.0202,548198.24,14233.93,562432.17,0.9747,持有
2023-12-29,19.54,1.21,0.0202,548198.24,14233.93,562432.17,0.9747,持有
2024-01-02,19.25,1.20,0.0129,540124.63,14233.93,554358.56,0.9743,持有
2024-01-03,19.36,1.20,0.0152,543084.95,14233.93,557318.89,0.9745,持有
2024-01-04,19.19,1.19,0.0120,538240.79,14233.93,552474.72,0.9742,持有
2024-01-05,18.98,1.18,0.0091,532589.26,14233.93,546823.19,0.9740,持有
2024-01-08,18.63,1.16,0.0058,522631.80,14233.93,536865.74,0.9735,持有
2024-01-09,18.67,1.16,0.0061,523708.28,14233.93,537942.22,0.9735,持有
2024-01-10,18.67,1.16,0.0061,523708.28,14233.93,537942.22,0.9735,持有
2024-01-11,18.80,1.17,0.0073,527475.97,14233.93,541709.90,0.9737,持有
2024-01-12,18.72,1.16,0.0070,525323.01,14233.93,539556.94,0.9736,持有
2024-01-15,18.69,1.16,0.0067,524246.53,14233.93,538480.46,0.9736,持有
2024-01-16,18.78,1.17,0.0079,526937.73,14233.93,541171.66,0.9737,持有
2024-01-17,18.44,1.15,0.0035,517249.40,14233.93,531483.33,0.9732,持有
2024-01-18,18.70,1.16,0.0073,524515.65,14233.93,538749.58,0.9736,持有
2024-01-19,18.68,1.16,0.0070,523977.41,14233.93,538211.34,0.9736,持有
2024-01-22,18.35,1.14,0.0035,514827.31,14233.93,529061.25,0.9731,持有
2024-01-23,18.97,1.18,0.0122,532320.14,14233.93,546554.07,0.9740,持有
2024-01-24,19.68,1.22,0.0300,552235.05,14233.93,566468.98,0.9749,持有
2024-01-25,19.72,1.23,0.0314,553311.53,14233.93,567545.46,0.9749,持有
2024-01-26,19.98,1.24,0.0407,560577.78,14233.93,574811.71,0.9752,持有
2024-01-29,19.74,1.23,0.0325,553849.77,14233.93,568083.70,0.9749,持有
2024-01-30,19.61,1.22,0.0267,550082.08,14233.93,564316.02,0.9748,持有
2024-01-31,19.66,1.22,0.0293,551696.81,14233.93,565930.74,0.9748,持有
2024-02-01,19.61,1.22,0.0267,550082.08,14233.93,564316.02,0.9748,持有
2024-02-02,19.36,1.20,0.0192,543084.95,14233.93,557318.89,0.9745,持有
2024-02-05,19.36,1.20,0.0192,543084.95,14233.93,557318.89,0.9745,持有
2024-02-06,20.28,1.26,0.0580,568920.51,14233.93,583154.44,0.9756,持有
2024-02-07,20.32,1.26,0.0606,569996.99,14233.93,584230.93,0.9756,持有
2024-02-08,20.38,1.27,0.0649,571880.84,14233.93,586114.77,0.9757,持有
2024-02-19,20.00,1.24,0.0441,561116.02,14233.93,575349.95,0.9753,持有
2024-02-20,20.13,1.25,0.0516,564883.70,14233.93,579117.64,0.9754,持有
2024-02-21,20.51,1.27,0.0747,575379.40,14233.93,589613.33,0.9759,持有
2024-02-22,20.84,1.29,0.1066,584798.61,14233.93,599032.55,0.9762,持有
2024-02-23,20.64,1.28,0.0860,579147.09,14233.93,593381.02,0.9760,持有
2024-02-26,20.47,1.27,0.0729,574302.92,14233.93,588536.85,0.9758,持有
2024-02-27,20.59,1.28,0.0807,577532.36,14233.93,591766.30,0.9759,持有
2024-02-28,20.14,1.25,0.0518,565152.83,14233.93,579386.76,0.9754,持有
2024-02-29,20.43,1.27,0.0677,573226.44,14233.93,587460.37,0.9758,持有
2024-03-01,20.45,1.27,0.0723,573764.68,14233.93,587998.61,0.9758,持有
2024-03-04,20.30,1.26,0.0607,569458.75,14233.93,583692.68,0.9756,持有
2024-03-05,20.32,1.26,0.0615,569996.99,14233.93,584230.93,0.9756,持有
2024-03-06,20.24,1.26,0.0563,567844.03,14233.93,582077.96,0.9755,持有
2024-03-07,19.96,1.24,0.0410,560039.54,14233.93,574273.47,0.9752,持有
2024-03-08,19.95,1.24,0.0404,559770.42,14233.93,574004.35,0.9752,持有
2024-03-11,20.33,1.26,0.0629,570266.11,14233.93,584500.05,0.9756,持有
2024-03-12,20.53,1.28,0.0788,575917.64,14233.93,590151.57,0.9759,持有
2024-03-13,20.21,1.26,0.0562,567036.67,14233.93,581270.60,0.9755,持有
2024-03-14,19.95,1.24,0.0404,559770.42,14233.93,574004.35,0.9752,持有
2024-03-15,20.02,1.24,0.0455,561654.26,14233.93,575888.19,0.9753,持有
2024-03-18,20.39,1.27,0.0686,572149.96,14233.93,586383.89,0.9757,持有
2024-03-19,19.98,1.24,0.0429,560577.78,14233.93,574811.71,0.9752,持有
2024-03-20,19.99,1.24,0.0446,560846.90,14233.93,575080.83,0.9752,持有
2024-03-21,19.98,1.24,0.0429,560577.78,14233.93,574811.71,0.9752,持有
2024-03-22,19.66,1.22,0.0299,551696.81,14233.93,565930.74,0.9748,持有
2024-03-25,18.71,1.16,0.0081,524784.77,14233.93,539018.70,0.9736,持有
2024-03-26,18.80,1.17,0.0095,527475.97,14233.93,541709.90,0.9737,持有
2024-03-27,18.56,1.14,0.0032,520747.96,14233.93,534981.89,0.9734,持有
2024-03-28,18.52,1.14,0.0032,519671.48,14233.93,533905.41,0.9733,持有
2024-03-29,18.42,1.13,0.0023,516711.15,14233.93,530945.09,0.9732,持有
2024-04-01,18.62,1.14,0.0046,522362.68,14233.93,536596.62,0.9735,持有
2024-04-02,18.52,1.14,0.0034,519671.48,14233.93,533905.41,0.9733,持有
2024-04-03,18.38,1.13,0.0017,515634.67,14233.93,529868.61,0.9731,持有
2024-04-08,18.15,1.11,0.0003,509175.78,14233.93,523409.72,0.9728,持有
2024-04-09,18.16,1.11,0.0006,509444.90,14233.93,523678.84,0.9728,持有
2024-04-10,17.66,1.08,0.0000,495450.64,14233.93,509684.58,0.9721,持有
2024-04-11,17.59,1.08,0.0000,493566.80,14233.93,507800.73,0.9720,持有
2024-04-12,17.21,1.05,0.0000,482801.99,14233.93,497035.92,0.9714,持有
2024-04-15,17.02,1.04,0.0000,477419.58,14233.93,491653.51,0.9710,持有
2024-04-16,16.91,1.04,0.0000,474459.25,14233.93,488693.19,0.9709,持有
2024-04-17,17.36,1.06,0.0009,487107.91,14233.93,501341.84,0.9716,持有
2024-04-18,17.47,1.07,0.0011,490068.24,14233.93,504302.17,0.9718,持有
2024-04-19,17.39,1.07,0.0011,487915.27,14233.93,502149.21,0.9717,持有
2024-04-22,17.54,1.07,0.0017,491952.08,14233.93,506186.01,0.9719,持有
2024-04-23,17.53,1.07,0.0017,491682.96,14233.93,505916.89,0.9719,持有
2024-04-24,17.53,1.07,0.0017,491682.96,14233.93,505916.89,0.9719,持有
2024-04-25,17.44,1.07,0.0014,489260.87,14233.93,503494.81,0.9717,持有
2024-04-26,18.38,1.13,0.0057,515634.67,14233.93,529868.61,0.9731,持有
2024-04-29,18.59,1.12,0.0046,521555.32,14233.93,535789.25,0.9734,持有
2024-04-30,18.24,1.10,0.0037,511597.87,14233.93,525831.80,0.9729,持有
2024-05-06,18.43,1.11,0.0040,516980.27,14233.93,531214.21,0.9732,持有
2024-05-07,18.34,1.10,0.0040,514558.19,14233.93,528792.12,0.9731,持有
2024-05-08,18.01,1.08,0.0034,505408.10,14233.93,519642.03,0.9726,持有
2024-05-09,18.14,1.09,0.0040,508906.66,14233.93,523140.60,0.9728,持有
2024-05-10,18.28,1.10,0.0046,512943.47,14233.93,527177.40,0.9730,持有
2024-05-13,18.21,1.09,0.0043,510790.51,14233.93,525024.44,0.9729,持有
2024-05-14,18.24,1.10,0.0046,511597.87,14233.93,525831.80,0.9729,持有
2024-05-15,17.99,1.08,0.0031,504600.74,14233.93,518834.67,0.9726,持有
2024-05-16,18.01,1.08,0.0037,505408.10,14233.93,519642.03,0.9726,持有
2024-05-17,18.41,1.11,0.0063,516442.03,14233.93,530675.97,0.9732,持有
2024-05-20,18.50,1.11,0.0068,519133.24,14233.93,533367.17,0.9733,持有
2024-05-21,18.46,1.11,0.0068,517787.64,14233.93,532021.57,0.9732,持有
2024-05-22,18.52,1.11,0.0077,519671.48,14233.93,533905.41,0.9733,持有
2024-05-23,18.10,1.09,0.0046,507830.18,14233.93,522064.11,0.9727,持有
2024-05-24,17.83,1.07,0.0020,500294.81,14233.93,514528.74,0.9723,持有
2024-05-27,17.97,1.08,0.0034,504062.50,14233.93,518296.43,0.9725,持有
2024-05-28,17.86,1.07,0.0023,501102.17,14233.93,515336.11,0.9724,持有
2024-05-29,17.89,1.07,0.0034,501909.53,14233.93,516143.47,0.9724,持有
2024-05-30,17.80,1.07,0.0017,499487.45,14233.93,513721.38,0.9723,持有
2024-05-31,17.86,1.07,0.0026,501102.17,14233.93,515336.11,0.9724,持有
2024-06-03,17.68,1.06,0.0009,495988.88,14233.93,510222.82,0.9721,持有
2024-06-04,17.80,1.07,0.0020,499487.45,14233.93,513721.38,0.9723,持有
2024-06-05,17.78,1.07,0.0017,498949.21,14233.93,513183.14,0.9723,持有
2024-06-06,17.74,1.07,0.0014,497603.61,14233.93,511837.54,0.9722,持有
2024-06-07,17.63,1.06,0.0009,494643.28,14233.93,508877.22,0.9720,持有
2024-06-11,17.59,1.06,0.0009,493566.80,14233.93,507800.73,0.9720,持有
2024-06-12,17.54,1.05,0.0006,491952.08,14233.93,506186.01,0.9719,持有
2024-06-13,17.52,1.05,0.0006,491413.84,14233.93,505647.77,0.9719,持有
2024-06-14,17.87,1.07,0.0054,501371.29,14233.93,515605.23,0.9724,持有
2024-06-17,17.90,1.08,0.0068,502178.65,14233.93,516412.59,0.9724,持有
2024-06-18,17.95,1.08,0.0074,503524.26,14233.93,517758.19,0.9725,持有
2024-06-19,17.78,1.07,0.0031,498680.09,14233.93,512914.02,0.9722,持有
2024-06-20,17.63,1.06,0.0017,494643.28,14233.93,508877.22,0.9720,持有
2024-06-21,17.69,1.06,0.0025,496258.00,14233.93,510491.94,0.9721,持有
2024-06-24,17.67,1.06,0.0023,495719.76,14233.93,509953.70,0.9721,持有
2024-06-25,17.38,1.04,0.0006,487646.15,14233.93,501880.09,0.9716,持有
2024-06-26,17.65,1.06,0.0025,495181.52,14233.93,509415.46,0.9721,持有
2024-06-27,17.65,1.06,0.0025,495181.52,14233.93,509415.46,0.9721,持有
2024-06-28,17.49,1.05,0.0008,490606.48,14233.93,504840.41,0.9718,持有
2024-07-01,17.46,1.05,0.0008,489799.12,14233.93,504033.05,0.9718,持有
2024-07-02,17.45,1.05,0.0008,489529.99,14233.93,503763.93,0.9717,持有
2024-07-03,17.63,1.06,0.0028,494643.28,14233.93,508877.22,0.9720,持有
2024-07-04,17.31,1.04,0.0003,485493.19,14233.93,499727.12,0.9715,持有
2024-07-05,17.08,1.03,0.0000,479303.42,14233.93,493537.35,0.9712,持有
2024-07-08,16.79,1.01,0.0000,470960.69,14233.93,485194.62,0.9707,持有
2024-07-09,17.13,1.03,0.0006,480649.02,14233.93,494882.96,0.9712,持有
2024-07-10,17.43,1.05,0.0020,488991.75,14233.93,503225.69,0.9717,持有
2024-07-11,17.57,1.06,0.0039,493028.56,14233.93,507262.49,0.9719,持有
2024-07-12,17.61,1.06,0.0045,494105.04,14233.93,508338.97,0.9720,持有
2024-07-15,17.71,1.06,0.0070,496796.25,14233.93,511030.18,0.9721,持有
2024-07-16,17.97,1.08,0.0130,504062.50,14233.93,518296.43,0.9725,持有
2024-07-17,18.08,1.09,0.0149,507291.94,14233.93,521525.87,0.9727,持有
2024-07-18,18.20,1.09,0.0158,510521.39,14233.93,524755.32,0.9729,持有
2024-07-19,18.60,1.12,0.0200,521824.44,14233.93,536058.38,0.9734,持有
2024-07-22,19.37,1.16,0.0304,543354.07,14233.93,557588.01,0.9745,持有
2024-07-23,18.42,1.11,0.0177,516711.15,14233.93,530945.09,0.9732,持有
2024-07-24,18.11,1.09,0.0155,508099.30,14233.93,522333.24,0.9727,持有
2024-07-25,18.25,1.10,0.0171,511866.99,14233.93,526100.92,0.9729,持有
2024-07-26,18.48,1.11,0.0191,518325.88,14233.93,532559.81,0.9733,持有
2024-07-29,18.11,1.09,0.0155,508099.30,14233.93,522333.24,0.9727,持有
2024-07-30,18.15,1.09,0.0163,509175.78,14233.93,523409.72,0.9728,持有
2024-07-31,18.99,1.14,0.0270,532858.38,14233.93,547092.31,0.9740,持有
2024-08-01,18.78,1.13,0.0239,526937.73,14233.93,541171.66,0.9737,持有
2024-08-02,18.43,1.11,0.0191,516980.27,14233.93,531214.21,0.9732,持有
2024-08-05,18.34,1.10,0.0182,514558.19,14233.93,528792.12,0.9731,持有
2024-08-06,18.33,1.10,0.0182,514289.07,14233.93,528523.00,0.9731,持有
2024-08-07,18.20,1.09,0.0165,510521.39,14233.93,524755.32,0.9729,持有
2024-08-08,18.29,1.10,0.0185,513212.59,14233.93,527446.52,0.9730,持有
2024-08-09,18.12,1.09,0.0160,508368.42,14233.93,522602.36,0.9728,持有
2024-08-12,18.10,1.09,0.0151,507830.18,14233.93,522064.11,0.9727,持有
2024-08-13,18.28,1.10,0.0188,512943.47,14233.93,527177.40,0.9730,持有
2024-08-14,18.08,1.09,0.0148,507291.94,14233.93,521525.87,0.9727,持有
2024-08-15,18.37,1.10,0.0207,515365.55,14233.93,529599.49,0.9731,持有
2024-08-16,18.32,1.10,0.0199,514019.95,14233.93,528253.88,0.9731,持有
2024-08-19,18.26,1.10,0.0190,512405.23,14233.93,526639.16,0.9730,持有
2024-08-20,18.16,1.09,0.0173,509444.90,14233.93,523678.84,0.9728,持有
2024-08-21,18.15,1.09,0.0171,509175.78,14233.93,523409.72,0.9728,持有
2024-08-22,17.97,1.08,0.0129,504062.50,14233.93,518296.43,0.9725,持有
2024-08-23,18.32,1.10,0.0210,514019.95,14233.93,528253.88,0.9731,持有
2024-08-26,18.15,1.06,0.0070,509329.31,14233.93,523563.24,0.9728,持有
2024-08-27,18.15,1.06,0.0070,509329.31,14233.93,523563.24,0.9728,持有
2024-08-28,18.13,1.06,0.0064,508501.58,14233.93,522735.52,0.9728,持有
2024-08-29,18.48,1.09,0.0179,518434.33,14233.93,532668.27,0.9733,持有
2024-08-30,18.97,1.12,0.0276,532229.82,14233.93,546463.75,0.9740,持有
2024-09-02,18.61,1.10,0.0212,522021.16,14233.93,536255.09,0.9735,持有
2024-09-03,18.80,1.11,0.0254,527539.35,14233.93,541773.29,0.9737,持有
2024-09-04,18.80,1.11,0.0254,527539.35,14233.93,541773.29,0.9737,持有
2024-09-05,18.79,1.11,0.0251,527263.44,14233.93,541497.38,0.9737,持有
2024-09-06,18.74,1.11,0.0240,525883.89,14233.93,540117.83,0.9736,持有
2024-09-09,18.67,1.10,0.0228,523676.62,14233.93,537910.55,0.9735,持有
2024-09-10,18.57,1.10,0.0201,520917.52,14233.93,535151.45,0.9734,持有
2024-09-11,18.69,1.10,0.0242,524228.44,14233.93,538462.37,0.9736,持有
2024-09-12,18.57,1.10,0.0200,520917.52,14233.93,535151.45,0.9734,持有
2024-09-13,18.61,1.10,0.0217,522021.16,14233.93,536255.09,0.9735,持有
2024-09-18,18.63,1.10,0.0228,522572.98,14233.93,536806.91,0.9735,持有
2024-09-19,19.02,1.12,0.0312,533609.37,14233.93,547843.30,0.9740,持有
2024-09-20,18.97,1.12,0.0306,532229.82,14233.93,546463.75,0.9740,持有
2024-09-23,18.99,1.12,0.0311,532781.64,14233.93,547015.57,0.9740,持有
2024-09-24,20.48,1.21,0.0550,574444.00,14233.93,588677.93,0.9758,持有
2024-09-25,20.81,1.23,0.0681,583824.93,14233.93,598058.86,0.9762,持有
2024-09-26,22.11,1.30,0.1550,620245.01,14233.93,634478.95,0.9776,持有
2024-09-27,24.32,1.43,0.3257,682324.70,14233.93,696558.63,0.9796,持有
2024-09-30,26.75,1.58,0.4939,750474.39,14233.93,764708.33,0.9814,持有
2024-10-08,29.43,1.74,0.6592,825521.83,14233.93,839755.76,0.9830,持有
2024-10-09,29.85,1.76,0.6829,837385.95,14233.93,851619.88,0.9833,持有
2024-10-10,27.29,1.61,0.5262,765649.43,14233.93,779883.36,0.9817,持有
2024-10-11,27.70,1.63,0.5527,777237.63,14233.93,791471.57,0.9820,持有
2024-10-14,27.01,1.59,0.5085,757648.04,14233.93,771881.98,0.9816,持有
2024-10-15,26.28,1.55,0.4654,737230.73,14233.93,751464.66,0.9811,持有
2024-10-16,25.97,1.53,0.4428,728677.53,14233.93,742911.46,0.9808,持有
2024-10-17,25.73,1.52,0.4260,721779.78,14233.93,736013.72,0.9807,持有
2024-10-18,27.45,1.62,0.5361,770063.98,14233.93,784297.91,0.9819,持有
2024-10-21,27.01,1.59,0.5086,757648.04,14233.93,771881.98,0.9816,持有
2024-10-22,27.21,1.60,0.5237,763442.15,14233.93,777676.08,0.9817,持有
2024-10-23,27.11,1.60,0.5155,760683.05,14233.93,774916.98,0.9816,持有
2024-10-24,26.83,1.58,0.4963,752681.67,14233.93,766915.60,0.9814,持有
2024-10-25,27.05,1.60,0.5122,758751.68,14233.93,772985.62,0.9816,持有
2024-10-28,27.04,1.59,0.5112,758475.77,14233.93,772709.71,0.9816,持有
2024-10-29,26.78,1.58,0.4936,751302.12,14233.93,765536.05,0.9814,持有
2024-10-30,27.01,1.56,0.4750,757648.04,14233.93,771881.98,0.9816,持有
2024-10-31,27.65,1.60,0.5155,775858.08,14233.93,790092.02,0.9820,持有
2024-11-01,27.49,1.59,0.5032,771167.62,14233.93,785401.55,0.9819,持有
2024-11-04,28.58,1.65,0.5743,801793.60,14233.93,816027.53,0.9826,持有
2024-11-05,29.97,1.73,0.6561,840696.87,14233.93,854930.80,0.9834,持有
2024-11-06,30.57,1.77,0.6890,857527.36,14233.93,871761.29,0.9837,持有
2024-11-07,33.62,1.94,0.8094,943335.27,14233.93,957569.21,0.9851,卖出(降至30%)
2024-11-08,34.30,1.98,0.8249,293085.56,714379.56,1007465.11,0.2909,持有
2024-11-11,34.30,1.98,0.8246,293085.56,714379.56,1007465.11,0.2909,持有
2024-11-12,33.37,1.93,0.8024,285103.01,714379.56,999482.56,0.2853,持有
2024-11-13,32.38,1.87,0.7735,276616.30,714379.56,990995.85,0.2791,持有
2024-11-14,32.13,1.86,0.7647,274515.63,714379.56,988895.18,0.2776,持有
2024-11-15,30.62,1.77,0.6929,261575.50,714379.56,975955.05,0.2680,持有
2024-11-18,30.16,1.74,0.6663,257710.26,714379.56,972089.82,0.2651,持有
2024-11-19,30.78,1.78,0.7038,263003.95,714379.56,977383.51,0.2691,持有
2024-11-20,31.22,1.80,0.7265,266701.13,714379.56,981080.69,0.2718,持有
2024-11-21,31.36,1.81,0.7351,267961.54,714379.56,982341.09,0.2728,持有
2024-11-22,29.83,1.72,0.6466,254853.35,714379.56,969232.91,0.2629,持有
2024-11-25,29.17,1.69,0.6043,249223.56,714379.56,963603.11,0.2586,持有
2024-11-26,29.23,1.69,0.6067,249727.72,714379.56,964107.27,0.2590,持有
2024-11-27,29.78,1.72,0.6433,254433.22,714379.56,968812.77,0.2626,持有
2024-11-28,29.38,1.70,0.6151,250988.12,714379.56,965367.67,0.2600,持有
2024-11-29,30.24,1.75,0.6696,258382.48,714379.56,972762.03,0.2656,持有
2024-12-02,30.75,1.78,0.7013,262751.87,714379.56,977131.43,0.2689,持有
2024-12-03,30.57,1.77,0.6873,261155.36,714379.56,975534.92,0.2677,持有
2024-12-04,30.29,1.75,0.6726,258802.61,714379.56,973182.17,0.2659,持有
2024-12-05,30.39,1.76,0.6785,259642.88,714379.56,974022.44,0.2666,持有
2024-12-06,30.72,1.78,0.6999,262499.79,714379.56,976879.35,0.2687,持有
2024-12-09,30.61,1.77,0.6921,261491.47,714379.56,975871.03,0.2680,持有
2024-12-10,30.96,1.79,0.7130,264516.44,714379.56,978895.99,0.2702,持有
2024-12-11,30.82,1.78,0.7054,263340.06,714379.56,977719.62,0.2693,持有
2024-12-12,31.14,1.80,0.7233,266028.92,714379.56,980408.48,0.2713,持有
2024-12-13,29.92,1.73,0.6500,255609.59,714379.56,969989.15,0.2635,持有
2024-12-16,29.53,1.71,0.6238,252332.55,714379.56,966712.10,0.2610,持有
2024-12-17,29.73,1.72,0.6367,254013.08,714379.56,968392.64,0.2623,持有
2024-12-18,29.79,1.72,0.6423,254517.25,714379.56,968896.80,0.2627,持有
2024-12-19,29.83,1.72,0.6451,254853.35,714379.56,969232.91,0.2629,持有
2024-12-20,30.08,1.72,0.6461,256970.74,714379.56,971350.30,0.2646,持有
2024-12-23,29.66,1.70,0.6161,253413.47,714379.56,967793.02,0.2618,持有
2024-12-24,30.06,1.72,0.6446,256801.35,714379.56,971180.90,0.2644,持有
2024-12-25,29.83,1.71,0.6272,254853.31,714379.56,969232.87,0.2629,持有
2024-12-26,29.89,1.71,0.6320,255361.50,714379.56,969741.05,0.2633,持有
2024-12-27,29.96,1.72,0.6348,255954.38,714379.56,970333.93,0.2638,持有
2024-12-30,30.24,1.73,0.6567,258410.59,714379.56,972790.14,0.2656,持有
2024-12-31,28.92,1.66,0.5744,247061.19,714379.56,961440.74,0.2570,持有
2025-01-02,27.21,1.56,0.4689,232493.30,714379.56,946872.86,0.2455,持有
2025-01-03,26.74,1.53,0.4368,228427.85,714379.56,942807.40,0.2423,持有
2025-01-06,26.82,1.54,0.4444,229190.12,714379.56,943569.67,0.2429,持有
2025-01-07,26.92,1.54,0.4505,230037.09,714379.56,944416.64,0.2436,持有
2025-01-08,26.75,1.53,0.4373,228512.54,714379.56,942892.10,0.2424,持有
2025-01-09,26.66,1.53,0.4317,227750.27,714379.56,942129.83,0.2417,持有
2025-01-10,26.23,1.50,0.4025,224108.30,714379.56,938487.85,0.2388,持有
2025-01-13,26.28,1.51,0.4064,224531.78,714379.56,938911.34,0.2391,持有
2025-01-14,27.46,1.57,0.4823,234610.73,714379.56,948990.28,0.2472,持有
2025-01-15,27.13,1.56,0.4653,231815.73,714379.56,946195.28,0.2450,持有
2025-01-16,27.01,1.55,0.4573,230799.36,714379.56,945178.92,0.2442,持有
2025-01-17,27.07,1.55,0.4620,231307.54,714379.56,945687.10,0.2446,持有
2025-01-20,27.16,1.56,0.4674,232069.82,714379.56,946449.37,0.2452,持有
2025-01-21,27.18,1.56,0.4680,232239.21,714379.56,946618.77,0.2453,持有
2025-01-22,26.99,1.55,0.4560,230629.97,714379.56,945009.52,0.2441,持有
2025-01-23,27.21,1.56,0.4705,232493.30,714379.56,946872.86,0.2455,持有
2025-01-24,27.30,1.57,0.4755,233255.58,714379.56,947635.13,0.2461,持有
2025-01-27,26.70,1.53,0.4341,228089.06,714379.56,942468.61,0.2420,持有
2025-02-05,26.72,1.53,0.4348,228258.45,714379.56,942638.01,0.2421,持有
2025-02-06,27.13,1.56,0.4654,231815.73,714379.56,946195.28,0.2450,持有
2025-02-07,27.90,1.60,0.5133,238337.40,714379.56,952716.95,0.2502,持有
2025-02-10,27.91,1.60,0.5153,238422.09,714379.56,952801.65,0.2502,持有
2025-02-11,27.73,1.59,0.5011,236897.55,714379.56,951277.10,0.2490,持有
2025-02-12,28.02,1.61,0.5226,239438.46,714379.56,953818.01,0.2510,持有
2025-02-13,27.88,1.60,0.5119,238168.00,714379.56,952547.56,0.2500,持有
2025-02-14,27.99,1.61,0.5218,239184.37,714379.56,953563.92,0.2508,持有
2025-02-17,28.04,1.61,0.5244,239607.85,714379.56,953987.41,0.2512,持有
2025-02-18,27.30,1.57,0.4749,233255.58,714379.56,947635.13,0.2461,持有
2025-02-19,27.75,1.59,0.5024,237066.94,714379.56,951446.50,0.2492,持有
2025-02-20,27.65,1.59,0.4955,236219.97,714379.56,950599.53,0.2485,持有
2025-02-21,28.21,1.62,0.5333,241047.70,714379.56,955427.26,0.2523,持有
2025-02-24,28.10,1.61,0.5269,240116.03,714379.56,954495.59,0.2516,持有
2025-02-25,27.59,1.58,0.4913,235711.79,714379.56,950091.34,0.2481,持有
2025-02-26,28.20,1.62,0.5334,240963.00,714379.56,955342.56,0.2522,持有
2025-02-27,27.99,1.61,0.5216,239184.37,714379.56,953563.92,0.2508,持有
2025-02-28,27.09,1.55,0.4615,231476.94,714379.56,945856.49,0.2447,持有
2025-03-03,27.12,1.56,0.4630,231731.03,714379.56,946110.59,0.2449,持有
2025-03-04,27.12,1.56,0.4628,231731.03,714379.56,946110.59,0.2449,持有
2025-03-05,27.10,1.55,0.4616,231561.64,714379.56,945941.19,0.2448,持有
2025-03-06,27.76,1.59,0.5036,237151.64,714379.56,951531.19,0.2492,持有
2025-03-07,27.34,1.57,0.4773,233594.36,714379.56,947973.92,0.2464,持有
2025-03-10,27.00,1.55,0.4543,230714.67,714379.56,945094.22,0.2441,持有
2025-03-11,27.06,1.55,0.4590,231222.85,714379.56,945602.40,0.2445,持有
2025-03-12,27.06,1.55,0.4589,231222.85,714379.56,945602.40,0.2445,持有
2025-03-13,26.86,1.54,0.4442,229528.91,714379.56,943908.46,0.2432,持有
2025-03-14,27.83,1.60,0.5104,237744.52,714379.56,952124.07,0.2497,持有
2025-03-17,27.62,1.58,0.4941,235965.88,714379.56,950345.44,0.2483,持有
2025-03-18,27.71,1.59,0.4999,236728.15,714379.56,951107.71,0.2489,持有
2025-03-19,27.69,1.59,0.4984,236558.76,714379.56,950938.31,0.2488,持有
2025-03-20,27.44,1.57,0.4813,234441.33,714379.56,948820.89,0.2471,持有
2025-03-21,26.85,1.54,0.4426,229444.21,714379.56,943823.77,0.2431,持有
2025-03-24,26.95,1.55,0.4495,230291.18,714379.56,944670.74,0.2438,持有
2025-03-25,26.79,1.54,0.4360,228851.33,714379.56,943230.89,0.2426,持有
2025-03-26,26.75,1.53,0.4329,228512.54,714379.56,942892.10,0.2424,持有
2025-03-27,26.67,1.52,0.4185,227834.97,714379.56,942214.52,0.2418,持有
2025-03-28,26.57,1.51,0.4095,226988.00,714379.56,941367.55,0.2411,持有
2025-03-31,26.29,1.50,0.3906,224616.48,714379.56,938996.04,0.2392,持有
2025-04-01,26.21,1.49,0.3856,223938.90,714379.56,938318.46,0.2387,持有
2025-04-02,26.31,1.50,0.3939,224785.87,714379.56,939165.43,0.2393,持有
2025-04-03,26.21,1.49,0.3854,223938.90,714379.56,938318.46,0.2387,持有
2025-04-07,23.81,1.36,0.2086,193442.23,724379.56,917821.78,0.2108,买入(补至30% + 定投10000.0)
2025-04-08,24.29,1.38,0.2443,280829.98,652220.82,933050.80,0.3010,持有
2025-04-09,24.67,1.41,0.2705,285300.33,652220.82,937521.16,0.3043,持有
2025-04-10,24.92,1.42,0.2938,288165.95,652220.82,940386.77,0.3064,持有
2025-04-11,25.14,1.43,0.3133,290687.69,652220.82,942908.51,0.3083,持有
2025-04-14,25.01,1.43,0.3030,289197.57,652220.82,941418.39,0.3072,持有
2025-04-15,24.89,1.42,0.2903,287822.07,652220.82,940042.90,0.3062,持有
2025-04-16,24.93,1.42,0.2940,288280.57,652220.82,940501.39,0.3065,持有
2025-04-17,24.95,1.42,0.2969,288509.82,652220.82,940730.64,0.3067,持有
2025-04-18,24.93,1.42,0.2939,288280.57,652220.82,940501.39,0.3065,持有
2025-04-21,25.01,1.43,0.3037,289197.57,652220.82,941418.39,0.3072,持有
2025-04-22,24.86,1.42,0.2881,287478.20,652220.82,939699.02,0.3059,持有
2025-04-23,24.91,1.42,0.2928,288051.32,652220.82,940272.15,0.3063,持有
2025-04-24,24.78,1.41,0.2799,286561.20,652220.82,938782.03,0.3052,持有
2025-04-25,24.98,1.42,0.3012,288853.69,652220.82,941074.52,0.3069,持有
2025-04-28,24.91,1.42,0.2929,288051.32,652220.82,940272.15,0.3063,持有
2025-04-29,24.79,1.41,0.2816,286675.83,652220.82,938896.65,0.3053,持有
2025-04-30,24.86,1.38,0.2419,287478.20,652220.82,939699.02,0.3059,持有
2025-05-06,25.29,1.41,0.2723,292407.05,652220.82,944627.88,0.3095,持有
2025-05-07,25.45,1.42,0.2861,294241.04,652220.82,946461.87,0.3109,持有
2025-05-08,25.64,1.43,0.3066,296418.91,652220.82,948639.73,0.3125,持有
2025-05-09,25.33,1.41,0.2761,292865.55,652220.82,945086.37,0.3099,持有
2025-05-12,26.07,1.45,0.3425,301462.39,652220.82,953683.21,0.3161,持有
2025-05-13,25.86,1.44,0.3259,299055.27,652220.82,951276.10,0.3144,持有
2025-05-14,26.83,1.49,0.3882,310288.47,652220.82,962509.29,0.3224,持有
2025-05-15,26.35,1.47,0.3628,304671.87,652220.82,956892.69,0.3184,持有
2025-05-16,25.98,1.45,0.3365,300430.77,652220.82,952651.59,0.3154,持有
2025-05-19,25.88,1.44,0.3279,299284.52,652220.82,951505.34,0.3145,持有
2025-05-20,25.86,1.44,0.3254,299055.27,652220.82,951276.10,0.3144,持有
2025-05-21,25.81,1.44,0.3213,298482.15,652220.82,950702.97,0.3140,持有
2025-05-22,25.76,1.43,0.3175,297909.03,652220.82,950129.85,0.3135,持有
2025-05-23,25.45,1.42,0.2855,294241.04,652220.82,946461.87,0.3109,持有
2025-05-26,25.40,1.41,0.2814,293667.92,652220.82,945888.74,0.3105,持有
2025-05-27,25.29,1.41,0.2712,292407.05,652220.82,944627.88,0.3095,持有
2025-05-28,25.20,1.40,0.2624,291375.43,652220.82,943596.26,0.3088,持有
2025-05-29,25.48,1.42,0.2897,294584.92,652220.82,946805.74,0.3111,持有
2025-05-30,25.30,1.41,0.2729,292521.68,652220.82,944742.50,0.3096,持有
2025-06-03,25.37,1.41,0.2792,293324.05,652220.82,945544.87,0.3102,持有
2025-06-04,25.66,1.43,0.3105,296762.78,652220.82,948983.61,0.3127,持有
2025-06-05,25.95,1.44,0.3364,300086.89,652220.82,952307.72,0.3151,持有
2025-06-06,25.75,1.43,0.3177,297794.40,652220.82,950015.23,0.3135,持有
2025-06-09,26.20,1.46,0.3543,302952.50,652220.82,955173.33,0.3172,持有
2025-06-10,25.72,1.43,0.3147,297450.53,652220.82,949671.35,0.3132,持有
2025-06-11,26.15,1.46,0.3501,302379.38,652220.82,954600.21,0.3168,持有
2025-06-12,26.21,1.46,0.3554,303067.13,652220.82,955287.95,0.3173,持有
2025-06-13,26.07,1.45,0.3449,301462.39,652220.82,953683.21,0.3161,持有
2025-06-16,26.45,1.47,0.3727,305818.12,652220.82,958038.94,0.3192,持有
2025-06-17,26.47,1.47,0.3736,306047.37,652220.82,958268.19,0.3194,持有
2025-06-18,26.15,1.46,0.3499,302379.38,652220.82,954600.21,0.3168,持有
2025-06-19,25.68,1.43,0.3112,296992.03,652220.82,949212.85,0.3129,持有
2025-06-20,25.65,1.43,0.3087,296648.16,652220.82,948868.98,0.3126,持有
2025-06-23,26.00,1.45,0.3407,300660.02,652220.82,952880.84,0.3155,持有
2025-06-24,26.68,1.48,0.3848,308454.48,652220.82,960675.30,0.3211,持有
2025-06-25,27.79,1.55,0.4604,321292.42,652220.82,973513.24,0.3300,持有
2025-06-26,27.33,1.52,0.4291,316019.70,652220.82,968240.52,0.3264,持有
2025-06-27,27.34,1.52,0.4292,316134.32,652220.82,968355.14,0.3265,持有
2025-06-30,27.38,1.52,0.4312,316592.82,652220.82,968813.64,0.3268,持有
2025-07-01,27.15,1.51,0.4155,313956.45,652220.82,966177.28,0.3249,持有
2025-07-02,27.04,1.50,0.4067,312695.59,652220.82,964916.41,0.3241,持有
2025-07-03,27.43,1.53,0.4340,317165.94,652220.82,969386.76,0.3272,持有
2025-07-04,27.42,1.53,0.4337,317051.32,652220.82,969272.14,0.3271,持有
2025-07-07,27.55,1.53,0.4423,318541.43,652220.82,970762.26,0.3281,持有
2025-07-08,27.78,1.55,0.4599,321177.80,652220.82,973398.62,0.3300,持有
2025-07-09,27.57,1.53,0.4447,318770.68,652220.82,970991.51,0.3283,持有
2025-07-10,27.98,1.56,0.4762,323584.91,652220.82,975805.73,0.3316,持有
2025-07-11,28.41,1.58,0.5015,328513.76,652220.82,980734.59,0.3350,持有
2025-07-14,28.16,1.57,0.4868,325648.15,652220.82,977868.98,0.3330,持有
2025-07-15,27.99,1.56,0.4767,323699.54,652220.82,975920.36,0.3317,持有
2025-07-16,27.84,1.55,0.4641,321865.54,652220.82,974086.37,0.3304,持有
2025-07-17,28.00,1.56,0.4772,323814.16,652220.82,976034.98,0.3318,持有
2025-07-18,28.09,1.56,0.4831,324845.78,652220.82,977066.60,0.3325,持有
2025-07-21,28.65,1.59,0.5194,331264.75,652220.82,983485.57,0.3368,持有
2025-07-22,28.68,1.60,0.5219,331608.63,652220.82,983829.45,0.3371,持有
2025-07-23,29.52,1.64,0.5736,341351.71,652220.82,993572.53,0.3436,持有
2025-07-24,29.78,1.66,0.5887,344331.94,652220.82,996552.77,0.3455,持有
2025-07-25,29.44,1.64,0.5694,340434.71,652220.82,992655.53,0.3430,持有
2025-07-28,29.70,1.65,0.5837,343414.95,652220.82,995635.77,0.3449,持有
2025-07-29,29.69,1.65,0.5830,343300.32,652220.82,995521.15,0.3448,持有
2025-07-30,29.52,1.64,0.5731,341351.71,652220.82,993572.53,0.3436,持有
2025-07-31,28.77,1.60,0.5280,332640.25,652220.82,984861.07,0.3378,持有
2025-08-01,28.50,1.59,0.5066,329545.38,652220.82,981766.21,0.3357,持有
2025-08-04,28.66,1.59,0.5196,331379.38,652220.82,983600.20,0.3369,持有
2025-08-05,28.93,1.61,0.5373,334474.24,652220.82,986695.06,0.3390,持有
2025-08-06,28.91,1.61,0.5366,334244.99,652220.82,986465.81,0.3388,持有
2025-08-07,28.86,1.61,0.5336,333671.87,652220.82,985892.69,0.3384,持有
2025-08-08,28.63,1.59,0.5164,331035.50,652220.82,983256.33,0.3367,持有
2025-08-11,29.12,1.62,0.5491,336766.73,652220.82,988987.55,0.3405,持有
2025-08-12,29.22,1.63,0.5558,337912.97,652220.82,990133.79,0.3413,持有
2025-08-13,29.36,1.63,0.5640,339517.71,652220.82,991738.54,0.3423,持有
2025-08-14,29.39,1.64,0.5665,339861.59,652220.82,992082.41,0.3426,持有
2025-08-15,30.83,1.72,0.6476,356482.14,652220.82,1008702.96,0.3534,持有
2025-08-18,31.42,1.75,0.6836,363359.61,652220.82,1015580.43,0.3578,持有
2025-08-19,30.75,1.71,0.6420,355565.14,652220.82,1007785.96,0.3528,持有
2025-08-20,30.88,1.72,0.6513,357055.26,652220.82,1009276.08,0.3538,持有
2025-08-21,30.61,1.70,0.6320,353960.40,652220.82,1006181.22,0.3518,持有
2025-08-22,31.92,1.78,0.7135,369090.83,652220.82,1021311.65,0.3614,持有
2025-08-25,32.14,1.77,0.7094,371634.82,652220.82,1023855.64,0.3630,持有
2025-08-26,31.68,1.75,0.6815,366315.84,652220.82,1018536.66,0.3596,持有
2025-08-27,30.89,1.70,0.6327,357181.07,652220.82,1009401.89,0.3539,持有
2025-08-28,31.50,1.74,0.6733,364234.50,652220.82,1016455.32,0.3583,持有
2025-08-29,31.48,1.72,0.6480,364003.24,652220.82,1016224.06,0.3582,持有
2025-09-01,31.17,1.70,0.6285,360418.71,652220.82,1012639.53,0.3559,持有
2025-09-02,30.78,1.68,0.6087,355909.14,652220.82,1008129.96,0.3530,持有
2025-09-03,29.79,1.63,0.5519,344461.77,652220.82,996682.59,0.3456,持有
2025-09-04,29.56,1.61,0.5384,341802.28,652220.82,994023.10,0.3439,持有
2025-09-05,29.83,1.63,0.5552,344924.29,652220.82,997145.11,0.3459,持有
2025-09-08,29.45,1.61,0.5313,340530.35,652220.82,992751.17,0.3430,持有
2025-09-09,29.52,1.61,0.5362,341339.76,652220.82,993560.58,0.3436,持有
2025-09-10,29.48,1.61,0.5339,340877.24,652220.82,993098.06,0.3432,持有
2025-09-11,30.33,1.65,0.5865,350705.79,652220.82,1002926.61,0.3497,持有
2025-09-12,29.78,1.62,0.5514,344346.14,652220.82,996566.96,0.3455,持有
2025-09-15,29.59,1.61,0.5398,342149.17,652220.82,994369.99,0.3441,持有
2025-09-16,29.28,1.60,0.5193,338564.64,652220.82,990785.46,0.3417,持有
2025-09-17,28.99,1.58,0.4970,335211.37,652220.82,987432.19,0.3395,持有
2025-09-18,28.35,1.55,0.4562,327811.05,652220.82,980031.87,0.3345,持有
2025-09-19,28.31,1.54,0.4512,327348.53,652220.82,979569.35,0.3342,持有
2025-09-22,28.78,1.57,0.4846,332783.14,652220.82,985003.96,0.3378,持有
2025-09-23,28.50,1.55,0.4671,329545.50,652220.82,981766.32,0.3357,持有
2025-09-24,28.69,1.57,0.4797,331742.47,652220.82,983963.29,0.3371,持有
2025-09-25,28.71,1.57,0.4811,331973.73,652220.82,984194.55,0.3373,持有
2025-09-26,28.72,1.57,0.4818,332089.36,652220.82,984310.18,0.3374,持有
2025-09-29,30.41,1.66,0.5927,351630.83,652220.82,1003851.65,0.3503,持有
2025-09-30,29.90,1.63,0.5611,345733.70,652220.82,997954.52,0.3464,持有
2025-10-09,29.65,1.62,0.5441,342842.95,652220.82,995063.77,0.3445,持有
2025-10-10,29.68,1.62,0.5465,343189.84,652220.82,995410.66,0.3448,持有
2025-10-13,29.20,1.59,0.5129,337639.60,652220.82,989860.42,0.3411,持有
2025-10-14,29.03,1.58,0.4997,335673.89,652220.82,987894.71,0.3398,持有
2025-10-15,29.69,1.62,0.5476,343305.47,652220.82,995526.29,0.3448,持有
2025-10-16,29.65,1.62,0.5439,342842.95,652220.82,995063.77,0.3445,持有
2025-10-17,29.09,1.59,0.5035,336367.67,652220.82,988588.49,0.3403,持有
2025-10-20,29.23,1.59,0.5156,337986.49,652220.82,990207.31,0.3413,持有
2025-10-21,29.36,1.60,0.5261,339489.68,652220.82,991710.50,0.3423,持有
2025-10-22,29.19,1.59,0.5104,337523.97,652220.82,989744.79,0.3410,持有
2025-10-23,29.52,1.61,0.5367,341339.76,652220.82,993560.58,0.3436,持有
2025-10-24,29.87,1.63,0.5596,345386.81,652220.82,997607.63,0.3462,持有
2025-10-27,29.99,1.59,0.5019,346774.37,652220.82,998995.19,0.3471,持有
2025-10-28,30.00,1.59,0.5021,346890.00,652220.82,999110.82,0.3472,持有
2025-10-29,30.30,1.60,0.5268,350358.90,652220.82,1002579.72,0.3495,持有
2025-10-30,29.68,1.57,0.4829,343189.84,652220.82,995410.66,0.3448,持有
2025-10-31,29.38,1.55,0.4631,339720.94,652220.82,991941.76,0.3425,持有
2025-11-03,29.22,1.55,0.4503,337870.86,652220.82,990091.68,0.3413,持有
2025-11-04,29.08,1.54,0.4409,336252.04,652220.82,988472.86,0.3402,持有
2025-11-05,29.06,1.54,0.4382,336020.78,652220.82,988241.60,0.3400,持有
2025-11-06,29.19,1.54,0.4479,337523.97,652220.82,989744.79,0.3410,持有
2025-11-07,29.00,1.53,0.4338,335327.00,652220.82,987547.82,0.3396,持有
2025-11-10,29.30,1.55,0.4585,338795.90,652220.82,991016.72,0.3419,持有
2025-11-11,29.06,1.54,0.4380,336020.78,652220.82,988241.60,0.3400,持有
2025-11-12,28.90,1.53,0.4268,334170.70,652220.82,986391.52,0.3388,持有
2025-11-13,29.08,1.54,0.4411,336252.04,652220.82,988472.86,0.3402,持有
2025-11-14,28.64,1.51,0.4092,331164.32,652220.82,983385.14,0.3368,持有
2025-11-17,28.29,1.50,0.3882,327117.27,652220.82,979338.09,0.3340,持有
2025-11-18,28.22,1.49,0.3819,326307.86,652220.82,978528.68,0.3335,持有
2025-11-19,28.30,1.50,0.3888,327232.90,652220.82,979453.72,0.3341,持有
2025-11-20,28.30,1.50,0.3887,327232.90,652220.82,979453.72,0.3341,持有
2025-11-21,27.30,1.44,0.3262,315669.90,652220.82,967890.72,0.3261,持有
2025-11-24,27.39,1.45,0.3349,316710.57,652220.82,968931.39,0.3269,持有
2025-11-25,27.47,1.45,0.3392,317635.61,652220.82,969856.43,0.3275,持有
2025-11-26,27.60,1.46,0.3478,319138.80,652220.82,971359.62,0.3285,持有
2025-11-27,27.58,1.46,0.3470,318907.54,652220.82,971128.36,0.3284,持有
2025-11-28,27.59,1.46,0.3479,319023.17,652220.82,971243.99,0.3285,持有
2025-12-01,27.67,1.46,0.3540,319948.21,652220.82,972169.03,0.3291,持有
