日期,收盘价,估值指标,估值分位点,持仓市值,现金,总资产,仓位比例,信号
2015-01-05,3.11,20.01,0.9656,0.00,100000.00,100000.00,0.0000,持有
2015-01-06,3.42,22.02,0.9717,0.00,100000.00,100000.00,0.0000,持有
2015-01-07,3.55,22.89,0.9726,0.00,100000.00,100000.00,0.0000,持有
2015-01-08,3.65,23.50,0.9734,0.00,100000.00,100000.00,0.0000,持有
2015-01-09,3.78,24.35,0.9769,0.00,100000.00,100000.00,0.0000,持有
2015-01-12,4.16,26.78,0.9769,0.00,100000.00,100000.00,0.0000,持有
2015-01-13,4.03,25.94,0.9761,0.00,100000.00,100000.00,0.0000,持有
2015-01-14,4.02,25.89,0.9752,0.00,100000.00,100000.00,0.0000,持有
2015-01-15,4.33,27.90,0.9770,0.00,100000.00,100000.00,0.0000,持有
2015-01-16,4.77,30.69,0.9770,0.00,100000.00,100000.00,0.0000,持有
2015-01-19,4.77,30.69,0.9761,0.00,100000.00,100000.00,0.0000,持有
2015-01-20,4.77,30.69,0.9753,0.00,100000.00,100000.00,0.0000,持有
2015-01-21,4.77,30.69,0.9745,0.00,100000.00,100000.00,0.0000,持有
2015-01-22,4.82,31.03,0.9771,0.00,100000.00,100000.00,0.0000,持有
2015-01-23,4.34,27.93,0.9728,0.00,100000.00,100000.00,0.0000,持有
2015-01-26,4.57,29.42,0.9729,0.00,100000.00,100000.00,0.0000,持有
2015-01-27,4.50,28.98,0.9720,0.00,100000.00,100000.00,0.0000,持有
2015-01-28,4.31,27.76,0.9695,0.00,100000.00,100000.00,0.0000,持有
2015-01-29,4.32,27.84,0.9695,0.00,100000.00,100000.00,0.0000,持有
2015-01-30,4.16,26.79,0.9679,0.00,100000.00,100000.00,0.0000,持有
2015-02-02,4.42,28.49,0.9713,0.00,100000.00,100000.00,0.0000,持有
2015-02-03,4.75,30.61,0.9730,0.00,100000.00,100000.00,0.0000,持有
2015-02-04,4.78,30.75,0.9764,0.00,100000.00,100000.00,0.0000,持有
2015-02-05,4.72,30.39,0.9714,0.00,100000.00,100000.00,0.0000,持有
2015-02-06,4.46,28.70,0.9689,0.00,100000.00,100000.00,0.0000,持有
2015-02-09,4.46,28.70,0.9680,0.00,100000.00,100000.00,0.0000,持有
2015-02-10,4.46,28.70,0.9672,0.00,100000.00,100000.00,0.0000,持有
2015-02-11,4.46,28.70,0.9664,0.00,100000.00,100000.00,0.0000,持有
2015-02-12,4.46,28.70,0.9656,0.00,100000.00,100000.00,0.0000,持有
2015-02-13,4.46,28.70,0.9648,0.00,100000.00,100000.00,0.0000,持有
2015-02-16,4.46,26.54,0.9581,0.00,100000.00,100000.00,0.0000,持有
2015-02-17,4.46,26.54,0.9573,0.00,100000.00,100000.00,0.0000,持有
2015-02-25,4.46,26.54,0.9565,0.00,100000.00,100000.00,0.0000,持有
2015-02-26,4.46,26.54,0.9557,0.00,100000.00,100000.00,0.0000,持有
2015-02-27,4.46,26.54,0.9549,0.00,100000.00,100000.00,0.0000,持有
2015-03-02,4.46,26.54,0.9541,0.00,100000.00,100000.00,0.0000,持有
2015-03-03,4.46,26.54,0.9533,0.00,100000.00,100000.00,0.0000,持有
2015-03-04,4.46,26.54,0.9525,0.00,100000.00,100000.00,0.0000,持有
2015-03-05,4.46,26.54,0.9517,0.00,100000.00,100000.00,0.0000,持有
2015-03-06,4.46,26.54,0.9510,0.00,100000.00,100000.00,0.0000,持有
2015-03-09,4.46,26.54,0.9502,0.00,100000.00,100000.00,0.0000,持有
2015-03-10,4.46,26.54,0.9494,0.00,100000.00,100000.00,0.0000,持有
2015-03-11,4.46,26.54,0.9486,0.00,100000.00,100000.00,0.0000,持有
2015-03-12,4.46,26.54,0.9478,0.00,100000.00,100000.00,0.0000,持有
2015-03-13,4.46,26.54,0.9470,0.00,100000.00,100000.00,0.0000,持有
2015-03-16,4.46,26.54,0.9462,0.00,100000.00,100000.00,0.0000,持有
2015-03-17,4.46,26.54,0.9455,0.00,100000.00,100000.00,0.0000,持有
2015-03-18,4.46,26.54,0.9447,0.00,100000.00,100000.00,0.0000,持有
2015-03-19,4.46,26.54,0.9439,0.00,100000.00,100000.00,0.0000,持有
2015-03-20,4.46,26.50,0.9431,0.00,100000.00,100000.00,0.0000,持有
2015-03-23,4.46,26.50,0.9423,0.00,100000.00,100000.00,0.0000,持有
2015-03-24,4.46,26.50,0.9416,0.00,100000.00,100000.00,0.0000,持有
2015-03-25,4.46,26.50,0.9408,0.00,100000.00,100000.00,0.0000,持有
2015-03-26,4.46,26.50,0.9400,0.00,100000.00,100000.00,0.0000,持有
2015-03-27,4.46,26.50,0.9392,0.00,100000.00,100000.00,0.0000,持有
2015-03-30,4.46,26.50,0.9385,0.00,100000.00,100000.00,0.0000,持有
2015-03-31,4.46,26.50,0.9377,0.00,100000.00,100000.00,0.0000,持有
2015-04-01,4.46,26.50,0.9369,0.00,100000.00,100000.00,0.0000,持有
2015-04-02,4.46,26.50,0.9362,0.00,100000.00,100000.00,0.0000,持有
2015-04-03,4.46,26.50,0.9354,0.00,100000.00,100000.00,0.0000,持有
2015-04-07,4.46,26.50,0.9346,0.00,100000.00,100000.00,0.0000,持有
2015-04-08,4.46,26.50,0.9339,0.00,100000.00,100000.00,0.0000,持有
2015-04-09,4.46,26.50,0.9331,0.00,100000.00,100000.00,0.0000,持有
2015-04-10,4.46,24.72,0.9307,0.00,100000.00,100000.00,0.0000,持有
2015-04-13,4.46,24.72,0.9300,0.00,100000.00,100000.00,0.0000,持有
2015-04-14,4.46,24.72,0.9292,0.00,100000.00,100000.00,0.0000,持有
2015-04-15,4.46,24.72,0.9285,0.00,100000.00,100000.00,0.0000,持有
2015-04-16,4.90,27.19,0.9610,0.00,100000.00,100000.00,0.0000,持有
2015-04-17,5.39,29.91,0.9716,0.00,100000.00,100000.00,0.0000,持有
2015-04-20,5.93,32.90,0.9789,0.00,100000.00,100000.00,0.0000,持有
2015-04-21,6.53,36.19,0.9797,0.00,100000.00,100000.00,0.0000,持有
2015-04-22,7.18,39.81,0.9830,0.00,100000.00,100000.00,0.0000,持有
2015-04-23,7.90,43.79,0.9903,0.00,100000.00,100000.00,0.0000,持有
2015-04-24,8.69,48.17,0.9927,0.00,100000.00,100000.00,0.0000,持有
2015-04-27,9.55,52.98,0.9968,0.00,100000.00,100000.00,0.0000,持有
2015-04-28,10.51,58.29,0.9992,0.00,100000.00,100000.00,0.0000,持有
2015-04-29,11.56,64.12,0.9992,0.00,100000.00,100000.00,0.0000,持有
2015-04-30,12.72,70.53,0.9992,0.00,100000.00,100000.00,0.0000,持有
2015-05-04,11.65,64.61,0.9984,0.00,100000.00,100000.00,0.0000,持有
2015-05-05,11.36,63.02,0.9968,0.00,100000.00,100000.00,0.0000,持有
2015-05-06,11.40,63.24,0.9968,0.00,100000.00,100000.00,0.0000,持有
2015-05-07,10.91,60.49,0.9952,0.00,100000.00,100000.00,0.0000,持有
2015-05-08,11.34,62.91,0.9952,0.00,100000.00,100000.00,0.0000,持有
2015-05-11,12.48,69.20,0.9984,0.00,100000.00,100000.00,0.0000,持有
2015-05-12,13.73,76.12,0.9992,0.00,100000.00,100000.00,0.0000,持有
2015-05-13,12.79,70.91,0.9984,0.00,100000.00,100000.00,0.0000,持有
2015-05-14,11.51,63.83,0.9944,0.00,100000.00,100000.00,0.0000,持有
2015-05-15,11.65,64.62,0.9960,0.00,100000.00,100000.00,0.0000,持有
2015-05-18,11.81,65.48,0.9960,0.00,100000.00,100000.00,0.0000,持有
2015-05-19,11.63,64.52,0.9936,0.00,100000.00,100000.00,0.0000,持有
2015-05-20,11.71,64.94,0.9952,0.00,100000.00,100000.00,0.0000,持有
2015-05-21,11.41,63.27,0.9904,0.00,100000.00,100000.00,0.0000,持有
2015-05-22,11.93,66.16,0.9960,0.00,100000.00,100000.00,0.0000,持有
2015-05-25,11.70,64.87,0.9936,0.00,100000.00,100000.00,0.0000,持有
2015-05-26,12.73,70.57,0.9976,0.00,100000.00,100000.00,0.0000,持有
2015-05-27,11.90,65.96,0.9944,0.00,100000.00,100000.00,0.0000,持有
2015-05-28,11.04,61.24,0.9841,0.00,100000.00,100000.00,0.0000,持有
2015-05-29,11.25,62.41,0.9841,0.00,100000.00,100000.00,0.0000,持有
2015-06-01,11.95,66.29,0.9952,0.00,100000.00,100000.00,0.0000,持有
2015-06-02,13.15,72.92,0.9984,0.00,100000.00,100000.00,0.0000,持有
2015-06-03,14.46,80.21,0.9992,0.00,100000.00,100000.00,0.0000,持有
2015-06-04,15.42,85.54,0.9992,0.00,100000.00,100000.00,0.0000,持有
2015-06-05,14.00,77.62,0.9976,0.00,100000.00,100000.00,0.0000,持有
2015-06-08,13.23,73.38,0.9961,0.00,100000.00,100000.00,0.0000,持有
2015-06-09,12.85,71.28,0.9945,0.00,100000.00,100000.00,0.0000,持有
2015-06-10,13.32,73.84,0.9961,0.00,100000.00,100000.00,0.0000,持有
2015-06-11,12.84,71.19,0.9929,0.00,100000.00,100000.00,0.0000,持有
2015-06-12,12.53,69.48,0.9898,0.00,100000.00,100000.00,0.0000,持有
2015-06-15,11.28,62.53,0.9764,0.00,100000.00,100000.00,0.0000,持有
2015-06-16,11.31,62.70,0.9764,0.00,100000.00,100000.00,0.0000,持有
2015-06-17,12.44,68.96,0.9882,0.00,100000.00,100000.00,0.0000,持有
2015-06-18,11.21,62.17,0.9733,0.00,100000.00,100000.00,0.0000,持有
2015-06-19,11.36,63.01,0.9765,0.00,100000.00,100000.00,0.0000,持有
2015-06-23,11.85,65.69,0.9851,0.00,100000.00,100000.00,0.0000,持有
2015-06-24,11.36,63.02,0.9757,0.00,100000.00,100000.00,0.0000,持有
2015-06-25,10.73,59.48,0.9687,0.00,100000.00,100000.00,0.0000,持有
2015-06-26,9.65,53.53,0.9648,0.00,100000.00,100000.00,0.0000,持有
2015-06-29,8.69,48.18,0.9594,0.00,100000.00,100000.00,0.0000,持有
2015-06-30,9.56,53.00,0.9641,0.00,100000.00,100000.00,0.0000,持有
2015-07-01,8.94,49.57,0.9610,0.00,100000.00,100000.00,0.0000,持有
2015-07-02,8.60,47.71,0.9564,0.00,100000.00,100000.00,0.0000,持有
2015-07-03,8.43,46.73,0.9556,0.00,100000.00,100000.00,0.0000,持有
2015-07-06,7.74,43.08,0.9495,0.00,100000.00,100000.00,0.0000,持有
2015-07-07,6.97,38.77,0.9425,0.00,100000.00,100000.00,0.0000,持有
2015-07-08,6.97,38.77,0.9418,0.00,100000.00,100000.00,0.0000,持有
2015-07-09,7.66,42.65,0.9480,0.00,100000.00,100000.00,0.0000,持有
2015-07-10,8.43,46.92,0.9558,0.00,100000.00,100000.00,0.0000,持有
2015-07-13,9.27,51.58,0.9628,0.00,100000.00,100000.00,0.0000,持有
2015-07-14,8.59,47.79,0.9559,0.00,100000.00,100000.00,0.0000,持有
2015-07-15,8.49,47.22,0.9544,0.00,100000.00,100000.00,0.0000,持有
2015-07-16,8.79,48.92,0.9590,0.00,100000.00,100000.00,0.0000,持有
2015-07-17,9.38,52.19,0.9629,0.00,100000.00,100000.00,0.0000,持有
2015-07-20,9.41,52.36,0.9630,0.00,100000.00,100000.00,0.0000,持有
2015-07-21,9.12,50.76,0.9591,0.00,100000.00,100000.00,0.0000,持有
2015-07-22,9.07,50.50,0.9584,0.00,100000.00,100000.00,0.0000,持有
2015-07-23,9.30,51.73,0.9615,0.00,100000.00,100000.00,0.0000,持有
2015-07-24,8.58,47.77,0.9508,0.00,100000.00,100000.00,0.0000,持有
2015-07-27,7.72,42.99,0.9400,0.00,100000.00,100000.00,0.0000,持有
2015-07-28,6.98,38.87,0.9332,0.00,100000.00,100000.00,0.0000,持有
2015-07-29,7.68,42.75,0.9394,0.00,100000.00,100000.00,0.0000,持有
2015-07-30,7.41,41.23,0.9356,0.00,100000.00,100000.00,0.0000,持有
2015-07-31,7.50,41.73,0.9356,0.00,100000.00,100000.00,0.0000,持有
2015-08-03,6.91,38.45,0.9288,0.00,100000.00,100000.00,0.0000,持有
2015-08-04,7.34,40.83,0.9334,0.00,100000.00,100000.00,0.0000,持有
2015-08-05,6.88,38.29,0.9258,0.00,100000.00,100000.00,0.0000,持有
2015-08-06,6.63,36.92,0.9251,0.00,100000.00,100000.00,0.0000,持有
2015-08-07,7.08,39.38,0.9313,0.00,100000.00,100000.00,0.0000,持有
2015-08-10,7.78,43.32,0.9420,0.00,100000.00,100000.00,0.0000,持有
2015-08-11,7.85,43.66,0.9421,0.00,100000.00,100000.00,0.0000,持有
2015-08-12,7.48,41.61,0.9337,0.00,100000.00,100000.00,0.0000,持有
2015-08-13,7.72,42.97,0.9384,0.00,100000.00,100000.00,0.0000,持有
2015-08-14,7.56,42.07,0.9354,0.00,100000.00,100000.00,0.0000,持有
2015-08-17,7.26,40.41,0.9286,0.00,100000.00,100000.00,0.0000,持有
2015-08-18,6.73,37.43,0.9203,0.00,100000.00,100000.00,0.0000,持有
2015-08-19,7.00,38.95,0.9256,0.00,100000.00,100000.00,0.0000,持有
2015-08-20,6.86,38.20,0.9196,0.00,100000.00,100000.00,0.0000,持有
2015-08-21,6.25,34.76,0.9152,0.00,100000.00,100000.00,0.0000,持有
2015-08-24,5.62,31.29,0.9129,0.00,100000.00,100000.00,0.0000,持有
2015-08-25,5.06,28.16,0.8986,0.00,100000.00,100000.00,0.0000,持有
2015-08-26,4.55,17.65,0.8405,0.00,100000.00,100000.00,0.0000,持有
2015-08-27,5.01,19.42,0.8467,0.00,100000.00,100000.00,0.0000,持有
2015-08-28,5.36,20.77,0.8513,0.00,100000.00,100000.00,0.0000,持有
2015-08-31,5.03,19.49,0.8469,0.00,100000.00,100000.00,0.0000,持有
2015-09-01,5.04,19.54,0.8470,0.00,100000.00,100000.00,0.0000,持有
2015-09-02,5.02,19.46,0.8456,0.00,100000.00,100000.00,0.0000,持有
2015-09-07,5.16,19.98,0.8488,0.00,100000.00,100000.00,0.0000,持有
2015-09-08,5.57,21.61,0.8541,0.00,100000.00,100000.00,0.0000,持有
2015-09-09,5.71,22.12,0.8573,0.00,100000.00,100000.00,0.0000,持有
2015-09-10,5.50,21.30,0.8521,0.00,100000.00,100000.00,0.0000,持有
2015-09-11,5.58,21.62,0.8537,0.00,100000.00,100000.00,0.0000,持有
2015-09-14,5.02,19.46,0.8418,0.00,100000.00,100000.00,0.0000,持有
2015-09-15,4.52,17.51,0.8330,0.00,100000.00,100000.00,0.0000,持有
2015-09-16,4.97,19.26,0.8398,0.00,100000.00,100000.00,0.0000,持有
2015-09-17,4.94,19.15,0.8392,0.00,100000.00,100000.00,0.0000,持有
2015-09-18,5.21,20.20,0.8483,0.00,100000.00,100000.00,0.0000,持有
2015-09-21,5.69,22.06,0.8574,0.00,100000.00,100000.00,0.0000,持有
2015-09-22,5.68,22.02,0.8560,0.00,100000.00,100000.00,0.0000,持有
2015-09-23,5.68,22.02,0.8553,0.00,100000.00,100000.00,0.0000,持有
2015-09-24,5.68,22.02,0.8547,0.00,100000.00,100000.00,0.0000,持有
2015-09-25,5.68,22.02,0.8541,0.00,100000.00,100000.00,0.0000,持有
2015-09-28,5.68,22.02,0.8534,0.00,100000.00,100000.00,0.0000,持有
2015-09-29,5.68,22.02,0.8528,0.00,100000.00,100000.00,0.0000,持有
2015-09-30,5.45,21.12,0.8470,0.00,100000.00,100000.00,0.0000,持有
2015-10-08,6.00,23.24,0.8612,0.00,100000.00,100000.00,0.0000,持有
2015-10-09,5.95,23.07,0.8598,0.00,100000.00,100000.00,0.0000,持有
2015-10-12,6.48,25.12,0.8688,0.00,100000.00,100000.00,0.0000,持有
2015-10-13,6.63,25.69,0.8689,0.00,100000.00,100000.00,0.0000,持有
2015-10-14,6.70,25.95,0.8705,0.00,100000.00,100000.00,0.0000,持有
2015-10-15,7.37,28.54,0.9016,0.00,100000.00,100000.00,0.0000,持有
2015-10-16,8.10,31.40,0.9150,0.00,100000.00,100000.00,0.0000,持有
2015-10-19,8.04,31.17,0.9136,0.00,100000.00,100000.00,0.0000,持有
2015-10-20,8.44,32.71,0.9159,0.00,100000.00,100000.00,0.0000,持有
2015-10-21,7.60,29.47,0.9056,0.00,100000.00,100000.00,0.0000,持有
2015-10-22,8.10,31.37,0.9138,0.00,100000.00,100000.00,0.0000,持有
2015-10-23,8.10,31.38,0.9138,0.00,100000.00,100000.00,0.0000,持有
2015-10-26,7.91,30.65,0.9065,0.00,100000.00,100000.00,0.0000,持有
2015-10-27,8.70,29.19,0.9022,0.00,100000.00,100000.00,0.0000,持有
2015-10-28,8.33,27.96,0.8942,0.00,100000.00,100000.00,0.0000,持有
2015-10-29,8.33,27.96,0.8935,0.00,100000.00,100000.00,0.0000,持有
2015-10-30,8.09,27.16,0.8892,0.00,100000.00,100000.00,0.0000,持有
2015-11-02,7.79,26.14,0.8629,0.00,100000.00,100000.00,0.0000,持有
2015-11-03,7.87,26.39,0.8630,0.00,100000.00,100000.00,0.0000,持有
2015-11-04,8.65,29.03,0.9019,0.00,100000.00,100000.00,0.0000,持有
2015-11-05,8.90,29.88,0.9042,0.00,100000.00,100000.00,0.0000,持有
2015-11-06,9.80,32.87,0.9167,0.00,100000.00,100000.00,0.0000,持有
2015-11-09,10.19,34.19,0.9175,0.00,100000.00,100000.00,0.0000,持有
2015-11-10,10.20,34.23,0.9175,0.00,100000.00,100000.00,0.0000,持有
2015-11-11,10.03,33.66,0.9161,0.00,100000.00,100000.00,0.0000,持有
2015-11-12,9.63,32.30,0.9125,0.00,100000.00,100000.00,0.0000,持有
2015-11-13,9.56,32.09,0.9119,0.00,100000.00,100000.00,0.0000,持有
2015-11-16,10.16,34.09,0.9163,0.00,100000.00,100000.00,0.0000,持有
2015-11-17,9.54,32.03,0.9105,0.00,100000.00,100000.00,0.0000,持有
2015-11-18,9.13,30.65,0.9019,0.00,100000.00,100000.00,0.0000,持有
2015-11-19,9.51,31.92,0.9099,0.00,100000.00,100000.00,0.0000,持有
2015-11-20,9.23,30.98,0.9049,0.00,100000.00,100000.00,0.0000,持有
2015-11-23,9.21,30.91,0.9043,0.00,100000.00,100000.00,0.0000,持有
2015-11-24,9.54,32.01,0.9101,0.00,100000.00,100000.00,0.0000,持有
2015-11-25,9.91,33.25,0.9153,0.00,100000.00,100000.00,0.0000,持有
2015-11-26,9.37,31.45,0.9081,0.00,100000.00,100000.00,0.0000,持有
2015-11-27,8.82,29.59,0.8937,0.00,100000.00,100000.00,0.0000,持有
2015-11-30,8.59,28.83,0.8895,0.00,100000.00,100000.00,0.0000,持有
2015-12-01,8.49,28.48,0.8830,0.00,100000.00,100000.00,0.0000,持有
2015-12-02,8.72,29.26,0.8918,0.00,100000.00,100000.00,0.0000,持有
2015-12-03,8.94,30.00,0.8955,0.00,100000.00,100000.00,0.0000,持有
2015-12-04,8.66,29.07,0.8898,0.00,100000.00,100000.00,0.0000,持有
2015-12-07,8.72,29.28,0.8913,0.00,100000.00,100000.00,0.0000,持有
2015-12-08,8.28,27.80,0.8755,0.00,100000.00,100000.00,0.0000,持有
2015-12-09,8.22,27.59,0.8742,0.00,100000.00,100000.00,0.0000,持有
2015-12-10,8.57,28.77,0.8865,0.00,100000.00,100000.00,0.0000,持有
2015-12-11,8.55,28.71,0.8859,0.00,100000.00,100000.00,0.0000,持有
2015-12-14,8.94,29.99,0.8953,0.00,100000.00,100000.00,0.0000,持有
2015-12-15,8.82,29.60,0.8932,0.00,100000.00,100000.00,0.0000,持有
2015-12-16,8.74,29.33,0.8904,0.00,100000.00,100000.00,0.0000,持有
2015-12-17,9.00,30.19,0.8962,0.00,100000.00,100000.00,0.0000,持有
2015-12-18,8.72,29.28,0.8884,0.00,100000.00,100000.00,0.0000,持有
2015-12-21,8.73,29.29,0.8892,0.00,100000.00,100000.00,0.0000,持有
2015-12-22,8.83,29.62,0.8929,0.00,100000.00,100000.00,0.0000,持有
2015-12-23,8.56,28.73,0.8815,0.00,100000.00,100000.00,0.0000,持有
2015-12-24,8.70,29.20,0.8859,0.00,100000.00,100000.00,0.0000,持有
2015-12-25,8.44,28.32,0.8731,0.00,100000.00,100000.00,0.0000,持有
2015-12-28,8.19,29.96,0.8946,0.00,100000.00,100000.00,0.0000,持有
2015-12-29,8.09,29.60,0.8911,0.00,100000.00,100000.00,0.0000,持有
2015-12-30,8.22,30.07,0.8962,0.00,100000.00,100000.00,0.0000,持有
2015-12-31,7.88,28.85,0.8806,0.00,100000.00,100000.00,0.0000,持有
2016-01-04,7.09,25.97,0.8359,0.00,100000.00,100000.00,0.0000,持有
2016-01-05,6.71,24.56,0.8290,0.00,100000.00,100000.00,0.0000,持有
2016-01-06,6.90,25.26,0.8326,0.00,100000.00,100000.00,0.0000,持有
2016-01-07,6.21,22.74,0.8207,0.00,100000.00,100000.00,0.0000,持有
2016-01-08,6.27,22.96,0.8215,0.00,100000.00,100000.00,0.0000,持有
2016-01-11,6.04,22.13,0.8188,0.00,100000.00,100000.00,0.0000,持有
2016-01-12,6.31,23.10,0.8225,0.00,100000.00,100000.00,0.0000,持有
2016-01-13,5.98,21.90,0.8113,0.00,100000.00,100000.00,0.0000,持有
2016-01-14,6.51,23.82,0.8249,0.00,100000.00,100000.00,0.0000,持有
2016-01-15,6.25,22.89,0.8193,0.00,100000.00,100000.00,0.0000,持有
2016-01-18,6.50,23.81,0.8244,0.00,100000.00,100000.00,0.0000,持有
2016-01-19,6.74,24.67,0.8295,0.00,100000.00,100000.00,0.0000,持有
2016-01-20,6.46,23.66,0.8232,0.00,100000.00,100000.00,0.0000,持有
2016-01-21,6.18,22.61,0.8163,0.00,100000.00,100000.00,0.0000,持有
2016-01-22,6.24,22.85,0.8172,0.00,100000.00,100000.00,0.0000,持有
2016-01-25,6.17,22.59,0.8152,0.00,100000.00,100000.00,0.0000,持有
2016-01-26,5.62,20.58,0.7978,0.00,100000.00,100000.00,0.0000,持有
2016-01-27,5.80,21.23,0.8014,0.00,100000.00,100000.00,0.0000,持有
2016-01-28,5.56,20.34,0.7966,0.00,100000.00,100000.00,0.0000,持有
2016-01-29,5.84,21.38,0.8024,0.00,100000.00,100000.00,0.0000,持有
2016-02-01,5.70,20.86,0.7990,0.00,100000.00,100000.00,0.0000,持有
2016-02-02,5.98,21.88,0.8069,0.00,100000.00,100000.00,0.0000,持有
2016-02-03,5.97,21.85,0.8063,0.00,100000.00,100000.00,0.0000,持有
2016-02-04,6.08,22.26,0.8148,0.00,100000.00,100000.00,0.0000,持有
2016-02-05,5.91,21.63,0.8031,0.00,100000.00,100000.00,0.0000,持有
2016-02-15,5.85,21.42,0.8004,0.00,100000.00,100000.00,0.0000,持有
2016-02-16,6.32,23.13,0.8222,0.00,100000.00,100000.00,0.0000,持有
2016-02-17,6.30,23.06,0.8202,0.00,100000.00,100000.00,0.0000,持有
2016-02-18,6.28,22.97,0.8196,0.00,100000.00,100000.00,0.0000,持有
2016-02-19,6.34,23.20,0.8232,0.00,100000.00,100000.00,0.0000,持有
2016-02-22,6.44,23.58,0.8248,0.00,100000.00,100000.00,0.0000,持有
2016-02-23,6.27,22.96,0.8172,0.00,100000.00,100000.00,0.0000,持有
2016-02-24,6.22,22.79,0.8146,0.00,100000.00,100000.00,0.0000,持有
2016-02-25,5.60,20.51,0.7890,0.00,100000.00,100000.00,0.0000,持有
2016-02-26,5.59,20.45,0.7885,0.00,100000.00,100000.00,0.0000,持有
2016-02-29,5.03,18.40,0.7748,0.00,100000.00,100000.00,0.0000,持有
2016-03-01,5.23,19.13,0.7777,0.00,100000.00,100000.00,0.0000,持有
2016-03-02,5.49,20.11,0.7869,0.00,100000.00,100000.00,0.0000,持有
2016-03-03,5.48,20.05,0.7863,0.00,100000.00,100000.00,0.0000,持有
2016-03-04,5.18,18.96,0.7747,0.00,100000.00,100000.00,0.0000,持有
2016-03-07,5.34,19.56,0.7831,0.00,100000.00,100000.00,0.0000,持有
2016-03-08,5.53,20.24,0.7881,0.00,100000.00,100000.00,0.0000,持有
2016-03-09,5.37,19.64,0.7828,0.00,100000.00,100000.00,0.0000,持有
2016-03-10,5.22,19.10,0.7739,0.00,100000.00,100000.00,0.0000,持有
2016-03-11,5.26,19.24,0.7762,0.00,100000.00,100000.00,0.0000,持有
2016-03-14,5.54,20.29,0.7887,0.00,100000.00,100000.00,0.0000,持有
2016-03-15,5.42,19.83,0.7827,0.00,100000.00,100000.00,0.0000,持有
2016-03-16,5.35,19.58,0.7814,0.00,100000.00,100000.00,0.0000,持有
2016-03-17,5.88,21.54,0.7988,0.00,100000.00,100000.00,0.0000,持有
2016-03-18,6.47,23.69,0.8277,0.00,100000.00,100000.00,0.0000,持有
2016-03-21,6.82,10.21,0.7332,0.00,100000.00,100000.00,0.0000,持有
2016-03-22,6.64,9.95,0.7306,0.00,100000.00,100000.00,0.0000,持有
2016-03-23,7.06,10.58,0.7377,0.00,100000.00,100000.00,0.0000,持有
2016-03-24,6.75,10.11,0.7324,0.00,100000.00,100000.00,0.0000,持有
2016-03-25,6.63,9.93,0.7291,0.00,100000.00,100000.00,0.0000,持有
2016-03-28,6.52,9.77,0.7259,0.00,100000.00,100000.00,0.0000,持有
2016-03-29,6.48,9.71,0.7247,0.00,100000.00,100000.00,0.0000,持有
2016-03-30,6.81,10.21,0.7331,0.00,100000.00,100000.00,0.0000,持有
2016-03-31,6.71,10.05,0.7312,0.00,100000.00,100000.00,0.0000,持有
2016-04-01,6.51,9.76,0.7246,0.00,100000.00,100000.00,0.0000,持有
2016-04-05,6.78,10.15,0.7330,0.00,100000.00,100000.00,0.0000,持有
2016-04-06,6.70,10.03,0.7297,0.00,100000.00,100000.00,0.0000,持有
2016-04-07,6.48,9.71,0.7224,0.00,100000.00,100000.00,0.0000,持有
2016-04-08,6.44,9.64,0.7199,0.00,100000.00,100000.00,0.0000,持有
2016-04-11,6.56,9.82,0.7249,0.00,100000.00,100000.00,0.0000,持有
2016-04-12,6.74,10.10,0.7318,0.00,100000.00,100000.00,0.0000,持有
2016-04-13,6.87,10.29,0.7361,0.00,100000.00,100000.00,0.0000,持有
2016-04-14,6.97,10.44,0.7376,0.00,100000.00,100000.00,0.0000,持有
2016-04-15,6.86,10.28,0.7351,0.00,100000.00,100000.00,0.0000,持有
2016-04-18,6.52,9.74,0.7211,0.00,100000.00,100000.00,0.0000,持有
2016-04-19,6.51,9.73,0.7206,0.00,100000.00,100000.00,0.0000,持有
2016-04-20,5.99,8.95,0.7052,0.00,100000.00,100000.00,0.0000,持有
2016-04-21,5.77,8.62,0.7020,0.00,100000.00,100000.00,0.0000,持有
2016-04-22,5.96,8.91,0.7049,0.00,100000.00,100000.00,0.0000,持有
2016-04-25,5.96,8.91,0.7045,0.00,100000.00,100000.00,0.0000,持有
2016-04-26,5.96,8.91,0.7040,0.00,100000.00,100000.00,0.0000,持有
2016-04-27,5.96,8.78,0.7028,0.00,100000.00,100000.00,0.0000,持有
2016-04-28,5.96,8.78,0.7024,0.00,100000.00,100000.00,0.0000,持有
2016-04-29,5.96,8.78,0.7019,0.00,100000.00,100000.00,0.0000,持有
2016-05-03,6.27,9.22,0.7102,0.00,100000.00,100000.00,0.0000,持有
2016-05-04,6.14,9.04,0.7077,0.00,100000.00,100000.00,0.0000,持有
2016-05-05,6.19,9.11,0.7092,0.00,100000.00,100000.00,0.0000,持有
2016-05-06,5.85,8.61,0.6966,0.00,100000.00,100000.00,0.0000,持有
2016-05-09,5.55,8.17,0.6761,0.00,100000.00,100000.00,0.0000,持有
2016-05-10,5.57,8.19,0.6796,0.00,100000.00,100000.00,0.0000,持有
2016-05-11,5.43,7.99,0.6591,0.00,100000.00,100000.00,0.0000,持有
2016-05-12,5.43,8.00,0.6606,0.00,100000.00,100000.00,0.0000,持有
2016-05-13,5.37,7.90,0.6522,0.00,100000.00,100000.00,0.0000,持有
2016-05-16,5.51,8.12,0.6725,0.00,100000.00,100000.00,0.0000,持有
2016-05-17,5.63,8.80,0.7034,0.00,100000.00,100000.00,0.0000,持有
2016-05-18,5.42,8.48,0.6943,0.00,100000.00,100000.00,0.0000,持有
2016-05-19,5.48,8.57,0.6965,0.00,100000.00,100000.00,0.0000,持有
2016-05-20,5.67,8.86,0.7047,0.00,100000.00,100000.00,0.0000,持有
2016-05-23,5.67,8.86,0.7049,0.00,100000.00,100000.00,0.0000,持有
2016-05-24,5.55,8.71,0.7004,0.00,100000.00,100000.00,0.0000,持有
2016-05-25,5.54,8.69,0.6999,0.00,100000.00,100000.00,0.0000,持有
2016-05-26,5.63,8.83,0.7041,0.00,100000.00,100000.00,0.0000,持有
2016-05-27,5.52,8.66,0.6977,0.00,100000.00,100000.00,0.0000,持有
2016-05-30,5.46,8.57,0.6939,0.00,100000.00,100000.00,0.0000,持有
2016-05-31,6.01,9.43,0.7167,0.00,100000.00,100000.00,0.0000,持有
2016-06-01,6.01,9.43,0.7162,0.00,100000.00,100000.00,0.0000,持有
2016-06-02,6.09,9.55,0.7197,0.00,100000.00,100000.00,0.0000,持有
2016-06-03,6.28,9.87,0.7305,0.00,100000.00,100000.00,0.0000,持有
2016-06-06,6.28,9.87,0.7300,0.00,100000.00,100000.00,0.0000,持有
2016-06-07,6.20,9.74,0.7255,0.00,100000.00,100000.00,0.0000,持有
2016-06-08,6.10,9.57,0.7184,0.00,100000.00,100000.00,0.0000,持有
2016-06-13,5.60,8.80,0.7001,0.00,100000.00,100000.00,0.0000,持有
2016-06-14,5.62,8.83,0.7010,0.00,100000.00,100000.00,0.0000,持有
2016-06-15,5.81,9.12,0.7098,0.00,100000.00,100000.00,0.0000,持有
2016-06-16,5.68,8.92,0.7047,0.00,100000.00,100000.00,0.0000,持有
2016-06-17,5.74,9.01,0.7062,0.00,100000.00,100000.00,0.0000,持有
2016-06-20,5.70,8.95,0.7044,0.00,100000.00,100000.00,0.0000,持有
2016-06-21,5.75,9.02,0.7066,0.00,100000.00,100000.00,0.0000,持有
2016-06-22,5.96,9.35,0.7140,0.00,100000.00,100000.00,0.0000,持有
2016-06-23,5.90,9.26,0.7129,0.00,100000.00,100000.00,0.0000,持有
2016-06-24,5.80,9.11,0.7085,0.00,100000.00,100000.00,0.0000,持有
2016-06-27,5.95,9.35,0.7139,0.00,100000.00,100000.00,0.0000,持有
2016-06-28,6.03,9.47,0.7174,0.00,100000.00,100000.00,0.0000,持有
2016-06-29,5.98,9.39,0.7143,0.00,100000.00,100000.00,0.0000,持有
2016-06-30,6.07,9.52,0.7191,0.00,100000.00,100000.00,0.0000,持有
2016-07-01,5.98,9.39,0.7134,0.00,100000.00,100000.00,0.0000,持有
2016-07-04,6.21,9.75,0.7292,0.00,100000.00,100000.00,0.0000,持有
2016-07-05,6.18,9.71,0.7248,0.00,100000.00,100000.00,0.0000,持有
2016-07-06,6.13,9.63,0.7224,0.00,100000.00,100000.00,0.0000,持有
2016-07-07,6.06,9.52,0.7174,0.00,100000.00,100000.00,0.0000,持有
2016-07-08,6.06,9.51,0.7169,0.00,100000.00,100000.00,0.0000,持有
2016-07-11,6.01,9.44,0.7138,0.00,100000.00,100000.00,0.0000,持有
2016-07-12,6.18,9.71,0.7251,0.00,100000.00,100000.00,0.0000,持有
2016-07-13,6.19,9.72,0.7279,0.00,100000.00,100000.00,0.0000,持有
2016-07-14,6.14,9.63,0.7222,0.00,100000.00,100000.00,0.0000,持有
2016-07-15,5.76,9.05,0.7003,0.00,100000.00,100000.00,0.0000,持有
2016-07-18,5.68,8.91,0.6946,0.00,100000.00,100000.00,0.0000,持有
2016-07-19,5.73,9.00,0.6974,0.00,100000.00,100000.00,0.0000,持有
2016-07-20,5.68,8.92,0.6944,0.00,100000.00,100000.00,0.0000,持有
2016-07-21,5.70,8.95,0.6952,0.00,100000.00,100000.00,0.0000,持有
2016-07-22,5.59,8.78,0.6863,0.00,100000.00,100000.00,0.0000,持有
2016-07-25,5.63,8.84,0.6898,0.00,100000.00,100000.00,0.0000,持有
2016-07-26,5.70,8.94,0.6951,0.00,100000.00,100000.00,0.0000,持有
2016-07-27,5.42,8.51,0.6746,0.00,100000.00,100000.00,0.0000,持有
2016-07-28,5.39,8.47,0.6723,0.00,100000.00,100000.00,0.0000,持有
2016-07-29,5.34,8.39,0.6699,0.00,100000.00,100000.00,0.0000,持有
2016-08-01,5.16,5.42,0.4758,0.00,100000.00,100000.00,0.0000,持有
2016-08-02,5.18,5.44,0.4761,0.00,100000.00,100000.00,0.0000,持有
2016-08-03,5.13,5.39,0.4745,0.00,100000.00,100000.00,0.0000,持有
2016-08-04,5.21,5.47,0.4794,0.00,100000.00,100000.00,0.0000,持有
2016-08-05,5.17,5.43,0.4759,0.00,100000.00,100000.00,0.0000,持有
2016-08-08,5.36,5.63,0.4846,0.00,100000.00,100000.00,0.0000,持有
2016-08-09,5.36,5.63,0.4849,0.00,100000.00,100000.00,0.0000,持有
2016-08-10,5.32,5.59,0.4839,0.00,100000.00,100000.00,0.0000,持有
2016-08-11,5.30,5.56,0.4830,0.00,100000.00,100000.00,0.0000,持有
2016-08-12,5.33,5.60,0.4846,0.00,100000.00,100000.00,0.0000,持有
2016-08-15,5.86,6.16,0.5099,0.00,100000.00,100000.00,0.0000,持有
2016-08-16,5.78,6.07,0.5058,0.00,100000.00,100000.00,0.0000,持有
2016-08-17,5.69,5.98,0.5022,0.00,100000.00,100000.00,0.0000,持有
2016-08-18,5.70,5.99,0.5026,0.00,100000.00,100000.00,0.0000,持有
2016-08-19,5.66,5.95,0.5003,0.00,100000.00,100000.00,0.0000,持有
2016-08-22,5.48,5.76,0.4917,0.00,100000.00,100000.00,0.0000,持有
2016-08-23,5.48,5.76,0.4920,0.00,100000.00,100000.00,0.0000,持有
2016-08-24,5.48,5.76,0.4917,0.00,100000.00,100000.00,0.0000,持有
2016-08-25,5.40,5.67,0.4863,0.00,100000.00,100000.00,0.0000,持有
2016-08-26,5.40,5.67,0.4866,0.00,100000.00,100000.00,0.0000,持有
2016-08-29,5.44,5.71,0.4888,0.00,100000.00,100000.00,0.0000,持有
2016-08-30,5.46,5.73,0.4898,0.00,100000.00,100000.00,0.0000,持有
2016-08-31,5.50,5.78,0.4940,0.00,100000.00,100000.00,0.0000,持有
2016-09-01,5.41,5.68,0.4866,0.00,100000.00,100000.00,0.0000,持有
2016-09-02,5.41,5.68,0.4863,0.00,100000.00,100000.00,0.0000,持有
2016-09-05,5.41,5.68,0.4860,0.00,100000.00,100000.00,0.0000,持有
2016-09-06,5.51,5.79,0.4952,0.00,100000.00,100000.00,0.0000,持有
2016-09-07,5.45,5.72,0.4898,0.00,100000.00,100000.00,0.0000,持有
2016-09-08,5.45,5.73,0.4902,0.00,100000.00,100000.00,0.0000,持有
2016-09-09,5.37,5.64,0.4810,0.00,100000.00,100000.00,0.0000,持有
2016-09-12,5.20,5.46,0.4699,0.00,100000.00,100000.00,0.0000,持有
2016-09-13,5.22,5.48,0.4734,0.00,100000.00,100000.00,0.0000,持有
2016-09-14,5.22,5.48,0.4725,0.00,100000.00,100000.00,0.0000,持有
2016-09-19,5.25,5.51,0.4753,0.00,100000.00,100000.00,0.0000,持有
2016-09-20,5.23,5.50,0.4744,0.00,100000.00,100000.00,0.0000,持有
2016-09-21,5.24,5.51,0.4747,0.00,100000.00,100000.00,0.0000,持有
2016-09-22,5.22,5.49,0.4732,0.00,100000.00,100000.00,0.0000,持有
2016-09-23,5.21,5.48,0.4710,0.00,100000.00,100000.00,0.0000,持有
2016-09-26,5.16,5.42,0.4657,0.00,100000.00,100000.00,0.0000,持有
2016-09-27,5.22,5.49,0.4736,0.00,100000.00,100000.00,0.0000,持有
2016-09-28,5.21,5.47,0.4695,0.00,100000.00,100000.00,0.0000,持有
2016-09-29,5.23,5.49,0.4755,0.00,100000.00,100000.00,0.0000,持有
2016-09-30,5.23,5.50,0.4758,0.00,100000.00,100000.00,0.0000,持有
2016-10-10,5.36,5.63,0.4830,0.00,100000.00,100000.00,0.0000,持有
2016-10-11,5.33,5.60,0.4821,0.00,100000.00,100000.00,0.0000,持有
2016-10-12,5.30,5.57,0.4806,0.00,100000.00,100000.00,0.0000,持有
2016-10-13,5.32,5.59,0.4815,0.00,100000.00,100000.00,0.0000,持有
2016-10-14,5.26,5.53,0.4774,0.00,100000.00,100000.00,0.0000,持有
2016-10-17,5.18,5.44,0.4646,0.00,100000.00,100000.00,0.0000,持有
2016-10-18,5.31,5.58,0.4819,0.00,100000.00,100000.00,0.0000,持有
2016-10-19,5.27,5.53,0.4778,0.00,100000.00,100000.00,0.0000,持有
2016-10-20,5.25,5.52,0.4769,0.00,100000.00,100000.00,0.0000,持有
2016-10-21,5.25,5.51,0.4760,0.00,100000.00,100000.00,0.0000,持有
2016-10-24,5.35,5.62,0.4856,0.00,100000.00,100000.00,0.0000,持有
2016-10-25,5.32,5.59,0.4835,0.00,100000.00,100000.00,0.0000,持有
2016-10-26,5.31,5.58,0.4819,0.00,100000.00,100000.00,0.0000,持有
2016-10-27,5.36,5.63,0.4866,0.00,100000.00,100000.00,0.0000,持有
2016-10-28,5.38,5.65,0.4907,0.00,100000.00,100000.00,0.0000,持有
2016-10-31,5.32,5.48,0.4667,0.00,100000.00,100000.00,0.0000,持有
2016-11-01,5.36,5.52,0.4764,0.00,100000.00,100000.00,0.0000,持有
2016-11-02,5.29,5.44,0.4624,0.00,100000.00,100000.00,0.0000,持有
2016-11-03,5.37,5.53,0.4776,0.00,100000.00,100000.00,0.0000,持有
2016-11-04,5.37,5.53,0.4773,0.00,100000.00,100000.00,0.0000,持有
2016-11-07,5.33,5.48,0.4690,0.00,100000.00,100000.00,0.0000,持有
2016-11-08,5.36,5.52,0.4755,0.00,100000.00,100000.00,0.0000,持有
2016-11-09,5.26,5.42,0.4579,0.00,100000.00,100000.00,0.0000,持有
2016-11-10,5.34,5.50,0.4718,0.00,100000.00,100000.00,0.0000,持有
2016-11-11,5.48,5.65,0.4932,0.00,100000.00,100000.00,0.0000,持有
2016-11-14,5.62,5.78,0.5077,0.00,100000.00,100000.00,0.0000,持有
2016-11-15,5.61,5.78,0.5068,0.00,100000.00,100000.00,0.0000,持有
2016-11-16,5.56,5.73,0.5022,0.00,100000.00,100000.00,0.0000,持有
2016-11-17,5.54,5.70,0.4981,0.00,100000.00,100000.00,0.0000,持有
2016-11-18,5.49,5.65,0.4929,0.00,100000.00,100000.00,0.0000,持有
2016-11-21,5.49,5.65,0.4926,0.00,100000.00,100000.00,0.0000,持有
2016-11-22,5.79,5.97,0.5200,0.00,100000.00,100000.00,0.0000,持有
2016-11-23,5.71,5.88,0.5148,0.00,100000.00,100000.00,0.0000,持有
2016-11-24,5.68,5.84,0.5120,0.00,100000.00,100000.00,0.0000,持有
2016-11-25,5.74,5.91,0.5166,0.00,100000.00,100000.00,0.0000,持有
2016-11-28,5.71,5.88,0.5144,0.00,100000.00,100000.00,0.0000,持有
2016-11-29,5.78,5.95,0.5203,0.00,100000.00,100000.00,0.0000,持有
2016-11-30,5.92,6.10,0.5273,0.00,100000.00,100000.00,0.0000,持有
2016-12-01,5.95,6.12,0.5282,0.00,100000.00,100000.00,0.0000,持有
2016-12-02,5.76,5.93,0.5181,0.00,100000.00,100000.00,0.0000,持有
2016-12-05,5.61,5.77,0.5049,0.00,100000.00,100000.00,0.0000,持有
2016-12-06,5.46,5.62,0.4838,0.00,100000.00,100000.00,0.0000,持有
2016-12-07,5.48,5.65,0.4884,0.00,100000.00,100000.00,0.0000,持有
2016-12-08,5.37,5.53,0.4740,0.00,100000.00,100000.00,0.0000,持有
2016-12-09,5.38,5.54,0.4768,0.00,100000.00,100000.00,0.0000,持有
2016-12-12,4.95,5.09,0.4392,0.00,100000.00,100000.00,0.0000,持有
2016-12-13,4.92,5.06,0.4371,0.00,100000.00,100000.00,0.0000,持有
2016-12-14,4.92,5.06,0.4375,0.00,100000.00,100000.00,0.0000,持有
2016-12-15,4.95,5.10,0.4409,0.00,100000.00,100000.00,0.0000,持有
2016-12-16,5.02,5.17,0.4430,0.00,100000.00,100000.00,0.0000,持有
2016-12-19,4.92,5.07,0.4373,0.00,100000.00,100000.00,0.0000,持有
2016-12-20,4.93,5.08,0.4382,0.00,100000.00,100000.00,0.0000,持有
2016-12-21,4.96,5.10,0.4422,0.00,100000.00,100000.00,0.0000,持有
2016-12-22,4.90,5.05,0.4353,0.00,100000.00,100000.00,0.0000,持有
2016-12-23,4.69,4.83,0.4204,0.00,100000.00,100000.00,0.0000,持有
2016-12-26,4.73,4.87,0.4238,0.00,100000.00,100000.00,0.0000,持有
2016-12-27,4.69,4.83,0.4199,0.00,100000.00,100000.00,0.0000,持有
2016-12-28,4.66,4.80,0.4172,0.00,100000.00,100000.00,0.0000,持有
2016-12-29,4.63,4.77,0.4133,0.00,100000.00,100000.00,0.0000,持有
2016-12-30,4.63,4.76,0.4119,0.00,100000.00,100000.00,0.0000,持有
2017-01-03,4.67,4.81,0.4183,0.00,100000.00,100000.00,0.0000,持有
2017-01-04,4.72,4.86,0.4253,0.00,100000.00,100000.00,0.0000,持有
2017-01-05,4.71,4.85,0.4238,0.00,100000.00,100000.00,0.0000,持有
2017-01-06,4.66,4.80,0.4169,0.00,100000.00,100000.00,0.0000,持有
2017-01-09,4.67,4.81,0.4197,0.00,100000.00,100000.00,0.0000,持有
2017-01-10,4.65,4.78,0.4140,0.00,100000.00,100000.00,0.0000,持有
2017-01-11,4.59,4.72,0.4059,0.00,100000.00,100000.00,0.0000,持有
2017-01-12,4.58,4.72,0.4051,0.00,100000.00,100000.00,0.0000,持有
2017-01-13,4.49,4.62,0.3904,0.00,100000.00,100000.00,0.0000,买入(补至20%)
2017-01-16,4.21,4.33,0.3570,18742.28,79954.65,98696.93,0.1899,持有
2017-01-17,4.37,4.50,0.3724,19472.97,79954.65,99427.62,0.1959,持有
2017-01-18,4.30,4.42,0.3656,19144.16,79954.65,99098.81,0.1932,持有
2017-01-19,4.30,4.43,0.3660,19168.51,79954.65,99123.17,0.1934,持有
2017-01-20,4.37,4.50,0.3754,19497.33,79954.65,99451.98,0.1960,持有
2017-01-23,4.40,4.53,0.3770,19606.93,79954.65,99561.58,0.1969,持有
2017-01-24,4.34,4.47,0.3701,19351.19,79954.65,99305.84,0.1949,持有
2017-01-25,4.34,4.47,0.3699,19339.01,79954.65,99293.66,0.1948,持有
2017-01-26,4.35,4.48,0.3709,19387.72,79954.65,99342.38,0.1952,持有
2017-02-03,4.26,4.39,0.3611,18985.84,79954.65,98940.50,0.1919,持有
2017-02-06,4.30,4.43,0.3656,19180.69,79954.65,99135.35,0.1935,持有
2017-02-07,4.26,4.38,0.3600,18973.66,79954.65,98928.32,0.1918,持有
2017-02-08,4.38,4.51,0.3778,19521.68,79954.65,99476.34,0.1962,持有
2017-02-09,4.38,4.51,0.3781,19533.86,79954.65,99488.51,0.1963,持有
2017-02-10,4.39,4.52,0.3785,19558.22,79954.65,99512.87,0.1965,持有
2017-02-13,4.58,4.72,0.4099,20410.69,79954.65,100365.35,0.2034,持有
2017-02-14,4.52,4.66,0.4019,20154.95,79954.65,100109.60,0.2013,持有
2017-02-15,4.52,4.65,0.4017,20142.77,79954.65,100097.43,0.2012,持有
2017-02-16,4.55,4.69,0.4062,20288.91,79954.65,100243.56,0.2024,持有
2017-02-17,4.54,4.67,0.4042,20228.02,79954.65,100182.67,0.2019,持有
2017-02-20,4.57,4.71,0.4099,20386.34,79954.65,100340.99,0.2032,持有
2017-02-21,4.62,4.76,0.4185,20593.37,79954.65,100548.02,0.2048,持有
2017-02-22,4.59,4.73,0.4165,20471.58,79954.65,100426.24,0.2038,持有
2017-02-23,4.57,4.70,0.4080,20349.80,79954.65,100304.46,0.2029,持有
2017-02-24,4.56,4.70,0.4077,20337.62,79954.65,100292.28,0.2028,持有
2017-02-27,4.49,4.63,0.3956,20020.99,79954.65,99975.64,0.2003,持有
2017-02-28,4.52,4.65,0.3995,20130.59,79954.65,100085.25,0.2011,持有
2017-03-01,4.54,4.67,0.4034,20228.02,79954.65,100182.67,0.2019,持有
2017-03-02,4.49,4.62,0.3925,19996.63,79954.65,99951.29,0.2001,持有
2017-03-03,4.45,4.58,0.3834,19813.96,79954.65,99768.61,0.1986,持有
2017-03-06,4.51,4.58,0.3832,20094.06,79954.65,100048.71,0.2008,持有
2017-03-07,4.49,4.56,0.3824,20033.17,79954.65,99987.82,0.2004,持有
2017-03-08,4.43,4.50,0.3698,19740.89,79954.65,99695.54,0.1980,持有
2017-03-09,4.36,4.42,0.3601,19412.08,79954.65,99366.73,0.1954,持有
2017-03-10,4.37,4.44,0.3622,19485.15,79954.65,99439.80,0.1959,持有
2017-03-13,4.37,4.44,0.3620,19485.15,79954.65,99439.80,0.1959,持有
2017-03-14,4.34,4.40,0.3565,19326.83,79954.65,99281.49,0.1947,持有
2017-03-15,4.35,4.41,0.3581,19375.54,79954.65,99330.20,0.1951,持有
2017-03-16,4.40,4.47,0.3679,19606.93,79954.65,99561.58,0.1969,持有
2017-03-17,4.34,4.41,0.3576,19363.37,79954.65,99318.02,0.1950,持有
2017-03-20,4.31,4.38,0.3539,19217.23,79954.65,99171.88,0.1938,持有
2017-03-21,4.29,4.36,0.3519,19131.98,79954.65,99086.63,0.1931,持有
2017-03-22,4.22,4.29,0.3453,18827.52,79954.65,98782.18,0.1906,持有
2017-03-23,4.23,4.29,0.3457,18839.70,79954.65,98794.36,0.1907,持有
2017-03-24,4.27,4.33,0.3496,19022.38,79954.65,98977.03,0.1922,持有
2017-03-27,4.26,4.32,0.3488,18973.66,79954.65,98928.32,0.1918,持有
2017-03-28,4.26,4.33,0.3492,18998.02,79954.65,98952.67,0.1920,持有
2017-03-29,4.21,4.27,0.3425,18754.46,79954.65,98709.11,0.1900,持有
2017-03-30,4.08,4.14,0.3271,18182.08,79954.65,98136.73,0.1853,持有
2017-03-31,4.09,4.16,0.3310,18242.97,79954.65,98197.62,0.1858,持有
2017-04-05,4.13,4.20,0.3355,18413.47,79954.65,98368.12,0.1872,持有
2017-04-06,4.10,4.16,0.3318,18255.15,79954.65,98209.80,0.1859,持有
2017-04-07,4.06,4.12,0.3205,18084.65,79954.65,98039.31,0.1845,持有
2017-04-10,4.00,4.06,0.3156,17828.91,79954.65,97783.56,0.1823,持有
2017-04-11,4.04,4.10,0.3207,18011.58,79954.65,97966.24,0.1839,持有
2017-04-12,4.04,4.11,0.3211,18023.76,79954.65,97978.42,0.1840,持有
2017-04-13,4.05,4.11,0.3215,18060.30,79954.65,98014.95,0.1843,持有
2017-04-14,4.08,4.15,0.3300,18206.44,79954.65,98161.09,0.1855,持有
2017-04-17,4.00,4.06,0.3141,17816.73,79954.65,97771.39,0.1822,持有
2017-04-18,3.83,3.88,0.3017,17084.16,79954.65,97038.82,0.1761,持有
2017-04-19,3.72,3.77,0.2969,16600.65,79954.65,96555.30,0.1719,买入(补至40%)
2017-04-20,3.75,3.80,0.3002,38859.24,58090.16,96949.39,0.4008,持有
2017-04-21,3.66,3.71,0.2937,37972.97,58090.16,96063.13,0.3953,持有
2017-04-24,3.51,3.56,0.2854,36404.97,58090.16,94495.13,0.3853,持有
2017-04-25,3.52,3.56,0.2858,36473.14,58090.16,94563.30,0.3857,持有
2017-04-26,3.53,3.58,0.2868,36643.58,58090.16,94733.74,0.3868,持有
2017-04-27,3.66,3.68,0.2924,37972.97,58090.16,96063.13,0.3953,持有
2017-04-28,3.65,3.66,0.2922,37836.63,58090.16,95926.78,0.3944,持有
2017-05-02,3.62,3.64,0.2892,37563.93,58090.16,95654.09,0.3927,持有
2017-05-03,3.63,3.64,0.2896,37598.02,58090.16,95688.17,0.3929,持有
2017-05-04,3.54,3.56,0.2842,36711.75,58090.16,94801.91,0.3872,持有
2017-05-05,3.41,3.43,0.2806,35382.36,58090.16,93472.51,0.3785,持有
2017-05-08,3.59,3.61,0.2885,37257.15,58090.16,95347.30,0.3908,持有
2017-05-09,3.68,3.70,0.2970,38177.50,58090.16,96267.65,0.3966,持有
2017-05-10,3.55,3.57,0.2859,36814.01,58090.16,94904.17,0.3879,持有
2017-05-11,3.62,3.63,0.2897,37495.76,58090.16,95585.91,0.3923,持有
2017-05-12,3.58,3.60,0.2873,37154.89,58090.16,95245.04,0.3901,持有
2017-05-15,3.49,3.51,0.2831,36234.53,58090.16,94324.69,0.3841,持有
2017-05-16,3.58,3.60,0.2875,37154.89,58090.16,95245.04,0.3901,持有
2017-05-17,3.71,3.73,0.3006,38484.28,58090.16,96574.44,0.3985,持有
2017-05-18,3.77,3.79,0.3073,39097.85,58090.16,97188.00,0.4023,持有
2017-05-19,3.67,3.68,0.2968,38041.15,58090.16,96131.30,0.3957,持有
2017-05-22,3.64,3.66,0.2949,37768.45,58090.16,95858.61,0.3940,持有
2017-05-23,3.64,3.65,0.2936,37700.28,58090.16,95790.43,0.3936,持有
2017-05-24,3.74,3.76,0.3049,38791.06,58090.16,96881.22,0.4004,持有
2017-05-25,3.85,3.86,0.3116,39881.85,58090.16,97972.01,0.4071,持有
2017-05-26,3.81,3.85,0.3102,39540.98,58090.16,97631.14,0.4050,持有
2017-05-31,3.88,3.91,0.3135,40188.63,58090.16,98278.79,0.4089,持有
2017-06-01,3.77,3.80,0.3099,39097.85,58090.16,97188.00,0.4023,持有
2017-06-02,3.99,4.02,0.3229,41347.59,58090.16,99437.75,0.4158,持有
2017-06-05,4.01,4.05,0.3244,41620.29,58090.16,99710.45,0.4174,持有
2017-06-06,4.00,4.04,0.3242,41483.94,58090.16,99574.10,0.4166,持有
2017-06-07,4.14,4.17,0.3480,42915.60,58090.16,101005.75,0.4249,持有
2017-06-08,4.12,4.16,0.3461,42745.16,58090.16,100835.32,0.4239,持有
2017-06-09,4.09,4.12,0.3350,42370.20,58090.16,100460.36,0.4218,持有
2017-06-12,4.03,4.07,0.3286,41790.72,58090.16,99880.88,0.4184,持有
2017-06-13,4.11,4.14,0.3421,42608.81,58090.16,100698.97,0.4231,持有
2017-06-14,4.02,4.06,0.3259,41722.55,58090.16,99812.71,0.4180,持有
2017-06-15,4.11,4.14,0.3422,42608.81,58090.16,100698.97,0.4231,持有
2017-06-16,4.09,4.13,0.3381,42438.38,58090.16,100528.53,0.4222,持有
2017-06-19,4.12,4.15,0.3470,42711.07,58090.16,100801.23,0.4237,持有
2017-06-20,4.02,4.06,0.3252,41722.55,58090.16,99812.71,0.4180,持有
2017-06-21,3.95,3.98,0.3159,40938.55,58090.16,99028.70,0.4134,持有
2017-06-22,3.88,3.91,0.3112,40188.63,58090.16,98278.79,0.4089,持有
2017-06-23,3.87,3.90,0.3110,40086.37,58090.16,98176.53,0.4083,持有
2017-06-26,3.95,3.99,0.3177,41006.72,58090.16,99096.88,0.4138,持有
2017-06-27,4.06,4.09,0.3339,42097.51,58090.16,100187.66,0.4202,持有
2017-06-28,4.05,4.08,0.3326,41961.16,58090.16,100051.32,0.4194,持有
2017-06-29,4.04,4.08,0.3318,41927.07,58090.16,100017.23,0.4192,持有
2017-06-30,3.95,3.99,0.3164,40972.63,58090.16,99062.79,0.4136,持有
2017-07-03,4.06,4.09,0.3348,42097.51,58090.16,100187.66,0.4202,持有
2017-07-04,4.04,4.08,0.3318,41892.99,58090.16,99983.14,0.4190,持有
2017-07-05,4.06,4.09,0.3350,42097.51,58090.16,100187.66,0.4202,持有
2017-07-06,3.97,4.01,0.3196,41177.16,58090.16,99267.31,0.4148,持有
2017-07-07,3.98,4.02,0.3206,41279.42,58090.16,99369.57,0.4154,持有
2017-07-10,3.88,3.91,0.3108,40222.72,58090.16,98312.88,0.4091,持有
2017-07-11,3.85,3.88,0.3078,39881.85,58090.16,97972.01,0.4071,持有
2017-07-12,3.86,3.89,0.3093,39984.11,58090.16,98074.27,0.4077,持有
2017-07-13,3.83,3.87,0.3075,39745.50,58090.16,97835.66,0.4062,持有
2017-07-14,3.82,3.85,0.3056,39575.07,58090.16,97665.22,0.4052,持有
2017-07-17,3.44,3.46,0.2746,35620.97,58090.16,93711.12,0.3801,持有
2017-07-18,3.48,3.51,0.2772,36098.19,58090.16,94188.34,0.3833,持有
2017-07-19,3.56,3.59,0.2815,36916.28,58090.16,95006.43,0.3886,持有
2017-07-20,3.60,3.63,0.2848,37325.32,58090.16,95415.48,0.3912,持有
2017-07-21,3.56,3.59,0.2812,36916.28,58090.16,95006.43,0.3886,持有
2017-07-24,3.55,3.58,0.2811,36814.01,58090.16,94904.17,0.3879,持有
2017-07-25,3.54,3.57,0.2804,36745.84,58090.16,94836.00,0.3875,持有
2017-07-26,3.51,3.54,0.2774,36439.06,58090.16,94529.21,0.3855,持有
2017-07-27,3.80,3.83,0.3080,39404.63,58090.16,97494.79,0.4042,持有
2017-07-28,3.72,3.76,0.3017,38620.63,58090.16,96710.78,0.3993,持有
2017-07-31,3.78,3.79,0.3065,39234.20,58090.16,97324.35,0.4031,持有
2017-08-01,3.91,3.91,0.3170,40563.59,58090.16,98653.75,0.4112,持有
2017-08-02,3.95,3.95,0.3185,40938.55,58090.16,99028.70,0.4134,持有
2017-08-03,4.23,4.23,0.3696,43835.95,58090.16,101926.10,0.4301,持有
2017-08-04,4.30,4.30,0.3772,44551.78,58090.16,102641.93,0.4341,持有
2017-08-07,4.26,4.27,0.3731,44210.90,58090.16,102301.06,0.4322,持有
2017-08-08,4.37,4.38,0.3879,45335.78,58090.16,103425.93,0.4383,持有
2017-08-09,4.25,4.26,0.3721,44108.64,58090.16,102198.80,0.4316,持有
2017-08-10,4.25,4.26,0.3719,44108.64,58090.16,102198.80,0.4316,持有
2017-08-11,4.22,4.22,0.3672,43733.69,58090.16,101823.84,0.4295,持有
2017-08-14,4.42,4.42,0.3970,45847.08,58090.16,103937.24,0.4411,持有
2017-08-15,4.37,4.37,0.3885,45267.60,58090.16,103357.76,0.4380,持有
2017-08-16,4.64,4.65,0.4365,48130.92,58090.16,106221.07,0.4531,持有
2017-08-17,4.62,4.63,0.4329,47926.39,58090.16,106016.55,0.4521,持有
2017-08-18,4.50,4.50,0.4100,46631.09,58090.16,104721.24,0.4453,持有
2017-08-21,4.53,4.54,0.4164,47006.04,58090.16,105096.20,0.4473,持有
2017-08-22,4.45,4.45,0.4012,46119.78,58090.16,104209.94,0.4426,持有
2017-08-23,4.33,4.33,0.3811,44858.56,58090.16,102948.71,0.4357,持有
2017-08-24,4.34,4.35,0.3836,45028.99,58090.16,103119.15,0.4367,持有
2017-08-25,4.59,4.59,0.4232,47551.44,58090.16,105641.59,0.4501,持有
2017-08-28,4.87,4.88,0.4765,50517.01,58090.16,108607.17,0.4651,持有
2017-08-29,4.85,4.85,0.4735,50244.31,58090.16,108334.47,0.4638,持有
2017-08-30,4.83,4.83,0.4710,50073.88,58090.16,108164.03,0.4629,持有
2017-08-31,4.88,4.88,0.4774,50585.18,58090.16,108675.34,0.4655,持有
2017-09-01,5.02,5.02,0.4860,52050.93,58090.16,110141.08,0.4726,持有
2017-09-04,4.95,4.95,0.4829,51335.10,58090.16,109425.25,0.4691,持有
2017-09-05,4.82,4.83,0.4689,50005.70,58090.16,108095.86,0.4626,持有
2017-09-06,4.93,4.93,0.4824,51130.58,58090.16,109220.73,0.4681,持有
2017-09-07,4.84,4.84,0.4717,50142.05,58090.16,108232.21,0.4633,持有
2017-09-08,4.78,4.78,0.4610,49528.48,58090.16,107618.64,0.4602,持有
2017-09-11,4.83,4.83,0.4701,50073.88,58090.16,108164.03,0.4629,持有
2017-09-12,4.74,4.75,0.4566,49187.61,58090.16,107277.77,0.4585,持有
2017-09-13,4.81,4.81,0.4674,49869.36,58090.16,107959.51,0.4619,持有
2017-09-14,4.79,4.79,0.4622,49664.83,58090.16,107754.99,0.4609,持有
2017-09-15,4.81,4.81,0.4674,49869.36,58090.16,107959.51,0.4619,持有
2017-09-18,4.95,4.95,0.4852,51335.10,58090.16,109425.25,0.4691,持有
2017-09-19,4.79,4.79,0.4609,49630.75,58090.16,107720.90,0.4607,持有
2017-09-20,4.73,4.73,0.4535,49017.18,58090.16,107107.34,0.4576,持有
2017-09-21,4.52,4.53,0.4101,46903.78,58090.16,104993.94,0.4467,持有
2017-09-22,4.53,4.54,0.4131,47006.04,58090.16,105096.20,0.4473,持有
2017-09-25,4.39,4.39,0.3867,45472.13,58090.16,103562.28,0.4391,持有
2017-09-26,4.52,4.52,0.4099,46869.69,58090.16,104959.85,0.4465,持有
2017-09-27,4.51,4.52,0.4086,46801.52,58090.16,104891.68,0.4462,持有
2017-09-28,4.50,4.50,0.4068,46665.17,58090.16,104755.33,0.4455,持有
2017-09-29,4.55,4.55,0.4174,47142.39,58090.16,105232.55,0.4480,持有
2017-10-09,4.62,4.62,0.4297,47858.22,58090.16,105948.38,0.4517,持有
2017-10-10,4.70,4.70,0.4469,48710.40,58090.16,106800.55,0.4561,持有
2017-10-11,4.65,4.65,0.4369,48165.00,58090.16,106255.16,0.4533,持有
2017-10-12,4.56,4.57,0.4192,47312.83,58090.16,105402.98,0.4489,持有
2017-10-13,4.61,4.62,0.4283,47824.13,58090.16,105914.29,0.4515,持有
2017-10-16,4.45,4.46,0.3971,46187.95,58090.16,104278.11,0.4429,持有
2017-10-17,4.38,4.39,0.3838,45438.04,58090.16,103528.19,0.4389,持有
2017-10-18,4.39,4.39,0.3847,45472.13,58090.16,103562.28,0.4391,持有
2017-10-19,4.23,4.23,0.3606,43870.03,58090.16,101960.19,0.4303,持有
2017-10-20,4.30,4.30,0.3702,44585.86,58090.16,102676.02,0.4342,持有
2017-10-23,4.33,4.34,0.3759,44926.73,58090.16,103016.89,0.4361,持有
2017-10-24,4.40,4.41,0.3871,45642.56,58090.16,103732.72,0.4400,持有
2017-10-25,4.41,4.41,0.3880,45676.65,58090.16,103766.80,0.4402,持有
2017-10-26,4.40,4.41,0.3867,45642.56,58090.16,103732.72,0.4400,持有
2017-10-27,4.38,4.38,0.3827,45403.95,58090.16,103494.11,0.4387,持有
2017-10-30,4.04,3.98,0.3112,41927.07,58090.16,100017.23,0.4192,持有
2017-10-31,4.06,4.00,0.3159,42131.59,58090.16,100221.75,0.4204,持有
2017-11-01,3.98,3.91,0.3065,41245.33,58090.16,99335.49,0.4152,持有
2017-11-02,4.03,3.96,0.3112,41756.64,58090.16,99846.79,0.4182,持有
2017-11-03,4.06,3.99,0.3154,42097.51,58090.16,100187.66,0.4202,持有
2017-11-06,4.08,4.01,0.3184,42267.94,58090.16,100358.10,0.4212,持有
2017-11-07,4.21,4.14,0.3452,43665.51,58090.16,101755.67,0.4291,持有
2017-11-08,4.38,4.30,0.3719,45369.86,58090.16,103460.02,0.4385,持有
2017-11-09,4.39,4.32,0.3749,45506.21,58090.16,103596.37,0.4393,持有
2017-11-10,4.47,4.40,0.3892,46358.39,58090.16,104448.55,0.4438,持有
2017-11-13,4.50,4.42,0.3966,46631.09,58090.16,104721.24,0.4453,持有
2017-11-14,4.40,4.33,0.3770,45642.56,58090.16,103732.72,0.4400,持有
2017-11-15,4.30,4.23,0.3596,44551.78,58090.16,102641.93,0.4341,持有
2017-11-16,4.27,4.20,0.3584,44313.17,58090.16,102403.32,0.4327,持有
2017-11-17,4.23,4.16,0.3517,43835.95,58090.16,101926.10,0.4301,持有
2017-11-20,4.19,4.12,0.3365,43426.90,58090.16,101517.06,0.4278,持有
2017-11-21,4.48,4.41,0.3931,46460.65,58090.16,104550.81,0.4444,持有
2017-11-22,4.58,4.51,0.4149,47483.26,58090.16,105573.42,0.4498,持有
2017-11-23,4.39,4.32,0.3756,45540.30,58090.16,103630.46,0.4394,持有
2017-11-24,4.44,4.37,0.3856,46085.69,58090.16,104175.85,0.4424,持有
2017-11-27,4.42,4.35,0.3827,45881.17,58090.16,103971.33,0.4413,持有
2017-11-28,4.53,4.46,0.4065,47006.04,58090.16,105096.20,0.4473,持有
2017-11-29,4.54,4.46,0.4068,47040.13,58090.16,105130.29,0.4474,持有
2017-11-30,4.47,4.40,0.3911,46392.48,58090.16,104482.63,0.4440,持有
2017-12-01,4.67,4.60,0.4331,48471.79,58090.16,106561.94,0.4549,持有
2017-12-04,4.63,4.56,0.4275,48028.65,58090.16,106118.81,0.4526,持有
2017-12-05,4.57,4.50,0.4113,47381.00,58090.16,105471.16,0.4492,持有
2017-12-06,4.66,4.59,0.4313,48335.44,58090.16,106425.59,0.4542,持有
2017-12-07,4.51,4.44,0.4002,46767.43,58090.16,104857.59,0.4460,持有
2017-12-08,4.51,4.43,0.4000,46733.35,58090.16,104823.50,0.4458,持有
2017-12-11,4.61,4.53,0.4226,47755.96,58090.16,105846.11,0.4512,持有
2017-12-12,4.47,4.40,0.3895,46392.48,58090.16,104482.63,0.4440,持有
2017-12-13,4.45,4.38,0.3845,46119.78,58090.16,104209.94,0.4426,持有
2017-12-14,4.31,4.24,0.3593,44654.04,58090.16,102744.19,0.4346,持有
2017-12-15,4.29,4.22,0.3560,44449.51,58090.16,102539.67,0.4335,持有
2017-12-18,4.24,4.17,0.3494,43972.30,58090.16,102062.45,0.4308,持有
2017-12-19,4.36,4.29,0.3683,45233.52,58090.16,103323.67,0.4378,持有
2017-12-20,4.23,4.17,0.3485,43904.12,58090.16,101994.28,0.4305,持有
2017-12-21,4.24,4.17,0.3494,43972.30,58090.16,102062.45,0.4308,持有
2017-12-22,4.24,4.17,0.3492,43972.30,58090.16,102062.45,0.4308,持有
2017-12-25,4.08,4.01,0.3125,42267.94,58090.16,100358.10,0.4212,持有
2017-12-26,4.14,4.07,0.3251,42915.60,58090.16,101005.75,0.4249,持有
2017-12-27,4.12,4.05,0.3180,42676.99,58090.16,100767.14,0.4235,持有
2017-12-28,4.25,4.18,0.3537,44074.56,58090.16,102164.71,0.4314,持有
2017-12-29,4.26,4.19,0.3546,44142.73,58090.16,102232.89,0.4318,持有
2018-01-02,4.27,4.20,0.3581,44313.17,58090.16,102403.32,0.4327,持有
2018-01-03,4.35,4.28,0.3695,45131.25,58090.16,103221.41,0.4372,持有
2018-01-04,4.29,4.22,0.3593,44483.60,58090.16,102573.76,0.4337,持有
2018-01-05,4.29,4.22,0.3602,44517.69,58090.16,102607.84,0.4339,持有
2018-01-08,4.34,4.27,0.3689,44994.91,58090.16,103085.06,0.4365,持有
2018-01-09,4.27,4.20,0.3572,44313.17,58090.16,102403.32,0.4327,持有
2018-01-10,4.27,4.20,0.3570,44313.17,58090.16,102403.32,0.4327,持有
2018-01-11,4.37,4.30,0.3747,45335.78,58090.16,103425.93,0.4383,持有
2018-01-12,4.35,4.28,0.3703,45097.17,58090.16,103187.32,0.4370,持有
2018-01-15,4.15,4.08,0.3255,43017.86,58090.16,101108.01,0.4255,持有
2018-01-16,4.15,4.08,0.3269,43051.94,58090.16,101142.10,0.4257,持有
2018-01-17,4.33,4.26,0.3686,44926.73,58090.16,103016.89,0.4361,持有
2018-01-18,4.32,4.25,0.3658,44790.38,58090.16,102880.54,0.4354,持有
2018-01-19,4.49,4.41,0.4034,46528.82,58090.16,104618.98,0.4447,持有
2018-01-22,4.72,4.64,0.4571,48949.00,58090.16,107039.16,0.4573,持有
2018-01-23,4.82,4.74,0.4778,49971.62,58090.16,108061.77,0.4624,持有
2018-01-24,5.26,5.17,0.5220,54505.19,58090.16,112595.35,0.4841,持有
2018-01-25,5.25,5.17,0.5217,54471.11,58090.16,112561.26,0.4839,持有
2018-01-26,5.39,5.30,0.5261,55868.68,58090.16,113958.83,0.4903,持有
2018-01-29,5.29,5.20,0.5243,54811.98,58090.16,112902.13,0.4855,持有
2018-01-30,5.22,5.14,0.5204,54130.24,58090.16,112220.39,0.4824,持有
2018-01-31,5.03,4.95,0.5060,52119.10,58090.16,110209.26,0.4729,持有
2018-02-01,4.98,4.90,0.5010,51641.88,58090.16,109732.04,0.4706,持有
2018-02-02,4.98,4.90,0.5008,51641.88,58090.16,109732.04,0.4706,持有
2018-02-05,5.01,4.93,0.5052,51948.67,58090.16,110038.82,0.4721,持有
2018-02-06,4.66,4.59,0.4378,48335.44,58090.16,106425.59,0.4542,持有
2018-02-07,4.79,4.72,0.4693,49698.92,58090.16,107789.08,0.4611,持有
2018-02-08,4.72,4.64,0.4545,48914.92,58090.16,107005.07,0.4571,持有
2018-02-09,4.25,4.18,0.3477,44040.47,58090.16,102130.63,0.4312,持有
2018-02-12,4.32,4.25,0.3631,44756.30,58090.16,102846.45,0.4352,持有
2018-02-13,4.29,4.22,0.3567,44483.60,58090.16,102573.76,0.4337,持有
2018-02-14,4.21,4.15,0.3383,43699.60,58090.16,101789.76,0.4293,持有
2018-02-22,4.41,4.34,0.3838,45710.73,58090.16,103800.89,0.4404,持有
2018-02-23,4.38,4.31,0.3764,45403.95,58090.16,103494.11,0.4387,持有
2018-02-26,4.58,4.51,0.4238,47483.26,58090.16,105573.42,0.4498,持有
2018-02-27,4.57,4.49,0.4179,47346.91,58090.16,105437.07,0.4491,持有
2018-02-28,4.53,4.46,0.4130,47006.04,58090.16,105096.20,0.4473,持有
2018-03-01,4.65,4.58,0.4397,48267.26,58090.16,106357.42,0.4538,持有
2018-03-02,4.49,4.41,0.4012,46528.82,58090.16,104618.98,0.4447,持有
2018-03-05,4.56,4.49,0.4181,47312.83,58090.16,105402.98,0.4489,持有
2018-03-06,4.61,4.54,0.4334,47824.13,58090.16,105914.29,0.4515,持有
2018-03-07,4.54,4.47,0.4156,47108.30,58090.16,105198.46,0.4478,持有
2018-03-08,4.54,4.46,0.4133,47040.13,58090.16,105130.29,0.4474,持有
2018-03-09,4.93,4.85,0.4997,51096.49,58090.16,109186.65,0.4680,持有
2018-03-12,4.98,4.90,0.5052,51641.88,58090.16,109732.04,0.4706,持有
2018-03-13,4.95,4.87,0.5023,51301.01,58090.16,109391.17,0.4690,持有
2018-03-14,4.98,4.90,0.5067,51675.97,58090.16,109766.13,0.4708,持有
2018-03-15,5.18,5.10,0.5239,53721.19,58090.16,111811.35,0.4805,持有
2018-03-16,5.12,5.03,0.5185,53039.45,58090.16,111129.61,0.4773,持有
2018-03-19,5.28,5.11,0.5265,54709.72,58090.16,112799.87,0.4850,持有
2018-03-20,5.29,5.13,0.5272,54880.15,58090.16,112970.31,0.4858,持有
2018-03-21,5.07,4.92,0.5074,52596.32,58090.16,110686.48,0.4752,持有
2018-03-22,5.05,4.89,0.5036,52357.71,58090.16,110447.87,0.4740,持有
2018-03-23,4.77,4.62,0.4510,49426.22,58090.16,107516.38,0.4597,持有
2018-03-26,5.15,4.99,0.5159,53414.41,58090.16,111504.56,0.4790,持有
2018-03-27,5.37,5.21,0.5331,55732.33,58090.16,113822.48,0.4896,持有
2018-03-28,5.28,5.11,0.5266,54709.72,58090.16,112799.87,0.4850,持有
2018-03-29,5.36,5.19,0.5320,55561.89,58090.16,113652.05,0.4889,持有
2018-03-30,5.57,5.40,0.5394,57709.38,58090.16,115799.53,0.4984,持有
2018-04-02,5.41,5.25,0.5340,56141.37,58090.16,114231.53,0.4915,持有
2018-04-03,5.35,5.18,0.5307,55425.54,58090.16,113515.70,0.4883,持有
2018-04-04,5.22,5.06,0.5181,54130.24,58090.16,112220.39,0.4824,持有
2018-04-09,5.31,5.14,0.5281,55016.50,58090.16,113106.66,0.4864,持有
2018-04-10,5.38,5.22,0.5339,55834.59,58090.16,113924.75,0.4901,持有
2018-04-11,5.27,5.11,0.5245,54607.46,58090.16,112697.61,0.4845,持有
2018-04-12,5.14,4.98,0.5115,53312.15,58090.16,111402.30,0.4786,持有
2018-04-13,5.24,5.08,0.5204,54368.85,58090.16,112459.00,0.4835,持有
2018-04-16,5.38,5.22,0.5344,55800.50,58090.16,113890.66,0.4899,持有
2018-04-17,5.29,5.01,0.5137,54846.06,58090.16,112936.22,0.4856,持有
2018-04-18,5.65,5.35,0.5399,58614.41,58090.16,116704.57,0.5022,持有
2018-04-19,5.59,5.29,0.5371,58000.00,58090.16,116090.16,0.4996,持有
2018-04-20,5.31,5.03,0.5140,55050.85,58090.16,113141.01,0.4866,持有
2018-04-23,5.22,4.94,0.5071,54149.72,58090.16,112239.88,0.4824,持有
2018-04-24,5.61,5.31,0.5383,58163.84,58090.16,116254.00,0.5003,持有
2018-04-25,5.58,5.28,0.5371,57836.16,58090.16,115926.32,0.4989,持有
2018-04-26,5.53,5.23,0.5353,57303.67,58090.16,115393.83,0.4966,持有
2018-04-27,5.66,5.36,0.5416,58696.33,58090.16,116786.49,0.5026,持有
2018-05-02,5.69,5.38,0.5428,58983.05,58090.16,117073.21,0.5038,持有
2018-05-03,5.98,5.66,0.5785,62055.09,58090.16,120145.24,0.5165,持有
2018-05-04,5.87,5.56,0.5661,60867.23,58090.16,118957.39,0.5117,持有
2018-05-07,5.98,5.66,0.5784,62055.09,58090.16,120145.24,0.5165,持有
2018-05-08,6.04,5.72,0.5857,62628.53,58090.16,120718.69,0.5188,持有
2018-05-09,5.94,5.62,0.5713,61563.56,58090.16,119653.72,0.5145,持有
2018-05-10,5.96,5.64,0.5755,61809.32,58090.16,119899.48,0.5155,持有
2018-05-11,5.73,5.42,0.5444,59392.66,58090.16,117482.81,0.5055,持有
2018-05-14,5.75,5.44,0.5457,59597.46,58090.16,117687.62,0.5064,持有
2018-05-15,5.81,5.50,0.5570,60211.87,58090.16,118302.02,0.5090,持有
2018-05-16,5.72,5.41,0.5421,59310.74,58090.16,117400.89,0.5052,持有
2018-05-17,5.62,5.32,0.5363,58245.76,58090.16,116335.92,0.5007,持有
2018-05-18,5.83,5.52,0.5602,60457.63,58090.16,118547.79,0.5100,持有
2018-05-21,5.89,5.57,0.5675,61031.08,58090.16,119121.23,0.5123,持有
2018-05-22,5.86,5.55,0.5657,60744.35,58090.16,118834.51,0.5112,持有
2018-05-23,5.69,5.39,0.5397,59024.01,58090.16,117114.17,0.5040,持有
2018-05-24,5.68,5.38,0.5390,58942.09,58090.16,117032.25,0.5036,持有
2018-05-25,5.60,5.30,0.5337,58081.92,58090.16,116172.08,0.5000,持有
2018-05-28,5.49,5.20,0.5279,56975.99,58090.16,115066.15,0.4952,持有
2018-05-29,5.48,5.18,0.5261,56771.19,58090.16,114861.34,0.4943,持有
2018-05-30,5.17,4.90,0.4932,53658.19,58090.16,111748.35,0.4802,持有
2018-05-31,5.24,4.96,0.5035,54354.52,58090.16,112444.68,0.4834,持有
2018-06-01,5.21,4.94,0.5008,54067.80,58090.16,112157.95,0.4821,持有
2018-06-04,5.28,5.00,0.5070,54723.17,58090.16,112813.32,0.4851,持有
2018-06-05,5.36,5.09,0.5163,55542.37,58090.16,113632.53,0.4888,持有
2018-06-06,5.25,4.99,0.5055,54436.44,58090.16,112526.60,0.4838,持有
2018-06-07,5.23,4.97,0.5038,54231.64,58090.16,112321.80,0.4828,持有
2018-06-08,5.01,4.76,0.4700,51978.82,58090.16,110068.97,0.4722,持有
2018-06-11,5.08,4.83,0.4823,52716.10,58090.16,110806.26,0.4758,持有
2018-06-12,5.25,4.99,0.5075,54477.40,58090.16,112567.56,0.4840,持有
2018-06-13,5.17,4.92,0.4968,53658.19,58090.16,111748.35,0.4802,持有
2018-06-14,5.24,4.98,0.5045,54313.56,58090.16,112403.72,0.4832,持有
2018-06-15,5.19,4.94,0.5002,53863.00,58090.16,111953.15,0.4811,持有
2018-06-19,4.89,4.65,0.4472,50750.00,58090.16,108840.16,0.4663,持有
2018-06-20,4.91,4.67,0.4494,50954.80,58090.16,109044.96,0.4673,持有
2018-06-21,4.70,4.46,0.4004,48701.98,58090.16,106792.14,0.4560,持有
2018-06-22,4.81,4.57,0.4251,49889.83,58090.16,107979.99,0.4620,持有
2018-06-25,4.75,4.51,0.4124,49234.46,58090.16,107324.62,0.4587,持有
2018-06-26,4.93,4.68,0.4530,51077.69,58090.16,109167.84,0.4679,持有
2018-06-27,4.91,4.67,0.4493,50913.84,58090.16,109004.00,0.4671,持有
2018-06-28,4.92,4.67,0.4521,50995.76,58090.16,109085.92,0.4675,持有
2018-06-29,5.21,4.95,0.5035,53985.88,58090.16,112076.03,0.4817,持有
2018-07-02,5.14,4.88,0.4913,53248.59,58090.16,111338.75,0.4783,持有
2018-07-03,5.22,4.96,0.5055,54108.76,58090.16,112198.92,0.4823,持有
2018-07-04,4.99,4.74,0.4665,51733.05,58090.16,109823.21,0.4711,持有
2018-07-05,4.99,4.75,0.4678,51774.01,58090.16,109864.17,0.4713,持有
2018-07-06,5.09,4.84,0.4859,52798.02,58090.16,110888.18,0.4761,持有
2018-07-09,5.21,4.95,0.5050,54026.84,58090.16,112116.99,0.4819,持有
2018-07-10,5.18,4.93,0.5002,53740.11,58090.16,111830.27,0.4806,持有
2018-07-11,4.99,4.75,0.4674,51774.01,58090.16,109864.17,0.4713,持有
2018-07-12,5.17,4.92,0.4988,53658.19,58090.16,111748.35,0.4802,持有
2018-07-13,5.10,4.85,0.4881,52920.91,58090.16,111011.06,0.4767,持有
2018-07-16,5.14,4.89,0.4928,53330.51,58090.16,111420.67,0.4786,持有
2018-07-17,5.17,4.91,0.4970,53576.27,58090.16,111666.43,0.4798,持有
2018-07-18,5.08,4.83,0.4805,52675.14,58090.16,110765.30,0.4756,持有
2018-07-19,5.14,4.88,0.4916,53248.59,58090.16,111338.75,0.4783,持有
2018-07-20,5.33,5.07,0.5209,55296.61,58090.16,113386.77,0.4877,持有
2018-07-23,5.46,5.19,0.5350,56566.39,58090.16,114656.54,0.4934,持有
2018-07-24,5.49,5.22,0.5382,56935.03,58090.16,115025.19,0.4950,持有
2018-07-25,5.49,5.22,0.5384,56935.03,58090.16,115025.19,0.4950,持有
2018-07-26,5.36,5.10,0.5243,55583.34,58090.16,113673.49,0.4890,持有
2018-07-27,5.34,5.07,0.5202,55337.57,58090.16,113427.73,0.4879,持有
2018-07-30,5.27,5.01,0.5135,54682.21,58090.16,112772.36,0.4849,持有
2018-07-31,5.31,5.05,0.5177,55050.85,58090.16,113141.01,0.4866,持有
2018-08-01,5.18,4.93,0.5002,53740.11,58090.16,111830.27,0.4806,持有
2018-08-02,5.01,4.76,0.4652,51937.85,58090.16,110028.01,0.4720,持有
2018-08-03,4.98,4.64,0.4375,51651.13,58090.16,109741.29,0.4707,持有
2018-08-06,4.99,4.64,0.4392,51733.05,58090.16,109823.21,0.4711,持有
2018-08-07,5.15,4.79,0.4708,53371.47,58090.16,111461.63,0.4788,持有
2018-08-08,4.95,4.60,0.4256,51282.49,58090.16,109372.64,0.4689,持有
2018-08-09,5.10,4.75,0.4650,52920.91,58090.16,111011.06,0.4767,持有
2018-08-10,5.12,4.76,0.4662,53043.79,58090.16,111133.94,0.4773,持有
2018-08-13,5.17,4.81,0.4768,53576.27,58090.16,111666.43,0.4798,持有
2018-08-14,5.10,4.74,0.4624,52838.98,58090.16,110929.14,0.4763,持有
2018-08-15,4.97,4.63,0.4348,51569.21,58090.16,109659.37,0.4703,持有
2018-08-16,4.99,4.64,0.4375,51692.09,58090.16,109782.25,0.4709,持有
2018-08-17,4.89,4.56,0.4148,50750.00,58090.16,108840.16,0.4663,持有
2018-08-20,5.03,4.68,0.4483,52142.66,58090.16,110232.81,0.4730,持有
2018-08-21,5.04,4.70,0.4510,52306.50,58090.16,110396.66,0.4738,持有
2018-08-22,5.00,4.66,0.4425,51855.93,58090.16,109946.09,0.4716,持有
2018-08-23,5.12,4.76,0.4681,53043.79,58090.16,111133.94,0.4773,持有
2018-08-24,5.09,4.74,0.4615,52757.06,58090.16,110847.22,0.4759,持有
2018-08-27,5.21,4.85,0.4891,54026.84,58090.16,112116.99,0.4819,持有
2018-08-28,5.19,4.84,0.4854,53863.00,58090.16,111953.15,0.4811,持有
2018-08-29,5.14,4.78,0.4720,53248.59,58090.16,111338.75,0.4783,持有
2018-08-30,5.08,4.73,0.4582,52634.18,58090.16,110724.34,0.4754,持有
2018-08-31,5.01,4.67,0.4424,51978.82,58090.16,110068.97,0.4722,持有
2018-09-03,5.04,4.69,0.4495,52265.54,58090.16,110355.69,0.4736,持有
2018-09-04,5.06,4.71,0.4551,52511.30,58090.16,110601.46,0.4748,持有
2018-09-05,4.94,4.60,0.4210,51241.53,58090.16,109331.68,0.4687,持有
2018-09-06,4.97,4.63,0.4319,51528.25,58090.16,109618.41,0.4701,持有
2018-09-07,4.88,4.54,0.4089,50586.16,58090.16,108676.32,0.4655,持有
2018-09-10,4.39,4.09,0.3022,45548.02,58090.16,103638.18,0.4395,持有
2018-09-11,4.30,4.00,0.2856,44564.97,58090.16,102655.13,0.4341,持有
2018-09-12,4.28,3.99,0.2816,44401.13,58090.16,102491.29,0.4332,持有
2018-09-13,4.31,4.01,0.2868,44646.89,58090.16,102737.05,0.4346,持有
2018-09-14,4.12,3.84,0.2678,42721.75,58090.16,100811.91,0.4238,持有
2018-09-17,4.14,3.85,0.2696,42926.56,58090.16,101016.71,0.4249,持有
2018-09-18,4.22,3.93,0.2772,43745.76,58090.16,101835.92,0.4296,持有
2018-09-19,4.28,3.99,0.2828,44401.13,58090.16,102491.29,0.4332,持有
2018-09-20,4.25,3.96,0.2779,44073.45,58090.16,102163.60,0.4314,持有
2018-09-21,4.43,4.13,0.3124,45957.63,58090.16,104047.78,0.4417,持有
2018-09-25,4.36,4.06,0.2954,45179.38,58090.16,103269.54,0.4375,持有
2018-09-26,4.41,4.10,0.3083,45711.87,58090.16,103802.02,0.4404,持有
2018-09-27,4.36,4.06,0.2975,45220.34,58090.16,103310.50,0.4377,持有
2018-09-28,4.44,4.14,0.3162,46080.51,58090.16,104170.67,0.4424,持有
2018-10-08,4.19,3.90,0.2722,43418.08,58090.16,101508.24,0.4277,持有
2018-10-09,4.17,3.88,0.2712,43254.24,58090.16,101344.40,0.4268,持有
2018-10-10,4.26,3.96,0.2806,44155.37,58090.16,102245.53,0.4319,持有
2018-10-11,4.01,3.74,0.2574,41615.82,58090.16,99705.98,0.4174,持有
2018-10-12,4.18,3.89,0.2727,43377.12,58090.16,101467.28,0.4275,持有
2018-10-15,4.18,3.89,0.2726,43377.12,58090.16,101467.28,0.4275,持有
2018-10-16,4.16,3.87,0.2700,43090.40,58090.16,101180.55,0.4259,持有
2018-10-17,4.34,4.04,0.2953,45015.54,58090.16,103105.69,0.4366,持有
2018-10-18,4.33,4.03,0.2947,44892.66,58090.16,102982.81,0.4359,持有
2018-10-19,4.66,4.34,0.3649,48292.37,58090.16,106382.53,0.4540,持有
2018-10-22,5.12,4.77,0.4782,53125.71,58090.16,111215.86,0.4777,持有
2018-10-23,4.98,4.55,0.4182,51610.17,58090.16,109700.33,0.4705,持有
2018-10-24,4.92,4.50,0.4017,50995.76,58090.16,109085.92,0.4675,持有
2018-10-25,5.00,4.57,0.4221,51814.97,58090.16,109905.13,0.4715,持有
2018-10-26,4.78,4.37,0.3712,49562.15,58090.16,107652.30,0.4604,持有
2018-10-29,4.79,4.38,0.3730,49644.07,58090.16,107734.23,0.4608,持有
2018-10-30,4.91,4.49,0.3995,50872.88,58090.16,108963.04,0.4669,持有
2018-10-31,4.89,4.47,0.3969,50668.08,58090.16,108758.24,0.4659,持有
2018-11-01,4.89,4.47,0.3968,50668.08,58090.16,108758.24,0.4659,持有
2018-11-02,5.12,4.68,0.4571,53125.71,58090.16,111215.86,0.4777,持有
2018-11-05,5.11,4.67,0.4516,52961.87,58090.16,111052.02,0.4769,持有
2018-11-06,5.08,4.64,0.4433,52634.18,58090.16,110724.34,0.4754,持有
2018-11-07,5.10,4.67,0.4507,52920.91,58090.16,111011.06,0.4767,持有
2018-11-08,4.85,4.43,0.3863,50258.48,58090.16,108348.63,0.4639,持有
2018-11-09,4.87,4.46,0.3918,50545.20,58090.16,108635.36,0.4653,持有
2018-11-12,5.08,4.64,0.4453,52675.14,58090.16,110765.30,0.4756,持有
2018-11-13,5.15,4.71,0.4637,53412.43,58090.16,111502.59,0.4790,持有
2018-11-14,5.12,4.68,0.4582,53125.71,58090.16,111215.86,0.4777,持有
2018-11-15,5.46,4.99,0.5282,56648.31,58090.16,114738.46,0.4937,持有
2018-11-16,5.49,5.02,0.5304,56935.03,58090.16,115025.19,0.4950,持有
2018-11-19,5.51,5.04,0.5334,57139.83,58090.16,115229.99,0.4959,持有
2018-11-20,5.29,4.83,0.4948,54805.09,58090.16,112895.24,0.4855,持有
2018-11-21,5.31,4.85,0.5021,55050.85,58090.16,113141.01,0.4866,持有
2018-11-22,5.21,4.77,0.4806,54067.80,58090.16,112157.95,0.4821,持有
2018-11-23,5.06,4.63,0.4387,52470.34,58090.16,110560.50,0.4746,持有
2018-11-26,5.08,4.64,0.4418,52634.18,58090.16,110724.34,0.4754,持有
2018-11-27,5.06,4.63,0.4392,52511.30,58090.16,110601.46,0.4748,持有
2018-11-28,5.21,4.76,0.4792,54026.84,58090.16,112116.99,0.4819,持有
2018-11-29,5.00,4.57,0.4204,51814.97,58090.16,109905.13,0.4715,持有
2018-11-30,5.06,4.63,0.4391,52511.30,58090.16,110601.46,0.4748,持有
2018-12-03,5.25,4.80,0.4889,54436.44,58090.16,112526.60,0.4838,持有
2018-12-04,5.31,4.86,0.5047,55091.81,58090.16,113181.97,0.4868,持有
2018-12-05,5.22,4.77,0.4833,54149.72,58090.16,112239.88,0.4824,持有
2018-12-06,5.05,4.62,0.4312,52347.46,58090.16,110437.62,0.4740,持有
2018-12-07,5.05,4.62,0.4310,52347.46,58090.16,110437.62,0.4740,持有
2018-12-10,5.06,4.62,0.4360,52429.38,58090.16,110519.54,0.4744,持有
2018-12-11,5.09,4.65,0.4485,52757.06,58090.16,110847.22,0.4759,持有
2018-12-12,5.10,4.66,0.4506,52838.98,58090.16,110929.14,0.4763,持有
2018-12-13,5.23,4.78,0.4861,54231.64,58090.16,112321.80,0.4828,持有
2018-12-14,5.09,4.65,0.4478,52757.06,58090.16,110847.22,0.4759,持有
2018-12-17,5.08,4.65,0.4457,52716.10,58090.16,110806.26,0.4758,持有
2018-12-18,5.01,4.58,0.4207,51978.82,58090.16,110068.97,0.4722,持有
2018-12-19,4.97,4.54,0.4111,51487.29,58090.16,109577.45,0.4699,持有
2018-12-20,5.02,4.59,0.4226,52060.74,58090.16,110150.89,0.4726,持有
2018-12-21,4.95,4.53,0.4060,51323.45,58090.16,109413.60,0.4691,持有
2018-12-24,4.95,4.53,0.4058,51323.45,58090.16,109413.60,0.4691,持有
2018-12-25,4.83,4.42,0.3770,50094.63,58090.16,108184.79,0.4630,持有
2018-12-26,4.79,4.38,0.3656,49644.07,58090.16,107734.23,0.4608,持有
2018-12-27,4.70,4.30,0.3486,48783.90,58090.16,106874.06,0.4565,持有
2018-12-28,4.78,4.37,0.3639,49562.15,58090.16,107652.30,0.4604,持有
2019-01-02,4.68,4.28,0.3446,48538.14,58090.16,106628.29,0.4552,持有
2019-01-03,4.74,4.33,0.3556,49111.58,58090.16,107201.74,0.4581,持有
2019-01-04,5.05,4.62,0.4353,52388.42,58090.16,110478.58,0.4742,持有
2019-01-07,5.06,4.63,0.4421,52511.30,58090.16,110601.46,0.4748,持有
2019-01-08,5.04,4.60,0.4293,52224.58,58090.16,110314.73,0.4734,持有
2019-01-09,5.03,4.60,0.4258,52142.66,58090.16,110232.81,0.4730,持有
2019-01-10,4.94,4.52,0.4051,51241.53,58090.16,109331.68,0.4687,持有
2019-01-11,5.00,4.57,0.4203,51855.93,58090.16,109946.09,0.4716,持有
2019-01-14,4.95,4.53,0.4075,51323.45,58090.16,109413.60,0.4691,持有
2019-01-15,5.14,4.69,0.4660,53248.59,58090.16,111338.75,0.4783,持有
2019-01-16,5.06,4.63,0.4430,52511.30,58090.16,110601.46,0.4748,持有
2019-01-17,4.99,4.56,0.4172,51692.09,58090.16,109782.25,0.4709,持有
2019-01-18,5.09,4.65,0.4537,52757.06,58090.16,110847.22,0.4759,持有
2019-01-21,5.09,4.65,0.4535,52757.06,58090.16,110847.22,0.4759,持有
2019-01-22,5.04,4.60,0.4296,52224.58,58090.16,110314.73,0.4734,持有
2019-01-23,5.04,4.61,0.4322,52306.50,58090.16,110396.66,0.4738,持有
2019-01-24,5.11,4.67,0.4594,52961.87,58090.16,111052.02,0.4769,持有
2019-01-25,5.11,4.67,0.4592,52961.87,58090.16,111052.02,0.4769,持有
2019-01-28,5.09,4.66,0.4553,52798.02,58090.16,110888.18,0.4761,持有
2019-01-29,5.00,4.57,0.4189,51855.93,58090.16,109946.09,0.4716,持有
2019-01-30,4.92,4.50,0.3969,51036.72,58090.16,109126.88,0.4677,持有
2019-01-31,5.08,4.65,0.4509,52716.10,58090.16,110806.26,0.4758,持有
2019-02-01,5.25,4.80,0.4970,54395.48,58090.16,112485.64,0.4836,持有
2019-02-11,5.34,4.88,0.5167,55337.57,58090.16,113427.73,0.4879,持有
2019-02-12,5.30,4.85,0.5099,54968.93,58090.16,113059.08,0.4862,持有
2019-02-13,5.52,5.05,0.5462,57262.71,58090.16,115352.87,0.4964,持有
2019-02-14,5.48,5.01,0.5404,56812.15,58090.16,114902.31,0.4944,持有
2019-02-15,5.36,4.90,0.5194,55542.37,58090.16,113632.53,0.4888,持有
2019-02-18,5.72,5.23,0.5681,59269.78,58090.16,117359.93,0.5050,持有
2019-02-19,5.69,5.20,0.5641,58983.05,58090.16,117073.21,0.5038,持有
2019-02-20,5.71,5.22,0.5675,59228.82,58090.16,117318.97,0.5049,持有
2019-02-21,6.06,5.54,0.6000,62792.37,58090.16,120882.53,0.5194,持有
2019-02-22,6.66,6.09,0.6439,69059.32,58090.16,127149.48,0.5431,持有
2019-02-25,7.33,6.70,0.6736,75981.64,58090.16,134071.80,0.5667,持有
2019-02-26,7.70,7.04,0.6894,79872.88,58090.16,137963.04,0.5789,持有
2019-02-27,7.49,6.85,0.6826,77661.02,58090.16,135751.18,0.5721,持有
2019-02-28,7.74,7.08,0.6915,80282.49,58090.16,138372.64,0.5802,持有
2019-03-01,8.26,7.55,0.7192,85607.35,58090.16,143697.50,0.5957,持有
2019-03-04,8.28,7.57,0.7193,85812.15,58090.16,143902.31,0.5963,持有
2019-03-05,8.41,7.69,0.7291,87163.84,58090.16,145254.00,0.6001,持有
2019-03-06,8.78,7.93,0.7389,91014.13,58090.16,149104.28,0.6104,持有
2019-03-07,8.43,7.62,0.7225,87368.65,58090.16,145458.80,0.6006,持有
2019-03-08,7.62,6.89,0.6823,79053.67,58090.16,137143.83,0.5764,持有
2019-03-11,7.87,7.11,0.6920,81593.22,58090.16,139683.38,0.5841,持有
2019-03-12,8.03,7.25,0.7004,83231.64,58090.16,141321.80,0.5890,持有
2019-03-13,7.68,6.94,0.6836,79586.16,58090.16,137676.32,0.5781,持有
2019-03-14,7.67,6.93,0.6833,79504.24,58090.16,137594.40,0.5778,持有
2019-03-15,7.60,6.87,0.6798,78848.87,58090.16,136939.03,0.5758,持有
2019-03-18,7.89,7.13,0.6927,81798.03,58090.16,139888.18,0.5847,持有
2019-03-19,7.74,7.00,0.6860,80282.49,58090.16,138372.64,0.5802,持有
2019-03-20,7.85,7.09,0.6907,81388.42,58090.16,139478.58,0.5835,持有
2019-03-21,8.00,7.23,0.6986,82903.96,58090.16,140994.11,0.5880,持有
2019-03-22,7.84,7.09,0.6901,81306.50,58090.16,139396.66,0.5833,持有
2019-03-25,7.42,6.71,0.6683,76964.69,58090.16,135054.85,0.5699,持有
2019-03-26,7.25,6.55,0.6603,75162.43,58090.16,133252.59,0.5641,持有
2019-03-27,7.27,6.57,0.6609,75408.19,58090.16,133498.35,0.5649,持有
2019-03-28,7.11,6.43,0.6538,73769.78,58090.16,131859.93,0.5595,持有
2019-03-29,7.66,6.92,0.6808,79381.36,58090.16,137471.51,0.5774,持有
2019-04-01,8.00,7.59,0.7228,82944.92,58090.16,141035.07,0.5881,持有
2019-04-02,8.08,7.67,0.7279,83764.13,58090.16,141854.28,0.5905,持有
2019-04-03,8.25,7.83,0.7362,85525.43,58090.16,143615.58,0.5955,持有
2019-04-04,8.12,7.70,0.7318,84173.73,58090.16,142263.89,0.5917,持有
2019-04-08,7.94,7.53,0.7174,82289.55,58090.16,140379.71,0.5862,持有
2019-04-09,7.86,7.46,0.7098,81511.30,58090.16,139601.46,0.5839,持有
2019-04-10,7.59,7.20,0.6959,78685.03,58090.16,136775.19,0.5753,持有
2019-04-11,7.56,7.17,0.6928,78357.35,58090.16,136447.50,0.5743,持有
2019-04-12,7.57,7.18,0.6943,78480.23,58090.16,136570.38,0.5747,持有
2019-04-15,7.32,6.95,0.6809,75940.68,58090.16,134030.84,0.5666,持有
2019-04-16,7.56,7.18,0.6937,78439.27,58090.16,136529.42,0.5745,持有
2019-04-17,7.47,7.09,0.6880,77497.18,58090.16,135587.33,0.5716,持有
2019-04-18,7.45,7.07,0.6858,77292.38,58090.16,135382.53,0.5709,持有
2019-04-19,7.60,7.22,0.6977,78848.87,58090.16,136939.03,0.5758,持有
2019-04-22,7.40,7.02,0.6829,76718.93,58090.16,134809.09,0.5691,持有
2019-04-23,7.44,7.06,0.6844,77128.53,58090.16,135218.69,0.5704,持有
2019-04-24,7.53,7.15,0.6914,78111.58,58090.16,136201.74,0.5735,持有
2019-04-25,7.21,6.85,0.6721,74793.79,58090.16,132883.94,0.5629,持有
2019-04-26,7.19,6.82,0.6691,74507.06,58090.16,132597.22,0.5619,持有
2019-04-29,6.57,5.06,0.5347,68117.23,58090.16,126207.39,0.5397,持有
2019-04-30,6.47,4.98,0.5241,67134.18,58090.16,125224.34,0.5361,持有
2019-05-06,5.83,4.49,0.3823,60416.67,58090.16,118506.82,0.5098,持有
2019-05-07,5.94,4.57,0.4096,61604.52,58090.16,119694.68,0.5147,持有
2019-05-08,5.95,4.58,0.4099,61645.48,58090.16,119735.64,0.5148,持有
2019-05-09,5.95,4.58,0.4097,61645.48,58090.16,119735.64,0.5148,持有
2019-05-10,6.34,5.01,0.5297,65700.57,58090.16,123790.72,0.5307,持有
2019-05-13,6.12,4.84,0.4966,63447.74,58090.16,121537.90,0.5220,持有
2019-05-14,6.11,4.85,0.4996,63324.86,58090.16,121415.02,0.5216,持有
2019-05-15,6.23,4.94,0.5191,64553.67,58090.16,122643.83,0.5264,持有
2019-05-16,6.15,4.88,0.5067,63775.43,58090.16,121865.58,0.5233,持有
2019-05-17,5.86,4.65,0.4405,60744.35,58090.16,118834.51,0.5112,持有
2019-05-20,5.98,4.74,0.4717,61973.17,58090.16,120063.32,0.5162,持有
2019-05-21,6.08,4.83,0.4921,63079.10,58090.16,121169.25,0.5206,持有
2019-05-22,5.99,4.75,0.4731,62094.94,58090.16,120185.10,0.5167,持有
2019-05-23,5.97,4.73,0.4680,61898.13,58090.16,119988.29,0.5159,持有
2019-05-24,5.95,4.72,0.4619,61652.11,58090.16,119742.27,0.5149,持有
2019-05-27,6.15,4.88,0.5060,63767.87,58090.16,121858.02,0.5233,持有
2019-05-28,6.19,4.91,0.5134,64210.70,58090.16,122300.86,0.5250,持有
2019-05-29,6.19,4.91,0.5132,64210.70,58090.16,122300.86,0.5250,持有
2019-05-30,6.08,4.82,0.4906,63029.81,58090.16,121119.97,0.5204,持有
2019-05-31,6.00,4.76,0.4738,62242.56,58090.16,120332.71,0.5173,持有
2019-06-03,6.00,4.76,0.4732,62193.35,58090.16,120283.51,0.5171,持有
2019-06-04,5.96,4.72,0.4627,61750.52,58090.16,119840.68,0.5153,持有
2019-06-05,5.97,4.74,0.4683,61947.33,58090.16,120037.49,0.5161,持有
2019-06-06,5.82,4.62,0.4212,60372.82,58090.16,118462.97,0.5096,持有
2019-06-10,5.77,4.58,0.4081,59880.78,58090.16,117970.94,0.5076,持有
2019-06-11,6.23,4.94,0.5221,64555.12,58090.16,122645.28,0.5264,持有
2019-06-12,6.10,4.84,0.4987,63275.83,58090.16,121365.99,0.5214,持有
2019-06-13,6.12,4.85,0.5038,63472.65,58090.16,121562.80,0.5221,持有
2019-06-14,5.94,4.71,0.4568,61553.70,58090.16,119643.86,0.5145,持有
2019-06-17,5.95,4.72,0.4602,61652.11,58090.16,119742.27,0.5149,持有
2019-06-18,6.02,4.77,0.4800,62390.17,58090.16,120480.32,0.5178,持有
2019-06-19,6.11,4.84,0.4998,63325.03,58090.16,121415.19,0.5216,持有
2019-06-20,6.47,5.13,0.5524,67064.51,58090.16,125154.66,0.5359,持有
2019-06-21,6.67,5.29,0.5660,69131.06,58090.16,127221.22,0.5434,持有
2019-06-24,6.55,5.20,0.5586,67950.17,58090.16,126040.33,0.5391,持有
2019-06-25,6.53,5.18,0.5566,67753.36,58090.16,125843.51,0.5384,持有
2019-06-26,6.41,5.08,0.5444,66424.86,58090.16,124515.02,0.5335,持有
2019-06-27,6.48,5.14,0.5530,67212.12,58090.16,125302.28,0.5364,持有
2019-06-28,6.43,5.10,0.5479,66670.88,58090.16,124761.04,0.5344,持有
2019-07-01,6.64,5.26,0.5654,68835.84,58090.16,126925.99,0.5423,持有
2019-07-02,6.57,5.21,0.5611,68146.99,58090.16,126237.14,0.5398,持有
2019-07-03,6.42,5.09,0.5445,66523.27,58090.16,124613.42,0.5338,持有
2019-07-04,6.45,5.11,0.5500,66867.69,58090.16,124957.85,0.5351,持有
2019-07-05,6.48,5.14,0.5529,67162.92,58090.16,125253.07,0.5362,持有
2019-07-08,6.17,4.89,0.5088,63964.68,58090.16,122054.84,0.5241,持有
2019-07-09,6.21,4.92,0.5166,64358.31,58090.16,122448.47,0.5256,持有
2019-07-10,6.13,4.86,0.5027,63571.05,58090.16,121661.21,0.5225,持有
2019-07-11,6.14,4.87,0.5042,63669.46,58090.16,121759.62,0.5229,持有
2019-07-12,6.24,4.95,0.5234,64702.74,58090.16,122792.89,0.5269,持有
2019-07-15,6.59,5.22,0.5651,68294.60,58090.16,126384.75,0.5404,持有
2019-07-16,6.64,5.26,0.5670,68835.84,58090.16,126925.99,0.5423,持有
2019-07-17,6.77,5.37,0.5751,70213.54,58090.16,128303.69,0.5472,持有
2019-07-18,6.75,5.35,0.5736,70016.72,58090.16,128106.88,0.5465,持有
2019-07-19,7.02,5.57,0.6015,72772.13,58090.16,130862.28,0.5561,持有
2019-07-22,6.73,5.34,0.5722,69819.91,58090.16,127910.07,0.5459,持有
2019-07-23,6.86,5.44,0.5812,71099.20,58090.16,129189.36,0.5503,持有
2019-07-24,6.81,5.40,0.5778,70656.37,58090.16,128746.53,0.5488,持有
2019-07-25,6.89,5.46,0.5846,71443.63,58090.16,129533.78,0.5515,持有
2019-07-26,6.82,5.41,0.5778,70705.57,58090.16,128795.73,0.5490,持有
2019-07-29,6.69,4.68,0.4436,69377.08,58090.16,127467.23,0.5443,持有
2019-07-30,6.89,4.82,0.4855,71443.63,58090.16,129533.78,0.5515,持有
2019-07-31,6.90,4.83,0.4875,71591.24,58090.16,129681.40,0.5521,持有
2019-08-01,6.85,4.79,0.4776,71050.00,58090.16,129140.16,0.5502,持有
2019-08-02,6.68,4.67,0.4397,69278.67,58090.16,127368.83,0.5439,持有
2019-08-05,6.42,4.48,0.3712,66523.27,58090.16,124613.42,0.5338,持有
2019-08-06,6.35,4.44,0.3609,65883.62,58090.16,123973.78,0.5314,持有
2019-08-07,6.21,4.34,0.3371,64358.31,58090.16,122448.47,0.5256,持有
2019-08-08,6.29,4.40,0.3484,65194.77,58090.16,123284.93,0.5288,持有
2019-08-09,6.21,4.34,0.3373,64407.51,58090.16,122497.67,0.5258,持有
2019-08-12,6.49,4.54,0.3905,67310.53,58090.16,125400.68,0.5368,持有
2019-08-13,6.38,4.46,0.3658,66129.64,58090.16,124219.80,0.5324,持有
2019-08-14,6.40,4.47,0.3713,66326.45,58090.16,124416.61,0.5331,持有
2019-08-15,6.48,4.53,0.3873,67162.92,58090.16,125253.07,0.5362,持有
2019-08-16,6.56,4.58,0.4042,67999.38,58090.16,126089.53,0.5393,持有
2019-08-19,7.21,5.04,0.5388,74789.47,58090.16,132879.63,0.5628,持有
2019-08-20,7.05,4.93,0.5203,73116.55,58090.16,131206.71,0.5573,持有
2019-08-21,7.02,4.91,0.5135,72772.13,58090.16,130862.28,0.5561,持有
2019-08-22,7.06,4.94,0.5220,73214.96,58090.16,131305.11,0.5576,持有
2019-08-23,7.00,4.90,0.5096,72624.51,58090.16,130714.67,0.5556,持有
2019-08-26,6.87,4.80,0.4828,71197.61,58090.16,129287.77,0.5507,持有
2019-08-27,7.06,4.94,0.5222,73214.96,58090.16,131305.11,0.5576,持有
2019-08-28,6.95,4.86,0.5020,72083.28,58090.16,130173.43,0.5537,持有
2019-08-29,6.90,4.82,0.4883,71542.04,58090.16,129632.19,0.5519,持有
2019-08-30,6.87,4.80,0.4820,71197.61,58090.16,129287.77,0.5507,持有
2019-09-02,7.13,4.98,0.5304,73903.81,58090.16,131993.96,0.5599,持有
2019-09-03,7.11,4.97,0.5293,73706.99,58090.16,131797.15,0.5592,持有
2019-09-04,7.36,5.14,0.5573,76265.58,58090.16,134355.74,0.5676,持有
2019-09-05,7.62,5.32,0.5757,78971.78,58090.16,137061.94,0.5762,持有
2019-09-06,7.73,5.41,0.5828,80201.87,58090.16,138292.03,0.5799,持有
2019-09-09,7.83,5.47,0.5912,81185.94,58090.16,139276.10,0.5829,持有
2019-09-10,7.80,5.45,0.5884,80890.72,58090.16,138980.88,0.5820,持有
2019-09-11,7.79,5.45,0.5881,80792.31,58090.16,138882.47,0.5817,持有
2019-09-12,7.85,5.49,0.5957,81431.96,58090.16,139522.12,0.5836,持有
2019-09-16,7.72,5.40,0.5811,80054.26,58090.16,138144.42,0.5795,持有
2019-09-17,7.45,5.21,0.5631,77249.65,58090.16,135339.81,0.5708,持有
2019-09-18,7.39,5.17,0.5564,76659.21,58090.16,134749.37,0.5689,持有
2019-09-19,7.51,5.25,0.5687,77889.30,58090.16,135979.46,0.5728,持有
2019-09-20,7.42,5.19,0.5603,76954.43,58090.16,135044.59,0.5698,持有
2019-09-23,7.32,5.12,0.5518,75871.95,58090.16,133962.11,0.5664,持有
2019-09-24,7.35,5.14,0.5542,76216.38,58090.16,134306.53,0.5675,持有
2019-09-25,7.30,5.10,0.5487,75675.14,58090.16,133765.29,0.5657,持有
2019-09-26,7.12,4.98,0.5270,73854.61,58090.16,131944.76,0.5597,持有
2019-09-27,7.22,5.05,0.5392,74887.88,58090.16,132978.04,0.5632,持有
2019-09-30,7.01,4.90,0.5084,72722.92,58090.16,130813.08,0.5559,持有
2019-10-08,7.01,4.90,0.5069,72673.72,58090.16,130763.87,0.5558,持有
2019-10-09,7.08,4.95,0.5226,73411.77,58090.16,131501.93,0.5583,持有
2019-10-10,7.15,5.00,0.5323,74100.62,58090.16,132190.78,0.5606,持有
2019-10-11,7.26,5.08,0.5437,75330.71,58090.16,133420.87,0.5646,持有
2019-10-14,7.35,5.14,0.5546,76167.17,58090.16,134257.33,0.5673,持有
2019-10-15,7.37,5.15,0.5574,76462.40,58090.16,134552.55,0.5683,持有
2019-10-16,7.31,5.11,0.5507,75773.55,58090.16,133863.70,0.5660,持有
2019-10-17,7.25,5.07,0.5414,75183.10,58090.16,133273.26,0.5641,持有
2019-10-18,7.03,4.92,0.5103,72919.74,58090.16,131009.89,0.5566,持有
2019-10-21,7.01,4.90,0.5049,72673.72,58090.16,130763.87,0.5558,持有
2019-10-22,7.10,4.84,0.4871,73608.59,58090.16,131698.74,0.5589,持有
2019-10-23,7.01,4.77,0.4685,72673.72,58090.16,130763.87,0.5558,持有
2019-10-24,7.05,4.80,0.4756,73067.35,58090.16,131157.50,0.5571,持有
2019-10-25,7.16,4.87,0.4989,74199.03,58090.16,132289.19,0.5609,持有
2019-10-28,7.53,5.13,0.5552,78086.11,58090.16,136176.27,0.5734,持有
2019-10-29,7.20,4.91,0.5096,74691.07,58090.16,132781.22,0.5625,持有
2019-10-30,7.11,4.85,0.4906,73756.20,58090.16,131846.35,0.5594,持有
2019-10-31,7.08,4.82,0.4814,73411.77,58090.16,131501.93,0.5583,持有
2019-11-01,7.19,4.90,0.5077,74592.66,58090.16,132682.82,0.5622,持有
2019-11-04,7.21,4.91,0.5117,74789.47,58090.16,132879.63,0.5628,持有
2019-11-05,7.29,4.96,0.5265,75576.73,58090.16,133666.89,0.5654,持有
2019-11-06,7.15,4.87,0.4981,74149.83,58090.16,132239.98,0.5607,持有
2019-11-07,7.18,4.89,0.5034,74494.25,58090.16,132584.41,0.5619,持有
2019-11-08,7.15,4.87,0.4977,74149.83,58090.16,132239.98,0.5607,持有
2019-11-11,6.93,4.72,0.4484,71837.26,58090.16,129927.41,0.5529,持有
2019-11-12,6.89,4.70,0.4410,71492.83,58090.16,129582.99,0.5517,持有
2019-11-13,6.84,4.66,0.4284,70951.59,58090.16,129041.75,0.5498,持有
2019-11-14,6.86,4.67,0.4317,71099.20,58090.16,129189.36,0.5503,持有
2019-11-15,6.62,4.51,0.3719,68639.02,58090.16,126729.18,0.5416,持有
2019-11-18,6.71,4.57,0.3888,69524.69,58090.16,127614.84,0.5448,持有
2019-11-19,6.85,4.67,0.4307,71050.00,58090.16,129140.16,0.5502,持有
2019-11-20,6.69,4.55,0.3855,69327.87,58090.16,127418.03,0.5441,持有
2019-11-21,6.71,4.57,0.3900,69573.89,58090.16,127664.05,0.5450,持有
2019-11-22,6.65,4.53,0.3788,68983.45,58090.16,127073.60,0.5429,持有
2019-11-25,6.61,4.51,0.3710,68589.82,58090.16,126679.98,0.5414,持有
2019-11-26,6.59,4.49,0.3640,68343.80,58090.16,126433.96,0.5405,持有
2019-11-27,6.51,4.43,0.3494,67507.34,58090.16,125597.50,0.5375,持有
2019-11-28,6.53,4.45,0.3527,67704.15,58090.16,125794.31,0.5382,持有
2019-11-29,6.57,4.48,0.3614,68146.99,58090.16,126237.14,0.5398,持有
2019-12-02,6.60,4.50,0.3664,68442.21,58090.16,126532.37,0.5409,持有
2019-12-03,6.65,4.53,0.3802,68983.45,58090.16,127073.60,0.5429,持有
2019-12-04,6.63,4.52,0.3749,68786.63,58090.16,126876.79,0.5422,持有
2019-12-05,6.79,4.62,0.4129,70361.15,58090.16,128451.31,0.5478,持有
2019-12-06,6.80,4.63,0.4165,70459.56,58090.16,128549.71,0.5481,持有
2019-12-09,6.74,4.59,0.3986,69869.11,58090.16,127959.27,0.5460,持有
2019-12-10,6.79,4.62,0.4128,70361.15,58090.16,128451.31,0.5478,持有
2019-12-11,6.76,4.61,0.4046,70115.13,58090.16,128205.29,0.5469,持有
2019-12-12,6.76,4.61,0.4044,70115.13,58090.16,128205.29,0.5469,持有
2019-12-13,7.20,4.91,0.5152,74691.07,58090.16,132781.22,0.5625,持有
2019-12-16,7.31,4.98,0.5331,75773.55,58090.16,133863.70,0.5660,持有
2019-12-17,7.46,5.08,0.5523,77397.26,58090.16,135487.42,0.5713,持有
2019-12-18,7.42,5.05,0.5466,76905.23,58090.16,134995.38,0.5697,持有
2019-12-19,7.35,5.01,0.5392,76216.38,58090.16,134306.53,0.5675,持有
2019-12-20,7.26,4.95,0.5272,75330.71,58090.16,133420.87,0.5646,持有
2019-12-23,7.10,4.84,0.4895,73608.59,58090.16,131698.74,0.5589,持有
2019-12-24,7.21,4.91,0.5149,74740.27,58090.16,132830.43,0.5627,持有
2019-12-25,7.21,4.91,0.5147,74740.27,58090.16,132830.43,0.5627,持有
2019-12-26,7.35,5.01,0.5397,76216.38,58090.16,134306.53,0.5675,持有
2019-12-27,7.15,4.87,0.5000,74100.62,58090.16,132190.78,0.5606,持有
2019-12-30,7.49,5.10,0.5590,77692.49,58090.16,135782.64,0.5722,持有
2019-12-31,7.48,5.10,0.5571,77594.08,58090.16,135684.24,0.5719,持有
2020-01-02,7.54,5.14,0.5661,78233.73,58090.16,136323.88,0.5739,持有
2020-01-03,7.59,5.17,0.5696,78725.76,58090.16,136815.92,0.5754,持有
2020-01-06,7.66,5.22,0.5786,79463.82,58090.16,137553.97,0.5777,持有
2020-01-07,7.66,5.22,0.5771,79414.61,58090.16,137504.77,0.5775,持有
2020-01-08,7.37,5.02,0.5413,76462.40,58090.16,134552.55,0.5683,持有
2020-01-09,7.60,5.17,0.5699,78774.97,58090.16,136865.12,0.5756,持有
2020-01-10,7.64,5.21,0.5756,79267.00,58090.16,137357.16,0.5771,持有
2020-01-13,7.68,5.23,0.5816,79660.63,58090.16,137750.79,0.5783,持有
2020-01-14,7.53,5.13,0.5621,78086.11,58090.16,136176.27,0.5734,持有
2020-01-15,7.47,5.09,0.5527,77495.67,58090.16,135585.83,0.5716,持有
2020-01-16,7.45,5.07,0.5495,77249.65,58090.16,135339.81,0.5708,持有
2020-01-17,7.47,5.09,0.5526,77495.67,58090.16,135585.83,0.5716,持有
2020-01-20,7.61,5.18,0.5708,78873.37,58090.16,136963.53,0.5759,持有
2020-01-21,7.40,5.04,0.5430,76757.62,58090.16,134847.77,0.5692,持有
2020-01-22,7.53,5.13,0.5624,78086.11,58090.16,136176.27,0.5734,持有
2020-01-23,7.16,4.87,0.4983,74199.03,58090.16,132289.19,0.5609,持有
2020-02-03,6.44,4.39,0.3310,66769.29,58090.16,124859.44,0.5348,持有
2020-02-04,6.43,4.38,0.3292,66670.88,58090.16,124761.04,0.5344,持有
2020-02-05,6.58,4.48,0.3569,68196.19,58090.16,126286.35,0.5400,持有
2020-02-06,6.94,4.73,0.4517,71935.66,58090.16,130025.82,0.5532,持有
2020-02-07,6.94,4.73,0.4515,71935.66,58090.16,130025.82,0.5532,持有
2020-02-10,6.98,4.75,0.4601,72329.29,58090.16,130419.45,0.5546,持有
2020-02-11,6.91,4.71,0.4424,71640.44,58090.16,129730.60,0.5522,持有
2020-02-12,7.11,4.85,0.4904,73756.20,58090.16,131846.35,0.5594,持有
2020-02-13,6.95,4.73,0.4537,72034.07,58090.16,130124.23,0.5536,持有
2020-02-14,7.26,4.95,0.5253,75281.51,58090.16,133371.67,0.5644,持有
2020-02-17,7.55,5.14,0.5687,78282.93,58090.16,136373.09,0.5740,持有
2020-02-18,7.47,5.09,0.5535,77446.47,58090.16,135536.62,0.5714,持有
2020-02-19,7.48,5.09,0.5566,77544.88,58090.16,135635.03,0.5717,持有
2020-02-20,8.23,5.60,0.6285,85319.04,58090.16,143409.20,0.5949,持有
2020-02-21,8.78,5.98,0.6581,91026.66,58090.16,149116.82,0.6104,持有
2020-02-24,8.85,6.03,0.6603,91813.92,58090.16,149904.08,0.6125,持有
2020-02-25,9.47,6.45,0.6778,98161.18,58090.16,156251.34,0.6282,持有
2020-02-26,8.89,6.05,0.6606,92158.34,58090.16,150248.50,0.6134,持有
2020-02-27,9.01,6.13,0.6640,93388.43,58090.16,151478.59,0.6165,持有
2020-02-28,8.23,5.61,0.6274,85368.25,58090.16,143458.40,0.5951,持有
2020-03-02,8.63,5.88,0.6499,89452.15,58090.16,147542.30,0.6063,持有
2020-03-03,8.76,5.96,0.6558,90780.64,58090.16,148870.80,0.6098,持有
2020-03-04,9.17,6.24,0.6687,95061.36,58090.16,153151.51,0.6207,持有
2020-03-05,9.57,6.52,0.6817,99243.66,58090.16,157333.82,0.6308,持有
2020-03-06,9.10,6.20,0.6661,94323.30,58090.16,152413.46,0.6189,持有
2020-03-09,8.54,5.81,0.6465,88517.28,58090.16,146607.43,0.6038,持有
2020-03-10,9.02,6.14,0.6643,93486.84,58090.16,151577.00,0.6168,持有
2020-03-11,8.62,5.87,0.6484,89402.94,58090.16,147493.10,0.6062,持有
2020-03-12,8.59,5.85,0.6473,89107.72,58090.16,147197.88,0.6054,持有
2020-03-13,8.51,5.80,0.6446,88222.06,58090.16,146312.21,0.6030,持有
2020-03-16,7.82,5.32,0.5875,81038.33,58090.16,139128.49,0.5825,持有
2020-03-17,7.96,5.42,0.5979,82563.64,58090.16,140653.80,0.5870,持有
2020-03-18,7.67,5.22,0.5792,79513.02,58090.16,137603.18,0.5778,持有
2020-03-19,7.94,5.41,0.5954,82317.62,58090.16,140407.78,0.5863,持有
2020-03-20,8.01,5.46,0.6021,83055.68,58090.16,141145.83,0.5884,持有
2020-03-23,7.61,5.18,0.5682,78873.37,58090.16,136963.53,0.5759,持有
2020-03-24,7.92,5.39,0.5926,82071.61,58090.16,140161.76,0.5855,持有
2020-03-25,8.01,5.46,0.6022,83055.68,58090.16,141145.83,0.5884,持有
2020-03-26,7.87,5.36,0.5897,81628.77,58090.16,139718.93,0.5842,持有
2020-03-27,7.90,5.38,0.5911,81874.79,58090.16,139964.95,0.5850,持有
2020-03-30,7.75,5.28,0.5826,80398.68,58090.16,138488.84,0.5805,持有
2020-03-31,7.62,5.19,0.5697,78971.78,58090.16,137061.94,0.5762,持有
2020-04-01,7.63,5.19,0.5703,79070.19,58090.16,137160.34,0.5765,持有
2020-04-02,7.89,5.37,0.5913,81776.38,58090.16,139866.54,0.5847,持有
2020-04-03,7.70,5.25,0.5796,79857.44,58090.16,137947.60,0.5789,持有
2020-04-07,7.96,5.42,0.5986,82514.44,58090.16,140604.60,0.5869,持有
2020-04-08,7.94,5.41,0.5967,82366.83,58090.16,140456.98,0.5864,持有
2020-04-09,8.28,5.64,0.6312,85860.28,58090.16,143950.44,0.5965,持有
2020-04-10,8.13,5.42,0.5991,84285.77,58090.16,142375.92,0.5920,持有
2020-04-13,8.39,5.60,0.6266,86991.97,58090.16,145082.12,0.5996,持有
2020-04-14,8.49,5.67,0.6362,88074.45,58090.16,146164.60,0.6026,持有
2020-04-15,8.22,5.48,0.6090,85220.64,58090.16,143310.79,0.5947,持有
2020-04-16,8.34,5.56,0.6214,86450.73,58090.16,144540.88,0.5981,持有
2020-04-17,8.37,5.58,0.6244,86795.15,58090.16,144885.31,0.5991,持有
2020-04-20,8.40,5.38,0.5899,87090.37,58090.16,145180.53,0.5999,持有
2020-04-21,8.25,5.28,0.5807,85515.86,58090.16,143606.01,0.5955,持有
2020-04-22,8.27,5.30,0.5817,85712.67,58090.16,143802.83,0.5960,持有
2020-04-23,8.13,5.21,0.5704,84334.97,58090.16,142425.13,0.5921,持有
2020-04-24,7.98,5.11,0.5515,82760.46,58090.16,140850.61,0.5876,持有
2020-04-27,7.93,5.08,0.5411,82219.22,58090.16,140309.37,0.5860,持有
2020-04-28,8.18,5.24,0.5771,84777.80,58090.16,142867.96,0.5934,持有
2020-04-29,8.29,5.31,0.5837,86007.89,58090.16,144098.05,0.5969,持有
2020-04-30,8.66,5.54,0.6213,89747.37,58090.16,147837.52,0.6071,持有
2020-05-06,8.74,5.60,0.6284,90633.03,58090.16,148723.19,0.6094,持有
2020-05-07,8.61,5.51,0.6151,89255.33,58090.16,147345.49,0.6058,持有
2020-05-08,8.73,5.59,0.6270,90534.63,58090.16,148624.78,0.6091,持有
2020-05-11,8.66,5.55,0.6215,89796.57,58090.16,147886.73,0.6072,持有
2020-05-12,8.64,5.53,0.6180,89550.55,58090.16,147640.71,0.6065,持有
2020-05-13,8.66,5.55,0.6214,89796.57,58090.16,147886.73,0.6072,持有
2020-05-14,8.49,5.44,0.5993,88025.24,58090.16,146115.40,0.6024,持有
2020-05-15,8.50,5.44,0.6002,88123.65,58090.16,146213.81,0.6027,持有
2020-05-18,8.56,5.48,0.6073,88714.09,58090.16,146804.25,0.6043,持有
2020-05-19,8.66,5.55,0.6224,89845.78,58090.16,147935.93,0.6073,持有
2020-05-20,8.52,5.46,0.6023,88320.46,58090.16,146410.62,0.6032,持有
2020-05-21,8.38,5.35,0.5847,86841.58,58090.16,144931.74,0.5992,持有
2020-05-22,8.10,5.18,0.5594,83942.92,58090.16,142033.07,0.5910,持有
2020-05-25,8.06,5.15,0.5560,83587.98,58090.16,141678.13,0.5900,持有
2020-05-26,8.22,5.26,0.5755,85244.36,58090.16,143334.51,0.5947,持有
2020-05-27,8.12,5.19,0.5636,84179.54,58090.16,142269.70,0.5917,持有
2020-05-28,8.22,5.25,0.5755,85185.20,58090.16,143275.36,0.5946,持有
2020-05-29,8.13,5.20,0.5651,84297.85,58090.16,142388.01,0.5920,持有
2020-06-01,8.81,5.63,0.6343,91337.47,58090.16,149427.62,0.6112,持有
2020-06-02,8.76,5.60,0.6304,90805.06,58090.16,148895.21,0.6099,持有
2020-06-03,8.70,5.56,0.6245,90213.49,58090.16,148303.65,0.6083,持有
2020-06-04,8.70,5.56,0.6242,90213.49,58090.16,148303.65,0.6083,持有
2020-06-05,8.77,5.61,0.6316,90923.37,58090.16,149013.53,0.6102,持有
2020-06-08,8.65,5.53,0.6173,89681.09,58090.16,147771.24,0.6069,持有
2020-06-09,8.97,5.73,0.6480,92993.84,58090.16,151084.00,0.6155,持有
2020-06-10,9.02,5.77,0.6506,93526.25,58090.16,151616.41,0.6169,持有
2020-06-11,9.02,5.77,0.6503,93526.25,58090.16,151616.41,0.6169,持有
2020-06-12,9.20,5.88,0.6593,95419.26,58090.16,153509.41,0.6216,持有
2020-06-15,9.26,5.92,0.6618,96010.82,58090.16,154100.98,0.6230,持有
2020-06-16,9.41,6.02,0.6672,97608.04,58090.16,155698.20,0.6269,持有
2020-06-17,9.37,5.99,0.6657,97134.79,58090.16,155224.95,0.6258,持有
2020-06-18,9.67,6.18,0.6751,100270.08,58090.16,158360.24,0.6332,持有
2020-06-19,10.35,6.62,0.6965,107368.85,58090.16,165459.00,0.6489,持有
2020-06-22,10.81,6.91,0.7118,112042.20,58090.16,170132.36,0.6586,卖出(降至60%)
2020-06-23,11.19,7.15,0.7264,105690.58,68010.74,173701.33,0.6085,持有
2020-06-24,10.94,7.00,0.7165,103373.04,68010.74,171383.79,0.6032,持有
2020-06-29,10.55,6.75,0.7022,99708.10,68010.74,167718.84,0.5945,持有
2020-06-30,11.52,7.37,0.7399,108870.46,68010.74,176881.21,0.6155,持有
2020-07-01,11.55,7.38,0.7404,109086.05,68010.74,177096.79,0.6160,持有
2020-07-02,12.49,7.99,0.7745,118032.83,68010.74,186043.57,0.6344,持有
2020-07-03,13.01,8.32,0.7930,122883.49,68010.74,190894.24,0.6437,持有
2020-07-06,14.15,9.05,0.8158,133662.75,68010.74,201673.49,0.6628,卖出(降至30%)
2020-07-07,13.45,8.60,0.7999,57537.08,141572.45,199109.53,0.2890,持有
2020-07-08,14.80,9.46,0.8240,63295.67,141572.45,204868.12,0.3090,持有
2020-07-09,15.50,9.91,0.8384,66272.57,141572.45,207845.02,0.3189,持有
2020-07-10,14.62,9.35,0.8205,62539.25,141572.45,204111.69,0.3064,持有
2020-07-13,15.36,9.82,0.8353,65686.95,141572.45,207259.40,0.3169,持有
2020-07-14,16.54,10.58,0.8473,70737.91,141572.45,212310.36,0.3332,持有
2020-07-15,15.99,10.22,0.8430,68371.04,141572.45,209943.48,0.3257,持有
2020-07-16,14.42,9.22,0.8168,61685.22,141572.45,203257.66,0.3035,持有
2020-07-17,14.06,8.99,0.8109,60123.57,141572.45,201696.01,0.2981,持有
2020-07-20,14.72,9.41,0.8205,62954.06,141572.45,204526.51,0.3078,持有
2020-07-21,14.75,9.44,0.8218,63100.46,141572.45,204672.91,0.3083,持有
2020-07-22,15.23,9.74,0.8330,65125.73,141572.45,206698.18,0.3151,持有
2020-07-23,15.71,10.04,0.8398,67175.40,141572.45,208747.84,0.3218,持有
2020-07-24,14.27,9.13,0.8145,61026.40,141572.45,202598.84,0.3012,持有
2020-07-27,14.17,9.06,0.8122,60611.58,141572.45,202184.03,0.2998,持有
2020-07-28,14.20,9.08,0.8122,60733.59,141572.45,202306.03,0.3002,持有
2020-07-29,15.23,9.74,0.8329,65150.13,141572.45,206722.58,0.3152,持有
2020-07-30,14.90,9.53,0.8247,63710.48,141572.45,205282.93,0.3104,持有
2020-07-31,15.22,9.73,0.8315,65076.93,141572.45,206649.38,0.3149,持有
2020-08-03,15.83,10.12,0.8423,67687.81,141572.45,209260.26,0.3235,持有
2020-08-04,15.52,9.93,0.8380,66394.57,141572.45,207967.02,0.3193,持有
2020-08-05,15.79,10.10,0.8408,67517.01,141572.45,209089.46,0.3229,持有
2020-08-06,16.36,10.46,0.8468,69957.09,141572.45,211529.54,0.3307,持有
2020-08-07,15.36,9.83,0.8342,65711.35,141572.45,207283.80,0.3170,持有
2020-08-10,15.12,9.67,0.8271,64662.12,141572.45,206234.56,0.3135,持有
2020-08-11,14.37,9.19,0.8122,61465.61,141572.45,203038.06,0.3027,持有
2020-08-12,14.08,8.70,0.7957,60221.17,141572.45,201793.62,0.2984,持有
2020-08-13,14.21,8.78,0.7977,60782.39,141572.45,202354.84,0.3004,持有
2020-08-14,14.45,8.93,0.8033,61807.22,141572.45,203379.67,0.3039,持有
2020-08-17,14.94,9.23,0.8141,63881.29,141572.45,205453.74,0.3109,持有
2020-08-18,14.94,9.47,0.8200,63905.69,141572.45,205478.14,0.3110,持有
2020-08-19,14.35,9.09,0.8091,61392.41,141572.45,202964.86,0.3025,持有
2020-08-20,14.37,9.10,0.8095,61441.21,141572.45,203013.66,0.3026,持有
2020-08-21,14.92,9.45,0.8195,63808.09,141572.45,205380.53,0.3107,持有
2020-08-24,14.79,9.37,0.8156,63271.27,141572.45,204843.72,0.3089,持有
2020-08-25,15.09,9.56,0.8239,64540.11,141572.45,206112.56,0.3131,持有
2020-08-26,14.42,9.14,0.8102,61685.22,141572.45,203257.66,0.3035,持有
2020-08-27,14.56,9.22,0.8115,62270.84,141572.45,203843.28,0.3055,持有
2020-08-28,15.02,9.52,0.8218,64247.30,141572.45,205819.75,0.3122,持有
2020-08-31,14.92,9.46,0.8191,63832.49,141572.45,205404.94,0.3108,持有
2020-09-01,15.00,9.50,0.8211,64149.70,141572.45,205722.15,0.3118,持有
2020-09-02,15.31,9.70,0.8283,65491.74,141572.45,207064.19,0.3163,持有
2020-09-03,15.02,9.52,0.8213,64247.30,141572.45,205819.75,0.3122,持有
2020-09-04,14.78,9.36,0.8135,63222.47,141572.45,204794.92,0.3087,持有
2020-09-07,14.03,9.27,0.8120,60025.96,141572.45,201598.41,0.2978,持有
2020-09-08,14.27,9.42,0.8152,61026.40,141572.45,202598.84,0.3012,持有
2020-09-09,13.67,9.03,0.8016,58464.31,141572.45,200036.76,0.2923,持有
2020-09-10,13.24,8.74,0.7899,56609.85,141572.45,198182.30,0.2856,持有
2020-09-11,13.38,8.84,0.7943,57244.27,141572.45,198816.72,0.2879,持有
2020-09-14,13.47,8.90,0.7951,57610.28,141572.45,199182.73,0.2892,持有
2020-09-15,13.53,8.93,0.7980,57854.29,141572.45,199426.74,0.2901,持有
2020-09-16,13.30,8.79,0.7910,56902.66,141572.45,198475.11,0.2867,持有
2020-09-17,13.39,8.84,0.7938,57268.67,141572.45,198841.12,0.2880,持有
2020-09-18,14.26,9.42,0.8154,61002.00,141572.45,202574.44,0.3011,持有
2020-09-21,13.95,9.21,0.8084,59659.95,141572.45,201232.40,0.2965,持有
2020-09-22,13.87,9.16,0.8077,59318.34,141572.45,200890.79,0.2953,持有
2020-09-23,13.77,9.09,0.8039,58879.13,141572.45,200451.57,0.2937,持有
2020-09-24,13.55,8.95,0.7973,57951.90,141572.45,199524.34,0.2905,持有
2020-09-25,13.70,9.05,0.8025,58610.72,141572.45,200183.16,0.2928,持有
2020-09-28,13.62,8.99,0.7991,58244.71,141572.45,199817.15,0.2915,持有
2020-09-29,13.81,9.12,0.8062,59074.33,141572.45,200646.78,0.2944,持有
2020-09-30,13.69,9.04,0.8004,58537.51,141572.45,200109.96,0.2925,持有
2020-10-09,14.05,9.28,0.8125,60074.77,141572.45,201647.21,0.2979,持有
2020-10-12,14.88,9.83,0.8372,63661.68,141572.45,205234.13,0.3102,持有
2020-10-13,14.90,9.84,0.8376,63734.89,141572.45,205307.33,0.3104,持有
2020-10-14,14.77,9.75,0.8342,63173.67,141572.45,204746.11,0.3085,持有
2020-10-15,14.67,9.69,0.8284,62758.85,141572.45,204331.30,0.3071,持有
2020-10-16,14.82,9.79,0.8351,63393.27,141572.45,204965.72,0.3093,持有
2020-10-19,14.82,9.78,0.8348,63368.87,141572.45,204941.32,0.3092,持有
2020-10-20,15.26,10.08,0.8430,65272.14,141572.45,206844.58,0.3156,持有
2020-10-21,15.03,9.93,0.8395,64296.10,141572.45,205868.55,0.3123,持有
2020-10-22,14.88,7.07,0.6994,63661.68,141572.45,205234.13,0.3102,持有
2020-10-23,14.37,6.82,0.6856,61465.61,141572.45,203038.06,0.3027,持有
2020-10-26,13.88,6.59,0.6717,59367.14,141572.45,200939.59,0.2954,持有
2020-10-27,13.88,6.59,0.6715,59367.14,141572.45,200939.59,0.2954,持有
2020-10-28,13.89,6.59,0.6720,59391.54,141572.45,200963.99,0.2955,持有
2020-10-29,13.90,6.60,0.6729,59464.75,141572.45,201037.19,0.2958,持有
2020-10-30,13.34,6.33,0.6598,57049.07,141572.45,198621.51,0.2872,持有
2020-11-02,13.42,6.37,0.6615,57390.68,141572.45,198963.12,0.2884,持有
2020-11-03,13.86,6.58,0.6709,59293.94,141572.45,200866.39,0.2952,持有
2020-11-04,13.82,6.56,0.6695,59098.73,141572.45,200671.18,0.2945,持有
2020-11-05,14.25,6.76,0.6828,60953.19,141572.45,202525.64,0.3010,持有
2020-11-06,14.38,6.82,0.6868,61490.01,141572.45,203062.46,0.3028,持有
2020-11-09,15.36,7.29,0.7167,65686.95,141572.45,207259.40,0.3169,持有
2020-11-10,15.22,7.22,0.7121,65076.93,141572.45,206649.38,0.3149,持有
2020-11-11,14.47,6.87,0.6887,61904.83,141572.45,203477.27,0.3042,持有
2020-11-12,14.52,6.89,0.6903,62100.03,141572.45,203672.48,0.3049,持有
2020-11-13,14.24,6.76,0.6812,60904.39,141572.45,202476.84,0.3008,持有
2020-11-16,14.37,6.82,0.6836,61441.21,141572.45,203013.66,0.3026,持有
2020-11-17,14.35,6.81,0.6834,61392.41,141572.45,202964.86,0.3025,持有
2020-11-18,14.44,6.85,0.6881,61758.42,141572.45,203330.87,0.3037,持有
2020-11-19,14.74,7.00,0.6963,63027.26,141572.45,204599.71,0.3081,持有
2020-11-20,14.68,6.97,0.6961,62783.25,141572.45,204355.70,0.3072,持有
2020-11-23,15.03,7.13,0.7058,64271.70,141572.45,205844.15,0.3122,持有
2020-11-24,14.90,7.07,0.7009,63710.48,141572.45,205282.93,0.3104,持有
2020-11-25,14.65,6.95,0.6937,62636.85,141572.45,204209.30,0.3067,持有
2020-11-26,14.79,7.02,0.6973,63246.87,141572.45,204819.32,0.3088,持有
2020-11-27,15.23,7.23,0.7147,65125.73,141572.45,206698.18,0.3151,持有
2020-11-30,15.69,7.45,0.7252,67102.20,141572.45,208674.64,0.3216,持有
2020-12-01,16.78,7.97,0.7541,71787.15,141572.45,213359.60,0.3365,持有
2020-12-02,16.36,7.76,0.7469,69957.09,141572.45,211529.54,0.3307,持有
2020-12-03,16.66,7.91,0.7509,71250.33,141572.45,212822.78,0.3348,持有
2020-12-04,16.18,7.68,0.7421,69200.66,141572.45,210773.11,0.3283,持有
2020-12-07,15.83,7.51,0.7303,67712.22,141572.45,209284.66,0.3235,持有
2020-12-08,16.00,7.60,0.7362,68444.24,141572.45,210016.69,0.3259,持有
2020-12-09,15.23,7.23,0.7129,65150.13,141572.45,206722.58,0.3152,持有
2020-12-10,15.25,7.24,0.7134,65223.33,141572.45,206795.78,0.3154,持有
2020-12-11,15.10,7.17,0.7055,64588.91,141572.45,206161.36,0.3133,持有
2020-12-14,15.17,7.20,0.7090,64881.72,141572.45,206454.17,0.3143,持有
2020-12-15,15.23,7.23,0.7126,65150.13,141572.45,206722.58,0.3152,持有
2020-12-16,14.92,7.08,0.6985,63808.09,141572.45,205380.53,0.3107,持有
2020-12-17,15.58,7.40,0.7212,66638.58,141572.45,208211.03,0.3201,持有
2020-12-18,15.35,7.28,0.7164,65638.15,141572.45,207210.59,0.3168,持有
2020-12-21,15.74,7.47,0.7256,67321.80,141572.45,208894.25,0.3223,持有
2020-12-22,15.02,7.13,0.7013,64222.90,141572.45,205795.35,0.3121,持有
2020-12-23,15.20,7.21,0.7094,65003.73,141572.45,206576.17,0.3147,持有
2020-12-24,15.14,7.18,0.7069,64735.32,141572.45,206307.76,0.3138,持有
2020-12-25,15.31,7.27,0.7150,65467.34,141572.45,207039.79,0.3162,持有
2020-12-28,15.64,7.43,0.7227,66906.99,141572.45,208479.44,0.3209,持有
2020-12-29,15.74,7.47,0.7259,67321.80,141572.45,208894.25,0.3223,持有
2020-12-30,16.50,7.83,0.7504,70591.51,141572.45,212163.96,0.3327,持有
2020-12-31,17.69,8.40,0.7783,75642.47,141572.45,217214.92,0.3482,持有
2021-01-04,18.37,8.72,0.7867,78570.57,141572.45,220143.02,0.3569,持有
2021-01-05,18.50,8.78,0.7887,79131.79,141572.45,220704.24,0.3585,持有
2021-01-06,18.88,8.96,0.7987,80766.64,141572.45,222339.09,0.3633,持有
2021-01-07,19.80,9.40,0.8167,84670.77,141572.45,226243.22,0.3742,卖出(降至30%)
2021-01-08,19.34,9.18,0.8091,66318.08,158384.29,224702.38,0.2951,持有
2021-01-11,18.84,8.94,0.7963,64616.11,158384.29,223000.41,0.2898,持有
2021-01-12,21.78,10.34,0.8514,74690.99,158384.29,233075.28,0.3205,持有
2021-01-13,22.17,10.52,0.8534,76021.26,158384.29,234405.55,0.3243,持有
2021-01-14,20.84,9.89,0.8409,71443.55,158384.29,229827.85,0.3109,持有
2021-01-15,20.56,9.76,0.8361,70504.53,158384.29,228888.83,0.3080,持有
2021-01-18,21.55,10.23,0.8494,73908.47,158384.29,232292.77,0.3182,持有
2021-01-19,21.13,10.03,0.8441,72460.82,158384.29,230845.12,0.3139,持有
2021-01-20,21.37,10.14,0.8476,73262.90,158384.29,231647.19,0.3163,持有
2021-01-21,22.64,10.75,0.8571,77625.41,158384.29,236009.71,0.3289,持有
2021-01-22,22.45,10.66,0.8553,76979.84,158384.29,235364.13,0.3271,持有
2021-01-25,22.57,10.71,0.8565,77390.66,158384.29,235774.95,0.3282,持有
2021-01-26,20.89,9.92,0.8403,71639.18,158384.29,230023.48,0.3114,持有
2021-01-27,21.22,10.07,0.8441,72773.83,158384.29,231158.12,0.3148,持有
2021-01-28,20.65,9.80,0.8347,70817.54,158384.29,229201.84,0.3090,持有
2021-01-29,20.08,9.53,0.8216,68861.25,158384.29,227245.55,0.3030,持有
2021-02-01,20.47,9.72,0.8296,70191.53,158384.29,228575.82,0.3071,持有
2021-02-02,21.02,9.98,0.8417,72089.13,158384.29,230473.42,0.3128,持有
2021-02-03,20.16,9.57,0.8225,69135.13,158384.29,227519.43,0.3039,持有
2021-02-04,20.19,9.58,0.8233,69232.95,158384.29,227617.24,0.3042,持有
2021-02-05,20.18,9.58,0.8226,69193.82,158384.29,227578.12,0.3040,持有
2021-02-08,20.45,9.71,0.8269,70113.28,158384.29,228497.57,0.3068,持有
2021-02-09,21.77,10.33,0.8507,74651.86,158384.29,233036.15,0.3203,持有
2021-02-10,21.96,10.42,0.8515,75297.43,158384.29,233681.73,0.3222,持有
2021-02-18,21.46,10.19,0.8470,73595.47,158384.29,231979.76,0.3172,持有
2021-02-19,21.01,9.97,0.8407,72030.44,158384.29,230414.73,0.3126,持有
2021-02-22,19.19,9.11,0.7989,65789.89,158384.29,224174.18,0.2935,持有
2021-02-23,19.14,9.09,0.7968,65633.38,158384.29,224017.68,0.2930,持有
2021-02-24,18.63,8.84,0.7833,63872.73,158384.29,222257.02,0.2874,持有
2021-02-25,18.07,8.58,0.7725,61955.57,158384.29,220339.86,0.2812,持有
2021-02-26,17.33,8.23,0.7617,59431.96,158384.29,217816.25,0.2729,持有
2021-03-01,17.87,8.48,0.7704,61290.43,158384.29,219674.72,0.2790,持有
2021-03-02,17.53,8.32,0.7652,60116.66,158384.29,218500.95,0.2751,持有
2021-03-03,18.14,8.61,0.7739,62209.88,158384.29,220594.18,0.2820,持有
2021-03-04,17.18,8.16,0.7564,58923.32,158384.29,217307.62,0.2712,持有
2021-03-05,17.51,8.31,0.7640,60038.41,158384.29,218422.70,0.2749,持有
2021-03-08,16.44,7.80,0.7378,56360.59,158384.29,214744.88,0.2625,持有
2021-03-09,15.71,7.46,0.7132,53856.54,158384.29,212240.84,0.2538,持有
2021-03-10,15.87,7.53,0.7208,54404.30,158384.29,212788.60,0.2557,持有
2021-03-11,16.32,7.75,0.7359,55949.77,158384.29,214334.06,0.2610,持有
2021-03-12,16.07,7.63,0.7281,55089.00,158384.29,213473.30,0.2581,持有
2021-03-15,15.59,7.40,0.7083,53465.29,158384.29,211849.58,0.2524,持有
2021-03-16,15.52,7.37,0.7066,53230.53,158384.29,211614.83,0.2515,持有
2021-03-17,15.61,7.41,0.7086,53543.54,158384.29,211927.83,0.2526,持有
2021-03-18,16.11,7.65,0.7289,55245.51,158384.29,213629.80,0.2586,持有
2021-03-19,15.49,7.35,0.7050,53113.16,158384.29,211497.45,0.2511,持有
2021-03-22,15.75,7.48,0.7145,54013.05,158384.29,212397.34,0.2543,持有
2021-03-23,15.49,7.35,0.7045,53113.16,158384.29,211497.45,0.2511,持有
2021-03-24,15.44,7.33,0.7035,52956.65,158384.29,211340.95,0.2506,持有
2021-03-25,15.54,7.37,0.7062,53269.66,158384.29,211653.95,0.2517,持有
2021-03-26,16.03,7.61,0.7261,54971.63,158384.29,213355.92,0.2577,持有
2021-03-29,15.84,7.52,0.7203,54326.05,158384.29,212710.35,0.2554,持有
2021-03-30,15.95,7.57,0.7230,54678.18,158384.29,213062.48,0.2566,持有
2021-03-31,15.55,7.38,0.7059,53328.35,158384.29,211712.64,0.2519,持有
2021-04-01,16.09,7.64,0.7295,55167.26,158384.29,213551.55,0.2583,持有
2021-04-02,16.47,7.82,0.7397,56477.97,158384.29,214862.26,0.2629,持有
2021-04-06,16.32,7.75,0.7372,55969.33,158384.29,214353.63,0.2611,持有
2021-04-07,15.91,7.55,0.7213,54541.24,158384.29,212925.54,0.2562,持有
2021-04-08,16.03,7.61,0.7254,54971.63,158384.29,213355.92,0.2577,持有
2021-04-09,15.79,7.50,0.7151,54149.99,158384.29,212534.28,0.2548,持有
2021-04-12,15.32,7.27,0.6970,52526.27,158384.29,210910.56,0.2490,持有
2021-04-13,15.43,7.32,0.7001,52897.96,158384.29,211282.26,0.2504,持有
2021-04-14,16.19,7.69,0.7340,55519.39,158384.29,213903.68,0.2596,持有
2021-04-15,16.28,7.73,0.7364,55832.39,158384.29,214216.69,0.2606,持有
2021-04-16,16.30,7.74,0.7365,55891.08,158384.29,214275.38,0.2608,持有
2021-04-19,17.18,8.16,0.7584,58923.32,158384.29,217307.62,0.2712,持有
2021-04-20,16.99,8.06,0.7537,58258.19,158384.29,216642.48,0.2689,持有
2021-04-21,17.08,8.11,0.7557,58551.63,158384.29,216935.92,0.2699,持有
2021-04-22,17.41,8.26,0.7646,59686.28,158384.29,218070.57,0.2737,持有
2021-04-23,18.02,8.55,0.7744,61799.06,158384.29,220183.36,0.2807,持有
2021-04-26,17.70,8.40,0.7707,60683.98,158384.29,219068.28,0.2770,持有
2021-04-27,17.24,7.42,0.7046,59099.39,158384.29,217483.68,0.2717,持有
2021-04-28,18.11,7.79,0.7380,62112.07,158384.29,220496.36,0.2817,持有
2021-04-29,18.25,7.85,0.7410,62581.58,158384.29,220965.87,0.2832,持有
2021-04-30,18.39,7.91,0.7430,63070.65,158384.29,221454.94,0.2848,持有
2021-05-06,17.86,7.68,0.7305,61231.74,158384.29,219616.04,0.2788,持有
2021-05-07,17.22,7.41,0.7025,59060.26,158384.29,217444.56,0.2716,持有
2021-05-10,17.11,7.36,0.6989,58669.01,158384.29,217053.30,0.2703,持有
2021-05-11,17.49,7.53,0.7160,59979.72,158384.29,218364.01,0.2747,持有
2021-05-12,17.38,7.48,0.7091,59588.46,158384.29,217972.76,0.2734,持有
2021-05-13,17.40,7.49,0.7114,59666.71,158384.29,218051.01,0.2736,持有
2021-05-14,19.63,8.44,0.7720,67296.23,158384.29,225680.52,0.2982,持有
2021-05-17,19.58,8.42,0.7714,67139.72,158384.29,225524.02,0.2977,持有
2021-05-18,19.63,8.45,0.7722,67315.79,158384.29,225700.08,0.2983,持有
2021-05-19,20.09,8.65,0.7793,68900.38,158384.29,227284.68,0.3031,持有
2021-05-20,20.38,8.77,0.7823,69878.52,158384.29,228262.82,0.3061,持有
2021-05-21,19.68,8.47,0.7721,67472.29,158384.29,225856.59,0.2987,持有
2021-05-24,20.17,8.68,0.7799,69154.70,158384.29,227538.99,0.3039,持有
2021-05-25,21.67,9.32,0.8109,74299.73,158384.29,232684.02,0.3193,卖出(降至30%)
2021-05-26,21.46,9.23,0.8091,69152.70,162907.37,232060.07,0.2980,持有
2021-05-27,21.54,9.26,0.8092,69417.81,162907.37,232325.18,0.2988,持有
2021-05-28,21.47,9.22,0.8063,69174.79,162907.37,232082.16,0.2981,持有
2021-05-31,21.81,9.37,0.8126,70257.37,162907.37,233164.74,0.3013,持有
2021-06-01,21.50,9.24,0.8087,69285.25,162907.37,232192.62,0.2984,持有
2021-06-02,21.01,9.03,0.7955,67694.52,162907.37,230601.89,0.2936,持有
2021-06-03,21.16,9.09,0.7996,68180.58,162907.37,231087.95,0.2950,持有
2021-06-04,21.27,9.14,0.8037,68534.07,162907.37,231441.44,0.2961,持有
2021-06-07,21.39,9.19,0.8049,68931.76,162907.37,231839.13,0.2973,持有
2021-06-08,21.17,9.09,0.7995,68202.67,162907.37,231110.04,0.2951,持有
2021-06-09,20.85,8.95,0.7915,67164.28,162907.37,230071.65,0.2919,持有
2021-06-10,21.46,9.22,0.8059,69130.60,162907.37,232037.97,0.2979,持有
2021-06-11,21.51,9.24,0.8092,69307.35,162907.37,232214.72,0.2985,持有
2021-06-15,21.15,9.09,0.7980,68158.48,162907.37,231065.85,0.2950,持有
2021-06-16,19.77,8.49,0.7695,63695.59,162907.37,226602.97,0.2811,持有
2021-06-17,20.34,8.74,0.7776,65551.45,162907.37,228458.82,0.2869,持有
2021-06-18,20.74,8.91,0.7854,66810.78,162907.37,229718.15,0.2908,持有
2021-06-21,21.00,9.02,0.7931,67650.33,162907.37,230557.70,0.2934,持有
2021-06-22,20.96,9.00,0.7925,67539.87,162907.37,230447.24,0.2931,持有
2021-06-23,21.23,9.12,0.8017,68401.51,162907.37,231308.88,0.2957,持有
2021-06-24,20.91,8.98,0.7908,67385.21,162907.37,230292.58,0.2926,持有
2021-06-25,22.42,9.63,0.8281,72245.78,162907.37,235153.15,0.3072,持有
2021-06-28,22.48,9.66,0.8296,72422.53,162907.37,235329.90,0.3077,持有
2021-06-29,21.77,9.35,0.8125,70146.90,162907.37,233054.27,0.3010,持有
2021-06-30,22.48,9.66,0.8297,72444.63,162907.37,235352.00,0.3078,持有
2021-07-01,21.37,9.18,0.8032,68843.38,162907.37,231750.75,0.2971,持有
2021-07-02,20.38,8.75,0.7752,65661.92,162907.37,228569.29,0.2873,持有
2021-07-05,20.44,8.78,0.7771,65860.76,162907.37,228768.13,0.2879,持有
2021-07-06,20.61,8.85,0.7816,66391.00,162907.37,229298.37,0.2895,持有
2021-07-07,20.90,8.98,0.7893,67341.02,162907.37,230248.39,0.2925,持有
2021-07-08,21.39,9.19,0.8039,68931.76,162907.37,231839.13,0.2973,持有
2021-07-09,21.59,9.28,0.8109,69572.47,162907.37,232479.84,0.2993,持有
2021-07-12,22.62,9.72,0.8342,72886.50,162907.37,235793.87,0.3091,持有
2021-07-13,22.16,9.52,0.8223,71406.23,162907.37,234313.60,0.3047,持有
2021-07-14,22.05,9.47,0.8191,71030.64,162907.37,233938.01,0.3036,持有
2021-07-15,22.69,9.75,0.8366,73107.43,162907.37,236014.80,0.3098,持有
2021-07-16,22.29,9.57,0.8250,71803.91,162907.37,234711.28,0.3059,持有
2021-07-19,22.34,9.60,0.8266,71980.66,162907.37,234888.03,0.3064,持有
2021-07-20,22.26,9.56,0.8237,71737.63,162907.37,234645.00,0.3057,持有
2021-07-21,23.44,10.07,0.8492,75537.72,162907.37,238445.09,0.3168,持有
2021-07-22,24.06,10.34,0.8561,77526.13,162907.37,240433.50,0.3224,持有
2021-07-23,23.40,10.05,0.8478,75383.06,162907.37,238290.43,0.3163,持有
2021-07-26,22.50,9.32,0.8080,72510.91,162907.37,235418.28,0.3080,持有
2021-07-27,21.24,8.80,0.7744,68445.70,162907.37,231353.07,0.2958,持有
2021-07-28,20.91,8.66,0.7666,67363.12,162907.37,230270.49,0.2925,持有
2021-07-29,22.00,9.11,0.7967,70898.08,162907.37,233805.45,0.3032,持有
2021-07-30,21.29,8.82,0.7750,68600.35,162907.37,231507.72,0.2963,持有
2021-08-02,22.65,9.38,0.8113,72974.87,162907.37,235882.24,0.3094,持有
2021-08-03,22.79,9.44,0.8146,73416.74,162907.37,236324.11,0.3107,持有
2021-08-04,23.02,9.53,0.8215,74167.92,162907.37,237075.29,0.3128,持有
2021-08-05,22.42,9.28,0.8072,72223.69,162907.37,235131.06,0.3072,持有
2021-08-06,22.58,9.35,0.8083,72753.93,162907.37,235661.31,0.3087,持有
2021-08-09,22.81,9.44,0.8156,73483.02,162907.37,236390.39,0.3109,持有
2021-08-10,23.11,9.57,0.8236,74455.13,162907.37,237362.51,0.3137,持有
2021-08-11,22.60,9.36,0.8089,72820.21,162907.37,235727.59,0.3089,持有
2021-08-12,21.98,9.10,0.7931,70831.80,162907.37,233739.17,0.3030,持有
2021-08-13,22.05,9.13,0.7960,71052.73,162907.37,233960.10,0.3037,持有
2021-08-16,22.07,9.14,0.7968,71119.01,162907.37,234026.39,0.3039,持有
2021-08-17,21.24,8.80,0.7706,68445.70,162907.37,231353.07,0.2958,持有
2021-08-18,22.77,9.43,0.8132,73372.55,162907.37,236279.92,0.3105,持有
2021-08-19,22.00,9.11,0.7931,70875.99,162907.37,233783.36,0.3032,持有
2021-08-20,21.54,8.92,0.7770,69395.72,162907.37,232303.09,0.2987,持有
2021-08-23,21.62,8.95,0.7803,69660.84,162907.37,232568.21,0.2995,持有
2021-08-24,22.06,9.13,0.7958,71074.83,162907.37,233982.20,0.3038,持有
2021-08-25,21.63,8.96,0.7808,69682.94,162907.37,232590.31,0.2996,持有
2021-08-26,21.24,8.80,0.7687,68445.70,162907.37,231353.07,0.2958,持有
2021-08-27,21.26,8.80,0.7698,68489.89,162907.37,231397.26,0.2960,持有
2021-08-30,20.93,8.67,0.7609,67429.40,162907.37,230336.77,0.2927,持有
2021-08-31,21.22,8.79,0.7679,68379.42,162907.37,231286.79,0.2956,持有
2021-09-01,21.76,9.01,0.7844,70124.81,162907.37,233032.18,0.3009,持有
2021-09-02,21.76,9.01,0.7842,70124.81,162907.37,233032.18,0.3009,持有
2021-09-03,21.45,8.88,0.7735,69108.50,162907.37,232015.88,0.2979,持有
2021-09-06,22.62,9.37,0.8101,72886.50,162907.37,235793.87,0.3091,持有
2021-09-07,23.45,9.71,0.8335,75559.81,162907.37,238467.18,0.3169,持有
2021-09-08,24.20,10.02,0.8478,77968.00,162907.37,240875.37,0.3237,持有
2021-09-09,24.18,10.01,0.8475,77901.72,162907.37,240809.09,0.3235,持有
2021-09-10,24.31,10.07,0.8504,78321.50,162907.37,241228.87,0.3247,持有
2021-09-13,24.80,10.27,0.8562,79890.14,162907.37,242797.51,0.3290,持有
2021-09-14,24.27,10.05,0.8491,78211.03,162907.37,241118.40,0.3244,持有
2021-09-15,24.21,10.03,0.8474,78012.19,162907.37,240919.56,0.3238,持有
2021-09-16,23.37,9.68,0.8292,75294.69,162907.37,238202.06,0.3161,持有
2021-09-17,23.79,9.85,0.8414,76664.49,162907.37,239571.86,0.3200,持有
2021-09-22,23.55,9.75,0.8361,75891.21,162907.37,238798.58,0.3178,持有
2021-09-23,23.54,9.75,0.8355,75847.03,162907.37,238754.40,0.3177,持有
2021-09-24,23.53,9.74,0.8341,75802.84,162907.37,238710.21,0.3176,持有
2021-09-27,22.59,9.35,0.8056,72776.03,162907.37,235683.40,0.3088,持有
2021-09-28,23.52,9.74,0.8339,75780.75,162907.37,238688.12,0.3175,持有
2021-09-29,23.09,9.56,0.8204,74410.95,162907.37,237318.32,0.3135,持有
2021-09-30,23.57,9.76,0.8372,75935.40,162907.37,238842.77,0.3179,持有
2021-10-08,23.72,9.82,0.8390,76421.46,162907.37,239328.83,0.3193,持有
2021-10-11,23.60,9.77,0.8377,76023.77,162907.37,238931.14,0.3182,持有
2021-10-12,22.48,9.31,0.8014,72422.53,162907.37,235329.90,0.3077,持有
2021-10-13,22.77,9.43,0.8090,73350.46,162907.37,236257.83,0.3105,持有
2021-10-14,22.70,9.40,0.8073,73129.52,162907.37,236036.89,0.3098,持有
2021-10-15,23.22,9.62,0.8237,74830.72,162907.37,237738.10,0.3148,持有
2021-10-18,23.05,8.91,0.7679,74256.29,162907.37,237163.66,0.3131,持有
2021-10-19,22.92,8.87,0.7666,73858.61,162907.37,236765.98,0.3119,持有
2021-10-20,22.94,8.87,0.7667,73924.89,162907.37,236832.26,0.3121,持有
2021-10-21,23.02,8.90,0.7675,74167.92,162907.37,237075.29,0.3128,持有
2021-10-22,22.79,8.81,0.7622,73438.83,162907.37,236346.20,0.3107,持有
2021-10-25,23.27,9.00,0.7772,74985.38,162907.37,237892.75,0.3152,持有
2021-10-26,23.25,8.99,0.7762,74919.10,162907.37,237826.47,0.3150,持有
2021-10-27,22.56,8.72,0.7543,72687.65,162907.37,235595.02,0.3085,持有
2021-10-28,22.15,8.57,0.7466,71362.04,162907.37,234269.41,0.3046,持有
2021-10-29,22.56,8.72,0.7542,72687.65,162907.37,235595.02,0.3085,持有
2021-11-01,22.36,8.65,0.7504,72046.94,162907.37,234954.31,0.3066,持有
2021-11-02,21.94,8.49,0.7441,70699.24,162907.37,233606.61,0.3026,持有
2021-11-03,22.25,8.61,0.7481,71693.45,162907.37,234600.82,0.3056,持有
2021-11-04,22.33,8.64,0.7499,71958.57,162907.37,234865.94,0.3064,持有
2021-11-05,22.44,8.68,0.7525,72312.06,162907.37,235219.43,0.3074,持有
2021-11-08,22.85,8.84,0.7639,73615.58,162907.37,236522.95,0.3112,持有
2021-11-09,22.96,8.88,0.7668,73991.17,162907.37,236898.54,0.3123,持有
2021-11-10,23.05,8.92,0.7700,74278.39,162907.37,237185.76,0.3132,持有
2021-11-11,24.24,9.37,0.8065,78100.56,162907.37,241007.93,0.3241,持有
2021-11-12,24.29,9.40,0.8076,78277.31,162907.37,241184.68,0.3246,持有
2021-11-15,24.23,9.37,0.8056,78056.38,162907.37,240963.75,0.3239,持有
2021-11-16,23.86,9.23,0.7968,76863.33,162907.37,239770.70,0.3206,持有
2021-11-17,24.10,9.32,0.8015,77658.69,162907.37,240566.06,0.3228,持有
2021-11-18,23.79,9.20,0.7934,76642.39,162907.37,239549.76,0.3199,持有
2021-11-19,24.15,9.34,0.8020,77813.35,162907.37,240720.72,0.3233,持有
2021-11-22,24.59,9.51,0.8168,79227.33,162907.37,242134.70,0.3272,持有
2021-11-23,24.47,9.46,0.8141,78851.74,162907.37,241759.11,0.3262,持有
2021-11-24,24.20,9.36,0.8036,77968.00,162907.37,240875.37,0.3237,持有
2021-11-25,23.93,9.26,0.7970,77106.36,162907.37,240013.73,0.3213,持有
2021-11-26,23.81,9.21,0.7921,76730.77,162907.37,239638.14,0.3202,持有
2021-11-29,23.87,9.23,0.7957,76907.51,162907.37,239814.89,0.3207,持有
2021-11-30,23.75,9.19,0.7902,76531.92,162907.37,239439.30,0.3196,持有
2021-12-01,23.82,9.21,0.7923,76752.86,162907.37,239660.23,0.3203,持有
2021-12-02,23.98,9.27,0.7987,77261.01,162907.37,240168.38,0.3217,持有
2021-12-03,23.91,9.25,0.7967,77040.08,162907.37,239947.45,0.3211,持有
2021-12-06,24.20,9.36,0.8038,77968.00,162907.37,240875.37,0.3237,持有
2021-12-07,24.31,9.40,0.8088,78321.50,162907.37,241228.87,0.3247,持有
2021-12-08,24.77,9.58,0.8246,79823.86,162907.37,242731.23,0.3289,持有
2021-12-09,25.53,9.87,0.8450,82254.14,162907.37,245161.52,0.3355,持有
2021-12-10,25.30,9.79,0.8402,81525.06,162907.37,244432.43,0.3335,持有
2021-12-13,26.15,10.11,0.8556,84242.56,162907.37,247149.93,0.3409,持有
2021-12-14,26.27,10.16,0.8567,84640.24,162907.37,247547.61,0.3419,持有
2021-12-15,26.52,10.25,0.8585,85435.61,162907.37,248342.98,0.3440,持有
2021-12-16,26.59,10.28,0.8596,85678.64,162907.37,248586.01,0.3447,持有
2021-12-17,26.01,10.06,0.8516,83800.69,162907.37,246708.06,0.3397,持有
2021-12-20,25.76,9.96,0.8468,83005.32,162907.37,245912.69,0.3375,持有
2021-12-21,25.84,9.99,0.8476,83270.45,162907.37,246177.82,0.3383,持有
2021-12-22,25.61,9.90,0.8441,82519.27,162907.37,245426.64,0.3362,持有
2021-12-23,25.69,9.94,0.8459,82784.39,162907.37,245691.76,0.3369,持有
2021-12-24,25.58,9.89,0.8432,82430.89,162907.37,245338.26,0.3360,持有
2021-12-27,25.35,9.80,0.8380,81679.71,162907.37,244587.08,0.3339,持有
2021-12-28,25.82,9.99,0.8475,83204.17,162907.37,246111.54,0.3381,持有
2021-12-29,24.90,9.63,0.8221,80221.54,162907.37,243128.91,0.3300,持有
2021-12-30,25.40,9.82,0.8385,81834.37,162907.37,244741.74,0.3344,持有
2021-12-31,25.45,9.84,0.8407,81989.02,162907.37,244896.39,0.3348,持有
2022-01-04,24.59,9.51,0.8121,79227.33,162907.37,242134.70,0.3272,持有
2022-01-05,24.05,9.33,0.7955,77481.95,162907.37,240389.32,0.3223,持有
2022-01-06,23.29,9.03,0.7705,75029.57,162907.37,237936.94,0.3153,持有
2022-01-07,23.14,8.98,0.7646,74565.60,162907.37,237472.97,0.3140,持有
2022-01-10,22.99,8.92,0.7591,74079.54,162907.37,236986.92,0.3126,持有
2022-01-11,22.90,8.88,0.7557,73792.33,162907.37,236699.70,0.3118,持有
2022-01-12,23.08,8.95,0.7631,74366.76,162907.37,237274.13,0.3134,持有
2022-01-13,22.31,8.65,0.7382,71870.19,162907.37,234777.56,0.3061,持有
2022-01-14,22.09,8.57,0.7331,71185.29,162907.37,234092.67,0.3041,持有
2022-01-17,22.56,8.75,0.7436,72687.65,162907.37,235595.02,0.3085,持有
2022-01-18,22.68,8.80,0.7492,73085.34,162907.37,235992.71,0.3097,持有
2022-01-19,22.73,8.82,0.7507,73239.99,162907.37,236147.36,0.3101,持有
2022-01-20,23.13,8.97,0.7650,74521.42,162907.37,237428.79,0.3139,持有
2022-01-21,22.79,8.84,0.7523,73438.83,162907.37,236346.20,0.3107,持有
2022-01-24,22.35,8.67,0.7381,72002.75,162907.37,234910.13,0.3065,持有
2022-01-25,21.75,8.44,0.7261,70080.62,162907.37,232987.99,0.3008,持有
2022-01-26,22.41,8.69,0.7400,72201.60,162907.37,235108.97,0.3071,持有
2022-01-27,21.81,8.46,0.7266,70279.46,162907.37,233186.83,0.3014,持有
2022-01-28,21.50,8.34,0.7219,69285.25,162907.37,232192.62,0.2984,持有
2022-02-07,22.09,8.57,0.7313,71185.29,162907.37,234092.67,0.3041,持有
2022-02-08,22.03,8.55,0.7304,70986.45,162907.37,233893.82,0.3035,持有
2022-02-09,22.40,8.69,0.7398,72179.50,162907.37,235086.87,0.3070,持有
2022-02-10,22.04,8.55,0.7302,71008.55,162907.37,233915.92,0.3036,持有
2022-02-11,21.76,8.44,0.7248,70102.71,162907.37,233010.08,0.3009,持有
2022-02-14,18.85,7.31,0.6509,60735.06,162907.37,223642.43,0.2716,持有
2022-02-15,18.76,7.28,0.6482,60447.85,162907.37,223355.22,0.2706,持有
2022-02-16,18.84,7.31,0.6504,60690.88,162907.37,223598.25,0.2714,持有
2022-02-17,18.88,7.32,0.6516,60823.44,162907.37,223730.81,0.2719,持有
2022-02-18,18.57,7.20,0.6410,59829.23,162907.37,222736.60,0.2686,持有
2022-02-21,17.93,6.96,0.6225,57774.53,162907.37,220681.90,0.2618,持有
2022-02-22,17.40,6.75,0.6081,56073.33,162907.37,218980.70,0.2561,持有
2022-02-23,18.10,7.02,0.6266,58326.87,162907.37,221234.24,0.2636,持有
2022-02-24,17.90,6.94,0.6215,57664.07,162907.37,220571.44,0.2614,持有
2022-02-25,18.12,7.03,0.6272,58371.06,162907.37,221278.43,0.2638,持有
2022-02-28,18.34,7.11,0.6338,59078.05,162907.37,221985.42,0.2661,持有
2022-03-01,18.82,7.30,0.6508,60624.60,162907.37,223531.97,0.2712,持有
2022-03-02,18.60,7.21,0.6420,59917.60,162907.37,222824.97,0.2689,持有
2022-03-03,18.34,7.11,0.6332,59078.05,162907.37,221985.42,0.2661,持有
2022-03-04,17.83,6.92,0.6178,57443.13,162907.37,220350.50,0.2607,持有
2022-03-07,17.06,6.62,0.5997,54968.66,162907.37,217876.03,0.2523,持有
2022-03-08,17.05,6.61,0.5995,54924.47,162907.37,217831.84,0.2521,持有
2022-03-09,16.64,6.85,0.6148,53598.86,162907.37,216506.23,0.2476,持有
2022-03-10,16.83,6.94,0.6201,54239.57,162907.37,217146.94,0.2498,持有
2022-03-11,16.87,6.95,0.6212,54350.04,162907.37,217257.41,0.2502,持有
2022-03-14,16.11,6.64,0.6011,51919.75,162907.37,214827.12,0.2417,持有
2022-03-15,15.65,6.45,0.5896,50439.49,162907.37,213346.86,0.2364,持有
2022-03-16,17.29,7.12,0.6350,55697.74,162907.37,218605.11,0.2548,持有
2022-03-17,17.72,7.30,0.6523,57089.63,162907.37,219997.01,0.2595,持有
2022-03-18,17.82,7.34,0.6551,57421.04,162907.37,220328.41,0.2606,持有
2022-03-21,17.18,6.55,0.5932,55344.25,162907.37,218251.62,0.2536,持有
2022-03-22,17.22,6.57,0.5944,55498.90,162907.37,218406.27,0.2541,持有
2022-03-23,17.31,6.61,0.5979,55786.12,162907.37,218693.49,0.2551,持有
2022-03-24,17.38,6.63,0.6008,56007.05,162907.37,218914.42,0.2558,持有
2022-03-25,16.87,6.44,0.5873,54350.04,162907.37,217257.41,0.2502,持有
2022-03-28,16.79,6.41,0.5854,54107.01,162907.37,217014.38,0.2493,持有
2022-03-29,16.59,6.33,0.5821,53444.20,162907.37,216351.58,0.2470,持有
2022-03-30,17.88,6.82,0.6123,57619.88,162907.37,220527.25,0.2613,持有
2022-03-31,17.38,6.63,0.6008,55984.96,162907.37,218892.33,0.2558,持有
2022-04-01,17.89,6.83,0.6129,57641.97,162907.37,220549.34,0.2614,持有
2022-04-06,17.80,6.79,0.6093,57354.76,162907.37,220262.13,0.2604,持有
2022-04-07,17.49,6.67,0.6019,56338.45,162907.37,219245.83,0.2570,持有
2022-04-08,17.89,6.83,0.6130,57641.97,162907.37,220549.34,0.2614,持有
2022-04-11,16.94,6.47,0.5882,54593.07,162907.37,217500.44,0.2510,持有
2022-04-12,17.97,6.86,0.6160,57885.00,162907.37,220792.37,0.2622,持有
2022-04-13,17.79,6.79,0.6089,57310.57,162907.37,220217.94,0.2602,持有
2022-04-14,18.39,7.02,0.6271,59254.80,162907.37,222162.17,0.2667,持有
2022-04-15,18.45,7.04,0.6290,59431.55,162907.37,222338.92,0.2673,持有
2022-04-18,17.99,6.86,0.6161,57951.28,162907.37,220858.65,0.2624,持有
2022-04-19,17.79,6.79,0.6081,57310.57,162907.37,220217.94,0.2602,持有
2022-04-20,17.01,6.47,0.5871,54810.70,162907.37,217718.07,0.2518,持有
2022-04-21,17.08,6.50,0.5876,55023.46,162907.37,217930.83,0.2525,持有
2022-04-22,17.21,6.55,0.5905,55448.96,162907.37,218356.33,0.2539,持有
2022-04-25,17.06,4.58,0.3200,54970.27,162907.37,217877.64,0.2523,持有
2022-04-26,17.13,4.60,0.3243,55183.02,162907.37,218090.39,0.2530,持有
2022-04-27,17.87,4.80,0.3884,57576.50,162907.37,220483.87,0.2611,持有
2022-04-28,17.37,4.67,0.3505,55980.85,162907.37,218888.22,0.2558,持有
2022-04-29,18.80,5.05,0.4486,60581.65,162907.37,223489.02,0.2711,持有
2022-05-05,18.49,4.96,0.4352,59571.07,162907.37,222478.44,0.2678,持有
2022-05-06,17.77,4.77,0.3824,57257.37,162907.37,220164.74,0.2601,持有
2022-05-09,17.75,4.77,0.3809,57177.59,162907.37,220084.96,0.2598,持有
2022-05-10,18.11,4.86,0.4079,58347.73,162907.37,221255.10,0.2637,持有
2022-05-11,18.41,4.94,0.4308,59331.72,162907.37,222239.09,0.2670,持有
2022-05-12,18.55,4.98,0.4382,59783.82,162907.37,222691.19,0.2685,持有
2022-05-13,18.60,4.99,0.4407,59916.79,162907.37,222824.16,0.2689,持有
2022-05-16,18.37,4.93,0.4277,59198.75,162907.37,222106.12,0.2665,持有
2022-05-17,18.56,4.98,0.4391,59810.42,162907.37,222717.79,0.2685,持有
2022-05-18,18.38,4.94,0.4291,59225.34,162907.37,222132.71,0.2666,持有
2022-05-19,18.30,4.91,0.4222,58959.40,162907.37,221866.77,0.2657,持有
2022-05-20,18.86,5.06,0.4521,60767.81,162907.37,223675.18,0.2717,持有
2022-05-23,18.80,5.05,0.4503,60581.65,162907.37,223489.02,0.2711,持有
2022-05-24,18.22,4.89,0.4140,58720.05,162907.37,221627.42,0.2649,持有
2022-05-25,18.37,4.93,0.4274,59172.15,162907.37,222079.53,0.2664,持有
2022-05-26,18.53,4.98,0.4370,59704.04,162907.37,222611.41,0.2682,持有
2022-05-27,18.30,4.91,0.4217,58959.40,162907.37,221866.77,0.2657,持有
2022-05-30,18.19,4.89,0.4124,58613.68,162907.37,221521.05,0.2646,持有
2022-05-31,18.69,5.02,0.4460,60209.33,162907.37,223116.70,0.2699,持有
2022-06-01,18.77,5.04,0.4492,60475.27,162907.37,223382.64,0.2707,持有
2022-06-02,18.84,5.06,0.4528,60714.62,162907.37,223621.99,0.2715,持有
2022-06-06,19.77,5.31,0.4944,63693.17,162907.37,226600.54,0.2811,持有
2022-06-07,19.69,5.29,0.4929,63453.83,162907.37,226361.20,0.2803,持有
2022-06-08,19.77,5.31,0.4944,63693.17,162907.37,226600.54,0.2811,持有
2022-06-09,19.69,5.29,0.4923,63427.23,162907.37,226334.60,0.2802,持有
2022-06-10,20.01,5.37,0.5015,64464.41,162907.37,227371.78,0.2835,持有
2022-06-13,19.55,5.25,0.4886,62975.13,162907.37,225882.50,0.2788,持有
2022-06-14,20.26,5.44,0.5109,65262.23,162907.37,228169.60,0.2860,持有
2022-06-15,20.88,5.61,0.5393,67283.39,162907.37,230190.76,0.2923,持有
2022-06-16,19.97,5.36,0.4995,64331.43,162907.37,227238.81,0.2831,持有
2022-06-17,20.16,5.41,0.5071,64969.70,162907.37,227877.07,0.2851,持有
2022-06-20,20.23,5.43,0.5099,65182.45,162907.37,228089.82,0.2858,持有
2022-06-21,19.97,5.36,0.4990,64331.43,162907.37,227238.81,0.2831,持有
2022-06-22,19.64,5.28,0.4898,63294.26,162907.37,226201.63,0.2798,持有
2022-06-23,20.54,5.51,0.5252,66166.44,162907.37,229073.81,0.2888,持有
2022-06-24,20.76,5.57,0.5354,66884.48,162907.37,229791.85,0.2911,持有
2022-06-27,21.14,5.68,0.5493,68107.82,162907.37,231015.19,0.2948,持有
2022-06-28,21.30,5.72,0.5528,68613.11,162907.37,231520.48,0.2964,持有
2022-06-29,20.52,5.51,0.5231,66113.25,162907.37,229020.62,0.2887,持有
2022-06-30,20.97,5.63,0.5427,67549.34,162907.37,230456.71,0.2931,持有
2022-07-01,20.81,5.59,0.5365,67044.05,162907.37,229951.42,0.2916,持有
2022-07-04,21.17,5.69,0.5511,68214.19,162907.37,231121.56,0.2951,持有
2022-07-05,20.82,5.59,0.5371,67097.23,162907.37,230004.61,0.2917,持有
2022-07-06,20.36,5.47,0.5149,65607.96,162907.37,228515.33,0.2871,持有
2022-07-07,20.31,5.45,0.5124,65448.39,162907.37,228355.76,0.2866,持有
2022-07-08,19.50,5.24,0.4848,62842.16,162907.37,225749.53,0.2784,持有
2022-07-11,19.22,5.16,0.4693,61937.95,162907.37,224845.33,0.2755,持有
2022-07-12,19.10,5.13,0.4637,61539.04,162907.37,224446.41,0.2742,持有
2022-07-13,18.98,5.10,0.4579,61140.13,162907.37,224047.50,0.2729,持有
2022-07-14,18.79,5.05,0.4464,60555.05,162907.37,223462.43,0.2710,持有
2022-07-15,18.49,4.96,0.4316,59571.07,162907.37,222478.44,0.2678,持有
2022-07-18,19.19,5.15,0.4691,61831.58,162907.37,224738.95,0.2751,持有
2022-07-19,19.23,5.16,0.4703,61964.55,162907.37,224871.92,0.2756,持有
2022-07-20,19.17,5.15,0.4688,61751.79,162907.37,224659.17,0.2749,持有
2022-07-21,18.95,5.09,0.4550,61060.34,162907.37,223967.72,0.2726,持有
2022-07-22,19.07,5.12,0.4635,61432.66,162907.37,224340.03,0.2738,持有
2022-07-25,18.58,4.99,0.4357,59863.60,162907.37,222770.98,0.2687,持有
2022-07-26,18.66,5.01,0.4402,60129.55,162907.37,223036.92,0.2696,持有
2022-07-27,18.52,4.97,0.4318,59677.45,162907.37,222584.82,0.2681,持有
2022-07-28,18.75,5.04,0.4443,60422.08,162907.37,223329.45,0.2706,持有
2022-07-29,18.37,4.93,0.4215,59172.15,162907.37,222079.53,0.2664,持有
2022-08-01,17.99,4.83,0.3898,57975.41,162907.37,220882.79,0.2625,持有
2022-08-02,17.53,4.71,0.3554,56486.14,162907.37,219393.51,0.2575,持有
2022-08-03,17.33,4.65,0.3410,55847.88,162907.37,218755.25,0.2553,持有
2022-08-04,17.52,4.71,0.3548,56459.54,162907.37,219366.91,0.2574,持有
2022-08-05,17.98,4.83,0.3889,57922.23,162907.37,220829.60,0.2623,持有
2022-08-08,17.89,4.80,0.3838,57629.69,162907.37,220537.06,0.2613,持有
2022-08-09,17.84,4.79,0.3784,57470.12,162907.37,220377.50,0.2608,持有
2022-08-10,17.60,4.73,0.3623,56698.89,162907.37,219606.26,0.2582,持有
2022-08-11,18.98,5.10,0.4600,61140.13,162907.37,224047.50,0.2729,持有
2022-08-12,18.94,5.09,0.4559,61033.75,162907.37,223941.12,0.2725,持有
2022-08-15,18.91,4.95,0.4292,60927.37,162907.37,223834.74,0.2722,持有
2022-08-16,18.89,4.95,0.4274,60874.19,162907.37,223781.56,0.2720,持有
2022-08-17,19.30,5.05,0.4501,62177.30,162907.37,225084.67,0.2762,持有
2022-08-18,19.06,4.99,0.4381,61406.07,162907.37,224313.44,0.2738,持有
2022-08-19,18.90,4.95,0.4287,60900.78,162907.37,223808.15,0.2721,持有
2022-08-22,18.71,4.90,0.4120,60289.11,162907.37,223196.48,0.2701,持有
2022-08-23,18.77,4.92,0.4171,60475.27,162907.37,223382.64,0.2707,持有
2022-08-24,18.51,4.85,0.3962,59624.26,162907.37,222531.63,0.2679,持有
2022-08-25,18.83,4.93,0.4225,60661.43,162907.37,223568.80,0.2713,持有
2022-08-26,18.48,4.84,0.3942,59544.47,162907.37,222451.84,0.2677,持有
2022-08-29,18.27,4.79,0.3769,58879.62,162907.37,221786.99,0.2655,持有
2022-08-30,18.13,4.75,0.3676,58400.92,162907.37,221308.29,0.2639,持有
2022-08-31,18.32,4.80,0.3810,59039.18,162907.37,221946.55,0.2660,持有
2022-09-01,18.06,4.73,0.3624,58188.17,162907.37,221095.54,0.2632,持有
2022-09-02,18.08,4.73,0.3636,58241.36,162907.37,221148.73,0.2634,持有
2022-09-05,18.09,4.74,0.3648,58294.55,162907.37,221201.92,0.2635,持有
2022-09-06,18.46,4.84,0.3937,59491.29,162907.37,222398.66,0.2675,持有
2022-09-07,18.30,4.79,0.3794,58959.40,162907.37,221866.77,0.2657,持有
2022-09-08,18.34,4.80,0.3842,59092.37,162907.37,221999.74,0.2662,持有
2022-09-09,18.70,4.90,0.4117,60262.52,162907.37,223169.89,0.2700,持有
2022-09-13,18.71,4.90,0.4139,60289.11,162907.37,223196.48,0.2701,持有
2022-09-14,18.46,4.84,0.3937,59491.29,162907.37,222398.66,0.2675,持有
2022-09-15,18.45,4.83,0.3906,59438.10,162907.37,222345.47,0.2673,持有
2022-09-16,16.46,4.31,0.2474,53028.89,162907.37,215936.26,0.2456,买入(补至40%)
2022-09-19,15.80,4.14,0.2193,82908.22,130281.77,213189.99,0.3889,持有
2022-09-20,15.92,4.17,0.2268,83557.97,130281.77,213839.74,0.3908,持有
2022-09-21,15.60,4.09,0.2113,81868.62,130281.77,212150.39,0.3859,持有
2022-09-22,15.32,4.01,0.2001,80395.85,130281.77,210677.62,0.3816,持有
2022-09-23,15.20,3.98,0.1938,79746.10,130281.77,210027.87,0.3797,买入(补至70%)
2022-09-26,14.97,3.92,0.1901,144860.54,63961.24,208821.78,0.6937,持有
2022-09-27,15.23,3.99,0.1963,147336.10,63961.24,211297.34,0.6973,持有
2022-09-28,14.75,3.86,0.1844,142704.40,63961.24,206665.64,0.6905,持有
2022-09-29,14.70,3.85,0.1830,142225.26,63961.24,206186.50,0.6898,持有
2022-09-30,14.54,3.81,0.1816,140707.97,63961.24,204669.21,0.6875,持有
2022-10-10,14.28,3.74,0.1760,138152.55,63961.24,202113.79,0.6835,持有
2022-10-11,14.35,3.76,0.1782,138871.26,63961.24,202832.50,0.6847,持有
2022-10-12,14.79,3.87,0.1864,143103.68,63961.24,207064.92,0.6911,持有
2022-10-13,14.62,3.83,0.1824,141426.69,63961.24,205387.93,0.6886,持有
2022-10-14,14.96,3.92,0.1918,144780.68,63961.24,208741.92,0.6936,持有
2022-10-17,15.10,3.95,0.1934,146058.39,63961.24,210019.63,0.6955,持有
2022-10-18,15.01,3.93,0.1930,145179.96,63961.24,209141.20,0.6942,持有
2022-10-19,14.64,3.83,0.1828,141666.26,63961.24,205627.50,0.6889,持有
2022-10-20,14.71,3.85,0.1847,142305.11,63961.24,206266.35,0.6899,持有
2022-10-21,14.76,3.87,0.1863,142784.26,63961.24,206745.49,0.6906,持有
2022-10-24,14.11,3.69,0.1731,136475.56,63961.24,200436.79,0.6809,持有
2022-10-25,12.83,3.36,0.1587,124097.73,63961.24,188058.96,0.6599,持有
2022-10-26,13.00,3.28,0.1557,125774.72,63961.24,189735.96,0.6629,持有
2022-10-27,13.25,3.34,0.1586,128170.43,63961.24,192131.67,0.6671,持有
2022-10-28,12.69,3.20,0.1504,122740.16,63961.24,186701.40,0.6574,持有
2022-10-31,12.88,3.25,0.1556,124656.72,63961.24,188617.96,0.6609,持有
2022-11-01,13.37,3.37,0.1601,129368.29,63961.24,193329.52,0.6692,持有
2022-11-02,13.41,3.39,0.1604,129767.57,63961.24,193728.81,0.6698,持有
2022-11-03,13.30,3.36,0.1597,128649.57,63961.24,192610.81,0.6679,持有
2022-11-04,14.19,3.58,0.1671,137274.12,63961.24,201235.36,0.6822,持有
2022-11-07,14.25,3.60,0.1680,137833.12,63961.24,201794.36,0.6830,持有
2022-11-08,14.18,3.58,0.1667,137194.27,63961.24,201155.51,0.6820,持有
2022-11-09,14.06,3.55,0.1643,135996.41,63961.24,199957.65,0.6801,持有
2022-11-10,14.09,3.56,0.1653,136315.84,63961.24,200277.08,0.6806,持有
2022-11-11,14.84,3.75,0.1805,143582.83,63961.24,207544.06,0.6918,持有
2022-11-14,14.93,3.77,0.1821,144461.25,63961.24,208422.49,0.6931,持有
2022-11-15,15.73,3.97,0.2012,152207.38,63961.24,216168.62,0.7041,持有
2022-11-16,15.33,3.87,0.1914,148294.39,63961.24,212255.62,0.6987,持有
2022-11-17,15.35,3.87,0.1919,148533.96,63961.24,212495.20,0.6990,持有
2022-11-18,15.02,3.79,0.1847,145339.68,63961.24,209300.92,0.6944,持有
2022-11-21,14.69,3.71,0.1775,142145.40,63961.24,206106.64,0.6897,持有
2022-11-22,14.80,3.74,0.1788,143183.54,63961.24,207144.78,0.6912,持有
2022-11-23,14.75,3.72,0.1781,142704.40,63961.24,206665.64,0.6905,持有
2022-11-24,14.69,3.71,0.1774,142145.40,63961.24,206106.64,0.6897,持有
2022-11-25,14.79,3.73,0.1793,143103.68,63961.24,207064.92,0.6911,持有
2022-11-28,14.41,3.64,0.1714,139430.26,63961.24,203391.50,0.6855,持有
2022-11-29,15.37,3.88,0.1940,148693.67,63961.24,212654.91,0.6992,持有
2022-11-30,15.27,3.85,0.1911,147735.39,63961.24,211696.63,0.6979,持有
2022-12-01,15.71,3.96,0.2039,151967.81,63961.24,215929.05,0.7038,持有
2022-12-02,15.62,3.94,0.2010,151169.24,63961.24,215130.48,0.7027,持有
2022-12-05,16.40,4.14,0.2320,158675.79,63961.24,222637.03,0.7127,持有
2022-12-06,16.48,4.16,0.2384,159474.36,63961.24,223435.60,0.7137,持有
2022-12-07,16.43,4.15,0.2350,158995.22,63961.24,222956.46,0.7131,持有
2022-12-08,16.51,4.17,0.2392,159713.93,63961.24,223675.17,0.7140,持有
2022-12-09,16.99,4.29,0.2572,164345.64,63961.24,228306.88,0.7198,持有
2022-12-12,16.33,4.12,0.2271,157957.08,63961.24,221918.32,0.7118,持有
2022-12-13,16.35,4.13,0.2293,158196.65,63961.24,222157.89,0.7121,持有
2022-12-14,16.62,4.19,0.2444,160752.07,63961.24,224713.31,0.7154,持有
2022-12-15,16.25,4.10,0.2246,157238.37,63961.24,221199.61,0.7108,持有
2022-12-16,16.18,4.08,0.2219,156519.65,63961.24,220480.89,0.7099,持有
2022-12-19,15.64,3.95,0.2006,151328.95,63961.24,215290.19,0.7029,持有
2022-12-20,15.43,3.90,0.1960,149332.53,63961.24,213293.77,0.7001,持有
2022-12-21,15.56,3.93,0.1998,150530.38,63961.24,214491.62,0.7018,持有
2022-12-22,15.64,3.95,0.2010,151328.95,63961.24,215290.19,0.7029,持有
2022-12-23,15.71,3.96,0.2045,151967.81,63961.24,215929.05,0.7038,持有
2022-12-26,15.71,3.96,0.2044,151967.81,63961.24,215929.05,0.7038,持有
2022-12-27,16.05,4.05,0.2173,155321.80,63961.24,219283.04,0.7083,持有
2022-12-28,15.95,4.02,0.2146,154283.66,63961.24,218244.90,0.7069,持有
2022-12-29,15.99,4.04,0.2158,154682.94,63961.24,218644.18,0.7075,持有
2022-12-30,16.01,4.04,0.2164,154922.51,63961.24,218883.75,0.7078,持有
2023-01-03,15.91,4.01,0.2128,153884.37,63961.24,217845.61,0.7064,持有
2023-01-04,15.97,4.03,0.2156,154523.23,63961.24,218484.47,0.7073,持有
2023-01-05,16.81,4.24,0.2551,162668.64,63961.24,226629.88,0.7178,持有
2023-01-06,16.81,4.24,0.2550,162668.64,63961.24,226629.88,0.7178,持有
2023-01-09,17.39,4.39,0.2806,168258.63,63961.24,232219.87,0.7246,持有
2023-01-10,17.33,4.37,0.2760,167699.63,63961.24,231660.87,0.7239,持有
2023-01-11,17.26,4.36,0.2733,166980.92,63961.24,230942.15,0.7230,持有
2023-01-12,17.42,4.40,0.2816,168498.20,63961.24,232459.44,0.7248,持有
2023-01-13,17.95,4.53,0.3145,173688.90,63961.24,237650.14,0.7309,持有
2023-01-16,18.59,4.69,0.3651,179837.89,63961.24,243799.13,0.7376,持有
2023-01-17,18.82,4.75,0.3842,182073.88,63961.24,246035.12,0.7400,持有
2023-01-18,18.71,4.72,0.3741,181035.74,63961.24,244996.98,0.7389,持有
2023-01-19,19.26,4.86,0.4185,186386.16,63961.24,250347.40,0.7445,持有
2023-01-20,19.17,4.84,0.4117,185507.73,63961.24,249468.97,0.7436,持有
2023-01-30,18.90,4.77,0.3898,182872.45,63961.24,246833.69,0.7409,持有
2023-01-31,18.56,4.69,0.3637,179598.32,63961.24,243559.56,0.7374,持有
2023-02-01,19.28,4.87,0.4199,186545.87,63961.24,250507.11,0.7447,持有
2023-02-02,18.74,4.73,0.3769,181275.31,63961.24,245236.55,0.7392,持有
2023-02-03,18.64,4.70,0.3675,180317.03,63961.24,244278.27,0.7382,持有
2023-02-06,18.09,4.57,0.3217,175046.47,63961.24,239007.71,0.7324,持有
2023-02-07,18.24,4.60,0.3325,176483.90,63961.24,240445.13,0.7340,持有
2023-02-08,17.94,4.53,0.3116,173529.19,63961.24,237490.43,0.7307,持有
2023-02-09,18.37,4.64,0.3460,177681.75,63961.24,241642.99,0.7353,持有
2023-02-10,18.13,4.58,0.3251,175445.75,63961.24,239406.99,0.7328,持有
2023-02-13,18.31,4.62,0.3404,177122.75,63961.24,241083.99,0.7347,持有
2023-02-14,18.19,4.59,0.3294,176004.75,63961.24,239965.99,0.7335,持有
2023-02-15,17.88,4.51,0.3073,172970.19,63961.24,236931.43,0.7300,持有
2023-02-16,17.79,4.49,0.3005,172091.76,63961.24,236053.00,0.7290,持有
2023-02-17,17.29,4.36,0.2721,167300.34,63961.24,231261.58,0.7234,持有
2023-02-20,18.15,4.58,0.3271,175605.47,63961.24,239566.71,0.7330,持有
2023-02-21,18.27,4.61,0.3365,176723.47,63961.24,240684.70,0.7343,持有
2023-02-22,17.95,4.53,0.3135,173688.90,63961.24,237650.14,0.7309,持有
2023-02-23,17.99,4.54,0.3172,174088.19,63961.24,238049.42,0.7313,持有
2023-02-24,17.25,4.35,0.2710,166901.06,63961.24,230862.30,0.7229,持有
2023-02-27,17.03,4.30,0.2604,164744.92,63961.24,228706.16,0.7203,持有
2023-02-28,17.27,4.36,0.2718,167060.77,63961.24,231022.01,0.7231,持有
2023-03-01,17.56,4.43,0.2885,169935.62,63961.24,233896.86,0.7265,持有
2023-03-02,17.39,4.39,0.2795,168258.63,63961.24,232219.87,0.7246,持有
2023-03-03,17.62,4.45,0.2922,170494.62,63961.24,234455.86,0.7272,持有
2023-03-06,17.30,4.37,0.2727,167380.20,63961.24,231341.44,0.7235,持有
2023-03-07,16.56,4.18,0.2425,160193.07,63961.24,224154.31,0.7147,持有
2023-03-08,16.62,4.20,0.2459,160831.93,63961.24,224793.17,0.7155,持有
2023-03-09,16.51,4.17,0.2398,159713.93,63961.24,223675.17,0.7140,持有
2023-03-10,16.41,4.14,0.2327,158755.65,63961.24,222716.89,0.7128,持有
2023-03-13,16.59,4.19,0.2447,160512.50,63961.24,224473.74,0.7151,持有
2023-03-14,16.48,4.16,0.2392,159474.36,63961.24,223435.60,0.7137,持有
2023-03-15,16.52,4.17,0.2407,159793.79,63961.24,223755.03,0.7141,持有
2023-03-16,16.28,4.11,0.2261,157477.94,63961.24,221439.18,0.7112,持有
2023-03-17,16.76,4.23,0.2526,162189.50,63961.24,226150.74,0.7172,持有
2023-03-20,16.49,4.05,0.2149,159554.22,63961.24,223515.46,0.7138,持有
2023-03-21,16.66,4.09,0.2237,161151.36,63961.24,225112.60,0.7159,持有
2023-03-22,15.68,3.85,0.1863,151728.24,63961.24,215689.47,0.7035,持有
2023-03-23,16.14,3.96,0.2011,156120.37,63961.24,220081.61,0.7094,持有
2023-03-24,16.71,4.10,0.2266,161630.50,63961.24,225591.74,0.7165,持有
2023-03-27,17.02,4.18,0.2455,164665.06,63961.24,228626.30,0.7202,持有
2023-03-28,16.45,4.04,0.2135,159154.93,63961.24,223116.17,0.7133,持有
2023-03-29,16.48,4.05,0.2150,159474.36,63961.24,223435.60,0.7137,持有
2023-03-30,16.54,4.06,0.2194,160033.36,63961.24,223994.60,0.7145,持有
2023-03-31,16.53,4.06,0.2187,159953.50,63961.24,223914.74,0.7144,持有
2023-04-03,18.89,4.64,0.3562,182792.60,63961.24,246753.83,0.7408,持有
2023-04-04,18.74,4.60,0.3390,181275.31,63961.24,245236.55,0.7392,持有
2023-04-06,18.18,4.47,0.3017,175924.90,63961.24,239886.14,0.7334,持有
2023-04-07,18.53,4.55,0.3249,179278.89,63961.24,243240.13,0.7370,持有
2023-04-10,17.98,4.42,0.2895,173928.47,63961.24,237889.71,0.7311,持有
2023-04-11,17.96,4.41,0.2882,173768.76,63961.24,237730.00,0.7310,持有
2023-04-12,18.30,4.50,0.3079,177042.89,63961.24,241004.13,0.7346,持有
2023-04-13,17.80,4.37,0.2786,172251.48,63961.24,236212.71,0.7292,持有
2023-04-14,17.82,4.38,0.2804,172411.19,63961.24,236372.43,0.7294,持有
2023-04-17,18.02,4.43,0.2925,174327.76,63961.24,238289.00,0.7316,持有
2023-04-18,17.92,4.39,0.2830,173366.22,63961.24,237327.46,0.7305,持有
2023-04-19,17.58,4.30,0.2650,170096.97,63961.24,234058.21,0.7267,持有
2023-04-20,17.86,4.37,0.2784,172789.30,63961.24,236750.53,0.7298,持有
2023-04-21,16.93,4.14,0.2350,163750.79,63961.24,227712.03,0.7191,持有
2023-04-24,15.90,3.78,0.1784,153846.90,63961.24,217808.13,0.7063,持有
2023-04-25,15.98,3.80,0.1812,154616.13,63961.24,218577.37,0.7074,持有
2023-04-26,15.76,3.74,0.1758,152500.74,63961.24,216461.97,0.7045,持有
2023-04-27,15.58,3.70,0.1716,150769.96,63961.24,214731.20,0.7021,持有
2023-04-28,15.99,3.80,0.1822,154712.29,63961.24,218673.52,0.7075,持有
2023-05-04,15.87,3.77,0.1784,153558.43,63961.24,217519.67,0.7060,持有
2023-05-05,15.90,3.78,0.1790,153846.90,63961.24,217808.13,0.7063,持有
2023-05-08,16.02,3.80,0.1836,155000.75,63961.24,218961.99,0.7079,持有
2023-05-09,16.47,3.91,0.1949,159327.69,63961.24,223288.93,0.7135,持有
2023-05-10,16.02,3.80,0.1835,155000.75,63961.24,218961.99,0.7079,持有
2023-05-11,15.96,3.79,0.1816,154423.82,63961.24,218385.06,0.7071,持有
2023-05-12,15.52,3.69,0.1700,150193.03,63961.24,214154.27,0.7013,持有
2023-05-15,15.98,3.80,0.1824,154616.13,63961.24,218577.37,0.7074,持有
2023-05-16,15.79,3.75,0.1767,152789.20,63961.24,216750.44,0.7049,持有
2023-05-17,15.72,3.73,0.1742,152116.12,63961.24,216077.36,0.7040,持有
2023-05-18,15.63,3.71,0.1729,151250.73,63961.24,215211.97,0.7028,持有
2023-05-19,15.59,3.70,0.1719,150866.11,63961.24,214827.35,0.7023,持有
2023-05-22,15.68,3.72,0.1737,151731.50,63961.24,215692.74,0.7035,持有
2023-05-23,15.51,3.68,0.1690,150096.88,63961.24,214058.12,0.7012,持有
2023-05-24,15.24,3.62,0.1639,147404.56,63961.24,211365.80,0.6974,持有
2023-05-25,15.01,3.56,0.1592,145193.01,63961.24,209154.25,0.6942,持有
2023-05-26,15.05,3.57,0.1601,145577.63,63961.24,209538.86,0.6948,持有
2023-05-29,14.52,3.45,0.1550,140481.45,63961.24,204442.69,0.6871,持有
2023-05-30,14.34,3.41,0.1540,138750.67,63961.24,202711.91,0.6845,持有
2023-05-31,13.93,3.31,0.1502,134808.34,63961.24,198769.58,0.6782,持有
2023-06-01,14.11,3.35,0.1530,136539.12,63961.24,200500.36,0.6810,持有
2023-06-02,14.43,3.43,0.1551,139616.06,63961.24,203577.30,0.6858,持有
2023-06-05,14.34,3.41,0.1545,138750.67,63961.24,202711.91,0.6845,持有
2023-06-06,14.07,3.34,0.1519,136154.50,63961.24,200115.74,0.6804,持有
2023-06-07,14.20,3.37,0.1541,137404.51,63961.24,201365.75,0.6824,持有
2023-06-08,14.37,3.41,0.1556,139039.13,63961.24,203000.37,0.6849,持有
2023-06-09,14.14,3.36,0.1537,136827.58,63961.24,200788.82,0.6815,持有
2023-06-12,14.07,3.34,0.1517,136154.50,63961.24,200115.74,0.6804,持有
2023-06-13,14.28,3.39,0.1554,138173.74,63961.24,202134.98,0.6836,持有
2023-06-14,14.17,3.37,0.1544,137116.05,63961.24,201077.28,0.6819,持有
2023-06-15,14.56,3.46,0.1584,140866.06,63961.24,204827.30,0.6877,持有
2023-06-16,14.77,3.51,0.1599,142885.31,63961.24,206846.54,0.6908,持有
2023-06-19,14.64,3.48,0.1593,141635.30,63961.24,205596.54,0.6889,持有
2023-06-20,14.65,3.48,0.1595,141731.45,63961.24,205692.69,0.6890,持有
2023-06-21,14.21,3.37,0.1548,137500.66,63961.24,201461.90,0.6825,持有
2023-06-26,13.92,3.31,0.1495,134712.19,63961.24,198673.43,0.6781,持有
2023-06-27,14.07,3.34,0.1516,136154.50,63961.24,200115.74,0.6804,持有
2023-06-28,14.01,3.33,0.1513,135577.58,63961.24,199538.82,0.6795,持有
2023-06-29,13.92,3.31,0.1494,134712.19,63961.24,198673.43,0.6781,持有
2023-06-30,14.11,3.35,0.1540,136539.12,63961.24,200500.36,0.6810,持有
2023-07-03,14.36,3.41,0.1579,138942.98,63961.24,202904.22,0.6848,持有
2023-07-04,14.36,3.41,0.1579,138942.98,63961.24,202904.22,0.6848,持有
2023-07-05,14.15,3.36,0.1554,136923.74,63961.24,200884.98,0.6816,持有
2023-07-06,14.01,3.33,0.1513,135577.58,63961.24,199538.82,0.6795,持有
2023-07-07,13.93,3.31,0.1497,134808.34,63961.24,198769.58,0.6782,持有
2023-07-10,14.00,3.33,0.1512,135481.42,63961.24,199442.66,0.6793,持有
2023-07-11,14.09,3.35,0.1546,136346.81,63961.24,200308.05,0.6807,持有
2023-07-12,13.91,3.30,0.1486,134616.03,63961.24,198577.27,0.6779,持有
2023-07-13,14.40,3.42,0.1603,139327.60,63961.24,203288.83,0.6854,持有
2023-07-14,14.32,3.40,0.1587,138558.36,63961.24,202519.60,0.6842,持有
2023-07-17,14.15,3.36,0.1565,136923.74,63961.24,200884.98,0.6816,持有
2023-07-18,14.22,3.38,0.1583,137596.82,63961.24,201558.06,0.6827,持有
2023-07-19,14.28,3.39,0.1589,138173.74,63961.24,202134.98,0.6836,持有
2023-07-20,14.13,3.36,0.1555,136731.43,63961.24,200692.67,0.6813,持有
2023-07-21,14.12,3.35,0.1554,136635.27,63961.24,200596.51,0.6811,持有
2023-07-24,14.00,3.33,0.1510,135481.42,63961.24,199442.66,0.6793,持有
2023-07-25,15.01,3.56,0.1692,145193.01,63961.24,209154.25,0.6942,持有
2023-07-26,14.75,3.50,0.1657,142693.00,63961.24,206654.23,0.6905,持有
2023-07-27,14.58,3.46,0.1642,141058.37,63961.24,205019.61,0.6880,持有
2023-07-28,16.04,3.81,0.1980,155193.06,63961.24,219154.30,0.7081,持有
2023-07-31,15.98,3.80,0.1951,154616.13,63961.24,218577.37,0.7074,持有
2023-08-01,15.81,3.75,0.1898,152981.51,63961.24,216942.75,0.7052,持有
2023-08-02,16.07,3.82,0.1987,155481.52,63961.24,219442.76,0.7085,持有
2023-08-03,16.82,3.99,0.2214,162693.09,63961.24,226654.33,0.7178,持有
2023-08-04,16.86,4.00,0.2235,163077.71,63961.24,227038.95,0.7183,持有
2023-08-07,16.63,3.95,0.2136,160866.16,63961.24,224827.40,0.7155,持有
2023-08-08,16.52,3.92,0.2117,159808.46,63961.24,223769.70,0.7142,持有
2023-08-09,16.47,3.91,0.2092,159327.69,63961.24,223288.93,0.7135,持有
2023-08-10,16.87,4.01,0.2244,163173.86,63961.24,227135.10,0.7184,持有
2023-08-11,16.02,3.80,0.1971,155000.75,63961.24,218961.99,0.7079,持有
2023-08-14,15.79,3.67,0.1795,152789.20,63961.24,216750.44,0.7049,持有
2023-08-15,16.41,3.82,0.1991,158750.77,63961.24,222712.00,0.7128,持有
2023-08-16,16.16,3.76,0.1907,156346.91,63961.24,220308.15,0.7097,持有
2023-08-17,16.13,3.75,0.1891,156058.45,63961.24,220019.68,0.7093,持有
2023-08-18,15.97,3.72,0.1845,154519.98,63961.24,218481.22,0.7072,持有
2023-08-21,15.27,3.55,0.1676,147693.02,63961.24,211654.26,0.6978,持有
2023-08-22,15.56,3.62,0.1749,150577.65,63961.24,214538.89,0.7019,持有
2023-08-23,15.25,3.55,0.1672,147500.71,63961.24,211461.95,0.6975,持有
2023-08-24,15.52,3.61,0.1748,150193.03,63961.24,214154.27,0.7013,持有
2023-08-25,15.69,3.65,0.1787,151827.66,63961.24,215788.89,0.7036,持有
2023-08-28,16.30,3.79,0.1970,157693.07,63961.24,221654.31,0.7114,持有
2023-08-29,16.56,3.85,0.2043,160193.08,63961.24,224154.32,0.7147,持有
2023-08-30,16.12,3.75,0.1905,155962.29,63961.24,219923.53,0.7092,持有
2023-08-31,15.77,3.67,0.1803,152596.89,63961.24,216558.13,0.7046,持有
2023-09-01,15.88,3.70,0.1833,153654.59,63961.24,217615.83,0.7061,持有
2023-09-04,16.00,3.72,0.1866,154808.44,63961.24,218769.68,0.7076,持有
2023-09-05,15.79,3.67,0.1805,152789.20,63961.24,216750.44,0.7049,持有
2023-09-06,15.63,3.64,0.1767,151250.73,63961.24,215211.97,0.7028,持有
2023-09-07,15.54,3.62,0.1745,150385.34,63961.24,214346.58,0.7016,持有
2023-09-08,15.58,3.63,0.1754,150769.96,63961.24,214731.20,0.7021,持有
2023-09-11,15.72,3.66,0.1805,152116.12,63961.24,216077.36,0.7040,持有
2023-09-12,15.50,3.61,0.1738,150000.72,63961.24,213961.96,0.7011,持有
2023-09-13,15.29,3.56,0.1682,147885.33,63961.24,211846.57,0.6981,持有
2023-09-14,15.32,3.56,0.1694,148173.79,63961.24,212135.03,0.6985,持有
2023-09-15,15.30,3.56,0.1684,147981.48,63961.24,211942.72,0.6982,持有
2023-09-18,15.31,3.56,0.1687,148077.64,63961.24,212038.88,0.6984,持有
2023-09-19,15.22,3.54,0.1659,147212.25,63961.24,211173.49,0.6971,持有
2023-09-20,15.16,3.53,0.1659,146635.32,63961.24,210596.56,0.6963,持有
2023-09-21,14.86,3.46,0.1618,143750.69,63961.24,207711.93,0.6921,持有
2023-09-22,15.46,3.60,0.1749,149616.11,63961.24,213577.35,0.7005,持有
2023-09-25,15.11,3.52,0.1657,146154.55,63961.24,210115.79,0.6956,持有
2023-09-26,15.08,3.51,0.1650,145866.09,63961.24,209827.33,0.6952,持有
2023-09-27,15.09,3.51,0.1656,145962.24,63961.24,209923.48,0.6953,持有
2023-09-28,15.11,3.52,0.1662,146154.55,63961.24,210115.79,0.6956,持有
2023-10-09,15.03,3.50,0.1640,145385.32,63961.24,209346.56,0.6945,持有
2023-10-10,15.04,3.50,0.1642,145481.47,63961.24,209442.71,0.6946,持有
2023-10-11,15.14,3.52,0.1675,146443.01,63961.24,210404.25,0.6960,持有
2023-10-12,15.28,3.55,0.1696,147789.17,63961.24,211750.41,0.6979,持有
2023-10-13,15.04,3.50,0.1641,145481.47,63961.24,209442.71,0.6946,持有
2023-10-16,14.87,3.46,0.1619,143846.85,63961.24,207808.09,0.6922,持有
2023-10-17,15.04,3.50,0.1643,145481.47,63961.24,209442.71,0.6946,持有
2023-10-18,14.93,3.47,0.1630,144423.77,63961.24,208385.01,0.6931,持有
2023-10-19,14.88,3.46,0.1621,143943.00,63961.24,207904.24,0.6924,持有
2023-10-20,14.87,3.46,0.1617,143846.85,63961.24,207808.09,0.6922,持有
2023-10-23,14.45,3.36,0.1550,139808.37,63961.24,203769.61,0.6861,持有
2023-10-24,14.90,3.47,0.1637,144135.31,63961.24,208096.55,0.6926,持有
2023-10-25,14.82,3.45,0.1613,143366.08,63961.24,207327.32,0.6915,持有
2023-10-26,14.75,3.43,0.1606,142693.00,63961.24,206654.23,0.6905,持有
2023-10-27,14.97,3.48,0.1657,144808.39,63961.24,208769.63,0.6936,持有
2023-10-30,15.10,3.42,0.1593,146058.40,63961.24,210019.64,0.6955,持有
2023-10-31,15.18,3.44,0.1611,146827.63,63961.24,210788.87,0.6966,持有
2023-11-01,15.10,3.42,0.1592,146058.40,63961.24,210019.64,0.6955,持有
2023-11-02,14.96,3.39,0.1568,144712.24,63961.24,208673.48,0.6935,持有
2023-11-03,15.27,3.46,0.1627,147693.02,63961.24,211654.26,0.6978,持有
2023-11-06,15.69,3.55,0.1736,151827.66,63961.24,215788.89,0.7036,持有
2023-11-07,15.57,3.53,0.1720,150673.80,63961.24,214635.04,0.7020,持有
2023-11-08,15.47,3.50,0.1689,149712.26,63961.24,213673.50,0.7007,持有
2023-11-09,15.44,3.50,0.1674,149423.80,63961.24,213385.04,0.7003,持有
2023-11-10,15.33,3.47,0.1655,148366.10,63961.24,212327.34,0.6988,持有
2023-11-13,15.34,3.48,0.1661,148462.26,63961.24,212423.49,0.6989,持有
2023-11-14,15.45,3.50,0.1690,149519.95,63961.24,213481.19,0.7004,持有
2023-11-15,15.44,3.50,0.1678,149423.80,63961.24,213385.04,0.7003,持有
2023-11-16,15.20,3.44,0.1614,147019.94,63961.24,210981.18,0.6968,持有
2023-11-17,15.21,3.44,0.1616,147116.09,63961.24,211077.33,0.6970,持有
2023-11-20,15.16,3.43,0.1610,146635.32,63961.24,210596.56,0.6963,持有
2023-11-21,15.11,3.42,0.1597,146154.55,63961.24,210115.79,0.6956,持有
2023-11-22,14.91,3.38,0.1555,144231.47,63961.24,208192.70,0.6928,持有
2023-11-23,14.96,3.39,0.1563,144712.24,63961.24,208673.48,0.6935,持有
2023-11-24,14.79,3.35,0.1512,143077.61,63961.24,207038.85,0.6911,持有
2023-11-27,14.73,3.34,0.1490,142500.69,63961.24,206461.93,0.6902,持有
2023-11-28,14.72,3.33,0.1487,142404.53,63961.24,206365.77,0.6901,持有
2023-11-29,14.54,3.29,0.1441,140673.76,63961.24,204634.99,0.6874,持有
2023-11-30,14.55,3.30,0.1444,140769.91,63961.24,204731.15,0.6876,持有
2023-12-01,14.63,3.31,0.1471,141539.14,63961.24,205500.38,0.6888,持有
2023-12-04,14.63,3.31,0.1470,141539.14,63961.24,205500.38,0.6888,持有
2023-12-05,14.39,3.26,0.1434,139231.44,63961.24,203192.68,0.6852,持有
2023-12-06,14.32,3.24,0.1424,138558.36,63961.24,202519.60,0.6842,持有
2023-12-07,14.37,3.25,0.1436,139039.13,63961.24,203000.37,0.6849,持有
2023-12-08,14.28,3.23,0.1417,138173.74,63961.24,202134.98,0.6836,持有
2023-12-12,14.42,3.27,0.1447,139519.90,63961.24,203481.14,0.6857,持有
2023-12-13,14.09,3.19,0.1378,136346.81,63961.24,200308.05,0.6807,持有
2023-12-14,14.06,3.18,0.1371,136058.35,63961.24,200019.59,0.6802,持有
2023-12-15,14.09,3.19,0.1380,136346.81,63961.24,200308.05,0.6807,持有
2023-12-18,14.07,3.19,0.1376,136154.50,63961.24,200115.74,0.6804,持有
2023-12-19,14.08,3.19,0.1382,136250.66,63961.24,200211.90,0.6805,持有
2023-12-20,13.77,3.12,0.1307,133269.87,63961.24,197231.11,0.6757,持有
2023-12-21,13.83,3.13,0.1324,133846.80,63961.24,197808.04,0.6766,持有
2023-12-22,13.80,3.13,0.1321,133558.34,63961.24,197519.58,0.6762,持有
2023-12-25,13.77,3.12,0.1306,133269.87,63961.24,197231.11,0.6757,持有
2023-12-26,13.61,3.08,0.1266,131635.25,63961.24,195596.49,0.6730,持有
2023-12-27,13.34,3.02,0.1224,129039.08,63961.24,193000.32,0.6686,持有
2023-12-28,13.87,3.14,0.1346,134231.42,63961.24,198192.66,0.6773,持有
2023-12-29,13.95,3.16,0.1364,135000.65,63961.24,198961.89,0.6785,持有
2024-01-02,13.72,3.11,0.1304,132692.95,63961.24,196654.19,0.6748,持有
2024-01-03,13.63,3.09,0.1279,131827.56,63961.24,195788.80,0.6733,持有
2024-01-04,13.38,3.03,0.1231,129423.70,63961.24,193384.94,0.6693,持有
2024-01-05,13.20,2.99,0.1186,127692.92,63961.24,191654.16,0.6663,持有
2024-01-08,12.99,2.94,0.1105,125673.68,63961.24,189634.92,0.6627,持有
2024-01-09,13.02,2.95,0.1123,125962.15,63961.24,189923.38,0.6632,持有
2024-01-10,12.90,2.92,0.1054,124808.29,63961.24,188769.53,0.6612,持有
2024-01-11,13.09,2.96,0.1152,126635.23,63961.24,190596.47,0.6644,持有
2024-01-12,12.87,2.91,0.1039,124519.83,63961.24,188481.07,0.6606,持有
2024-01-15,12.75,2.89,0.0982,123365.98,63961.24,187327.22,0.6586,买入(补至100%)
2024-01-16,12.85,2.91,0.1029,188785.08,201.60,188986.68,0.9989,持有
2024-01-17,12.35,2.80,0.0874,181484.81,201.60,181686.40,0.9989,持有
2024-01-18,12.74,2.89,0.0984,187179.02,201.60,187380.62,0.9989,持有
2024-01-19,12.62,2.86,0.0933,185426.95,201.60,185628.55,0.9989,持有
2024-01-22,12.33,2.79,0.0870,181192.79,201.60,181394.39,0.9989,持有
2024-01-23,12.63,2.86,0.0947,185572.96,201.60,185774.56,0.9989,持有
2024-01-24,13.19,2.99,0.1208,193749.27,201.60,193950.86,0.9990,持有
2024-01-25,13.27,3.00,0.1235,194917.31,201.60,195118.91,0.9990,持有
2024-01-26,13.04,2.95,0.1154,191559.18,201.60,191760.78,0.9989,持有
2024-01-29,12.74,2.89,0.0991,187179.02,201.60,187380.62,0.9989,持有
2024-01-30,12.48,2.83,0.0902,183382.88,201.60,183584.48,0.9989,持有
2024-01-31,12.40,2.81,0.0886,182214.83,201.60,182416.43,0.9989,持有
2024-02-01,12.61,2.86,0.0940,185280.95,201.60,185482.55,0.9989,持有
2024-02-02,12.37,2.80,0.0883,181776.82,201.60,181978.42,0.9989,持有
2024-02-05,12.25,2.78,0.0838,180024.75,201.60,180226.35,0.9989,持有
2024-02-06,13.12,2.97,0.1202,192727.23,201.60,192928.83,0.9990,持有
2024-02-07,13.05,2.96,0.1184,191705.19,201.60,191906.79,0.9989,持有
2024-02-08,13.19,2.99,0.1231,193749.27,201.60,193950.86,0.9990,持有
2024-02-19,13.15,2.98,0.1213,193165.24,201.60,193366.84,0.9990,持有
2024-02-20,13.26,3.00,0.1257,194771.30,201.60,194972.90,0.9990,持有
2024-02-21,13.54,3.07,0.1331,198859.46,201.60,199061.06,0.9990,持有
2024-02-22,13.65,3.09,0.1372,200465.52,201.60,200667.12,0.9990,持有
2024-02-23,13.65,3.09,0.1371,200465.52,201.60,200667.12,0.9990,持有
2024-02-26,13.47,3.05,0.1315,197837.42,201.60,198039.02,0.9990,持有
2024-02-27,13.93,3.16,0.1447,204699.68,201.60,204901.27,0.9990,持有
2024-02-28,13.56,3.07,0.1337,199151.47,201.60,199353.07,0.9990,持有
2024-02-29,13.95,3.16,0.1455,204991.69,201.60,205193.29,0.9990,持有
2024-03-01,13.91,3.15,0.1446,204407.67,201.60,204609.26,0.9990,持有
2024-03-04,13.74,3.11,0.1395,201925.57,201.60,202127.17,0.9990,持有
2024-03-05,13.66,3.09,0.1386,200611.52,201.60,200813.12,0.9990,持有
2024-03-06,13.71,3.10,0.1392,201341.55,201.60,201543.15,0.9990,持有
2024-03-07,13.49,3.05,0.1317,198129.43,201.60,198331.03,0.9990,持有
2024-03-08,13.48,3.05,0.1317,197983.42,201.60,198185.02,0.9990,持有
2024-03-11,13.71,3.10,0.1396,201341.55,201.60,201543.15,0.9990,持有
2024-03-12,13.87,3.14,0.1449,203823.64,201.60,204025.24,0.9990,持有
2024-03-13,13.69,3.10,0.1392,201049.54,201.60,201251.14,0.9990,持有
2024-03-14,13.55,3.07,0.1339,199005.46,201.60,199207.06,0.9990,持有
2024-03-15,13.58,3.01,0.1268,199443.48,201.60,199645.08,0.9990,持有
2024-03-18,13.88,3.08,0.1353,203969.65,201.60,204171.25,0.9990,持有
2024-03-19,13.63,3.02,0.1291,200173.51,201.60,200375.11,0.9990,持有
2024-03-20,13.64,3.02,0.1296,200319.51,201.60,200521.11,0.9990,持有
2024-03-21,13.75,3.05,0.1316,202071.58,201.60,202273.18,0.9990,持有
2024-03-22,13.47,2.99,0.1222,197837.42,201.60,198039.02,0.9990,持有
2024-03-25,13.09,2.90,0.1028,192289.21,201.60,192490.81,0.9990,持有
2024-03-26,13.06,2.90,0.1022,191851.19,201.60,192052.79,0.9990,持有
2024-03-27,12.71,2.82,0.0892,186741.00,201.60,186942.60,0.9989,持有
2024-03-28,12.80,2.84,0.0918,188055.05,201.60,188256.65,0.9989,持有
2024-03-29,12.81,2.84,0.0930,188201.06,201.60,188402.66,0.9989,持有
2024-04-01,13.01,2.88,0.0997,191121.17,201.60,191322.77,0.9989,持有
2024-04-02,12.87,2.85,0.0944,189077.09,201.60,189278.69,0.9989,持有
2024-04-03,12.73,2.82,0.0897,187033.01,201.60,187234.61,0.9989,持有
2024-04-08,12.45,2.76,0.0815,182944.86,201.60,183146.46,0.9989,持有
2024-04-09,12.53,2.78,0.0838,184112.90,201.60,184314.50,0.9989,持有
2024-04-10,12.34,2.74,0.0799,181338.80,201.60,181540.40,0.9989,持有
2024-04-11,12.24,2.71,0.0787,179878.75,201.60,180080.34,0.9989,持有
2024-04-12,12.03,2.67,0.0755,176666.62,201.60,176868.22,0.9989,持有
2024-04-15,12.37,2.74,0.0810,181776.82,201.60,181978.42,0.9989,持有
2024-04-16,12.16,2.68,0.0769,178710.70,201.60,178912.30,0.9989,持有
2024-04-17,12.45,2.75,0.0819,182944.86,201.60,183146.46,0.9989,持有
2024-04-18,12.39,2.74,0.0804,182068.83,201.60,182270.43,0.9989,持有
2024-04-19,12.25,2.70,0.0786,180024.75,201.60,180226.35,0.9989,持有
2024-04-22,12.30,2.72,0.0798,180754.78,201.60,180956.38,0.9989,持有
2024-04-23,12.40,2.73,0.0809,182219.65,201.60,182421.25,0.9989,持有
2024-04-24,12.41,2.73,0.0812,182366.13,201.60,182567.73,0.9989,持有
2024-04-25,12.31,2.65,0.0741,180901.34,201.60,181102.94,0.9989,持有
2024-04-26,13.08,2.82,0.0931,192180.21,201.60,192381.81,0.9990,持有
2024-04-29,13.21,2.85,0.0980,194084.44,201.60,194286.03,0.9990,持有
2024-04-30,13.01,2.80,0.0916,191154.86,201.60,191356.46,0.9989,持有
2024-05-06,13.21,2.85,0.0983,194084.44,201.60,194286.03,0.9990,持有
2024-05-07,13.14,2.83,0.0956,193059.08,201.60,193260.68,0.9990,持有
2024-05-08,12.92,2.78,0.0886,189836.55,201.60,190038.15,0.9989,持有
2024-05-09,13.04,2.81,0.0926,191594.30,201.60,191795.89,0.9989,持有
2024-05-10,13.07,2.82,0.0935,192033.73,201.60,192235.33,0.9990,持有
2024-05-13,12.97,2.79,0.0902,190568.94,201.60,190770.54,0.9989,持有
2024-05-14,13.01,2.80,0.0920,191154.86,201.60,191356.46,0.9989,持有
2024-05-15,12.67,2.73,0.0812,186174.58,201.60,186376.18,0.9989,持有
2024-05-16,12.78,2.75,0.0838,187785.85,201.60,187987.44,0.9989,持有
2024-05-17,13.03,2.81,0.0933,191447.82,201.60,191649.42,0.9989,持有
2024-05-20,13.06,2.81,0.0945,191887.25,201.60,192088.85,0.9990,持有
2024-05-21,13.00,2.80,0.0921,191008.38,201.60,191209.98,0.9989,持有
2024-05-22,13.01,2.80,0.0927,191154.86,201.60,191356.46,0.9989,持有
2024-05-23,12.72,2.74,0.0825,186906.97,201.60,187108.57,0.9989,持有
2024-05-24,12.49,2.69,0.0772,183537.96,201.60,183739.56,0.9989,持有
2024-05-27,12.63,2.72,0.0807,185588.66,201.60,185790.26,0.9989,持有
2024-05-28,12.49,2.69,0.0772,183537.96,201.60,183739.56,0.9989,持有
2024-05-29,12.45,2.68,0.0766,182952.05,201.60,183153.64,0.9989,持有
2024-05-30,12.40,2.67,0.0754,182219.65,201.60,182421.25,0.9989,持有
2024-05-31,12.37,2.67,0.0748,181780.21,201.60,181981.81,0.9989,持有
2024-06-03,12.26,2.64,0.0728,180168.95,201.60,180370.55,0.9989,持有
2024-06-04,12.35,2.66,0.0751,181487.26,201.60,181688.86,0.9989,持有
2024-06-05,12.32,2.66,0.0742,181047.82,201.60,181249.42,0.9989,持有
2024-06-06,12.22,2.63,0.0724,179583.03,201.60,179784.63,0.9989,持有
2024-06-07,12.12,2.61,0.0706,178118.24,201.60,178319.84,0.9989,持有
2024-06-11,12.08,2.60,0.0703,177532.33,201.60,177733.93,0.9989,持有
2024-06-12,12.14,2.62,0.0718,178411.20,201.60,178612.80,0.9989,持有
2024-06-13,12.13,2.61,0.0712,178264.72,201.60,178466.32,0.9989,持有
2024-06-14,12.30,2.65,0.0749,180754.86,201.60,180956.46,0.9989,持有
2024-06-17,12.30,2.65,0.0749,180754.86,201.60,180956.46,0.9989,持有
2024-06-18,12.34,2.66,0.0772,181340.78,201.60,181542.38,0.9989,持有
2024-06-19,12.15,2.62,0.0722,178557.68,201.60,178759.28,0.9989,持有
2024-06-20,11.90,2.56,0.0664,174895.71,201.60,175097.31,0.9988,持有
2024-06-21,11.90,2.56,0.0664,174895.71,201.60,175097.31,0.9988,持有
2024-06-24,11.77,2.53,0.0641,172845.01,201.60,173046.61,0.9988,持有
2024-06-25,11.51,2.48,0.0600,169036.56,201.60,169238.16,0.9988,持有
2024-06-26,11.66,2.51,0.0626,171233.74,201.60,171435.34,0.9988,持有
2024-06-27,11.31,2.44,0.0571,166106.98,201.60,166308.58,0.9988,持有
2024-06-28,10.53,2.27,0.0461,154681.63,201.60,154883.23,0.9987,持有
2024-07-01,10.44,2.25,0.0441,153363.32,201.60,153564.92,0.9987,持有
2024-07-02,10.24,2.21,0.0380,150433.75,201.60,150635.35,0.9987,持有
2024-07-03,10.23,2.20,0.0377,150287.27,201.60,150488.87,0.9987,持有
2024-07-04,10.10,2.18,0.0363,148383.04,201.60,148584.64,0.9986,持有
2024-07-05,10.18,2.19,0.0377,149554.87,201.60,149756.47,0.9987,持有
2024-07-08,9.93,2.14,0.0328,145892.90,201.60,146094.50,0.9986,持有
2024-07-09,10.10,2.18,0.0365,148383.04,201.60,148584.64,0.9986,持有
2024-07-10,10.09,2.17,0.0362,148236.56,201.60,148438.16,0.9986,持有
2024-07-11,10.40,2.24,0.0454,152777.41,201.60,152979.01,0.9987,持有
2024-07-12,10.33,2.23,0.0434,151752.06,201.60,151953.66,0.9987,持有
2024-07-15,10.30,2.22,0.0431,151312.62,201.60,151514.22,0.9987,持有
2024-07-16,10.42,2.24,0.0466,153070.37,201.60,153271.96,0.9987,持有
2024-07-17,10.47,2.26,0.0480,153802.76,201.60,154004.36,0.9987,持有
2024-07-18,10.51,2.26,0.0494,154388.68,201.60,154590.27,0.9987,持有
2024-07-19,10.67,2.30,0.0531,156732.34,201.60,156933.94,0.9987,持有
2024-07-22,10.66,2.30,0.0531,156585.86,201.60,156787.46,0.9987,持有
2024-07-23,10.32,2.22,0.0436,151605.58,201.60,151807.18,0.9987,持有
2024-07-24,10.11,2.18,0.0373,148529.52,201.60,148731.12,0.9986,持有
2024-07-25,10.24,2.21,0.0399,150433.75,201.60,150635.35,0.9987,持有
2024-07-26,10.49,2.26,0.0499,154095.72,201.60,154297.32,0.9987,持有
2024-07-29,10.37,2.23,0.0461,152337.97,201.60,152539.57,0.9987,持有
2024-07-30,10.35,2.23,0.0453,152045.01,201.60,152246.61,0.9987,持有
2024-07-31,11.11,2.39,0.0613,163177.40,201.60,163379.00,0.9988,持有
2024-08-01,10.95,2.36,0.0590,160833.74,201.60,161035.34,0.9987,持有
2024-08-02,10.75,2.32,0.0558,157904.17,201.60,158105.77,0.9987,持有
2024-08-05,10.70,2.30,0.0555,157171.77,201.60,157373.37,0.9987,持有
2024-08-06,10.72,2.31,0.0558,157464.73,201.60,157666.33,0.9987,持有
2024-08-07,10.65,2.29,0.0541,156439.38,201.60,156640.98,0.9987,持有
2024-08-08,10.64,2.29,0.0540,156292.90,201.60,156494.50,0.9987,持有
2024-08-09,10.43,2.25,0.0480,153216.84,201.60,153418.44,0.9987,持有
2024-08-12,10.52,2.22,0.0437,154535.15,201.60,154736.75,0.9987,持有
2024-08-13,10.69,2.25,0.0497,157025.29,201.60,157226.89,0.9987,持有
2024-08-14,10.62,2.24,0.0474,155999.94,201.60,156201.54,0.9987,持有
2024-08-15,10.64,2.24,0.0483,156292.90,201.60,156494.50,0.9987,持有
2024-08-16,10.54,2.22,0.0445,154828.11,201.60,155029.71,0.9987,持有
2024-08-19,10.58,2.23,0.0465,155414.03,201.60,155615.63,0.9987,持有
2024-08-20,10.49,2.21,0.0425,154095.72,201.60,154297.32,0.9987,持有
2024-08-21,10.48,2.21,0.0405,153949.24,201.60,154150.84,0.9987,持有
2024-08-22,10.16,2.14,0.0331,149261.92,201.60,149463.52,0.9987,持有
2024-08-23,10.27,2.17,0.0359,150873.18,201.60,151074.78,0.9987,持有
2024-08-26,10.30,2.17,0.0365,151312.62,201.60,151514.22,0.9987,持有
2024-08-27,10.18,2.15,0.0336,149554.87,201.60,149756.47,0.9987,持有
2024-08-28,10.19,2.15,0.0339,149701.35,201.60,149902.95,0.9987,持有
2024-08-29,10.36,2.19,0.0393,152191.49,201.60,152393.09,0.9987,持有
2024-08-30,10.77,2.27,0.0566,158197.12,201.60,158398.72,0.9987,持有
2024-09-02,10.37,2.19,0.0398,152337.97,201.60,152539.57,0.9987,持有
2024-09-03,10.43,2.20,0.0410,153216.84,201.60,153418.44,0.9987,持有
2024-09-04,10.43,2.20,0.0410,153216.84,201.60,153418.44,0.9987,持有
2024-09-05,10.62,2.24,0.0509,155999.94,201.60,156201.54,0.9987,持有
2024-09-06,10.53,2.22,0.0472,154681.63,201.60,154883.23,0.9987,持有
2024-09-09,10.52,2.22,0.0466,154535.15,201.60,154736.75,0.9987,持有
2024-09-10,10.49,2.21,0.0452,154095.72,201.60,154297.32,0.9987,持有
2024-09-11,10.50,2.21,0.0457,154242.20,201.60,154443.80,0.9987,持有
2024-09-12,10.42,2.20,0.0409,153070.37,201.60,153271.96,0.9987,持有
2024-09-13,10.35,2.18,0.0392,152045.01,201.60,152246.61,0.9987,持有
2024-09-18,10.40,2.19,0.0409,152777.41,201.60,152979.01,0.9987,持有
2024-09-19,10.73,2.26,0.0579,157611.21,201.60,157812.81,0.9987,持有
2024-09-20,10.73,2.26,0.0579,157611.21,201.60,157812.81,0.9987,持有
2024-09-23,10.70,2.26,0.0567,157171.77,201.60,157373.37,0.9987,持有
2024-09-24,11.92,2.52,0.0794,175188.67,201.60,175390.27,0.9989,持有
2024-09-25,12.38,2.61,0.0887,181926.69,201.60,182128.29,0.9989,持有
2024-09-26,14.06,2.97,0.1501,206535.14,201.60,206736.73,0.9990,持有
2024-09-27,16.87,3.56,0.2260,247842.16,201.60,248043.76,0.9992,持有
2024-09-30,20.24,4.27,0.3330,297352.00,201.60,297553.60,0.9993,持有
2024-10-08,24.29,5.12,0.5443,356822.40,201.60,357024.00,0.9994,持有
2024-10-09,24.83,5.24,0.5640,364732.26,201.60,364933.86,0.9994,持有
2024-10-10,20.49,4.32,0.3406,301013.97,201.60,301215.57,0.9993,持有
2024-10-11,20.79,4.39,0.3538,305408.34,201.60,305609.94,0.9993,持有
2024-10-14,21.01,4.43,0.3644,308630.87,201.60,308832.47,0.9993,持有
2024-10-15,20.10,4.24,0.3282,295301.30,201.60,295502.90,0.9993,持有
2024-10-16,20.32,4.29,0.3348,298523.83,201.60,298725.43,0.9993,持有
2024-10-17,19.84,4.19,0.3201,291492.85,201.60,291694.45,0.9993,持有
2024-10-18,22.88,4.83,0.4742,336168.89,201.60,336370.49,0.9994,持有
2024-10-21,22.18,4.68,0.4351,325915.37,201.60,326116.97,0.9994,持有
2024-10-22,22.56,4.76,0.4567,331481.57,201.60,331683.17,0.9994,持有
2024-10-23,22.45,4.74,0.4515,329870.30,201.60,330071.90,0.9994,持有
2024-10-24,22.12,4.67,0.4307,325036.50,201.60,325238.10,0.9994,持有
2024-10-25,22.63,4.77,0.4625,332506.92,201.60,332708.52,0.9994,持有
2024-10-28,22.59,4.65,0.4243,331921.00,201.60,332122.60,0.9994,持有
2024-10-29,22.11,4.55,0.3935,324890.02,201.60,325091.62,0.9994,持有
2024-10-30,21.51,4.43,0.3629,315954.81,201.60,316156.41,0.9994,持有
2024-10-31,23.12,4.76,0.4569,339684.38,201.60,339885.98,0.9994,持有
2024-11-01,22.93,4.72,0.4455,336901.28,201.60,337102.88,0.9994,持有
2024-11-04,24.71,5.08,0.5369,362974.51,201.60,363176.11,0.9994,持有
2024-11-05,27.27,5.61,0.6136,400619.57,201.60,400821.17,0.9995,持有
2024-11-06,26.36,5.42,0.5855,387290.00,201.60,387491.60,0.9995,持有
2024-11-07,29.91,6.15,0.6453,439436.46,201.60,439638.06,0.9995,持有
2024-11-08,28.16,5.79,0.6296,413656.19,201.60,413857.78,0.9995,持有
2024-11-11,28.62,5.89,0.6348,420394.21,201.60,420595.81,0.9995,持有
2024-11-12,28.27,5.82,0.6307,415267.45,201.60,415469.05,0.9995,持有
2024-11-13,28.10,5.78,0.6285,412777.31,201.60,412978.91,0.9995,持有
2024-11-14,27.33,5.62,0.6135,401498.44,201.60,401700.04,0.9995,持有
2024-11-15,25.55,5.26,0.5667,375425.21,201.60,375626.81,0.9995,持有
2024-11-18,25.75,5.30,0.5705,378354.79,201.60,378556.39,0.9995,持有
2024-11-19,26.89,5.53,0.6017,395053.38,201.60,395254.97,0.9995,持有
2024-11-20,26.59,5.47,0.5915,390659.01,201.60,390860.61,0.9995,持有
2024-11-21,27.31,5.62,0.6132,401205.49,201.60,401407.08,0.9995,持有
2024-11-22,25.82,5.31,0.5718,379380.14,201.60,379581.74,0.9995,持有
2024-11-25,25.30,5.20,0.5582,371616.76,201.60,371818.36,0.9995,持有
2024-11-26,25.07,5.16,0.5499,368247.75,201.60,368449.35,0.9995,持有
2024-11-27,26.33,5.42,0.5831,386850.56,201.60,387052.16,0.9995,持有
2024-11-28,25.70,5.29,0.5692,377622.40,201.60,377823.99,0.9995,持有
2024-11-29,27.18,5.59,0.6105,399301.26,201.60,399502.86,0.9995,持有
2024-12-02,27.38,5.63,0.6165,402230.84,201.60,402432.44,0.9995,持有
2024-12-03,27.28,5.61,0.6135,400766.05,201.60,400967.65,0.9995,持有
2024-12-04,26.85,5.52,0.5999,394467.46,201.60,394669.06,0.9995,持有
2024-12-05,27.40,5.64,0.6171,402523.80,201.60,402725.39,0.9995,持有
2024-12-06,27.76,5.71,0.6244,407797.03,201.60,407998.63,0.9995,持有
2024-12-09,27.46,5.65,0.6198,403402.67,201.60,403604.27,0.9995,持有
2024-12-10,27.92,5.74,0.6277,410140.69,201.60,410342.29,0.9995,持有
2024-12-11,27.57,5.67,0.6214,405013.93,201.60,405215.53,0.9995,持有
2024-12-12,27.83,5.73,0.6260,408822.38,201.60,409023.98,0.9995,持有
2024-12-13,26.33,5.42,0.5814,386850.56,201.60,387052.16,0.9995,持有
2024-12-16,25.67,5.28,0.5662,377182.96,201.60,377384.56,0.9995,持有
2024-12-17,25.80,5.31,0.5699,379087.18,201.60,379288.78,0.9995,持有
2024-12-18,25.73,5.30,0.5678,378061.83,201.60,378263.43,0.9995,持有
2024-12-19,25.77,5.30,0.5690,378647.75,201.60,378849.35,0.9995,持有
2024-12-20,26.03,5.36,0.5739,382456.20,201.60,382657.80,0.9995,持有
2024-12-23,25.82,5.31,0.5704,379380.14,201.60,379581.74,0.9995,持有
2024-12-24,26.21,5.39,0.5786,385092.82,201.60,385294.41,0.9995,持有
2024-12-25,26.02,5.35,0.5731,382309.72,201.60,382511.32,0.9995,持有
2024-12-26,25.99,5.35,0.5727,381870.28,201.60,382071.88,0.9995,持有
2024-12-27,26.47,5.45,0.5879,388901.26,201.60,389102.86,0.9995,持有
2024-12-30,27.08,5.57,0.6077,397836.47,201.60,398038.07,0.9995,持有
2024-12-31,25.74,5.30,0.5669,378208.31,201.60,378409.91,0.9995,持有
2025-01-02,23.92,4.92,0.4989,351402.69,201.60,351604.29,0.9994,持有
2025-01-03,22.79,4.69,0.4320,334850.58,201.60,335052.18,0.9994,持有
2025-01-06,22.47,4.62,0.4110,330163.26,201.60,330364.86,0.9994,持有
2025-01-07,22.94,4.72,0.4409,337047.76,201.60,337249.36,0.9994,持有
2025-01-08,22.49,4.63,0.4125,330456.22,201.60,330657.81,0.9994,持有
2025-01-09,22.42,4.61,0.4057,329430.86,201.60,329632.46,0.9994,持有
2025-01-10,21.82,4.49,0.3708,320495.66,201.60,320697.25,0.9994,持有
2025-01-13,22.06,4.54,0.3857,324011.15,201.60,324212.75,0.9994,持有
2025-01-14,23.79,4.90,0.4903,349498.46,201.60,349700.06,0.9994,持有
2025-01-15,23.25,4.78,0.4602,341588.61,201.60,341790.20,0.9994,持有
2025-01-16,23.32,4.80,0.4639,342613.96,201.60,342815.56,0.9994,持有
2025-01-17,23.37,4.81,0.4674,343346.35,201.60,343547.95,0.9994,持有
2025-01-20,23.44,4.82,0.4703,344371.70,201.60,344573.30,0.9994,持有
2025-01-21,23.78,4.89,0.4899,349351.98,201.60,349553.58,0.9994,持有
2025-01-22,23.60,4.86,0.4823,346715.36,201.60,346916.96,0.9994,持有
2025-01-23,23.66,4.87,0.4852,347594.24,201.60,347795.84,0.9994,持有
2025-01-24,24.02,4.94,0.5069,352867.48,201.60,353069.07,0.9994,持有
2025-01-27,22.87,4.71,0.4356,336022.41,201.60,336224.01,0.9994,持有
2025-02-05,22.92,4.72,0.4396,336754.81,201.60,336956.40,0.9994,持有
2025-02-06,23.62,4.86,0.4830,347008.32,201.60,347209.92,0.9994,持有
2025-02-07,24.21,4.98,0.5152,355650.57,201.60,355852.17,0.9994,持有
2025-02-10,24.27,4.99,0.5187,356529.45,201.60,356731.04,0.9994,持有
2025-02-11,23.87,4.91,0.4981,350670.29,201.60,350871.89,0.9994,持有
2025-02-12,24.47,5.03,0.5250,359459.02,201.60,359660.62,0.9994,持有
2025-02-13,24.09,4.96,0.5113,353892.83,201.60,354094.43,0.9994,持有
2025-02-14,24.15,4.97,0.5131,354771.70,201.60,354973.30,0.9994,持有
2025-02-17,24.30,5.00,0.5207,356968.88,201.60,357170.48,0.9994,持有
2025-02-18,23.26,4.79,0.4590,341735.09,201.60,341936.68,0.9994,持有
2025-02-19,23.75,4.89,0.4890,348912.55,201.60,349114.15,0.9994,持有
2025-02-20,23.50,4.84,0.4739,345250.58,201.60,345452.18,0.9994,持有
2025-02-21,24.28,5.00,0.5204,356675.92,201.60,356877.52,0.9994,持有
2025-02-24,24.05,4.95,0.5084,353306.91,201.60,353508.51,0.9994,持有
2025-02-25,23.63,4.86,0.4823,347154.80,201.60,347356.40,0.9994,持有
2025-02-26,24.33,5.01,0.5216,357408.32,201.60,357609.92,0.9994,持有
2025-02-27,24.06,4.95,0.5102,353453.39,201.60,353654.99,0.9994,持有
2025-02-28,23.16,4.77,0.4533,340270.30,201.60,340471.90,0.9994,持有
2025-03-03,22.88,4.71,0.4344,336168.89,201.60,336370.49,0.9994,持有
2025-03-04,22.91,4.71,0.4362,336608.33,201.60,336809.93,0.9994,持有
2025-03-05,22.91,4.71,0.4361,336608.33,201.60,336809.93,0.9994,持有
2025-03-06,23.86,4.91,0.4966,350523.81,201.60,350725.41,0.9994,持有
2025-03-07,23.34,4.80,0.4637,342906.92,201.60,343108.51,0.9994,持有
2025-03-10,23.20,4.77,0.4558,340856.21,201.60,341057.81,0.9994,持有
2025-03-11,23.31,4.80,0.4618,342467.48,201.60,342669.08,0.9994,持有
2025-03-12,23.54,4.84,0.4773,345836.49,201.60,346038.09,0.9994,持有
2025-03-13,23.28,4.79,0.4593,342028.04,201.60,342229.64,0.9994,持有
2025-03-14,24.36,5.01,0.5246,357847.76,201.60,358049.35,0.9994,持有
2025-03-17,24.01,4.71,0.4335,352721.00,201.60,352922.60,0.9994,持有
2025-03-18,24.06,4.72,0.4375,353453.39,201.60,353654.99,0.9994,持有
2025-03-19,23.96,4.70,0.4303,351988.60,201.60,352190.20,0.9994,持有
2025-03-20,23.74,4.66,0.4189,348766.07,201.60,348967.67,0.9994,持有
2025-03-21,23.20,4.55,0.3836,340856.21,201.60,341057.81,0.9994,持有
2025-03-24,23.20,4.55,0.3835,340856.21,201.60,341057.81,0.9994,持有
2025-03-25,22.86,4.48,0.3651,335875.93,201.60,336077.53,0.9994,持有
2025-03-26,22.90,4.49,0.3674,336461.85,201.60,336663.45,0.9994,持有
2025-03-27,22.91,4.49,0.3681,336608.33,201.60,336809.93,0.9994,持有
2025-03-28,22.93,4.50,0.3694,336901.28,201.60,337102.88,0.9994,持有
2025-03-31,22.51,4.42,0.3504,330749.17,201.60,330950.77,0.9994,持有
2025-04-01,22.13,4.34,0.3344,325182.98,201.60,325384.58,0.9994,持有
2025-04-02,22.37,4.39,0.3447,328698.47,201.60,328900.07,0.9994,持有
2025-04-03,22.38,4.39,0.3460,328844.95,201.60,329046.55,0.9994,持有
2025-04-07,19.27,3.78,0.2455,283143.56,201.60,283345.16,0.9993,持有
2025-04-08,19.64,3.85,0.2542,288563.27,201.60,288764.87,0.9993,持有
2025-04-09,20.44,4.01,0.2763,300281.58,201.60,300483.18,0.9993,持有
2025-04-10,20.44,4.01,0.2762,300281.58,201.60,300483.18,0.9993,持有
2025-04-11,20.52,4.02,0.2794,301453.41,201.60,301655.01,0.9993,持有
2025-04-14,20.54,4.03,0.2799,301746.37,201.60,301947.97,0.9993,持有
2025-04-15,20.38,4.00,0.2740,299402.71,201.60,299604.31,0.9993,持有
2025-04-16,20.32,3.97,0.2699,298521.12,201.60,298722.72,0.9993,持有
2025-04-17,20.25,3.96,0.2673,297492.75,201.60,297694.35,0.9993,持有
2025-04-18,20.48,4.00,0.2757,300871.68,201.60,301073.28,0.9993,持有
2025-04-21,20.63,4.03,0.2817,303075.33,201.60,303276.93,0.9993,持有
2025-04-22,20.55,4.02,0.2791,301900.05,201.60,302101.65,0.9993,持有
2025-04-23,20.62,4.03,0.2818,302928.42,201.60,303130.02,0.9993,持有
2025-04-24,20.48,4.00,0.2754,300871.68,201.60,301073.28,0.9993,持有
2025-04-25,20.70,4.05,0.2838,304103.70,201.60,304305.30,0.9993,持有
2025-04-28,20.56,3.90,0.2597,302046.96,201.60,302248.56,0.9993,持有
2025-04-29,20.49,3.88,0.2583,301018.59,201.60,301220.19,0.9993,持有
2025-04-30,20.57,3.90,0.2604,302193.87,201.60,302395.47,0.9993,持有
2025-05-06,20.99,3.98,0.2707,308364.09,201.60,308565.69,0.9993,持有
2025-05-07,21.25,4.03,0.2815,312183.75,201.60,312385.35,0.9994,持有
2025-05-08,21.22,4.02,0.2806,311743.02,201.60,311944.62,0.9994,持有
2025-05-09,20.83,3.95,0.2656,306013.53,201.60,306215.13,0.9993,持有
2025-05-12,21.72,4.12,0.2979,319088.52,201.60,319290.12,0.9994,持有
2025-05-13,21.45,4.07,0.2905,315121.95,201.60,315323.55,0.9994,持有
2025-05-14,22.53,4.27,0.3271,330988.23,201.60,331189.83,0.9994,持有
2025-05-15,21.82,4.14,0.3023,320557.62,201.60,320759.22,0.9994,持有
2025-05-16,21.53,4.08,0.2924,316297.23,201.60,316498.83,0.9994,持有
2025-05-19,21.50,4.08,0.2918,315856.50,201.60,316058.10,0.9994,持有
2025-05-20,21.52,4.08,0.2925,316150.32,201.60,316351.92,0.9994,持有
2025-05-21,21.38,4.06,0.2870,314093.58,201.60,314295.18,0.9994,持有
2025-05-22,21.23,4.03,0.2818,311889.93,201.60,312091.53,0.9994,持有
2025-05-23,20.78,3.94,0.2640,305278.98,201.60,305480.58,0.9993,持有
2025-05-26,20.80,3.95,0.2645,305572.80,201.60,305774.40,0.9993,持有
2025-05-27,20.69,3.93,0.2631,303956.79,201.60,304158.39,0.9993,持有
2025-05-28,20.50,3.89,0.2579,301165.50,201.60,301367.10,0.9993,持有
2025-05-29,20.85,3.96,0.2667,306307.35,201.60,306508.95,0.9993,持有
2025-05-30,20.62,3.91,0.2612,302928.42,201.60,303130.02,0.9993,持有
2025-06-03,20.66,3.92,0.2625,303516.06,201.60,303717.66,0.9993,持有
2025-06-04,20.94,3.97,0.2711,307629.54,201.60,307831.14,0.9993,持有
2025-06-05,21.13,4.01,0.2789,310420.83,201.60,310622.43,0.9994,持有
2025-06-06,20.89,3.96,0.2696,306894.99,201.60,307096.59,0.9993,持有
2025-06-09,21.46,4.07,0.2936,315268.86,201.60,315470.46,0.9994,持有
2025-06-10,20.97,3.98,0.2719,308070.27,201.60,308271.87,0.9993,持有
2025-06-11,21.49,4.08,0.2946,315709.59,201.60,315911.19,0.9994,持有
2025-06-12,21.65,4.11,0.3010,318060.15,201.60,318261.75,0.9994,持有
2025-06-13,21.33,4.05,0.2868,313359.03,201.60,313560.63,0.9994,持有
2025-06-16,21.73,4.12,0.3038,319235.43,201.60,319437.03,0.9994,持有
2025-06-17,21.71,4.12,0.3018,318941.61,201.60,319143.21,0.9994,持有
2025-06-18,21.50,4.08,0.2955,315856.50,201.60,316058.10,0.9994,持有
2025-06-19,20.93,3.97,0.2703,307482.63,201.60,307684.23,0.9993,持有
2025-06-20,20.71,3.93,0.2638,304250.61,201.60,304452.21,0.9993,持有
2025-06-23,20.93,3.97,0.2704,307482.63,201.60,307684.23,0.9993,持有
2025-06-24,21.81,4.14,0.3081,320410.71,201.60,320612.31,0.9994,持有
2025-06-25,24.00,4.55,0.3955,352584.00,201.60,352785.60,0.9994,持有
2025-06-26,23.13,4.39,0.3546,339802.83,201.60,340004.43,0.9994,持有
2025-06-27,23.04,4.37,0.3486,338480.64,201.60,338682.24,0.9994,持有
2025-06-30,23.13,4.39,0.3547,339802.83,201.60,340004.43,0.9994,持有
2025-07-01,22.88,4.34,0.3436,336130.08,201.60,336331.68,0.9994,持有
2025-07-02,22.71,4.31,0.3376,333632.61,201.60,333834.21,0.9994,持有
2025-07-03,22.88,4.34,0.3437,336130.08,201.60,336331.68,0.9994,持有
2025-07-04,22.80,4.33,0.3401,334954.80,201.60,335156.40,0.9994,持有
2025-07-07,22.75,4.32,0.3389,334220.25,201.60,334421.85,0.9994,持有
2025-07-08,23.15,4.39,0.3568,340096.65,201.60,340298.25,0.9994,持有
2025-07-09,22.93,4.35,0.3457,336864.63,201.60,337066.23,0.9994,持有
2025-07-10,23.15,4.39,0.3569,340096.65,201.60,340298.25,0.9994,持有
2025-07-11,23.86,4.53,0.3894,350527.26,201.60,350728.86,0.9994,持有
2025-07-14,23.62,4.48,0.3761,347001.42,201.60,347203.02,0.9994,持有
2025-07-15,23.53,4.47,0.3727,345679.23,201.60,345880.83,0.9994,持有
2025-07-16,23.42,4.44,0.3684,344063.22,201.60,344264.82,0.9994,持有
2025-07-17,23.60,4.48,0.3755,346707.60,201.60,346909.20,0.9994,持有
2025-07-18,23.52,4.46,0.3722,345532.32,201.60,345733.92,0.9994,持有
2025-07-21,23.35,4.43,0.3651,343034.85,201.60,343236.45,0.9994,持有
2025-07-22,23.54,4.47,0.3744,345826.14,201.60,346027.74,0.9994,持有
2025-07-23,23.71,4.50,0.3829,348323.61,201.60,348525.21,0.9994,持有
2025-07-24,24.32,4.62,0.4155,357285.12,201.60,357486.72,0.9994,持有
2025-07-25,23.99,4.55,0.3980,352437.09,201.60,352638.69,0.9994,持有
2025-07-28,24.12,4.58,0.4040,354346.92,201.60,354548.52,0.9994,持有
2025-07-29,24.18,4.59,0.4069,355228.38,201.60,355429.98,0.9994,持有
2025-07-30,23.81,4.52,0.3872,349792.71,201.60,349994.31,0.9994,持有
2025-07-31,23.23,4.41,0.3590,341271.93,201.60,341473.53,0.9994,持有
2025-08-01,23.17,4.40,0.3565,340390.47,201.60,340592.07,0.9994,持有
2025-08-04,23.35,4.43,0.3647,343034.85,201.60,343236.45,0.9994,持有
2025-08-05,23.63,4.48,0.3774,347148.33,201.60,347349.93,0.9994,持有
2025-08-06,23.63,4.48,0.3773,347148.33,201.60,347349.93,0.9994,持有
2025-08-07,23.54,4.47,0.3740,345826.14,201.60,346027.74,0.9994,持有
2025-08-08,23.20,4.40,0.3570,340831.20,201.60,341032.80,0.9994,持有
2025-08-11,23.80,4.52,0.3877,349645.80,201.60,349847.40,0.9994,持有
2025-08-12,23.99,4.55,0.3991,352437.09,201.60,352638.69,0.9994,持有
2025-08-13,24.58,4.66,0.4353,361104.78,201.60,361306.38,0.9994,持有
2025-08-14,24.36,4.62,0.4216,357872.76,201.60,358074.36,0.9994,持有
2025-08-15,26.76,5.08,0.5481,393131.16,201.60,393332.76,0.9995,持有
2025-08-18,27.85,5.14,0.5629,409144.35,201.60,409345.95,0.9995,持有
2025-08-19,26.90,4.97,0.5278,395187.90,201.60,395389.50,0.9995,持有
2025-08-20,27.08,5.00,0.5359,397832.28,201.60,398033.88,0.9995,持有
2025-08-21,26.80,4.95,0.5235,393718.80,201.60,393920.40,0.9995,持有
2025-08-22,27.85,5.14,0.5631,409144.35,201.60,409345.95,0.9995,持有
2025-08-25,28.23,5.21,0.5744,414726.93,201.60,414928.53,0.9995,持有
2025-08-26,27.93,5.16,0.5646,410319.63,201.60,410521.23,0.9995,持有
2025-08-27,27.21,5.02,0.5392,399742.11,201.60,399943.71,0.9995,持有
2025-08-28,27.96,5.16,0.5654,410760.36,201.60,410961.96,0.9995,持有
2025-08-29,28.91,5.34,0.5898,424716.81,201.60,424918.41,0.9995,持有
2025-09-01,28.69,5.30,0.5854,421484.79,201.60,421686.39,0.9995,持有
2025-09-02,27.85,5.14,0.5623,409144.35,201.60,409345.95,0.9995,持有
2025-09-03,26.63,4.92,0.5132,391221.33,201.60,391422.93,0.9995,持有
2025-09-04,26.21,4.84,0.4894,385051.11,201.60,385252.71,0.9995,持有
2025-09-05,26.60,4.91,0.5110,390780.60,201.60,390982.20,0.9995,持有
2025-09-08,26.42,4.88,0.5000,388136.22,201.60,388337.82,0.9995,持有
2025-09-09,26.19,4.84,0.4874,384757.29,201.60,384958.89,0.9995,持有
2025-09-10,26.19,4.84,0.4872,384757.29,201.60,384958.89,0.9995,持有
2025-09-11,27.27,5.04,0.5411,400623.57,201.60,400825.17,0.9995,持有
2025-09-12,26.95,4.98,0.5287,395922.45,201.60,396124.05,0.9995,持有
2025-09-15,27.21,5.02,0.5392,399742.11,201.60,399943.71,0.9995,持有
2025-09-16,27.71,5.12,0.5587,407087.61,201.60,407289.21,0.9995,持有
2025-09-17,28.21,5.21,0.5747,414433.11,201.60,414634.71,0.9995,持有
2025-09-18,26.87,4.96,0.5255,394747.17,201.60,394948.77,0.9995,持有
2025-09-19,26.55,4.90,0.5068,390046.05,201.60,390247.65,0.9995,持有
2025-09-22,26.89,4.97,0.5268,395040.99,201.60,395242.59,0.9995,持有
2025-09-23,26.12,4.82,0.4805,383728.92,201.60,383930.52,0.9995,持有
2025-09-24,26.45,4.88,0.5011,388576.95,201.60,388778.55,0.9995,持有
2025-09-25,26.47,4.89,0.5017,388870.77,201.60,389072.37,0.9995,持有
2025-09-26,26.06,4.81,0.4777,382847.46,201.60,383049.06,0.9995,持有
2025-09-29,27.58,5.09,0.5539,405177.78,201.60,405379.38,0.9995,持有
2025-09-30,27.12,5.01,0.5368,398419.92,201.60,398621.52,0.9995,持有
2025-10-09,26.76,4.94,0.5195,393131.16,201.60,393332.76,0.9995,持有
2025-10-10,26.09,4.82,0.4783,383288.19,201.60,383489.79,0.9995,持有
2025-10-13,25.62,4.73,0.4541,376383.42,201.60,376585.02,0.9995,持有
2025-10-14,25.16,4.65,0.4254,369625.56,201.60,369827.16,0.9995,持有
2025-10-15,25.54,4.72,0.4483,375208.14,201.60,375409.74,0.9995,持有
2025-10-16,25.42,4.69,0.4400,373445.22,201.60,373646.82,0.9995,持有
2025-10-17,24.86,4.59,0.4052,365218.26,201.60,365419.86,0.9994,持有
2025-10-20,25.02,4.62,0.4154,367568.82,201.60,367770.42,0.9995,持有
2025-10-21,25.36,4.68,0.4378,372563.76,201.60,372765.36,0.9995,持有
2025-10-22,25.12,4.64,0.4226,369037.92,201.60,369239.52,0.9995,持有
2025-10-23,25.47,4.70,0.4431,374179.77,201.60,374381.37,0.9995,持有
2025-10-24,25.90,4.78,0.4691,380496.90,201.60,380698.50,0.9995,持有
2025-10-27,26.04,4.63,0.4210,382553.64,201.60,382755.24,0.9995,持有
2025-10-28,26.00,4.62,0.4172,381966.00,201.60,382167.60,0.9995,持有
2025-10-29,26.49,4.71,0.4466,389164.59,201.60,389366.19,0.9995,持有
2025-10-30,25.63,4.56,0.3956,376530.33,201.60,376731.93,0.9995,持有
2025-10-31,25.50,4.53,0.3883,374620.50,201.60,374822.10,0.9995,持有
2025-11-03,25.56,4.54,0.3914,375501.96,201.60,375703.56,0.9995,持有
2025-11-04,25.26,4.49,0.3750,371094.66,201.60,371296.26,0.9995,持有
2025-11-05,25.26,4.49,0.3749,371094.66,201.60,371296.26,0.9995,持有
2025-11-06,25.51,4.54,0.3890,374767.41,201.60,374969.01,0.9995,持有
2025-11-07,25.14,4.47,0.3694,369331.74,201.60,369533.34,0.9995,持有
2025-11-10,25.40,4.52,0.3825,373151.40,201.60,373353.00,0.9995,持有
2025-11-11,24.93,4.43,0.3597,366246.63,201.60,366448.23,0.9994,持有
2025-11-12,24.69,4.39,0.3491,362720.79,201.60,362922.39,0.9994,持有
2025-11-13,25.13,4.47,0.3693,369184.83,201.60,369386.43,0.9995,持有
2025-11-14,24.54,4.36,0.3395,360517.14,201.60,360718.74,0.9994,持有
2025-11-17,24.51,4.36,0.3389,360076.41,201.60,360278.01,0.9994,持有
2025-11-18,24.49,4.35,0.3385,359782.59,201.60,359984.19,0.9994,持有
2025-11-19,24.33,4.33,0.3321,357432.03,201.60,357633.63,0.9994,持有
2025-11-20,24.07,4.28,0.3244,353612.37,201.60,353813.97,0.9994,持有
2025-11-21,23.30,4.14,0.3015,342300.30,201.60,342501.90,0.9994,持有
2025-11-24,23.43,4.17,0.3072,344210.13,201.60,344411.73,0.9994,持有
2025-11-25,23.42,4.16,0.3068,344063.22,201.60,344264.82,0.9994,持有
2025-11-26,23.34,4.15,0.3039,342887.94,201.60,343089.54,0.9994,持有
2025-11-27,23.30,4.14,0.3012,342300.30,201.60,342501.90,0.9994,持有
2025-11-28,23.40,4.16,0.3071,343769.40,201.60,343971.00,0.9994,持有
2025-12-01,23.09,4.11,0.2926,339215.19,201.60,339416.79,0.9994,持有
