日期,收盘价,估值指标,估值分位点,持仓市值,现金,总资产,仓位比例,信号
2015-01-05,26.10,4.12,0.9992,0.00,100000.00,100000.00,0.0000,持有
2015-01-06,26.14,4.12,0.9992,0.00,100000.00,100000.00,0.0000,持有
2015-01-07,27.23,4.29,0.9992,0.00,100000.00,100000.00,0.0000,持有
2015-01-08,26.55,4.19,0.9984,0.00,100000.00,100000.00,0.0000,持有
2015-01-09,26.33,4.15,0.9976,0.00,100000.00,100000.00,0.0000,持有
2015-01-12,25.25,3.98,0.9944,0.00,100000.00,100000.00,0.0000,持有
2015-01-13,24.23,3.82,0.9887,0.00,100000.00,100000.00,0.0000,持有
2015-01-14,24.60,3.88,0.9919,0.00,100000.00,100000.00,0.0000,持有
2015-01-15,25.13,3.96,0.9928,0.00,100000.00,100000.00,0.0000,持有
2015-01-16,24.79,3.91,0.9920,0.00,100000.00,100000.00,0.0000,持有
2015-01-19,22.31,3.52,0.9686,0.00,100000.00,100000.00,0.0000,持有
2015-01-20,20.10,3.17,0.9382,0.00,100000.00,100000.00,0.0000,持有
2015-01-21,21.65,3.41,0.9631,0.00,100000.00,100000.00,0.0000,持有
2015-01-22,21.41,3.38,0.9599,0.00,100000.00,100000.00,0.0000,持有
2015-01-23,22.00,3.47,0.9679,0.00,100000.00,100000.00,0.0000,持有
2015-01-26,21.56,3.40,0.9600,0.00,100000.00,100000.00,0.0000,持有
2015-01-27,21.13,3.33,0.9528,0.00,100000.00,100000.00,0.0000,持有
2015-01-28,21.74,3.43,0.9624,0.00,100000.00,100000.00,0.0000,持有
2015-01-29,21.22,3.35,0.9545,0.00,100000.00,100000.00,0.0000,持有
2015-01-30,20.98,3.31,0.9497,0.00,100000.00,100000.00,0.0000,持有
2015-02-02,20.28,3.20,0.9346,0.00,100000.00,100000.00,0.0000,持有
2015-02-03,21.39,3.37,0.9570,0.00,100000.00,100000.00,0.0000,持有
2015-02-04,21.11,3.33,0.9498,0.00,100000.00,100000.00,0.0000,持有
2015-02-05,21.15,3.34,0.9507,0.00,100000.00,100000.00,0.0000,持有
2015-02-06,21.32,3.36,0.9563,0.00,100000.00,100000.00,0.0000,持有
2015-02-09,22.15,3.49,0.9682,0.00,100000.00,100000.00,0.0000,持有
2015-02-10,22.25,3.51,0.9683,0.00,100000.00,100000.00,0.0000,持有
2015-02-11,22.08,3.48,0.9667,0.00,100000.00,100000.00,0.0000,持有
2015-02-12,21.84,3.44,0.9628,0.00,100000.00,100000.00,0.0000,持有
2015-02-13,21.94,3.46,0.9636,0.00,100000.00,100000.00,0.0000,持有
2015-02-16,21.82,3.44,0.9604,0.00,100000.00,100000.00,0.0000,持有
2015-02-17,21.98,3.47,0.9644,0.00,100000.00,100000.00,0.0000,持有
2015-02-25,21.65,3.41,0.9550,0.00,100000.00,100000.00,0.0000,持有
2015-02-26,22.54,3.55,0.9732,0.00,100000.00,100000.00,0.0000,持有
2015-02-27,22.24,3.51,0.9669,0.00,100000.00,100000.00,0.0000,持有
2015-03-02,22.50,3.55,0.9724,0.00,100000.00,100000.00,0.0000,持有
2015-03-03,21.56,3.40,0.9504,0.00,100000.00,100000.00,0.0000,持有
2015-03-04,21.37,3.37,0.9473,0.00,100000.00,100000.00,0.0000,持有
2015-03-05,21.30,3.36,0.9450,0.00,100000.00,100000.00,0.0000,持有
2015-03-06,21.17,3.34,0.9411,0.00,100000.00,100000.00,0.0000,持有
2015-03-09,20.83,3.29,0.9333,0.00,100000.00,100000.00,0.0000,持有
2015-03-10,20.73,3.27,0.9325,0.00,100000.00,100000.00,0.0000,持有
2015-03-11,20.69,3.26,0.9318,0.00,100000.00,100000.00,0.0000,持有
2015-03-12,21.24,3.35,0.9428,0.00,100000.00,100000.00,0.0000,持有
2015-03-13,21.26,3.35,0.9437,0.00,100000.00,100000.00,0.0000,持有
2015-03-16,21.67,3.42,0.9547,0.00,100000.00,100000.00,0.0000,持有
2015-03-17,22.29,3.52,0.9672,0.00,100000.00,100000.00,0.0000,持有
2015-03-18,22.58,3.56,0.9735,0.00,100000.00,100000.00,0.0000,持有
2015-03-19,22.36,3.53,0.9688,0.00,100000.00,100000.00,0.0000,持有
2015-03-20,24.36,3.84,0.9899,0.00,100000.00,100000.00,0.0000,持有
2015-03-23,25.10,3.96,0.9922,0.00,100000.00,100000.00,0.0000,持有
2015-03-24,24.44,3.61,0.9735,0.00,100000.00,100000.00,0.0000,持有
2015-03-25,24.38,3.60,0.9720,0.00,100000.00,100000.00,0.0000,持有
2015-03-26,24.12,3.56,0.9697,0.00,100000.00,100000.00,0.0000,持有
2015-03-27,24.19,3.57,0.9705,0.00,100000.00,100000.00,0.0000,持有
2015-03-30,24.79,3.66,0.9791,0.00,100000.00,100000.00,0.0000,持有
2015-03-31,24.72,3.65,0.9767,0.00,100000.00,100000.00,0.0000,持有
2015-04-01,25.56,3.77,0.9837,0.00,100000.00,100000.00,0.0000,持有
2015-04-02,25.19,3.72,0.9814,0.00,100000.00,100000.00,0.0000,持有
2015-04-03,25.77,3.80,0.9838,0.00,100000.00,100000.00,0.0000,持有
2015-04-07,26.08,3.85,0.9892,0.00,100000.00,100000.00,0.0000,持有
2015-04-08,27.17,4.01,0.9946,0.00,100000.00,100000.00,0.0000,持有
2015-04-09,26.94,3.98,0.9931,0.00,100000.00,100000.00,0.0000,持有
2015-04-10,26.99,3.98,0.9938,0.00,100000.00,100000.00,0.0000,持有
2015-04-13,26.65,3.93,0.9892,0.00,100000.00,100000.00,0.0000,持有
2015-04-14,26.50,3.91,0.9885,0.00,100000.00,100000.00,0.0000,持有
2015-04-15,25.68,3.79,0.9785,0.00,100000.00,100000.00,0.0000,持有
2015-04-16,26.37,3.89,0.9869,0.00,100000.00,100000.00,0.0000,持有
2015-04-17,26.47,3.91,0.9869,0.00,100000.00,100000.00,0.0000,持有
2015-04-20,25.33,3.74,0.9739,0.00,100000.00,100000.00,0.0000,持有
2015-04-21,26.42,3.90,0.9862,0.00,100000.00,100000.00,0.0000,持有
2015-04-22,28.48,4.20,0.9985,0.00,100000.00,100000.00,0.0000,持有
2015-04-23,27.75,4.10,0.9946,0.00,100000.00,100000.00,0.0000,持有
2015-04-24,26.66,3.94,0.9878,0.00,100000.00,100000.00,0.0000,持有
2015-04-27,26.93,3.97,0.9901,0.00,100000.00,100000.00,0.0000,持有
2015-04-28,26.74,3.95,0.9870,0.00,100000.00,100000.00,0.0000,持有
2015-04-29,26.80,3.96,0.9870,0.00,100000.00,100000.00,0.0000,持有
2015-04-30,25.88,3.64,0.9611,0.00,100000.00,100000.00,0.0000,持有
2015-05-04,25.42,3.58,0.9535,0.00,100000.00,100000.00,0.0000,持有
2015-05-05,24.91,3.50,0.9414,0.00,100000.00,100000.00,0.0000,持有
2015-05-06,25.07,3.53,0.9460,0.00,100000.00,100000.00,0.0000,持有
2015-05-07,24.98,3.51,0.9422,0.00,100000.00,100000.00,0.0000,持有
2015-05-08,25.10,3.53,0.9468,0.00,100000.00,100000.00,0.0000,持有
2015-05-11,25.58,3.60,0.9544,0.00,100000.00,100000.00,0.0000,持有
2015-05-12,25.91,3.64,0.9613,0.00,100000.00,100000.00,0.0000,持有
2015-05-13,25.13,3.54,0.9462,0.00,100000.00,100000.00,0.0000,持有
2015-05-14,24.92,3.51,0.9371,0.00,100000.00,100000.00,0.0000,持有
2015-05-15,24.09,3.39,0.9198,0.00,100000.00,100000.00,0.0000,持有
2015-05-18,23.33,3.28,0.9009,0.00,100000.00,100000.00,0.0000,持有
2015-05-19,24.86,3.50,0.9358,0.00,100000.00,100000.00,0.0000,持有
2015-05-20,24.41,3.43,0.9267,0.00,100000.00,100000.00,0.0000,持有
2015-05-21,24.33,3.42,0.9238,0.00,100000.00,100000.00,0.0000,持有
2015-05-22,24.94,3.51,0.9389,0.00,100000.00,100000.00,0.0000,持有
2015-05-25,25.79,3.63,0.9586,0.00,100000.00,100000.00,0.0000,持有
2015-05-26,25.90,3.64,0.9608,0.00,100000.00,100000.00,0.0000,持有
2015-05-27,25.55,3.59,0.9518,0.00,100000.00,100000.00,0.0000,持有
2015-05-28,23.14,3.26,0.8925,0.00,100000.00,100000.00,0.0000,持有
2015-05-29,22.87,3.22,0.8835,0.00,100000.00,100000.00,0.0000,持有
2015-06-01,24.49,3.44,0.9257,0.00,100000.00,100000.00,0.0000,持有
2015-06-02,24.12,3.39,0.9145,0.00,100000.00,100000.00,0.0000,持有
2015-06-03,23.87,3.36,0.9070,0.00,100000.00,100000.00,0.0000,持有
2015-06-04,24.26,3.41,0.9169,0.00,100000.00,100000.00,0.0000,持有
2015-06-05,24.02,3.38,0.9117,0.00,100000.00,100000.00,0.0000,持有
2015-06-08,25.22,3.55,0.9461,0.00,100000.00,100000.00,0.0000,持有
2015-06-09,25.01,3.52,0.9380,0.00,100000.00,100000.00,0.0000,持有
2015-06-10,24.61,3.46,0.9268,0.00,100000.00,100000.00,0.0000,持有
2015-06-11,24.16,3.40,0.9119,0.00,100000.00,100000.00,0.0000,持有
2015-06-12,24.09,3.39,0.9105,0.00,100000.00,100000.00,0.0000,持有
2015-06-15,23.46,3.30,0.8920,0.00,100000.00,100000.00,0.0000,持有
2015-06-16,23.53,3.31,0.8928,0.00,100000.00,100000.00,0.0000,持有
2015-06-17,23.59,3.32,0.8929,0.00,100000.00,100000.00,0.0000,持有
2015-06-18,22.52,3.17,0.8677,0.00,100000.00,100000.00,0.0000,持有
2015-06-19,21.34,3.00,0.8306,0.00,100000.00,100000.00,0.0000,持有
2015-06-23,22.06,3.41,0.9154,0.00,100000.00,100000.00,0.0000,持有
2015-06-24,21.87,3.38,0.9088,0.00,100000.00,100000.00,0.0000,持有
2015-06-25,21.58,3.34,0.8962,0.00,100000.00,100000.00,0.0000,持有
2015-06-26,19.60,3.03,0.8333,0.00,100000.00,100000.00,0.0000,持有
2015-06-29,18.53,2.87,0.8253,0.00,100000.00,100000.00,0.0000,持有
2015-06-30,20.27,3.14,0.8602,0.00,100000.00,100000.00,0.0000,持有
2015-07-01,19.12,2.96,0.8256,0.00,100000.00,100000.00,0.0000,持有
2015-07-02,19.21,2.97,0.8257,0.00,100000.00,100000.00,0.0000,持有
2015-07-03,18.81,2.91,0.8236,0.00,100000.00,100000.00,0.0000,持有
2015-07-06,20.09,3.11,0.8459,0.00,100000.00,100000.00,0.0000,持有
2015-07-07,19.60,3.03,0.8320,0.00,100000.00,100000.00,0.0000,持有
2015-07-08,17.65,2.73,0.8189,0.00,100000.00,100000.00,0.0000,持有
2015-07-09,19.41,3.00,0.8271,0.00,100000.00,100000.00,0.0000,持有
2015-07-10,20.88,3.23,0.8765,0.00,100000.00,100000.00,0.0000,持有
2015-07-13,20.64,3.19,0.8699,0.00,100000.00,100000.00,0.0000,持有
2015-07-14,19.31,2.99,0.8238,0.00,100000.00,100000.00,0.0000,持有
2015-07-15,18.61,2.88,0.8195,0.00,100000.00,100000.00,0.0000,持有
2015-07-16,18.44,2.85,0.8182,0.00,100000.00,100000.00,0.0000,持有
2015-07-17,19.12,2.96,0.8212,0.00,100000.00,100000.00,0.0000,持有
2015-07-20,18.49,2.86,0.8177,0.00,100000.00,100000.00,0.0000,持有
2015-07-21,18.41,2.85,0.8164,0.00,100000.00,100000.00,0.0000,持有
2015-07-22,18.08,2.80,0.8158,0.00,100000.00,100000.00,0.0000,持有
2015-07-23,18.48,2.86,0.8174,0.00,100000.00,100000.00,0.0000,持有
2015-07-24,18.00,2.78,0.8146,0.00,100000.00,100000.00,0.0000,持有
2015-07-27,16.20,2.51,0.8023,0.00,100000.00,100000.00,0.0000,持有
2015-07-28,16.71,2.58,0.8083,0.00,100000.00,100000.00,0.0000,持有
2015-07-29,16.55,2.56,0.8055,0.00,100000.00,100000.00,0.0000,持有
2015-07-30,15.73,2.43,0.7948,0.00,100000.00,100000.00,0.0000,持有
2015-07-31,15.66,2.42,0.7942,0.00,100000.00,100000.00,0.0000,持有
2015-08-03,15.40,2.38,0.7914,0.00,100000.00,100000.00,0.0000,持有
2015-08-04,15.83,2.45,0.7959,0.00,100000.00,100000.00,0.0000,持有
2015-08-05,15.29,2.37,0.7896,0.00,100000.00,100000.00,0.0000,持有
2015-08-06,14.95,2.31,0.7868,0.00,100000.00,100000.00,0.0000,持有
2015-08-07,15.27,2.36,0.7891,0.00,100000.00,100000.00,0.0000,持有
2015-08-10,16.80,2.60,0.8096,0.00,100000.00,100000.00,0.0000,持有
2015-08-11,16.65,2.58,0.8082,0.00,100000.00,100000.00,0.0000,持有
2015-08-12,16.55,2.56,0.8069,0.00,100000.00,100000.00,0.0000,持有
2015-08-13,16.69,2.58,0.8085,0.00,100000.00,100000.00,0.0000,持有
2015-08-14,17.11,2.61,0.8101,0.00,100000.00,100000.00,0.0000,持有
2015-08-17,16.77,2.56,0.8052,0.00,100000.00,100000.00,0.0000,持有
2015-08-18,15.50,2.37,0.7866,0.00,100000.00,100000.00,0.0000,持有
2015-08-19,15.72,2.40,0.7889,0.00,100000.00,100000.00,0.0000,持有
2015-08-20,15.07,2.30,0.7775,0.00,100000.00,100000.00,0.0000,持有
2015-08-21,13.88,2.12,0.7396,0.00,100000.00,100000.00,0.0000,持有
2015-08-24,12.49,1.91,0.6096,0.00,100000.00,100000.00,0.0000,持有
2015-08-25,11.24,1.37,0.0596,0.00,100000.00,100000.00,0.0000,买入(补至90%)
2015-08-26,10.96,1.34,0.0302,87736.02,10000.44,97736.47,0.8977,买入(补至100%)
2015-08-27,11.73,1.43,0.1320,93902.58,10000.44,103903.02,0.9038,持有
2015-08-28,12.10,1.47,0.1735,96833.22,10000.44,106833.66,0.9064,持有
2015-08-31,11.50,1.40,0.0874,92009.87,10000.44,102010.31,0.9020,持有
2015-09-01,11.59,1.41,0.1074,92742.53,10000.44,102742.97,0.9027,持有
2015-09-02,11.34,1.38,0.0708,90788.77,10000.44,100789.22,0.9008,持有
2015-09-07,11.26,1.37,0.0636,90117.17,10000.44,100117.61,0.9001,持有
2015-09-08,11.63,1.42,0.1157,93047.81,10000.44,103048.25,0.9030,持有
2015-09-09,11.96,1.46,0.1613,95734.23,10000.44,105734.67,0.9054,持有
2015-09-10,11.56,1.41,0.1034,92498.31,10000.44,102498.75,0.9024,持有
2015-09-11,11.46,1.40,0.0841,91704.60,10000.44,101705.04,0.9017,持有
2015-09-14,10.61,1.29,0.0164,84927.49,10000.44,94927.94,0.8947,买入(补至100%)
2015-09-15,10.31,1.26,0.0021,92261.32,119.70,92381.03,0.9987,持有
2015-09-16,11.01,1.34,0.0363,98471.22,119.70,98590.92,0.9988,持有
2015-09-17,10.55,1.29,0.0149,94376.78,119.70,94496.49,0.9987,持有
2015-09-18,10.51,1.28,0.0107,94035.58,119.70,94155.28,0.9987,持有
2015-09-21,10.63,1.30,0.0199,95127.43,119.70,95247.13,0.9987,持有
2015-09-22,10.85,1.32,0.0277,97038.17,119.70,97157.87,0.9988,持有
2015-09-23,10.40,1.27,0.0050,93080.21,119.70,93199.92,0.9987,持有
2015-09-24,10.50,1.28,0.0106,93967.34,119.70,94087.04,0.9987,持有
2015-09-25,10.15,1.24,0.0000,90760.03,119.70,90879.73,0.9987,持有
2015-09-28,10.27,1.25,0.0028,91851.88,119.70,91971.58,0.9987,持有
2015-09-29,10.18,1.24,0.0007,91032.99,119.70,91152.70,0.9987,持有
2015-09-30,10.36,1.26,0.0071,92670.77,119.70,92790.47,0.9987,持有
2015-10-08,10.88,1.33,0.0346,97311.13,119.70,97430.83,0.9988,持有
2015-10-09,11.05,1.35,0.0494,98880.67,119.70,99000.37,0.9988,持有
2015-10-12,11.71,1.43,0.1416,104749.36,119.70,104869.06,0.9989,持有
2015-10-13,11.64,1.42,0.1289,104135.19,119.70,104254.90,0.9989,持有
2015-10-14,11.64,1.42,0.1288,104135.19,119.70,104254.90,0.9989,持有
2015-10-15,11.99,1.46,0.1793,107274.26,119.70,107393.97,0.9989,持有
2015-10-16,12.12,1.48,0.1904,108434.35,119.70,108554.06,0.9989,持有
2015-10-19,12.30,1.50,0.2058,110072.13,119.70,110191.83,0.9989,持有
2015-10-20,12.22,1.49,0.2000,109321.48,119.70,109441.18,0.9989,持有
2015-10-21,11.40,1.39,0.0870,102019.73,119.70,102139.44,0.9988,持有
2015-10-22,11.71,1.43,0.1430,104749.36,119.70,104869.06,0.9989,持有
2015-10-23,11.98,1.46,0.1779,107137.78,119.70,107257.48,0.9989,持有
2015-10-26,12.09,1.47,0.1896,108161.39,119.70,108281.09,0.9989,持有
2015-10-27,12.01,1.46,0.1811,107410.74,119.70,107530.45,0.9989,持有
2015-10-28,11.63,1.42,0.1279,104066.95,119.70,104186.66,0.9989,持有
2015-10-29,11.66,1.42,0.1348,104339.92,119.70,104459.62,0.9989,持有
2015-10-30,12.11,1.44,0.1633,108297.87,119.70,108417.57,0.9989,持有
2015-11-02,11.85,1.41,0.1172,106045.93,119.70,106165.63,0.9989,持有
2015-11-03,12.03,1.43,0.1519,107615.47,119.70,107735.17,0.9989,持有
2015-11-04,13.23,1.58,0.2925,118397.48,119.70,118517.19,0.9990,持有
2015-11-05,14.22,1.69,0.4468,127200.52,119.70,127320.23,0.9991,持有
2015-11-06,15.64,1.86,0.5960,139893.28,119.70,140012.98,0.9991,持有
2015-11-09,15.55,1.85,0.5872,139142.63,119.70,139262.34,0.9991,持有
2015-11-10,15.77,1.88,0.6083,141121.61,119.70,141241.31,0.9992,持有
2015-11-11,15.91,1.89,0.6149,142349.94,119.70,142469.65,0.9992,持有
2015-11-12,15.38,1.83,0.5700,137573.10,119.70,137692.80,0.9991,持有
2015-11-13,15.45,1.84,0.5759,138255.51,119.70,138375.21,0.9991,持有
2015-11-16,15.18,1.81,0.5485,135798.84,119.70,135918.55,0.9991,持有
2015-11-17,15.41,1.83,0.5723,137846.06,119.70,137965.76,0.9991,持有
2015-11-18,15.85,1.89,0.6120,141804.02,119.70,141923.72,0.9992,持有
2015-11-19,16.07,1.91,0.6254,143783.00,119.70,143902.70,0.9992,持有
2015-11-20,15.66,1.86,0.5988,140098.00,119.70,140217.71,0.9991,持有
2015-11-23,15.33,1.83,0.5631,137163.66,119.70,137283.36,0.9991,持有
2015-11-24,15.48,1.84,0.5793,138460.23,119.70,138579.93,0.9991,持有
2015-11-25,15.32,1.82,0.5610,137095.42,119.70,137215.12,0.9991,持有
2015-11-26,15.17,1.81,0.5434,135730.60,119.70,135850.31,0.9991,持有
2015-11-27,13.65,1.63,0.3572,122150.72,119.70,122270.42,0.9990,持有
2015-11-30,13.45,1.60,0.3253,120308.22,119.70,120427.92,0.9990,持有
2015-12-01,13.56,1.61,0.3430,121263.59,119.70,121383.29,0.9990,持有
2015-12-02,14.36,1.71,0.4622,128428.86,119.70,128548.56,0.9991,持有
2015-12-03,14.29,1.70,0.4557,127882.93,119.70,128002.63,0.9991,持有
2015-12-04,13.91,1.66,0.4074,124470.90,119.70,124590.60,0.9990,持有
2015-12-07,13.65,1.63,0.3571,122150.72,119.70,122270.42,0.9990,持有
2015-12-08,13.46,1.60,0.3253,120376.46,119.70,120496.17,0.9990,持有
2015-12-09,13.57,1.62,0.3470,121400.07,119.70,121519.77,0.9990,持有
2015-12-10,13.59,1.62,0.3495,121604.79,119.70,121724.50,0.9990,持有
2015-12-11,13.62,1.62,0.3534,121809.52,119.70,121929.22,0.9990,持有
2015-12-14,14.84,1.77,0.5096,132728.02,119.70,132847.72,0.9991,持有
2015-12-15,14.28,1.70,0.4560,127746.45,119.70,127866.15,0.9991,持有
2015-12-16,14.20,1.69,0.4420,127064.04,119.70,127183.75,0.9991,持有
2015-12-17,14.54,1.73,0.4833,130066.63,119.70,130186.33,0.9991,持有
2015-12-18,14.39,1.71,0.4673,128701.82,119.70,128821.52,0.9991,持有
2015-12-21,14.97,1.78,0.5269,133956.35,119.70,134076.05,0.9991,持有
2015-12-22,15.20,1.81,0.5551,136003.57,119.70,136123.27,0.9991,持有
2015-12-23,16.13,1.92,0.6383,144328.92,119.70,144448.62,0.9992,持有
2015-12-24,15.74,1.87,0.6121,140780.41,119.70,140900.11,0.9992,持有
2015-12-25,15.86,1.89,0.6185,141872.26,119.70,141991.96,0.9992,持有
2015-12-28,14.92,1.78,0.5204,133478.66,119.70,133598.36,0.9991,持有
2015-12-29,15.11,1.80,0.5410,135184.68,119.70,135304.38,0.9991,持有
2015-12-30,15.03,1.79,0.5312,134434.03,119.70,134553.73,0.9991,持有
2015-12-31,14.76,1.76,0.4997,132045.61,119.70,132165.31,0.9991,持有
2016-01-04,13.31,1.58,0.2957,119079.89,119.70,119199.59,0.9990,持有
2016-01-05,13.46,1.60,0.3232,120444.70,119.70,120564.41,0.9990,持有
2016-01-06,13.68,1.63,0.3601,122355.44,119.70,122475.14,0.9990,持有
2016-01-07,12.46,1.48,0.1958,111505.18,119.70,111624.88,0.9989,持有
2016-01-08,12.84,1.53,0.2294,114848.97,119.70,114968.67,0.9990,持有
2016-01-11,11.96,1.42,0.1362,107001.30,119.70,107121.00,0.9989,持有
2016-01-12,12.12,1.44,0.1624,108434.35,119.70,108554.06,0.9989,持有
2016-01-13,12.12,1.44,0.1623,108434.35,119.70,108554.06,0.9989,持有
2016-01-14,12.43,1.48,0.1965,111163.98,119.70,111283.68,0.9989,持有
2016-01-15,11.86,1.41,0.1143,106114.17,119.70,106233.87,0.9989,持有
2016-01-18,11.94,1.42,0.1284,106796.58,119.70,106916.28,0.9989,持有
2016-01-19,12.30,1.46,0.1807,110003.89,119.70,110123.59,0.9989,持有
2016-01-20,12.07,1.44,0.1550,107956.67,119.70,108076.37,0.9989,持有
2016-01-21,11.52,1.37,0.0671,103043.34,119.70,103163.05,0.9988,持有
2016-01-22,11.66,1.39,0.0811,104271.67,119.70,104391.38,0.9989,持有
2016-01-25,11.71,1.39,0.0864,104749.36,119.70,104869.06,0.9989,持有
2016-01-26,10.63,1.26,0.0074,95059.19,119.70,95178.89,0.9987,持有
2016-01-27,10.63,1.27,0.0080,95127.43,119.70,95247.13,0.9987,持有
2016-01-28,10.45,1.24,0.0027,93489.66,119.70,93609.36,0.9987,持有
2016-01-29,11.06,1.32,0.0314,98948.91,119.70,99068.61,0.9988,持有
2016-02-01,10.85,1.29,0.0234,97106.41,119.70,97226.11,0.9988,持有
2016-02-02,11.14,1.33,0.0354,99631.31,119.70,99751.02,0.9988,持有
2016-02-03,11.04,1.31,0.0320,98744.18,119.70,98863.89,0.9988,持有
2016-02-04,11.16,1.33,0.0386,99836.03,119.70,99955.74,0.9988,持有
2016-02-05,10.82,1.29,0.0220,96765.21,119.70,96884.91,0.9988,持有
2016-02-15,10.66,1.27,0.0106,95400.39,119.70,95520.10,0.9987,持有
2016-02-16,11.31,1.35,0.0519,101200.85,119.70,101320.55,0.9988,持有
2016-02-17,11.45,1.36,0.0678,102429.18,119.70,102548.88,0.9988,持有
2016-02-18,11.40,1.36,0.0637,102019.73,119.70,102139.44,0.9988,持有
2016-02-19,11.52,1.37,0.0750,103043.34,119.70,103163.05,0.9988,持有
2016-02-22,11.88,1.41,0.1286,106318.89,119.70,106438.60,0.9989,持有
2016-02-23,11.63,1.38,0.0868,103998.71,119.70,104118.42,0.9989,持有
2016-02-24,11.76,1.40,0.1040,105227.04,119.70,105346.75,0.9989,持有
2016-02-25,10.80,1.29,0.0212,96628.72,119.70,96748.43,0.9988,持有
2016-02-26,10.98,1.31,0.0324,98198.26,119.70,98317.96,0.9988,持有
2016-02-29,10.89,1.30,0.0278,97447.61,119.70,97567.32,0.9988,持有
2016-03-01,11.69,1.39,0.0958,104612.88,119.70,104732.58,0.9989,持有
2016-03-02,12.30,1.46,0.1941,110003.89,119.70,110123.59,0.9989,持有
2016-03-03,12.14,1.45,0.1801,108639.07,119.70,108758.78,0.9989,持有
2016-03-04,12.20,1.45,0.1826,109185.00,119.70,109304.70,0.9989,持有
2016-03-07,12.19,1.45,0.1818,109048.52,119.70,109168.22,0.9989,持有
2016-03-08,12.33,1.47,0.2001,110276.85,119.70,110396.55,0.9989,持有
2016-03-09,12.20,1.45,0.1829,109185.00,119.70,109304.70,0.9989,持有
2016-03-10,11.85,1.41,0.1256,105977.69,119.70,106097.39,0.9989,持有
2016-03-11,12.17,1.45,0.1820,108843.80,119.70,108963.50,0.9989,持有
2016-03-14,12.33,1.47,0.2029,110345.09,119.70,110464.79,0.9989,持有
2016-03-15,12.21,1.45,0.1870,109253.24,119.70,109372.94,0.9989,持有
2016-03-16,12.27,1.46,0.1954,109799.17,119.70,109918.87,0.9989,持有
2016-03-17,12.68,1.51,0.2353,113415.92,119.70,113535.62,0.9989,持有
2016-03-18,12.93,1.54,0.2633,115667.86,119.70,115787.56,0.9990,持有
2016-03-21,14.23,1.69,0.4627,127268.77,119.70,127388.47,0.9991,持有
2016-03-22,13.72,1.63,0.3905,122764.88,119.70,122884.59,0.9990,持有
2016-03-23,14.00,1.67,0.4320,125221.55,119.70,125341.25,0.9990,持有
2016-03-24,13.28,1.52,0.2417,118806.93,119.70,118926.63,0.9990,持有
2016-03-25,13.34,1.52,0.2487,119352.85,119.70,119472.56,0.9990,持有
2016-03-28,13.02,1.49,0.2192,116486.75,119.70,116606.45,0.9990,持有
2016-03-29,13.07,1.49,0.2229,116896.19,119.70,117015.89,0.9990,持有
2016-03-30,13.49,1.54,0.2658,120649.42,119.70,120769.13,0.9990,持有
2016-03-31,13.58,1.55,0.2799,121468.31,119.70,121588.02,0.9990,持有
2016-04-01,13.50,1.54,0.2681,120785.91,119.70,120905.61,0.9990,持有
2016-04-05,13.68,1.56,0.2926,122355.44,119.70,122475.14,0.9990,持有
2016-04-06,13.58,1.55,0.2801,121468.31,119.70,121588.02,0.9990,持有
2016-04-07,13.22,1.51,0.2351,118261.00,119.70,118380.71,0.9990,持有
2016-04-08,12.92,1.48,0.2090,115599.62,119.70,115719.32,0.9990,持有
2016-04-11,13.27,1.51,0.2419,118670.45,119.70,118790.15,0.9990,持有
2016-04-12,13.23,1.51,0.2359,118329.24,119.70,118448.95,0.9990,持有
2016-04-13,13.62,1.55,0.2882,121809.52,119.70,121929.22,0.9990,持有
2016-04-14,13.73,1.57,0.3029,122833.12,119.70,122952.83,0.9990,持有
2016-04-15,13.65,1.56,0.2917,122150.72,119.70,122270.42,0.9990,持有
2016-04-18,13.24,1.51,0.2392,118465.72,119.70,118585.43,0.9990,持有
2016-04-19,13.30,1.52,0.2474,119011.65,119.70,119131.35,0.9990,持有
2016-04-20,13.14,1.50,0.2266,117510.36,119.70,117630.06,0.9990,持有
2016-04-21,12.88,1.47,0.2026,115258.42,119.70,115378.12,0.9990,持有
2016-04-22,13.00,1.48,0.2166,116282.02,119.70,116401.73,0.9990,持有
2016-04-25,12.78,1.46,0.1901,114371.29,119.70,114490.99,0.9990,持有
2016-04-26,12.87,1.47,0.2028,115121.93,119.70,115241.64,0.9990,持有
2016-04-27,12.67,1.45,0.1770,113347.68,119.70,113467.38,0.9989,持有
2016-04-28,12.59,1.44,0.1659,112665.27,119.70,112784.97,0.9989,持有
2016-04-29,12.54,1.43,0.1575,112187.59,119.70,112307.29,0.9989,持有
2016-05-03,12.83,1.47,0.1991,114780.73,119.70,114900.43,0.9990,持有
2016-05-04,12.75,1.46,0.1868,114030.08,119.70,114149.79,0.9990,持有
2016-05-05,12.76,1.46,0.1886,114166.57,119.70,114286.27,0.9990,持有
2016-05-06,12.28,1.40,0.1090,109867.41,119.70,109987.11,0.9989,持有
2016-05-09,11.94,1.36,0.0692,106796.58,119.70,106916.28,0.9989,持有
2016-05-10,11.90,1.36,0.0647,106455.37,119.70,106575.08,0.9989,持有
2016-05-11,11.88,1.36,0.0633,106250.65,119.70,106370.36,0.9989,持有
2016-05-12,11.90,1.36,0.0652,106455.37,119.70,106575.08,0.9989,持有
2016-05-13,11.75,1.34,0.0498,105158.80,119.70,105278.51,0.9989,持有
2016-05-16,11.88,1.36,0.0639,106250.65,119.70,106370.36,0.9989,持有
2016-05-17,11.88,1.36,0.0638,106250.65,119.70,106370.36,0.9989,持有
2016-05-18,11.89,1.36,0.0670,106387.13,119.70,106506.84,0.9989,持有
2016-05-19,11.85,1.35,0.0593,105977.69,119.70,106097.39,0.9989,持有
2016-05-20,11.97,1.37,0.0764,107069.54,119.70,107189.24,0.9989,持有
2016-05-23,12.00,1.37,0.0796,107342.50,119.70,107462.21,0.9989,持有
2016-05-24,11.84,1.35,0.0592,105909.45,119.70,106029.15,0.9989,持有
2016-05-25,11.86,1.36,0.0629,106114.17,119.70,106233.87,0.9989,持有
2016-05-26,11.88,1.36,0.0654,106250.65,119.70,106370.36,0.9989,持有
2016-05-27,11.84,1.35,0.0590,105909.45,119.70,106029.15,0.9989,持有
2016-05-30,11.95,1.37,0.0787,106933.06,119.70,107052.76,0.9989,持有
2016-05-31,12.81,1.46,0.2061,114576.01,119.70,114695.71,0.9990,持有
2016-06-01,12.64,1.44,0.1844,113074.72,119.70,113194.42,0.9989,持有
2016-06-02,12.66,1.45,0.1875,113279.44,119.70,113399.14,0.9989,持有
2016-06-03,12.68,1.45,0.1899,113415.92,119.70,113535.62,0.9989,持有
2016-06-06,12.56,1.43,0.1695,112324.07,119.70,112443.77,0.9989,持有
2016-06-07,12.58,1.44,0.1745,112528.79,119.70,112648.49,0.9989,持有
2016-06-08,12.50,1.43,0.1605,111846.38,119.70,111966.09,0.9989,持有
2016-06-13,11.91,1.36,0.0720,106523.62,119.70,106643.32,0.9989,持有
2016-06-14,11.98,1.37,0.0801,107137.78,119.70,107257.48,0.9989,持有
2016-06-15,12.14,1.39,0.0990,108639.07,119.70,108758.78,0.9989,持有
2016-06-16,11.93,1.36,0.0750,106728.34,119.70,106848.04,0.9989,持有
2016-06-17,11.95,1.37,0.0793,106933.06,119.70,107052.76,0.9989,持有
2016-06-20,11.95,1.36,0.0787,106864.82,119.70,106984.52,0.9989,持有
2016-06-21,12.08,1.38,0.0937,108093.15,119.70,108212.85,0.9989,持有
2016-06-22,12.25,1.40,0.1157,109594.44,119.70,109714.15,0.9989,持有
2016-06-23,12.17,1.39,0.1055,108912.04,119.70,109031.74,0.9989,持有
2016-06-24,11.97,1.37,0.0810,107069.54,119.70,107189.24,0.9989,持有
2016-06-27,12.16,1.39,0.1048,108775.56,119.70,108895.26,0.9989,持有
2016-06-28,12.35,1.41,0.1379,110481.57,119.70,110601.27,0.9989,持有
2016-06-29,12.33,1.41,0.1316,110276.85,119.70,110396.55,0.9989,持有
2016-06-30,12.38,1.41,0.1446,110754.53,119.70,110874.24,0.9989,持有
2016-07-01,12.30,1.41,0.1264,110072.13,119.70,110191.83,0.9989,持有
2016-07-04,12.66,1.45,0.1964,113279.44,119.70,113399.14,0.9989,持有
2016-07-05,12.65,1.44,0.1944,113142.96,119.70,113262.66,0.9989,持有
2016-07-06,12.62,1.44,0.1899,112938.23,119.70,113057.94,0.9989,持有
2016-07-07,12.66,1.45,0.1973,113279.44,119.70,113399.14,0.9989,持有
2016-07-08,12.65,1.45,0.1965,113211.20,119.70,113330.90,0.9989,持有
2016-07-11,12.62,1.44,0.1895,112938.23,119.70,113057.94,0.9989,持有
2016-07-12,12.91,1.48,0.2349,115531.38,119.70,115651.08,0.9990,持有
2016-07-13,12.92,1.48,0.2354,115599.62,119.70,115719.32,0.9990,持有
2016-07-14,12.94,1.48,0.2371,115736.10,119.70,115855.80,0.9990,持有
2016-07-15,12.83,1.47,0.2220,114780.73,119.70,114900.43,0.9990,持有
2016-07-18,12.60,1.44,0.1846,112733.51,119.70,112853.22,0.9989,持有
2016-07-19,12.66,1.45,0.1981,113279.44,119.70,113399.14,0.9989,持有
2016-07-20,12.63,1.44,0.1930,113006.47,119.70,113126.18,0.9989,持有
2016-07-21,12.74,1.46,0.2084,113961.84,119.70,114081.55,0.9990,持有
2016-07-22,12.68,1.45,0.2027,113415.92,119.70,113535.62,0.9989,持有
2016-07-25,12.64,1.44,0.1939,113074.72,119.70,113194.42,0.9989,持有
2016-07-26,12.83,1.47,0.2248,114780.73,119.70,114900.43,0.9990,持有
2016-07-27,12.70,1.45,0.2042,113620.64,119.70,113740.34,0.9989,持有
2016-07-28,12.44,1.42,0.1546,111300.46,119.70,111420.16,0.9989,持有
2016-07-29,12.37,1.41,0.1415,110686.29,119.70,110806.00,0.9989,持有
2016-08-01,12.32,1.41,0.1297,110208.61,119.70,110328.31,0.9989,持有
2016-08-02,12.37,1.41,0.1407,110618.05,119.70,110737.76,0.9989,持有
2016-08-03,12.32,1.41,0.1295,110208.61,119.70,110328.31,0.9989,持有
2016-08-04,12.37,1.41,0.1412,110618.05,119.70,110737.76,0.9989,持有
2016-08-05,12.39,1.42,0.1479,110822.77,119.70,110942.48,0.9989,持有
2016-08-08,12.46,1.42,0.1656,111505.18,119.70,111624.88,0.9989,持有
2016-08-09,12.53,1.43,0.1766,112119.35,119.70,112239.05,0.9989,持有
2016-08-10,12.46,1.42,0.1654,111505.18,119.70,111624.88,0.9989,持有
2016-08-11,12.61,1.44,0.1924,112801.75,119.70,112921.46,0.9989,持有
2016-08-12,13.08,1.49,0.2604,117032.67,119.70,117152.37,0.9990,持有
2016-08-15,13.74,1.57,0.3401,122901.37,119.70,123021.07,0.9990,持有
2016-08-16,13.48,1.54,0.3037,120581.18,119.70,120700.89,0.9990,持有
2016-08-17,13.43,1.53,0.2961,120171.74,119.70,120291.44,0.9990,持有
2016-08-18,13.33,1.52,0.2862,119216.37,119.70,119336.07,0.9990,持有
2016-08-19,13.30,1.48,0.2437,119005.60,119.70,119125.30,0.9990,持有
2016-08-22,13.17,1.46,0.2258,117811.33,119.70,117931.03,0.9990,持有
2016-08-23,13.20,1.46,0.2300,118092.33,119.70,118212.03,0.9990,持有
2016-08-24,13.12,1.46,0.2158,117389.82,119.70,117509.52,0.9990,持有
2016-08-25,13.19,1.49,0.2615,118022.08,119.70,118141.78,0.9990,持有
2016-08-26,13.14,1.49,0.2576,117530.32,119.70,117650.02,0.9990,持有
2016-08-29,13.12,1.49,0.2556,117389.82,119.70,117509.52,0.9990,持有
2016-08-30,13.22,1.50,0.2640,118232.83,119.70,118352.54,0.9990,持有
2016-08-31,13.27,1.50,0.2700,118724.59,119.70,118844.30,0.9990,持有
2016-09-01,13.09,1.48,0.2527,117108.81,119.70,117228.52,0.9990,持有
2016-09-02,13.19,1.49,0.2623,118022.08,119.70,118141.78,0.9990,持有
2016-09-05,13.20,1.50,0.2646,118092.33,119.70,118212.03,0.9990,持有
2016-09-06,13.22,1.50,0.2663,118303.09,119.70,118422.79,0.9990,持有
2016-09-07,13.19,1.49,0.2618,118022.08,119.70,118141.78,0.9990,持有
2016-09-08,13.14,1.49,0.2574,117530.32,119.70,117650.02,0.9990,持有
2016-09-09,13.13,1.49,0.2567,117460.07,119.70,117579.77,0.9990,持有
2016-09-12,12.93,1.46,0.2280,115633.54,119.70,115753.24,0.9990,持有
2016-09-13,12.82,1.45,0.2085,114720.27,119.70,114839.98,0.9990,持有
2016-09-14,12.71,1.44,0.1890,113736.75,119.70,113856.46,0.9989,持有
2016-09-19,12.75,1.44,0.1967,114017.76,119.70,114137.46,0.9990,持有
2016-09-20,12.72,1.44,0.1912,113807.01,119.70,113926.71,0.9989,持有
2016-09-21,12.74,1.44,0.1959,113947.51,119.70,114067.21,0.9990,持有
2016-09-22,12.79,1.45,0.2085,114439.27,119.70,114558.97,0.9990,持有
2016-09-23,12.68,1.44,0.1824,113455.75,119.70,113575.45,0.9989,持有
2016-09-26,12.50,1.42,0.1467,111839.97,119.70,111959.67,0.9989,持有
2016-09-27,12.67,1.43,0.1785,113315.25,119.70,113434.95,0.9989,持有
2016-09-28,12.61,1.43,0.1688,112823.49,119.70,112943.19,0.9989,持有
2016-09-29,12.68,1.44,0.1837,113455.75,119.70,113575.45,0.9989,持有
2016-09-30,12.66,1.43,0.1782,113245.00,119.70,113364.70,0.9989,持有
2016-10-10,12.89,1.46,0.2262,115282.28,119.70,115401.98,0.9990,持有
2016-10-11,12.97,1.47,0.2429,116055.05,119.70,116174.75,0.9990,持有
2016-10-12,12.90,1.46,0.2308,115422.78,119.70,115542.49,0.9990,持有
2016-10-13,12.87,1.46,0.2222,115141.78,119.70,115261.48,0.9990,持有
2016-10-14,12.93,1.46,0.2347,115633.54,119.70,115753.24,0.9990,持有
2016-10-17,12.74,1.44,0.1980,113947.51,119.70,114067.21,0.9990,持有
2016-10-18,13.06,1.48,0.2596,116827.81,119.70,116947.51,0.9990,持有
2016-10-19,12.97,1.47,0.2445,116055.05,119.70,116174.75,0.9990,持有
2016-10-20,12.95,1.47,0.2401,115844.29,119.70,115963.99,0.9990,持有
2016-10-21,13.06,1.48,0.2603,116827.81,119.70,116947.51,0.9990,持有
2016-10-24,13.32,1.51,0.2871,119146.10,119.70,119265.80,0.9990,持有
2016-10-25,13.24,1.50,0.2803,118443.59,119.70,118563.29,0.9990,持有
2016-10-26,13.20,1.50,0.2754,118092.33,119.70,118212.03,0.9990,持有
2016-10-27,13.16,1.49,0.2704,117741.08,119.70,117860.78,0.9990,持有
2016-10-28,13.20,1.50,0.2757,118092.33,119.70,118212.03,0.9990,持有
2016-10-31,13.04,1.44,0.1980,116687.31,119.70,116807.01,0.9990,持有
2016-11-01,13.20,1.46,0.2277,118092.33,119.70,118212.03,0.9990,持有
2016-11-02,13.06,1.44,0.2019,116827.81,119.70,116947.51,0.9990,持有
2016-11-03,13.24,1.46,0.2369,118443.59,119.70,118563.29,0.9990,持有
2016-11-04,13.22,1.46,0.2326,118303.09,119.70,118422.79,0.9990,持有
2016-11-07,13.29,1.47,0.2473,118935.35,119.70,119055.05,0.9990,持有
2016-11-08,13.30,1.47,0.2513,119005.60,119.70,119125.30,0.9990,持有
2016-11-09,13.08,1.45,0.2072,117038.56,119.70,117158.27,0.9990,持有
2016-11-10,13.36,1.48,0.2576,119497.36,119.70,119617.06,0.9990,持有
2016-11-11,13.78,1.52,0.3114,123290.92,119.70,123410.63,0.9990,持有
2016-11-14,13.86,1.53,0.3177,123993.44,119.70,124113.14,0.9990,持有
2016-11-15,13.70,1.52,0.3021,122588.41,119.70,122708.11,0.9990,持有
2016-11-16,13.71,1.52,0.3043,122658.66,119.70,122778.36,0.9990,持有
2016-11-17,13.70,1.52,0.3018,122588.41,119.70,122708.11,0.9990,持有
2016-11-18,13.51,1.50,0.2785,120902.38,119.70,121022.08,0.9990,持有
2016-11-21,13.66,1.51,0.2973,122166.90,119.70,122286.61,0.9990,持有
2016-11-22,13.85,1.53,0.3196,123923.18,119.70,124042.89,0.9990,持有
2016-11-23,13.73,1.52,0.3064,122799.16,119.70,122918.87,0.9990,持有
2016-11-24,13.82,1.53,0.3174,123642.18,119.70,123761.88,0.9990,持有
2016-11-25,13.88,1.54,0.3231,124133.94,119.70,124253.64,0.9990,持有
2016-11-28,13.83,1.53,0.3176,123712.43,119.70,123832.13,0.9990,持有
2016-11-29,14.10,1.56,0.3569,126171.22,119.70,126290.93,0.9991,持有
2016-11-30,13.94,1.54,0.3343,124695.95,119.70,124815.65,0.9990,持有
2016-12-01,14.00,1.55,0.3429,125257.96,119.70,125377.66,0.9990,持有
2016-12-02,13.63,1.51,0.2904,121956.15,119.70,122075.85,0.9990,持有
2016-12-05,13.23,1.46,0.2333,118373.34,119.70,118493.04,0.9990,持有
2016-12-06,13.18,1.46,0.2190,117881.58,119.70,118001.28,0.9990,持有
2016-12-07,13.26,1.47,0.2424,118654.34,119.70,118774.04,0.9990,持有
2016-12-08,13.11,1.45,0.2088,117319.57,119.70,117439.27,0.9990,持有
2016-12-09,13.18,1.46,0.2192,117881.58,119.70,118001.28,0.9990,持有
2016-12-12,12.92,1.43,0.1646,115563.29,119.70,115682.99,0.9990,持有
2016-12-13,12.88,1.42,0.1593,115212.03,119.70,115331.73,0.9990,持有
2016-12-14,12.75,1.41,0.1317,114088.01,119.70,114207.71,0.9990,持有
2016-12-15,12.66,1.40,0.1105,113245.00,119.70,113364.70,0.9989,持有
2016-12-16,12.64,1.40,0.1093,113104.49,119.70,113224.20,0.9989,持有
2016-12-19,12.64,1.40,0.1081,113034.24,119.70,113153.95,0.9989,持有
2016-12-20,12.60,1.39,0.1027,112753.24,119.70,112872.94,0.9989,持有
2016-12-21,12.70,1.40,0.1196,113596.25,119.70,113715.96,0.9989,持有
2016-12-22,12.69,1.40,0.1195,113526.00,119.70,113645.70,0.9989,持有
2016-12-23,12.56,1.39,0.0979,112331.73,119.70,112451.43,0.9989,持有
2016-12-26,12.64,1.40,0.1089,113034.24,119.70,113153.95,0.9989,持有
2016-12-27,12.58,1.39,0.1001,112542.48,119.70,112662.19,0.9989,持有
2016-12-28,12.58,1.39,0.1001,112542.48,119.70,112662.19,0.9989,持有
2016-12-29,12.50,1.38,0.0913,111839.97,119.70,111959.67,0.9989,持有
2016-12-30,12.61,1.40,0.1069,112823.49,119.70,112943.19,0.9989,持有
2017-01-03,12.71,1.41,0.1266,113736.75,119.70,113856.46,0.9989,持有
2017-01-04,12.74,1.41,0.1341,113947.51,119.70,114067.21,0.9990,持有
2017-01-05,12.68,1.40,0.1206,113455.75,119.70,113575.45,0.9989,持有
2017-01-06,12.57,1.39,0.1003,112472.23,119.70,112591.94,0.9989,持有
2017-01-09,12.62,1.40,0.1089,112893.74,119.70,113013.44,0.9989,持有
2017-01-10,12.65,1.40,0.1152,113174.74,119.70,113294.45,0.9989,持有
2017-01-11,12.64,1.40,0.1140,113104.49,119.70,113224.20,0.9989,持有
2017-01-12,12.68,1.40,0.1226,113455.75,119.70,113575.45,0.9989,持有
2017-01-13,12.73,1.41,0.1347,113877.26,119.70,113996.96,0.9989,持有
2017-01-16,12.85,1.42,0.1618,114931.03,119.70,115050.73,0.9990,持有
2017-01-17,12.77,1.41,0.1461,114228.51,119.70,114348.22,0.9990,持有
2017-01-18,12.78,1.41,0.1483,114298.76,119.70,114418.47,0.9990,持有
2017-01-19,12.78,1.41,0.1482,114298.76,119.70,114418.47,0.9990,持有
2017-01-20,12.89,1.43,0.1741,115282.28,119.70,115401.98,0.9990,持有
2017-01-23,12.91,1.43,0.1774,115493.04,119.70,115612.74,0.9990,持有
2017-01-24,12.86,1.42,0.1675,115071.53,119.70,115191.23,0.9990,持有
2017-01-25,12.87,1.42,0.1720,115141.78,119.70,115261.48,0.9990,持有
2017-01-26,12.94,1.43,0.1857,115774.04,119.70,115893.74,0.9990,持有
2017-02-03,12.86,1.42,0.1655,115001.28,119.70,115120.98,0.9990,持有
2017-02-06,12.83,1.42,0.1597,114790.52,119.70,114910.23,0.9990,持有
2017-02-07,12.80,1.42,0.1538,114509.52,119.70,114629.22,0.9990,持有
2017-02-08,12.97,1.44,0.1939,116055.05,119.70,116174.75,0.9990,持有
2017-02-09,12.96,1.43,0.1915,115984.79,119.70,116104.50,0.9990,持有
2017-02-10,13.09,1.45,0.2241,117108.81,119.70,117228.52,0.9990,持有
2017-02-13,13.11,1.45,0.2262,117249.32,119.70,117369.02,0.9990,持有
2017-02-14,13.07,1.45,0.2181,116898.06,119.70,117017.76,0.9990,持有
2017-02-15,13.00,1.44,0.2008,116336.05,119.70,116455.75,0.9990,持有
2017-02-16,13.13,1.45,0.2298,117460.07,119.70,117579.77,0.9990,持有
2017-02-17,13.09,1.45,0.2246,117108.81,119.70,117228.52,0.9990,持有
2017-02-20,13.26,1.47,0.2599,118584.09,119.70,118703.79,0.9990,持有
2017-02-21,13.28,1.47,0.2648,118794.84,119.70,118914.55,0.9990,持有
2017-02-22,13.19,1.46,0.2430,118022.08,119.70,118141.78,0.9990,持有
2017-02-23,13.08,1.45,0.2218,117038.56,119.70,117158.27,0.9990,持有
2017-02-24,13.12,1.45,0.2302,117389.82,119.70,117509.52,0.9990,持有
2017-02-27,12.99,1.44,0.1976,116195.55,119.70,116315.25,0.9990,持有
2017-02-28,13.00,1.44,0.1992,116265.80,119.70,116385.50,0.9990,持有
2017-03-01,12.99,1.44,0.1974,116195.55,119.70,116315.25,0.9990,持有
2017-03-02,12.93,1.43,0.1825,115633.54,119.70,115753.24,0.9990,持有
2017-03-03,12.86,1.42,0.1648,115001.28,119.70,115120.98,0.9990,持有
2017-03-06,12.90,1.43,0.1760,115422.78,119.70,115542.49,0.9990,持有
2017-03-07,12.92,1.43,0.1799,115563.29,119.70,115682.99,0.9990,持有
2017-03-08,12.86,1.42,0.1645,115001.28,119.70,115120.98,0.9990,持有
2017-03-09,12.82,1.42,0.1570,114720.27,119.70,114839.98,0.9990,持有
2017-03-10,12.75,1.41,0.1394,114088.01,119.70,114207.71,0.9990,持有
2017-03-13,12.83,1.42,0.1591,114790.52,119.70,114910.23,0.9990,持有
2017-03-14,12.86,1.42,0.1658,115001.28,119.70,115120.98,0.9990,持有
2017-03-15,12.80,1.42,0.1521,114509.52,119.70,114629.22,0.9990,持有
2017-03-16,13.02,1.44,0.2103,116476.55,119.70,116596.26,0.9990,持有
2017-03-17,12.81,1.42,0.1548,114579.77,119.70,114699.47,0.9990,持有
2017-03-20,12.80,1.42,0.1519,114509.52,119.70,114629.22,0.9990,持有
2017-03-21,12.74,1.41,0.1343,113947.51,119.70,114067.21,0.9990,持有
2017-03-22,12.62,1.40,0.1060,112893.74,119.70,113013.44,0.9989,持有
2017-03-23,12.68,1.37,0.0795,113455.75,119.70,113575.45,0.9989,持有
2017-03-24,12.79,1.38,0.0896,114439.27,119.70,114558.97,0.9990,持有
2017-03-27,12.77,1.38,0.0856,114228.51,119.70,114348.22,0.9990,持有
2017-03-28,12.71,1.37,0.0827,113736.75,119.70,113856.46,0.9989,持有
2017-03-29,12.67,1.37,0.0759,113385.50,119.70,113505.20,0.9989,持有
2017-03-30,12.62,1.36,0.0703,112893.74,119.70,113013.44,0.9989,持有
2017-03-31,12.65,1.37,0.0742,113174.74,119.70,113294.45,0.9989,持有
2017-04-05,12.79,1.38,0.0921,114439.27,119.70,114558.97,0.9990,持有
2017-04-06,12.75,1.38,0.0859,114088.01,119.70,114207.71,0.9990,持有
2017-04-07,12.78,1.38,0.0892,114369.02,119.70,114488.72,0.9990,持有
2017-04-10,12.75,1.38,0.0858,114088.01,119.70,114207.71,0.9990,持有
2017-04-11,12.78,1.38,0.0891,114298.76,119.70,114418.47,0.9990,持有
2017-04-12,12.86,1.39,0.1019,115001.28,119.70,115120.98,0.9990,持有
2017-04-13,12.79,1.38,0.0940,114439.27,119.70,114558.97,0.9990,持有
2017-04-14,12.71,1.37,0.0839,113666.50,119.70,113786.21,0.9989,持有
2017-04-17,12.71,1.37,0.0838,113666.50,119.70,113786.21,0.9989,持有
2017-04-18,12.59,1.36,0.0642,112612.73,119.70,112732.44,0.9989,持有
2017-04-19,12.60,1.36,0.0676,112753.24,119.70,112872.94,0.9989,持有
2017-04-20,12.64,1.37,0.0737,113104.49,119.70,113224.20,0.9989,持有
2017-04-21,12.76,1.38,0.0892,114158.26,119.70,114277.97,0.9990,持有
2017-04-24,12.80,1.38,0.1009,114509.52,119.70,114629.22,0.9990,持有
2017-04-25,12.66,1.37,0.0763,113245.00,119.70,113364.70,0.9989,持有
2017-04-26,12.72,1.38,0.0874,113807.01,119.70,113926.71,0.9989,持有
2017-04-27,12.75,1.38,0.0885,114017.76,119.70,114137.46,0.9990,持有
2017-04-28,12.75,1.38,0.0884,114017.76,119.70,114137.46,0.9990,持有
2017-05-02,12.65,1.34,0.0411,113174.74,119.70,113294.45,0.9989,持有
2017-05-03,12.60,1.34,0.0378,112753.24,119.70,112872.94,0.9989,持有
2017-05-04,12.61,1.34,0.0383,112823.49,119.70,112943.19,0.9989,持有
2017-05-05,12.39,1.31,0.0294,110856.45,119.70,110976.16,0.9989,持有
2017-05-08,12.30,1.30,0.0255,110013.44,119.70,110133.14,0.9989,持有
2017-05-09,12.25,1.30,0.0244,109591.93,119.70,109711.63,0.9989,持有
2017-05-10,12.16,1.29,0.0199,108748.92,119.70,108868.62,0.9989,持有
2017-05-11,12.19,1.29,0.0216,109029.92,119.70,109149.62,0.9989,持有
2017-05-12,12.29,1.30,0.0266,109943.19,119.70,110062.89,0.9989,持有
2017-05-15,12.42,1.32,0.0332,111067.21,119.70,111186.91,0.9989,持有
2017-05-16,12.44,1.32,0.0343,111277.96,119.70,111397.66,0.9989,持有
2017-05-17,12.44,1.32,0.0343,111277.96,119.70,111397.66,0.9989,持有
2017-05-18,12.31,1.30,0.0287,110153.94,119.70,110273.64,0.9989,持有
2017-05-19,12.34,1.31,0.0326,110364.70,119.70,110484.40,0.9989,持有
2017-05-22,12.21,1.29,0.0232,109240.68,119.70,109360.38,0.9989,持有
2017-05-23,12.35,1.31,0.0336,110505.20,119.70,110624.90,0.9989,持有
2017-05-24,12.40,1.31,0.0347,110926.71,119.70,111046.41,0.9989,持有
2017-05-25,12.89,1.37,0.0809,115282.28,119.70,115401.98,0.9990,持有
2017-05-26,12.87,1.36,0.0776,115141.78,119.70,115261.48,0.9990,持有
2017-05-31,12.91,1.37,0.0847,115493.04,119.70,115612.74,0.9990,持有
2017-06-01,12.86,1.36,0.0753,115001.28,119.70,115120.98,0.9990,持有
2017-06-02,12.86,1.36,0.0758,115071.53,119.70,115191.23,0.9990,持有
2017-06-05,12.73,1.35,0.0571,113877.26,119.70,113996.96,0.9989,持有
2017-06-06,12.76,1.35,0.0604,114158.26,119.70,114277.97,0.9990,持有
2017-06-07,12.86,1.36,0.0762,115001.28,119.70,115120.98,0.9990,持有
2017-06-08,12.91,1.37,0.0872,115493.04,119.70,115612.74,0.9990,持有
2017-06-09,13.01,1.38,0.1025,116406.30,119.70,116526.00,0.9990,持有
2017-06-12,12.90,1.37,0.0854,115422.78,119.70,115542.49,0.9990,持有
2017-06-13,12.89,1.37,0.0854,115352.53,119.70,115472.24,0.9990,持有
2017-06-14,12.84,1.36,0.0733,114860.77,119.70,114980.48,0.9990,持有
2017-06-15,12.93,1.37,0.0913,115633.54,119.70,115753.24,0.9990,持有
2017-06-16,12.81,1.36,0.0694,114579.77,119.70,114699.47,0.9990,持有
2017-06-19,13.12,1.39,0.1240,117389.82,119.70,117509.52,0.9990,持有
2017-06-20,13.10,1.39,0.1212,117179.07,119.70,117298.77,0.9990,持有
2017-06-21,13.17,1.40,0.1331,117811.33,119.70,117931.03,0.9990,持有
2017-06-22,13.27,1.41,0.1543,118724.59,119.70,118844.30,0.9990,持有
2017-06-23,13.30,1.41,0.1651,119005.60,119.70,119125.30,0.9990,持有
2017-06-26,13.55,1.44,0.2266,121253.64,119.70,121373.34,0.9990,持有
2017-06-27,13.44,1.42,0.2009,120199.87,119.70,120319.57,0.9990,持有
2017-06-28,13.42,1.42,0.1953,120059.37,119.70,120179.07,0.9990,持有
2017-06-29,13.42,1.42,0.1952,120059.37,119.70,120179.07,0.9990,持有
2017-06-30,13.37,1.42,0.1810,119567.61,119.70,119687.31,0.9990,持有
2017-07-03,13.28,1.41,0.1575,118794.84,119.70,118914.55,0.9990,持有
2017-07-04,13.14,1.39,0.1276,117530.32,119.70,117650.02,0.9990,持有
2017-07-05,13.25,1.40,0.1503,118513.84,119.70,118633.54,0.9990,持有
2017-07-06,13.14,1.39,0.1274,117530.32,119.70,117650.02,0.9990,持有
2017-07-07,13.31,1.41,0.1696,119075.85,119.70,119195.55,0.9990,持有
2017-07-10,13.36,1.42,0.1820,119497.36,119.70,119617.06,0.9990,持有
2017-07-11,13.48,1.43,0.2144,120551.12,119.70,120670.83,0.9990,持有
2017-07-12,13.53,1.43,0.2262,121042.88,119.70,121162.59,0.9990,持有
2017-07-13,13.73,1.46,0.2737,122869.42,119.70,122989.12,0.9990,持有
2017-07-14,13.65,1.45,0.2578,122096.65,119.70,122216.36,0.9990,持有
2017-07-17,13.35,1.41,0.1799,119427.11,119.70,119546.81,0.9990,持有
2017-07-18,13.21,1.40,0.1415,118162.58,119.70,118282.29,0.9990,持有
2017-07-19,13.96,1.48,0.3211,124906.70,119.70,125026.40,0.9990,持有
2017-07-20,13.83,1.47,0.2967,123712.43,119.70,123832.13,0.9990,持有
2017-07-21,13.76,1.46,0.2787,123080.17,119.70,123199.87,0.9990,持有
2017-07-24,13.75,1.46,0.2775,123009.92,119.70,123129.62,0.9990,持有
2017-07-25,13.68,1.45,0.2666,122377.66,119.70,122497.36,0.9990,持有
2017-07-26,13.75,1.46,0.2777,123009.92,119.70,123129.62,0.9990,持有
2017-07-27,13.69,1.45,0.2673,122447.91,119.70,122567.61,0.9990,持有
2017-07-28,13.57,1.44,0.2371,121394.14,119.70,121513.84,0.9990,持有
2017-07-31,13.62,1.44,0.2520,121885.90,119.70,122005.60,0.9990,持有
2017-08-01,13.79,1.46,0.2905,123361.17,119.70,123480.88,0.9990,持有
2017-08-02,13.86,1.47,0.3076,123993.44,119.70,124113.14,0.9990,持有
2017-08-03,13.74,1.46,0.2768,122939.67,119.70,123059.37,0.9990,持有
2017-08-04,13.79,1.46,0.2906,123361.17,119.70,123480.88,0.9990,持有
2017-08-07,13.59,1.44,0.2433,121604.89,119.70,121724.60,0.9990,持有
2017-08-08,13.62,1.44,0.2480,121815.65,119.70,121935.35,0.9990,持有
2017-08-09,13.45,1.43,0.2093,120340.37,119.70,120460.07,0.9990,持有
2017-08-10,13.52,1.43,0.2253,120972.63,119.70,121092.34,0.9990,持有
2017-08-11,13.25,1.40,0.1492,118513.84,119.70,118633.54,0.9990,持有
2017-08-14,13.39,1.42,0.1892,119778.36,119.70,119898.06,0.9990,持有
2017-08-15,13.37,1.42,0.1827,119567.61,119.70,119687.31,0.9990,持有
2017-08-16,13.41,1.42,0.1949,119989.11,119.70,120108.82,0.9990,持有
2017-08-17,13.48,1.43,0.2150,120551.12,119.70,120670.83,0.9990,持有
2017-08-18,13.39,1.39,0.1211,119762.38,119.70,119882.08,0.9990,持有
2017-08-21,13.48,1.40,0.1386,120551.23,119.70,120670.93,0.9990,持有
2017-08-22,13.44,1.40,0.1316,120264.38,119.70,120384.08,0.9990,持有
2017-08-23,13.56,1.41,0.1587,121268.37,119.70,121388.07,0.9990,持有
2017-08-24,13.35,1.39,0.1166,119403.81,119.70,119523.51,0.9990,持有
2017-08-25,13.74,1.43,0.2144,122917.79,119.70,123037.50,0.9990,持有
2017-08-28,14.59,1.53,0.3876,130519.48,119.70,130639.18,0.9991,持有
2017-08-29,14.43,1.52,0.3709,129085.20,119.70,129204.90,0.9991,持有
2017-08-30,14.45,1.52,0.3744,129228.63,119.70,129348.33,0.9991,持有
2017-08-31,14.61,1.54,0.3912,130734.62,119.70,130854.32,0.9991,持有
2017-09-01,14.67,1.54,0.4000,131236.62,119.70,131356.32,0.9991,持有
2017-09-04,14.57,1.53,0.3855,130376.05,119.70,130495.75,0.9991,持有
2017-09-05,14.58,1.53,0.3863,130447.76,119.70,130567.47,0.9991,持有
2017-09-06,14.52,1.53,0.3798,129874.05,119.70,129993.75,0.9991,持有
2017-09-07,14.39,1.51,0.3642,128726.63,119.70,128846.33,0.9991,持有
2017-09-08,14.25,1.50,0.3476,127435.78,119.70,127555.48,0.9991,持有
2017-09-11,14.25,1.50,0.3496,127507.49,119.70,127627.19,0.9991,持有
2017-09-12,14.36,1.51,0.3599,128439.77,119.70,128559.47,0.9991,持有
2017-09-13,14.34,1.51,0.3571,128296.34,119.70,128416.05,0.9991,持有
2017-09-14,14.41,1.52,0.3675,128870.06,119.70,128989.76,0.9991,持有
2017-09-15,14.45,1.52,0.3768,129300.34,119.70,129420.04,0.9991,持有
2017-09-18,14.73,1.55,0.4119,131810.33,119.70,131930.03,0.9991,持有
2017-09-19,14.56,1.53,0.3859,130232.62,119.70,130352.32,0.9991,持有
2017-09-20,14.53,1.53,0.3820,129945.77,119.70,130065.47,0.9991,持有
2017-09-21,14.52,1.53,0.3813,129874.05,119.70,129993.75,0.9991,持有
2017-09-22,14.54,1.53,0.3847,130089.19,119.70,130208.90,0.9991,持有
2017-09-25,14.49,1.52,0.3787,129658.91,119.70,129778.61,0.9991,持有
2017-09-26,14.43,1.52,0.3701,129085.20,119.70,129204.90,0.9991,持有
2017-09-27,14.45,1.52,0.3757,129300.34,119.70,129420.04,0.9991,持有
2017-09-28,14.45,1.52,0.3755,129300.34,119.70,129420.04,0.9991,持有
2017-09-29,14.58,1.53,0.3911,130447.76,119.70,130567.47,0.9991,持有
2017-10-09,14.52,1.53,0.3820,129874.05,119.70,129993.75,0.9991,持有
2017-10-10,14.61,1.54,0.3970,130734.62,119.70,130854.32,0.9991,持有
2017-10-11,14.47,1.52,0.3763,129443.77,119.70,129563.47,0.9991,持有
2017-10-12,14.43,1.52,0.3688,129085.20,119.70,129204.90,0.9991,持有
2017-10-13,14.43,1.52,0.3686,129085.20,119.70,129204.90,0.9991,持有
2017-10-16,14.41,1.52,0.3642,128870.06,119.70,128989.76,0.9991,持有
2017-10-17,14.35,1.51,0.3562,128368.06,119.70,128487.76,0.9991,持有
2017-10-18,14.47,1.52,0.3774,129443.77,119.70,129563.47,0.9991,持有
2017-10-19,14.26,1.50,0.3469,127579.20,119.70,127698.91,0.9991,持有
2017-10-20,14.25,1.50,0.3452,127507.49,119.70,127627.19,0.9991,持有
2017-10-23,14.09,1.48,0.3267,126073.21,119.70,126192.91,0.9991,持有
2017-10-24,14.26,1.50,0.3474,127579.20,119.70,127698.91,0.9991,持有
2017-10-25,14.31,1.51,0.3514,128009.49,119.70,128129.19,0.9991,持有
2017-10-26,14.37,1.51,0.3616,128511.49,119.70,128631.19,0.9991,持有
2017-10-27,14.32,1.51,0.3536,128081.20,119.70,128200.90,0.9991,持有
2017-10-30,14.00,1.47,0.3139,125284.36,119.70,125404.06,0.9990,持有
2017-10-31,13.88,1.43,0.2107,124208.65,119.70,124328.35,0.9990,持有
2017-11-01,13.80,1.42,0.1888,123491.51,119.70,123611.21,0.9990,持有
2017-11-02,13.81,1.42,0.1913,123563.22,119.70,123682.92,0.9990,持有
2017-11-03,13.84,1.42,0.2031,123850.08,119.70,123969.78,0.9990,持有
2017-11-06,13.73,1.41,0.1693,122846.08,119.70,122965.78,0.9990,持有
2017-11-07,14.04,1.44,0.2553,125642.93,119.70,125762.63,0.9990,持有
2017-11-08,14.52,1.49,0.3377,129874.05,119.70,129993.75,0.9991,持有
2017-11-09,14.65,1.51,0.3572,131093.19,119.70,131212.89,0.9991,持有
2017-11-10,14.74,1.52,0.3705,131882.04,119.70,132001.75,0.9991,持有
2017-11-13,14.62,1.50,0.3521,130806.33,119.70,130926.04,0.9991,持有
2017-11-14,14.54,1.49,0.3411,130089.19,119.70,130208.90,0.9991,持有
2017-11-15,14.49,1.49,0.3352,129658.91,119.70,129778.61,0.9991,持有
2017-11-16,14.29,1.47,0.3087,127794.35,119.70,127914.05,0.9991,持有
2017-11-17,14.67,1.51,0.3587,131236.62,119.70,131356.32,0.9991,持有
2017-11-20,14.21,1.46,0.2929,127148.92,119.70,127268.62,0.9991,持有
2017-11-21,15.41,1.58,0.4595,137834.31,119.70,137954.01,0.9991,持有
2017-11-22,15.78,1.62,0.5036,141133.15,119.70,141252.85,0.9992,持有
2017-11-23,15.35,1.58,0.4544,137332.31,119.70,137452.01,0.9991,持有
2017-11-24,15.24,1.57,0.4412,136328.31,119.70,136448.01,0.9991,持有
2017-11-27,15.25,1.57,0.4426,136400.03,119.70,136519.73,0.9991,持有
2017-11-28,15.12,1.55,0.4289,135252.60,119.70,135372.30,0.9991,持有
2017-11-29,15.37,1.58,0.4570,137475.74,119.70,137595.44,0.9991,持有
2017-11-30,15.38,1.58,0.4588,137619.16,119.70,137738.87,0.9991,持有
2017-12-01,15.18,1.56,0.4350,135826.31,119.70,135946.02,0.9991,持有
2017-12-04,15.18,1.56,0.4347,135826.31,119.70,135946.02,0.9991,持有
2017-12-05,15.45,1.59,0.4669,138192.88,119.70,138312.58,0.9991,持有
2017-12-06,15.44,1.59,0.4646,138121.16,119.70,138240.86,0.9991,持有
2017-12-07,14.92,1.53,0.3976,133459.75,119.70,133579.45,0.9991,持有
2017-12-08,14.84,1.53,0.3872,132742.61,119.70,132862.31,0.9991,持有
2017-12-11,15.04,1.55,0.4172,134535.46,119.70,134655.16,0.9991,持有
2017-12-12,14.66,1.51,0.3560,131164.90,119.70,131284.61,0.9991,持有
2017-12-13,14.77,1.52,0.3758,132097.19,119.70,132216.89,0.9991,持有
2017-12-14,14.54,1.49,0.3388,130089.19,119.70,130208.90,0.9991,持有
2017-12-15,14.39,1.48,0.3228,128726.63,119.70,128846.33,0.9991,持有
2017-12-18,14.45,1.49,0.3282,129300.34,119.70,129420.04,0.9991,持有
2017-12-19,14.65,1.51,0.3551,131021.48,119.70,131141.18,0.9991,持有
2017-12-20,14.33,1.47,0.3121,128152.92,119.70,128272.62,0.9991,持有
2017-12-21,14.58,1.50,0.3461,130447.76,119.70,130567.47,0.9991,持有
2017-12-22,14.58,1.50,0.3459,130447.76,119.70,130567.47,0.9991,持有
2017-12-25,14.48,1.49,0.3325,129515.48,119.70,129635.18,0.9991,持有
2017-12-26,14.76,1.52,0.3761,132025.47,119.70,132145.17,0.9991,持有
2017-12-27,14.51,1.49,0.3347,129802.34,119.70,129922.04,0.9991,持有
2017-12-28,14.53,1.49,0.3360,129945.77,119.70,130065.47,0.9991,持有
2017-12-29,14.51,1.49,0.3344,129802.34,119.70,129922.04,0.9991,持有
2018-01-02,14.78,1.52,0.3835,132240.61,119.70,132360.32,0.9991,持有
2018-01-03,14.92,1.53,0.4021,133459.75,119.70,133579.45,0.9991,持有
2018-01-04,14.97,1.54,0.4111,133890.04,119.70,134009.74,0.9991,持有
2018-01-05,15.13,1.56,0.4352,135396.03,119.70,135515.73,0.9991,持有
2018-01-08,15.66,1.61,0.4985,140129.15,119.70,140248.86,0.9991,持有
2018-01-09,15.58,1.60,0.4881,139412.01,119.70,139531.72,0.9991,持有
2018-01-10,15.72,1.62,0.5056,140631.15,119.70,140750.85,0.9991,持有
2018-01-11,15.46,1.59,0.4729,138264.59,119.70,138384.29,0.9991,持有
2018-01-12,15.50,1.59,0.4762,138623.16,119.70,138742.86,0.9991,持有
2018-01-15,15.59,1.60,0.4896,139483.73,119.70,139603.43,0.9991,持有
2018-01-16,16.23,1.67,0.5638,145220.85,119.70,145340.55,0.9992,持有
2018-01-17,16.79,1.73,0.6085,150169.11,119.70,150288.82,0.9992,持有
2018-01-18,17.16,1.76,0.6309,153539.67,119.70,153659.37,0.9992,持有
2018-01-19,17.07,1.75,0.6241,152679.10,119.70,152798.81,0.9992,持有
2018-01-22,16.99,1.75,0.6192,152033.68,119.70,152153.38,0.9992,持有
2018-01-23,17.00,1.75,0.6199,152105.39,119.70,152225.09,0.9992,持有
2018-01-24,18.37,1.89,0.7164,164368.49,119.70,164488.19,0.9993,卖出(降至70%)
2018-01-25,17.90,1.84,0.6873,112182.07,48437.66,160619.73,0.6984,持有
2018-01-26,17.91,1.84,0.6880,112232.31,48437.66,160669.97,0.6985,持有
2018-01-29,17.72,1.82,0.6751,111076.83,48437.66,159514.49,0.6963,持有
2018-01-30,17.34,1.78,0.6450,108665.39,48437.66,157103.05,0.6917,持有
2018-01-31,17.07,1.75,0.6225,106957.29,48437.66,155394.95,0.6883,持有
2018-02-01,17.24,1.77,0.6378,108012.30,48437.66,156449.96,0.6904,持有
2018-02-02,17.25,1.77,0.6380,108112.77,48437.66,156550.43,0.6906,持有
2018-02-05,17.47,1.80,0.6558,109469.21,48437.66,157906.87,0.6933,持有
2018-02-06,16.47,1.69,0.5806,103239.66,48437.66,151677.32,0.6807,持有
2018-02-07,15.67,1.61,0.4955,98215.83,48437.66,146653.49,0.6697,持有
2018-02-08,15.42,1.59,0.4636,96658.45,48437.66,145096.11,0.6662,持有
2018-02-09,13.91,1.43,0.2116,87163.41,48437.66,135601.07,0.6428,持有
2018-02-12,13.89,1.43,0.2085,87062.93,48437.66,135500.59,0.6425,持有
2018-02-13,14.12,1.45,0.2645,88519.84,48437.66,136957.50,0.6463,持有
2018-02-14,14.13,1.45,0.2669,88570.08,48437.66,137007.74,0.6465,持有
2018-02-22,14.44,1.48,0.3228,90479.14,48437.66,138916.80,0.6513,持有
2018-02-23,14.58,1.50,0.3437,91383.43,48437.66,139821.09,0.6536,持有
2018-02-26,14.95,1.54,0.4050,93694.39,48437.66,142132.05,0.6592,持有
2018-02-27,14.63,1.50,0.3508,91684.86,48437.66,140122.52,0.6543,持有
2018-02-28,14.52,1.49,0.3322,90981.52,48437.66,139419.18,0.6526,持有
2018-03-01,14.53,1.49,0.3345,91082.00,48437.66,139519.66,0.6528,持有
2018-03-02,14.29,1.47,0.3019,89574.85,48437.66,138012.51,0.6490,持有
2018-03-05,14.33,1.47,0.3072,89775.80,48437.66,138213.46,0.6495,持有
2018-03-06,14.77,1.52,0.3774,92538.91,48437.66,140976.57,0.6564,持有
2018-03-07,14.65,1.51,0.3553,91785.33,48437.66,140222.99,0.6546,持有
2018-03-08,14.74,1.52,0.3710,92388.19,48437.66,140825.85,0.6560,持有
2018-03-09,15.12,1.55,0.4321,94749.39,48437.66,143187.05,0.6617,持有
2018-03-12,15.47,1.59,0.4741,96959.88,48437.66,145397.54,0.6669,持有
2018-03-13,15.19,1.56,0.4411,95201.54,48437.66,143639.20,0.6628,持有
2018-03-14,14.99,1.54,0.4140,93945.58,48437.66,142383.24,0.6598,持有
2018-03-15,15.07,1.55,0.4247,94447.96,48437.66,142885.62,0.6610,持有
2018-03-16,14.70,1.51,0.3649,92137.00,48437.66,140574.66,0.6554,持有
2018-03-19,14.86,1.53,0.3926,93141.77,48437.66,141579.43,0.6579,持有
2018-03-20,14.97,1.54,0.4122,93845.10,48437.66,142282.76,0.6596,持有
2018-03-21,14.83,1.52,0.3882,92940.81,48437.66,141378.47,0.6574,持有
2018-03-22,15.04,1.55,0.4217,94247.01,48437.66,142684.67,0.6605,持有
2018-03-23,14.19,1.43,0.2150,88921.75,48437.66,137359.41,0.6474,持有
2018-03-26,14.45,1.46,0.2723,90529.38,48437.66,138967.04,0.6514,持有
2018-03-27,14.69,1.48,0.3191,92036.52,48437.66,140474.18,0.6552,持有
2018-03-28,14.32,1.44,0.2468,89725.56,48437.66,138163.22,0.6494,持有
2018-03-29,14.68,1.48,0.3188,91986.29,48437.66,140423.95,0.6551,持有
2018-03-30,14.89,1.50,0.3503,93342.72,48437.66,141780.38,0.6584,持有
2018-04-02,15.17,1.53,0.3990,95101.06,48437.66,143538.72,0.6625,持有
2018-04-03,15.40,1.55,0.4353,96507.73,48437.66,144945.39,0.6658,持有
2018-04-04,15.24,1.54,0.4110,95502.97,48437.66,143940.63,0.6635,持有
2018-04-09,15.50,1.56,0.4482,97160.83,48437.66,145598.49,0.6673,持有
2018-04-10,15.82,1.60,0.4879,99170.36,48437.66,147608.02,0.6718,持有
2018-04-11,15.59,1.57,0.4567,97713.45,48437.66,146151.11,0.6686,持有
2018-04-12,15.32,1.55,0.4229,96005.35,48437.66,144443.01,0.6647,持有
2018-04-13,15.17,1.53,0.3976,95050.82,48437.66,143488.48,0.6624,持有
2018-04-16,14.74,1.49,0.3251,92388.19,48437.66,140825.85,0.6560,持有
2018-04-17,14.76,1.49,0.3274,92488.67,48437.66,140926.33,0.6563,持有
2018-04-18,15.06,1.52,0.3833,94397.72,48437.66,142835.38,0.6609,持有
2018-04-19,15.24,1.54,0.4111,95502.97,48437.66,143940.63,0.6635,持有
2018-04-20,14.65,1.48,0.3132,91835.57,48437.66,140273.23,0.6547,持有
2018-04-23,14.85,1.50,0.3425,93091.53,48437.66,141529.19,0.6578,持有
2018-04-24,15.42,1.56,0.4404,96658.45,48437.66,145096.11,0.6662,持有
2018-04-25,15.34,1.55,0.4284,96156.06,48437.66,144593.72,0.6650,持有
2018-04-26,15.02,1.52,0.3714,94146.53,48437.66,142584.19,0.6603,持有
2018-04-27,15.22,1.54,0.4074,95402.49,48437.66,143840.15,0.6633,持有
2018-05-02,15.34,1.53,0.3950,96156.06,48437.66,144593.72,0.6650,持有
2018-05-03,15.70,1.56,0.4516,98416.79,48437.66,146854.45,0.6702,持有
2018-05-04,15.53,1.55,0.4274,97311.54,48437.66,145749.20,0.6677,持有
2018-05-07,15.74,1.57,0.4565,98617.74,48437.66,147055.40,0.6706,持有
2018-05-08,15.98,1.59,0.4841,100175.13,48437.66,148612.79,0.6741,持有
2018-05-09,15.83,1.58,0.4678,99220.60,48437.66,147658.26,0.6720,持有
2018-05-10,15.90,1.58,0.4749,99672.74,48437.66,148110.40,0.6730,持有
2018-05-11,15.62,1.56,0.4415,97914.40,48437.66,146352.06,0.6690,持有
2018-05-14,15.93,1.59,0.4783,99823.46,48437.66,148261.12,0.6733,持有
2018-05-15,15.89,1.58,0.4727,99572.27,48437.66,148009.93,0.6727,持有
2018-05-16,15.65,1.56,0.4428,98065.12,48437.66,146502.78,0.6694,持有
2018-05-17,15.43,1.54,0.4090,96708.68,48437.66,145146.34,0.6663,持有
2018-05-18,15.82,1.58,0.4642,99120.12,48437.66,147557.78,0.6717,持有
2018-05-21,15.88,1.58,0.4728,99522.03,48437.66,147959.69,0.6726,持有
2018-05-22,15.79,1.57,0.4604,98969.41,48437.66,147407.07,0.6714,持有
2018-05-23,15.64,1.56,0.4417,98014.88,48437.66,146452.54,0.6693,持有
2018-05-24,15.53,1.55,0.4250,97311.54,48437.66,145749.20,0.6677,持有
2018-05-25,15.28,1.52,0.3830,95754.16,48437.66,144191.82,0.6641,持有
2018-05-28,15.43,1.54,0.4081,96708.68,48437.66,145146.34,0.6663,持有
2018-05-29,15.13,1.51,0.3531,94799.63,48437.66,143237.29,0.6618,持有
2018-05-30,14.53,1.45,0.2482,91031.76,48437.66,139469.42,0.6527,持有
2018-05-31,14.94,1.49,0.3236,93644.15,48437.66,142081.81,0.6591,持有
2018-06-01,14.89,1.48,0.3157,93292.48,48437.66,141730.14,0.6582,持有
2018-06-04,14.98,1.49,0.3291,93895.34,48437.66,142333.00,0.6597,持有
2018-06-05,15.05,1.50,0.3420,94297.25,48437.66,142734.91,0.6606,持有
2018-06-06,14.99,1.49,0.3303,93945.58,48437.66,142383.24,0.6598,持有
2018-06-07,15.23,1.52,0.3741,95452.73,48437.66,143890.39,0.6634,持有
2018-06-08,14.90,1.48,0.3174,93392.96,48437.66,141830.62,0.6585,持有
2018-06-11,14.99,1.49,0.3303,93945.58,48437.66,142383.24,0.6598,持有
2018-06-12,15.09,1.50,0.3485,94548.44,48437.66,142986.10,0.6612,持有
2018-06-13,14.87,1.48,0.3131,93192.00,48437.66,141629.66,0.6580,持有
2018-06-14,14.97,1.49,0.3264,93794.86,48437.66,142232.52,0.6594,持有
2018-06-15,14.77,1.47,0.2988,92589.15,48437.66,141026.81,0.6565,持有
2018-06-19,13.83,1.38,0.0915,86661.03,48437.66,135098.69,0.6415,买入(补至90%)
2018-06-20,13.69,1.36,0.0722,120378.96,13823.46,134202.42,0.8970,持有
2018-06-21,13.05,1.30,0.0231,114740.60,13823.46,128564.07,0.8925,买入(补至100%)
2018-06-22,13.26,1.32,0.0342,116573.07,13823.46,130396.53,0.8940,买入(补至100%)
2018-06-25,12.95,1.29,0.0183,113894.85,13823.46,127718.31,0.8918,买入(补至100%)
2018-06-26,13.11,1.31,0.0284,129297.82,154.43,129452.25,0.9988,持有
2018-06-27,12.86,1.28,0.0120,126768.77,154.43,126923.20,0.9988,持有
2018-06-28,12.95,1.29,0.0187,127717.16,154.43,127871.59,0.9988,持有
2018-06-29,13.28,1.32,0.0374,130957.51,154.43,131111.94,0.9988,持有
2018-07-02,12.86,1.28,0.0120,126768.77,154.43,126923.20,0.9988,持有
2018-07-03,13.08,1.30,0.0273,128981.69,154.43,129136.12,0.9988,持有
2018-07-04,12.90,1.28,0.0158,127163.93,154.43,127318.36,0.9988,持有
2018-07-05,12.84,1.28,0.0105,126610.70,154.43,126765.13,0.9988,持有
2018-07-06,12.96,1.29,0.0220,127796.20,154.43,127950.62,0.9988,持有
2018-07-09,13.23,1.32,0.0378,130483.32,154.43,130637.74,0.9988,持有
2018-07-10,13.24,1.32,0.0387,130562.35,154.43,130716.77,0.9988,持有
2018-07-11,12.89,1.28,0.0158,127084.90,154.43,127239.33,0.9988,持有
2018-07-12,13.29,1.32,0.0420,131036.55,154.43,131190.97,0.9988,持有
2018-07-13,13.31,1.33,0.0430,131194.61,154.43,131349.04,0.9988,持有
2018-07-16,13.24,1.32,0.0391,130562.35,154.43,130716.77,0.9988,持有
2018-07-17,13.09,1.30,0.0301,129060.72,154.43,129215.15,0.9988,持有
2018-07-18,12.98,1.29,0.0234,127954.26,154.43,128108.69,0.9988,持有
2018-07-19,13.03,1.30,0.0267,128428.46,154.43,128582.89,0.9988,持有
2018-07-20,13.49,1.34,0.0562,133012.37,154.43,133166.79,0.9988,持有
2018-07-23,13.74,1.37,0.0910,135462.39,154.43,135616.81,0.9989,持有
2018-07-24,13.88,1.38,0.1119,136884.98,154.43,137039.41,0.9989,持有
2018-07-25,13.84,1.38,0.1051,136489.82,154.43,136644.24,0.9989,持有
2018-07-26,13.56,1.35,0.0628,133723.66,154.43,133878.09,0.9988,持有
2018-07-27,13.50,1.34,0.0570,133091.40,154.43,133245.83,0.9988,持有
2018-07-30,13.60,1.36,0.0684,134118.83,154.43,134273.25,0.9988,持有
2018-07-31,13.52,1.35,0.0579,133249.47,154.43,133403.89,0.9988,持有
2018-08-01,13.28,1.32,0.0422,130878.48,154.43,131032.91,0.9988,持有
2018-08-02,12.92,1.29,0.0190,127401.03,154.43,127555.46,0.9988,持有
2018-08-03,12.84,1.28,0.0104,126610.70,154.43,126765.13,0.9988,持有
2018-08-06,12.75,1.27,0.0081,125741.34,154.43,125895.77,0.9988,持有
2018-08-07,13.13,1.31,0.0369,129455.89,154.43,129610.31,0.9988,持有
2018-08-08,12.85,1.28,0.0123,126689.74,154.43,126844.16,0.9988,持有
2018-08-09,13.13,1.31,0.0374,129455.89,154.43,129610.31,0.9988,持有
2018-08-10,13.12,1.31,0.0374,129376.86,154.43,129531.28,0.9988,持有
2018-08-13,12.99,1.29,0.0265,128112.33,154.43,128266.75,0.9988,持有
2018-08-14,12.98,1.29,0.0250,127954.26,154.43,128108.69,0.9988,持有
2018-08-15,12.72,1.27,0.0066,125425.21,154.43,125579.64,0.9988,持有
2018-08-16,12.79,1.27,0.0099,126057.47,154.43,126211.90,0.9988,持有
2018-08-17,12.63,1.26,0.0042,124476.82,154.43,124631.24,0.9988,持有
2018-08-20,12.88,1.28,0.0184,127005.87,154.43,127160.29,0.9988,持有
2018-08-21,12.95,1.29,0.0240,127717.16,154.43,127871.59,0.9988,持有
2018-08-22,12.96,1.29,0.0264,127796.20,154.43,127950.62,0.9988,持有
2018-08-23,13.05,1.30,0.0330,128665.56,154.43,128819.98,0.9988,持有
2018-08-24,13.15,1.29,0.0273,129637.81,154.43,129792.23,0.9988,持有
2018-08-27,13.42,1.32,0.0475,132311.58,154.43,132466.01,0.9988,持有
2018-08-28,13.32,1.31,0.0437,131339.30,154.43,131493.73,0.9988,持有
2018-08-29,13.21,1.30,0.0324,130204.97,154.43,130359.40,0.9988,持有
2018-08-30,13.10,1.29,0.0221,129151.66,154.43,129306.09,0.9988,持有
2018-08-31,13.13,1.29,0.0244,129475.76,154.43,129630.18,0.9988,持有
2018-09-03,13.22,1.30,0.0347,130367.02,154.43,130521.44,0.9988,持有
2018-09-04,13.37,1.31,0.0474,131825.44,154.43,131979.87,0.9988,持有
2018-09-05,13.08,1.29,0.0206,128989.62,154.43,129144.04,0.9988,持有
2018-09-06,13.03,1.28,0.0150,128503.47,154.43,128657.90,0.9988,持有
2018-09-07,13.06,1.28,0.0178,128746.55,154.43,128900.97,0.9988,持有
2018-09-10,12.67,1.25,0.0028,124938.43,154.43,125092.86,0.9988,持有
2018-09-11,12.75,1.25,0.0037,125748.67,154.43,125903.10,0.9988,持有
2018-09-12,12.75,1.25,0.0037,125748.67,154.43,125903.10,0.9988,持有
2018-09-13,12.91,1.27,0.0094,127288.12,154.43,127442.55,0.9988,持有
2018-09-14,12.89,1.27,0.0084,127045.05,154.43,127199.47,0.9988,持有
2018-09-17,12.81,1.26,0.0061,126315.84,154.43,126470.26,0.9988,持有
2018-09-18,13.07,1.28,0.0224,128827.57,154.43,128981.99,0.9988,持有
2018-09-19,13.26,1.30,0.0420,130691.11,154.43,130845.54,0.9988,持有
2018-09-20,13.26,1.30,0.0434,130772.14,154.43,130926.56,0.9988,持有
2018-09-21,13.71,1.35,0.0756,135147.41,154.43,135301.84,0.9989,持有
2018-09-25,13.49,1.33,0.0606,132959.77,154.43,133114.20,0.9988,持有
2018-09-26,13.61,1.34,0.0676,134175.13,154.43,134329.55,0.9989,持有
2018-09-27,13.58,1.33,0.0652,133932.06,154.43,134086.48,0.9988,持有
2018-09-28,13.72,1.35,0.0782,135228.44,154.43,135382.86,0.9989,持有
2018-10-08,13.12,1.29,0.0284,129313.71,154.43,129468.14,0.9988,持有
2018-10-09,13.18,1.30,0.0363,129961.90,154.43,130116.32,0.9988,持有
2018-10-10,13.27,1.30,0.0456,130853.16,154.43,131007.58,0.9988,持有
2018-10-11,12.47,1.23,0.0000,122912.84,154.43,123067.27,0.9987,持有
2018-10-12,12.50,1.23,0.0005,123236.94,154.43,123391.36,0.9987,持有
2018-10-15,12.34,1.21,0.0000,121697.49,154.43,121851.91,0.9987,持有
2018-10-16,12.25,1.20,0.0000,120725.21,154.43,120879.63,0.9987,持有
2018-10-17,12.40,1.22,0.0009,122264.65,154.43,122419.08,0.9987,持有
2018-10-18,12.20,1.20,0.0000,120239.06,154.43,120393.49,0.9987,持有
2018-10-19,12.64,1.24,0.0046,124614.34,154.43,124768.77,0.9988,持有
2018-10-22,13.91,1.37,0.1102,137091.98,154.43,137246.40,0.9989,持有
2018-10-23,13.73,1.35,0.0838,135390.48,154.43,135544.91,0.9989,持有
2018-10-24,13.91,1.37,0.1120,137173.00,154.43,137327.43,0.9989,持有
2018-10-25,14.26,1.40,0.1656,140575.99,154.43,140730.42,0.9989,持有
2018-10-26,13.87,1.36,0.1049,136767.88,154.43,136922.31,0.9989,持有
2018-10-29,13.68,1.34,0.0781,134904.34,154.43,135058.77,0.9989,持有
2018-10-30,14.22,1.40,0.1594,140170.88,154.43,140325.30,0.9989,持有
2018-10-31,14.10,1.36,0.0997,139036.55,154.43,139190.97,0.9989,持有
2018-11-01,14.27,1.38,0.1269,140657.02,154.43,140811.44,0.9989,持有
2018-11-02,14.62,1.41,0.1910,144141.03,154.43,144295.46,0.9989,持有
2018-11-05,14.55,1.40,0.1752,143492.85,154.43,143647.27,0.9989,持有
2018-11-06,14.55,1.40,0.1751,143492.85,154.43,143647.27,0.9989,持有
2018-11-07,14.22,1.37,0.1225,140170.88,154.43,140325.30,0.9989,持有
2018-11-08,13.95,1.35,0.0797,137497.10,154.43,137651.52,0.9989,持有
2018-11-09,13.91,1.34,0.0750,137091.98,154.43,137246.40,0.9989,持有
2018-11-12,14.08,1.36,0.0975,138793.48,154.43,138947.90,0.9989,持有
2018-11-13,14.29,1.38,0.1324,140900.09,154.43,141054.51,0.9989,持有
2018-11-14,14.01,1.35,0.0882,138145.29,154.43,138299.71,0.9989,持有
2018-11-15,14.30,1.38,0.1341,140981.11,154.43,141135.54,0.9989,持有
2018-11-16,14.45,1.39,0.1566,142439.54,154.43,142593.96,0.9989,持有
2018-11-19,14.85,1.43,0.2497,146409.70,154.43,146564.12,0.9989,持有
2018-11-20,14.28,1.38,0.1294,140738.04,154.43,140892.47,0.9989,持有
2018-11-21,14.09,1.36,0.0986,138874.50,154.43,139028.92,0.9989,持有
2018-11-22,14.00,1.35,0.0875,138064.26,154.43,138218.69,0.9989,持有
2018-11-23,13.64,1.32,0.0573,134499.22,154.43,134653.65,0.9989,持有
2018-11-26,13.62,1.31,0.0568,134256.15,154.43,134410.58,0.9989,持有
2018-11-27,13.73,1.33,0.0654,135390.48,154.43,135544.91,0.9989,持有
2018-11-28,13.98,1.35,0.0855,137821.19,154.43,137975.62,0.9989,持有
2018-11-29,13.67,1.32,0.0608,134742.29,154.43,134896.72,0.9989,持有
2018-11-30,13.86,1.34,0.0736,136686.86,154.43,136841.29,0.9989,持有
2018-12-03,14.33,1.38,0.1434,141305.21,154.43,141459.63,0.9989,持有
2018-12-04,14.46,1.40,0.1648,142601.59,154.43,142756.01,0.9989,持有
2018-12-05,14.34,1.38,0.1465,141386.23,154.43,141540.66,0.9989,持有
2018-12-06,13.98,1.35,0.0862,137821.19,154.43,137975.62,0.9989,持有
2018-12-07,14.01,1.35,0.0912,138145.29,154.43,138299.71,0.9989,持有
2018-12-10,13.78,1.33,0.0693,135876.62,154.43,136031.05,0.9989,持有
2018-12-11,13.87,1.34,0.0752,136767.88,154.43,136922.31,0.9989,持有
2018-12-12,13.95,1.35,0.0824,137497.10,154.43,137651.52,0.9989,持有
2018-12-13,14.12,1.36,0.1097,139198.59,154.43,139353.02,0.9989,持有
2018-12-14,13.85,1.34,0.0723,136524.81,154.43,136679.24,0.9989,持有
2018-12-17,13.95,1.35,0.0846,137578.12,154.43,137732.55,0.9989,持有
2018-12-18,13.68,1.32,0.0618,134904.34,154.43,135058.77,0.9989,持有
2018-12-19,13.49,1.30,0.0450,133040.80,154.43,133195.22,0.9988,持有
2018-12-20,13.56,1.31,0.0540,133688.99,154.43,133843.41,0.9988,持有
2018-12-21,13.23,1.28,0.0172,130448.04,154.43,130602.47,0.9988,持有
2018-12-24,13.16,1.27,0.0145,129718.83,154.43,129873.25,0.9988,持有
2018-12-25,13.16,1.27,0.0145,129718.83,154.43,129873.25,0.9988,持有
2018-12-26,13.16,1.27,0.0145,129718.83,154.43,129873.25,0.9988,持有
2018-12-27,13.16,1.27,0.0145,129718.83,154.43,129873.25,0.9988,持有
2018-12-28,13.16,1.27,0.0145,129718.83,154.43,129873.25,0.9988,持有
2019-01-02,13.16,1.27,0.0145,129718.83,154.43,129873.25,0.9988,持有
2019-01-03,13.16,1.27,0.0145,129718.83,154.43,129873.25,0.9988,持有
2019-01-04,13.16,1.27,0.0145,129718.83,154.43,129873.25,0.9988,持有
2019-01-07,13.16,1.27,0.0145,129718.83,154.43,129873.25,0.9988,持有
2019-01-08,13.16,1.27,0.0145,129718.83,154.43,129873.25,0.9988,持有
2019-01-09,13.16,1.27,0.0145,129718.83,154.43,129873.25,0.9988,持有
2019-01-10,13.81,1.33,0.0758,136119.70,154.43,136274.12,0.9989,持有
2019-01-11,13.95,1.35,0.0894,137497.10,154.43,137651.52,0.9989,持有
2019-01-14,13.97,1.35,0.0947,137740.17,154.43,137894.59,0.9989,持有
2019-01-15,14.46,1.40,0.1749,142601.59,154.43,142756.01,0.9989,持有
2019-01-16,14.50,1.40,0.1821,142925.68,154.43,143080.11,0.9989,持有
2019-01-17,14.43,1.39,0.1689,142277.49,154.43,142431.92,0.9989,持有
2019-01-18,14.69,1.42,0.2269,144870.25,154.43,145024.67,0.9989,持有
2019-01-21,14.66,1.41,0.2192,144546.15,154.43,144700.58,0.9989,持有
2019-01-22,14.36,1.39,0.1592,141548.28,154.43,141702.70,0.9989,持有
2019-01-23,14.40,1.39,0.1637,141953.40,154.43,142107.82,0.9989,持有
2019-01-24,14.70,1.42,0.2301,144951.27,154.43,145105.70,0.9989,持有
2019-01-25,14.83,1.43,0.2606,146166.63,154.43,146321.05,0.9989,持有
2019-01-28,14.79,1.43,0.2519,145842.53,154.43,145996.96,0.9989,持有
2019-01-29,14.88,1.44,0.2706,146652.77,154.43,146807.19,0.9989,持有
2019-01-30,14.74,1.42,0.2418,145356.39,154.43,145510.81,0.9989,持有
2019-01-31,15.01,1.45,0.3004,147949.15,154.43,148103.57,0.9990,持有
2019-02-01,15.27,1.47,0.3492,150541.90,154.43,150696.33,0.9990,持有
2019-02-11,15.50,1.50,0.3844,152810.56,154.43,152964.99,0.9990,持有
2019-02-12,15.59,1.50,0.3972,153701.82,154.43,153856.25,0.9990,持有
2019-02-13,16.02,1.55,0.4673,157915.05,154.43,158069.48,0.9990,持有
2019-02-14,15.86,1.53,0.4425,156375.60,154.43,156530.03,0.9990,持有
2019-02-15,15.32,1.48,0.3551,151028.04,154.43,151182.47,0.9990,持有
2019-02-18,16.29,1.57,0.5016,160588.83,154.43,160743.26,0.9990,持有
2019-02-19,16.26,1.57,0.4991,160264.74,154.43,160419.16,0.9990,持有
2019-02-20,16.50,1.59,0.5279,162695.45,154.43,162849.87,0.9991,持有
2019-02-21,16.76,1.62,0.5589,165207.18,154.43,165361.60,0.9991,持有
2019-02-22,18.43,1.78,0.6836,181736.00,154.43,181890.42,0.9992,持有
2019-02-25,20.27,1.96,0.7770,199885.29,154.43,200039.72,0.9992,卖出(降至70%)
2019-02-26,20.13,1.94,0.7713,139070.29,61820.88,200891.17,0.6923,持有
2019-02-27,19.76,1.91,0.7558,136515.94,61820.88,198336.82,0.6883,持有
2019-02-28,19.32,1.86,0.7381,133450.72,61820.88,195271.60,0.6834,持有
2019-03-01,20.10,1.94,0.7698,138843.24,61820.88,200664.12,0.6919,持有
2019-03-04,20.13,1.94,0.7708,139013.53,61820.88,200834.41,0.6922,持有
2019-03-05,20.38,1.97,0.7825,140773.19,61820.88,202594.07,0.6949,持有
2019-03-06,21.94,2.12,0.8382,151558.23,61820.88,213379.12,0.7103,卖出(降至30%)
2019-03-07,21.99,2.12,0.8391,64172.69,148296.95,212469.64,0.3020,持有
2019-03-08,19.79,1.91,0.7548,57745.82,148296.95,206042.78,0.2803,持有
2019-03-11,19.80,1.91,0.7549,57769.81,148296.95,206066.76,0.2803,持有
2019-03-12,20.28,1.96,0.7767,59184.67,148296.95,207481.63,0.2853,持有
2019-03-13,19.66,1.90,0.7511,57362.13,148296.95,205659.08,0.2789,持有
2019-03-14,19.21,1.85,0.7277,56043.19,148296.95,204340.14,0.2743,持有
2019-03-15,19.57,1.89,0.7451,57098.34,148296.95,205395.29,0.2780,持有
2019-03-18,20.24,1.95,0.7740,59064.77,148296.95,207361.72,0.2848,持有
2019-03-19,19.91,1.92,0.7609,58105.54,148296.95,206402.49,0.2815,持有
2019-03-20,20.18,1.95,0.7720,58896.90,148296.95,207193.86,0.2843,持有
2019-03-21,20.46,1.97,0.7867,59712.25,148296.95,208009.20,0.2871,持有
2019-03-22,20.38,1.96,0.7789,59472.44,148296.95,207769.40,0.2862,持有
2019-03-25,19.48,1.88,0.7396,56834.55,148296.95,205131.50,0.2771,持有
2019-03-26,18.83,1.81,0.7000,54940.07,148296.95,203237.02,0.2703,持有
2019-03-27,18.88,1.82,0.7023,55083.95,148296.95,203380.90,0.2708,持有
2019-03-28,18.76,1.81,0.6945,54748.22,148296.95,203045.17,0.2696,持有
2019-03-29,20.36,1.96,0.7780,59424.48,148296.95,207721.43,0.2861,持有
2019-04-01,20.78,2.00,0.7949,60623.52,148296.95,208920.47,0.2902,持有
2019-04-02,20.71,1.99,0.7919,60431.68,148296.95,208728.63,0.2895,持有
2019-04-03,21.50,2.07,0.8255,62733.84,148296.95,211030.79,0.2973,持有
2019-04-04,21.37,2.06,0.8194,62350.14,148296.95,210647.09,0.2960,持有
2019-04-08,20.80,2.00,0.7966,60695.47,148296.95,208992.42,0.2904,持有
2019-04-09,20.88,2.01,0.8002,60935.27,148296.95,209232.23,0.2912,持有
2019-04-10,20.50,1.97,0.7849,59832.16,148296.95,208129.11,0.2875,持有
2019-04-11,20.07,1.93,0.7621,58561.17,148296.95,206858.12,0.2831,持有
2019-04-12,19.95,1.92,0.7560,58201.46,148296.95,206498.41,0.2818,持有
2019-04-15,19.56,1.88,0.7386,57074.36,148296.95,205371.31,0.2779,持有
2019-04-16,20.13,1.94,0.7646,58753.02,148296.95,207049.97,0.2838,持有
2019-04-17,20.02,1.93,0.7603,58417.29,148296.95,206714.24,0.2826,持有
2019-04-18,19.95,1.92,0.7565,58225.44,148296.95,206522.39,0.2819,持有
2019-04-19,20.13,1.94,0.7645,58753.02,148296.95,207049.97,0.2838,持有
2019-04-22,19.55,1.88,0.7370,57050.38,148296.95,205347.33,0.2778,持有
2019-04-23,19.68,1.89,0.7428,57434.07,148296.95,205731.03,0.2792,持有
2019-04-24,19.87,1.91,0.7503,57985.63,148296.95,206282.58,0.2811,持有
2019-04-25,19.31,1.86,0.7233,56354.94,148296.95,204651.89,0.2754,持有
2019-04-26,19.39,1.87,0.7282,56570.76,148296.95,204867.72,0.2761,持有
2019-04-29,18.92,1.82,0.6995,55203.86,148296.95,203500.81,0.2713,持有
2019-04-30,18.93,1.77,0.6611,55251.82,148296.95,203548.77,0.2714,持有
2019-05-06,17.04,1.59,0.5162,49736.23,148296.95,198033.18,0.2512,持有
2019-05-07,17.05,1.59,0.5168,49760.21,148296.95,198057.16,0.2512,持有
2019-05-08,16.66,1.56,0.4721,48609.13,148296.95,196906.08,0.2469,持有
2019-05-09,16.26,1.52,0.4103,47434.07,148296.95,195731.02,0.2423,持有
2019-05-10,16.96,1.58,0.5065,49496.42,148296.95,197793.37,0.2502,持有
2019-05-13,16.47,1.54,0.4448,48057.57,148296.95,196354.52,0.2447,持有
2019-05-14,16.34,1.53,0.4246,47673.88,148296.95,195970.83,0.2433,持有
2019-05-15,16.68,1.56,0.4754,48681.07,148296.95,196978.02,0.2471,持有
2019-05-16,16.63,1.55,0.4682,48513.21,148296.95,196810.16,0.2465,持有
2019-05-17,16.14,1.51,0.3914,47098.34,148296.95,195395.29,0.2410,持有
2019-05-20,16.33,1.52,0.4230,47649.90,148296.95,195946.85,0.2432,持有
2019-05-21,16.63,1.55,0.4685,48513.21,148296.95,196810.16,0.2465,持有
2019-05-22,16.55,1.55,0.4565,48297.38,148296.95,196594.33,0.2457,持有
2019-05-23,16.48,1.54,0.4463,48081.55,148296.95,196378.50,0.2448,持有
2019-05-24,16.49,1.54,0.4500,48129.51,148296.95,196426.47,0.2450,持有
2019-05-27,16.95,1.58,0.5076,49472.44,148296.95,197769.39,0.2502,持有
2019-05-28,16.92,1.58,0.5048,49376.52,148296.95,197673.47,0.2498,持有
2019-05-29,16.89,1.58,0.5011,49280.59,148296.95,197577.54,0.2494,持有
2019-05-30,16.61,1.55,0.4670,48465.25,148296.95,196762.20,0.2463,持有
2019-05-31,16.54,1.54,0.4543,48273.40,148296.95,196570.35,0.2456,持有
2019-06-03,16.59,1.55,0.4632,48417.28,148296.95,196714.24,0.2461,持有
2019-06-04,16.54,1.54,0.4539,48273.40,148296.95,196570.35,0.2456,持有
2019-06-05,16.71,1.56,0.4805,48753.02,148296.95,197049.97,0.2474,持有
2019-06-06,16.49,1.54,0.4483,48129.51,148296.95,196426.47,0.2450,持有
2019-06-10,16.50,1.54,0.4498,48153.50,148296.95,196450.45,0.2451,持有
2019-06-11,17.33,1.62,0.5534,50575.56,148296.95,198872.51,0.2543,持有
2019-06-12,17.10,1.60,0.5298,49904.10,148296.95,198201.05,0.2518,持有
2019-06-13,17.27,1.61,0.5460,50383.71,148296.95,198680.66,0.2536,持有
2019-06-14,16.98,1.59,0.5130,49544.38,148296.95,197841.33,0.2504,持有
2019-06-17,17.04,1.59,0.5201,49712.25,148296.95,198009.20,0.2511,持有
2019-06-18,17.14,1.60,0.5328,50000.02,148296.95,198296.97,0.2521,持有
2019-06-19,17.71,1.65,0.5908,51678.68,148296.95,199975.63,0.2584,持有
2019-06-20,18.94,1.77,0.6668,55275.80,148296.95,203572.75,0.2715,持有
2019-06-21,19.45,1.82,0.7001,56762.61,148296.95,205059.56,0.2768,持有
2019-06-24,19.40,1.81,0.6972,56594.75,148296.95,204891.70,0.2762,持有
2019-06-25,19.30,1.80,0.6883,56306.98,148296.95,204603.93,0.2752,持有
2019-06-26,19.14,1.79,0.6773,55851.34,148296.95,204148.29,0.2736,持有
2019-06-27,19.66,1.84,0.7127,57362.13,148296.95,205659.08,0.2789,持有
2019-06-28,19.57,1.83,0.7081,57098.34,148296.95,205395.29,0.2780,持有
2019-07-01,20.04,1.87,0.7361,58465.25,148296.95,206762.20,0.2828,持有
2019-07-02,19.85,1.85,0.7238,57913.69,148296.95,206210.64,0.2808,持有
2019-07-03,19.26,1.80,0.6836,56187.07,148296.95,204484.02,0.2748,持有
2019-07-04,19.40,1.81,0.6961,56594.75,148296.95,204891.70,0.2762,持有
2019-07-05,19.35,1.81,0.6903,56450.86,148296.95,204747.81,0.2757,持有
2019-07-08,19.04,1.78,0.6698,55563.57,148296.95,203860.52,0.2726,持有
2019-07-09,19.09,1.78,0.6730,55707.45,148296.95,204004.41,0.2731,持有
2019-07-10,19.07,1.78,0.6722,55635.51,148296.95,203932.46,0.2728,持有
2019-07-11,19.05,1.78,0.6711,55587.55,148296.95,203884.50,0.2726,持有
2019-07-12,19.21,1.79,0.6811,56043.19,148296.95,204340.14,0.2743,持有
2019-07-15,19.47,1.82,0.7009,56810.57,148296.95,205107.52,0.2770,持有
2019-07-16,19.26,1.80,0.6831,56187.07,148296.95,204484.02,0.2748,持有
2019-07-17,18.98,1.77,0.6635,55371.72,148296.95,203668.67,0.2719,持有
2019-07-18,18.67,1.74,0.6436,54484.43,148296.95,202781.38,0.2687,持有
2019-07-19,19.05,1.78,0.6702,55587.55,148296.95,203884.50,0.2726,持有
2019-07-22,18.74,1.75,0.6465,54676.28,148296.95,202973.23,0.2694,持有
2019-07-23,18.80,1.75,0.6500,54844.15,148296.95,203141.10,0.2700,持有
2019-07-24,19.12,1.78,0.6745,55779.40,148296.95,204076.35,0.2733,持有
2019-07-25,19.22,1.79,0.6832,56091.15,148296.95,204388.10,0.2744,持有
2019-07-26,19.22,1.79,0.6829,56091.15,148296.95,204388.10,0.2744,持有
2019-07-29,19.04,1.78,0.6672,55563.57,148296.95,203860.52,0.2726,持有
2019-07-30,19.24,1.80,0.6840,56139.11,148296.95,204436.06,0.2746,持有
2019-07-31,19.09,1.78,0.6718,55707.45,148296.95,204004.41,0.2731,持有
2019-08-01,18.84,1.76,0.6515,54964.05,148296.95,203261.00,0.2704,持有
2019-08-02,18.12,1.67,0.5900,52869.70,148296.95,201166.65,0.2628,持有
2019-08-05,17.48,1.61,0.5332,50994.54,148296.95,199291.49,0.2559,持有
2019-08-06,17.40,1.60,0.5249,50775.37,148296.95,199072.32,0.2551,持有
2019-08-07,17.11,1.57,0.4868,49923.02,148296.95,198219.97,0.2519,持有
2019-08-08,17.45,1.60,0.5304,50921.48,148296.95,199218.43,0.2556,持有
2019-08-09,17.35,1.60,0.5191,50629.25,148296.95,198926.20,0.2545,持有
2019-08-12,17.81,1.64,0.5685,51968.65,148296.95,200265.60,0.2595,持有
2019-08-13,17.58,1.62,0.5450,51311.13,148296.95,199608.08,0.2571,持有
2019-08-14,17.65,1.62,0.5524,51505.95,148296.95,199802.90,0.2578,持有
2019-08-15,17.69,1.63,0.5551,51627.71,148296.95,199924.66,0.2582,持有
2019-08-16,17.80,1.64,0.5680,51944.30,148296.95,200241.25,0.2594,持有
2019-08-19,19.30,1.77,0.6655,56327.78,148296.95,204624.73,0.2753,持有
2019-08-20,18.99,1.75,0.6433,55426.73,148296.95,203723.68,0.2721,持有
2019-08-21,18.89,1.74,0.6392,55134.50,148296.95,203431.45,0.2710,持有
2019-08-22,18.95,1.74,0.6414,55304.97,148296.95,203601.92,0.2716,持有
2019-08-23,18.89,1.76,0.6530,55134.50,148296.95,203431.45,0.2710,持有
2019-08-26,18.54,1.73,0.6324,54111.69,148296.95,202408.64,0.2673,持有
2019-08-27,19.00,1.77,0.6617,55451.08,148296.95,203748.04,0.2722,持有
2019-08-28,18.71,1.74,0.6408,54598.74,148296.95,202895.69,0.2691,持有
2019-08-29,18.57,1.73,0.6338,54184.74,148296.95,202481.70,0.2676,持有
2019-08-30,18.63,1.73,0.6364,54355.21,148296.95,202652.16,0.2682,持有
2019-09-02,19.00,1.77,0.6619,55451.08,148296.95,203748.04,0.2722,持有
2019-09-03,19.06,1.77,0.6658,55621.55,148296.95,203918.50,0.2728,持有
2019-09-04,19.47,1.81,0.7018,56814.84,148296.95,205111.79,0.2770,持有
2019-09-05,19.89,1.85,0.7276,58032.47,148296.95,206329.42,0.2813,持有
2019-09-06,20.15,1.88,0.7445,58811.76,148296.95,207108.71,0.2840,持有
2019-09-09,20.30,1.89,0.7497,59225.75,148296.95,207522.70,0.2854,持有
2019-09-10,20.20,1.88,0.7456,58933.52,148296.95,207230.47,0.2844,持有
2019-09-11,20.36,1.89,0.7524,59396.22,148296.95,207693.17,0.2860,持有
2019-09-12,20.62,1.92,0.7639,60175.51,148296.95,208472.46,0.2886,持有
2019-09-16,20.26,1.89,0.7467,59128.34,148296.95,207425.29,0.2851,持有
2019-09-17,19.64,1.83,0.7112,57301.89,148296.95,205598.84,0.2787,持有
2019-09-18,19.55,1.82,0.7050,57058.36,148296.95,205355.31,0.2779,持有
2019-09-19,19.69,1.83,0.7143,57448.01,148296.95,205744.96,0.2792,持有
2019-09-20,19.48,1.81,0.6994,56839.19,148296.95,205136.14,0.2771,持有
2019-09-23,19.17,1.78,0.6735,55938.14,148296.95,204235.09,0.2739,持有
2019-09-24,19.16,1.78,0.6732,55913.79,148296.95,204210.74,0.2738,持有
2019-09-25,19.08,1.78,0.6642,55670.26,148296.95,203967.21,0.2729,持有
2019-09-26,18.96,1.76,0.6534,55329.32,148296.95,203626.27,0.2717,持有
2019-09-27,19.24,1.79,0.6795,56132.96,148296.95,204429.91,0.2746,持有
2019-09-30,18.76,1.75,0.6382,54744.86,148296.95,203041.81,0.2696,持有
2019-10-08,18.64,1.73,0.6325,54379.57,148296.95,202676.52,0.2683,持有
2019-10-09,18.55,1.73,0.6268,54136.04,148296.95,202432.99,0.2674,持有
2019-10-10,18.69,1.74,0.6345,54525.68,148296.95,202822.63,0.2688,持有
2019-10-11,19.14,1.78,0.6710,55865.08,148296.95,204162.03,0.2736,持有
2019-10-14,19.27,1.79,0.6820,56230.37,148296.95,204527.32,0.2749,持有
2019-10-15,18.94,1.76,0.6508,55256.26,148296.95,203553.21,0.2715,持有
2019-10-16,18.83,1.75,0.6430,54939.68,148296.95,203236.63,0.2703,持有
2019-10-17,18.79,1.75,0.6403,54842.27,148296.95,203139.22,0.2700,持有
2019-10-18,18.36,1.71,0.6142,53575.93,148296.95,201872.88,0.2654,持有
2019-10-21,18.24,1.70,0.6060,53210.64,148296.95,201507.59,0.2641,持有
2019-10-22,18.44,1.72,0.6187,53819.45,148296.95,202116.41,0.2663,持有
2019-10-23,18.19,1.69,0.6005,53064.52,148296.95,201361.47,0.2635,持有
2019-10-24,18.24,1.70,0.6057,53210.64,148296.95,201507.59,0.2641,持有
2019-10-25,18.41,1.71,0.6170,53722.04,148296.95,202018.99,0.2659,持有
2019-10-28,18.65,1.74,0.6326,54428.27,148296.95,202725.22,0.2685,持有
2019-10-29,18.25,1.70,0.6070,53259.34,148296.95,201556.29,0.2642,持有
2019-10-30,18.25,1.70,0.6067,53259.34,148296.95,201556.29,0.2642,持有
2019-10-31,18.11,1.64,0.5629,52845.35,148296.95,201142.30,0.2627,持有
2019-11-01,18.51,1.68,0.5917,54014.28,148296.95,202311.23,0.2670,持有
2019-11-04,18.58,1.68,0.5948,54209.10,148296.95,202506.05,0.2677,持有
2019-11-05,18.88,1.71,0.6161,55085.79,148296.95,203382.75,0.2708,持有
2019-11-06,18.72,1.70,0.6059,54623.09,148296.95,202920.04,0.2692,持有
2019-11-07,18.95,1.72,0.6218,55304.97,148296.95,203601.92,0.2716,持有
2019-11-08,18.71,1.70,0.6041,54598.74,148296.95,202895.69,0.2691,持有
2019-11-11,18.36,1.67,0.5786,53575.93,148296.95,201872.88,0.2654,持有
2019-11-12,18.39,1.67,0.5821,53648.99,148296.95,201945.94,0.2657,持有
2019-11-13,18.23,1.65,0.5703,53186.28,148296.95,201483.24,0.2640,持有
2019-11-14,18.28,1.66,0.5746,53332.40,148296.95,201629.35,0.2645,持有
2019-11-15,18.12,1.64,0.5620,52869.70,148296.95,201166.65,0.2628,持有
2019-11-18,18.27,1.66,0.5746,53308.05,148296.95,201605.00,0.2644,持有
2019-11-19,18.49,1.68,0.5900,53941.22,148296.95,202238.17,0.2667,持有
2019-11-20,18.13,1.64,0.5625,52894.05,148296.95,201191.00,0.2629,持有
2019-11-21,18.06,1.64,0.5557,52699.23,148296.95,200996.18,0.2622,持有
2019-11-22,17.93,1.63,0.5402,52333.94,148296.95,200630.89,0.2608,持有
2019-11-25,18.04,1.64,0.5532,52650.52,148296.95,200947.48,0.2620,持有
2019-11-26,17.96,1.63,0.5426,52407.00,148296.95,200703.95,0.2611,持有
2019-11-27,17.88,1.62,0.5358,52187.82,148296.95,200484.77,0.2603,持有
2019-11-28,17.95,1.63,0.5422,52382.65,148296.95,200679.60,0.2610,持有
2019-11-29,17.87,1.62,0.5325,52139.12,148296.95,200436.07,0.2601,持有
2019-12-02,18.09,1.64,0.5594,52796.64,148296.95,201093.59,0.2625,持有
2019-12-03,18.24,1.65,0.5728,53210.64,148296.95,201507.59,0.2641,持有
2019-12-04,18.17,1.65,0.5656,53015.82,148296.95,201312.77,0.2634,持有
2019-12-05,18.61,1.69,0.5982,54306.51,148296.95,202603.46,0.2680,持有
2019-12-06,18.68,1.69,0.6049,54501.33,148296.95,202798.28,0.2687,持有
2019-12-09,18.57,1.68,0.5956,54184.74,148296.95,202481.70,0.2676,持有
2019-12-10,18.54,1.68,0.5938,54087.33,148296.95,202384.28,0.2673,持有
2019-12-11,18.55,1.68,0.5947,54136.04,148296.95,202432.99,0.2674,持有
2019-12-12,18.53,1.68,0.5929,54062.98,148296.95,202359.93,0.2672,持有
2019-12-13,19.20,1.74,0.6406,56011.20,148296.95,204308.15,0.2742,持有
2019-12-16,19.46,1.77,0.6596,56790.48,148296.95,205087.43,0.2769,持有
2019-12-17,19.92,1.81,0.7002,58129.88,148296.95,206426.83,0.2816,持有
2019-12-18,19.86,1.80,0.6950,57959.41,148296.95,206256.36,0.2810,持有
2019-12-19,19.82,1.80,0.6907,57837.65,148296.95,206134.60,0.2806,持有
2019-12-20,19.68,1.78,0.6798,57423.65,148296.95,205720.60,0.2791,持有
2019-12-23,19.24,1.74,0.6419,56132.96,148296.95,204429.91,0.2746,持有
2019-12-24,19.35,1.75,0.6494,56449.55,148296.95,204746.50,0.2757,持有
2019-12-25,19.30,1.75,0.6462,56327.78,148296.95,204624.73,0.2753,持有
2019-12-26,19.82,1.80,0.6909,57837.65,148296.95,206134.60,0.2806,持有
2019-12-27,19.47,1.77,0.6588,56814.84,148296.95,205111.79,0.2770,持有
2019-12-30,21.42,1.94,0.7834,62489.01,148296.95,210785.96,0.2965,持有
2019-12-31,21.11,1.92,0.7675,61612.32,148296.95,209909.27,0.2935,持有
2020-01-02,21.27,1.93,0.7774,62075.02,148296.95,210371.97,0.2951,持有
2020-01-03,21.18,1.92,0.7722,61807.14,148296.95,210104.09,0.2942,持有
2020-01-06,21.13,1.92,0.7674,61661.02,148296.95,209957.97,0.2937,持有
2020-01-07,21.45,1.95,0.7846,62586.42,148296.95,210883.38,0.2968,持有
2020-01-08,20.81,1.89,0.7534,60735.62,148296.95,209032.57,0.2906,持有
2020-01-09,21.23,1.93,0.7742,61953.25,148296.95,210250.21,0.2947,持有
2020-01-10,21.32,1.93,0.7792,62221.13,148296.95,210518.08,0.2956,持有
2020-01-13,21.67,1.97,0.7959,63243.95,148296.95,211540.90,0.2990,持有
2020-01-14,21.33,1.93,0.7790,62245.49,148296.95,210542.44,0.2956,持有
2020-01-15,21.13,1.92,0.7656,61661.02,148296.95,209957.97,0.2937,持有
2020-01-16,20.96,1.90,0.7596,61149.62,148296.95,209446.57,0.2920,持有
2020-01-17,21.16,1.92,0.7687,61758.43,148296.95,210055.38,0.2940,持有
2020-01-20,21.50,1.95,0.7874,62732.54,148296.95,211029.49,0.2973,持有
2020-01-21,21.01,1.91,0.7595,61295.73,148296.95,209592.68,0.2925,持有
2020-01-22,21.03,1.91,0.7608,61368.79,148296.95,209665.74,0.2927,持有
2020-01-23,19.95,1.81,0.6989,58202.94,148296.95,206499.89,0.2819,持有
2020-02-03,17.95,1.63,0.5338,52382.65,148296.95,200679.60,0.2610,持有
2020-02-04,18.14,1.64,0.5559,52918.40,148296.95,201215.36,0.2630,持有
2020-02-05,18.42,1.67,0.5791,53746.40,148296.95,202043.35,0.2660,持有
2020-02-06,18.89,1.71,0.6145,55110.15,148296.95,203407.10,0.2709,持有
2020-02-07,18.81,1.71,0.6098,54890.97,148296.95,203187.92,0.2701,持有
2020-02-10,18.92,1.72,0.6164,55207.56,148296.95,203504.51,0.2713,持有
2020-02-11,18.94,1.72,0.6174,55256.26,148296.95,203553.21,0.2715,持有
2020-02-12,19.11,1.73,0.6284,55767.67,148296.95,204064.62,0.2733,持有
2020-02-13,18.82,1.71,0.6096,54915.33,148296.95,203212.28,0.2702,持有
2020-02-14,19.18,1.74,0.6336,55962.49,148296.95,204259.44,0.2740,持有
2020-02-17,20.18,1.83,0.7164,58884.81,148296.95,207181.77,0.2842,持有
2020-02-18,20.01,1.82,0.7048,58397.76,148296.95,206694.71,0.2825,持有
2020-02-19,20.03,1.82,0.7046,58446.47,148296.95,206743.42,0.2827,持有
2020-02-20,21.21,1.92,0.7744,61904.55,148296.95,210201.50,0.2945,持有
2020-02-21,21.01,1.91,0.7604,61320.08,148296.95,209617.04,0.2925,持有
2020-02-24,20.90,1.90,0.7564,60979.15,148296.95,209276.10,0.2914,持有
2020-02-25,21.04,1.91,0.7622,61393.14,148296.95,209690.09,0.2928,持有
2020-02-26,20.62,1.87,0.7418,60175.51,148296.95,208472.46,0.2886,持有
2020-02-27,20.67,1.87,0.7443,60321.62,148296.95,208618.57,0.2891,持有
2020-02-28,19.53,1.77,0.6592,56985.30,148296.95,205282.26,0.2776,持有
2020-03-02,20.43,1.85,0.7296,59615.40,148296.95,207912.35,0.2867,持有
2020-03-03,20.64,1.87,0.7430,60224.21,148296.95,208521.16,0.2888,持有
2020-03-04,21.14,1.92,0.7680,61685.37,148296.95,209982.33,0.2938,持有
2020-03-05,21.69,1.97,0.7998,63292.65,148296.95,211589.60,0.2991,持有
2020-03-06,20.96,1.90,0.7585,61149.62,148296.95,209446.57,0.2920,持有
2020-03-09,20.29,1.84,0.7193,59201.40,148296.95,207498.35,0.2853,持有
2020-03-10,20.91,1.90,0.7575,61027.85,148296.95,209324.80,0.2915,持有
2020-03-11,20.31,1.84,0.7224,59274.46,148296.95,207571.41,0.2856,持有
2020-03-12,20.01,1.82,0.7004,58397.76,148296.95,206694.71,0.2825,持有
2020-03-13,19.98,1.93,0.7802,58300.35,148296.95,206597.30,0.2822,持有
2020-03-16,18.92,1.83,0.7135,55207.56,148296.95,203504.51,0.2713,持有
2020-03-17,19.14,1.85,0.7272,55840.73,148296.95,204137.68,0.2735,持有
2020-03-18,18.55,1.80,0.6805,54136.04,148296.95,202432.99,0.2674,持有
2020-03-19,18.66,1.81,0.6890,54452.62,148296.95,202749.58,0.2686,持有
2020-03-20,18.91,1.81,0.6976,55183.21,148296.95,203480.16,0.2712,持有
2020-03-23,18.27,1.75,0.6362,53308.05,148296.95,201605.00,0.2644,持有
2020-03-24,18.62,1.78,0.6695,54330.86,148296.95,202627.81,0.2681,持有
2020-03-25,18.99,1.82,0.7051,55426.73,148296.95,203723.68,0.2721,持有
2020-03-26,18.76,1.80,0.6837,54744.86,148296.95,203041.81,0.2696,持有
2020-03-27,18.84,1.81,0.6886,54964.03,148296.95,203260.98,0.2704,持有
2020-03-30,18.59,1.78,0.6648,54233.45,148296.95,202530.40,0.2678,持有
2020-03-31,18.49,1.77,0.6554,53965.57,148296.95,202262.52,0.2668,持有
2020-04-01,18.44,1.77,0.6487,53819.45,148296.95,202116.41,0.2663,持有
2020-04-02,18.72,1.79,0.6779,54623.09,148296.95,202920.04,0.2692,持有
2020-04-03,18.47,1.77,0.6522,53892.51,148296.95,202189.46,0.2665,持有
2020-04-07,18.84,1.81,0.6897,54988.38,148296.95,203285.33,0.2705,持有
2020-04-08,18.82,1.80,0.6887,54915.33,148296.95,203212.28,0.2702,持有
2020-04-09,18.90,1.81,0.6979,55158.85,148296.95,203455.80,0.2711,持有
2020-04-10,18.77,1.80,0.6838,54769.21,148296.95,203066.16,0.2697,持有
2020-04-13,18.59,1.78,0.6636,54233.45,148296.95,202530.40,0.2678,持有
2020-04-14,19.37,1.86,0.7320,56522.60,148296.95,204819.55,0.2760,持有
2020-04-15,19.21,1.84,0.7214,56059.90,148296.95,204356.85,0.2743,持有
2020-04-16,19.75,1.89,0.7549,57642.83,148296.95,205939.78,0.2799,持有
2020-04-17,19.51,1.87,0.7411,56936.60,148296.95,205233.55,0.2774,持有
2020-04-20,19.60,1.88,0.7475,57204.48,148296.95,205501.43,0.2784,持有
2020-04-21,19.34,1.85,0.7298,56425.19,148296.95,204722.14,0.2756,持有
2020-04-22,19.35,1.85,0.7307,56473.90,148296.95,204770.85,0.2758,持有
2020-04-23,19.13,1.83,0.7146,55816.38,148296.95,204113.33,0.2735,持有
2020-04-24,18.94,1.82,0.7000,55280.62,148296.95,203577.57,0.2715,持有
2020-04-27,19.05,1.83,0.7089,55597.20,148296.95,203894.15,0.2727,持有
2020-04-28,19.44,1.86,0.7371,56717.42,148296.95,205014.38,0.2767,持有
2020-04-29,19.52,1.70,0.5953,56960.95,148296.95,205257.90,0.2775,持有
2020-04-30,19.78,1.73,0.6124,57715.89,148296.95,206012.84,0.2802,持有
2020-05-06,19.71,1.72,0.6078,57521.06,148296.95,205818.01,0.2795,持有
2020-05-07,19.54,1.71,0.5961,57009.66,148296.95,205306.61,0.2777,持有
2020-05-08,19.88,1.74,0.6192,58008.12,148296.95,206305.07,0.2812,持有
2020-05-11,19.67,1.72,0.6051,57399.30,148296.95,205696.25,0.2790,持有
2020-05-12,19.72,1.72,0.6080,57545.42,148296.95,205842.37,0.2796,持有
2020-05-13,19.81,1.73,0.6145,57813.30,148296.95,206110.25,0.2805,持有
2020-05-14,19.56,1.71,0.5969,57082.72,148296.95,205379.67,0.2779,持有
2020-05-15,19.56,1.71,0.5967,57082.72,148296.95,205379.67,0.2779,持有
2020-05-18,19.26,1.68,0.5720,56206.02,148296.95,204502.97,0.2748,持有
2020-05-19,19.37,1.69,0.5789,56522.60,148296.95,204819.55,0.2760,持有
2020-05-20,19.27,1.68,0.5728,56230.37,148296.95,204527.32,0.2749,持有
2020-05-21,19.21,1.68,0.5690,56059.90,148296.95,204356.85,0.2743,持有
2020-05-22,18.61,1.63,0.5149,54306.51,148296.95,202603.46,0.2680,持有
2020-05-25,18.54,1.62,0.5077,54087.33,148296.95,202384.28,0.2673,持有
2020-05-26,18.75,1.64,0.5322,54720.50,148296.95,203017.45,0.2695,持有
2020-05-27,18.60,1.62,0.5135,54282.16,148296.95,202579.11,0.2680,持有
2020-05-28,18.76,1.64,0.5334,54744.86,148296.95,203041.81,0.2696,持有
2020-05-29,18.59,1.62,0.5128,54233.45,148296.95,202530.40,0.2678,持有
2020-06-01,19.31,1.69,0.5765,56352.13,148296.95,204649.09,0.2754,持有
2020-06-02,19.21,1.68,0.5696,56059.90,148296.95,204356.85,0.2743,持有
2020-06-03,19.11,1.67,0.5615,55767.67,148296.95,204064.62,0.2733,持有
2020-06-04,18.99,1.66,0.5539,55426.73,148296.95,203723.68,0.2721,持有
2020-06-05,19.06,1.66,0.5564,55621.55,148296.95,203918.50,0.2728,持有
2020-06-08,19.17,1.67,0.5663,55938.14,148296.95,204235.09,0.2739,持有
2020-06-09,19.44,1.70,0.5888,56717.42,148296.95,205014.38,0.2767,持有
2020-06-10,19.25,1.68,0.5722,56157.31,148296.95,204454.26,0.2747,持有
2020-06-11,19.02,1.66,0.5543,55499.79,148296.95,203796.74,0.2723,持有
2020-06-12,18.87,1.65,0.5412,55061.44,148296.95,203358.39,0.2708,持有
2020-06-15,18.85,1.65,0.5402,55012.74,148296.95,203309.69,0.2706,持有
2020-06-16,19.08,1.67,0.5580,55670.26,148296.95,203967.21,0.2729,持有
2020-06-17,19.00,1.66,0.5539,55451.08,148296.95,203748.04,0.2722,持有
2020-06-18,19.26,1.68,0.5739,56206.02,148296.95,204502.97,0.2748,持有
2020-06-19,19.90,1.74,0.6244,58081.18,148296.95,206378.13,0.2814,持有
2020-06-22,20.12,1.76,0.6402,58714.35,148296.95,207011.30,0.2836,持有
2020-06-23,20.06,1.75,0.6348,58543.88,148296.95,206840.83,0.2830,持有
2020-06-24,20.24,1.77,0.6490,59055.28,148296.95,207352.23,0.2848,持有
2020-06-29,19.61,1.71,0.6032,57228.83,148296.95,205525.78,0.2785,持有
2020-06-30,20.12,1.76,0.6399,58714.35,148296.95,207011.30,0.2836,持有
2020-07-01,20.63,1.80,0.6883,60199.86,148296.95,208496.81,0.2887,持有
2020-07-02,21.75,1.90,0.7651,63463.12,148296.95,211760.07,0.2997,持有
2020-07-03,23.93,2.09,0.8523,69819.17,148296.95,218116.13,0.3201,持有
2020-07-06,26.32,2.30,0.8795,76808.40,148296.95,225105.35,0.3412,持有
2020-07-07,25.98,2.27,0.8776,75809.94,148296.95,224106.89,0.3383,持有
2020-07-08,27.96,2.44,0.8878,81581.53,148296.95,229878.48,0.3549,卖出(降至30%)
2020-07-09,27.61,2.41,0.8863,68107.73,160529.02,228636.75,0.2979,持有
2020-07-10,26.51,2.32,0.8816,65410.59,160529.02,225939.61,0.2895,持有
2020-07-13,27.11,2.37,0.8836,66872.40,160529.02,227401.42,0.2941,持有
2020-07-14,26.73,2.33,0.8825,65945.90,160529.02,226474.92,0.2912,持有
2020-07-15,26.71,2.33,0.8818,65884.14,160529.02,226413.16,0.2910,持有
2020-07-16,24.47,2.14,0.8578,60366.34,160529.02,220895.36,0.2733,持有
2020-07-17,23.89,2.09,0.8478,58925.12,160529.02,219454.14,0.2685,持有
2020-07-20,25.58,2.23,0.8719,63104.65,160529.02,223633.67,0.2822,持有
2020-07-21,25.31,2.21,0.8700,62445.81,160529.02,222974.83,0.2801,持有
2020-07-22,25.45,2.22,0.8712,62795.82,160529.02,223324.84,0.2812,持有
2020-07-23,25.49,2.23,0.8712,62878.17,160529.02,223407.19,0.2815,持有
2020-07-24,23.79,2.08,0.8446,58678.06,160529.02,219207.08,0.2677,持有
2020-07-27,23.79,2.08,0.8443,58678.06,160529.02,219207.08,0.2677,持有
2020-07-28,23.70,2.07,0.8405,58472.17,160529.02,219001.19,0.2670,持有
2020-07-29,24.85,2.17,0.8610,61292.84,160529.02,221821.86,0.2763,持有
2020-07-30,24.67,2.15,0.8587,60860.47,160529.02,221389.49,0.2749,持有
2020-07-31,25.00,2.18,0.8627,61684.02,160529.02,222213.04,0.2776,持有
2020-08-03,25.38,2.22,0.8696,62610.52,160529.02,223139.54,0.2806,持有
2020-08-04,25.22,2.20,0.8689,62219.33,160529.02,222748.35,0.2793,持有
2020-08-05,24.96,2.18,0.8613,61581.08,160529.02,222110.10,0.2773,持有
2020-08-06,26.77,2.34,0.8833,66048.85,160529.02,226577.87,0.2915,持有
2020-08-07,26.67,2.33,0.8818,65801.78,160529.02,226330.80,0.2907,持有
2020-08-10,27.72,2.42,0.8872,68375.38,160529.02,228904.40,0.2987,持有
2020-08-11,26.13,2.28,0.8761,64463.51,160529.02,224992.53,0.2865,持有
2020-08-12,25.95,2.27,0.8746,64010.56,160529.02,224539.58,0.2851,持有
2020-08-13,25.78,2.25,0.8727,63598.78,160529.02,224127.80,0.2838,持有
2020-08-14,26.18,2.29,0.8766,64587.04,160529.02,225116.06,0.2869,持有
2020-08-17,27.52,2.40,0.8863,67881.25,160529.02,228410.27,0.2972,持有
2020-08-18,27.66,2.42,0.8871,68231.26,160529.02,228760.28,0.2983,持有
2020-08-19,27.28,2.38,0.8845,67304.76,160529.02,227833.78,0.2954,持有
2020-08-20,26.69,2.33,0.8807,65842.96,160529.02,226371.98,0.2909,持有
2020-08-21,27.06,2.33,0.8799,66763.29,160529.02,227292.31,0.2937,持有
2020-08-24,26.96,2.32,0.8796,66512.30,160529.02,227041.32,0.2930,持有
2020-08-25,26.86,2.33,0.8796,66261.31,160529.02,226790.33,0.2922,持有
2020-08-26,26.05,2.26,0.8705,64274.31,160529.02,224803.33,0.2859,持有
2020-08-27,26.26,2.27,0.8725,64776.29,160529.02,225305.31,0.2875,持有
2020-08-28,27.12,2.35,0.8825,66909.70,160529.02,227438.72,0.2942,持有
2020-08-31,26.96,2.34,0.8817,66512.30,160529.02,227041.32,0.2930,持有
2020-09-01,27.22,2.36,0.8826,67160.69,160529.02,227689.71,0.2950,持有
2020-09-02,27.05,2.34,0.8818,66721.46,160529.02,227250.48,0.2936,持有
2020-09-03,26.72,2.31,0.8765,65926.66,160529.02,226455.68,0.2911,持有
2020-09-04,26.32,2.28,0.8712,64922.70,160529.02,225451.72,0.2880,持有
2020-09-07,25.36,2.20,0.8579,62559.21,160529.02,223088.23,0.2804,持有
2020-09-08,25.99,2.25,0.8671,64106.98,160529.02,224636.00,0.2854,持有
2020-09-09,25.51,2.21,0.8615,62935.70,160529.02,223464.72,0.2816,持有
2020-09-10,25.43,2.20,0.8611,62747.45,160529.02,223276.47,0.2810,持有
2020-09-11,25.51,2.21,0.8612,62935.70,160529.02,223464.72,0.2816,持有
2020-09-14,25.48,2.21,0.8608,62852.03,160529.02,223381.05,0.2814,持有
2020-09-15,25.62,2.22,0.8628,63207.60,160529.02,223736.62,0.2825,持有
2020-09-16,25.63,2.22,0.8629,63228.52,160529.02,223757.54,0.2826,持有
2020-09-17,25.10,2.17,0.8507,61931.74,160529.02,222460.76,0.2784,持有
2020-09-18,26.20,2.27,0.8702,64629.88,160529.02,225158.90,0.2870,持有
2020-09-21,26.22,2.27,0.8706,64692.63,160529.02,225221.65,0.2872,持有
2020-09-22,25.96,2.25,0.8661,64044.23,160529.02,224573.25,0.2852,持有
2020-09-23,25.70,2.23,0.8631,63395.84,160529.02,223924.86,0.2831,持有
2020-09-24,25.39,2.20,0.8571,62642.88,160529.02,223171.89,0.2807,持有
2020-09-25,25.60,2.22,0.8606,63165.77,160529.02,223694.79,0.2824,持有
2020-09-28,25.62,2.22,0.8610,63207.60,160529.02,223736.62,0.2825,持有
2020-09-29,25.66,2.22,0.8626,63291.27,160529.02,223820.29,0.2828,持有
2020-09-30,25.46,2.21,0.8577,62810.20,160529.02,223339.22,0.2812,持有
2020-10-09,25.94,2.25,0.8657,64002.40,160529.02,224531.42,0.2850,持有
2020-10-12,26.89,2.33,0.8798,66344.97,160529.02,226873.99,0.2924,持有
2020-10-13,26.58,2.30,0.8745,65571.09,160529.02,226100.11,0.2900,持有
2020-10-14,26.24,2.27,0.8704,64734.46,160529.02,225263.48,0.2874,持有
2020-10-15,26.26,2.27,0.8705,64776.29,160529.02,225305.31,0.2875,持有
2020-10-16,26.35,2.28,0.8724,65006.36,160529.02,225535.38,0.2882,持有
2020-10-19,26.18,2.27,0.8683,64588.05,160529.02,225117.07,0.2869,持有
2020-10-20,25.99,2.25,0.8649,64106.98,160529.02,224636.00,0.2854,持有
2020-10-21,25.80,2.23,0.8620,63646.83,160529.02,224175.85,0.2839,持有
2020-10-22,25.81,2.24,0.8620,63667.75,160529.02,224196.77,0.2840,持有
2020-10-23,25.52,2.21,0.8556,62956.61,160529.02,223485.63,0.2817,持有
2020-10-26,24.60,2.13,0.8376,60697.70,160529.02,221226.72,0.2744,持有
2020-10-27,24.56,2.13,0.8372,60593.12,160529.02,221122.14,0.2740,持有
2020-10-28,24.81,2.15,0.8399,61199.68,160529.02,221728.70,0.2760,持有
2020-10-29,25.11,2.17,0.8445,61952.65,160529.02,222481.67,0.2785,持有
2020-10-30,24.27,2.06,0.8167,59881.99,160529.02,220411.01,0.2717,持有
2020-11-02,23.81,2.02,0.8009,58731.62,160529.02,219260.64,0.2679,持有
2020-11-03,24.36,2.07,0.8194,60091.15,160529.02,220620.17,0.2724,持有
2020-11-04,24.36,2.07,0.8191,60091.15,160529.02,220620.17,0.2724,持有
2020-11-05,24.75,2.10,0.8316,61053.27,160529.02,221582.29,0.2755,持有
2020-11-06,24.79,2.10,0.8328,61157.85,160529.02,221686.87,0.2759,持有
2020-11-09,25.66,2.18,0.8453,63312.18,160529.02,223841.20,0.2828,持有
2020-11-10,25.22,2.14,0.8386,62224.56,160529.02,222753.58,0.2793,持有
2020-11-11,24.81,2.10,0.8323,61199.68,160529.02,221728.70,0.2760,持有
2020-11-12,24.69,2.09,0.8289,60906.86,160529.02,221435.88,0.2751,持有
2020-11-13,24.34,2.06,0.8166,60049.31,160529.02,220578.33,0.2722,持有
2020-11-16,24.56,2.08,0.8249,60593.12,160529.02,221122.14,0.2740,持有
2020-11-17,24.70,2.09,0.8291,60927.78,160529.02,221456.80,0.2751,持有
2020-11-18,24.71,2.10,0.8296,60969.61,160529.02,221498.63,0.2753,持有
2020-11-19,24.87,2.11,0.8330,61346.09,160529.02,221875.11,0.2765,持有
2020-11-20,24.94,2.12,0.8335,61534.34,160529.02,222063.36,0.2771,持有
2020-11-23,25.35,2.15,0.8403,62538.30,160529.02,223067.32,0.2804,持有
2020-11-24,25.04,2.12,0.8358,61764.41,160529.02,222293.43,0.2779,持有
2020-11-25,24.77,2.10,0.8295,61116.02,160529.02,221645.04,0.2757,持有
2020-11-26,24.84,2.11,0.8318,61283.35,160529.02,221812.37,0.2763,持有
2020-11-27,25.42,2.16,0.8420,62705.62,160529.02,223234.64,0.2809,持有
2020-11-30,25.69,2.18,0.8462,63374.93,160529.02,223903.95,0.2830,持有
2020-12-01,26.54,2.25,0.8668,65466.51,160529.02,225995.53,0.2897,持有
2020-12-02,26.35,2.24,0.8628,65006.36,160529.02,225535.38,0.2882,持有
2020-12-03,26.20,2.22,0.8602,64629.88,160529.02,225158.90,0.2870,持有
2020-12-04,25.69,2.18,0.8449,63374.93,160529.02,223903.95,0.2830,持有
2020-12-07,25.44,2.16,0.8409,62768.37,160529.02,223297.39,0.2811,持有
2020-12-08,25.44,2.16,0.8406,62768.37,160529.02,223297.39,0.2811,持有
2020-12-09,24.83,2.11,0.8290,61262.43,160529.02,221791.45,0.2762,持有
2020-12-10,24.72,2.10,0.8250,60990.53,160529.02,221519.55,0.2753,持有
2020-12-11,24.37,2.07,0.8120,60132.98,160529.02,220662.00,0.2725,持有
2020-12-14,24.45,2.07,0.8162,60321.22,160529.02,220850.24,0.2731,持有
2020-12-15,24.43,2.07,0.8140,60258.47,160529.02,220787.49,0.2729,持有
2020-12-16,24.26,2.06,0.8063,59840.16,160529.02,220369.18,0.2715,持有
2020-12-17,24.77,2.10,0.8264,61116.02,160529.02,221645.04,0.2757,持有
2020-12-18,24.43,2.07,0.8135,60258.47,160529.02,220787.49,0.2729,持有
2020-12-21,24.61,2.09,0.8202,60718.62,160529.02,221247.64,0.2744,持有
2020-12-22,23.75,2.01,0.7891,58585.21,160529.02,219114.23,0.2674,持有
2020-12-23,23.91,2.03,0.7929,58982.61,160529.02,219511.63,0.2687,持有
2020-12-24,23.79,2.02,0.7900,58689.79,160529.02,219218.81,0.2677,持有
2020-12-25,23.76,2.02,0.7889,58606.12,160529.02,219135.14,0.2674,持有
2020-12-28,23.72,2.01,0.7879,58522.46,160529.02,219051.48,0.2672,持有
2020-12-29,23.87,2.02,0.7917,58878.03,160529.02,219407.05,0.2684,持有
2020-12-30,24.16,2.05,0.8003,59610.08,160529.02,220139.10,0.2708,持有
2020-12-31,24.93,2.11,0.8312,61492.51,160529.02,222021.52,0.2770,持有
2021-01-04,24.74,2.10,0.8260,61032.36,160529.02,221561.38,0.2755,持有
2021-01-05,24.71,2.10,0.8239,60948.69,160529.02,221477.71,0.2752,持有
2021-01-06,25.11,2.13,0.8354,61952.65,160529.02,222481.67,0.2785,持有
2021-01-07,25.22,2.14,0.8373,62224.56,160529.02,222753.58,0.2793,持有
2021-01-08,25.49,2.16,0.8422,62872.95,160529.02,223401.97,0.2814,持有
2021-01-11,24.82,2.11,0.8286,61241.52,160529.02,221770.54,0.2761,持有
2021-01-12,27.16,2.30,0.8779,66993.37,160529.02,227522.39,0.2944,持有
2021-01-13,26.24,2.23,0.8620,64734.46,160529.02,225263.48,0.2874,持有
2021-01-14,25.60,2.17,0.8436,63165.77,160529.02,223694.79,0.2824,持有
2021-01-15,25.59,2.17,0.8429,63123.94,160529.02,223652.96,0.2822,持有
2021-01-18,25.73,2.18,0.8470,63479.51,160529.02,224008.53,0.2834,持有
2021-01-19,25.82,2.19,0.8496,63688.67,160529.02,224217.69,0.2840,持有
2021-01-20,26.37,2.24,0.8648,65048.19,160529.02,225577.21,0.2884,持有
2021-01-21,26.43,2.24,0.8656,65194.60,160529.02,225723.62,0.2888,持有
2021-01-22,25.71,2.18,0.8458,63437.68,160529.02,223966.70,0.2832,持有
2021-01-25,25.41,2.16,0.8373,62684.71,160529.02,223213.73,0.2808,持有
2021-01-26,24.40,2.07,0.8072,60195.72,160529.02,220724.74,0.2727,持有
2021-01-27,24.34,2.06,0.8039,60049.31,160529.02,220578.33,0.2722,持有
2021-01-28,24.16,2.05,0.7944,59610.08,160529.02,220139.10,0.2708,持有
2021-01-29,24.04,2.04,0.7890,59296.34,160529.02,219825.36,0.2697,持有
2021-02-01,23.99,2.04,0.7876,59191.77,160529.02,219720.78,0.2694,持有
2021-02-02,23.87,2.03,0.7854,58898.94,160529.02,219427.96,0.2684,持有
2021-02-03,23.71,2.01,0.7800,58501.54,160529.02,219030.56,0.2671,持有
2021-02-04,22.97,1.95,0.7517,56660.95,160529.02,217189.97,0.2609,持有
2021-02-05,22.91,1.94,0.7496,56514.54,160529.02,217043.56,0.2604,持有
2021-02-08,23.16,1.96,0.7607,57142.01,160529.02,217671.03,0.2625,持有
2021-02-09,23.73,2.01,0.7810,58543.37,160529.02,219072.39,0.2672,持有
2021-02-10,23.63,2.00,0.7760,58292.38,160529.02,218821.40,0.2664,持有
2021-02-18,23.69,2.01,0.7786,58438.80,160529.02,218967.82,0.2669,持有
2021-02-19,24.26,2.06,0.8015,59861.07,160529.02,220390.09,0.2716,持有
2021-02-22,23.54,2.00,0.7715,58083.23,160529.02,218612.25,0.2657,持有
2021-02-23,23.40,1.98,0.7679,57727.66,160529.02,218256.68,0.2645,持有
2021-02-24,23.25,1.97,0.7632,57351.17,160529.02,217880.19,0.2632,持有
2021-02-25,23.51,1.99,0.7710,57999.56,160529.02,218528.58,0.2654,持有
2021-02-26,23.10,1.96,0.7549,56995.60,160529.02,217524.62,0.2620,持有
2021-03-01,21.72,1.84,0.6844,53586.33,160529.02,214115.35,0.2503,持有
2021-03-02,21.33,1.81,0.6563,52624.20,160529.02,213153.22,0.2469,持有
2021-03-03,21.51,1.82,0.6696,53063.43,160529.02,213592.45,0.2484,持有
2021-03-04,21.03,1.78,0.6298,51892.14,160529.02,212421.16,0.2443,持有
2021-03-05,21.24,1.80,0.6468,52394.12,160529.02,212923.14,0.2461,持有
2021-03-08,20.81,1.76,0.6078,51327.42,160529.02,211856.44,0.2423,持有
2021-03-09,20.14,1.71,0.5623,49675.07,160529.02,210204.09,0.2363,持有
2021-03-10,20.08,1.70,0.5581,49549.57,160529.02,210078.59,0.2359,持有
2021-03-11,20.37,1.73,0.5783,50260.71,160529.02,210789.73,0.2384,持有
2021-03-12,20.16,1.71,0.5639,49737.82,160529.02,210266.84,0.2365,持有
2021-03-15,19.72,1.67,0.5283,48650.19,160529.02,209179.21,0.2326,持有
2021-03-16,19.84,1.68,0.5383,48943.01,160529.02,209472.03,0.2336,持有
2021-03-17,20.04,1.70,0.5560,49444.99,160529.02,209974.01,0.2355,持有
2021-03-18,19.97,1.69,0.5481,49256.75,160529.02,209785.77,0.2348,持有
2021-03-19,20.33,1.71,0.5603,50156.13,160529.02,210685.15,0.2381,持有
2021-03-22,20.47,1.72,0.5717,50511.70,160529.02,211040.72,0.2393,持有
2021-03-23,20.40,1.71,0.5653,50323.46,160529.02,210852.48,0.2387,持有
2021-03-24,20.38,1.71,0.5640,50281.63,160529.02,210810.65,0.2385,持有
2021-03-25,20.26,1.70,0.5555,49988.81,160529.02,210517.83,0.2375,持有
2021-03-26,20.33,1.71,0.5596,50156.13,160529.02,210685.15,0.2381,持有
2021-03-29,20.57,1.73,0.5776,50741.77,160529.02,211270.79,0.2402,持有
2021-03-30,20.57,1.73,0.5774,50741.77,160529.02,211270.79,0.2402,持有
2021-03-31,20.25,1.70,0.5539,49967.89,160529.02,210496.91,0.2374,持有
2021-04-01,20.48,1.72,0.5730,50532.62,160529.02,211061.64,0.2394,持有
2021-04-02,20.46,1.72,0.5702,50469.87,160529.02,210998.89,0.2392,持有
2021-04-06,20.47,1.72,0.5718,50511.70,160529.02,211040.72,0.2393,持有
2021-04-07,20.39,1.71,0.5644,50302.54,160529.02,210831.56,0.2386,持有
2021-04-08,20.34,1.71,0.5598,50177.05,160529.02,210706.07,0.2381,持有
2021-04-09,20.01,1.68,0.5314,49361.33,160529.02,209890.35,0.2352,持有
2021-04-12,19.75,1.66,0.5120,48733.86,160529.02,209262.88,0.2329,持有
2021-04-13,19.81,1.66,0.5161,48880.27,160529.02,209409.29,0.2334,持有
2021-04-14,19.99,1.68,0.5301,49319.50,160529.02,209848.52,0.2350,持有
2021-04-15,19.82,1.66,0.5161,48901.18,160529.02,209430.20,0.2335,持有
2021-04-16,20.07,1.68,0.5373,49507.74,160529.02,210036.76,0.2357,持有
2021-04-19,20.36,1.71,0.5635,50239.80,160529.02,210768.81,0.2384,持有
2021-04-20,20.15,1.69,0.5419,49716.90,160529.02,210245.92,0.2365,持有
2021-04-21,20.01,1.68,0.5313,49361.33,160529.02,209890.35,0.2352,持有
2021-04-22,19.91,1.67,0.5231,49110.34,160529.02,209639.36,0.2343,持有
2021-04-23,19.84,1.66,0.5157,48943.01,160529.02,209472.03,0.2336,持有
2021-04-26,19.54,1.64,0.4924,48210.96,160529.02,208739.98,0.2310,持有
2021-04-27,19.29,1.62,0.4663,47583.49,160529.02,208112.51,0.2286,持有
2021-04-28,19.40,1.63,0.4766,47855.39,160529.02,208384.41,0.2296,持有
2021-04-29,20.17,1.65,0.5074,49758.73,160529.02,210287.75,0.2366,持有
2021-04-30,20.22,1.66,0.5115,49884.23,160529.02,210413.25,0.2371,持有
2021-05-06,20.35,1.67,0.5218,50197.96,160529.02,210726.98,0.2382,持有
2021-05-07,19.87,1.63,0.4787,49026.68,160529.02,209555.70,0.2340,持有
2021-05-10,20.15,1.65,0.5049,49716.90,160529.02,210245.92,0.2365,持有
2021-05-11,20.24,1.66,0.5133,49926.06,160529.02,210455.08,0.2372,持有
2021-05-12,20.30,1.66,0.5167,50072.47,160529.02,210601.49,0.2378,持有
2021-05-13,20.03,1.64,0.4950,49424.08,160529.02,209953.10,0.2354,持有
2021-05-14,21.57,1.77,0.6188,53209.84,160529.02,213738.86,0.2489,持有
2021-05-17,21.10,1.73,0.5859,52059.47,160529.02,212588.49,0.2449,持有
2021-05-18,21.00,1.72,0.5785,51808.48,160529.02,212337.50,0.2440,持有
2021-05-19,21.01,1.72,0.5794,51829.40,160529.02,212358.42,0.2441,持有
2021-05-20,21.25,1.74,0.5953,52415.04,160529.02,212944.06,0.2461,持有
2021-05-21,20.86,1.71,0.5668,51473.83,160529.02,212002.85,0.2428,持有
2021-05-24,21.39,1.75,0.6046,52770.61,160529.02,213299.63,0.2474,持有
2021-05-25,22.24,1.82,0.6750,54862.19,160529.02,215391.21,0.2547,持有
2021-05-26,21.94,1.80,0.6515,54130.14,160529.02,214659.16,0.2522,持有
2021-05-27,21.98,1.80,0.6545,54213.80,160529.02,214742.82,0.2525,持有
2021-05-28,22.20,1.82,0.6729,54757.61,160529.02,215286.63,0.2543,持有
2021-05-31,22.14,1.82,0.6687,54611.20,160529.02,215140.22,0.2538,持有
2021-06-01,21.85,1.79,0.6412,53900.06,160529.02,214429.08,0.2514,持有
2021-06-02,21.37,1.75,0.6009,52707.86,160529.02,213236.88,0.2472,持有
2021-06-03,21.35,1.75,0.6000,52666.03,160529.02,213195.05,0.2470,持有
2021-06-04,21.65,1.78,0.6255,53419.00,160529.02,213948.02,0.2497,持有
2021-06-07,22.09,1.81,0.6654,54506.62,160529.02,215035.64,0.2535,持有
2021-06-08,21.98,1.80,0.6540,54213.80,160529.02,214742.82,0.2525,持有
2021-06-09,21.81,1.79,0.6388,53816.40,160529.02,214345.42,0.2511,持有
2021-06-10,21.76,1.78,0.6343,53669.99,160529.02,214199.01,0.2506,持有
2021-06-11,21.14,1.73,0.5859,52164.05,160529.02,212693.07,0.2453,持有
2021-06-15,20.84,1.71,0.5617,51411.08,160529.02,211940.10,0.2426,持有
2021-06-16,20.90,1.71,0.5680,51557.49,160529.02,212086.51,0.2431,持有
2021-06-17,20.81,1.71,0.5574,51327.42,160529.02,211856.44,0.2423,持有
2021-06-18,20.90,1.71,0.5679,51557.49,160529.02,212086.51,0.2431,持有
2021-06-21,20.77,1.70,0.5538,51243.75,160529.02,211772.77,0.2420,持有
2021-06-22,20.91,1.71,0.5689,51578.41,160529.02,212107.43,0.2432,持有
2021-06-23,20.99,1.72,0.5755,51787.57,160529.02,212316.59,0.2439,持有
2021-06-24,21.20,1.74,0.5902,52289.55,160529.02,212818.57,0.2457,持有
2021-06-25,21.63,1.77,0.6235,53356.25,160529.02,213885.27,0.2495,持有
2021-06-28,21.31,1.75,0.5966,52561.45,160529.02,213090.47,0.2467,持有
2021-06-29,21.03,1.72,0.5775,51871.23,160529.02,212400.25,0.2442,持有
2021-06-30,21.14,1.73,0.5862,52164.05,160529.02,212693.07,0.2453,持有
2021-07-01,20.92,1.72,0.5679,51599.32,160529.02,212128.34,0.2432,持有
2021-07-02,20.05,1.64,0.4917,49465.91,160529.02,209994.93,0.2356,持有
2021-07-05,19.95,1.64,0.4798,49214.92,160529.02,209743.94,0.2346,持有
2021-07-06,20.08,1.65,0.4934,49528.66,160529.02,210057.68,0.2358,持有
2021-07-07,20.04,1.64,0.4904,49444.99,160529.02,209974.01,0.2355,持有
2021-07-08,20.01,1.64,0.4863,49361.33,160529.02,209890.35,0.2352,持有
2021-07-09,19.93,1.63,0.4773,49173.09,160529.02,209702.11,0.2345,持有
2021-07-12,20.25,1.66,0.5094,49967.89,160529.02,210496.91,0.2374,持有
2021-07-13,20.11,1.65,0.4961,49612.32,160529.02,210141.34,0.2361,持有
2021-07-14,19.77,1.62,0.4609,48775.69,160529.02,209304.71,0.2330,持有
2021-07-15,20.07,1.65,0.4929,49507.74,160529.02,210036.76,0.2357,持有
2021-07-16,20.20,1.66,0.5055,49842.39,160529.02,210371.41,0.2369,持有
2021-07-19,20.18,1.65,0.5032,49779.65,160529.02,210308.67,0.2367,持有
2021-07-20,20.02,1.64,0.4867,49382.25,160529.02,209911.27,0.2353,持有
2021-07-21,20.20,1.66,0.5042,49821.48,160529.02,210350.50,0.2368,持有
2021-07-22,20.46,1.68,0.5277,50469.87,160529.02,210998.89,0.2392,持有
2021-07-23,20.55,1.69,0.5364,50699.94,160529.02,211228.96,0.2400,持有
2021-07-26,19.92,1.63,0.4755,49152.17,160529.02,209681.19,0.2344,持有
2021-07-27,19.42,1.59,0.4280,47918.14,160529.02,208447.16,0.2299,持有
2021-07-28,19.39,1.59,0.4250,47834.48,160529.02,208363.50,0.2296,持有
2021-07-29,19.52,1.60,0.4379,48148.21,160529.02,208677.23,0.2307,持有
2021-07-30,19.15,1.57,0.4025,47248.83,160529.02,207777.85,0.2274,持有
2021-08-02,19.73,1.62,0.4559,48671.11,160529.02,209200.13,0.2327,持有
2021-08-03,19.78,1.62,0.4614,48796.60,160529.02,209325.62,0.2331,持有
2021-08-04,19.72,1.62,0.4556,48650.19,160529.02,209179.21,0.2326,持有
2021-08-05,19.39,1.59,0.4244,47834.48,160529.02,208363.50,0.2296,持有
2021-08-06,19.57,1.60,0.4426,48273.71,160529.02,208802.73,0.2312,持有
2021-08-09,19.94,1.64,0.4794,49194.00,160529.02,209723.02,0.2346,持有
2021-08-10,20.15,1.65,0.5011,49716.90,160529.02,210245.92,0.2365,持有
2021-08-11,20.09,1.65,0.4956,49570.49,160529.02,210099.51,0.2359,持有
2021-08-12,20.13,1.65,0.5000,49654.15,160529.02,210183.17,0.2362,持有
2021-08-13,20.43,1.68,0.5272,50407.12,160529.02,210936.14,0.2390,持有
2021-08-16,20.36,1.67,0.5214,50218.88,160529.02,210747.90,0.2383,持有
2021-08-17,20.27,1.66,0.5135,50009.72,160529.02,210538.74,0.2375,持有
2021-08-18,21.41,1.76,0.6110,52812.44,160529.02,213341.46,0.2475,持有
2021-08-19,20.89,1.71,0.5704,51536.58,160529.02,212065.60,0.2430,持有
2021-08-20,20.89,1.67,0.5242,51536.55,160529.02,212065.57,0.2430,持有
2021-08-23,21.05,1.69,0.5388,51940.50,160529.02,212469.52,0.2445,持有
2021-08-24,21.67,1.73,0.5922,53450.03,160529.02,213979.05,0.2498,持有
2021-08-25,21.48,1.72,0.5780,52982.29,160529.02,213511.31,0.2481,持有
2021-08-26,21.18,1.70,0.5480,52259.42,160529.02,212788.44,0.2456,持有
2021-08-27,21.31,1.71,0.5597,52578.33,160529.02,213107.35,0.2467,持有
2021-08-30,20.98,1.68,0.5315,51749.16,160529.02,212278.18,0.2438,持有
2021-08-31,22.13,1.77,0.6276,54598.12,160529.02,215127.14,0.2538,持有
2021-09-01,23.17,1.85,0.7057,57170.70,160529.02,217699.72,0.2626,持有
2021-09-02,23.35,1.87,0.7149,57595.92,160529.02,218124.94,0.2641,持有
2021-09-03,22.92,1.83,0.6909,56532.87,160529.02,217061.89,0.2604,持有
2021-09-06,23.11,1.85,0.7015,57021.87,160529.02,217550.89,0.2621,持有
2021-09-07,23.40,1.87,0.7184,57723.48,160529.02,218252.50,0.2645,持有
2021-09-08,23.18,1.86,0.7059,57191.96,160529.02,217720.98,0.2627,持有
2021-09-09,23.04,1.84,0.6973,56830.52,160529.02,217359.54,0.2615,持有
2021-09-10,23.50,1.88,0.7229,57978.61,160529.02,218507.63,0.2653,持有
2021-09-13,23.43,1.88,0.7202,57808.53,160529.02,218337.55,0.2648,持有
2021-09-14,22.82,1.83,0.6836,56299.00,160529.02,216828.02,0.2596,持有
2021-09-15,22.61,1.81,0.6684,55788.74,160529.02,216317.76,0.2579,持有
2021-09-16,21.96,1.76,0.6110,54172.90,160529.02,214701.92,0.2523,持有
2021-09-17,22.36,1.79,0.6449,55172.17,160529.02,215701.19,0.2558,持有
2021-09-22,22.14,1.77,0.6263,54619.38,160529.02,215148.40,0.2539,持有
2021-09-23,22.58,1.81,0.6654,55703.69,160529.02,216232.71,0.2576,持有
2021-09-24,22.44,1.80,0.6512,55363.52,160529.02,215892.54,0.2564,持有
2021-09-27,22.11,1.77,0.6225,54534.34,160529.02,215063.36,0.2536,持有
2021-09-28,22.29,1.78,0.6386,54980.82,160529.02,215509.84,0.2551,持有
2021-09-29,22.07,1.77,0.6175,54449.30,160529.02,214978.32,0.2533,持有
2021-09-30,21.79,1.74,0.5965,53747.69,160529.02,214276.70,0.2508,持有
2021-10-08,22.19,1.78,0.6306,54746.95,160529.02,215275.97,0.2543,持有
2021-10-11,22.11,1.77,0.6228,54555.60,160529.02,215084.62,0.2536,持有
2021-10-12,21.42,1.71,0.5684,52854.73,160529.02,213383.74,0.2477,持有
2021-10-13,21.30,1.70,0.5540,52535.81,160529.02,213064.83,0.2466,持有
2021-10-14,21.34,1.71,0.5583,52642.12,160529.02,213171.14,0.2469,持有
2021-10-15,21.51,1.72,0.5765,53067.33,160529.02,213596.35,0.2484,持有
2021-10-18,21.53,1.72,0.5780,53109.86,160529.02,213638.88,0.2486,持有
2021-10-19,21.59,1.73,0.5830,53258.68,160529.02,213787.70,0.2491,持有
2021-10-20,21.55,1.72,0.5790,53152.38,160529.02,213681.40,0.2487,持有
2021-10-21,21.68,1.74,0.5902,53492.55,160529.02,214021.57,0.2499,持有
2021-10-22,21.94,1.76,0.6091,54130.38,160529.02,214659.40,0.2522,持有
2021-10-25,22.11,1.77,0.6231,54534.34,160529.02,215063.36,0.2536,持有
2021-10-26,21.77,1.74,0.5955,53705.16,160529.02,214234.18,0.2507,持有
2021-10-27,21.26,1.70,0.5500,52450.77,160529.02,212979.79,0.2463,持有
2021-10-28,21.33,1.71,0.5567,52620.85,160529.02,213149.87,0.2469,持有
2021-10-29,22.30,1.73,0.5862,55023.34,160529.02,215552.36,0.2553,持有
2021-11-01,22.39,1.74,0.5936,55235.95,160529.02,215764.97,0.2560,持有
2021-11-02,22.00,1.71,0.5599,54279.21,160529.02,214808.23,0.2527,持有
2021-11-03,21.88,1.70,0.5470,53981.56,160529.02,214510.58,0.2516,持有
2021-11-04,21.92,1.70,0.5499,54087.86,160529.02,214616.88,0.2520,持有
2021-11-05,21.86,1.70,0.5435,53917.77,160529.02,214446.79,0.2514,持有
2021-11-08,21.94,1.70,0.5519,54130.38,160529.02,214659.40,0.2522,持有
2021-11-09,22.05,1.71,0.5638,54385.51,160529.02,214914.53,0.2531,持有
2021-11-10,21.55,1.67,0.5171,53173.64,160529.02,213702.66,0.2488,持有
2021-11-11,22.19,1.72,0.5786,54746.95,160529.02,215275.97,0.2543,持有
2021-11-12,21.84,1.70,0.5405,53875.25,160529.02,214404.27,0.2513,持有
2021-11-15,21.73,1.69,0.5320,53620.12,160529.02,214149.14,0.2504,持有
2021-11-16,20.69,1.61,0.4361,51047.54,160529.02,211576.56,0.2413,持有
2021-11-17,20.72,1.61,0.4374,51111.33,160529.02,211640.35,0.2415,持有
2021-11-18,20.75,1.61,0.4403,51196.37,160529.02,211725.39,0.2418,持有
2021-11-19,20.94,1.63,0.4580,51664.11,160529.02,212193.13,0.2435,持有
2021-11-22,20.93,1.63,0.4569,51642.85,160529.02,212171.87,0.2434,持有
2021-11-23,20.86,1.62,0.4495,51472.76,160529.02,212001.78,0.2428,持有
2021-11-24,20.85,1.62,0.4486,51430.24,160529.02,211959.26,0.2426,持有
2021-11-25,20.76,1.61,0.4406,51217.63,160529.02,211746.65,0.2419,持有
2021-11-26,20.61,1.60,0.4281,50856.20,160529.02,211385.22,0.2406,持有
2021-11-29,20.51,1.59,0.4187,50601.06,160529.02,211130.08,0.2397,持有
2021-11-30,20.49,1.59,0.4151,50537.28,160529.02,211066.30,0.2394,持有
2021-12-01,20.88,1.62,0.4534,51515.29,160529.02,212044.31,0.2429,持有
2021-12-02,21.03,1.63,0.4679,51876.72,160529.02,212405.74,0.2442,持有
2021-12-03,21.36,1.66,0.5021,52684.64,160529.02,213213.66,0.2471,持有
2021-12-06,22.33,1.73,0.5930,55087.13,160529.02,215616.14,0.2555,持有
2021-12-07,22.54,1.75,0.6065,55597.39,160529.02,216126.41,0.2572,持有
2021-12-08,22.83,1.77,0.6316,56320.26,160529.02,216849.28,0.2597,持有
2021-12-09,23.17,1.80,0.6622,57149.44,160529.02,217678.46,0.2625,持有
2021-12-10,22.79,1.77,0.6271,56213.96,160529.02,216742.98,0.2594,持有
2021-12-13,22.98,1.79,0.6464,56702.96,160529.02,217231.98,0.2610,持有
2021-12-14,22.68,1.76,0.6171,55958.82,160529.02,216487.84,0.2585,持有
2021-12-15,22.75,1.77,0.6217,56128.91,160529.02,216657.93,0.2591,持有
2021-12-16,22.97,1.78,0.6447,56660.44,160529.02,217189.46,0.2609,持有
2021-12-17,22.66,1.76,0.6158,55895.04,160529.02,216424.06,0.2583,持有
2021-12-20,22.30,1.73,0.5872,55023.34,160529.02,215552.36,0.2553,持有
2021-12-21,22.50,1.75,0.6020,55512.34,160529.02,216041.36,0.2570,持有
2021-12-22,22.30,1.73,0.5868,55023.34,160529.02,215552.36,0.2553,持有
2021-12-23,22.35,1.74,0.5921,55129.65,160529.02,215658.67,0.2556,持有
2021-12-24,22.14,1.72,0.5742,54619.38,160529.02,215148.40,0.2539,持有
2021-12-27,22.41,1.74,0.5968,55278.47,160529.02,215807.49,0.2561,持有
2021-12-28,22.45,1.74,0.5997,55384.78,160529.02,215913.80,0.2565,持有
2021-12-29,22.30,1.73,0.5862,55023.34,160529.02,215552.36,0.2553,持有
2021-12-30,22.73,1.77,0.6210,56065.13,160529.02,216594.15,0.2588,持有
2021-12-31,22.76,1.77,0.6253,56150.17,160529.02,216679.19,0.2591,持有
2022-01-04,22.79,1.77,0.6281,56213.96,160529.02,216742.98,0.2594,持有
2022-01-05,22.36,1.74,0.5922,55150.91,160529.02,215679.93,0.2557,持有
2022-01-06,21.91,1.70,0.5471,54045.34,160529.02,214574.36,0.2519,持有
2022-01-07,22.17,1.72,0.5744,54683.17,160529.02,215212.19,0.2541,持有
2022-01-10,22.26,1.73,0.5831,54917.04,160529.02,215446.06,0.2549,持有
2022-01-11,22.37,1.74,0.5931,55193.43,160529.02,215722.45,0.2559,持有
2022-01-12,22.55,1.75,0.6068,55639.91,160529.02,216168.93,0.2574,持有
2022-01-13,22.72,1.76,0.6198,56043.87,160529.02,216572.89,0.2588,持有
2022-01-14,21.57,1.68,0.5154,53216.16,160529.02,213745.18,0.2490,持有
2022-01-17,22.12,1.72,0.5702,54576.86,160529.02,215105.88,0.2537,持有
2022-01-18,22.15,1.72,0.5724,54640.65,160529.02,215169.66,0.2539,持有
2022-01-19,22.15,1.72,0.5722,54640.65,160529.02,215169.66,0.2539,持有
2022-01-20,22.15,1.72,0.5720,54640.65,160529.02,215169.66,0.2539,持有
2022-01-21,22.15,1.72,0.5718,54640.65,160529.02,215169.66,0.2539,持有
2022-01-24,22.15,1.72,0.5716,54640.65,160529.02,215169.66,0.2539,持有
2022-01-25,22.15,1.72,0.5714,54640.65,160529.02,215169.66,0.2539,持有
2022-01-26,22.15,1.72,0.5712,54640.65,160529.02,215169.66,0.2539,持有
2022-01-27,22.08,1.81,0.6786,54460.24,160529.02,214989.26,0.2533,持有
2022-01-28,22.49,1.84,0.7061,55475.02,160529.02,216004.04,0.2568,持有
2022-02-07,23.11,1.90,0.7394,57008.48,160529.02,217537.50,0.2621,持有
2022-02-08,23.19,1.90,0.7428,57211.44,160529.02,217740.46,0.2628,持有
2022-02-09,23.14,1.90,0.7412,57076.13,160529.02,217605.15,0.2623,持有
2022-02-10,23.15,1.90,0.7416,57121.23,160529.02,217650.25,0.2624,持有
2022-02-11,23.48,1.93,0.7576,57933.06,160529.02,218462.08,0.2652,持有
2022-02-14,22.67,1.86,0.7162,55926.04,160529.02,216455.06,0.2584,持有
2022-02-15,22.57,1.85,0.7088,55677.98,160529.02,216207.00,0.2575,持有
2022-02-16,22.43,1.84,0.6998,55339.72,160529.02,215868.74,0.2564,持有
2022-02-17,22.22,1.82,0.6878,54821.05,160529.02,215350.07,0.2546,持有
2022-02-18,22.52,1.85,0.7058,55565.23,160529.02,216094.25,0.2571,持有
2022-02-21,22.41,1.84,0.6988,55294.62,160529.02,215823.64,0.2562,持有
2022-02-22,21.97,1.80,0.6645,54189.63,160529.02,214718.65,0.2524,持有
2022-02-23,22.17,1.82,0.6835,54685.74,160529.02,215214.76,0.2541,持有
2022-02-24,21.44,1.76,0.6139,52904.23,160529.02,213433.25,0.2479,持有
2022-02-25,21.32,1.75,0.6016,52588.52,160529.02,213117.54,0.2468,持有
2022-02-28,21.33,1.75,0.6021,52611.07,160529.02,213140.09,0.2468,持有
2022-03-01,21.36,1.75,0.6066,52701.27,160529.02,213230.29,0.2472,持有
2022-03-02,21.08,1.73,0.5798,52002.20,160529.02,212531.22,0.2447,持有
2022-03-03,21.21,1.74,0.5931,52317.91,160529.02,212846.93,0.2458,持有
2022-03-04,20.78,1.74,0.5976,51258.02,160529.02,211787.04,0.2420,持有
2022-03-07,19.87,1.67,0.5027,49025.49,160529.02,209554.51,0.2340,持有
2022-03-08,19.29,1.62,0.4401,47582.24,160529.02,208111.25,0.2286,持有
2022-03-09,18.98,1.59,0.4101,46815.51,160529.02,207344.53,0.2258,持有
2022-03-10,18.89,1.59,0.3999,46590.00,160529.02,207119.02,0.2249,持有
2022-03-11,19.10,1.60,0.4222,47131.22,160529.02,207660.24,0.2270,持有
2022-03-14,18.76,1.57,0.3872,46274.29,160529.02,206803.31,0.2238,持有
2022-03-15,17.93,1.51,0.2979,44222.16,160529.02,204751.18,0.2160,买入(补至30%)
2022-03-16,19.04,1.60,0.4161,65233.38,143127.22,208360.60,0.3131,持有
2022-03-17,18.94,1.59,0.4052,64888.89,143127.22,208016.11,0.3119,持有
2022-03-18,19.61,1.65,0.4784,67175.03,143127.22,210302.26,0.3194,持有
2022-03-21,19.02,1.60,0.4157,65170.74,143127.22,208297.97,0.3129,持有
2022-03-22,19.06,1.60,0.4189,65296.01,143127.22,208423.24,0.3133,持有
2022-03-23,19.05,1.60,0.4174,65264.69,143127.22,208391.92,0.3132,持有
2022-03-24,18.90,1.59,0.4005,64763.62,143127.22,207890.85,0.3115,持有
2022-03-25,18.62,1.56,0.3753,63792.79,143127.22,206920.02,0.3083,持有
2022-03-28,18.70,1.57,0.3819,64074.65,143127.22,207201.87,0.3092,持有
2022-03-29,18.51,1.51,0.3086,63416.99,143127.22,206544.21,0.3070,持有
2022-03-30,19.26,1.57,0.3860,65984.99,143127.22,209112.21,0.3155,持有
2022-03-31,19.10,1.56,0.3735,65452.60,143127.22,208579.82,0.3138,持有
2022-04-01,19.31,1.58,0.3917,66141.57,143127.22,209268.80,0.3161,持有
2022-04-06,19.31,1.58,0.3916,66141.57,143127.22,209268.80,0.3161,持有
2022-04-07,18.90,1.54,0.3525,64763.62,143127.22,207890.85,0.3115,持有
2022-04-08,19.27,1.57,0.3873,66016.30,143127.22,209143.53,0.3157,持有
2022-04-11,18.71,1.53,0.3302,64105.96,143127.22,207233.19,0.3093,持有
2022-04-12,19.29,1.58,0.3901,66078.94,143127.22,209206.16,0.3159,持有
2022-04-13,18.92,1.55,0.3556,64826.26,143127.22,207953.48,0.3117,持有
2022-04-14,19.17,1.57,0.3785,65671.82,143127.22,208799.04,0.3145,持有
2022-04-15,19.09,1.56,0.3714,65389.96,143127.22,208517.19,0.3136,持有
2022-04-18,18.55,1.52,0.3104,63542.26,143127.22,206669.48,0.3075,持有
2022-04-19,18.48,1.51,0.3043,63323.04,143127.22,206450.26,0.3067,持有
2022-04-20,18.20,1.49,0.2733,62352.21,143127.22,205479.43,0.3034,持有
2022-04-21,18.14,1.48,0.2689,62132.99,143127.22,205260.22,0.3027,持有
2022-04-22,18.17,1.49,0.2721,62258.26,143127.22,205385.48,0.3031,持有
2022-04-25,17.58,1.44,0.2026,60222.65,143127.22,203349.88,0.2962,持有
2022-04-26,16.76,1.37,0.0969,57404.12,143127.22,200531.34,0.2863,买入(补至90%)
2022-04-27,17.19,1.41,0.1447,185198.75,21596.71,206795.47,0.8956,持有
2022-04-28,17.16,1.40,0.1387,184804.92,21596.71,206401.63,0.8954,持有
2022-04-29,18.00,1.27,0.0083,193863.02,21596.71,215459.73,0.8998,买入(补至100%)
2022-05-05,17.72,1.25,0.0046,212051.41,256.43,212307.84,0.9988,持有
2022-05-06,17.19,1.21,0.0007,205705.18,256.43,205961.62,0.9988,持有
2022-05-09,17.12,1.20,0.0007,204939.26,256.43,205195.69,0.9988,持有
2022-05-10,17.38,1.22,0.0020,208002.95,256.43,208259.39,0.9988,持有
2022-05-11,17.49,1.23,0.0030,209315.97,256.43,209572.40,0.9988,持有
2022-05-12,17.45,1.23,0.0026,208878.29,256.43,209134.73,0.9988,持有
2022-05-13,17.63,1.24,0.0040,211066.65,256.43,211323.08,0.9988,持有
2022-05-16,17.43,1.23,0.0026,208659.46,256.43,208915.89,0.9988,持有
2022-05-17,17.66,1.24,0.0056,211394.90,256.43,211651.34,0.9988,持有
2022-05-18,17.84,1.25,0.0086,213583.25,256.43,213839.69,0.9988,持有
2022-05-19,17.71,1.25,0.0066,211941.99,256.43,212198.42,0.9988,持有
2022-05-20,18.05,1.27,0.0145,216099.86,256.43,216356.29,0.9988,持有
2022-05-23,18.01,1.27,0.0129,215552.77,256.43,215809.21,0.9988,持有
2022-05-24,17.59,1.24,0.0040,210519.56,256.43,210775.99,0.9988,持有
2022-05-25,17.65,1.24,0.0053,211285.48,256.43,211541.92,0.9988,持有
2022-05-26,17.93,1.26,0.0115,214677.43,256.43,214933.86,0.9988,持有
2022-05-27,17.93,1.26,0.0115,214568.01,256.43,214824.45,0.9988,持有
2022-05-30,17.82,1.25,0.0096,213364.42,256.43,213620.85,0.9988,持有
2022-05-31,18.09,1.27,0.0208,216537.53,256.43,216793.96,0.9988,持有
2022-06-01,17.93,1.26,0.0119,214568.01,256.43,214824.45,0.9988,持有
2022-06-02,17.99,1.27,0.0138,215333.94,256.43,215590.37,0.9988,持有
2022-06-06,18.25,1.28,0.0280,218397.63,256.43,218654.06,0.9988,持有
2022-06-07,18.38,1.29,0.0379,220038.89,256.43,220295.33,0.9988,持有
2022-06-08,18.61,1.31,0.0517,222774.34,256.43,223030.77,0.9989,持有
2022-06-09,18.49,1.30,0.0434,221351.91,256.43,221608.34,0.9988,持有
2022-06-10,19.00,1.34,0.0668,227479.29,256.43,227735.73,0.9989,持有
2022-06-13,18.53,1.30,0.0457,221789.58,256.43,222046.01,0.9988,持有
2022-06-14,19.30,1.36,0.0891,230980.66,256.43,231237.09,0.9989,持有
2022-06-15,19.99,1.41,0.1537,239296.40,256.43,239552.84,0.9989,持有
2022-06-16,19.03,1.34,0.0690,227807.55,256.43,228063.98,0.9989,持有
2022-06-17,19.03,1.34,0.0689,227807.55,256.43,228063.98,0.9989,持有
2022-06-20,18.94,1.33,0.0640,226713.37,256.43,226969.81,0.9989,持有
2022-06-21,19.21,1.35,0.0817,229886.48,256.43,230142.92,0.9989,持有
2022-06-22,18.98,1.33,0.0653,227151.04,256.43,227407.48,0.9989,持有
2022-06-23,19.90,1.40,0.1456,238202.22,256.43,238458.66,0.9989,持有
2022-06-24,19.77,1.39,0.1324,236670.38,256.43,236926.81,0.9989,持有
2022-06-27,19.93,1.40,0.1484,238530.48,256.43,238786.91,0.9989,持有
2022-06-28,19.88,1.40,0.1435,237983.39,256.43,238239.82,0.9989,持有
2022-06-29,19.57,1.38,0.1143,234263.19,256.43,234519.62,0.9989,持有
2022-06-30,19.80,1.39,0.1355,236998.63,256.43,237255.07,0.9989,持有
2022-07-01,19.51,1.37,0.1109,233497.27,256.43,233753.70,0.9989,持有
2022-07-04,19.60,1.38,0.1168,234591.44,256.43,234847.88,0.9989,持有
2022-07-05,19.34,1.36,0.0932,231527.75,256.43,231784.18,0.9989,持有
2022-07-06,19.12,1.34,0.0742,228901.72,256.43,229158.16,0.9989,持有
2022-07-07,19.10,1.34,0.0732,228573.47,256.43,228829.91,0.9989,持有
2022-07-08,18.89,1.33,0.0631,226166.28,256.43,226422.72,0.9989,持有
2022-07-11,18.46,1.30,0.0421,221023.65,256.43,221280.09,0.9988,持有
2022-07-12,18.48,1.30,0.0428,221242.49,256.43,221498.92,0.9988,持有
2022-07-13,18.48,1.30,0.0428,221242.49,256.43,221498.92,0.9988,持有
2022-07-14,18.30,1.29,0.0323,219054.14,256.43,219310.57,0.9988,持有
2022-07-15,17.89,1.26,0.0111,214130.34,256.43,214386.78,0.9988,持有
2022-07-18,18.16,1.28,0.0238,217412.87,256.43,217669.31,0.9988,持有
2022-07-19,18.25,1.28,0.0284,218397.63,256.43,218654.06,0.9988,持有
2022-07-20,18.26,1.28,0.0313,218616.47,256.43,218872.90,0.9988,持有
2022-07-21,18.07,1.27,0.0215,216318.69,256.43,216575.13,0.9988,持有
2022-07-22,18.17,1.28,0.0244,217522.29,256.43,217778.72,0.9988,持有
2022-07-25,17.97,1.26,0.0137,215115.10,256.43,215371.54,0.9988,持有
2022-07-26,18.13,1.27,0.0238,216975.20,256.43,217231.64,0.9988,持有
2022-07-27,18.11,1.27,0.0231,216756.37,256.43,217012.80,0.9988,持有
2022-07-28,18.16,1.28,0.0250,217412.87,256.43,217669.31,0.9988,持有
2022-07-29,17.92,1.26,0.0117,214458.59,256.43,214715.03,0.9988,持有
2022-08-01,17.68,1.24,0.0068,211613.74,256.43,211870.17,0.9988,持有
2022-08-02,17.19,1.21,0.0010,205705.18,256.43,205961.62,0.9988,持有
2022-08-03,17.14,1.21,0.0010,205158.09,256.43,205414.53,0.9988,持有
2022-08-04,17.22,1.21,0.0019,206142.85,256.43,206399.29,0.9988,持有
2022-08-05,17.64,1.24,0.0062,211176.07,256.43,211432.50,0.9988,持有
2022-08-08,17.76,1.25,0.0101,212598.49,256.43,212854.93,0.9988,持有
2022-08-09,17.72,1.25,0.0097,212051.41,256.43,212307.84,0.9988,持有
2022-08-10,17.81,1.25,0.0110,213145.58,256.43,213402.02,0.9988,持有
2022-08-11,18.44,1.30,0.0467,220695.40,256.43,220951.84,0.9988,持有
2022-08-12,18.34,1.29,0.0402,219491.81,256.43,219748.24,0.9988,持有
2022-08-15,18.24,1.28,0.0330,218288.21,256.43,218544.65,0.9988,持有
2022-08-16,18.23,1.28,0.0324,218178.79,256.43,218435.23,0.9988,持有
2022-08-17,18.46,1.30,0.0495,221023.65,256.43,221280.09,0.9988,持有
2022-08-18,18.30,1.29,0.0388,219054.14,256.43,219310.57,0.9988,持有
2022-08-19,18.26,1.28,0.0366,218616.47,256.43,218872.90,0.9988,持有
2022-08-22,18.24,1.28,0.0333,218288.21,256.43,218544.65,0.9988,持有
2022-08-23,18.19,1.28,0.0291,217741.12,256.43,217997.56,0.9988,持有
2022-08-24,17.86,1.26,0.0126,213802.09,256.43,214058.52,0.9988,持有
2022-08-25,18.39,1.29,0.0472,220148.31,256.43,220404.75,0.9988,持有
2022-08-26,18.22,1.25,0.0103,218124.46,256.43,218380.89,0.9988,持有
2022-08-29,18.19,1.25,0.0087,217787.15,256.43,218043.59,0.9988,持有
2022-08-30,18.08,1.25,0.0100,216437.93,256.43,216694.36,0.9988,持有
2022-08-31,18.34,1.26,0.0177,219473.68,256.43,219730.12,0.9988,持有
2022-09-01,18.13,1.25,0.0113,217000.10,256.43,217256.54,0.9988,持有
2022-09-02,18.07,1.24,0.0087,216325.49,256.43,216581.93,0.9988,持有
2022-09-05,18.10,1.25,0.0113,216662.80,256.43,216919.23,0.9988,持有
2022-09-06,18.30,1.26,0.0171,219023.94,256.43,219280.37,0.9988,持有
2022-09-07,18.19,1.25,0.0139,217787.15,256.43,218043.59,0.9988,持有
2022-09-08,18.14,1.25,0.0126,217112.54,256.43,217368.97,0.9988,持有
2022-09-09,18.58,1.28,0.0338,222397.00,256.43,222653.43,0.9988,持有
2022-09-13,18.63,1.28,0.0386,222959.17,256.43,223215.61,0.9989,持有
2022-09-14,18.39,1.27,0.0222,220148.29,256.43,220404.73,0.9988,持有
2022-09-15,18.34,1.26,0.0199,219586.12,256.43,219842.55,0.9988,持有
2022-09-16,17.30,1.19,0.0000,207105.80,256.43,207362.23,0.9988,持有
2022-09-19,17.30,1.19,0.0000,207105.80,256.43,207362.23,0.9988,持有
2022-09-20,17.30,1.19,0.0000,207105.80,256.43,207362.23,0.9988,持有
2022-09-21,17.31,1.19,0.0010,207218.23,256.43,207474.67,0.9988,持有
2022-09-22,17.27,1.19,0.0000,206768.49,256.43,207024.93,0.9988,持有
2022-09-23,17.25,1.19,0.0000,206431.19,256.43,206687.62,0.9988,持有
2022-09-26,16.93,1.17,0.0000,202608.39,256.43,202864.82,0.9987,持有
2022-09-27,16.97,1.17,0.0003,203170.56,256.43,203427.00,0.9987,持有
2022-09-28,16.64,1.15,0.0000,199235.33,256.43,199491.76,0.9987,持有
2022-09-29,16.34,1.13,0.0000,195637.40,256.43,195893.83,0.9987,持有
2022-09-30,16.36,1.13,0.0003,195862.27,256.43,196118.71,0.9987,持有
2022-10-10,16.28,1.12,0.0000,194850.35,256.43,195106.79,0.9987,持有
2022-10-11,16.33,1.13,0.0003,195524.96,256.43,195781.40,0.9987,持有
2022-10-12,16.71,1.15,0.0016,200022.38,256.43,200278.81,0.9987,持有
2022-10-13,16.64,1.15,0.0013,199122.89,256.43,199379.33,0.9987,持有
2022-10-14,16.97,1.17,0.0026,203170.56,256.43,203427.00,0.9987,持有
2022-10-17,17.08,1.18,0.0032,204407.35,256.43,204663.79,0.9987,持有
2022-10-18,17.07,1.18,0.0032,204294.92,256.43,204551.35,0.9987,持有
2022-10-19,17.00,1.17,0.0032,203507.87,256.43,203764.30,0.9987,持有
2022-10-20,17.00,1.17,0.0032,203507.87,256.43,203764.30,0.9987,持有
2022-10-21,17.10,1.18,0.0045,204632.22,256.43,204888.66,0.9987,持有
2022-10-24,16.68,1.15,0.0019,199685.07,256.43,199941.51,0.9987,持有
2022-10-25,16.47,1.13,0.0013,197099.06,256.43,197355.49,0.9987,持有
2022-10-26,16.47,1.13,0.0013,197099.06,256.43,197355.49,0.9987,持有
2022-10-27,16.53,1.14,0.0019,197886.11,256.43,198142.54,0.9987,持有
2022-10-28,16.17,1.11,0.0000,193613.56,256.43,193870.00,0.9987,持有
2022-10-31,16.17,1.09,0.0000,193501.13,256.43,193757.56,0.9987,持有
2022-11-01,16.81,1.13,0.0019,201259.16,256.43,201515.60,0.9987,持有
2022-11-02,16.82,1.13,0.0022,201371.60,256.43,201628.03,0.9987,持有
2022-11-03,16.65,1.12,0.0006,199347.76,256.43,199604.20,0.9987,持有
2022-11-04,17.14,1.15,0.0048,205194.40,256.43,205450.83,0.9988,持有
2022-11-07,17.16,1.15,0.0054,205419.27,256.43,205675.70,0.9988,持有
2022-11-08,17.17,1.15,0.0057,205531.71,256.43,205788.14,0.9988,持有
2022-11-09,17.14,1.15,0.0048,205194.40,256.43,205450.83,0.9988,持有
2022-11-10,17.31,1.16,0.0064,207218.23,256.43,207474.67,0.9988,持有
2022-11-11,17.81,1.20,0.0111,213177.30,256.43,213433.74,0.9988,持有
2022-11-14,18.03,1.21,0.0134,215875.75,256.43,216132.19,0.9988,持有
2022-11-15,18.60,1.25,0.0235,222621.87,256.43,222878.30,0.9988,持有
2022-11-16,18.25,1.23,0.0152,218461.76,256.43,218718.20,0.9988,持有
2022-11-17,18.28,1.23,0.0159,218799.07,256.43,219055.50,0.9988,持有
2022-11-18,17.99,1.21,0.0127,215313.58,256.43,215570.01,0.9988,持有
2022-11-21,17.71,1.19,0.0095,211940.52,256.43,212196.95,0.9988,持有
2022-11-22,18.00,1.21,0.0133,215426.01,256.43,215682.45,0.9988,持有
2022-11-23,18.05,1.21,0.0149,216100.62,256.43,216357.06,0.9988,持有
2022-11-24,17.94,1.20,0.0127,214751.40,256.43,215007.83,0.9988,持有
2022-11-25,18.18,1.22,0.0162,217562.28,256.43,217818.72,0.9988,持有
2022-11-28,17.86,1.20,0.0120,213739.48,256.43,213995.92,0.9988,持有
2022-11-29,18.54,1.24,0.0231,221947.26,256.43,222203.69,0.9988,持有
2022-11-30,18.62,1.25,0.0279,222846.74,256.43,223103.17,0.9989,持有
2022-12-01,18.76,1.26,0.0323,224533.27,256.43,224789.70,0.9989,持有
2022-12-02,18.63,1.25,0.0282,222959.17,256.43,223215.61,0.9989,持有
2022-12-05,19.57,1.31,0.0826,234202.70,256.43,234459.14,0.9989,持有
2022-12-06,19.63,1.32,0.0857,234989.75,256.43,235246.19,0.9989,持有
2022-12-07,19.34,1.30,0.0708,231504.26,256.43,231760.69,0.9989,持有
2022-12-08,19.27,1.29,0.0667,230604.77,256.43,230861.21,0.9989,持有
2022-12-09,19.39,1.30,0.0739,232066.43,256.43,232322.87,0.9989,持有
2022-12-12,19.01,1.28,0.0467,227569.02,256.43,227825.46,0.9989,持有
2022-12-13,19.07,1.28,0.0505,228243.63,256.43,228500.07,0.9989,持有
2022-12-14,19.29,1.30,0.0688,230942.08,256.43,231198.51,0.9989,持有
2022-12-15,19.04,1.28,0.0489,227906.33,256.43,228162.76,0.9989,持有
2022-12-16,19.17,1.29,0.0612,229480.42,256.43,229736.86,0.9989,持有
2022-12-19,18.75,1.26,0.0322,224420.83,256.43,224677.27,0.9989,持有
2022-12-20,18.51,1.24,0.0224,221609.95,256.43,221866.39,0.9988,持有
2022-12-21,18.54,1.24,0.0233,221947.26,256.43,222203.69,0.9988,持有
2022-12-22,18.66,1.25,0.0296,223408.92,256.43,223665.35,0.9989,持有
2022-12-23,18.59,1.25,0.0271,222509.43,256.43,222765.87,0.9988,持有
2022-12-26,18.48,1.24,0.0202,221160.21,256.43,221416.64,0.9988,持有
2022-12-27,18.92,1.27,0.0456,226444.67,256.43,226701.10,0.9989,持有
2022-12-28,18.83,1.26,0.0381,225432.75,256.43,225689.19,0.9989,持有
2022-12-29,18.58,1.25,0.0274,222397.00,256.43,222653.43,0.9988,持有
2022-12-30,18.70,1.26,0.0324,223858.66,256.43,224115.09,0.9989,持有
2023-01-03,18.69,1.25,0.0324,223746.22,256.43,224002.66,0.9989,持有
2023-01-04,18.93,1.27,0.0475,226557.10,256.43,226813.54,0.9989,持有
2023-01-05,19.20,1.29,0.0666,229817.73,256.43,230074.16,0.9989,持有
2023-01-06,19.17,1.29,0.0647,229480.42,256.43,229736.86,0.9989,持有
2023-01-09,19.40,1.30,0.0807,232178.87,256.43,232435.30,0.9989,持有
2023-01-10,19.20,1.29,0.0669,229817.73,256.43,230074.16,0.9989,持有
2023-01-11,19.11,1.28,0.0584,228693.37,256.43,228949.81,0.9989,持有
2023-01-12,19.22,1.29,0.0684,230042.60,256.43,230299.03,0.9989,持有
2023-01-13,19.49,1.31,0.0884,233303.22,256.43,233559.66,0.9989,持有
2023-01-16,20.23,1.36,0.1285,242185.61,256.43,242442.04,0.9989,持有
2023-01-17,20.32,1.36,0.1369,243197.53,256.43,243453.96,0.9989,持有
2023-01-18,20.08,1.35,0.1172,240386.64,256.43,240643.08,0.9989,持有
2023-01-19,20.31,1.36,0.1365,243085.09,256.43,243341.53,0.9989,持有
2023-01-20,20.35,1.37,0.1412,243647.27,256.43,243903.70,0.9989,持有
2023-01-30,20.30,1.36,0.1346,242972.66,256.43,243229.09,0.9989,持有
2023-01-31,20.11,1.35,0.1186,240723.95,256.43,240980.38,0.9989,持有
2023-02-01,20.75,1.39,0.1742,248369.55,256.43,248625.98,0.9990,持有
2023-02-02,20.13,1.35,0.1210,240948.82,256.43,241205.26,0.9989,持有
2023-02-03,20.06,1.35,0.1150,240161.77,256.43,240418.21,0.9989,持有
2023-02-06,19.58,1.31,0.0916,234427.57,256.43,234684.01,0.9989,持有
2023-02-07,19.63,1.32,0.0934,234989.75,256.43,235246.19,0.9989,持有
2023-02-08,19.60,1.32,0.0921,234652.44,256.43,234908.88,0.9989,持有
2023-02-09,19.89,1.33,0.1040,238025.50,256.43,238281.94,0.9989,持有
2023-02-10,19.69,1.32,0.0968,235664.36,256.43,235920.80,0.9989,持有
2023-02-13,19.66,1.32,0.0961,235327.06,256.43,235583.49,0.9989,持有
2023-02-14,19.65,1.32,0.0954,235214.62,256.43,235471.06,0.9989,持有
2023-02-15,19.49,1.31,0.0879,233303.22,256.43,233559.66,0.9989,持有
2023-02-16,19.32,1.30,0.0757,231279.39,256.43,231535.82,0.9989,持有
2023-02-17,19.01,1.28,0.0499,227569.02,256.43,227825.46,0.9989,持有
2023-02-20,19.76,1.33,0.1022,236563.84,256.43,236820.28,0.9989,持有
2023-02-21,19.81,1.33,0.1037,237126.02,256.43,237382.46,0.9989,持有
2023-02-22,19.54,1.31,0.0903,233865.40,256.43,234121.83,0.9989,持有
2023-02-23,19.75,1.33,0.1021,236451.41,256.43,236707.84,0.9989,持有
2023-02-24,19.34,1.30,0.0775,231504.26,256.43,231760.69,0.9989,持有
2023-02-27,19.20,1.29,0.0669,229817.73,256.43,230074.16,0.9989,持有
2023-02-28,19.40,1.30,0.0821,232178.87,256.43,232435.30,0.9989,持有
2023-03-01,19.63,1.32,0.0954,234989.75,256.43,235246.19,0.9989,持有
2023-03-02,19.61,1.32,0.0948,234764.88,256.43,235021.31,0.9989,持有
2023-03-03,19.89,1.33,0.1081,238025.50,256.43,238281.94,0.9989,持有
2023-03-06,19.43,1.30,0.0857,232628.61,256.43,232885.04,0.9989,持有
2023-03-07,19.27,1.29,0.0726,230604.77,256.43,230861.21,0.9989,持有
2023-03-08,19.12,1.28,0.0605,228918.24,256.43,229174.68,0.9989,持有
2023-03-09,19.05,1.28,0.0524,228018.76,256.43,228275.20,0.9989,持有
2023-03-10,18.78,1.26,0.0360,224758.14,256.43,225014.57,0.9989,持有
2023-03-13,18.91,1.27,0.0425,226332.23,256.43,226588.67,0.9989,持有
2023-03-14,18.65,1.25,0.0301,223296.48,256.43,223552.92,0.9989,持有
2023-03-15,18.83,1.26,0.0390,225432.75,256.43,225689.19,0.9989,持有
2023-03-16,18.70,1.26,0.0325,223858.66,256.43,224115.09,0.9989,持有
2023-03-17,18.94,1.27,0.0489,226669.54,256.43,226925.97,0.9989,持有
2023-03-20,18.83,1.26,0.0393,225432.75,256.43,225689.19,0.9989,持有
2023-03-21,18.98,1.27,0.0511,227231.72,256.43,227488.15,0.9989,持有
2023-03-22,19.07,1.28,0.0566,228243.63,256.43,228500.07,0.9989,持有
2023-03-23,19.25,1.29,0.0745,230379.90,256.43,230636.34,0.9989,持有
2023-03-24,19.27,1.29,0.0776,230717.21,256.43,230973.64,0.9989,持有
2023-03-27,19.16,1.29,0.0668,229367.99,256.43,229624.42,0.9989,持有
2023-03-28,19.15,1.29,0.0664,229255.55,256.43,229511.99,0.9989,持有
2023-03-29,18.98,1.27,0.0510,227231.72,256.43,227488.15,0.9989,持有
2023-03-30,19.24,1.29,0.0750,230267.47,256.43,230523.90,0.9989,持有
2023-03-31,19.24,1.27,0.0426,230267.47,256.43,230523.90,0.9989,持有
2023-04-03,19.73,1.30,0.0858,236114.10,256.43,236370.54,0.9989,持有
2023-04-04,19.79,1.30,0.0913,236901.15,256.43,237157.59,0.9989,持有
2023-04-06,19.62,1.29,0.0783,234877.32,256.43,235133.75,0.9989,持有
2023-04-07,19.89,1.31,0.0974,238025.50,256.43,238281.94,0.9989,持有
2023-04-10,19.84,1.31,0.0949,237463.33,256.43,237719.76,0.9989,持有
2023-04-11,20.04,1.32,0.1066,239936.90,256.43,240193.34,0.9989,持有
2023-04-12,20.04,1.32,0.1066,239936.90,256.43,240193.34,0.9989,持有
2023-04-13,19.67,1.30,0.0813,235439.49,256.43,235695.93,0.9989,持有
2023-04-14,19.68,1.30,0.0822,235551.93,256.43,235808.36,0.9989,持有
2023-04-17,20.46,1.35,0.1308,244884.06,256.43,245140.49,0.9990,持有
2023-04-18,20.41,1.35,0.1258,244321.88,256.43,244578.31,0.9990,持有
2023-04-19,20.18,1.33,0.1141,241511.00,256.43,241767.43,0.9989,持有
2023-04-20,20.24,1.33,0.1156,242298.04,256.43,242554.48,0.9989,持有
2023-04-21,19.55,1.29,0.0704,233977.83,256.43,234234.27,0.9989,持有
2023-04-24,19.37,1.28,0.0532,231841.56,256.43,232098.00,0.9989,持有
2023-04-25,19.46,1.28,0.0618,232965.92,256.43,233222.35,0.9989,持有
2023-04-26,19.38,1.28,0.0544,231954.00,256.43,232210.43,0.9989,持有
2023-04-27,19.75,1.30,0.0900,236451.41,256.43,236707.84,0.9989,持有
2023-04-28,19.74,1.27,0.0503,236338.97,256.43,236595.41,0.9989,持有
2023-05-04,19.98,1.29,0.0715,239149.86,256.43,239406.29,0.9989,持有
2023-05-05,20.60,1.33,0.1144,246570.59,256.43,246827.02,0.9990,持有
2023-05-08,21.31,1.37,0.1687,255115.67,256.43,255372.10,0.9990,持有
2023-05-09,21.36,1.38,0.1704,255677.84,256.43,255934.28,0.9990,持有
2023-05-10,20.56,1.33,0.1128,246120.84,256.43,246377.28,0.9990,持有
2023-05-11,20.48,1.32,0.1081,245108.93,256.43,245365.36,0.9990,持有
2023-05-12,20.20,1.30,0.0910,241735.87,256.43,241992.30,0.9989,持有
2023-05-15,20.50,1.32,0.1099,245333.80,256.43,245590.23,0.9990,持有
2023-05-16,20.48,1.32,0.1084,245108.93,256.43,245365.36,0.9990,持有
2023-05-17,20.35,1.31,0.1007,243534.83,256.43,243791.27,0.9989,持有
2023-05-18,20.35,1.31,0.1009,243647.27,256.43,243903.70,0.9989,持有
2023-05-19,20.00,1.29,0.0731,239374.73,256.43,239631.16,0.9989,持有
2023-05-22,20.01,1.29,0.0740,239487.16,256.43,239743.60,0.9989,持有
2023-05-23,19.58,1.26,0.0376,234427.57,256.43,234684.01,0.9989,持有
2023-05-24,19.05,1.23,0.0183,228018.76,256.43,228275.20,0.9989,持有
2023-05-25,19.09,1.23,0.0189,228468.50,256.43,228724.94,0.9989,持有
2023-05-26,19.13,1.23,0.0192,229030.68,256.43,229287.12,0.9989,持有
2023-05-29,19.11,1.23,0.0192,228805.81,256.43,229062.24,0.9989,持有
2023-05-30,19.12,1.23,0.0195,228918.24,256.43,229174.68,0.9989,持有
2023-05-31,18.83,1.21,0.0156,225432.75,256.43,225689.19,0.9989,持有
2023-06-01,18.88,1.22,0.0159,225994.93,256.43,226251.36,0.9989,持有
2023-06-02,18.96,1.22,0.0171,227006.85,256.43,227263.28,0.9989,持有
2023-06-05,18.79,1.21,0.0149,224870.57,256.43,225127.01,0.9989,持有
2023-06-06,18.63,1.20,0.0119,222959.17,256.43,223215.61,0.9989,持有
2023-06-07,18.66,1.20,0.0125,223408.92,256.43,223665.35,0.9989,持有
2023-06-08,18.97,1.22,0.0183,227119.28,256.43,227375.72,0.9989,持有
2023-06-09,18.96,1.22,0.0180,226894.41,256.43,227150.84,0.9989,持有
2023-06-12,18.65,1.20,0.0122,223184.05,256.43,223440.48,0.9989,持有
2023-06-13,18.77,1.21,0.0152,224645.70,256.43,224902.14,0.9989,持有
2023-06-14,18.79,1.21,0.0161,224870.57,256.43,225127.01,0.9989,持有
2023-06-15,19.07,1.23,0.0219,228243.63,256.43,228500.07,0.9989,持有
2023-06-16,19.15,1.23,0.0237,229255.55,256.43,229511.99,0.9989,持有
2023-06-19,18.93,1.22,0.0185,226557.10,256.43,226813.54,0.9989,持有
2023-06-20,18.84,1.21,0.0176,225545.19,256.43,225801.62,0.9989,持有
2023-06-21,18.65,1.20,0.0121,223184.05,256.43,223440.48,0.9989,持有
2023-06-26,18.12,1.17,0.0067,216887.67,256.43,217144.10,0.9988,持有
2023-06-27,18.31,1.18,0.0091,219136.37,256.43,219392.81,0.9988,持有
2023-06-28,18.32,1.18,0.0094,219248.81,256.43,219505.25,0.9988,持有
2023-06-29,18.26,1.18,0.0088,218574.20,256.43,218830.63,0.9988,持有
2023-06-30,18.58,1.20,0.0124,222397.00,256.43,222653.43,0.9988,持有
2023-07-03,19.01,1.23,0.0230,227569.02,256.43,227825.46,0.9989,持有
2023-07-04,19.05,1.23,0.0242,228018.76,256.43,228275.20,0.9989,持有
2023-07-05,18.93,1.22,0.0206,226557.10,256.43,226813.54,0.9989,持有
2023-07-06,18.83,1.21,0.0191,225432.75,256.43,225689.19,0.9989,持有
2023-07-07,18.91,1.22,0.0206,226332.23,256.43,226588.67,0.9989,持有
2023-07-10,18.90,1.22,0.0206,226219.80,256.43,226476.23,0.9989,持有
2023-07-11,19.01,1.23,0.0242,227569.02,256.43,227825.46,0.9989,持有
2023-07-12,18.86,1.22,0.0200,225770.06,256.43,226026.49,0.9989,持有
2023-07-13,19.23,1.24,0.0293,230155.03,256.43,230411.47,0.9989,持有
2023-07-14,19.26,1.24,0.0317,230492.34,256.43,230748.77,0.9989,持有
2023-07-17,19.05,1.23,0.0260,228018.76,256.43,228275.20,0.9989,持有
2023-07-18,19.06,1.23,0.0269,228131.20,256.43,228387.63,0.9989,持有
2023-07-19,19.17,1.24,0.0293,229480.42,256.43,229736.86,0.9989,持有
2023-07-20,19.07,1.23,0.0272,228243.63,256.43,228500.07,0.9989,持有
2023-07-21,19.12,1.23,0.0287,228918.24,256.43,229174.68,0.9989,持有
2023-07-24,19.15,1.23,0.0296,229255.55,256.43,229511.99,0.9989,持有
2023-07-25,20.27,1.31,0.1092,242635.35,256.43,242891.78,0.9989,持有
2023-07-26,20.46,1.32,0.1200,244884.06,256.43,245140.49,0.9990,持有
2023-07-27,20.21,1.30,0.1049,241960.74,256.43,242217.17,0.9989,持有
2023-07-28,22.23,1.43,0.2719,266134.33,256.43,266390.76,0.9990,持有
2023-07-31,22.64,1.46,0.3097,270969.04,256.43,271225.48,0.9991,持有
2023-08-01,22.23,1.43,0.2717,266134.33,256.43,266390.76,0.9990,持有
2023-08-02,22.40,1.44,0.2897,268158.16,256.43,268414.60,0.9990,持有
2023-08-03,22.95,1.48,0.3359,274679.41,256.43,274935.84,0.9991,持有
2023-08-04,23.20,1.50,0.3536,277715.16,256.43,277971.59,0.9991,持有
2023-08-07,23.27,1.50,0.3595,278502.21,256.43,278758.64,0.9991,持有
2023-08-08,23.39,1.51,0.3672,279963.87,256.43,280220.30,0.9991,持有
2023-08-09,23.40,1.51,0.3683,280076.30,256.43,280332.74,0.9991,持有
2023-08-10,23.67,1.53,0.3907,283336.92,256.43,283593.36,0.9991,持有
2023-08-11,22.64,1.46,0.3095,270969.04,256.43,271225.48,0.9991,持有
2023-08-14,22.31,1.44,0.2788,267033.81,256.43,267290.24,0.9990,持有
2023-08-15,22.65,1.46,0.3111,271081.48,256.43,271337.91,0.9991,持有
2023-08-16,22.55,1.45,0.3023,269957.12,256.43,270213.56,0.9991,持有
2023-08-17,22.50,1.45,0.2977,269282.51,256.43,269538.95,0.9990,持有
2023-08-18,22.52,1.45,0.2994,269507.38,256.43,269763.82,0.9990,持有
2023-08-21,21.55,1.39,0.1986,257926.55,256.43,258182.98,0.9990,持有
2023-08-22,21.81,1.41,0.2240,261074.74,256.43,261331.17,0.9990,持有
2023-08-23,21.42,1.38,0.1885,256352.46,256.43,256608.89,0.9990,持有
2023-08-24,22.13,1.43,0.2601,264897.54,256.43,265153.97,0.9990,持有
2023-08-25,22.48,1.42,0.2466,269031.28,256.43,269287.71,0.9990,持有
2023-08-28,22.82,1.44,0.2836,273164.92,256.43,273421.36,0.9991,持有
2023-08-29,22.43,1.42,0.2413,268457.16,256.43,268713.60,0.9990,持有
2023-08-30,21.64,1.37,0.1757,259041.64,256.43,259298.07,0.9990,持有
2023-08-31,21.30,1.35,0.1460,254908.00,256.43,255164.43,0.9990,持有
2023-09-01,21.47,1.36,0.1597,256974.82,256.43,257231.25,0.9990,持有
2023-09-04,21.65,1.37,0.1767,259156.46,256.43,259412.90,0.9990,持有
2023-09-05,21.47,1.36,0.1596,256974.82,256.43,257231.25,0.9990,持有
2023-09-06,21.23,1.34,0.1402,254104.23,256.43,254360.67,0.9990,持有
2023-09-07,21.22,1.34,0.1398,253989.41,256.43,254245.84,0.9990,持有
2023-09-08,21.34,1.35,0.1505,255482.11,256.43,255738.55,0.9990,持有
2023-09-11,21.68,1.37,0.1809,259500.93,256.43,259757.37,0.9990,持有
2023-09-12,21.48,1.36,0.1618,257089.64,256.43,257346.08,0.9990,持有
2023-09-13,21.37,1.35,0.1540,255826.58,256.43,256083.02,0.9990,持有
2023-09-14,21.38,1.35,0.1545,255941.41,256.43,256197.84,0.9990,持有
2023-09-15,21.15,1.34,0.1366,253185.65,256.43,253442.08,0.9990,持有
2023-09-18,21.24,1.34,0.1410,254219.06,256.43,254475.49,0.9990,持有
2023-09-19,21.12,1.34,0.1344,252841.18,256.43,253097.61,0.9990,持有
2023-09-20,21.01,1.33,0.1284,251463.29,256.43,251719.73,0.9990,持有
2023-09-21,20.84,1.32,0.1200,249511.30,256.43,249767.73,0.9990,持有
2023-09-22,21.69,1.37,0.1843,259615.76,256.43,259872.19,0.9990,持有
2023-09-25,21.01,1.33,0.1286,251463.29,256.43,251719.73,0.9990,持有
2023-09-26,21.08,1.33,0.1321,252381.88,256.43,252638.32,0.9990,持有
2023-09-27,21.13,1.34,0.1360,252956.00,256.43,253212.43,0.9990,持有
2023-09-28,20.78,1.32,0.1145,248707.53,256.43,248963.97,0.9990,持有
2023-10-09,20.80,1.32,0.1154,248937.18,256.43,249193.61,0.9990,持有
2023-10-10,20.56,1.30,0.0993,246066.59,256.43,246323.03,0.9990,持有
2023-10-11,20.63,1.31,0.1064,246985.18,256.43,247241.62,0.9990,持有
2023-10-12,20.87,1.32,0.1227,249855.77,256.43,250112.20,0.9990,持有
2023-10-13,20.64,1.31,0.1075,247100.00,256.43,247356.44,0.9990,持有
2023-10-16,20.63,1.31,0.1063,246985.18,256.43,247241.62,0.9990,持有
2023-10-17,21.06,1.33,0.1327,252037.41,256.43,252293.85,0.9990,持有
2023-10-18,20.97,1.33,0.1291,251004.00,256.43,251260.44,0.9990,持有
2023-10-19,20.68,1.31,0.1121,247559.30,256.43,247815.73,0.9990,持有
2023-10-20,20.65,1.31,0.1091,247214.83,256.43,247471.26,0.9990,持有
2023-10-23,20.32,1.29,0.0786,243196.01,256.43,243452.44,0.9989,持有
2023-10-24,20.74,1.31,0.1141,248248.24,256.43,248504.67,0.9990,持有
2023-10-25,20.95,1.33,0.1292,250774.35,256.43,251030.79,0.9990,持有
2023-10-26,20.91,1.32,0.1268,250315.06,256.43,250571.49,0.9990,持有
2023-10-27,21.13,1.34,0.1398,252956.00,256.43,253212.43,0.9990,持有
2023-10-30,20.72,1.31,0.1131,248018.59,256.43,248275.03,0.9990,持有
2023-10-31,20.83,1.29,0.0914,249281.65,256.43,249538.08,0.9990,持有
2023-11-01,20.84,1.29,0.0923,249511.30,256.43,249767.73,0.9990,持有
2023-11-02,20.65,1.28,0.0731,247214.83,256.43,247471.26,0.9990,持有
2023-11-03,20.97,1.30,0.1032,251004.00,256.43,251260.44,0.9990,持有
2023-11-06,21.90,1.36,0.1709,262141.87,256.43,262398.31,0.9990,持有
2023-11-07,21.86,1.36,0.1670,261682.58,256.43,261939.01,0.9990,持有
2023-11-08,21.66,1.35,0.1498,259271.29,256.43,259527.72,0.9990,持有
2023-11-09,21.54,1.34,0.1429,257893.41,256.43,258149.84,0.9990,持有
2023-11-10,21.54,1.34,0.1429,257893.41,256.43,258149.84,0.9990,持有
2023-11-13,21.38,1.33,0.1325,255941.41,256.43,256197.84,0.9990,持有
2023-11-14,21.70,1.35,0.1549,259730.58,256.43,259987.02,0.9990,持有
2023-11-15,21.68,1.35,0.1528,259500.93,256.43,259757.37,0.9990,持有
2023-11-16,21.52,1.34,0.1404,257548.94,256.43,257805.37,0.9990,持有
2023-11-17,21.60,1.34,0.1462,258582.35,256.43,258838.78,0.9990,持有
2023-11-20,21.44,1.33,0.1350,256630.35,256.43,256886.78,0.9990,持有
2023-11-21,21.53,1.34,0.1411,257663.76,256.43,257920.19,0.9990,持有
2023-11-22,21.31,1.32,0.1275,255022.82,256.43,255279.26,0.9990,持有
2023-11-23,21.33,1.33,0.1293,255367.29,256.43,255623.73,0.9990,持有
2023-11-24,21.15,1.31,0.1166,253185.65,256.43,253442.08,0.9990,持有
2023-11-27,20.81,1.29,0.0886,249052.00,256.43,249308.44,0.9990,持有
2023-11-28,20.73,1.29,0.0815,248133.41,256.43,248389.85,0.9990,持有
2023-11-29,20.53,1.28,0.0629,245722.12,256.43,245978.56,0.9990,持有
2023-11-30,20.58,1.28,0.0665,246296.24,256.43,246552.68,0.9990,持有
2023-12-01,20.68,1.28,0.0773,247559.30,256.43,247815.73,0.9990,持有
2023-12-04,20.54,1.28,0.0632,245836.95,256.43,246093.38,0.9990,持有
2023-12-05,20.27,1.26,0.0458,242621.89,256.43,242878.33,0.9989,持有
2023-12-06,20.10,1.25,0.0385,240555.07,256.43,240811.50,0.9989,持有
2023-12-07,20.17,1.25,0.0417,241473.66,256.43,241730.09,0.9989,持有
2023-12-08,20.10,1.25,0.0385,240555.07,256.43,240811.50,0.9989,持有
2023-12-12,20.27,1.26,0.0467,242621.89,256.43,242878.33,0.9989,持有
2023-12-13,19.87,1.23,0.0287,237799.31,256.43,238055.74,0.9989,持有
2023-12-14,19.66,1.22,0.0217,235388.02,256.43,235644.45,0.9989,持有
2023-12-15,19.63,1.22,0.0208,234928.72,256.43,235185.16,0.9989,持有
2023-12-18,19.61,1.22,0.0199,234699.07,256.43,234955.51,0.9989,持有
2023-12-19,19.80,1.23,0.0281,236995.54,256.43,237251.98,0.9989,持有
2023-12-20,19.34,1.20,0.0132,231484.02,256.43,231740.45,0.9989,持有
2023-12-21,19.44,1.21,0.0158,232747.08,256.43,233003.51,0.9989,持有
2023-12-22,19.45,1.21,0.0170,232861.90,256.43,233118.33,0.9989,持有
2023-12-25,19.19,1.19,0.0114,229761.67,256.43,230018.10,0.9989,持有
2023-12-26,19.04,1.18,0.0097,227924.49,256.43,228180.93,0.9989,持有
2023-12-27,19.09,1.19,0.0099,228498.61,256.43,228755.04,0.9989,持有
2023-12-28,19.54,1.21,0.0202,233895.31,256.43,234151.75,0.9989,持有
2023-12-29,19.54,1.21,0.0202,233895.31,256.43,234151.75,0.9989,持有
2024-01-02,19.25,1.20,0.0129,230450.61,256.43,230707.04,0.9989,持有
2024-01-03,19.36,1.20,0.0152,231713.67,256.43,231970.10,0.9989,持有
2024-01-04,19.19,1.19,0.0120,229646.84,256.43,229903.28,0.9989,持有
2024-01-05,18.98,1.18,0.0091,227235.55,256.43,227491.99,0.9989,持有
2024-01-08,18.63,1.16,0.0058,222987.09,256.43,223243.52,0.9989,持有
2024-01-09,18.67,1.16,0.0061,223446.38,256.43,223702.81,0.9989,持有
2024-01-10,18.67,1.16,0.0061,223446.38,256.43,223702.81,0.9989,持有
2024-01-11,18.80,1.17,0.0073,225053.91,256.43,225310.34,0.9989,持有
2024-01-12,18.72,1.16,0.0070,224135.32,256.43,224391.75,0.9989,持有
2024-01-15,18.69,1.16,0.0067,223676.03,256.43,223932.46,0.9989,持有
2024-01-16,18.78,1.17,0.0079,224824.26,256.43,225080.70,0.9989,持有
2024-01-17,18.44,1.15,0.0035,220690.62,256.43,220947.05,0.9988,持有
2024-01-18,18.70,1.16,0.0073,223790.85,256.43,224047.28,0.9989,持有
2024-01-19,18.68,1.16,0.0070,223561.20,256.43,223817.64,0.9989,持有
2024-01-22,18.35,1.14,0.0035,219657.21,256.43,219913.64,0.9988,持有
2024-01-23,18.97,1.18,0.0122,227120.73,256.43,227377.16,0.9989,持有
2024-01-24,19.68,1.22,0.0300,235617.66,256.43,235874.10,0.9989,持有
2024-01-25,19.72,1.23,0.0314,236076.96,256.43,236333.39,0.9989,持有
2024-01-26,19.98,1.24,0.0407,239177.19,256.43,239433.62,0.9989,持有
2024-01-29,19.74,1.23,0.0325,236306.60,256.43,236563.04,0.9989,持有
2024-01-30,19.61,1.22,0.0267,234699.07,256.43,234955.51,0.9989,持有
2024-01-31,19.66,1.22,0.0293,235388.02,256.43,235644.45,0.9989,持有
2024-02-01,19.61,1.22,0.0267,234699.07,256.43,234955.51,0.9989,持有
2024-02-02,19.36,1.20,0.0192,231713.67,256.43,231970.10,0.9989,持有
2024-02-05,19.36,1.20,0.0192,231713.67,256.43,231970.10,0.9989,持有
2024-02-06,20.28,1.26,0.0580,242736.71,256.43,242993.15,0.9989,持有
2024-02-07,20.32,1.26,0.0606,243196.01,256.43,243452.44,0.9989,持有
2024-02-08,20.38,1.27,0.0649,243999.77,256.43,244256.21,0.9990,持有
2024-02-19,20.00,1.24,0.0441,239406.83,256.43,239663.27,0.9989,持有
2024-02-20,20.13,1.25,0.0516,241014.36,256.43,241270.80,0.9989,持有
2024-02-21,20.51,1.27,0.0747,245492.48,256.43,245748.91,0.9990,持有
2024-02-22,20.84,1.29,0.1066,249511.30,256.43,249767.73,0.9990,持有
2024-02-23,20.64,1.28,0.0860,247100.00,256.43,247356.44,0.9990,持有
2024-02-26,20.47,1.27,0.0729,245033.18,256.43,245289.62,0.9990,持有
2024-02-27,20.59,1.28,0.0807,246411.06,256.43,246667.50,0.9990,持有
2024-02-28,20.14,1.25,0.0518,241129.19,256.43,241385.62,0.9989,持有
2024-02-29,20.43,1.27,0.0677,244573.89,256.43,244830.32,0.9990,持有
2024-03-01,20.45,1.27,0.0723,244803.54,256.43,245059.97,0.9990,持有
2024-03-04,20.30,1.26,0.0607,242966.36,256.43,243222.80,0.9989,持有
2024-03-05,20.32,1.26,0.0615,243196.01,256.43,243452.44,0.9989,持有
2024-03-06,20.24,1.26,0.0563,242277.42,256.43,242533.86,0.9989,持有
2024-03-07,19.96,1.24,0.0410,238947.54,256.43,239203.98,0.9989,持有
2024-03-08,19.95,1.24,0.0404,238832.72,256.43,239089.15,0.9989,持有
2024-03-11,20.33,1.26,0.0629,243310.83,256.43,243567.27,0.9989,持有
2024-03-12,20.53,1.28,0.0788,245722.12,256.43,245978.56,0.9990,持有
2024-03-13,20.21,1.26,0.0562,241932.95,256.43,242189.39,0.9989,持有
2024-03-14,19.95,1.24,0.0404,238832.72,256.43,239089.15,0.9989,持有
2024-03-15,20.02,1.24,0.0455,239636.48,256.43,239892.92,0.9989,持有
2024-03-18,20.39,1.27,0.0686,244114.60,256.43,244371.03,0.9990,持有
2024-03-19,19.98,1.24,0.0429,239177.19,256.43,239433.62,0.9989,持有
2024-03-20,19.99,1.24,0.0446,239292.01,256.43,239548.45,0.9989,持有
2024-03-21,19.98,1.24,0.0429,239177.19,256.43,239433.62,0.9989,持有
2024-03-22,19.66,1.22,0.0299,235388.02,256.43,235644.45,0.9989,持有
2024-03-25,18.71,1.16,0.0081,223905.67,256.43,224162.11,0.9989,持有
2024-03-26,18.80,1.17,0.0095,225053.91,256.43,225310.34,0.9989,持有
2024-03-27,18.56,1.14,0.0032,222183.32,256.43,222439.76,0.9988,持有
2024-03-28,18.52,1.14,0.0032,221724.03,256.43,221980.46,0.9988,持有
2024-03-29,18.42,1.13,0.0023,220460.97,256.43,220717.41,0.9988,持有
2024-04-01,18.62,1.14,0.0046,222872.26,256.43,223128.70,0.9989,持有
2024-04-02,18.52,1.14,0.0034,221724.03,256.43,221980.46,0.9988,持有
2024-04-03,18.38,1.13,0.0017,220001.68,256.43,220258.11,0.9988,持有
2024-04-08,18.15,1.11,0.0003,217245.91,256.43,217502.35,0.9988,持有
2024-04-09,18.16,1.11,0.0006,217360.74,256.43,217617.17,0.9988,持有
2024-04-10,17.66,1.08,0.0000,211389.92,256.43,211646.35,0.9988,持有
2024-04-11,17.59,1.08,0.0000,210586.16,256.43,210842.59,0.9988,持有
2024-04-12,17.21,1.05,0.0000,205993.22,256.43,206249.65,0.9988,持有
2024-04-15,17.02,1.04,0.0000,203696.75,256.43,203953.19,0.9987,持有
2024-04-16,16.91,1.04,0.0000,202433.69,256.43,202690.13,0.9987,持有
2024-04-17,17.36,1.06,0.0009,207830.39,256.43,208086.83,0.9988,持有
2024-04-18,17.47,1.07,0.0011,209093.45,256.43,209349.89,0.9988,持有
2024-04-19,17.39,1.07,0.0011,208174.86,256.43,208431.30,0.9988,持有
2024-04-22,17.54,1.07,0.0017,209897.22,256.43,210153.65,0.9988,持有
2024-04-23,17.53,1.07,0.0017,209782.39,256.43,210038.83,0.9988,持有
2024-04-24,17.53,1.07,0.0017,209782.39,256.43,210038.83,0.9988,持有
2024-04-25,17.44,1.07,0.0014,208748.98,256.43,209005.42,0.9988,持有
2024-04-26,18.38,1.13,0.0057,220001.68,256.43,220258.11,0.9988,持有
2024-04-29,18.59,1.12,0.0046,222527.79,256.43,222784.23,0.9988,持有
2024-04-30,18.24,1.10,0.0037,218279.33,256.43,218535.76,0.9988,持有
2024-05-06,18.43,1.11,0.0040,220575.79,256.43,220832.23,0.9988,持有
2024-05-07,18.34,1.10,0.0040,219542.38,256.43,219798.82,0.9988,持有
2024-05-08,18.01,1.08,0.0034,215638.39,256.43,215894.82,0.9988,持有
2024-05-09,18.14,1.09,0.0040,217131.09,256.43,217387.53,0.9988,持有
2024-05-10,18.28,1.10,0.0046,218853.44,256.43,219109.88,0.9988,持有
2024-05-13,18.21,1.09,0.0043,217934.85,256.43,218191.29,0.9988,持有
2024-05-14,18.24,1.10,0.0046,218279.33,256.43,218535.76,0.9988,持有
2024-05-15,17.99,1.08,0.0031,215293.92,256.43,215550.35,0.9988,持有
2024-05-16,18.01,1.08,0.0037,215638.39,256.43,215894.82,0.9988,持有
2024-05-17,18.41,1.11,0.0063,220346.15,256.43,220602.58,0.9988,持有
2024-05-20,18.50,1.11,0.0068,221494.38,256.43,221750.82,0.9988,持有
2024-05-21,18.46,1.11,0.0068,220920.26,256.43,221176.70,0.9988,持有
2024-05-22,18.52,1.11,0.0077,221724.03,256.43,221980.46,0.9988,持有
2024-05-23,18.10,1.09,0.0046,216671.80,256.43,216928.23,0.9988,持有
2024-05-24,17.83,1.07,0.0020,213456.74,256.43,213713.18,0.9988,持有
2024-05-27,17.97,1.08,0.0034,215064.27,256.43,215320.70,0.9988,持有
2024-05-28,17.86,1.07,0.0023,213801.21,256.43,214057.65,0.9988,持有
2024-05-29,17.89,1.07,0.0034,214145.68,256.43,214402.12,0.9988,持有
2024-05-30,17.80,1.07,0.0017,213112.27,256.43,213368.71,0.9988,持有
2024-05-31,17.86,1.07,0.0026,213801.21,256.43,214057.65,0.9988,持有
2024-06-03,17.68,1.06,0.0009,211619.57,256.43,211876.00,0.9988,持有
2024-06-04,17.80,1.07,0.0020,213112.27,256.43,213368.71,0.9988,持有
2024-06-05,17.78,1.07,0.0017,212882.62,256.43,213139.06,0.9988,持有
2024-06-06,17.74,1.07,0.0014,212308.51,256.43,212564.94,0.9988,持有
2024-06-07,17.63,1.06,0.0009,211045.45,256.43,211301.88,0.9988,持有
2024-06-11,17.59,1.06,0.0009,210586.16,256.43,210842.59,0.9988,持有
2024-06-12,17.54,1.05,0.0006,209897.22,256.43,210153.65,0.9988,持有
2024-06-13,17.52,1.05,0.0006,209667.57,256.43,209924.00,0.9988,持有
2024-06-14,17.87,1.07,0.0054,213916.04,256.43,214172.47,0.9988,持有
2024-06-17,17.90,1.08,0.0068,214260.51,256.43,214516.94,0.9988,持有
2024-06-18,17.95,1.08,0.0074,214834.62,256.43,215091.06,0.9988,持有
2024-06-19,17.78,1.07,0.0031,212767.80,256.43,213024.24,0.9988,持有
2024-06-20,17.63,1.06,0.0017,211045.45,256.43,211301.88,0.9988,持有
2024-06-21,17.69,1.06,0.0025,211734.39,256.43,211990.83,0.9988,持有
2024-06-24,17.67,1.06,0.0023,211504.74,256.43,211761.18,0.9988,持有
2024-06-25,17.38,1.04,0.0006,208060.04,256.43,208316.48,0.9988,持有
2024-06-26,17.65,1.06,0.0025,211275.10,256.43,211531.53,0.9988,持有
2024-06-27,17.65,1.06,0.0025,211275.10,256.43,211531.53,0.9988,持有
2024-06-28,17.49,1.05,0.0008,209323.10,256.43,209579.53,0.9988,持有
2024-07-01,17.46,1.05,0.0008,208978.63,256.43,209235.06,0.9988,持有
2024-07-02,17.45,1.05,0.0008,208863.80,256.43,209120.24,0.9988,持有
2024-07-03,17.63,1.06,0.0028,211045.45,256.43,211301.88,0.9988,持有
2024-07-04,17.31,1.04,0.0003,207141.45,256.43,207397.89,0.9988,持有
2024-07-05,17.08,1.03,0.0000,204500.51,256.43,204756.95,0.9987,持有
2024-07-08,16.79,1.01,0.0000,200940.99,256.43,201197.42,0.9987,持有
2024-07-09,17.13,1.03,0.0006,205074.63,256.43,205331.07,0.9988,持有
2024-07-10,17.43,1.05,0.0020,208634.16,256.43,208890.59,0.9988,持有
2024-07-11,17.57,1.06,0.0039,210356.51,256.43,210612.94,0.9988,持有
2024-07-12,17.61,1.06,0.0045,210815.80,256.43,211072.24,0.9988,持有
2024-07-15,17.71,1.06,0.0070,211964.04,256.43,212220.47,0.9988,持有
2024-07-16,17.97,1.08,0.0130,215064.27,256.43,215320.70,0.9988,持有
2024-07-17,18.08,1.09,0.0149,216442.15,256.43,216698.59,0.9988,持有
2024-07-18,18.20,1.09,0.0158,217820.03,256.43,218076.47,0.9988,持有
2024-07-19,18.60,1.12,0.0200,222642.62,256.43,222899.05,0.9988,持有
2024-07-22,19.37,1.16,0.0304,231828.49,256.43,232084.92,0.9989,持有
2024-07-23,18.42,1.11,0.0177,220460.97,256.43,220717.41,0.9988,持有
2024-07-24,18.11,1.09,0.0155,216786.62,256.43,217043.06,0.9988,持有
2024-07-25,18.25,1.10,0.0171,218394.15,256.43,218650.58,0.9988,持有
2024-07-26,18.48,1.11,0.0191,221149.91,256.43,221406.35,0.9988,持有
2024-07-29,18.11,1.09,0.0155,216786.62,256.43,217043.06,0.9988,持有
2024-07-30,18.15,1.09,0.0163,217245.91,256.43,217502.35,0.9988,持有
2024-07-31,18.99,1.14,0.0270,227350.38,256.43,227606.81,0.9989,持有
2024-08-01,18.78,1.13,0.0239,224824.26,256.43,225080.70,0.9989,持有
2024-08-02,18.43,1.11,0.0191,220575.79,256.43,220832.23,0.9988,持有
2024-08-05,18.34,1.10,0.0182,219542.38,256.43,219798.82,0.9988,持有
2024-08-06,18.33,1.10,0.0182,219427.56,256.43,219683.99,0.9988,持有
2024-08-07,18.20,1.09,0.0165,217820.03,256.43,218076.47,0.9988,持有
2024-08-08,18.29,1.10,0.0185,218968.27,256.43,219224.70,0.9988,持有
2024-08-09,18.12,1.09,0.0160,216901.44,256.43,217157.88,0.9988,持有
2024-08-12,18.10,1.09,0.0151,216671.80,256.43,216928.23,0.9988,持有
2024-08-13,18.28,1.10,0.0188,218853.44,256.43,219109.88,0.9988,持有
2024-08-14,18.08,1.09,0.0148,216442.15,256.43,216698.59,0.9988,持有
2024-08-15,18.37,1.10,0.0207,219886.85,256.43,220143.29,0.9988,持有
2024-08-16,18.32,1.10,0.0199,219312.74,256.43,219569.17,0.9988,持有
2024-08-19,18.26,1.10,0.0190,218623.80,256.43,218880.23,0.9988,持有
2024-08-20,18.16,1.09,0.0173,217360.74,256.43,217617.17,0.9988,持有
2024-08-21,18.15,1.09,0.0171,217245.91,256.43,217502.35,0.9988,持有
2024-08-22,17.97,1.08,0.0129,215064.27,256.43,215320.70,0.9988,持有
2024-08-23,18.32,1.10,0.0210,219312.74,256.43,219569.17,0.9988,持有
2024-08-26,18.15,1.06,0.0070,217311.42,256.43,217567.85,0.9988,持有
2024-08-27,18.15,1.06,0.0070,217311.42,256.43,217567.85,0.9988,持有
2024-08-28,18.13,1.06,0.0064,216958.26,256.43,217214.69,0.9988,持有
2024-08-29,18.48,1.09,0.0179,221196.18,256.43,221452.62,0.9988,持有
2024-08-30,18.97,1.12,0.0276,227082.19,256.43,227338.63,0.9989,持有
2024-09-02,18.61,1.10,0.0212,222726.55,256.43,222982.98,0.9988,持有
2024-09-03,18.80,1.11,0.0254,225080.95,256.43,225337.38,0.9989,持有
2024-09-04,18.80,1.11,0.0254,225080.95,256.43,225337.38,0.9989,持有
2024-09-05,18.79,1.11,0.0251,224963.23,256.43,225219.66,0.9989,持有
2024-09-06,18.74,1.11,0.0240,224374.63,256.43,224631.06,0.9989,持有
2024-09-09,18.67,1.10,0.0228,223432.87,256.43,223689.30,0.9989,持有
2024-09-10,18.57,1.10,0.0201,222255.67,256.43,222512.10,0.9988,持有
2024-09-11,18.69,1.10,0.0242,223668.31,256.43,223924.74,0.9989,持有
2024-09-12,18.57,1.10,0.0200,222255.67,256.43,222512.10,0.9988,持有
2024-09-13,18.61,1.10,0.0217,222726.55,256.43,222982.98,0.9988,持有
2024-09-18,18.63,1.10,0.0228,222961.99,256.43,223218.42,0.9989,持有
2024-09-19,19.02,1.12,0.0312,227670.79,256.43,227927.23,0.9989,持有
2024-09-20,18.97,1.12,0.0306,227082.19,256.43,227338.63,0.9989,持有
2024-09-23,18.99,1.12,0.0311,227317.63,256.43,227574.07,0.9989,持有
2024-09-24,20.48,1.21,0.0550,245093.38,256.43,245349.81,0.9990,持有
2024-09-25,20.81,1.23,0.0681,249095.86,256.43,249352.30,0.9990,持有
2024-09-26,22.11,1.30,0.1550,264634.92,256.43,264891.36,0.9990,持有
2024-09-27,24.32,1.43,0.3257,291121.96,256.43,291378.40,0.9991,持有
2024-09-30,26.75,1.58,0.4939,320198.84,256.43,320455.28,0.9992,持有
2024-10-08,29.43,1.74,0.6592,352218.72,256.43,352475.16,0.9993,持有
2024-10-09,29.85,1.76,0.6829,357280.69,256.43,357537.13,0.9993,持有
2024-10-10,27.29,1.61,0.5262,326673.45,256.43,326929.88,0.9992,持有
2024-10-11,27.70,1.63,0.5527,331617.70,256.43,331874.13,0.9992,持有
2024-10-14,27.01,1.59,0.5085,323259.56,256.43,323516.00,0.9992,持有
2024-10-15,26.28,1.55,0.4654,314548.27,256.43,314804.71,0.9992,持有
2024-10-16,25.97,1.53,0.4428,310898.95,256.43,311155.38,0.9992,持有
2024-10-17,25.73,1.52,0.4260,307955.94,256.43,308212.38,0.9992,持有
2024-10-18,27.45,1.62,0.5361,328556.97,256.43,328813.41,0.9992,持有
2024-10-21,27.01,1.59,0.5086,323259.56,256.43,323516.00,0.9992,持有
2024-10-22,27.21,1.60,0.5237,325731.69,256.43,325988.12,0.9992,持有
2024-10-23,27.11,1.60,0.5155,324554.49,256.43,324810.92,0.9992,持有
2024-10-24,26.83,1.58,0.4963,321140.60,256.43,321397.04,0.9992,持有
2024-10-25,27.05,1.60,0.5122,323730.45,256.43,323986.88,0.9992,持有
2024-10-28,27.04,1.59,0.5112,323612.73,256.43,323869.16,0.9992,持有
2024-10-29,26.78,1.58,0.4936,320552.00,256.43,320808.44,0.9992,持有
2024-10-30,27.01,1.56,0.4750,323259.56,256.43,323516.00,0.9992,持有
2024-10-31,27.65,1.60,0.5155,331029.10,256.43,331285.53,0.9992,持有
2024-11-01,27.49,1.59,0.5032,329027.85,256.43,329284.29,0.9992,持有
2024-11-04,28.58,1.65,0.5743,342094.79,256.43,342351.23,0.9993,持有
2024-11-05,29.97,1.73,0.6561,358693.33,256.43,358949.77,0.9993,持有
2024-11-06,30.57,1.77,0.6890,365874.26,256.43,366130.70,0.9993,持有
2024-11-07,33.62,1.94,0.8094,402485.23,256.43,402741.67,0.9994,卖出(降至30%)
2024-11-08,34.30,1.98,0.8249,123285.29,300826.36,424111.64,0.2907,持有
2024-11-11,34.30,1.98,0.8246,123285.29,300826.36,424111.64,0.2907,持有
2024-11-12,33.37,1.93,0.8024,119927.46,300826.36,420753.82,0.2850,持有
2024-11-13,32.38,1.87,0.7735,116357.56,300826.36,417183.91,0.2789,持有
2024-11-14,32.13,1.86,0.7647,115473.92,300826.36,416300.28,0.2774,持有
2024-11-15,30.62,1.77,0.6929,110030.70,300826.36,410857.06,0.2678,持有
2024-11-18,30.16,1.74,0.6663,108404.81,300826.36,409231.17,0.2649,持有
2024-11-19,30.78,1.78,0.7038,110631.58,300826.36,411457.94,0.2689,持有
2024-11-20,31.22,1.80,0.7265,112186.78,300826.36,413013.14,0.2716,持有
2024-11-21,31.36,1.81,0.7351,112716.97,300826.36,413543.32,0.2726,持有
2024-11-22,29.83,1.72,0.6466,107203.06,300826.36,408029.42,0.2627,持有
2024-11-25,29.17,1.69,0.6043,104834.91,300826.36,405661.26,0.2584,持有
2024-11-26,29.23,1.69,0.6067,105046.98,300826.36,405873.34,0.2588,持有
2024-11-27,29.78,1.72,0.6433,107026.33,300826.36,407852.69,0.2624,持有
2024-11-28,29.38,1.70,0.6151,105577.17,300826.36,406403.52,0.2598,持有
2024-11-29,30.24,1.75,0.6696,108687.57,300826.36,409513.93,0.2654,持有
2024-12-02,30.75,1.78,0.7013,110525.54,300826.36,411351.90,0.2687,持有
2024-12-03,30.57,1.77,0.6873,109853.98,300826.36,410680.33,0.2675,持有
2024-12-04,30.29,1.75,0.6726,108864.30,300826.36,409690.66,0.2657,持有
2024-12-05,30.39,1.76,0.6785,109217.76,300826.36,410044.11,0.2664,持有
2024-12-06,30.72,1.78,0.6999,110419.51,300826.36,411245.86,0.2685,持有
2024-12-09,30.61,1.77,0.6921,109995.36,300826.36,410821.72,0.2677,持有
2024-12-10,30.96,1.79,0.7130,111267.80,300826.36,412094.16,0.2700,持有
2024-12-11,30.82,1.78,0.7054,110772.96,300826.36,411599.32,0.2691,持有
2024-12-12,31.14,1.80,0.7233,111904.02,300826.36,412730.37,0.2711,持有
2024-12-13,29.92,1.73,0.6500,107521.17,300826.36,408347.53,0.2633,持有
2024-12-16,29.53,1.71,0.6238,106142.69,300826.36,406969.05,0.2608,持有
2024-12-17,29.73,1.72,0.6367,106849.60,300826.36,407675.96,0.2621,持有
2024-12-18,29.79,1.72,0.6423,107061.68,300826.36,407888.03,0.2625,持有
2024-12-19,29.83,1.72,0.6451,107203.06,300826.36,408029.42,0.2627,持有
2024-12-20,30.08,1.72,0.6461,108093.73,300826.36,408920.09,0.2643,持有
2024-12-23,29.66,1.70,0.6161,106597.38,300826.36,407423.73,0.2616,持有
2024-12-24,30.06,1.72,0.6446,108022.48,300826.36,408848.83,0.2642,持有
2024-12-25,29.83,1.71,0.6272,107203.04,300826.36,408029.40,0.2627,持有
2024-12-26,29.89,1.71,0.6320,107416.81,300826.36,408243.17,0.2631,持有
2024-12-27,29.96,1.72,0.6348,107666.20,300826.36,408492.56,0.2636,持有
2024-12-30,30.24,1.73,0.6567,108699.40,300826.36,409525.75,0.2654,持有
2024-12-31,28.92,1.66,0.5744,103925.32,300826.36,404751.67,0.2568,持有
2025-01-02,27.21,1.56,0.4689,97797.39,300826.36,398623.75,0.2453,持有
2025-01-03,26.74,1.53,0.4368,96087.28,300826.36,396913.63,0.2421,持有
2025-01-06,26.82,1.54,0.4444,96407.92,300826.36,397234.28,0.2427,持有
2025-01-07,26.92,1.54,0.4505,96764.20,300826.36,397590.55,0.2434,持有
2025-01-08,26.75,1.53,0.4373,96122.90,300826.36,396949.26,0.2422,持有
2025-01-09,26.66,1.53,0.4317,95802.26,300826.36,396628.61,0.2415,持有
2025-01-10,26.23,1.50,0.4025,94270.27,300826.36,395096.63,0.2386,持有
2025-01-13,26.28,1.51,0.4064,94448.41,300826.36,395274.77,0.2389,持有
2025-01-14,27.46,1.57,0.4823,98688.08,300826.36,399514.44,0.2470,持有
2025-01-15,27.13,1.56,0.4653,97512.37,300826.36,398338.73,0.2448,持有
2025-01-16,27.01,1.55,0.4573,97084.84,300826.36,397911.20,0.2440,持有
2025-01-17,27.07,1.55,0.4620,97298.61,300826.36,398124.97,0.2444,持有
2025-01-20,27.16,1.56,0.4674,97619.26,300826.36,398445.61,0.2450,持有
2025-01-21,27.18,1.56,0.4680,97690.51,300826.36,398516.87,0.2451,持有
2025-01-22,26.99,1.55,0.4560,97013.59,300826.36,397839.95,0.2439,持有
2025-01-23,27.21,1.56,0.4705,97797.39,300826.36,398623.75,0.2453,持有
2025-01-24,27.30,1.57,0.4755,98118.04,300826.36,398944.40,0.2459,持有
2025-01-27,26.70,1.53,0.4341,95944.77,300826.36,396771.12,0.2418,持有
2025-02-05,26.72,1.53,0.4348,96016.02,300826.36,396842.38,0.2420,持有
2025-02-06,27.13,1.56,0.4654,97512.37,300826.36,398338.73,0.2448,持有
2025-02-07,27.90,1.60,0.5133,100255.69,300826.36,401082.04,0.2500,持有
2025-02-10,27.91,1.60,0.5153,100291.32,300826.36,401117.67,0.2500,持有
2025-02-11,27.73,1.59,0.5011,99650.02,300826.36,400476.38,0.2488,持有
2025-02-12,28.02,1.61,0.5226,100718.85,300826.36,401545.20,0.2508,持有
2025-02-13,27.88,1.60,0.5119,100184.43,300826.36,401010.79,0.2498,持有
2025-02-14,27.99,1.61,0.5218,100611.96,300826.36,401438.32,0.2506,持有
2025-02-17,28.04,1.61,0.5244,100790.10,300826.36,401616.46,0.2510,持有
2025-02-18,27.30,1.57,0.4749,98118.04,300826.36,398944.40,0.2459,持有
2025-02-19,27.75,1.59,0.5024,99721.28,300826.36,400547.63,0.2490,持有
2025-02-20,27.65,1.59,0.4955,99365.00,300826.36,400191.36,0.2483,持有
2025-02-21,28.21,1.62,0.5333,101395.77,300826.36,402222.12,0.2521,持有
2025-02-24,28.10,1.61,0.5269,101003.87,300826.36,401830.22,0.2514,持有
2025-02-25,27.59,1.58,0.4913,99151.24,300826.36,399977.59,0.2479,持有
2025-02-26,28.20,1.62,0.5334,101360.14,300826.36,402186.50,0.2520,持有
2025-02-27,27.99,1.61,0.5216,100611.96,300826.36,401438.32,0.2506,持有
2025-02-28,27.09,1.55,0.4615,97369.86,300826.36,398196.22,0.2445,持有
2025-03-03,27.12,1.56,0.4630,97476.75,300826.36,398303.10,0.2447,持有
2025-03-04,27.12,1.56,0.4628,97476.75,300826.36,398303.10,0.2447,持有
2025-03-05,27.10,1.55,0.4616,97405.49,300826.36,398231.85,0.2446,持有
2025-03-06,27.76,1.59,0.5036,99756.90,300826.36,400583.26,0.2490,持有
2025-03-07,27.34,1.57,0.4773,98260.55,300826.36,399086.91,0.2462,持有
2025-03-10,27.00,1.55,0.4543,97049.22,300826.36,397875.57,0.2439,持有
2025-03-11,27.06,1.55,0.4590,97262.98,300826.36,398089.34,0.2443,持有
2025-03-12,27.06,1.55,0.4589,97262.98,300826.36,398089.34,0.2443,持有
2025-03-13,26.86,1.54,0.4442,96550.43,300826.36,397376.79,0.2430,持有
2025-03-14,27.83,1.60,0.5104,100006.30,300826.36,400832.65,0.2495,持有
2025-03-17,27.62,1.58,0.4941,99258.12,300826.36,400084.48,0.2481,持有
2025-03-18,27.71,1.59,0.4999,99578.77,300826.36,400405.12,0.2487,持有
2025-03-19,27.69,1.59,0.4984,99507.51,300826.36,400333.87,0.2486,持有
2025-03-20,27.44,1.57,0.4813,98616.83,300826.36,399443.18,0.2469,持有
2025-03-21,26.85,1.54,0.4426,96514.80,300826.36,397341.16,0.2429,持有
2025-03-24,26.95,1.55,0.4495,96871.08,300826.36,397697.44,0.2436,持有
2025-03-25,26.79,1.54,0.4360,96265.41,300826.36,397091.77,0.2424,持有
2025-03-26,26.75,1.53,0.4329,96122.90,300826.36,396949.26,0.2422,持有
2025-03-27,26.67,1.52,0.4185,95837.88,300826.36,396664.24,0.2416,持有
2025-03-28,26.57,1.51,0.4095,95481.61,300826.36,396307.96,0.2409,持有
2025-03-31,26.29,1.50,0.3906,94484.04,300826.36,395310.40,0.2390,持有
2025-04-01,26.21,1.49,0.3856,94199.02,300826.36,395025.38,0.2385,持有
2025-04-02,26.31,1.50,0.3939,94555.29,300826.36,395381.65,0.2391,持有
2025-04-03,26.21,1.49,0.3854,94199.02,300826.36,395025.38,0.2385,持有
2025-04-07,23.81,1.36,0.2086,85577.17,300826.36,386403.53,0.2215,买入(补至30%)
2025-04-08,24.29,1.38,0.2443,118228.86,270375.80,388604.66,0.3042,持有
2025-04-09,24.67,1.41,0.2705,120110.87,270375.80,390486.67,0.3076,持有
2025-04-10,24.92,1.42,0.2938,121317.29,270375.80,391693.09,0.3097,持有
2025-04-11,25.14,1.43,0.3133,122378.94,270375.80,392754.74,0.3116,持有
2025-04-14,25.01,1.43,0.3030,121751.60,270375.80,392127.40,0.3105,持有
2025-04-15,24.89,1.42,0.2903,121172.52,270375.80,391548.32,0.3095,持有
2025-04-16,24.93,1.42,0.2940,121365.55,270375.80,391741.35,0.3098,持有
2025-04-17,24.95,1.42,0.2969,121462.06,270375.80,391837.86,0.3100,持有
2025-04-18,24.93,1.42,0.2939,121365.55,270375.80,391741.35,0.3098,持有
2025-04-21,25.01,1.43,0.3037,121751.60,270375.80,392127.40,0.3105,持有
2025-04-22,24.86,1.42,0.2881,121027.75,270375.80,391403.55,0.3092,持有
2025-04-23,24.91,1.42,0.2928,121269.03,270375.80,391644.83,0.3096,持有
2025-04-24,24.78,1.41,0.2799,120641.70,270375.80,391017.50,0.3085,持有
2025-04-25,24.98,1.42,0.3012,121606.83,270375.80,391982.63,0.3102,持有
2025-04-28,24.91,1.42,0.2929,121269.03,270375.80,391644.83,0.3096,持有
2025-04-29,24.79,1.41,0.2816,120689.95,270375.80,391065.75,0.3086,持有
2025-04-30,24.86,1.38,0.2419,121027.75,270375.80,391403.55,0.3092,持有
2025-05-06,25.29,1.41,0.2723,123102.79,270375.80,393478.59,0.3129,持有
2025-05-07,25.45,1.42,0.2861,123874.89,270375.80,394250.70,0.3142,持有
2025-05-08,25.64,1.43,0.3066,124791.77,270375.80,395167.57,0.3158,持有
2025-05-09,25.33,1.41,0.2761,123295.81,270375.80,393671.62,0.3132,持有
2025-05-12,26.07,1.45,0.3425,126915.07,270375.80,397290.87,0.3195,持有
2025-05-13,25.86,1.44,0.3259,125901.67,270375.80,396277.48,0.3177,持有
2025-05-14,26.83,1.49,0.3882,130630.83,270375.80,401006.63,0.3258,持有
2025-05-15,26.35,1.47,0.3628,128266.25,270375.80,398642.05,0.3218,持有
2025-05-16,25.98,1.45,0.3365,126480.75,270375.80,396856.56,0.3187,持有
2025-05-19,25.88,1.44,0.3279,125998.19,270375.80,396373.99,0.3179,持有
2025-05-20,25.86,1.44,0.3254,125901.67,270375.80,396277.48,0.3177,持有
2025-05-21,25.81,1.44,0.3213,125660.39,270375.80,396036.19,0.3173,持有
2025-05-22,25.76,1.43,0.3175,125419.11,270375.80,395794.91,0.3169,持有
2025-05-23,25.45,1.42,0.2855,123874.89,270375.80,394250.70,0.3142,持有
2025-05-26,25.40,1.41,0.2814,123633.61,270375.80,394009.41,0.3138,持有
2025-05-27,25.29,1.41,0.2712,123102.79,270375.80,393478.59,0.3129,持有
2025-05-28,25.20,1.40,0.2624,122668.48,270375.80,393044.28,0.3121,持有
2025-05-29,25.48,1.42,0.2897,124019.66,270375.80,394395.47,0.3145,持有
2025-05-30,25.30,1.41,0.2729,123151.04,270375.80,393526.85,0.3129,持有
2025-06-03,25.37,1.41,0.2792,123488.84,270375.80,393864.64,0.3135,持有
2025-06-04,25.66,1.43,0.3105,124936.54,270375.80,395312.34,0.3160,持有
2025-06-05,25.95,1.44,0.3364,126335.98,270375.80,396711.79,0.3185,持有
2025-06-06,25.75,1.43,0.3177,125370.85,270375.80,395746.65,0.3168,持有
2025-06-09,26.20,1.46,0.3543,127542.40,270375.80,397918.20,0.3205,持有
2025-06-10,25.72,1.43,0.3147,125226.08,270375.80,395601.88,0.3165,持有
2025-06-11,26.15,1.46,0.3501,127301.12,270375.80,397676.92,0.3201,持有
2025-06-12,26.21,1.46,0.3554,127590.66,270375.80,397966.46,0.3206,持有
2025-06-13,26.07,1.45,0.3449,126915.07,270375.80,397290.87,0.3195,持有
2025-06-16,26.45,1.47,0.3727,128748.82,270375.80,399124.62,0.3226,持有
2025-06-17,26.47,1.47,0.3736,128845.33,270375.80,399221.13,0.3227,持有
2025-06-18,26.15,1.46,0.3499,127301.12,270375.80,397676.92,0.3201,持有
2025-06-19,25.68,1.43,0.3112,125033.05,270375.80,395408.86,0.3162,持有
2025-06-20,25.65,1.43,0.3087,124888.28,270375.80,395264.09,0.3160,持有
2025-06-23,26.00,1.45,0.3407,126577.27,270375.80,396953.07,0.3189,持有
2025-06-24,26.68,1.48,0.3848,129858.72,270375.80,400234.52,0.3245,持有
2025-06-25,27.79,1.55,0.4604,135263.47,270375.80,405639.27,0.3335,持有
2025-06-26,27.33,1.52,0.4291,133043.66,270375.80,403419.46,0.3298,持有
2025-06-27,27.34,1.52,0.4292,133091.92,270375.80,403467.72,0.3299,持有
2025-06-30,27.38,1.52,0.4312,133284.95,270375.80,403660.75,0.3302,持有
2025-07-01,27.15,1.51,0.4155,132175.04,270375.80,402550.84,0.3283,持有
2025-07-02,27.04,1.50,0.4067,131644.22,270375.80,402020.02,0.3275,持有
2025-07-03,27.43,1.53,0.4340,133526.23,270375.80,403902.03,0.3306,持有
2025-07-04,27.42,1.53,0.4337,133477.97,270375.80,403853.77,0.3305,持有
2025-07-07,27.55,1.53,0.4423,134105.31,270375.80,404481.11,0.3315,持有
2025-07-08,27.78,1.55,0.4599,135215.21,270375.80,405591.01,0.3334,持有
2025-07-09,27.57,1.53,0.4447,134201.82,270375.80,404577.62,0.3317,持有
2025-07-10,27.98,1.56,0.4762,136228.60,270375.80,406604.41,0.3350,持有
2025-07-11,28.41,1.58,0.5015,138303.64,270375.80,408679.44,0.3384,持有
2025-07-14,28.16,1.57,0.4868,137097.22,270375.80,407473.03,0.3365,持有
2025-07-15,27.99,1.56,0.4767,136276.86,270375.80,406652.66,0.3351,持有
2025-07-16,27.84,1.55,0.4641,135504.75,270375.80,405880.55,0.3339,持有
2025-07-17,28.00,1.56,0.4772,136325.12,270375.80,406700.92,0.3352,持有
2025-07-18,28.09,1.56,0.4831,136759.43,270375.80,407135.23,0.3359,持有
2025-07-21,28.65,1.59,0.5194,139461.80,270375.80,409837.60,0.3403,持有
2025-07-22,28.68,1.60,0.5219,139606.57,270375.80,409982.37,0.3405,持有
2025-07-23,29.52,1.64,0.5736,143708.39,270375.80,414084.19,0.3471,持有
2025-07-24,29.78,1.66,0.5887,144963.06,270375.80,415338.86,0.3490,持有
2025-07-25,29.44,1.64,0.5694,143322.34,270375.80,413698.14,0.3464,持有
2025-07-28,29.70,1.65,0.5837,144577.01,270375.80,414952.81,0.3484,持有
2025-07-29,29.69,1.65,0.5830,144528.75,270375.80,414904.55,0.3483,持有
2025-07-30,29.52,1.64,0.5731,143708.39,270375.80,414084.19,0.3471,持有
2025-07-31,28.77,1.60,0.5280,140040.88,270375.80,410416.68,0.3412,持有
2025-08-01,28.50,1.59,0.5066,138737.95,270375.80,409113.75,0.3391,持有
2025-08-04,28.66,1.59,0.5196,139510.06,270375.80,409885.86,0.3404,持有
2025-08-05,28.93,1.61,0.5373,140812.99,270375.80,411188.79,0.3425,持有
2025-08-06,28.91,1.61,0.5366,140716.48,270375.80,411092.28,0.3423,持有
2025-08-07,28.86,1.61,0.5336,140475.19,270375.80,410850.99,0.3419,持有
2025-08-08,28.63,1.59,0.5164,139365.29,270375.80,409741.09,0.3401,持有
2025-08-11,29.12,1.62,0.5491,141778.12,270375.80,412153.92,0.3440,持有
2025-08-12,29.22,1.63,0.5558,142260.69,270375.80,412636.49,0.3448,持有
2025-08-13,29.36,1.63,0.5640,142936.28,270375.80,413312.08,0.3458,持有
2025-08-14,29.39,1.64,0.5665,143081.05,270375.80,413456.85,0.3461,持有
2025-08-15,30.83,1.72,0.6476,150078.27,270375.80,420454.07,0.3569,持有
2025-08-18,31.42,1.75,0.6836,152973.67,270375.80,423349.47,0.3613,持有
2025-08-19,30.75,1.71,0.6420,149692.22,270375.80,420068.02,0.3564,持有
2025-08-20,30.88,1.72,0.6513,150319.55,270375.80,420695.36,0.3573,持有
2025-08-21,30.61,1.70,0.6320,149016.62,270375.80,419392.43,0.3553,持有
2025-08-22,31.92,1.78,0.7135,155386.51,270375.80,425762.31,0.3650,持有
2025-08-25,32.14,1.77,0.7094,156457.52,270375.80,426833.32,0.3666,持有
2025-08-26,31.68,1.75,0.6815,154218.24,270375.80,424594.04,0.3632,持有
2025-08-27,30.89,1.70,0.6327,150372.52,270375.80,420748.32,0.3574,持有
2025-08-28,31.50,1.74,0.6733,153342.00,270375.80,423717.80,0.3619,持有
2025-08-29,31.48,1.72,0.6480,153244.64,270375.80,423620.44,0.3617,持有
2025-09-01,31.17,1.70,0.6285,151735.56,270375.80,422111.36,0.3595,持有
2025-09-02,30.78,1.68,0.6087,149837.04,270375.80,420212.84,0.3566,持有
2025-09-03,29.79,1.63,0.5519,145017.72,270375.80,415393.52,0.3491,持有
2025-09-04,29.56,1.61,0.5384,143898.08,270375.80,414273.88,0.3474,持有
2025-09-05,29.83,1.63,0.5552,145212.44,270375.80,415588.24,0.3494,持有
2025-09-08,29.45,1.61,0.5313,143362.60,270375.80,413738.40,0.3465,持有
2025-09-09,29.52,1.61,0.5362,143703.36,270375.80,414079.16,0.3470,持有
2025-09-10,29.48,1.61,0.5339,143508.64,270375.80,413884.44,0.3467,持有
2025-09-11,30.33,1.65,0.5865,147646.44,270375.80,418022.24,0.3532,持有
2025-09-12,29.78,1.62,0.5514,144969.04,270375.80,415344.84,0.3490,持有
2025-09-15,29.59,1.61,0.5398,144044.12,270375.80,414419.92,0.3476,持有
2025-09-16,29.28,1.60,0.5193,142535.04,270375.80,412910.84,0.3452,持有
2025-09-17,28.99,1.58,0.4970,141123.32,270375.80,411499.12,0.3429,持有
2025-09-18,28.35,1.55,0.4562,138007.80,270375.80,408383.60,0.3379,持有
2025-09-19,28.31,1.54,0.4512,137813.08,270375.80,408188.88,0.3376,持有
2025-09-22,28.78,1.57,0.4846,140101.04,270375.80,410476.84,0.3413,持有
2025-09-23,28.50,1.55,0.4671,138738.00,270375.80,409113.80,0.3391,持有
2025-09-24,28.69,1.57,0.4797,139662.92,270375.80,410038.72,0.3406,持有
2025-09-25,28.71,1.57,0.4811,139760.28,270375.80,410136.08,0.3408,持有
2025-09-26,28.72,1.57,0.4818,139808.96,270375.80,410184.76,0.3408,持有
2025-09-29,30.41,1.66,0.5927,148035.88,270375.80,418411.68,0.3538,持有
2025-09-30,29.90,1.63,0.5611,145553.20,270375.80,415929.00,0.3499,持有
2025-10-09,29.65,1.62,0.5441,144336.20,270375.80,414712.00,0.3480,持有
2025-10-10,29.68,1.62,0.5465,144482.24,270375.80,414858.04,0.3483,持有
2025-10-13,29.20,1.59,0.5129,142145.60,270375.80,412521.40,0.3446,持有
2025-10-14,29.03,1.58,0.4997,141318.04,270375.80,411693.84,0.3433,持有
2025-10-15,29.69,1.62,0.5476,144530.92,270375.80,414906.72,0.3483,持有
2025-10-16,29.65,1.62,0.5439,144336.20,270375.80,414712.00,0.3480,持有
2025-10-17,29.09,1.59,0.5035,141610.12,270375.80,411985.92,0.3437,持有
2025-10-20,29.23,1.59,0.5156,142291.64,270375.80,412667.44,0.3448,持有
2025-10-21,29.36,1.60,0.5261,142924.48,270375.80,413300.28,0.3458,持有
2025-10-22,29.19,1.59,0.5104,142096.92,270375.80,412472.72,0.3445,持有
2025-10-23,29.52,1.61,0.5367,143703.36,270375.80,414079.16,0.3470,持有
2025-10-24,29.87,1.63,0.5596,145407.16,270375.80,415782.96,0.3497,持有
2025-10-27,29.99,1.59,0.5019,145991.32,270375.80,416367.12,0.3506,持有
2025-10-28,30.00,1.59,0.5021,146040.00,270375.80,416415.80,0.3507,持有
2025-10-29,30.30,1.60,0.5268,147500.40,270375.80,417876.20,0.3530,持有
2025-10-30,29.68,1.57,0.4829,144482.24,270375.80,414858.04,0.3483,持有
2025-10-31,29.38,1.55,0.4631,143021.84,270375.80,413397.64,0.3460,持有
2025-11-03,29.22,1.55,0.4503,142242.96,270375.80,412618.76,0.3447,持有
2025-11-04,29.08,1.54,0.4409,141561.44,270375.80,411937.24,0.3436,持有
2025-11-05,29.06,1.54,0.4382,141464.08,270375.80,411839.88,0.3435,持有
2025-11-06,29.19,1.54,0.4479,142096.92,270375.80,412472.72,0.3445,持有
2025-11-07,29.00,1.53,0.4338,141172.00,270375.80,411547.80,0.3430,持有
2025-11-10,29.30,1.55,0.4585,142632.40,270375.80,413008.20,0.3454,持有
2025-11-11,29.06,1.54,0.4380,141464.08,270375.80,411839.88,0.3435,持有
2025-11-12,28.90,1.53,0.4268,140685.20,270375.80,411061.00,0.3422,持有
2025-11-13,29.08,1.54,0.4411,141561.44,270375.80,411937.24,0.3436,持有
2025-11-14,28.64,1.51,0.4092,139419.52,270375.80,409795.32,0.3402,持有
2025-11-17,28.29,1.50,0.3882,137715.72,270375.80,408091.52,0.3375,持有
2025-11-18,28.22,1.49,0.3819,137374.96,270375.80,407750.76,0.3369,持有
2025-11-19,28.30,1.50,0.3888,137764.40,270375.80,408140.20,0.3375,持有
2025-11-20,28.30,1.50,0.3887,137764.40,270375.80,408140.20,0.3375,持有
2025-11-21,27.30,1.44,0.3262,132896.40,270375.80,403272.20,0.3295,持有
2025-11-24,27.39,1.45,0.3349,133334.52,270375.80,403710.32,0.3303,持有
2025-11-25,27.47,1.45,0.3392,133723.96,270375.80,404099.76,0.3309,持有
2025-11-26,27.60,1.46,0.3478,134356.80,270375.80,404732.60,0.3320,持有
2025-11-27,27.58,1.46,0.3470,134259.44,270375.80,404635.24,0.3318,持有
2025-11-28,27.59,1.46,0.3479,134308.12,270375.80,404683.92,0.3319,持有
2025-12-01,27.67,1.46,0.3540,134697.56,270375.80,405073.36,0.3325,持有
