日期,收盘价,估值指标,估值分位点,持仓市值,现金,总资产,仓位比例,信号
2015-01-05,149.35,15.67,0.3793,0.00,100000.00,100000.00,0.0000,持有
2015-01-06,145.89,15.31,0.3773,0.00,100000.00,100000.00,0.0000,持有
2015-01-07,142.29,14.93,0.3625,0.00,100000.00,100000.00,0.0000,持有
2015-01-08,141.42,14.84,0.3597,0.00,100000.00,100000.00,0.0000,持有
2015-01-09,140.35,14.72,0.3530,0.00,100000.00,100000.00,0.0000,持有
2015-01-12,137.49,14.42,0.3277,0.00,100000.00,100000.00,0.0000,持有
2015-01-13,136.34,14.30,0.3210,0.00,100000.00,100000.00,0.0000,持有
2015-01-14,135.09,14.17,0.3143,0.00,100000.00,100000.00,0.0000,持有
2015-01-15,137.22,14.40,0.3261,0.00,100000.00,100000.00,0.0000,持有
2015-01-16,137.25,14.40,0.3266,0.00,100000.00,100000.00,0.0000,持有
2015-01-19,129.41,13.58,0.2902,0.00,100000.00,100000.00,0.0000,买入(补至30%)
2015-01-20,131.33,13.78,0.2956,30337.08,70012.35,100349.44,0.3023,持有
2015-01-21,134.49,14.11,0.3114,31066.21,70012.35,101078.56,0.3073,持有
2015-01-22,133.65,14.02,0.3087,30873.71,70012.35,100886.06,0.3060,持有
2015-01-23,133.50,14.01,0.3085,30837.93,70012.35,100850.28,0.3058,持有
2015-01-26,134.81,14.14,0.3147,31141.17,70012.35,101153.52,0.3079,持有
2015-01-27,132.83,13.94,0.3024,30682.91,70012.35,100695.26,0.3047,持有
2015-01-28,130.88,13.73,0.2942,30233.17,70012.35,100245.52,0.3016,持有
2015-01-29,129.91,13.63,0.2907,30008.30,70012.35,100020.65,0.3000,持有
2015-01-30,130.67,13.71,0.2921,30183.76,70012.35,100196.11,0.3012,持有
2015-02-02,128.93,13.53,0.2879,29781.72,70012.35,99794.07,0.2984,持有
2015-02-03,131.54,13.80,0.2980,30386.49,70012.35,100398.84,0.3027,持有
2015-02-04,130.72,13.71,0.2930,30195.69,70012.35,100208.04,0.3013,持有
2015-02-05,128.36,13.47,0.2848,29650.55,70012.35,99662.90,0.2975,持有
2015-02-06,128.76,13.51,0.2878,29744.24,70012.35,99756.59,0.2982,持有
2015-02-09,135.92,14.26,0.3272,31396.70,70012.35,101409.05,0.3096,持有
2015-02-10,134.87,14.15,0.3206,31154.80,70012.35,101167.15,0.3080,持有
2015-02-11,135.07,14.17,0.3220,31200.79,70012.35,101213.14,0.3083,持有
2015-02-12,135.38,14.20,0.3241,31272.34,70012.35,101284.69,0.3088,持有
2015-02-13,134.58,14.12,0.3175,31088.36,70012.35,101100.71,0.3075,持有
2015-02-16,135.19,14.18,0.3236,31228.05,70012.35,101240.40,0.3085,持有
2015-02-17,134.38,14.10,0.3154,31042.36,70012.35,101054.71,0.3072,持有
2015-02-25,135.67,14.23,0.3270,31338.78,70012.35,101351.13,0.3092,持有
2015-02-26,137.64,14.44,0.3425,31795.34,70012.35,101807.69,0.3123,持有
2015-02-27,140.89,14.78,0.3722,32546.61,70012.35,102558.96,0.3173,持有
2015-03-02,140.66,14.76,0.3719,32492.09,70012.35,102504.44,0.3170,持有
2015-03-03,137.13,14.39,0.3370,31677.79,70012.35,101690.14,0.3115,持有
2015-03-04,138.05,14.48,0.3462,31889.03,70012.35,101901.38,0.3129,持有
2015-03-05,136.82,14.35,0.3349,31604.54,70012.35,101616.89,0.3110,持有
2015-03-06,135.41,14.21,0.3244,31280.86,70012.35,101293.21,0.3088,持有
2015-03-09,141.27,14.82,0.3768,32633.49,70012.35,102645.84,0.3179,持有
2015-03-10,138.52,14.53,0.3529,31998.06,70012.35,102010.41,0.3137,持有
2015-03-11,141.58,14.85,0.3793,32705.04,70012.35,102717.39,0.3184,持有
2015-03-12,142.15,14.91,0.3814,32836.21,70012.35,102848.56,0.3193,持有
2015-03-13,140.05,14.69,0.3678,32352.40,70012.35,102364.75,0.3161,持有
2015-03-16,142.89,14.99,0.3855,33008.27,70012.35,103020.62,0.3204,持有
2015-03-17,145.11,15.22,0.3961,33521.05,70012.35,103533.40,0.3238,持有
2015-03-18,147.09,15.43,0.3997,33977.60,70012.35,103989.95,0.3267,持有
2015-03-19,144.01,15.11,0.3916,33267.22,70012.35,103279.57,0.3221,持有
2015-03-20,142.44,14.94,0.3827,32904.36,70012.35,102916.71,0.3197,持有
2015-03-23,143.87,15.09,0.3917,33233.14,70012.35,103245.50,0.3219,持有
2015-03-24,144.32,15.14,0.3953,33337.06,70012.35,103349.41,0.3226,持有
2015-03-25,142.17,14.92,0.3802,32841.32,70012.35,102853.68,0.3193,持有
2015-03-26,146.43,15.36,0.4017,33825.99,70012.35,103838.34,0.3258,持有
2015-03-27,143.48,15.05,0.3890,33142.86,70012.35,103155.21,0.3213,持有
2015-03-30,145.11,15.22,0.3980,33521.05,70012.35,103533.40,0.3238,持有
2015-03-31,144.52,15.16,0.3969,33383.06,70012.35,103395.41,0.3229,持有
2015-04-01,144.06,15.11,0.3927,33277.44,70012.35,103289.79,0.3222,持有
2015-04-02,143.50,15.06,0.3885,33147.97,70012.35,103160.32,0.3213,持有
2015-04-03,145.14,15.23,0.4006,33527.86,70012.35,103540.21,0.3238,持有
2015-04-07,147.99,15.53,0.4065,34185.44,70012.35,104197.79,0.3281,持有
2015-04-08,150.81,15.82,0.4085,34837.90,70012.35,104850.25,0.3323,持有
2015-04-09,147.49,15.47,0.4059,34071.30,70012.35,104083.65,0.3273,持有
2015-04-10,147.66,15.49,0.4063,34108.78,70012.35,104121.13,0.3276,持有
2015-04-13,150.37,15.78,0.4091,34735.69,70012.35,104748.04,0.3316,持有
2015-04-14,151.92,15.94,0.4103,35093.44,70012.35,105105.79,0.3339,持有
2015-04-15,151.70,15.92,0.4100,35042.33,70012.35,105054.68,0.3336,持有
2015-04-16,166.87,17.51,0.4343,38546.56,70012.35,108558.91,0.3551,持有
2015-04-17,171.51,17.99,0.4432,39618.11,70012.35,109630.46,0.3614,持有
2015-04-20,172.59,18.11,0.4467,39868.53,70012.35,109880.88,0.3628,持有
2015-04-21,189.85,18.36,0.4479,43854.87,70012.35,113867.22,0.3851,持有
2015-04-22,194.61,18.82,0.4506,44955.38,70012.35,114967.73,0.3910,持有
2015-04-23,188.82,18.26,0.4464,43618.08,70012.35,113630.43,0.3839,持有
2015-04-24,190.63,18.43,0.4484,44035.45,70012.35,114047.80,0.3861,持有
2015-04-27,188.64,18.24,0.4457,43575.49,70012.35,113587.84,0.3836,持有
2015-04-28,182.81,17.68,0.4347,42229.67,70012.35,112242.02,0.3762,持有
2015-04-29,184.21,17.81,0.4366,42551.65,70012.35,112564.00,0.3780,持有
2015-04-30,186.01,17.99,0.4416,42969.02,70012.35,112981.37,0.3803,持有
2015-05-04,188.03,18.18,0.4466,43435.80,70012.35,113448.15,0.3829,持有
2015-05-05,177.69,17.18,0.4242,41047.40,70012.35,111059.75,0.3696,持有
2015-05-06,178.97,17.30,0.4262,41342.11,70012.35,111354.46,0.3713,持有
2015-05-07,180.63,17.47,0.4304,41725.42,70012.35,111737.77,0.3734,持有
2015-05-08,187.44,18.12,0.4476,43299.51,70012.35,113311.86,0.3821,持有
2015-05-11,189.86,18.36,0.4518,43856.58,70012.35,113868.93,0.3851,持有
2015-05-12,187.63,18.14,0.4476,43342.10,70012.35,113354.45,0.3824,持有
2015-05-13,189.09,18.28,0.4503,43679.41,70012.35,113691.76,0.3842,持有
2015-05-14,185.41,17.93,0.4394,42829.33,70012.35,112841.68,0.3796,持有
2015-05-15,180.81,17.48,0.4300,41766.30,70012.35,111778.65,0.3737,持有
2015-05-18,177.83,17.19,0.4221,41079.76,70012.35,111092.12,0.3698,持有
2015-05-19,184.40,17.83,0.4384,42595.94,70012.35,112608.29,0.3783,持有
2015-05-20,187.28,18.11,0.4479,43262.03,70012.35,113274.38,0.3819,持有
2015-05-21,190.70,18.44,0.4558,44052.49,70012.35,114064.84,0.3862,持有
2015-05-22,203.44,19.67,0.4638,46994.54,70012.35,117006.89,0.4016,持有
2015-05-25,211.53,20.45,0.4687,48863.35,70012.35,118875.70,0.4110,持有
2015-05-26,210.58,20.36,0.4676,48643.59,70012.35,118655.94,0.4100,持有
2015-05-27,204.21,19.74,0.4635,47171.71,70012.35,117184.06,0.4025,持有
2015-05-28,192.56,18.62,0.4556,44481.78,70012.35,114494.13,0.3885,持有
2015-05-29,194.57,18.81,0.4576,44945.15,70012.35,114957.50,0.3910,持有
2015-06-01,200.19,19.36,0.4617,46244.97,70012.35,116257.32,0.3978,持有
2015-06-02,196.63,19.01,0.4591,45420.45,70012.35,115432.80,0.3935,持有
2015-06-03,193.80,18.74,0.4558,44767.98,70012.35,114780.33,0.3900,持有
2015-06-04,190.42,18.41,0.4517,43987.75,70012.35,114000.10,0.3859,持有
2015-06-05,187.20,18.10,0.4431,43243.29,70012.35,113255.64,0.3818,持有
2015-06-08,195.17,18.87,0.4592,45083.14,70012.35,115095.49,0.3917,持有
2015-06-09,191.03,18.47,0.4544,44127.44,70012.35,114139.79,0.3866,持有
2015-06-10,192.52,18.61,0.4548,44471.56,70012.35,114483.91,0.3885,持有
2015-06-11,191.79,18.54,0.4545,44302.91,70012.35,114315.26,0.3876,持有
2015-06-12,196.17,18.97,0.4609,45314.83,70012.35,115327.18,0.3929,持有
2015-06-15,192.40,18.60,0.4545,44444.31,70012.35,114456.66,0.3883,持有
2015-06-16,187.28,18.11,0.4423,43262.03,70012.35,113274.38,0.3819,持有
2015-06-17,188.12,18.19,0.4457,43456.24,70012.35,113468.59,0.3830,持有
2015-06-18,179.92,17.40,0.4208,41561.87,70012.35,111574.22,0.3725,持有
2015-06-19,173.54,16.78,0.4064,40086.59,70012.35,110098.94,0.3641,持有
2015-06-23,186.03,17.99,0.4373,42972.43,70012.35,112984.78,0.3803,持有
2015-06-24,192.64,18.63,0.4585,44498.82,70012.35,114511.17,0.3886,持有
2015-06-25,185.69,17.95,0.4344,42894.06,70012.35,112906.41,0.3799,持有
2015-06-26,178.80,17.29,0.4163,41302.93,70012.35,111315.28,0.3710,持有
2015-06-29,181.89,17.59,0.4249,42016.73,70012.35,112029.08,0.3751,持有
2015-06-30,190.01,18.37,0.4527,43892.35,70012.35,113904.70,0.3853,持有
2015-07-01,189.89,18.36,0.4523,43865.09,70012.35,113877.44,0.3852,持有
2015-07-02,191.96,18.56,0.4579,44343.80,70012.35,114356.15,0.3878,持有
2015-07-03,184.23,17.81,0.4295,42556.76,70012.35,112569.11,0.3781,持有
2015-07-06,187.35,18.11,0.4447,43277.36,70012.35,113289.71,0.3820,持有
2015-07-07,180.08,17.41,0.4193,41597.65,70012.35,111610.00,0.3727,持有
2015-07-08,174.68,16.89,0.4065,40350.64,70012.35,110362.99,0.3656,持有
2015-07-09,190.22,18.39,0.4547,43941.75,70012.35,113954.10,0.3856,持有
2015-07-10,195.87,18.94,0.4676,45244.98,70012.35,115257.33,0.3926,持有
2015-07-13,190.08,18.38,0.4541,43909.39,70012.35,113921.74,0.3854,持有
2015-07-14,183.67,17.76,0.4266,42427.28,70012.35,112439.64,0.3773,持有
2015-07-15,185.30,17.92,0.4336,42803.77,70012.35,112816.12,0.3794,持有
2015-07-16,185.54,17.94,0.4348,42859.99,70012.35,112872.34,0.3797,持有
2015-07-17,188.47,17.91,0.4330,43537.06,70012.35,113549.41,0.3834,持有
2015-07-20,185.85,17.66,0.4246,42930.60,70012.35,112942.95,0.3801,持有
2015-07-21,183.00,17.39,0.4155,42272.65,70012.35,112285.01,0.3765,持有
2015-07-22,179.26,17.03,0.4064,41408.74,70012.35,111421.09,0.3716,持有
2015-07-23,181.25,17.22,0.4112,41868.35,70012.35,111880.70,0.3742,持有
2015-07-24,180.98,17.19,0.4095,41805.42,70012.35,111817.77,0.3739,持有
2015-07-27,166.37,15.81,0.3880,38431.77,70012.35,108444.12,0.3544,持有
2015-07-28,169.93,16.14,0.3921,39253.72,70012.35,109266.08,0.3592,持有
2015-07-29,171.51,16.29,0.3948,39617.98,70012.35,109630.33,0.3614,持有
2015-07-30,170.04,16.15,0.3923,39278.52,70012.35,109290.87,0.3594,持有
2015-07-31,170.76,16.22,0.3942,39444.43,70012.35,109456.78,0.3604,持有
2015-08-03,173.01,16.44,0.3990,39965.07,70012.35,109977.42,0.3634,持有
2015-08-04,175.00,16.63,0.4001,40424.68,70012.35,110437.03,0.3660,持有
2015-08-05,171.05,16.25,0.3948,39513.09,70012.35,109525.44,0.3608,持有
2015-08-06,169.21,16.08,0.3894,39087.81,70012.35,109100.16,0.3583,持有
2015-08-07,170.84,16.23,0.3942,39463.50,70012.35,109475.86,0.3605,持有
2015-08-10,175.27,16.65,0.4026,40487.61,70012.35,110499.97,0.3664,持有
2015-08-11,173.99,16.53,0.4009,40192.01,70012.35,110204.37,0.3647,持有
2015-08-12,172.93,16.43,0.3991,39947.91,70012.35,109960.26,0.3633,持有
2015-08-13,172.97,16.43,0.3996,39955.54,70012.35,109967.89,0.3633,持有
2015-08-14,173.36,16.47,0.4007,40045.17,70012.35,110057.52,0.3639,持有
2015-08-17,170.25,16.18,0.3903,39328.10,70012.35,109340.45,0.3597,持有
2015-08-18,165.99,15.77,0.3828,38344.04,70012.35,108356.39,0.3539,持有
2015-08-19,166.45,15.81,0.3847,38450.84,70012.35,108463.19,0.3545,持有
2015-08-20,161.05,15.30,0.3758,37201.69,70012.35,107214.04,0.3470,持有
2015-08-21,153.83,14.62,0.3302,35534.89,70012.35,105547.24,0.3367,持有
2015-08-24,140.05,13.31,0.2509,32351.95,70012.35,102364.30,0.3160,持有
2015-08-25,145.79,13.85,0.2730,33677.38,70012.35,103689.73,0.3248,持有
2015-08-26,151.81,14.42,0.3144,35067.65,70012.35,105080.00,0.3337,持有
2015-08-27,162.70,15.46,0.3802,37583.11,70012.35,107595.46,0.3493,持有
2015-08-28,159.05,15.12,0.3677,36740.17,70012.35,106752.52,0.3442,持有
2015-08-31,161.29,15.33,0.3789,37258.90,70012.35,107271.25,0.3473,持有
2015-09-01,160.47,15.25,0.3765,37068.19,70012.35,107080.54,0.3462,持有
2015-09-02,160.67,15.27,0.3770,37113.96,70012.35,107126.32,0.3465,持有
2015-09-07,155.80,14.81,0.3467,35988.78,70012.35,106001.13,0.3395,持有
2015-09-08,156.30,14.86,0.3507,36105.11,70012.35,106117.46,0.3402,持有
2015-09-09,158.40,15.06,0.3633,36589.51,70012.35,106601.86,0.3432,持有
2015-09-10,159.51,15.16,0.3723,36846.97,70012.35,106859.32,0.3448,持有
2015-09-11,159.26,15.14,0.3706,36789.76,70012.35,106802.11,0.3445,持有
2015-09-14,167.21,15.89,0.3925,38624.38,70012.35,108636.73,0.3555,持有
2015-09-15,166.77,15.85,0.3922,38523.31,70012.35,108535.66,0.3549,持有
2015-09-16,168.87,16.05,0.3954,39009.62,70012.35,109021.97,0.3578,持有
2015-09-17,163.47,15.54,0.3866,37760.47,70012.35,107772.82,0.3504,持有
2015-09-18,164.65,15.65,0.3878,38033.18,70012.35,108045.53,0.3520,持有
2015-09-21,164.54,15.64,0.3875,38008.39,70012.35,108020.74,0.3519,持有
2015-09-22,164.51,15.64,0.3872,38002.67,70012.35,108015.02,0.3518,持有
2015-09-23,160.76,15.28,0.3785,37134.94,70012.35,107147.29,0.3466,持有
2015-09-24,160.16,15.22,0.3725,36997.63,70012.35,107009.98,0.3457,持有
2015-09-25,159.72,15.18,0.3723,36894.65,70012.35,106907.00,0.3451,持有
2015-09-28,158.00,15.02,0.3564,36497.97,70012.35,106510.32,0.3427,持有
2015-09-29,157.00,14.92,0.3512,36267.21,70012.35,106279.57,0.3412,持有
2015-09-30,157.12,14.93,0.3524,36293.91,70012.35,106306.26,0.3414,持有
2015-10-08,163.07,15.50,0.3874,37668.93,70012.35,107681.28,0.3498,持有
2015-10-09,162.60,15.46,0.3843,37560.22,70012.35,107572.58,0.3492,持有
2015-10-12,163.54,15.54,0.3897,37777.63,70012.35,107789.98,0.3505,持有
2015-10-13,164.08,15.60,0.3908,37901.59,70012.35,107913.95,0.3512,持有
2015-10-14,163.32,15.52,0.3878,37728.05,70012.35,107740.40,0.3502,持有
2015-10-15,165.11,15.69,0.3945,38139.98,70012.35,108152.33,0.3527,持有
2015-10-16,165.73,15.75,0.3949,38283.01,70012.35,108295.36,0.3535,持有
2015-10-19,167.36,15.91,0.4003,38660.62,70012.35,108672.97,0.3558,持有
2015-10-20,166.74,15.85,0.3986,38517.59,70012.35,108529.94,0.3549,持有
2015-10-21,165.37,15.72,0.3941,38201.01,70012.35,108213.36,0.3530,持有
2015-10-22,167.21,15.89,0.4001,38624.38,70012.35,108636.73,0.3555,持有
2015-10-23,174.18,16.48,0.4195,40235.88,70012.35,110248.23,0.3650,持有
2015-10-26,179.75,17.01,0.4297,41523.17,70012.35,111535.52,0.3723,持有
2015-10-27,177.71,16.81,0.4245,41050.21,70012.35,111062.56,0.3696,持有
2015-10-28,175.39,16.60,0.4200,40514.31,70012.35,110526.66,0.3666,持有
2015-10-29,175.85,16.64,0.4211,40621.11,70012.35,110633.46,0.3672,持有
2015-10-30,176.56,16.71,0.4229,40785.12,70012.35,110797.47,0.3681,持有
2015-11-02,175.49,16.60,0.4198,40537.20,70012.35,110549.55,0.3667,持有
2015-11-03,173.13,16.38,0.4139,39993.68,70012.35,110006.03,0.3636,持有
2015-11-04,177.48,16.79,0.4255,40998.72,70012.35,111011.07,0.3693,持有
2015-11-05,178.79,16.92,0.4308,41300.04,70012.35,111312.39,0.3710,持有
2015-11-06,180.32,17.06,0.4346,41654.76,70012.35,111667.11,0.3730,持有
2015-11-09,182.31,17.25,0.4406,42114.37,70012.35,112126.72,0.3756,持有
2015-11-10,183.59,17.37,0.4437,42409.97,70012.35,112422.32,0.3772,持有
2015-11-11,181.75,17.20,0.4379,41984.68,70012.35,111997.03,0.3749,持有
2015-11-12,181.64,17.19,0.4362,41957.98,70012.35,111970.33,0.3747,持有
2015-11-13,177.59,16.80,0.4241,41023.51,70012.35,111035.86,0.3695,持有
2015-11-16,176.49,16.70,0.4211,40769.86,70012.35,110782.22,0.3680,持有
2015-11-17,176.97,16.75,0.4221,40880.48,70012.35,110892.83,0.3686,持有
2015-11-18,177.22,16.77,0.4225,40937.69,70012.35,110950.04,0.3690,持有
2015-11-19,177.52,16.80,0.4250,41008.25,70012.35,111020.60,0.3694,持有
2015-11-20,176.44,16.70,0.4199,40758.42,70012.35,110770.77,0.3680,持有
2015-11-23,175.54,16.61,0.4168,40548.64,70012.35,110560.99,0.3668,持有
2015-11-24,174.77,16.54,0.4152,40371.28,70012.35,110383.63,0.3657,持有
2015-11-25,175.83,16.64,0.4183,40617.30,70012.35,110629.65,0.3671,持有
2015-11-26,175.72,16.63,0.4174,40590.60,70012.35,110602.95,0.3670,持有
2015-11-27,171.51,16.23,0.4033,39617.98,70012.35,109630.33,0.3614,持有
2015-11-30,176.93,16.74,0.4237,40870.94,70012.35,110883.29,0.3686,持有
2015-12-01,176.51,16.70,0.4227,40773.68,70012.35,110786.03,0.3680,持有
2015-12-02,182.93,17.31,0.4478,42257.40,70012.35,112269.75,0.3764,持有
2015-12-03,181.79,17.20,0.4434,41994.22,70012.35,112006.57,0.3749,持有
2015-12-04,177.76,16.82,0.4300,41061.65,70012.35,111074.00,0.3697,持有
2015-12-07,177.10,16.76,0.4243,40909.08,70012.35,110921.43,0.3688,持有
2015-12-08,174.97,16.56,0.4137,40418.96,70012.35,110431.31,0.3660,持有
2015-12-09,177.06,16.75,0.4244,40901.45,70012.35,110913.80,0.3688,持有
2015-12-10,175.82,16.64,0.4172,40613.48,70012.35,110625.83,0.3671,持有
2015-12-11,174.54,16.51,0.4115,40317.88,70012.35,110330.23,0.3654,持有
2015-12-14,176.76,16.72,0.4235,40830.89,70012.35,110843.24,0.3684,持有
2015-12-15,177.10,16.76,0.4259,40909.08,70012.35,110921.43,0.3688,持有
2015-12-16,176.60,16.71,0.4229,40794.66,70012.35,110807.01,0.3682,持有
2015-12-17,178.21,16.86,0.4349,41166.54,70012.35,111178.89,0.3703,持有
2015-12-18,179.05,16.94,0.4387,41361.06,70012.35,111373.41,0.3714,持有
2015-12-21,187.43,17.73,0.4656,43296.76,70012.35,113309.12,0.3821,持有
2015-12-22,185.78,17.58,0.4612,42915.35,70012.35,112927.70,0.3800,持有
2015-12-23,184.10,17.42,0.4575,42528.21,70012.35,112540.56,0.3779,持有
2015-12-24,185.57,17.56,0.4613,42867.67,70012.35,112880.02,0.3798,持有
2015-12-25,185.34,17.54,0.4610,42814.27,70012.35,112826.62,0.3795,持有
2015-12-28,180.90,17.12,0.4423,41788.25,70012.35,111800.60,0.3738,持有
2015-12-29,181.49,17.17,0.4427,41923.66,70012.35,111936.01,0.3745,持有
2015-12-30,180.69,17.10,0.4411,41738.67,70012.35,111751.02,0.3735,持有
2015-12-31,180.13,17.04,0.4394,41610.89,70012.35,111623.24,0.3728,持有
2016-01-04,173.39,16.41,0.4032,40052.80,70012.35,110065.15,0.3639,持有
2016-01-05,175.70,16.62,0.4124,40586.78,70012.35,110599.13,0.3670,持有
2016-01-06,175.17,16.57,0.4101,40464.73,70012.35,110477.08,0.3663,持有
2016-01-07,166.96,15.80,0.3822,38567.17,70012.35,108579.52,0.3552,持有
2016-01-08,168.94,15.98,0.3900,39024.87,70012.35,109037.22,0.3579,持有
2016-01-11,165.00,15.61,0.3756,38115.19,70012.35,108127.54,0.3525,持有
2016-01-12,162.47,15.37,0.3666,37529.71,70012.35,107542.06,0.3490,持有
2016-01-13,164.93,15.61,0.3758,38099.93,70012.35,108112.28,0.3524,持有
2016-01-14,169.10,16.00,0.3917,39061.11,70012.35,109073.46,0.3581,持有
2016-01-15,164.29,15.55,0.3739,37951.18,70012.35,107963.53,0.3515,持有
2016-01-18,164.65,15.58,0.3750,38033.18,70012.35,108045.53,0.3520,持有
2016-01-19,173.57,16.42,0.4063,40094.75,70012.35,110107.10,0.3641,持有
2016-01-20,167.03,15.80,0.3839,38584.33,70012.35,108596.68,0.3553,持有
2016-01-21,165.33,15.64,0.3783,38191.47,70012.35,108203.82,0.3530,持有
2016-01-22,167.38,15.84,0.3867,38664.43,70012.35,108676.78,0.3558,持有
2016-01-25,167.40,15.84,0.3871,38670.15,70012.35,108682.50,0.3558,持有
2016-01-26,164.30,15.55,0.3728,37953.09,70012.35,107965.44,0.3515,持有
2016-01-27,165.06,15.62,0.3766,38128.54,70012.35,108140.89,0.3526,持有
2016-01-28,162.34,15.36,0.3630,37501.10,70012.35,107513.46,0.3488,持有
2016-01-29,165.65,15.67,0.3808,38265.85,70012.35,108278.20,0.3534,持有
2016-02-01,166.18,15.72,0.3825,38387.90,70012.35,108400.25,0.3541,持有
2016-02-02,168.87,15.98,0.3943,39009.62,70012.35,109021.97,0.3578,持有
2016-02-03,168.14,15.91,0.3927,38839.88,70012.35,108852.24,0.3568,持有
2016-02-04,169.24,16.01,0.3971,39093.53,70012.35,109105.88,0.3583,持有
2016-02-05,168.31,15.93,0.3935,38879.93,70012.35,108892.28,0.3570,持有
2016-02-15,165.45,15.66,0.3786,38220.08,70012.35,108232.43,0.3531,持有
2016-02-16,168.35,15.93,0.3943,38889.47,70012.35,108901.82,0.3571,持有
2016-02-17,167.02,15.80,0.3847,38580.52,70012.35,108592.87,0.3553,持有
2016-02-18,166.53,15.76,0.3825,38468.00,70012.35,108480.35,0.3546,持有
2016-02-19,167.68,15.87,0.3908,38734.99,70012.35,108747.35,0.3562,持有
2016-02-22,171.56,16.23,0.4072,39629.42,70012.35,109641.77,0.3614,持有
2016-02-23,175.36,16.59,0.4215,40508.59,70012.35,110520.94,0.3665,持有
2016-02-24,179.76,17.01,0.4497,41525.07,70012.35,111537.42,0.3723,持有
2016-02-25,175.36,16.59,0.4209,40508.59,70012.35,110520.94,0.3665,持有
2016-02-26,179.02,16.94,0.4478,41353.44,70012.35,111365.79,0.3713,持有
2016-02-29,177.43,16.79,0.4382,40985.37,70012.35,110997.72,0.3692,持有
2016-03-01,180.32,17.06,0.4531,41654.76,70012.35,111667.11,0.3730,持有
2016-03-02,185.11,17.52,0.4752,42760.87,70012.35,112773.22,0.3792,持有
2016-03-03,188.08,17.80,0.4842,43445.52,70012.35,113457.87,0.3829,持有
2016-03-04,197.13,18.65,0.5181,45537.60,70012.35,115549.95,0.3941,持有
2016-03-07,192.89,18.25,0.5046,44557.35,70012.35,114569.70,0.3889,持有
2016-03-08,189.23,17.91,0.4885,43712.51,70012.35,113724.86,0.3844,持有
2016-03-09,187.77,17.77,0.4816,43374.96,70012.35,113387.31,0.3825,持有
2016-03-10,188.28,17.82,0.4859,43493.20,70012.35,113505.55,0.3832,持有
2016-03-11,188.27,17.81,0.4849,43491.29,70012.35,113503.64,0.3832,持有
2016-03-14,185.40,17.54,0.4741,42827.62,70012.35,112839.97,0.3795,持有
2016-03-15,191.47,18.12,0.5026,44229.33,70012.35,114241.68,0.3872,持有
2016-03-16,188.74,17.86,0.4879,43598.09,70012.35,113610.44,0.3838,持有
2016-03-17,189.52,17.93,0.4921,43779.26,70012.35,113791.61,0.3847,持有
2016-03-18,186.58,17.65,0.4768,43100.33,70012.35,113112.68,0.3810,持有
2016-03-21,191.52,18.12,0.5039,44240.78,70012.35,114253.13,0.3872,持有
2016-03-22,193.59,18.32,0.5101,44719.46,70012.35,114731.81,0.3898,持有
2016-03-23,193.99,18.35,0.5105,44811.00,70012.35,114823.35,0.3903,持有
2016-03-24,200.34,19.66,0.5330,46277.55,70012.35,116289.90,0.3979,持有
2016-03-25,202.25,19.85,0.5352,46720.00,70012.35,116732.35,0.4002,持有
2016-03-28,206.05,20.22,0.5375,47597.26,70012.35,117609.61,0.4047,持有
2016-03-29,204.84,20.10,0.5365,47316.92,70012.35,117329.27,0.4033,持有
2016-03-30,205.29,20.15,0.5375,47421.81,70012.35,117434.16,0.4038,持有
2016-03-31,204.45,20.07,0.5358,47227.29,70012.35,117239.64,0.4028,持有
2016-04-01,202.34,19.86,0.5342,46740.98,70012.35,116753.33,0.4003,持有
2016-04-05,202.70,19.89,0.5345,46822.98,70012.35,116835.33,0.4008,持有
2016-04-06,212.35,20.84,0.5426,49052.38,70012.35,119064.73,0.4120,持有
2016-04-07,209.79,20.59,0.5422,48461.18,70012.35,118473.53,0.4090,持有
2016-04-08,206.28,20.25,0.5386,47650.66,70012.35,117663.01,0.4050,持有
2016-04-11,201.21,19.75,0.5311,46479.71,70012.35,116492.06,0.3990,持有
2016-04-12,202.20,19.85,0.5321,46708.56,70012.35,116720.91,0.4002,持有
2016-04-13,199.99,19.63,0.5285,46197.46,70012.35,116209.81,0.3975,持有
2016-04-14,200.42,19.67,0.5294,46296.62,70012.35,116308.97,0.3980,持有
2016-04-15,202.19,19.84,0.5323,46704.74,70012.35,116717.09,0.4002,持有
2016-04-18,201.18,19.75,0.5307,46472.08,70012.35,116484.43,0.3990,持有
2016-04-19,200.77,19.70,0.5297,46376.72,70012.35,116389.07,0.3985,持有
2016-04-20,196.85,19.32,0.5242,45472.76,70012.35,115485.11,0.3938,持有
2016-04-21,198.45,18.84,0.5194,45840.83,70012.35,115853.18,0.3957,持有
2016-04-22,204.25,19.39,0.5261,47181.52,70012.35,117193.87,0.4026,持有
2016-04-25,201.87,19.16,0.5232,46632.27,70012.35,116644.62,0.3998,持有
2016-04-26,201.33,19.11,0.5229,46506.40,70012.35,116518.76,0.3991,持有
2016-04-27,202.17,19.19,0.5238,46700.93,70012.35,116713.28,0.4001,持有
2016-04-28,203.46,19.32,0.5248,46998.43,70012.35,117010.79,0.4017,持有
2016-04-29,207.39,19.69,0.5315,47906.21,70012.35,117918.56,0.4063,持有
2016-05-03,214.65,20.38,0.5446,49584.45,70012.35,119596.81,0.4146,持有
2016-05-04,211.52,20.08,0.5398,48861.67,70012.35,118874.02,0.4110,持有
2016-05-05,212.81,20.20,0.5420,49159.17,70012.35,119171.52,0.4125,持有
2016-05-06,208.23,19.77,0.5333,48100.74,70012.35,118113.09,0.4072,持有
2016-05-09,207.07,19.66,0.5279,47833.74,70012.35,117846.09,0.4059,持有
2016-05-10,208.11,19.76,0.5333,48074.04,70012.35,118086.39,0.4071,持有
2016-05-11,212.07,20.13,0.5419,48987.53,70012.35,118999.88,0.4117,持有
2016-05-12,211.32,20.06,0.5390,48813.99,70012.35,118826.34,0.4108,持有
2016-05-13,207.19,19.67,0.5278,47860.44,70012.35,117872.79,0.4060,持有
2016-05-16,207.74,19.72,0.5307,47988.22,70012.35,118000.57,0.4067,持有
2016-05-17,206.42,19.60,0.5252,47683.08,70012.35,117695.43,0.4051,持有
2016-05-18,201.81,19.16,0.5185,46617.02,70012.35,116629.37,0.3997,持有
2016-05-19,202.90,19.26,0.5201,46870.66,70012.35,116883.01,0.4010,持有
2016-05-20,207.44,19.69,0.5306,47917.65,70012.35,117930.01,0.4063,持有
2016-05-23,209.86,19.92,0.5398,48478.34,70012.35,118490.69,0.4091,持有
2016-05-24,208.00,19.75,0.5331,48047.34,70012.35,118059.69,0.4070,持有
2016-05-25,207.93,19.74,0.5315,48032.08,70012.35,118044.43,0.4069,持有
2016-05-26,208.63,19.81,0.5356,48194.18,70012.35,118206.53,0.4077,持有
2016-05-27,208.41,19.79,0.5352,48142.69,70012.35,118155.04,0.4075,持有
2016-05-30,211.46,20.07,0.5431,48846.41,70012.35,118858.76,0.4110,持有
2016-05-31,218.34,20.73,0.5529,50436.93,70012.35,120449.28,0.4187,持有
2016-06-01,217.78,20.68,0.5526,50307.24,70012.35,120319.59,0.4181,持有
2016-06-02,221.04,20.98,0.5554,51060.55,70012.35,121072.90,0.4217,持有
2016-06-03,234.37,22.25,0.5639,54140.50,70012.35,124152.85,0.4361,持有
2016-06-06,227.90,21.64,0.5572,52645.34,70012.35,122657.69,0.4292,持有
2016-06-07,229.39,21.78,0.5575,52988.62,70012.35,123000.97,0.4308,持有
2016-06-08,226.44,21.50,0.5559,52307.79,70012.35,122320.14,0.4276,持有
2016-06-13,220.48,20.93,0.5530,50930.86,70012.35,120943.21,0.4211,持有
2016-06-14,225.18,21.38,0.5558,52016.00,70012.35,122028.35,0.4263,持有
2016-06-15,228.27,21.67,0.5580,52729.25,70012.35,122741.60,0.4296,持有
2016-06-16,226.23,21.48,0.5558,52258.20,70012.35,122270.55,0.4274,持有
2016-06-17,229.73,21.81,0.5592,53066.81,70012.35,123079.16,0.4312,持有
2016-06-20,227.95,21.64,0.5576,52656.78,70012.35,122669.13,0.4293,持有
2016-06-21,226.05,21.46,0.5547,52218.15,70012.35,122230.50,0.4272,持有
2016-06-22,229.88,21.82,0.5600,53101.14,70012.35,123113.49,0.4313,持有
2016-06-23,228.22,21.67,0.5578,52719.72,70012.35,122732.07,0.4296,持有
2016-06-24,226.02,21.46,0.5537,52210.52,70012.35,122222.87,0.4272,持有
2016-06-27,237.50,22.55,0.5696,54863.29,70012.35,124875.64,0.4393,持有
2016-06-28,237.94,22.59,0.5712,54964.37,70012.35,124976.72,0.4398,持有
2016-06-29,237.92,22.59,0.5708,54958.65,70012.35,124971.00,0.4398,持有
2016-06-30,241.00,22.88,0.5729,55671.90,70012.35,125684.25,0.4430,持有
2016-07-01,241.36,22.43,0.5682,55753.71,70012.35,125766.06,0.4433,持有
2016-07-04,247.88,23.04,0.5785,57259.73,70012.35,127272.08,0.4499,持有
2016-07-05,253.51,23.56,0.5919,58561.17,70012.35,128573.52,0.4555,持有
2016-07-06,267.52,24.86,0.6146,61797.25,70012.35,131809.61,0.4688,持有
2016-07-07,267.28,24.84,0.6142,61742.70,70012.35,131755.05,0.4686,持有
2016-07-08,261.38,24.29,0.6045,60378.91,70012.35,130391.26,0.4631,持有
2016-07-11,265.79,24.70,0.6097,61397.86,70012.35,131410.21,0.4672,持有
2016-07-12,273.88,25.45,0.6312,63266.25,70012.35,133278.60,0.4747,持有
2016-07-13,267.52,24.86,0.6146,61797.25,70012.35,131809.61,0.4688,持有
2016-07-14,267.44,24.85,0.6142,61777.77,70012.35,131790.12,0.4688,持有
2016-07-15,267.80,24.89,0.6157,61861.55,70012.35,131873.90,0.4691,持有
2016-07-18,266.69,24.78,0.6109,61606.32,70012.35,131618.67,0.4681,持有
2016-07-19,259.86,24.15,0.6006,60028.22,70012.35,130040.57,0.4616,持有
2016-07-20,260.24,24.18,0.6015,60115.90,70012.35,130128.25,0.4620,持有
2016-07-21,265.15,24.64,0.6055,61249.79,70012.35,131262.14,0.4666,持有
2016-07-22,259.70,24.13,0.5995,59991.21,70012.35,130003.56,0.4615,持有
2016-07-25,262.52,24.40,0.6041,60641.93,70012.35,130654.28,0.4641,持有
2016-07-26,269.08,25.01,0.6204,62157.69,70012.35,132170.04,0.4703,持有
2016-07-27,264.84,24.61,0.6046,61177.70,70012.35,131190.05,0.4663,持有
2016-07-28,266.56,24.77,0.6116,61575.15,70012.35,131587.50,0.4679,持有
2016-07-29,264.11,24.54,0.6038,61010.15,70012.35,131022.50,0.4656,持有
2016-08-01,258.89,24.06,0.5967,59804.17,70012.35,129816.52,0.4607,持有
2016-08-02,258.26,24.00,0.5944,59658.05,70012.35,129670.40,0.4601,持有
2016-08-03,258.77,24.05,0.5965,59776.90,70012.35,129789.25,0.4606,持有
2016-08-04,258.34,24.01,0.5956,59675.59,70012.35,129687.94,0.4601,持有
2016-08-05,258.02,23.98,0.5933,59603.50,70012.35,129615.85,0.4598,持有
2016-08-08,259.85,24.15,0.5991,60026.28,70012.35,130038.63,0.4616,持有
2016-08-09,266.31,24.75,0.6129,61516.70,70012.35,131529.05,0.4677,持有
2016-08-10,264.67,24.60,0.6052,61138.74,70012.35,131151.09,0.4662,持有
2016-08-11,267.17,24.83,0.6159,61715.43,70012.35,131727.78,0.4685,持有
2016-08-12,267.34,24.84,0.6173,61754.39,70012.35,131766.74,0.4687,持有
2016-08-15,268.86,24.99,0.6231,62107.03,70012.35,132119.38,0.4701,持有
2016-08-16,261.05,24.26,0.6000,60302.93,70012.35,130315.28,0.4627,持有
2016-08-17,259.90,24.15,0.5978,60037.96,70012.35,130050.32,0.4617,持有
2016-08-18,258.45,24.02,0.5931,59700.91,70012.35,129713.26,0.4603,持有
2016-08-19,258.49,24.02,0.5934,59710.65,70012.35,129723.01,0.4603,持有
2016-08-22,259.20,24.09,0.5955,59874.31,70012.35,129886.66,0.4610,持有
2016-08-23,258.83,24.05,0.5945,59788.59,70012.35,129800.94,0.4606,持有
2016-08-24,257.48,23.93,0.5880,59476.86,70012.35,129489.21,0.4593,持有
2016-08-25,255.56,23.75,0.5822,59034.60,70012.35,129046.96,0.4575,持有
2016-08-26,254.25,23.63,0.5794,58730.67,70012.35,128743.02,0.4562,持有
2016-08-29,259.37,23.53,0.5772,59915.22,70012.35,129927.57,0.4611,持有
2016-08-30,257.96,23.40,0.5726,59589.86,70012.35,129602.21,0.4598,持有
2016-08-31,261.62,23.73,0.5820,60433.46,70012.35,130445.81,0.4633,持有
2016-09-01,260.37,23.62,0.5792,60145.12,70012.35,130157.47,0.4621,持有
2016-09-02,257.90,23.40,0.5715,59574.28,70012.35,129586.63,0.4597,持有
2016-09-05,260.19,23.61,0.5791,60104.21,70012.35,130116.56,0.4619,持有
2016-09-06,261.41,23.72,0.5818,60384.76,70012.35,130397.11,0.4631,持有
2016-09-07,258.59,23.46,0.5735,59734.03,70012.35,129746.38,0.4604,持有
2016-09-08,257.93,23.40,0.5707,59582.07,70012.35,129594.42,0.4598,持有
2016-09-09,256.93,23.31,0.5674,59350.22,70012.35,129362.58,0.4588,持有
2016-09-12,251.39,22.81,0.5543,58070.21,70012.35,128082.56,0.4534,持有
2016-09-13,253.39,22.99,0.5600,58531.95,70012.35,128544.30,0.4553,持有
2016-09-14,252.66,22.92,0.5566,58364.40,70012.35,128376.75,0.4546,持有
2016-09-19,253.13,22.96,0.5587,58473.50,70012.35,128485.85,0.4551,持有
2016-09-20,248.77,22.57,0.5517,57466.25,70012.35,127478.60,0.4508,持有
2016-09-21,248.00,22.50,0.5496,57288.95,70012.35,127301.30,0.4500,持有
2016-09-22,250.48,22.72,0.5535,57859.80,70012.35,127872.15,0.4525,持有
2016-09-23,251.07,22.78,0.5537,57996.18,70012.35,128008.53,0.4531,持有
2016-09-26,243.52,22.09,0.5425,56252.47,70012.35,126264.82,0.4455,持有
2016-09-27,245.58,22.28,0.5470,56727.85,70012.35,126740.20,0.4476,持有
2016-09-28,243.25,22.07,0.5419,56190.13,70012.35,126202.48,0.4452,持有
2016-09-29,245.41,22.26,0.5470,56690.83,70012.35,126703.18,0.4474,持有
2016-09-30,251.26,22.79,0.5551,58040.99,70012.35,128053.34,0.4533,持有
2016-10-10,255.52,23.18,0.5680,59024.86,70012.35,129037.21,0.4574,持有
2016-10-11,260.55,23.64,0.5845,60186.03,70012.35,130198.38,0.4623,持有
2016-10-12,257.93,23.40,0.5739,59582.07,70012.35,129594.42,0.4598,持有
2016-10-13,256.30,23.25,0.5694,59206.05,70012.35,129218.40,0.4582,持有
2016-10-14,257.75,23.38,0.5732,59539.21,70012.35,129551.56,0.4596,持有
2016-10-17,255.09,23.14,0.5657,58925.50,70012.35,128937.85,0.4570,持有
2016-10-18,259.06,23.50,0.5785,59843.14,70012.35,129855.49,0.4608,持有
2016-10-19,258.46,23.45,0.5776,59704.81,70012.35,129717.16,0.4603,持有
2016-10-20,257.64,23.37,0.5725,59515.83,70012.35,129528.18,0.4595,持有
2016-10-21,256.56,23.28,0.5685,59264.50,70012.35,129276.85,0.4584,持有
2016-10-24,258.87,23.48,0.5789,59798.33,70012.35,129810.68,0.4607,持有
2016-10-25,263.94,23.94,0.5971,60969.24,70012.35,130981.59,0.4655,持有
2016-10-26,264.56,24.00,0.5992,61113.41,70012.35,131125.76,0.4661,持有
2016-10-27,267.25,24.25,0.6101,61734.91,70012.35,131747.26,0.4686,持有
2016-10-28,267.40,24.26,0.6104,61769.98,70012.35,131782.33,0.4687,持有
2016-10-31,268.16,24.14,0.6058,61945.32,70012.35,131957.67,0.4694,持有
2016-11-01,267.09,24.05,0.6019,61697.89,70012.35,131710.24,0.4684,持有
2016-11-02,265.83,23.93,0.5950,61405.65,70012.35,131418.00,0.4673,持有
2016-11-03,266.40,23.98,0.5970,61538.13,70012.35,131550.49,0.4678,持有
2016-11-04,265.52,23.90,0.5937,61335.51,70012.35,131347.86,0.4670,持有
2016-11-07,265.95,23.94,0.5951,61434.88,70012.35,131447.23,0.4674,持有
2016-11-08,269.89,24.30,0.6138,62344.72,70012.35,132357.07,0.4710,持有
2016-11-09,267.20,24.06,0.6039,61723.22,70012.35,131735.57,0.4685,持有
2016-11-10,269.16,24.23,0.6107,62175.22,70012.35,132187.57,0.4704,持有
2016-11-11,265.74,23.92,0.5925,61386.17,70012.35,131398.52,0.4672,持有
2016-11-14,262.29,23.61,0.5803,60589.33,70012.35,130601.68,0.4639,持有
2016-11-15,264.84,23.84,0.5895,61177.70,70012.35,131190.05,0.4663,持有
2016-11-16,264.11,23.78,0.5873,61010.15,70012.35,131022.50,0.4656,持有
2016-11-17,262.33,23.62,0.5799,60599.07,70012.35,130611.42,0.4640,持有
2016-11-18,261.46,23.54,0.5766,60396.45,70012.35,130408.80,0.4631,持有
2016-11-21,261.03,23.50,0.5727,60299.03,70012.35,130311.38,0.4627,持有
2016-11-22,260.50,23.45,0.5712,60176.29,70012.35,130188.64,0.4622,持有
2016-11-23,263.94,23.76,0.5868,60971.19,70012.35,130983.54,0.4655,持有
2016-11-24,267.30,24.06,0.6065,61746.60,70012.35,131758.95,0.4686,持有
2016-11-25,267.27,24.06,0.6061,61738.81,70012.35,131751.16,0.4686,持有
2016-11-28,269.47,24.26,0.6152,62247.31,70012.35,132259.66,0.4706,持有
2016-11-29,273.23,24.60,0.6201,63116.24,70012.35,133128.59,0.4741,持有
2016-11-30,269.11,24.23,0.6121,62165.48,70012.35,132177.83,0.4703,持有
2016-12-01,270.75,24.38,0.6176,62543.44,70012.35,132555.79,0.4718,持有
2016-12-02,271.38,24.43,0.6190,62689.56,70012.35,132701.91,0.4724,持有
2016-12-05,266.46,23.99,0.5964,61551.77,70012.35,131564.12,0.4678,持有
2016-12-06,275.31,24.79,0.6301,63595.51,70012.35,133607.86,0.4760,持有
2016-12-07,276.17,24.86,0.6356,63796.18,70012.35,133808.53,0.4768,持有
2016-12-08,284.83,25.64,0.6581,65795.11,70012.35,135807.46,0.4845,持有
2016-12-09,284.87,25.65,0.6583,65804.85,70012.35,135817.20,0.4845,持有
2016-12-12,275.68,24.82,0.6303,63681.23,70012.35,133693.58,0.4763,持有
2016-12-13,280.86,25.29,0.6499,64879.42,70012.35,134891.77,0.4810,持有
2016-12-14,280.24,25.23,0.6483,64735.25,70012.35,134747.60,0.4804,持有
2016-12-15,276.68,24.91,0.6363,63913.08,70012.35,133925.43,0.4772,持有
2016-12-16,276.28,24.87,0.6341,63821.51,70012.35,133833.86,0.4769,持有
2016-12-19,274.92,24.75,0.6256,63505.89,70012.35,133518.24,0.4756,持有
2016-12-20,275.36,24.79,0.6276,63607.20,70012.35,133619.55,0.4760,持有
2016-12-21,277.19,24.96,0.6389,64031.92,70012.35,134044.27,0.4777,持有
2016-12-22,274.28,24.69,0.6210,63357.82,70012.35,133370.17,0.4751,持有
2016-12-23,269.92,24.30,0.6119,62350.56,70012.35,132362.91,0.4711,持有
2016-12-26,273.67,24.64,0.6174,63217.55,70012.35,133229.90,0.4745,持有
2016-12-27,275.09,24.77,0.6257,63544.86,70012.35,133557.21,0.4758,持有
2016-12-28,273.03,24.58,0.6149,63069.48,70012.35,133081.83,0.4739,持有
2016-12-29,276.06,24.85,0.6331,63768.91,70012.35,133781.26,0.4767,持有
2016-12-30,281.82,25.37,0.6537,65101.52,70012.35,135113.88,0.4818,持有
2017-01-03,282.17,25.40,0.6545,65181.40,70012.35,135193.75,0.4821,持有
2017-01-04,296.80,26.72,0.6843,68561.66,70012.35,138574.01,0.4948,持有
2017-01-05,292.44,26.33,0.6752,67554.40,70012.35,137566.75,0.4911,持有
2017-01-06,295.83,26.63,0.6823,68337.61,70012.35,138349.96,0.4939,持有
2017-01-09,293.94,26.46,0.6779,67899.24,70012.35,137911.59,0.4923,持有
2017-01-10,294.35,26.50,0.6781,67994.71,70012.35,138007.06,0.4927,持有
2017-01-11,291.36,26.23,0.6701,67303.07,70012.35,137315.42,0.4901,持有
2017-01-12,292.70,26.35,0.6750,67614.80,70012.35,137627.15,0.4913,持有
2017-01-13,290.87,26.19,0.6688,67190.07,70012.35,137202.42,0.4897,持有
2017-01-16,288.00,25.93,0.6626,66527.66,70012.35,136540.01,0.4872,持有
2017-01-17,294.46,26.51,0.6790,68020.04,70012.35,138032.39,0.4928,持有
2017-01-18,299.48,26.96,0.6924,69179.26,70012.35,139191.61,0.4970,持有
2017-01-19,299.17,26.93,0.6909,69109.12,70012.35,139121.47,0.4968,持有
2017-01-20,299.40,26.95,0.6922,69161.72,70012.35,139174.08,0.4969,持有
2017-01-23,296.22,26.67,0.6838,68427.23,70012.35,138439.58,0.4943,持有
2017-01-24,295.45,26.60,0.6811,68249.93,70012.35,138262.28,0.4936,持有
2017-01-25,293.19,26.40,0.6738,67727.80,70012.35,137740.15,0.4917,持有
2017-01-26,290.49,26.15,0.6659,67102.40,70012.35,137114.75,0.4894,持有
2017-02-03,292.54,26.34,0.6718,67575.83,70012.35,137588.18,0.4911,持有
2017-02-06,292.54,26.34,0.6715,67575.83,70012.35,137588.18,0.4911,持有
2017-02-07,289.78,26.09,0.6648,66938.75,70012.35,136951.10,0.4888,持有
2017-02-08,290.31,26.14,0.6649,67061.49,70012.35,137073.84,0.4892,持有
2017-02-09,293.18,26.39,0.6743,67723.90,70012.35,137736.25,0.4917,持有
2017-02-10,291.04,26.20,0.6659,67230.99,70012.35,137243.34,0.4899,持有
2017-02-13,294.98,26.56,0.6810,68140.83,70012.35,138153.18,0.4932,持有
2017-02-14,295.37,26.59,0.6817,68230.45,70012.35,138242.80,0.4936,持有
2017-02-15,293.95,26.46,0.6768,67903.14,70012.35,137915.49,0.4924,持有
2017-02-16,293.58,26.43,0.6752,67817.42,70012.35,137829.77,0.4920,持有
2017-02-17,295.67,26.62,0.6840,68298.64,70012.35,138310.99,0.4938,持有
2017-02-20,304.71,27.43,0.7047,70389.14,70012.35,140401.49,0.5013,持有
2017-02-21,302.56,27.24,0.7009,69892.33,70012.35,139904.68,0.4996,持有
2017-02-22,305.22,27.48,0.7056,70506.03,70012.35,140518.38,0.5018,持有
2017-02-23,305.06,27.46,0.7047,70469.02,70012.35,140481.37,0.5016,持有
2017-02-24,305.84,27.53,0.7077,70648.26,70012.35,140660.61,0.5023,持有
2017-02-27,301.27,27.12,0.6976,69592.29,70012.35,139604.64,0.4985,持有
2017-02-28,299.12,26.93,0.6904,69097.43,70012.35,139109.78,0.4967,持有
2017-03-01,300.77,27.08,0.6951,69477.34,70012.35,139489.70,0.4981,持有
2017-03-02,300.94,27.09,0.6958,69518.26,70012.35,139530.61,0.4982,持有
2017-03-03,300.71,27.07,0.6943,69463.71,70012.35,139476.06,0.4980,持有
2017-03-06,302.75,27.26,0.7007,69935.19,70012.35,139947.54,0.4997,持有
2017-03-07,309.70,27.88,0.7208,71540.57,70012.35,141552.92,0.5054,持有
2017-03-08,309.77,27.89,0.7209,71556.15,70012.35,141568.50,0.5055,持有
2017-03-09,311.98,28.09,0.7285,72066.60,70012.35,142078.95,0.5072,持有
2017-03-10,311.93,28.08,0.7280,72056.86,70012.35,142069.21,0.5072,持有
2017-03-13,313.37,28.21,0.7350,72388.06,70012.35,142400.41,0.5083,持有
2017-03-14,311.64,28.06,0.7272,71988.67,70012.35,142001.02,0.5070,持有
2017-03-15,316.01,28.45,0.7426,72997.87,70012.35,143010.22,0.5104,持有
2017-03-16,316.08,28.46,0.7434,73015.41,70012.35,143027.76,0.5105,持有
2017-03-17,319.21,28.74,0.7565,73738.22,70012.35,143750.57,0.5130,持有
2017-03-20,325.90,29.34,0.7736,75283.20,70012.35,145295.55,0.5181,持有
2017-03-21,332.31,29.92,0.7822,76763.88,70012.35,146776.23,0.5230,持有
2017-03-22,332.71,29.95,0.7829,76855.45,70012.35,146867.80,0.5233,持有
2017-03-23,328.75,29.60,0.7756,75941.71,70012.35,145954.06,0.5203,持有
2017-03-24,326.25,29.37,0.7724,75363.08,70012.35,145375.43,0.5184,持有
2017-03-27,319.50,28.76,0.7545,73804.46,70012.35,143816.81,0.5132,持有
2017-03-28,320.71,28.87,0.7575,74085.01,70012.35,144097.36,0.5141,持有
2017-03-29,323.57,29.13,0.7677,74745.47,70012.35,144757.82,0.5163,持有
2017-03-30,325.67,29.32,0.7718,75230.59,70012.35,145242.94,0.5180,持有
2017-03-31,325.86,29.34,0.7719,75273.46,70012.35,145285.81,0.5181,持有
2017-04-05,328.64,29.59,0.7760,75916.39,70012.35,145928.74,0.5202,持有
2017-04-06,330.54,29.76,0.7789,76354.75,70012.35,146367.10,0.5217,持有
2017-04-07,331.35,29.83,0.7796,76541.78,70012.35,146554.13,0.5223,持有
2017-04-10,328.25,29.55,0.7747,75826.76,70012.35,145839.12,0.5199,持有
2017-04-11,324.96,29.26,0.7681,75064.99,70012.35,145077.34,0.5174,持有
2017-04-12,329.12,29.63,0.7760,76027.44,70012.35,146039.79,0.5206,持有
2017-04-13,336.01,30.25,0.7885,77617.23,70012.35,147629.58,0.5258,持有
2017-04-14,333.53,30.03,0.7858,77044.44,70012.35,147056.79,0.5239,持有
2017-04-17,333.81,29.74,0.7775,77110.68,70012.35,147123.03,0.5241,持有
2017-04-18,341.29,30.40,0.7911,78836.85,70012.35,148849.20,0.5296,持有
2017-04-19,342.20,30.49,0.7929,79049.21,70012.35,149061.56,0.5303,持有
2017-04-20,350.28,31.21,0.8097,80913.70,70012.35,150926.05,0.5361,持有
2017-04-21,337.81,30.10,0.7853,78034.16,70012.35,148046.51,0.5271,持有
2017-04-24,336.14,29.95,0.7815,77648.40,70012.35,147660.75,0.5259,持有
2017-04-25,353.30,29.31,0.7655,81611.19,70012.35,151623.54,0.5382,持有
2017-04-26,352.51,29.25,0.7634,81430.00,70012.35,151442.35,0.5377,持有
2017-04-27,355.45,29.49,0.7696,82108.00,70012.35,152120.35,0.5398,持有
2017-04-28,348.73,28.93,0.7519,80557.17,70012.35,150569.52,0.5350,持有
2017-05-02,347.55,28.84,0.7476,80284.41,70012.35,150296.76,0.5342,持有
2017-05-03,352.22,29.22,0.7622,81361.81,70012.35,151374.16,0.5375,持有
2017-05-04,350.86,29.11,0.7590,81048.14,70012.35,151060.49,0.5365,持有
2017-05-05,351.02,29.12,0.7592,81085.15,70012.35,151097.50,0.5366,持有
2017-05-08,341.99,28.37,0.7260,78998.55,70012.35,149010.90,0.5302,持有
2017-05-09,344.75,28.60,0.7389,79637.59,70012.35,149649.94,0.5322,持有
2017-05-10,345.87,28.70,0.7418,79896.71,70012.35,149909.06,0.5330,持有
2017-05-11,347.62,28.84,0.7470,80300.00,70012.35,150312.35,0.5342,持有
2017-05-12,348.72,28.93,0.7510,80555.22,70012.35,150567.57,0.5350,持有
2017-05-15,353.85,29.36,0.7683,81739.77,70012.35,151752.12,0.5386,持有
2017-05-16,362.77,30.10,0.7872,83799.10,70012.35,153811.45,0.5448,持有
2017-05-17,359.80,29.85,0.7801,83113.30,70012.35,153125.65,0.5428,持有
2017-05-18,362.28,30.06,0.7863,83686.10,70012.35,153698.45,0.5445,持有
2017-05-19,371.79,30.85,0.8052,85883.75,70012.35,155896.10,0.5509,持有
2017-05-22,372.60,30.91,0.8064,86070.78,70012.35,156083.13,0.5514,持有
2017-05-23,383.08,31.78,0.8186,88490.54,70012.35,158502.89,0.5583,持有
2017-05-24,379.80,31.51,0.8171,87734.61,70012.35,157746.96,0.5562,持有
2017-05-25,380.04,31.53,0.8172,87789.16,70012.35,157801.51,0.5563,持有
2017-05-26,381.15,31.62,0.8173,88046.33,70012.35,158058.68,0.5570,持有
2017-05-31,373.58,30.99,0.8075,86296.78,70012.35,156309.13,0.5521,持有
2017-06-01,378.93,31.44,0.8153,87531.99,70012.35,157544.34,0.5556,持有
2017-06-02,377.26,31.30,0.8126,87148.18,70012.35,157160.53,0.5545,持有
2017-06-05,374.82,31.10,0.8072,86583.18,70012.35,156595.53,0.5529,持有
2017-06-06,378.54,31.41,0.8139,87442.37,70012.35,157454.72,0.5553,持有
2017-06-07,387.44,32.14,0.8234,89497.79,70012.35,159510.14,0.5611,持有
2017-06-08,391.60,32.49,0.8300,90460.24,70012.35,160472.59,0.5637,持有
2017-06-09,392.81,32.59,0.8323,90738.84,70012.35,160751.19,0.5645,持有
2017-06-12,398.83,33.09,0.8461,92129.91,70012.35,162142.26,0.5682,持有
2017-06-13,398.97,33.10,0.8462,92161.08,70012.35,162173.43,0.5683,持有
2017-06-14,400.10,33.20,0.8496,92424.10,70012.35,162436.45,0.5690,持有
2017-06-15,391.59,32.49,0.8278,90458.29,70012.35,160470.64,0.5637,持有
2017-06-16,390.19,32.37,0.8240,90132.93,70012.35,160145.28,0.5628,持有
2017-06-19,396.55,32.90,0.8411,91601.93,70012.35,161614.28,0.5668,持有
2017-06-20,393.28,32.63,0.8308,90847.95,70012.35,160860.30,0.5648,持有
2017-06-21,398.69,33.08,0.8451,92096.79,70012.35,162109.14,0.5681,持有
2017-06-22,398.72,33.08,0.8451,92104.58,70012.35,162116.93,0.5681,持有
2017-06-23,398.70,33.08,0.8447,92100.68,70012.35,162113.04,0.5681,持有
2017-06-26,408.78,33.92,0.8687,94428.87,70012.35,164441.22,0.5742,持有
2017-06-27,408.29,33.87,0.8677,94315.87,70012.35,164328.22,0.5739,持有
2017-06-28,400.87,33.26,0.8504,92601.39,70012.35,162613.74,0.5695,持有
2017-06-29,398.94,33.10,0.8445,92155.24,70012.35,162167.59,0.5683,持有
2017-06-30,397.96,33.02,0.8402,91929.24,70012.35,161941.59,0.5677,持有
2017-07-03,388.28,32.21,0.8164,89692.62,70012.35,159704.97,0.5616,持有
2017-07-04,381.15,31.62,0.8089,88046.33,70012.35,158058.68,0.5570,持有
2017-07-05,388.08,32.20,0.8155,89645.86,70012.35,159658.21,0.5615,持有
2017-07-06,384.58,31.91,0.8107,88837.33,70012.35,158849.68,0.5593,持有
2017-07-07,381.82,31.21,0.7995,88200.50,70012.35,158212.85,0.5575,持有
2017-07-10,389.10,31.80,0.8104,89881.56,70012.35,159893.91,0.5621,持有
2017-07-11,396.51,32.41,0.8230,91594.27,70012.35,161606.62,0.5668,持有
2017-07-12,391.67,32.01,0.8117,90474.88,70012.35,160487.23,0.5638,持有
2017-07-13,390.54,31.92,0.8102,90215.80,70012.35,160228.15,0.5630,持有
2017-07-14,390.76,31.94,0.8103,90265.24,70012.35,160277.59,0.5632,持有
2017-07-17,385.33,31.49,0.8044,89011.36,70012.35,159023.71,0.5597,持有
2017-07-18,387.45,31.67,0.8067,89501.84,70012.35,159514.19,0.5611,持有
2017-07-19,391.14,31.97,0.8106,90354.24,70012.35,160366.59,0.5634,持有
2017-07-20,399.37,32.64,0.8296,92254.83,70012.35,162267.18,0.5685,持有
2017-07-21,405.13,33.11,0.8464,93585.84,70012.35,163598.19,0.5720,持有
2017-07-24,409.07,33.43,0.8567,94495.59,70012.35,164507.94,0.5744,持有
2017-07-25,409.21,33.45,0.8573,94527.23,70012.35,164539.58,0.5745,持有
2017-07-26,403.79,33.00,0.8396,93275.33,70012.35,163287.68,0.5712,持有
2017-07-27,405.71,33.16,0.8472,93718.34,70012.35,163730.69,0.5724,持有
2017-07-28,414.31,31.72,0.8043,95705.96,70012.35,165718.31,0.5775,持有
2017-07-31,412.00,31.54,0.8017,95171.97,70012.35,165184.32,0.5762,持有
2017-08-01,411.16,31.48,0.7991,94978.15,70012.35,164990.50,0.5757,持有
2017-08-02,413.39,31.65,0.8030,95492.36,70012.35,165504.71,0.5770,持有
2017-08-03,408.58,31.28,0.7945,94380.88,70012.35,164393.23,0.5741,持有
2017-08-04,405.51,31.04,0.7877,93672.86,70012.35,163685.21,0.5723,持有
2017-08-07,412.29,31.56,0.8017,95239.21,70012.35,165251.56,0.5763,持有
2017-08-08,413.16,31.63,0.8029,95440.94,70012.35,165453.29,0.5768,持有
2017-08-09,420.24,32.17,0.8137,97076.52,70012.35,167088.87,0.5810,持有
2017-08-10,420.91,32.22,0.8154,97230.78,70012.35,167243.13,0.5814,持有
2017-08-11,414.43,31.73,0.8043,95733.64,70012.35,165745.99,0.5776,持有
2017-08-14,427.93,32.76,0.8316,98852.51,70012.35,168864.86,0.5854,持有
2017-08-15,424.63,32.51,0.8232,98089.11,70012.35,168101.46,0.5835,持有
2017-08-16,425.07,32.54,0.8254,98191.95,70012.35,168204.30,0.5838,持有
2017-08-17,421.82,32.29,0.8159,97440.42,70012.35,167452.77,0.5819,持有
2017-08-18,419.22,32.09,0.8107,96839.19,70012.35,166851.54,0.5804,持有
2017-08-21,419.29,32.10,0.8108,96855.01,70012.35,166867.36,0.5804,持有
2017-08-22,417.14,31.93,0.8045,96358.60,70012.35,166370.95,0.5792,持有
2017-08-23,422.95,32.38,0.8179,97701.48,70012.35,167713.83,0.5825,持有
2017-08-24,421.92,32.30,0.8159,97464.15,70012.35,167476.50,0.5820,持有
2017-08-25,422.08,32.31,0.8160,97499.75,70012.35,167512.10,0.5820,持有
2017-08-28,421.26,32.25,0.8134,97311.87,70012.35,167324.22,0.5816,持有
2017-08-29,419.04,32.08,0.8082,96797.66,70012.35,166810.01,0.5803,持有
2017-08-30,422.06,32.31,0.8157,97495.79,70012.35,167508.15,0.5820,持有
2017-08-31,420.50,32.19,0.8100,97135.85,70012.35,167148.20,0.5811,持有
2017-09-01,423.95,32.45,0.8223,97932.87,70012.35,167945.22,0.5831,持有
2017-09-04,421.59,32.27,0.8134,97387.02,70012.35,167399.37,0.5818,持有
2017-09-05,419.51,32.11,0.8076,96906.43,70012.35,166918.78,0.5806,持有
2017-09-06,415.22,31.79,0.7982,95915.59,70012.35,165927.94,0.5781,持有
2017-09-07,412.04,31.54,0.7920,95181.86,70012.35,165194.21,0.5762,持有
2017-09-08,406.14,31.09,0.7783,93817.23,70012.35,163829.58,0.5727,持有
2017-09-11,409.52,31.35,0.7858,94598.43,70012.35,164610.78,0.5747,持有
2017-09-12,415.16,31.78,0.7976,95901.75,70012.35,165914.10,0.5780,持有
2017-09-13,420.91,32.22,0.8114,97230.78,70012.35,167243.13,0.5814,持有
2017-09-14,420.12,32.16,0.8083,97048.83,70012.35,167061.18,0.5809,持有
2017-09-15,419.38,32.10,0.8069,96876.77,70012.35,166889.12,0.5805,持有
2017-09-18,427.20,32.70,0.8333,98682.43,70012.35,168694.78,0.5850,持有
2017-09-19,425.47,32.57,0.8271,98282.93,70012.35,168295.28,0.5840,持有
2017-09-20,424.83,32.52,0.8256,98134.60,70012.35,168146.95,0.5836,持有
2017-09-21,427.03,32.69,0.8331,98642.87,70012.35,168655.22,0.5849,持有
2017-09-22,428.02,32.77,0.8347,98872.29,70012.35,168884.64,0.5854,持有
2017-09-25,434.28,33.25,0.8538,100318.00,70012.35,170330.36,0.5890,持有
2017-09-26,436.03,33.38,0.8570,100723.44,70012.35,170735.79,0.5899,持有
2017-09-27,435.11,33.31,0.8555,100509.84,70012.35,170522.19,0.5894,持有
2017-09-28,443.88,33.98,0.8745,102537.01,70012.35,172549.36,0.5942,持有
2017-09-29,443.18,33.93,0.8740,102374.84,70012.35,172387.19,0.5939,持有
2017-10-09,451.85,34.59,0.8924,104378.27,70012.35,174390.62,0.5985,持有
2017-10-10,462.38,35.40,0.9187,106808.89,70012.35,176821.24,0.6041,卖出(降至10%)
2017-10-11,467.07,35.76,0.9319,18215.65,158461.96,176677.61,0.1031,持有
2017-10-12,465.83,35.66,0.9282,18167.23,158461.96,176629.19,0.1029,持有
2017-10-13,476.15,36.45,0.9524,18569.92,158461.96,177031.88,0.1049,卖出(降至0%)
2017-10-16,480.04,36.75,0.9608,0.00,177159.16,177159.16,0.0000,持有
2017-10-17,476.65,36.49,0.9519,0.00,177159.16,177159.16,0.0000,持有
2017-10-18,480.06,36.75,0.9613,0.00,177159.16,177159.16,0.0000,持有
2017-10-19,498.80,38.18,0.9828,0.00,177159.16,177159.16,0.0000,持有
2017-10-20,491.72,37.64,0.9770,0.00,177159.16,177159.16,0.0000,持有
2017-10-23,490.93,37.58,0.9765,0.00,177159.16,177159.16,0.0000,持有
2017-10-24,485.72,37.18,0.9687,0.00,177159.16,177159.16,0.0000,持有
2017-10-25,484.30,37.07,0.9661,0.00,177159.16,177159.16,0.0000,持有
2017-10-26,518.05,31.36,0.7749,0.00,177159.16,177159.16,0.0000,持有
2017-10-27,556.19,33.67,0.8583,0.00,177159.16,177159.16,0.0000,持有
2017-10-30,532.60,32.24,0.8027,0.00,177159.16,177159.16,0.0000,持有
2017-10-31,529.13,32.03,0.7924,0.00,177159.16,177159.16,0.0000,持有
2017-11-01,533.39,32.29,0.8050,0.00,177159.16,177159.16,0.0000,持有
2017-11-02,536.74,32.49,0.8144,0.00,177159.16,177159.16,0.0000,持有
2017-11-03,547.23,33.13,0.8405,0.00,177159.16,177159.16,0.0000,持有
2017-11-06,559.12,33.85,0.8650,0.00,177159.16,177159.16,0.0000,持有
2017-11-07,549.71,33.28,0.8469,0.00,177159.16,177159.16,0.0000,持有
2017-11-08,556.83,33.71,0.8584,0.00,177159.16,177159.16,0.0000,持有
2017-11-09,556.56,33.69,0.8580,0.00,177159.16,177159.16,0.0000,持有
2017-11-10,580.43,35.14,0.9036,0.00,177159.16,177159.16,0.0000,持有
2017-11-13,588.93,35.65,0.9239,0.00,177159.16,177159.16,0.0000,持有
2017-11-14,581.12,35.18,0.9042,0.00,177159.16,177159.16,0.0000,持有
2017-11-15,589.10,35.66,0.9245,0.00,177159.16,177159.16,0.0000,持有
2017-11-16,615.67,37.27,0.9716,0.00,177159.16,177159.16,0.0000,持有
2017-11-17,590.96,35.78,0.9276,0.00,177159.16,177159.16,0.0000,持有
2017-11-20,581.46,35.20,0.9044,0.00,177159.16,177159.16,0.0000,持有
2017-11-21,579.83,35.10,0.8993,0.00,177159.16,177159.16,0.0000,持有
2017-11-22,556.95,33.72,0.8555,0.00,177159.16,177159.16,0.0000,持有
2017-11-23,542.57,32.85,0.8247,0.00,177159.16,177159.16,0.0000,持有
2017-11-24,539.41,32.66,0.8149,0.00,177159.16,177159.16,0.0000,持有
2017-11-27,531.92,32.20,0.7924,0.00,177159.16,177159.16,0.0000,持有
2017-11-28,554.99,33.60,0.8517,0.00,177159.16,177159.16,0.0000,持有
2017-11-29,546.33,33.07,0.8302,0.00,177159.16,177159.16,0.0000,持有
2017-11-30,540.24,32.71,0.8184,0.00,177159.16,177159.16,0.0000,持有
2017-12-01,532.83,32.26,0.7954,0.00,177159.16,177159.16,0.0000,持有
2017-12-04,546.05,33.06,0.8294,0.00,177159.16,177159.16,0.0000,持有
2017-12-05,541.91,32.81,0.8213,0.00,177159.16,177159.16,0.0000,持有
2017-12-06,535.11,32.39,0.8008,0.00,177159.16,177159.16,0.0000,持有
2017-12-07,527.98,31.96,0.7789,0.00,177159.16,177159.16,0.0000,持有
2017-12-08,537.05,32.51,0.8072,0.00,177159.16,177159.16,0.0000,持有
2017-12-11,557.35,33.74,0.8585,0.00,177159.16,177159.16,0.0000,持有
2017-12-12,557.63,33.76,0.8591,0.00,177159.16,177159.16,0.0000,持有
2017-12-13,572.09,34.63,0.8863,0.00,177159.16,177159.16,0.0000,持有
2017-12-14,568.96,34.44,0.8808,0.00,177159.16,177159.16,0.0000,持有
2017-12-15,559.75,33.89,0.8629,0.00,177159.16,177159.16,0.0000,持有
2017-12-18,570.00,34.51,0.8829,0.00,177159.16,177159.16,0.0000,持有
2017-12-19,571.13,34.58,0.8840,0.00,177159.16,177159.16,0.0000,持有
2017-12-20,586.39,35.50,0.9183,0.00,177159.16,177159.16,0.0000,持有
2017-12-21,583.68,35.33,0.9102,0.00,177159.16,177159.16,0.0000,持有
2017-12-22,584.69,35.40,0.9128,0.00,177159.16,177159.16,0.0000,持有
2017-12-25,589.14,35.67,0.9245,0.00,177159.16,177159.16,0.0000,持有
2017-12-26,582.88,35.29,0.9062,0.00,177159.16,177159.16,0.0000,持有
2017-12-27,568.64,34.42,0.8772,0.00,177159.16,177159.16,0.0000,持有
2017-12-28,615.31,37.25,0.9705,0.00,177159.16,177159.16,0.0000,持有
2017-12-29,597.16,36.15,0.9394,0.00,177159.16,177159.16,0.0000,持有
2018-01-02,602.61,36.48,0.9486,0.00,177159.16,177159.16,0.0000,持有
2018-01-03,612.89,37.10,0.9664,0.00,177159.16,177159.16,0.0000,持有
2018-01-04,631.05,38.20,0.9832,0.00,177159.16,177159.16,0.0000,持有
2018-01-05,632.15,38.27,0.9832,0.00,177159.16,177159.16,0.0000,持有
2018-01-08,643.94,38.98,0.9878,0.00,177159.16,177159.16,0.0000,持有
2018-01-09,669.96,40.56,0.9959,0.00,177159.16,177159.16,0.0000,持有
2018-01-10,672.69,40.72,0.9965,0.00,177159.16,177159.16,0.0000,持有
2018-01-11,663.36,40.16,0.9944,0.00,177159.16,177159.16,0.0000,持有
2018-01-12,675.01,40.86,0.9970,0.00,177159.16,177159.16,0.0000,持有
2018-01-15,672.40,40.71,0.9954,0.00,177159.16,177159.16,0.0000,持有
2018-01-16,661.76,40.06,0.9919,0.00,177159.16,177159.16,0.0000,持有
2018-01-17,640.35,38.77,0.9833,0.00,177159.16,177159.16,0.0000,持有
2018-01-18,642.75,38.91,0.9833,0.00,177159.16,177159.16,0.0000,持有
2018-01-19,642.27,38.88,0.9828,0.00,177159.16,177159.16,0.0000,持有
2018-01-22,662.36,40.10,0.9919,0.00,177159.16,177159.16,0.0000,持有
2018-01-23,662.48,40.11,0.9919,0.00,177159.16,177159.16,0.0000,持有
2018-01-24,654.50,39.62,0.9874,0.00,177159.16,177159.16,0.0000,持有
2018-01-25,658.52,39.87,0.9904,0.00,177159.16,177159.16,0.0000,持有
2018-01-26,665.42,40.28,0.9934,0.00,177159.16,177159.16,0.0000,持有
2018-01-29,630.41,38.16,0.9743,0.00,177159.16,177159.16,0.0000,持有
2018-01-30,635.34,38.46,0.9789,0.00,177159.16,177159.16,0.0000,持有
2018-01-31,654.57,39.63,0.9864,0.00,177159.16,177159.16,0.0000,持有
2018-02-01,648.74,39.27,0.9829,0.00,177159.16,177159.16,0.0000,持有
2018-02-02,633.90,38.38,0.9754,0.00,177159.16,177159.16,0.0000,持有
2018-02-05,614.92,37.23,0.9588,0.00,177159.16,177159.16,0.0000,持有
2018-02-06,606.90,36.74,0.9453,0.00,177159.16,177159.16,0.0000,持有
2018-02-07,585.12,35.42,0.9006,0.00,177159.16,177159.16,0.0000,持有
2018-02-08,600.16,36.33,0.9318,0.00,177159.16,177159.16,0.0000,持有
2018-02-09,585.12,35.42,0.8997,0.00,177159.16,177159.16,0.0000,持有
2018-02-12,597.15,36.15,0.9263,0.00,177159.16,177159.16,0.0000,持有
2018-02-13,609.57,36.90,0.9514,0.00,177159.16,177159.16,0.0000,持有
2018-02-14,615.11,37.24,0.9589,0.00,177159.16,177159.16,0.0000,持有
2018-02-22,635.65,38.48,0.9780,0.00,177159.16,177159.16,0.0000,持有
2018-02-23,635.68,38.48,0.9780,0.00,177159.16,177159.16,0.0000,持有
2018-02-26,636.56,38.54,0.9780,0.00,177159.16,177159.16,0.0000,持有
2018-02-27,631.83,38.25,0.9720,0.00,177159.16,177159.16,0.0000,持有
2018-02-28,621.24,37.61,0.9645,0.00,177159.16,177159.16,0.0000,持有
2018-03-01,635.24,38.46,0.9760,0.00,177159.16,177159.16,0.0000,持有
2018-03-02,630.48,38.17,0.9701,0.00,177159.16,177159.16,0.0000,持有
2018-03-05,616.53,37.32,0.9591,0.00,177159.16,177159.16,0.0000,持有
2018-03-06,614.94,37.23,0.9546,0.00,177159.16,177159.16,0.0000,持有
2018-03-07,607.91,36.80,0.9427,0.00,177159.16,177159.16,0.0000,持有
2018-03-08,618.80,37.46,0.9607,0.00,177159.16,177159.16,0.0000,持有
2018-03-09,623.45,37.74,0.9652,0.00,177159.16,177159.16,0.0000,持有
2018-03-12,619.81,37.52,0.9607,0.00,177159.16,177159.16,0.0000,持有
2018-03-13,608.17,36.82,0.9418,0.00,177159.16,177159.16,0.0000,持有
2018-03-14,622.32,37.67,0.9642,0.00,177159.16,177159.16,0.0000,持有
2018-03-15,639.10,38.69,0.9781,0.00,177159.16,177159.16,0.0000,持有
2018-03-16,633.43,38.35,0.9722,0.00,177159.16,177159.16,0.0000,持有
2018-03-19,645.10,39.05,0.9816,0.00,177159.16,177159.16,0.0000,持有
2018-03-20,640.17,38.76,0.9777,0.00,177159.16,177159.16,0.0000,持有
2018-03-21,635.27,38.46,0.9747,0.00,177159.16,177159.16,0.0000,持有
2018-03-22,621.64,37.63,0.9604,0.00,177159.16,177159.16,0.0000,持有
2018-03-23,608.78,36.85,0.9406,0.00,177159.16,177159.16,0.0000,持有
2018-03-26,610.86,36.98,0.9436,0.00,177159.16,177159.16,0.0000,持有
2018-03-27,611.93,37.05,0.9436,0.00,177159.16,177159.16,0.0000,持有
2018-03-28,583.94,31.64,0.7438,0.00,177159.16,177159.16,0.0000,持有
2018-03-29,589.98,31.97,0.7514,0.00,177159.16,177159.16,0.0000,持有
2018-03-30,585.29,31.71,0.7451,0.00,177159.16,177159.16,0.0000,持有
2018-04-02,582.24,31.55,0.7407,0.00,177159.16,177159.16,0.0000,持有
2018-04-03,580.40,31.45,0.7369,0.00,177159.16,177159.16,0.0000,持有
2018-04-04,594.18,32.19,0.7612,0.00,177159.16,177159.16,0.0000,持有
2018-04-09,597.85,32.39,0.7727,0.00,177159.16,177159.16,0.0000,持有
2018-04-10,606.18,32.84,0.7955,0.00,177159.16,177159.16,0.0000,持有
2018-04-11,603.90,32.72,0.7897,0.00,177159.16,177159.16,0.0000,持有
2018-04-12,594.34,32.20,0.7612,0.00,177159.16,177159.16,0.0000,持有
2018-04-13,588.06,31.86,0.7470,0.00,177159.16,177159.16,0.0000,持有
2018-04-16,583.37,31.61,0.7393,0.00,177159.16,177159.16,0.0000,持有
2018-04-17,570.37,30.90,0.7188,0.00,177159.16,177159.16,0.0000,持有
2018-04-18,561.33,30.41,0.7061,0.00,177159.16,177159.16,0.0000,持有
2018-04-19,582.15,31.54,0.7382,0.00,177159.16,177159.16,0.0000,持有
2018-04-20,573.85,31.09,0.7236,0.00,177159.16,177159.16,0.0000,持有
2018-04-23,577.06,31.27,0.7291,0.00,177159.16,177159.16,0.0000,持有
2018-04-24,590.65,32.00,0.7523,0.00,177159.16,177159.16,0.0000,持有
2018-04-25,591.58,32.05,0.7544,0.00,177159.16,177159.16,0.0000,持有
2018-04-26,580.67,31.46,0.7340,0.00,177159.16,177159.16,0.0000,持有
2018-04-27,567.23,30.73,0.7130,0.00,177159.16,177159.16,0.0000,持有
2018-05-02,571.77,28.47,0.6461,0.00,177159.16,177159.16,0.0000,持有
2018-05-03,574.38,28.60,0.6531,0.00,177159.16,177159.16,0.0000,持有
2018-05-04,567.52,28.26,0.6367,0.00,177159.16,177159.16,0.0000,持有
2018-05-07,597.74,29.77,0.6891,0.00,177159.16,177159.16,0.0000,持有
2018-05-08,606.87,30.22,0.7005,0.00,177159.16,177159.16,0.0000,持有
2018-05-09,600.98,29.93,0.6938,0.00,177159.16,177159.16,0.0000,持有
2018-05-10,611.46,30.45,0.7047,0.00,177159.16,177159.16,0.0000,持有
2018-05-11,614.74,30.61,0.7102,0.00,177159.16,177159.16,0.0000,持有
2018-05-14,635.62,31.65,0.7431,0.00,177159.16,177159.16,0.0000,持有
2018-05-15,636.18,31.68,0.7442,0.00,177159.16,177159.16,0.0000,持有
2018-05-16,628.86,31.32,0.7297,0.00,177159.16,177159.16,0.0000,持有
2018-05-17,622.75,31.01,0.7205,0.00,177159.16,177159.16,0.0000,持有
2018-05-18,632.97,31.52,0.7367,0.00,177159.16,177159.16,0.0000,持有
2018-05-21,629.12,31.33,0.7296,0.00,177159.16,177159.16,0.0000,持有
2018-05-22,633.19,31.53,0.7375,0.00,177159.16,177159.16,0.0000,持有
2018-05-23,619.67,30.86,0.7148,0.00,177159.16,177159.16,0.0000,持有
2018-05-24,612.49,30.50,0.7033,0.00,177159.16,177159.16,0.0000,持有
2018-05-25,613.74,30.56,0.7058,0.00,177159.16,177159.16,0.0000,持有
2018-05-28,633.90,31.57,0.7404,0.00,177159.16,177159.16,0.0000,持有
2018-05-29,626.22,31.19,0.7236,0.00,177159.16,177159.16,0.0000,持有
2018-05-30,621.46,30.95,0.7184,0.00,177159.16,177159.16,0.0000,持有
2018-05-31,643.09,32.03,0.7558,0.00,177159.16,177159.16,0.0000,持有
2018-06-01,637.93,31.77,0.7472,0.00,177159.16,177159.16,0.0000,持有
2018-06-04,669.49,33.34,0.8195,0.00,177159.16,177159.16,0.0000,持有
2018-06-05,674.69,33.60,0.8263,0.00,177159.16,177159.16,0.0000,持有
2018-06-06,672.73,33.50,0.8230,0.00,177159.16,177159.16,0.0000,持有
2018-06-07,668.63,33.30,0.8163,0.00,177159.16,177159.16,0.0000,持有
2018-06-08,666.05,33.17,0.8116,0.00,177159.16,177159.16,0.0000,持有
2018-06-11,664.15,33.07,0.8040,0.00,177159.16,177159.16,0.0000,持有
2018-06-12,684.23,34.07,0.8451,0.00,177159.16,177159.16,0.0000,持有
2018-06-13,676.65,33.70,0.8288,0.00,177159.16,177159.16,0.0000,持有
2018-06-14,673.05,33.52,0.8226,0.00,177159.16,177159.16,0.0000,持有
2018-06-15,671.49,32.97,0.7995,0.00,177159.16,177159.16,0.0000,持有
2018-06-19,640.81,31.47,0.7303,0.00,177159.16,177159.16,0.0000,持有
2018-06-20,663.03,32.56,0.7814,0.00,177159.16,177159.16,0.0000,持有
2018-06-21,659.32,32.37,0.7705,0.00,177159.16,177159.16,0.0000,持有
2018-06-22,665.58,32.68,0.7874,0.00,177159.16,177159.16,0.0000,持有
2018-06-25,664.74,32.64,0.7837,0.00,177159.16,177159.16,0.0000,持有
2018-06-26,655.40,32.18,0.7578,0.00,177159.16,177159.16,0.0000,持有
2018-06-27,627.30,30.80,0.7061,0.00,177159.16,177159.16,0.0000,持有
2018-06-28,617.31,30.31,0.6899,0.00,177159.16,177159.16,0.0000,持有
2018-06-29,635.13,31.19,0.7179,0.00,177159.16,177159.16,0.0000,持有
2018-07-02,617.84,30.34,0.6902,0.00,177159.16,177159.16,0.0000,持有
2018-07-03,603.40,29.63,0.6726,0.00,177159.16,177159.16,0.0000,持有
2018-07-04,599.92,29.46,0.6694,0.00,177159.16,177159.16,0.0000,持有
2018-07-05,609.89,29.95,0.6825,0.00,177159.16,177159.16,0.0000,持有
2018-07-06,620.08,30.45,0.6936,0.00,177159.16,177159.16,0.0000,持有
2018-07-09,631.47,31.01,0.7134,0.00,177159.16,177159.16,0.0000,持有
2018-07-10,630.18,30.94,0.7121,0.00,177159.16,177159.16,0.0000,持有
2018-07-11,624.82,30.68,0.7008,0.00,177159.16,177159.16,0.0000,持有
2018-07-12,640.41,31.45,0.7286,0.00,177159.16,177159.16,0.0000,持有
2018-07-13,648.62,31.85,0.7455,0.00,177159.16,177159.16,0.0000,持有
2018-07-16,655.29,32.18,0.7589,0.00,177159.16,177159.16,0.0000,持有
2018-07-17,644.66,31.65,0.7390,0.00,177159.16,177159.16,0.0000,持有
2018-07-18,640.32,31.44,0.7272,0.00,177159.16,177159.16,0.0000,持有
2018-07-19,643.37,31.59,0.7355,0.00,177159.16,177159.16,0.0000,持有
2018-07-20,643.53,31.60,0.7356,0.00,177159.16,177159.16,0.0000,持有
2018-07-23,635.66,31.21,0.7181,0.00,177159.16,177159.16,0.0000,持有
2018-07-24,647.24,31.78,0.7435,0.00,177159.16,177159.16,0.0000,持有
2018-07-25,645.86,31.71,0.7412,0.00,177159.16,177159.16,0.0000,持有
2018-07-26,638.74,31.36,0.7233,0.00,177159.16,177159.16,0.0000,持有
2018-07-27,641.30,31.49,0.7291,0.00,177159.16,177159.16,0.0000,持有
2018-07-30,624.50,30.66,0.6964,0.00,177159.16,177159.16,0.0000,持有
2018-07-31,630.77,30.97,0.7089,0.00,177159.16,177159.16,0.0000,持有
2018-08-01,620.79,30.48,0.6896,0.00,177159.16,177159.16,0.0000,持有
2018-08-02,604.20,27.67,0.5972,0.00,177159.16,177159.16,0.0000,持有
2018-08-03,589.57,27.00,0.5789,0.00,177159.16,177159.16,0.0000,持有
2018-08-06,581.49,26.63,0.5678,0.00,177159.16,177159.16,0.0000,持有
2018-08-07,595.90,27.29,0.5865,0.00,177159.16,177159.16,0.0000,持有
2018-08-08,587.17,26.89,0.5739,0.00,177159.16,177159.16,0.0000,持有
2018-08-09,600.76,27.51,0.5925,0.00,177159.16,177159.16,0.0000,持有
2018-08-10,596.68,27.32,0.5866,0.00,177159.16,177159.16,0.0000,持有
2018-08-13,589.77,27.01,0.5787,0.00,177159.16,177159.16,0.0000,持有
2018-08-14,590.56,27.04,0.5794,0.00,177159.16,177159.16,0.0000,持有
2018-08-15,575.51,26.35,0.5555,0.00,177159.16,177159.16,0.0000,持有
2018-08-16,563.04,25.78,0.5397,0.00,177159.16,177159.16,0.0000,持有
2018-08-17,551.25,25.24,0.5290,0.00,177159.16,177159.16,0.0000,持有
2018-08-20,559.88,25.64,0.5373,0.00,177159.16,177159.16,0.0000,持有
2018-08-21,583.06,26.70,0.5695,0.00,177159.16,177159.16,0.0000,持有
2018-08-22,579.77,26.55,0.5627,0.00,177159.16,177159.16,0.0000,持有
2018-08-23,581.95,26.65,0.5681,0.00,177159.16,177159.16,0.0000,持有
2018-08-24,573.34,26.26,0.5508,0.00,177159.16,177159.16,0.0000,持有
2018-08-27,596.79,27.33,0.5892,0.00,177159.16,177159.16,0.0000,持有
2018-08-28,591.32,27.08,0.5818,0.00,177159.16,177159.16,0.0000,持有
2018-08-29,595.53,27.27,0.5877,0.00,177159.16,177159.16,0.0000,持有
2018-08-30,590.80,27.05,0.5804,0.00,177159.16,177159.16,0.0000,持有
2018-08-31,572.38,26.21,0.5477,0.00,177159.16,177159.16,0.0000,持有
2018-09-03,578.47,26.49,0.5592,0.00,177159.16,177159.16,0.0000,持有
2018-09-04,586.14,26.84,0.5720,0.00,177159.16,177159.16,0.0000,持有
2018-09-05,571.16,26.16,0.5460,0.00,177159.16,177159.16,0.0000,持有
2018-09-06,559.19,25.61,0.5326,0.00,177159.16,177159.16,0.0000,持有
2018-09-07,565.24,25.88,0.5389,0.00,177159.16,177159.16,0.0000,持有
2018-09-10,559.88,25.64,0.5344,0.00,177159.16,177159.16,0.0000,持有
2018-09-11,560.93,25.69,0.5365,0.00,177159.16,177159.16,0.0000,持有
2018-09-12,547.03,25.05,0.5171,0.00,177159.16,177159.16,0.0000,持有
2018-09-13,548.75,25.13,0.5196,0.00,177159.16,177159.16,0.0000,持有
2018-09-14,558.23,25.56,0.5316,0.00,177159.16,177159.16,0.0000,持有
2018-09-17,560.76,25.68,0.5369,0.00,177159.16,177159.16,0.0000,持有
2018-09-18,578.90,26.51,0.5614,0.00,177159.16,177159.16,0.0000,持有
2018-09-19,591.68,27.09,0.5854,0.00,177159.16,177159.16,0.0000,持有
2018-09-20,589.19,26.98,0.5800,0.00,177159.16,177159.16,0.0000,持有
2018-09-21,607.82,27.83,0.6068,0.00,177159.16,177159.16,0.0000,持有
2018-09-25,605.23,27.72,0.6056,0.00,177159.16,177159.16,0.0000,持有
2018-09-26,629.46,28.82,0.6468,0.00,177159.16,177159.16,0.0000,持有
2018-09-27,628.65,28.79,0.6456,0.00,177159.16,177159.16,0.0000,持有
2018-09-28,633.86,29.03,0.6560,0.00,177159.16,177159.16,0.0000,持有
2018-10-08,595.79,27.28,0.5896,0.00,177159.16,177159.16,0.0000,持有
2018-10-09,603.47,27.63,0.6019,0.00,177159.16,177159.16,0.0000,持有
2018-10-10,582.56,26.68,0.5681,0.00,177159.16,177159.16,0.0000,持有
2018-10-11,560.05,25.65,0.5325,0.00,177159.16,177159.16,0.0000,持有
2018-10-12,580.03,26.56,0.5625,0.00,177159.16,177159.16,0.0000,持有
2018-10-15,579.07,26.52,0.5594,0.00,177159.16,177159.16,0.0000,持有
2018-10-16,579.28,26.53,0.5601,0.00,177159.16,177159.16,0.0000,持有
2018-10-17,578.05,26.47,0.5571,0.00,177159.16,177159.16,0.0000,持有
2018-10-18,560.87,25.68,0.5336,0.00,177159.16,177159.16,0.0000,持有
2018-10-19,581.77,26.64,0.5672,0.00,177159.16,177159.16,0.0000,持有
2018-10-22,601.74,27.56,0.5998,0.00,177159.16,177159.16,0.0000,持有
2018-10-23,557.23,25.52,0.5255,0.00,177159.16,177159.16,0.0000,持有
2018-10-24,553.10,25.33,0.5211,0.00,177159.16,177159.16,0.0000,持有
2018-10-25,537.48,24.61,0.4907,0.00,177159.16,177159.16,0.0000,持有
2018-10-26,529.75,24.26,0.4827,0.00,177159.16,177159.16,0.0000,持有
2018-10-29,476.78,21.67,0.4117,0.00,177159.16,177159.16,0.0000,持有
2018-10-30,454.99,20.68,0.4032,0.00,177159.16,177159.16,0.0000,持有
2018-10-31,476.61,21.66,0.4109,0.00,177159.16,177159.16,0.0000,持有
2018-11-01,488.86,22.22,0.4190,0.00,177159.16,177159.16,0.0000,持有
2018-11-02,520.90,23.68,0.4576,0.00,177159.16,177159.16,0.0000,持有
2018-11-05,499.97,22.73,0.4265,0.00,177159.16,177159.16,0.0000,持有
2018-11-06,491.46,22.34,0.4217,0.00,177159.16,177159.16,0.0000,持有
2018-11-07,491.81,22.35,0.4219,0.00,177159.16,177159.16,0.0000,持有
2018-11-08,495.23,22.51,0.4236,0.00,177159.16,177159.16,0.0000,持有
2018-11-09,487.99,22.18,0.4169,0.00,177159.16,177159.16,0.0000,持有
2018-11-12,479.31,21.79,0.4117,0.00,177159.16,177159.16,0.0000,持有
2018-11-13,494.93,22.50,0.4234,0.00,177159.16,177159.16,0.0000,持有
2018-11-14,482.00,21.91,0.4136,0.00,177159.16,177159.16,0.0000,持有
2018-11-15,485.99,22.09,0.4157,0.00,177159.16,177159.16,0.0000,持有
2018-11-16,486.25,22.10,0.4164,0.00,177159.16,177159.16,0.0000,持有
2018-11-19,494.08,22.46,0.4240,0.00,177159.16,177159.16,0.0000,持有
2018-11-20,487.64,22.16,0.4170,0.00,177159.16,177159.16,0.0000,持有
2018-11-21,490.33,22.29,0.4218,0.00,177159.16,177159.16,0.0000,持有
2018-11-22,490.16,22.28,0.4216,0.00,177159.16,177159.16,0.0000,持有
2018-11-23,483.56,21.98,0.4137,0.00,177159.16,177159.16,0.0000,持有
2018-11-26,479.40,21.79,0.4103,0.00,177159.16,177159.16,0.0000,持有
2018-11-27,475.92,21.63,0.4064,0.00,177159.16,177159.16,0.0000,持有
2018-11-28,483.65,21.98,0.4145,0.00,177159.16,177159.16,0.0000,持有
2018-11-29,478.96,21.77,0.4092,0.00,177159.16,177159.16,0.0000,持有
2018-11-30,490.59,22.30,0.4237,0.00,177159.16,177159.16,0.0000,持有
2018-12-03,522.03,23.73,0.4641,0.00,177159.16,177159.16,0.0000,持有
2018-12-04,522.92,23.77,0.4662,0.00,177159.16,177159.16,0.0000,持有
2018-12-05,529.75,24.08,0.4829,0.00,177159.16,177159.16,0.0000,持有
2018-12-06,513.86,23.36,0.4471,0.00,177159.16,177159.16,0.0000,持有
2018-12-07,509.70,23.17,0.4419,0.00,177159.16,177159.16,0.0000,持有
2018-12-10,501.21,22.78,0.4312,0.00,177159.16,177159.16,0.0000,持有
2018-12-11,506.21,23.01,0.4383,0.00,177159.16,177159.16,0.0000,持有
2018-12-12,511.43,23.25,0.4444,0.00,177159.16,177159.16,0.0000,持有
2018-12-13,522.50,23.75,0.4661,0.00,177159.16,177159.16,0.0000,持有
2018-12-14,514.87,23.40,0.4509,0.00,177159.16,177159.16,0.0000,持有
2018-12-17,512.75,23.31,0.4457,0.00,177159.16,177159.16,0.0000,持有
2018-12-18,513.12,23.32,0.4464,0.00,177159.16,177159.16,0.0000,持有
2018-12-19,501.71,22.80,0.4307,0.00,177159.16,177159.16,0.0000,持有
2018-12-20,498.84,22.67,0.4282,0.00,177159.16,177159.16,0.0000,持有
2018-12-21,492.69,22.39,0.4231,0.00,177159.16,177159.16,0.0000,持有
2018-12-24,493.20,22.42,0.4233,0.00,177159.16,177159.16,0.0000,持有
2018-12-25,491.28,22.33,0.4209,0.00,177159.16,177159.16,0.0000,持有
2018-12-26,486.32,22.10,0.4139,0.00,177159.16,177159.16,0.0000,持有
2018-12-27,488.86,22.22,0.4169,0.00,177159.16,177159.16,0.0000,持有
2018-12-28,512.31,23.29,0.4466,0.00,177159.16,177159.16,0.0000,持有
2019-01-02,520.10,23.64,0.4649,0.00,177159.16,177159.16,0.0000,持有
2019-01-03,512.30,23.29,0.4462,0.00,177159.16,177159.16,0.0000,持有
2019-01-04,522.72,23.76,0.4699,0.00,177159.16,177159.16,0.0000,持有
2019-01-07,525.75,23.90,0.4756,0.00,177159.16,177159.16,0.0000,持有
2019-01-08,525.14,23.87,0.4745,0.00,177159.16,177159.16,0.0000,持有
2019-01-09,534.98,24.32,0.4977,0.00,177159.16,177159.16,0.0000,持有
2019-01-10,537.28,24.42,0.4998,0.00,177159.16,177159.16,0.0000,持有
2019-01-11,552.14,25.10,0.5248,0.00,177159.16,177159.16,0.0000,持有
2019-01-14,542.34,24.65,0.5043,0.00,177159.16,177159.16,0.0000,持有
2019-01-15,573.07,26.05,0.5541,0.00,177159.16,177159.16,0.0000,持有
2019-01-16,574.04,26.09,0.5548,0.00,177159.16,177159.16,0.0000,持有
2019-01-17,572.43,26.02,0.5527,0.00,177159.16,177159.16,0.0000,持有
2019-01-18,593.58,26.98,0.5907,0.00,177159.16,177159.16,0.0000,持有
2019-01-21,596.51,27.11,0.5977,0.00,177159.16,177159.16,0.0000,持有
2019-01-22,582.63,26.48,0.5686,0.00,177159.16,177159.16,0.0000,持有
2019-01-23,578.00,26.27,0.5594,0.00,177159.16,177159.16,0.0000,持有
2019-01-24,583.94,26.54,0.5730,0.00,177159.16,177159.16,0.0000,持有
2019-01-25,590.19,26.83,0.5845,0.00,177159.16,177159.16,0.0000,持有
2019-01-28,587.84,26.72,0.5819,0.00,177159.16,177159.16,0.0000,持有
2019-01-29,594.79,27.03,0.5938,0.00,177159.16,177159.16,0.0000,持有
2019-01-30,586.98,26.68,0.5805,0.00,177159.16,177159.16,0.0000,持有
2019-01-31,598.78,27.22,0.6009,0.00,177159.16,177159.16,0.0000,持有
2019-02-01,601.45,27.34,0.6060,0.00,177159.16,177159.16,0.0000,持有
2019-02-11,629.78,28.63,0.6541,0.00,177159.16,177159.16,0.0000,持有
2019-02-12,623.37,28.33,0.6404,0.00,177159.16,177159.16,0.0000,持有
2019-02-13,638.42,29.02,0.6688,0.00,177159.16,177159.16,0.0000,持有
2019-02-14,640.08,29.09,0.6716,0.00,177159.16,177159.16,0.0000,持有
2019-02-15,629.33,28.60,0.6525,0.00,177159.16,177159.16,0.0000,持有
2019-02-18,642.55,29.21,0.6750,0.00,177159.16,177159.16,0.0000,持有
2019-02-19,634.52,28.84,0.6609,0.00,177159.16,177159.16,0.0000,持有
2019-02-20,626.92,28.50,0.6454,0.00,177159.16,177159.16,0.0000,持有
2019-02-21,625.40,28.43,0.6406,0.00,177159.16,177159.16,0.0000,持有
2019-02-22,630.40,28.65,0.6542,0.00,177159.16,177159.16,0.0000,持有
2019-02-25,644.57,29.30,0.6789,0.00,177159.16,177159.16,0.0000,持有
2019-02-26,631.56,28.71,0.6558,0.00,177159.16,177159.16,0.0000,持有
2019-02-27,643.15,29.23,0.6769,0.00,177159.16,177159.16,0.0000,持有
2019-02-28,655.58,29.80,0.6904,0.00,177159.16,177159.16,0.0000,持有
2019-03-01,685.35,31.15,0.7306,0.00,177159.16,177159.16,0.0000,持有
2019-03-04,678.89,30.86,0.7214,0.00,177159.16,177159.16,0.0000,持有
2019-03-05,677.09,30.78,0.7180,0.00,177159.16,177159.16,0.0000,持有
2019-03-06,666.86,30.31,0.7016,0.00,177159.16,177159.16,0.0000,持有
2019-03-07,650.01,29.54,0.6836,0.00,177159.16,177159.16,0.0000,持有
2019-03-08,640.38,29.11,0.6704,0.00,177159.16,177159.16,0.0000,持有
2019-03-11,658.65,29.94,0.6945,0.00,177159.16,177159.16,0.0000,持有
2019-03-12,646.90,29.40,0.6809,0.00,177159.16,177159.16,0.0000,持有
2019-03-13,654.70,29.76,0.6886,0.00,177159.16,177159.16,0.0000,持有
2019-03-14,675.54,30.71,0.7157,0.00,177159.16,177159.16,0.0000,持有
2019-03-15,674.94,30.68,0.7145,0.00,177159.16,177159.16,0.0000,持有
2019-03-18,703.41,31.97,0.7669,0.00,177159.16,177159.16,0.0000,持有
2019-03-19,688.23,31.28,0.7383,0.00,177159.16,177159.16,0.0000,持有
2019-03-20,688.39,31.29,0.7384,0.00,177159.16,177159.16,0.0000,持有
2019-03-21,682.27,31.01,0.7279,0.00,177159.16,177159.16,0.0000,持有
2019-03-22,689.44,31.34,0.7399,0.00,177159.16,177159.16,0.0000,持有
2019-03-25,673.46,30.61,0.7113,0.00,177159.16,177159.16,0.0000,持有
2019-03-26,671.20,30.51,0.7075,0.00,177159.16,177159.16,0.0000,持有
2019-03-27,684.66,31.12,0.7306,0.00,177159.16,177159.16,0.0000,持有
2019-03-28,700.55,31.84,0.7634,0.00,177159.16,177159.16,0.0000,持有
2019-03-29,741.53,30.47,0.7043,0.00,177159.16,177159.16,0.0000,持有
2019-04-01,745.88,30.65,0.7115,0.00,177159.16,177159.16,0.0000,持有
2019-04-02,738.06,30.33,0.6993,0.00,177159.16,177159.16,0.0000,持有
2019-04-03,733.29,30.13,0.6955,0.00,177159.16,177159.16,0.0000,持有
2019-04-04,751.09,30.87,0.7216,0.00,177159.16,177159.16,0.0000,持有
2019-04-08,781.65,32.12,0.7759,0.00,177159.16,177159.16,0.0000,持有
2019-04-09,785.82,32.29,0.7861,0.00,177159.16,177159.16,0.0000,持有
2019-04-10,823.15,33.83,0.8500,0.00,177159.16,177159.16,0.0000,持有
2019-04-11,803.36,33.01,0.8171,0.00,177159.16,177159.16,0.0000,持有
2019-04-12,793.63,32.61,0.7996,0.00,177159.16,177159.16,0.0000,持有
2019-04-15,787.55,32.37,0.7873,0.00,177159.16,177159.16,0.0000,持有
2019-04-16,816.12,33.54,0.8384,0.00,177159.16,177159.16,0.0000,持有
2019-04-17,826.63,33.97,0.8551,0.00,177159.16,177159.16,0.0000,持有
2019-04-18,820.98,33.74,0.8464,0.00,177159.16,177159.16,0.0000,持有
2019-04-19,827.11,33.99,0.8557,0.00,177159.16,177159.16,0.0000,持有
2019-04-22,824.20,33.87,0.8514,0.00,177159.16,177159.16,0.0000,持有
2019-04-23,846.56,34.79,0.8795,0.00,177159.16,177159.16,0.0000,持有
2019-04-24,842.26,34.61,0.8739,0.00,177159.16,177159.16,0.0000,持有
2019-04-25,826.95,31.55,0.7478,0.00,177159.16,177159.16,0.0000,持有
2019-04-26,820.55,31.31,0.7348,0.00,177159.16,177159.16,0.0000,持有
2019-04-29,843.97,32.20,0.7756,0.00,177159.16,177159.16,0.0000,持有
2019-04-30,845.73,32.27,0.7805,0.00,177159.16,177159.16,0.0000,持有
2019-05-06,786.69,30.02,0.6871,0.00,177159.16,177159.16,0.0000,持有
2019-05-07,772.79,29.48,0.6715,0.00,177159.16,177159.16,0.0000,持有
2019-05-08,767.93,29.30,0.6664,0.00,177159.16,177159.16,0.0000,持有
2019-05-09,745.71,28.45,0.6281,0.00,177159.16,177159.16,0.0000,持有
2019-05-10,787.66,30.05,0.6889,0.00,177159.16,177159.16,0.0000,持有
2019-05-13,774.53,29.55,0.6734,0.00,177159.16,177159.16,0.0000,持有
2019-05-14,769.81,29.37,0.6683,0.00,177159.16,177159.16,0.0000,持有
2019-05-15,804.92,30.71,0.7107,0.00,177159.16,177159.16,0.0000,持有
2019-05-16,807.45,30.81,0.7147,0.00,177159.16,177159.16,0.0000,持有
2019-05-17,787.37,30.04,0.6879,0.00,177159.16,177159.16,0.0000,持有
2019-05-20,768.42,29.32,0.6654,0.00,177159.16,177159.16,0.0000,持有
2019-05-21,777.13,29.65,0.6759,0.00,177159.16,177159.16,0.0000,持有
2019-05-22,771.06,29.42,0.6691,0.00,177159.16,177159.16,0.0000,持有
2019-05-23,747.61,28.52,0.6302,0.00,177159.16,177159.16,0.0000,持有
2019-05-24,762.81,29.10,0.6564,0.00,177159.16,177159.16,0.0000,持有
2019-05-27,763.24,29.12,0.6574,0.00,177159.16,177159.16,0.0000,持有
2019-05-28,771.06,29.42,0.6693,0.00,177159.16,177159.16,0.0000,持有
2019-05-29,791.82,30.21,0.6928,0.00,177159.16,177159.16,0.0000,持有
2019-05-30,786.08,29.99,0.6865,0.00,177159.16,177159.16,0.0000,持有
2019-05-31,772.79,29.48,0.6701,0.00,177159.16,177159.16,0.0000,持有
2019-06-03,774.53,29.55,0.6724,0.00,177159.16,177159.16,0.0000,持有
2019-06-04,760.03,29.00,0.6505,0.00,177159.16,177159.16,0.0000,持有
2019-06-05,756.82,28.88,0.6442,0.00,177159.16,177159.16,0.0000,持有
2019-06-06,748.59,28.56,0.6305,0.00,177159.16,177159.16,0.0000,持有
2019-06-10,756.36,28.86,0.6436,0.00,177159.16,177159.16,0.0000,持有
2019-06-11,790.93,30.18,0.6935,0.00,177159.16,177159.16,0.0000,持有
2019-06-12,787.29,30.04,0.6889,0.00,177159.16,177159.16,0.0000,持有
2019-06-13,790.16,30.15,0.6920,0.00,177159.16,177159.16,0.0000,持有
2019-06-14,792.76,30.25,0.6947,0.00,177159.16,177159.16,0.0000,持有
2019-06-17,791.55,30.20,0.6936,0.00,177159.16,177159.16,0.0000,持有
2019-06-18,796.24,30.38,0.6980,0.00,177159.16,177159.16,0.0000,持有
2019-06-19,809.27,30.88,0.7201,0.00,177159.16,177159.16,0.0000,持有
2019-06-20,846.60,32.30,0.7862,0.00,177159.16,177159.16,0.0000,持有
2019-06-21,847.73,32.34,0.7876,0.00,177159.16,177159.16,0.0000,持有
2019-06-24,857.11,32.70,0.8066,0.00,177159.16,177159.16,0.0000,持有
2019-06-25,853.53,32.57,0.7990,0.00,177159.16,177159.16,0.0000,持有
2019-06-26,850.82,32.46,0.7935,0.00,177159.16,177159.16,0.0000,持有
2019-06-27,865.14,33.01,0.8176,0.00,177159.16,177159.16,0.0000,持有
2019-06-28,867.07,32.60,0.7997,0.00,177159.16,177159.16,0.0000,持有
2019-07-01,909.24,34.18,0.8633,0.00,177159.16,177159.16,0.0000,持有
2019-07-02,903.20,33.96,0.8561,0.00,177159.16,177159.16,0.0000,持有
2019-07-03,870.50,32.73,0.8072,0.00,177159.16,177159.16,0.0000,持有
2019-07-04,864.60,32.51,0.7931,0.00,177159.16,177159.16,0.0000,持有
2019-07-05,881.01,33.12,0.8237,0.00,177159.16,177159.16,0.0000,持有
2019-07-08,867.83,32.63,0.7989,0.00,177159.16,177159.16,0.0000,持有
2019-07-09,860.07,32.34,0.7835,0.00,177159.16,177159.16,0.0000,持有
2019-07-10,865.76,32.55,0.7961,0.00,177159.16,177159.16,0.0000,持有
2019-07-11,864.86,32.52,0.7944,0.00,177159.16,177159.16,0.0000,持有
2019-07-12,868.91,32.67,0.8031,0.00,177159.16,177159.16,0.0000,持有
2019-07-15,859.96,31.16,0.7249,0.00,177159.16,177159.16,0.0000,持有
2019-07-16,852.97,30.91,0.7156,0.00,177159.16,177159.16,0.0000,持有
2019-07-17,849.00,30.77,0.7088,0.00,177159.16,177159.16,0.0000,持有
2019-07-18,834.90,30.22,0.6876,0.00,177159.16,177159.16,0.0000,持有
2019-07-19,842.28,30.48,0.6967,0.00,177159.16,177159.16,0.0000,持有
2019-07-22,843.29,30.52,0.6985,0.00,177159.16,177159.16,0.0000,持有
2019-07-23,840.61,30.42,0.6936,0.00,177159.16,177159.16,0.0000,持有
2019-07-24,833.90,30.18,0.6856,0.00,177159.16,177159.16,0.0000,持有
2019-07-25,848.56,30.71,0.7075,0.00,177159.16,177159.16,0.0000,持有
2019-07-26,850.35,30.78,0.7101,0.00,177159.16,177159.16,0.0000,持有
2019-07-29,860.38,31.14,0.7248,0.00,177159.16,177159.16,0.0000,持有
2019-07-30,862.60,31.22,0.7296,0.00,177159.16,177159.16,0.0000,持有
2019-07-31,857.02,31.02,0.7216,0.00,177159.16,177159.16,0.0000,持有
2019-08-01,845.30,30.59,0.7004,0.00,177159.16,177159.16,0.0000,持有
2019-08-02,841.03,30.44,0.6920,0.00,177159.16,177159.16,0.0000,持有
2019-08-05,830.44,30.05,0.6794,0.00,177159.16,177159.16,0.0000,持有
2019-08-06,833.85,30.18,0.6834,0.00,177159.16,177159.16,0.0000,持有
2019-08-07,832.70,30.14,0.6810,0.00,177159.16,177159.16,0.0000,持有
2019-08-08,856.21,30.99,0.7202,0.00,177159.16,177159.16,0.0000,持有
2019-08-09,847.71,30.68,0.7037,0.00,177159.16,177159.16,0.0000,持有
2019-08-12,897.58,32.49,0.7917,0.00,177159.16,177159.16,0.0000,持有
2019-08-13,896.98,32.46,0.7913,0.00,177159.16,177159.16,0.0000,持有
2019-08-14,919.35,33.27,0.8317,0.00,177159.16,177159.16,0.0000,持有
2019-08-15,920.73,33.32,0.8347,0.00,177159.16,177159.16,0.0000,持有
2019-08-16,929.28,33.63,0.8441,0.00,177159.16,177159.16,0.0000,持有
2019-08-19,930.41,33.67,0.8450,0.00,177159.16,177159.16,0.0000,持有
2019-08-20,942.85,34.12,0.8642,0.00,177159.16,177159.16,0.0000,持有
2019-08-21,939.32,34.00,0.8596,0.00,177159.16,177159.16,0.0000,持有
2019-08-22,972.81,35.21,0.8951,0.00,177159.16,177159.16,0.0000,持有
2019-08-23,995.81,36.04,0.9227,0.00,177159.16,177159.16,0.0000,持有
2019-08-26,971.88,35.17,0.8918,0.00,177159.16,177159.16,0.0000,持有
2019-08-27,977.21,35.37,0.9008,0.00,177159.16,177159.16,0.0000,持有
2019-08-28,969.38,35.08,0.8881,0.00,177159.16,177159.16,0.0000,持有
2019-08-29,980.83,35.50,0.9076,0.00,177159.16,177159.16,0.0000,持有
2019-08-30,1006.29,36.42,0.9346,0.00,177159.16,177159.16,0.0000,持有
2019-09-02,1003.44,36.32,0.9304,0.00,177159.16,177159.16,0.0000,持有
2019-09-03,1004.53,36.36,0.9313,0.00,177159.16,177159.16,0.0000,持有
2019-09-04,991.32,35.88,0.9179,0.00,177159.16,177159.16,0.0000,持有
2019-09-05,1008.05,36.48,0.9360,0.00,177159.16,177159.16,0.0000,持有
2019-09-06,1006.72,36.44,0.9348,0.00,177159.16,177159.16,0.0000,持有
2019-09-09,1001.46,36.24,0.9285,0.00,177159.16,177159.16,0.0000,持有
2019-09-10,990.30,35.84,0.9155,0.00,177159.16,177159.16,0.0000,持有
2019-09-11,942.42,34.11,0.8583,0.00,177159.16,177159.16,0.0000,持有
2019-09-12,968.40,35.05,0.8840,0.00,177159.16,177159.16,0.0000,持有
2019-09-16,968.40,35.05,0.8837,0.00,177159.16,177159.16,0.0000,持有
2019-09-17,964.00,34.89,0.8804,0.00,177159.16,177159.16,0.0000,持有
2019-09-18,1012.37,36.64,0.9404,0.00,177159.16,177159.16,0.0000,持有
2019-09-19,1008.94,36.52,0.9367,0.00,177159.16,177159.16,0.0000,持有
2019-09-20,1019.88,36.91,0.9501,0.00,177159.16,177159.16,0.0000,持有
2019-09-23,1012.46,36.64,0.9401,0.00,177159.16,177159.16,0.0000,持有
2019-09-24,1043.30,37.76,0.9686,0.00,177159.16,177159.16,0.0000,持有
2019-09-25,1034.49,37.44,0.9623,0.00,177159.16,177159.16,0.0000,持有
2019-09-26,1028.32,37.22,0.9560,0.00,177159.16,177159.16,0.0000,持有
2019-09-27,1035.15,37.46,0.9628,0.00,177159.16,177159.16,0.0000,持有
2019-09-30,1013.34,36.67,0.9394,0.00,177159.16,177159.16,0.0000,持有
2019-10-08,1028.41,37.22,0.9557,0.00,177159.16,177159.16,0.0000,持有
2019-10-09,1010.53,36.57,0.9361,0.00,177159.16,177159.16,0.0000,持有
2019-10-10,1017.75,36.83,0.9453,0.00,177159.16,177159.16,0.0000,持有
2019-10-11,1035.02,37.46,0.9620,0.00,177159.16,177159.16,0.0000,持有
2019-10-14,1039.78,37.63,0.9658,0.00,177159.16,177159.16,0.0000,持有
2019-10-15,1067.09,38.62,0.9804,0.00,177159.16,177159.16,0.0000,持有
2019-10-16,1030.96,35.91,0.9120,0.00,177159.16,177159.16,0.0000,持有
2019-10-17,1042.71,36.32,0.9237,0.00,177159.16,177159.16,0.0000,持有
2019-10-18,1036.07,36.09,0.9167,0.00,177159.16,177159.16,0.0000,持有
2019-10-21,1029.64,35.87,0.9092,0.00,177159.16,177159.16,0.0000,持有
2019-10-22,1031.67,35.94,0.9122,0.00,177159.16,177159.16,0.0000,持有
2019-10-23,1021.19,35.57,0.8985,0.00,177159.16,177159.16,0.0000,持有
2019-10-24,1013.58,35.31,0.8860,0.00,177159.16,177159.16,0.0000,持有
2019-10-25,1032.15,35.95,0.9127,0.00,177159.16,177159.16,0.0000,持有
2019-10-28,1038.27,36.17,0.9202,0.00,177159.16,177159.16,0.0000,持有
2019-10-29,1051.23,36.62,0.9356,0.00,177159.16,177159.16,0.0000,持有
2019-10-30,1043.12,36.34,0.9244,0.00,177159.16,177159.16,0.0000,持有
2019-10-31,1039.78,36.22,0.9215,0.00,177159.16,177159.16,0.0000,持有
2019-11-01,1044.18,36.37,0.9257,0.00,177159.16,177159.16,0.0000,持有
2019-11-04,1057.04,36.82,0.9432,0.00,177159.16,177159.16,0.0000,持有
2019-11-05,1056.52,36.80,0.9424,0.00,177159.16,177159.16,0.0000,持有
2019-11-06,1051.23,36.62,0.9345,0.00,177159.16,177159.16,0.0000,持有
2019-11-07,1058.61,36.88,0.9457,0.00,177159.16,177159.16,0.0000,持有
2019-11-08,1061.81,36.99,0.9491,0.00,177159.16,177159.16,0.0000,持有
2019-11-11,1056.52,36.80,0.9412,0.00,177159.16,177159.16,0.0000,持有
2019-11-12,1058.81,36.88,0.9454,0.00,177159.16,177159.16,0.0000,持有
2019-11-13,1078.55,37.57,0.9640,0.00,177159.16,177159.16,0.0000,持有
2019-11-14,1083.83,37.76,0.9682,0.00,177159.16,177159.16,0.0000,持有
2019-11-15,1079.34,37.60,0.9645,0.00,177159.16,177159.16,0.0000,持有
2019-11-18,1081.44,37.67,0.9665,0.00,177159.16,177159.16,0.0000,持有
2019-11-19,1085.88,37.83,0.9690,0.00,177159.16,177159.16,0.0000,持有
2019-11-20,1087.14,37.87,0.9695,0.00,177159.16,177159.16,0.0000,持有
2019-11-21,1084.98,37.79,0.9682,0.00,177159.16,177159.16,0.0000,持有
2019-11-22,1052.11,36.65,0.9320,0.00,177159.16,177159.16,0.0000,持有
2019-11-25,1041.59,36.28,0.9159,0.00,177159.16,177159.16,0.0000,持有
2019-11-26,1044.18,36.37,0.9197,0.00,177159.16,177159.16,0.0000,持有
2019-11-27,1048.54,36.53,0.9267,0.00,177159.16,177159.16,0.0000,持有
2019-11-28,1036.07,36.09,0.9082,0.00,177159.16,177159.16,0.0000,持有
2019-11-29,994.84,34.65,0.8564,0.00,177159.16,177159.16,0.0000,持有
2019-12-02,998.36,34.78,0.8597,0.00,177159.16,177159.16,0.0000,持有
2019-12-03,985.14,34.32,0.8458,0.00,177159.16,177159.16,0.0000,持有
2019-12-04,988.96,34.45,0.8500,0.00,177159.16,177159.16,0.0000,持有
2019-12-05,995.54,34.68,0.8574,0.00,177159.16,177159.16,0.0000,持有
2019-12-06,1030.96,35.91,0.9014,0.00,177159.16,177159.16,0.0000,持有
2019-12-09,1021.01,35.57,0.8888,0.00,177159.16,177159.16,0.0000,持有
2019-12-10,1026.03,35.74,0.8950,0.00,177159.16,177159.16,0.0000,持有
2019-12-11,1021.25,35.58,0.8888,0.00,177159.16,177159.16,0.0000,持有
2019-12-12,1001.89,34.90,0.8622,0.00,177159.16,177159.16,0.0000,持有
2019-12-13,1024.80,35.70,0.8939,0.00,177159.16,177159.16,0.0000,持有
2019-12-16,1011.51,35.24,0.8730,0.00,177159.16,177159.16,0.0000,持有
2019-12-17,1030.95,35.91,0.9013,0.00,177159.16,177159.16,0.0000,持有
2019-12-18,1029.20,35.85,0.8989,0.00,177159.16,177159.16,0.0000,持有
2019-12-19,1019.86,35.53,0.8858,0.00,177159.16,177159.16,0.0000,持有
2019-12-20,1010.08,35.19,0.8691,0.00,177159.16,177159.16,0.0000,持有
2019-12-23,1012.72,35.28,0.8733,0.00,177159.16,177159.16,0.0000,持有
2019-12-24,1011.58,35.24,0.8717,0.00,177159.16,177159.16,0.0000,持有
2019-12-25,998.98,34.80,0.8562,0.00,177159.16,177159.16,0.0000,持有
2019-12-26,1000.21,34.84,0.8567,0.00,177159.16,177159.16,0.0000,持有
2019-12-27,1024.80,35.70,0.8931,0.00,177159.16,177159.16,0.0000,持有
2019-12-30,1044.89,36.40,0.9217,0.00,177159.16,177159.16,0.0000,持有
2019-12-31,1042.42,36.31,0.9156,0.00,177159.16,177159.16,0.0000,持有
2020-01-02,995.72,34.69,0.8512,0.00,177159.16,177159.16,0.0000,持有
2020-01-03,950.39,33.11,0.7930,0.00,177159.16,177159.16,0.0000,持有
2020-01-06,949.89,33.09,0.7914,0.00,177159.16,177159.16,0.0000,持有
2020-01-07,964.46,33.60,0.8107,0.00,177159.16,177159.16,0.0000,持有
2020-01-08,958.83,33.40,0.8046,0.00,177159.16,177159.16,0.0000,持有
2020-01-09,971.66,33.85,0.8222,0.00,177159.16,177159.16,0.0000,持有
2020-01-10,980.30,34.15,0.8341,0.00,177159.16,177159.16,0.0000,持有
2020-01-13,990.67,34.51,0.8451,0.00,177159.16,177159.16,0.0000,持有
2020-01-14,975.80,33.99,0.8273,0.00,177159.16,177159.16,0.0000,持有
2020-01-15,979.97,34.14,0.8335,0.00,177159.16,177159.16,0.0000,持有
2020-01-16,975.45,33.98,0.8258,0.00,177159.16,177159.16,0.0000,持有
2020-01-17,975.89,33.99,0.8271,0.00,177159.16,177159.16,0.0000,持有
2020-01-20,961.35,33.49,0.8049,0.00,177159.16,177159.16,0.0000,持有
2020-01-21,947.52,33.01,0.7830,0.00,177159.16,177159.16,0.0000,持有
2020-01-22,947.70,33.01,0.7835,0.00,177159.16,177159.16,0.0000,持有
2020-01-23,927.69,32.32,0.7484,0.00,177159.16,177159.16,0.0000,持有
2020-02-03,884.62,30.82,0.6796,0.00,177159.16,177159.16,0.0000,持有
2020-02-04,914.66,31.86,0.7251,0.00,177159.16,177159.16,0.0000,持有
2020-02-05,925.22,32.23,0.7422,0.00,177159.16,177159.16,0.0000,持有
2020-02-06,943.73,32.87,0.7791,0.00,177159.16,177159.16,0.0000,持有
2020-02-07,948.13,33.03,0.7849,0.00,177159.16,177159.16,0.0000,持有
2020-02-10,939.75,32.74,0.7732,0.00,177159.16,177159.16,0.0000,持有
2020-02-11,967.52,33.70,0.8133,0.00,177159.16,177159.16,0.0000,持有
2020-02-12,966.88,33.68,0.8122,0.00,177159.16,177159.16,0.0000,持有
2020-02-13,961.35,33.49,0.8046,0.00,177159.16,177159.16,0.0000,持有
2020-02-14,958.71,33.40,0.8015,0.00,177159.16,177159.16,0.0000,持有
2020-02-17,963.84,33.57,0.8080,0.00,177159.16,177159.16,0.0000,持有
2020-02-18,955.18,33.27,0.7960,0.00,177159.16,177159.16,0.0000,持有
2020-02-19,966.20,33.27,0.7956,0.00,177159.16,177159.16,0.0000,持有
2020-02-20,985.14,34.32,0.8396,0.00,177159.16,177159.16,0.0000,持有
2020-02-21,980.63,34.16,0.8349,0.00,177159.16,177159.16,0.0000,持有
2020-02-24,957.99,33.37,0.7995,0.00,177159.16,177159.16,0.0000,持有
2020-02-25,947.09,32.99,0.7791,0.00,177159.16,177159.16,0.0000,持有
2020-02-26,946.11,32.96,0.7784,0.00,177159.16,177159.16,0.0000,持有
2020-02-27,958.17,33.38,0.7998,0.00,177159.16,177159.16,0.0000,持有
2020-02-28,931.39,32.44,0.7504,0.00,177159.16,177159.16,0.0000,持有
2020-03-02,956.96,33.34,0.7983,0.00,177159.16,177159.16,0.0000,持有
2020-03-03,980.74,34.16,0.8357,0.00,177159.16,177159.16,0.0000,持有
2020-03-04,994.77,34.65,0.8511,0.00,177159.16,177159.16,0.0000,持有
2020-03-05,1031.85,35.94,0.9045,0.00,177159.16,177159.16,0.0000,持有
2020-03-06,1018.19,35.47,0.8845,0.00,177159.16,177159.16,0.0000,持有
2020-03-09,981.63,34.19,0.8356,0.00,177159.16,177159.16,0.0000,持有
2020-03-10,1018.63,35.48,0.8850,0.00,177159.16,177159.16,0.0000,持有
2020-03-11,1020.85,35.56,0.8874,0.00,177159.16,177159.16,0.0000,持有
2020-03-12,1003.21,34.95,0.8602,0.00,177159.16,177159.16,0.0000,持有
2020-03-13,979.88,34.13,0.8311,0.00,177159.16,177159.16,0.0000,持有
2020-03-16,940.20,32.75,0.7663,0.00,177159.16,177159.16,0.0000,持有
2020-03-17,920.91,32.08,0.7256,0.00,177159.16,177159.16,0.0000,持有
2020-03-18,888.21,30.94,0.6777,0.00,177159.16,177159.16,0.0000,持有
2020-03-19,877.64,30.57,0.6587,0.00,177159.16,177159.16,0.0000,持有
2020-03-20,912.25,31.78,0.7135,0.00,177159.16,177159.16,0.0000,持有
2020-03-23,897.91,31.28,0.6913,0.00,177159.16,177159.16,0.0000,持有
2020-03-24,930.51,32.41,0.7473,0.00,177159.16,177159.16,0.0000,持有
2020-03-25,951.75,33.15,0.7873,0.00,177159.16,177159.16,0.0000,持有
2020-03-26,938.37,32.69,0.7635,0.00,177159.16,177159.16,0.0000,持有
2020-03-27,947.69,33.01,0.7775,0.00,177159.16,177159.16,0.0000,持有
2020-03-30,944.61,32.91,0.7732,0.00,177159.16,177159.16,0.0000,持有
2020-03-31,978.98,34.10,0.8299,0.00,177159.16,177159.16,0.0000,持有
2020-04-01,971.93,33.86,0.8192,0.00,177159.16,177159.16,0.0000,持有
2020-04-02,1008.94,35.15,0.8674,0.00,177159.16,177159.16,0.0000,持有
2020-04-03,1004.34,34.99,0.8611,0.00,177159.16,177159.16,0.0000,持有
2020-04-07,1022.11,35.60,0.8902,0.00,177159.16,177159.16,0.0000,持有
2020-04-08,1021.94,35.60,0.8899,0.00,177159.16,177159.16,0.0000,持有
2020-04-09,1020.83,35.56,0.8871,0.00,177159.16,177159.16,0.0000,持有
2020-04-10,1026.56,35.76,0.8979,0.00,177159.16,177159.16,0.0000,持有
2020-04-13,1024.18,35.68,0.8936,0.00,177159.16,177159.16,0.0000,持有
2020-04-14,1044.27,36.38,0.9222,0.00,177159.16,177159.16,0.0000,持有
2020-04-15,1048.24,36.51,0.9278,0.00,177159.16,177159.16,0.0000,持有
2020-04-16,1054.84,36.75,0.9377,0.00,177159.16,177159.16,0.0000,持有
2020-04-17,1080.31,37.63,0.9651,0.00,177159.16,177159.16,0.0000,持有
2020-04-20,1081.46,37.67,0.9667,0.00,177159.16,177159.16,0.0000,持有
2020-04-21,1057.40,36.83,0.9422,0.00,177159.16,177159.16,0.0000,持有
2020-04-22,1096.61,37.94,0.9711,0.00,177159.16,177159.16,0.0000,持有
2020-04-23,1103.45,38.18,0.9739,0.00,177159.16,177159.16,0.0000,持有
2020-04-24,1101.95,38.12,0.9723,0.00,177159.16,177159.16,0.0000,持有
2020-04-27,1124.37,38.90,0.9834,0.00,177159.16,177159.16,0.0000,持有
2020-04-28,1127.13,37.30,0.9557,0.00,177159.16,177159.16,0.0000,持有
2020-04-29,1123.40,37.18,0.9494,0.00,177159.16,177159.16,0.0000,持有
2020-04-30,1115.29,36.91,0.9431,0.00,177159.16,177159.16,0.0000,持有
2020-05-06,1145.52,37.91,0.9696,0.00,177159.16,177159.16,0.0000,持有
2020-05-07,1156.09,38.26,0.9747,0.00,177159.16,177159.16,0.0000,持有
2020-05-08,1158.39,38.33,0.9755,0.00,177159.16,177159.16,0.0000,持有
2020-05-11,1165.79,38.58,0.9807,0.00,177159.16,177159.16,0.0000,持有
2020-05-12,1174.59,38.87,0.9826,0.00,177159.16,177159.16,0.0000,持有
2020-05-13,1177.19,38.96,0.9838,0.00,177159.16,177159.16,0.0000,持有
2020-05-14,1168.95,38.68,0.9803,0.00,177159.16,177159.16,0.0000,持有
2020-05-15,1156.97,38.29,0.9732,0.00,177159.16,177159.16,0.0000,持有
2020-05-18,1186.23,39.26,0.9862,0.00,177159.16,177159.16,0.0000,持有
2020-05-19,1186.15,39.25,0.9858,0.00,177159.16,177159.16,0.0000,持有
2020-05-20,1190.46,39.40,0.9874,0.00,177159.16,177159.16,0.0000,持有
2020-05-21,1203.76,39.84,0.9917,0.00,177159.16,177159.16,0.0000,持有
2020-05-22,1170.36,38.73,0.9792,0.00,177159.16,177159.16,0.0000,持有
2020-05-25,1200.94,39.74,0.9906,0.00,177159.16,177159.16,0.0000,持有
2020-05-26,1196.62,39.60,0.9878,0.00,177159.16,177159.16,0.0000,持有
2020-05-27,1179.00,39.02,0.9827,0.00,177159.16,177159.16,0.0000,持有
2020-05-28,1184.29,39.19,0.9835,0.00,177159.16,177159.16,0.0000,持有
2020-05-29,1204.20,39.85,0.9918,0.00,177159.16,177159.16,0.0000,持有
2020-06-01,1250.82,41.39,0.9984,0.00,177159.16,177159.16,0.0000,持有
2020-06-02,1243.07,41.14,0.9980,0.00,177159.16,177159.16,0.0000,持有
2020-06-03,1233.02,40.80,0.9965,0.00,177159.16,177159.16,0.0000,持有
2020-06-04,1240.67,41.06,0.9973,0.00,177159.16,177159.16,0.0000,持有
2020-06-05,1255.66,41.55,0.9984,0.00,177159.16,177159.16,0.0000,持有
2020-06-08,1239.01,41.00,0.9961,0.00,177159.16,177159.16,0.0000,持有
2020-06-09,1248.22,41.31,0.9977,0.00,177159.16,177159.16,0.0000,持有
2020-06-10,1254.48,41.51,0.9980,0.00,177159.16,177159.16,0.0000,持有
2020-06-11,1234.04,40.84,0.9945,0.00,177159.16,177159.16,0.0000,持有
2020-06-12,1248.06,41.30,0.9969,0.00,177159.16,177159.16,0.0000,持有
2020-06-15,1218.65,40.33,0.9914,0.00,177159.16,177159.16,0.0000,持有
2020-06-16,1237.05,40.94,0.9945,0.00,177159.16,177159.16,0.0000,持有
2020-06-17,1238.04,40.97,0.9945,0.00,177159.16,177159.16,0.0000,持有
2020-06-18,1245.09,41.20,0.9965,0.00,177159.16,177159.16,0.0000,持有
2020-06-19,1268.74,41.99,0.9992,0.00,177159.16,177159.16,0.0000,持有
2020-06-22,1268.00,41.96,0.9988,0.00,177159.16,177159.16,0.0000,持有
2020-06-23,1299.28,43.00,0.9992,0.00,177159.16,177159.16,0.0000,持有
2020-06-24,1301.53,42.57,0.9988,0.00,177159.16,177159.16,0.0000,持有
2020-06-29,1304.35,42.67,0.9988,0.00,177159.16,177159.16,0.0000,持有
2020-06-30,1304.09,42.66,0.9984,0.00,177159.16,177159.16,0.0000,持有
2020-07-01,1332.08,43.57,0.9996,0.00,177159.16,177159.16,0.0000,持有
2020-07-02,1376.41,45.02,0.9996,0.00,177159.16,177159.16,0.0000,持有
2020-07-03,1374.44,44.96,0.9992,0.00,177159.16,177159.16,0.0000,持有
2020-07-06,1426.33,46.66,0.9996,0.00,177159.16,177159.16,0.0000,持有
2020-07-07,1504.78,49.22,0.9996,0.00,177159.16,177159.16,0.0000,持有
2020-07-08,1498.84,49.03,0.9992,0.00,177159.16,177159.16,0.0000,持有
2020-07-09,1520.82,49.75,0.9996,0.00,177159.16,177159.16,0.0000,持有
2020-07-10,1527.82,49.98,0.9996,0.00,177159.16,177159.16,0.0000,持有
2020-07-13,1588.57,51.96,0.9996,0.00,177159.16,177159.16,0.0000,持有
2020-07-14,1570.75,51.38,0.9992,0.00,177159.16,177159.16,0.0000,持有
2020-07-15,1562.30,51.10,0.9988,0.00,177159.16,177159.16,0.0000,持有
2020-07-16,1438.81,47.06,0.9969,0.00,177159.16,177159.16,0.0000,持有
2020-07-17,1469.16,48.06,0.9969,0.00,177159.16,177159.16,0.0000,持有
2020-07-20,1459.28,47.73,0.9965,0.00,177159.16,177159.16,0.0000,持有
2020-07-21,1486.95,48.64,0.9969,0.00,177159.16,177159.16,0.0000,持有
2020-07-22,1495.93,48.93,0.9969,0.00,177159.16,177159.16,0.0000,持有
2020-07-23,1494.08,48.87,0.9965,0.00,177159.16,177159.16,0.0000,持有
2020-07-24,1422.14,46.52,0.9942,0.00,177159.16,177159.16,0.0000,持有
2020-07-27,1446.43,47.31,0.9950,0.00,177159.16,177159.16,0.0000,持有
2020-07-28,1488.73,48.70,0.9961,0.00,177159.16,177159.16,0.0000,持有
2020-07-29,1490.51,47.89,0.9950,0.00,177159.16,177159.16,0.0000,持有
2020-07-30,1497.65,48.12,0.9954,0.00,177159.16,177159.16,0.0000,持有
2020-07-31,1496.02,48.07,0.9950,0.00,177159.16,177159.16,0.0000,持有
2020-08-03,1486.95,47.78,0.9938,0.00,177159.16,177159.16,0.0000,持有
2020-08-04,1488.72,47.83,0.9938,0.00,177159.16,177159.16,0.0000,持有
2020-08-05,1486.95,47.78,0.9931,0.00,177159.16,177159.16,0.0000,持有
2020-08-06,1460.17,46.92,0.9915,0.00,177159.16,177159.16,0.0000,持有
2020-08-07,1453.96,46.72,0.9911,0.00,177159.16,177159.16,0.0000,持有
2020-08-10,1456.63,46.80,0.9911,0.00,177159.16,177159.16,0.0000,持有
2020-08-11,1464.23,47.05,0.9915,0.00,177159.16,177159.16,0.0000,持有
2020-08-12,1450.35,46.60,0.9896,0.00,177159.16,177159.16,0.0000,持有
2020-08-13,1457.53,46.83,0.9908,0.00,177159.16,177159.16,0.0000,持有
2020-08-14,1480.71,47.58,0.9923,0.00,177159.16,177159.16,0.0000,持有
2020-08-17,1506.56,48.41,0.9954,0.00,177159.16,177159.16,0.0000,持有
2020-08-18,1519.93,48.84,0.9962,0.00,177159.16,177159.16,0.0000,持有
2020-08-19,1503.89,48.32,0.9946,0.00,177159.16,177159.16,0.0000,持有
2020-08-20,1483.38,47.66,0.9912,0.00,177159.16,177159.16,0.0000,持有
2020-08-21,1494.08,48.01,0.9931,0.00,177159.16,177159.16,0.0000,持有
2020-08-24,1512.22,48.59,0.9950,0.00,177159.16,177159.16,0.0000,持有
2020-08-25,1539.54,49.47,0.9977,0.00,177159.16,177159.16,0.0000,持有
2020-08-26,1539.54,49.47,0.9973,0.00,177159.16,177159.16,0.0000,持有
2020-08-27,1543.11,49.58,0.9977,0.00,177159.16,177159.16,0.0000,持有
2020-08-28,1566.29,50.33,0.9985,0.00,177159.16,177159.16,0.0000,持有
2020-08-31,1592.59,51.17,0.9989,0.00,177159.16,177159.16,0.0000,持有
2020-09-01,1606.39,51.61,0.9992,0.00,177159.16,177159.16,0.0000,持有
2020-09-02,1600.16,51.41,0.9989,0.00,177159.16,177159.16,0.0000,持有
2020-09-03,1598.38,51.36,0.9981,0.00,177159.16,177159.16,0.0000,持有
2020-09-04,1577.88,50.70,0.9969,0.00,177159.16,177159.16,0.0000,持有
2020-09-07,1536.42,49.37,0.9943,0.00,177159.16,177159.16,0.0000,持有
2020-09-08,1525.64,49.02,0.9931,0.00,177159.16,177159.16,0.0000,持有
2020-09-09,1504.78,48.35,0.9901,0.00,177159.16,177159.16,0.0000,持有
2020-09-10,1520.65,48.86,0.9920,0.00,177159.16,177159.16,0.0000,持有
2020-09-11,1544.89,49.64,0.9954,0.00,177159.16,177159.16,0.0000,持有
2020-09-14,1574.31,50.58,0.9966,0.00,177159.16,177159.16,0.0000,持有
2020-09-15,1568.96,50.41,0.9962,0.00,177159.16,177159.16,0.0000,持有
2020-09-16,1537.85,49.41,0.9931,0.00,177159.16,177159.16,0.0000,持有
2020-09-17,1489.20,47.85,0.9855,0.00,177159.16,177159.16,0.0000,持有
2020-09-18,1511.02,48.55,0.9886,0.00,177159.16,177159.16,0.0000,持有
2020-09-21,1485.88,47.74,0.9836,0.00,177159.16,177159.16,0.0000,持有
2020-09-22,1484.89,47.71,0.9829,0.00,177159.16,177159.16,0.0000,持有
2020-09-23,1470.88,47.26,0.9814,0.00,177159.16,177159.16,0.0000,持有
2020-09-24,1452.47,46.67,0.9787,0.00,177159.16,177159.16,0.0000,持有
2020-09-25,1457.63,46.83,0.9799,0.00,177159.16,177159.16,0.0000,持有
2020-09-28,1480.71,47.58,0.9818,0.00,177159.16,177159.16,0.0000,持有
2020-09-29,1472.95,47.33,0.9814,0.00,177159.16,177159.16,0.0000,持有
2020-09-30,1487.39,47.79,0.9844,0.00,177159.16,177159.16,0.0000,持有
2020-10-09,1511.91,48.58,0.9886,0.00,177159.16,177159.16,0.0000,持有
2020-10-12,1560.59,50.14,0.9954,0.00,177159.16,177159.16,0.0000,持有
2020-10-13,1550.24,49.81,0.9947,0.00,177159.16,177159.16,0.0000,持有
2020-10-14,1541.33,49.52,0.9932,0.00,177159.16,177159.16,0.0000,持有
2020-10-15,1537.76,49.41,0.9917,0.00,177159.16,177159.16,0.0000,持有
2020-10-16,1526.17,49.04,0.9905,0.00,177159.16,177159.16,0.0000,持有
2020-10-19,1514.58,48.66,0.9875,0.00,177159.16,177159.16,0.0000,持有
2020-10-20,1545.78,49.67,0.9939,0.00,177159.16,177159.16,0.0000,持有
2020-10-21,1545.19,49.65,0.9936,0.00,177159.16,177159.16,0.0000,持有
2020-10-22,1553.36,49.91,0.9947,0.00,177159.16,177159.16,0.0000,持有
2020-10-23,1529.14,49.13,0.9894,0.00,177159.16,177159.16,0.0000,持有
2020-10-26,1464.66,46.30,0.9717,0.00,177159.16,177159.16,0.0000,持有
2020-10-27,1448.62,45.79,0.9713,0.00,177159.16,177159.16,0.0000,持有
2020-10-28,1484.10,46.91,0.9747,0.00,177159.16,177159.16,0.0000,持有
2020-10-29,1494.08,47.23,0.9758,0.00,177159.16,177159.16,0.0000,持有
2020-10-30,1488.75,47.06,0.9751,0.00,177159.16,177159.16,0.0000,持有
2020-11-02,1492.31,47.17,0.9755,0.00,177159.16,177159.16,0.0000,持有
2020-11-03,1511.02,47.76,0.9793,0.00,177159.16,177159.16,0.0000,持有
2020-11-04,1515.10,47.89,0.9815,0.00,177159.16,177159.16,0.0000,持有
2020-11-05,1535.00,48.52,0.9842,0.00,177159.16,177159.16,0.0000,持有
2020-11-06,1516.03,47.92,0.9812,0.00,177159.16,177159.16,0.0000,持有
2020-11-09,1553.42,49.10,0.9891,0.00,177159.16,177159.16,0.0000,持有
2020-11-10,1555.59,49.17,0.9895,0.00,177159.16,177159.16,0.0000,持有
2020-11-11,1543.42,48.79,0.9857,0.00,177159.16,177159.16,0.0000,持有
2020-11-12,1546.49,48.89,0.9868,0.00,177159.16,177159.16,0.0000,持有
2020-11-13,1519.93,48.05,0.9801,0.00,177159.16,177159.16,0.0000,持有
2020-11-16,1542.26,48.75,0.9850,0.00,177159.16,177159.16,0.0000,持有
2020-11-17,1529.56,48.35,0.9816,0.00,177159.16,177159.16,0.0000,持有
2020-11-18,1509.81,47.73,0.9745,0.00,177159.16,177159.16,0.0000,持有
2020-11-19,1533.47,48.47,0.9820,0.00,177159.16,177159.16,0.0000,持有
2020-11-20,1533.27,48.47,0.9816,0.00,177159.16,177159.16,0.0000,持有
2020-11-23,1595.89,50.45,0.9963,0.00,177159.16,177159.16,0.0000,持有
2020-11-24,1572.08,49.69,0.9933,0.00,177159.16,177159.16,0.0000,持有
2020-11-25,1539.44,48.66,0.9831,0.00,177159.16,177159.16,0.0000,持有
2020-11-26,1546.13,48.87,0.9858,0.00,177159.16,177159.16,0.0000,持有
2020-11-27,1549.26,48.97,0.9865,0.00,177159.16,177159.16,0.0000,持有
2020-11-30,1527.88,48.30,0.9779,0.00,177159.16,177159.16,0.0000,持有
2020-12-01,1548.46,48.95,0.9862,0.00,177159.16,177159.16,0.0000,持有
2020-12-02,1549.36,48.98,0.9865,0.00,177159.16,177159.16,0.0000,持有
2020-12-03,1559.16,49.29,0.9892,0.00,177159.16,177159.16,0.0000,持有
2020-12-04,1598.48,50.53,0.9963,0.00,177159.16,177159.16,0.0000,持有
2020-12-07,1615.67,51.07,0.9970,0.00,177159.16,177159.16,0.0000,持有
2020-12-08,1649.19,52.13,0.9996,0.00,177159.16,177159.16,0.0000,持有
2020-12-09,1640.28,51.85,0.9989,0.00,177159.16,177159.16,0.0000,持有
2020-12-10,1633.95,51.65,0.9985,0.00,177159.16,177159.16,0.0000,持有
2020-12-11,1622.45,51.29,0.9966,0.00,177159.16,177159.16,0.0000,持有
2020-12-14,1630.47,51.54,0.9978,0.00,177159.16,177159.16,0.0000,持有
2020-12-15,1618.89,51.17,0.9959,0.00,177159.16,177159.16,0.0000,持有
2020-12-16,1640.28,51.85,0.9985,0.00,177159.16,177159.16,0.0000,持有
2020-12-17,1663.02,52.57,0.9996,0.00,177159.16,177159.16,0.0000,持有
2020-12-18,1644.74,51.99,0.9989,0.00,177159.16,177159.16,0.0000,持有
2020-12-21,1642.51,51.92,0.9981,0.00,177159.16,177159.16,0.0000,持有
2020-12-22,1676.83,53.01,0.9996,0.00,177159.16,177159.16,0.0000,持有
2020-12-23,1641.75,51.90,0.9974,0.00,177159.16,177159.16,0.0000,持有
2020-12-24,1631.67,51.58,0.9955,0.00,177159.16,177159.16,0.0000,持有
2020-12-25,1631.36,51.57,0.9952,0.00,177159.16,177159.16,0.0000,持有
2020-12-28,1669.70,52.78,0.9993,0.00,177159.16,177159.16,0.0000,持有
2020-12-29,1664.35,52.61,0.9989,0.00,177159.16,177159.16,0.0000,持有
2020-12-30,1723.18,54.47,0.9996,0.00,177159.16,177159.16,0.0000,持有
2020-12-31,1781.13,56.30,0.9996,0.00,177159.16,177159.16,0.0000,持有
2021-01-04,1780.24,56.27,0.9993,0.00,177159.16,177159.16,0.0000,持有
2021-01-05,1835.91,58.03,0.9996,0.00,177159.16,177159.16,0.0000,持有
2021-01-06,1872.06,59.18,0.9996,0.00,177159.16,177159.16,0.0000,持有
2021-01-07,1907.72,60.30,0.9996,0.00,177159.16,177159.16,0.0000,持有
2021-01-08,1863.14,58.89,0.9989,0.00,177159.16,177159.16,0.0000,持有
2021-01-11,1871.82,59.17,0.9989,0.00,177159.16,177159.16,0.0000,持有
2021-01-12,1926.35,60.89,0.9996,0.00,177159.16,177159.16,0.0000,持有
2021-01-13,1929.11,60.98,0.9996,0.00,177159.16,177159.16,0.0000,持有
2021-01-14,1902.37,60.13,0.9985,0.00,177159.16,177159.16,0.0000,持有
2021-01-15,1856.01,58.67,0.9970,0.00,177159.16,177159.16,0.0000,持有
2021-01-18,1839.07,58.13,0.9967,0.00,177159.16,177159.16,0.0000,持有
2021-01-19,1791.30,56.62,0.9959,0.00,177159.16,177159.16,0.0000,持有
2021-01-20,1819.13,57.50,0.9959,0.00,177159.16,177159.16,0.0000,持有
2021-01-21,1845.31,58.33,0.9967,0.00,177159.16,177159.16,0.0000,持有
2021-01-22,1854.18,58.61,0.9967,0.00,177159.16,177159.16,0.0000,持有
2021-01-25,1938.92,61.29,0.9996,0.00,177159.16,177159.16,0.0000,持有
2021-01-26,1909.40,60.36,0.9985,0.00,177159.16,177159.16,0.0000,持有
2021-01-27,1862.25,58.87,0.9963,0.00,177159.16,177159.16,0.0000,持有
2021-01-28,1861.36,58.84,0.9959,0.00,177159.16,177159.16,0.0000,持有
2021-01-29,1886.48,59.63,0.9974,0.00,177159.16,177159.16,0.0000,持有
2021-02-01,1880.37,59.44,0.9971,0.00,177159.16,177159.16,0.0000,持有
2021-02-02,1912.17,60.44,0.9985,0.00,177159.16,177159.16,0.0000,持有
2021-02-03,1952.21,61.71,0.9996,0.00,177159.16,177159.16,0.0000,持有
2021-02-04,2068.94,65.40,0.9996,0.00,177159.16,177159.16,0.0000,持有
2021-02-05,2061.94,65.18,0.9993,0.00,177159.16,177159.16,0.0000,持有
2021-02-08,2111.68,66.75,0.9996,0.00,177159.16,177159.16,0.0000,持有
2021-02-09,2189.80,69.22,0.9996,0.00,177159.16,177159.16,0.0000,持有
2021-02-10,2318.68,73.29,0.9996,0.00,177159.16,177159.16,0.0000,持有
2021-02-18,2202.79,69.63,0.9993,0.00,177159.16,177159.16,0.0000,持有
2021-02-19,2192.98,69.32,0.9989,0.00,177159.16,177159.16,0.0000,持有
2021-02-22,2039.67,64.47,0.9971,0.00,177159.16,177159.16,0.0000,持有
2021-02-23,2056.59,65.01,0.9971,0.00,177159.16,177159.16,0.0000,持有
2021-02-24,1951.40,61.68,0.9960,0.00,177159.16,177159.16,0.0000,持有
2021-02-25,1916.63,60.59,0.9945,0.00,177159.16,177159.16,0.0000,持有
2021-02-26,1892.36,59.82,0.9927,0.00,177159.16,177159.16,0.0000,持有
2021-03-01,1923.76,60.81,0.9945,0.00,177159.16,177159.16,0.0000,持有
2021-03-02,1834.62,57.99,0.9876,0.00,177159.16,177159.16,0.0000,持有
2021-03-03,1907.72,60.30,0.9927,0.00,177159.16,177159.16,0.0000,持有
2021-03-04,1812.33,57.29,0.9865,0.00,177159.16,177159.16,0.0000,持有
2021-03-05,1836.50,58.05,0.9876,0.00,177159.16,177159.16,0.0000,持有
2021-03-08,1747.25,55.23,0.9846,0.00,177159.16,177159.16,0.0000,持有
2021-03-09,1726.74,54.58,0.9843,0.00,177159.16,177159.16,0.0000,持有
2021-03-10,1756.18,55.51,0.9847,0.00,177159.16,177159.16,0.0000,持有
2021-03-11,1825.70,57.71,0.9865,0.00,177159.16,177159.16,0.0000,持有
2021-03-12,1806.09,57.09,0.9854,0.00,177159.16,177159.16,0.0000,持有
2021-03-15,1761.03,55.67,0.9839,0.00,177159.16,177159.16,0.0000,持有
2021-03-16,1792.27,56.65,0.9850,0.00,177159.16,177159.16,0.0000,持有
2021-03-17,1809.98,57.21,0.9854,0.00,177159.16,177159.16,0.0000,持有
2021-03-18,1845.05,58.32,0.9880,0.00,177159.16,177159.16,0.0000,持有
2021-03-19,1791.83,56.64,0.9840,0.00,177159.16,177159.16,0.0000,持有
2021-03-22,1773.99,56.08,0.9825,0.00,177159.16,177159.16,0.0000,持有
2021-03-23,1779.35,56.25,0.9825,0.00,177159.16,177159.16,0.0000,持有
2021-03-24,1773.11,56.05,0.9818,0.00,177159.16,177159.16,0.0000,持有
2021-03-25,1757.06,55.54,0.9811,0.00,177159.16,177159.16,0.0000,持有
2021-03-26,1794.50,56.72,0.9844,0.00,177159.16,177159.16,0.0000,持有
2021-03-29,1813.31,57.32,0.9855,0.00,177159.16,177159.16,0.0000,持有
2021-03-30,1832.88,57.94,0.9862,0.00,177159.16,177159.16,0.0000,持有
2021-03-31,1790.94,54.04,0.9782,0.00,177159.16,177159.16,0.0000,持有
2021-04-01,1822.58,55.00,0.9789,0.00,177159.16,177159.16,0.0000,持有
2021-04-02,1927.33,58.16,0.9877,0.00,177159.16,177159.16,0.0000,持有
2021-04-06,1895.26,57.19,0.9837,0.00,177159.16,177159.16,0.0000,持有
2021-04-07,1837.29,55.44,0.9786,0.00,177159.16,177159.16,0.0000,持有
2021-04-08,1845.31,55.68,0.9797,0.00,177159.16,177159.16,0.0000,持有
2021-04-09,1800.74,54.34,0.9764,0.00,177159.16,177159.16,0.0000,持有
2021-04-12,1790.84,54.04,0.9757,0.00,177159.16,177159.16,0.0000,持有
2021-04-13,1801.63,54.37,0.9765,0.00,177159.16,177159.16,0.0000,持有
2021-04-14,1824.81,55.07,0.9776,0.00,177159.16,177159.16,0.0000,持有
2021-04-15,1796.82,54.22,0.9754,0.00,177159.16,177159.16,0.0000,持有
2021-04-16,1831.92,55.28,0.9779,0.00,177159.16,177159.16,0.0000,持有
2021-04-19,1861.36,56.17,0.9805,0.00,177159.16,177159.16,0.0000,持有
2021-04-20,1867.42,56.35,0.9816,0.00,177159.16,177159.16,0.0000,持有
2021-04-21,1854.23,55.95,0.9790,0.00,177159.16,177159.16,0.0000,持有
2021-04-22,1832.39,55.29,0.9769,0.00,177159.16,177159.16,0.0000,持有
2021-04-23,1880.03,56.73,0.9830,0.00,177159.16,177159.16,0.0000,持有
2021-04-26,1852.29,55.90,0.9783,0.00,177159.16,177159.16,0.0000,持有
2021-04-27,1867.10,56.34,0.9809,0.00,177159.16,177159.16,0.0000,持有
2021-04-28,1820.35,53.94,0.9715,0.00,177159.16,177159.16,0.0000,持有
2021-04-29,1806.41,53.52,0.9712,0.00,177159.16,177159.16,0.0000,持有
2021-04-30,1788.96,53.01,0.9708,0.00,177159.16,177159.16,0.0000,持有
2021-05-06,1746.36,51.75,0.9665,0.00,177159.16,177159.16,0.0000,持有
2021-05-07,1696.44,50.27,0.9593,0.00,177159.16,177159.16,0.0000,持有
2021-05-10,1675.07,49.63,0.9557,0.00,177159.16,177159.16,0.0000,持有
2021-05-11,1746.36,51.75,0.9662,0.00,177159.16,177159.16,0.0000,持有
2021-05-12,1768.65,52.41,0.9691,0.00,177159.16,177159.16,0.0000,持有
2021-05-13,1757.51,52.08,0.9683,0.00,177159.16,177159.16,0.0000,持有
2021-05-14,1791.69,53.09,0.9709,0.00,177159.16,177159.16,0.0000,持有
2021-05-17,1834.58,54.36,0.9730,0.00,177159.16,177159.16,0.0000,持有
2021-05-18,1835.78,54.39,0.9734,0.00,177159.16,177159.16,0.0000,持有
2021-05-19,1826.59,54.12,0.9716,0.00,177159.16,177159.16,0.0000,持有
2021-05-20,1835.40,54.38,0.9731,0.00,177159.16,177159.16,0.0000,持有
2021-05-21,1820.44,53.94,0.9702,0.00,177159.16,177159.16,0.0000,持有
2021-05-24,1846.46,54.71,0.9742,0.00,177159.16,177159.16,0.0000,持有
2021-05-25,1956.30,57.97,0.9860,0.00,177159.16,177159.16,0.0000,持有
2021-05-26,1979.03,58.64,0.9889,0.00,177159.16,177159.16,0.0000,持有
2021-05-27,2001.32,59.30,0.9910,0.00,177159.16,177159.16,0.0000,持有
2021-05-28,1987.95,58.90,0.9900,0.00,177159.16,177159.16,0.0000,持有
2021-05-31,1977.25,58.59,0.9875,0.00,177159.16,177159.16,0.0000,持有
2021-06-01,1997.71,59.19,0.9907,0.00,177159.16,177159.16,0.0000,持有
2021-06-02,1980.82,58.69,0.9882,0.00,177159.16,177159.16,0.0000,持有
2021-06-03,1981.01,58.70,0.9882,0.00,177159.16,177159.16,0.0000,持有
2021-06-04,2007.11,59.47,0.9914,0.00,177159.16,177159.16,0.0000,持有
2021-06-07,2024.50,59.99,0.9921,0.00,177159.16,177159.16,0.0000,持有
2021-06-08,1953.18,57.87,0.9821,0.00,177159.16,177159.16,0.0000,持有
2021-06-09,1960.76,58.10,0.9839,0.00,177159.16,177159.16,0.0000,持有
2021-06-10,1995.51,59.13,0.9889,0.00,177159.16,177159.16,0.0000,持有
2021-06-11,1942.31,57.55,0.9807,0.00,177159.16,177159.16,0.0000,持有
2021-06-15,1954.96,57.93,0.9814,0.00,177159.16,177159.16,0.0000,持有
2021-06-16,1923.76,57.00,0.9779,0.00,177159.16,177159.16,0.0000,持有
2021-06-17,1922.79,56.97,0.9775,0.00,177159.16,177159.16,0.0000,持有
2021-06-18,1863.98,55.23,0.9690,0.00,177159.16,177159.16,0.0000,持有
2021-06-21,1855.69,54.98,0.9679,0.00,177159.16,177159.16,0.0000,持有
2021-06-22,1849.74,54.81,0.9676,0.00,177159.16,177159.16,0.0000,持有
2021-06-23,1816.79,53.83,0.9623,0.00,177159.16,177159.16,0.0000,持有
2021-06-24,1843.58,54.63,0.9669,0.00,177159.16,177159.16,0.0000,持有
2021-06-25,1882.48,55.26,0.9694,0.00,177159.16,177159.16,0.0000,持有
2021-06-28,1892.39,55.55,0.9712,0.00,177159.16,177159.16,0.0000,持有
2021-06-29,1855.49,54.47,0.9651,0.00,177159.16,177159.16,0.0000,持有
2021-06-30,1850.72,54.33,0.9630,0.00,177159.16,177159.16,0.0000,持有
2021-07-01,1894.18,55.60,0.9712,0.00,177159.16,177159.16,0.0000,持有
2021-07-02,1811.40,53.17,0.9595,0.00,177159.16,177159.16,0.0000,持有
2021-07-05,1794.30,52.67,0.9577,0.00,177159.16,177159.16,0.0000,持有
2021-07-06,1811.31,53.17,0.9592,0.00,177159.16,177159.16,0.0000,持有
2021-07-07,1803.30,52.93,0.9578,0.00,177159.16,177159.16,0.0000,持有
2021-07-08,1786.20,52.43,0.9560,0.00,177159.16,177159.16,0.0000,持有
2021-07-09,1774.60,52.09,0.9550,0.00,177159.16,177159.16,0.0000,持有
2021-07-12,1764.60,51.80,0.9521,0.00,177159.16,177159.16,0.0000,持有
2021-07-13,1784.31,52.38,0.9554,0.00,177159.16,177159.16,0.0000,持有
2021-07-14,1765.50,51.82,0.9518,0.00,177159.16,177159.16,0.0000,持有
2021-07-15,1797.89,52.77,0.9572,0.00,177159.16,177159.16,0.0000,持有
2021-07-16,1760.01,51.66,0.9501,0.00,177159.16,177159.16,0.0000,持有
2021-07-19,1777.20,52.17,0.9547,0.00,177159.16,177159.16,0.0000,持有
2021-07-20,1781.70,52.30,0.9547,0.00,177159.16,177159.16,0.0000,持有
2021-07-21,1771.80,52.01,0.9530,0.00,177159.16,177159.16,0.0000,持有
2021-07-22,1745.72,51.24,0.9456,0.00,177159.16,177159.16,0.0000,持有
2021-07-23,1709.71,50.19,0.9413,0.00,177159.16,177159.16,0.0000,持有
2021-07-26,1623.43,47.65,0.9163,0.00,177159.16,177159.16,0.0000,持有
2021-07-27,1541.34,45.24,0.9082,0.00,177159.16,177159.16,0.0000,持有
2021-07-28,1591.74,46.72,0.9107,0.00,177159.16,177159.16,0.0000,持有
2021-07-29,1574.55,46.22,0.9083,0.00,177159.16,177159.16,0.0000,持有
2021-07-30,1510.84,44.35,0.9065,0.00,177159.16,177159.16,0.0000,持有
2021-08-02,1579.23,45.22,0.9073,0.00,177159.16,177159.16,0.0000,持有
2021-08-03,1574.11,45.08,0.9069,0.00,177159.16,177159.16,0.0000,持有
2021-08-04,1551.34,44.42,0.9059,0.00,177159.16,177159.16,0.0000,持有
2021-08-05,1528.84,43.78,0.9052,0.00,177159.16,177159.16,0.0000,持有
2021-08-06,1503.65,43.06,0.9042,0.00,177159.16,177159.16,0.0000,持有
2021-08-09,1524.16,43.65,0.9050,0.00,177159.16,177159.16,0.0000,持有
2021-08-10,1618.83,46.36,0.9089,0.00,177159.16,177159.16,0.0000,持有
2021-08-11,1575.19,45.11,0.9068,0.00,177159.16,177159.16,0.0000,持有
2021-08-12,1520.74,43.55,0.9037,0.00,177159.16,177159.16,0.0000,持有
2021-08-13,1529.78,43.81,0.9047,0.00,177159.16,177159.16,0.0000,持有
2021-08-16,1529.02,43.79,0.9044,0.00,177159.16,177159.16,0.0000,持有
2021-08-17,1471.25,42.13,0.9006,0.00,177159.16,177159.16,0.0000,持有
2021-08-18,1457.76,41.74,0.8996,0.00,177159.16,177159.16,0.0000,持有
2021-08-19,1457.73,41.74,0.8993,0.00,177159.16,177159.16,0.0000,持有
2021-08-20,1392.97,39.89,0.8877,0.00,177159.16,177159.16,0.0000,持有
2021-08-23,1412.93,40.46,0.8909,0.00,177159.16,177159.16,0.0000,持有
2021-08-24,1462.42,41.88,0.8997,0.00,177159.16,177159.16,0.0000,持有
2021-08-25,1498.27,42.90,0.9019,0.00,177159.16,177159.16,0.0000,持有
2021-08-26,1435.26,41.10,0.8949,0.00,177159.16,177159.16,0.0000,持有
2021-08-27,1436.19,41.13,0.8949,0.00,177159.16,177159.16,0.0000,持有
2021-08-30,1427.16,40.87,0.8925,0.00,177159.16,177159.16,0.0000,持有
2021-08-31,1401.96,40.15,0.8873,0.00,177159.16,177159.16,0.0000,持有
2021-09-01,1459.56,41.80,0.8992,0.00,177159.16,177159.16,0.0000,持有
2021-09-02,1456.68,41.71,0.8982,0.00,177159.16,177159.16,0.0000,持有
2021-09-03,1492.15,42.73,0.9017,0.00,177159.16,177159.16,0.0000,持有
2021-09-06,1503.35,43.05,0.9025,0.00,177159.16,177159.16,0.0000,持有
2021-09-07,1501.85,43.01,0.9022,0.00,177159.16,177159.16,0.0000,持有
2021-09-08,1469.54,42.08,0.8994,0.00,177159.16,177159.16,0.0000,持有
2021-09-09,1470.43,42.11,0.8994,0.00,177159.16,177159.16,0.0000,持有
2021-09-10,1496.07,42.84,0.9012,0.00,177159.16,177159.16,0.0000,持有
2021-09-13,1488.35,42.62,0.8999,0.00,177159.16,177159.16,0.0000,持有
2021-09-14,1491.05,42.70,0.9006,0.00,177159.16,177159.16,0.0000,持有
2021-09-15,1453.92,41.63,0.8954,0.00,177159.16,177159.16,0.0000,持有
2021-09-16,1474.02,42.21,0.8989,0.00,177159.16,177159.16,0.0000,持有
2021-09-17,1517.15,43.45,0.9031,0.00,177159.16,177159.16,0.0000,持有
2021-09-22,1473.67,42.20,0.8983,0.00,177159.16,177159.16,0.0000,持有
2021-09-23,1471.25,42.13,0.8976,0.00,177159.16,177159.16,0.0000,持有
2021-09-24,1524.34,43.65,0.9046,0.00,177159.16,177159.16,0.0000,持有
2021-09-27,1669.22,47.80,0.9207,0.00,177159.16,177159.16,0.0000,持有
2021-09-28,1639.58,46.95,0.9134,0.00,177159.16,177159.16,0.0000,持有
2021-09-29,1637.73,46.90,0.9124,0.00,177159.16,177159.16,0.0000,持有
2021-09-30,1646.72,47.16,0.9145,0.00,177159.16,177159.16,0.0000,持有
2021-10-08,1655.36,47.40,0.9163,0.00,177159.16,177159.16,0.0000,持有
2021-10-11,1680.13,48.11,0.9239,0.00,177159.16,177159.16,0.0000,持有
2021-10-12,1683.61,48.21,0.9243,0.00,177159.16,177159.16,0.0000,持有
2021-10-13,1736.62,49.73,0.9403,0.00,177159.16,177159.16,0.0000,持有
2021-10-14,1719.61,49.24,0.9355,0.00,177159.16,177159.16,0.0000,持有
2021-10-15,1724.98,49.40,0.9362,0.00,177159.16,177159.16,0.0000,持有
2021-10-18,1619.73,46.38,0.9067,0.00,177159.16,177159.16,0.0000,持有
2021-10-19,1630.69,46.70,0.9081,0.00,177159.16,177159.16,0.0000,持有
2021-10-20,1656.62,47.44,0.9148,0.00,177159.16,177159.16,0.0000,持有
2021-10-21,1659.32,47.52,0.9148,0.00,177159.16,177159.16,0.0000,持有
2021-10-22,1710.61,48.99,0.9325,0.00,177159.16,177159.16,0.0000,持有
2021-10-25,1685.44,46.93,0.9100,0.00,177159.16,177159.16,0.0000,持有
2021-10-26,1674.66,46.63,0.9059,0.00,177159.16,177159.16,0.0000,持有
2021-10-27,1636.83,45.58,0.9031,0.00,177159.16,177159.16,0.0000,持有
2021-10-28,1642.67,45.74,0.9032,0.00,177159.16,177159.16,0.0000,持有
2021-10-29,1643.20,45.75,0.9032,0.00,177159.16,177159.16,0.0000,持有
2021-11-01,1622.43,45.18,0.9015,0.00,177159.16,177159.16,0.0000,持有
2021-11-02,1623.90,45.22,0.9016,0.00,177159.16,177159.16,0.0000,持有
2021-11-03,1588.23,44.22,0.8988,0.00,177159.16,177159.16,0.0000,持有
2021-11-04,1623.51,45.21,0.9013,0.00,177159.16,177159.16,0.0000,持有
2021-11-05,1637.67,45.60,0.9027,0.00,177159.16,177159.16,0.0000,持有
2021-11-08,1637.82,45.60,0.9027,0.00,177159.16,177159.16,0.0000,持有
2021-11-09,1610.74,44.85,0.8986,0.00,177159.16,177159.16,0.0000,持有
2021-11-10,1578.33,43.95,0.8973,0.00,177159.16,177159.16,0.0000,持有
2021-11-11,1592.37,44.34,0.8977,0.00,177159.16,177159.16,0.0000,持有
2021-11-12,1596.13,44.44,0.8984,0.00,177159.16,177159.16,0.0000,持有
2021-11-15,1584.76,44.13,0.8967,0.00,177159.16,177159.16,0.0000,持有
2021-11-16,1626.93,45.30,0.9019,0.00,177159.16,177159.16,0.0000,持有
2021-11-17,1615.23,44.97,0.8988,0.00,177159.16,177159.16,0.0000,持有
2021-11-18,1612.53,44.90,0.8982,0.00,177159.16,177159.16,0.0000,持有
2021-11-19,1645.29,45.81,0.9041,0.00,177159.16,177159.16,0.0000,持有
2021-11-22,1668.56,46.46,0.9055,0.00,177159.16,177159.16,0.0000,持有
2021-11-23,1706.50,47.52,0.9148,0.00,177159.16,177159.16,0.0000,持有
2021-11-24,1746.61,48.63,0.9275,0.00,177159.16,177159.16,0.0000,持有
2021-11-25,1760.13,49.01,0.9330,0.00,177159.16,177159.16,0.0000,持有
2021-11-26,1746.62,48.63,0.9272,0.00,177159.16,177159.16,0.0000,持有
2021-11-29,1786.20,49.74,0.9410,0.00,177159.16,177159.16,0.0000,持有
2021-11-30,1737.40,48.38,0.9238,0.00,177159.16,177159.16,0.0000,持有
2021-12-01,1739.40,48.43,0.9242,0.00,177159.16,177159.16,0.0000,持有
2021-12-02,1740.31,48.46,0.9242,0.00,177159.16,177159.16,0.0000,持有
2021-12-03,1774.39,49.41,0.9366,0.00,177159.16,177159.16,0.0000,持有
2021-12-06,1770.27,49.29,0.9356,0.00,177159.16,177159.16,0.0000,持有
2021-12-07,1759.99,49.01,0.9318,0.00,177159.16,177159.16,0.0000,持有
2021-12-08,1838.39,51.19,0.9469,0.00,177159.16,177159.16,0.0000,持有
2021-12-09,1877.58,52.28,0.9559,0.00,177159.16,177159.16,0.0000,持有
2021-12-10,1880.68,52.37,0.9562,0.00,177159.16,177159.16,0.0000,持有
2021-12-13,1906.06,53.07,0.9600,0.00,177159.16,177159.16,0.0000,持有
2021-12-14,1934.68,53.87,0.9617,0.00,177159.16,177159.16,0.0000,持有
2021-12-15,1921.18,53.49,0.9607,0.00,177159.16,177159.16,0.0000,持有
2021-12-16,1906.77,53.09,0.9597,0.00,177159.16,177159.16,0.0000,持有
2021-12-17,1845.32,51.38,0.9464,0.00,177159.16,177159.16,0.0000,持有
2021-12-20,1852.75,51.59,0.9478,0.00,177159.16,177159.16,0.0000,持有
2021-12-21,1834.07,51.07,0.9427,0.00,177159.16,177159.16,0.0000,持有
2021-12-22,1842.89,51.31,0.9451,0.00,177159.16,177159.16,0.0000,持有
2021-12-23,1907.68,53.12,0.9598,0.00,177159.16,177159.16,0.0000,持有
2021-12-24,1974.35,54.97,0.9680,0.00,177159.16,177159.16,0.0000,持有
2021-12-27,1918.32,53.41,0.9601,0.00,177159.16,177159.16,0.0000,持有
2021-12-28,1924.04,53.57,0.9608,0.00,177159.16,177159.16,0.0000,持有
2021-12-29,1836.59,51.14,0.9418,0.00,177159.16,177159.16,0.0000,持有
2021-12-30,1867.19,51.99,0.9506,0.00,177159.16,177159.16,0.0000,持有
2021-12-31,1844.69,51.36,0.9438,0.00,177159.16,177159.16,0.0000,持有
2022-01-04,1845.80,51.39,0.9445,0.00,177159.16,177159.16,0.0000,持有
2022-01-05,1821.29,50.71,0.9395,0.00,177159.16,177159.16,0.0000,持有
2022-01-06,1783.70,49.67,0.9334,0.00,177159.16,177159.16,0.0000,持有
2022-01-07,1747.51,48.66,0.9198,0.00,177159.16,177159.16,0.0000,持有
2022-01-10,1769.10,49.26,0.9283,0.00,177159.16,177159.16,0.0000,持有
2022-01-11,1746.20,48.62,0.9181,0.00,177159.16,177159.16,0.0000,持有
2022-01-12,1770.00,49.28,0.9284,0.00,177159.16,177159.16,0.0000,持有
2022-01-13,1689.37,47.04,0.8999,0.00,177159.16,177159.16,0.0000,持有
2022-01-14,1680.02,46.78,0.8968,0.00,177159.16,177159.16,0.0000,持有
2022-01-17,1675.17,46.64,0.8948,0.00,177159.16,177159.16,0.0000,持有
2022-01-18,1702.76,47.41,0.9034,0.00,177159.16,177159.16,0.0000,持有
2022-01-19,1720.51,47.91,0.9102,0.00,177159.16,177159.16,0.0000,持有
2022-01-20,1772.27,49.35,0.9292,0.00,177159.16,177159.16,0.0000,持有
2022-01-21,1786.19,49.74,0.9346,0.00,177159.16,177159.16,0.0000,持有
2022-01-24,1754.89,48.86,0.9211,0.00,177159.16,177159.16,0.0000,持有
2022-01-25,1748.41,48.68,0.9191,0.00,177159.16,177159.16,0.0000,持有
2022-01-26,1759.20,48.98,0.9235,0.00,177159.16,177159.16,0.0000,持有
2022-01-27,1768.20,49.23,0.9269,0.00,177159.16,177159.16,0.0000,持有
2022-01-28,1698.02,47.28,0.8999,0.00,177159.16,177159.16,0.0000,持有
2022-02-07,1680.88,46.80,0.8945,0.00,177159.16,177159.16,0.0000,持有
2022-02-08,1654.82,46.08,0.8888,0.00,177159.16,177159.16,0.0000,持有
2022-02-09,1706.10,47.50,0.9017,0.00,177159.16,177159.16,0.0000,持有
2022-02-10,1685.42,46.93,0.8960,0.00,177159.16,177159.16,0.0000,持有
2022-02-11,1664.69,46.35,0.8889,0.00,177159.16,177159.16,0.0000,持有
2022-02-14,1681.52,46.82,0.8940,0.00,177159.16,177159.16,0.0000,持有
2022-02-15,1701.27,47.37,0.9005,0.00,177159.16,177159.16,0.0000,持有
2022-02-16,1703.01,47.42,0.9012,0.00,177159.16,177159.16,0.0000,持有
2022-02-17,1698.01,47.28,0.8989,0.00,177159.16,177159.16,0.0000,持有
2022-02-18,1716.01,47.78,0.9063,0.00,177159.16,177159.16,0.0000,持有
2022-02-21,1689.01,47.03,0.8956,0.00,177159.16,177159.16,0.0000,持有
2022-02-22,1626.81,45.30,0.8831,0.00,177159.16,177159.16,0.0000,持有
2022-02-23,1644.03,45.78,0.8852,0.00,177159.16,177159.16,0.0000,持有
2022-02-24,1587.43,44.20,0.8768,0.00,177159.16,177159.16,0.0000,持有
2022-02-25,1618.88,45.08,0.8802,0.00,177159.16,177159.16,0.0000,持有
2022-02-28,1611.09,44.86,0.8786,0.00,177159.16,177159.16,0.0000,持有
2022-03-01,1672.35,46.57,0.8887,0.00,177159.16,177159.16,0.0000,持有
2022-03-02,1660.11,46.22,0.8864,0.00,177159.16,177159.16,0.0000,持有
2022-03-03,1619.73,45.10,0.8800,0.00,177159.16,177159.16,0.0000,持有
2022-03-04,1602.18,44.61,0.8771,0.00,177159.16,177159.16,0.0000,持有
2022-03-07,1536.04,42.77,0.8690,0.00,177159.16,177159.16,0.0000,持有
2022-03-08,1577.62,43.93,0.8741,0.00,177159.16,177159.16,0.0000,持有
2022-03-09,1600.99,44.58,0.8768,0.00,177159.16,177159.16,0.0000,持有
2022-03-10,1614.72,44.96,0.8786,0.00,177159.16,177159.16,0.0000,持有
2022-03-11,1591.84,44.32,0.8749,0.00,177159.16,177159.16,0.0000,持有
2022-03-14,1529.74,42.59,0.8659,0.00,177159.16,177159.16,0.0000,持有
2022-03-15,1442.46,40.16,0.8505,0.00,177159.16,177159.16,0.0000,持有
2022-03-16,1507.20,41.97,0.8630,0.00,177159.16,177159.16,0.0000,持有
2022-03-17,1547.88,43.10,0.8701,0.00,177159.16,177159.16,0.0000,持有
2022-03-18,1536.75,42.79,0.8678,0.00,177159.16,177159.16,0.0000,持有
2022-03-21,1533.61,42.70,0.8668,0.00,177159.16,177159.16,0.0000,持有
2022-03-22,1525.24,42.47,0.8645,0.00,177159.16,177159.16,0.0000,持有
2022-03-23,1576.71,43.90,0.8732,0.00,177159.16,177159.16,0.0000,持有
2022-03-24,1548.58,43.12,0.8699,0.00,177159.16,177159.16,0.0000,持有
2022-03-25,1520.74,42.34,0.8636,0.00,177159.16,177159.16,0.0000,持有
2022-03-28,1494.47,41.61,0.8580,0.00,177159.16,177159.16,0.0000,持有
2022-03-29,1500.05,41.77,0.8597,0.00,177159.16,177159.16,0.0000,持有
2022-03-30,1556.83,43.35,0.8701,0.00,177159.16,177159.16,0.0000,持有
2022-03-31,1546.84,41.16,0.8548,0.00,177159.16,177159.16,0.0000,持有
2022-04-01,1601.74,42.62,0.8649,0.00,177159.16,177159.16,0.0000,持有
2022-04-06,1588.23,42.26,0.8629,0.00,177159.16,177159.16,0.0000,持有
2022-04-07,1588.23,42.26,0.8626,0.00,177159.16,177159.16,0.0000,持有
2022-04-08,1605.33,42.72,0.8663,0.00,177159.16,177159.16,0.0000,持有
2022-04-11,1547.74,41.19,0.8537,0.00,177159.16,177159.16,0.0000,持有
2022-04-12,1603.53,42.67,0.8654,0.00,177159.16,177159.16,0.0000,持有
2022-04-13,1591.83,42.36,0.8628,0.00,177159.16,177159.16,0.0000,持有
2022-04-14,1627.83,43.32,0.8702,0.00,177159.16,177159.16,0.0000,持有
2022-04-15,1625.12,43.25,0.8699,0.00,177159.16,177159.16,0.0000,持有
2022-04-18,1611.47,42.88,0.8673,0.00,177159.16,177159.16,0.0000,持有
2022-04-19,1611.00,42.87,0.8670,0.00,177159.16,177159.16,0.0000,持有
2022-04-20,1617.03,43.03,0.8684,0.00,177159.16,177159.16,0.0000,持有
2022-04-21,1601.71,42.62,0.8627,0.00,177159.16,177159.16,0.0000,持有
2022-04-22,1595.43,42.46,0.8611,0.00,177159.16,177159.16,0.0000,持有
2022-04-25,1536.94,40.90,0.8476,0.00,177159.16,177159.16,0.0000,持有
2022-04-26,1558.97,41.49,0.8526,0.00,177159.16,177159.16,0.0000,持有
2022-04-27,1615.16,40.44,0.8437,0.00,177159.16,177159.16,0.0000,持有
2022-04-28,1651.22,41.35,0.8520,0.00,177159.16,177159.16,0.0000,持有
2022-04-29,1645.27,41.20,0.8507,0.00,177159.16,177159.16,0.0000,持有
2022-05-05,1653.02,41.39,0.8521,0.00,177159.16,177159.16,0.0000,持有
2022-05-06,1613.43,40.40,0.8426,0.00,177159.16,177159.16,0.0000,持有
2022-05-09,1576.54,39.48,0.8337,0.00,177159.16,177159.16,0.0000,持有
2022-05-10,1589.30,39.80,0.8370,0.00,177159.16,177159.16,0.0000,持有
2022-05-11,1590.93,39.84,0.8377,0.00,177159.16,177159.16,0.0000,持有
2022-05-12,1586.14,39.72,0.8358,0.00,177159.16,177159.16,0.0000,持有
2022-05-13,1600.15,40.07,0.8392,0.00,177159.16,177159.16,0.0000,持有
2022-05-16,1581.93,39.61,0.8333,0.00,177159.16,177159.16,0.0000,持有
2022-05-17,1590.93,39.84,0.8373,0.00,177159.16,177159.16,0.0000,持有
2022-05-18,1584.63,39.68,0.8344,0.00,177159.16,177159.16,0.0000,持有
2022-05-19,1580.13,39.57,0.8321,0.00,177159.16,177159.16,0.0000,持有
2022-05-20,1619.74,40.56,0.8441,0.00,177159.16,177159.16,0.0000,持有
2022-05-23,1602.63,40.13,0.8402,0.00,177159.16,177159.16,0.0000,持有
2022-05-24,1583.73,39.66,0.8333,0.00,177159.16,177159.16,0.0000,持有
2022-05-25,1579.69,39.56,0.8307,0.00,177159.16,177159.16,0.0000,持有
2022-05-26,1568.26,39.27,0.8281,0.00,177159.16,177159.16,0.0000,持有
2022-05-27,1579.38,39.55,0.8305,0.00,177159.16,177159.16,0.0000,持有
2022-05-30,1600.30,40.07,0.8391,0.00,177159.16,177159.16,0.0000,持有
2022-05-31,1623.35,40.65,0.8448,0.00,177159.16,177159.16,0.0000,持有
2022-06-01,1609.15,40.29,0.8418,0.00,177159.16,177159.16,0.0000,持有
2022-06-02,1607.13,40.24,0.8412,0.00,177159.16,177159.16,0.0000,持有
2022-06-06,1608.93,40.29,0.8416,0.00,177159.16,177159.16,0.0000,持有
2022-06-07,1635.84,40.96,0.8479,0.00,177159.16,177159.16,0.0000,持有
2022-06-08,1678.76,42.04,0.8588,0.00,177159.16,177159.16,0.0000,持有
2022-06-09,1667.42,41.75,0.8566,0.00,177159.16,177159.16,0.0000,持有
2022-06-10,1710.25,42.83,0.8675,0.00,177159.16,177159.16,0.0000,持有
2022-06-13,1670.12,41.82,0.8570,0.00,177159.16,177159.16,0.0000,持有
2022-06-14,1683.62,42.16,0.8600,0.00,177159.16,177159.16,0.0000,持有
2022-06-15,1687.31,42.25,0.8607,0.00,177159.16,177159.16,0.0000,持有
2022-06-16,1689.02,42.29,0.8614,0.00,177159.16,177159.16,0.0000,持有
2022-06-17,1755.61,43.96,0.8762,0.00,177159.16,177159.16,0.0000,持有
2022-06-20,1747.52,43.76,0.8740,0.00,177159.16,177159.16,0.0000,持有
2022-06-21,1750.87,43.84,0.8750,0.00,177159.16,177159.16,0.0000,持有
2022-06-22,1742.11,43.62,0.8727,0.00,177159.16,177159.16,0.0000,持有
2022-06-23,1761.09,44.10,0.8764,0.00,177159.16,177159.16,0.0000,持有
2022-06-24,1807.81,45.27,0.8850,0.00,177159.16,177159.16,0.0000,持有
2022-06-27,1809.19,45.30,0.8856,0.00,177159.16,177159.16,0.0000,持有
2022-06-28,1832.09,45.88,0.8883,0.00,177159.16,177159.16,0.0000,持有
2022-06-29,1826.69,45.74,0.8867,0.00,177159.16,177159.16,0.0000,持有
2022-06-30,1860.05,46.08,0.8887,0.00,177159.16,177159.16,0.0000,持有
2022-07-01,1845.54,45.72,0.8858,0.00,177159.16,177159.16,0.0000,持有
2022-07-04,1835.49,45.47,0.8845,0.00,177159.16,177159.16,0.0000,持有
2022-07-05,1849.14,45.81,0.8875,0.00,177159.16,177159.16,0.0000,持有
2022-07-06,1820.94,45.11,0.8810,0.00,177159.16,177159.16,0.0000,持有
2022-07-07,1810.02,44.84,0.8771,0.00,177159.16,177159.16,0.0000,持有
2022-07-08,1818.21,45.04,0.8795,0.00,177159.16,177159.16,0.0000,持有
2022-07-11,1786.01,44.24,0.8743,0.00,177159.16,177159.16,0.0000,持有
2022-07-12,1772.19,43.90,0.8717,0.00,177159.16,177159.16,0.0000,持有
2022-07-13,1781.73,44.14,0.8734,0.00,177159.16,177159.16,0.0000,持有
2022-07-14,1776.37,44.01,0.8724,0.00,177159.16,177159.16,0.0000,持有
2022-07-15,1773.19,43.93,0.8712,0.00,177159.16,177159.16,0.0000,持有
2022-07-18,1775.15,43.98,0.8722,0.00,177159.16,177159.16,0.0000,持有
2022-07-19,1767.36,43.78,0.8690,0.00,177159.16,177159.16,0.0000,持有
2022-07-20,1773.73,43.94,0.8713,0.00,177159.16,177159.16,0.0000,持有
2022-07-21,1763.63,43.69,0.8678,0.00,177159.16,177159.16,0.0000,持有
2022-07-22,1770.91,43.87,0.8697,0.00,177159.16,177159.16,0.0000,持有
2022-07-25,1768.77,43.82,0.8691,0.00,177159.16,177159.16,0.0000,持有
2022-07-26,1773.83,43.94,0.8715,0.00,177159.16,177159.16,0.0000,持有
2022-07-27,1745.99,43.25,0.8637,0.00,177159.16,177159.16,0.0000,持有
2022-07-28,1726.34,42.77,0.8585,0.00,177159.16,177159.16,0.0000,持有
2022-07-29,1726.74,42.78,0.8589,0.00,177159.16,177159.16,0.0000,持有
2022-08-01,1719.34,42.59,0.8544,0.00,177159.16,177159.16,0.0000,持有
2022-08-02,1709.95,42.36,0.8532,0.00,177159.16,177159.16,0.0000,持有
2022-08-03,1714.52,41.11,0.8386,0.00,177159.16,177159.16,0.0000,持有
2022-08-04,1742.72,41.79,0.8464,0.00,177159.16,177159.16,0.0000,持有
2022-08-05,1749.96,41.96,0.8475,0.00,177159.16,177159.16,0.0000,持有
2022-08-08,1738.65,41.69,0.8443,0.00,177159.16,177159.16,0.0000,持有
2022-08-09,1737.26,41.66,0.8440,0.00,177159.16,177159.16,0.0000,持有
2022-08-10,1706.33,40.91,0.8350,0.00,177159.16,177159.16,0.0000,持有
2022-08-11,1734.44,41.59,0.8428,0.00,177159.16,177159.16,0.0000,持有
2022-08-12,1753.63,42.05,0.8490,0.00,177159.16,177159.16,0.0000,持有
2022-08-15,1746.25,41.87,0.8468,0.00,177159.16,177159.16,0.0000,持有
2022-08-16,1744.39,41.83,0.8465,0.00,177159.16,177159.16,0.0000,持有
2022-08-17,1744.53,41.83,0.8466,0.00,177159.16,177159.16,0.0000,持有
2022-08-18,1724.07,41.34,0.8392,0.00,177159.16,177159.16,0.0000,持有
2022-08-19,1723.62,41.33,0.8389,0.00,177159.16,177159.16,0.0000,持有
2022-08-22,1722.69,41.31,0.8383,0.00,177159.16,177159.16,0.0000,持有
2022-08-23,1700.88,40.78,0.8309,0.00,177159.16,177159.16,0.0000,持有
2022-08-24,1686.50,40.44,0.8277,0.00,177159.16,177159.16,0.0000,持有
2022-08-25,1714.52,41.11,0.8352,0.00,177159.16,177159.16,0.0000,持有
2022-08-26,1726.34,41.39,0.8404,0.00,177159.16,177159.16,0.0000,持有
2022-08-29,1708.90,40.98,0.8334,0.00,177159.16,177159.16,0.0000,持有
2022-08-30,1700.88,40.78,0.8299,0.00,177159.16,177159.16,0.0000,持有
2022-08-31,1749.99,41.96,0.8480,0.00,177159.16,177159.16,0.0000,持有
2022-09-01,1710.78,41.02,0.8335,0.00,177159.16,177159.16,0.0000,持有
2022-09-02,1705.42,40.89,0.8310,0.00,177159.16,177159.16,0.0000,持有
2022-09-05,1669.04,40.02,0.8198,0.00,177159.16,177159.16,0.0000,持有
2022-09-06,1678.14,40.24,0.8234,0.00,177159.16,177159.16,0.0000,持有
2022-09-07,1653.59,39.65,0.8141,0.00,177159.16,177159.16,0.0000,持有
2022-09-08,1650.85,39.58,0.8122,0.00,177159.16,177159.16,0.0000,持有
2022-09-09,1677.95,40.23,0.8232,0.00,177159.16,177159.16,0.0000,持有
2022-09-13,1709.06,40.98,0.8333,0.00,177159.16,177159.16,0.0000,持有
2022-09-14,1699.97,40.76,0.8285,0.00,177159.16,177159.16,0.0000,持有
2022-09-15,1709.97,41.00,0.8334,0.00,177159.16,177159.16,0.0000,持有
2022-09-16,1690.87,40.54,0.8260,0.00,177159.16,177159.16,0.0000,持有
2022-09-19,1702.37,40.82,0.8296,0.00,177159.16,177159.16,0.0000,持有
2022-09-20,1708.15,40.96,0.8319,0.00,177159.16,177159.16,0.0000,持有
2022-09-21,1680.87,40.30,0.8233,0.00,177159.16,177159.16,0.0000,持有
2022-09-22,1656.13,39.71,0.8137,0.00,177159.16,177159.16,0.0000,持有
2022-09-23,1668.52,40.01,0.8173,0.00,177159.16,177159.16,0.0000,持有
2022-09-26,1694.51,40.63,0.8264,0.00,177159.16,177159.16,0.0000,持有
2022-09-27,1717.25,41.18,0.8373,0.00,177159.16,177159.16,0.0000,持有
2022-09-28,1712.70,41.07,0.8348,0.00,177159.16,177159.16,0.0000,持有
2022-09-29,1710.29,41.01,0.8336,0.00,177159.16,177159.16,0.0000,持有
2022-09-30,1703.15,40.84,0.8288,0.00,177159.16,177159.16,0.0000,持有
2022-10-10,1624.47,38.95,0.8007,0.00,177159.16,177159.16,0.0000,持有
2022-10-11,1619.01,38.82,0.7992,0.00,177159.16,177159.16,0.0000,持有
2022-10-12,1600.82,38.38,0.7931,0.00,177159.16,177159.16,0.0000,持有
2022-10-13,1546.24,37.08,0.7676,0.00,177159.16,177159.16,0.0000,持有
2022-10-14,1580.46,37.90,0.7856,0.00,177159.16,177159.16,0.0000,持有
2022-10-17,1563.08,36.22,0.7386,0.00,177159.16,177159.16,0.0000,持有
2022-10-18,1551.55,35.96,0.7301,0.00,177159.16,177159.16,0.0000,持有
2022-10-19,1498.95,34.74,0.6854,0.00,177159.16,177159.16,0.0000,持有
2022-10-20,1494.86,34.64,0.6823,0.00,177159.16,177159.16,0.0000,持有
2022-10-21,1477.12,34.23,0.6709,0.00,177159.16,177159.16,0.0000,持有
2022-10-24,1365.50,31.65,0.5672,0.00,177159.16,177159.16,0.0000,持有
2022-10-25,1345.92,31.19,0.5492,0.00,177159.16,177159.16,0.0000,持有
2022-10-26,1331.67,30.86,0.5378,0.00,177159.16,177159.16,0.0000,持有
2022-10-27,1274.29,29.53,0.4955,0.00,177159.16,177159.16,0.0000,持有
2022-10-28,1237.00,28.67,0.4689,0.00,177159.16,177159.16,0.0000,持有
2022-10-31,1227.90,28.46,0.4598,0.00,177159.16,177159.16,0.0000,持有
2022-11-01,1329.78,30.82,0.5365,0.00,177159.16,177159.16,0.0000,持有
2022-11-02,1338.83,31.03,0.5453,0.00,177159.16,177159.16,0.0000,持有
2022-11-03,1309.31,30.34,0.5177,0.00,177159.16,177159.16,0.0000,持有
2022-11-04,1379.41,31.97,0.5771,0.00,177159.16,177159.16,0.0000,持有
2022-11-07,1370.81,31.77,0.5718,0.00,177159.16,177159.16,0.0000,持有
2022-11-08,1350.59,31.30,0.5544,0.00,177159.16,177159.16,0.0000,持有
2022-11-09,1327.87,30.77,0.5332,0.00,177159.16,177159.16,0.0000,持有
2022-11-10,1341.60,31.09,0.5461,0.00,177159.16,177159.16,0.0000,持有
2022-11-11,1389.94,32.21,0.5882,0.00,177159.16,177159.16,0.0000,持有
2022-11-14,1394.35,32.31,0.5944,0.00,177159.16,177159.16,0.0000,持有
2022-11-15,1444.38,33.47,0.6447,0.00,177159.16,177159.16,0.0000,持有
2022-11-16,1441.88,33.42,0.6429,0.00,177159.16,177159.16,0.0000,持有
2022-11-17,1425.28,33.03,0.6262,0.00,177159.16,177159.16,0.0000,持有
2022-11-18,1425.40,33.03,0.6263,0.00,177159.16,177159.16,0.0000,持有
2022-11-21,1382.51,32.04,0.5798,0.00,177159.16,177159.16,0.0000,持有
2022-11-22,1400.68,32.46,0.6006,0.00,177159.16,177159.16,0.0000,持有
2022-11-23,1408.91,32.65,0.6099,0.00,177159.16,177159.16,0.0000,持有
2022-11-24,1382.52,32.04,0.5796,0.00,177159.16,177159.16,0.0000,持有
2022-11-25,1384.36,32.08,0.5816,0.00,177159.16,177159.16,0.0000,持有
2022-11-28,1373.32,31.83,0.5722,0.00,177159.16,177159.16,0.0000,持有
2022-11-29,1454.38,33.71,0.6535,0.00,177159.16,177159.16,0.0000,持有
2022-11-30,1454.38,33.71,0.6533,0.00,177159.16,177159.16,0.0000,持有
2022-12-01,1483.31,34.38,0.6781,0.00,177159.16,177159.16,0.0000,持有
2022-12-02,1486.11,34.44,0.6794,0.00,177159.16,177159.16,0.0000,持有
2022-12-05,1514.32,35.09,0.6985,0.00,177159.16,177159.16,0.0000,持有
2022-12-06,1535.34,35.58,0.7182,0.00,177159.16,177159.16,0.0000,持有
2022-12-07,1531.70,35.50,0.7148,0.00,177159.16,177159.16,0.0000,持有
2022-12-08,1534.44,35.56,0.7171,0.00,177159.16,177159.16,0.0000,持有
2022-12-09,1573.54,36.47,0.7498,0.00,177159.16,177159.16,0.0000,持有
2022-12-12,1581.74,36.66,0.7568,0.00,177159.16,177159.16,0.0000,持有
2022-12-13,1591.73,36.89,0.7660,0.00,177159.16,177159.16,0.0000,持有
2022-12-14,1610.71,37.33,0.7778,0.00,177159.16,177159.16,0.0000,持有
2022-12-15,1625.37,37.67,0.7845,0.00,177159.16,177159.16,0.0000,持有
2022-12-16,1625.26,37.67,0.7839,0.00,177159.16,177159.16,0.0000,持有
2022-12-19,1612.65,37.37,0.7777,0.00,177159.16,177159.16,0.0000,持有
2022-12-20,1559.89,36.15,0.7368,0.00,177159.16,177159.16,0.0000,持有
2022-12-21,1581.72,36.66,0.7554,0.00,177159.16,177159.16,0.0000,持有
2022-12-22,1608.10,37.27,0.7754,0.00,177159.16,177159.16,0.0000,持有
2022-12-23,1610.83,37.33,0.7773,0.00,177159.16,177159.16,0.0000,持有
2022-12-26,1584.51,36.72,0.7569,0.00,177159.16,177159.16,0.0000,持有
2022-12-27,1596.34,36.53,0.7504,0.00,177159.16,177159.16,0.0000,持有
2022-12-28,1596.34,36.53,0.7502,0.00,177159.16,177159.16,0.0000,持有
2022-12-29,1583.45,36.24,0.7389,0.00,177159.16,177159.16,0.0000,持有
2022-12-30,1590.82,36.40,0.7453,0.00,177159.16,177159.16,0.0000,持有
2023-01-03,1593.59,36.47,0.7472,0.00,177159.16,177159.16,0.0000,持有
2023-01-04,1588.98,36.36,0.7420,0.00,177159.16,177159.16,0.0000,持有
2023-01-05,1658.98,37.96,0.7911,0.00,177159.16,177159.16,0.0000,持有
2023-01-06,1661.53,38.02,0.7915,0.00,177159.16,177159.16,0.0000,持有
2023-01-09,1696.01,38.81,0.8028,0.00,177159.16,177159.16,0.0000,持有
2023-01-10,1708.22,39.09,0.8070,0.00,177159.16,177159.16,0.0000,持有
2023-01-11,1699.46,38.89,0.8036,0.00,177159.16,177159.16,0.0000,持有
2023-01-12,1689.38,38.66,0.8002,0.00,177159.16,177159.16,0.0000,持有
2023-01-13,1738.20,39.78,0.8172,0.00,177159.16,177159.16,0.0000,持有
2023-01-16,1762.06,40.32,0.8263,0.00,177159.16,177159.16,0.0000,持有
2023-01-17,1757.54,40.22,0.8236,0.00,177159.16,177159.16,0.0000,持有
2023-01-18,1743.73,39.90,0.8192,0.00,177159.16,177159.16,0.0000,持有
2023-01-19,1731.94,39.63,0.8127,0.00,177159.16,177159.16,0.0000,持有
2023-01-20,1713.34,39.21,0.8062,0.00,177159.16,177159.16,0.0000,持有
2023-01-30,1739.12,39.80,0.8172,0.00,177159.16,177159.16,0.0000,持有
2023-01-31,1700.21,38.91,0.8023,0.00,177159.16,177159.16,0.0000,持有
2023-02-01,1699.48,38.89,0.8017,0.00,177159.16,177159.16,0.0000,持有
2023-02-02,1691.32,38.70,0.7986,0.00,177159.16,177159.16,0.0000,持有
2023-02-03,1674.64,38.32,0.7921,0.00,177159.16,177159.16,0.0000,持有
2023-02-06,1653.45,37.84,0.7844,0.00,177159.16,177159.16,0.0000,持有
2023-02-07,1655.30,37.88,0.7851,0.00,177159.16,177159.16,0.0000,持有
2023-02-08,1643.32,37.61,0.7783,0.00,177159.16,177159.16,0.0000,持有
2023-02-09,1674.64,38.32,0.7921,0.00,177159.16,177159.16,0.0000,持有
2023-02-10,1667.27,38.15,0.7887,0.00,177159.16,177159.16,0.0000,持有
2023-02-13,1709.97,39.13,0.8059,0.00,177159.16,177159.16,0.0000,持有
2023-02-14,1698.40,38.87,0.8007,0.00,177159.16,177159.16,0.0000,持有
2023-02-15,1695.83,38.81,0.7998,0.00,177159.16,177159.16,0.0000,持有
2023-02-16,1715.00,39.25,0.8070,0.00,177159.16,177159.16,0.0000,持有
2023-02-17,1677.20,38.38,0.7928,0.00,177159.16,177159.16,0.0000,持有
2023-02-20,1727.14,39.52,0.8103,0.00,177159.16,177159.16,0.0000,持有
2023-02-21,1719.78,39.36,0.8088,0.00,177159.16,177159.16,0.0000,持有
2023-02-22,1691.22,38.70,0.7973,0.00,177159.16,177159.16,0.0000,持有
2023-02-23,1674.64,38.32,0.7899,0.00,177159.16,177159.16,0.0000,持有
2023-02-24,1647.01,37.69,0.7794,0.00,177159.16,177159.16,0.0000,持有
2023-02-27,1667.65,38.16,0.7866,0.00,177159.16,177159.16,0.0000,持有
2023-02-28,1670.72,38.23,0.7882,0.00,177159.16,177159.16,0.0000,持有
2023-03-01,1693.55,38.76,0.7983,0.00,177159.16,177159.16,0.0000,持有
2023-03-02,1683.85,38.53,0.7952,0.00,177159.16,177159.16,0.0000,持有
2023-03-03,1674.68,38.32,0.7903,0.00,177159.16,177159.16,0.0000,持有
2023-03-06,1664.64,38.09,0.7845,0.00,177159.16,177159.16,0.0000,持有
2023-03-07,1647.28,37.70,0.7780,0.00,177159.16,177159.16,0.0000,持有
2023-03-08,1630.81,37.32,0.7675,0.00,177159.16,177159.16,0.0000,持有
2023-03-09,1630.44,37.31,0.7673,0.00,177159.16,177159.16,0.0000,持有
2023-03-10,1612.00,36.89,0.7553,0.00,177159.16,177159.16,0.0000,持有
2023-03-13,1623.06,37.14,0.7609,0.00,177159.16,177159.16,0.0000,持有
2023-03-14,1626.74,37.23,0.7635,0.00,177159.16,177159.16,0.0000,持有
2023-03-15,1612.85,36.91,0.7558,0.00,177159.16,177159.16,0.0000,持有
2023-03-16,1613.84,36.93,0.7565,0.00,177159.16,177159.16,0.0000,持有
2023-03-17,1604.63,36.72,0.7464,0.00,177159.16,177159.16,0.0000,持有
2023-03-20,1593.21,36.46,0.7359,0.00,177159.16,177159.16,0.0000,持有
2023-03-21,1635.03,37.42,0.7703,0.00,177159.16,177159.16,0.0000,持有
2023-03-22,1633.51,37.38,0.7695,0.00,177159.16,177159.16,0.0000,持有
2023-03-23,1634.90,37.41,0.7699,0.00,177159.16,177159.16,0.0000,持有
2023-03-24,1638.37,37.49,0.7718,0.00,177159.16,177159.16,0.0000,持有
2023-03-27,1628.39,37.26,0.7651,0.00,177159.16,177159.16,0.0000,持有
2023-03-28,1641.29,37.56,0.7732,0.00,177159.16,177159.16,0.0000,持有
2023-03-29,1648.85,37.73,0.7791,0.00,177159.16,177159.16,0.0000,持有
2023-03-30,1658.06,37.94,0.7835,0.00,177159.16,177159.16,0.0000,持有
2023-03-31,1676.48,36.45,0.7339,0.00,177159.16,177159.16,0.0000,持有
2023-04-03,1659.97,36.10,0.7204,0.00,177159.16,177159.16,0.0000,持有
2023-04-04,1671.50,36.35,0.7282,0.00,177159.16,177159.16,0.0000,持有
2023-04-06,1655.26,35.99,0.7159,0.00,177159.16,177159.16,0.0000,持有
2023-04-07,1649.76,35.87,0.7114,0.00,177159.16,177159.16,0.0000,持有
2023-04-10,1631.99,35.49,0.6967,0.00,177159.16,177159.16,0.0000,持有
2023-04-11,1607.86,34.96,0.6767,0.00,177159.16,177159.16,0.0000,持有
2023-04-12,1560.51,33.93,0.6454,0.00,177159.16,177159.16,0.0000,持有
2023-04-13,1587.13,34.51,0.6643,0.00,177159.16,177159.16,0.0000,持有
2023-04-14,1578.31,34.32,0.6586,0.00,177159.16,177159.16,0.0000,持有
2023-04-17,1614.77,35.11,0.6814,0.00,177159.16,177159.16,0.0000,持有
2023-04-18,1619.37,35.21,0.6858,0.00,177159.16,177159.16,0.0000,持有
2023-04-19,1620.29,35.23,0.6863,0.00,177159.16,177159.16,0.0000,持有
2023-04-20,1604.52,34.89,0.6750,0.00,177159.16,177159.16,0.0000,持有
2023-04-21,1589.41,34.56,0.6640,0.00,177159.16,177159.16,0.0000,持有
2023-04-24,1570.55,34.15,0.6521,0.00,177159.16,177159.16,0.0000,持有
2023-04-25,1593.93,34.66,0.6679,0.00,177159.16,177159.16,0.0000,持有
2023-04-26,1606.39,33.06,0.6087,0.00,177159.16,177159.16,0.0000,持有
2023-04-27,1619.30,33.32,0.6211,0.00,177159.16,177159.16,0.0000,持有
2023-04-28,1621.69,33.37,0.6225,0.00,177159.16,177159.16,0.0000,持有
2023-05-04,1611.91,33.17,0.6158,0.00,177159.16,177159.16,0.0000,持有
2023-05-05,1612.00,33.17,0.6160,0.00,177159.16,177159.16,0.0000,持有
2023-05-08,1584.85,32.62,0.5888,0.00,177159.16,177159.16,0.0000,持有
2023-05-09,1586.21,32.64,0.5907,0.00,177159.16,177159.16,0.0000,持有
2023-05-10,1588.97,32.70,0.5945,0.00,177159.16,177159.16,0.0000,持有
2023-05-11,1581.67,32.55,0.5864,0.00,177159.16,177159.16,0.0000,持有
2023-05-12,1571.84,32.35,0.5755,0.00,177159.16,177159.16,0.0000,持有
2023-05-15,1580.96,32.54,0.5854,0.00,177159.16,177159.16,0.0000,持有
2023-05-16,1568.98,32.29,0.5715,0.00,177159.16,177159.16,0.0000,持有
2023-05-17,1566.87,32.25,0.5695,0.00,177159.16,177159.16,0.0000,持有
2023-05-18,1557.65,32.06,0.5601,0.00,177159.16,177159.16,0.0000,持有
2023-05-19,1565.48,32.22,0.5679,0.00,177159.16,177159.16,0.0000,持有
2023-05-22,1608.32,33.10,0.6120,0.00,177159.16,177159.16,0.0000,持有
2023-05-23,1588.56,32.69,0.5950,0.00,177159.16,177159.16,0.0000,持有
2023-05-24,1575.99,32.43,0.5799,0.00,177159.16,177159.16,0.0000,持有
2023-05-25,1566.87,32.25,0.5690,0.00,177159.16,177159.16,0.0000,持有
2023-05-26,1557.25,32.05,0.5588,0.00,177159.16,177159.16,0.0000,持有
2023-05-29,1555.81,32.02,0.5571,0.00,177159.16,177159.16,0.0000,持有
2023-05-30,1536.74,31.63,0.5444,0.00,177159.16,177159.16,0.0000,持有
2023-05-31,1500.45,30.88,0.5168,0.00,177159.16,177159.16,0.0000,持有
2023-06-01,1506.92,31.01,0.5221,0.00,177159.16,177159.16,0.0000,持有
2023-06-02,1538.86,31.67,0.5470,0.00,177159.16,177159.16,0.0000,持有
2023-06-05,1533.70,31.56,0.5425,0.00,177159.16,177159.16,0.0000,持有
2023-06-06,1535.54,31.60,0.5436,0.00,177159.16,177159.16,0.0000,持有
2023-06-07,1520.72,31.30,0.5318,0.00,177159.16,177159.16,0.0000,持有
2023-06-08,1536.47,31.62,0.5442,0.00,177159.16,177159.16,0.0000,持有
2023-06-09,1534.63,31.58,0.5428,0.00,177159.16,177159.16,0.0000,持有
2023-06-12,1562.26,32.15,0.5645,0.00,177159.16,177159.16,0.0000,持有
2023-06-13,1565.02,32.21,0.5677,0.00,177159.16,177159.16,0.0000,持有
2023-06-14,1590.71,32.74,0.5991,0.00,177159.16,177159.16,0.0000,持有
2023-06-15,1616.61,33.27,0.6209,0.00,177159.16,177159.16,0.0000,持有
2023-06-16,1655.93,34.08,0.6523,0.00,177159.16,177159.16,0.0000,持有
2023-06-19,1606.48,33.06,0.6108,0.00,177159.16,177159.16,0.0000,持有
2023-06-20,1605.98,33.05,0.6100,0.00,177159.16,177159.16,0.0000,持有
2023-06-21,1598.95,32.91,0.6043,0.00,177159.16,177159.16,0.0000,持有
2023-06-26,1574.24,32.40,0.5798,0.00,177159.16,177159.16,0.0000,持有
2023-06-27,1576.12,32.44,0.5809,0.00,177159.16,177159.16,0.0000,持有
2023-06-28,1592.09,32.76,0.5995,0.00,177159.16,177159.16,0.0000,持有
2023-06-29,1578.57,32.49,0.5830,0.00,177159.16,177159.16,0.0000,持有
2023-06-30,1581.57,32.06,0.5585,0.00,177159.16,177159.16,0.0000,持有
2023-07-03,1612.52,32.68,0.5950,0.00,177159.16,177159.16,0.0000,持有
2023-07-04,1618.60,32.81,0.6012,0.00,177159.16,177159.16,0.0000,持有
2023-07-05,1604.37,32.52,0.5859,0.00,177159.16,177159.16,0.0000,持有
2023-07-06,1592.77,32.28,0.5709,0.00,177159.16,177159.16,0.0000,持有
2023-07-07,1580.66,32.04,0.5565,0.00,177159.16,177159.16,0.0000,持有
2023-07-10,1590.83,32.24,0.5684,0.00,177159.16,177159.16,0.0000,持有
2023-07-11,1599.34,32.42,0.5800,0.00,177159.16,177159.16,0.0000,持有
2023-07-12,1602.89,32.49,0.5832,0.00,177159.16,177159.16,0.0000,持有
2023-07-13,1625.90,32.95,0.6072,0.00,177159.16,177159.16,0.0000,持有
2023-07-14,1639.55,33.23,0.6218,0.00,177159.16,177159.16,0.0000,持有
2023-07-17,1618.01,32.79,0.6005,0.00,177159.16,177159.16,0.0000,持有
2023-07-18,1611.31,32.66,0.5927,0.00,177159.16,177159.16,0.0000,持有
2023-07-19,1611.50,32.66,0.5932,0.00,177159.16,177159.16,0.0000,持有
2023-07-20,1612.43,32.68,0.5948,0.00,177159.16,177159.16,0.0000,持有
2023-07-21,1656.67,33.58,0.6354,0.00,177159.16,177159.16,0.0000,持有
2023-07-24,1656.53,33.58,0.6352,0.00,177159.16,177159.16,0.0000,持有
2023-07-25,1710.22,34.66,0.6739,0.00,177159.16,177159.16,0.0000,持有
2023-07-26,1710.22,34.66,0.6737,0.00,177159.16,177159.16,0.0000,持有
2023-07-27,1719.08,34.84,0.6792,0.00,177159.16,177159.16,0.0000,持有
2023-07-28,1774.24,35.96,0.7221,0.00,177159.16,177159.16,0.0000,持有
2023-07-31,1758.88,35.65,0.7099,0.00,177159.16,177159.16,0.0000,持有
2023-08-01,1766.75,35.81,0.7154,0.00,177159.16,177159.16,0.0000,持有
2023-08-02,1758.34,35.64,0.7091,0.00,177159.16,177159.16,0.0000,持有
2023-08-03,1756.90,34.25,0.6592,0.00,177159.16,177159.16,0.0000,持有
2023-08-04,1770.93,34.52,0.6684,0.00,177159.16,177159.16,0.0000,持有
2023-08-07,1765.75,34.42,0.6643,0.00,177159.16,177159.16,0.0000,持有
2023-08-08,1767.69,34.46,0.6665,0.00,177159.16,177159.16,0.0000,持有
2023-08-09,1767.95,34.46,0.6666,0.00,177159.16,177159.16,0.0000,持有
2023-08-10,1753.66,34.18,0.6567,0.00,177159.16,177159.16,0.0000,持有
2023-08-11,1715.31,33.44,0.6289,0.00,177159.16,177159.16,0.0000,持有
2023-08-14,1686.32,32.87,0.6014,0.00,177159.16,177159.16,0.0000,持有
2023-08-15,1695.65,33.05,0.6093,0.00,177159.16,177159.16,0.0000,持有
2023-08-16,1702.22,33.18,0.6184,0.00,177159.16,177159.16,0.0000,持有
2023-08-17,1709.75,33.33,0.6242,0.00,177159.16,177159.16,0.0000,持有
2023-08-18,1685.94,32.86,0.6007,0.00,177159.16,177159.16,0.0000,持有
2023-08-21,1675.10,32.65,0.5882,0.00,177159.16,177159.16,0.0000,持有
2023-08-22,1672.29,32.60,0.5847,0.00,177159.16,177159.16,0.0000,持有
2023-08-23,1659.20,32.34,0.5695,0.00,177159.16,177159.16,0.0000,持有
2023-08-24,1698.76,33.11,0.6146,0.00,177159.16,177159.16,0.0000,持有
2023-08-25,1706.88,33.27,0.6210,0.00,177159.16,177159.16,0.0000,持有
2023-08-28,1716.22,33.45,0.6304,0.00,177159.16,177159.16,0.0000,持有
2023-08-29,1731.52,33.75,0.6422,0.00,177159.16,177159.16,0.0000,持有
2023-08-30,1735.89,33.84,0.6444,0.00,177159.16,177159.16,0.0000,持有
2023-08-31,1727.47,33.67,0.6370,0.00,177159.16,177159.16,0.0000,持有
2023-09-01,1731.26,33.75,0.6416,0.00,177159.16,177159.16,0.0000,持有
2023-09-04,1745.24,34.02,0.6522,0.00,177159.16,177159.16,0.0000,持有
2023-09-05,1738.41,33.89,0.6469,0.00,177159.16,177159.16,0.0000,持有
2023-09-06,1740.57,33.93,0.6485,0.00,177159.16,177159.16,0.0000,持有
2023-09-07,1719.05,33.51,0.6304,0.00,177159.16,177159.16,0.0000,持有
2023-09-08,1700.82,33.15,0.6144,0.00,177159.16,177159.16,0.0000,持有
2023-09-11,1704.25,33.22,0.6178,0.00,177159.16,177159.16,0.0000,持有
2023-09-12,1702.18,33.18,0.6167,0.00,177159.16,177159.16,0.0000,持有
2023-09-13,1702.13,33.18,0.6165,0.00,177159.16,177159.16,0.0000,持有
2023-09-14,1700.99,33.16,0.6143,0.00,177159.16,177159.16,0.0000,持有
2023-09-15,1666.67,32.49,0.5756,0.00,177159.16,177159.16,0.0000,持有
2023-09-18,1710.82,33.35,0.6249,0.00,177159.16,177159.16,0.0000,持有
2023-09-19,1708.71,33.31,0.6221,0.00,177159.16,177159.16,0.0000,持有
2023-09-20,1705.96,33.25,0.6189,0.00,177159.16,177159.16,0.0000,持有
2023-09-21,1682.01,32.79,0.5940,0.00,177159.16,177159.16,0.0000,持有
2023-09-22,1729.34,33.71,0.6397,0.00,177159.16,177159.16,0.0000,持有
2023-09-25,1713.80,33.41,0.6276,0.00,177159.16,177159.16,0.0000,持有
2023-09-26,1698.48,33.11,0.6107,0.00,177159.16,177159.16,0.0000,持有
2023-09-27,1696.61,33.07,0.6070,0.00,177159.16,177159.16,0.0000,持有
2023-09-28,1682.16,32.79,0.5934,0.00,177159.16,177159.16,0.0000,持有
2023-10-09,1662.00,32.40,0.5697,0.00,177159.16,177159.16,0.0000,持有
2023-10-10,1655.45,32.27,0.5603,0.00,177159.16,177159.16,0.0000,持有
2023-10-11,1663.40,32.42,0.5709,0.00,177159.16,177159.16,0.0000,持有
2023-10-12,1670.42,32.56,0.5799,0.00,177159.16,177159.16,0.0000,持有
2023-10-13,1637.68,31.92,0.5411,0.00,177159.16,177159.16,0.0000,持有
2023-10-16,1617.95,31.54,0.5270,0.00,177159.16,177159.16,0.0000,持有
2023-10-17,1614.30,31.47,0.5245,0.00,177159.16,177159.16,0.0000,持有
2023-10-18,1616.17,31.50,0.5258,0.00,177159.16,177159.16,0.0000,持有
2023-10-19,1524.51,29.72,0.4660,0.00,177159.16,177159.16,0.0000,持有
2023-10-20,1538.54,29.99,0.4724,0.00,177159.16,177159.16,0.0000,持有
2023-10-23,1537.59,29.01,0.4471,0.00,177159.16,177159.16,0.0000,持有
2023-10-24,1536.63,28.99,0.4467,0.00,177159.16,177159.16,0.0000,持有
2023-10-25,1568.94,29.60,0.4640,0.00,177159.16,177159.16,0.0000,持有
2023-10-26,1564.01,29.51,0.4612,0.00,177159.16,177159.16,0.0000,持有
2023-10-27,1568.20,29.59,0.4634,0.00,177159.16,177159.16,0.0000,持有
2023-10-30,1572.21,29.66,0.4660,0.00,177159.16,177159.16,0.0000,持有
2023-10-31,1575.56,29.72,0.4670,0.00,177159.16,177159.16,0.0000,持有
2023-11-01,1665.73,31.43,0.5237,0.00,177159.16,177159.16,0.0000,持有
2023-11-02,1664.34,31.40,0.5226,0.00,177159.16,177159.16,0.0000,持有
2023-11-03,1694.03,31.96,0.5438,0.00,177159.16,177159.16,0.0000,持有
2023-11-06,1694.74,31.97,0.5454,0.00,177159.16,177159.16,0.0000,持有
2023-11-07,1675.25,31.61,0.5322,0.00,177159.16,177159.16,0.0000,持有
2023-11-08,1681.96,31.73,0.5380,0.00,177159.16,177159.16,0.0000,持有
2023-11-09,1678.00,31.66,0.5354,0.00,177159.16,177159.16,0.0000,持有
2023-11-10,1660.92,31.33,0.5199,0.00,177159.16,177159.16,0.0000,持有
2023-11-13,1649.84,31.13,0.5112,0.00,177159.16,177159.16,0.0000,持有
2023-11-14,1651.03,31.15,0.5117,0.00,177159.16,177159.16,0.0000,持有
2023-11-15,1658.19,31.28,0.5180,0.00,177159.16,177159.16,0.0000,持有
2023-11-16,1646.15,31.06,0.5090,0.00,177159.16,177159.16,0.0000,持有
2023-11-17,1639.95,30.94,0.5047,0.00,177159.16,177159.16,0.0000,持有
2023-11-20,1648.44,31.10,0.5108,0.00,177159.16,177159.16,0.0000,持有
2023-11-21,1674.16,31.58,0.5318,0.00,177159.16,177159.16,0.0000,持有
2023-11-22,1666.22,31.43,0.5240,0.00,177159.16,177159.16,0.0000,持有
2023-11-23,1670.42,31.51,0.5280,0.00,177159.16,177159.16,0.0000,持有
2023-11-24,1662.00,31.36,0.5213,0.00,177159.16,177159.16,0.0000,持有
2023-11-27,1648.91,31.11,0.5103,0.00,177159.16,177159.16,0.0000,持有
2023-11-28,1654.56,31.21,0.5152,0.00,177159.16,177159.16,0.0000,持有
2023-11-29,1659.86,31.31,0.5197,0.00,177159.16,177159.16,0.0000,持有
2023-11-30,1675.56,31.61,0.5343,0.00,177159.16,177159.16,0.0000,持有
2023-12-01,1646.36,31.06,0.5079,0.00,177159.16,177159.16,0.0000,持有
2023-12-04,1637.41,30.89,0.5010,0.00,177159.16,177159.16,0.0000,持有
2023-12-05,1598.40,30.16,0.4750,0.00,177159.16,177159.16,0.0000,持有
2023-12-06,1592.79,30.05,0.4725,0.00,177159.16,177159.16,0.0000,持有
2023-12-07,1589.98,30.00,0.4703,0.00,177159.16,177159.16,0.0000,持有
2023-12-08,1594.59,30.08,0.4737,0.00,177159.16,177159.16,0.0000,持有
2023-12-12,1599.33,30.17,0.4765,0.00,177159.16,177159.16,0.0000,持有
2023-12-13,1552.57,29.29,0.4509,0.00,177159.16,177159.16,0.0000,持有
2023-12-14,1530.03,28.87,0.4372,0.00,177159.16,177159.16,0.0000,持有
2023-12-15,1538.54,29.03,0.4433,0.00,177159.16,177159.16,0.0000,持有
2023-12-18,1554.44,29.33,0.4528,0.00,177159.16,177159.16,0.0000,持有
2023-12-19,1566.60,29.56,0.4597,0.00,177159.16,177159.16,0.0000,持有
2023-12-20,1560.83,29.11,0.4464,0.00,177159.16,177159.16,0.0000,持有
2023-12-21,1579.95,29.47,0.4565,0.00,177159.16,177159.16,0.0000,持有
2023-12-22,1580.57,29.48,0.4567,0.00,177159.16,177159.16,0.0000,持有
2023-12-25,1581.84,29.50,0.4577,0.00,177159.16,177159.16,0.0000,持有
2023-12-26,1579.95,29.47,0.4561,0.00,177159.16,177159.16,0.0000,持有
2023-12-27,1577.17,29.42,0.4548,0.00,177159.16,177159.16,0.0000,持有
2023-12-28,1631.98,30.44,0.4851,0.00,177159.16,177159.16,0.0000,持有
2023-12-29,1632.93,30.46,0.4864,0.00,177159.16,177159.16,0.0000,持有
2024-01-02,1594.15,29.73,0.4646,0.00,177159.16,177159.16,0.0000,持有
2024-01-03,1602.66,29.89,0.4683,0.00,177159.16,177159.16,0.0000,持有
2024-01-04,1579.00,29.45,0.4553,0.00,177159.16,177159.16,0.0000,持有
2024-01-05,1573.67,29.35,0.4523,0.00,177159.16,177159.16,0.0000,持有
2024-01-08,1555.34,29.01,0.4410,0.00,177159.16,177159.16,0.0000,持有
2024-01-09,1552.51,28.96,0.4386,0.00,177159.16,177159.16,0.0000,持有
2024-01-10,1552.99,28.96,0.4393,0.00,177159.16,177159.16,0.0000,持有
2024-01-11,1557.78,29.05,0.4433,0.00,177159.16,177159.16,0.0000,持有
2024-01-12,1554.46,28.99,0.4405,0.00,177159.16,177159.16,0.0000,持有
2024-01-15,1551.57,28.94,0.4375,0.00,177159.16,177159.16,0.0000,持有
2024-01-16,1551.03,28.93,0.4368,0.00,177159.16,177159.16,0.0000,持有
2024-01-17,1491.97,27.83,0.4034,0.00,177159.16,177159.16,0.0000,持有
2024-01-18,1524.01,28.42,0.4182,0.00,177159.16,177159.16,0.0000,持有
2024-01-19,1546.84,28.85,0.4344,0.00,177159.16,177159.16,0.0000,持有
2024-01-22,1553.46,28.97,0.4406,0.00,177159.16,177159.16,0.0000,持有
2024-01-23,1531.70,28.57,0.4251,0.00,177159.16,177159.16,0.0000,持有
2024-01-24,1538.32,28.69,0.4296,0.00,177159.16,177159.16,0.0000,持有
2024-01-25,1549.68,28.90,0.4370,0.00,177159.16,177159.16,0.0000,持有
2024-01-26,1549.03,28.89,0.4360,0.00,177159.16,177159.16,0.0000,持有
2024-01-29,1561.03,29.11,0.4475,0.00,177159.16,177159.16,0.0000,持有
2024-01-30,1526.02,28.46,0.4204,0.00,177159.16,177159.16,0.0000,持有
2024-01-31,1518.37,28.32,0.4150,0.00,177159.16,177159.16,0.0000,持有
2024-02-01,1523.21,28.41,0.4172,0.00,177159.16,177159.16,0.0000,持有
2024-02-02,1509.94,28.16,0.4119,0.00,177159.16,177159.16,0.0000,持有
2024-02-05,1542.12,28.76,0.4315,0.00,177159.16,177159.16,0.0000,持有
2024-02-06,1585.63,29.57,0.4639,0.00,177159.16,177159.16,0.0000,持有
2024-02-07,1618.73,30.19,0.4829,0.00,177159.16,177159.16,0.0000,持有
2024-02-08,1614.01,30.10,0.4796,0.00,177159.16,177159.16,0.0000,持有
2024-02-19,1604.01,29.92,0.4722,0.00,177159.16,177159.16,0.0000,持有
2024-02-20,1579.95,29.47,0.4587,0.00,177159.16,177159.16,0.0000,持有
2024-02-21,1625.04,30.31,0.4852,0.00,177159.16,177159.16,0.0000,持有
2024-02-22,1625.72,30.32,0.4860,0.00,177159.16,177159.16,0.0000,持有
2024-02-23,1621.66,30.25,0.4844,0.00,177159.16,177159.16,0.0000,持有
2024-02-26,1603.58,29.91,0.4718,0.00,177159.16,177159.16,0.0000,持有
2024-02-27,1598.40,29.81,0.4690,0.00,177159.16,177159.16,0.0000,持有
2024-02-28,1590.88,29.67,0.4660,0.00,177159.16,177159.16,0.0000,持有
2024-02-29,1603.60,29.91,0.4722,0.00,177159.16,177159.16,0.0000,持有
2024-03-01,1594.20,29.73,0.4675,0.00,177159.16,177159.16,0.0000,持有
2024-03-04,1585.91,29.58,0.4627,0.00,177159.16,177159.16,0.0000,持有
2024-03-05,1603.70,29.91,0.4727,0.00,177159.16,177159.16,0.0000,持有
2024-03-06,1589.93,29.65,0.4653,0.00,177159.16,177159.16,0.0000,持有
2024-03-07,1592.85,29.71,0.4666,0.00,177159.16,177159.16,0.0000,持有
2024-03-08,1581.30,29.49,0.4590,0.00,177159.16,177159.16,0.0000,持有
2024-03-11,1603.12,29.90,0.4724,0.00,177159.16,177159.16,0.0000,持有
2024-03-12,1650.91,30.79,0.5058,0.00,177159.16,177159.16,0.0000,持有
2024-03-13,1634.30,30.48,0.4935,0.00,177159.16,177159.16,0.0000,持有
2024-03-14,1624.07,30.29,0.4864,0.00,177159.16,177159.16,0.0000,持有
2024-03-15,1624.88,30.31,0.4866,0.00,177159.16,177159.16,0.0000,持有
2024-03-18,1616.15,30.14,0.4813,0.00,177159.16,177159.16,0.0000,持有
2024-03-19,1615.92,30.14,0.4811,0.00,177159.16,177159.16,0.0000,持有
2024-03-20,1617.41,30.17,0.4827,0.00,177159.16,177159.16,0.0000,持有
2024-03-21,1616.85,30.16,0.4817,0.00,177159.16,177159.16,0.0000,持有
2024-03-22,1609.61,30.02,0.4767,0.00,177159.16,177159.16,0.0000,持有
2024-03-25,1597.94,29.80,0.4682,0.00,177159.16,177159.16,0.0000,持有
2024-03-26,1617.12,30.16,0.4830,0.00,177159.16,177159.16,0.0000,持有
2024-03-27,1609.28,30.01,0.4760,0.00,177159.16,177159.16,0.0000,持有
2024-03-28,1609.88,30.03,0.4770,0.00,177159.16,177159.16,0.0000,持有
2024-03-29,1611.08,30.05,0.4783,0.00,177159.16,177159.16,0.0000,持有
2024-04-01,1628.51,30.37,0.4908,0.00,177159.16,177159.16,0.0000,持有
2024-04-02,1621.57,30.24,0.4866,0.00,177159.16,177159.16,0.0000,持有
2024-04-03,1622.63,28.83,0.4291,0.00,177159.16,177159.16,0.0000,持有
2024-04-08,1576.79,28.01,0.4034,0.00,177159.16,177159.16,0.0000,持有
2024-04-09,1572.59,27.94,0.4007,0.00,177159.16,177159.16,0.0000,持有
2024-04-10,1559.12,27.70,0.3963,0.00,177159.16,177159.16,0.0000,持有
2024-04-11,1559.14,27.70,0.3964,0.00,177159.16,177159.16,0.0000,持有
2024-04-12,1545.92,27.47,0.3897,0.00,177159.16,177159.16,0.0000,持有
2024-04-15,1582.77,28.12,0.4065,0.00,177159.16,177159.16,0.0000,持有
2024-04-16,1579.95,28.07,0.4050,0.00,177159.16,177159.16,0.0000,持有
2024-04-17,1577.11,28.02,0.4040,0.00,177159.16,177159.16,0.0000,持有
2024-04-18,1580.69,28.08,0.4056,0.00,177159.16,177159.16,0.0000,持有
2024-04-19,1557.85,27.68,0.3952,0.00,177159.16,177159.16,0.0000,持有
2024-04-22,1584.74,28.16,0.4088,0.00,177159.16,177159.16,0.0000,持有
2024-04-23,1601.03,28.45,0.4161,0.00,177159.16,177159.16,0.0000,持有
2024-04-24,1602.28,28.47,0.4186,0.00,177159.16,177159.16,0.0000,持有
2024-04-25,1601.75,28.46,0.4179,0.00,177159.16,177159.16,0.0000,持有
2024-04-26,1617.25,28.73,0.4289,0.00,177159.16,177159.16,0.0000,持有
2024-04-29,1612.12,27.44,0.3879,0.00,177159.16,177159.16,0.0000,持有
2024-04-30,1613.06,27.46,0.3881,0.00,177159.16,177159.16,0.0000,持有
2024-05-06,1665.29,28.35,0.4134,0.00,177159.16,177159.16,0.0000,持有
2024-05-07,1674.56,28.50,0.4207,0.00,177159.16,177159.16,0.0000,持有
2024-05-08,1668.85,28.41,0.4146,0.00,177159.16,177159.16,0.0000,持有
2024-05-09,1661.31,28.28,0.4108,0.00,177159.16,177159.16,0.0000,持有
2024-05-10,1645.21,28.00,0.4024,0.00,177159.16,177159.16,0.0000,持有
2024-05-13,1614.01,27.47,0.3886,0.00,177159.16,177159.16,0.0000,持有
2024-05-14,1610.21,27.41,0.3868,0.00,177159.16,177159.16,0.0000,持有
2024-05-15,1608.33,27.38,0.3861,0.00,177159.16,177159.16,0.0000,持有
2024-05-16,1612.59,27.45,0.3877,0.00,177159.16,177159.16,0.0000,持有
2024-05-17,1622.52,27.62,0.3933,0.00,177159.16,177159.16,0.0000,持有
2024-05-20,1616.85,27.52,0.3906,0.00,177159.16,177159.16,0.0000,持有
2024-05-21,1613.06,27.46,0.3876,0.00,177159.16,177159.16,0.0000,持有
2024-05-22,1606.17,27.34,0.3853,0.00,177159.16,177159.16,0.0000,持有
2024-05-23,1600.77,27.25,0.3823,0.00,177159.16,177159.16,0.0000,持有
2024-05-24,1586.65,27.01,0.3765,0.00,177159.16,177159.16,0.0000,持有
2024-05-27,1580.06,26.90,0.3724,0.00,177159.16,177159.16,0.0000,持有
2024-05-28,1574.88,26.81,0.3706,0.00,177159.16,177159.16,0.0000,持有
2024-05-29,1583.73,26.96,0.3748,0.00,177159.16,177159.16,0.0000,持有
2024-05-30,1560.08,26.56,0.3633,0.00,177159.16,177159.16,0.0000,持有
2024-05-31,1559.56,26.55,0.3626,0.00,177159.16,177159.16,0.0000,持有
2024-06-03,1550.99,26.40,0.3580,0.00,177159.16,177159.16,0.0000,持有
2024-06-04,1564.06,26.62,0.3661,0.00,177159.16,177159.16,0.0000,持有
2024-06-05,1555.35,26.48,0.3595,0.00,177159.16,177159.16,0.0000,持有
2024-06-06,1551.39,26.41,0.3579,0.00,177159.16,177159.16,0.0000,持有
2024-06-07,1531.87,26.08,0.3493,0.00,177159.16,177159.16,0.0000,持有
2024-06-11,1484.40,25.27,0.3348,0.00,177159.16,177159.16,0.0000,持有
2024-06-12,1486.93,25.31,0.3355,0.00,177159.16,177159.16,0.0000,持有
2024-06-13,1471.16,25.04,0.3286,0.00,177159.16,177159.16,0.0000,持有
2024-06-14,1471.15,25.04,0.3285,0.00,177159.16,177159.16,0.0000,持有
2024-06-17,1458.38,24.82,0.3228,0.00,177159.16,177159.16,0.0000,持有
2024-06-18,1439.46,24.50,0.3142,0.00,177159.16,177159.16,0.0000,持有
2024-06-19,1449.48,24.17,0.3084,0.00,177159.16,177159.16,0.0000,持有
2024-06-20,1448.61,24.16,0.3080,0.00,177159.16,177159.16,0.0000,持有
2024-06-21,1420.51,23.69,0.2921,0.00,177159.16,177159.16,0.0000,买入(补至30%)
2024-06-24,1425.87,23.78,0.2960,52757.26,126312.71,179069.96,0.2946,持有
2024-06-25,1435.63,23.94,0.3001,53118.13,126312.71,179430.84,0.2960,持有
2024-06-26,1438.11,23.98,0.3015,53209.96,126312.71,179522.66,0.2964,持有
2024-06-27,1439.33,24.00,0.3031,53255.34,126312.71,179568.04,0.2966,持有
2024-06-28,1417.03,23.63,0.2903,52429.97,126312.71,178742.68,0.2933,持有
2024-07-01,1390.94,23.20,0.2775,51464.90,126312.71,177777.61,0.2895,持有
2024-07-02,1439.54,24.01,0.3040,53262.84,126312.71,179575.54,0.2966,持有
2024-07-03,1448.52,24.16,0.3095,53595.13,126312.71,179907.83,0.2979,持有
2024-07-04,1434.75,23.93,0.2995,53085.62,126312.71,179398.32,0.2959,持有
2024-07-05,1403.13,23.40,0.2825,51915.81,126312.71,178228.52,0.2913,持有
2024-07-08,1371.26,22.87,0.2703,50736.72,126312.71,177049.43,0.2866,持有
2024-07-09,1388.67,23.16,0.2762,51380.94,126312.71,177693.64,0.2892,持有
2024-07-10,1388.25,23.15,0.2761,51365.21,126312.71,177677.92,0.2891,持有
2024-07-11,1411.91,23.55,0.2890,52240.60,126312.71,178553.31,0.2926,持有
2024-07-12,1428.06,23.82,0.2974,52838.37,126312.71,179151.07,0.2949,持有
2024-07-15,1424.28,23.75,0.2950,52698.30,126312.71,179011.01,0.2944,持有
2024-07-16,1425.34,23.77,0.2961,52737.61,126312.71,179050.31,0.2945,持有
2024-07-17,1449.87,24.18,0.3123,53645.15,126312.71,179957.86,0.2981,持有
2024-07-18,1446.11,24.12,0.3097,53506.16,126312.71,179818.87,0.2976,持有
2024-07-19,1473.26,24.57,0.3189,54510.53,126312.71,180823.24,0.3015,持有
2024-07-22,1447.55,24.14,0.3101,53559.40,126312.71,179872.10,0.2978,持有
2024-07-23,1405.06,23.43,0.2847,51987.28,126312.71,178299.98,0.2916,持有
2024-07-24,1390.60,23.19,0.2767,51452.04,126312.71,177764.74,0.2894,持有
2024-07-25,1381.39,23.04,0.2735,51111.53,126312.71,177424.24,0.2881,持有
2024-07-26,1373.38,22.90,0.2701,50814.97,126312.71,177127.68,0.2869,持有
2024-07-29,1350.04,22.51,0.2647,49951.37,126312.71,176264.08,0.2834,持有
2024-07-30,1332.63,22.22,0.2590,49307.16,126312.71,175619.87,0.2808,持有
2024-07-31,1372.50,22.89,0.2701,50782.46,126312.71,177095.16,0.2868,持有
2024-08-01,1338.58,22.32,0.2614,49527.62,126312.71,175840.32,0.2817,持有
2024-08-02,1337.90,22.31,0.2613,49502.25,126312.71,175814.95,0.2816,持有
2024-08-05,1361.62,22.71,0.2674,50379.78,126312.71,176692.48,0.2851,持有
2024-08-06,1356.49,22.62,0.2670,50190.05,126312.71,176502.76,0.2844,持有
2024-08-07,1366.92,22.80,0.2692,50575.94,126312.71,176888.64,0.2859,持有
2024-08-08,1381.59,23.04,0.2756,51118.68,126312.71,177431.38,0.2881,持有
2024-08-09,1387.49,22.44,0.2637,51336.99,126312.71,177649.69,0.2890,持有
2024-08-12,1386.81,22.42,0.2634,51311.98,126312.71,177624.68,0.2889,持有
2024-08-13,1374.17,22.22,0.2583,50844.27,126312.71,177156.97,0.2870,持有
2024-08-14,1364.79,22.07,0.2548,50497.33,126312.71,176810.04,0.2856,持有
2024-08-15,1377.92,22.28,0.2606,50982.90,126312.71,177295.61,0.2876,持有
2024-08-16,1382.08,22.35,0.2628,51136.90,126312.71,177449.60,0.2882,持有
2024-08-19,1376.52,22.26,0.2597,50931.09,126312.71,177243.80,0.2874,持有
2024-08-20,1373.89,22.22,0.2576,50833.91,126312.71,177146.61,0.2870,持有
2024-08-21,1368.93,22.14,0.2559,50650.26,126312.71,176962.96,0.2862,持有
2024-08-22,1361.65,22.02,0.2538,50381.21,126312.71,176693.91,0.2851,持有
2024-08-23,1366.42,22.09,0.2554,50557.71,126312.71,176870.42,0.2858,持有
2024-08-26,1363.54,22.05,0.2540,50450.88,126312.71,176763.59,0.2854,持有
2024-08-27,1355.88,21.92,0.2528,50167.54,126312.71,176480.25,0.2843,持有
2024-08-28,1341.33,21.69,0.2499,49629.09,126312.71,175941.79,0.2821,持有
2024-08-29,1364.79,22.07,0.2552,50497.33,126312.71,176810.04,0.2856,持有
2024-08-30,1393.66,22.54,0.2682,51565.30,126312.71,177878.01,0.2899,持有
2024-09-02,1347.12,21.78,0.2506,49843.47,126312.71,176156.18,0.2830,持有
2024-09-03,1361.61,22.02,0.2541,50379.42,126312.71,176692.13,0.2851,持有
2024-09-04,1351.95,21.86,0.2524,50022.12,126312.71,176334.83,0.2837,持有
2024-09-05,1356.66,21.94,0.2534,50196.48,126312.71,176509.19,0.2844,持有
2024-09-06,1350.02,21.83,0.2517,49950.66,126312.71,176263.37,0.2834,持有
2024-09-09,1327.81,21.47,0.2466,49128.87,126312.71,175441.57,0.2800,持有
2024-09-10,1330.70,21.52,0.2474,49236.06,126312.71,175548.76,0.2805,持有
2024-09-11,1332.64,21.55,0.2476,49307.52,126312.71,175620.22,0.2808,持有
2024-09-12,1289.24,20.85,0.2442,47701.81,126312.71,174014.51,0.2741,持有
2024-09-13,1259.37,20.36,0.2413,46596.68,126312.71,172909.38,0.2695,持有
2024-09-18,1223.42,19.78,0.2346,45266.45,126312.71,171579.15,0.2638,持有
2024-09-19,1217.72,19.69,0.2317,45055.64,126312.71,171368.34,0.2629,持有
2024-09-20,1220.54,19.74,0.2328,45159.97,126312.71,171472.68,0.2634,持有
2024-09-23,1218.24,19.70,0.2321,45074.93,126312.71,171387.64,0.2630,持有
2024-09-24,1325.49,21.43,0.2471,49043.12,126312.71,175355.82,0.2797,持有
2024-09-25,1350.98,21.85,0.2542,49986.39,126312.71,176299.10,0.2835,持有
2024-09-26,1476.52,23.88,0.3081,54631.30,126312.71,180944.01,0.3019,持有
2024-09-27,1573.28,25.44,0.3510,58211.46,126312.71,184524.16,0.3155,持有
2024-09-30,1688.01,27.29,0.3989,62456.19,126312.71,188768.90,0.3309,持有
2024-10-08,1663.86,26.90,0.3872,61562.94,126312.71,187875.64,0.3277,持有
2024-10-09,1540.40,24.91,0.3396,56994.85,126312.71,183307.55,0.3109,持有
2024-10-10,1583.71,25.61,0.3540,58597.34,126312.71,184910.05,0.3169,持有
2024-10-11,1549.90,25.06,0.3430,57346.43,126312.71,183659.14,0.3122,持有
2024-10-14,1547.01,25.01,0.3416,57239.24,126312.71,183551.95,0.3118,持有
2024-10-15,1500.91,24.27,0.3234,55533.49,126312.71,181846.19,0.3054,持有
2024-10-16,1470.24,23.77,0.3045,54399.06,126312.71,180711.76,0.3010,持有
2024-10-17,1443.30,23.34,0.2886,53402.19,126312.71,179714.89,0.2971,持有
2024-10-18,1488.11,24.06,0.3168,55060.06,126312.71,181372.77,0.3036,持有
2024-10-21,1476.33,23.87,0.3073,54624.16,126312.71,180936.86,0.3019,持有
2024-10-22,1490.04,24.09,0.3180,55131.52,126312.71,181444.23,0.3038,持有
2024-10-23,1513.70,24.48,0.3276,56006.91,126312.71,182319.61,0.3072,持有
2024-10-24,1498.93,24.24,0.3228,55460.24,126312.71,181772.94,0.3051,持有
2024-10-25,1505.35,24.34,0.3263,55697.84,126312.71,182010.55,0.3060,持有
2024-10-28,1511.29,23.78,0.3044,55917.58,126312.71,182230.29,0.3069,持有
2024-10-29,1479.05,23.27,0.2855,54724.91,126312.71,181037.62,0.3023,持有
2024-10-30,1479.42,23.27,0.2857,54738.49,126312.71,181051.20,0.3023,持有
2024-10-31,1475.35,23.21,0.2845,54588.07,126312.71,180900.77,0.3018,持有
2024-11-01,1481.11,23.30,0.2872,54801.02,126312.71,181113.72,0.3026,持有
2024-11-04,1495.06,23.52,0.2957,55317.32,126312.71,181630.02,0.3046,持有
2024-11-05,1522.86,23.96,0.3119,56345.99,126312.71,182658.69,0.3085,持有
2024-11-06,1517.08,23.87,0.3077,56131.97,126312.71,182444.67,0.3077,持有
2024-11-07,1592.54,25.05,0.3459,58923.91,126312.71,185236.62,0.3181,持有
2024-11-08,1554.71,24.46,0.3293,57524.37,126312.71,183837.07,0.3129,持有
2024-11-11,1543.16,24.28,0.3259,57097.03,126312.71,183409.74,0.3113,持有
2024-11-12,1523.07,23.96,0.3120,56353.49,126312.71,182666.20,0.3085,持有
2024-11-13,1524.32,23.98,0.3128,56399.94,126312.71,182712.65,0.3087,持有
2024-11-14,1519.78,23.91,0.3096,56232.01,126312.71,182544.71,0.3080,持有
2024-11-15,1505.49,23.69,0.3002,55703.20,126312.71,182015.91,0.3060,持有
2024-11-18,1505.49,23.69,0.3001,55703.20,126312.71,182015.91,0.3060,持有
2024-11-19,1489.00,23.43,0.2920,55092.93,126312.71,181405.64,0.3037,持有
2024-11-20,1491.79,23.47,0.2933,55196.19,126312.71,181508.90,0.3041,持有
2024-11-21,1492.10,23.47,0.2935,55207.63,126312.71,181520.33,0.3041,持有
2024-11-22,1456.07,22.91,0.2756,53874.54,126312.71,180187.24,0.2990,持有
2024-11-25,1447.14,22.77,0.2719,53544.03,126312.71,179856.74,0.2977,持有
2024-11-26,1457.21,22.93,0.2763,53916.70,126312.71,180229.40,0.2992,持有
2024-11-27,1466.91,23.08,0.2803,54275.79,126312.71,180588.49,0.3005,持有
2024-11-28,1465.90,23.06,0.2802,54238.27,126312.71,180550.98,0.3004,持有
2024-11-29,1473.37,23.18,0.2829,54514.82,126312.71,180827.53,0.3015,持有
2024-12-02,1472.66,23.17,0.2828,54488.38,126312.71,180801.09,0.3014,持有
2024-12-03,1474.34,23.19,0.2844,54550.55,126312.71,180863.26,0.3016,持有
2024-12-04,1467.83,23.09,0.2807,54309.73,126312.71,180622.44,0.3007,持有
2024-12-05,1459.14,22.96,0.2765,53988.16,126312.71,180300.87,0.2994,持有
2024-12-06,1468.81,23.11,0.2811,54345.82,126312.71,180658.52,0.3008,持有
2024-12-09,1466.67,23.07,0.2802,54266.85,126312.71,180579.56,0.3005,持有
2024-12-10,1493.51,23.50,0.2963,55259.79,126312.71,181572.50,0.3043,持有
2024-12-11,1482.90,23.33,0.2897,54867.12,126312.71,181179.83,0.3028,持有
2024-12-12,1512.06,23.79,0.3090,55946.17,126312.71,182258.87,0.3070,持有
2024-12-13,1466.86,23.08,0.2802,54274.00,126312.71,180586.71,0.3005,持有
2024-12-16,1474.78,23.20,0.2856,54566.99,126312.71,180879.69,0.3017,持有
2024-12-17,1504.53,23.67,0.3028,55667.47,126312.71,181980.18,0.3059,持有
2024-12-18,1517.56,23.88,0.3128,56149.83,126312.71,182462.54,0.3077,持有
2024-12-19,1497.78,23.56,0.3004,55417.72,126312.71,181730.43,0.3049,持有
2024-12-20,1492.74,23.12,0.2817,55231.53,126312.71,181544.24,0.3042,持有
2024-12-23,1497.11,23.19,0.2847,55393.02,126312.71,181705.72,0.3049,持有
2024-12-24,1509.24,23.38,0.2920,55841.91,126312.71,182154.61,0.3066,持有
2024-12-25,1500.59,23.24,0.2864,55521.84,126312.71,181834.55,0.3053,持有
2024-12-26,1498.42,23.21,0.2858,55441.64,126312.71,181754.35,0.3050,持有
2024-12-27,1499.58,23.23,0.2865,55484.47,126312.71,181797.17,0.3052,持有
2024-12-30,1495.69,23.17,0.2829,55340.40,126312.71,181653.10,0.3046,持有
2024-12-31,1494.71,23.15,0.2823,55304.11,126312.71,181616.81,0.3045,持有
2025-01-02,1459.40,22.61,0.2686,53997.71,126312.71,180310.42,0.2995,持有
2025-01-03,1446.65,22.41,0.2641,53525.96,126312.71,179838.66,0.2976,持有
2025-01-06,1412.32,21.88,0.2504,52255.85,126312.71,178568.56,0.2926,持有
2025-01-07,1412.52,21.88,0.2506,52263.11,126312.71,178575.81,0.2927,持有
2025-01-08,1414.77,21.92,0.2514,52346.57,126312.71,178659.28,0.2930,持有
2025-01-09,1416.24,21.94,0.2521,52401.01,126312.71,178713.71,0.2932,持有
2025-01-10,1408.40,21.82,0.2485,52110.70,126312.71,178423.40,0.2921,持有
2025-01-13,1416.22,21.94,0.2522,52400.28,126312.71,178712.99,0.2932,持有
2025-01-14,1444.20,22.37,0.2647,53435.24,126312.71,179747.94,0.2973,持有
2025-01-15,1442.99,22.35,0.2644,53390.60,126312.71,179703.31,0.2971,持有
2025-01-16,1418.58,21.97,0.2529,52487.37,126312.71,178800.08,0.2936,持有
2025-01-17,1426.79,22.10,0.2563,52791.11,126312.71,179103.82,0.2948,持有
2025-01-20,1446.45,22.41,0.2661,53518.70,126312.71,179831.41,0.2976,持有
2025-01-21,1439.93,22.30,0.2630,53277.38,126312.71,179590.09,0.2967,持有
2025-01-22,1413.30,21.89,0.2504,52292.14,126312.71,178604.85,0.2928,持有
2025-01-23,1415.26,21.92,0.2514,52364.72,126312.71,178677.42,0.2931,持有
2025-01-24,1408.40,21.82,0.2478,52110.70,126312.71,178423.40,0.2921,持有
2025-01-27,1407.41,21.80,0.2475,52074.05,126312.71,178386.75,0.2919,持有
2025-02-05,1376.82,21.33,0.2412,50942.20,126312.71,177254.90,0.2874,持有
2025-02-06,1385.68,21.46,0.2425,51270.25,126312.71,177582.95,0.2887,持有
2025-02-07,1408.40,21.82,0.2484,52110.70,126312.71,178423.40,0.2921,持有
2025-02-10,1403.99,21.75,0.2464,51947.76,126312.71,178260.47,0.2914,持有
2025-02-11,1390.74,21.54,0.2436,51457.50,126312.71,177770.20,0.2895,持有
2025-02-12,1415.26,21.92,0.2528,52364.72,126312.71,178677.42,0.2931,持有
2025-02-13,1436.90,22.26,0.2630,53165.25,126312.71,179477.95,0.2962,持有
2025-02-14,1446.65,22.41,0.2686,53525.96,126312.71,179838.66,0.2976,持有
2025-02-17,1443.33,22.36,0.2675,53403.30,126312.71,179716.01,0.2972,持有
2025-02-18,1446.65,22.41,0.2688,53525.96,126312.71,179838.66,0.2976,持有
2025-02-19,1462.34,22.65,0.2744,54106.58,126312.71,180419.29,0.2999,持有
2025-02-20,1445.67,22.39,0.2681,53489.67,126312.71,179802.38,0.2975,持有
2025-02-21,1459.60,22.61,0.2742,54005.33,126312.71,180318.04,0.2995,持有
2025-02-24,1450.64,22.47,0.2709,53673.65,126312.71,179986.36,0.2982,持有
2025-02-25,1426.05,22.09,0.2570,52763.89,126312.71,179076.60,0.2946,持有
2025-02-26,1431.95,22.18,0.2599,52981.99,126312.71,179294.70,0.2955,持有
2025-02-27,1457.00,22.57,0.2739,53909.17,126312.71,180221.87,0.2991,持有
2025-02-28,1471.94,22.80,0.2782,54461.85,126312.71,180774.55,0.3013,持有
2025-03-03,1458.44,22.59,0.2746,53962.15,126312.71,180274.86,0.2993,持有
2025-03-04,1441.85,22.33,0.2661,53348.51,126312.71,179661.21,0.2969,持有
2025-03-05,1438.18,22.28,0.2634,53212.79,126312.71,179525.49,0.2964,持有
2025-03-06,1477.03,22.88,0.2803,54650.19,126312.71,180962.89,0.3020,持有
2025-03-07,1491.76,23.11,0.2881,55195.24,126312.71,181507.95,0.3041,持有
2025-03-10,1493.63,23.14,0.2893,55264.19,126312.71,181576.90,0.3044,持有
2025-03-11,1518.91,23.53,0.3081,56199.72,126312.71,182512.42,0.3079,持有
2025-03-12,1512.93,23.44,0.3043,55978.36,126312.71,182291.06,0.3071,持有
2025-03-13,1508.21,23.36,0.3004,55803.81,126312.71,182116.51,0.3064,持有
2025-03-14,1596.72,24.73,0.3500,59078.51,126312.71,185391.21,0.3187,持有
2025-03-17,1606.38,24.88,0.3563,59435.95,126312.71,185748.66,0.3200,持有
2025-03-18,1592.78,24.67,0.3484,58932.99,126312.71,185245.69,0.3181,持有
2025-03-19,1604.27,24.85,0.3548,59357.93,126312.71,185670.64,0.3197,持有
2025-03-20,1573.17,24.37,0.3423,58207.21,126312.71,184519.92,0.3155,持有
2025-03-21,1543.50,23.91,0.3236,57109.48,126312.71,183422.18,0.3114,持有
2025-03-24,1552.57,24.05,0.3314,57445.15,126312.71,183757.85,0.3126,持有
2025-03-25,1545.22,23.94,0.3251,57172.98,126312.71,183485.69,0.3116,持有
2025-03-26,1545.71,23.94,0.3258,57191.13,126312.71,183503.83,0.3117,持有
2025-03-27,1558.46,24.14,0.3354,57662.88,126312.71,183975.59,0.3134,持有
2025-03-28,1554.74,24.08,0.3337,57525.35,126312.71,183838.05,0.3129,持有
2025-03-31,1530.99,23.72,0.3140,56646.79,126312.71,182959.50,0.3096,持有
2025-04-01,1526.11,23.64,0.3115,56466.08,126312.71,182778.78,0.3089,持有
2025-04-02,1519.24,23.53,0.3079,56212.06,126312.71,182524.76,0.3080,持有
2025-04-03,1538.72,22.86,0.2785,56932.75,126312.71,183245.46,0.3107,持有
2025-04-07,1471.17,21.85,0.2481,54433.18,126312.71,180745.88,0.3012,持有
2025-04-08,1515.30,22.51,0.2709,56066.17,126312.71,182378.88,0.3074,持有
2025-04-09,1511.42,22.45,0.2697,55922.47,126312.71,182235.18,0.3069,持有
2025-04-10,1519.23,22.57,0.2729,56211.33,126312.71,182524.03,0.3080,持有
2025-04-11,1538.82,22.86,0.2795,56936.38,126312.71,183249.08,0.3107,持有
2025-04-14,1522.16,22.61,0.2749,56319.83,126312.71,182632.54,0.3084,持有
2025-04-15,1528.05,22.70,0.2759,56537.93,126312.71,182850.63,0.3092,持有
2025-04-16,1529.20,22.71,0.2763,56580.39,126312.71,182893.09,0.3094,持有
2025-04-17,1539.82,22.87,0.2805,56973.39,126312.71,183286.10,0.3108,持有
2025-04-18,1535.84,22.81,0.2791,56826.06,126312.71,183138.77,0.3103,持有
2025-04-21,1521.19,22.60,0.2740,56283.91,126312.71,182596.61,0.3082,持有
2025-04-22,1519.03,22.56,0.2720,56204.07,126312.71,182516.78,0.3079,持有
2025-04-23,1522.17,22.61,0.2752,56320.20,126312.71,182632.90,0.3084,持有
2025-04-24,1522.41,22.61,0.2754,56329.27,126312.71,182641.97,0.3084,持有
2025-04-25,1520.21,22.58,0.2731,56247.62,126312.71,182560.32,0.3081,持有
2025-04-28,1520.21,22.58,0.2731,56247.62,126312.71,182560.32,0.3081,持有
2025-04-29,1514.32,22.49,0.2695,56029.89,126312.71,182342.59,0.3073,持有
2025-04-30,1517.26,21.83,0.2465,56138.75,126312.71,182451.46,0.3077,持有
2025-05-06,1520.40,21.88,0.2483,56254.88,126312.71,182567.58,0.3081,持有
2025-05-07,1525.11,21.95,0.2514,56429.06,126312.71,182741.77,0.3088,持有
2025-05-08,1547.85,22.27,0.2615,57270.60,126312.71,183583.30,0.3120,持有
2025-05-09,1560.59,22.46,0.2697,57741.99,126312.71,184054.70,0.3137,持有
2025-05-12,1573.66,22.64,0.2774,58225.36,126312.71,184538.06,0.3155,持有
2025-05-13,1559.73,22.44,0.2693,57710.06,126312.71,184022.76,0.3136,持有
2025-05-14,1603.56,23.07,0.2903,59331.80,126312.71,185644.51,0.3196,持有
2025-05-15,1600.64,23.03,0.2886,59223.66,126312.71,185536.37,0.3192,持有
2025-05-16,1583.10,22.78,0.2800,58574.82,126312.71,184887.52,0.3168,持有
2025-05-19,1548.63,22.28,0.2623,57299.27,126312.71,183611.97,0.3121,持有
2025-05-20,1555.51,22.38,0.2663,57554.01,126312.71,183866.72,0.3130,持有
2025-05-21,1550.58,22.31,0.2635,57371.48,126312.71,183684.19,0.3123,持有
2025-05-22,1549.63,22.30,0.2627,57336.28,126312.71,183648.99,0.3122,持有
2025-05-23,1542.37,22.19,0.2575,57067.74,126312.71,183380.45,0.3112,持有
2025-05-26,1520.70,21.88,0.2479,56265.76,126312.71,182578.47,0.3082,持有
2025-05-27,1514.22,21.79,0.2433,56026.26,126312.71,182338.96,0.3073,持有
2025-05-28,1507.46,21.69,0.2419,55775.86,126312.71,182088.57,0.3063,持有
2025-05-29,1510.40,21.73,0.2421,55884.73,126312.71,182197.44,0.3067,持有
2025-05-30,1492.74,21.48,0.2383,55231.53,126312.71,181544.24,0.3042,持有
2025-06-03,1479.99,21.30,0.2361,54759.78,126312.71,181072.48,0.3024,持有
2025-06-04,1480.94,21.31,0.2363,54794.62,126312.71,181107.32,0.3026,持有
2025-06-05,1484.90,21.37,0.2368,54941.22,126312.71,181253.93,0.3031,持有
2025-06-06,1477.43,21.26,0.2359,54665.06,126312.71,180977.77,0.3021,持有
2025-06-09,1457.54,20.97,0.2351,53929.13,126312.71,180241.83,0.2992,持有
2025-06-10,1446.66,20.82,0.2337,53526.32,126312.71,179839.03,0.2976,持有
2025-06-11,1451.55,20.89,0.2347,53707.40,126312.71,180020.11,0.2983,持有
2025-06-12,1430.96,20.59,0.2327,52945.34,126312.71,179258.04,0.2954,持有
2025-06-13,1399.52,20.14,0.2295,51782.28,126312.71,178094.99,0.2908,持有
2025-06-16,1394.95,20.07,0.2281,51613.18,126312.71,177925.88,0.2901,持有
2025-06-17,1399.57,20.14,0.2299,51784.10,126312.71,178096.80,0.2908,持有
2025-06-18,1397.61,20.11,0.2291,51711.52,126312.71,178024.23,0.2905,持有
2025-06-19,1398.59,20.13,0.2293,51747.81,126312.71,178060.51,0.2906,持有
2025-06-20,1401.20,20.16,0.2308,51844.34,126312.71,178157.04,0.2910,持有
2025-06-23,1392.70,20.04,0.2273,51530.08,126312.71,177842.78,0.2898,持有
2025-06-24,1409.57,20.28,0.2320,52154.24,126312.71,178466.95,0.2922,持有
2025-06-25,1408.26,20.26,0.2319,52105.62,126312.71,178418.32,0.2920,持有
2025-06-26,1420.00,20.04,0.2271,52540.00,126312.71,178852.71,0.2938,持有
2025-06-27,1403.09,19.80,0.2244,51914.33,126312.71,178227.04,0.2913,持有
2025-06-30,1409.52,19.89,0.2262,52152.24,126312.71,178464.95,0.2922,持有
2025-07-01,1405.10,19.83,0.2248,51988.70,126312.71,178301.41,0.2916,持有
2025-07-02,1409.60,19.89,0.2266,52155.20,126312.71,178467.91,0.2922,持有
2025-07-03,1415.60,19.98,0.2276,52377.20,126312.71,178689.91,0.2931,持有
2025-07-04,1422.22,20.07,0.2291,52622.14,126312.71,178934.85,0.2941,持有
2025-07-07,1410.70,19.91,0.2272,52195.90,126312.71,178508.61,0.2924,持有
2025-07-08,1416.11,19.99,0.2279,52396.07,126312.71,178708.78,0.2932,持有
2025-07-09,1418.88,20.02,0.2284,52498.56,126312.71,178811.27,0.2936,持有
2025-07-10,1426.50,20.13,0.2318,52780.50,126312.71,179093.21,0.2947,持有
2025-07-11,1427.00,20.14,0.2325,52799.00,126312.71,179111.71,0.2948,持有
2025-07-14,1423.60,20.09,0.2306,52673.20,126312.71,178985.91,0.2943,持有
2025-07-15,1411.00,19.91,0.2271,52207.00,126312.71,178519.71,0.2924,持有
2025-07-16,1411.03,19.91,0.2273,52208.11,126312.71,178520.82,0.2924,持有
2025-07-17,1416.35,19.99,0.2283,52404.95,126312.71,178717.66,0.2932,持有
2025-07-18,1437.00,20.28,0.2354,53169.00,126312.71,179481.71,0.2962,持有
2025-07-21,1443.00,20.36,0.2366,53391.00,126312.71,179703.71,0.2971,持有
2025-07-22,1464.98,20.68,0.2384,54204.26,126312.71,180516.97,0.3003,持有
2025-07-23,1475.50,20.82,0.2397,54593.50,126312.71,180906.21,0.3018,持有
2025-07-24,1491.50,21.05,0.2425,55185.50,126312.71,181498.21,0.3041,持有
2025-07-25,1455.00,20.53,0.2377,53835.00,126312.71,180147.71,0.2988,持有
2025-07-28,1438.66,20.30,0.2355,53230.42,126312.71,179543.13,0.2965,持有
2025-07-29,1439.00,20.31,0.2357,53243.00,126312.71,179555.71,0.2965,持有
2025-07-30,1449.44,20.46,0.2378,53629.28,126312.71,179941.99,0.2980,持有
2025-07-31,1421.67,20.06,0.2293,52601.79,126312.71,178914.50,0.2940,持有
2025-08-01,1417.00,20.00,0.2282,52429.00,126312.71,178741.71,0.2933,持有
2025-08-04,1419.00,20.03,0.2286,52503.00,126312.71,178815.71,0.2936,持有
2025-08-05,1427.74,20.15,0.2341,52826.38,126312.71,179139.09,0.2949,持有
2025-08-06,1423.88,20.10,0.2314,52683.56,126312.71,178996.27,0.2943,持有
2025-08-07,1422.35,20.07,0.2306,52626.95,126312.71,178939.66,0.2941,持有
2025-08-08,1420.97,20.05,0.2292,52575.89,126312.71,178888.60,0.2939,持有
2025-08-11,1445.00,20.39,0.2386,53465.00,126312.71,179777.71,0.2974,持有
2025-08-12,1437.04,20.28,0.2364,53170.48,126312.71,179483.19,0.2962,持有
2025-08-13,1420.05,19.83,0.2232,52541.85,126312.71,178854.56,0.2938,持有
2025-08-14,1426.99,19.93,0.2269,52798.63,126312.71,179111.34,0.2948,持有
2025-08-15,1422.08,19.86,0.2247,52616.96,126312.71,178929.67,0.2941,持有
2025-08-18,1428.50,19.95,0.2273,52854.50,126312.71,179167.21,0.2950,持有
2025-08-19,1438.00,20.09,0.2322,53206.00,126312.71,179518.71,0.2964,持有
2025-08-20,1450.00,20.25,0.2368,53650.00,126312.71,179962.71,0.2981,持有
2025-08-21,1448.25,20.23,0.2365,53585.25,126312.71,179897.96,0.2979,持有
2025-08-22,1463.95,20.45,0.2406,54166.15,126312.71,180478.86,0.3001,持有
2025-08-25,1490.33,20.82,0.2435,55142.21,126312.71,181454.92,0.3039,持有
2025-08-26,1481.61,20.69,0.2431,54819.57,126312.71,181132.28,0.3026,持有
2025-08-27,1448.00,20.23,0.2363,53576.00,126312.71,179888.71,0.2978,持有
2025-08-28,1446.10,20.20,0.2357,53505.70,126312.71,179818.41,0.2976,持有
2025-08-29,1480.00,20.67,0.2427,54760.00,126312.71,181072.71,0.3024,持有
2025-09-01,1476.10,20.55,0.2421,54615.70,126312.71,180928.41,0.3019,持有
2025-09-02,1491.30,20.77,0.2444,55178.10,126312.71,181490.81,0.3040,持有
2025-09-03,1480.55,20.62,0.2427,54780.35,126312.71,181093.06,0.3025,持有
2025-09-04,1472.66,20.51,0.2414,54488.42,126312.71,180801.13,0.3014,持有
2025-09-05,1483.00,20.65,0.2431,54871.00,126312.71,181183.71,0.3028,持有
2025-09-08,1501.23,20.90,0.2470,55545.51,126312.71,181858.22,0.3054,持有
2025-09-09,1505.00,20.96,0.2475,55685.00,126312.71,181997.71,0.3060,持有
2025-09-10,1522.01,21.19,0.2492,56314.37,126312.71,182627.08,0.3084,持有
2025-09-11,1523.50,21.21,0.2494,56369.50,126312.71,182682.21,0.3086,持有
2025-09-12,1516.00,21.11,0.2491,56092.00,126312.71,182404.71,0.3075,持有
2025-09-15,1515.10,21.10,0.2490,56058.70,126312.71,182371.41,0.3074,持有
2025-09-16,1499.98,20.89,0.2464,55499.26,126312.71,181811.97,0.3053,持有
2025-09-17,1493.00,20.79,0.2447,55241.00,126312.71,181553.71,0.3043,持有
2025-09-18,1467.96,20.44,0.2397,54314.52,126312.71,180627.23,0.3007,持有
2025-09-19,1467.97,20.44,0.2399,54314.89,126312.71,180627.60,0.3007,持有
2025-09-22,1453.35,20.24,0.2359,53773.95,126312.71,180086.66,0.2986,持有
2025-09-23,1447.42,20.15,0.2343,53554.54,126312.71,179867.25,0.2977,持有
2025-09-24,1442.00,20.08,0.2303,53354.00,126312.71,179666.71,0.2970,持有
2025-09-25,1439.00,20.04,0.2277,53243.00,126312.71,179555.71,0.2965,持有
2025-09-26,1435.00,19.98,0.2261,53095.00,126312.71,179407.71,0.2959,持有
2025-09-29,1460.86,20.34,0.2390,54051.82,126312.71,180364.53,0.2997,持有
2025-09-30,1443.99,20.11,0.2322,53427.63,126312.71,179740.34,0.2972,持有
2025-10-09,1436.78,20.01,0.2272,53160.86,126312.71,179473.57,0.2962,持有
2025-10-10,1430.00,19.91,0.2243,52910.00,126312.71,179222.71,0.2952,持有
2025-10-13,1419.20,19.76,0.2195,52510.40,126312.71,178823.11,0.2936,持有
2025-10-14,1451.02,20.20,0.2366,53687.74,126312.71,180000.45,0.2983,持有
2025-10-15,1462.00,20.36,0.2405,54094.00,126312.71,180406.71,0.2998,持有
2025-10-16,1484.91,20.68,0.2464,54941.67,126312.71,181254.38,0.3031,持有
2025-10-17,1455.00,20.26,0.2383,53835.00,126312.71,180147.71,0.2988,持有
2025-10-20,1457.93,20.30,0.2395,53943.41,126312.71,180256.12,0.2993,持有
2025-10-21,1462.26,20.36,0.2410,54103.62,126312.71,180416.33,0.2999,持有
2025-10-22,1458.70,20.31,0.2401,53971.90,126312.71,180284.61,0.2994,持有
2025-10-23,1467.98,20.44,0.2432,54315.26,126312.71,180627.97,0.3007,持有
2025-10-24,1450.00,20.19,0.2356,53650.00,126312.71,179962.71,0.2981,持有
2025-10-27,1440.41,20.06,0.2288,53295.17,126312.71,179607.88,0.2967,持有
2025-10-28,1445.00,20.12,0.2329,53465.00,126312.71,179777.71,0.2974,持有
2025-10-29,1431.90,19.94,0.2251,52980.30,126312.71,179293.01,0.2955,持有
2025-10-30,1426.74,19.85,0.2216,52789.38,126312.71,179102.09,0.2947,持有
2025-10-31,1430.01,19.89,0.2226,52910.37,126312.71,179223.08,0.2952,持有
2025-11-03,1435.00,19.96,0.2259,53095.00,126312.71,179407.71,0.2959,持有
2025-11-04,1429.00,19.88,0.2225,52873.00,126312.71,179185.71,0.2951,持有
2025-11-05,1420.08,19.75,0.2183,52542.96,126312.71,178855.67,0.2938,持有
2025-11-06,1435.13,19.96,0.2265,53099.81,126312.71,179412.52,0.2960,持有
2025-11-07,1433.33,19.94,0.2257,53033.21,126312.71,179345.92,0.2957,持有
2025-11-10,1462.30,20.34,0.2424,54105.10,126312.71,180417.81,0.2999,持有
2025-11-11,1458.99,20.29,0.2413,53982.63,126312.71,180295.34,0.2994,持有
2025-11-12,1465.15,20.38,0.2449,54210.55,126312.71,180523.26,0.3003,持有
2025-11-13,1470.38,20.45,0.2466,54404.06,126312.71,180716.77,0.3010,持有
2025-11-14,1456.60,20.26,0.2401,53894.20,126312.71,180206.91,0.2991,持有
2025-11-17,1471.00,20.46,0.2475,54427.00,126312.71,180739.71,0.3011,持有
2025-11-18,1476.00,20.53,0.2483,54612.00,126312.71,180924.71,0.3018,持有
2025-11-19,1471.01,20.46,0.2477,54427.37,126312.71,180740.08,0.3011,持有
2025-11-20,1467.11,20.41,0.2453,54283.07,126312.71,180595.78,0.3006,持有
2025-11-21,1466.60,20.40,0.2452,54264.20,126312.71,180576.91,0.3005,持有
2025-11-24,1452.00,20.20,0.2372,53724.00,126312.71,180036.71,0.2984,持有
2025-11-25,1444.65,20.09,0.2327,53452.05,126312.71,179764.76,0.2973,持有
2025-11-26,1449.15,20.16,0.2368,53618.55,126312.71,179931.26,0.2980,持有
2025-11-27,1447.30,20.13,0.2347,53550.10,126312.71,179862.81,0.2977,持有
2025-11-28,1450.50,20.18,0.2374,53668.50,126312.71,179981.21,0.2982,持有
2025-12-01,1448.00,20.14,0.2361,53576.00,126312.71,179888.71,0.2978,持有
