日期,收盘价,估值指标,估值分位点,持仓市值,现金,总资产,仓位比例,信号
2015-11-02,25.56,10.76,0.0000,0.00,100000.00,100000.00,0.0000,买入(补至100%)
2015-11-03,28.12,11.84,0.5000,0.00,100000.00,100000.00,0.0000,持有
2015-11-04,27.45,11.55,0.3333,0.00,100000.00,100000.00,0.0000,持有
2015-11-05,26.96,11.35,0.2500,0.00,100000.00,100000.00,0.0000,买入(补至20%)
2015-11-06,25.93,10.91,0.2000,19211.16,80497.76,99708.92,0.1927,买入(补至50%)
2015-11-09,24.72,10.41,0.0000,47520.37,50806.99,98327.36,0.4833,买入(补至100%)
2015-11-10,25.22,10.62,0.1429,100288.82,1019.69,101308.51,0.9899,持有
2015-11-11,24.58,10.35,0.0000,97734.75,1019.69,98754.44,0.9897,持有
2015-11-12,26.47,11.14,0.5556,105249.98,1019.69,106269.67,0.9904,持有
2015-11-13,25.00,10.52,0.2000,99388.46,1019.69,100408.16,0.9898,持有
2015-11-16,24.73,10.41,0.1818,98322.73,1019.69,99342.43,0.9897,持有
2015-11-17,24.95,10.50,0.2500,99204.72,1019.69,100224.41,0.9898,持有
2015-11-18,24.16,10.17,0.0000,96062.65,1019.69,97082.35,0.9895,持有
2015-11-19,24.78,10.43,0.2857,98543.23,1019.69,99562.92,0.9898,持有
2015-11-20,24.51,10.32,0.0667,97459.13,1019.69,98478.82,0.9896,持有
2015-11-23,24.40,10.27,0.0625,96999.76,1019.69,98019.45,0.9896,持有
2015-11-24,25.74,10.84,0.6471,102346.78,1019.69,103366.47,0.9901,持有
2015-11-25,25.64,10.79,0.6111,101942.54,1019.69,102962.23,0.9901,持有
2015-11-26,24.97,10.51,0.4211,99278.22,1019.69,100297.91,0.9898,持有
2015-11-27,23.30,9.81,0.0000,92626.59,1019.69,93646.29,0.9891,持有
2015-11-30,22.57,9.50,0.0000,89741.77,1019.69,90761.47,0.9888,持有
2015-12-01,22.18,9.34,0.0000,88198.30,1019.69,89218.00,0.9886,持有
2015-12-02,22.01,9.27,0.0000,87518.44,1019.69,88538.13,0.9885,持有
2015-12-03,23.00,9.68,0.1250,91450.62,1019.69,92470.31,0.9890,持有
2015-12-04,23.02,9.69,0.1600,91542.49,1019.69,92562.18,0.9890,持有
2015-12-07,22.70,9.56,0.1154,90274.64,1019.69,91294.33,0.9888,持有
2015-12-08,21.87,9.21,0.0000,86967.20,1019.69,87986.90,0.9884,持有
2015-12-09,21.51,9.06,0.0000,85533.98,1019.69,86553.67,0.9882,持有
2015-12-10,21.99,9.26,0.0690,87426.57,1019.69,88446.26,0.9885,持有
2015-12-11,21.62,9.10,0.0333,85956.60,1019.69,86976.29,0.9883,持有
2015-12-14,21.78,9.17,0.0645,86581.33,1019.69,87601.03,0.9884,持有
2015-12-15,21.71,9.14,0.0625,86305.72,1019.69,87325.41,0.9883,持有
2015-12-16,22.09,9.30,0.2121,87849.19,1019.69,88868.88,0.9885,持有
2015-12-17,22.36,9.41,0.2647,88914.92,1019.69,89934.61,0.9887,持有
2015-12-18,22.02,9.27,0.2000,87536.82,1019.69,88556.51,0.9885,持有
2015-12-21,22.30,9.39,0.2778,88676.04,1019.69,89695.74,0.9886,持有
2015-12-22,22.64,9.53,0.3514,89999.02,1019.69,91018.71,0.9888,持有
2015-12-23,22.10,9.30,0.2368,87867.56,1019.69,88887.25,0.9885,持有
2015-12-24,21.73,9.14,0.0769,86379.21,1019.69,87398.91,0.9883,持有
2015-12-25,21.84,9.19,0.1250,86820.21,1019.69,87839.90,0.9884,持有
2015-12-28,21.17,8.91,0.0000,84155.88,1019.69,85175.57,0.9880,持有
2015-12-29,21.39,9.00,0.0238,85037.86,1019.69,86057.56,0.9882,持有
2015-12-30,21.28,8.96,0.0233,84596.87,1019.69,85616.57,0.9881,持有
2015-12-31,21.14,8.90,0.0000,84045.63,1019.69,85065.33,0.9880,持有
2016-01-04,20.32,8.56,0.0000,80811.70,1019.69,81831.39,0.9875,持有
2016-01-05,20.80,8.76,0.0217,82704.28,1019.69,83723.98,0.9878,持有
2016-01-06,22.58,9.51,0.4681,89796.90,1019.69,90816.59,0.9888,持有
2016-01-07,20.37,8.57,0.0208,80995.44,1019.69,82015.14,0.9876,持有
2016-01-08,22.41,9.43,0.4490,89098.66,1019.69,90118.35,0.9887,持有
2016-01-11,22.76,9.58,0.5400,90513.51,1019.69,91533.20,0.9889,持有
2016-01-12,22.21,9.35,0.3922,88290.18,1019.69,89309.87,0.9886,持有
2016-01-13,21.14,8.90,0.0769,84064.01,1019.69,85083.70,0.9880,持有
2016-01-14,21.95,9.24,0.2830,87279.57,1019.69,88299.26,0.9885,持有
2016-01-15,20.53,8.64,0.0370,81638.56,1019.69,82658.25,0.9877,持有
2016-01-18,20.02,8.43,0.0000,79598.97,1019.69,80618.66,0.9874,持有
2016-01-19,20.02,8.43,0.0000,79598.97,1019.69,80618.66,0.9874,持有
2016-01-20,20.02,8.43,0.0000,79598.97,1019.69,80618.66,0.9874,持有
2016-01-21,20.02,8.43,0.0000,79598.97,1019.69,80618.66,0.9874,持有
2016-01-22,20.02,8.43,0.0000,79598.97,1019.69,80618.66,0.9874,持有
2016-01-25,20.02,8.43,0.0000,79598.97,1019.69,80618.66,0.9874,持有
2016-01-26,20.02,8.43,0.0000,79598.97,1019.69,80618.66,0.9874,持有
2016-01-27,20.02,8.43,0.0000,79598.97,1019.69,80618.66,0.9874,持有
2016-01-28,20.02,8.43,0.0000,79598.97,1019.69,80618.66,0.9874,持有
2016-01-29,20.02,8.43,0.0000,79598.97,1019.69,80618.66,0.9874,持有
2016-02-01,20.02,8.43,0.0000,79598.97,1019.69,80618.66,0.9874,持有
2016-02-02,20.02,8.43,0.0000,79598.97,1019.69,80618.66,0.9874,持有
2016-02-03,19.11,8.05,0.0000,75997.54,1019.69,77017.23,0.9868,持有
2016-02-04,19.44,8.18,0.0147,77283.76,1019.69,78303.46,0.9870,持有
2016-02-05,19.19,8.08,0.0145,76291.53,1019.69,77311.23,0.9868,持有
2016-02-15,18.54,7.80,0.0000,73719.08,1019.69,74738.78,0.9864,持有
2016-02-16,19.29,8.12,0.0423,76695.78,1019.69,77715.47,0.9869,持有
2016-02-17,20.45,8.61,0.2639,81289.44,1019.69,82309.13,0.9876,持有
2016-02-18,20.25,8.52,0.2329,80517.70,1019.69,81537.39,0.9875,持有
2016-02-19,20.40,8.59,0.2703,81124.06,1019.69,82143.76,0.9876,持有
2016-02-22,20.49,8.63,0.2933,81473.18,1019.69,82492.88,0.9876,持有
2016-02-23,20.08,8.45,0.2237,79837.84,1019.69,80857.53,0.9874,持有
2016-02-24,21.60,9.09,0.4156,85864.72,1019.69,86884.42,0.9883,持有
2016-02-25,20.29,8.54,0.2436,80664.70,1019.69,81684.39,0.9875,持有
2016-02-26,21.11,8.88,0.3418,83917.01,1019.69,84936.70,0.9880,持有
2016-02-29,22.05,9.28,0.5625,87665.44,1019.69,88685.13,0.9885,持有
2016-03-01,22.81,9.60,0.7160,90678.88,1019.69,91698.57,0.9889,持有
2016-03-02,23.04,9.70,0.7439,91597.61,1019.69,92617.31,0.9890,持有
2016-03-03,22.26,9.37,0.6024,88510.67,1019.69,89530.37,0.9886,持有
2016-03-04,23.02,9.69,0.7262,91542.49,1019.69,92562.18,0.9890,持有
2016-03-07,23.62,9.94,0.7647,93894.44,1019.69,94914.14,0.9893,卖出(降至50%)
2016-03-08,22.80,9.60,0.6860,45822.61,46693.27,92515.88,0.4953,持有
2016-03-09,21.69,9.13,0.4138,43593.25,46693.27,90286.52,0.4828,持有
2016-03-10,22.12,9.31,0.5568,44466.41,46693.27,91159.68,0.4878,持有
2016-03-11,22.30,9.39,0.5955,44819.40,46693.27,91512.66,0.4898,持有
2016-03-14,23.00,9.68,0.7111,46231.32,46693.27,92924.59,0.4975,持有
2016-03-15,22.41,9.43,0.6264,45051.62,46693.27,91744.89,0.4911,持有
2016-03-16,21.77,9.16,0.4239,43760.45,46693.27,90453.72,0.4838,持有
2016-03-17,22.41,9.43,0.6129,45042.33,46693.27,91735.60,0.4910,持有
2016-03-18,22.90,9.64,0.7128,46026.96,46693.27,92720.23,0.4964,持有
2016-03-21,23.26,9.79,0.7684,46751.51,46693.27,93444.78,0.5003,持有
2016-03-22,24.01,10.11,0.7917,48265.61,46693.27,94958.88,0.5083,持有
2016-03-23,24.45,10.29,0.8144,49138.78,46693.27,95832.05,0.5128,持有
2016-03-24,24.03,10.12,0.7857,48302.77,46693.27,94996.04,0.5085,持有
2016-03-25,23.69,9.97,0.7677,47624.67,46693.27,94317.94,0.5049,持有
2016-03-28,23.45,9.87,0.7500,47141.64,46693.27,93834.91,0.5024,持有
2016-03-29,23.51,9.90,0.7525,47253.11,46693.27,93946.38,0.5030,持有
2016-03-30,24.11,10.15,0.7941,48460.68,46693.27,95153.95,0.5093,持有
2016-03-31,23.78,10.01,0.7670,47791.87,46693.27,94485.14,0.5058,持有
2016-04-01,23.56,9.92,0.7404,47364.58,46693.27,94057.85,0.5036,持有
2016-04-05,24.00,10.10,0.7714,48237.75,46693.27,94931.01,0.5081,持有
2016-04-06,24.43,10.28,0.8208,49110.91,46693.27,95804.18,0.5126,持有
2016-04-07,23.75,10.00,0.7477,47745.43,46693.27,94438.70,0.5056,持有
2016-04-08,23.89,10.06,0.7593,48024.10,46693.27,94717.37,0.5070,持有
2016-04-11,23.65,9.96,0.7248,47541.07,46693.27,94234.34,0.5045,持有
2016-04-12,22.62,9.52,0.5636,45469.63,46693.27,92162.89,0.4934,持有
2016-04-13,22.64,9.53,0.5766,45506.78,46693.27,92200.05,0.4936,持有
2016-04-14,22.85,9.62,0.6161,45934.07,46693.27,92627.34,0.4959,持有
2016-04-15,22.69,9.55,0.5752,45599.67,46693.27,92292.94,0.4941,持有
2016-04-18,23.00,8.10,0.0263,46222.03,46693.27,92915.30,0.4975,买入(补至80%)
2016-04-19,22.90,8.07,0.0174,74009.53,18213.74,92223.27,0.8025,持有
2016-04-20,21.90,7.72,0.0000,70783.28,18213.74,88997.02,0.7953,买入(补至100%)
2016-04-21,21.72,7.65,0.0000,70185.83,18213.74,88399.57,0.7940,买入(补至100%)
2016-04-22,21.87,6.72,0.0000,89004.46,197.82,89202.28,0.9978,持有
2016-04-25,21.65,6.65,0.0000,88101.62,197.82,88299.45,0.9978,持有
2016-04-26,21.86,6.72,0.0083,88966.84,197.82,89164.67,0.9978,持有
2016-04-27,21.67,6.66,0.0083,88214.48,197.82,88412.30,0.9978,持有
2016-04-28,21.47,6.60,0.0000,87368.07,197.82,87565.90,0.9977,持有
2016-04-29,21.54,6.62,0.0081,87650.21,197.82,87848.03,0.9977,持有
2016-05-03,22.31,6.86,0.0484,90791.32,197.82,90989.14,0.9978,持有
2016-05-04,22.18,6.82,0.0480,90283.48,197.82,90481.30,0.9978,持有
2016-05-05,22.32,6.86,0.0635,90847.75,197.82,91045.57,0.9978,持有
2016-05-06,21.81,6.70,0.0315,88778.75,197.82,88976.58,0.9978,持有
2016-05-09,20.85,6.41,0.0000,84866.47,197.82,85064.29,0.9977,持有
2016-05-10,20.75,6.38,0.0000,84433.86,197.82,84631.68,0.9977,持有
2016-05-11,21.44,6.59,0.0154,87274.03,197.82,87471.85,0.9977,持有
2016-05-12,20.75,6.38,0.0076,84471.48,197.82,84669.30,0.9977,持有
2016-05-13,20.96,6.44,0.0227,85299.07,197.82,85496.90,0.9977,持有
2016-05-16,21.63,6.65,0.0526,88026.39,197.82,88224.21,0.9978,持有
2016-05-17,21.19,6.51,0.0299,86239.53,197.82,86437.35,0.9977,持有
2016-05-18,20.49,6.30,0.0000,83380.55,197.82,83578.38,0.9976,持有
2016-05-19,20.43,6.28,0.0000,83136.03,197.82,83333.86,0.9976,持有
2016-05-20,20.51,6.30,0.0146,83493.41,197.82,83691.23,0.9976,持有
2016-05-23,20.69,6.36,0.0217,84226.96,197.82,84424.78,0.9977,持有
2016-05-24,20.37,6.26,0.0000,82891.52,197.82,83089.34,0.9976,持有
2016-05-25,20.38,6.26,0.0071,82929.13,197.82,83126.96,0.9976,持有
2016-05-26,20.22,6.22,0.0000,82308.43,197.82,82506.26,0.9976,持有
2016-05-27,20.61,6.33,0.0423,83888.40,197.82,84086.22,0.9976,持有
2016-05-30,20.47,6.29,0.0280,83324.12,197.82,83521.95,0.9976,持有
2016-05-31,21.25,6.53,0.0972,86484.05,197.82,86681.87,0.9977,持有
2016-06-01,21.13,6.42,0.0828,86004.90,197.82,86202.73,0.9977,持有
2016-06-02,21.18,6.44,0.0890,86210.28,197.82,86408.10,0.9977,持有
2016-06-03,21.51,6.54,0.1156,87556.60,197.82,87754.42,0.9977,持有
2016-06-06,21.27,6.46,0.1014,86552.56,197.82,86750.39,0.9977,持有
2016-06-07,21.15,6.43,0.0872,86096.18,197.82,86294.01,0.9977,持有
2016-06-08,20.74,6.30,0.0400,84407.57,197.82,84605.40,0.9977,持有
2016-06-13,20.13,6.12,0.0000,81920.30,197.82,82118.12,0.9976,持有
2016-06-14,20.18,6.14,0.0066,82148.49,197.82,82346.31,0.9976,持有
2016-06-15,20.48,6.23,0.0196,83357.90,197.82,83555.72,0.9976,持有
2016-06-16,20.22,6.15,0.0130,82308.22,197.82,82506.05,0.9976,持有
2016-06-17,20.28,6.17,0.0194,82559.23,197.82,82757.06,0.9976,持有
2016-06-20,20.29,6.17,0.0256,82582.05,197.82,82779.88,0.9976,持有
2016-06-21,20.32,6.18,0.0318,82718.96,197.82,82916.79,0.9976,持有
2016-06-22,20.59,6.26,0.0570,83814.28,197.82,84012.10,0.9976,持有
2016-06-23,20.39,6.20,0.0377,82992.79,197.82,83190.62,0.9976,持有
2016-06-24,20.19,6.14,0.0125,82171.31,197.82,82369.13,0.9976,持有
2016-06-27,20.48,6.22,0.0559,83335.08,197.82,83532.90,0.9976,持有
2016-06-28,20.45,6.22,0.0556,83243.80,197.82,83441.63,0.9976,持有
2016-06-29,20.38,6.20,0.0429,82947.16,197.82,83144.98,0.9976,持有
2016-06-30,20.31,6.17,0.0366,82650.51,197.82,82848.33,0.9976,持有
2016-07-01,20.55,6.25,0.0848,83631.73,197.82,83829.55,0.9976,持有
2016-07-04,20.85,6.34,0.1446,84863.95,197.82,85061.78,0.9977,持有
2016-07-05,20.73,6.30,0.1257,84384.75,197.82,84582.58,0.9977,持有
2016-07-06,21.53,6.54,0.2262,87625.06,197.82,87822.88,0.9977,持有
2016-07-07,21.59,6.56,0.2308,87876.06,197.82,88073.89,0.9978,持有
2016-07-08,21.31,6.48,0.2059,86735.11,197.82,86932.94,0.9977,持有
2016-07-11,21.16,6.43,0.1871,86119.00,197.82,86316.82,0.9977,持有
2016-07-12,21.52,6.54,0.2326,87602.24,197.82,87800.06,0.9977,持有
2016-07-13,21.82,6.63,0.2659,88788.83,197.82,88986.65,0.9978,持有
2016-07-14,22.33,6.79,0.3046,90888.18,197.82,91086.00,0.9978,持有
2016-07-15,22.75,6.92,0.3257,92599.60,197.82,92797.43,0.9979,持有
2016-07-18,22.75,6.92,0.3239,92599.60,197.82,92797.43,0.9979,持有
2016-07-19,22.38,6.80,0.3051,91070.73,197.82,91268.55,0.9978,持有
2016-07-20,22.29,6.77,0.2978,90705.62,197.82,90903.45,0.9978,持有
2016-07-21,22.15,6.73,0.2961,90135.15,197.82,90332.97,0.9978,持有
2016-07-22,21.70,6.60,0.2444,88309.63,197.82,88507.45,0.9978,持有
2016-07-25,21.92,6.66,0.2818,89222.39,197.82,89420.21,0.9978,持有
2016-07-26,21.97,6.68,0.2857,89427.76,197.82,89625.58,0.9978,持有
2016-07-27,20.86,6.34,0.1421,84886.77,197.82,85084.60,0.9977,持有
2016-07-28,21.00,6.38,0.1630,85457.25,197.82,85655.07,0.9977,持有
2016-07-29,21.08,6.41,0.1676,85799.53,197.82,85997.36,0.9977,持有
2016-08-01,20.78,6.32,0.1290,84567.31,197.82,84765.13,0.9977,持有
2016-08-02,20.85,6.34,0.1390,84863.95,197.82,85061.78,0.9977,持有
2016-08-03,20.85,6.34,0.1383,84863.95,197.82,85061.78,0.9977,持有
2016-08-04,20.80,6.32,0.1323,84635.76,197.82,84833.59,0.9977,持有
2016-08-05,21.15,6.43,0.2000,86096.18,197.82,86294.01,0.9977,持有
2016-08-08,21.19,6.44,0.2251,86255.91,197.82,86453.74,0.9977,持有
2016-08-09,21.22,6.45,0.2292,86370.01,197.82,86567.83,0.9977,持有
2016-08-10,21.01,6.39,0.1813,85502.89,197.82,85700.71,0.9977,持有
2016-08-11,20.73,6.30,0.1082,84361.93,197.82,84559.76,0.9977,持有
2016-08-12,20.90,6.35,0.1641,85046.51,197.82,85244.33,0.9977,持有
2016-08-15,21.20,6.45,0.2398,86301.55,197.82,86499.38,0.9977,持有
2016-08-16,21.34,6.49,0.2589,86849.21,197.82,87047.03,0.9977,持有
2016-08-17,21.25,6.46,0.2475,86506.92,197.82,86704.75,0.9977,持有
2016-08-18,21.19,6.44,0.2312,86255.91,197.82,86453.74,0.9977,持有
2016-08-19,21.22,6.45,0.2450,86347.19,197.82,86545.01,0.9977,持有
2016-08-22,21.00,6.38,0.1791,85457.25,197.82,85655.07,0.9977,持有
2016-08-23,21.08,6.41,0.1931,85776.71,197.82,85974.54,0.9977,持有
2016-08-24,21.36,6.49,0.2808,86917.67,197.82,87115.49,0.9977,持有
2016-08-25,21.39,6.50,0.2843,87054.58,197.82,87252.40,0.9977,持有
2016-08-26,21.29,5.93,0.0000,86666.66,197.82,86864.48,0.9977,持有
2016-08-29,21.25,5.92,0.0000,86506.92,197.82,86704.75,0.9977,持有
2016-08-30,21.40,5.96,0.0097,87100.22,197.82,87298.04,0.9977,持有
2016-08-31,21.40,5.96,0.0096,87100.22,197.82,87298.04,0.9977,持有
2016-09-01,21.45,5.97,0.0191,87282.77,197.82,87480.59,0.9977,持有
2016-09-02,21.29,5.93,0.0048,86666.66,197.82,86864.48,0.9977,持有
2016-09-05,21.25,5.92,0.0000,86484.10,197.82,86681.93,0.9977,持有
2016-09-06,21.35,5.95,0.0189,86894.85,197.82,87092.67,0.9977,持有
2016-09-07,21.24,5.92,0.0000,86461.28,197.82,86659.11,0.9977,持有
2016-09-08,21.35,5.95,0.0234,86894.85,197.82,87092.67,0.9977,持有
2016-09-09,21.27,5.93,0.0140,86575.38,197.82,86773.20,0.9977,持有
2016-09-12,20.69,5.76,0.0000,84202.20,197.82,84400.03,0.9977,持有
2016-09-13,20.65,5.75,0.0000,84042.47,197.82,84240.29,0.9977,持有
2016-09-14,20.58,5.73,0.0000,83745.82,197.82,83943.65,0.9976,持有
2016-09-19,20.71,5.77,0.0137,84293.48,197.82,84491.30,0.9977,持有
2016-09-20,20.70,5.77,0.0136,84247.84,197.82,84445.66,0.9977,持有
2016-09-21,20.68,5.76,0.0090,84156.56,197.82,84354.39,0.9977,持有
2016-09-22,20.69,5.76,0.0180,84225.02,197.82,84422.85,0.9977,持有
2016-09-23,20.58,5.73,0.0045,83768.64,197.82,83966.46,0.9976,持有
2016-09-26,20.18,5.62,0.0000,82148.49,197.82,82346.31,0.9976,持有
2016-09-27,20.19,5.62,0.0044,82171.31,197.82,82369.13,0.9976,持有
2016-09-28,20.02,5.58,0.0000,81486.74,197.82,81684.56,0.9976,持有
2016-09-29,20.06,5.59,0.0044,81646.47,197.82,81844.30,0.9976,持有
2016-09-30,20.11,5.60,0.0088,81851.84,197.82,82049.67,0.9976,持有
2016-10-10,20.35,5.67,0.0218,82833.06,197.82,83030.88,0.9976,持有
2016-10-11,20.53,5.72,0.0261,83563.27,197.82,83761.09,0.9976,持有
2016-10-12,20.69,5.76,0.0476,84202.20,197.82,84400.03,0.9977,持有
2016-10-13,20.62,5.74,0.0388,83928.37,197.82,84126.20,0.9976,持有
2016-10-14,20.52,5.42,0.0000,83517.63,197.82,83715.46,0.9976,持有
2016-10-17,20.24,5.35,0.0000,82376.68,197.82,82574.50,0.9976,持有
2016-10-18,20.55,5.43,0.0085,83631.73,197.82,83829.55,0.9976,持有
2016-10-19,20.46,5.41,0.0042,83289.44,197.82,83487.27,0.9976,持有
2016-10-20,20.41,5.39,0.0042,83061.25,197.82,83259.08,0.9976,持有
2016-10-21,20.31,5.36,0.0042,82650.51,197.82,82848.33,0.9976,持有
2016-10-24,20.34,5.37,0.0084,82787.42,197.82,82985.25,0.9976,持有
2016-10-25,20.28,5.36,0.0042,82559.23,197.82,82757.06,0.9976,持有
2016-10-26,20.62,5.45,0.0332,83928.37,197.82,84126.20,0.9976,持有
2016-10-27,20.46,5.40,0.0207,83266.62,197.82,83464.45,0.9976,持有
2016-10-28,20.24,5.35,0.0000,82376.68,197.82,82574.50,0.9976,持有
2016-10-31,19.93,5.26,0.0000,81121.63,197.82,81319.46,0.9976,持有
2016-11-01,19.95,5.27,0.0041,81190.09,197.82,81387.92,0.9976,持有
2016-11-02,19.10,5.04,0.0000,77721.60,197.82,77919.42,0.9975,持有
2016-11-03,18.69,4.94,0.0000,76078.63,197.82,76276.45,0.9974,持有
2016-11-04,18.92,5.00,0.0040,77014.21,197.82,77212.03,0.9974,持有
2016-11-07,18.96,5.01,0.0080,77173.94,197.82,77371.77,0.9974,持有
2016-11-08,19.01,5.02,0.0120,77379.31,197.82,77577.14,0.9974,持有
2016-11-09,19.16,5.06,0.0199,77995.43,197.82,78193.25,0.9975,持有
2016-11-10,19.20,5.00,0.0040,78134.32,197.82,78332.14,0.9975,持有
2016-11-11,19.32,5.03,0.0198,78643.79,197.82,78841.61,0.9975,持有
2016-11-14,19.38,5.04,0.0236,78875.37,197.82,79073.19,0.9975,持有
2016-11-15,19.33,5.03,0.0235,78690.11,197.82,78887.93,0.9975,持有
2016-11-16,19.34,5.03,0.0273,78713.26,197.82,78911.09,0.9975,持有
2016-11-17,19.21,5.00,0.0117,78180.63,197.82,78378.46,0.9975,持有
2016-11-18,18.89,4.92,0.0000,76883.80,197.82,77081.62,0.9974,持有
2016-11-21,18.62,4.85,0.0000,75795.38,197.82,75993.21,0.9974,持有
2016-11-22,18.93,4.93,0.0077,77045.90,197.82,77243.73,0.9974,持有
2016-11-23,18.90,4.92,0.0077,76906.96,197.82,77104.78,0.9974,持有
2016-11-24,18.93,4.93,0.0115,77045.90,197.82,77243.73,0.9974,持有
2016-11-25,18.94,4.93,0.0190,77092.22,197.82,77290.04,0.9974,持有
2016-11-28,19.68,5.12,0.0682,80079.57,197.82,80277.40,0.9975,持有
2016-11-29,19.48,5.07,0.0679,79292.21,197.82,79490.03,0.9975,持有
2016-11-30,19.90,5.18,0.0752,81005.88,197.82,81203.71,0.9976,持有
2016-12-01,20.32,5.29,0.0861,82696.40,197.82,82894.22,0.9976,持有
2016-12-02,19.80,5.15,0.0746,80589.04,197.82,80786.87,0.9976,持有
2016-12-05,19.92,5.18,0.0818,81075.36,197.82,81273.18,0.9976,持有
2016-12-06,19.66,5.12,0.0704,80010.10,197.82,80207.92,0.9975,持有
2016-12-07,19.74,5.14,0.0775,80357.47,197.82,80555.29,0.9975,持有
2016-12-08,19.58,5.10,0.0699,79709.05,197.82,79906.87,0.9975,持有
2016-12-09,19.57,5.09,0.0696,79639.57,197.82,79837.40,0.9975,持有
2016-12-12,19.58,5.10,0.0730,79685.89,197.82,79883.71,0.9975,持有
2016-12-13,19.45,5.06,0.0655,79176.42,197.82,79374.24,0.9975,持有
2016-12-14,19.19,5.00,0.0254,78111.16,197.82,78308.99,0.9975,持有
2016-12-15,19.19,5.00,0.0253,78111.16,197.82,78308.99,0.9975,持有
2016-12-16,19.40,5.05,0.0683,78944.84,197.82,79142.67,0.9975,持有
2016-12-19,19.36,5.04,0.0609,78805.89,197.82,79003.72,0.9975,持有
2016-12-20,19.23,5.01,0.0429,78273.27,197.82,78471.09,0.9975,持有
2016-12-21,19.43,5.06,0.0783,79060.63,197.82,79258.45,0.9975,持有
2016-12-22,19.27,5.02,0.0496,78435.37,197.82,78633.19,0.9975,持有
2016-12-23,19.27,5.01,0.0495,78412.21,197.82,78610.04,0.9975,持有
2016-12-26,19.17,4.99,0.0246,78018.53,197.82,78216.36,0.9975,持有
2016-12-27,19.12,4.98,0.0246,77810.11,197.82,78007.94,0.9975,持有
2016-12-28,19.11,4.97,0.0245,77786.95,197.82,77984.78,0.9975,持有
2016-12-29,19.54,5.09,0.1080,79523.79,197.82,79721.61,0.9975,持有
2016-12-30,20.04,5.22,0.1424,81561.67,197.82,81759.49,0.9976,持有
2017-01-03,20.17,5.25,0.1453,82094.30,197.82,82292.12,0.9976,持有
2017-01-04,20.44,5.32,0.1586,83182.71,197.82,83380.54,0.9976,持有
2017-01-05,20.39,5.31,0.1581,82997.45,197.82,83195.28,0.9976,持有
2017-01-06,20.69,5.39,0.1815,84224.81,197.82,84422.64,0.9977,持有
2017-01-09,20.39,5.31,0.1570,82974.29,197.82,83172.12,0.9976,持有
2017-01-10,20.22,5.26,0.1463,82302.72,197.82,82500.54,0.9976,持有
2017-01-11,20.19,5.25,0.1458,82163.77,197.82,82361.60,0.9976,持有
2017-01-12,20.43,5.32,0.1689,83136.40,197.82,83334.22,0.9976,持有
2017-01-13,19.85,5.17,0.1313,80774.30,197.82,80972.13,0.9976,持有
2017-01-16,19.90,5.18,0.1342,81005.88,197.82,81203.71,0.9976,持有
2017-01-17,19.97,5.20,0.1438,81283.78,197.82,81481.60,0.9976,持有
2017-01-18,19.86,5.17,0.1333,80820.62,197.82,81018.45,0.9976,持有
2017-01-19,19.81,5.16,0.1296,80612.20,197.82,80810.03,0.9976,持有
2017-01-20,20.04,5.22,0.1523,81561.67,197.82,81759.49,0.9976,持有
2017-01-23,20.09,5.23,0.1584,81746.93,197.82,81944.76,0.9976,持有
2017-01-24,19.87,5.17,0.1382,80866.94,197.82,81064.76,0.9976,持有
2017-01-25,20.08,5.23,0.1607,81723.77,197.82,81921.60,0.9976,持有
2017-01-26,20.21,5.26,0.1732,82256.40,197.82,82454.23,0.9976,持有
2017-02-03,20.00,5.21,0.1531,81399.56,197.82,81597.39,0.9976,持有
2017-02-06,20.09,5.23,0.1656,81746.93,197.82,81944.76,0.9976,持有
2017-02-07,19.89,5.18,0.1392,80959.57,197.82,81157.39,0.9976,持有
2017-02-08,19.90,5.18,0.1419,81005.88,197.82,81203.71,0.9976,持有
2017-02-09,19.92,5.18,0.1511,81075.36,197.82,81273.18,0.9976,持有
2017-02-10,19.97,5.20,0.1571,81283.78,197.82,81481.60,0.9976,持有
2017-02-13,20.01,5.21,0.1661,81445.88,197.82,81643.71,0.9976,持有
2017-02-14,19.69,5.12,0.1178,80125.89,197.82,80323.71,0.9975,持有
2017-02-15,19.42,5.05,0.0857,79037.47,197.82,79235.30,0.9975,持有
2017-02-16,19.47,5.07,0.0981,79245.89,197.82,79443.72,0.9975,持有
2017-02-17,19.27,5.02,0.0568,78435.37,197.82,78633.19,0.9975,持有
2017-02-20,19.44,5.06,0.0943,79106.95,197.82,79304.77,0.9975,持有
2017-02-21,19.72,5.13,0.1317,80241.68,197.82,80439.50,0.9975,持有
2017-02-22,19.48,5.07,0.1062,79269.05,197.82,79466.87,0.9975,持有
2017-02-23,19.48,5.07,0.1090,79292.21,197.82,79490.03,0.9975,持有
2017-02-24,19.56,5.09,0.1180,79616.42,197.82,79814.24,0.9975,持有
2017-02-27,19.39,5.05,0.0836,78921.68,197.82,79119.51,0.9975,持有
2017-02-28,19.43,5.06,0.0926,79060.63,197.82,79258.45,0.9975,持有
2017-03-01,19.48,5.07,0.1108,79269.05,197.82,79466.87,0.9975,持有
2017-03-02,19.40,5.05,0.0890,78968.00,197.82,79165.82,0.9975,持有
2017-03-03,19.42,5.05,0.0917,79037.47,197.82,79235.30,0.9975,持有
2017-03-06,19.44,5.06,0.1037,79106.95,197.82,79304.77,0.9975,持有
2017-03-07,19.52,5.08,0.1307,79431.15,197.82,79628.98,0.9975,持有
2017-03-08,19.43,5.06,0.1030,79083.79,197.82,79281.61,0.9975,持有
2017-03-09,18.96,4.93,0.0181,77161.69,197.82,77359.52,0.9974,持有
2017-03-10,19.00,4.94,0.0241,77323.80,197.82,77521.62,0.9974,持有
2017-03-13,19.10,4.97,0.0270,77740.64,197.82,77938.46,0.9975,持有
2017-03-14,19.00,4.94,0.0240,77323.80,197.82,77521.62,0.9974,持有
2017-03-15,19.03,4.95,0.0299,77439.59,197.82,77637.41,0.9975,持有
2017-03-16,19.05,4.96,0.0327,77532.22,197.82,77730.04,0.9975,持有
2017-03-17,18.91,4.92,0.0089,76953.27,197.82,77151.10,0.9974,持有
2017-03-20,18.95,4.93,0.0207,77115.38,197.82,77313.20,0.9974,持有
2017-03-21,19.02,4.95,0.0354,77416.43,197.82,77614.25,0.9975,持有
2017-03-22,18.88,4.91,0.0029,76837.48,197.82,77035.31,0.9974,持有
2017-03-23,18.82,4.90,0.0029,76582.75,197.82,76780.57,0.9974,持有
2017-03-24,19.06,4.96,0.0497,77578.53,197.82,77776.36,0.9975,持有
2017-03-27,18.95,4.93,0.0292,77138.53,197.82,77336.36,0.9974,持有
2017-03-28,18.98,4.94,0.0378,77254.32,197.82,77452.15,0.9974,持有
2017-03-29,18.82,4.90,0.0058,76605.91,197.82,76803.73,0.9974,持有
2017-03-30,18.62,4.85,0.0000,75795.38,197.82,75993.21,0.9974,持有
2017-03-31,18.70,4.87,0.0058,76096.44,197.82,76294.26,0.9974,持有
2017-04-05,18.87,4.91,0.0144,76814.33,197.82,77012.15,0.9974,持有
2017-04-06,19.10,4.97,0.0688,77717.48,197.82,77915.30,0.9975,持有
2017-04-07,18.88,4.74,0.0000,76860.64,197.82,77058.47,0.9974,持有
2017-04-10,18.66,4.68,0.0000,75957.49,197.82,76155.31,0.9974,持有
2017-04-11,18.86,4.73,0.0028,76768.01,197.82,76965.84,0.9974,持有
2017-04-12,18.69,4.69,0.0028,76073.28,197.82,76271.10,0.9974,持有
2017-04-13,18.65,4.68,0.0000,75888.02,197.82,76085.84,0.9974,持有
2017-04-14,18.66,4.68,0.0028,75957.49,197.82,76155.31,0.9974,持有
2017-04-17,18.25,4.36,0.0000,74266.97,197.82,74464.80,0.9973,持有
2017-04-18,18.05,4.31,0.0000,73479.61,197.82,73677.43,0.9973,持有
2017-04-19,17.93,4.28,0.0000,72970.14,197.82,73167.96,0.9973,持有
2017-04-20,17.97,4.29,0.0028,73132.24,197.82,73330.07,0.9973,持有
2017-04-21,17.98,4.29,0.0056,73178.56,197.82,73376.38,0.9973,持有
2017-04-24,17.91,4.28,0.0000,72900.66,197.82,73098.49,0.9973,持有
2017-04-25,17.92,4.28,0.0028,72923.82,197.82,73121.65,0.9973,持有
2017-04-26,18.05,4.31,0.0138,73479.61,197.82,73677.43,0.9973,持有
2017-04-27,18.16,4.34,0.0192,73919.60,197.82,74117.43,0.9973,持有
2017-04-28,18.16,4.33,0.0192,73896.45,197.82,74094.27,0.9973,持有
2017-05-02,18.15,4.33,0.0191,73873.29,197.82,74071.11,0.9973,持有
2017-05-03,17.81,4.25,0.0000,72506.98,197.82,72704.81,0.9973,持有
2017-05-04,17.41,4.16,0.0000,70839.62,197.82,71037.45,0.9972,持有
2017-05-05,17.34,4.14,0.0000,70584.89,197.82,70782.71,0.9972,持有
2017-05-08,16.52,3.94,0.0000,67227.01,197.82,67424.83,0.9971,持有
2017-05-09,16.18,3.86,0.0000,65837.54,197.82,66035.37,0.9970,持有
2017-05-10,15.62,3.73,0.0000,63591.24,197.82,63789.06,0.9969,持有
2017-05-11,15.81,3.78,0.0027,64355.45,197.82,64553.27,0.9969,持有
2017-05-12,16.11,3.85,0.0053,65559.65,197.82,65757.47,0.9970,持有
2017-05-15,16.22,3.87,0.0107,66022.80,197.82,66220.63,0.9970,持有
2017-05-16,16.19,3.86,0.0106,65883.86,197.82,66081.68,0.9970,持有
2017-05-17,16.19,3.86,0.0106,65883.86,197.82,66081.68,0.9970,持有
2017-05-18,16.10,3.84,0.0053,65513.33,197.82,65711.16,0.9970,持有
2017-05-19,15.94,3.80,0.0053,64864.92,197.82,65062.74,0.9970,持有
2017-05-22,16.15,3.86,0.0132,65721.75,197.82,65919.58,0.9970,持有
2017-05-23,16.32,3.90,0.0262,66416.49,197.82,66614.31,0.9970,持有
2017-05-24,16.69,3.99,0.0314,67944.90,197.82,68142.72,0.9971,持有
2017-05-25,16.72,3.99,0.0339,68037.53,197.82,68235.36,0.9971,持有
2017-05-26,16.75,3.86,0.0156,68152.60,197.82,68350.43,0.9971,持有
2017-05-31,17.03,3.93,0.0312,69332.11,197.82,69529.93,0.9972,持有
2017-06-01,16.97,3.91,0.0311,69073.19,197.82,69271.02,0.9971,持有
2017-06-02,16.79,3.87,0.0258,68325.21,197.82,68523.04,0.9971,持有
2017-06-05,16.58,3.82,0.0077,67462.16,197.82,67659.98,0.9971,持有
2017-06-06,16.67,3.84,0.0129,67836.15,197.82,68033.97,0.9971,持有
2017-06-07,16.77,3.87,0.0308,68267.67,197.82,68465.50,0.9971,持有
2017-06-08,16.68,3.85,0.0179,67893.68,197.82,68091.51,0.9971,持有
2017-06-09,16.58,3.82,0.0102,67490.92,197.82,67688.75,0.9971,持有
2017-06-12,16.89,3.90,0.0433,68756.74,197.82,68954.56,0.9971,持有
2017-06-13,16.87,3.89,0.0431,68641.67,197.82,68839.49,0.9971,持有
2017-06-14,16.70,3.85,0.0228,67951.22,197.82,68149.05,0.9971,持有
2017-06-15,16.75,3.86,0.0278,68152.60,197.82,68350.43,0.9971,持有
2017-06-16,16.57,3.82,0.0076,67433.39,197.82,67631.21,0.9971,持有
2017-06-19,16.58,3.82,0.0101,67462.16,197.82,67659.98,0.9971,持有
2017-06-20,16.54,3.81,0.0075,67318.31,197.82,67516.14,0.9971,持有
2017-06-21,16.72,3.86,0.0350,68066.29,197.82,68264.12,0.9971,持有
2017-06-22,16.60,3.83,0.0200,67548.46,197.82,67746.29,0.9971,持有
2017-06-23,16.72,3.86,0.0373,68066.29,197.82,68264.12,0.9971,持有
2017-06-26,16.77,3.87,0.0546,68267.67,197.82,68465.50,0.9971,持有
2017-06-27,16.72,3.86,0.0371,68066.29,197.82,68264.12,0.9971,持有
2017-06-28,16.62,3.83,0.0222,67634.77,197.82,67832.59,0.9971,持有
2017-06-29,16.48,3.80,0.0049,67088.17,197.82,67285.99,0.9971,持有
2017-06-30,16.57,3.82,0.0123,67433.39,197.82,67631.21,0.9971,持有
2017-07-03,16.62,3.83,0.0270,67634.77,197.82,67832.59,0.9971,持有
2017-07-04,16.69,3.85,0.0416,67922.45,197.82,68120.28,0.9971,持有
2017-07-05,16.63,3.84,0.0317,67692.30,197.82,67890.13,0.9971,持有
2017-07-06,16.83,3.88,0.0803,68497.82,197.82,68695.65,0.9971,持有
2017-07-07,16.89,3.89,0.0850,68727.97,197.82,68925.80,0.9971,持有
2017-07-10,16.72,3.86,0.0484,68037.53,197.82,68235.35,0.9971,持有
2017-07-11,16.63,3.84,0.0314,67692.30,197.82,67890.13,0.9971,持有
2017-07-12,16.55,3.82,0.0120,67375.85,197.82,67573.68,0.9971,持有
2017-07-13,16.53,3.81,0.0096,67289.55,197.82,67487.37,0.9971,持有
2017-07-14,15.37,3.55,0.0000,62571.51,197.82,62769.33,0.9968,持有
2017-07-17,14.12,3.26,0.0000,57479.48,197.82,57677.31,0.9966,持有
2017-07-18,14.05,3.24,0.0000,57191.80,197.82,57389.62,0.9966,持有
2017-07-19,14.07,3.24,0.0024,57249.34,197.82,57447.16,0.9966,持有
2017-07-20,14.04,3.24,0.0000,57134.26,197.82,57332.09,0.9965,持有
2017-07-21,13.93,3.21,0.0000,56702.73,197.82,56900.56,0.9965,持有
2017-07-24,14.01,3.23,0.0024,57019.19,197.82,57217.01,0.9965,持有
2017-07-25,14.07,3.25,0.0118,57278.10,197.82,57475.93,0.9966,持有
2017-07-26,14.08,3.25,0.0141,57306.87,197.82,57504.70,0.9966,持有
2017-07-27,14.63,3.37,0.0188,59550.82,197.82,59748.64,0.9967,持有
2017-07-28,14.37,3.31,0.0187,58486.38,197.82,58684.21,0.9966,持有
2017-07-31,14.29,3.30,0.0187,58169.93,197.82,58367.75,0.9966,持有
2017-08-01,14.27,3.29,0.0186,58083.62,197.82,58281.45,0.9966,持有
2017-08-02,14.01,3.23,0.0023,57019.19,197.82,57217.01,0.9965,持有
2017-08-03,14.14,3.26,0.0209,57537.02,197.82,57734.85,0.9966,持有
2017-08-04,14.20,3.27,0.0231,57795.94,197.82,57993.76,0.9966,持有
2017-08-07,14.37,3.31,0.0300,58486.38,197.82,58684.21,0.9966,持有
2017-08-08,15.81,3.64,0.0392,64326.39,197.82,64524.21,0.9969,持有
2017-08-09,15.35,3.54,0.0368,62485.20,197.82,62683.03,0.9968,持有
2017-08-10,15.31,3.53,0.0367,62312.59,197.82,62510.42,0.9968,持有
2017-08-11,15.04,3.47,0.0366,61219.39,197.82,61417.21,0.9968,持有
2017-08-14,15.32,3.53,0.0411,62341.36,197.82,62539.19,0.9968,持有
2017-08-15,15.15,4.07,0.1572,61679.69,197.82,61877.51,0.9968,持有
2017-08-16,15.23,4.09,0.1591,61996.14,197.82,62193.96,0.9968,持有
2017-08-17,15.21,4.08,0.1587,61909.83,197.82,62107.66,0.9968,持有
2017-08-18,15.18,4.07,0.1584,61765.99,197.82,61963.82,0.9968,持有
2017-08-21,15.21,4.08,0.1603,61909.83,197.82,62107.66,0.9968,持有
2017-08-22,15.52,4.16,0.1712,63146.88,197.82,63344.70,0.9969,持有
2017-08-23,15.38,4.13,0.1663,62600.28,197.82,62798.10,0.9968,持有
2017-08-24,15.49,4.16,0.1726,63031.81,197.82,63229.63,0.9969,持有
2017-08-25,15.52,4.17,0.1767,63175.65,197.82,63373.47,0.9969,持有
2017-08-28,15.81,4.24,0.1786,64355.16,197.82,64552.98,0.9969,持有
2017-08-29,15.80,4.24,0.1782,64297.62,197.82,64495.44,0.9969,持有
2017-08-30,16.10,4.32,0.2000,65534.67,197.82,65732.49,0.9970,持有
2017-08-31,16.40,4.40,0.2106,66742.94,197.82,66940.77,0.9970,持有
2017-09-01,16.18,4.34,0.2080,65851.12,197.82,66048.94,0.9970,持有
2017-09-04,15.99,4.29,0.1921,65074.37,197.82,65272.19,0.9970,持有
2017-09-05,16.14,4.33,0.2048,65707.28,197.82,65905.10,0.9970,持有
2017-09-06,16.07,4.31,0.2000,65390.82,197.82,65588.65,0.9970,持有
2017-09-07,16.02,4.30,0.1952,65218.21,197.82,65416.04,0.9970,持有
2017-09-08,16.17,4.34,0.2144,65822.35,197.82,66020.18,0.9970,持有
2017-09-11,16.15,4.34,0.2118,65736.05,197.82,65933.87,0.9970,持有
2017-09-12,15.99,4.29,0.1895,65074.37,197.82,65272.19,0.9970,持有
2017-09-13,15.89,4.27,0.1804,64671.61,197.82,64869.44,0.9970,持有
2017-09-14,15.93,4.28,0.1822,64815.45,197.82,65013.28,0.9970,持有
2017-09-15,15.97,4.29,0.1905,65016.83,197.82,65214.66,0.9970,持有
2017-09-18,16.04,4.31,0.2030,65275.75,197.82,65473.57,0.9970,持有
2017-09-19,15.96,4.28,0.1897,64959.30,197.82,65157.12,0.9970,持有
2017-09-20,16.02,4.30,0.2022,65189.44,197.82,65387.27,0.9970,持有
2017-09-21,16.02,4.30,0.2017,65189.44,197.82,65387.27,0.9970,持有
2017-09-22,15.60,4.19,0.1713,63492.10,197.82,63689.93,0.9969,持有
2017-09-25,15.27,4.10,0.1581,62139.98,197.82,62337.81,0.9968,持有
2017-09-26,15.27,4.10,0.1599,62168.75,197.82,62366.58,0.9968,持有
2017-09-27,15.27,4.10,0.1574,62139.98,197.82,62337.81,0.9968,持有
2017-09-28,15.08,4.05,0.1465,61363.23,197.82,61561.06,0.9968,持有
2017-09-29,15.20,4.08,0.1525,61881.07,197.82,62078.89,0.9968,持有
2017-10-09,15.44,4.15,0.1712,62859.19,197.82,63057.02,0.9969,持有
2017-10-10,15.90,4.27,0.1920,64700.38,197.82,64898.20,0.9970,持有
2017-10-11,16.24,4.36,0.2484,66110.04,197.82,66307.86,0.9970,持有
2017-10-12,16.14,4.33,0.2332,65707.28,197.82,65905.10,0.9970,持有
2017-10-13,16.24,4.36,0.2495,66110.04,197.82,66307.86,0.9970,持有
2017-10-16,16.44,4.41,0.2552,66915.55,197.82,67113.38,0.9971,持有
2017-10-17,16.33,4.38,0.2526,66455.26,197.82,66653.08,0.9970,持有
2017-10-18,16.15,4.34,0.2375,65736.05,197.82,65933.87,0.9970,持有
2017-10-19,16.26,4.36,0.2536,66167.57,197.82,66365.40,0.9970,持有
2017-10-20,16.17,4.34,0.2427,65822.35,197.82,66020.18,0.9970,持有
2017-10-23,16.46,4.42,0.2629,67001.86,197.82,67199.68,0.9971,持有
2017-10-24,16.44,4.41,0.2603,66915.55,197.82,67113.38,0.9971,持有
2017-10-25,16.70,4.48,0.2660,67979.99,197.82,68177.81,0.9971,持有
2017-10-26,17.15,4.60,0.2675,69792.41,197.82,69990.23,0.9972,持有
2017-10-27,17.18,4.61,0.2690,69907.48,197.82,70105.30,0.9972,持有
2017-10-30,17.73,4.39,0.2561,72180.19,197.82,72378.02,0.9973,持有
2017-10-31,17.88,4.42,0.2658,72784.33,197.82,72982.16,0.9973,持有
2017-11-01,18.64,4.61,0.2735,75862.56,197.82,76060.39,0.9974,持有
2017-11-02,18.55,4.59,0.2688,75488.57,197.82,75686.40,0.9974,持有
2017-11-03,18.41,4.55,0.2683,74913.20,197.82,75111.03,0.9974,持有
2017-11-06,17.98,4.45,0.2657,73158.32,197.82,73356.15,0.9973,持有
2017-11-07,18.03,4.46,0.2672,73388.47,197.82,73586.29,0.9973,持有
2017-11-08,17.64,4.36,0.2505,71806.20,197.82,72004.03,0.9973,持有
2017-11-09,17.88,4.42,0.2641,72784.33,197.82,72982.16,0.9973,持有
2017-11-10,18.22,4.51,0.2736,74136.45,197.82,74334.28,0.9973,持有
2017-11-13,17.79,4.40,0.2550,72410.34,197.82,72608.16,0.9973,持有
2017-11-14,18.25,4.51,0.2766,74280.29,197.82,74478.12,0.9973,持有
2017-11-15,17.85,4.42,0.2620,72640.49,197.82,72838.31,0.9973,持有
2017-11-16,18.72,4.63,0.2894,76179.01,197.82,76376.84,0.9974,持有
2017-11-17,18.87,4.67,0.2908,76811.92,197.82,77009.75,0.9974,持有
2017-11-20,19.47,4.82,0.3042,79257.25,197.82,79455.07,0.9975,持有
2017-11-21,19.46,4.81,0.3036,79199.71,197.82,79397.53,0.9975,持有
2017-11-22,19.61,4.85,0.3109,79832.62,197.82,80030.44,0.9975,持有
2017-11-23,18.73,4.63,0.2885,76236.55,197.82,76434.38,0.9974,持有
2017-11-24,17.84,4.41,0.2544,72611.72,197.82,72809.54,0.9973,持有
2017-11-27,17.25,4.27,0.1811,70223.93,197.82,70421.76,0.9972,持有
2017-11-28,17.42,4.31,0.2102,70914.38,197.82,71112.20,0.9972,持有
2017-11-29,17.53,4.34,0.2333,71345.91,197.82,71543.73,0.9972,持有
2017-11-30,17.01,4.21,0.1703,69217.04,197.82,69414.86,0.9972,持有
2017-12-01,17.46,4.32,0.2188,71058.22,197.82,71256.04,0.9972,持有
2017-12-04,17.85,4.42,0.2690,72669.26,197.82,72867.08,0.9973,持有
2017-12-05,17.65,4.37,0.2529,71834.97,197.82,72032.79,0.9973,持有
2017-12-06,17.93,4.44,0.2777,72985.71,197.82,73183.53,0.9973,持有
2017-12-07,17.82,4.41,0.2616,72525.41,197.82,72723.24,0.9973,持有
2017-12-08,17.72,4.38,0.2553,72122.65,197.82,72320.48,0.9973,持有
2017-12-11,17.57,4.35,0.2413,71489.75,197.82,71687.57,0.9972,持有
2017-12-12,17.18,4.25,0.1734,69936.25,197.82,70134.07,0.9972,持有
2017-12-13,17.28,4.28,0.1846,70339.01,197.82,70536.83,0.9972,持有
2017-12-14,16.92,4.19,0.1651,68871.81,197.82,69069.64,0.9971,持有
2017-12-15,16.58,4.10,0.1513,67490.92,197.82,67688.75,0.9971,持有
2017-12-18,16.81,4.16,0.1625,68411.52,197.82,68609.34,0.9971,持有
2017-12-19,16.79,4.15,0.1584,68325.21,197.82,68523.04,0.9971,持有
2017-12-20,17.16,4.25,0.1790,69849.94,197.82,70047.77,0.9972,持有
2017-12-21,17.14,4.24,0.1749,69763.64,197.82,69961.46,0.9972,持有
2017-12-22,17.14,4.24,0.1746,69763.64,197.82,69961.46,0.9972,持有
2017-12-25,16.95,4.19,0.1723,68986.89,197.82,69184.71,0.9971,持有
2017-12-26,17.01,4.21,0.1739,69217.04,197.82,69414.86,0.9972,持有
2017-12-27,16.93,4.19,0.1717,68900.58,197.82,69098.41,0.9971,持有
2017-12-28,16.96,4.20,0.1751,69044.42,197.82,69242.25,0.9971,持有
2017-12-29,16.89,4.18,0.1673,68756.74,197.82,68954.56,0.9971,持有
2018-01-02,17.24,4.26,0.1951,70166.40,197.82,70364.22,0.9972,持有
2018-01-03,17.25,4.27,0.1985,70195.16,197.82,70392.99,0.9972,持有
2018-01-04,17.40,4.31,0.2299,70828.07,197.82,71025.90,0.9972,持有
2018-01-05,17.96,4.44,0.3060,73100.78,197.82,73298.61,0.9973,持有
2018-01-08,19.05,4.71,0.3389,77531.13,197.82,77728.96,0.9975,持有
2018-01-09,18.86,4.67,0.3290,76754.38,197.82,76952.21,0.9974,持有
2018-01-10,18.61,4.60,0.3210,75747.49,197.82,75945.31,0.9974,持有
2018-01-11,18.70,4.63,0.3259,76121.48,197.82,76319.30,0.9974,持有
2018-01-12,19.01,4.70,0.3420,77358.52,197.82,77556.35,0.9974,持有
2018-01-15,18.31,4.53,0.3137,74510.44,197.82,74708.27,0.9974,持有
2018-01-16,19.06,4.72,0.3462,77588.67,197.82,77786.50,0.9975,持有
2018-01-17,19.04,4.71,0.3438,77473.60,197.82,77671.42,0.9975,持有
2018-01-18,18.96,4.69,0.3413,77185.91,197.82,77383.74,0.9974,持有
2018-01-19,18.35,4.54,0.3132,74683.05,197.82,74880.88,0.9974,持有
2018-01-22,18.97,4.69,0.3437,77214.68,197.82,77412.51,0.9974,持有
2018-01-23,19.28,4.77,0.3558,78480.50,197.82,78678.32,0.9975,持有
2018-01-24,19.30,4.77,0.3570,78538.03,197.82,78735.86,0.9975,持有
2018-01-25,19.24,4.76,0.3545,78307.88,197.82,78505.71,0.9975,持有
2018-01-26,19.01,4.70,0.3430,77358.52,197.82,77556.35,0.9974,持有
2018-01-29,18.82,4.65,0.3279,76581.77,197.82,76779.60,0.9974,持有
2018-01-30,18.17,4.49,0.3038,73935.07,197.82,74132.90,0.9973,持有
2018-01-31,17.57,4.35,0.2563,71489.75,197.82,71687.57,0.9972,持有
2018-02-01,17.32,4.29,0.2072,70511.62,197.82,70709.44,0.9972,持有
2018-02-02,17.30,4.28,0.2050,70425.31,197.82,70623.14,0.9972,持有
2018-02-05,17.39,4.30,0.2226,70770.53,197.82,70968.36,0.9972,持有
2018-02-06,15.98,3.95,0.1201,65045.60,197.82,65243.43,0.9970,持有
2018-02-07,15.93,3.94,0.1181,64815.45,197.82,65013.28,0.9970,持有
2018-02-08,16.07,3.98,0.1232,65419.59,197.82,65617.42,0.9970,持有
2018-02-09,15.52,3.84,0.0695,63146.88,197.82,63344.70,0.9969,持有
2018-02-12,15.72,3.89,0.1085,63981.17,197.82,64178.99,0.9969,持有
2018-02-13,15.88,3.93,0.1190,64614.07,197.82,64811.90,0.9969,持有
2018-02-14,16.31,4.03,0.1330,66368.95,197.82,66566.78,0.9970,持有
2018-02-22,16.17,4.00,0.1327,65822.35,197.82,66020.18,0.9970,持有
2018-02-23,16.10,3.98,0.1290,65534.67,197.82,65732.49,0.9970,持有
2018-02-26,16.14,3.99,0.1340,65678.51,197.82,65876.33,0.9970,持有
2018-02-27,15.62,3.86,0.0951,63578.41,197.82,63776.23,0.9969,持有
2018-02-28,15.73,3.89,0.1125,64009.93,197.82,64207.76,0.9969,持有
2018-03-01,15.78,3.90,0.1193,64211.31,197.82,64409.14,0.9969,持有
2018-03-02,15.68,3.88,0.1068,63808.56,197.82,64006.38,0.9969,持有
2018-03-05,15.49,3.83,0.0612,63031.81,197.82,63229.63,0.9969,持有
2018-03-06,15.54,3.85,0.0750,63261.95,197.82,63459.78,0.9969,持有
2018-03-07,15.40,3.81,0.0453,62657.81,197.82,62855.64,0.9969,持有
2018-03-08,15.38,3.80,0.0435,62600.28,197.82,62798.10,0.9968,持有
2018-03-09,15.93,3.94,0.1337,64815.45,197.82,65013.28,0.9970,持有
2018-03-12,15.81,3.91,0.1282,64326.39,197.82,64524.21,0.9969,持有
2018-03-13,15.97,3.95,0.1401,64988.06,197.82,65185.89,0.9970,持有
2018-03-14,15.74,3.89,0.1209,64067.47,197.82,64265.30,0.9969,持有
2018-03-15,15.36,3.80,0.0414,62513.97,197.82,62711.80,0.9968,持有
2018-03-16,15.28,3.78,0.0413,62197.52,197.82,62395.34,0.9968,持有
2018-03-19,14.79,3.66,0.0378,60183.72,197.82,60381.55,0.9967,持有
2018-03-20,15.01,3.71,0.0395,61104.32,197.82,61302.14,0.9968,持有
2018-03-21,14.80,3.66,0.0394,60241.26,197.82,60439.09,0.9967,持有
2018-03-22,14.69,3.63,0.0359,59780.96,197.82,59978.79,0.9967,持有
2018-03-23,15.23,3.77,0.0461,61967.37,197.82,62165.20,0.9968,持有
2018-03-26,14.64,3.62,0.0358,59579.58,197.82,59777.41,0.9967,持有
2018-03-27,14.92,3.69,0.0442,60730.32,197.82,60928.15,0.9968,持有
2018-03-28,14.79,3.66,0.0407,60183.72,197.82,60381.55,0.9967,持有
2018-03-29,14.94,3.69,0.0475,60787.86,197.82,60985.69,0.9968,持有
2018-03-30,14.74,3.65,0.0406,60011.11,197.82,60208.94,0.9967,持有
2018-04-02,15.26,3.78,0.0574,62111.21,197.82,62309.04,0.9968,持有
2018-04-03,15.47,3.83,0.0843,62974.27,197.82,63172.09,0.9969,持有
2018-04-04,15.62,3.86,0.1212,63578.41,197.82,63776.23,0.9969,持有
2018-04-09,15.23,3.77,0.0538,61967.37,197.82,62165.20,0.9968,持有
2018-04-10,15.15,3.43,0.0268,61679.69,197.82,61877.51,0.9968,持有
2018-04-11,15.28,3.46,0.0285,62197.52,197.82,62395.34,0.9968,持有
2018-04-12,14.99,3.39,0.0268,60989.24,197.82,61187.07,0.9968,持有
2018-04-13,14.87,3.37,0.0250,60528.95,197.82,60726.77,0.9967,持有
2018-04-16,14.59,3.30,0.0217,59378.20,197.82,59576.03,0.9967,持有
2018-04-17,14.70,3.33,0.0266,59838.50,197.82,60036.33,0.9967,持有
2018-04-18,14.85,3.36,0.0282,60442.64,197.82,60640.46,0.9967,持有
2018-04-19,14.96,3.39,0.0332,60874.17,197.82,61071.99,0.9968,持有
2018-04-20,15.13,3.43,0.0364,61564.61,197.82,61762.44,0.9968,持有
2018-04-23,15.02,3.40,0.0364,61133.08,197.82,61330.91,0.9968,持有
2018-04-24,15.01,3.21,0.0000,61104.32,197.82,61302.14,0.9968,持有
2018-04-25,14.79,3.16,0.0000,60212.49,197.82,60410.32,0.9967,持有
2018-04-26,14.61,3.13,0.0000,59464.51,197.82,59662.34,0.9967,持有
2018-04-27,14.65,3.13,0.0016,59637.12,197.82,59834.95,0.9967,持有
2018-05-02,14.57,3.12,0.0000,59291.90,197.82,59489.72,0.9967,持有
2018-05-03,15.02,3.21,0.0082,61133.08,197.82,61330.91,0.9968,持有
2018-05-04,15.11,3.23,0.0147,61507.07,197.82,61704.90,0.9968,持有
2018-05-07,15.20,3.25,0.0245,61852.30,197.82,62050.12,0.9968,持有
2018-05-08,15.12,3.23,0.0163,61535.84,197.82,61733.67,0.9968,持有
2018-05-09,15.20,3.25,0.0276,61881.07,197.82,62078.89,0.9968,持有
2018-05-10,15.23,3.26,0.0308,61996.14,197.82,62193.96,0.9968,持有
2018-05-11,15.55,3.33,0.0438,63290.72,197.82,63488.55,0.9969,持有
2018-05-14,16.16,3.46,0.0599,65764.81,197.82,65962.64,0.9970,持有
2018-05-15,16.40,3.51,0.0646,66742.94,197.82,66940.77,0.9970,持有
2018-05-16,16.53,3.53,0.0694,67260.78,197.82,67458.60,0.9971,持有
2018-05-17,16.96,3.63,0.0757,69015.66,197.82,69213.48,0.9971,持有
2018-05-18,16.85,3.67,0.0868,68584.13,197.82,68781.95,0.9971,持有
2018-05-21,16.80,3.66,0.0851,68382.75,197.82,68580.57,0.9971,持有
2018-05-22,17.26,3.76,0.0962,70252.70,197.82,70450.53,0.9972,持有
2018-05-23,16.77,3.65,0.0816,68267.67,197.82,68465.50,0.9971,持有
2018-05-24,16.87,3.67,0.0911,68670.43,197.82,68868.26,0.9971,持有
2018-05-25,17.20,3.74,0.0989,69993.79,197.82,70191.61,0.9972,持有
2018-05-28,17.23,3.75,0.1003,70137.63,197.82,70335.45,0.9972,持有
2018-05-29,16.93,3.69,0.0922,68900.58,197.82,69098.41,0.9971,持有
2018-05-30,16.81,3.66,0.0873,68411.52,197.82,68609.34,0.9971,持有
2018-05-31,17.25,3.69,0.0967,70195.68,197.82,70393.51,0.9972,持有
2018-06-01,17.23,3.69,0.0949,70107.94,197.82,70305.76,0.9972,持有
2018-06-04,16.93,3.63,0.0742,68908.76,197.82,69106.58,0.9971,持有
2018-06-05,17.42,3.73,0.1057,70897.64,197.82,71095.46,0.9972,持有
2018-06-06,17.62,3.77,0.1150,71716.59,197.82,71914.41,0.9972,持有
2018-06-07,17.50,3.75,0.1085,71219.37,197.82,71417.19,0.9972,持有
2018-06-08,16.81,3.60,0.0722,68411.54,197.82,68609.37,0.9971,持有
2018-06-11,16.43,3.52,0.0643,66861.39,197.82,67059.21,0.9970,持有
2018-06-12,16.69,3.58,0.0736,67943.57,197.82,68141.39,0.9971,持有
2018-06-13,16.72,3.58,0.0750,68031.31,197.82,68229.14,0.9971,持有
2018-06-14,16.43,3.52,0.0640,66861.39,197.82,67059.21,0.9970,持有
2018-06-15,16.42,3.52,0.0639,66832.14,197.82,67029.96,0.9970,持有
2018-06-19,16.30,3.49,0.0622,66334.92,197.82,66532.74,0.9970,持有
2018-06-20,15.67,3.36,0.0450,63761.08,197.82,63958.90,0.9969,持有
2018-06-21,15.41,3.30,0.0372,62737.39,197.82,62935.21,0.9969,持有
2018-06-22,15.58,3.34,0.0464,63410.10,197.82,63607.92,0.9969,持有
2018-06-25,15.25,3.27,0.0325,62064.68,197.82,62262.51,0.9968,持有
2018-06-26,15.17,3.25,0.0247,61742.95,197.82,61940.78,0.9968,持有
2018-06-27,15.28,3.27,0.0354,62181.67,197.82,62379.50,0.9968,持有
2018-06-28,15.38,3.29,0.0400,62591.15,197.82,62788.97,0.9968,持有
2018-06-29,15.82,3.39,0.0614,64404.54,197.82,64602.36,0.9969,持有
2018-07-02,15.66,3.35,0.0537,63731.83,197.82,63929.65,0.9969,持有
2018-07-03,15.72,3.37,0.0582,63965.81,197.82,64163.64,0.9969,持有
2018-07-04,15.46,3.31,0.0459,62942.13,197.82,63139.95,0.9969,持有
2018-07-05,15.45,3.31,0.0458,62883.63,197.82,63081.46,0.9969,持有
2018-07-06,15.85,3.39,0.0701,64492.28,197.82,64690.11,0.9969,持有
2018-07-09,16.51,3.54,0.0928,67212.36,197.82,67410.19,0.9971,持有
2018-07-10,16.61,3.56,0.0973,67621.84,197.82,67819.66,0.9971,持有
2018-07-11,16.52,3.54,0.0941,67241.61,197.82,67439.44,0.9971,持有
2018-07-12,16.56,3.55,0.0985,67417.10,197.82,67614.93,0.9971,持有
2018-07-13,16.39,3.51,0.0832,66715.14,197.82,66912.97,0.9970,持有
2018-07-16,16.29,3.49,0.0801,66305.67,197.82,66503.49,0.9970,持有
2018-07-17,16.39,3.51,0.0845,66715.14,197.82,66912.97,0.9970,持有
2018-07-18,16.10,3.45,0.0753,65545.22,197.82,65743.04,0.9970,持有
2018-07-19,16.03,3.43,0.0752,65223.49,197.82,65421.31,0.9970,持有
2018-07-20,16.29,3.49,0.0826,66305.67,197.82,66503.49,0.9970,持有
2018-07-23,16.89,3.62,0.1139,68733.27,197.82,68931.10,0.9971,持有
2018-07-24,16.77,3.59,0.1123,68236.05,197.82,68433.88,0.9971,持有
2018-07-25,16.72,3.58,0.1106,68031.31,197.82,68229.14,0.9971,持有
2018-07-26,16.73,3.58,0.1134,68089.81,197.82,68287.64,0.9971,持有
2018-07-27,16.55,3.54,0.1043,67358.61,197.82,67556.43,0.9971,持有
2018-07-30,16.44,3.52,0.0952,66919.88,197.82,67117.71,0.9971,持有
2018-07-31,16.90,3.62,0.1218,68791.77,197.82,68989.59,0.9971,持有
2018-08-01,16.58,3.55,0.1098,67475.60,197.82,67673.42,0.9971,持有
2018-08-02,16.23,3.48,0.0815,66071.68,197.82,66269.51,0.9970,持有
2018-08-03,16.41,3.52,0.0917,66802.89,197.82,67000.71,0.9970,持有
2018-08-06,15.43,3.30,0.0443,62795.89,197.82,62993.71,0.9969,持有
2018-08-07,15.59,3.34,0.0560,63439.35,197.82,63637.17,0.9969,持有
2018-08-08,15.59,3.34,0.0574,63468.59,197.82,63666.42,0.9969,持有
2018-08-09,15.78,3.38,0.0676,64229.05,197.82,64426.87,0.9969,持有
2018-08-10,16.14,3.46,0.0837,65691.46,197.82,65889.28,0.9970,持有
2018-08-13,16.21,3.47,0.0880,65983.94,197.82,66181.76,0.9970,持有
2018-08-14,16.23,3.48,0.0893,66042.44,197.82,66240.26,0.9970,持有
2018-08-15,16.24,3.79,0.1827,66100.93,197.82,66298.76,0.9970,持有
2018-08-16,15.22,3.55,0.1212,61947.69,197.82,62145.51,0.9968,持有
2018-08-17,15.19,3.54,0.1166,61830.70,197.82,62028.52,0.9968,持有
2018-08-20,14.37,3.35,0.0582,58496.40,197.82,58694.23,0.9966,持有
2018-08-21,14.59,3.40,0.0756,59373.85,197.82,59571.67,0.9967,持有
2018-08-22,14.80,3.45,0.0842,60222.04,197.82,60419.87,0.9967,持有
2018-08-23,14.54,3.39,0.0725,59169.11,197.82,59366.93,0.9967,持有
2018-08-24,14.76,3.44,0.0839,60075.80,197.82,60273.63,0.9967,持有
2018-08-27,15.01,3.50,0.1026,61099.49,197.82,61297.32,0.9968,持有
2018-08-28,14.96,3.49,0.0981,60894.75,197.82,61092.58,0.9968,持有
2018-08-29,14.93,3.48,0.0980,60777.76,197.82,60975.59,0.9968,持有
2018-08-30,15.03,3.50,0.1065,61187.24,197.82,61385.06,0.9968,持有
2018-08-31,14.81,3.45,0.0876,60280.54,197.82,60478.37,0.9967,持有
2018-09-03,14.86,3.46,0.0933,60485.28,197.82,60683.10,0.9967,持有
2018-09-04,14.92,3.48,0.1003,60719.26,197.82,60917.09,0.9968,持有
2018-09-05,14.88,3.47,0.0944,60543.77,197.82,60741.60,0.9967,持有
2018-09-06,15.08,3.51,0.1171,61362.72,197.82,61560.55,0.9968,持有
2018-09-07,15.52,3.62,0.1541,63146.86,197.82,63344.69,0.9969,持有
2018-09-10,15.76,3.67,0.1766,64141.30,197.82,64339.13,0.9969,持有
2018-09-11,15.89,3.70,0.1849,64667.77,197.82,64865.60,0.9970,持有
2018-09-12,15.74,3.67,0.1733,64053.56,197.82,64251.38,0.9969,持有
2018-09-13,15.85,3.70,0.1858,64521.53,197.82,64719.35,0.9969,持有
2018-09-14,15.66,3.65,0.1643,63731.83,197.82,63929.65,0.9969,持有
2018-09-17,15.79,3.68,0.1796,64258.30,197.82,64456.12,0.9969,持有
2018-09-18,16.03,3.74,0.1949,65252.73,197.82,65450.56,0.9970,持有
2018-09-19,16.00,3.73,0.1946,65135.74,197.82,65333.57,0.9970,持有
2018-09-20,15.96,3.72,0.1915,64960.25,197.82,65158.08,0.9970,持有
2018-09-21,16.12,3.76,0.2025,65603.71,197.82,65801.54,0.9970,持有
2018-09-25,16.59,3.87,0.2711,67504.85,197.82,67702.67,0.9971,持有
2018-09-26,17.09,3.98,0.3072,69552.22,197.82,69750.05,0.9972,持有
2018-09-27,16.95,3.95,0.3025,68996.50,197.82,69194.33,0.9971,持有
2018-09-28,16.69,3.89,0.2825,67914.32,197.82,68112.15,0.9971,持有
2018-10-08,16.59,3.87,0.2709,67534.09,197.82,67731.92,0.9971,持有
2018-10-09,16.76,3.91,0.2929,68206.80,197.82,68404.63,0.9971,持有
2018-10-10,17.31,4.04,0.3189,70458.91,197.82,70656.74,0.9972,持有
2018-10-11,17.15,4.00,0.3157,69815.45,197.82,70013.28,0.9972,持有
2018-10-12,17.34,4.04,0.3208,70575.91,197.82,70773.73,0.9972,持有
2018-10-15,17.46,4.07,0.3245,71073.13,197.82,71270.95,0.9972,持有
2018-10-16,16.83,3.92,0.2950,68499.29,197.82,68697.11,0.9971,持有
2018-10-17,17.29,4.03,0.3181,70371.17,197.82,70568.99,0.9972,持有
2018-10-18,16.96,3.95,0.3066,69025.75,197.82,69223.58,0.9971,持有
2018-10-19,17.24,4.02,0.3186,70166.43,197.82,70364.26,0.9972,持有
2018-10-22,17.39,4.05,0.3264,70780.64,197.82,70978.47,0.9972,持有
2018-10-23,17.54,4.09,0.3370,71394.86,197.82,71592.68,0.9972,持有
2018-10-24,18.02,3.97,0.3063,73354.49,197.82,73552.31,0.9973,持有
2018-10-25,17.97,3.96,0.3059,73149.75,197.82,73347.57,0.9973,持有
2018-10-26,18.15,4.00,0.3178,73880.95,197.82,74078.78,0.9973,持有
2018-10-29,18.12,3.99,0.3160,73734.71,197.82,73932.54,0.9973,持有
2018-10-30,17.25,3.80,0.2104,70195.68,197.82,70393.51,0.9972,持有
2018-10-31,17.74,3.91,0.2906,72213.81,197.82,72411.63,0.9973,持有
2018-11-01,17.56,3.87,0.2698,71482.60,197.82,71680.43,0.9972,持有
2018-11-02,17.89,3.94,0.3020,72828.02,197.82,73025.84,0.9973,持有
2018-11-05,18.00,3.97,0.3098,73266.74,197.82,73464.57,0.9973,持有
2018-11-06,18.09,3.99,0.3175,73617.72,197.82,73815.55,0.9973,持有
2018-11-07,17.94,3.95,0.3076,73032.76,197.82,73230.58,0.9973,持有
2018-11-08,17.85,3.93,0.2963,72652.53,197.82,72850.35,0.9973,持有
2018-11-09,17.12,3.77,0.2014,69698.46,197.82,69896.29,0.9972,持有
2018-11-12,17.34,3.82,0.2227,70575.91,197.82,70773.73,0.9972,持有
2018-11-13,17.96,3.96,0.3113,73091.25,197.82,73289.08,0.9973,持有
2018-11-14,17.93,3.95,0.3055,72974.26,197.82,73172.08,0.9973,持有
2018-11-15,17.92,3.95,0.3038,72915.76,197.82,73113.59,0.9973,持有
2018-11-16,17.89,3.94,0.3020,72828.02,197.82,73025.84,0.9973,持有
2018-11-19,17.62,3.88,0.2748,71716.59,197.82,71914.41,0.9972,持有
2018-11-20,17.31,3.82,0.2169,70458.91,197.82,70656.74,0.9972,持有
2018-11-21,17.36,3.83,0.2273,70663.65,197.82,70861.48,0.9972,持有
2018-11-22,17.12,3.77,0.1976,69669.21,197.82,69867.04,0.9972,持有
2018-11-23,17.36,3.83,0.2280,70663.65,197.82,70861.48,0.9972,持有
2018-11-26,17.56,3.87,0.2716,71453.35,197.82,71651.18,0.9972,持有
2018-11-27,17.43,3.84,0.2407,70926.89,197.82,71124.71,0.9972,持有
2018-11-28,17.92,3.95,0.3108,72915.76,197.82,73113.59,0.9973,持有
2018-11-29,18.22,4.02,0.3408,74144.19,197.82,74342.01,0.9973,持有
2018-11-30,18.38,4.05,0.3497,74787.65,197.82,74985.47,0.9974,持有
2018-12-03,18.76,4.13,0.3690,76337.80,197.82,76535.63,0.9974,持有
2018-12-04,18.72,4.13,0.3672,76191.56,197.82,76389.39,0.9974,持有
2018-12-05,19.37,4.27,0.4077,78823.90,197.82,79021.72,0.9975,持有
2018-12-06,19.18,4.23,0.3913,78063.45,197.82,78261.27,0.9975,持有
2018-12-07,18.89,4.16,0.3776,76864.27,197.82,77062.10,0.9974,持有
2018-12-10,19.01,4.19,0.3863,77361.49,197.82,77559.31,0.9974,持有
2018-12-11,18.69,4.12,0.3648,76074.57,197.82,76272.39,0.9974,持有
2018-12-12,18.90,4.17,0.3801,76922.77,197.82,77120.59,0.9974,持有
2018-12-13,18.35,4.05,0.3442,74699.90,197.82,74897.73,0.9974,持有
2018-12-14,18.04,3.98,0.3229,73442.23,197.82,73640.06,0.9973,持有
2018-12-17,18.05,3.98,0.3238,73471.48,197.82,73669.30,0.9973,持有
2018-12-18,18.17,4.00,0.3377,73939.45,197.82,74137.28,0.9973,持有
2018-12-19,17.90,3.95,0.3047,72857.27,197.82,73055.09,0.9973,持有
2018-12-20,18.59,4.10,0.3628,75665.09,197.82,75862.92,0.9974,持有
2018-12-21,18.52,4.08,0.3571,75372.61,197.82,75570.44,0.9974,持有
2018-12-24,18.80,4.14,0.3761,76513.29,197.82,76711.12,0.9974,持有
2018-12-25,18.74,4.13,0.3731,76279.31,197.82,76477.13,0.9974,持有
2018-12-26,18.78,4.14,0.3752,76454.80,197.82,76652.62,0.9974,持有
2018-12-27,18.60,4.10,0.3656,75694.34,197.82,75892.17,0.9974,持有
2018-12-28,18.81,4.15,0.3806,76571.79,197.82,76769.61,0.9974,持有
2019-01-02,18.79,4.14,0.3776,76484.04,197.82,76681.87,0.9974,持有
2019-01-03,19.19,4.23,0.4054,78092.69,197.82,78290.52,0.9975,持有
2019-01-04,19.45,4.29,0.4332,79174.88,197.82,79372.70,0.9975,持有
2019-01-07,19.96,4.40,0.4840,81222.25,197.82,81420.08,0.9976,持有
2019-01-08,19.65,4.33,0.4551,79993.83,197.82,80191.65,0.9975,持有
2019-01-09,19.81,4.37,0.4789,80608.04,197.82,80805.86,0.9976,持有
2019-01-10,20.03,4.41,0.4936,81514.73,197.82,81712.56,0.9976,持有
2019-01-11,19.99,4.40,0.4879,81339.25,197.82,81537.07,0.9976,持有
2019-01-14,20.18,4.45,0.5051,82128.95,197.82,82326.77,0.9976,持有
2019-01-15,19.92,4.39,0.4828,81076.01,197.82,81273.84,0.9976,持有
2019-01-16,19.86,4.38,0.4784,80842.03,197.82,81039.85,0.9976,持有
2019-01-17,19.87,4.38,0.4790,80871.27,197.82,81069.10,0.9976,持有
2019-01-18,20.21,4.45,0.5076,82245.94,197.82,82443.76,0.9976,持有
2019-01-21,19.77,4.36,0.4689,80461.80,197.82,80659.62,0.9975,持有
2019-01-22,19.27,4.25,0.4063,78443.67,197.82,78641.50,0.9975,持有
2019-01-23,19.55,4.31,0.4425,79555.10,197.82,79752.93,0.9975,持有
2019-01-24,19.86,4.38,0.4785,80842.03,197.82,81039.85,0.9976,持有
2019-01-25,19.83,4.37,0.4779,80725.03,197.82,80922.86,0.9976,持有
2019-01-28,20.05,4.42,0.5013,81602.48,197.82,81800.30,0.9976,持有
2019-01-29,20.12,4.43,0.5057,81894.96,197.82,82092.79,0.9976,持有
2019-01-30,20.15,4.44,0.5075,82011.95,197.82,82209.78,0.9976,持有
2019-01-31,20.02,4.41,0.4918,81485.49,197.82,81683.31,0.9976,持有
2019-02-01,20.23,4.46,0.5138,82333.68,197.82,82531.51,0.9976,持有
2019-02-11,21.56,4.75,0.5544,87744.60,197.82,87942.43,0.9978,持有
2019-02-12,21.90,4.83,0.5613,89148.51,197.82,89346.34,0.9978,持有
2019-02-13,21.96,4.84,0.5618,89382.50,197.82,89580.32,0.9978,持有
2019-02-14,21.72,4.79,0.5574,88417.31,197.82,88615.13,0.9978,持有
2019-02-15,22.60,4.98,0.5990,91985.59,197.82,92183.41,0.9979,持有
2019-02-18,23.21,5.12,0.6505,94471.69,197.82,94669.51,0.9979,持有
2019-02-19,22.87,5.04,0.6174,93067.77,197.82,93265.60,0.9979,持有
2019-02-20,23.70,5.22,0.6787,96460.56,197.82,96658.39,0.9980,持有
2019-02-21,24.00,5.29,0.6914,97688.99,197.82,97886.81,0.9980,持有
2019-02-22,23.79,5.24,0.6819,96811.54,197.82,97009.37,0.9980,持有
2019-02-25,23.20,5.11,0.6477,94413.19,197.82,94611.02,0.9979,持有
2019-02-26,24.26,5.35,0.7000,98741.92,197.82,98939.75,0.9980,持有
2019-02-27,23.36,5.15,0.6547,95085.90,197.82,95283.72,0.9979,持有
2019-02-28,22.83,5.03,0.6096,92921.53,197.82,93119.36,0.9979,持有
2019-03-01,23.71,5.23,0.6777,96519.06,197.82,96716.89,0.9980,持有
2019-03-04,26.09,5.75,0.7260,106170.97,197.82,106368.79,0.9981,持有
2019-03-05,27.67,6.10,0.7485,112605.57,197.82,112803.40,0.9982,持有
2019-03-06,27.94,6.16,0.7537,113717.00,197.82,113914.83,0.9983,卖出(降至50%)
2019-03-07,27.30,6.02,0.7466,55666.16,57411.62,113077.78,0.4923,持有
2019-03-08,28.41,6.26,0.7702,57937.35,57411.62,115348.97,0.5023,持有
2019-03-11,29.61,6.52,0.8230,60369.72,57411.62,117781.34,0.5126,持有
2019-03-12,32.57,7.18,0.8561,66406.69,57411.62,123818.31,0.5363,持有
2019-03-13,29.31,6.46,0.8124,59768.96,57411.62,117180.57,0.5101,持有
2019-03-14,26.75,5.90,0.7287,54552.54,57411.62,111964.16,0.4872,持有
2019-03-15,27.60,6.08,0.7436,56266.93,57411.62,113678.54,0.4950,持有
2019-03-18,29.32,6.46,0.8143,59783.61,57411.62,117195.23,0.5101,持有
2019-03-19,29.25,6.45,0.8073,59637.08,57411.62,117048.70,0.5095,持有
2019-03-20,27.61,6.08,0.7421,56296.23,57411.62,113707.85,0.4951,持有
2019-03-21,27.83,6.13,0.7449,56750.47,57411.62,114162.09,0.4971,持有
2019-03-22,27.01,5.95,0.7343,55065.39,57411.62,112477.01,0.4896,持有
2019-03-25,27.07,5.97,0.7370,55197.27,57411.62,112608.88,0.4902,持有
2019-03-26,27.23,6.00,0.7386,55519.63,57411.62,112931.25,0.4916,持有
2019-03-27,27.19,5.99,0.7377,55446.37,57411.62,112857.98,0.4913,持有
2019-03-28,27.65,6.09,0.7428,56369.50,57411.62,113781.11,0.4954,持有
2019-03-29,29.18,6.43,0.7995,59490.55,57411.62,116902.17,0.5089,持有
2019-04-01,30.90,6.81,0.8513,63007.23,57411.62,120418.85,0.5232,持有
2019-04-02,29.79,6.56,0.8299,60736.04,57411.62,118147.66,0.5141,持有
2019-04-03,29.61,6.53,0.8230,60384.38,57411.62,117795.99,0.5126,持有
2019-04-04,30.61,6.75,0.8471,62421.12,57411.62,119832.74,0.5209,持有
2019-04-08,29.67,6.54,0.8234,60486.95,57411.62,117898.56,0.5130,持有
2019-04-09,28.86,6.36,0.7819,58845.83,57411.62,116257.44,0.5062,持有
2019-04-10,28.82,6.16,0.7452,58757.91,57411.62,116169.53,0.5058,持有
2019-04-11,28.95,6.19,0.7503,59036.31,57411.62,116447.93,0.5070,持有
2019-04-12,29.27,6.26,0.7613,59681.04,57411.62,117092.66,0.5097,持有
2019-04-15,28.39,6.07,0.7307,57878.74,57411.62,115290.36,0.5020,持有
2019-04-16,27.26,5.83,0.7097,55578.24,57411.62,112989.86,0.4919,持有
2019-04-17,29.03,6.21,0.7527,59182.84,57411.62,116594.46,0.5076,持有
2019-04-18,28.43,6.08,0.7305,57966.66,57411.62,115378.27,0.5024,持有
2019-04-19,28.24,6.04,0.7285,57585.68,57411.62,114997.30,0.5008,持有
2019-04-22,29.26,6.26,0.7594,59651.73,57411.62,117063.35,0.5096,持有
2019-04-23,29.36,6.28,0.7668,59871.53,57411.62,117283.14,0.5105,持有
2019-04-24,30.24,6.47,0.8153,61659.17,57411.62,119070.79,0.5178,持有
2019-04-25,30.45,6.53,0.8249,62084.11,57411.62,119495.72,0.5196,持有
2019-04-26,29.26,6.28,0.7641,59666.39,57411.62,117078.00,0.5096,持有
2019-04-29,28.46,6.11,0.7315,58025.27,57411.62,115436.88,0.5027,持有
2019-04-30,29.61,6.35,0.7822,60384.38,57411.62,117795.99,0.5126,持有
2019-05-06,27.13,5.82,0.7006,55314.49,57411.62,112726.11,0.4907,持有
2019-05-07,26.86,5.76,0.6963,54772.34,57411.62,112183.95,0.4882,持有
2019-05-08,24.89,5.34,0.6628,50757.46,57411.62,108169.07,0.4692,持有
2019-05-09,25.42,5.45,0.6783,51827.11,57411.62,109238.73,0.4744,持有
2019-05-10,26.50,5.69,0.6857,54039.69,57411.62,111451.31,0.4849,持有
2019-05-13,25.73,5.52,0.6779,52457.19,57411.62,109868.80,0.4775,持有
2019-05-14,25.47,5.46,0.6771,51929.68,57411.62,109341.30,0.4749,持有
2019-05-15,26.21,5.62,0.6833,53438.93,57411.62,110850.54,0.4821,持有
2019-05-16,26.23,5.63,0.6848,53482.89,57411.62,110894.50,0.4823,持有
2019-05-17,25.56,5.48,0.6759,52120.17,57411.62,109531.79,0.4758,持有
2019-05-20,24.43,5.24,0.6428,49819.67,57411.62,107231.29,0.4646,持有
2019-05-21,25.27,5.42,0.6709,51519.40,57411.62,108931.02,0.4730,持有
2019-05-22,25.25,5.42,0.6690,51490.10,57411.62,108901.71,0.4728,持有
2019-05-23,24.72,5.30,0.6509,50405.79,57411.62,107817.40,0.4675,持有
2019-05-24,24.22,5.20,0.6260,49380.09,57411.62,106791.71,0.4624,持有
2019-05-27,25.76,5.53,0.6793,52530.45,57411.62,109942.07,0.4778,持有
2019-05-28,27.58,5.92,0.7095,56237.62,57411.62,113649.24,0.4948,持有
2019-05-29,27.52,5.90,0.7076,56105.74,57411.62,113517.36,0.4942,持有
2019-05-30,28.31,6.07,0.7297,57717.56,57411.62,115129.17,0.5013,持有
2019-05-31,28.68,6.08,0.7300,58474.44,57411.62,115886.06,0.5046,持有
2019-06-03,28.50,6.04,0.7257,58118.25,57411.62,115529.87,0.5031,持有
2019-06-04,28.35,6.01,0.7237,57806.59,57411.62,115218.20,0.5017,持有
2019-06-05,28.37,6.01,0.7241,57851.11,57411.62,115262.73,0.5019,持有
2019-06-06,27.00,5.72,0.6845,55046.12,57411.62,112457.73,0.4895,持有
2019-06-10,27.13,5.75,0.6894,55313.26,57411.62,112724.88,0.4907,持有
2019-06-11,28.23,5.98,0.7205,57569.13,57411.62,114980.74,0.5007,持有
2019-06-12,28.29,5.99,0.7219,57687.86,57411.62,115099.47,0.5012,持有
2019-06-13,28.82,6.11,0.7381,58771.26,57411.62,116182.88,0.5059,持有
2019-06-14,28.58,6.05,0.7282,58266.66,57411.62,115678.28,0.5037,持有
2019-06-17,27.38,5.80,0.6968,55817.86,57411.62,113229.48,0.4930,持有
2019-06-18,28.13,5.96,0.7130,57361.35,57411.62,114772.96,0.4998,持有
2019-06-19,27.71,5.87,0.6986,56500.56,57411.62,113912.17,0.4960,持有
2019-06-20,27.69,5.87,0.6979,56456.03,57411.62,113867.65,0.4958,持有
2019-06-21,27.15,5.75,0.6847,55357.78,57411.62,112769.40,0.4909,持有
2019-06-24,26.85,5.69,0.6760,54749.29,57411.62,112160.91,0.4881,持有
2019-06-25,26.26,5.56,0.6652,53547.15,57411.62,110958.77,0.4826,持有
2019-06-26,26.07,5.52,0.6633,53161.28,57411.62,110572.90,0.4808,持有
2019-06-27,26.21,5.55,0.6648,53443.26,57411.62,110854.88,0.4821,持有
2019-06-28,26.10,5.53,0.6641,53220.65,57411.62,110632.26,0.4811,持有
2019-07-01,26.83,5.68,0.6756,54704.77,57411.62,112116.38,0.4879,持有
2019-07-02,26.87,5.69,0.6782,54793.82,57411.62,112205.43,0.4883,持有
2019-07-03,25.56,5.42,0.6496,52122.39,57411.62,109534.01,0.4759,持有
2019-07-04,25.42,5.39,0.6444,51840.41,57411.62,109252.03,0.4745,持有
2019-07-05,26.84,5.69,0.6759,54734.45,57411.62,112146.07,0.4881,持有
2019-07-08,27.18,5.76,0.6897,55417.15,57411.62,112828.76,0.4912,持有
2019-07-09,27.84,5.90,0.7044,56767.70,57411.62,114179.32,0.4972,持有
2019-07-10,27.78,5.89,0.7026,56648.97,57411.62,114060.59,0.4967,持有
2019-07-11,27.81,5.89,0.7029,56708.33,57411.62,114119.95,0.4969,持有
2019-07-12,28.06,5.94,0.7143,57212.94,57411.62,114624.55,0.4991,持有
2019-07-15,29.22,6.19,0.7577,59572.69,57411.62,116984.31,0.5092,持有
2019-07-16,29.25,6.20,0.7602,59632.06,57411.62,117043.67,0.5095,持有
2019-07-17,29.31,6.21,0.7627,59765.63,57411.62,117177.24,0.5100,持有
2019-07-18,28.97,6.14,0.7464,59068.09,57411.62,116479.71,0.5071,持有
2019-07-19,29.73,6.30,0.7808,60626.42,57411.62,118038.03,0.5136,持有
2019-07-22,29.05,6.15,0.7481,59231.34,57411.62,116642.96,0.5078,持有
2019-07-23,29.08,6.16,0.7495,59290.71,57411.62,116702.32,0.5081,持有
2019-07-24,29.19,6.18,0.7552,59513.33,57411.62,116924.94,0.5090,持有
2019-07-25,29.53,6.26,0.7686,60210.86,57411.62,117622.48,0.5119,持有
2019-07-26,28.71,6.08,0.7327,58548.65,57411.62,115960.26,0.5049,持有
2019-07-29,29.46,6.24,0.7670,60077.29,57411.62,117488.91,0.5113,持有
2019-07-30,29.34,6.22,0.7628,59824.99,57411.62,117236.61,0.5103,持有
2019-07-31,29.46,6.24,0.7664,60062.45,57411.62,117474.07,0.5113,持有
2019-08-01,30.56,6.47,0.8277,62303.48,57411.62,119715.09,0.5204,持有
2019-08-02,30.67,6.50,0.8312,62526.10,57411.62,119937.71,0.5213,持有
2019-08-05,31.09,6.59,0.8444,63401.73,57411.62,120813.34,0.5248,持有
2019-08-06,30.95,6.56,0.8413,63104.90,57411.62,120516.52,0.5236,持有
2019-08-07,30.42,6.45,0.8154,62036.34,57411.62,119447.95,0.5194,持有
2019-08-08,31.12,6.59,0.8460,63461.09,57411.62,120872.71,0.5250,持有
2019-08-09,29.98,6.35,0.7898,61131.02,57411.62,118542.64,0.5157,持有
2019-08-12,30.34,6.43,0.8041,61873.08,57411.62,119284.70,0.5187,持有
2019-08-13,29.47,6.24,0.7611,60092.13,57411.62,117503.75,0.5114,持有
2019-08-14,29.15,6.18,0.7430,59439.12,57411.62,116850.74,0.5087,持有
2019-08-15,29.30,6.21,0.7508,59735.94,57411.62,117147.56,0.5099,持有
2019-08-16,29.46,6.24,0.7586,60062.45,57411.62,117474.07,0.5113,持有
2019-08-19,28.81,6.10,0.7244,58741.58,57411.62,116153.20,0.5057,持有
2019-08-20,28.72,6.08,0.7215,58563.49,57411.62,115975.10,0.5050,持有
2019-08-21,29.01,6.20,0.7497,59142.30,57411.62,116553.91,0.5074,持有
2019-08-22,29.23,6.25,0.7639,59602.37,57411.62,117013.99,0.5094,持有
2019-08-23,28.81,6.16,0.7342,58741.58,57411.62,116153.20,0.5057,持有
2019-08-26,28.63,6.12,0.7259,58385.39,57411.62,115797.01,0.5042,持有
2019-08-27,29.61,6.33,0.7850,60374.12,57411.62,117785.73,0.5126,持有
2019-08-28,30.56,6.53,0.8365,62318.32,57411.62,119729.93,0.5205,持有
2019-08-29,30.43,6.50,0.8314,62051.18,57411.62,119462.79,0.5194,持有
2019-08-30,30.20,6.45,0.8188,61576.26,57411.62,118987.87,0.5175,持有
2019-09-02,29.88,6.39,0.7987,60923.24,57411.62,118334.86,0.5148,持有
2019-09-03,30.06,6.43,0.8032,61294.27,57411.62,118705.89,0.5164,持有
2019-09-04,30.39,6.49,0.8289,61962.13,57411.62,119373.75,0.5191,持有
2019-09-05,30.47,6.51,0.8323,62125.38,57411.62,119537.00,0.5197,持有
2019-09-06,29.35,6.27,0.7656,59854.67,57411.62,117266.29,0.5104,持有
2019-09-09,28.37,6.06,0.7034,57836.27,57411.62,115247.88,0.5018,持有
2019-09-10,28.56,6.10,0.7153,58236.98,57411.62,115648.60,0.5036,持有
2019-09-11,27.94,5.97,0.6903,56960.64,57411.62,114372.25,0.4980,持有
2019-09-12,27.90,5.96,0.6885,56886.43,57411.62,114298.05,0.4977,持有
2019-09-16,27.99,5.98,0.6920,57064.52,57411.62,114476.14,0.4985,持有
2019-09-17,27.87,5.96,0.6839,56827.06,57411.62,114238.68,0.4974,持有
2019-09-18,27.91,5.96,0.6884,56901.27,57411.62,114312.89,0.4978,持有
2019-09-19,28.12,6.01,0.6982,57346.51,57411.62,114758.12,0.4997,持有
2019-09-20,28.14,6.01,0.6996,57376.19,57411.62,114787.81,0.4998,持有
2019-09-23,27.80,5.94,0.6768,56693.49,57411.62,114105.11,0.4969,持有
2019-09-24,27.08,5.79,0.6583,55224.21,57411.62,112635.83,0.4903,持有
2019-09-25,27.25,5.82,0.6607,55565.56,57411.62,112977.18,0.4918,持有
2019-09-26,25.40,5.43,0.6151,51795.89,57411.62,109207.50,0.4743,持有
2019-09-27,26.71,5.71,0.6395,54467.31,57411.62,111878.93,0.4868,持有
2019-09-30,27.06,5.78,0.6576,55179.69,57411.62,112591.30,0.4901,持有
2019-10-08,27.64,5.91,0.6705,56352.14,57411.62,113763.76,0.4953,持有
2019-10-09,27.40,5.86,0.6625,55877.23,57411.62,113288.84,0.4932,持有
2019-10-10,28.28,6.04,0.7055,57658.17,57411.62,115069.79,0.5011,持有
2019-10-11,28.09,5.96,0.6840,57284.31,57411.62,114695.92,0.4994,持有
2019-10-14,27.58,5.85,0.6604,56237.33,57411.62,113648.95,0.4948,持有
2019-10-15,27.51,5.83,0.6598,56087.77,57411.62,113499.38,0.4942,持有
2019-10-16,27.18,5.76,0.6487,55414.71,57411.62,112826.33,0.4912,持有
2019-10-17,26.99,5.72,0.6366,55040.80,57411.62,112452.41,0.4895,持有
2019-10-18,26.99,5.72,0.6360,55040.80,57411.62,112452.41,0.4895,持有
2019-10-21,28.20,5.98,0.6942,57508.66,57411.62,114920.27,0.5004,持有
2019-10-22,28.26,5.99,0.6976,57628.31,57411.62,115039.93,0.5009,持有
2019-10-23,28.39,5.53,0.6134,57882.58,57411.62,115294.19,0.5020,持有
2019-10-24,29.12,5.67,0.6262,59378.25,57411.62,116789.87,0.5084,持有
2019-10-25,30.10,5.86,0.6626,61367.50,57411.62,118779.11,0.5167,持有
2019-10-28,29.76,5.80,0.6547,60679.49,57411.62,118091.10,0.5138,持有
2019-10-29,30.33,5.91,0.6715,61846.11,57411.62,119257.73,0.5186,持有
2019-10-30,30.44,5.93,0.6769,62070.46,57411.62,119482.08,0.5195,持有
2019-10-31,29.55,5.75,0.6414,60245.74,57411.62,117657.36,0.5120,持有
2019-11-01,29.33,5.71,0.6295,59797.04,57411.62,117208.65,0.5102,持有
2019-11-04,28.95,5.64,0.6207,59019.29,57411.62,116430.90,0.5069,持有
2019-11-05,29.29,5.70,0.6282,59722.25,57411.62,117133.87,0.5099,持有
2019-11-06,28.73,5.59,0.6143,58570.59,57411.62,115982.20,0.5050,持有
2019-11-07,29.20,5.69,0.6239,59542.77,57411.62,116954.39,0.5091,持有
2019-11-08,28.52,5.55,0.6100,58151.80,57411.62,115563.41,0.5032,持有
2019-11-11,28.01,5.45,0.6002,57104.83,57411.62,114516.44,0.4987,持有
2019-11-12,28.08,5.47,0.6026,57254.39,57411.62,114666.01,0.4993,持有
2019-11-13,27.96,5.45,0.5980,57015.08,57411.62,114426.70,0.4983,持有
2019-11-14,27.65,5.39,0.5862,56386.90,57411.62,113798.52,0.4955,持有
2019-11-15,26.87,5.23,0.5633,54786.53,57411.62,112198.15,0.4883,持有
2019-11-18,26.86,5.23,0.5628,54771.57,57411.62,112183.19,0.4882,持有
2019-11-19,26.85,5.23,0.5622,54741.66,57411.62,112153.28,0.4881,持有
2019-11-20,26.45,5.15,0.5384,53934.00,57411.62,111345.61,0.4844,持有
2019-11-21,26.46,5.15,0.5388,53948.95,57411.62,111360.57,0.4845,持有
2019-11-22,26.08,5.08,0.5232,53186.16,57411.62,110597.78,0.4809,持有
2019-11-25,25.82,5.03,0.4975,52647.72,57411.62,110059.33,0.4784,持有
2019-11-26,26.11,5.09,0.5252,53245.99,57411.62,110657.60,0.4812,持有
2019-11-27,26.30,5.12,0.5337,53619.91,57411.62,111031.52,0.4829,持有
2019-11-28,26.29,5.12,0.5331,53604.95,57411.62,111016.56,0.4829,持有
2019-11-29,26.26,5.11,0.5306,53545.12,57411.62,110956.74,0.4826,持有
2019-12-02,26.69,5.20,0.5541,54412.61,57411.62,111824.23,0.4866,持有
2019-12-03,26.33,5.13,0.5365,53694.69,57411.62,111106.31,0.4833,持有
2019-12-04,25.59,4.98,0.4820,52169.10,57411.62,109580.72,0.4761,持有
2019-12-05,25.75,5.02,0.4915,52513.11,57411.62,109924.72,0.4777,持有
2019-12-06,25.71,5.01,0.4890,52423.37,57411.62,109834.98,0.4773,持有
2019-12-09,25.54,4.97,0.4776,52079.36,57411.62,109490.98,0.4756,持有
2019-12-10,24.58,4.79,0.4452,50120.03,57411.62,107531.65,0.4661,持有
2019-12-11,24.34,4.74,0.4398,49626.46,57411.62,107038.07,0.4636,持有
2019-12-12,24.39,4.75,0.4414,49731.15,57411.62,107142.77,0.4642,持有
2019-12-13,24.62,4.79,0.4479,50194.81,57411.62,107606.43,0.4665,持有
2019-12-16,24.39,4.75,0.4405,49731.15,57411.62,107142.77,0.4642,持有
2019-12-17,25.02,4.87,0.4569,51017.43,57411.62,108429.05,0.4705,持有
2019-12-18,24.85,4.84,0.4515,50673.43,57411.62,108085.04,0.4688,持有
2019-12-19,24.79,4.83,0.4500,50538.82,57411.62,107950.43,0.4682,持有
2019-12-20,25.17,4.90,0.4605,51316.57,57411.62,108728.18,0.4720,持有
2019-12-23,24.38,4.75,0.4383,49701.24,57411.62,107112.86,0.4640,持有
2019-12-24,24.05,4.68,0.4250,49043.14,57411.62,106454.76,0.4607,持有
2019-12-25,23.95,4.66,0.4217,48833.75,57411.62,106245.37,0.4596,持有
2019-12-26,23.77,4.63,0.4183,48459.83,57411.62,105871.45,0.4577,持有
2019-12-27,24.27,4.73,0.4366,49476.89,57411.62,106888.51,0.4629,持有
2019-12-30,24.40,4.75,0.4430,49746.11,57411.62,107157.73,0.4642,持有
2019-12-31,24.65,4.80,0.4504,50254.64,57411.62,107666.26,0.4668,持有
2020-01-02,25.17,4.90,0.4637,51316.57,57411.62,108728.18,0.4720,持有
2020-01-03,25.38,4.94,0.4780,51750.31,57411.62,109161.93,0.4741,持有
2020-01-06,26.28,5.12,0.5421,53589.99,57411.62,111001.61,0.4828,持有
2020-01-07,28.06,5.46,0.6158,57209.52,57411.62,114621.14,0.4991,持有
2020-01-08,27.22,5.30,0.5879,55504.45,57411.62,112916.07,0.4916,持有
2020-01-09,27.41,5.34,0.5932,55893.33,57411.62,113304.95,0.4933,持有
2020-01-10,26.52,5.16,0.5526,54068.61,57411.62,111480.22,0.4850,持有
2020-01-13,26.86,5.23,0.5755,54771.57,57411.62,112183.19,0.4882,持有
2020-01-14,26.65,5.19,0.5613,54337.83,57411.62,111749.45,0.4862,持有
2020-01-15,26.23,5.11,0.5345,53485.29,57411.62,110896.91,0.4823,持有
2020-01-16,26.10,5.08,0.5282,53216.07,57411.62,110627.69,0.4810,持有
2020-01-17,25.97,5.06,0.5160,52946.85,57411.62,110358.47,0.4798,持有
2020-01-20,26.50,5.16,0.5523,54038.69,57411.62,111450.31,0.4849,持有
2020-01-21,26.20,5.10,0.5344,53425.47,57411.62,110837.08,0.4820,持有
2020-01-22,25.25,4.92,0.4613,51481.09,57411.62,108892.71,0.4728,持有
2020-01-23,23.97,4.67,0.4164,48878.62,57411.62,106290.24,0.4599,持有
2020-02-03,21.57,4.20,0.3012,43987.77,57411.62,101399.38,0.4338,持有
2020-02-04,22.20,4.32,0.3443,45259.09,57411.62,102670.71,0.4408,持有
2020-02-05,22.54,4.39,0.3738,45962.06,57411.62,103373.67,0.4446,持有
2020-02-06,23.00,4.48,0.3994,46904.33,57411.62,104315.95,0.4496,持有
2020-02-07,22.64,4.41,0.3788,46156.49,57411.62,103568.11,0.4457,持有
2020-02-10,23.66,4.61,0.4102,48235.48,57411.62,105647.10,0.4566,持有
2020-02-11,23.59,4.59,0.4079,48100.87,57411.62,105512.49,0.4559,持有
2020-02-12,23.75,4.62,0.4132,48429.92,57411.62,105841.53,0.4576,持有
2020-02-13,23.55,4.59,0.4061,48026.09,57411.62,105437.70,0.4555,持有
2020-02-14,24.39,4.75,0.4392,49731.15,57411.62,107142.77,0.4642,持有
2020-02-17,25.18,4.90,0.4646,51346.48,57411.62,108758.10,0.4721,持有
2020-02-18,24.86,4.84,0.4556,50688.38,57411.62,108100.00,0.4689,持有
2020-02-19,25.89,4.84,0.4552,52782.33,57411.62,110193.94,0.4790,持有
2020-02-20,26.07,5.08,0.5319,53156.25,57411.62,110567.86,0.4808,持有
2020-02-21,25.74,5.01,0.5010,52483.19,57411.62,109894.81,0.4776,持有
2020-02-24,25.94,5.05,0.5176,52887.03,57411.62,110298.64,0.4795,持有
2020-02-25,26.11,5.08,0.5361,53245.99,57411.62,110657.60,0.4812,持有
2020-02-26,25.95,5.05,0.5176,52901.98,57411.62,110313.60,0.4796,持有
2020-02-27,25.56,4.98,0.4886,52124.23,57411.62,109535.85,0.4759,持有
2020-02-28,23.86,4.65,0.4142,48654.27,57411.62,106065.88,0.4587,持有
2020-03-02,24.87,4.84,0.4545,50703.34,57411.62,108114.96,0.4690,持有
2020-03-03,24.84,4.84,0.4503,50658.47,57411.62,108070.09,0.4688,持有
2020-03-04,25.48,4.96,0.4839,51944.75,57411.62,109356.37,0.4750,持有
2020-03-05,27.87,5.43,0.6223,56835.60,57411.62,114247.22,0.4975,持有
2020-03-06,26.55,5.17,0.5660,54143.39,57411.62,111555.01,0.4854,持有
2020-03-09,25.72,5.01,0.4995,52438.32,57411.62,109849.94,0.4774,持有
2020-03-10,25.45,4.95,0.4812,51884.92,57411.62,109296.54,0.4747,持有
2020-03-11,25.06,4.88,0.4581,51092.22,57411.62,108503.83,0.4709,持有
2020-03-12,24.07,4.69,0.4201,49088.01,57411.62,106499.63,0.4609,持有
2020-03-13,23.61,4.60,0.4009,48145.74,57411.62,105557.36,0.4561,持有
2020-03-16,22.83,4.44,0.3856,46545.37,57411.62,103956.98,0.4477,持有
2020-03-17,22.81,4.44,0.3833,46500.50,57411.62,103912.11,0.4475,持有
2020-03-18,23.03,4.48,0.3933,46964.16,57411.62,104375.77,0.4500,持有
2020-03-19,23.12,4.50,0.3948,47143.64,57411.62,104555.25,0.4509,持有
2020-03-20,23.09,4.50,0.3944,47083.81,57411.62,104495.43,0.4506,持有
2020-03-23,22.40,4.36,0.3520,45677.88,57411.62,103089.49,0.4431,持有
2020-03-24,23.25,4.53,0.3983,47412.86,57411.62,104824.48,0.4523,持有
2020-03-25,23.20,4.52,0.3979,47308.16,57411.62,104719.78,0.4518,持有
2020-03-26,22.49,4.38,0.3585,45857.36,57411.62,103268.97,0.4441,持有
2020-03-27,22.03,4.29,0.3172,44915.08,57411.62,102326.70,0.4389,持有
2020-03-30,22.59,4.40,0.3662,46066.75,57411.62,103478.37,0.4452,持有
2020-03-31,23.69,4.61,0.4123,48310.26,57411.62,105721.88,0.4570,持有
2020-04-01,23.20,4.52,0.3989,47308.16,57411.62,104719.78,0.4518,持有
2020-04-02,23.01,4.48,0.3920,46919.29,57411.62,104330.90,0.4497,持有
2020-04-03,23.25,4.53,0.4009,47412.86,57411.62,104824.48,0.4523,持有
2020-04-07,24.18,4.71,0.4339,49312.36,57411.62,106723.98,0.4621,持有
2020-04-08,23.92,4.66,0.4205,48773.92,57411.62,106185.54,0.4593,持有
2020-04-09,23.96,4.67,0.4229,48863.66,57411.62,106275.28,0.4598,持有
2020-04-10,23.95,4.66,0.4207,48833.75,57411.62,106245.37,0.4596,持有
2020-04-13,22.83,4.44,0.3834,46545.37,57411.62,103956.98,0.4477,持有
2020-04-14,22.97,4.47,0.3895,46829.55,57411.62,104241.16,0.4492,持有
2020-04-15,22.78,4.44,0.3790,46455.63,57411.62,103867.24,0.4473,持有
2020-04-16,22.37,4.36,0.3438,45618.05,57411.62,103029.67,0.4428,持有
2020-04-17,22.59,4.40,0.3618,46051.80,57411.62,103463.41,0.4451,持有
2020-04-20,22.56,4.39,0.3615,46006.93,57411.62,103418.54,0.4449,持有
2020-04-21,22.08,4.30,0.3171,45019.78,57411.62,102431.40,0.4395,持有
2020-04-22,22.65,4.41,0.3700,46186.41,57411.62,103598.02,0.4458,持有
2020-04-23,22.37,4.36,0.3431,45618.05,57411.62,103029.67,0.4428,持有
2020-04-24,22.75,3.50,0.0713,46380.84,57411.62,103792.46,0.4469,买入(补至80%)
2020-04-27,22.45,3.46,0.0584,81955.07,20447.36,102402.44,0.8003,持有
2020-04-28,21.72,3.35,0.0365,79277.68,20447.36,99725.04,0.7950,持有
2020-04-29,22.06,3.40,0.0492,80536.06,20447.36,100983.42,0.7975,持有
2020-04-30,22.17,3.42,0.0519,80937.66,20447.36,101385.03,0.7983,持有
2020-05-06,22.20,3.42,0.0528,81044.76,20447.36,101492.12,0.7985,持有
2020-05-07,22.26,3.43,0.0545,81232.18,20447.36,101679.54,0.7989,持有
2020-05-08,22.15,3.41,0.0518,80857.34,20447.36,101304.71,0.7982,持有
2020-05-11,21.74,3.35,0.0372,79358.00,20447.36,99805.36,0.7951,持有
2020-05-12,21.76,3.35,0.0390,79438.32,20447.36,99885.69,0.7953,持有
2020-05-13,21.59,3.33,0.0317,78795.75,20447.36,99243.11,0.7940,持有
2020-05-14,20.83,3.21,0.0036,76038.03,20447.36,96485.39,0.7881,买入(补至100%)
2020-05-15,20.60,3.17,0.0036,75181.26,20447.36,95628.63,0.7862,买入(补至100%)
2020-05-18,21.15,3.26,0.0199,77189.31,20447.36,97636.67,0.7906,买入(补至80%)
2020-05-19,20.76,3.20,0.0045,76662.93,19534.54,96197.47,0.7969,买入(补至100%)
2020-05-20,20.61,3.17,0.0045,95517.29,34.85,95552.14,0.9996,持有
2020-05-21,20.00,3.08,0.0000,92661.97,34.85,92696.82,0.9996,持有
2020-05-22,19.56,3.01,0.0000,90622.46,34.85,90657.31,0.9996,持有
2020-05-25,19.70,3.03,0.0009,91268.30,34.85,91303.15,0.9996,持有
2020-05-26,19.67,3.03,0.0009,91132.34,34.85,91167.18,0.9996,持有
2020-05-27,19.54,3.01,0.0000,90554.47,34.85,90589.32,0.9996,持有
2020-05-28,19.17,2.95,0.0000,88854.88,34.85,88889.73,0.9996,持有
2020-05-29,19.39,2.99,0.0009,89840.64,34.85,89875.49,0.9996,持有
2020-06-01,19.70,3.03,0.0054,91302.30,34.85,91337.14,0.9996,持有
2020-06-02,20.06,3.09,0.0072,92967.90,34.85,93002.75,0.9996,持有
2020-06-03,19.83,3.05,0.0063,91880.16,34.85,91915.01,0.9996,持有
2020-06-04,19.92,3.07,0.0071,92322.05,34.85,92356.90,0.9996,持有
2020-06-05,19.74,3.04,0.0062,91472.25,34.85,91507.10,0.9996,持有
2020-06-08,20.17,3.11,0.0107,93477.78,34.85,93512.63,0.9996,持有
2020-06-09,20.12,3.10,0.0107,93239.83,34.85,93274.68,0.9996,持有
2020-06-10,20.00,3.08,0.0098,92695.96,34.85,92730.81,0.9996,持有
2020-06-11,19.14,2.84,0.0000,88715.36,34.85,88750.21,0.9996,持有
2020-06-12,18.70,2.77,0.0000,86640.39,34.85,86675.24,0.9996,持有
2020-06-15,19.21,2.85,0.0018,89011.78,34.85,89046.63,0.9996,持有
2020-06-16,19.26,2.86,0.0027,89265.86,34.85,89300.71,0.9996,持有
2020-06-17,19.24,2.85,0.0027,89138.82,34.85,89173.67,0.9996,持有
2020-06-18,19.63,2.91,0.0044,90959.71,34.85,90994.56,0.9996,持有
2020-06-19,19.73,2.93,0.0053,91425.52,34.85,91460.37,0.9996,持有
2020-06-22,19.98,2.96,0.0071,92568.87,34.85,92603.71,0.9996,持有
2020-06-23,19.53,2.90,0.0044,90493.90,34.85,90528.75,0.9996,持有
2020-06-24,20.01,2.97,0.0088,92738.25,34.85,92773.10,0.9996,持有
2020-06-29,19.74,2.93,0.0070,91467.86,34.85,91502.71,0.9996,持有
2020-06-30,19.92,2.96,0.0088,92314.79,34.85,92349.64,0.9996,持有
2020-07-01,20.39,3.02,0.0141,94474.45,34.85,94509.30,0.9996,持有
2020-07-02,20.49,3.04,0.0176,94940.26,34.85,94975.10,0.9996,持有
2020-07-03,20.76,3.08,0.0219,96210.64,34.85,96245.49,0.9996,持有
2020-07-06,21.74,3.23,0.0360,100741.69,34.85,100776.54,0.9997,持有
2020-07-07,21.52,3.19,0.0316,99725.38,34.85,99760.23,0.9997,持有
2020-07-08,21.57,3.20,0.0333,99937.11,34.85,99971.96,0.9997,持有
2020-07-09,22.53,3.34,0.0691,104383.47,34.85,104418.31,0.9997,持有
2020-07-10,22.20,3.29,0.0559,102859.00,34.85,102893.85,0.9997,持有
2020-07-13,23.45,3.48,0.1066,108660.44,34.85,108695.28,0.9997,持有
2020-07-14,23.86,3.54,0.1265,110566.02,34.85,110600.86,0.9997,持有
2020-07-15,23.43,3.48,0.1046,108575.74,34.85,108610.59,0.9997,持有
2020-07-16,21.78,3.23,0.0401,100911.07,34.85,100945.92,0.9997,持有
2020-07-17,21.95,3.26,0.0496,101715.65,34.85,101750.50,0.9997,持有
2020-07-20,22.23,3.30,0.0600,103028.39,34.85,103063.23,0.9997,持有
2020-07-21,21.91,3.25,0.0487,101546.27,34.85,101581.12,0.9997,持有
2020-07-22,21.89,3.25,0.0469,101419.23,34.85,101454.08,0.9997,持有
2020-07-23,21.50,3.19,0.0312,99640.69,34.85,99675.54,0.9997,持有
2020-07-24,21.41,3.18,0.0312,99217.22,34.85,99252.07,0.9996,持有
2020-07-27,21.48,3.19,0.0320,99555.99,34.85,99590.84,0.9997,持有
2020-07-28,21.84,3.24,0.0458,101207.50,34.85,101242.35,0.9997,持有
2020-07-29,22.05,3.27,0.0596,102181.46,34.85,102216.31,0.9997,持有
2020-07-30,21.83,3.24,0.0458,101165.15,34.85,101200.00,0.9997,持有
2020-07-31,21.70,3.22,0.0397,100572.30,34.85,100607.15,0.9997,持有
2020-08-03,22.39,3.32,0.0741,103748.27,34.85,103783.12,0.9997,持有
2020-08-04,22.24,3.30,0.0680,103070.73,34.85,103105.58,0.9997,持有
2020-08-05,21.86,3.24,0.0491,101292.19,34.85,101327.04,0.9997,持有
2020-08-06,21.33,3.16,0.0292,98836.11,34.85,98870.96,0.9996,持有
2020-08-07,20.95,3.11,0.0258,97099.91,34.85,97134.76,0.9996,持有
2020-08-10,21.17,3.14,0.0292,98116.22,34.85,98151.07,0.9996,持有
2020-08-11,21.37,3.17,0.0317,99047.84,34.85,99082.69,0.9996,持有
2020-08-12,21.47,3.19,0.0351,99513.65,34.85,99548.50,0.9996,持有
2020-08-13,21.68,3.22,0.0437,100487.61,34.85,100522.46,0.9997,持有
2020-08-14,21.73,3.22,0.0453,100699.34,34.85,100734.19,0.9997,持有
2020-08-17,22.11,3.28,0.0701,102477.88,34.85,102512.73,0.9997,持有
2020-08-18,22.07,3.27,0.0692,102266.15,34.85,102301.00,0.9997,持有
2020-08-19,22.17,3.29,0.0717,102731.96,34.85,102766.81,0.9997,持有
2020-08-20,21.82,3.42,0.1091,101122.81,34.85,101157.65,0.9997,持有
2020-08-21,21.76,3.41,0.1073,100826.38,34.85,100861.23,0.9997,持有
2020-08-24,22.48,3.53,0.1430,104171.73,34.85,104206.58,0.9997,持有
2020-08-25,22.15,3.48,0.1241,102647.27,34.85,102682.12,0.9997,持有
2020-08-26,21.38,3.35,0.0943,99090.19,34.85,99125.03,0.9996,持有
2020-08-27,21.47,3.37,0.0985,99513.65,34.85,99548.50,0.9996,持有
2020-08-28,22.81,3.58,0.1586,105696.20,34.85,105731.05,0.9997,持有
2020-08-31,22.55,3.54,0.1492,104510.50,34.85,104545.35,0.9997,持有
2020-09-01,22.40,3.51,0.1397,103790.62,34.85,103825.47,0.9997,持有
2020-09-02,22.31,3.50,0.1345,103367.16,34.85,103402.00,0.9997,持有
2020-09-03,21.70,3.40,0.1074,100572.30,34.85,100607.15,0.9997,持有
2020-09-04,21.66,3.40,0.1047,100360.57,34.85,100395.42,0.9997,持有
2020-09-07,20.89,3.28,0.0700,96803.49,34.85,96838.34,0.9996,持有
2020-09-08,20.41,3.20,0.0396,94559.14,34.85,94593.99,0.9996,持有
2020-09-09,19.58,3.07,0.0202,90747.98,34.85,90782.83,0.9996,持有
2020-09-10,19.67,3.08,0.0236,91129.09,34.85,91163.94,0.9996,持有
2020-09-11,19.77,3.10,0.0261,91594.90,34.85,91629.75,0.9996,持有
2020-09-14,19.73,3.09,0.0252,91425.52,34.85,91460.37,0.9996,持有
2020-09-15,19.63,3.08,0.0210,90959.71,34.85,90994.56,0.9996,持有
2020-09-16,19.30,3.03,0.0143,89435.25,34.85,89470.09,0.9996,持有
2020-09-17,19.03,2.99,0.0109,88207.20,34.85,88242.05,0.9996,持有
2020-09-18,19.45,3.05,0.0201,90112.78,34.85,90147.63,0.9996,持有
2020-09-21,19.22,3.01,0.0142,89054.13,34.85,89088.98,0.9996,持有
2020-09-22,18.88,2.96,0.0092,87487.32,34.85,87522.17,0.9996,持有
2020-09-23,18.97,2.98,0.0117,87910.78,34.85,87945.63,0.9996,持有
2020-09-24,18.61,2.92,0.0058,86259.28,34.85,86294.13,0.9996,持有
2020-09-25,18.41,2.89,0.0042,85327.66,34.85,85362.51,0.9996,持有
2020-09-28,18.00,2.82,0.0008,83422.08,34.85,83456.93,0.9996,持有
2020-09-29,18.21,2.86,0.0042,84396.04,34.85,84430.89,0.9996,持有
2020-09-30,17.86,2.80,0.0008,82744.54,34.85,82779.39,0.9996,持有
2020-10-09,17.97,2.82,0.0017,83252.69,34.85,83287.54,0.9996,持有
2020-10-12,18.65,2.93,0.0108,86428.66,34.85,86463.51,0.9996,持有
2020-10-13,18.82,2.95,0.0133,87233.24,34.85,87268.09,0.9996,持有
2020-10-14,18.36,2.88,0.0075,85073.58,34.85,85108.43,0.9996,持有
2020-10-15,18.14,2.85,0.0041,84057.27,34.85,84092.12,0.9996,持有
2020-10-16,18.20,2.86,0.0066,84353.70,34.85,84388.55,0.9996,持有
2020-10-19,18.04,2.83,0.0033,83591.46,34.85,83626.31,0.9996,持有
2020-10-20,18.01,2.83,0.0033,83464.43,34.85,83499.27,0.9996,持有
2020-10-21,17.89,2.81,0.0017,82913.93,34.85,82948.77,0.9996,持有
2020-10-22,17.49,2.74,0.0000,81050.69,34.85,81085.54,0.9996,持有
2020-10-23,17.55,2.75,0.0008,81304.77,34.85,81339.62,0.9996,持有
2020-10-26,17.25,2.71,0.0000,79949.69,34.85,79984.54,0.9996,持有
2020-10-27,17.13,2.69,0.0000,79399.19,34.85,79434.04,0.9996,持有
2020-10-28,16.90,2.65,0.0000,78298.19,34.85,78333.03,0.9996,持有
2020-10-29,17.79,2.79,0.0049,82448.12,34.85,82482.97,0.9996,持有
2020-10-30,17.32,2.58,0.0000,80246.11,34.85,80280.96,0.9996,持有
2020-11-02,17.11,2.55,0.0000,79272.15,34.85,79307.00,0.9996,持有
2020-11-03,17.31,2.58,0.0008,80203.77,34.85,80238.61,0.9996,持有
2020-11-04,17.22,2.57,0.0008,79780.30,34.85,79815.15,0.9996,持有
2020-11-05,17.41,2.55,0.0008,80683.99,34.85,80718.84,0.9996,持有
2020-11-06,17.26,2.53,0.0000,79995.49,34.85,80030.34,0.9996,持有
2020-11-09,17.59,2.58,0.0033,81501.59,34.85,81536.44,0.9996,持有
2020-11-10,17.88,2.62,0.0057,82835.57,34.85,82870.41,0.9996,持有
2020-11-11,17.56,2.58,0.0033,81372.50,34.85,81407.35,0.9996,持有
2020-11-12,17.30,2.54,0.0008,80167.62,34.85,80202.46,0.9996,持有
2020-11-13,17.23,2.53,0.0000,79823.36,34.85,79858.21,0.9996,持有
2020-11-16,17.85,2.62,0.0081,82706.47,34.85,82741.32,0.9996,持有
2020-11-17,17.90,2.63,0.0098,82964.66,34.85,82999.51,0.9996,持有
2020-11-18,17.88,2.62,0.0097,82878.60,34.85,82913.45,0.9996,持有
2020-11-19,18.35,2.69,0.0130,85030.17,34.85,85065.02,0.9996,持有
2020-11-20,18.14,2.66,0.0122,84040.45,34.85,84075.30,0.9996,持有
2020-11-23,17.94,2.63,0.0113,83136.79,34.85,83171.64,0.9996,持有
2020-11-24,17.91,2.63,0.0113,83007.69,34.85,83042.54,0.9996,持有
2020-11-25,17.76,2.61,0.0081,82319.19,34.85,82354.04,0.9996,持有
2020-11-26,17.87,2.62,0.0097,82792.53,34.85,82827.38,0.9996,持有
2020-11-27,18.21,2.67,0.0162,84384.70,34.85,84419.55,0.9996,持有
2020-11-30,17.92,2.63,0.0137,83050.72,34.85,83085.57,0.9996,持有
2020-12-01,17.99,2.64,0.0153,83351.94,34.85,83386.79,0.9996,持有
2020-12-02,18.17,2.67,0.0177,84212.57,34.85,84247.42,0.9996,持有
2020-12-03,18.18,2.67,0.0185,84255.60,34.85,84290.45,0.9996,持有
2020-12-04,18.04,2.65,0.0161,83610.13,34.85,83644.98,0.9996,持有
2020-12-07,18.56,2.72,0.0233,86019.89,34.85,86054.74,0.9996,持有
2020-12-08,18.42,2.70,0.0225,85374.42,34.85,85409.27,0.9996,持有
2020-12-09,18.01,2.64,0.0161,83438.01,34.85,83472.86,0.9996,持有
2020-12-10,17.75,2.60,0.0080,82276.16,34.85,82311.01,0.9996,持有
2020-12-11,17.30,2.54,0.0016,80167.62,34.85,80202.46,0.9996,持有
2020-12-14,18.13,2.66,0.0200,83997.42,34.85,84032.26,0.9996,持有
2020-12-15,17.83,2.62,0.0104,82620.41,34.85,82655.26,0.9996,持有
2020-12-16,17.60,2.58,0.0080,81544.62,34.85,81579.47,0.9996,持有
2020-12-17,17.68,2.59,0.0096,81931.91,34.85,81966.75,0.9996,持有
2020-12-18,17.48,2.56,0.0048,80985.21,34.85,81020.06,0.9996,持有
2020-12-21,17.53,2.57,0.0064,81243.40,34.85,81278.25,0.9996,持有
2020-12-22,17.09,2.51,0.0000,79177.89,34.85,79212.74,0.9996,持有
2020-12-23,17.21,2.52,0.0008,79737.30,34.85,79772.15,0.9996,持有
2020-12-24,17.31,2.54,0.0048,80210.65,34.85,80245.50,0.9996,持有
2020-12-25,17.02,2.50,0.0000,78876.67,34.85,78911.52,0.9996,持有
2020-12-28,17.03,2.50,0.0008,78919.70,34.85,78954.55,0.9996,持有
2020-12-29,16.84,2.47,0.0000,78059.07,34.85,78093.92,0.9996,持有
2020-12-30,16.83,2.47,0.0000,77973.01,34.85,78007.86,0.9996,持有
2020-12-31,16.93,2.48,0.0016,78446.36,34.85,78481.21,0.9996,持有
2021-01-04,18.01,2.64,0.0285,83481.04,34.85,83515.89,0.9996,持有
2021-01-05,18.41,2.70,0.0364,85331.39,34.85,85366.24,0.9996,持有
2021-01-06,18.17,2.67,0.0324,84212.57,34.85,84247.42,0.9996,持有
2021-01-07,17.94,2.63,0.0261,83136.79,34.85,83171.64,0.9996,持有
2021-01-08,17.75,2.60,0.0182,82276.16,34.85,82311.01,0.9996,持有
2021-01-11,17.06,2.50,0.0039,79048.80,34.85,79083.65,0.9996,持有
2021-01-12,17.29,2.54,0.0079,80124.58,34.85,80159.43,0.9996,持有
2021-01-13,17.14,2.51,0.0055,79436.08,34.85,79470.93,0.9996,持有
2021-01-14,17.21,2.52,0.0063,79737.30,34.85,79772.15,0.9996,持有
2021-01-15,17.18,2.52,0.0063,79608.21,34.85,79643.06,0.9996,持有
2021-01-18,17.26,2.53,0.0094,79995.49,34.85,80030.34,0.9996,持有
2021-01-19,16.98,2.49,0.0024,78704.55,34.85,78739.39,0.9996,持有
2021-01-20,16.95,2.49,0.0024,78532.42,34.85,78567.27,0.9996,持有
2021-01-21,17.03,2.50,0.0047,78919.70,34.85,78954.55,0.9996,持有
2021-01-22,16.79,2.46,0.0000,77800.89,34.85,77835.73,0.9996,持有
2021-01-25,16.69,2.45,0.0000,77327.54,34.85,77362.39,0.9995,持有
2021-01-26,17.05,2.50,0.0078,79005.77,34.85,79040.61,0.9996,持有
2021-01-27,16.85,2.47,0.0031,78102.11,34.85,78136.95,0.9996,持有
2021-01-28,16.22,2.38,0.0000,75175.97,34.85,75210.81,0.9995,持有
2021-01-29,15.75,2.31,0.0000,72981.36,34.85,73016.21,0.9995,持有
2021-02-01,15.90,2.33,0.0008,73669.86,34.85,73704.71,0.9995,持有
2021-02-02,15.73,2.31,0.0000,72895.30,34.85,72930.15,0.9995,持有
2021-02-03,15.96,2.34,0.0023,73971.08,34.85,74005.93,0.9995,持有
2021-02-04,15.52,2.28,0.0000,71905.57,34.85,71940.42,0.9995,持有
2021-02-05,15.73,2.31,0.0008,72895.30,34.85,72930.15,0.9995,持有
2021-02-08,16.11,2.36,0.0047,74659.59,34.85,74694.44,0.9995,持有
2021-02-09,16.06,2.36,0.0047,74444.43,34.85,74479.28,0.9995,持有
2021-02-10,16.28,2.39,0.0070,75434.15,34.85,75469.00,0.9995,持有
2021-02-18,16.30,2.39,0.0077,75520.22,34.85,75555.07,0.9995,持有
2021-02-19,17.47,2.56,0.0294,80942.18,34.85,80977.03,0.9996,持有
2021-02-22,17.54,2.57,0.0325,81286.43,34.85,81321.28,0.9996,持有
2021-02-23,16.93,2.48,0.0124,78446.36,34.85,78481.21,0.9996,持有
2021-02-24,16.90,2.48,0.0124,78317.26,34.85,78352.11,0.9996,持有
2021-02-25,16.68,2.45,0.0085,77284.51,34.85,77319.36,0.9995,持有
2021-02-26,16.87,2.48,0.0131,78188.17,34.85,78223.02,0.9996,持有
2021-03-01,16.93,2.48,0.0146,78446.36,34.85,78481.21,0.9996,持有
2021-03-02,16.76,2.46,0.0100,77671.79,34.85,77706.64,0.9996,持有
2021-03-03,17.08,2.51,0.0231,79134.86,34.85,79169.71,0.9996,持有
2021-03-04,17.05,2.50,0.0215,79005.77,34.85,79040.61,0.9996,持有
2021-03-05,17.27,2.53,0.0307,80038.52,34.85,80073.37,0.9996,持有
2021-03-08,16.81,2.47,0.0115,77886.95,34.85,77921.80,0.9996,持有
2021-03-09,16.90,2.48,0.0153,78317.26,34.85,78352.11,0.9996,持有
2021-03-10,16.09,2.36,0.0054,74573.53,34.85,74608.37,0.9995,持有
2021-03-11,16.09,2.36,0.0054,74573.53,34.85,74608.37,0.9995,持有
2021-03-12,16.14,2.37,0.0077,74788.68,34.85,74823.53,0.9995,持有
2021-03-15,15.87,2.33,0.0031,73540.77,34.85,73575.62,0.9995,持有
2021-03-16,16.04,2.35,0.0053,74315.34,34.85,74350.19,0.9995,持有
2021-03-17,16.12,2.36,0.0092,74702.62,34.85,74737.47,0.9995,持有
2021-03-18,15.97,2.34,0.0053,74014.12,34.85,74048.96,0.9995,持有
2021-03-19,15.87,2.33,0.0030,73540.77,34.85,73575.62,0.9995,持有
2021-03-22,15.93,2.34,0.0053,73841.99,34.85,73876.84,0.9995,持有
2021-03-23,15.75,2.31,0.0023,72981.36,34.85,73016.21,0.9995,持有
2021-03-24,15.91,2.33,0.0061,73712.90,34.85,73747.74,0.9995,持有
2021-03-25,16.06,2.36,0.0099,74401.40,34.85,74436.25,0.9995,持有
2021-03-26,16.06,2.36,0.0106,74444.43,34.85,74479.28,0.9995,持有
2021-03-29,15.93,2.34,0.0068,73841.99,34.85,73876.84,0.9995,持有
2021-03-30,15.80,2.32,0.0038,73239.55,34.85,73274.40,0.9995,持有
2021-03-31,15.71,2.31,0.0008,72809.24,34.85,72844.08,0.9995,持有
2021-04-01,15.74,2.31,0.0030,72938.33,34.85,72973.18,0.9995,持有
2021-04-02,15.78,2.31,0.0053,73110.46,34.85,73145.30,0.9995,持有
2021-04-06,15.54,2.28,0.0008,71991.64,34.85,72026.49,0.9995,持有
2021-04-07,15.54,2.28,0.0015,72034.67,34.85,72069.52,0.9995,持有
2021-04-08,15.27,2.24,0.0000,70743.73,34.85,70778.57,0.9995,持有
2021-04-09,14.94,2.19,0.0000,69237.62,34.85,69272.47,0.9995,持有
2021-04-12,15.01,2.20,0.0008,69538.84,34.85,69573.69,0.9995,持有
2021-04-13,15.03,2.21,0.0015,69667.94,34.85,69702.79,0.9995,持有
2021-04-14,14.74,2.16,0.0000,68290.93,34.85,68325.78,0.9995,持有
2021-04-15,14.52,2.13,0.0000,67301.21,34.85,67336.06,0.9995,持有
2021-04-16,14.57,2.14,0.0008,67516.37,34.85,67551.21,0.9995,持有
2021-04-19,14.65,2.15,0.0015,67903.65,34.85,67938.50,0.9995,持有
2021-04-20,14.62,2.14,0.0015,67731.52,34.85,67766.37,0.9995,持有
2021-04-21,14.49,2.13,0.0000,67129.08,34.85,67163.93,0.9995,持有
2021-04-22,14.08,2.10,0.0000,65235.70,34.85,65270.55,0.9995,持有
2021-04-23,13.98,2.08,0.0000,64805.38,34.85,64840.23,0.9995,持有
2021-04-26,13.56,2.02,0.0000,62825.94,34.85,62860.78,0.9994,持有
2021-04-27,13.20,1.97,0.0000,61147.71,34.85,61182.56,0.9994,持有
2021-04-28,13.26,1.98,0.0007,61448.93,34.85,61483.78,0.9994,持有
2021-04-29,13.43,2.00,0.0015,62223.50,34.85,62258.34,0.9994,持有
2021-04-30,13.36,1.99,0.0015,61922.28,34.85,61957.12,0.9994,持有
2021-05-06,13.16,1.96,0.0000,60975.58,34.85,61010.43,0.9994,持有
2021-05-07,13.16,1.96,0.0000,60975.58,34.85,61010.43,0.9994,持有
2021-05-10,12.72,1.90,0.0000,58953.10,34.85,58987.95,0.9994,持有
2021-05-11,12.81,1.91,0.0007,59340.39,34.85,59375.24,0.9994,持有
2021-05-12,12.98,1.93,0.0015,60157.99,34.85,60192.83,0.9994,持有
2021-05-13,12.80,1.91,0.0007,59297.36,34.85,59332.20,0.9994,持有
2021-05-14,13.12,1.96,0.0030,60803.46,34.85,60838.31,0.9994,持有
2021-05-17,13.03,1.94,0.0030,60373.14,34.85,60407.99,0.9994,持有
2021-05-18,12.94,1.93,0.0022,59942.83,34.85,59977.68,0.9994,持有
2021-05-19,12.83,1.91,0.0022,59469.48,34.85,59504.33,0.9994,持有
2021-05-20,13.09,1.95,0.0052,60674.36,34.85,60709.21,0.9994,持有
2021-05-21,12.80,1.91,0.0007,59297.36,34.85,59332.20,0.9994,持有
2021-05-24,12.71,1.89,0.0000,58910.07,34.85,58944.92,0.9994,持有
2021-05-25,13.01,1.94,0.0059,60287.08,34.85,60321.93,0.9994,持有
2021-05-26,13.06,1.95,0.0074,60502.24,34.85,60537.09,0.9994,持有
2021-05-27,13.25,1.97,0.0118,61405.90,34.85,61440.75,0.9994,持有
2021-05-28,13.07,1.95,0.0081,60545.27,34.85,60580.12,0.9994,持有
2021-05-31,12.97,1.93,0.0052,60114.95,34.85,60149.80,0.9994,持有
2021-06-01,13.18,1.96,0.0125,61061.65,34.85,61096.49,0.9994,持有
2021-06-02,13.10,1.95,0.0103,60717.39,34.85,60752.24,0.9994,持有
2021-06-03,13.11,1.95,0.0110,60760.43,34.85,60795.27,0.9994,持有
2021-06-04,13.46,2.01,0.0183,62352.59,34.85,62387.44,0.9994,持有
2021-06-07,13.22,1.97,0.0154,61276.80,34.85,61311.65,0.9994,持有
2021-06-08,13.80,2.06,0.0205,63944.75,34.85,63979.60,0.9995,持有
2021-06-09,13.72,2.04,0.0205,63557.47,34.85,63592.32,0.9995,持有
2021-06-10,13.33,1.99,0.0176,61793.18,34.85,61828.03,0.9994,持有
2021-06-11,13.25,1.97,0.0161,61405.90,34.85,61440.75,0.9994,持有
2021-06-15,12.78,1.90,0.0015,59211.29,34.85,59246.14,0.9994,持有
2021-06-16,12.85,1.92,0.0051,59555.54,34.85,59590.39,0.9994,持有
2021-06-17,12.77,1.90,0.0015,59168.26,34.85,59203.11,0.9994,持有
2021-06-18,12.82,1.91,0.0051,59426.45,34.85,59461.30,0.9994,持有
2021-06-21,12.73,1.90,0.0015,58996.14,34.85,59030.98,0.9994,持有
2021-06-22,12.91,1.92,0.0080,59813.73,34.85,59848.58,0.9994,持有
2021-06-23,13.10,1.95,0.0145,60717.39,34.85,60752.24,0.9994,持有
2021-06-24,12.95,1.93,0.0094,60028.89,34.85,60063.74,0.9994,持有
2021-06-25,13.20,1.97,0.0211,61190.74,34.85,61225.59,0.9994,持有
2021-06-28,13.79,2.05,0.0290,63901.72,34.85,63936.57,0.9995,持有
2021-06-29,13.34,1.99,0.0254,61836.21,34.85,61871.06,0.9994,持有
2021-06-30,13.34,1.99,0.0254,61836.21,34.85,61871.06,0.9994,持有
2021-07-01,13.13,1.96,0.0181,60846.49,34.85,60881.34,0.9994,持有
2021-07-02,13.02,1.94,0.0123,60330.11,34.85,60364.96,0.9994,持有
2021-07-05,13.01,1.94,0.0116,60287.08,34.85,60321.93,0.9994,持有
2021-07-06,13.25,1.97,0.0246,61405.90,34.85,61440.75,0.9994,持有
2021-07-07,13.18,1.96,0.0217,61061.65,34.85,61096.49,0.9994,持有
2021-07-08,13.04,1.92,0.0072,60406.93,34.85,60441.78,0.9994,持有
2021-07-09,13.16,1.93,0.0108,60974.34,34.85,61009.19,0.9994,持有
2021-07-12,13.07,1.92,0.0086,60581.52,34.85,60616.37,0.9994,持有
2021-07-13,12.93,1.90,0.0022,59926.82,34.85,59961.67,0.9994,持有
2021-07-14,12.74,1.87,0.0000,59053.89,34.85,59088.73,0.9994,持有
2021-07-15,12.76,1.87,0.0007,59141.18,34.85,59176.03,0.9994,持有
2021-07-16,12.73,1.87,0.0000,59010.24,34.85,59045.09,0.9994,持有
2021-07-19,12.06,1.77,0.0000,55867.68,34.85,55902.53,0.9994,持有
2021-07-20,12.03,1.77,0.0000,55736.74,34.85,55771.59,0.9994,持有
2021-07-21,11.95,1.76,0.0000,55387.57,34.85,55422.42,0.9994,持有
2021-07-22,12.12,1.78,0.0021,56173.21,34.85,56208.06,0.9994,持有
2021-07-23,12.15,1.79,0.0029,56304.15,34.85,56339.00,0.9994,持有
2021-07-26,12.27,1.80,0.0036,56871.55,34.85,56906.40,0.9994,持有
2021-07-27,11.99,1.76,0.0007,55562.16,34.85,55597.00,0.9994,持有
2021-07-28,11.59,1.70,0.0000,53685.35,34.85,53720.20,0.9994,持有
2021-07-29,11.66,1.71,0.0007,54034.52,34.85,54069.37,0.9994,持有
2021-07-30,11.85,1.74,0.0014,54907.46,34.85,54942.30,0.9994,持有
2021-08-02,12.52,1.84,0.0071,58006.37,34.85,58041.22,0.9994,持有
2021-08-03,12.57,1.85,0.0078,58268.25,34.85,58303.09,0.9994,持有
2021-08-04,12.56,1.84,0.0078,58180.95,34.85,58215.80,0.9994,持有
2021-08-05,12.39,1.82,0.0071,57395.31,34.85,57430.16,0.9994,持有
2021-08-06,12.30,1.81,0.0071,57002.49,34.85,57037.34,0.9994,持有
2021-08-09,12.95,1.90,0.0156,60014.11,34.85,60048.96,0.9994,持有
2021-08-10,12.95,1.90,0.0156,60014.11,34.85,60048.96,0.9994,持有
2021-08-11,12.85,1.89,0.0128,59534.00,34.85,59568.85,0.9994,持有
2021-08-12,12.72,1.87,0.0106,58966.59,34.85,59001.44,0.9994,持有
2021-08-13,12.68,1.86,0.0106,58748.36,34.85,58783.21,0.9994,持有
2021-08-16,12.64,1.86,0.0106,58573.77,34.85,58608.62,0.9994,持有
2021-08-17,12.34,1.81,0.0078,57177.08,34.85,57211.93,0.9994,持有
2021-08-18,12.40,1.82,0.0092,57438.96,34.85,57473.81,0.9994,持有
2021-08-19,12.35,1.99,0.0516,57220.73,34.85,57255.58,0.9994,持有
2021-08-20,12.24,1.98,0.0487,56740.61,34.85,56775.46,0.9994,持有
2021-08-23,12.56,2.03,0.0550,58180.95,34.85,58215.80,0.9994,持有
2021-08-24,12.72,2.05,0.0564,58922.95,34.85,58957.79,0.9994,持有
2021-08-25,12.71,2.05,0.0563,58879.30,34.85,58914.15,0.9994,持有
2021-08-26,12.57,2.03,0.0556,58268.25,34.85,58303.09,0.9994,持有
2021-08-27,12.47,2.01,0.0541,57788.13,34.85,57822.98,0.9994,持有
2021-08-30,12.15,1.96,0.0422,56304.15,34.85,56339.00,0.9994,持有
2021-08-31,12.23,1.97,0.0463,56653.32,34.85,56688.17,0.9994,持有
2021-09-01,12.40,1.99,0.0540,57438.96,34.85,57473.81,0.9994,持有
2021-09-02,12.31,1.98,0.0505,57046.14,34.85,57080.99,0.9994,持有
2021-09-03,12.57,2.02,0.0582,58268.25,34.85,58303.09,0.9994,持有
2021-09-06,12.83,2.06,0.0637,59446.71,34.85,59481.55,0.9994,持有
2021-09-07,12.82,2.06,0.0637,59403.06,34.85,59437.91,0.9994,持有
2021-09-08,12.83,2.06,0.0643,59446.71,34.85,59481.55,0.9994,持有
2021-09-09,12.88,2.07,0.0657,59708.59,34.85,59743.43,0.9994,持有
2021-09-10,12.86,2.07,0.0656,59577.65,34.85,59612.49,0.9994,持有
2021-09-13,12.61,2.03,0.0593,58442.83,34.85,58477.68,0.9994,持有
2021-09-14,12.42,2.00,0.0551,57569.90,34.85,57604.75,0.9994,持有
2021-09-15,12.27,1.97,0.0488,56871.55,34.85,56906.40,0.9994,持有
2021-09-16,12.77,2.06,0.0648,59184.83,34.85,59219.67,0.9994,持有
2021-09-17,12.88,2.07,0.0689,59708.59,34.85,59743.43,0.9994,持有
2021-09-22,12.52,2.01,0.0584,58006.37,34.85,58041.22,0.9994,持有
2021-09-23,12.81,2.06,0.0667,59359.41,34.85,59394.26,0.9994,持有
2021-09-24,12.99,2.09,0.0722,60188.70,34.85,60223.55,0.9994,持有
2021-09-27,13.57,2.18,0.0777,62894.79,34.85,62929.64,0.9994,持有
2021-09-28,13.45,2.16,0.0777,62327.38,34.85,62362.23,0.9994,持有
2021-09-29,13.84,2.23,0.0811,64116.89,34.85,64151.74,0.9995,持有
2021-09-30,13.63,2.19,0.0796,63156.67,34.85,63191.52,0.9994,持有
2021-10-08,14.44,2.32,0.0907,66910.28,34.85,66945.13,0.9995,持有
2021-10-11,14.27,2.30,0.0851,66124.64,34.85,66159.49,0.9995,持有
2021-10-12,14.34,2.31,0.0878,66473.81,34.85,66508.66,0.9995,持有
2021-10-13,14.17,2.28,0.0843,65644.53,34.85,65679.37,0.9995,持有
2021-10-14,13.96,2.25,0.0828,64684.30,34.85,64719.15,0.9995,持有
2021-10-15,13.65,2.20,0.0800,63243.96,34.85,63278.81,0.9994,持有
2021-10-18,14.26,2.29,0.0868,66080.99,34.85,66115.84,0.9995,持有
2021-10-19,15.43,2.48,0.1164,71493.17,34.85,71528.02,0.9995,持有
2021-10-20,15.39,2.48,0.1149,71318.59,34.85,71353.44,0.9995,持有
2021-10-21,14.91,2.40,0.1087,69092.61,34.85,69127.46,0.9995,持有
2021-10-22,14.79,2.38,0.1065,68525.20,34.85,68560.05,0.9995,持有
2021-10-25,14.84,2.39,0.1085,68787.08,34.85,68821.93,0.9995,持有
2021-10-26,14.45,2.32,0.0947,66953.93,34.85,66988.77,0.9995,持有
2021-10-27,14.52,2.34,0.0981,67303.10,34.85,67337.95,0.9995,持有
2021-10-28,14.59,2.80,0.1707,67608.62,34.85,67643.47,0.9995,持有
2021-10-29,15.52,2.98,0.1897,71929.64,34.85,71964.49,0.9995,持有
2021-11-01,15.67,3.01,0.1923,72627.99,34.85,72662.84,0.9995,持有
2021-11-02,15.93,3.06,0.2004,73806.45,34.85,73841.29,0.9995,持有
2021-11-03,16.45,3.16,0.2126,76207.01,34.85,76241.86,0.9995,持有
2021-11-04,16.34,3.14,0.2117,75726.90,34.85,75761.75,0.9995,持有
2021-11-05,15.80,3.03,0.1966,73195.39,34.85,73230.24,0.9995,持有
2021-11-08,15.80,3.04,0.1978,73239.04,34.85,73273.89,0.9995,持有
2021-11-09,15.80,3.03,0.1963,73195.39,34.85,73230.24,0.9995,持有
2021-11-10,15.70,3.02,0.1935,72758.93,34.85,72793.77,0.9995,持有
2021-11-11,16.07,3.09,0.2076,74461.14,34.85,74495.99,0.9995,持有
2021-11-12,16.54,3.18,0.2204,76643.48,34.85,76678.32,0.9995,持有
2021-11-15,16.74,3.22,0.2284,77560.06,34.85,77594.90,0.9996,持有
2021-11-16,16.35,3.14,0.2147,75770.54,34.85,75805.39,0.9995,持有
2021-11-17,16.11,3.09,0.2084,74635.73,34.85,74670.58,0.9995,持有
2021-11-18,16.48,3.17,0.2185,76381.60,34.85,76416.44,0.9995,持有
2021-11-19,16.15,3.10,0.2108,74853.96,34.85,74888.81,0.9995,持有
2021-11-22,15.97,3.07,0.2026,74024.68,34.85,74059.53,0.9995,持有
2021-11-23,15.68,3.01,0.1916,72671.63,34.85,72706.48,0.9995,持有
2021-11-24,15.18,2.92,0.1800,70358.36,34.85,70393.21,0.9995,持有
2021-11-25,15.19,2.92,0.1805,70402.01,34.85,70436.86,0.9995,持有
2021-11-26,15.11,2.90,0.1791,70009.19,34.85,70044.04,0.9995,持有
2021-11-29,15.19,2.92,0.1816,70402.01,34.85,70436.86,0.9995,持有
2021-11-30,15.02,2.89,0.1775,69616.37,34.85,69651.22,0.9995,持有
2021-12-01,15.26,2.93,0.1854,70707.53,34.85,70742.38,0.9995,持有
2021-12-02,15.80,3.03,0.2008,73195.39,34.85,73230.24,0.9995,持有
2021-12-03,16.48,3.17,0.2242,76381.60,34.85,76416.44,0.9995,持有
2021-12-06,16.18,3.11,0.2167,74984.90,34.85,75019.75,0.9995,持有
2021-12-07,16.52,3.17,0.2266,76556.18,34.85,76591.03,0.9995,持有
2021-12-08,16.47,3.16,0.2238,76337.95,34.85,76372.80,0.9995,持有
2021-12-09,16.44,3.16,0.2216,76163.36,34.85,76198.21,0.9995,持有
2021-12-10,16.27,3.12,0.2181,75377.72,34.85,75412.57,0.9995,持有
2021-12-13,16.45,3.16,0.2233,76207.01,34.85,76241.86,0.9995,持有
2021-12-14,16.66,3.20,0.2353,77210.88,34.85,77245.73,0.9995,持有
2021-12-15,16.57,3.18,0.2311,76774.42,34.85,76809.26,0.9995,持有
2021-12-16,16.46,3.16,0.2236,76294.30,34.85,76329.15,0.9995,持有
2021-12-17,16.72,3.21,0.2388,77472.76,34.85,77507.61,0.9996,持有
2021-12-20,16.69,3.21,0.2373,77341.82,34.85,77376.67,0.9995,持有
2021-12-21,16.95,3.26,0.2572,78563.93,34.85,78598.78,0.9996,持有
2021-12-22,17.61,3.38,0.2884,81619.19,34.85,81654.04,0.9996,持有
2021-12-23,18.23,3.50,0.3182,84499.87,34.85,84534.72,0.9996,持有
2021-12-24,18.33,3.52,0.3260,84936.34,34.85,84971.18,0.9996,持有
2021-12-27,18.27,3.51,0.3205,84674.46,34.85,84709.30,0.9996,持有
2021-12-28,18.02,3.46,0.3063,83496.00,34.85,83530.85,0.9996,持有
2021-12-29,17.94,3.45,0.3014,83146.82,34.85,83181.67,0.9996,持有
2021-12-30,18.00,3.46,0.3052,83408.70,34.85,83443.55,0.9996,持有
2021-12-31,18.14,3.48,0.3150,84063.40,34.85,84098.25,0.9996,持有
2022-01-04,19.48,3.74,0.3672,90261.22,34.85,90296.07,0.9996,持有
2022-01-05,19.64,3.77,0.3723,91003.22,34.85,91038.06,0.9996,持有
2022-01-06,19.43,3.73,0.3660,90042.99,34.85,90077.84,0.9996,持有
2022-01-07,18.96,3.64,0.3486,87860.66,34.85,87895.51,0.9996,持有
2022-01-10,20.22,3.88,0.4159,93709.31,34.85,93744.16,0.9996,持有
2022-01-11,19.41,3.73,0.3640,89955.70,34.85,89990.55,0.9996,持有
2022-01-12,19.58,3.76,0.3717,90741.34,34.85,90776.19,0.9996,持有
2022-01-13,18.58,3.57,0.3384,86114.79,34.85,86149.64,0.9996,持有
2022-01-14,18.28,3.51,0.3223,84718.10,34.85,84752.95,0.9996,持有
2022-01-17,18.24,3.50,0.3195,84543.52,34.85,84578.36,0.9996,持有
2022-01-18,18.51,3.56,0.3384,85765.62,34.85,85800.47,0.9996,持有
2022-01-19,18.13,3.48,0.3125,84019.76,34.85,84054.60,0.9996,持有
2022-01-20,19.00,3.65,0.3518,88035.25,34.85,88070.09,0.9996,持有
2022-01-21,18.16,3.49,0.3140,84150.70,34.85,84185.54,0.9996,持有
2022-01-24,18.16,3.49,0.3138,84150.70,34.85,84185.54,0.9996,持有
2022-01-25,17.72,3.40,0.2906,82099.30,34.85,82134.15,0.9996,持有
2022-01-26,18.20,3.50,0.3173,84325.28,34.85,84360.13,0.9996,持有
2022-01-27,18.07,3.47,0.3066,83714.23,34.85,83749.08,0.9996,持有
2022-01-28,18.98,3.65,0.3530,87947.95,34.85,87982.80,0.9996,持有
2022-02-07,19.45,3.74,0.3718,90130.28,34.85,90165.13,0.9996,持有
2022-02-08,19.58,3.76,0.3768,90741.34,34.85,90776.19,0.9996,持有
2022-02-09,20.17,3.87,0.4198,93447.43,34.85,93482.28,0.9996,持有
2022-02-10,20.70,3.98,0.4470,95935.29,34.85,95970.13,0.9996,持有
2022-02-11,20.34,3.91,0.4290,94276.71,34.85,94311.56,0.9996,持有
2022-02-14,19.97,3.84,0.4000,92530.85,34.85,92565.70,0.9996,持有
2022-02-15,19.91,3.83,0.3939,92268.97,34.85,92303.82,0.9996,持有
2022-02-16,19.02,3.65,0.3544,88122.54,34.85,88157.39,0.9996,持有
2022-02-17,19.21,3.69,0.3627,89039.12,34.85,89073.97,0.9996,持有
2022-02-18,19.85,3.81,0.3885,92007.09,34.85,92041.94,0.9996,持有
2022-02-21,19.47,3.74,0.3720,90217.58,34.85,90252.43,0.9996,持有
2022-02-22,19.63,3.77,0.3789,90959.57,34.85,90994.42,0.9996,持有
2022-02-23,19.02,3.65,0.3533,88122.54,34.85,88157.39,0.9996,持有
2022-02-24,18.65,3.58,0.3420,86420.32,34.85,86455.17,0.9996,持有
2022-02-25,18.36,3.53,0.3275,85067.28,34.85,85102.12,0.9996,持有
2022-02-28,18.36,3.53,0.3273,85067.28,34.85,85102.12,0.9996,持有
2022-03-01,19.35,3.72,0.3679,89650.17,34.85,89685.02,0.9996,持有
2022-03-02,19.32,3.71,0.3671,89519.23,34.85,89554.08,0.9996,持有
2022-03-03,19.01,3.65,0.3532,88078.89,34.85,88113.74,0.9996,持有
2022-03-04,19.52,3.75,0.3769,90435.81,34.85,90470.66,0.9996,持有
2022-03-07,19.50,3.75,0.3761,90348.52,34.85,90383.37,0.9996,持有
2022-03-08,18.97,3.64,0.3493,87904.31,34.85,87939.15,0.9996,持有
2022-03-09,18.80,3.61,0.3439,87118.67,34.85,87153.52,0.9996,持有
2022-03-10,18.54,3.56,0.3379,85896.56,34.85,85931.41,0.9996,持有
2022-03-11,19.38,3.72,0.3706,89824.76,34.85,89859.61,0.9996,持有
2022-03-14,18.47,3.55,0.3348,85591.03,34.85,85625.88,0.9996,持有
2022-03-15,17.69,3.40,0.2830,81968.36,34.85,82003.21,0.9996,持有
2022-03-16,18.20,3.50,0.3125,84325.28,34.85,84360.13,0.9996,持有
2022-03-17,18.91,3.63,0.3496,87642.43,34.85,87677.27,0.9996,持有
2022-03-18,19.63,3.77,0.3855,90959.57,34.85,90994.42,0.9996,持有
2022-03-21,19.84,3.81,0.3955,91919.80,34.85,91954.64,0.9996,持有
2022-03-22,20.56,3.95,0.4486,95280.59,34.85,95315.43,0.9996,持有
2022-03-23,20.50,3.94,0.4432,94975.06,34.85,95009.91,0.9996,持有
2022-03-24,20.51,3.94,0.4448,95062.35,34.85,95097.20,0.9996,持有
2022-03-25,20.49,3.94,0.4426,94931.41,34.85,94966.26,0.9996,持有
2022-03-28,20.33,3.90,0.4365,94189.42,34.85,94224.27,0.9996,持有
2022-03-29,20.92,4.02,0.4670,96939.16,34.85,96974.01,0.9996,持有
2022-03-30,20.94,4.02,0.4680,97026.45,34.85,97061.30,0.9996,持有
2022-03-31,20.77,3.99,0.4613,96240.81,34.85,96275.66,0.9996,持有
2022-04-01,20.83,4.00,0.4655,96546.34,34.85,96581.19,0.9996,持有
2022-04-06,20.98,4.03,0.4690,97201.04,34.85,97235.89,0.9996,持有
2022-04-07,20.15,3.87,0.4240,93360.13,34.85,93394.98,0.9996,持有
2022-04-08,19.82,3.81,0.3918,91832.50,34.85,91867.35,0.9996,持有
2022-04-11,20.72,3.98,0.4585,96022.58,34.85,96057.43,0.9996,持有
2022-04-12,21.02,4.04,0.4723,97419.27,34.85,97454.12,0.9996,持有
2022-04-13,19.87,3.82,0.3962,92094.38,34.85,92129.23,0.9996,持有
2022-04-14,20.11,3.86,0.4182,93185.55,34.85,93220.40,0.9996,持有
2022-04-15,20.19,3.88,0.4281,93578.37,34.85,93613.22,0.9996,持有
2022-04-18,21.35,4.57,0.5887,98946.90,34.85,98981.75,0.9996,持有
2022-04-19,21.30,4.56,0.5883,98685.02,34.85,98719.87,0.9996,持有
2022-04-20,20.50,4.39,0.5543,94975.06,34.85,95009.91,0.9996,持有
2022-04-21,19.50,4.17,0.4975,90348.52,34.85,90383.37,0.9996,持有
2022-04-22,19.64,4.21,0.5029,91003.22,34.85,91038.06,0.9996,持有
2022-04-25,18.85,4.04,0.4708,87336.90,34.85,87371.75,0.9996,持有
2022-04-26,18.66,4.00,0.4630,86463.97,34.85,86498.82,0.9996,持有
2022-04-27,19.62,4.73,0.6152,90915.92,34.85,90950.77,0.9996,持有
2022-04-28,18.99,4.57,0.5901,87991.60,34.85,88026.45,0.9996,持有
2022-04-29,17.58,4.23,0.5057,81444.61,34.85,81479.45,0.9996,持有
2022-05-05,17.55,4.23,0.5041,81313.67,34.85,81348.51,0.9996,持有
2022-05-06,17.52,4.22,0.5038,81182.73,34.85,81217.57,0.9996,持有
2022-05-09,17.76,4.28,0.5180,82317.54,34.85,82352.39,0.9996,持有
2022-05-10,17.74,4.27,0.5151,82230.24,34.85,82265.09,0.9996,持有
2022-05-11,17.22,4.15,0.4902,79786.03,34.85,79820.88,0.9996,持有
2022-05-12,17.08,4.11,0.4830,79131.33,34.85,79166.18,0.9996,持有
2022-05-13,16.71,4.03,0.4663,77429.12,34.85,77463.96,0.9996,持有
2022-05-16,16.93,4.08,0.4755,78432.99,34.85,78467.84,0.9996,持有
2022-05-17,16.77,4.04,0.4701,77691.00,34.85,77725.84,0.9996,持有
2022-05-18,17.03,4.10,0.4830,78913.10,34.85,78947.95,0.9996,持有
2022-05-19,16.59,4.00,0.4595,76861.71,34.85,76896.56,0.9995,持有
2022-05-20,16.75,4.03,0.4680,77603.70,34.85,77638.55,0.9996,持有
2022-05-23,17.11,4.12,0.4859,79305.92,34.85,79340.77,0.9996,持有
2022-05-24,16.53,3.98,0.4530,76599.83,34.85,76634.68,0.9995,持有
2022-05-25,16.99,4.09,0.4803,78738.51,34.85,78773.36,0.9996,持有
2022-05-26,17.00,4.10,0.4806,78782.16,34.85,78817.01,0.9996,持有
2022-05-27,16.77,4.04,0.4703,77734.64,34.85,77769.49,0.9996,持有
2022-05-30,16.63,4.01,0.4619,77079.94,34.85,77114.79,0.9995,持有
2022-05-31,17.02,4.10,0.4841,78869.45,34.85,78904.30,0.9996,持有
2022-06-01,16.96,4.09,0.4788,78607.57,34.85,78642.42,0.9996,持有
2022-06-02,16.71,4.03,0.4648,77429.12,34.85,77463.96,0.9996,持有
2022-06-06,16.30,3.93,0.4327,75552.31,34.85,75587.16,0.9995,持有
2022-06-07,16.77,4.04,0.4710,77734.64,34.85,77769.49,0.9996,持有
2022-06-08,17.20,4.14,0.4938,79698.74,34.85,79733.59,0.9996,持有
2022-06-09,17.68,4.26,0.5171,81924.72,34.85,81959.57,0.9996,持有
2022-06-10,17.38,4.19,0.5025,80528.03,34.85,80562.87,0.9996,持有
2022-06-13,17.97,4.33,0.5413,83277.76,34.85,83312.61,0.9996,持有
2022-06-14,18.65,4.49,0.5882,86420.32,34.85,86455.17,0.9996,持有
2022-06-15,18.63,4.49,0.5878,86333.03,34.85,86367.88,0.9996,持有
2022-06-16,19.36,4.66,0.6092,89693.82,34.85,89728.67,0.9996,持有
2022-06-17,19.18,4.62,0.6038,88864.53,34.85,88899.38,0.9996,持有
2022-06-20,19.33,4.73,0.6233,89562.88,34.85,89597.73,0.9996,持有
2022-06-21,19.65,4.81,0.6334,91046.86,34.85,91081.71,0.9996,持有
2022-06-22,20.73,5.08,0.6943,96066.22,34.85,96101.07,0.9996,持有
2022-06-23,20.77,5.09,0.6982,96240.81,34.85,96275.66,0.9996,持有
2022-06-24,20.66,5.06,0.6873,95717.05,34.85,95751.90,0.9996,持有
2022-06-27,21.85,5.35,0.7443,101260.17,34.85,101295.02,0.9997,持有
2022-06-28,21.92,5.37,0.7457,101565.70,34.85,101600.55,0.9997,持有
2022-06-29,20.48,5.01,0.6706,94887.77,34.85,94922.61,0.9996,持有
2022-06-30,20.05,4.91,0.6443,92923.67,34.85,92958.52,0.9996,持有
2022-07-01,20.48,5.01,0.6704,94887.77,34.85,94922.61,0.9996,持有
2022-07-04,22.90,5.61,0.7672,106104.95,34.85,106139.80,0.9997,卖出(降至50%)
2022-07-05,23.03,5.64,0.7705,53381.03,52868.10,106249.13,0.5024,持有
2022-07-06,22.59,5.53,0.7620,52354.89,52868.10,105222.99,0.4976,持有
2022-07-07,23.23,5.69,0.7744,53839.52,52868.10,106707.62,0.5046,持有
2022-07-08,23.55,5.77,0.7899,54581.83,52868.10,107449.93,0.5080,持有
2022-07-11,24.31,5.95,0.8109,56350.28,52868.10,109218.38,0.5159,持有
2022-07-12,23.43,5.74,0.7804,54319.84,52868.10,107187.94,0.5068,持有
2022-07-13,23.58,5.77,0.7903,54647.33,52868.10,107515.43,0.5083,持有
2022-07-14,23.47,5.75,0.7812,54407.17,52868.10,107275.27,0.5072,持有
2022-07-15,22.69,5.56,0.7606,52595.05,52868.10,105463.15,0.4987,持有
2022-07-18,22.75,5.57,0.7613,52726.05,52868.10,105594.15,0.4993,持有
2022-07-19,22.71,5.56,0.7602,52638.72,52868.10,105506.82,0.4989,持有
2022-07-20,22.16,5.43,0.7476,51372.42,52868.10,104240.52,0.4928,持有
2022-07-21,22.51,5.51,0.7544,52180.23,52868.10,105048.33,0.4967,持有
2022-07-22,21.95,5.37,0.7405,50870.27,52868.10,103738.37,0.4904,持有
2022-07-25,22.03,5.40,0.7431,51066.76,52868.10,103934.86,0.4913,持有
2022-07-26,22.12,5.42,0.7451,51263.25,52868.10,104131.36,0.4923,持有
2022-07-27,22.18,5.43,0.7495,51416.08,52868.10,104284.18,0.4930,持有
2022-07-28,21.63,5.30,0.7290,50149.79,52868.10,103017.89,0.4868,持有
2022-07-29,22.64,5.54,0.7590,52485.89,52868.10,105353.99,0.4982,持有
2022-08-01,22.61,5.54,0.7585,52398.56,52868.10,105266.66,0.4978,持有
2022-08-02,22.47,5.58,0.7635,52092.90,52868.10,104961.00,0.4963,持有
2022-08-03,21.69,5.39,0.7388,50280.78,52868.10,103148.88,0.4875,持有
2022-08-04,21.80,5.41,0.7426,50542.77,52868.10,103410.88,0.4888,持有
2022-08-05,21.81,5.42,0.7433,50564.61,52868.10,103432.71,0.4889,持有
2022-08-08,21.51,5.34,0.7307,49865.96,52868.10,102734.06,0.4854,持有
2022-08-09,20.96,5.20,0.7115,48577.83,52868.10,101445.93,0.4789,持有
2022-08-10,20.80,5.16,0.7020,48206.67,52868.10,101074.77,0.4769,持有
2022-08-11,20.91,5.19,0.7088,48468.67,52868.10,101336.77,0.4783,持有
2022-08-12,20.86,5.18,0.7048,48359.50,52868.10,101227.60,0.4777,持有
2022-08-15,20.79,5.16,0.7001,48184.84,52868.10,101052.94,0.4768,持有
2022-08-16,21.63,5.37,0.7366,50149.79,52868.10,103017.89,0.4868,持有
2022-08-17,21.76,5.40,0.7415,50433.61,52868.10,103301.71,0.4882,持有
2022-08-18,21.30,5.29,0.7242,49363.81,52868.10,102231.91,0.4829,持有
2022-08-19,22.93,5.44,0.7503,53140.87,52868.10,106008.97,0.5013,持有
2022-08-22,23.37,5.54,0.7601,54167.01,52868.10,107035.11,0.5061,持有
2022-08-23,23.71,5.62,0.7699,54952.99,52868.10,107821.09,0.5097,持有
2022-08-24,23.33,5.54,0.7586,54079.68,52868.10,106947.78,0.5057,持有
2022-08-25,23.55,5.59,0.7653,54581.83,52868.10,107449.93,0.5080,持有
2022-08-26,23.73,5.63,0.7709,54996.65,52868.10,107864.75,0.5099,持有
2022-08-29,23.53,5.58,0.7644,54538.16,52868.10,107406.27,0.5078,持有
2022-08-30,23.25,5.52,0.7532,53905.02,52868.10,106773.12,0.5049,持有
2022-08-31,22.34,5.30,0.7233,51787.24,52868.10,104655.34,0.4948,持有
2022-09-01,22.62,5.37,0.7325,52442.22,52868.10,105310.32,0.4980,持有
2022-09-02,22.64,5.37,0.7332,52485.89,52868.10,105353.99,0.4982,持有
2022-09-05,22.74,5.39,0.7376,52704.22,52868.10,105572.32,0.4992,持有
2022-09-06,22.50,5.34,0.7257,52158.40,52868.10,105026.50,0.4966,持有
2022-09-07,22.51,5.34,0.7259,52180.23,52868.10,105048.33,0.4967,持有
2022-09-08,21.78,5.17,0.6950,50477.28,52868.10,103345.38,0.4884,持有
2022-09-09,21.43,5.08,0.6754,49669.47,52868.10,102537.57,0.4844,持有
2022-09-13,21.84,5.18,0.7001,50630.11,52868.10,103498.21,0.4892,持有
2022-09-14,21.30,5.05,0.6621,49363.81,52868.10,102231.91,0.4829,持有
2022-09-15,20.67,4.90,0.6235,47922.85,52868.10,100790.95,0.4755,持有
2022-09-16,20.34,4.83,0.6124,47158.70,52868.10,100026.80,0.4715,持有
2022-09-19,20.55,4.88,0.6198,47639.02,52868.10,100507.12,0.4740,持有
2022-09-20,20.07,4.76,0.6057,46525.55,52868.10,99393.65,0.4681,持有
2022-09-21,19.56,4.64,0.5833,45346.58,52868.10,98214.69,0.4617,持有
2022-09-22,19.31,4.58,0.5735,44757.10,52868.10,97625.20,0.4585,持有
2022-09-23,19.41,4.61,0.5773,44997.26,52868.10,97865.36,0.4598,持有
2022-09-26,18.73,4.44,0.5556,43425.30,52868.10,96293.41,0.4510,持有
2022-09-27,19.12,4.54,0.5701,44320.45,52868.10,97188.55,0.4560,持有
2022-09-28,19.07,4.53,0.5680,44211.28,52868.10,97079.38,0.4554,持有
2022-09-29,19.02,4.51,0.5658,44080.29,52868.10,96948.39,0.4547,持有
2022-09-30,19.32,4.58,0.5744,44778.93,52868.10,97647.03,0.4586,持有
2022-10-10,20.57,4.88,0.6226,47682.69,52868.10,100550.79,0.4742,持有
2022-10-11,20.63,4.89,0.6229,47813.68,52868.10,100681.78,0.4749,持有
2022-10-12,21.15,5.02,0.6556,49014.48,52868.10,101882.58,0.4811,持有
2022-10-13,21.15,5.02,0.6558,49036.32,52868.10,101904.42,0.4812,持有
2022-10-14,20.66,4.90,0.6247,47901.01,52868.10,100769.12,0.4754,持有
2022-10-17,20.67,4.90,0.6261,47922.85,52868.10,100790.95,0.4755,持有
2022-10-18,20.70,4.91,0.6269,47988.35,52868.10,100856.45,0.4758,持有
2022-10-19,19.69,4.67,0.5888,45630.41,52868.10,98498.51,0.4633,持有
2022-10-20,19.56,4.64,0.5825,45346.58,52868.10,98214.69,0.4617,持有
2022-10-21,19.69,4.67,0.5893,45652.24,52868.10,98520.34,0.4634,持有
2022-10-24,18.71,4.44,0.5489,43359.81,52868.10,96227.91,0.4506,持有
2022-10-25,18.56,4.40,0.5380,43032.31,52868.10,95900.42,0.4487,持有
2022-10-26,17.17,3.39,0.2553,39801.07,52868.10,92669.17,0.4295,持有
2022-10-27,17.42,3.44,0.2675,40368.72,52868.10,93236.82,0.4330,持有
2022-10-28,16.93,3.34,0.2450,39233.42,52868.10,92101.52,0.4260,持有
2022-10-31,16.86,3.33,0.2425,39080.59,52868.10,91948.69,0.4250,持有
2022-11-01,17.39,3.43,0.2670,40303.22,52868.10,93171.32,0.4326,持有
2022-11-02,17.60,3.47,0.2786,40805.38,52868.10,93673.48,0.4356,持有
2022-11-03,17.42,3.44,0.2685,40368.72,52868.10,93236.82,0.4330,持有
2022-11-04,17.74,3.50,0.2894,41111.03,52868.10,93979.14,0.4374,持有
2022-11-07,17.88,3.53,0.3009,41438.53,52868.10,94306.63,0.4394,持有
2022-11-08,17.48,3.45,0.2703,40521.55,52868.10,93389.65,0.4339,持有
2022-11-09,17.05,3.36,0.2503,39517.24,52868.10,92385.35,0.4277,持有
2022-11-10,17.26,3.40,0.2613,39997.57,52868.10,92865.67,0.4307,持有
2022-11-11,17.33,3.42,0.2646,40172.23,52868.10,93040.33,0.4318,持有
2022-11-14,17.16,3.38,0.2545,39779.24,52868.10,92647.34,0.4294,持有
2022-11-15,17.08,3.37,0.2520,39582.74,52868.10,92450.84,0.4281,持有
2022-11-16,16.77,3.31,0.2373,38862.26,52868.10,91730.36,0.4237,持有
2022-11-17,16.91,3.33,0.2430,39189.75,52868.10,92057.85,0.4257,持有
2022-11-18,16.45,3.24,0.2190,38119.95,52868.10,90988.05,0.4190,持有
2022-11-21,16.29,3.21,0.2090,37748.79,52868.10,90616.89,0.4166,持有
2022-11-22,16.44,3.24,0.2187,38098.12,52868.10,90966.22,0.4188,持有
2022-11-23,16.12,3.18,0.2012,37377.64,52868.10,90245.74,0.4142,持有
2022-11-24,16.26,3.21,0.2074,37683.30,52868.10,90551.40,0.4162,持有
2022-11-25,16.41,3.24,0.2172,38032.62,52868.10,90900.72,0.4184,持有
2022-11-28,16.41,3.22,0.2124,38032.62,52868.10,90900.72,0.4184,持有
2022-11-29,16.65,3.27,0.2309,38603.54,52868.10,91471.64,0.4220,持有
2022-11-30,17.01,3.34,0.2475,39437.98,52868.10,92306.08,0.4273,持有
2022-12-01,16.99,3.33,0.2462,39372.10,52868.10,92240.20,0.4268,持有
2022-12-02,17.53,3.44,0.2762,40645.71,52868.10,93513.81,0.4346,持有
2022-12-05,17.71,3.47,0.2870,41062.93,52868.10,93931.03,0.4372,持有
2022-12-06,17.70,3.47,0.2851,41019.01,52868.10,93887.11,0.4369,持有
2022-12-07,17.73,3.48,0.2902,41106.85,52868.10,93974.95,0.4374,持有
2022-12-08,17.24,3.38,0.2588,39964.99,52868.10,92833.09,0.4305,持有
2022-12-09,17.24,3.39,0.2604,39964.99,52868.10,92833.09,0.4305,持有
2022-12-12,16.87,3.31,0.2412,39108.60,52868.10,91976.70,0.4252,持有
2022-12-13,17.71,3.48,0.2924,41062.93,52868.10,93931.03,0.4372,持有
2022-12-14,17.95,3.52,0.3112,41611.90,52868.10,94480.00,0.4404,持有
2022-12-15,17.77,3.49,0.2978,41194.68,52868.10,94062.78,0.4379,持有
2022-12-16,17.86,3.51,0.3040,41392.31,52868.10,94260.41,0.4391,持有
2022-12-19,17.77,3.49,0.2975,41194.68,52868.10,94062.78,0.4379,持有
2022-12-20,17.60,3.46,0.2800,40799.42,52868.10,93667.52,0.4356,持有
2022-12-21,18.17,3.57,0.3259,42116.95,52868.10,94985.05,0.4434,持有
2022-12-22,18.52,3.64,0.3366,42929.42,52868.10,95797.53,0.4481,持有
2022-12-23,18.03,3.54,0.3186,41787.57,52868.10,94655.67,0.4415,持有
2022-12-26,18.40,3.61,0.3322,42643.96,52868.10,95512.06,0.4465,持有
2022-12-27,18.74,3.68,0.3492,43434.48,52868.10,96302.58,0.4510,持有
2022-12-28,18.26,3.59,0.3301,42336.54,52868.10,95204.64,0.4447,持有
2022-12-29,18.01,3.54,0.3162,41743.65,52868.10,94611.75,0.4412,持有
2022-12-30,18.60,3.65,0.3423,43105.09,52868.10,95973.20,0.4491,持有
2023-01-03,18.31,3.60,0.3312,42446.33,52868.10,95314.43,0.4453,持有
2023-01-04,18.16,3.57,0.3253,42094.99,52868.10,94963.09,0.4433,持有
2023-01-05,17.81,3.50,0.2989,41282.52,52868.10,94150.62,0.4385,持有
2023-01-06,17.91,3.52,0.3090,41524.06,52868.10,94392.16,0.4399,持有
2023-01-09,18.44,3.62,0.3368,42753.75,52868.10,95621.86,0.4471,持有
2023-01-10,18.17,3.57,0.3263,42116.95,52868.10,94985.05,0.4434,持有
2023-01-11,18.40,3.61,0.3341,42643.96,52868.10,95512.06,0.4465,持有
2023-01-12,18.54,3.64,0.3407,42973.34,52868.10,95841.44,0.4484,持有
2023-01-13,19.24,3.78,0.3776,44598.29,52868.10,97466.39,0.4576,持有
2023-01-16,20.13,3.95,0.4377,46662.42,52868.10,99530.52,0.4688,持有
2023-01-17,19.64,3.86,0.4027,45520.56,52868.10,98388.66,0.4627,持有
2023-01-18,19.57,3.84,0.3974,45366.85,52868.10,98234.95,0.4618,持有
2023-01-19,19.66,3.86,0.4051,45564.48,52868.10,98432.58,0.4629,持有
2023-01-20,19.57,3.84,0.3969,45366.85,52868.10,98234.95,0.4618,持有
2023-01-30,19.01,3.73,0.3632,44071.28,52868.10,96939.38,0.4546,持有
2023-01-31,19.08,3.75,0.3670,44224.99,52868.10,97093.09,0.4555,持有
2023-02-01,19.43,3.81,0.3849,45037.47,52868.10,97905.57,0.4600,持有
2023-02-02,19.64,3.86,0.4040,45520.56,52868.10,98388.66,0.4627,持有
2023-02-03,19.29,3.79,0.3783,44708.09,52868.10,97576.19,0.4582,持有
2023-02-06,19.60,3.85,0.4018,45432.73,52868.10,98300.83,0.4622,持有
2023-02-07,19.19,3.77,0.3716,44488.50,52868.10,97356.60,0.4570,持有
2023-02-08,18.90,3.71,0.3561,43807.78,52868.10,96675.88,0.4531,持有
2023-02-09,18.97,3.72,0.3593,43961.49,52868.10,96829.59,0.4540,持有
2023-02-10,18.87,3.71,0.3557,43741.90,52868.10,96610.00,0.4528,持有
2023-02-13,18.51,3.63,0.3369,42907.47,52868.10,95775.57,0.4480,持有
2023-02-14,18.96,3.72,0.3593,43939.53,52868.10,96807.63,0.4539,持有
2023-02-15,18.62,3.66,0.3450,43170.97,52868.10,96039.07,0.4495,持有
2023-02-16,18.42,3.62,0.3313,42687.88,52868.10,95555.98,0.4467,持有
2023-02-17,18.25,3.58,0.3271,42314.58,52868.10,95182.68,0.4446,持有
2023-02-20,18.45,3.62,0.3348,42775.71,52868.10,95643.81,0.4472,持有
2023-02-21,19.01,3.73,0.3650,44071.28,52868.10,96939.38,0.4546,持有
2023-02-22,19.08,3.75,0.3693,44224.99,52868.10,97093.09,0.4555,持有
2023-02-23,19.00,3.73,0.3640,44049.32,52868.10,96917.42,0.4545,持有
2023-02-24,18.91,3.71,0.3582,43829.73,52868.10,96697.84,0.4533,持有
2023-02-27,18.96,3.72,0.3603,43939.53,52868.10,96807.63,0.4539,持有
2023-02-28,18.75,3.68,0.3517,43456.44,52868.10,96324.54,0.4511,持有
2023-03-01,18.61,3.65,0.3447,43149.01,52868.10,96017.11,0.4494,持有
2023-03-02,18.41,3.61,0.3300,42665.92,52868.10,95534.02,0.4466,持有
2023-03-03,18.46,3.63,0.3343,42797.67,52868.10,95665.77,0.4474,持有
2023-03-06,18.15,3.56,0.3195,42073.03,52868.10,94941.13,0.4431,持有
2023-03-07,17.65,3.47,0.2768,40909.22,52868.10,93777.32,0.4362,持有
2023-03-08,17.48,3.43,0.2666,40513.96,52868.10,93382.06,0.4339,持有
2023-03-09,17.28,3.39,0.2553,40052.82,52868.10,92920.92,0.4310,持有
2023-03-10,17.01,3.34,0.2418,39437.98,52868.10,92306.08,0.4273,持有
2023-03-13,17.29,3.39,0.2573,40074.78,52868.10,92942.88,0.4312,持有
2023-03-14,18.43,3.62,0.3341,42709.84,52868.10,95577.94,0.4469,持有
2023-03-15,18.65,3.66,0.3517,43236.85,52868.10,96104.95,0.4499,持有
2023-03-16,17.70,3.47,0.2825,41019.01,52868.10,93887.11,0.4369,持有
2023-03-17,17.97,3.53,0.3101,41655.81,52868.10,94523.92,0.4407,持有
2023-03-20,17.78,3.49,0.2933,41216.64,52868.10,94084.74,0.4381,持有
2023-03-21,17.87,3.51,0.3003,41414.27,52868.10,94282.37,0.4393,持有
2023-03-22,18.12,3.56,0.3218,42007.16,52868.10,94875.26,0.4428,持有
2023-03-23,18.32,3.60,0.3311,42468.29,52868.10,95336.39,0.4455,持有
2023-03-24,18.40,3.61,0.3326,42643.96,52868.10,95512.06,0.4465,持有
2023-03-27,18.87,3.71,0.3629,43741.90,52868.10,96610.00,0.4528,持有
2023-03-28,19.22,3.77,0.3866,44554.37,52868.10,97422.48,0.4573,持有
2023-03-29,18.69,3.67,0.3553,43324.68,52868.10,96192.78,0.4504,持有
2023-03-30,18.87,3.71,0.3629,43741.90,52868.10,96610.00,0.4528,持有
2023-03-31,19.39,3.81,0.3948,44949.63,52868.10,97817.73,0.4595,持有
2023-04-03,19.51,3.83,0.4068,45235.10,52868.10,98103.20,0.4611,持有
2023-04-04,20.74,4.07,0.4823,48067.78,52868.10,100935.88,0.4762,持有
2023-04-06,20.73,4.07,0.4815,48045.82,52868.10,100913.92,0.4761,持有
2023-04-07,20.27,3.98,0.4591,46991.80,52868.10,99859.90,0.4706,持有
2023-04-10,20.20,3.97,0.4555,46816.13,52868.10,99684.23,0.4696,持有
2023-04-11,20.29,3.98,0.4619,47035.72,52868.10,99903.82,0.4708,持有
2023-04-12,19.89,3.91,0.4379,46113.45,52868.10,98981.55,0.4659,持有
2023-04-13,19.71,3.87,0.4272,45696.23,52868.10,98564.33,0.4636,持有
2023-04-14,19.52,3.83,0.4066,45257.06,52868.10,98125.16,0.4612,持有
2023-04-17,19.84,3.89,0.4361,45981.70,52868.10,98849.80,0.4652,持有
2023-04-18,19.89,3.91,0.4386,46113.45,52868.10,98981.55,0.4659,持有
2023-04-19,19.90,3.91,0.4400,46135.41,52868.10,99003.51,0.4660,持有
2023-04-20,20.09,3.95,0.4497,46574.58,52868.10,99442.68,0.4684,持有
2023-04-21,19.85,3.90,0.4368,46003.65,52868.10,98871.76,0.4653,持有
2023-04-24,19.33,3.80,0.3882,44817.88,52868.10,97685.98,0.4588,持有
2023-04-25,19.60,3.85,0.4127,45432.73,52868.10,98300.83,0.4622,持有
2023-04-26,19.14,3.77,0.3790,44356.75,52868.10,97224.85,0.4562,持有
2023-04-27,19.01,3.74,0.3728,44071.28,52868.10,96939.38,0.4546,持有
2023-04-28,18.74,3.69,0.3551,43434.48,52868.10,96302.58,0.4510,持有
2023-05-04,18.46,3.63,0.3373,42797.67,52868.10,95665.77,0.4474,持有
2023-05-05,18.21,3.58,0.3240,42204.78,52868.10,95072.89,0.4439,持有
2023-05-08,17.95,3.53,0.3074,41611.90,52868.10,94480.00,0.4404,持有
2023-05-09,18.10,3.56,0.3182,41963.24,52868.10,94831.34,0.4425,持有
2023-05-10,17.89,3.52,0.3016,41458.19,52868.10,94326.29,0.4395,持有
2023-05-11,17.83,3.51,0.2955,41326.43,52868.10,94194.53,0.4387,持有
2023-05-12,17.82,3.51,0.2942,41304.47,52868.10,94172.58,0.4386,持有
2023-05-15,17.65,3.47,0.2761,40909.22,52868.10,93777.32,0.4362,持有
2023-05-16,17.88,3.52,0.3026,41436.23,52868.10,94304.33,0.4394,持有
2023-05-17,17.93,3.53,0.3079,41567.98,52868.10,94436.08,0.4402,持有
2023-05-18,17.38,3.42,0.2587,40294.37,52868.10,93162.47,0.4325,持有
2023-05-19,17.11,3.37,0.2422,39657.57,52868.10,92525.67,0.4286,持有
2023-05-22,17.05,3.36,0.2405,39525.81,52868.10,92393.91,0.4278,持有
2023-05-23,16.95,3.34,0.2327,39284.27,52868.10,92152.37,0.4263,持有
2023-05-24,16.65,3.28,0.2196,38603.54,52868.10,91471.64,0.4220,持有
2023-05-25,16.37,3.22,0.1999,37944.78,52868.10,90812.88,0.4178,买入(补至50%)
2023-05-26,16.36,3.22,0.1992,45366.69,45389.75,90756.44,0.4999,持有
2023-05-29,16.23,3.19,0.1910,44998.92,45389.75,90388.67,0.4978,持有
2023-05-30,16.09,3.17,0.1833,44604.89,45389.75,89994.64,0.4956,持有
2023-05-31,15.93,3.14,0.1778,44184.58,45389.75,89574.33,0.4933,持有
2023-06-01,15.79,3.11,0.1744,43790.54,45389.75,89180.30,0.4910,持有
2023-06-02,15.98,3.15,0.1803,44315.93,45389.75,89705.68,0.4940,持有
2023-06-05,15.54,3.06,0.1650,43081.28,45389.75,88471.03,0.4870,持有
2023-06-06,15.37,3.03,0.1585,42634.70,45389.75,88024.46,0.4844,持有
2023-06-07,15.37,3.03,0.1589,42634.70,45389.75,88024.46,0.4844,持有
2023-06-08,16.31,3.21,0.1983,45235.34,45389.75,90625.09,0.4991,持有
2023-06-09,16.08,3.16,0.1841,44578.62,45389.75,89968.37,0.4955,持有
2023-06-12,16.18,3.15,0.1819,44871.03,45389.75,90260.79,0.4971,持有
2023-06-13,16.21,3.15,0.1823,44950.78,45389.75,90340.53,0.4976,持有
2023-06-14,15.97,3.11,0.1747,44286.22,45389.75,89675.97,0.4938,持有
2023-06-15,16.11,3.13,0.1789,44684.96,45389.75,90074.71,0.4961,持有
2023-06-16,16.46,3.20,0.1987,45641.92,45389.75,91031.67,0.5014,持有
2023-06-19,16.67,3.24,0.2142,46226.73,45389.75,91616.49,0.5046,持有
2023-06-20,16.76,3.26,0.2227,46465.98,45389.75,91855.73,0.5059,持有
2023-06-21,16.61,3.23,0.2097,46067.24,45389.75,91456.99,0.5037,持有
2023-06-26,16.52,3.21,0.2026,45801.42,45389.75,91191.17,0.5023,持有
2023-06-27,16.87,3.28,0.2293,46784.96,45389.75,92174.72,0.5076,持有
2023-06-28,16.82,3.27,0.2265,46652.05,45389.75,92041.80,0.5069,持有
2023-06-29,17.37,3.38,0.2554,48167.25,45389.75,93557.00,0.5148,持有
2023-06-30,17.59,3.42,0.2702,48778.64,45389.75,94168.39,0.5180,持有
2023-07-03,17.39,3.38,0.2567,48220.41,45389.75,93610.16,0.5151,持有
2023-07-04,17.44,3.39,0.2608,48353.32,45389.75,93743.08,0.5158,持有
2023-07-05,16.94,3.29,0.2318,46971.04,45389.75,92360.79,0.5086,持有
2023-07-06,17.20,3.34,0.2467,47688.76,45389.75,93078.52,0.5123,持有
2023-07-07,17.67,3.44,0.2770,48991.30,45389.75,94381.05,0.5191,持有
2023-07-10,17.63,3.43,0.2737,48884.97,45389.75,94274.72,0.5185,持有
2023-07-11,17.57,3.42,0.2698,48725.48,45389.75,94115.23,0.5177,持有
2023-07-12,17.61,3.42,0.2728,48831.81,45389.75,94221.56,0.5183,持有
2023-07-13,17.74,3.45,0.2818,49203.96,45389.75,94593.71,0.5202,持有
2023-07-14,17.71,3.44,0.2795,49097.63,45389.75,94487.38,0.5196,持有
2023-07-17,18.02,3.51,0.3086,49974.85,45389.75,95364.60,0.5240,持有
2023-07-18,17.83,3.47,0.2877,49443.20,45389.75,94832.95,0.5214,持有
2023-07-19,17.99,3.50,0.3062,49895.10,45389.75,95284.85,0.5236,持有
2023-07-20,18.02,3.51,0.3092,49974.85,45389.75,95364.60,0.5240,持有
2023-07-21,18.39,3.58,0.3399,50984.98,45389.75,96374.73,0.5290,持有
2023-07-24,18.04,3.51,0.3126,50028.01,45389.75,95417.76,0.5243,持有
2023-07-25,17.31,3.41,0.2678,48007.75,45389.75,93397.51,0.5140,持有
2023-07-26,17.30,3.41,0.2671,47981.17,45389.75,93370.92,0.5139,持有
2023-07-27,17.60,3.47,0.2903,48805.22,45389.75,94194.98,0.5181,持有
2023-07-28,17.75,3.50,0.3077,49230.54,45389.75,94620.29,0.5203,持有
2023-07-31,18.22,3.59,0.3468,50533.08,45389.75,95922.83,0.5268,持有
2023-08-01,17.54,3.46,0.2851,48645.73,45389.75,94035.48,0.5173,持有
2023-08-02,17.01,3.35,0.2474,47157.12,45389.75,92546.87,0.5095,持有
2023-08-03,17.22,3.40,0.2620,47741.93,45389.75,93131.68,0.5126,持有
2023-08-04,17.21,3.39,0.2608,47715.35,45389.75,93105.10,0.5125,持有
2023-08-07,17.31,3.41,0.2686,48007.75,45389.75,93397.51,0.5140,持有
2023-08-08,17.18,3.39,0.2579,47635.60,45389.75,93025.35,0.5121,持有
2023-08-09,16.87,3.33,0.2377,46784.96,45389.75,92174.72,0.5076,持有
2023-08-10,17.14,3.38,0.2545,47529.27,45389.75,92919.02,0.5115,持有
2023-08-11,16.62,3.28,0.2253,46093.82,45389.75,91483.57,0.5038,持有
2023-08-14,16.61,3.28,0.2242,46067.24,45389.75,91456.99,0.5037,持有
2023-08-15,16.61,3.28,0.2240,46067.24,45389.75,91456.99,0.5037,持有
2023-08-16,16.57,3.27,0.2213,45960.91,45389.75,91350.66,0.5031,持有
2023-08-17,16.70,3.29,0.2291,46306.48,45389.75,91696.23,0.5050,持有
2023-08-18,16.39,3.23,0.2068,45455.85,45389.75,90845.60,0.5004,持有
2023-08-21,16.17,3.19,0.1904,44844.45,45389.75,90234.20,0.4970,持有
2023-08-22,16.28,3.21,0.1966,45136.86,45389.75,90526.61,0.4986,持有
2023-08-23,16.15,3.19,0.1892,44791.29,45389.75,90181.04,0.4967,持有
2023-08-24,16.34,3.22,0.2043,45322.93,45389.75,90712.69,0.4996,持有
2023-08-25,16.49,3.25,0.2178,45721.67,45389.75,91111.42,0.5018,持有
2023-08-28,16.47,3.25,0.2162,45668.51,45389.75,91058.26,0.5015,持有
2023-08-29,16.38,3.23,0.2056,45429.26,45389.75,90819.02,0.5002,持有
2023-08-30,16.25,3.20,0.1950,45057.11,45389.75,90446.86,0.4982,持有
2023-08-31,15.97,3.35,0.2514,44286.22,45389.75,89675.97,0.4938,持有
2023-09-01,16.18,3.40,0.2696,44871.03,45389.75,90260.79,0.4971,持有
2023-09-04,16.26,3.41,0.2742,45083.69,45389.75,90473.44,0.4983,持有
2023-09-05,16.07,3.37,0.2584,44552.05,45389.75,89941.80,0.4953,持有
2023-09-06,16.00,3.36,0.2546,44365.97,45389.75,89755.72,0.4943,持有
2023-09-07,15.83,3.32,0.2403,43887.49,45389.75,89277.24,0.4916,持有
2023-09-08,15.86,3.33,0.2433,43967.23,45389.75,89356.99,0.4920,持有
2023-09-11,15.92,3.34,0.2490,44153.31,45389.75,89543.06,0.4931,持有
2023-09-12,16.53,3.47,0.2994,45828.00,45389.75,91217.75,0.5024,持有
2023-09-13,16.35,3.43,0.2868,45349.52,45389.75,90739.27,0.4998,持有
2023-09-14,16.14,3.39,0.2663,44764.70,45389.75,90154.46,0.4965,持有
2023-09-15,16.10,3.38,0.2604,44631.79,45389.75,90021.54,0.4958,持有
2023-09-18,16.21,3.40,0.2749,44950.78,45389.75,90340.53,0.4976,持有
2023-09-19,16.33,3.43,0.2846,45269.77,45389.75,90659.52,0.4993,持有
2023-09-20,16.78,3.52,0.3339,46519.14,45389.75,91908.89,0.5061,持有
2023-09-21,16.59,3.48,0.3108,46014.08,45389.75,91403.83,0.5034,持有
2023-09-22,16.71,3.51,0.3247,46333.06,45389.75,91722.82,0.5051,持有
2023-09-25,16.81,3.53,0.3390,46625.47,45389.75,92015.22,0.5067,持有
2023-09-26,16.94,3.55,0.3492,46971.04,45389.75,92360.79,0.5086,持有
2023-09-27,16.95,3.56,0.3501,46997.62,45389.75,92387.38,0.5087,持有
2023-09-28,16.66,3.50,0.3173,46200.15,45389.75,91589.90,0.5044,持有
2023-10-09,16.87,3.54,0.3456,46784.96,45389.75,92174.72,0.5076,持有
2023-10-10,17.10,3.59,0.3610,47422.94,45389.75,92812.69,0.5110,持有
2023-10-11,16.97,3.56,0.3520,47050.79,45389.75,92440.54,0.5090,持有
2023-10-12,16.98,3.56,0.3528,47077.37,45389.75,92467.12,0.5091,持有
2023-10-13,16.81,3.53,0.3382,46625.47,45389.75,92015.22,0.5067,持有
2023-10-16,16.73,3.51,0.3282,46386.23,45389.75,91775.98,0.5054,持有
2023-10-17,16.93,3.55,0.3497,46944.46,45389.75,92334.21,0.5084,持有
2023-10-18,17.05,3.58,0.3588,47290.03,45389.75,92679.78,0.5103,持有
2023-10-19,16.49,3.46,0.2957,45721.67,45389.75,91111.42,0.5018,持有
2023-10-20,16.39,3.44,0.2883,45455.85,45389.75,90845.60,0.5004,持有
2023-10-23,16.70,3.50,0.3211,46306.48,45389.75,91696.23,0.5050,持有
2023-10-24,16.99,3.56,0.3560,47103.95,45389.75,92493.70,0.5093,持有
2023-10-25,17.00,3.57,0.3568,47130.54,45389.75,92520.29,0.5094,持有
2023-10-26,17.49,3.54,0.3469,48512.82,45389.75,93902.57,0.5166,持有
2023-10-27,17.79,3.60,0.3678,49336.87,45389.75,94726.62,0.5208,持有
2023-10-30,18.23,3.69,0.3954,50559.66,45389.75,95949.41,0.5269,持有
2023-10-31,18.02,3.65,0.3818,49974.85,45389.75,95364.60,0.5240,持有
2023-11-01,17.96,3.64,0.3785,49815.35,45389.75,95205.11,0.5232,持有
2023-11-02,17.79,3.60,0.3670,49336.87,45389.75,94726.62,0.5208,持有
2023-11-03,17.80,3.60,0.3679,49363.45,45389.75,94753.21,0.5210,持有
2023-11-06,17.41,3.52,0.3344,48273.58,45389.75,93663.33,0.5154,持有
2023-11-07,17.63,3.57,0.3578,48884.97,45389.75,94274.72,0.5185,持有
2023-11-08,17.51,3.55,0.3468,48565.98,45389.75,93955.73,0.5169,持有
2023-11-09,17.67,3.58,0.3600,48991.30,45389.75,94381.05,0.5191,持有
2023-11-10,17.85,3.61,0.3715,49496.37,45389.75,94886.12,0.5216,持有
2023-11-13,17.86,3.62,0.3724,49522.95,45389.75,94912.70,0.5218,持有
2023-11-14,17.88,3.62,0.3747,49576.11,45389.75,94965.86,0.5220,持有
2023-11-15,17.66,3.57,0.3582,48964.72,45389.75,94354.47,0.5189,持有
2023-11-16,17.47,3.54,0.3401,48433.07,45389.75,93822.82,0.5162,持有
2023-11-17,17.50,3.54,0.3456,48539.40,45389.75,93929.15,0.5168,持有
2023-11-20,17.97,3.64,0.3827,49841.94,45389.75,95231.69,0.5234,持有
2023-11-21,17.90,3.62,0.3774,49629.28,45389.75,95019.03,0.5223,持有
2023-11-22,18.21,3.69,0.3991,50506.50,45389.75,95896.25,0.5267,持有
2023-11-23,18.19,3.68,0.3984,50453.33,45389.75,95843.08,0.5264,持有
2023-11-24,18.54,3.75,0.4211,51410.30,45389.75,96800.05,0.5311,持有
2023-11-27,18.59,3.76,0.4234,51543.21,45389.75,96932.96,0.5317,持有
2023-11-28,18.36,3.72,0.4074,50905.23,45389.75,96294.98,0.5286,持有
2023-11-29,18.31,3.71,0.4052,50772.32,45389.75,96162.07,0.5280,持有
2023-11-30,18.46,3.74,0.4157,51197.64,45389.75,96587.39,0.5301,持有
2023-12-01,18.33,3.71,0.4053,50825.48,45389.75,96215.24,0.5282,持有
2023-12-04,18.81,3.81,0.4371,52154.60,45389.75,97544.35,0.5347,持有
2023-12-05,18.67,3.78,0.4318,51782.45,45389.75,97172.20,0.5329,持有
2023-12-06,19.20,3.89,0.4752,53244.48,45389.75,98634.23,0.5398,持有
2023-12-07,19.23,3.89,0.4774,53324.23,45389.75,98713.98,0.5402,持有
2023-12-08,18.85,3.82,0.4407,52260.93,45389.75,97650.68,0.5352,持有
2023-12-12,18.85,3.82,0.4405,52260.93,45389.75,97650.68,0.5352,持有
2023-12-13,18.56,3.76,0.4211,51463.46,45389.75,96853.21,0.5314,持有
2023-12-14,18.48,3.74,0.4158,51250.80,45389.75,96640.55,0.5303,持有
2023-12-15,18.62,3.77,0.4272,51622.96,45389.75,97012.71,0.5321,持有
2023-12-18,18.57,3.76,0.4234,51490.04,45389.75,96879.80,0.5315,持有
2023-12-19,18.41,3.73,0.4116,51064.73,45389.75,96454.48,0.5294,持有
2023-12-20,18.29,3.71,0.4023,50719.15,45389.75,96108.91,0.5277,持有
2023-12-21,18.27,3.70,0.4001,50665.99,45389.75,96055.74,0.5275,持有
2023-12-22,18.33,3.71,0.4054,50825.48,45389.75,96215.24,0.5282,持有
2023-12-25,18.49,3.75,0.4199,51277.38,45389.75,96667.14,0.5305,持有
2023-12-26,18.32,3.71,0.4045,50798.90,45389.75,96188.65,0.5281,持有
2023-12-27,19.10,3.87,0.4718,52952.07,45389.75,98341.83,0.5384,持有
2023-12-28,18.96,3.84,0.4560,52579.92,45389.75,97969.67,0.5367,持有
2023-12-29,19.23,3.90,0.4839,53324.23,45389.75,98713.98,0.5402,持有
2024-01-02,19.39,3.93,0.4917,53776.13,45389.75,99165.88,0.5423,持有
2024-01-03,19.13,3.88,0.4754,53058.40,45389.75,98448.15,0.5389,持有
2024-01-04,18.98,3.85,0.4586,52633.09,45389.75,98022.84,0.5369,持有
2024-01-05,19.01,3.85,0.4613,52712.83,45389.75,98102.58,0.5373,持有
2024-01-08,18.70,3.79,0.4340,51862.20,45389.75,97251.95,0.5333,持有
2024-01-09,18.68,3.79,0.4328,51809.03,45389.75,97198.78,0.5330,持有
2024-01-10,18.52,3.75,0.4201,51357.13,45389.75,96746.88,0.5308,持有
2024-01-11,18.90,3.83,0.4504,52420.43,45389.75,97810.18,0.5359,持有
2024-01-12,19.19,3.89,0.4802,53217.90,45389.75,98607.65,0.5397,持有
2024-01-15,18.72,3.79,0.4344,51915.36,45389.75,97305.11,0.5335,持有
2024-01-16,18.94,3.84,0.4552,52526.76,45389.75,97916.51,0.5364,持有
2024-01-17,18.56,3.76,0.4215,51463.46,45389.75,96853.21,0.5314,持有
2024-01-18,18.59,3.77,0.4243,51543.21,45389.75,96932.96,0.5317,持有
2024-01-19,18.27,3.70,0.3961,50665.99,45389.75,96055.74,0.5275,持有
2024-01-22,17.96,3.64,0.3759,49815.35,45389.75,95205.11,0.5232,持有
2024-01-23,17.97,3.64,0.3762,49841.94,45389.75,95231.69,0.5234,持有
2024-01-24,17.92,3.63,0.3716,49682.44,45389.75,95072.19,0.5226,持有
2024-01-25,18.04,3.66,0.3838,50028.01,45389.75,95417.76,0.5243,持有
2024-01-26,18.35,3.72,0.4056,50878.65,45389.75,96268.40,0.5285,持有
2024-01-29,18.09,3.67,0.3875,50160.93,45389.75,95550.68,0.5250,持有
2024-01-30,18.08,3.66,0.3873,50134.34,45389.75,95524.09,0.5248,持有
2024-01-31,18.01,3.65,0.3796,49948.27,45389.75,95338.02,0.5239,持有
2024-02-01,18.28,3.70,0.3993,50692.57,45389.75,96082.32,0.5276,持有
2024-02-02,18.54,3.76,0.4225,51410.30,45389.75,96800.05,0.5311,持有
2024-02-05,19.04,3.86,0.4699,52792.58,45389.75,98182.33,0.5377,持有
2024-02-06,18.50,3.75,0.4201,51303.97,45389.75,96693.72,0.5306,持有
2024-02-07,18.94,3.84,0.4586,52526.76,45389.75,97916.51,0.5364,持有
2024-02-08,18.88,3.82,0.4509,52340.68,45389.75,97730.43,0.5356,持有
2024-02-19,18.31,3.71,0.4011,50772.32,45389.75,96162.07,0.5280,持有
2024-02-20,18.87,3.82,0.4504,52314.10,45389.75,97703.85,0.5354,持有
2024-02-21,18.83,3.81,0.4448,52207.77,45389.75,97597.52,0.5349,持有
2024-02-22,18.82,3.81,0.4436,52181.18,45389.75,97570.94,0.5348,持有
2024-02-23,18.68,3.79,0.4349,51809.03,45389.75,97198.78,0.5330,持有
2024-02-26,18.64,3.78,0.4332,51676.12,45389.75,97065.87,0.5324,持有
2024-02-27,18.94,3.84,0.4602,52526.76,45389.75,97916.51,0.5364,持有
2024-02-28,18.71,3.79,0.4373,51888.78,45389.75,97278.53,0.5334,持有
2024-02-29,18.39,3.73,0.4074,50984.98,45389.75,96374.73,0.5290,持有
2024-03-01,18.07,3.66,0.3835,50107.76,45389.75,95497.51,0.5247,持有
2024-03-04,18.13,3.67,0.3873,50267.25,45389.75,95657.01,0.5255,持有
2024-03-05,18.61,3.77,0.4285,51596.37,45389.75,96986.12,0.5320,持有
2024-03-06,18.53,3.75,0.4214,51383.71,45389.75,96773.47,0.5310,持有
2024-03-07,18.65,3.78,0.4350,51702.70,45389.75,97092.45,0.5325,持有
2024-03-08,18.29,3.71,0.3983,50719.15,45389.75,96108.91,0.5277,持有
2024-03-11,18.22,3.69,0.3932,50533.08,45389.75,95922.83,0.5268,持有
2024-03-12,18.32,3.71,0.4019,50798.90,45389.75,96188.65,0.5281,持有
2024-03-13,17.79,3.61,0.3564,49336.87,45389.75,94726.62,0.5208,持有
2024-03-14,17.44,3.53,0.3268,48353.32,45389.75,93743.08,0.5158,持有
2024-03-15,17.16,3.48,0.2922,47582.44,45389.75,92972.19,0.5118,持有
2024-03-18,17.15,3.48,0.2901,47555.85,45389.75,92945.60,0.5117,持有
2024-03-19,17.84,3.61,0.3606,49469.78,45389.75,94859.54,0.5215,持有
2024-03-20,18.03,3.65,0.3801,50001.43,45389.75,95391.18,0.5242,持有
2024-03-21,18.62,3.77,0.4324,51622.96,45389.75,97012.71,0.5321,持有
2024-03-22,18.29,3.71,0.3998,50719.15,45389.75,96108.91,0.5277,持有
2024-03-25,18.19,3.69,0.3913,50453.33,45389.75,95843.08,0.5264,持有
2024-03-26,18.21,3.69,0.3930,50506.50,45389.75,95896.25,0.5267,持有
2024-03-27,17.98,3.64,0.3728,49868.52,45389.75,95258.27,0.5235,持有
2024-03-28,17.77,3.60,0.3545,49283.71,45389.75,94673.46,0.5206,持有
2024-03-29,18.21,3.69,0.3935,50506.50,45389.75,95896.25,0.5267,持有
2024-04-01,18.64,3.78,0.4382,51676.12,45389.75,97065.87,0.5324,持有
2024-04-02,18.38,3.72,0.4102,50958.40,45389.75,96348.15,0.5289,持有
2024-04-03,18.84,3.82,0.4544,52234.35,45389.75,97624.10,0.5351,持有
2024-04-08,18.79,3.81,0.4478,52101.44,45389.75,97491.19,0.5344,持有
2024-04-09,18.43,3.74,0.4159,51117.89,45389.75,96507.64,0.5297,持有
2024-04-10,18.08,3.66,0.3840,50134.34,45389.75,95524.09,0.5248,持有
2024-04-11,17.72,3.59,0.3507,49124.21,45389.75,94513.96,0.5198,持有
2024-04-12,17.37,3.52,0.3165,48167.25,45389.75,93557.00,0.5148,持有
2024-04-15,17.57,3.56,0.3382,48725.48,45389.75,94115.23,0.5177,持有
2024-04-16,17.88,3.62,0.3643,49576.11,45389.75,94965.86,0.5220,持有
2024-04-17,17.71,3.59,0.3505,49097.63,45389.75,94487.38,0.5196,持有
2024-04-18,17.81,3.61,0.3567,49390.04,45389.75,94779.79,0.5211,持有
2024-04-19,17.53,3.55,0.3346,48619.15,45389.75,94008.90,0.5172,持有
2024-04-22,18.25,3.70,0.3990,50612.83,45389.75,96002.58,0.5272,持有
2024-04-23,18.37,3.72,0.4110,50931.81,45389.75,96321.57,0.5288,持有
2024-04-24,18.41,3.73,0.4146,51038.14,45389.75,96427.89,0.5293,持有
2024-04-25,18.41,3.73,0.4169,51064.73,45389.75,96454.48,0.5294,持有
2024-04-26,18.41,3.73,0.4167,51064.73,45389.75,96454.48,0.5294,持有
2024-04-29,18.29,4.08,0.5472,50719.15,45389.75,96108.91,0.5277,持有
2024-04-30,18.39,4.10,0.5523,50984.98,45389.75,96374.73,0.5290,持有
2024-05-06,18.18,4.05,0.5438,50426.75,45389.75,95816.50,0.5263,持有
2024-05-07,18.22,4.06,0.5445,50533.08,45389.75,95922.83,0.5268,持有
2024-05-08,19.09,4.25,0.5805,52925.49,45389.75,98315.24,0.5383,持有
2024-05-09,19.51,4.35,0.6068,54095.12,45389.75,99484.87,0.5438,持有
2024-05-10,19.96,4.45,0.6340,55344.49,45389.75,100734.24,0.5494,持有
2024-05-13,20.46,4.56,0.6462,56726.77,45389.75,102116.52,0.5555,持有
2024-05-14,20.42,4.55,0.6454,56620.44,45389.75,102010.19,0.5550,持有
2024-05-15,20.05,4.47,0.6350,55610.31,45389.75,101000.06,0.5506,持有
2024-05-16,20.18,4.50,0.6395,55955.88,45389.75,101345.63,0.5521,持有
2024-05-17,20.47,4.56,0.6474,56753.35,45389.75,102143.10,0.5556,持有
2024-05-20,21.03,4.69,0.6663,58321.71,45389.75,103711.46,0.5623,持有
2024-05-21,21.17,4.72,0.6713,58693.86,45389.75,104083.62,0.5639,持有
2024-05-22,21.00,4.68,0.6643,58241.96,45389.75,103631.72,0.5620,持有
2024-05-23,20.93,4.66,0.6601,58029.31,45389.75,103419.06,0.5611,持有
2024-05-24,21.05,4.69,0.6670,58374.88,45389.75,103764.63,0.5626,持有
2024-05-27,21.42,4.77,0.6792,59385.01,45389.75,104774.76,0.5668,持有
2024-05-28,21.01,4.68,0.6639,58268.55,45389.75,103658.30,0.5621,持有
2024-05-29,21.11,4.70,0.6694,58534.37,45389.75,103924.12,0.5632,持有
2024-05-30,20.72,4.62,0.6523,57444.49,45389.75,102834.25,0.5586,持有
2024-05-31,20.52,4.57,0.6453,56912.85,45389.75,102302.60,0.5563,持有
2024-06-03,20.85,4.65,0.6569,57816.65,45389.75,103206.40,0.5602,持有
2024-06-04,20.96,4.67,0.6619,58109.05,45389.75,103498.80,0.5614,持有
2024-06-05,20.80,4.64,0.6549,57683.73,45389.75,103073.49,0.5596,持有
2024-06-06,20.73,4.62,0.6522,57497.66,45389.75,102887.41,0.5588,持有
2024-06-07,20.67,4.61,0.6495,57311.58,45389.75,102701.33,0.5580,持有
2024-06-11,20.46,4.56,0.6420,56726.77,45389.75,102116.52,0.5555,持有
2024-06-12,20.48,4.56,0.6431,56779.93,45389.75,102169.69,0.5557,持有
2024-06-13,19.60,4.37,0.6055,54360.94,45389.75,99750.69,0.5450,持有
2024-06-14,19.98,4.45,0.6277,55397.65,45389.75,100787.40,0.5496,持有
2024-06-17,19.61,4.37,0.6054,54387.52,45389.75,99777.27,0.5451,持有
2024-06-18,19.34,4.31,0.5899,53643.22,45389.75,99032.97,0.5417,持有
2024-06-19,19.17,4.25,0.5720,53162.35,45389.75,98552.10,0.5394,持有
2024-06-20,19.30,4.28,0.5793,53509.64,45389.75,98899.39,0.5411,持有
2024-06-21,19.44,4.31,0.5900,53910.36,45389.75,99300.12,0.5429,持有
2024-06-24,18.95,4.20,0.5640,52547.91,45389.75,97937.66,0.5365,持有
2024-06-25,19.00,4.21,0.5657,52681.49,45389.75,98071.24,0.5372,持有
2024-06-26,19.13,4.24,0.5697,53055.49,45389.75,98445.24,0.5389,持有
2024-06-27,19.27,4.27,0.5765,53429.50,45389.75,98819.25,0.5407,持有
2024-06-28,19.09,4.23,0.5677,52948.63,45389.75,98338.38,0.5384,持有
2024-07-01,19.63,4.35,0.6011,54444.66,45389.75,99834.41,0.5453,持有
2024-07-02,19.31,4.28,0.5809,53536.36,45389.75,98926.11,0.5412,持有
2024-07-03,19.22,4.26,0.5731,53295.92,45389.75,98685.68,0.5401,持有
2024-07-04,19.07,4.23,0.5657,52868.49,45389.75,98258.24,0.5381,持有
2024-07-05,19.08,4.23,0.5664,52921.92,45389.75,98311.67,0.5383,持有
2024-07-08,19.34,4.29,0.5846,53643.22,45389.75,99032.97,0.5417,持有
2024-07-09,18.60,4.13,0.5469,51586.18,45389.75,96975.93,0.5319,持有
2024-07-10,18.89,4.19,0.5599,52387.62,45389.75,97777.37,0.5358,持有
2024-07-11,18.76,4.16,0.5544,52013.62,45389.75,97403.37,0.5340,持有
2024-07-12,18.56,4.12,0.5452,51479.32,45389.75,96869.07,0.5314,持有
2024-07-15,19.51,4.33,0.5950,54097.37,45389.75,99487.12,0.5438,持有
2024-07-16,19.63,4.35,0.6027,54444.66,45389.75,99834.41,0.5453,持有
2024-07-17,19.79,4.39,0.6133,54872.09,45389.75,100261.85,0.5473,持有
2024-07-18,19.79,4.39,0.6130,54872.09,45389.75,100261.85,0.5473,持有
2024-07-19,19.94,4.42,0.6245,55299.53,45389.75,100689.28,0.5492,持有
2024-07-22,19.80,4.39,0.6148,54898.81,45389.75,100288.56,0.5474,持有
2024-07-23,19.31,4.28,0.5801,53536.36,45389.75,98926.11,0.5412,持有
2024-07-24,18.98,4.21,0.5619,52628.06,45389.75,98017.81,0.5369,持有
2024-07-25,18.98,4.21,0.5617,52628.06,45389.75,98017.81,0.5369,持有
2024-07-26,18.86,4.18,0.5553,52307.48,45389.75,97697.23,0.5354,持有
2024-07-29,18.55,4.11,0.5419,51425.89,45389.75,96815.64,0.5312,持有
2024-07-30,18.89,4.19,0.5581,52387.62,45389.75,97777.37,0.5358,持有
2024-07-31,19.21,4.26,0.5728,53269.21,45389.75,98658.96,0.5399,持有
2024-08-01,19.06,4.23,0.5636,52841.77,45389.75,98231.53,0.5379,持有
2024-08-02,19.51,4.33,0.5948,54097.37,45389.75,99487.12,0.5438,持有
2024-08-05,19.53,4.33,0.5960,54150.80,45389.75,99540.55,0.5440,持有
2024-08-06,19.45,4.31,0.5929,53937.08,45389.75,99326.83,0.5430,持有
2024-08-07,19.09,4.23,0.5659,52948.63,45389.75,98338.38,0.5384,持有
2024-08-08,19.22,4.26,0.5726,53295.92,45389.75,98685.68,0.5401,持有
2024-08-09,19.06,4.23,0.5621,52841.77,45389.75,98231.53,0.5379,持有
2024-08-12,19.06,4.23,0.5618,52841.77,45389.75,98231.53,0.5379,持有
2024-08-13,19.36,4.29,0.5868,53696.65,45389.75,99086.40,0.5419,持有
2024-08-14,19.06,4.23,0.5613,52841.77,45389.75,98231.53,0.5379,持有
2024-08-15,19.18,4.25,0.5718,53189.07,45389.75,98578.82,0.5396,持有
2024-08-16,18.81,4.17,0.5509,52173.91,45389.75,97563.66,0.5348,持有
2024-08-19,18.43,4.09,0.5320,51105.32,45389.75,96495.07,0.5296,持有
2024-08-20,17.75,3.94,0.4930,49208.57,45389.75,94598.32,0.5202,持有
2024-08-21,17.16,3.81,0.4344,47578.97,45389.75,92968.72,0.5118,持有
2024-08-22,16.89,3.75,0.4081,46830.96,45389.75,92220.71,0.5078,持有
2024-08-23,16.80,3.73,0.3981,46590.52,45389.75,91980.27,0.5065,持有
2024-08-26,16.89,3.75,0.4082,46830.96,45389.75,92220.71,0.5078,持有
2024-08-27,16.07,3.30,0.2115,44560.20,45389.75,89949.95,0.4954,持有
2024-08-28,16.24,3.34,0.2221,45041.07,45389.75,90430.82,0.4981,持有
2024-08-29,16.27,3.35,0.2248,45121.21,45389.75,90510.96,0.4985,持有
2024-08-30,16.42,3.38,0.2340,45521.93,45389.75,90911.68,0.5007,持有
2024-09-02,16.28,3.35,0.2250,45147.93,45389.75,90537.68,0.4987,持有
2024-09-03,16.39,3.37,0.2333,45441.79,45389.75,90831.54,0.5003,持有
2024-09-04,16.05,3.30,0.2095,44506.77,45389.75,89896.52,0.4951,持有
2024-09-05,16.21,3.33,0.2187,44960.92,45389.75,90350.67,0.4976,持有
2024-09-06,16.05,3.30,0.2093,44506.77,45389.75,89896.52,0.4951,持有
2024-09-09,15.94,3.28,0.2041,44212.91,45389.75,89602.66,0.4934,持有
2024-09-10,15.85,3.26,0.1975,43945.76,45389.75,89335.51,0.4919,买入(补至50%)
2024-09-11,15.64,3.22,0.1784,44061.65,44681.81,88743.45,0.4965,持有
2024-09-12,15.35,3.16,0.1579,43247.20,44681.81,87929.01,0.4918,持有
2024-09-13,15.20,3.13,0.1537,42839.98,44681.81,87521.78,0.4895,持有
2024-09-18,14.64,3.01,0.1333,41265.38,44681.81,85947.18,0.4801,持有
2024-09-19,15.13,3.11,0.1526,42622.79,44681.81,87304.60,0.4882,持有
2024-09-20,15.13,3.11,0.1530,42649.94,44681.81,87331.74,0.4884,持有
2024-09-23,14.95,3.07,0.1446,42134.12,44681.81,86815.93,0.4853,持有
2024-09-24,15.82,3.25,0.1972,44577.47,44681.81,89259.27,0.4994,持有
2024-09-25,15.96,3.28,0.2087,44984.69,44681.81,89666.50,0.5017,持有
2024-09-26,16.73,3.44,0.2681,47156.55,44681.81,91838.36,0.5135,持有
2024-09-27,17.65,3.63,0.3593,49735.64,44681.81,94417.44,0.5268,持有
2024-09-30,19.40,3.99,0.5164,54676.62,44681.81,99358.43,0.5503,持有
2024-10-08,20.71,4.26,0.5783,58368.79,44681.81,103050.59,0.5664,持有
2024-10-09,17.99,3.70,0.3892,50685.83,44681.81,95367.63,0.5315,持有
2024-10-10,18.75,3.86,0.4692,52830.54,44681.81,97512.35,0.5418,持有
2024-10-11,17.94,3.69,0.3838,50550.09,44681.81,95231.89,0.5308,持有
2024-10-14,18.08,3.72,0.4002,50957.31,44681.81,95639.12,0.5328,持有
2024-10-15,17.45,3.59,0.3421,49165.52,44681.81,93847.33,0.5239,持有
2024-10-16,17.33,3.56,0.3323,48839.74,44681.81,93521.55,0.5222,持有
2024-10-17,16.97,3.49,0.2889,47808.11,44681.81,92489.92,0.5169,持有
2024-10-18,17.61,3.62,0.3563,49627.04,44681.81,94308.85,0.5262,持有
2024-10-21,18.18,3.74,0.4130,51228.79,44681.81,95910.60,0.5341,持有
2024-10-22,18.46,3.80,0.4394,52016.09,44681.81,96697.90,0.5379,持有
2024-10-23,18.57,3.33,0.2215,52341.87,44681.81,97023.68,0.5395,持有
2024-10-24,17.95,3.22,0.1815,50577.23,44681.81,95259.04,0.5309,持有
2024-10-25,18.11,3.25,0.1942,51038.75,44681.81,95720.56,0.5332,持有
2024-10-28,18.37,3.30,0.2115,51771.76,44681.81,96453.56,0.5368,持有
2024-10-29,17.98,3.23,0.1835,50658.68,44681.81,95340.48,0.5313,持有
2024-10-30,18.15,3.26,0.1985,51147.35,44681.81,95829.15,0.5337,持有
2024-10-31,17.96,3.22,0.1820,50604.38,44681.81,95286.19,0.5311,持有
2024-11-01,17.89,3.21,0.1750,50414.34,44681.81,95096.15,0.5301,持有
2024-11-04,17.99,3.23,0.1846,50685.83,44681.81,95367.63,0.5315,持有
2024-11-05,18.29,3.28,0.2096,51527.42,44681.81,96209.23,0.5356,持有
2024-11-06,18.29,3.28,0.2095,51527.42,44681.81,96209.23,0.5356,持有
2024-11-07,18.91,3.39,0.2514,53292.06,44681.81,97973.87,0.5439,持有
2024-11-08,18.59,3.34,0.2275,52396.17,44681.81,97077.97,0.5397,持有
2024-11-11,18.38,3.30,0.2142,51798.91,44681.81,96480.71,0.5369,持有
2024-11-12,18.27,3.28,0.2073,51473.13,44681.81,96154.93,0.5353,持有
2024-11-13,18.18,3.26,0.2017,51228.79,44681.81,95910.60,0.5341,持有
2024-11-14,17.64,3.17,0.1616,49708.49,44681.81,94390.30,0.5266,持有
2024-11-15,17.37,3.12,0.1520,48948.34,44681.81,93630.14,0.5228,持有
2024-11-18,17.33,3.08,0.1446,48838.83,44681.81,93520.63,0.5222,持有
2024-11-19,17.45,3.11,0.1486,49167.34,44681.81,93849.15,0.5239,持有
2024-11-20,17.44,3.10,0.1486,49139.96,44681.81,93821.77,0.5238,持有
2024-11-21,17.49,3.11,0.1521,49276.84,44681.81,93958.65,0.5245,持有
2024-11-22,16.77,2.98,0.1289,47251.02,44681.81,91932.82,0.5140,持有
2024-11-25,16.72,2.98,0.1279,47114.14,44681.81,91795.94,0.5132,持有
2024-11-26,16.69,2.97,0.1279,47032.01,44681.81,91713.82,0.5128,持有
2024-11-27,16.84,3.00,0.1310,47442.65,44681.81,92124.46,0.5150,持有
2024-11-28,16.70,2.97,0.1282,47059.39,44681.81,91741.19,0.5130,持有
2024-11-29,16.85,3.00,0.1318,47470.03,44681.81,92151.83,0.5151,持有
2024-12-02,16.92,3.01,0.1335,47689.03,44681.81,92370.84,0.5163,持有
2024-12-03,17.03,3.03,0.1380,47990.17,44681.81,92671.98,0.5178,持有
2024-12-04,16.73,2.98,0.1294,47141.51,44681.81,91823.32,0.5134,持有
2024-12-05,16.68,2.97,0.1270,47004.63,44681.81,91686.44,0.5127,持有
2024-12-06,16.79,2.99,0.1319,47305.77,44681.81,91987.58,0.5143,持有
2024-12-09,16.51,2.94,0.1247,46511.87,44681.81,91193.67,0.5100,持有
2024-12-10,16.74,2.98,0.1305,47168.89,44681.81,91850.70,0.5135,持有
2024-12-11,16.95,3.02,0.1376,47771.16,44681.81,92452.97,0.5167,持有
2024-12-12,17.24,3.07,0.1470,48592.44,44681.81,93274.25,0.5210,持有
2024-12-13,16.94,3.02,0.1371,47743.79,44681.81,92425.59,0.5166,持有
2024-12-16,16.68,2.97,0.1271,47004.63,44681.81,91686.44,0.5127,持有
2024-12-17,16.58,2.95,0.1248,46730.87,44681.81,91412.68,0.5112,持有
2024-12-18,16.53,2.94,0.1247,46593.99,44681.81,91275.80,0.5105,持有
2024-12-19,16.50,2.94,0.1242,46484.49,44681.81,91166.30,0.5099,持有
2024-12-20,16.36,2.91,0.1201,46101.23,44681.81,90783.03,0.5078,持有
2024-12-23,16.30,2.90,0.1196,45936.97,44681.81,90618.78,0.5069,持有
2024-12-24,16.42,2.92,0.1231,46265.48,44681.81,90947.29,0.5087,持有
2024-12-25,16.37,2.91,0.1213,46128.60,44681.81,90810.41,0.5080,持有
2024-12-26,16.27,2.90,0.1190,45854.84,44681.81,90536.65,0.5065,持有
2024-12-27,16.48,2.93,0.1261,46429.74,44681.81,91111.54,0.5096,持有
2024-12-30,16.24,2.89,0.1189,45772.71,44681.81,90454.52,0.5060,持有
2024-12-31,16.04,2.85,0.1161,45197.82,44681.81,89879.62,0.5029,持有
2025-01-02,15.74,2.80,0.1112,44349.16,44681.81,89030.97,0.4981,买入(补至50%)
2025-01-03,15.60,2.78,0.1107,44121.91,44524.33,88646.24,0.4977,持有
2025-01-06,15.84,2.82,0.1137,44808.74,44524.33,89333.07,0.5016,持有
2025-01-07,15.91,2.83,0.1155,45001.06,44524.33,89525.39,0.5027,持有
2025-01-08,15.82,2.81,0.1132,44726.32,44524.33,89250.65,0.5011,持有
2025-01-09,15.51,2.76,0.1100,43874.66,44524.33,88398.99,0.4963,持有
2025-01-10,15.24,2.71,0.1086,43105.41,44524.33,87629.74,0.4919,持有
2025-01-13,15.35,2.73,0.1095,43407.61,44524.33,87931.94,0.4937,持有
2025-01-14,15.71,2.80,0.1126,44424.12,44524.33,88948.45,0.4994,持有
2025-01-15,15.49,2.76,0.1107,43819.71,44524.33,88344.04,0.4960,持有
2025-01-16,15.44,2.75,0.1102,43654.87,44524.33,88179.20,0.4951,持有
2025-01-17,15.51,2.76,0.1115,43874.66,44524.33,88398.99,0.4963,持有
2025-01-20,15.62,2.78,0.1132,44176.86,44524.33,88701.19,0.4980,持有
2025-01-21,15.51,2.76,0.1114,43874.66,44524.33,88398.99,0.4963,持有
2025-01-22,15.40,2.74,0.1096,43544.98,44524.33,88069.31,0.4944,持有
2025-01-23,15.41,2.74,0.1100,43572.45,44524.33,88096.78,0.4946,持有
2025-01-24,15.54,2.77,0.1135,43957.07,44524.33,88481.41,0.4968,持有
2025-01-27,15.67,2.79,0.1152,44314.23,44524.33,88838.56,0.4988,持有
2025-02-05,15.68,2.79,0.1156,44341.70,44524.33,88866.03,0.4990,持有
2025-02-06,15.71,2.80,0.1164,44424.12,44524.33,88948.45,0.4994,持有
2025-02-07,15.74,2.80,0.1177,44506.54,44524.33,89030.87,0.4999,持有
2025-02-10,15.69,2.79,0.1163,44369.17,44524.33,88893.50,0.4991,持有
2025-02-11,15.46,2.75,0.1110,43709.82,44524.33,88234.15,0.4954,持有
2025-02-12,15.51,2.76,0.1122,43874.66,44524.33,88398.99,0.4963,持有
2025-02-13,15.97,2.84,0.1242,45165.89,44524.33,89690.22,0.5036,持有
2025-02-14,15.79,2.81,0.1206,44643.90,44524.33,89168.23,0.5007,持有
2025-02-17,15.87,2.83,0.1227,44891.16,44524.33,89415.49,0.5021,持有
2025-02-18,15.60,2.78,0.1147,44121.91,44524.33,88646.24,0.4977,持有
2025-02-19,15.79,2.81,0.1208,44643.90,44524.33,89168.23,0.5007,持有
2025-02-20,15.65,2.79,0.1159,44259.28,44524.33,88783.61,0.4985,持有
2025-02-21,15.83,2.82,0.1225,44753.80,44524.33,89278.13,0.5013,持有
2025-02-24,16.01,2.85,0.1273,45275.79,44524.33,89800.12,0.5042,持有
2025-02-25,15.80,2.81,0.1220,44671.38,44524.33,89195.71,0.5008,持有
2025-02-26,15.89,2.83,0.1254,44946.11,44524.33,89470.44,0.5024,持有
2025-02-27,15.85,2.82,0.1241,44836.22,44524.33,89360.55,0.5017,持有
2025-02-28,15.82,2.81,0.1222,44726.32,44524.33,89250.65,0.5011,持有
2025-03-03,15.86,2.82,0.1248,44863.69,44524.33,89388.02,0.5019,持有
2025-03-04,16.04,2.85,0.1310,45358.21,44524.33,89882.54,0.5046,持有
2025-03-05,15.84,2.82,0.1238,44808.74,44524.33,89333.07,0.5016,持有
2025-03-06,15.87,2.83,0.1260,44891.16,44524.33,89415.49,0.5021,持有
2025-03-07,15.93,2.84,0.1286,45056.00,44524.33,89580.33,0.5030,持有
2025-03-10,16.02,2.85,0.1312,45303.26,44524.33,89827.59,0.5043,持有
2025-03-11,16.31,2.90,0.1377,46127.46,44524.33,90651.79,0.5088,持有
2025-03-12,16.12,2.87,0.1341,45577.99,44524.33,90102.32,0.5058,持有
2025-03-13,16.16,2.88,0.1345,45687.88,44524.33,90212.22,0.5064,持有
2025-03-14,16.27,2.90,0.1371,46017.56,44524.33,90541.89,0.5082,持有
2025-03-17,16.48,2.93,0.1449,46594.50,44524.33,91118.83,0.5114,持有
2025-03-18,16.31,2.90,0.1387,46127.46,44524.33,90651.79,0.5088,持有
2025-03-19,16.24,2.89,0.1365,45935.14,44524.33,90459.47,0.5078,持有
2025-03-20,16.16,2.88,0.1342,45687.88,44524.33,90212.22,0.5064,持有
2025-03-21,16.08,2.86,0.1337,45468.10,44524.33,89992.43,0.5052,持有
2025-03-24,16.03,2.85,0.1310,45330.73,44524.33,89855.06,0.5045,持有
2025-03-25,16.17,2.88,0.1358,45742.83,44524.33,90267.16,0.5067,持有
2025-03-26,16.61,2.96,0.1506,46979.12,44524.33,91503.45,0.5134,持有
2025-03-27,16.65,2.96,0.1514,47089.02,44524.33,91613.35,0.5140,持有
2025-03-28,16.48,2.93,0.1470,46594.50,44524.33,91118.83,0.5114,持有
2025-03-31,16.19,2.88,0.1364,45797.78,44524.33,90322.11,0.5070,持有
2025-04-01,16.31,2.90,0.1407,46127.46,44524.33,90651.79,0.5088,持有
2025-04-02,16.25,2.89,0.1385,45962.62,44524.33,90486.95,0.5079,持有
2025-04-03,16.57,2.95,0.1502,46869.23,44524.33,91393.56,0.5128,持有
2025-04-07,16.24,2.89,0.1379,45935.14,44524.33,90459.47,0.5078,持有
2025-04-08,17.54,3.12,0.1867,49589.07,44524.33,94113.41,0.5269,持有
2025-04-09,17.24,3.07,0.1749,48764.88,44524.33,93289.21,0.5227,持有
2025-04-10,17.22,3.07,0.1735,48709.93,44524.33,93234.26,0.5224,持有
2025-04-11,16.82,2.99,0.1603,47556.06,44524.33,92080.39,0.5165,持有
2025-04-14,16.86,3.00,0.1616,47693.43,44524.33,92217.76,0.5172,持有
2025-04-15,16.79,2.99,0.1602,47473.64,44524.33,91997.97,0.5160,持有
2025-04-16,16.85,3.00,0.1619,47638.48,44524.33,92162.81,0.5169,持有
2025-04-17,16.75,2.98,0.1579,47363.75,44524.33,91888.08,0.5155,持有
2025-04-18,16.62,2.96,0.1526,47006.60,44524.33,91530.93,0.5136,持有
2025-04-21,16.65,2.96,0.1534,47089.02,44524.33,91613.35,0.5140,持有
2025-04-22,16.73,2.98,0.1581,47308.80,44524.33,91833.13,0.5152,持有
2025-04-23,16.52,2.94,0.1494,46731.86,44524.33,91256.20,0.5121,持有
2025-04-24,16.39,2.66,0.1007,46347.24,44524.33,90871.57,0.5100,持有
2025-04-25,16.41,2.66,0.1015,46402.19,44524.33,90926.52,0.5103,持有
2025-04-28,16.34,2.65,0.1002,46209.87,44524.33,90734.21,0.5093,持有
2025-04-29,16.38,2.65,0.1010,46319.77,44524.33,90844.10,0.5099,持有
2025-04-30,16.46,2.67,0.1040,46539.55,44524.33,91063.88,0.5111,持有
2025-05-06,16.59,2.69,0.1057,46924.18,44524.33,91448.51,0.5131,持有
2025-05-07,16.53,2.68,0.1052,46759.34,44524.33,91283.67,0.5122,持有
2025-05-08,16.47,2.67,0.1047,46567.03,44524.33,91091.36,0.5112,持有
2025-05-09,16.32,2.65,0.0995,46154.93,44524.33,90679.26,0.5090,买入(补至80%)
2025-05-12,16.17,2.62,0.0947,71838.42,18165.78,90004.20,0.7982,持有
2025-05-13,16.18,2.62,0.0959,71924.76,18165.78,90090.55,0.7984,持有
2025-05-14,16.28,2.64,0.0994,72356.48,18165.78,90522.27,0.7993,持有
2025-05-15,16.17,2.62,0.0954,71881.59,18165.78,90047.38,0.7983,持有
2025-05-16,16.01,2.59,0.0924,71147.66,18165.78,89313.45,0.7966,持有
2025-05-19,16.02,2.60,0.0928,71190.84,18165.78,89356.62,0.7967,持有
2025-05-20,16.17,2.62,0.0953,71838.42,18165.78,90004.20,0.7982,持有
2025-05-21,16.05,2.60,0.0931,71320.35,18165.78,89486.14,0.7970,持有
2025-05-22,16.07,2.60,0.0935,71406.70,18165.78,89572.48,0.7972,持有
2025-05-23,15.92,2.58,0.0909,70759.12,18165.78,88924.90,0.7957,持有
2025-05-26,16.06,2.57,0.0887,71371.00,18165.78,89536.79,0.7971,持有
2025-05-27,15.98,2.56,0.0873,71021.36,18165.78,89187.14,0.7963,持有
2025-05-28,15.90,2.55,0.0865,70671.71,18165.78,88837.50,0.7955,持有
2025-05-29,16.12,2.58,0.0920,71633.23,18165.78,89799.02,0.7977,持有
2025-05-30,16.37,2.62,0.0997,72769.58,18165.78,90935.36,0.8002,持有
2025-06-03,16.81,2.69,0.1130,74692.62,18165.78,92858.40,0.8044,持有
2025-06-04,16.75,2.68,0.1121,74430.38,18165.78,92596.17,0.8038,持有
2025-06-05,16.36,2.62,0.0979,72725.87,18165.78,90891.66,0.8001,持有
2025-06-06,16.52,2.65,0.1060,73425.16,18165.78,91590.94,0.8017,持有
2025-06-09,17.19,2.75,0.1196,76397.13,18165.78,94562.91,0.8079,持有
2025-06-10,17.11,2.74,0.1174,76047.49,18165.78,94213.27,0.8072,持有
2025-06-11,17.86,2.86,0.1440,79369.10,18165.78,97534.88,0.8138,持有
2025-06-12,17.53,2.81,0.1298,77883.11,18165.78,96048.90,0.8109,持有
2025-06-13,17.37,2.78,0.1250,77183.83,18165.78,95349.61,0.8095,持有
2025-06-16,17.02,2.73,0.1168,75654.14,18165.78,93819.92,0.8064,持有
2025-06-17,17.02,2.73,0.1168,75654.14,18165.78,93819.92,0.8064,持有
2025-06-18,16.88,2.70,0.1150,74998.55,18165.78,93164.34,0.8050,持有
2025-06-19,16.77,2.68,0.1128,74517.79,18165.78,92683.58,0.8040,持有
2025-06-20,16.72,2.68,0.1119,74299.27,18165.78,92465.05,0.8035,持有
2025-06-23,16.64,2.66,0.1093,73949.62,18165.78,92115.41,0.8028,持有
2025-06-24,16.72,2.68,0.1122,74299.27,18165.78,92465.05,0.8035,持有
2025-06-25,16.84,2.70,0.1160,74823.73,18165.78,92989.52,0.8046,持有
2025-06-26,16.93,2.71,0.1181,75217.08,18165.78,93382.87,0.8055,持有
2025-06-27,16.75,2.68,0.1134,74430.38,18165.78,92596.17,0.8038,持有
2025-06-30,16.80,2.69,0.1155,74648.91,18165.78,92814.70,0.8043,持有
2025-07-01,16.78,2.69,0.1146,74561.50,18165.78,92727.28,0.8041,持有
2025-07-02,16.93,2.71,0.1192,75217.08,18165.78,93382.87,0.8055,持有
2025-07-03,17.11,2.74,0.1221,76047.49,18165.78,94213.27,0.8072,持有
2025-07-04,17.10,2.74,0.1221,76003.78,18165.78,94169.56,0.8071,持有
2025-07-07,16.90,2.70,0.1186,75085.97,18165.78,93251.75,0.8052,持有
2025-07-08,16.89,2.70,0.1186,75042.26,18165.78,93208.04,0.8051,持有
2025-07-09,17.21,2.76,0.1270,76484.54,18165.78,94650.32,0.8081,持有
2025-07-10,17.11,2.74,0.1231,76047.49,18165.78,94213.27,0.8072,持有
2025-07-11,17.21,2.76,0.1273,76484.54,18165.78,94650.32,0.8081,持有
2025-07-14,17.21,2.76,0.1273,76484.54,18165.78,94650.32,0.8081,持有
2025-07-15,16.75,2.68,0.1128,74430.38,18165.78,92596.17,0.8038,持有
2025-07-16,16.85,2.70,0.1174,74867.44,18165.78,93033.22,0.8047,持有
2025-07-17,16.79,2.69,0.1148,74605.21,18165.78,92770.99,0.8042,持有
2025-07-18,16.88,2.70,0.1190,74998.55,18165.78,93164.34,0.8050,持有
2025-07-21,17.60,2.82,0.1431,78232.76,18165.78,96398.54,0.8116,持有
2025-07-22,18.27,2.93,0.1667,81204.73,18165.78,99370.51,0.8172,持有
2025-07-23,18.10,2.90,0.1607,80418.03,18165.78,98583.82,0.8157,持有
2025-07-24,17.97,2.88,0.1560,79849.86,18165.78,98015.64,0.8147,持有
2025-07-25,17.86,2.86,0.1538,79369.10,18165.78,97534.88,0.8138,持有
2025-07-28,17.70,2.83,0.1479,78669.81,18165.78,96835.60,0.8124,持有
2025-07-29,17.34,2.78,0.1326,77052.71,18165.78,95218.50,0.8092,持有
2025-07-30,17.34,2.78,0.1325,77052.71,18165.78,95218.50,0.8092,持有
2025-07-31,17.02,2.73,0.1224,75654.14,18165.78,93819.92,0.8064,持有
2025-08-01,17.02,2.73,0.1223,75654.14,18165.78,93819.92,0.8064,持有
2025-08-04,17.12,2.74,0.1265,76091.19,18165.78,94256.98,0.8073,持有
2025-08-05,17.24,2.76,0.1311,76615.66,18165.78,94781.44,0.8083,持有
2025-08-06,17.24,2.76,0.1310,76615.66,18165.78,94781.44,0.8083,持有
2025-08-07,17.28,2.77,0.1339,76790.48,18165.78,94956.26,0.8087,持有
2025-08-08,17.41,2.79,0.1376,77358.65,18165.78,95524.43,0.8098,持有
2025-08-11,17.34,2.78,0.1355,77052.71,18165.78,95218.50,0.8092,持有
2025-08-12,17.22,2.76,0.1304,76528.25,18165.78,94694.03,0.8082,持有
2025-08-13,17.27,2.76,0.1337,76746.77,18165.78,94912.56,0.8086,持有
2025-08-14,17.03,2.73,0.1235,75697.84,18165.78,93863.63,0.8065,持有
2025-08-15,17.12,2.74,0.1264,76091.19,18165.78,94256.98,0.8073,持有
2025-08-18,17.06,2.73,0.1243,75828.96,18165.78,93994.74,0.8067,持有
2025-08-19,17.01,2.72,0.1217,75610.43,18165.78,93776.22,0.8063,持有
2025-08-20,17.12,2.74,0.1271,76091.19,18165.78,94256.98,0.8073,持有
2025-08-21,17.35,2.78,0.1392,77096.42,18165.78,95262.20,0.8093,持有
2025-08-22,17.42,2.79,0.1412,77402.35,18165.78,95568.14,0.8099,持有
2025-08-25,17.63,2.82,0.1512,78363.87,18165.78,96529.66,0.8118,持有
2025-08-26,18.17,2.91,0.1717,80767.67,18165.78,98933.46,0.8164,持有
2025-08-27,17.81,2.85,0.1582,79150.57,18165.78,97316.36,0.8133,持有
2025-08-28,17.61,2.88,0.1657,78276.46,18165.78,96442.25,0.8116,持有
2025-08-29,17.89,2.93,0.1777,79500.22,18165.78,97666.00,0.8140,持有
2025-09-01,17.71,2.90,0.1702,78713.52,18165.78,96879.30,0.8125,持有
2025-09-02,17.55,2.87,0.1630,78014.23,18165.78,96180.02,0.8111,持有
2025-09-03,17.20,2.82,0.1487,76440.83,18165.78,94606.62,0.8080,持有
2025-09-04,17.42,2.85,0.1587,77402.35,18165.78,95568.14,0.8099,持有
2025-09-05,17.65,2.89,0.1690,78451.28,18165.78,96617.07,0.8120,持有
2025-09-08,18.24,2.99,0.1940,81073.61,18165.78,99239.40,0.8169,持有
2025-09-09,18.33,3.00,0.1972,81466.96,18165.78,99632.75,0.8177,持有
2025-09-10,18.45,3.02,0.2018,81991.43,18165.78,100157.21,0.8186,持有
2025-09-11,19.21,3.15,0.2271,85356.75,18165.78,103522.53,0.8245,持有
2025-09-12,19.17,3.14,0.2257,85181.92,18165.78,103347.71,0.8242,持有
2025-09-15,19.73,3.23,0.2540,87673.14,18165.78,105838.92,0.8284,持有
2025-09-16,19.34,3.17,0.2335,85924.92,18165.78,104090.70,0.8255,持有
2025-09-17,19.34,3.17,0.2334,85924.92,18165.78,104090.70,0.8255,持有
2025-09-18,18.76,3.07,0.2116,83390.00,18165.78,101555.79,0.8211,持有
2025-09-19,18.81,3.08,0.2136,83608.53,18165.78,101774.31,0.8215,持有
2025-09-22,18.67,3.06,0.2081,82952.95,18165.78,101118.73,0.8204,持有
2025-09-23,18.68,3.06,0.2089,82996.65,18165.78,101162.44,0.8204,持有
2025-09-24,18.67,3.06,0.2080,82952.95,18165.78,101118.73,0.8204,持有
2025-09-25,18.42,3.02,0.2004,81860.31,18165.78,100026.10,0.8184,持有
2025-09-26,18.56,3.04,0.2066,82472.19,18165.78,100637.97,0.8195,持有
2025-09-29,18.41,3.01,0.1994,81816.60,18165.78,99982.39,0.8183,持有
2025-09-30,18.30,3.00,0.1948,81335.84,18165.78,99501.63,0.8174,持有
2025-10-09,18.49,3.03,0.2038,82166.25,18165.78,100332.03,0.8189,持有
2025-10-10,18.53,3.03,0.2054,82341.07,18165.78,100506.86,0.8193,持有
2025-10-13,18.55,3.04,0.2078,82428.48,18165.78,100594.27,0.8194,持有
2025-10-14,18.61,3.05,0.2094,82690.71,18165.78,100856.50,0.8199,持有
2025-10-15,18.47,3.02,0.2018,82078.84,18165.78,100244.62,0.8188,持有
2025-10-16,18.32,3.00,0.1955,81423.26,18165.78,99589.04,0.8176,持有
2025-10-17,18.27,2.99,0.1934,81204.73,18165.78,99370.51,0.8172,持有
2025-10-20,18.10,2.96,0.1846,80418.03,18165.78,98583.82,0.8157,持有
2025-10-21,18.00,2.95,0.1813,79980.98,18165.78,98146.76,0.8149,持有
2025-10-22,17.79,2.79,0.1411,79063.16,18165.78,97228.95,0.8132,持有
2025-10-23,17.82,2.80,0.1423,79194.28,18165.78,97360.06,0.8134,持有
2025-10-24,17.70,2.78,0.1381,78669.81,18165.78,96835.60,0.8124,持有
2025-10-27,18.17,2.85,0.1599,80767.67,18165.78,98933.46,0.8164,持有
2025-10-28,17.93,2.82,0.1475,79675.04,18165.78,97840.82,0.8143,持有
2025-10-29,17.98,2.82,0.1516,79893.56,18165.78,98059.35,0.8147,持有
2025-10-30,17.75,2.79,0.1392,78888.34,18165.78,97054.12,0.8128,持有
2025-10-31,17.85,2.80,0.1449,79325.39,18165.78,97491.18,0.8137,持有
2025-11-03,18.19,2.81,0.1469,80836.36,18165.78,99002.14,0.8165,持有
2025-11-04,17.91,2.77,0.1340,79592.04,18165.78,97757.82,0.8142,持有
2025-11-05,18.10,2.80,0.1430,80436.40,18165.78,98602.18,0.8158,持有
2025-11-06,18.03,2.79,0.1389,80125.32,18165.78,98291.10,0.8152,持有
2025-11-07,17.93,2.77,0.1343,79680.92,18165.78,97846.70,0.8143,持有
2025-11-10,18.30,2.83,0.1560,81325.20,18165.78,99490.98,0.8174,持有
2025-11-11,18.44,2.85,0.1596,81947.36,18165.78,100113.14,0.8185,持有
2025-11-12,18.27,2.82,0.1530,81191.88,18165.78,99357.66,0.8172,持有
2025-11-13,18.36,2.84,0.1587,81591.84,18165.78,99757.62,0.8179,持有
2025-11-14,18.06,2.79,0.1410,80258.64,18165.78,98424.42,0.8154,持有
2025-11-17,17.74,2.74,0.1241,78836.56,18165.78,97002.34,0.8127,持有
2025-11-18,17.65,2.73,0.1208,78436.60,18165.78,96602.38,0.8120,持有
2025-11-19,17.53,2.71,0.1171,77903.32,18165.78,96069.10,0.8109,持有
2025-11-20,17.42,2.69,0.1129,77414.48,18165.78,95580.26,0.8099,持有
2025-11-21,17.36,2.68,0.1100,77147.84,18165.78,95313.62,0.8094,持有
2025-11-24,17.71,2.74,0.1235,78703.24,18165.78,96869.02,0.8125,持有
2025-11-25,17.82,2.75,0.1300,79192.08,18165.78,97357.86,0.8134,持有
2025-11-26,17.78,2.75,0.1283,79014.32,18165.78,97180.10,0.8131,持有
2025-11-27,17.76,2.74,0.1278,78925.44,18165.78,97091.22,0.8129,持有
2025-11-28,18.08,2.79,0.1457,80347.52,18165.78,98513.30,0.8156,持有
2025-12-01,17.54,2.71,0.1179,77947.76,18165.78,96113.54,0.8110,持有
