日期,周期ID,当前价格,持仓数量,当前市值,距上次调仓天数,相对涨跌幅,累计投入,累计净投入,最大回撤
2021-01-05,Cycle_1,5368.50,1.9,10200.16,1,1.91%,10008.66,10008.66,0.00%
2021-01-05,Cycle_2,5368.50,3.8,20400.32,1,1.91%,20017.33,20017.33,0.00%
2021-01-05,Cycle_3,5368.50,5.7,30600.48,1,1.91%,30025.99,30025.99,0.00%
2021-01-05,Cycle_4,5368.50,7.59,40746.95,1,1.91%,39981.98,39981.98,0.00%
2021-01-06,Cycle_1,5417.67,1.8599999999999999,10076.86,0,0.00%,10008.66,9791.96,1.21%
2021-01-06,Cycle_2,5417.67,3.8,20587.14,2,2.85%,20017.33,20017.33,0.00%
2021-01-06,Cycle_3,5417.67,5.7,30880.71,2,2.85%,30025.99,30025.99,0.00%
2021-01-06,Cycle_4,5417.67,7.59,41120.10,2,2.85%,39981.98,39981.98,0.00%
2021-01-07,Cycle_1,5513.66,1.8599999999999999,10255.40,1,1.77%,10008.66,9791.96,1.21%
2021-01-07,Cycle_2,5513.66,3.67,20235.12,0,0.00%,20017.33,19300.55,1.71%
2021-01-07,Cycle_3,5513.66,5.7,31427.84,3,4.67%,30025.99,30025.99,0.00%
2021-01-07,Cycle_4,5513.66,7.59,41848.66,3,4.67%,39981.98,39981.98,0.00%
2021-01-08,Cycle_1,5495.43,1.8599999999999999,10221.50,2,1.44%,10008.66,9791.96,1.21%
2021-01-08,Cycle_2,5495.43,3.67,20168.23,1,-0.33%,20017.33,19300.55,2.03%
2021-01-08,Cycle_3,5495.43,5.7,31323.95,4,4.32%,30025.99,30025.99,0.33%
2021-01-08,Cycle_4,5495.43,7.59,41710.32,4,4.32%,39981.98,39981.98,0.33%
2021-01-11,Cycle_1,5441.16,1.8599999999999999,10120.55,3,0.43%,10008.66,9791.96,1.31%
2021-01-11,Cycle_2,5441.16,3.67,19969.05,2,-1.31%,20017.33,19300.55,3.00%
2021-01-11,Cycle_3,5441.16,5.7,31014.60,5,3.29%,30025.99,30025.99,1.31%
2021-01-11,Cycle_4,5441.16,7.59,41298.39,5,3.29%,39981.98,39981.98,1.31%
2021-01-12,Cycle_1,5596.35,1.7999999999999998,10073.43,0,0.00%,10008.66,9456.18,1.77%
2021-01-12,Cycle_2,5596.35,3.67,20538.61,3,1.50%,20017.33,19300.55,3.00%
2021-01-12,Cycle_3,5596.35,5.7,31899.21,6,6.24%,30025.99,30025.99,1.31%
2021-01-12,Cycle_4,5596.35,7.59,42476.32,6,6.24%,39981.98,39981.98,1.31%
2021-01-13,Cycle_1,5577.97,1.7999999999999998,10040.35,1,-0.33%,10008.66,9456.18,2.10%
2021-01-13,Cycle_2,5577.97,3.67,20471.15,4,1.17%,20017.33,19300.55,3.00%
2021-01-13,Cycle_3,5577.97,5.7,31794.44,7,5.89%,30025.99,30025.99,1.31%
2021-01-13,Cycle_4,5577.97,7.59,42336.80,7,5.89%,39981.98,39981.98,1.31%
2021-01-14,Cycle_1,5470.46,1.8299999999999998,10010.94,0,0.00%,10172.78,9620.29,2.38%
2021-01-14,Cycle_2,5470.46,3.67,20076.57,5,-0.78%,20017.33,19300.55,3.00%
2021-01-14,Cycle_3,5470.46,5.7,31181.60,8,3.85%,30025.99,30025.99,2.25%
2021-01-14,Cycle_4,5470.46,7.59,41520.76,8,3.85%,39981.98,39981.98,2.25%
2021-01-15,Cycle_1,5458.08,1.8299999999999998,9988.29,1,-0.23%,10172.78,9620.29,2.60%
2021-01-15,Cycle_2,5458.08,3.67,20031.16,6,-1.01%,20017.33,19300.55,3.00%
2021-01-15,Cycle_3,5458.08,5.7,31111.06,9,3.61%,30025.99,30025.99,2.47%
2021-01-15,Cycle_4,5458.08,7.59,41426.84,9,3.61%,39981.98,39981.98,2.47%
2021-01-18,Cycle_1,5518.52,1.8299999999999998,10098.89,2,0.88%,10172.78,9620.29,2.60%
2021-01-18,Cycle_2,5518.52,3.67,20252.97,7,0.09%,20017.33,19300.55,3.00%
2021-01-18,Cycle_3,5518.52,5.7,31455.57,10,4.76%,30025.99,30025.99,2.47%
2021-01-18,Cycle_4,5518.52,7.59,41885.57,10,4.76%,39981.98,39981.98,2.47%
2021-01-19,Cycle_1,5437.52,1.8299999999999998,9950.67,3,-0.60%,10172.78,9620.29,2.97%
2021-01-19,Cycle_2,5437.52,3.67,19955.71,8,-1.38%,20017.33,19300.55,3.07%
2021-01-19,Cycle_3,5437.52,5.7,30993.88,11,3.22%,30025.99,30025.99,2.84%
2021-01-19,Cycle_4,5437.52,7.59,41270.80,11,3.22%,39981.98,39981.98,2.84%
2021-01-20,Cycle_1,5476.43,1.8299999999999998,10021.87,4,0.11%,10172.78,9620.29,2.97%
2021-01-20,Cycle_2,5476.43,3.67,20098.51,9,-0.68%,20017.33,19300.55,3.07%
2021-01-20,Cycle_3,5476.43,5.7,31215.67,12,3.96%,30025.99,30025.99,2.84%
2021-01-20,Cycle_4,5476.43,7.59,41566.13,12,3.96%,39981.98,39981.98,2.84%
2021-01-21,Cycle_1,5564.97,1.8299999999999998,10183.89,5,1.73%,10172.78,9620.29,2.97%
2021-01-21,Cycle_2,5564.97,3.67,20423.44,10,0.93%,20017.33,19300.55,3.07%
2021-01-21,Cycle_3,5564.97,5.7,31720.33,13,5.64%,30025.99,30025.99,2.84%
2021-01-21,Cycle_4,5564.97,7.59,42238.12,13,5.64%,39981.98,39981.98,2.84%
2021-01-22,Cycle_1,5569.78,1.8299999999999998,10192.69,6,1.82%,10172.78,9620.29,2.97%
2021-01-22,Cycle_2,5569.78,3.67,20441.08,11,1.02%,20017.33,19300.55,3.07%
2021-01-22,Cycle_3,5569.78,5.7,31747.72,14,5.73%,30025.99,30025.99,2.84%
2021-01-22,Cycle_4,5569.78,7.59,42274.60,14,5.73%,39981.98,39981.98,2.84%
2021-01-25,Cycle_1,5625.92,1.7899999999999998,10070.40,0,0.00%,10172.78,9395.25,2.97%
2021-01-25,Cycle_2,5625.92,3.67,20647.14,12,2.04%,20017.33,19300.55,3.07%
2021-01-25,Cycle_3,5625.92,5.7,32067.76,15,6.80%,30025.99,30025.99,2.84%
2021-01-25,Cycle_4,5625.92,7.59,42700.76,15,6.80%,39981.98,39981.98,2.84%
2021-01-26,Cycle_1,5512.97,1.8099999999999998,9978.47,0,0.00%,10283.04,9505.51,2.97%
2021-01-26,Cycle_2,5512.97,3.67,20232.59,13,-0.01%,20017.33,19300.55,3.07%
2021-01-26,Cycle_3,5512.97,5.7,31423.92,16,4.66%,30025.99,30025.99,2.84%
2021-01-26,Cycle_4,5512.97,7.59,41843.43,16,4.66%,39981.98,39981.98,2.84%
2021-01-27,Cycle_1,5528.00,1.8099999999999998,10005.69,1,0.27%,10283.04,9505.51,2.97%
2021-01-27,Cycle_2,5528.00,3.67,20287.77,14,0.26%,20017.33,19300.55,3.07%
2021-01-27,Cycle_3,5528.00,5.7,31509.62,17,4.94%,30025.99,30025.99,2.84%
2021-01-27,Cycle_4,5528.00,7.59,41957.55,17,4.94%,39981.98,39981.98,2.84%
2021-01-28,Cycle_1,5377.14,1.8599999999999999,10001.49,0,0.00%,10551.89,9774.37,2.97%
2021-01-28,Cycle_2,5377.14,3.67,19734.11,15,-2.48%,20017.33,19300.55,4.42%
2021-01-28,Cycle_3,5377.14,5.7,30649.71,18,2.08%,30025.99,30025.99,4.42%
2021-01-28,Cycle_4,5377.14,7.59,40812.51,18,2.08%,39981.98,39981.98,4.42%
2021-01-29,Cycle_1,5351.96,1.8599999999999999,9954.65,1,-0.47%,10551.89,9774.37,2.97%
2021-01-29,Cycle_2,5351.96,3.67,19641.71,16,-2.93%,20017.33,19300.55,4.87%
2021-01-29,Cycle_3,5351.96,5.7,30506.20,19,1.60%,30025.99,30025.99,4.87%
2021-01-29,Cycle_4,5351.96,7.59,40621.41,19,1.60%,39981.98,39981.98,4.87%
2021-02-01,Cycle_1,5417.65,1.8599999999999999,10076.83,2,0.75%,10551.89,9774.37,2.97%
2021-02-01,Cycle_2,5417.65,3.67,19882.77,17,-1.74%,20017.33,19300.55,4.87%
2021-02-01,Cycle_3,5417.65,5.7,30880.60,20,2.85%,30025.99,30025.99,4.87%
2021-02-01,Cycle_4,5417.65,7.59,41119.95,20,2.85%,39981.98,39981.98,4.87%
2021-02-02,Cycle_1,5501.09,1.8299999999999998,10067.00,0,0.00%,10551.89,9609.34,2.97%
2021-02-02,Cycle_2,5501.09,3.67,20189.01,18,-0.23%,20017.33,19300.55,4.87%
2021-02-02,Cycle_3,5501.09,5.7,31356.22,21,4.43%,30025.99,30025.99,4.87%
2021-02-02,Cycle_4,5501.09,7.59,41753.28,21,4.43%,39981.98,39981.98,4.87%
2021-02-03,Cycle_1,5485.20,1.8299999999999998,10037.92,1,-0.29%,10551.89,9609.34,2.97%
2021-02-03,Cycle_2,5485.20,3.67,20130.69,19,-0.52%,20017.33,19300.55,4.87%
2021-02-03,Cycle_3,5485.20,5.7,31265.64,22,4.13%,30025.99,30025.99,4.87%
2021-02-03,Cycle_4,5485.20,7.59,41632.67,22,4.13%,39981.98,39981.98,4.87%
2021-02-04,Cycle_1,5473.95,1.8299999999999998,10017.32,2,-0.49%,10551.89,9609.34,2.97%
2021-02-04,Cycle_2,5473.95,3.67,20089.39,20,-0.72%,20017.33,19300.55,4.87%
2021-02-04,Cycle_3,5473.95,5.7,31201.50,23,3.91%,30025.99,30025.99,4.87%
2021-02-04,Cycle_4,5473.95,7.59,41547.26,23,3.91%,39981.98,39981.98,4.87%
2021-02-05,Cycle_1,5483.41,1.8299999999999998,10034.65,3,-0.32%,10551.89,9609.34,2.97%
2021-02-05,Cycle_2,5483.41,3.67,20124.13,21,-0.55%,20017.33,19300.55,4.87%
2021-02-05,Cycle_3,5483.41,5.7,31255.46,24,4.09%,30025.99,30025.99,4.87%
2021-02-05,Cycle_4,5483.41,7.59,41619.11,24,4.09%,39981.98,39981.98,4.87%
2021-02-08,Cycle_1,5564.56,1.8299999999999998,10183.15,4,1.15%,10551.89,9609.34,2.97%
2021-02-08,Cycle_2,5564.56,3.67,20421.94,22,0.92%,20017.33,19300.55,4.87%
2021-02-08,Cycle_3,5564.56,5.7,31718.00,25,5.64%,30025.99,30025.99,4.87%
2021-02-08,Cycle_4,5564.56,7.59,42235.02,25,5.64%,39981.98,39981.98,4.87%
2021-02-09,Cycle_1,5686.25,1.7699999999999998,10064.66,0,0.00%,10551.89,9268.16,2.97%
2021-02-09,Cycle_2,5686.25,3.67,20868.54,23,3.13%,20017.33,19300.55,4.87%
2021-02-09,Cycle_3,5686.25,5.7,32411.63,26,7.95%,30025.99,30025.99,4.87%
2021-02-09,Cycle_4,5686.25,7.59,43158.64,26,7.95%,39981.98,39981.98,4.87%
2021-02-10,Cycle_1,5807.72,1.7299999999999998,10047.35,0,0.00%,10551.89,9035.85,2.97%
2021-02-10,Cycle_2,5807.72,3.5,20327.02,0,0.00%,20017.33,18313.24,4.87%
2021-02-10,Cycle_3,5807.72,5.3100000000000005,30838.99,0,0.00%,30025.99,27760.98,4.87%
2021-02-10,Cycle_4,5807.72,7.59,44080.59,27,10.25%,39981.98,39981.98,4.87%
2021-02-18,Cycle_1,5768.38,1.7299999999999998,9979.30,1,-0.68%,10551.89,9035.85,2.97%
2021-02-18,Cycle_2,5768.38,3.5,20189.33,1,-0.68%,20017.33,18313.24,4.87%
2021-02-18,Cycle_3,5768.38,5.3100000000000005,30630.11,1,-0.68%,30025.99,27760.98,5.50%
2021-02-18,Cycle_4,5768.38,7.59,43782.01,28,9.50%,39981.98,39981.98,4.87%
2021-02-19,Cycle_1,5778.84,1.7299999999999998,9997.40,2,-0.50%,10551.89,9035.85,2.97%
2021-02-19,Cycle_2,5778.84,3.5,20225.95,2,-0.50%,20017.33,18313.24,4.87%
2021-02-19,Cycle_3,5778.84,5.3100000000000005,30685.65,2,-0.50%,30025.99,27760.98,5.50%
2021-02-19,Cycle_4,5778.84,7.59,43861.41,29,9.70%,39981.98,39981.98,4.87%
2021-02-22,Cycle_1,5597.33,1.7899999999999998,10019.23,0,0.00%,10887.73,9371.69,2.97%
2021-02-22,Cycle_2,5597.33,3.5,19590.66,3,-3.62%,20017.33,18313.24,6.12%
2021-02-22,Cycle_3,5597.33,5.3100000000000005,29721.84,3,-3.62%,30025.99,27760.98,8.30%
2021-02-22,Cycle_4,5597.33,7.59,42483.76,30,6.26%,39981.98,39981.98,4.87%
2021-02-23,Cycle_1,5579.67,1.7899999999999998,9987.61,1,-0.32%,10887.73,9371.69,2.97%
2021-02-23,Cycle_2,5579.67,3.5,19528.84,4,-3.93%,20017.33,18313.24,6.42%
2021-02-23,Cycle_3,5579.67,5.3100000000000005,29628.04,4,-3.93%,30025.99,27760.98,8.59%
2021-02-23,Cycle_4,5579.67,7.59,42349.68,31,5.92%,39981.98,39981.98,4.87%
2021-02-24,Cycle_1,5437.57,1.8399999999999999,10005.13,0,0.00%,11159.61,9643.57,2.97%
2021-02-24,Cycle_2,5437.57,3.68,20010.25,0,0.00%,20996.09,19292.00,6.42%
2021-02-24,Cycle_3,5437.57,5.3100000000000005,28873.49,5,-6.37%,30025.99,27760.98,10.92%
2021-02-24,Cycle_4,5437.57,7.59,41271.14,32,3.22%,39981.98,39981.98,6.37%
2021-02-25,Cycle_1,5469.56,1.8399999999999999,10063.99,1,0.59%,11159.61,9643.57,2.97%
2021-02-25,Cycle_2,5469.56,3.68,20127.97,1,0.59%,20996.09,19292.00,6.42%
2021-02-25,Cycle_3,5469.56,5.3100000000000005,29043.36,6,-5.82%,30025.99,27760.98,10.92%
2021-02-25,Cycle_4,5469.56,7.59,41513.95,33,3.83%,39981.98,39981.98,6.37%
2021-02-26,Cycle_1,5336.76,1.8399999999999999,9819.64,2,-1.85%,11159.61,9643.57,4.25%
2021-02-26,Cycle_2,5336.76,3.68,19639.28,2,-1.85%,20996.09,19292.00,6.42%
2021-02-26,Cycle_3,5336.76,5.630000000000001,30045.96,0,0.00%,31733.76,29468.75,10.92%
2021-02-26,Cycle_4,5336.76,7.59,40506.02,34,1.31%,39981.98,39981.98,8.11%
2021-03-01,Cycle_1,5418.78,1.8399999999999999,9970.56,3,-0.35%,11159.61,9643.57,4.25%
2021-03-01,Cycle_2,5418.78,3.68,19941.12,3,-0.35%,20996.09,19292.00,6.42%
2021-03-01,Cycle_3,5418.78,5.630000000000001,30507.75,1,1.54%,31733.76,29468.75,10.92%
2021-03-01,Cycle_4,5418.78,7.59,41128.57,35,2.87%,39981.98,39981.98,8.11%
2021-03-02,Cycle_1,5349.63,1.8399999999999999,9843.32,4,-1.62%,11159.61,9643.57,4.25%
2021-03-02,Cycle_2,5349.63,3.68,19686.64,4,-1.62%,20996.09,19292.00,6.42%
2021-03-02,Cycle_3,5349.63,5.630000000000001,30118.42,2,0.24%,31733.76,29468.75,10.92%
2021-03-02,Cycle_4,5349.63,7.59,40603.69,36,1.55%,39981.98,39981.98,8.11%
2021-03-03,Cycle_1,5452.21,1.8399999999999999,10032.07,5,0.27%,11159.61,9643.57,4.25%
2021-03-03,Cycle_2,5452.21,3.68,20064.14,5,0.27%,20996.09,19292.00,6.42%
2021-03-03,Cycle_3,5452.21,5.630000000000001,30695.96,3,2.16%,31733.76,29468.75,10.92%
2021-03-03,Cycle_4,5452.21,7.59,41382.29,37,3.50%,39981.98,39981.98,8.11%
2021-03-04,Cycle_1,5280.71,1.9,10033.34,0,0.00%,11476.46,9960.41,4.25%
2021-03-04,Cycle_2,5280.71,3.68,19433.00,6,-2.88%,20996.09,19292.00,6.88%
2021-03-04,Cycle_3,5280.71,5.630000000000001,29730.37,4,-1.05%,31733.76,29468.75,10.92%
2021-03-04,Cycle_4,5280.71,7.59,40080.56,38,0.25%,39981.98,39981.98,9.07%
2021-03-05,Cycle_1,5262.80,1.9,9999.31,1,-0.34%,11476.46,9960.41,4.25%
2021-03-05,Cycle_2,5262.80,3.68,19367.09,7,-3.21%,20996.09,19292.00,7.19%
2021-03-05,Cycle_3,5262.80,5.630000000000001,29629.54,5,-1.39%,31733.76,29468.75,10.92%
2021-03-05,Cycle_4,5262.80,7.59,39944.62,39,-0.09%,39981.98,39981.98,9.38%
2021-03-08,Cycle_1,5080.02,1.97,10007.65,0,0.00%,11832.06,10316.02,4.25%
2021-03-08,Cycle_2,5080.02,3.95,20066.10,0,0.00%,22367.70,20663.61,7.19%
2021-03-08,Cycle_3,5080.02,5.630000000000001,28600.54,6,-4.81%,31733.76,29468.75,11.76%
2021-03-08,Cycle_4,5080.02,7.59,38557.39,40,-3.56%,39981.98,39981.98,12.53%
2021-03-09,Cycle_1,4971.00,2.01,9991.71,0,0.00%,12030.90,10514.86,4.25%
2021-03-09,Cycle_2,4971.00,3.95,19635.45,1,-2.15%,22367.70,20663.61,7.19%
2021-03-09,Cycle_3,4971.00,5.630000000000001,27986.73,7,-6.85%,31733.76,29468.75,13.65%
2021-03-09,Cycle_4,4971.00,7.59,37729.89,41,-5.63%,39981.98,39981.98,14.41%
2021-03-10,Cycle_1,5003.61,2.01,10057.26,1,0.66%,12030.90,10514.86,4.25%
2021-03-10,Cycle_2,5003.61,3.95,19764.27,2,-1.50%,22367.70,20663.61,7.19%
2021-03-10,Cycle_3,5003.61,5.630000000000001,28170.34,8,-6.24%,31733.76,29468.75,13.65%
2021-03-10,Cycle_4,5003.61,7.59,37977.42,42,-5.01%,39981.98,39981.98,14.41%
2021-03-11,Cycle_1,5128.22,1.9599999999999997,10051.30,0,0.00%,12030.90,10258.44,4.25%
2021-03-11,Cycle_2,5128.22,3.95,20256.45,3,0.95%,22367.70,20663.61,7.19%
2021-03-11,Cycle_3,5128.22,5.630000000000001,28871.85,9,-3.91%,31733.76,29468.75,13.65%
2021-03-11,Cycle_4,5128.22,7.59,38923.16,43,-2.65%,39981.98,39981.98,14.41%
2021-03-12,Cycle_1,5146.38,1.9599999999999997,10086.90,1,0.35%,12030.90,10258.44,4.25%
2021-03-12,Cycle_2,5146.38,3.95,20328.20,4,1.31%,22367.70,20663.61,7.19%
2021-03-12,Cycle_3,5146.38,5.630000000000001,28974.11,10,-3.57%,31733.76,29468.75,13.65%
2021-03-12,Cycle_4,5146.38,7.59,39061.01,44,-2.30%,39981.98,39981.98,14.41%
2021-03-15,Cycle_1,5035.54,1.9599999999999997,9869.67,2,-1.81%,12030.90,10258.44,4.25%
2021-03-15,Cycle_2,5035.54,3.95,19890.40,5,-0.88%,22367.70,20663.61,7.19%
2021-03-15,Cycle_3,5035.54,5.630000000000001,28350.11,11,-5.64%,31733.76,29468.75,13.65%
2021-03-15,Cycle_4,5035.54,7.59,38219.78,45,-4.41%,39981.98,39981.98,14.41%
2021-03-16,Cycle_1,5079.36,1.9599999999999997,9955.55,3,-0.95%,12030.90,10258.44,4.25%
2021-03-16,Cycle_2,5079.36,3.95,20063.48,6,-0.01%,22367.70,20663.61,7.19%
2021-03-16,Cycle_3,5079.36,5.630000000000001,28596.81,12,-4.82%,31733.76,29468.75,13.65%
2021-03-16,Cycle_4,5079.36,7.59,38552.36,46,-3.58%,39981.98,39981.98,14.41%
2021-03-17,Cycle_1,5100.86,1.9599999999999997,9997.68,4,-0.53%,12030.90,10258.44,4.25%
2021-03-17,Cycle_2,5100.86,3.95,20148.39,7,0.41%,22367.70,20663.61,7.19%
2021-03-17,Cycle_3,5100.86,5.630000000000001,28717.83,13,-4.42%,31733.76,29468.75,13.65%
2021-03-17,Cycle_4,5100.86,7.59,38715.51,47,-3.17%,39981.98,39981.98,14.41%
2021-03-18,Cycle_1,5141.77,1.9599999999999997,10077.87,5,0.26%,12030.90,10258.44,4.25%
2021-03-18,Cycle_2,5141.77,3.95,20309.98,8,1.22%,22367.70,20663.61,7.19%
2021-03-18,Cycle_3,5141.77,5.630000000000001,28948.15,14,-3.65%,31733.76,29468.75,13.65%
2021-03-18,Cycle_4,5141.77,7.59,39026.02,48,-2.39%,39981.98,39981.98,14.41%
2021-03-19,Cycle_1,5007.09,1.9999999999999998,10014.18,0,0.00%,12231.18,10458.73,4.25%
2021-03-19,Cycle_2,5007.09,3.95,19778.01,9,-1.44%,22367.70,20663.61,7.19%
2021-03-19,Cycle_3,5007.09,5.630000000000001,28189.92,15,-6.18%,31733.76,29468.75,13.65%
2021-03-19,Cycle_4,5007.09,7.59,38003.82,49,-4.95%,39981.98,39981.98,14.41%
2021-03-22,Cycle_1,5057.15,1.9999999999999998,10114.30,1,1.00%,12231.18,10458.73,4.25%
2021-03-22,Cycle_2,5057.15,3.95,19975.75,10,-0.45%,22367.70,20663.61,7.19%
2021-03-22,Cycle_3,5057.15,5.630000000000001,28471.77,16,-5.24%,31733.76,29468.75,13.65%
2021-03-22,Cycle_4,5057.15,7.59,38383.78,50,-4.00%,39981.98,39981.98,14.41%
2021-03-23,Cycle_1,5009.25,1.9999999999999998,10018.49,2,0.04%,12231.18,10458.73,4.25%
2021-03-23,Cycle_2,5009.25,3.95,19786.52,11,-1.39%,22367.70,20663.61,7.19%
2021-03-23,Cycle_3,5009.25,5.630000000000001,28202.05,17,-6.14%,31733.76,29468.75,13.65%
2021-03-23,Cycle_4,5009.25,7.59,38020.18,51,-4.91%,39981.98,39981.98,14.41%
2021-03-24,Cycle_1,4928.69,1.9999999999999998,9857.37,3,-1.57%,12231.18,10458.73,4.25%
2021-03-24,Cycle_2,4928.69,3.95,19468.31,12,-2.98%,22367.70,20663.61,7.19%
2021-03-24,Cycle_3,4928.69,5.630000000000001,27748.50,18,-7.65%,31733.76,29468.75,14.39%
2021-03-24,Cycle_4,4928.69,7.59,37408.72,52,-6.44%,39981.98,39981.98,15.14%
2021-03-25,Cycle_1,4926.35,1.9999999999999998,9852.69,4,-1.61%,12231.18,10458.73,4.25%
2021-03-25,Cycle_2,4926.35,3.95,19459.07,13,-3.03%,22367.70,20663.61,7.19%
2021-03-25,Cycle_3,4926.35,5.630000000000001,27735.33,19,-7.69%,31733.76,29468.75,14.43%
2021-03-25,Cycle_4,4926.35,7.59,37390.97,53,-6.48%,39981.98,39981.98,15.18%
2021-03-26,Cycle_1,5037.99,1.9999999999999998,10075.98,5,0.62%,12231.18,10458.73,4.25%
2021-03-26,Cycle_2,5037.99,3.95,19900.06,14,-0.83%,22367.70,20663.61,7.19%
2021-03-26,Cycle_3,5037.99,5.630000000000001,28363.88,20,-5.60%,31733.76,29468.75,14.43%
2021-03-26,Cycle_4,5037.99,7.59,38238.34,54,-4.36%,39981.98,39981.98,15.18%
2021-03-29,Cycle_1,5046.88,1.9999999999999998,10093.75,6,0.79%,12231.18,10458.73,4.25%
2021-03-29,Cycle_2,5046.88,3.95,19935.17,15,-0.65%,22367.70,20663.61,7.19%
2021-03-29,Cycle_3,5046.88,5.630000000000001,28413.92,21,-5.43%,31733.76,29468.75,14.43%
2021-03-29,Cycle_4,5046.88,7.59,38305.80,55,-4.19%,39981.98,39981.98,15.18%
2021-03-30,Cycle_1,5094.73,1.9999999999999998,10189.46,7,1.75%,12231.18,10458.73,4.25%
2021-03-30,Cycle_2,5094.73,3.95,20124.18,16,0.29%,22367.70,20663.61,7.19%
2021-03-30,Cycle_3,5094.73,5.630000000000001,28683.32,22,-4.54%,31733.76,29468.75,14.43%
2021-03-30,Cycle_4,5094.73,7.59,38668.99,56,-3.28%,39981.98,39981.98,15.18%
2021-03-31,Cycle_1,5048.36,1.9999999999999998,10096.72,8,0.82%,12231.18,10458.73,4.25%
2021-03-31,Cycle_2,5048.36,3.95,19941.02,17,-0.62%,22367.70,20663.61,7.19%
2021-03-31,Cycle_3,5048.36,5.630000000000001,28422.27,23,-5.40%,31733.76,29468.75,14.43%
2021-03-31,Cycle_4,5048.36,7.59,38317.06,57,-4.16%,39981.98,39981.98,15.18%
2021-04-01,Cycle_1,5110.78,1.9699999999999998,10068.23,0,0.00%,12231.18,10305.41,4.25%
2021-04-01,Cycle_2,5110.78,3.95,20187.57,18,0.61%,22367.70,20663.61,7.19%
2021-04-01,Cycle_3,5110.78,5.630000000000001,28773.67,24,-4.23%,31733.76,29468.75,14.43%
2021-04-01,Cycle_4,5110.78,7.59,38790.80,58,-2.98%,39981.98,39981.98,15.18%
2021-04-02,Cycle_1,5161.56,1.9699999999999998,10168.27,1,0.99%,12231.18,10305.41,4.25%
2021-04-02,Cycle_2,5161.56,3.95,20388.15,19,1.60%,22367.70,20663.61,7.19%
2021-04-02,Cycle_3,5161.56,5.630000000000001,29059.57,25,-3.28%,31733.76,29468.75,14.43%
2021-04-02,Cycle_4,5161.56,7.59,39176.22,59,-2.02%,39981.98,39981.98,15.18%
2021-04-06,Cycle_1,5140.34,1.9699999999999998,10126.47,2,0.58%,12231.18,10305.41,4.25%
2021-04-06,Cycle_2,5140.34,3.95,20304.35,20,1.19%,22367.70,20663.61,7.19%
2021-04-06,Cycle_3,5140.34,5.630000000000001,28940.12,26,-3.68%,31733.76,29468.75,14.43%
2021-04-06,Cycle_4,5140.34,7.59,39015.19,60,-2.42%,39981.98,39981.98,15.18%
2021-04-07,Cycle_1,5103.74,1.9699999999999998,10054.37,3,-0.14%,12231.18,10305.41,4.25%
2021-04-07,Cycle_2,5103.74,3.95,20159.78,21,0.47%,22367.70,20663.61,7.19%
2021-04-07,Cycle_3,5103.74,5.630000000000001,28734.07,27,-4.37%,31733.76,29468.75,14.43%
2021-04-07,Cycle_4,5103.74,7.59,38737.41,61,-3.11%,39981.98,39981.98,15.18%
2021-04-08,Cycle_1,5112.21,1.9699999999999998,10071.05,4,0.03%,12231.18,10305.41,4.25%
2021-04-08,Cycle_2,5112.21,3.95,20193.22,22,0.63%,22367.70,20663.61,7.19%
2021-04-08,Cycle_3,5112.21,5.630000000000001,28781.73,28,-4.21%,31733.76,29468.75,14.43%
2021-04-08,Cycle_4,5112.21,7.59,38801.66,62,-2.95%,39981.98,39981.98,15.18%
2021-04-09,Cycle_1,5035.34,1.9699999999999998,9919.61,5,-1.48%,12231.18,10305.41,4.25%
2021-04-09,Cycle_2,5035.34,3.95,19889.58,23,-0.88%,22367.70,20663.61,7.19%
2021-04-09,Cycle_3,5035.34,5.630000000000001,28348.95,29,-5.65%,31733.76,29468.75,14.43%
2021-04-09,Cycle_4,5035.34,7.59,38218.21,63,-4.41%,39981.98,39981.98,15.18%
2021-04-12,Cycle_1,4947.75,2.0199999999999996,9994.45,0,0.00%,12478.57,10552.79,4.25%
2021-04-12,Cycle_2,4947.75,3.95,19543.60,24,-2.60%,22367.70,20663.61,7.19%
2021-04-12,Cycle_3,4947.75,5.630000000000001,27855.81,30,-7.29%,31733.76,29468.75,14.43%
2021-04-12,Cycle_4,4947.75,7.59,37553.39,64,-6.07%,39981.98,39981.98,15.18%
2021-04-13,Cycle_1,4939.64,2.0199999999999996,9978.08,1,-0.16%,12478.57,10552.79,4.25%
2021-04-13,Cycle_2,4939.64,3.95,19511.59,25,-2.76%,22367.70,20663.61,7.19%
2021-04-13,Cycle_3,4939.64,5.630000000000001,27810.19,31,-7.44%,31733.76,29468.75,14.43%
2021-04-13,Cycle_4,4939.64,7.59,37491.90,65,-6.23%,39981.98,39981.98,15.18%
2021-04-14,Cycle_1,4980.63,2.0199999999999996,10060.87,2,0.66%,12478.57,10552.79,4.25%
2021-04-14,Cycle_2,4980.63,3.95,19673.48,26,-1.96%,22367.70,20663.61,7.19%
2021-04-14,Cycle_3,4980.63,5.630000000000001,28040.94,32,-6.67%,31733.76,29468.75,14.43%
2021-04-14,Cycle_4,4980.63,7.59,37802.97,66,-5.45%,39981.98,39981.98,15.18%
2021-04-15,Cycle_1,4948.97,2.0199999999999996,9996.93,3,0.02%,12478.57,10552.79,4.25%
2021-04-15,Cycle_2,4948.97,3.95,19548.45,27,-2.58%,22367.70,20663.61,7.19%
2021-04-15,Cycle_3,4948.97,5.630000000000001,27862.72,33,-7.27%,31733.76,29468.75,14.43%
2021-04-15,Cycle_4,4948.97,7.59,37562.71,67,-6.05%,39981.98,39981.98,15.18%
2021-04-16,Cycle_1,4966.18,2.0199999999999996,10031.69,4,0.37%,12478.57,10552.79,4.25%
2021-04-16,Cycle_2,4966.18,3.95,19616.42,28,-2.24%,22367.70,20663.61,7.19%
2021-04-16,Cycle_3,4966.18,5.630000000000001,27959.60,34,-6.94%,31733.76,29468.75,14.43%
2021-04-16,Cycle_4,4966.18,7.59,37693.31,68,-5.72%,39981.98,39981.98,15.18%
2021-04-19,Cycle_1,5087.02,1.9799999999999995,10072.29,0,0.00%,12478.57,10349.31,4.25%
2021-04-19,Cycle_2,5087.02,3.95,20093.72,29,0.14%,22367.70,20663.61,7.19%
2021-04-19,Cycle_3,5087.02,5.630000000000001,28639.90,35,-4.68%,31733.76,29468.75,14.43%
2021-04-19,Cycle_4,5087.02,7.59,38610.46,69,-3.43%,39981.98,39981.98,15.18%
2021-04-20,Cycle_1,5083.37,1.9799999999999995,10065.06,1,-0.07%,12478.57,10349.31,4.25%
2021-04-20,Cycle_2,5083.37,3.95,20079.29,30,0.07%,22367.70,20663.61,7.19%
2021-04-20,Cycle_3,5083.37,5.630000000000001,28619.35,36,-4.75%,31733.76,29468.75,14.43%
2021-04-20,Cycle_4,5083.37,7.59,38582.74,70,-3.50%,39981.98,39981.98,15.18%
2021-04-21,Cycle_1,5098.74,1.9799999999999995,10095.51,2,0.23%,12478.57,10349.31,4.25%
2021-04-21,Cycle_2,5098.74,3.95,20140.04,31,0.37%,22367.70,20663.61,7.19%
2021-04-21,Cycle_3,5098.74,5.630000000000001,28705.93,37,-4.46%,31733.76,29468.75,14.43%
2021-04-21,Cycle_4,5098.74,7.59,38699.47,71,-3.21%,39981.98,39981.98,15.18%
2021-04-22,Cycle_1,5089.24,1.9799999999999995,10076.70,3,0.04%,12478.57,10349.31,4.25%
2021-04-22,Cycle_2,5089.24,3.95,20102.51,32,0.18%,22367.70,20663.61,7.19%
2021-04-22,Cycle_3,5089.24,5.630000000000001,28652.44,38,-4.64%,31733.76,29468.75,14.43%
2021-04-22,Cycle_4,5089.24,7.59,38627.36,72,-3.39%,39981.98,39981.98,15.18%
2021-04-23,Cycle_1,5135.45,1.9799999999999995,10168.20,4,0.95%,12478.57,10349.31,4.25%
2021-04-23,Cycle_2,5135.45,3.95,20285.04,33,1.09%,22367.70,20663.61,7.19%
2021-04-23,Cycle_3,5135.45,5.630000000000001,28912.60,39,-3.77%,31733.76,29468.75,14.43%
2021-04-23,Cycle_4,5135.45,7.59,38978.09,73,-2.51%,39981.98,39981.98,15.18%
2021-04-26,Cycle_1,5077.24,1.9799999999999995,10052.93,5,-0.19%,12478.57,10349.31,4.25%
2021-04-26,Cycle_2,5077.24,3.95,20055.09,34,-0.05%,22367.70,20663.61,7.19%
2021-04-26,Cycle_3,5077.24,5.630000000000001,28584.85,40,-4.86%,31733.76,29468.75,14.43%
2021-04-26,Cycle_4,5077.24,7.59,38536.23,74,-3.62%,39981.98,39981.98,15.18%
2021-04-27,Cycle_1,5090.52,1.9799999999999995,10079.23,6,0.07%,12478.57,10349.31,4.25%
2021-04-27,Cycle_2,5090.52,3.95,20107.55,35,0.21%,22367.70,20663.61,7.19%
2021-04-27,Cycle_3,5090.52,5.630000000000001,28659.62,41,-4.61%,31733.76,29468.75,14.43%
2021-04-27,Cycle_4,5090.52,7.59,38637.04,75,-3.36%,39981.98,39981.98,15.18%
2021-04-28,Cycle_1,5119.24,1.9799999999999995,10136.10,7,0.63%,12478.57,10349.31,4.25%
2021-04-28,Cycle_2,5119.24,3.95,20221.01,36,0.77%,22367.70,20663.61,7.19%
2021-04-28,Cycle_3,5119.24,5.630000000000001,28821.33,42,-4.08%,31733.76,29468.75,14.43%
2021-04-28,Cycle_4,5119.24,7.59,38855.05,76,-2.82%,39981.98,39981.98,15.18%
2021-04-29,Cycle_1,5164.17,1.9799999999999995,10225.06,8,1.52%,12478.57,10349.31,4.25%
2021-04-29,Cycle_2,5164.17,3.95,20398.47,37,1.66%,22367.70,20663.61,7.19%
2021-04-29,Cycle_3,5164.17,5.630000000000001,29074.27,43,-3.23%,31733.76,29468.75,14.43%
2021-04-29,Cycle_4,5164.17,7.59,39196.04,77,-1.97%,39981.98,39981.98,15.18%
2021-04-30,Cycle_1,5123.49,1.9799999999999995,10144.51,9,0.72%,12478.57,10349.31,4.25%
2021-04-30,Cycle_2,5123.49,3.95,20237.78,38,0.86%,22367.70,20663.61,7.19%
2021-04-30,Cycle_3,5123.49,5.630000000000001,28845.24,44,-4.00%,31733.76,29468.75,14.43%
2021-04-30,Cycle_4,5123.49,7.59,38887.28,78,-2.74%,39981.98,39981.98,15.18%
2021-05-06,Cycle_1,5061.12,1.9799999999999995,10021.03,10,-0.51%,12478.57,10349.31,4.25%
2021-05-06,Cycle_2,5061.12,3.95,19991.44,39,-0.37%,22367.70,20663.61,7.19%
2021-05-06,Cycle_3,5061.12,5.630000000000001,28494.13,45,-5.16%,31733.76,29468.75,14.43%
2021-05-06,Cycle_4,5061.12,7.59,38413.93,79,-3.92%,39981.98,39981.98,15.18%
2021-05-07,Cycle_1,4996.05,1.9799999999999995,9892.18,11,-1.79%,12478.57,10349.31,4.25%
2021-05-07,Cycle_2,4996.05,3.95,19734.41,40,-1.65%,22367.70,20663.61,7.19%
2021-05-07,Cycle_3,4996.05,5.630000000000001,28127.78,46,-6.38%,31733.76,29468.75,14.43%
2021-05-07,Cycle_4,4996.05,7.59,37920.04,80,-5.16%,39981.98,39981.98,15.18%
2021-05-10,Cycle_1,4992.42,1.9799999999999995,9885.00,12,-1.86%,12478.57,10349.31,4.25%
2021-05-10,Cycle_2,4992.42,3.95,19720.07,41,-1.72%,22367.70,20663.61,7.19%
2021-05-10,Cycle_3,4992.42,5.630000000000001,28107.34,47,-6.45%,31733.76,29468.75,14.43%
2021-05-10,Cycle_4,4992.42,7.59,37892.48,81,-5.23%,39981.98,39981.98,15.18%
2021-05-11,Cycle_1,5023.06,1.9799999999999995,9945.66,13,-1.26%,12478.57,10349.31,4.25%
2021-05-11,Cycle_2,5023.06,3.95,19841.09,42,-1.12%,22367.70,20663.61,7.19%
2021-05-11,Cycle_3,5023.06,5.630000000000001,28279.82,48,-5.88%,31733.76,29468.75,14.43%
2021-05-11,Cycle_4,5023.06,7.59,38125.02,82,-4.64%,39981.98,39981.98,15.18%
2021-05-12,Cycle_1,5044.55,1.9799999999999995,9988.21,14,-0.83%,12478.57,10349.31,4.25%
2021-05-12,Cycle_2,5044.55,3.95,19925.96,43,-0.70%,22367.70,20663.61,7.19%
2021-05-12,Cycle_3,5044.55,5.630000000000001,28400.81,49,-5.48%,31733.76,29468.75,14.43%
2021-05-12,Cycle_4,5044.55,7.59,38288.12,83,-4.24%,39981.98,39981.98,15.18%
2021-05-13,Cycle_1,4992.97,1.9799999999999995,9886.09,15,-1.85%,12478.57,10349.31,4.25%
2021-05-13,Cycle_2,4992.97,3.95,19722.25,44,-1.71%,22367.70,20663.61,7.19%
2021-05-13,Cycle_3,4992.97,5.630000000000001,28110.44,50,-6.44%,31733.76,29468.75,14.43%
2021-05-13,Cycle_4,4992.97,7.59,37896.67,84,-5.22%,39981.98,39981.98,15.18%
2021-05-14,Cycle_1,5110.59,1.9799999999999995,10118.97,16,0.46%,12478.57,10349.31,4.25%
2021-05-14,Cycle_2,5110.59,3.95,20186.83,45,0.60%,22367.70,20663.61,7.19%
2021-05-14,Cycle_3,5110.59,5.630000000000001,28772.62,51,-4.24%,31733.76,29468.75,14.43%
2021-05-14,Cycle_4,5110.59,7.59,38789.38,85,-2.98%,39981.98,39981.98,15.18%
2021-05-17,Cycle_1,5184.99,1.9799999999999995,10266.27,17,1.93%,12478.57,10349.31,4.25%
2021-05-17,Cycle_2,5184.99,3.95,20480.69,46,2.07%,22367.70,20663.61,7.19%
2021-05-17,Cycle_3,5184.99,5.630000000000001,29191.47,52,-2.84%,31733.76,29468.75,14.43%
2021-05-17,Cycle_4,5184.99,7.59,39354.04,86,-1.57%,39981.98,39981.98,15.18%
2021-05-18,Cycle_1,5187.60,1.9799999999999995,10271.45,18,1.98%,12478.57,10349.31,4.25%
2021-05-18,Cycle_2,5187.60,3.95,20491.03,47,2.12%,22367.70,20663.61,7.19%
2021-05-18,Cycle_3,5187.60,5.630000000000001,29206.20,53,-2.79%,31733.76,29468.75,14.43%
2021-05-18,Cycle_4,5187.60,7.59,39373.89,87,-1.52%,39981.98,39981.98,15.18%
2021-05-19,Cycle_1,5172.27,1.9799999999999995,10241.10,19,1.68%,12478.57,10349.31,4.25%
2021-05-19,Cycle_2,5172.27,3.95,20430.47,48,1.82%,22367.70,20663.61,7.19%
2021-05-19,Cycle_3,5172.27,5.630000000000001,29119.89,54,-3.08%,31733.76,29468.75,14.43%
2021-05-19,Cycle_4,5172.27,7.59,39257.54,88,-1.81%,39981.98,39981.98,15.18%
2021-05-20,Cycle_1,5186.41,1.9799999999999995,10269.10,20,1.95%,12478.57,10349.31,4.25%
2021-05-20,Cycle_2,5186.41,3.95,20486.33,49,2.09%,22367.70,20663.61,7.19%
2021-05-20,Cycle_3,5186.41,5.630000000000001,29199.50,55,-2.82%,31733.76,29468.75,14.43%
2021-05-20,Cycle_4,5186.41,7.59,39364.87,89,-1.54%,39981.98,39981.98,15.18%
2021-05-21,Cycle_1,5134.15,1.9799999999999995,10165.61,21,0.93%,12478.57,10349.31,4.25%
2021-05-21,Cycle_2,5134.15,3.95,20279.89,50,1.07%,22367.70,20663.61,7.19%
2021-05-21,Cycle_3,5134.15,5.630000000000001,28905.25,56,-3.80%,31733.76,29468.75,14.43%
2021-05-21,Cycle_4,5134.15,7.59,38968.19,90,-2.54%,39981.98,39981.98,15.18%
2021-05-24,Cycle_1,5155.59,1.9799999999999995,10208.06,22,1.35%,12478.57,10349.31,4.25%
2021-05-24,Cycle_2,5155.59,3.95,20364.57,51,1.49%,22367.70,20663.61,7.19%
2021-05-24,Cycle_3,5155.59,5.630000000000001,29025.96,57,-3.39%,31733.76,29468.75,14.43%
2021-05-24,Cycle_4,5155.59,7.59,39130.91,91,-2.13%,39981.98,39981.98,15.18%
2021-05-25,Cycle_1,5318.48,1.8999999999999995,10105.11,0,0.00%,12478.57,9923.83,4.25%
2021-05-25,Cycle_2,5318.48,3.85,20476.14,0,0.00%,22367.70,20131.76,7.19%
2021-05-25,Cycle_3,5318.48,5.630000000000001,29943.03,58,-0.34%,31733.76,29468.75,14.43%
2021-05-25,Cycle_4,5318.48,7.59,40367.25,92,0.96%,39981.98,39981.98,15.18%
2021-05-26,Cycle_1,5320.59,1.8999999999999995,10109.13,1,0.04%,12478.57,9923.83,4.25%
2021-05-26,Cycle_2,5320.59,3.85,20484.28,1,0.04%,22367.70,20131.76,7.19%
2021-05-26,Cycle_3,5320.59,5.630000000000001,29954.94,59,-0.30%,31733.76,29468.75,14.43%
2021-05-26,Cycle_4,5320.59,7.59,40383.30,93,1.00%,39981.98,39981.98,15.18%
2021-05-27,Cycle_1,5338.23,1.8999999999999995,10142.64,2,0.37%,12478.57,9923.83,4.25%
2021-05-27,Cycle_2,5338.23,3.85,20552.20,2,0.37%,22367.70,20131.76,7.19%
2021-05-27,Cycle_3,5338.23,5.630000000000001,30054.25,60,0.03%,31733.76,29468.75,14.43%
2021-05-27,Cycle_4,5338.23,7.59,40517.19,94,1.34%,39981.98,39981.98,15.18%
2021-05-28,Cycle_1,5321.09,1.8999999999999995,10110.07,3,0.05%,12478.57,9923.83,4.25%
2021-05-28,Cycle_2,5321.09,3.85,20486.19,3,0.05%,22367.70,20131.76,7.19%
2021-05-28,Cycle_3,5321.09,5.630000000000001,29957.73,61,-0.29%,31733.76,29468.75,14.43%
2021-05-28,Cycle_4,5321.09,7.59,40387.06,95,1.01%,39981.98,39981.98,15.18%
2021-05-31,Cycle_1,5331.57,1.8999999999999995,10129.98,4,0.25%,12478.57,9923.83,4.25%
2021-05-31,Cycle_2,5331.57,3.85,20526.54,4,0.25%,22367.70,20131.76,7.19%
2021-05-31,Cycle_3,5331.57,5.630000000000001,30016.74,62,-0.10%,31733.76,29468.75,14.43%
2021-05-31,Cycle_4,5331.57,7.59,40466.61,96,1.21%,39981.98,39981.98,15.18%
2021-06-01,Cycle_1,5341.68,1.8999999999999995,10149.19,5,0.44%,12478.57,9923.83,4.25%
2021-06-01,Cycle_2,5341.68,3.85,20565.47,5,0.44%,22367.70,20131.76,7.19%
2021-06-01,Cycle_3,5341.68,5.630000000000001,30073.66,63,0.09%,31733.76,29468.75,14.43%
2021-06-01,Cycle_4,5341.68,7.59,40543.35,97,1.40%,39981.98,39981.98,15.18%
2021-06-02,Cycle_1,5289.97,1.8999999999999995,10050.95,6,-0.54%,12478.57,9923.83,4.25%
2021-06-02,Cycle_2,5289.97,3.85,20366.40,6,-0.54%,22367.70,20131.76,7.19%
2021-06-02,Cycle_3,5289.97,5.630000000000001,29782.55,64,-0.88%,31733.76,29468.75,14.43%
2021-06-02,Cycle_4,5289.97,7.59,40150.90,98,0.42%,39981.98,39981.98,15.18%
2021-06-03,Cycle_1,5255.29,1.8999999999999995,9985.04,7,-1.19%,12478.57,9923.83,4.25%
2021-06-03,Cycle_2,5255.29,3.85,20232.85,7,-1.19%,22367.70,20131.76,7.19%
2021-06-03,Cycle_3,5255.29,5.630000000000001,29587.26,65,-1.53%,31733.76,29468.75,14.43%
2021-06-03,Cycle_4,5255.29,7.59,39887.62,99,-0.24%,39981.98,39981.98,15.18%
2021-06-04,Cycle_1,5282.28,1.8999999999999995,10036.33,8,-0.68%,12478.57,9923.83,4.25%
2021-06-04,Cycle_2,5282.28,3.85,20336.77,8,-0.68%,22367.70,20131.76,7.19%
2021-06-04,Cycle_3,5282.28,5.630000000000001,29739.22,66,-1.02%,31733.76,29468.75,14.43%
2021-06-04,Cycle_4,5282.28,7.59,40092.48,100,0.28%,39981.98,39981.98,15.18%
2021-06-07,Cycle_1,5277.63,1.8999999999999995,10027.49,9,-0.77%,12478.57,9923.83,4.25%
2021-06-07,Cycle_2,5277.63,3.85,20318.86,9,-0.77%,22367.70,20131.76,7.19%
2021-06-07,Cycle_3,5277.63,5.630000000000001,29713.04,67,-1.11%,31733.76,29468.75,14.43%
2021-06-07,Cycle_4,5277.63,7.59,40057.19,101,0.19%,39981.98,39981.98,15.18%
2021-06-08,Cycle_1,5232.12,1.8999999999999995,9941.02,10,-1.62%,12478.57,9923.83,4.25%
2021-06-08,Cycle_2,5232.12,3.85,20143.65,10,-1.62%,22367.70,20131.76,7.19%
2021-06-08,Cycle_3,5232.12,5.630000000000001,29456.82,68,-1.96%,31733.76,29468.75,14.43%
2021-06-08,Cycle_4,5232.12,7.59,39711.76,102,-0.68%,39981.98,39981.98,15.18%
2021-06-09,Cycle_1,5236.45,1.8999999999999995,9949.25,11,-1.54%,12478.57,9923.83,4.25%
2021-06-09,Cycle_2,5236.45,3.85,20160.33,11,-1.54%,22367.70,20131.76,7.19%
2021-06-09,Cycle_3,5236.45,5.630000000000001,29481.21,69,-1.88%,31733.76,29468.75,14.43%
2021-06-09,Cycle_4,5236.45,7.59,39744.65,103,-0.59%,39981.98,39981.98,15.18%
2021-06-10,Cycle_1,5271.47,1.8999999999999995,10015.79,12,-0.88%,12478.57,9923.83,4.25%
2021-06-10,Cycle_2,5271.47,3.85,20295.14,12,-0.88%,22367.70,20131.76,7.19%
2021-06-10,Cycle_3,5271.47,5.630000000000001,29678.35,70,-1.22%,31733.76,29468.75,14.43%
2021-06-10,Cycle_4,5271.47,7.59,40010.43,104,0.07%,39981.98,39981.98,15.18%
2021-06-11,Cycle_1,5224.70,1.8999999999999995,9926.94,13,-1.76%,12478.57,9923.83,4.25%
2021-06-11,Cycle_2,5224.70,3.85,20115.11,13,-1.76%,22367.70,20131.76,7.19%
2021-06-11,Cycle_3,5224.70,5.630000000000001,29415.08,71,-2.10%,31733.76,29468.75,14.43%
2021-06-11,Cycle_4,5224.70,7.59,39655.50,105,-0.82%,39981.98,39981.98,15.18%
2021-06-15,Cycle_1,5166.56,1.9399999999999995,10023.13,0,0.00%,12685.23,10130.50,4.25%
2021-06-15,Cycle_2,5166.56,3.85,19891.25,14,-2.86%,22367.70,20131.76,7.19%
2021-06-15,Cycle_3,5166.56,5.630000000000001,29087.73,72,-3.19%,31733.76,29468.75,14.43%
2021-06-15,Cycle_4,5166.56,7.59,39214.19,106,-1.92%,39981.98,39981.98,15.18%
2021-06-16,Cycle_1,5080.49,1.9399999999999995,9856.15,1,-1.67%,12685.23,10130.50,4.25%
2021-06-16,Cycle_2,5080.49,3.95,20067.94,0,0.00%,22875.75,20639.81,7.19%
2021-06-16,Cycle_3,5080.49,5.630000000000001,28603.16,73,-4.80%,31733.76,29468.75,14.43%
2021-06-16,Cycle_4,5080.49,7.59,38560.93,107,-3.55%,39981.98,39981.98,15.18%
2021-06-17,Cycle_1,5101.89,1.9399999999999995,9897.67,2,-1.25%,12685.23,10130.50,4.25%
2021-06-17,Cycle_2,5101.89,3.95,20152.47,1,0.42%,22875.75,20639.81,7.19%
2021-06-17,Cycle_3,5101.89,5.630000000000001,28723.65,74,-4.40%,31733.76,29468.75,14.43%
2021-06-17,Cycle_4,5101.89,7.59,38723.36,108,-3.15%,39981.98,39981.98,15.18%
2021-06-18,Cycle_1,5102.47,1.9399999999999995,9898.78,3,-1.24%,12685.23,10130.50,4.25%
2021-06-18,Cycle_2,5102.47,3.95,20154.74,2,0.43%,22875.75,20639.81,7.19%
2021-06-18,Cycle_3,5102.47,5.630000000000001,28726.88,75,-4.39%,31733.76,29468.75,14.43%
2021-06-18,Cycle_4,5102.47,7.59,38727.71,109,-3.14%,39981.98,39981.98,15.18%
2021-06-21,Cycle_1,5090.39,1.9399999999999995,9875.35,4,-1.47%,12685.23,10130.50,4.25%
2021-06-21,Cycle_2,5090.39,3.95,20107.02,3,0.19%,22875.75,20639.81,7.19%
2021-06-21,Cycle_3,5090.39,5.630000000000001,28658.87,76,-4.62%,31733.76,29468.75,14.43%
2021-06-21,Cycle_4,5090.39,7.59,38636.03,110,-3.37%,39981.98,39981.98,15.18%
2021-06-22,Cycle_1,5122.16,1.9399999999999995,9936.99,5,-0.86%,12685.23,10130.50,4.25%
2021-06-22,Cycle_2,5122.16,3.95,20232.53,4,0.82%,22875.75,20639.81,7.19%
2021-06-22,Cycle_3,5122.16,5.630000000000001,28837.75,77,-4.02%,31733.76,29468.75,14.43%
2021-06-22,Cycle_4,5122.16,7.59,38877.18,111,-2.76%,39981.98,39981.98,15.18%
2021-06-23,Cycle_1,5147.39,1.9399999999999995,9985.94,6,-0.37%,12685.23,10130.50,4.25%
2021-06-23,Cycle_2,5147.39,3.95,20332.21,5,1.32%,22875.75,20639.81,7.19%
2021-06-23,Cycle_3,5147.39,5.630000000000001,28979.83,78,-3.55%,31733.76,29468.75,14.43%
2021-06-23,Cycle_4,5147.39,7.59,39068.72,112,-2.28%,39981.98,39981.98,15.18%
2021-06-24,Cycle_1,5155.97,1.9399999999999995,10002.59,7,-0.20%,12685.23,10130.50,4.25%
2021-06-24,Cycle_2,5155.97,3.95,20366.10,6,1.49%,22875.75,20639.81,7.19%
2021-06-24,Cycle_3,5155.97,5.630000000000001,29028.13,79,-3.39%,31733.76,29468.75,14.43%
2021-06-24,Cycle_4,5155.97,7.59,39133.84,113,-2.12%,39981.98,39981.98,15.18%
2021-06-25,Cycle_1,5239.97,1.9399999999999995,10165.54,8,1.42%,12685.23,10130.50,4.25%
2021-06-25,Cycle_2,5239.97,3.95,20697.88,7,3.14%,22875.75,20639.81,7.19%
2021-06-25,Cycle_3,5239.97,5.630000000000001,29501.02,80,-1.81%,31733.76,29468.75,14.43%
2021-06-25,Cycle_4,5239.97,7.59,39771.36,114,-0.53%,39981.98,39981.98,15.18%
2021-06-28,Cycle_1,5251.76,1.9399999999999995,10188.42,9,1.65%,12685.23,10130.50,4.25%
2021-06-28,Cycle_2,5251.76,3.95,20744.45,8,3.37%,22875.75,20639.81,7.19%
2021-06-28,Cycle_3,5251.76,5.630000000000001,29567.41,81,-1.59%,31733.76,29468.75,14.43%
2021-06-28,Cycle_4,5251.76,7.59,39860.86,115,-0.30%,39981.98,39981.98,15.18%
2021-06-29,Cycle_1,5190.54,1.9399999999999995,10069.66,10,0.46%,12685.23,10130.50,4.25%
2021-06-29,Cycle_2,5190.54,3.95,20502.65,9,2.17%,22875.75,20639.81,7.19%
2021-06-29,Cycle_3,5190.54,5.630000000000001,29222.77,82,-2.74%,31733.76,29468.75,14.43%
2021-06-29,Cycle_4,5190.54,7.59,39396.23,116,-1.47%,39981.98,39981.98,15.18%
2021-06-30,Cycle_1,5224.04,1.9399999999999995,10134.64,11,1.11%,12685.23,10130.50,4.25%
2021-06-30,Cycle_2,5224.04,3.95,20634.96,10,2.83%,22875.75,20639.81,7.19%
2021-06-30,Cycle_3,5224.04,5.630000000000001,29411.35,83,-2.11%,31733.76,29468.75,14.43%
2021-06-30,Cycle_4,5224.04,7.59,39650.47,117,-0.83%,39981.98,39981.98,15.18%
2021-07-01,Cycle_1,5229.66,1.9399999999999995,10145.55,12,1.22%,12685.23,10130.50,4.25%
2021-07-01,Cycle_2,5229.66,3.95,20657.17,11,2.94%,22875.75,20639.81,7.19%
2021-07-01,Cycle_3,5229.66,5.630000000000001,29443.01,84,-2.01%,31733.76,29468.75,14.43%
2021-07-01,Cycle_4,5229.66,7.59,39693.15,118,-0.72%,39981.98,39981.98,15.18%
2021-07-02,Cycle_1,5081.12,1.9399999999999995,9857.37,13,-1.65%,12685.23,10130.50,4.25%
2021-07-02,Cycle_2,5081.12,3.95,20070.41,12,0.01%,22875.75,20639.81,7.19%
2021-07-02,Cycle_3,5081.12,5.630000000000001,28606.69,85,-4.79%,31733.76,29468.75,14.43%
2021-07-02,Cycle_4,5081.12,7.59,38565.68,119,-3.54%,39981.98,39981.98,15.18%
2021-07-05,Cycle_1,5085.79,1.9399999999999995,9866.44,14,-1.56%,12685.23,10130.50,4.25%
2021-07-05,Cycle_2,5085.79,3.95,20088.88,13,0.10%,22875.75,20639.81,7.19%
2021-07-05,Cycle_3,5085.79,5.630000000000001,28633.01,86,-4.70%,31733.76,29468.75,14.43%
2021-07-05,Cycle_4,5085.79,7.59,38601.16,120,-3.45%,39981.98,39981.98,15.18%
2021-07-06,Cycle_1,5083.10,1.9399999999999995,9861.22,15,-1.62%,12685.23,10130.50,4.25%
2021-07-06,Cycle_2,5083.10,3.95,20078.26,14,0.05%,22875.75,20639.81,7.19%
2021-07-06,Cycle_3,5083.10,5.630000000000001,28617.88,87,-4.75%,31733.76,29468.75,14.43%
2021-07-06,Cycle_4,5083.10,7.59,38580.76,121,-3.50%,39981.98,39981.98,15.18%
2021-07-07,Cycle_1,5140.49,1.9399999999999995,9972.55,16,-0.50%,12685.23,10130.50,4.25%
2021-07-07,Cycle_2,5140.49,3.95,20304.94,15,1.18%,22875.75,20639.81,7.19%
2021-07-07,Cycle_3,5140.49,5.630000000000001,28940.96,88,-3.68%,31733.76,29468.75,14.43%
2021-07-07,Cycle_4,5140.49,7.59,39016.32,122,-2.42%,39981.98,39981.98,15.18%
2021-07-08,Cycle_1,5088.26,1.9399999999999995,9871.22,17,-1.52%,12685.23,10130.50,4.25%
2021-07-08,Cycle_2,5088.26,3.95,20098.61,16,0.15%,22875.75,20639.81,7.19%
2021-07-08,Cycle_3,5088.26,5.630000000000001,28646.88,89,-4.66%,31733.76,29468.75,14.43%
2021-07-08,Cycle_4,5088.26,7.59,38619.87,123,-3.41%,39981.98,39981.98,15.18%
2021-07-09,Cycle_1,5069.44,1.9399999999999995,9834.71,18,-1.88%,12685.23,10130.50,4.25%
2021-07-09,Cycle_2,5069.44,3.95,20024.27,17,-0.22%,22875.75,20639.81,7.19%
2021-07-09,Cycle_3,5069.44,5.630000000000001,28540.93,90,-5.01%,31733.76,29468.75,14.43%
2021-07-09,Cycle_4,5069.44,7.59,38477.02,124,-3.76%,39981.98,39981.98,15.18%
2021-07-12,Cycle_1,5132.71,1.9399999999999995,9957.46,19,-0.66%,12685.23,10130.50,4.25%
2021-07-12,Cycle_2,5132.71,3.95,20274.20,18,1.03%,22875.75,20639.81,7.19%
2021-07-12,Cycle_3,5132.71,5.630000000000001,28897.15,91,-3.82%,31733.76,29468.75,14.43%
2021-07-12,Cycle_4,5132.71,7.59,38957.26,125,-2.56%,39981.98,39981.98,15.18%
2021-07-13,Cycle_1,5142.10,1.9399999999999995,9975.67,20,-0.47%,12685.23,10130.50,4.25%
2021-07-13,Cycle_2,5142.10,3.95,20311.29,19,1.21%,22875.75,20639.81,7.19%
2021-07-13,Cycle_3,5142.10,5.630000000000001,28950.02,92,-3.65%,31733.76,29468.75,14.43%
2021-07-13,Cycle_4,5142.10,7.59,39028.53,126,-2.38%,39981.98,39981.98,15.18%
2021-07-14,Cycle_1,5083.08,1.9399999999999995,9861.18,21,-1.62%,12685.23,10130.50,4.25%
2021-07-14,Cycle_2,5083.08,3.95,20078.19,20,0.05%,22875.75,20639.81,7.19%
2021-07-14,Cycle_3,5083.08,5.630000000000001,28617.77,93,-4.75%,31733.76,29468.75,14.43%
2021-07-14,Cycle_4,5083.08,7.59,38580.61,127,-3.50%,39981.98,39981.98,15.18%
2021-07-15,Cycle_1,5151.46,1.9399999999999995,9993.84,22,-0.29%,12685.23,10130.50,4.25%
2021-07-15,Cycle_2,5151.46,3.95,20348.28,21,1.40%,22875.75,20639.81,7.19%
2021-07-15,Cycle_3,5151.46,5.630000000000001,29002.73,94,-3.47%,31733.76,29468.75,14.43%
2021-07-15,Cycle_4,5151.46,7.59,39099.60,128,-2.21%,39981.98,39981.98,15.18%
2021-07-16,Cycle_1,5094.77,1.9399999999999995,9883.86,23,-1.39%,12685.23,10130.50,4.25%
2021-07-16,Cycle_2,5094.77,3.95,20124.35,22,0.28%,22875.75,20639.81,7.19%
2021-07-16,Cycle_3,5094.77,5.630000000000001,28683.57,95,-4.53%,31733.76,29468.75,14.43%
2021-07-16,Cycle_4,5094.77,7.59,38669.32,129,-3.28%,39981.98,39981.98,15.18%
2021-07-19,Cycle_1,5113.49,1.9399999999999995,9920.18,24,-1.03%,12685.23,10130.50,4.25%
2021-07-19,Cycle_2,5113.49,3.95,20198.30,23,0.65%,22875.75,20639.81,7.19%
2021-07-19,Cycle_3,5113.49,5.630000000000001,28788.97,96,-4.18%,31733.76,29468.75,14.43%
2021-07-19,Cycle_4,5113.49,7.59,38811.42,130,-2.93%,39981.98,39981.98,15.18%
2021-07-20,Cycle_1,5108.99,1.9399999999999995,9911.45,25,-1.11%,12685.23,10130.50,4.25%
2021-07-20,Cycle_2,5108.99,3.95,20180.53,24,0.56%,22875.75,20639.81,7.19%
2021-07-20,Cycle_3,5108.99,5.630000000000001,28763.64,97,-4.27%,31733.76,29468.75,14.43%
2021-07-20,Cycle_4,5108.99,7.59,38777.27,131,-3.01%,39981.98,39981.98,15.18%
2021-07-21,Cycle_1,5144.04,1.9399999999999995,9979.44,26,-0.44%,12685.23,10130.50,4.25%
2021-07-21,Cycle_2,5144.04,3.95,20318.97,25,1.25%,22875.75,20639.81,7.19%
2021-07-21,Cycle_3,5144.04,5.630000000000001,28960.96,98,-3.61%,31733.76,29468.75,14.43%
2021-07-21,Cycle_4,5144.04,7.59,39043.28,132,-2.35%,39981.98,39981.98,15.18%
2021-07-22,Cycle_1,5151.75,1.9399999999999995,9994.40,27,-0.29%,12685.23,10130.50,4.25%
2021-07-22,Cycle_2,5151.75,3.95,20349.42,26,1.40%,22875.75,20639.81,7.19%
2021-07-22,Cycle_3,5151.75,5.630000000000001,29004.36,99,-3.47%,31733.76,29468.75,14.43%
2021-07-22,Cycle_4,5151.75,7.59,39101.80,133,-2.20%,39981.98,39981.98,15.18%
2021-07-23,Cycle_1,5089.23,1.9399999999999995,9873.10,28,-1.50%,12685.23,10130.50,4.25%
2021-07-23,Cycle_2,5089.23,3.95,20102.45,27,0.17%,22875.75,20639.81,7.19%
2021-07-23,Cycle_3,5089.23,5.630000000000001,28652.35,100,-4.64%,31733.76,29468.75,14.43%
2021-07-23,Cycle_4,5089.23,7.59,38627.24,134,-3.39%,39981.98,39981.98,15.18%
2021-07-26,Cycle_1,4925.30,2.0499999999999994,10096.86,0,0.00%,13227.01,10672.28,4.25%
2021-07-26,Cycle_2,4925.30,3.95,19454.93,28,-3.05%,22875.75,20639.81,7.19%
2021-07-26,Cycle_3,4925.30,5.630000000000001,27729.43,101,-7.71%,31733.76,29468.75,14.45%
2021-07-26,Cycle_4,4925.30,7.59,37383.02,135,-6.50%,39981.98,39981.98,15.19%
2021-07-27,Cycle_1,4751.31,2.1099999999999994,10025.27,0,0.00%,13512.09,10957.36,4.25%
2021-07-27,Cycle_2,4751.31,4.24,20145.57,0,0.00%,24253.63,22017.69,7.19%
2021-07-27,Cycle_3,4751.31,6.490000000000001,30836.02,0,0.00%,35819.89,33554.88,14.45%
2021-07-27,Cycle_4,4751.31,7.59,36062.47,136,-9.80%,39981.98,39981.98,18.19%
2021-07-28,Cycle_1,4760.48,2.1099999999999994,10044.62,1,0.19%,13512.09,10957.36,4.25%
2021-07-28,Cycle_2,4760.48,4.24,20184.45,1,0.19%,24253.63,22017.69,7.19%
2021-07-28,Cycle_3,4760.48,6.490000000000001,30895.53,1,0.19%,35819.89,33554.88,14.45%
2021-07-28,Cycle_4,4760.48,7.59,36132.06,137,-9.63%,39981.98,39981.98,18.19%
2021-07-29,Cycle_1,4850.27,2.0699999999999994,10040.07,0,0.00%,13512.09,10763.35,4.25%
2021-07-29,Cycle_2,4850.27,4.24,20565.16,2,2.08%,24253.63,22017.69,7.19%
2021-07-29,Cycle_3,4850.27,6.490000000000001,31478.28,2,2.08%,35819.89,33554.88,14.45%
2021-07-29,Cycle_4,4850.27,7.59,36813.58,138,-7.92%,39981.98,39981.98,18.19%
2021-07-30,Cycle_1,4811.17,2.0699999999999994,9959.12,1,-0.81%,13512.09,10763.35,4.25%
2021-07-30,Cycle_2,4811.17,4.24,20399.36,3,1.26%,24253.63,22017.69,7.19%
2021-07-30,Cycle_3,4811.17,6.490000000000001,31224.49,3,1.26%,35819.89,33554.88,14.45%
2021-07-30,Cycle_4,4811.17,7.59,36516.78,139,-8.67%,39981.98,39981.98,18.19%
2021-08-02,Cycle_1,4933.74,2.0699999999999994,10212.83,2,1.72%,13512.09,10763.35,4.25%
2021-08-02,Cycle_2,4933.74,4.24,20919.04,4,3.84%,24253.63,22017.69,7.19%
2021-08-02,Cycle_3,4933.74,6.490000000000001,32019.95,4,3.84%,35819.89,33554.88,14.45%
2021-08-02,Cycle_4,4933.74,7.59,37447.06,140,-6.34%,39981.98,39981.98,18.19%
2021-08-03,Cycle_1,4934.46,2.0699999999999994,10214.33,3,1.74%,13512.09,10763.35,4.25%
2021-08-03,Cycle_2,4934.46,4.24,20922.10,5,3.85%,24253.63,22017.69,7.19%
2021-08-03,Cycle_3,4934.46,6.490000000000001,32024.63,5,3.85%,35819.89,33554.88,14.45%
2021-08-03,Cycle_4,4934.46,7.59,37452.54,141,-6.33%,39981.98,39981.98,18.19%
2021-08-04,Cycle_1,4978.85,2.0199999999999996,10057.27,0,0.00%,13512.09,10514.40,4.25%
2021-08-04,Cycle_2,4978.85,4.0600000000000005,20214.12,0,0.00%,24253.63,21121.50,7.19%
2021-08-04,Cycle_3,4978.85,6.490000000000001,32312.72,6,4.79%,35819.89,33554.88,14.45%
2021-08-04,Cycle_4,4978.85,7.59,37789.46,142,-5.48%,39981.98,39981.98,18.19%
2021-08-05,Cycle_1,4948.67,2.0199999999999996,9996.31,1,-0.61%,13512.09,10514.40,4.25%
2021-08-05,Cycle_2,4948.67,4.0600000000000005,20091.60,1,-0.61%,24253.63,21121.50,7.19%
2021-08-05,Cycle_3,4948.67,6.490000000000001,32116.87,7,4.15%,35819.89,33554.88,14.45%
2021-08-05,Cycle_4,4948.67,7.59,37560.41,143,-6.06%,39981.98,39981.98,18.19%
2021-08-06,Cycle_1,4921.56,2.0199999999999996,9941.56,2,-1.15%,13512.09,10514.40,4.25%
2021-08-06,Cycle_2,4921.56,4.0600000000000005,19981.55,2,-1.15%,24253.63,21121.50,7.19%
2021-08-06,Cycle_3,4921.56,6.490000000000001,31940.95,8,3.58%,35819.89,33554.88,14.45%
2021-08-06,Cycle_4,4921.56,7.59,37354.68,144,-6.57%,39981.98,39981.98,18.19%
2021-08-09,Cycle_1,4985.56,2.0199999999999996,10070.84,3,0.13%,13512.09,10514.40,4.25%
2021-08-09,Cycle_2,4985.56,4.0600000000000005,20241.38,3,0.13%,24253.63,21121.50,7.19%
2021-08-09,Cycle_3,4985.56,6.490000000000001,32356.30,9,4.93%,35819.89,33554.88,14.45%
2021-08-09,Cycle_4,4985.56,7.59,37840.42,145,-5.36%,39981.98,39981.98,18.19%
2021-08-10,Cycle_1,5043.15,2.0199999999999996,10187.16,4,1.29%,13512.09,10514.40,4.25%
2021-08-10,Cycle_2,5043.15,4.0600000000000005,20475.18,4,1.29%,24253.63,21121.50,7.19%
2021-08-10,Cycle_3,5043.15,6.490000000000001,32730.03,10,6.14%,35819.89,33554.88,14.45%
2021-08-10,Cycle_4,5043.15,7.59,38277.49,146,-4.26%,39981.98,39981.98,18.19%
2021-08-11,Cycle_1,5015.34,2.0199999999999996,10130.99,5,0.73%,13512.09,10514.40,4.25%
2021-08-11,Cycle_2,5015.34,4.0600000000000005,20362.28,5,0.73%,24253.63,21121.50,7.19%
2021-08-11,Cycle_3,5015.34,6.490000000000001,32549.56,11,5.56%,35819.89,33554.88,14.45%
2021-08-11,Cycle_4,5015.34,7.59,38066.44,147,-4.79%,39981.98,39981.98,18.19%
2021-08-12,Cycle_1,4973.35,2.0199999999999996,10046.17,6,-0.11%,13512.09,10514.40,4.25%
2021-08-12,Cycle_2,4973.35,4.0600000000000005,20191.80,6,-0.11%,24253.63,21121.50,7.19%
2021-08-12,Cycle_3,4973.35,6.490000000000001,32277.05,12,4.67%,35819.89,33554.88,14.45%
2021-08-12,Cycle_4,4973.35,7.59,37747.73,148,-5.59%,39981.98,39981.98,18.19%
2021-08-13,Cycle_1,4945.98,2.0199999999999996,9990.89,7,-0.66%,13512.09,10514.40,4.25%
2021-08-13,Cycle_2,4945.98,4.0600000000000005,20080.69,7,-0.66%,24253.63,21121.50,7.19%
2021-08-13,Cycle_3,4945.98,6.490000000000001,32099.43,13,4.10%,35819.89,33554.88,14.45%
2021-08-13,Cycle_4,4945.98,7.59,37540.01,149,-6.11%,39981.98,39981.98,18.19%
2021-08-16,Cycle_1,4941.07,2.0199999999999996,9980.96,8,-0.76%,13512.09,10514.40,4.25%
2021-08-16,Cycle_2,4941.07,4.0600000000000005,20060.73,8,-0.76%,24253.63,21121.50,7.19%
2021-08-16,Cycle_3,4941.07,6.490000000000001,32067.53,14,3.99%,35819.89,33554.88,14.45%
2021-08-16,Cycle_4,4941.07,7.59,37502.70,150,-6.20%,39981.98,39981.98,18.19%
2021-08-17,Cycle_1,4837.40,2.0699999999999994,10013.43,0,0.00%,13753.96,10756.27,4.25%
2021-08-17,Cycle_2,4837.40,4.0600000000000005,19639.86,9,-2.84%,24253.63,21121.50,7.19%
2021-08-17,Cycle_3,4837.40,6.490000000000001,31394.75,15,1.81%,35819.89,33554.88,14.45%
2021-08-17,Cycle_4,4837.40,7.59,36715.89,151,-8.17%,39981.98,39981.98,18.19%
2021-08-18,Cycle_1,4894.24,2.0699999999999994,10131.07,1,1.17%,13753.96,10756.27,4.25%
2021-08-18,Cycle_2,4894.24,4.0600000000000005,19870.61,10,-1.70%,24253.63,21121.50,7.19%
2021-08-18,Cycle_3,4894.24,6.490000000000001,31763.61,16,3.01%,35819.89,33554.88,14.45%
2021-08-18,Cycle_4,4894.24,7.59,37147.27,152,-7.09%,39981.98,39981.98,18.19%
2021-08-19,Cycle_1,4862.14,2.0699999999999994,10064.63,2,0.51%,13753.96,10756.27,4.25%
2021-08-19,Cycle_2,4862.14,4.0600000000000005,19740.29,11,-2.34%,24253.63,21121.50,7.19%
2021-08-19,Cycle_3,4862.14,6.490000000000001,31555.28,17,2.33%,35819.89,33554.88,14.45%
2021-08-19,Cycle_4,4862.14,7.59,36903.64,153,-7.70%,39981.98,39981.98,18.19%
2021-08-20,Cycle_1,4769.27,2.0699999999999994,9872.38,3,-1.41%,13753.96,10756.27,4.25%
2021-08-20,Cycle_2,4769.27,4.210000000000001,20078.62,0,0.00%,24969.02,21836.89,7.19%
2021-08-20,Cycle_3,4769.27,6.490000000000001,30952.55,18,0.38%,35819.89,33554.88,14.45%
2021-08-20,Cycle_4,4769.27,7.59,36198.74,154,-9.46%,39981.98,39981.98,18.19%
2021-08-23,Cycle_1,4835.88,2.0699999999999994,10010.27,4,-0.03%,13753.96,10756.27,4.25%
2021-08-23,Cycle_2,4835.88,4.210000000000001,20359.05,1,1.40%,24969.02,21836.89,7.19%
2021-08-23,Cycle_3,4835.88,6.490000000000001,31384.85,19,1.78%,35819.89,33554.88,14.45%
2021-08-23,Cycle_4,4835.88,7.59,36704.32,155,-8.20%,39981.98,39981.98,18.19%
2021-08-24,Cycle_1,4888.39,2.0699999999999994,10118.97,5,1.05%,13753.96,10756.27,4.25%
2021-08-24,Cycle_2,4888.39,4.210000000000001,20580.12,2,2.50%,24969.02,21836.89,7.19%
2021-08-24,Cycle_3,4888.39,6.490000000000001,31725.65,20,2.89%,35819.89,33554.88,14.45%
2021-08-24,Cycle_4,4888.39,7.59,37102.88,156,-7.20%,39981.98,39981.98,18.19%
2021-08-25,Cycle_1,4898.16,2.0699999999999994,10139.19,6,1.26%,13753.96,10756.27,4.25%
2021-08-25,Cycle_2,4898.16,4.210000000000001,20621.24,3,2.70%,24969.02,21836.89,7.19%
2021-08-25,Cycle_3,4898.16,6.490000000000001,31789.04,21,3.09%,35819.89,33554.88,14.45%
2021-08-25,Cycle_4,4898.16,7.59,37177.01,157,-7.02%,39981.98,39981.98,18.19%
2021-08-26,Cycle_1,4801.61,2.0699999999999994,9939.33,7,-0.74%,13753.96,10756.27,4.25%
2021-08-26,Cycle_2,4801.61,4.210000000000001,20214.78,4,0.68%,24969.02,21836.89,7.19%
2021-08-26,Cycle_3,4801.61,6.490000000000001,31162.45,22,1.06%,35819.89,33554.88,14.45%
2021-08-26,Cycle_4,4801.61,7.59,36444.22,158,-8.85%,39981.98,39981.98,18.19%
2021-08-27,Cycle_1,4827.04,2.0699999999999994,9991.98,8,-0.21%,13753.96,10756.27,4.25%
2021-08-27,Cycle_2,4827.04,4.210000000000001,20321.85,5,1.21%,24969.02,21836.89,7.19%
2021-08-27,Cycle_3,4827.04,6.490000000000001,31327.51,23,1.59%,35819.89,33554.88,14.45%
2021-08-27,Cycle_4,4827.04,7.59,36637.26,159,-8.37%,39981.98,39981.98,18.19%
2021-08-30,Cycle_1,4813.27,2.0699999999999994,9963.47,9,-0.50%,13753.96,10756.27,4.25%
2021-08-30,Cycle_2,4813.27,4.210000000000001,20263.87,6,0.92%,24969.02,21836.89,7.19%
2021-08-30,Cycle_3,4813.27,6.490000000000001,31238.12,24,1.30%,35819.89,33554.88,14.45%
2021-08-30,Cycle_4,4813.27,7.59,36532.72,160,-8.63%,39981.98,39981.98,18.19%
2021-08-31,Cycle_1,4805.61,2.0699999999999994,9947.61,10,-0.66%,13753.96,10756.27,4.25%
2021-08-31,Cycle_2,4805.61,4.210000000000001,20231.62,7,0.76%,24969.02,21836.89,7.19%
2021-08-31,Cycle_3,4805.61,6.490000000000001,31188.41,25,1.14%,35819.89,33554.88,14.45%
2021-08-31,Cycle_4,4805.61,7.59,36474.58,161,-8.77%,39981.98,39981.98,18.19%
2021-09-01,Cycle_1,4869.46,2.0699999999999994,10079.78,11,0.66%,13753.96,10756.27,4.25%
2021-09-01,Cycle_2,4869.46,4.210000000000001,20500.42,8,2.10%,24969.02,21836.89,7.19%
2021-09-01,Cycle_3,4869.46,6.490000000000001,31602.79,26,2.49%,35819.89,33554.88,14.45%
2021-09-01,Cycle_4,4869.46,7.59,36959.19,162,-7.56%,39981.98,39981.98,18.19%
2021-09-02,Cycle_1,4869.41,2.0699999999999994,10079.68,12,0.66%,13753.96,10756.27,4.25%
2021-09-02,Cycle_2,4869.41,4.210000000000001,20500.22,9,2.10%,24969.02,21836.89,7.19%
2021-09-02,Cycle_3,4869.41,6.490000000000001,31602.48,27,2.49%,35819.89,33554.88,14.45%
2021-09-02,Cycle_4,4869.41,7.59,36958.83,163,-7.56%,39981.98,39981.98,18.19%
2021-09-03,Cycle_1,4843.06,2.0699999999999994,10025.14,13,0.12%,13753.96,10756.27,4.25%
2021-09-03,Cycle_2,4843.06,4.210000000000001,20389.29,10,1.55%,24969.02,21836.89,7.19%
2021-09-03,Cycle_3,4843.06,6.490000000000001,31431.47,28,1.93%,35819.89,33554.88,14.45%
2021-09-03,Cycle_4,4843.06,7.59,36758.84,164,-8.06%,39981.98,39981.98,18.19%
2021-09-06,Cycle_1,4933.73,2.0699999999999994,10212.81,14,1.99%,13753.96,10756.27,4.25%
2021-09-06,Cycle_2,4933.73,4.210000000000001,20770.99,11,3.45%,24969.02,21836.89,7.19%
2021-09-06,Cycle_3,4933.73,6.490000000000001,32019.88,29,3.84%,35819.89,33554.88,14.45%
2021-09-06,Cycle_4,4933.73,7.59,37446.98,165,-6.34%,39981.98,39981.98,18.19%
2021-09-07,Cycle_1,4992.83,2.0199999999999996,10085.52,0,0.00%,13753.96,10506.63,4.25%
2021-09-07,Cycle_2,4992.83,4.0600000000000005,20270.89,0,0.00%,24969.02,21087.97,7.19%
2021-09-07,Cycle_3,4992.83,6.490000000000001,32403.46,30,5.08%,35819.89,33554.88,14.45%
2021-09-07,Cycle_4,4992.83,7.59,37895.58,166,-5.22%,39981.98,39981.98,18.19%
2021-09-08,Cycle_1,4972.13,2.0199999999999996,10043.71,1,-0.41%,13753.96,10506.63,4.25%
2021-09-08,Cycle_2,4972.13,4.0600000000000005,20186.86,1,-0.41%,24969.02,21087.97,7.19%
2021-09-08,Cycle_3,4972.13,6.490000000000001,32269.14,31,4.65%,35819.89,33554.88,14.45%
2021-09-08,Cycle_4,4972.13,7.59,37738.48,167,-5.61%,39981.98,39981.98,18.19%
2021-09-09,Cycle_1,4970.01,2.0199999999999996,10039.43,2,-0.46%,13753.96,10506.63,4.25%
2021-09-09,Cycle_2,4970.01,4.0600000000000005,20178.25,2,-0.46%,24969.02,21087.97,7.19%
2021-09-09,Cycle_3,4970.01,6.490000000000001,32255.39,32,4.60%,35819.89,33554.88,14.45%
2021-09-09,Cycle_4,4970.01,7.59,37722.40,168,-5.65%,39981.98,39981.98,18.19%
2021-09-10,Cycle_1,5013.52,2.0199999999999996,10127.31,3,0.41%,13753.96,10506.63,4.25%
2021-09-10,Cycle_2,5013.52,4.0600000000000005,20354.90,3,0.41%,24969.02,21087.97,7.19%
2021-09-10,Cycle_3,5013.52,6.490000000000001,32537.76,33,5.52%,35819.89,33554.88,14.45%
2021-09-10,Cycle_4,5013.52,7.59,38052.63,169,-4.83%,39981.98,39981.98,18.19%
2021-09-13,Cycle_1,4991.66,2.0199999999999996,10083.15,4,-0.02%,13753.96,10506.63,4.25%
2021-09-13,Cycle_2,4991.66,4.0600000000000005,20266.14,4,-0.02%,24969.02,21087.97,7.19%
2021-09-13,Cycle_3,4991.66,6.490000000000001,32395.87,34,5.06%,35819.89,33554.88,14.45%
2021-09-13,Cycle_4,4991.66,7.59,37886.70,170,-5.24%,39981.98,39981.98,18.19%
2021-09-14,Cycle_1,4917.16,2.0199999999999996,9932.67,5,-1.52%,13753.96,10506.63,4.25%
2021-09-14,Cycle_2,4917.16,4.0600000000000005,19963.68,5,-1.52%,24969.02,21087.97,7.19%
2021-09-14,Cycle_3,4917.16,6.490000000000001,31912.38,35,3.49%,35819.89,33554.88,14.45%
2021-09-14,Cycle_4,4917.16,7.59,37321.26,171,-6.65%,39981.98,39981.98,18.19%
2021-09-15,Cycle_1,4867.32,2.0599999999999996,10026.68,0,0.00%,13948.65,10701.33,4.25%
2021-09-15,Cycle_2,4867.32,4.0600000000000005,19761.31,6,-2.51%,24969.02,21087.97,7.19%
2021-09-15,Cycle_3,4867.32,6.490000000000001,31588.90,36,2.44%,35819.89,33554.88,14.45%
2021-09-15,Cycle_4,4867.32,7.59,36942.95,172,-7.60%,39981.98,39981.98,18.19%
2021-09-16,Cycle_1,4807.70,2.0599999999999996,9903.86,1,-1.22%,13948.65,10701.33,4.25%
2021-09-16,Cycle_2,4807.70,4.0600000000000005,19519.25,7,-3.71%,24969.02,21087.97,7.19%
2021-09-16,Cycle_3,4807.70,6.490000000000001,31201.96,37,1.19%,35819.89,33554.88,14.45%
2021-09-16,Cycle_4,4807.70,7.59,36490.43,173,-8.73%,39981.98,39981.98,18.19%
2021-09-17,Cycle_1,4855.94,2.0599999999999996,10003.24,2,-0.23%,13948.65,10701.33,4.25%
2021-09-17,Cycle_2,4855.94,4.0600000000000005,19715.12,8,-2.74%,24969.02,21087.97,7.19%
2021-09-17,Cycle_3,4855.94,6.490000000000001,31515.05,38,2.20%,35819.89,33554.88,14.45%
2021-09-17,Cycle_4,4855.94,7.59,36856.59,174,-7.82%,39981.98,39981.98,18.19%
2021-09-22,Cycle_1,4821.77,2.0599999999999996,9932.84,3,-0.94%,13948.65,10701.33,4.25%
2021-09-22,Cycle_2,4821.77,4.0600000000000005,19576.38,9,-3.43%,24969.02,21087.97,7.19%
2021-09-22,Cycle_3,4821.77,6.490000000000001,31293.27,39,1.48%,35819.89,33554.88,14.45%
2021-09-22,Cycle_4,4821.77,7.59,36597.22,175,-8.47%,39981.98,39981.98,18.19%
2021-09-23,Cycle_1,4853.20,2.0599999999999996,9997.58,4,-0.29%,13948.65,10701.33,4.25%
2021-09-23,Cycle_2,4853.20,4.0600000000000005,19703.97,10,-2.80%,24969.02,21087.97,7.19%
2021-09-23,Cycle_3,4853.20,6.490000000000001,31497.24,40,2.14%,35819.89,33554.88,14.45%
2021-09-23,Cycle_4,4853.20,7.59,36835.76,176,-7.87%,39981.98,39981.98,18.19%
2021-09-24,Cycle_1,4849.43,2.0599999999999996,9989.82,5,-0.37%,13948.65,10701.33,4.25%
2021-09-24,Cycle_2,4849.43,4.0600000000000005,19688.68,11,-2.87%,24969.02,21087.97,7.19%
2021-09-24,Cycle_3,4849.43,6.490000000000001,31472.79,41,2.07%,35819.89,33554.88,14.45%
2021-09-24,Cycle_4,4849.43,7.59,36807.16,177,-7.94%,39981.98,39981.98,18.19%
2021-09-27,Cycle_1,4877.37,2.0599999999999996,10047.38,6,0.21%,13948.65,10701.33,4.25%
2021-09-27,Cycle_2,4877.37,4.0600000000000005,19802.12,12,-2.31%,24969.02,21087.97,7.19%
2021-09-27,Cycle_3,4877.37,6.490000000000001,31654.13,42,2.65%,35819.89,33554.88,14.45%
2021-09-27,Cycle_4,4877.37,7.59,37019.24,178,-7.41%,39981.98,39981.98,18.19%
2021-09-28,Cycle_1,4883.83,2.0599999999999996,10060.69,7,0.34%,13948.65,10701.33,4.25%
2021-09-28,Cycle_2,4883.83,4.0600000000000005,19828.34,13,-2.18%,24969.02,21087.97,7.19%
2021-09-28,Cycle_3,4883.83,6.490000000000001,31696.04,43,2.79%,35819.89,33554.88,14.45%
2021-09-28,Cycle_4,4883.83,7.59,37068.25,179,-7.29%,39981.98,39981.98,18.19%
2021-09-29,Cycle_1,4833.93,2.0599999999999996,9957.89,8,-0.69%,13948.65,10701.33,4.25%
2021-09-29,Cycle_2,4833.93,4.0600000000000005,19625.75,14,-3.18%,24969.02,21087.97,7.19%
2021-09-29,Cycle_3,4833.93,6.490000000000001,31372.19,44,1.74%,35819.89,33554.88,14.45%
2021-09-29,Cycle_4,4833.93,7.59,36689.51,180,-8.23%,39981.98,39981.98,18.19%
2021-09-30,Cycle_1,4866.38,2.0599999999999996,10024.75,9,-0.02%,13948.65,10701.33,4.25%
2021-09-30,Cycle_2,4866.38,4.0600000000000005,19757.51,15,-2.53%,24969.02,21087.97,7.19%
2021-09-30,Cycle_3,4866.38,6.490000000000001,31582.82,45,2.42%,35819.89,33554.88,14.45%
2021-09-30,Cycle_4,4866.38,7.59,36935.84,181,-7.62%,39981.98,39981.98,18.19%
2021-10-08,Cycle_1,4929.94,2.0599999999999996,10155.68,10,1.29%,13948.65,10701.33,4.25%
2021-10-08,Cycle_2,4929.94,4.0600000000000005,20015.56,16,-1.26%,24969.02,21087.97,7.19%
2021-10-08,Cycle_3,4929.94,6.490000000000001,31995.32,46,3.76%,35819.89,33554.88,14.45%
2021-10-08,Cycle_4,4929.94,7.59,37418.25,182,-6.41%,39981.98,39981.98,18.19%
2021-10-11,Cycle_1,4936.19,2.0599999999999996,10168.56,11,1.42%,13948.65,10701.33,4.25%
2021-10-11,Cycle_2,4936.19,4.0600000000000005,20040.94,17,-1.13%,24969.02,21087.97,7.19%
2021-10-11,Cycle_3,4936.19,6.490000000000001,32035.88,47,3.89%,35819.89,33554.88,14.45%
2021-10-11,Cycle_4,4936.19,7.59,37465.70,183,-6.29%,39981.98,39981.98,18.19%
2021-10-12,Cycle_1,4883.84,2.0599999999999996,10060.70,12,0.34%,13948.65,10701.33,4.25%
2021-10-12,Cycle_2,4883.84,4.0600000000000005,19828.38,18,-2.18%,24969.02,21087.97,7.19%
2021-10-12,Cycle_3,4883.84,6.490000000000001,31696.10,48,2.79%,35819.89,33554.88,14.45%
2021-10-12,Cycle_4,4883.84,7.59,37068.32,184,-7.29%,39981.98,39981.98,18.19%
2021-10-13,Cycle_1,4940.11,2.0599999999999996,10176.62,13,1.50%,13948.65,10701.33,4.25%
2021-10-13,Cycle_2,4940.11,4.0600000000000005,20056.84,19,-1.06%,24969.02,21087.97,7.19%
2021-10-13,Cycle_3,4940.11,6.490000000000001,32061.31,49,3.97%,35819.89,33554.88,14.45%
2021-10-13,Cycle_4,4940.11,7.59,37495.43,185,-6.22%,39981.98,39981.98,18.19%
2021-10-14,Cycle_1,4913.61,2.0599999999999996,10122.04,14,0.95%,13948.65,10701.33,4.25%
2021-10-14,Cycle_2,4913.61,4.0600000000000005,19949.27,20,-1.59%,24969.02,21087.97,7.19%
2021-10-14,Cycle_3,4913.61,6.490000000000001,31889.34,50,3.42%,35819.89,33554.88,14.45%
2021-10-14,Cycle_4,4913.61,7.59,37294.32,186,-6.72%,39981.98,39981.98,18.19%
2021-10-15,Cycle_1,4932.11,2.0599999999999996,10160.14,15,1.33%,13948.65,10701.33,4.25%
2021-10-15,Cycle_2,4932.11,4.0600000000000005,20024.36,21,-1.22%,24969.02,21087.97,7.19%
2021-10-15,Cycle_3,4932.11,6.490000000000001,32009.38,51,3.81%,35819.89,33554.88,14.45%
2021-10-15,Cycle_4,4932.11,7.59,37434.70,187,-6.37%,39981.98,39981.98,18.19%
2021-10-18,Cycle_1,4874.78,2.0599999999999996,10042.04,16,0.15%,13948.65,10701.33,4.25%
2021-10-18,Cycle_2,4874.78,4.0600000000000005,19791.59,22,-2.36%,24969.02,21087.97,7.19%
2021-10-18,Cycle_3,4874.78,6.490000000000001,31637.29,52,2.60%,35819.89,33554.88,14.45%
2021-10-18,Cycle_4,4874.78,7.59,36999.54,188,-7.46%,39981.98,39981.98,18.19%
2021-10-19,Cycle_1,4922.72,2.0599999999999996,10140.81,17,1.14%,13948.65,10701.33,4.25%
2021-10-19,Cycle_2,4922.72,4.0600000000000005,19986.26,23,-1.40%,24969.02,21087.97,7.19%
2021-10-19,Cycle_3,4922.72,6.490000000000001,31948.47,53,3.61%,35819.89,33554.88,14.45%
2021-10-19,Cycle_4,4922.72,7.59,37363.47,189,-6.55%,39981.98,39981.98,18.19%
2021-10-20,Cycle_1,4910.18,2.0599999999999996,10114.98,18,0.88%,13948.65,10701.33,4.25%
2021-10-20,Cycle_2,4910.18,4.0600000000000005,19935.35,24,-1.66%,24969.02,21087.97,7.19%
2021-10-20,Cycle_3,4910.18,6.490000000000001,31867.10,54,3.34%,35819.89,33554.88,14.45%
2021-10-20,Cycle_4,4910.18,7.59,37268.30,190,-6.79%,39981.98,39981.98,18.19%
2021-10-21,Cycle_1,4928.02,2.0599999999999996,10151.71,19,1.25%,13948.65,10701.33,4.25%
2021-10-21,Cycle_2,4928.02,4.0600000000000005,20007.74,25,-1.30%,24969.02,21087.97,7.19%
2021-10-21,Cycle_3,4928.02,6.490000000000001,31982.82,55,3.72%,35819.89,33554.88,14.45%
2021-10-21,Cycle_4,4928.02,7.59,37403.64,191,-6.45%,39981.98,39981.98,18.19%
2021-10-22,Cycle_1,4959.73,2.0599999999999996,10217.03,20,1.90%,13948.65,10701.33,4.25%
2021-10-22,Cycle_2,4959.73,4.0600000000000005,20136.49,26,-0.66%,24969.02,21087.97,7.19%
2021-10-22,Cycle_3,4959.73,6.490000000000001,32188.62,56,4.39%,35819.89,33554.88,14.45%
2021-10-22,Cycle_4,4959.73,7.59,37644.32,192,-5.85%,39981.98,39981.98,18.19%
2021-10-25,Cycle_1,4979.52,2.03,10108.43,0,0.00%,13948.65,10551.94,4.25%
2021-10-25,Cycle_2,4979.52,4.0600000000000005,20216.87,27,-0.27%,24969.02,21087.97,7.19%
2021-10-25,Cycle_3,4979.52,6.490000000000001,32317.11,57,4.80%,35819.89,33554.88,14.45%
2021-10-25,Cycle_4,4979.52,7.59,37794.58,193,-5.47%,39981.98,39981.98,18.19%
2021-10-26,Cycle_1,4963.10,2.03,10075.09,1,-0.33%,13948.65,10551.94,4.25%
2021-10-26,Cycle_2,4963.10,4.0600000000000005,20150.18,28,-0.60%,24969.02,21087.97,7.19%
2021-10-26,Cycle_3,4963.10,6.490000000000001,32210.51,58,4.46%,35819.89,33554.88,14.45%
2021-10-26,Cycle_4,4963.10,7.59,37669.92,194,-5.78%,39981.98,39981.98,18.19%
2021-10-27,Cycle_1,4898.16,2.03,9943.27,2,-1.63%,13948.65,10551.94,4.25%
2021-10-27,Cycle_2,4898.16,4.0600000000000005,19886.55,29,-1.90%,24969.02,21087.97,7.19%
2021-10-27,Cycle_3,4898.16,6.490000000000001,31789.09,59,3.09%,35819.89,33554.88,14.45%
2021-10-27,Cycle_4,4898.16,7.59,37177.07,195,-7.02%,39981.98,39981.98,18.19%
2021-10-28,Cycle_1,4864.14,2.0599999999999996,10020.12,0,0.00%,14094.58,10697.86,4.25%
2021-10-28,Cycle_2,4864.14,4.0600000000000005,19748.40,30,-2.58%,24969.02,21087.97,7.19%
2021-10-28,Cycle_3,4864.14,6.490000000000001,31568.26,60,2.37%,35819.89,33554.88,14.45%
2021-10-28,Cycle_4,4864.14,7.59,36918.81,196,-7.66%,39981.98,39981.98,18.19%
2021-10-29,Cycle_1,4908.77,2.0599999999999996,10112.07,1,0.92%,14094.58,10697.86,4.25%
2021-10-29,Cycle_2,4908.77,4.0600000000000005,19929.61,31,-1.68%,24969.02,21087.97,7.19%
2021-10-29,Cycle_3,4908.77,6.490000000000001,31857.92,61,3.31%,35819.89,33554.88,14.45%
2021-10-29,Cycle_4,4908.77,7.59,37257.57,197,-6.81%,39981.98,39981.98,18.19%
2021-11-01,Cycle_1,4890.69,2.0599999999999996,10074.81,2,0.55%,14094.58,10697.86,4.25%
2021-11-01,Cycle_2,4890.69,4.0600000000000005,19856.18,32,-2.05%,24969.02,21087.97,7.19%
2021-11-01,Cycle_3,4890.69,6.490000000000001,31740.55,62,2.93%,35819.89,33554.88,14.45%
2021-11-01,Cycle_4,4890.69,7.59,37120.30,198,-7.16%,39981.98,39981.98,18.19%
2021-11-02,Cycle_1,4839.85,2.0599999999999996,9970.08,3,-0.50%,14094.58,10697.86,4.25%
2021-11-02,Cycle_2,4839.85,4.0600000000000005,19649.77,33,-3.06%,24969.02,21087.97,7.19%
2021-11-02,Cycle_3,4839.85,6.490000000000001,31410.60,63,1.86%,35819.89,33554.88,14.45%
2021-11-02,Cycle_4,4839.85,7.59,36734.43,199,-8.12%,39981.98,39981.98,18.19%
2021-11-03,Cycle_1,4821.11,2.0599999999999996,9931.49,4,-0.88%,14094.58,10697.86,4.25%
2021-11-03,Cycle_2,4821.11,4.0600000000000005,19573.71,34,-3.44%,24969.02,21087.97,7.19%
2021-11-03,Cycle_3,4821.11,6.490000000000001,31289.02,64,1.47%,35819.89,33554.88,14.45%
2021-11-03,Cycle_4,4821.11,7.59,36592.24,200,-8.48%,39981.98,39981.98,18.19%
2021-11-04,Cycle_1,4868.74,2.0599999999999996,10029.61,5,0.09%,14094.58,10697.86,4.25%
2021-11-04,Cycle_2,4868.74,4.0600000000000005,19767.09,35,-2.49%,24969.02,21087.97,7.19%
2021-11-04,Cycle_3,4868.74,6.490000000000001,31598.13,65,2.47%,35819.89,33554.88,14.45%
2021-11-04,Cycle_4,4868.74,7.59,36953.75,201,-7.57%,39981.98,39981.98,18.19%
2021-11-05,Cycle_1,4842.35,2.0599999999999996,9975.23,6,-0.45%,14094.58,10697.86,4.25%
2021-11-05,Cycle_2,4842.35,4.0600000000000005,19659.92,36,-3.01%,24969.02,21087.97,7.19%
2021-11-05,Cycle_3,4842.35,6.490000000000001,31426.82,66,1.92%,35819.89,33554.88,14.45%
2021-11-05,Cycle_4,4842.35,7.59,36753.40,202,-8.08%,39981.98,39981.98,18.19%
2021-11-08,Cycle_1,4848.18,2.0599999999999996,9987.25,7,-0.33%,14094.58,10697.86,4.25%
2021-11-08,Cycle_2,4848.18,4.0600000000000005,19683.61,37,-2.90%,24969.02,21087.97,7.19%
2021-11-08,Cycle_3,4848.18,6.490000000000001,31464.68,67,2.04%,35819.89,33554.88,14.45%
2021-11-08,Cycle_4,4848.18,7.59,36797.68,203,-7.96%,39981.98,39981.98,18.19%
2021-11-09,Cycle_1,4846.74,2.0599999999999996,9984.29,8,-0.36%,14094.58,10697.86,4.25%
2021-11-09,Cycle_2,4846.74,4.0600000000000005,19677.78,38,-2.93%,24969.02,21087.97,7.19%
2021-11-09,Cycle_3,4846.74,6.490000000000001,31455.37,68,2.01%,35819.89,33554.88,14.45%
2021-11-09,Cycle_4,4846.74,7.59,36786.79,204,-7.99%,39981.98,39981.98,18.19%
2021-11-10,Cycle_1,4821.19,2.0599999999999996,9931.66,9,-0.88%,14094.58,10697.86,4.25%
2021-11-10,Cycle_2,4821.19,4.0600000000000005,19574.04,39,-3.44%,24969.02,21087.97,7.19%
2021-11-10,Cycle_3,4821.19,6.490000000000001,31289.54,69,1.47%,35819.89,33554.88,14.45%
2021-11-10,Cycle_4,4821.19,7.59,36592.85,205,-8.48%,39981.98,39981.98,18.19%
2021-11-11,Cycle_1,4898.65,2.0599999999999996,10091.22,10,0.71%,14094.58,10697.86,4.25%
2021-11-11,Cycle_2,4898.65,4.0600000000000005,19888.53,40,-1.89%,24969.02,21087.97,7.19%
2021-11-11,Cycle_3,4898.65,6.490000000000001,31792.26,70,3.10%,35819.89,33554.88,14.45%
2021-11-11,Cycle_4,4898.65,7.59,37180.78,206,-7.01%,39981.98,39981.98,18.19%
2021-11-12,Cycle_1,4888.37,2.0599999999999996,10070.05,11,0.50%,14094.58,10697.86,4.25%
2021-11-12,Cycle_2,4888.37,4.0600000000000005,19846.80,41,-2.09%,24969.02,21087.97,7.19%
2021-11-12,Cycle_3,4888.37,6.490000000000001,31725.55,71,2.88%,35819.89,33554.88,14.45%
2021-11-12,Cycle_4,4888.37,7.59,37102.77,207,-7.20%,39981.98,39981.98,18.19%
2021-11-15,Cycle_1,4882.38,2.0599999999999996,10057.70,12,0.37%,14094.58,10697.86,4.25%
2021-11-15,Cycle_2,4882.38,4.0600000000000005,19822.45,42,-2.21%,24969.02,21087.97,7.19%
2021-11-15,Cycle_3,4882.38,6.490000000000001,31686.63,72,2.76%,35819.89,33554.88,14.45%
2021-11-15,Cycle_4,4882.38,7.59,37057.25,208,-7.32%,39981.98,39981.98,18.19%
2021-11-16,Cycle_1,4883.32,2.0599999999999996,10059.64,13,0.39%,14094.58,10697.86,4.25%
2021-11-16,Cycle_2,4883.32,4.0600000000000005,19826.28,43,-2.19%,24969.02,21087.97,7.19%
2021-11-16,Cycle_3,4883.32,6.490000000000001,31692.75,73,2.78%,35819.89,33554.88,14.45%
2021-11-16,Cycle_4,4883.32,7.59,37064.40,209,-7.30%,39981.98,39981.98,18.19%
2021-11-17,Cycle_1,4885.75,2.0599999999999996,10064.65,14,0.44%,14094.58,10697.86,4.25%
2021-11-17,Cycle_2,4885.75,4.0600000000000005,19836.16,44,-2.14%,24969.02,21087.97,7.19%
2021-11-17,Cycle_3,4885.75,6.490000000000001,31708.55,74,2.83%,35819.89,33554.88,14.45%
2021-11-17,Cycle_4,4885.75,7.59,37082.88,210,-7.25%,39981.98,39981.98,18.19%
2021-11-18,Cycle_1,4837.62,2.0599999999999996,9965.49,15,-0.55%,14094.58,10697.86,4.25%
2021-11-18,Cycle_2,4837.62,4.0600000000000005,19640.73,45,-3.11%,24969.02,21087.97,7.19%
2021-11-18,Cycle_3,4837.62,6.490000000000001,31396.14,75,1.82%,35819.89,33554.88,14.45%
2021-11-18,Cycle_4,4837.62,7.59,36717.52,211,-8.16%,39981.98,39981.98,18.19%
2021-11-19,Cycle_1,4890.06,2.0599999999999996,10073.52,16,0.53%,14094.58,10697.86,4.25%
2021-11-19,Cycle_2,4890.06,4.0600000000000005,19853.63,46,-2.06%,24969.02,21087.97,7.19%
2021-11-19,Cycle_3,4890.06,6.490000000000001,31736.47,76,2.92%,35819.89,33554.88,14.45%
2021-11-19,Cycle_4,4890.06,7.59,37115.54,212,-7.17%,39981.98,39981.98,18.19%
2021-11-22,Cycle_1,4912.40,2.0599999999999996,10119.54,17,0.99%,14094.58,10697.86,4.25%
2021-11-22,Cycle_2,4912.40,4.0600000000000005,19944.34,47,-1.61%,24969.02,21087.97,7.19%
2021-11-22,Cycle_3,4912.40,6.490000000000001,31881.47,77,3.39%,35819.89,33554.88,14.45%
2021-11-22,Cycle_4,4912.40,7.59,37285.11,213,-6.75%,39981.98,39981.98,18.19%
2021-11-23,Cycle_1,4913.35,2.0599999999999996,10121.49,18,1.01%,14094.58,10697.86,4.25%
2021-11-23,Cycle_2,4913.35,4.0600000000000005,19948.18,48,-1.59%,24969.02,21087.97,7.19%
2021-11-23,Cycle_3,4913.35,6.490000000000001,31887.61,78,3.41%,35819.89,33554.88,14.45%
2021-11-23,Cycle_4,4913.35,7.59,37292.29,214,-6.73%,39981.98,39981.98,18.19%
2021-11-24,Cycle_1,4916.66,2.0599999999999996,10128.32,19,1.08%,14094.58,10697.86,4.25%
2021-11-24,Cycle_2,4916.66,4.0600000000000005,19961.63,49,-1.53%,24969.02,21087.97,7.19%
2021-11-24,Cycle_3,4916.66,6.490000000000001,31909.11,79,3.48%,35819.89,33554.88,14.45%
2021-11-24,Cycle_4,4916.66,7.59,37317.43,215,-6.66%,39981.98,39981.98,18.19%
2021-11-25,Cycle_1,4896.44,2.0599999999999996,10086.67,20,0.66%,14094.58,10697.86,4.25%
2021-11-25,Cycle_2,4896.44,4.0600000000000005,19879.55,50,-1.93%,24969.02,21087.97,7.19%
2021-11-25,Cycle_3,4896.44,6.490000000000001,31777.91,80,3.05%,35819.89,33554.88,14.45%
2021-11-25,Cycle_4,4896.44,7.59,37163.99,216,-7.05%,39981.98,39981.98,18.19%
2021-11-26,Cycle_1,4860.13,2.0599999999999996,10011.86,21,-0.08%,14094.58,10697.86,4.25%
2021-11-26,Cycle_2,4860.13,4.0600000000000005,19732.11,51,-2.66%,24969.02,21087.97,7.19%
2021-11-26,Cycle_3,4860.13,6.490000000000001,31542.22,81,2.29%,35819.89,33554.88,14.45%
2021-11-26,Cycle_4,4860.13,7.59,36888.36,217,-7.74%,39981.98,39981.98,18.19%
2021-11-29,Cycle_1,4851.42,2.0599999999999996,9993.93,22,-0.26%,14094.58,10697.86,4.25%
2021-11-29,Cycle_2,4851.42,4.0600000000000005,19696.78,52,-2.83%,24969.02,21087.97,7.19%
2021-11-29,Cycle_3,4851.42,6.490000000000001,31485.74,82,2.11%,35819.89,33554.88,14.45%
2021-11-29,Cycle_4,4851.42,7.59,36822.30,218,-7.90%,39981.98,39981.98,18.19%
2021-11-30,Cycle_1,4832.03,2.0599999999999996,9953.97,23,-0.66%,14094.58,10697.86,4.25%
2021-11-30,Cycle_2,4832.03,4.0600000000000005,19618.03,53,-3.22%,24969.02,21087.97,7.19%
2021-11-30,Cycle_3,4832.03,6.490000000000001,31359.85,83,1.70%,35819.89,33554.88,14.45%
2021-11-30,Cycle_4,4832.03,7.59,36675.08,219,-8.27%,39981.98,39981.98,18.19%
2021-12-01,Cycle_1,4843.85,2.0599999999999996,9978.33,24,-0.42%,14094.58,10697.86,4.25%
2021-12-01,Cycle_2,4843.85,4.0600000000000005,19666.04,54,-2.98%,24969.02,21087.97,7.19%
2021-12-01,Cycle_3,4843.85,6.490000000000001,31436.59,84,1.95%,35819.89,33554.88,14.45%
2021-12-01,Cycle_4,4843.85,7.59,36764.83,220,-8.05%,39981.98,39981.98,18.19%
2021-12-02,Cycle_1,4856.16,2.0599999999999996,10003.70,25,-0.16%,14094.58,10697.86,4.25%
2021-12-02,Cycle_2,4856.16,4.0600000000000005,19716.02,55,-2.74%,24969.02,21087.97,7.19%
2021-12-02,Cycle_3,4856.16,6.490000000000001,31516.50,85,2.21%,35819.89,33554.88,14.45%
2021-12-02,Cycle_4,4856.16,7.59,36858.28,221,-7.81%,39981.98,39981.98,18.19%
2021-12-03,Cycle_1,4901.02,2.0599999999999996,10096.10,26,0.76%,14094.58,10697.86,4.25%
2021-12-03,Cycle_2,4901.02,4.0600000000000005,19898.13,56,-1.84%,24969.02,21087.97,7.19%
2021-12-03,Cycle_3,4901.02,6.490000000000001,31807.60,86,3.15%,35819.89,33554.88,14.45%
2021-12-03,Cycle_4,4901.02,7.59,37198.72,222,-6.96%,39981.98,39981.98,18.19%
2021-12-06,Cycle_1,4892.62,2.0599999999999996,10078.80,27,0.59%,14094.58,10697.86,4.25%
2021-12-06,Cycle_2,4892.62,4.0600000000000005,19864.04,57,-2.01%,24969.02,21087.97,7.19%
2021-12-06,Cycle_3,4892.62,6.490000000000001,31753.11,87,2.97%,35819.89,33554.88,14.45%
2021-12-06,Cycle_4,4892.62,7.59,37134.99,223,-7.12%,39981.98,39981.98,18.19%
2021-12-07,Cycle_1,4922.10,2.0599999999999996,10139.53,28,1.19%,14094.58,10697.86,4.25%
2021-12-07,Cycle_2,4922.10,4.0600000000000005,19983.73,58,-1.42%,24969.02,21087.97,7.19%
2021-12-07,Cycle_3,4922.10,6.490000000000001,31944.44,88,3.59%,35819.89,33554.88,14.45%
2021-12-07,Cycle_4,4922.10,7.59,37358.75,224,-6.56%,39981.98,39981.98,18.19%
2021-12-08,Cycle_1,4995.93,2.03,10141.74,0,0.00%,14094.58,10547.99,4.25%
2021-12-08,Cycle_2,4995.93,4.0600000000000005,20283.47,59,0.06%,24969.02,21087.97,7.19%
2021-12-08,Cycle_3,4995.93,6.490000000000001,32423.58,89,5.15%,35819.89,33554.88,14.45%
2021-12-08,Cycle_4,4995.93,7.59,37919.11,225,-5.16%,39981.98,39981.98,18.19%
2021-12-09,Cycle_1,5078.69,2.03,10309.74,1,1.66%,14094.58,10547.99,4.25%
2021-12-09,Cycle_2,5078.69,4.0600000000000005,20619.48,60,1.72%,24969.02,21087.97,7.19%
2021-12-09,Cycle_3,5078.69,6.490000000000001,32960.70,90,6.89%,35819.89,33554.88,14.45%
2021-12-09,Cycle_4,5078.69,7.59,38547.26,226,-3.59%,39981.98,39981.98,18.19%
2021-12-10,Cycle_1,5055.12,2.03,10261.89,2,1.18%,14094.58,10547.99,4.25%
2021-12-10,Cycle_2,5055.12,4.0600000000000005,20523.78,61,1.25%,24969.02,21087.97,7.19%
2021-12-10,Cycle_3,5055.12,6.490000000000001,32807.71,91,6.39%,35819.89,33554.88,14.45%
2021-12-10,Cycle_4,5055.12,7.59,38368.34,227,-4.04%,39981.98,39981.98,18.19%
2021-12-13,Cycle_1,5083.80,2.03,10320.12,3,1.76%,14094.58,10547.99,4.25%
2021-12-13,Cycle_2,5083.80,4.0600000000000005,20640.23,62,1.82%,24969.02,21087.97,7.19%
2021-12-13,Cycle_3,5083.80,6.490000000000001,32993.87,92,7.00%,35819.89,33554.88,14.45%
2021-12-13,Cycle_4,5083.80,7.59,38586.05,228,-3.49%,39981.98,39981.98,18.19%
2021-12-14,Cycle_1,5049.70,2.03,10250.88,4,1.08%,14094.58,10547.99,4.25%
2021-12-14,Cycle_2,5049.70,4.0600000000000005,20501.76,63,1.14%,24969.02,21087.97,7.19%
2021-12-14,Cycle_3,5049.70,6.490000000000001,32772.52,93,6.28%,35819.89,33554.88,14.45%
2021-12-14,Cycle_4,5049.70,7.59,38327.19,229,-4.14%,39981.98,39981.98,18.19%
2021-12-15,Cycle_1,5005.90,2.03,10161.98,5,0.20%,14094.58,10547.99,4.25%
2021-12-15,Cycle_2,5005.90,4.0600000000000005,20323.95,64,0.26%,24969.02,21087.97,7.19%
2021-12-15,Cycle_3,5005.90,6.490000000000001,32488.29,94,5.36%,35819.89,33554.88,14.45%
2021-12-15,Cycle_4,5005.90,7.59,37994.77,230,-4.97%,39981.98,39981.98,18.19%
2021-12-16,Cycle_1,5034.73,2.03,10220.51,6,0.78%,14094.58,10547.99,4.25%
2021-12-16,Cycle_2,5034.73,4.0600000000000005,20441.01,65,0.84%,24969.02,21087.97,7.19%
2021-12-16,Cycle_3,5034.73,6.490000000000001,32675.41,95,5.97%,35819.89,33554.88,14.45%
2021-12-16,Cycle_4,5034.73,7.59,38213.62,231,-4.42%,39981.98,39981.98,18.19%
2021-12-17,Cycle_1,4954.76,2.03,10058.16,7,-0.82%,14094.58,10547.99,4.25%
2021-12-17,Cycle_2,4954.76,4.0600000000000005,20116.33,66,-0.76%,24969.02,21087.97,7.19%
2021-12-17,Cycle_3,4954.76,6.490000000000001,32156.39,96,4.28%,35819.89,33554.88,14.45%
2021-12-17,Cycle_4,4954.76,7.59,37606.63,232,-5.94%,39981.98,39981.98,18.19%
2021-12-20,Cycle_1,4880.42,2.05,10004.86,0,0.00%,14192.19,10645.59,4.25%
2021-12-20,Cycle_2,4880.42,4.0600000000000005,19814.50,67,-2.25%,24969.02,21087.97,7.19%
2021-12-20,Cycle_3,4880.42,6.490000000000001,31673.91,97,2.72%,35819.89,33554.88,14.45%
2021-12-20,Cycle_4,4880.42,7.59,37042.37,233,-7.35%,39981.98,39981.98,18.19%
2021-12-21,Cycle_1,4913.49,2.05,10072.64,1,0.68%,14192.19,10645.59,4.25%
2021-12-21,Cycle_2,4913.49,4.0600000000000005,19948.75,68,-1.59%,24969.02,21087.97,7.19%
2021-12-21,Cycle_3,4913.49,6.490000000000001,31888.52,98,3.41%,35819.89,33554.88,14.45%
2021-12-21,Cycle_4,4913.49,7.59,37293.35,234,-6.72%,39981.98,39981.98,18.19%
2021-12-22,Cycle_1,4914.45,2.05,10074.63,2,0.70%,14192.19,10645.59,4.25%
2021-12-22,Cycle_2,4914.45,4.0600000000000005,19952.68,69,-1.57%,24969.02,21087.97,7.19%
2021-12-22,Cycle_3,4914.45,6.490000000000001,31894.81,99,3.43%,35819.89,33554.88,14.45%
2021-12-22,Cycle_4,4914.45,7.59,37300.71,235,-6.71%,39981.98,39981.98,18.19%
2021-12-23,Cycle_1,4948.74,2.05,10144.91,3,1.40%,14192.19,10645.59,4.25%
2021-12-23,Cycle_2,4948.74,4.0600000000000005,20091.88,70,-0.88%,24969.02,21087.97,7.19%
2021-12-23,Cycle_3,4948.74,6.490000000000001,32117.32,100,4.16%,35819.89,33554.88,14.45%
2021-12-23,Cycle_4,4948.74,7.59,37560.93,236,-6.06%,39981.98,39981.98,18.19%
2021-12-24,Cycle_1,4921.34,2.05,10088.76,4,0.84%,14192.19,10645.59,4.25%
2021-12-24,Cycle_2,4921.34,4.0600000000000005,19980.66,71,-1.43%,24969.02,21087.97,7.19%
2021-12-24,Cycle_3,4921.34,6.490000000000001,31939.53,101,3.58%,35819.89,33554.88,14.45%
2021-12-24,Cycle_4,4921.34,7.59,37353.01,237,-6.58%,39981.98,39981.98,18.19%
2021-12-27,Cycle_1,4919.32,2.05,10084.61,5,0.80%,14192.19,10645.59,4.25%
2021-12-27,Cycle_2,4919.32,4.0600000000000005,19972.45,72,-1.47%,24969.02,21087.97,7.19%
2021-12-27,Cycle_3,4919.32,6.490000000000001,31926.41,102,3.54%,35819.89,33554.88,14.45%
2021-12-27,Cycle_4,4919.32,7.59,37337.67,238,-6.61%,39981.98,39981.98,18.19%
2021-12-28,Cycle_1,4955.96,2.05,10159.73,6,1.55%,14192.19,10645.59,4.25%
2021-12-28,Cycle_2,4955.96,4.0600000000000005,20121.22,73,-0.74%,24969.02,21087.97,7.19%
2021-12-28,Cycle_3,4955.96,6.490000000000001,32164.21,103,4.31%,35819.89,33554.88,14.45%
2021-12-28,Cycle_4,4955.96,7.59,37615.77,239,-5.92%,39981.98,39981.98,18.19%
2021-12-29,Cycle_1,4883.48,2.05,10011.13,7,0.06%,14192.19,10645.59,4.25%
2021-12-29,Cycle_2,4883.48,4.0600000000000005,19826.93,74,-2.19%,24969.02,21087.97,7.19%
2021-12-29,Cycle_3,4883.48,6.490000000000001,31693.79,104,2.78%,35819.89,33554.88,14.45%
2021-12-29,Cycle_4,4883.48,7.59,37065.62,240,-7.29%,39981.98,39981.98,18.19%
2021-12-30,Cycle_1,4921.51,2.05,10089.10,8,0.84%,14192.19,10645.59,4.25%
2021-12-30,Cycle_2,4921.51,4.0600000000000005,19981.33,75,-1.43%,24969.02,21087.97,7.19%
2021-12-30,Cycle_3,4921.51,6.490000000000001,31940.61,105,3.58%,35819.89,33554.88,14.45%
2021-12-30,Cycle_4,4921.51,7.59,37354.27,241,-6.57%,39981.98,39981.98,18.19%
2021-12-31,Cycle_1,4940.37,2.05,10127.77,9,1.23%,14192.19,10645.59,4.25%
2021-12-31,Cycle_2,4940.37,4.0600000000000005,20057.92,76,-1.05%,24969.02,21087.97,7.19%
2021-12-31,Cycle_3,4940.37,6.490000000000001,32063.02,106,3.98%,35819.89,33554.88,14.45%
2021-12-31,Cycle_4,4940.37,7.59,37497.43,242,-6.21%,39981.98,39981.98,18.19%
2022-01-04,Cycle_1,4917.77,2.05,10081.42,10,0.77%,14192.19,10645.59,4.25%
2022-01-04,Cycle_2,4917.77,4.0600000000000005,19966.13,77,-1.50%,24969.02,21087.97,7.19%
2022-01-04,Cycle_3,4917.77,6.490000000000001,31916.30,107,3.50%,35819.89,33554.88,14.45%
2022-01-04,Cycle_4,4917.77,7.59,37325.84,243,-6.64%,39981.98,39981.98,18.19%
2022-01-05,Cycle_1,4868.12,2.05,9979.65,11,-0.25%,14192.19,10645.59,4.25%
2022-01-05,Cycle_2,4868.12,4.0600000000000005,19764.57,78,-2.50%,24969.02,21087.97,7.19%
2022-01-05,Cycle_3,4868.12,6.490000000000001,31594.10,108,2.46%,35819.89,33554.88,14.45%
2022-01-05,Cycle_4,4868.12,7.59,36949.03,244,-7.59%,39981.98,39981.98,18.19%
2022-01-06,Cycle_1,4818.23,2.05,9877.38,12,-1.27%,14192.19,10645.59,4.29%
2022-01-06,Cycle_2,4818.23,4.0600000000000005,19562.02,79,-3.50%,24969.02,21087.97,7.19%
2022-01-06,Cycle_3,4818.23,6.490000000000001,31270.32,109,1.41%,35819.89,33554.88,14.45%
2022-01-06,Cycle_4,4818.23,7.59,36570.38,245,-8.53%,39981.98,39981.98,18.19%
2022-01-07,Cycle_1,4822.37,2.05,9885.86,13,-1.19%,14192.19,10645.59,4.29%
2022-01-07,Cycle_2,4822.37,4.0600000000000005,19578.82,80,-3.41%,24969.02,21087.97,7.19%
2022-01-07,Cycle_3,4822.37,6.490000000000001,31297.17,110,1.50%,35819.89,33554.88,14.45%
2022-01-07,Cycle_4,4822.37,7.59,36601.78,246,-8.45%,39981.98,39981.98,18.19%
2022-01-10,Cycle_1,4844.05,2.05,9930.29,14,-0.75%,14192.19,10645.59,4.29%
2022-01-10,Cycle_2,4844.05,4.0600000000000005,19666.82,81,-2.98%,24969.02,21087.97,7.19%
2022-01-10,Cycle_3,4844.05,6.490000000000001,31437.85,111,1.95%,35819.89,33554.88,14.45%
2022-01-10,Cycle_4,4844.05,7.59,36766.30,247,-8.04%,39981.98,39981.98,18.19%
2022-01-11,Cycle_1,4797.77,2.05,9835.44,15,-1.69%,14192.19,10645.59,4.70%
2022-01-11,Cycle_2,4797.77,4.0600000000000005,19478.96,82,-3.91%,24969.02,21087.97,7.19%
2022-01-11,Cycle_3,4797.77,6.490000000000001,31137.55,112,0.98%,35819.89,33554.88,14.45%
2022-01-11,Cycle_4,4797.77,7.59,36415.10,248,-8.92%,39981.98,39981.98,18.19%
2022-01-12,Cycle_1,4845.58,2.05,9933.44,16,-0.71%,14192.19,10645.59,4.70%
2022-01-12,Cycle_2,4845.58,4.0600000000000005,19673.05,83,-2.95%,24969.02,21087.97,7.19%
2022-01-12,Cycle_3,4845.58,6.490000000000001,31447.81,113,1.98%,35819.89,33554.88,14.45%
2022-01-12,Cycle_4,4845.58,7.59,36777.94,249,-8.01%,39981.98,39981.98,18.19%
2022-01-13,Cycle_1,4765.92,2.11,10056.09,0,0.00%,14478.14,10931.55,4.70%
2022-01-13,Cycle_2,4765.92,4.300000000000001,20493.45,0,0.00%,26112.84,22231.79,7.19%
2022-01-13,Cycle_3,4765.92,6.490000000000001,30930.81,114,0.31%,35819.89,33554.88,14.45%
2022-01-13,Cycle_4,4765.92,7.59,36173.33,250,-9.53%,39981.98,39981.98,18.19%
2022-01-14,Cycle_1,4726.73,2.11,9973.40,1,-0.82%,14478.14,10931.55,4.70%
2022-01-14,Cycle_2,4726.73,4.300000000000001,20324.95,1,-0.82%,26112.84,22231.79,7.19%
2022-01-14,Cycle_3,4726.73,6.490000000000001,30676.49,115,-0.52%,35819.89,33554.88,14.45%
2022-01-14,Cycle_4,4726.73,7.59,35875.89,251,-10.27%,39981.98,39981.98,18.61%
2022-01-17,Cycle_1,4767.28,2.11,10058.95,2,0.03%,14478.14,10931.55,4.70%
2022-01-17,Cycle_2,4767.28,4.300000000000001,20499.29,2,0.03%,26112.84,22231.79,7.19%
2022-01-17,Cycle_3,4767.28,6.490000000000001,30939.62,116,0.34%,35819.89,33554.88,14.45%
2022-01-17,Cycle_4,4767.28,7.59,36183.63,252,-9.50%,39981.98,39981.98,18.61%
2022-01-18,Cycle_1,4813.35,2.11,10156.16,3,1.00%,14478.14,10931.55,4.70%
2022-01-18,Cycle_2,4813.35,4.300000000000001,20697.39,3,1.00%,26112.84,22231.79,7.19%
2022-01-18,Cycle_3,4813.35,6.490000000000001,31238.62,117,1.31%,35819.89,33554.88,14.45%
2022-01-18,Cycle_4,4813.35,7.59,36533.31,253,-8.63%,39981.98,39981.98,18.61%
2022-01-19,Cycle_1,4780.38,2.11,10086.60,4,0.30%,14478.14,10931.55,4.70%
2022-01-19,Cycle_2,4780.38,4.300000000000001,20555.63,4,0.30%,26112.84,22231.79,7.19%
2022-01-19,Cycle_3,4780.38,6.490000000000001,31024.66,118,0.61%,35819.89,33554.88,14.45%
2022-01-19,Cycle_4,4780.38,7.59,36283.07,254,-9.25%,39981.98,39981.98,18.61%
2022-01-20,Cycle_1,4823.51,2.11,10177.60,5,1.21%,14478.14,10931.55,4.70%
2022-01-20,Cycle_2,4823.51,4.300000000000001,20741.09,5,1.21%,26112.84,22231.79,7.19%
2022-01-20,Cycle_3,4823.51,6.490000000000001,31304.57,119,1.52%,35819.89,33554.88,14.45%
2022-01-20,Cycle_4,4823.51,7.59,36610.43,255,-8.43%,39981.98,39981.98,18.61%
2022-01-21,Cycle_1,4779.31,2.11,10084.35,6,0.28%,14478.14,10931.55,4.70%
2022-01-21,Cycle_2,4779.31,4.300000000000001,20551.05,6,0.28%,26112.84,22231.79,7.19%
2022-01-21,Cycle_3,4779.31,6.490000000000001,31017.75,120,0.59%,35819.89,33554.88,14.45%
2022-01-21,Cycle_4,4779.31,7.59,36274.99,256,-9.27%,39981.98,39981.98,18.61%
2022-01-24,Cycle_1,4786.74,2.11,10100.02,7,0.44%,14478.14,10931.55,4.70%
2022-01-24,Cycle_2,4786.74,4.300000000000001,20582.97,7,0.44%,26112.84,22231.79,7.19%
2022-01-24,Cycle_3,4786.74,6.490000000000001,31065.93,121,0.75%,35819.89,33554.88,14.45%
2022-01-24,Cycle_4,4786.74,7.59,36331.34,257,-9.13%,39981.98,39981.98,18.61%
2022-01-25,Cycle_1,4678.45,2.11,9871.53,8,-1.84%,14478.14,10931.55,4.70%
2022-01-25,Cycle_2,4678.45,4.300000000000001,20117.34,8,-1.84%,26112.84,22231.79,7.19%
2022-01-25,Cycle_3,4678.45,6.490000000000001,30363.15,122,-1.53%,35819.89,33554.88,14.45%
2022-01-25,Cycle_4,4678.45,7.59,35509.44,258,-11.19%,39981.98,39981.98,19.44%
2022-01-26,Cycle_1,4712.31,2.11,9942.98,9,-1.12%,14478.14,10931.55,4.70%
2022-01-26,Cycle_2,4712.31,4.300000000000001,20262.94,9,-1.12%,26112.84,22231.79,7.19%
2022-01-26,Cycle_3,4712.31,6.490000000000001,30582.90,123,-0.82%,35819.89,33554.88,14.45%
2022-01-26,Cycle_4,4712.31,7.59,35766.44,259,-10.54%,39981.98,39981.98,19.44%
2022-01-27,Cycle_1,4619.88,2.17,10025.13,0,0.00%,14755.34,11208.74,4.70%
2022-01-27,Cycle_2,4619.88,4.300000000000001,19865.47,10,-3.06%,26112.84,22231.79,7.19%
2022-01-27,Cycle_3,4619.88,6.490000000000001,29983.00,124,-2.77%,35819.89,33554.88,14.45%
2022-01-27,Cycle_4,4619.88,7.59,35064.86,260,-12.30%,39981.98,39981.98,20.45%
2022-01-28,Cycle_1,4563.77,2.17,9903.39,1,-1.21%,14755.34,11208.74,4.70%
2022-01-28,Cycle_2,4563.77,4.4,20080.60,0,0.00%,26569.22,22688.16,7.19%
2022-01-28,Cycle_3,4563.77,6.490000000000001,29618.88,125,-3.95%,35819.89,33554.88,14.45%
2022-01-28,Cycle_4,4563.77,7.59,34639.03,261,-13.36%,39981.98,39981.98,21.42%
2022-02-07,Cycle_1,4634.09,2.17,10055.98,2,0.31%,14755.34,11208.74,4.70%
2022-02-07,Cycle_2,4634.09,4.4,20390.00,1,1.54%,26569.22,22688.16,7.19%
2022-02-07,Cycle_3,4634.09,6.490000000000001,30075.24,126,-2.47%,35819.89,33554.88,14.45%
2022-02-07,Cycle_4,4634.09,7.59,35172.74,262,-12.03%,39981.98,39981.98,21.42%
2022-02-08,Cycle_1,4608.77,2.17,10001.04,3,-0.24%,14755.34,11208.74,4.70%
2022-02-08,Cycle_2,4608.77,4.4,20278.60,2,0.99%,26569.22,22688.16,7.19%
2022-02-08,Cycle_3,4608.77,6.490000000000001,29910.94,127,-3.00%,35819.89,33554.88,14.45%
2022-02-08,Cycle_4,4608.77,7.59,34980.59,263,-12.51%,39981.98,39981.98,21.42%
2022-02-09,Cycle_1,4652.06,2.17,10094.97,4,0.70%,14755.34,11208.74,4.70%
2022-02-09,Cycle_2,4652.06,4.4,20469.07,3,1.93%,26569.22,22688.16,7.19%
2022-02-09,Cycle_3,4652.06,6.490000000000001,30191.88,128,-2.09%,35819.89,33554.88,14.45%
2022-02-09,Cycle_4,4652.06,7.59,35309.14,264,-11.69%,39981.98,39981.98,21.42%
2022-02-10,Cycle_1,4639.86,2.17,10068.50,5,0.43%,14755.34,11208.74,4.70%
2022-02-10,Cycle_2,4639.86,4.4,20415.40,4,1.67%,26569.22,22688.16,7.19%
2022-02-10,Cycle_3,4639.86,6.490000000000001,30112.71,129,-2.35%,35819.89,33554.88,14.45%
2022-02-10,Cycle_4,4639.86,7.59,35216.56,265,-11.92%,39981.98,39981.98,21.42%
2022-02-11,Cycle_1,4601.40,2.17,9985.03,6,-0.40%,14755.34,11208.74,4.70%
2022-02-11,Cycle_2,4601.40,4.4,20246.14,5,0.82%,26569.22,22688.16,7.19%
2022-02-11,Cycle_3,4601.40,6.490000000000001,29863.06,130,-3.16%,35819.89,33554.88,14.45%
2022-02-11,Cycle_4,4601.40,7.59,34924.59,266,-12.65%,39981.98,39981.98,21.42%
2022-02-14,Cycle_1,4551.69,2.17,9877.16,7,-1.48%,14755.34,11208.74,4.70%
2022-02-14,Cycle_2,4551.69,4.4,20027.43,6,-0.26%,26569.22,22688.16,7.19%
2022-02-14,Cycle_3,4551.69,6.490000000000001,29540.45,131,-4.20%,35819.89,33554.88,14.45%
2022-02-14,Cycle_4,4551.69,7.59,34547.31,267,-13.59%,39981.98,39981.98,21.63%
2022-02-15,Cycle_1,4600.10,2.17,9982.22,8,-0.43%,14755.34,11208.74,4.70%
2022-02-15,Cycle_2,4600.10,4.4,20240.45,7,0.80%,26569.22,22688.16,7.19%
2022-02-15,Cycle_3,4600.10,6.490000000000001,29854.67,132,-3.18%,35819.89,33554.88,14.45%
2022-02-15,Cycle_4,4600.10,7.59,34914.78,268,-12.67%,39981.98,39981.98,21.63%
2022-02-16,Cycle_1,4617.99,2.17,10021.04,9,-0.04%,14755.34,11208.74,4.70%
2022-02-16,Cycle_2,4617.99,4.4,20319.15,8,1.19%,26569.22,22688.16,7.19%
2022-02-16,Cycle_3,4617.99,6.490000000000001,29970.75,133,-2.81%,35819.89,33554.88,14.45%
2022-02-16,Cycle_4,4617.99,7.59,35050.54,269,-12.33%,39981.98,39981.98,21.63%
2022-02-17,Cycle_1,4629.16,2.17,10045.29,10,0.20%,14755.34,11208.74,4.70%
2022-02-17,Cycle_2,4629.16,4.4,20368.33,9,1.43%,26569.22,22688.16,7.19%
2022-02-17,Cycle_3,4629.16,6.490000000000001,30043.28,134,-2.57%,35819.89,33554.88,14.45%
2022-02-17,Cycle_4,4629.16,7.59,35135.36,270,-12.12%,39981.98,39981.98,21.63%
2022-02-18,Cycle_1,4651.24,2.17,10093.18,11,0.68%,14755.34,11208.74,4.70%
2022-02-18,Cycle_2,4651.24,4.4,20465.44,10,1.92%,26569.22,22688.16,7.19%
2022-02-18,Cycle_3,4651.24,6.490000000000001,30186.52,135,-2.11%,35819.89,33554.88,14.45%
2022-02-18,Cycle_4,4651.24,7.59,35302.88,271,-11.70%,39981.98,39981.98,21.63%
2022-02-21,Cycle_1,4634.31,2.17,10056.46,12,0.31%,14755.34,11208.74,4.70%
2022-02-21,Cycle_2,4634.31,4.4,20390.98,11,1.55%,26569.22,22688.16,7.19%
2022-02-21,Cycle_3,4634.31,6.490000000000001,30076.70,136,-2.46%,35819.89,33554.88,14.45%
2022-02-21,Cycle_4,4634.31,7.59,35174.44,272,-12.02%,39981.98,39981.98,21.63%
2022-02-22,Cycle_1,4574.15,2.17,9925.91,13,-0.99%,14755.34,11208.74,4.70%
2022-02-22,Cycle_2,4574.15,4.4,20126.27,12,0.23%,26569.22,22688.16,7.19%
2022-02-22,Cycle_3,4574.15,6.490000000000001,29686.25,137,-3.73%,35819.89,33554.88,14.45%
2022-02-22,Cycle_4,4574.15,7.59,34717.82,273,-13.17%,39981.98,39981.98,21.63%
2022-02-23,Cycle_1,4623.05,2.17,10032.01,14,0.07%,14755.34,11208.74,4.70%
2022-02-23,Cycle_2,4623.05,4.4,20341.40,13,1.30%,26569.22,22688.16,7.19%
2022-02-23,Cycle_3,4623.05,6.490000000000001,30003.57,138,-2.70%,35819.89,33554.88,14.45%
2022-02-23,Cycle_4,4623.05,7.59,35088.92,274,-12.24%,39981.98,39981.98,21.63%
2022-02-24,Cycle_1,4529.32,2.17,9828.62,15,-1.96%,14755.34,11208.74,4.76%
2022-02-24,Cycle_2,4529.32,4.4,19929.00,14,-0.75%,26569.22,22688.16,7.19%
2022-02-24,Cycle_3,4529.32,6.490000000000001,29395.28,139,-4.67%,35819.89,33554.88,14.45%
2022-02-24,Cycle_4,4529.32,7.59,34377.53,275,-14.02%,39981.98,39981.98,22.01%
2022-02-25,Cycle_1,4573.42,2.17,9924.33,16,-1.01%,14755.34,11208.74,4.76%
2022-02-25,Cycle_2,4573.42,4.4,20123.07,15,0.21%,26569.22,22688.16,7.19%
2022-02-25,Cycle_3,4573.42,6.490000000000001,29681.53,140,-3.74%,35819.89,33554.88,14.45%
2022-02-25,Cycle_4,4573.42,7.59,34712.29,276,-13.18%,39981.98,39981.98,22.01%
2022-02-28,Cycle_1,4581.65,2.17,9942.17,17,-0.83%,14755.34,11208.74,4.76%
2022-02-28,Cycle_2,4581.65,4.4,20159.24,16,0.39%,26569.22,22688.16,7.19%
2022-02-28,Cycle_3,4581.65,6.490000000000001,29734.88,141,-3.57%,35819.89,33554.88,14.45%
2022-02-28,Cycle_4,4581.65,7.59,34774.69,277,-13.02%,39981.98,39981.98,22.01%
2022-03-01,Cycle_1,4619.69,2.17,10024.72,18,-0.00%,14755.34,11208.74,4.76%
2022-03-01,Cycle_2,4619.69,4.4,20326.62,17,1.23%,26569.22,22688.16,7.19%
2022-03-01,Cycle_3,4619.69,6.490000000000001,29981.76,142,-2.77%,35819.89,33554.88,14.45%
2022-03-01,Cycle_4,4619.69,7.59,35063.42,278,-12.30%,39981.98,39981.98,22.01%
2022-03-02,Cycle_1,4578.60,2.17,9935.56,19,-0.89%,14755.34,11208.74,4.76%
2022-03-02,Cycle_2,4578.60,4.4,20145.84,18,0.32%,26569.22,22688.16,7.19%
2022-03-02,Cycle_3,4578.60,6.490000000000001,29715.12,143,-3.64%,35819.89,33554.88,14.45%
2022-03-02,Cycle_4,4578.60,7.59,34751.58,279,-13.08%,39981.98,39981.98,22.01%
2022-03-03,Cycle_1,4551.63,2.17,9877.03,20,-1.48%,14755.34,11208.74,4.76%
2022-03-03,Cycle_2,4551.63,4.4,20027.16,19,-0.27%,26569.22,22688.16,7.19%
2022-03-03,Cycle_3,4551.63,6.490000000000001,29540.07,144,-4.20%,35819.89,33554.88,14.45%
2022-03-03,Cycle_4,4551.63,7.59,34546.86,280,-13.59%,39981.98,39981.98,22.01%
2022-03-04,Cycle_1,4496.43,2.2399999999999998,10072.00,0,0.00%,15070.09,11523.49,4.76%
2022-03-04,Cycle_2,4496.43,4.4,19784.29,20,-1.48%,26569.22,22688.16,7.19%
2022-03-04,Cycle_3,4496.43,6.490000000000001,29181.83,145,-5.36%,35819.89,33554.88,14.45%
2022-03-04,Cycle_4,4496.43,7.59,34127.90,281,-14.64%,39981.98,39981.98,22.58%
2022-03-07,Cycle_1,4352.78,2.3,10011.39,0,0.00%,15331.25,11784.66,4.76%
2022-03-07,Cycle_2,4352.78,4.62,20109.83,0,0.00%,27526.83,23645.77,7.19%
2022-03-07,Cycle_3,4352.78,7.170000000000001,31209.41,0,0.00%,38779.77,36514.76,14.45%
2022-03-07,Cycle_4,4352.78,9.92,43179.55,0,0.00%,50123.95,50123.95,22.58%
2022-03-08,Cycle_1,4265.39,2.3499999999999996,10023.67,0,0.00%,15544.52,11997.93,4.76%
2022-03-08,Cycle_2,4265.39,4.62,19706.11,1,-2.01%,27526.83,23645.77,7.19%
2022-03-08,Cycle_3,4265.39,7.170000000000001,30582.85,1,-2.01%,38779.77,36514.76,14.45%
2022-03-08,Cycle_4,4265.39,9.92,42312.68,1,-2.01%,50123.95,50123.95,22.58%
2022-03-09,Cycle_1,4226.35,2.3499999999999996,9931.91,1,-0.92%,15544.52,11997.93,4.76%
2022-03-09,Cycle_2,4226.35,4.62,19525.72,2,-2.90%,27526.83,23645.77,7.19%
2022-03-09,Cycle_3,4226.35,7.170000000000001,30302.90,2,-2.90%,38779.77,36514.76,14.45%
2022-03-09,Cycle_4,4226.35,9.92,41925.36,2,-2.90%,50123.95,50123.95,22.58%
2022-03-10,Cycle_1,4292.84,2.3499999999999996,10088.17,2,0.64%,15544.52,11997.93,4.76%
2022-03-10,Cycle_2,4292.84,4.62,19832.91,3,-1.38%,27526.83,23645.77,7.19%
2022-03-10,Cycle_3,4292.84,7.170000000000001,30779.64,3,-1.38%,38779.77,36514.76,14.45%
2022-03-10,Cycle_4,4292.84,9.92,42584.95,3,-1.38%,50123.95,50123.95,22.58%
2022-03-11,Cycle_1,4306.52,2.3499999999999996,10120.33,3,0.96%,15544.52,11997.93,4.76%
2022-03-11,Cycle_2,4306.52,4.62,19896.13,4,-1.06%,27526.83,23645.77,7.19%
2022-03-11,Cycle_3,4306.52,7.170000000000001,30877.76,4,-1.06%,38779.77,36514.76,14.45%
2022-03-11,Cycle_4,4306.52,9.92,42720.70,4,-1.06%,50123.95,50123.95,22.58%
2022-03-14,Cycle_1,4174.76,2.3999999999999995,10019.42,0,0.00%,15753.26,12206.67,4.76%
2022-03-14,Cycle_2,4174.76,4.8,20038.84,0,0.00%,28278.28,24397.23,7.19%
2022-03-14,Cycle_3,4174.76,7.170000000000001,29933.01,5,-4.09%,38779.77,36514.76,14.45%
2022-03-14,Cycle_4,4174.76,9.92,41413.60,5,-4.09%,50123.95,50123.95,22.58%
2022-03-15,Cycle_1,3983.81,2.5099999999999993,9999.37,0,0.00%,16191.48,12644.89,4.76%
2022-03-15,Cycle_2,3983.81,5.02,19998.74,0,0.00%,29154.72,25273.67,7.19%
2022-03-15,Cycle_3,3983.81,7.540000000000001,30037.94,0,0.00%,40253.78,37988.77,14.45%
2022-03-15,Cycle_4,3983.81,9.92,39519.42,6,-8.48%,50123.95,50123.95,22.58%
2022-03-16,Cycle_1,4156.08,2.4199999999999995,10057.72,0,0.00%,16191.48,12270.84,4.76%
2022-03-16,Cycle_2,4156.08,4.859999999999999,20198.55,0,0.00%,29154.72,24608.70,7.19%
2022-03-16,Cycle_3,4156.08,7.540000000000001,31336.85,1,4.32%,40253.78,37988.77,14.45%
2022-03-16,Cycle_4,4156.08,9.92,41228.32,7,-4.52%,50123.95,50123.95,22.58%
2022-03-17,Cycle_1,4237.70,2.4199999999999995,10255.22,1,1.96%,16191.48,12270.84,4.76%
2022-03-17,Cycle_2,4237.70,4.859999999999999,20595.20,1,1.96%,29154.72,24608.70,7.19%
2022-03-17,Cycle_3,4237.70,7.540000000000001,31952.22,2,6.37%,40253.78,37988.77,14.45%
2022-03-17,Cycle_4,4237.70,9.92,42037.94,8,-2.64%,50123.95,50123.95,22.58%
2022-03-18,Cycle_1,4265.90,2.3599999999999994,10067.53,0,0.00%,16191.48,12014.88,4.76%
2022-03-18,Cycle_2,4265.90,4.859999999999999,20732.28,2,2.64%,29154.72,24608.70,7.19%
2022-03-18,Cycle_3,4265.90,7.540000000000001,32164.90,3,7.08%,40253.78,37988.77,14.45%
2022-03-18,Cycle_4,4265.90,9.92,42317.74,9,-2.00%,50123.95,50123.95,22.58%
2022-03-21,Cycle_1,4258.75,2.3599999999999994,10050.64,1,-0.17%,16191.48,12014.88,4.76%
2022-03-21,Cycle_2,4258.75,4.859999999999999,20697.51,3,2.47%,29154.72,24608.70,7.19%
2022-03-21,Cycle_3,4258.75,7.540000000000001,32110.94,4,6.90%,40253.78,37988.77,14.45%
2022-03-21,Cycle_4,4258.75,9.92,42246.76,10,-2.16%,50123.95,50123.95,22.58%
2022-03-22,Cycle_1,4255.30,2.3599999999999994,10042.50,2,-0.25%,16191.48,12014.88,4.76%
2022-03-22,Cycle_2,4255.30,4.859999999999999,20680.73,4,2.39%,29154.72,24608.70,7.19%
2022-03-22,Cycle_3,4255.30,7.540000000000001,32084.92,5,6.81%,40253.78,37988.77,14.45%
2022-03-22,Cycle_4,4255.30,9.92,42212.53,11,-2.24%,50123.95,50123.95,22.58%
2022-03-23,Cycle_1,4276.52,2.3599999999999994,10092.58,3,0.25%,16191.48,12014.88,4.76%
2022-03-23,Cycle_2,4276.52,4.859999999999999,20783.87,5,2.90%,29154.72,24608.70,7.19%
2022-03-23,Cycle_3,4276.52,7.540000000000001,32244.94,6,7.35%,40253.78,37988.77,14.45%
2022-03-23,Cycle_4,4276.52,9.92,42423.05,12,-1.75%,50123.95,50123.95,22.58%
2022-03-24,Cycle_1,4251.31,2.3599999999999994,10033.08,4,-0.34%,16191.48,12014.88,4.76%
2022-03-24,Cycle_2,4251.31,4.859999999999999,20661.35,6,2.29%,29154.72,24608.70,7.19%
2022-03-24,Cycle_3,4251.31,7.540000000000001,32054.85,7,6.71%,40253.78,37988.77,14.45%
2022-03-24,Cycle_4,4251.31,9.92,42172.96,13,-2.33%,50123.95,50123.95,22.58%
2022-03-25,Cycle_1,4174.57,2.3999999999999995,10018.98,0,0.00%,16358.46,12181.87,4.76%
2022-03-25,Cycle_2,4174.57,4.859999999999999,20288.43,7,0.44%,29154.72,24608.70,7.19%
2022-03-25,Cycle_3,4174.57,7.540000000000001,31476.29,8,4.79%,40253.78,37988.77,14.45%
2022-03-25,Cycle_4,4174.57,9.92,41411.78,14,-4.09%,50123.95,50123.95,22.58%
2022-03-28,Cycle_1,4148.47,2.3999999999999995,9956.32,1,-0.63%,16358.46,12181.87,4.76%
2022-03-28,Cycle_2,4148.47,4.859999999999999,20161.55,8,-0.18%,29154.72,24608.70,7.19%
2022-03-28,Cycle_3,4148.47,7.540000000000001,31279.44,9,4.13%,40253.78,37988.77,14.45%
2022-03-28,Cycle_4,4148.47,9.92,41152.79,15,-4.69%,50123.95,50123.95,22.58%
2022-03-29,Cycle_1,4134.14,2.3999999999999995,9921.95,2,-0.97%,16358.46,12181.87,4.76%
2022-03-29,Cycle_2,4134.14,4.859999999999999,20091.94,9,-0.53%,29154.72,24608.70,7.19%
2022-03-29,Cycle_3,4134.14,7.540000000000001,31171.45,10,3.77%,40253.78,37988.77,14.45%
2022-03-29,Cycle_4,4134.14,9.92,41010.71,16,-5.02%,50123.95,50123.95,22.58%
2022-03-30,Cycle_1,4254.10,2.3999999999999995,10209.84,3,1.90%,16358.46,12181.87,4.76%
2022-03-30,Cycle_2,4254.10,4.859999999999999,20674.92,10,2.36%,29154.72,24608.70,7.19%
2022-03-30,Cycle_3,4254.10,7.540000000000001,32075.91,11,6.78%,40253.78,37988.77,14.45%
2022-03-30,Cycle_4,4254.10,9.92,42200.66,17,-2.27%,50123.95,50123.95,22.58%
2022-03-31,Cycle_1,4222.60,2.3999999999999995,10134.23,4,1.15%,16358.46,12181.87,4.76%
2022-03-31,Cycle_2,4222.60,4.859999999999999,20521.82,11,1.60%,29154.72,24608.70,7.19%
2022-03-31,Cycle_3,4222.60,7.540000000000001,31838.38,12,5.99%,40253.78,37988.77,14.45%
2022-03-31,Cycle_4,4222.60,9.92,41888.16,18,-2.99%,50123.95,50123.95,22.58%
2022-04-01,Cycle_1,4276.16,2.3499999999999996,10048.97,0,0.00%,16358.46,11968.06,4.76%
2022-04-01,Cycle_2,4276.16,4.859999999999999,20782.13,12,2.89%,29154.72,24608.70,7.19%
2022-04-01,Cycle_3,4276.16,7.540000000000001,32242.23,13,7.34%,40253.78,37988.77,14.45%
2022-04-01,Cycle_4,4276.16,9.92,42419.49,19,-1.76%,50123.95,50123.95,22.58%
2022-04-06,Cycle_1,4263.84,2.3499999999999996,10020.03,1,-0.29%,16358.46,11968.06,4.76%
2022-04-06,Cycle_2,4263.84,4.859999999999999,20722.27,13,2.59%,29154.72,24608.70,7.19%
2022-04-06,Cycle_3,4263.84,7.540000000000001,32149.36,14,7.03%,40253.78,37988.77,14.45%
2022-04-06,Cycle_4,4263.84,9.92,42297.30,20,-2.04%,50123.95,50123.95,22.58%
2022-04-07,Cycle_1,4209.10,2.3499999999999996,9891.38,2,-1.57%,16358.46,11968.06,4.76%
2022-04-07,Cycle_2,4209.10,4.859999999999999,20456.23,14,1.28%,29154.72,24608.70,7.19%
2022-04-07,Cycle_3,4209.10,7.540000000000001,31736.61,15,5.66%,40253.78,37988.77,14.45%
2022-04-07,Cycle_4,4209.10,9.92,41754.27,21,-3.30%,50123.95,50123.95,22.58%
2022-04-08,Cycle_1,4230.77,2.3499999999999996,9942.30,3,-1.06%,16358.46,11968.06,4.76%
2022-04-08,Cycle_2,4230.77,4.859999999999999,20561.53,15,1.80%,29154.72,24608.70,7.19%
2022-04-08,Cycle_3,4230.77,7.540000000000001,31899.98,16,6.20%,40253.78,37988.77,14.45%
2022-04-08,Cycle_4,4230.77,9.92,41969.21,22,-2.80%,50123.95,50123.95,22.58%
2022-04-11,Cycle_1,4100.07,2.4399999999999995,10004.17,0,0.00%,16727.47,12337.07,4.76%
2022-04-11,Cycle_2,4100.07,4.859999999999999,19926.34,16,-1.35%,29154.72,24608.70,7.19%
2022-04-11,Cycle_3,4100.07,7.540000000000001,30914.53,17,2.92%,40253.78,37988.77,14.45%
2022-04-11,Cycle_4,4100.07,9.92,40672.70,23,-5.81%,50123.95,50123.95,22.58%
2022-04-12,Cycle_1,4179.97,2.4399999999999995,10199.13,1,1.95%,16727.47,12337.07,4.76%
2022-04-12,Cycle_2,4179.97,4.859999999999999,20314.67,17,0.57%,29154.72,24608.70,7.19%
2022-04-12,Cycle_3,4179.97,7.540000000000001,31516.99,18,4.92%,40253.78,37988.77,14.45%
2022-04-12,Cycle_4,4179.97,9.92,41465.33,24,-3.97%,50123.95,50123.95,22.58%
2022-04-13,Cycle_1,4139.74,2.4399999999999995,10100.96,2,0.97%,16727.47,12337.07,4.76%
2022-04-13,Cycle_2,4139.74,4.859999999999999,20119.12,18,-0.39%,29154.72,24608.70,7.19%
2022-04-13,Cycle_3,4139.74,7.540000000000001,31213.62,19,3.91%,40253.78,37988.77,14.45%
2022-04-13,Cycle_4,4139.74,9.92,41066.19,25,-4.89%,50123.95,50123.95,22.58%
2022-04-14,Cycle_1,4191.57,2.3999999999999995,10059.76,0,0.00%,16727.47,12169.40,4.76%
2022-04-14,Cycle_2,4191.57,4.859999999999999,20371.02,19,0.85%,29154.72,24608.70,7.19%
2022-04-14,Cycle_3,4191.57,7.540000000000001,31604.43,20,5.22%,40253.78,37988.77,14.45%
2022-04-14,Cycle_4,4191.57,9.92,41580.36,26,-3.70%,50123.95,50123.95,22.58%
2022-04-15,Cycle_1,4188.75,2.3999999999999995,10052.99,1,-0.07%,16727.47,12169.40,4.76%
2022-04-15,Cycle_2,4188.75,4.859999999999999,20357.31,20,0.79%,29154.72,24608.70,7.19%
2022-04-15,Cycle_3,4188.75,7.540000000000001,31583.15,21,5.14%,40253.78,37988.77,14.45%
2022-04-15,Cycle_4,4188.75,9.92,41552.37,27,-3.77%,50123.95,50123.95,22.58%
2022-04-18,Cycle_1,4166.38,2.3999999999999995,9999.32,2,-0.60%,16727.47,12169.40,4.76%
2022-04-18,Cycle_2,4166.38,4.859999999999999,20248.63,21,0.25%,29154.72,24608.70,7.19%
2022-04-18,Cycle_3,4166.38,7.540000000000001,31414.54,22,4.58%,40253.78,37988.77,14.45%
2022-04-18,Cycle_4,4166.38,9.92,41330.53,28,-4.28%,50123.95,50123.95,22.58%
2022-04-19,Cycle_1,4134.90,2.3999999999999995,9923.76,3,-1.35%,16727.47,12169.40,4.76%
2022-04-19,Cycle_2,4134.90,4.859999999999999,20095.62,22,-0.51%,29154.72,24608.70,7.19%
2022-04-19,Cycle_3,4134.90,7.540000000000001,31177.16,23,3.79%,40253.78,37988.77,14.45%
2022-04-19,Cycle_4,4134.90,9.92,41018.22,29,-5.01%,50123.95,50123.95,22.58%
2022-04-20,Cycle_1,4070.79,2.4599999999999995,10014.14,0,0.00%,16971.72,12413.65,4.76%
2022-04-20,Cycle_2,4070.79,4.859999999999999,19784.03,23,-2.05%,29154.72,24608.70,7.19%
2022-04-20,Cycle_3,4070.79,7.540000000000001,30693.75,24,2.18%,40253.78,37988.77,14.45%
2022-04-20,Cycle_4,4070.79,9.92,40382.23,30,-6.48%,50123.95,50123.95,22.58%
2022-04-21,Cycle_1,3995.83,2.4599999999999995,9829.74,1,-1.84%,16971.72,12413.65,4.76%
2022-04-21,Cycle_2,3995.83,4.859999999999999,19419.73,24,-3.86%,29154.72,24608.70,7.19%
2022-04-21,Cycle_3,3995.83,7.540000000000001,30128.56,25,0.30%,40253.78,37988.77,14.45%
2022-04-21,Cycle_4,3995.83,9.92,39638.63,31,-8.20%,50123.95,50123.95,22.58%
2022-04-22,Cycle_1,4013.25,2.4599999999999995,9872.59,2,-1.41%,16971.72,12413.65,4.76%
2022-04-22,Cycle_2,4013.25,4.859999999999999,19504.39,25,-3.44%,29154.72,24608.70,7.19%
2022-04-22,Cycle_3,4013.25,7.540000000000001,30259.90,26,0.74%,40253.78,37988.77,14.45%
2022-04-22,Cycle_4,4013.25,9.92,39811.44,32,-7.80%,50123.95,50123.95,22.58%
2022-04-25,Cycle_1,3814.91,2.6199999999999997,9995.07,0,0.00%,17582.10,13024.04,4.76%
2022-04-25,Cycle_2,3814.91,5.279999999999999,20142.74,0,0.00%,30756.98,26210.96,7.19%
2022-04-25,Cycle_3,3814.91,7.540000000000001,28764.44,27,-4.24%,40253.78,37988.77,14.45%
2022-04-25,Cycle_4,3814.91,9.92,37843.93,33,-12.36%,50123.95,50123.95,22.58%
2022-04-26,Cycle_1,3784.12,2.6199999999999997,9914.39,1,-0.81%,17582.10,13024.04,4.76%
2022-04-26,Cycle_2,3784.12,5.279999999999999,19980.15,1,-0.81%,30756.98,26210.96,7.19%
2022-04-26,Cycle_3,3784.12,7.540000000000001,28532.26,28,-5.01%,40253.78,37988.77,14.45%
2022-04-26,Cycle_4,3784.12,9.92,37538.47,34,-13.06%,50123.95,50123.95,22.58%
2022-04-27,Cycle_1,3895.54,2.5799999999999996,10050.48,0,0.00%,17582.10,12868.22,4.76%
2022-04-27,Cycle_2,3895.54,5.279999999999999,20568.43,2,2.11%,30756.98,26210.96,7.19%
2022-04-27,Cycle_3,3895.54,7.540000000000001,29372.34,29,-2.22%,40253.78,37988.77,14.45%
2022-04-27,Cycle_4,3895.54,9.92,38643.72,35,-10.50%,50123.95,50123.95,22.58%
2022-04-28,Cycle_1,3921.11,2.5799999999999996,10116.46,1,0.66%,17582.10,12868.22,4.76%
2022-04-28,Cycle_2,3921.11,5.279999999999999,20703.45,3,2.78%,30756.98,26210.96,7.19%
2022-04-28,Cycle_3,3921.11,7.540000000000001,29565.15,30,-1.57%,40253.78,37988.77,14.45%
2022-04-28,Cycle_4,3921.11,9.92,38897.38,36,-9.92%,50123.95,50123.95,22.58%
2022-04-29,Cycle_1,4016.24,2.4999999999999996,10040.60,0,0.00%,17582.10,12546.92,4.76%
2022-04-29,Cycle_2,4016.24,5.039999999999999,20241.85,0,0.00%,30756.98,25247.06,7.19%
2022-04-29,Cycle_3,4016.24,7.540000000000001,30282.46,31,0.81%,40253.78,37988.77,14.45%
2022-04-29,Cycle_4,4016.24,9.92,39841.11,37,-7.73%,50123.95,50123.95,22.58%
2022-05-05,Cycle_1,4010.21,2.4999999999999996,10025.53,1,-0.15%,17582.10,12546.92,4.76%
2022-05-05,Cycle_2,4010.21,5.039999999999999,20211.46,1,-0.15%,30756.98,25247.06,7.19%
2022-05-05,Cycle_3,4010.21,7.540000000000001,30236.98,32,0.66%,40253.78,37988.77,14.45%
2022-05-05,Cycle_4,4010.21,9.92,39781.29,38,-7.87%,50123.95,50123.95,22.58%
2022-05-06,Cycle_1,3908.82,2.5599999999999996,10006.57,0,0.00%,17816.63,12781.44,4.76%
2022-05-06,Cycle_2,3908.82,5.039999999999999,19700.43,2,-2.67%,30756.98,25247.06,7.19%
2022-05-06,Cycle_3,3908.82,7.540000000000001,29472.47,33,-1.88%,40253.78,37988.77,14.45%
2022-05-06,Cycle_4,3908.82,9.92,38775.44,39,-10.20%,50123.95,50123.95,22.58%
2022-05-09,Cycle_1,3877.44,2.5599999999999996,9926.24,1,-0.80%,17816.63,12781.44,4.76%
2022-05-09,Cycle_2,3877.44,5.039999999999999,19542.28,3,-3.46%,30756.98,25247.06,7.19%
2022-05-09,Cycle_3,3877.44,7.540000000000001,29235.87,34,-2.67%,40253.78,37988.77,14.45%
2022-05-09,Cycle_4,3877.44,9.92,38464.17,40,-10.92%,50123.95,50123.95,22.58%
2022-05-10,Cycle_1,3919.87,2.5599999999999996,10034.86,2,0.28%,17816.63,12781.44,4.76%
2022-05-10,Cycle_2,3919.87,5.039999999999999,19756.14,4,-2.40%,30756.98,25247.06,7.19%
2022-05-10,Cycle_3,3919.87,7.540000000000001,29555.81,35,-1.61%,40253.78,37988.77,14.45%
2022-05-10,Cycle_4,3919.87,9.92,38885.09,41,-9.95%,50123.95,50123.95,22.58%
2022-05-11,Cycle_1,3976.42,2.5599999999999996,10179.64,3,1.73%,17816.63,12781.44,4.76%
2022-05-11,Cycle_2,3976.42,5.039999999999999,20041.17,5,-0.99%,30756.98,25247.06,7.19%
2022-05-11,Cycle_3,3976.42,7.540000000000001,29982.23,36,-0.19%,40253.78,37988.77,14.45%
2022-05-11,Cycle_4,3976.42,9.92,39446.12,42,-8.65%,50123.95,50123.95,22.58%
2022-05-12,Cycle_1,3958.74,2.5599999999999996,10134.37,4,1.28%,17816.63,12781.44,4.76%
2022-05-12,Cycle_2,3958.74,5.039999999999999,19952.05,6,-1.43%,30756.98,25247.06,7.19%
2022-05-12,Cycle_3,3958.74,7.540000000000001,29848.90,37,-0.63%,40253.78,37988.77,14.45%
2022-05-12,Cycle_4,3958.74,9.92,39270.70,43,-9.05%,50123.95,50123.95,22.58%
2022-05-13,Cycle_1,3988.60,2.5199999999999996,10051.27,0,0.00%,17816.63,12621.90,4.76%
2022-05-13,Cycle_2,3988.60,5.039999999999999,20102.55,7,-0.69%,30756.98,25247.06,7.19%
2022-05-13,Cycle_3,3988.60,7.540000000000001,30074.05,38,0.12%,40253.78,37988.77,14.45%
2022-05-13,Cycle_4,3988.60,9.92,39566.91,44,-8.37%,50123.95,50123.95,22.58%
2022-05-16,Cycle_1,3956.54,2.5199999999999996,9970.48,1,-0.80%,17816.63,12621.90,4.76%
2022-05-16,Cycle_2,3956.54,5.039999999999999,19940.95,8,-1.49%,30756.98,25247.06,7.19%
2022-05-16,Cycle_3,3956.54,7.540000000000001,29832.30,39,-0.68%,40253.78,37988.77,14.45%
2022-05-16,Cycle_4,3956.54,9.92,39248.85,45,-9.10%,50123.95,50123.95,22.58%
2022-05-17,Cycle_1,4005.89,2.5199999999999996,10094.85,2,0.43%,17816.63,12621.90,4.76%
2022-05-17,Cycle_2,4005.89,5.039999999999999,20189.70,9,-0.26%,30756.98,25247.06,7.19%
2022-05-17,Cycle_3,4005.89,7.540000000000001,30204.44,40,0.55%,40253.78,37988.77,14.45%
2022-05-17,Cycle_4,4005.89,9.92,39738.46,46,-7.97%,50123.95,50123.95,22.58%
2022-05-18,Cycle_1,3991.91,2.5199999999999996,10059.61,3,0.08%,17816.63,12621.90,4.76%
2022-05-18,Cycle_2,3991.91,5.039999999999999,20119.21,10,-0.61%,30756.98,25247.06,7.19%
2022-05-18,Cycle_3,3991.91,7.540000000000001,30098.98,41,0.20%,40253.78,37988.77,14.45%
2022-05-18,Cycle_4,3991.91,9.92,39599.72,47,-8.29%,50123.95,50123.95,22.58%
2022-05-19,Cycle_1,3999.60,2.5199999999999996,10078.99,4,0.28%,17816.63,12621.90,4.76%
2022-05-19,Cycle_2,3999.60,5.039999999999999,20157.98,11,-0.41%,30756.98,25247.06,7.19%
2022-05-19,Cycle_3,3999.60,7.540000000000001,30156.97,42,0.40%,40253.78,37988.77,14.45%
2022-05-19,Cycle_4,3999.60,9.92,39676.02,48,-8.11%,50123.95,50123.95,22.58%
2022-05-20,Cycle_1,4077.60,2.4699999999999998,10071.67,0,0.00%,17816.63,12418.02,4.76%
2022-05-20,Cycle_2,4077.60,5.039999999999999,20551.10,12,1.53%,30756.98,25247.06,7.19%
2022-05-20,Cycle_3,4077.60,7.540000000000001,30745.10,43,2.35%,40253.78,37988.77,14.45%
2022-05-20,Cycle_4,4077.60,9.92,40449.79,49,-6.32%,50123.95,50123.95,22.58%
2022-05-23,Cycle_1,4053.98,2.4699999999999998,10013.34,1,-0.58%,17816.63,12418.02,4.76%
2022-05-23,Cycle_2,4053.98,5.039999999999999,20432.07,13,0.94%,30756.98,25247.06,7.19%
2022-05-23,Cycle_3,4053.98,7.540000000000001,30567.03,44,1.76%,40253.78,37988.77,14.45%
2022-05-23,Cycle_4,4053.98,9.92,40215.50,50,-6.86%,50123.95,50123.95,22.58%
2022-05-24,Cycle_1,3959.15,2.53,10016.66,0,0.00%,18054.18,12655.57,4.76%
2022-05-24,Cycle_2,3959.15,5.039999999999999,19954.14,14,-1.42%,30756.98,25247.06,7.19%
2022-05-24,Cycle_3,3959.15,7.540000000000001,29852.02,45,-0.62%,40253.78,37988.77,14.45%
2022-05-24,Cycle_4,3959.15,9.92,39274.81,51,-9.04%,50123.95,50123.95,22.58%
2022-05-25,Cycle_1,3983.18,2.53,10077.44,1,0.61%,18054.18,12655.57,4.76%
2022-05-25,Cycle_2,3983.18,5.039999999999999,20075.22,15,-0.82%,30756.98,25247.06,7.19%
2022-05-25,Cycle_3,3983.18,7.540000000000001,30033.17,46,-0.02%,40253.78,37988.77,14.45%
2022-05-25,Cycle_4,3983.18,9.92,39513.13,52,-8.49%,50123.95,50123.95,22.58%
2022-05-26,Cycle_1,3993.04,2.53,10102.40,2,0.86%,18054.18,12655.57,4.76%
2022-05-26,Cycle_2,3993.04,5.039999999999999,20124.94,16,-0.58%,30756.98,25247.06,7.19%
2022-05-26,Cycle_3,3993.04,7.540000000000001,30107.56,47,0.23%,40253.78,37988.77,14.45%
2022-05-26,Cycle_4,3993.04,9.92,39611.00,53,-8.26%,50123.95,50123.95,22.58%
2022-05-27,Cycle_1,4001.30,2.53,10123.29,3,1.06%,18054.18,12655.57,4.76%
2022-05-27,Cycle_2,4001.30,5.039999999999999,20166.55,17,-0.37%,30756.98,25247.06,7.19%
2022-05-27,Cycle_3,4001.30,7.540000000000001,30169.79,48,0.44%,40253.78,37988.77,14.45%
2022-05-27,Cycle_4,4001.30,9.92,39692.88,54,-8.07%,50123.95,50123.95,22.58%
2022-05-30,Cycle_1,4029.02,2.53,10193.42,4,1.76%,18054.18,12655.57,4.76%
2022-05-30,Cycle_2,4029.02,5.039999999999999,20306.25,18,0.32%,30756.98,25247.06,7.19%
2022-05-30,Cycle_3,4029.02,7.540000000000001,30378.79,49,1.13%,40253.78,37988.77,14.45%
2022-05-30,Cycle_4,4029.02,9.92,39967.86,55,-7.44%,50123.95,50123.95,22.58%
2022-05-31,Cycle_1,4091.52,2.46,10065.13,0,0.00%,18054.18,12369.16,4.76%
2022-05-31,Cycle_2,4091.52,5.039999999999999,20621.25,19,1.87%,30756.98,25247.06,7.19%
2022-05-31,Cycle_3,4091.52,7.540000000000001,30850.04,50,2.70%,40253.78,37988.77,14.45%
2022-05-31,Cycle_4,4091.52,9.92,40587.85,56,-6.00%,50123.95,50123.95,22.58%
2022-06-01,Cycle_1,4083.18,2.46,10044.62,1,-0.20%,18054.18,12369.16,4.76%
2022-06-01,Cycle_2,4083.18,5.039999999999999,20579.21,20,1.67%,30756.98,25247.06,7.19%
2022-06-01,Cycle_3,4083.18,7.540000000000001,30787.16,51,2.49%,40253.78,37988.77,14.45%
2022-06-01,Cycle_4,4083.18,9.92,40505.12,57,-6.19%,50123.95,50123.95,22.58%
2022-06-02,Cycle_1,4089.57,2.46,10060.34,2,-0.05%,18054.18,12369.16,4.76%
2022-06-02,Cycle_2,4089.57,5.039999999999999,20611.42,21,1.83%,30756.98,25247.06,7.19%
2022-06-02,Cycle_3,4089.57,7.540000000000001,30835.34,52,2.65%,40253.78,37988.77,14.45%
2022-06-02,Cycle_4,4089.57,9.92,40568.52,58,-6.05%,50123.95,50123.95,22.58%
2022-06-06,Cycle_1,4166.09,2.46,10248.57,3,1.82%,18054.18,12369.16,4.76%
2022-06-06,Cycle_2,4166.09,5.039999999999999,20997.07,22,3.73%,30756.98,25247.06,7.19%
2022-06-06,Cycle_3,4166.09,7.540000000000001,31412.28,53,4.58%,40253.78,37988.77,14.45%
2022-06-06,Cycle_4,4166.09,9.92,41327.56,59,-4.29%,50123.95,50123.95,22.58%
2022-06-07,Cycle_1,4179.13,2.41,10071.70,0,0.00%,18054.18,12160.21,4.76%
2022-06-07,Cycle_2,4179.13,4.859999999999999,20310.56,0,0.00%,30756.98,24494.82,7.19%
2022-06-07,Cycle_3,4179.13,7.540000000000001,31510.63,54,4.90%,40253.78,37988.77,14.45%
2022-06-07,Cycle_4,4179.13,9.92,41456.95,60,-3.99%,50123.95,50123.95,22.58%
2022-06-08,Cycle_1,4219.81,2.41,10169.75,1,0.97%,18054.18,12160.21,4.76%
2022-06-08,Cycle_2,4219.81,4.859999999999999,20508.29,1,0.97%,30756.98,24494.82,7.19%
2022-06-08,Cycle_3,4219.81,7.540000000000001,31817.38,55,5.92%,40253.78,37988.77,14.45%
2022-06-08,Cycle_4,4219.81,9.92,41860.54,61,-3.05%,50123.95,50123.95,22.58%
2022-06-09,Cycle_1,4175.67,2.41,10063.38,2,-0.08%,18054.18,12160.21,4.76%
2022-06-09,Cycle_2,4175.67,4.859999999999999,20293.78,2,-0.08%,30756.98,24494.82,7.19%
2022-06-09,Cycle_3,4175.67,7.540000000000001,31484.59,56,4.82%,40253.78,37988.77,14.45%
2022-06-09,Cycle_4,4175.67,9.92,41422.69,62,-4.07%,50123.95,50123.95,22.58%
2022-06-10,Cycle_1,4238.99,2.41,10215.97,3,1.43%,18054.18,12160.21,4.76%
2022-06-10,Cycle_2,4238.99,4.859999999999999,20601.51,3,1.43%,30756.98,24494.82,7.19%
2022-06-10,Cycle_3,4238.99,7.540000000000001,31962.01,57,6.41%,40253.78,37988.77,14.45%
2022-06-10,Cycle_4,4238.99,9.92,42050.82,63,-2.61%,50123.95,50123.95,22.58%
2022-06-13,Cycle_1,4189.35,2.41,10096.34,4,0.24%,18054.18,12160.21,4.76%
2022-06-13,Cycle_2,4189.35,4.859999999999999,20360.25,4,0.24%,30756.98,24494.82,7.19%
2022-06-13,Cycle_3,4189.35,7.540000000000001,31587.72,58,5.16%,40253.78,37988.77,14.45%
2022-06-13,Cycle_4,4189.35,9.92,41558.38,64,-3.75%,50123.95,50123.95,22.58%
2022-06-14,Cycle_1,4222.31,2.41,10175.77,5,1.03%,18054.18,12160.21,4.76%
2022-06-14,Cycle_2,4222.31,4.859999999999999,20520.43,5,1.03%,30756.98,24494.82,7.19%
2022-06-14,Cycle_3,4222.31,7.540000000000001,31836.23,59,5.99%,40253.78,37988.77,14.45%
2022-06-14,Cycle_4,4222.31,9.92,41885.33,65,-3.00%,50123.95,50123.95,22.58%
2022-06-15,Cycle_1,4278.22,2.35,10053.81,0,0.00%,18054.18,11903.51,4.76%
2022-06-15,Cycle_2,4278.22,4.859999999999999,20792.14,6,2.37%,30756.98,24494.82,7.19%
2022-06-15,Cycle_3,4278.22,7.540000000000001,32257.76,60,7.39%,40253.78,37988.77,14.45%
2022-06-15,Cycle_4,4278.22,9.92,42439.92,66,-1.71%,50123.95,50123.95,22.58%
2022-06-16,Cycle_1,4250.06,2.35,9987.64,1,-0.66%,18054.18,11903.51,4.76%
2022-06-16,Cycle_2,4250.06,4.859999999999999,20655.30,7,1.70%,30756.98,24494.82,7.19%
2022-06-16,Cycle_3,4250.06,7.540000000000001,32045.46,61,6.68%,40253.78,37988.77,14.45%
2022-06-16,Cycle_4,4250.06,9.92,42160.61,67,-2.36%,50123.95,50123.95,22.58%
2022-06-17,Cycle_1,4309.04,2.35,10126.25,2,0.72%,18054.18,11903.51,4.76%
2022-06-17,Cycle_2,4309.04,4.859999999999999,20941.96,8,3.11%,30756.98,24494.82,7.19%
2022-06-17,Cycle_3,4309.04,7.220000000000001,31111.30,0,0.00%,40253.78,36609.88,14.45%
2022-06-17,Cycle_4,4309.04,9.92,42745.72,68,-1.00%,50123.95,50123.95,22.58%
2022-06-20,Cycle_1,4330.43,2.35,10176.52,3,1.22%,18054.18,11903.51,4.76%
2022-06-20,Cycle_2,4330.43,4.859999999999999,21045.90,9,3.62%,30756.98,24494.82,7.19%
2022-06-20,Cycle_3,4330.43,7.220000000000001,31265.72,1,0.50%,40253.78,36609.88,14.45%
2022-06-20,Cycle_4,4330.43,9.92,42957.89,69,-0.51%,50123.95,50123.95,22.58%
2022-06-21,Cycle_1,4325.57,2.35,10165.08,4,1.11%,18054.18,11903.51,4.76%
2022-06-21,Cycle_2,4325.57,4.859999999999999,21022.25,10,3.50%,30756.98,24494.82,7.19%
2022-06-21,Cycle_3,4325.57,7.220000000000001,31230.58,2,0.38%,40253.78,36609.88,14.45%
2022-06-21,Cycle_4,4325.57,9.92,42909.61,70,-0.63%,50123.95,50123.95,22.58%
2022-06-22,Cycle_1,4270.62,2.35,10035.96,5,-0.18%,18054.18,11903.51,4.76%
2022-06-22,Cycle_2,4270.62,4.859999999999999,20755.23,11,2.19%,30756.98,24494.82,7.19%
2022-06-22,Cycle_3,4270.62,7.220000000000001,30833.90,3,-0.89%,40253.78,36609.88,14.45%
2022-06-22,Cycle_4,4270.62,9.92,42364.58,71,-1.89%,50123.95,50123.95,22.58%
2022-06-23,Cycle_1,4343.88,2.35,10208.11,6,1.53%,18054.18,11903.51,4.76%
2022-06-23,Cycle_2,4343.88,4.859999999999999,21111.25,12,3.94%,30756.98,24494.82,7.19%
2022-06-23,Cycle_3,4343.88,7.220000000000001,31362.80,4,0.81%,40253.78,36609.88,14.45%
2022-06-23,Cycle_4,4343.88,9.92,43091.27,72,-0.20%,50123.95,50123.95,22.58%
2022-06-24,Cycle_1,4394.77,2.29,10064.03,0,0.00%,18054.18,11639.83,4.76%
2022-06-24,Cycle_2,4394.77,4.609999999999999,20259.90,0,0.00%,30756.98,23396.13,7.19%
2022-06-24,Cycle_3,4394.77,7.220000000000001,31730.26,5,1.99%,40253.78,36609.88,14.45%
2022-06-24,Cycle_4,4394.77,9.92,43596.14,73,0.96%,50123.95,50123.95,22.58%
2022-06-27,Cycle_1,4444.26,2.29,10177.36,1,1.13%,18054.18,11639.83,4.76%
2022-06-27,Cycle_2,4444.26,4.609999999999999,20488.06,1,1.13%,30756.98,23396.13,7.19%
2022-06-27,Cycle_3,4444.26,7.220000000000001,32087.59,6,3.14%,40253.78,36609.88,14.45%
2022-06-27,Cycle_4,4444.26,9.92,44087.10,74,2.10%,50123.95,50123.95,22.58%
2022-06-28,Cycle_1,4490.52,2.24,10058.76,0,0.00%,18054.18,11415.30,4.76%
2022-06-28,Cycle_2,4490.52,4.609999999999999,20701.28,2,2.18%,30756.98,23396.13,7.19%
2022-06-28,Cycle_3,4490.52,7.220000000000001,32421.53,7,4.21%,40253.78,36609.88,14.45%
2022-06-28,Cycle_4,4490.52,9.92,44545.92,75,3.16%,50123.95,50123.95,22.58%
2022-06-29,Cycle_1,4421.36,2.24,9903.84,1,-1.54%,18054.18,11415.30,4.76%
2022-06-29,Cycle_2,4421.36,4.609999999999999,20382.46,3,0.60%,30756.98,23396.13,7.19%
2022-06-29,Cycle_3,4421.36,7.220000000000001,31922.20,8,2.61%,40253.78,36609.88,14.45%
2022-06-29,Cycle_4,4421.36,9.92,43859.86,76,1.58%,50123.95,50123.95,22.58%
2022-06-30,Cycle_1,4485.01,2.24,10046.42,2,-0.12%,18054.18,11415.30,4.76%
2022-06-30,Cycle_2,4485.01,4.609999999999999,20675.90,4,2.05%,30756.98,23396.13,7.19%
2022-06-30,Cycle_3,4485.01,7.220000000000001,32381.78,9,4.08%,40253.78,36609.88,14.45%
2022-06-30,Cycle_4,4485.01,9.92,44491.31,77,3.04%,50123.95,50123.95,22.58%
2022-07-01,Cycle_1,4466.72,2.24,10005.45,3,-0.53%,18054.18,11415.30,4.76%
2022-07-01,Cycle_2,4466.72,4.609999999999999,20591.57,5,1.64%,30756.98,23396.13,7.19%
2022-07-01,Cycle_3,4466.72,7.220000000000001,32249.70,10,3.66%,40253.78,36609.88,14.45%
2022-07-01,Cycle_4,4466.72,9.92,44309.84,78,2.62%,50123.95,50123.95,22.58%
2022-07-04,Cycle_1,4496.03,2.24,10071.11,4,0.12%,18054.18,11415.30,4.76%
2022-07-04,Cycle_2,4496.03,4.609999999999999,20726.70,6,2.30%,30756.98,23396.13,7.19%
2022-07-04,Cycle_3,4496.03,7.220000000000001,32461.34,11,4.34%,40253.78,36609.88,14.45%
2022-07-04,Cycle_4,4496.03,9.92,44600.62,79,3.29%,50123.95,50123.95,22.58%
2022-07-05,Cycle_1,4489.54,2.24,10056.57,5,-0.02%,18054.18,11415.30,4.76%
2022-07-05,Cycle_2,4489.54,4.609999999999999,20696.77,7,2.16%,30756.98,23396.13,7.19%
2022-07-05,Cycle_3,4489.54,7.220000000000001,32414.47,12,4.19%,40253.78,36609.88,14.45%
2022-07-05,Cycle_4,4489.54,9.92,44536.22,80,3.14%,50123.95,50123.95,22.58%
2022-07-06,Cycle_1,4423.97,2.24,9909.69,6,-1.48%,18054.18,11415.30,4.76%
2022-07-06,Cycle_2,4423.97,4.609999999999999,20394.50,8,0.66%,30756.98,23396.13,7.19%
2022-07-06,Cycle_3,4423.97,7.220000000000001,31941.06,13,2.67%,40253.78,36609.88,14.45%
2022-07-06,Cycle_4,4423.97,9.92,43885.78,81,1.64%,50123.95,50123.95,22.58%
2022-07-07,Cycle_1,4443.47,2.24,9953.38,7,-1.05%,18054.18,11415.30,4.76%
2022-07-07,Cycle_2,4443.47,4.609999999999999,20484.41,9,1.11%,30756.98,23396.13,7.19%
2022-07-07,Cycle_3,4443.47,7.220000000000001,32081.88,14,3.12%,40253.78,36609.88,14.45%
2022-07-07,Cycle_4,4443.47,9.92,44079.26,82,2.08%,50123.95,50123.95,22.58%
2022-07-08,Cycle_1,4428.78,2.24,9920.47,8,-1.37%,18054.18,11415.30,4.76%
2022-07-08,Cycle_2,4428.78,4.609999999999999,20416.68,10,0.77%,30756.98,23396.13,7.19%
2022-07-08,Cycle_3,4428.78,7.220000000000001,31975.80,15,2.78%,40253.78,36609.88,14.45%
2022-07-08,Cycle_4,4428.78,9.92,43933.51,83,1.75%,50123.95,50123.95,22.58%
2022-07-11,Cycle_1,4354.62,2.3000000000000003,10015.62,0,0.00%,18315.46,11676.58,4.76%
2022-07-11,Cycle_2,4354.62,4.609999999999999,20074.78,11,-0.91%,30756.98,23396.13,7.19%
2022-07-11,Cycle_3,4354.62,7.220000000000001,31440.33,16,1.06%,40253.78,36609.88,14.45%
2022-07-11,Cycle_4,4354.62,9.92,43197.80,84,0.04%,50123.95,50123.95,22.58%
2022-07-12,Cycle_1,4313.62,2.3000000000000003,9921.32,1,-0.94%,18315.46,11676.58,4.76%
2022-07-12,Cycle_2,4313.62,4.609999999999999,19885.78,12,-1.85%,30756.98,23396.13,7.19%
2022-07-12,Cycle_3,4313.62,7.220000000000001,31144.32,17,0.11%,40253.78,36609.88,14.45%
2022-07-12,Cycle_4,4313.62,9.92,42791.09,85,-0.90%,50123.95,50123.95,22.58%
2022-07-13,Cycle_1,4321.46,2.3000000000000003,9939.36,2,-0.76%,18315.46,11676.58,4.76%
2022-07-13,Cycle_2,4321.46,4.609999999999999,19921.94,13,-1.67%,30756.98,23396.13,7.19%
2022-07-13,Cycle_3,4321.46,7.220000000000001,31200.95,18,0.29%,40253.78,36609.88,14.45%
2022-07-13,Cycle_4,4321.46,9.92,42868.90,86,-0.72%,50123.95,50123.95,22.58%
2022-07-14,Cycle_1,4322.07,2.3000000000000003,9940.77,3,-0.75%,18315.46,11676.58,4.76%
2022-07-14,Cycle_2,4322.07,4.609999999999999,19924.76,14,-1.65%,30756.98,23396.13,7.19%
2022-07-14,Cycle_3,4322.07,7.220000000000001,31205.38,19,0.30%,40253.78,36609.88,14.45%
2022-07-14,Cycle_4,4322.07,9.92,42874.98,87,-0.71%,50123.95,50123.95,22.58%
2022-07-15,Cycle_1,4248.53,2.3600000000000003,10026.52,0,0.00%,18570.37,11931.49,4.76%
2022-07-15,Cycle_2,4248.53,4.609999999999999,19585.71,15,-3.33%,30756.98,23396.13,7.23%
2022-07-15,Cycle_3,4248.53,7.220000000000001,30674.37,20,-1.40%,40253.78,36609.88,14.45%
2022-07-15,Cycle_4,4248.53,9.92,42145.39,88,-2.40%,50123.95,50123.95,22.58%
2022-07-18,Cycle_1,4292.59,2.3600000000000003,10130.50,1,1.04%,18570.37,11931.49,4.76%
2022-07-18,Cycle_2,4292.59,4.609999999999999,19788.82,16,-2.33%,30756.98,23396.13,7.23%
2022-07-18,Cycle_3,4292.59,7.220000000000001,30992.47,21,-0.38%,40253.78,36609.88,14.45%
2022-07-18,Cycle_4,4292.59,9.92,42582.45,89,-1.38%,50123.95,50123.95,22.58%
2022-07-19,Cycle_1,4269.34,2.3600000000000003,10075.64,2,0.49%,18570.37,11931.49,4.76%
2022-07-19,Cycle_2,4269.34,4.609999999999999,19681.66,17,-2.85%,30756.98,23396.13,7.23%
2022-07-19,Cycle_3,4269.34,7.220000000000001,30824.64,22,-0.92%,40253.78,36609.88,14.45%
2022-07-19,Cycle_4,4269.34,9.92,42351.85,90,-1.92%,50123.95,50123.95,22.58%
2022-07-20,Cycle_1,4283.80,2.3600000000000003,10109.77,3,0.83%,18570.37,11931.49,4.76%
2022-07-20,Cycle_2,4283.80,4.609999999999999,19748.33,18,-2.53%,30756.98,23396.13,7.23%
2022-07-20,Cycle_3,4283.80,7.220000000000001,30929.06,23,-0.59%,40253.78,36609.88,14.45%
2022-07-20,Cycle_4,4283.80,9.92,42495.32,91,-1.58%,50123.95,50123.95,22.58%
2022-07-21,Cycle_1,4236.06,2.3600000000000003,9997.10,4,-0.29%,18570.37,11931.49,4.76%
2022-07-21,Cycle_2,4236.06,4.609999999999999,19528.23,19,-3.61%,30756.98,23396.13,7.50%
2022-07-21,Cycle_3,4236.06,7.220000000000001,30584.34,24,-1.69%,40253.78,36609.88,14.45%
2022-07-21,Cycle_4,4236.06,9.92,42021.69,92,-2.68%,50123.95,50123.95,22.58%
2022-07-22,Cycle_1,4238.23,2.3600000000000003,10002.23,5,-0.24%,18570.37,11931.49,4.76%
2022-07-22,Cycle_2,4238.23,4.609999999999999,19538.26,20,-3.56%,30756.98,23396.13,7.50%
2022-07-22,Cycle_3,4238.23,7.220000000000001,30600.05,25,-1.64%,40253.78,36609.88,14.45%
2022-07-22,Cycle_4,4238.23,9.92,42043.28,93,-2.63%,50123.95,50123.95,22.58%
2022-07-25,Cycle_1,4212.64,2.3600000000000003,9941.84,6,-0.84%,18570.37,11931.49,4.76%
2022-07-25,Cycle_2,4212.64,4.779999999999999,20136.44,0,0.00%,31473.13,24112.27,7.50%
2022-07-25,Cycle_3,4212.64,7.220000000000001,30415.29,26,-2.24%,40253.78,36609.88,14.45%
2022-07-25,Cycle_4,4212.64,9.92,41789.43,94,-3.22%,50123.95,50123.95,22.58%
2022-07-26,Cycle_1,4245.98,2.3600000000000003,10020.50,7,-0.06%,18570.37,11931.49,4.76%
2022-07-26,Cycle_2,4245.98,4.779999999999999,20295.76,1,0.79%,31473.13,24112.27,7.50%
2022-07-26,Cycle_3,4245.98,7.220000000000001,30655.95,27,-1.46%,40253.78,36609.88,14.45%
2022-07-26,Cycle_4,4245.98,9.92,42120.08,95,-2.45%,50123.95,50123.95,22.58%
2022-07-27,Cycle_1,4225.04,2.3600000000000003,9971.08,8,-0.55%,18570.37,11931.49,4.76%
2022-07-27,Cycle_2,4225.04,4.779999999999999,20195.67,2,0.29%,31473.13,24112.27,7.50%
2022-07-27,Cycle_3,4225.04,7.220000000000001,30504.76,28,-1.95%,40253.78,36609.88,14.45%
2022-07-27,Cycle_4,4225.04,9.92,41912.35,96,-2.93%,50123.95,50123.95,22.58%
2022-07-28,Cycle_1,4225.67,2.3600000000000003,9972.59,9,-0.54%,18570.37,11931.49,4.76%
2022-07-28,Cycle_2,4225.67,4.779999999999999,20198.72,3,0.31%,31473.13,24112.27,7.50%
2022-07-28,Cycle_3,4225.67,7.220000000000001,30509.36,29,-1.93%,40253.78,36609.88,14.45%
2022-07-28,Cycle_4,4225.67,9.92,41918.68,97,-2.92%,50123.95,50123.95,22.58%
2022-07-29,Cycle_1,4170.10,2.3600000000000003,9841.44,10,-1.85%,18570.37,11931.49,4.76%
2022-07-29,Cycle_2,4170.10,4.779999999999999,19933.09,4,-1.01%,31473.13,24112.27,7.50%
2022-07-29,Cycle_3,4170.10,7.220000000000001,30108.14,30,-3.22%,40253.78,36609.88,14.45%
2022-07-29,Cycle_4,4170.10,9.92,41367.41,98,-4.20%,50123.95,50123.95,22.58%
2022-08-01,Cycle_1,4188.68,2.3600000000000003,9885.28,11,-1.41%,18570.37,11931.49,4.76%
2022-08-01,Cycle_2,4188.68,4.779999999999999,20021.88,5,-0.57%,31473.13,24112.27,7.50%
2022-08-01,Cycle_3,4188.68,7.220000000000001,30242.26,31,-2.79%,40253.78,36609.88,14.45%
2022-08-01,Cycle_4,4188.68,9.92,41551.69,99,-3.77%,50123.95,50123.95,22.58%
2022-08-02,Cycle_1,4107.02,2.4400000000000004,10021.14,0,0.00%,18898.93,12260.05,4.76%
2022-08-02,Cycle_2,4107.02,4.779999999999999,19631.57,6,-2.51%,31473.13,24112.27,7.50%
2022-08-02,Cycle_3,4107.02,7.220000000000001,29652.71,32,-4.69%,40253.78,36609.88,14.45%
2022-08-02,Cycle_4,4107.02,9.92,40741.68,100,-5.65%,50123.95,50123.95,22.58%
2022-08-03,Cycle_1,4066.98,2.4400000000000004,9923.42,1,-0.98%,18898.93,12260.05,4.76%
2022-08-03,Cycle_2,4066.98,4.779999999999999,19440.14,7,-3.46%,31473.13,24112.27,7.92%
2022-08-03,Cycle_3,4066.98,7.220000000000001,29363.56,33,-5.62%,40253.78,36609.88,14.45%
2022-08-03,Cycle_4,4066.98,9.92,40344.40,101,-6.57%,50123.95,50123.95,22.58%
2022-08-04,Cycle_1,4101.54,2.4400000000000004,10007.75,2,-0.13%,18898.93,12260.05,4.76%
2022-08-04,Cycle_2,4101.54,4.779999999999999,19605.35,8,-2.64%,31473.13,24112.27,7.92%
2022-08-04,Cycle_3,4101.54,7.220000000000001,29613.09,34,-4.82%,40253.78,36609.88,14.45%
2022-08-04,Cycle_4,4101.54,9.92,40687.24,102,-5.77%,50123.95,50123.95,22.58%
2022-08-05,Cycle_1,4156.91,2.4400000000000004,10142.86,3,1.21%,18898.93,12260.05,4.76%
2022-08-05,Cycle_2,4156.91,4.779999999999999,19870.04,9,-1.32%,31473.13,24112.27,7.92%
2022-08-05,Cycle_3,4156.91,7.220000000000001,30012.90,35,-3.53%,40253.78,36609.88,14.45%
2022-08-05,Cycle_4,4156.91,9.92,41236.56,103,-4.50%,50123.95,50123.95,22.58%
2022-08-08,Cycle_1,4148.07,2.4400000000000004,10121.30,4,1.00%,18898.93,12260.05,4.76%
2022-08-08,Cycle_2,4148.07,4.779999999999999,19827.80,10,-1.53%,31473.13,24112.27,7.92%
2022-08-08,Cycle_3,4148.07,7.220000000000001,29949.10,36,-3.74%,40253.78,36609.88,14.45%
2022-08-08,Cycle_4,4148.07,9.92,41148.90,104,-4.70%,50123.95,50123.95,22.58%
2022-08-09,Cycle_1,4156.29,2.4400000000000004,10141.35,5,1.20%,18898.93,12260.05,4.76%
2022-08-09,Cycle_2,4156.29,4.779999999999999,19867.07,11,-1.34%,31473.13,24112.27,7.92%
2022-08-09,Cycle_3,4156.29,7.220000000000001,30008.42,37,-3.54%,40253.78,36609.88,14.45%
2022-08-09,Cycle_4,4156.29,9.92,41230.40,105,-4.51%,50123.95,50123.95,22.58%
2022-08-10,Cycle_1,4109.74,2.4400000000000004,10027.76,6,0.07%,18898.93,12260.05,4.76%
2022-08-10,Cycle_2,4109.74,4.779999999999999,19644.54,12,-2.44%,31473.13,24112.27,7.92%
2022-08-10,Cycle_3,4109.74,7.220000000000001,29672.30,38,-4.63%,40253.78,36609.88,14.45%
2022-08-10,Cycle_4,4109.74,9.92,40768.59,106,-5.58%,50123.95,50123.95,22.58%
2022-08-11,Cycle_1,4193.54,2.4000000000000004,10064.50,0,0.00%,18898.93,12092.31,4.76%
2022-08-11,Cycle_2,4193.54,4.779999999999999,20045.13,13,-0.45%,31473.13,24112.27,7.92%
2022-08-11,Cycle_3,4193.54,7.220000000000001,30277.38,39,-2.68%,40253.78,36609.88,14.45%
2022-08-11,Cycle_4,4193.54,9.92,41599.94,107,-3.66%,50123.95,50123.95,22.58%
2022-08-12,Cycle_1,4191.15,2.4000000000000004,10058.76,1,-0.06%,18898.93,12092.31,4.76%
2022-08-12,Cycle_2,4191.15,4.779999999999999,20033.71,14,-0.51%,31473.13,24112.27,7.92%
2022-08-12,Cycle_3,4191.15,7.220000000000001,30260.12,40,-2.74%,40253.78,36609.88,14.45%
2022-08-12,Cycle_4,4191.15,9.92,41576.23,108,-3.71%,50123.95,50123.95,22.58%
2022-08-15,Cycle_1,4185.68,2.4000000000000004,10045.63,2,-0.19%,18898.93,12092.31,4.76%
2022-08-15,Cycle_2,4185.68,4.779999999999999,20007.55,15,-0.64%,31473.13,24112.27,7.92%
2022-08-15,Cycle_3,4185.68,7.220000000000001,30220.61,41,-2.86%,40253.78,36609.88,14.45%
2022-08-15,Cycle_4,4185.68,9.92,41521.94,109,-3.84%,50123.95,50123.95,22.58%
2022-08-16,Cycle_1,4177.84,2.4000000000000004,10026.81,3,-0.37%,18898.93,12092.31,4.76%
2022-08-16,Cycle_2,4177.84,4.779999999999999,19970.06,16,-0.83%,31473.13,24112.27,7.92%
2022-08-16,Cycle_3,4177.84,7.220000000000001,30163.98,42,-3.04%,40253.78,36609.88,14.45%
2022-08-16,Cycle_4,4177.84,9.92,41444.14,110,-4.02%,50123.95,50123.95,22.58%
2022-08-17,Cycle_1,4216.96,2.4000000000000004,10120.70,4,0.56%,18898.93,12092.31,4.76%
2022-08-17,Cycle_2,4216.96,4.779999999999999,20157.06,17,0.10%,31473.13,24112.27,7.92%
2022-08-17,Cycle_3,4216.96,7.220000000000001,30446.44,43,-2.14%,40253.78,36609.88,14.45%
2022-08-17,Cycle_4,4216.96,9.92,41832.23,111,-3.12%,50123.95,50123.95,22.58%
2022-08-18,Cycle_1,4180.10,2.4000000000000004,10032.24,5,-0.32%,18898.93,12092.31,4.76%
2022-08-18,Cycle_2,4180.10,4.779999999999999,19980.88,18,-0.77%,31473.13,24112.27,7.92%
2022-08-18,Cycle_3,4180.10,7.220000000000001,30180.32,44,-2.99%,40253.78,36609.88,14.45%
2022-08-18,Cycle_4,4180.10,9.92,41466.59,112,-3.97%,50123.95,50123.95,22.58%
2022-08-19,Cycle_1,4151.07,2.4000000000000004,9962.58,6,-1.01%,18898.93,12092.31,4.76%
2022-08-19,Cycle_2,4151.07,4.779999999999999,19842.13,19,-1.46%,31473.13,24112.27,7.92%
2022-08-19,Cycle_3,4151.07,7.220000000000001,29970.75,45,-3.67%,40253.78,36609.88,14.45%
2022-08-19,Cycle_4,4151.07,9.92,41178.65,113,-4.63%,50123.95,50123.95,22.58%
2022-08-22,Cycle_1,4181.40,2.4000000000000004,10035.35,7,-0.29%,18898.93,12092.31,4.76%
2022-08-22,Cycle_2,4181.40,4.779999999999999,19987.08,20,-0.74%,31473.13,24112.27,7.92%
2022-08-22,Cycle_3,4181.40,7.220000000000001,30189.68,46,-2.96%,40253.78,36609.88,14.45%
2022-08-22,Cycle_4,4181.40,9.92,41479.45,114,-3.94%,50123.95,50123.95,22.58%
2022-08-23,Cycle_1,4161.08,2.4000000000000004,9986.60,8,-0.77%,18898.93,12092.31,4.76%
2022-08-23,Cycle_2,4161.08,4.779999999999999,19889.97,21,-1.22%,31473.13,24112.27,7.92%
2022-08-23,Cycle_3,4161.08,7.220000000000001,30043.01,47,-3.43%,40253.78,36609.88,14.45%
2022-08-23,Cycle_4,4161.08,9.92,41277.94,115,-4.40%,50123.95,50123.95,22.58%
2022-08-24,Cycle_1,4082.42,2.4600000000000004,10042.75,0,0.00%,19143.88,12337.26,4.76%
2022-08-24,Cycle_2,4082.42,4.779999999999999,19513.97,22,-3.09%,31473.13,24112.27,7.92%
2022-08-24,Cycle_3,4082.42,7.220000000000001,29475.07,48,-5.26%,40253.78,36609.88,14.45%
2022-08-24,Cycle_4,4082.42,9.92,40497.60,116,-6.21%,50123.95,50123.95,22.58%
2022-08-25,Cycle_1,4116.24,2.4600000000000004,10125.95,1,0.83%,19143.88,12337.26,4.76%
2022-08-25,Cycle_2,4116.24,4.779999999999999,19675.63,23,-2.29%,31473.13,24112.27,7.92%
2022-08-25,Cycle_3,4116.24,7.220000000000001,29719.25,49,-4.47%,40253.78,36609.88,14.45%
2022-08-25,Cycle_4,4116.24,9.92,40833.10,117,-5.43%,50123.95,50123.95,22.58%
2022-08-26,Cycle_1,4107.55,2.4600000000000004,10104.56,2,0.62%,19143.88,12337.26,4.76%
2022-08-26,Cycle_2,4107.55,4.779999999999999,19634.07,24,-2.49%,31473.13,24112.27,7.92%
2022-08-26,Cycle_3,4107.55,7.220000000000001,29656.48,50,-4.68%,40253.78,36609.88,14.45%
2022-08-26,Cycle_4,4107.55,9.92,40746.85,118,-5.63%,50123.95,50123.95,22.58%
2022-08-29,Cycle_1,4089.52,2.4600000000000004,10060.22,3,0.17%,19143.88,12337.26,4.76%
2022-08-29,Cycle_2,4089.52,4.779999999999999,19547.91,25,-2.92%,31473.13,24112.27,7.92%
2022-08-29,Cycle_3,4089.52,7.220000000000001,29526.34,51,-5.09%,40253.78,36609.88,14.45%
2022-08-29,Cycle_4,4089.52,9.92,40568.04,119,-6.05%,50123.95,50123.95,22.58%
2022-08-30,Cycle_1,4075.79,2.4600000000000004,10026.45,4,-0.16%,19143.88,12337.26,4.76%
2022-08-30,Cycle_2,4075.79,4.779999999999999,19482.29,26,-3.25%,31473.13,24112.27,7.92%
2022-08-30,Cycle_3,4075.79,7.220000000000001,29427.23,52,-5.41%,40253.78,36609.88,14.45%
2022-08-30,Cycle_4,4075.79,9.92,40431.87,120,-6.36%,50123.95,50123.95,22.58%
2022-08-31,Cycle_1,4078.84,2.4600000000000004,10033.95,5,-0.09%,19143.88,12337.26,4.76%
2022-08-31,Cycle_2,4078.84,4.779999999999999,19496.86,27,-3.18%,31473.13,24112.27,7.92%
2022-08-31,Cycle_3,4078.84,7.220000000000001,29449.23,53,-5.34%,40253.78,36609.88,14.45%
2022-08-31,Cycle_4,4078.84,9.92,40462.09,121,-6.29%,50123.95,50123.95,22.58%
2022-09-01,Cycle_1,4043.74,2.4600000000000004,9947.60,6,-0.95%,19143.88,12337.26,4.76%
2022-09-01,Cycle_2,4043.74,4.9799999999999995,20137.82,0,0.00%,32281.88,24921.02,7.92%
2022-09-01,Cycle_3,4043.74,7.220000000000001,29195.80,54,-6.16%,40253.78,36609.88,14.45%
2022-09-01,Cycle_4,4043.74,9.92,40113.90,122,-7.10%,50123.95,50123.95,22.58%
2022-09-02,Cycle_1,4023.61,2.4600000000000004,9898.09,7,-1.44%,19143.88,12337.26,4.76%
2022-09-02,Cycle_2,4023.61,4.9799999999999995,20037.59,1,-0.50%,32281.88,24921.02,7.92%
2022-09-02,Cycle_3,4023.61,7.220000000000001,29050.49,55,-6.62%,40253.78,36609.88,14.45%
2022-09-02,Cycle_4,4023.61,9.92,39914.24,123,-7.56%,50123.95,50123.95,22.58%
2022-09-05,Cycle_1,4015.43,2.4600000000000004,9877.95,8,-1.64%,19143.88,12337.26,4.76%
2022-09-05,Cycle_2,4015.43,4.9799999999999995,19996.82,2,-0.70%,32281.88,24921.02,7.92%
2022-09-05,Cycle_3,4015.43,7.220000000000001,28991.38,56,-6.81%,40253.78,36609.88,14.45%
2022-09-05,Cycle_4,4015.43,9.92,39833.03,124,-7.75%,50123.95,50123.95,22.58%
2022-09-06,Cycle_1,4052.28,2.4600000000000004,9968.61,9,-0.74%,19143.88,12337.26,4.76%
2022-09-06,Cycle_2,4052.28,4.9799999999999995,20180.36,3,0.21%,32281.88,24921.02,7.92%
2022-09-06,Cycle_3,4052.28,7.220000000000001,29257.46,57,-5.96%,40253.78,36609.88,14.45%
2022-09-06,Cycle_4,4052.28,9.92,40198.62,125,-6.90%,50123.95,50123.95,22.58%
2022-09-07,Cycle_1,4054.98,2.4600000000000004,9975.26,10,-0.67%,19143.88,12337.26,4.76%
2022-09-07,Cycle_2,4054.98,4.9799999999999995,20193.82,4,0.28%,32281.88,24921.02,7.92%
2022-09-07,Cycle_3,4054.98,7.220000000000001,29276.98,58,-5.90%,40253.78,36609.88,14.45%
2022-09-07,Cycle_4,4054.98,9.92,40225.43,126,-6.84%,50123.95,50123.95,22.58%
2022-09-08,Cycle_1,4037.68,2.4600000000000004,9932.70,11,-1.10%,19143.88,12337.26,4.76%
2022-09-08,Cycle_2,4037.68,4.9799999999999995,20107.67,5,-0.15%,32281.88,24921.02,7.92%
2022-09-08,Cycle_3,4037.68,7.220000000000001,29152.08,59,-6.30%,40253.78,36609.88,14.45%
2022-09-08,Cycle_4,4037.68,9.92,40053.82,127,-7.24%,50123.95,50123.95,22.58%
2022-09-09,Cycle_1,4093.79,2.4600000000000004,10070.72,12,0.28%,19143.88,12337.26,4.76%
2022-09-09,Cycle_2,4093.79,4.9799999999999995,20387.06,6,1.24%,32281.88,24921.02,7.92%
2022-09-09,Cycle_3,4093.79,7.220000000000001,29557.15,60,-5.00%,40253.78,36609.88,14.45%
2022-09-09,Cycle_4,4093.79,9.92,40610.37,128,-5.95%,50123.95,50123.95,22.58%
2022-09-13,Cycle_1,4111.11,2.4600000000000004,10113.34,13,0.70%,19143.88,12337.26,4.76%
2022-09-13,Cycle_2,4111.11,4.9799999999999995,20473.35,7,1.67%,32281.88,24921.02,7.92%
2022-09-13,Cycle_3,4111.11,7.220000000000001,29682.25,61,-4.59%,40253.78,36609.88,14.45%
2022-09-13,Cycle_4,4111.11,9.92,40782.26,129,-5.55%,50123.95,50123.95,22.58%
2022-09-14,Cycle_1,4065.36,2.4600000000000004,10000.78,14,-0.42%,19143.88,12337.26,4.76%
2022-09-14,Cycle_2,4065.36,4.9799999999999995,20245.49,8,0.53%,32281.88,24921.02,7.92%
2022-09-14,Cycle_3,4065.36,7.220000000000001,29351.89,62,-5.66%,40253.78,36609.88,14.45%
2022-09-14,Cycle_4,4065.36,9.92,40328.36,130,-6.60%,50123.95,50123.95,22.58%
2022-09-15,Cycle_1,4027.12,2.4600000000000004,9906.71,15,-1.35%,19143.88,12337.26,4.76%
2022-09-15,Cycle_2,4027.12,4.9799999999999995,20055.05,9,-0.41%,32281.88,24921.02,7.92%
2022-09-15,Cycle_3,4027.12,7.220000000000001,29075.80,63,-6.54%,40253.78,36609.88,14.45%
2022-09-15,Cycle_4,4027.12,9.92,39949.02,131,-7.48%,50123.95,50123.95,22.58%
2022-09-16,Cycle_1,3932.68,2.5500000000000003,10028.34,0,0.00%,19497.82,12691.20,4.76%
2022-09-16,Cycle_2,3932.68,4.9799999999999995,19584.76,10,-2.75%,32281.88,24921.02,7.92%
2022-09-16,Cycle_3,3932.68,7.7700000000000005,30556.94,0,0.00%,42416.76,38772.86,14.45%
2022-09-16,Cycle_4,3932.68,9.92,39012.21,132,-9.65%,50123.95,50123.95,22.58%
2022-09-19,Cycle_1,3928.00,2.5500000000000003,10016.40,1,-0.12%,19497.82,12691.20,4.76%
2022-09-19,Cycle_2,3928.00,4.9799999999999995,19561.44,11,-2.86%,32281.88,24921.02,7.92%
2022-09-19,Cycle_3,3928.00,7.7700000000000005,30520.56,1,-0.12%,42416.76,38772.86,14.45%
2022-09-19,Cycle_4,3928.00,9.92,38965.76,133,-9.76%,50123.95,50123.95,22.58%
2022-09-20,Cycle_1,3932.84,2.5500000000000003,10028.73,2,0.00%,19497.82,12691.20,4.76%
2022-09-20,Cycle_2,3932.84,4.9799999999999995,19585.52,12,-2.74%,32281.88,24921.02,7.92%
2022-09-20,Cycle_3,3932.84,7.7700000000000005,30558.14,2,0.00%,42416.76,38772.86,14.45%
2022-09-20,Cycle_4,3932.84,9.92,39013.73,134,-9.65%,50123.95,50123.95,22.58%
2022-09-21,Cycle_1,3903.73,2.5500000000000003,9954.52,3,-0.74%,19497.82,12691.20,4.76%
2022-09-21,Cycle_2,3903.73,4.9799999999999995,19440.60,13,-3.46%,32281.88,24921.02,7.92%
2022-09-21,Cycle_3,3903.73,7.7700000000000005,30332.02,3,-0.74%,42416.76,38772.86,14.45%
2022-09-21,Cycle_4,3903.73,9.92,38725.05,135,-10.32%,50123.95,50123.95,22.58%
2022-09-22,Cycle_1,3869.34,2.5500000000000003,9866.83,4,-1.61%,19497.82,12691.20,4.76%
2022-09-22,Cycle_2,3869.34,5.1899999999999995,20081.90,0,0.00%,33094.44,25733.59,7.92%
2022-09-22,Cycle_3,3869.34,7.7700000000000005,30064.80,4,-1.61%,42416.76,38772.86,14.45%
2022-09-22,Cycle_4,3869.34,9.92,38383.89,136,-11.11%,50123.95,50123.95,22.58%
2022-09-23,Cycle_1,3856.02,2.5500000000000003,9832.85,5,-1.95%,19497.82,12691.20,4.76%
2022-09-23,Cycle_2,3856.02,5.1899999999999995,20012.75,1,-0.34%,33094.44,25733.59,7.92%
2022-09-23,Cycle_3,3856.02,7.7700000000000005,29961.28,5,-1.95%,42416.76,38772.86,14.45%
2022-09-23,Cycle_4,3856.02,9.92,38251.73,137,-11.41%,50123.95,50123.95,22.58%
2022-09-26,Cycle_1,3836.68,2.6100000000000003,10013.73,0,0.00%,19728.02,12921.40,4.76%
2022-09-26,Cycle_2,3836.68,5.1899999999999995,19912.36,2,-0.84%,33094.44,25733.59,7.92%
2022-09-26,Cycle_3,3836.68,7.7700000000000005,29810.98,6,-2.44%,42416.76,38772.86,14.45%
2022-09-26,Cycle_4,3836.68,9.92,38059.84,138,-11.86%,50123.95,50123.95,22.58%
2022-09-27,Cycle_1,3892.30,2.6100000000000003,10158.89,1,1.45%,19728.02,12921.40,4.76%
2022-09-27,Cycle_2,3892.30,5.1899999999999995,20201.01,3,0.59%,33094.44,25733.59,7.92%
2022-09-27,Cycle_3,3892.30,7.7700000000000005,30243.13,7,-1.03%,42416.76,38772.86,14.45%
2022-09-27,Cycle_4,3892.30,9.92,38611.57,139,-10.58%,50123.95,50123.95,22.58%
2022-09-28,Cycle_1,3828.71,2.6100000000000003,9992.93,2,-0.21%,19728.02,12921.40,4.76%
2022-09-28,Cycle_2,3828.71,5.1899999999999995,19871.00,4,-1.05%,33094.44,25733.59,7.92%
2022-09-28,Cycle_3,3828.71,7.7700000000000005,29749.08,8,-2.64%,42416.76,38772.86,14.45%
2022-09-28,Cycle_4,3828.71,9.92,37980.80,140,-12.04%,50123.95,50123.95,22.58%
2022-09-29,Cycle_1,3827.14,2.6100000000000003,9988.84,3,-0.25%,19728.02,12921.40,4.76%
2022-09-29,Cycle_2,3827.14,5.1899999999999995,19862.87,5,-1.09%,33094.44,25733.59,7.92%
2022-09-29,Cycle_3,3827.14,7.7700000000000005,29736.90,9,-2.68%,42416.76,38772.86,14.45%
2022-09-29,Cycle_4,3827.14,9.92,37965.26,141,-12.08%,50123.95,50123.95,22.58%
2022-09-30,Cycle_1,3804.89,2.6100000000000003,9930.75,4,-0.83%,19728.02,12921.40,4.76%
2022-09-30,Cycle_2,3804.89,5.1899999999999995,19747.35,6,-1.67%,33094.44,25733.59,7.92%
2022-09-30,Cycle_3,3804.89,7.7700000000000005,29563.96,10,-3.25%,42416.76,38772.86,14.45%
2022-09-30,Cycle_4,3804.89,9.92,37744.46,142,-12.59%,50123.95,50123.95,22.58%
2022-10-10,Cycle_1,3720.94,2.6900000000000004,10009.32,0,0.00%,20025.69,13219.07,4.76%
2022-10-10,Cycle_2,3720.94,5.1899999999999995,19311.66,7,-3.84%,33094.44,25733.59,8.52%
2022-10-10,Cycle_3,3720.94,7.7700000000000005,28911.68,11,-5.38%,42416.76,38772.86,14.45%
2022-10-10,Cycle_4,3720.94,9.92,36911.69,143,-14.52%,50123.95,50123.95,22.58%
2022-10-11,Cycle_1,3727.69,2.6900000000000004,10027.48,1,0.18%,20025.69,13219.07,4.76%
2022-10-11,Cycle_2,3727.69,5.1899999999999995,19346.69,8,-3.66%,33094.44,25733.59,8.52%
2022-10-11,Cycle_3,3727.69,7.7700000000000005,28964.13,12,-5.21%,42416.76,38772.86,14.45%
2022-10-11,Cycle_4,3727.69,9.92,36978.65,144,-14.36%,50123.95,50123.95,22.58%
2022-10-12,Cycle_1,3784.31,2.6900000000000004,10179.78,2,1.70%,20025.69,13219.07,4.76%
2022-10-12,Cycle_2,3784.31,5.1899999999999995,19640.55,9,-2.20%,33094.44,25733.59,8.52%
2022-10-12,Cycle_3,3784.31,7.7700000000000005,29404.06,13,-3.77%,42416.76,38772.86,14.45%
2022-10-12,Cycle_4,3784.31,9.92,37540.32,145,-13.06%,50123.95,50123.95,22.58%
2022-10-13,Cycle_1,3752.67,2.6900000000000004,10094.69,3,0.85%,20025.69,13219.07,4.76%
2022-10-13,Cycle_2,3752.67,5.1899999999999995,19476.37,10,-3.02%,33094.44,25733.59,8.52%
2022-10-13,Cycle_3,3752.67,7.7700000000000005,29158.27,14,-4.58%,42416.76,38772.86,14.45%
2022-10-13,Cycle_4,3752.67,9.92,37226.52,146,-13.79%,50123.95,50123.95,22.58%
2022-10-14,Cycle_1,3842.47,2.6200000000000006,10067.27,0,0.00%,20025.69,12950.10,4.76%
2022-10-14,Cycle_2,3842.47,5.1899999999999995,19942.42,11,-0.69%,33094.44,25733.59,8.52%
2022-10-14,Cycle_3,3842.47,7.7700000000000005,29855.99,15,-2.29%,42416.76,38772.86,14.45%
2022-10-14,Cycle_4,3842.47,9.92,38117.30,147,-11.72%,50123.95,50123.95,22.58%
2022-10-17,Cycle_1,3846.41,2.6200000000000006,10077.60,1,0.10%,20025.69,12950.10,4.76%
2022-10-17,Cycle_2,3846.41,5.1899999999999995,19962.88,12,-0.59%,33094.44,25733.59,8.52%
2022-10-17,Cycle_3,3846.41,7.7700000000000005,29886.62,16,-2.19%,42416.76,38772.86,14.45%
2022-10-17,Cycle_4,3846.41,9.92,38156.41,148,-11.63%,50123.95,50123.95,22.58%
2022-10-18,Cycle_1,3838.27,2.6200000000000006,10056.26,2,-0.11%,20025.69,12950.10,4.76%
2022-10-18,Cycle_2,3838.27,5.1899999999999995,19920.60,13,-0.80%,33094.44,25733.59,8.52%
2022-10-18,Cycle_3,3838.27,7.7700000000000005,29823.33,17,-2.40%,42416.76,38772.86,14.45%
2022-10-18,Cycle_4,3838.27,9.92,38075.61,149,-11.82%,50123.95,50123.95,22.58%
2022-10-19,Cycle_1,3776.53,2.6200000000000006,9894.52,3,-1.72%,20025.69,12950.10,4.76%
2022-10-19,Cycle_2,3776.53,5.1899999999999995,19600.21,14,-2.40%,33094.44,25733.59,8.52%
2022-10-19,Cycle_3,3776.53,7.7700000000000005,29343.67,18,-3.97%,42416.76,38772.86,14.45%
2022-10-19,Cycle_4,3776.53,9.92,37463.21,150,-13.24%,50123.95,50123.95,22.58%
2022-10-20,Cycle_1,3754.93,2.6700000000000004,10025.65,0,0.00%,20213.44,13137.85,4.76%
2022-10-20,Cycle_2,3754.93,5.1899999999999995,19488.07,15,-2.96%,33094.44,25733.59,8.52%
2022-10-20,Cycle_3,3754.93,7.7700000000000005,29175.78,19,-4.52%,42416.76,38772.86,14.45%
2022-10-20,Cycle_4,3754.93,9.92,37248.87,151,-13.73%,50123.95,50123.95,22.58%
2022-10-21,Cycle_1,3742.89,2.6700000000000004,9993.52,1,-0.32%,20213.44,13137.85,4.76%
2022-10-21,Cycle_2,3742.89,5.1899999999999995,19425.61,16,-3.27%,33094.44,25733.59,8.52%
2022-10-21,Cycle_3,3742.89,7.7700000000000005,29082.28,20,-4.83%,42416.76,38772.86,14.45%
2022-10-21,Cycle_4,3742.89,9.92,37129.50,152,-14.01%,50123.95,50123.95,22.58%
2022-10-24,Cycle_1,3633.37,2.7500000000000004,9991.78,0,0.00%,20504.11,13428.52,4.76%
2022-10-24,Cycle_2,3633.37,5.529999999999999,20092.55,0,0.00%,34329.79,26968.93,8.52%
2022-10-24,Cycle_3,3633.37,7.7700000000000005,28231.31,21,-7.61%,42416.76,38772.86,14.45%
2022-10-24,Cycle_4,3633.37,11.48,41711.13,0,0.00%,55792.01,55792.01,22.58%
2022-10-25,Cycle_1,3627.45,2.7500000000000004,9975.50,1,-0.16%,20504.11,13428.52,4.76%
2022-10-25,Cycle_2,3627.45,5.529999999999999,20059.82,1,-0.16%,34329.79,26968.93,8.52%
2022-10-25,Cycle_3,3627.45,7.7700000000000005,28185.32,22,-7.76%,42416.76,38772.86,14.57%
2022-10-25,Cycle_4,3627.45,11.48,41643.17,1,-0.16%,55792.01,55792.01,22.58%
2022-10-26,Cycle_1,3656.90,2.7500000000000004,10056.48,2,0.65%,20504.11,13428.52,4.76%
2022-10-26,Cycle_2,3656.90,5.529999999999999,20222.67,2,0.65%,34329.79,26968.93,8.52%
2022-10-26,Cycle_3,3656.90,7.7700000000000005,28414.13,23,-7.01%,42416.76,38772.86,14.57%
2022-10-26,Cycle_4,3656.90,11.48,41981.24,2,0.65%,55792.01,55792.01,22.58%
2022-10-27,Cycle_1,3631.14,2.7500000000000004,9985.65,3,-0.06%,20504.11,13428.52,4.76%
2022-10-27,Cycle_2,3631.14,5.529999999999999,20080.23,3,-0.06%,34329.79,26968.93,8.52%
2022-10-27,Cycle_3,3631.14,7.7700000000000005,28214.00,24,-7.67%,42416.76,38772.86,14.57%
2022-10-27,Cycle_4,3631.14,11.48,41685.54,3,-0.06%,55792.01,55792.01,22.58%
2022-10-28,Cycle_1,3541.33,2.8300000000000005,10021.96,0,0.00%,20787.41,13711.82,4.76%
2022-10-28,Cycle_2,3541.33,5.529999999999999,19583.55,4,-2.53%,34329.79,26968.93,8.52%
2022-10-28,Cycle_3,3541.33,8.530000000000001,30207.54,0,0.00%,45108.17,41464.27,14.57%
2022-10-28,Cycle_4,3541.33,11.48,40654.46,4,-2.53%,55792.01,55792.01,22.58%
2022-10-31,Cycle_1,3508.70,2.8300000000000005,9929.63,1,-0.92%,20787.41,13711.82,4.76%
2022-10-31,Cycle_2,3508.70,5.529999999999999,19403.13,5,-3.43%,34329.79,26968.93,8.52%
2022-10-31,Cycle_3,3508.70,8.530000000000001,29929.24,1,-0.92%,45108.17,41464.27,14.57%
2022-10-31,Cycle_4,3508.70,11.48,40279.92,5,-3.43%,55792.01,55792.01,22.58%
2022-11-01,Cycle_1,3634.17,2.7700000000000005,10066.66,0,0.00%,20787.41,13493.77,4.76%
2022-11-01,Cycle_2,3634.17,5.529999999999999,20096.98,6,0.02%,34329.79,26968.93,8.52%
2022-11-01,Cycle_3,3634.17,8.530000000000001,30999.50,2,2.62%,45108.17,41464.27,14.57%
2022-11-01,Cycle_4,3634.17,11.48,41720.31,6,0.02%,55792.01,55792.01,22.58%
2022-11-02,Cycle_1,3677.81,2.7700000000000005,10187.52,1,1.20%,20787.41,13493.77,4.76%
2022-11-02,Cycle_2,3677.81,5.529999999999999,20338.26,7,1.22%,34329.79,26968.93,8.52%
2022-11-02,Cycle_3,3677.81,8.530000000000001,31371.68,3,3.85%,45108.17,41464.27,14.57%
2022-11-02,Cycle_4,3677.81,11.48,42221.20,7,1.22%,55792.01,55792.01,22.58%
2022-11-03,Cycle_1,3647.90,2.7700000000000005,10104.67,2,0.38%,20787.41,13493.77,4.76%
2022-11-03,Cycle_2,3647.90,5.529999999999999,20172.87,8,0.40%,34329.79,26968.93,8.52%
2022-11-03,Cycle_3,3647.90,8.530000000000001,31116.56,4,3.01%,45108.17,41464.27,14.57%
2022-11-03,Cycle_4,3647.90,11.48,41877.85,8,0.40%,55792.01,55792.01,22.58%
2022-11-04,Cycle_1,3767.17,2.6700000000000004,10058.36,0,0.00%,20787.41,13117.05,4.76%
2022-11-04,Cycle_2,3767.17,5.529999999999999,20832.48,9,3.68%,34329.79,26968.93,8.52%
2022-11-04,Cycle_3,3767.17,8.530000000000001,32134.00,5,6.38%,45108.17,41464.27,14.57%
2022-11-04,Cycle_4,3767.17,11.48,43247.16,9,3.68%,55792.01,55792.01,22.58%
2022-11-07,Cycle_1,3775.30,2.6700000000000004,10080.04,1,0.22%,20787.41,13117.05,4.76%
2022-11-07,Cycle_2,3775.30,5.529999999999999,20877.39,10,3.91%,34329.79,26968.93,8.52%
2022-11-07,Cycle_3,3775.30,8.530000000000001,32203.28,6,6.61%,45108.17,41464.27,14.57%
2022-11-07,Cycle_4,3775.30,11.48,43340.41,10,3.91%,55792.01,55792.01,22.58%
2022-11-08,Cycle_1,3749.33,2.6700000000000004,10010.70,2,-0.47%,20787.41,13117.05,4.76%
2022-11-08,Cycle_2,3749.33,5.529999999999999,20733.77,11,3.19%,34329.79,26968.93,8.52%
2022-11-08,Cycle_3,3749.33,8.530000000000001,31981.74,7,5.87%,45108.17,41464.27,14.57%
2022-11-08,Cycle_4,3749.33,11.48,43042.25,11,3.19%,55792.01,55792.01,22.58%
2022-11-09,Cycle_1,3714.27,2.6700000000000004,9917.10,3,-1.40%,20787.41,13117.05,4.76%
2022-11-09,Cycle_2,3714.27,5.529999999999999,20539.92,12,2.23%,34329.79,26968.93,8.52%
2022-11-09,Cycle_3,3714.27,8.530000000000001,31682.73,8,4.88%,45108.17,41464.27,14.57%
2022-11-09,Cycle_4,3714.27,11.48,42639.82,12,2.23%,55792.01,55792.01,22.58%
2022-11-10,Cycle_1,3685.69,2.72,10025.07,0,0.00%,20971.70,13301.34,4.76%
2022-11-10,Cycle_2,3685.69,5.529999999999999,20381.86,13,1.44%,34329.79,26968.93,8.52%
2022-11-10,Cycle_3,3685.69,8.530000000000001,31438.92,9,4.08%,45108.17,41464.27,14.57%
2022-11-10,Cycle_4,3685.69,11.48,42311.70,13,1.44%,55792.01,55792.01,22.58%
2022-11-11,Cycle_1,3788.44,2.6500000000000004,10039.36,0,0.00%,20971.70,13036.15,4.76%
2022-11-11,Cycle_2,3788.44,5.35,20268.15,0,0.00%,34329.79,26287.01,8.52%
2022-11-11,Cycle_3,3788.44,8.530000000000001,32315.38,10,6.98%,45108.17,41464.27,14.57%
2022-11-11,Cycle_4,3788.44,11.48,43491.28,14,4.27%,55792.01,55792.01,22.58%
2022-11-14,Cycle_1,3794.02,2.6500000000000004,10054.15,1,0.15%,20971.70,13036.15,4.76%
2022-11-14,Cycle_2,3794.02,5.35,20297.99,1,0.15%,34329.79,26287.01,8.52%
2022-11-14,Cycle_3,3794.02,8.530000000000001,32362.97,11,7.14%,45108.17,41464.27,14.57%
2022-11-14,Cycle_4,3794.02,11.48,43555.32,15,4.42%,55792.01,55792.01,22.58%
2022-11-15,Cycle_1,3865.97,2.6000000000000005,10051.53,0,0.00%,20971.70,12842.85,4.76%
2022-11-15,Cycle_2,3865.97,5.35,20682.95,2,2.05%,34329.79,26287.01,8.52%
2022-11-15,Cycle_3,3865.97,7.940000000000001,30695.82,0,0.00%,45108.17,39183.34,14.57%
2022-11-15,Cycle_4,3865.97,11.48,44381.37,16,6.40%,55792.01,55792.01,22.58%
2022-11-16,Cycle_1,3834.39,2.6000000000000005,9969.41,1,-0.82%,20971.70,12842.85,4.76%
2022-11-16,Cycle_2,3834.39,5.35,20513.99,3,1.21%,34329.79,26287.01,8.52%
2022-11-16,Cycle_3,3834.39,7.940000000000001,30445.06,1,-0.82%,45108.17,39183.34,14.57%
2022-11-16,Cycle_4,3834.39,11.48,44018.80,17,5.53%,55792.01,55792.01,22.58%
2022-11-17,Cycle_1,3818.66,2.6000000000000005,9928.53,2,-1.22%,20971.70,12842.85,4.76%
2022-11-17,Cycle_2,3818.66,5.35,20429.85,4,0.80%,34329.79,26287.01,8.52%
2022-11-17,Cycle_3,3818.66,7.940000000000001,30320.19,2,-1.22%,45108.17,39183.34,14.57%
2022-11-17,Cycle_4,3818.66,11.48,43838.26,18,5.10%,55792.01,55792.01,22.58%
2022-11-18,Cycle_1,3801.57,2.6000000000000005,9884.08,3,-1.67%,20971.70,12842.85,4.76%
2022-11-18,Cycle_2,3801.57,5.35,20338.39,5,0.35%,34329.79,26287.01,8.52%
2022-11-18,Cycle_3,3801.57,7.940000000000001,30184.45,3,-1.67%,45108.17,39183.34,14.57%
2022-11-18,Cycle_4,3801.57,11.48,43642.01,19,4.63%,55792.01,55792.01,22.58%
2022-11-21,Cycle_1,3769.13,2.6600000000000006,10025.88,0,0.00%,21197.85,13069.00,4.76%
2022-11-21,Cycle_2,3769.13,5.35,20164.83,6,-0.51%,34329.79,26287.01,8.52%
2022-11-21,Cycle_3,3769.13,7.940000000000001,29926.87,4,-2.51%,45108.17,39183.34,14.57%
2022-11-21,Cycle_4,3769.13,11.48,43269.58,20,3.74%,55792.01,55792.01,22.58%
2022-11-22,Cycle_1,3769.57,2.6600000000000006,10027.06,1,0.01%,21197.85,13069.00,4.76%
2022-11-22,Cycle_2,3769.57,5.35,20167.21,7,-0.50%,34329.79,26287.01,8.52%
2022-11-22,Cycle_3,3769.57,7.940000000000001,29930.41,5,-2.49%,45108.17,39183.34,14.57%
2022-11-22,Cycle_4,3769.57,11.48,43274.69,21,3.75%,55792.01,55792.01,22.58%
2022-11-23,Cycle_1,3773.53,2.6600000000000006,10037.59,2,0.12%,21197.85,13069.00,4.76%
2022-11-23,Cycle_2,3773.53,5.35,20188.38,8,-0.39%,34329.79,26287.01,8.52%
2022-11-23,Cycle_3,3773.53,7.940000000000001,29961.82,6,-2.39%,45108.17,39183.34,14.57%
2022-11-23,Cycle_4,3773.53,11.48,43320.11,22,3.86%,55792.01,55792.01,22.58%
2022-11-24,Cycle_1,3756.81,2.6600000000000006,9993.11,3,-0.33%,21197.85,13069.00,4.76%
2022-11-24,Cycle_2,3756.81,5.35,20098.92,9,-0.83%,34329.79,26287.01,8.52%
2022-11-24,Cycle_3,3756.81,7.940000000000001,29829.06,7,-2.82%,45108.17,39183.34,14.57%
2022-11-24,Cycle_4,3756.81,11.48,43128.16,23,3.40%,55792.01,55792.01,22.58%
2022-11-25,Cycle_1,3775.78,2.6600000000000006,10043.57,4,0.18%,21197.85,13069.00,4.76%
2022-11-25,Cycle_2,3775.78,5.35,20200.40,10,-0.33%,34329.79,26287.01,8.52%
2022-11-25,Cycle_3,3775.78,7.940000000000001,29979.66,8,-2.33%,45108.17,39183.34,14.57%
2022-11-25,Cycle_4,3775.78,11.48,43345.91,24,3.92%,55792.01,55792.01,22.58%
2022-11-28,Cycle_1,3733.24,2.6600000000000006,9930.42,5,-0.95%,21197.85,13069.00,4.76%
2022-11-28,Cycle_2,3733.24,5.35,19972.85,11,-1.46%,34329.79,26287.01,8.52%
2022-11-28,Cycle_3,3733.24,7.940000000000001,29641.94,9,-3.43%,45108.17,39183.34,14.57%
2022-11-28,Cycle_4,3733.24,11.48,42857.62,25,2.75%,55792.01,55792.01,22.58%
2022-11-29,Cycle_1,3848.42,2.6200000000000006,10082.87,0,0.00%,21197.85,12915.06,4.76%
2022-11-29,Cycle_2,3848.42,5.35,20589.06,12,1.58%,34329.79,26287.01,8.52%
2022-11-29,Cycle_3,3848.42,7.940000000000001,30556.47,10,-0.45%,45108.17,39183.34,14.57%
2022-11-29,Cycle_4,3848.42,11.48,44179.89,26,5.92%,55792.01,55792.01,22.58%
2022-11-30,Cycle_1,3853.04,2.6200000000000006,10094.96,1,0.12%,21197.85,12915.06,4.76%
2022-11-30,Cycle_2,3853.04,5.35,20613.75,13,1.71%,34329.79,26287.01,8.52%
2022-11-30,Cycle_3,3853.04,7.940000000000001,30593.11,11,-0.33%,45108.17,39183.34,14.57%
2022-11-30,Cycle_4,3853.04,11.48,44232.86,27,6.05%,55792.01,55792.01,22.58%
2022-12-01,Cycle_1,3894.77,2.6200000000000006,10204.29,2,1.20%,21197.85,12915.06,4.76%
2022-12-01,Cycle_2,3894.77,5.35,20837.01,14,2.81%,34329.79,26287.01,8.52%
2022-12-01,Cycle_3,3894.77,7.940000000000001,30924.46,12,0.74%,45108.17,39183.34,14.57%
2022-12-01,Cycle_4,3894.77,11.48,44711.94,28,7.19%,55792.01,55792.01,22.58%
2022-12-02,Cycle_1,3870.95,2.6200000000000006,10141.88,3,0.59%,21197.85,12915.06,4.76%
2022-12-02,Cycle_2,3870.95,5.35,20709.57,15,2.18%,34329.79,26287.01,8.52%
2022-12-02,Cycle_3,3870.95,7.940000000000001,30735.33,13,0.13%,45108.17,39183.34,14.57%
2022-12-02,Cycle_4,3870.95,11.48,44438.48,29,6.54%,55792.01,55792.01,22.58%
2022-12-05,Cycle_1,3946.88,2.5500000000000007,10064.53,0,0.00%,21197.85,12638.78,4.76%
2022-12-05,Cycle_2,3946.88,5.14,20286.94,0,0.00%,34329.79,25458.17,8.52%
2022-12-05,Cycle_3,3946.88,7.940000000000001,31338.19,14,2.09%,45108.17,39183.34,14.57%
2022-12-05,Cycle_4,3946.88,11.48,45310.14,30,8.63%,55792.01,55792.01,22.58%
2022-12-06,Cycle_1,3968.20,2.5500000000000007,10118.90,1,0.54%,21197.85,12638.78,4.76%
2022-12-06,Cycle_2,3968.20,5.14,20396.54,1,0.54%,34329.79,25458.17,8.52%
2022-12-06,Cycle_3,3968.20,7.940000000000001,31507.49,15,2.64%,45108.17,39183.34,14.57%
2022-12-06,Cycle_4,3968.20,11.48,45554.91,31,9.22%,55792.01,55792.01,22.58%
2022-12-07,Cycle_1,3958.44,2.5500000000000007,10094.02,2,0.29%,21197.85,12638.78,4.76%
2022-12-07,Cycle_2,3958.44,5.14,20346.39,2,0.29%,34329.79,25458.17,8.52%
2022-12-07,Cycle_3,3958.44,7.940000000000001,31430.02,16,2.39%,45108.17,39183.34,14.57%
2022-12-07,Cycle_4,3958.44,11.48,45442.90,32,8.95%,55792.01,55792.01,22.58%
2022-12-08,Cycle_1,3959.18,2.5500000000000007,10095.91,3,0.31%,21197.85,12638.78,4.76%
2022-12-08,Cycle_2,3959.18,5.14,20350.18,3,0.31%,34329.79,25458.17,8.52%
2022-12-08,Cycle_3,3959.18,7.940000000000001,31435.89,17,2.41%,45108.17,39183.34,14.57%
2022-12-08,Cycle_4,3959.18,11.48,45451.38,33,8.97%,55792.01,55792.01,22.58%
2022-12-09,Cycle_1,3998.24,2.5500000000000007,10195.52,4,1.30%,21197.85,12638.78,4.76%
2022-12-09,Cycle_2,3998.24,5.14,20550.98,4,1.30%,34329.79,25458.17,8.52%
2022-12-09,Cycle_3,3998.24,7.940000000000001,31746.06,18,3.42%,45108.17,39183.34,14.57%
2022-12-09,Cycle_4,3998.24,11.48,45899.84,34,10.04%,55792.01,55792.01,22.58%
2022-12-12,Cycle_1,3953.44,2.5500000000000007,10081.28,5,0.17%,21197.85,12638.78,4.76%
2022-12-12,Cycle_2,3953.44,5.14,20320.70,5,0.17%,34329.79,25458.17,8.52%
2022-12-12,Cycle_3,3953.44,7.940000000000001,31390.34,19,2.26%,45108.17,39183.34,14.57%
2022-12-12,Cycle_4,3953.44,11.48,45385.53,35,8.81%,55792.01,55792.01,22.58%
2022-12-13,Cycle_1,3945.68,2.5500000000000007,10061.49,6,-0.03%,21197.85,12638.78,4.76%
2022-12-13,Cycle_2,3945.68,5.14,20280.80,6,-0.03%,34329.79,25458.17,8.52%
2022-12-13,Cycle_3,3945.68,7.940000000000001,31328.71,20,2.06%,45108.17,39183.34,14.57%
2022-12-13,Cycle_4,3945.68,11.48,45296.42,36,8.60%,55792.01,55792.01,22.58%
2022-12-14,Cycle_1,3954.89,2.5500000000000007,10084.96,7,0.20%,21197.85,12638.78,4.76%
2022-12-14,Cycle_2,3954.89,5.14,20328.11,7,0.20%,34329.79,25458.17,8.52%
2022-12-14,Cycle_3,3954.89,7.940000000000001,31401.79,21,2.30%,45108.17,39183.34,14.57%
2022-12-14,Cycle_4,3954.89,11.48,45402.09,37,8.85%,55792.01,55792.01,22.58%
2022-12-15,Cycle_1,3951.99,2.5500000000000007,10077.57,8,0.13%,21197.85,12638.78,4.76%
2022-12-15,Cycle_2,3951.99,5.14,20313.22,8,0.13%,34329.79,25458.17,8.52%
2022-12-15,Cycle_3,3951.99,7.940000000000001,31378.79,22,2.22%,45108.17,39183.34,14.57%
2022-12-15,Cycle_4,3951.99,11.48,45368.83,38,8.77%,55792.01,55792.01,22.58%
2022-12-16,Cycle_1,3954.23,2.5500000000000007,10083.28,9,0.19%,21197.85,12638.78,4.76%
2022-12-16,Cycle_2,3954.23,5.14,20324.73,9,0.19%,34329.79,25458.17,8.52%
2022-12-16,Cycle_3,3954.23,7.940000000000001,31396.56,23,2.28%,45108.17,39183.34,14.57%
2022-12-16,Cycle_4,3954.23,11.48,45394.53,39,8.83%,55792.01,55792.01,22.58%
2022-12-19,Cycle_1,3893.22,2.5500000000000007,9927.71,10,-1.36%,21197.85,12638.78,4.76%
2022-12-19,Cycle_2,3893.22,5.14,20011.15,10,-1.36%,34329.79,25458.17,8.52%
2022-12-19,Cycle_3,3893.22,7.940000000000001,30912.17,24,0.70%,45108.17,39183.34,14.57%
2022-12-19,Cycle_4,3893.22,11.48,44694.17,40,7.15%,55792.01,55792.01,22.58%
2022-12-20,Cycle_1,3829.02,2.6200000000000006,10032.03,0,0.00%,21465.88,12906.81,4.76%
2022-12-20,Cycle_2,3829.02,5.14,19681.15,11,-2.99%,34329.79,25458.17,8.52%
2022-12-20,Cycle_3,3829.02,7.940000000000001,30402.40,25,-0.96%,45108.17,39183.34,14.57%
2022-12-20,Cycle_4,3829.02,11.48,43957.12,41,5.38%,55792.01,55792.01,22.58%
2022-12-21,Cycle_1,3830.54,2.6200000000000006,10036.01,1,0.04%,21465.88,12906.81,4.76%
2022-12-21,Cycle_2,3830.54,5.14,19688.97,12,-2.95%,34329.79,25458.17,8.52%
2022-12-21,Cycle_3,3830.54,7.940000000000001,30414.47,26,-0.92%,45108.17,39183.34,14.57%
2022-12-21,Cycle_4,3830.54,11.48,43974.58,42,5.43%,55792.01,55792.01,22.58%
2022-12-22,Cycle_1,3836.03,2.6200000000000006,10050.39,2,0.18%,21465.88,12906.81,4.76%
2022-12-22,Cycle_2,3836.03,5.14,19717.18,13,-2.81%,34329.79,25458.17,8.52%
2022-12-22,Cycle_3,3836.03,7.940000000000001,30458.06,27,-0.77%,45108.17,39183.34,14.57%
2022-12-22,Cycle_4,3836.03,11.48,44037.60,43,5.58%,55792.01,55792.01,22.58%
2022-12-23,Cycle_1,3828.22,2.6200000000000006,10029.93,3,-0.02%,21465.88,12906.81,4.76%
2022-12-23,Cycle_2,3828.22,5.14,19677.04,14,-3.01%,34329.79,25458.17,8.52%
2022-12-23,Cycle_3,3828.22,7.940000000000001,30396.06,28,-0.98%,45108.17,39183.34,14.57%
2022-12-23,Cycle_4,3828.22,11.48,43947.95,44,5.36%,55792.01,55792.01,22.58%
2022-12-26,Cycle_1,3843.49,2.6200000000000006,10069.94,4,0.38%,21465.88,12906.81,4.76%
2022-12-26,Cycle_2,3843.49,5.14,19755.53,15,-2.62%,34329.79,25458.17,8.52%
2022-12-26,Cycle_3,3843.49,7.940000000000001,30517.30,29,-0.58%,45108.17,39183.34,14.57%
2022-12-26,Cycle_4,3843.49,11.48,44123.25,45,5.78%,55792.01,55792.01,22.58%
2022-12-27,Cycle_1,3887.85,2.6200000000000006,10186.18,5,1.54%,21465.88,12906.81,4.76%
2022-12-27,Cycle_2,3887.85,5.14,19983.57,16,-1.50%,34329.79,25458.17,8.52%
2022-12-27,Cycle_3,3887.85,7.940000000000001,30869.56,30,0.57%,45108.17,39183.34,14.57%
2022-12-27,Cycle_4,3887.85,11.48,44632.56,46,7.00%,55792.01,55792.01,22.58%
2022-12-28,Cycle_1,3871.26,2.6200000000000006,10142.71,6,1.10%,21465.88,12906.81,4.76%
2022-12-28,Cycle_2,3871.26,5.14,19898.30,17,-1.92%,34329.79,25458.17,8.52%
2022-12-28,Cycle_3,3871.26,7.940000000000001,30737.84,31,0.14%,45108.17,39183.34,14.57%
2022-12-28,Cycle_4,3871.26,11.48,44442.12,47,6.55%,55792.01,55792.01,22.58%
2022-12-29,Cycle_1,3856.70,2.6200000000000006,10104.56,7,0.72%,21465.88,12906.81,4.76%
2022-12-29,Cycle_2,3856.70,5.14,19823.44,18,-2.28%,34329.79,25458.17,8.52%
2022-12-29,Cycle_3,3856.70,7.940000000000001,30622.20,32,-0.24%,45108.17,39183.34,14.57%
2022-12-29,Cycle_4,3856.70,11.48,44274.92,48,6.15%,55792.01,55792.01,22.58%
2022-12-30,Cycle_1,3871.63,2.6200000000000006,10143.68,8,1.11%,21465.88,12906.81,4.76%
2022-12-30,Cycle_2,3871.63,5.14,19900.20,19,-1.91%,34329.79,25458.17,8.52%
2022-12-30,Cycle_3,3871.63,7.940000000000001,30740.77,33,0.15%,45108.17,39183.34,14.57%
2022-12-30,Cycle_4,3871.63,11.48,44446.36,49,6.56%,55792.01,55792.01,22.58%
2023-01-03,Cycle_1,3887.90,2.6200000000000006,10186.30,9,1.54%,21465.88,12906.81,4.76%
2023-01-03,Cycle_2,3887.90,5.14,19983.80,20,-1.49%,34329.79,25458.17,8.52%
2023-01-03,Cycle_3,3887.90,7.940000000000001,30869.92,34,0.57%,45108.17,39183.34,14.57%
2023-01-03,Cycle_4,3887.90,11.48,44633.08,50,7.01%,55792.01,55792.01,22.58%
2023-01-04,Cycle_1,3892.95,2.6200000000000006,10199.52,10,1.67%,21465.88,12906.81,4.76%
2023-01-04,Cycle_2,3892.95,5.14,20009.75,21,-1.37%,34329.79,25458.17,8.52%
2023-01-04,Cycle_3,3892.95,7.940000000000001,30910.00,35,0.70%,45108.17,39183.34,14.57%
2023-01-04,Cycle_4,3892.95,11.48,44691.04,51,7.14%,55792.01,55792.01,22.58%
2023-01-05,Cycle_1,3968.58,2.5400000000000005,10080.19,0,0.00%,21465.88,12589.32,4.76%
2023-01-05,Cycle_2,3968.58,5.14,20398.49,22,0.55%,34329.79,25458.17,8.52%
2023-01-05,Cycle_3,3968.58,7.940000000000001,31510.51,36,2.65%,45108.17,39183.34,14.57%
2023-01-05,Cycle_4,3968.58,11.48,45559.28,52,9.23%,55792.01,55792.01,22.58%
2023-01-06,Cycle_1,3980.89,2.5400000000000005,10111.46,1,0.31%,21465.88,12589.32,4.76%
2023-01-06,Cycle_2,3980.89,5.14,20461.77,23,0.86%,34329.79,25458.17,8.52%
2023-01-06,Cycle_3,3980.89,7.940000000000001,31608.26,37,2.97%,45108.17,39183.34,14.57%
2023-01-06,Cycle_4,3980.89,11.48,45700.60,53,9.56%,55792.01,55792.01,22.58%
2023-01-09,Cycle_1,4013.12,2.5400000000000005,10193.32,2,1.12%,21465.88,12589.32,4.76%
2023-01-09,Cycle_2,4013.12,5.14,20627.43,24,1.68%,34329.79,25458.17,8.52%
2023-01-09,Cycle_3,4013.12,7.940000000000001,31864.17,38,3.81%,45108.17,39183.34,14.57%
2023-01-09,Cycle_4,4013.12,11.48,46070.61,54,10.45%,55792.01,55792.01,22.58%
2023-01-10,Cycle_1,4017.47,2.5400000000000005,10204.38,3,1.23%,21465.88,12589.32,4.76%
2023-01-10,Cycle_2,4017.47,5.14,20649.81,25,1.79%,34329.79,25458.17,8.52%
2023-01-10,Cycle_3,4017.47,7.940000000000001,31898.74,39,3.92%,45108.17,39183.34,14.57%
2023-01-10,Cycle_4,4017.47,11.48,46120.60,55,10.57%,55792.01,55792.01,22.58%
2023-01-11,Cycle_1,4010.03,2.5400000000000005,10185.48,4,1.04%,21465.88,12589.32,4.76%
2023-01-11,Cycle_2,4010.03,5.14,20611.56,26,1.60%,34329.79,25458.17,8.52%
2023-01-11,Cycle_3,4010.03,7.940000000000001,31839.65,40,3.73%,45108.17,39183.34,14.57%
2023-01-11,Cycle_4,4010.03,11.48,46035.15,56,10.37%,55792.01,55792.01,22.58%
2023-01-12,Cycle_1,4017.87,2.5400000000000005,10205.39,5,1.24%,21465.88,12589.32,4.76%
2023-01-12,Cycle_2,4017.87,5.14,20651.85,27,1.80%,34329.79,25458.17,8.52%
2023-01-12,Cycle_3,4017.87,7.940000000000001,31901.88,41,3.93%,45108.17,39183.34,14.57%
2023-01-12,Cycle_4,4017.87,11.48,46125.14,57,10.58%,55792.01,55792.01,22.58%
2023-01-13,Cycle_1,4074.38,2.4700000000000006,10063.71,0,0.00%,21465.88,12304.12,4.76%
2023-01-13,Cycle_2,4074.38,5.14,20942.30,28,3.23%,34329.79,25458.17,8.52%
2023-01-13,Cycle_3,4074.38,7.940000000000001,32350.55,42,5.39%,45108.17,39183.34,14.57%
2023-01-13,Cycle_4,4074.38,11.48,46773.85,58,12.14%,55792.01,55792.01,22.58%
2023-01-16,Cycle_1,4137.96,2.4700000000000006,10220.77,1,1.56%,21465.88,12304.12,4.76%
2023-01-16,Cycle_2,4137.96,4.92,20358.78,0,0.00%,34329.79,24547.82,8.52%
2023-01-16,Cycle_3,4137.96,7.940000000000001,32855.44,43,7.04%,45108.17,39183.34,14.57%
2023-01-16,Cycle_4,4137.96,11.48,47503.83,59,13.89%,55792.01,55792.01,22.58%
2023-01-17,Cycle_1,4137.24,2.4700000000000006,10218.99,2,1.54%,21465.88,12304.12,4.76%
2023-01-17,Cycle_2,4137.24,4.92,20355.23,1,-0.02%,34329.79,24547.82,8.52%
2023-01-17,Cycle_3,4137.24,7.940000000000001,32849.70,44,7.02%,45108.17,39183.34,14.57%
2023-01-17,Cycle_4,4137.24,11.48,47495.54,60,13.87%,55792.01,55792.01,22.58%
2023-01-18,Cycle_1,4130.31,2.4700000000000006,10201.88,3,1.37%,21465.88,12304.12,4.76%
2023-01-18,Cycle_2,4130.31,4.92,20321.15,2,-0.18%,34329.79,24547.82,8.52%
2023-01-18,Cycle_3,4130.31,7.940000000000001,32794.70,45,6.84%,45108.17,39183.34,14.57%
2023-01-18,Cycle_4,4130.31,11.48,47416.01,61,13.68%,55792.01,55792.01,22.58%
2023-01-19,Cycle_1,4156.01,2.420000000000001,10057.54,0,0.00%,21465.88,12096.32,4.76%
2023-01-19,Cycle_2,4156.01,4.92,20447.56,3,0.44%,34329.79,24547.82,8.52%
2023-01-19,Cycle_3,4156.01,7.940000000000001,32998.70,46,7.50%,45108.17,39183.34,14.57%
2023-01-19,Cycle_4,4156.01,11.48,47710.97,62,14.38%,55792.01,55792.01,22.58%
2023-01-20,Cycle_1,4181.53,2.420000000000001,10119.29,1,0.61%,21465.88,12096.32,4.76%
2023-01-20,Cycle_2,4181.53,4.92,20573.11,4,1.05%,34329.79,24547.82,8.52%
2023-01-20,Cycle_3,4181.53,7.410000000000001,30985.11,0,0.00%,45108.17,36967.13,14.57%
2023-01-20,Cycle_4,4181.53,11.48,48003.93,63,15.09%,55792.01,55792.01,22.58%
2023-01-30,Cycle_1,4201.35,2.420000000000001,10167.25,2,1.09%,21465.88,12096.32,4.76%
2023-01-30,Cycle_2,4201.35,4.92,20670.62,5,1.53%,34329.79,24547.82,8.52%
2023-01-30,Cycle_3,4201.35,7.410000000000001,31131.97,1,0.47%,45108.17,36967.13,14.57%
2023-01-30,Cycle_4,4201.35,11.48,48231.44,64,15.63%,55792.01,55792.01,22.58%
2023-01-31,Cycle_1,4156.86,2.420000000000001,10059.60,3,0.02%,21465.88,12096.32,4.76%
2023-01-31,Cycle_2,4156.86,4.92,20451.74,6,0.46%,34329.79,24547.82,8.52%
2023-01-31,Cycle_3,4156.86,7.410000000000001,30802.32,2,-0.59%,45108.17,36967.13,14.57%
2023-01-31,Cycle_4,4156.86,11.48,47720.73,65,14.41%,55792.01,55792.01,22.58%
2023-02-01,Cycle_1,4195.93,2.420000000000001,10154.16,4,0.96%,21465.88,12096.32,4.76%
2023-02-01,Cycle_2,4195.93,4.92,20643.99,7,1.40%,34329.79,24547.82,8.52%
2023-02-01,Cycle_3,4195.93,7.410000000000001,31091.87,3,0.34%,45108.17,36967.13,14.57%
2023-02-01,Cycle_4,4195.93,11.48,48169.31,66,15.48%,55792.01,55792.01,22.58%
2023-02-02,Cycle_1,4181.15,2.420000000000001,10118.38,5,0.60%,21465.88,12096.32,4.76%
2023-02-02,Cycle_2,4181.15,4.92,20571.25,8,1.04%,34329.79,24547.82,8.52%
2023-02-02,Cycle_3,4181.15,7.410000000000001,30982.32,4,-0.01%,45108.17,36967.13,14.57%
2023-02-02,Cycle_4,4181.15,11.48,47999.59,67,15.08%,55792.01,55792.01,22.58%
2023-02-03,Cycle_1,4141.63,2.420000000000001,10022.75,6,-0.35%,21465.88,12096.32,4.76%
2023-02-03,Cycle_2,4141.63,4.92,20376.83,9,0.09%,34329.79,24547.82,8.52%
2023-02-03,Cycle_3,4141.63,7.410000000000001,30689.49,5,-0.95%,45108.17,36967.13,14.57%
2023-02-03,Cycle_4,4141.63,11.48,47545.93,68,13.99%,55792.01,55792.01,22.58%
2023-02-06,Cycle_1,4086.88,2.420000000000001,9890.24,7,-1.66%,21465.88,12096.32,4.76%
2023-02-06,Cycle_2,4086.88,4.92,20107.44,10,-1.23%,34329.79,24547.82,8.52%
2023-02-06,Cycle_3,4086.88,7.410000000000001,30283.77,6,-2.26%,45108.17,36967.13,14.57%
2023-02-06,Cycle_4,4086.88,11.48,46917.36,69,12.48%,55792.01,55792.01,22.58%
2023-02-07,Cycle_1,4094.23,2.420000000000001,9908.05,8,-1.49%,21465.88,12096.32,4.76%
2023-02-07,Cycle_2,4094.23,4.92,20143.63,11,-1.06%,34329.79,24547.82,8.52%
2023-02-07,Cycle_3,4094.23,7.410000000000001,30338.27,7,-2.09%,45108.17,36967.13,14.57%
2023-02-07,Cycle_4,4094.23,11.48,47001.80,70,12.68%,55792.01,55792.01,22.58%
2023-02-08,Cycle_1,4076.14,2.420000000000001,9864.26,9,-1.92%,21465.88,12096.32,4.76%
2023-02-08,Cycle_2,4076.14,4.92,20054.61,12,-1.49%,34329.79,24547.82,8.52%
2023-02-08,Cycle_3,4076.14,7.410000000000001,30204.21,8,-2.52%,45108.17,36967.13,14.57%
2023-02-08,Cycle_4,4076.14,11.48,46794.10,71,12.19%,55792.01,55792.01,22.58%
2023-02-09,Cycle_1,4130.86,2.420000000000001,9996.67,10,-0.61%,21465.88,12096.32,4.76%
2023-02-09,Cycle_2,4130.86,4.92,20323.81,13,-0.17%,34329.79,24547.82,8.52%
2023-02-09,Cycle_3,4130.86,7.410000000000001,30609.65,9,-1.21%,45108.17,36967.13,14.57%
2023-02-09,Cycle_4,4130.86,11.48,47422.23,72,13.69%,55792.01,55792.01,22.58%
2023-02-10,Cycle_1,4106.31,2.420000000000001,9937.27,11,-1.20%,21465.88,12096.32,4.76%
2023-02-10,Cycle_2,4106.31,4.92,20203.04,14,-0.76%,34329.79,24547.82,8.52%
2023-02-10,Cycle_3,4106.31,7.410000000000001,30427.75,10,-1.80%,45108.17,36967.13,14.57%
2023-02-10,Cycle_4,4106.31,11.48,47140.44,73,13.02%,55792.01,55792.01,22.58%
2023-02-13,Cycle_1,4143.57,2.420000000000001,10027.45,12,-0.30%,21465.88,12096.32,4.76%
2023-02-13,Cycle_2,4143.57,4.92,20386.38,15,0.14%,34329.79,24547.82,8.52%
2023-02-13,Cycle_3,4143.57,7.410000000000001,30703.88,11,-0.91%,45108.17,36967.13,14.57%
2023-02-13,Cycle_4,4143.57,11.48,47568.23,74,14.04%,55792.01,55792.01,22.58%
2023-02-14,Cycle_1,4145.29,2.420000000000001,10031.60,13,-0.26%,21465.88,12096.32,4.76%
2023-02-14,Cycle_2,4145.29,4.92,20394.83,16,0.18%,34329.79,24547.82,8.52%
2023-02-14,Cycle_3,4145.29,7.410000000000001,30716.60,12,-0.87%,45108.17,36967.13,14.57%
2023-02-14,Cycle_4,4145.29,11.48,47587.93,75,14.09%,55792.01,55792.01,22.58%
2023-02-15,Cycle_1,4123.69,2.420000000000001,9979.33,14,-0.78%,21465.88,12096.32,4.76%
2023-02-15,Cycle_2,4123.69,4.92,20288.55,17,-0.34%,34329.79,24547.82,8.52%
2023-02-15,Cycle_3,4123.69,7.410000000000001,30556.54,13,-1.38%,45108.17,36967.13,14.57%
2023-02-15,Cycle_4,4123.69,11.48,47339.95,76,13.49%,55792.01,55792.01,22.58%
2023-02-16,Cycle_1,4093.49,2.420000000000001,9906.24,15,-1.50%,21465.88,12096.32,4.76%
2023-02-16,Cycle_2,4093.49,4.92,20139.96,18,-1.07%,34329.79,24547.82,8.52%
2023-02-16,Cycle_3,4093.49,7.410000000000001,30332.74,14,-2.11%,45108.17,36967.13,14.57%
2023-02-16,Cycle_4,4093.49,11.48,46993.24,77,12.66%,55792.01,55792.01,22.58%
2023-02-17,Cycle_1,4034.51,2.4900000000000007,10045.92,0,0.00%,21748.29,12378.73,4.76%
2023-02-17,Cycle_2,4034.51,4.92,19849.77,19,-2.50%,34329.79,24547.82,8.52%
2023-02-17,Cycle_3,4034.51,7.410000000000001,29895.70,15,-3.52%,45108.17,36967.13,14.57%
2023-02-17,Cycle_4,4034.51,11.48,46316.14,78,11.04%,55792.01,55792.01,22.58%
2023-02-20,Cycle_1,4133.49,2.4300000000000006,10044.38,0,0.00%,21748.29,12130.72,4.76%
2023-02-20,Cycle_2,4133.49,4.92,20336.77,20,-0.11%,34329.79,24547.82,8.52%
2023-02-20,Cycle_3,4133.49,7.410000000000001,30629.16,16,-1.15%,45108.17,36967.13,14.57%
2023-02-20,Cycle_4,4133.49,11.48,47452.46,79,13.76%,55792.01,55792.01,22.58%
2023-02-21,Cycle_1,4144.35,2.4300000000000006,10070.78,1,0.26%,21748.29,12130.72,4.76%
2023-02-21,Cycle_2,4144.35,4.92,20390.22,21,0.15%,34329.79,24547.82,8.52%
2023-02-21,Cycle_3,4144.35,7.410000000000001,30709.66,17,-0.89%,45108.17,36967.13,14.57%
2023-02-21,Cycle_4,4144.35,11.48,47577.18,80,14.06%,55792.01,55792.01,22.58%
2023-02-22,Cycle_1,4106.95,2.4300000000000006,9979.89,2,-0.64%,21748.29,12130.72,4.76%
2023-02-22,Cycle_2,4106.95,4.92,20206.20,22,-0.75%,34329.79,24547.82,8.52%
2023-02-22,Cycle_3,4106.95,7.410000000000001,30432.50,18,-1.78%,45108.17,36967.13,14.57%
2023-02-22,Cycle_4,4106.95,11.48,47147.79,81,13.03%,55792.01,55792.01,22.58%
2023-02-23,Cycle_1,4103.65,2.4300000000000006,9971.86,3,-0.72%,21748.29,12130.72,4.76%
2023-02-23,Cycle_2,4103.65,4.92,20189.94,23,-0.83%,34329.79,24547.82,8.52%
2023-02-23,Cycle_3,4103.65,7.410000000000001,30408.02,19,-1.86%,45108.17,36967.13,14.57%
2023-02-23,Cycle_4,4103.65,11.48,47109.86,82,12.94%,55792.01,55792.01,22.58%
2023-02-24,Cycle_1,4061.05,2.4300000000000006,9868.34,4,-1.75%,21748.29,12130.72,4.76%
2023-02-24,Cycle_2,4061.05,4.92,19980.34,24,-1.86%,34329.79,24547.82,8.52%
2023-02-24,Cycle_3,4061.05,7.410000000000001,30092.35,20,-2.88%,45108.17,36967.13,14.57%
2023-02-24,Cycle_4,4061.05,11.48,46620.80,83,11.77%,55792.01,55792.01,22.58%
2023-02-27,Cycle_1,4043.84,2.4800000000000004,10028.73,0,0.00%,21950.49,12332.92,4.76%
2023-02-27,Cycle_2,4043.84,4.92,19895.71,25,-2.27%,34329.79,24547.82,8.52%
2023-02-27,Cycle_3,4043.84,7.410000000000001,29964.89,21,-3.29%,45108.17,36967.13,14.57%
2023-02-27,Cycle_4,4043.84,11.48,46423.33,84,11.30%,55792.01,55792.01,22.58%
2023-02-28,Cycle_1,4069.46,2.4800000000000004,10092.26,1,0.63%,21950.49,12332.92,4.76%
2023-02-28,Cycle_2,4069.46,4.92,20021.74,26,-1.66%,34329.79,24547.82,8.52%
2023-02-28,Cycle_3,4069.46,7.410000000000001,30154.69,22,-2.68%,45108.17,36967.13,14.57%
2023-02-28,Cycle_4,4069.46,11.48,46717.39,85,12.00%,55792.01,55792.01,22.58%
2023-03-01,Cycle_1,4126.94,2.4400000000000004,10069.74,0,0.00%,21950.49,12167.84,4.76%
2023-03-01,Cycle_2,4126.94,4.92,20304.55,27,-0.27%,34329.79,24547.82,8.52%
2023-03-01,Cycle_3,4126.94,7.410000000000001,30580.64,23,-1.31%,45108.17,36967.13,14.57%
2023-03-01,Cycle_4,4126.94,11.48,47377.29,86,13.58%,55792.01,55792.01,22.58%
2023-03-02,Cycle_1,4117.74,2.4400000000000004,10047.28,1,-0.22%,21950.49,12167.84,4.76%
2023-03-02,Cycle_2,4117.74,4.92,20259.27,28,-0.49%,34329.79,24547.82,8.52%
2023-03-02,Cycle_3,4117.74,7.410000000000001,30512.44,24,-1.53%,45108.17,36967.13,14.57%
2023-03-02,Cycle_4,4117.74,11.48,47271.63,87,13.33%,55792.01,55792.01,22.58%
2023-03-03,Cycle_1,4130.55,2.4400000000000004,10078.55,2,0.09%,21950.49,12167.84,4.76%
2023-03-03,Cycle_2,4130.55,4.92,20322.31,29,-0.18%,34329.79,24547.82,8.52%
2023-03-03,Cycle_3,4130.55,7.410000000000001,30607.39,25,-1.22%,45108.17,36967.13,14.57%
2023-03-03,Cycle_4,4130.55,11.48,47418.73,88,13.68%,55792.01,55792.01,22.58%
2023-03-06,Cycle_1,4109.01,2.4400000000000004,10025.98,3,-0.43%,21950.49,12167.84,4.76%
2023-03-06,Cycle_2,4109.01,4.92,20216.33,30,-0.70%,34329.79,24547.82,8.52%
2023-03-06,Cycle_3,4109.01,7.410000000000001,30447.77,26,-1.73%,45108.17,36967.13,14.57%
2023-03-06,Cycle_4,4109.01,11.48,47171.44,89,13.09%,55792.01,55792.01,22.58%
2023-03-07,Cycle_1,4048.85,2.4400000000000004,9879.20,4,-1.89%,21950.49,12167.84,4.76%
2023-03-07,Cycle_2,4048.85,4.92,19920.35,31,-2.15%,34329.79,24547.82,8.52%
2023-03-07,Cycle_3,4048.85,7.410000000000001,30001.99,27,-3.17%,45108.17,36967.13,14.57%
2023-03-07,Cycle_4,4048.85,11.48,46480.82,90,11.44%,55792.01,55792.01,22.58%
2023-03-08,Cycle_1,4034.11,2.4800000000000004,10004.59,0,0.00%,22111.85,12329.20,4.76%
2023-03-08,Cycle_2,4034.11,4.92,19847.81,32,-2.51%,34329.79,24547.82,8.52%
2023-03-08,Cycle_3,4034.11,7.410000000000001,29892.74,28,-3.53%,45108.17,36967.13,14.57%
2023-03-08,Cycle_4,4034.11,11.48,46311.56,91,11.03%,55792.01,55792.01,22.58%
2023-03-09,Cycle_1,4019.85,2.4800000000000004,9969.23,1,-0.35%,22111.85,12329.20,4.76%
2023-03-09,Cycle_2,4019.85,4.92,19777.66,33,-2.85%,34329.79,24547.82,8.52%
2023-03-09,Cycle_3,4019.85,7.410000000000001,29787.09,29,-3.87%,45108.17,36967.13,14.57%
2023-03-09,Cycle_4,4019.85,11.48,46147.88,92,10.64%,55792.01,55792.01,22.58%
2023-03-10,Cycle_1,3967.14,2.4800000000000004,9838.50,2,-1.66%,22111.85,12329.20,4.76%
2023-03-10,Cycle_2,3967.14,5.09,20192.72,0,0.00%,35004.20,25222.23,8.52%
2023-03-10,Cycle_3,3967.14,7.410000000000001,29396.47,30,-5.13%,45108.17,36967.13,14.57%
2023-03-10,Cycle_4,3967.14,11.48,45542.71,93,9.19%,55792.01,55792.01,22.58%
2023-03-13,Cycle_1,4008.69,2.4800000000000004,9941.54,3,-0.63%,22111.85,12329.20,4.76%
2023-03-13,Cycle_2,4008.69,5.09,20404.21,1,1.05%,35004.20,25222.23,8.52%
2023-03-13,Cycle_3,4008.69,7.410000000000001,29704.36,31,-4.13%,45108.17,36967.13,14.57%
2023-03-13,Cycle_4,4008.69,11.48,46019.72,94,10.33%,55792.01,55792.01,22.58%
2023-03-14,Cycle_1,3984.70,2.4800000000000004,9882.05,4,-1.22%,22111.85,12329.20,4.76%
2023-03-14,Cycle_2,3984.70,5.09,20282.10,2,0.44%,35004.20,25222.23,8.52%
2023-03-14,Cycle_3,3984.70,7.410000000000001,29526.59,32,-4.71%,45108.17,36967.13,14.57%
2023-03-14,Cycle_4,3984.70,11.48,45744.31,95,9.67%,55792.01,55792.01,22.58%
2023-03-15,Cycle_1,3986.90,2.4800000000000004,9887.52,5,-1.17%,22111.85,12329.20,4.76%
2023-03-15,Cycle_2,3986.90,5.09,20293.33,3,0.50%,35004.20,25222.23,8.52%
2023-03-15,Cycle_3,3986.90,7.410000000000001,29542.94,33,-4.65%,45108.17,36967.13,14.57%
2023-03-15,Cycle_4,3986.90,11.48,45769.63,96,9.73%,55792.01,55792.01,22.58%
2023-03-16,Cycle_1,3939.15,2.5400000000000005,10005.44,0,0.00%,22348.20,12565.55,4.76%
2023-03-16,Cycle_2,3939.15,5.09,20050.28,4,-0.71%,35004.20,25222.23,8.52%
2023-03-16,Cycle_3,3939.15,7.410000000000001,29189.11,34,-5.80%,45108.17,36967.13,14.57%
2023-03-16,Cycle_4,3939.15,11.48,45221.45,97,8.42%,55792.01,55792.01,22.58%
2023-03-17,Cycle_1,3958.82,2.5400000000000005,10055.40,1,0.50%,22348.20,12565.55,4.76%
2023-03-17,Cycle_2,3958.82,5.09,20150.39,5,-0.21%,35004.20,25222.23,8.52%
2023-03-17,Cycle_3,3958.82,7.410000000000001,29334.85,35,-5.33%,45108.17,36967.13,14.57%
2023-03-17,Cycle_4,3958.82,11.48,45447.25,98,8.96%,55792.01,55792.01,22.58%
2023-03-20,Cycle_1,3939.08,2.5400000000000005,10005.26,2,-0.00%,22348.20,12565.55,4.76%
2023-03-20,Cycle_2,3939.08,5.09,20049.90,6,-0.71%,35004.20,25222.23,8.52%
2023-03-20,Cycle_3,3939.08,7.410000000000001,29188.56,36,-5.80%,45108.17,36967.13,14.57%
2023-03-20,Cycle_4,3939.08,11.48,45220.60,99,8.41%,55792.01,55792.01,22.58%
2023-03-21,Cycle_1,3982.38,2.5400000000000005,10115.24,3,1.10%,22348.20,12565.55,4.76%
2023-03-21,Cycle_2,3982.38,5.09,20270.31,7,0.38%,35004.20,25222.23,8.52%
2023-03-21,Cycle_3,3982.38,7.410000000000001,29509.42,37,-4.76%,45108.17,36967.13,14.57%
2023-03-21,Cycle_4,3982.38,11.48,45717.70,100,9.61%,55792.01,55792.01,22.58%
2023-03-22,Cycle_1,3999.44,2.5400000000000005,10158.58,4,1.53%,22348.20,12565.55,4.76%
2023-03-22,Cycle_2,3999.44,5.09,20357.16,8,0.81%,35004.20,25222.23,8.52%
2023-03-22,Cycle_3,3999.44,7.410000000000001,29635.87,38,-4.35%,45108.17,36967.13,14.57%
2023-03-22,Cycle_4,3999.44,11.48,45913.60,101,10.08%,55792.01,55792.01,22.58%
2023-03-23,Cycle_1,4039.09,2.4900000000000007,10057.33,0,0.00%,22348.20,12363.60,4.76%
2023-03-23,Cycle_2,4039.09,5.09,20558.97,9,1.81%,35004.20,25222.23,8.52%
2023-03-23,Cycle_3,4039.09,7.410000000000001,29929.65,39,-3.41%,45108.17,36967.13,14.57%
2023-03-23,Cycle_4,4039.09,11.48,46368.75,102,11.17%,55792.01,55792.01,22.58%
2023-03-24,Cycle_1,4027.05,2.4900000000000007,10027.34,1,-0.30%,22348.20,12363.60,4.76%
2023-03-24,Cycle_2,4027.05,5.09,20497.66,10,1.51%,35004.20,25222.23,8.52%
2023-03-24,Cycle_3,4027.05,7.410000000000001,29840.41,40,-3.69%,45108.17,36967.13,14.57%
2023-03-24,Cycle_4,4027.05,11.48,46230.48,103,10.83%,55792.01,55792.01,22.58%
2023-03-27,Cycle_1,4012.48,2.4900000000000007,9991.07,2,-0.66%,22348.20,12363.60,4.76%
2023-03-27,Cycle_2,4012.48,5.09,20423.51,11,1.14%,35004.20,25222.23,8.52%
2023-03-27,Cycle_3,4012.48,7.410000000000001,29732.46,41,-4.04%,45108.17,36967.13,14.57%
2023-03-27,Cycle_4,4012.48,11.48,46063.24,104,10.43%,55792.01,55792.01,22.58%
2023-03-28,Cycle_1,3999.51,2.4900000000000007,9958.79,3,-0.98%,22348.20,12363.60,4.76%
2023-03-28,Cycle_2,3999.51,5.09,20357.53,12,0.82%,35004.20,25222.23,8.52%
2023-03-28,Cycle_3,3999.51,7.410000000000001,29636.40,42,-4.35%,45108.17,36967.13,14.57%
2023-03-28,Cycle_4,3999.51,11.48,45914.43,105,10.08%,55792.01,55792.01,22.58%
2023-03-29,Cycle_1,4006.14,2.4900000000000007,9975.30,4,-0.82%,22348.20,12363.60,4.76%
2023-03-29,Cycle_2,4006.14,5.09,20391.27,13,0.98%,35004.20,25222.23,8.52%
2023-03-29,Cycle_3,4006.14,7.410000000000001,29685.53,43,-4.19%,45108.17,36967.13,14.57%
2023-03-29,Cycle_4,4006.14,11.48,45990.53,106,10.26%,55792.01,55792.01,22.58%
2023-03-30,Cycle_1,4038.53,2.4900000000000007,10055.93,5,-0.01%,22348.20,12363.60,4.76%
2023-03-30,Cycle_2,4038.53,5.09,20556.10,14,1.80%,35004.20,25222.23,8.52%
2023-03-30,Cycle_3,4038.53,7.410000000000001,29925.48,44,-3.42%,45108.17,36967.13,14.57%
2023-03-30,Cycle_4,4038.53,11.48,46362.28,107,11.15%,55792.01,55792.01,22.58%
2023-03-31,Cycle_1,4050.93,2.4900000000000007,10086.80,6,0.29%,22348.20,12363.60,4.76%
2023-03-31,Cycle_2,4050.93,5.09,20619.21,15,2.11%,35004.20,25222.23,8.52%
2023-03-31,Cycle_3,4050.93,7.410000000000001,30017.36,45,-3.12%,45108.17,36967.13,14.57%
2023-03-31,Cycle_4,4050.93,11.48,46504.63,108,11.49%,55792.01,55792.01,22.58%
2023-04-03,Cycle_1,4090.57,2.4900000000000007,10185.51,7,1.27%,22348.20,12363.60,4.76%
2023-04-03,Cycle_2,4090.57,5.09,20820.99,16,3.11%,35004.20,25222.23,8.52%
2023-04-03,Cycle_3,4090.57,7.410000000000001,30311.11,46,-2.18%,45108.17,36967.13,14.57%
2023-04-03,Cycle_4,4090.57,11.48,46959.72,109,12.58%,55792.01,55792.01,22.58%
2023-04-04,Cycle_1,4103.11,2.4900000000000007,10216.73,8,1.58%,22348.20,12363.60,4.76%
2023-04-04,Cycle_2,4103.11,5.09,20884.81,17,3.43%,35004.20,25222.23,8.52%
2023-04-04,Cycle_3,4103.11,7.410000000000001,30404.01,47,-1.88%,45108.17,36967.13,14.57%
2023-04-04,Cycle_4,4103.11,11.48,47103.65,110,12.93%,55792.01,55792.01,22.58%
2023-04-06,Cycle_1,4096.64,2.4900000000000007,10200.63,9,1.42%,22348.20,12363.60,4.76%
2023-04-06,Cycle_2,4096.64,5.09,20851.90,18,3.26%,35004.20,25222.23,8.52%
2023-04-06,Cycle_3,4096.64,7.410000000000001,30356.10,48,-2.03%,45108.17,36967.13,14.57%
2023-04-06,Cycle_4,4096.64,11.48,47029.43,111,12.75%,55792.01,55792.01,22.58%
2023-04-07,Cycle_1,4123.28,2.440000000000001,10060.80,0,0.00%,22348.20,12157.43,4.76%
2023-04-07,Cycle_2,4123.28,5.09,20987.49,19,3.94%,35004.20,25222.23,8.52%
2023-04-07,Cycle_3,4123.28,7.410000000000001,30553.50,49,-1.39%,45108.17,36967.13,14.57%
2023-04-07,Cycle_4,4123.28,11.48,47335.25,112,13.48%,55792.01,55792.01,22.58%
2023-04-10,Cycle_1,4104.81,2.440000000000001,10015.74,1,-0.45%,22348.20,12157.43,4.76%
2023-04-10,Cycle_2,4104.81,5.09,20893.49,20,3.47%,35004.20,25222.23,8.52%
2023-04-10,Cycle_3,4104.81,7.410000000000001,30416.66,50,-1.83%,45108.17,36967.13,14.57%
2023-04-10,Cycle_4,4104.81,11.48,47123.24,113,12.98%,55792.01,55792.01,22.58%
2023-04-11,Cycle_1,4100.15,2.440000000000001,10004.36,2,-0.56%,22348.20,12157.43,4.76%
2023-04-11,Cycle_2,4100.15,5.09,20869.75,21,3.35%,35004.20,25222.23,8.52%
2023-04-11,Cycle_3,4100.15,7.410000000000001,30382.10,51,-1.95%,45108.17,36967.13,14.57%
2023-04-11,Cycle_4,4100.15,11.48,47069.70,114,12.85%,55792.01,55792.01,22.58%
2023-04-12,Cycle_1,4097.29,2.440000000000001,9997.38,3,-0.63%,22348.20,12157.43,4.76%
2023-04-12,Cycle_2,4097.29,5.09,20855.19,22,3.28%,35004.20,25222.23,8.52%
2023-04-12,Cycle_3,4097.29,7.410000000000001,30360.90,52,-2.01%,45108.17,36967.13,14.57%
2023-04-12,Cycle_4,4097.29,11.48,47036.86,115,12.77%,55792.01,55792.01,22.58%
2023-04-13,Cycle_1,4068.98,2.440000000000001,9928.31,4,-1.32%,22348.20,12157.43,4.76%
2023-04-13,Cycle_2,4068.98,5.09,20711.10,23,2.57%,35004.20,25222.23,8.52%
2023-04-13,Cycle_3,4068.98,7.410000000000001,30151.13,53,-2.69%,45108.17,36967.13,14.57%
2023-04-13,Cycle_4,4068.98,11.48,46711.87,116,11.99%,55792.01,55792.01,22.58%
2023-04-14,Cycle_1,4092.00,2.440000000000001,9984.48,5,-0.76%,22348.20,12157.43,4.76%
2023-04-14,Cycle_2,4092.00,5.09,20828.27,24,3.15%,35004.20,25222.23,8.52%
2023-04-14,Cycle_3,4092.00,7.410000000000001,30321.71,54,-2.14%,45108.17,36967.13,14.57%
2023-04-14,Cycle_4,4092.00,11.48,46976.15,117,12.62%,55792.01,55792.01,22.58%
2023-04-17,Cycle_1,4149.38,2.440000000000001,10124.50,6,0.63%,22348.20,12157.43,4.76%
2023-04-17,Cycle_2,4149.38,4.8999999999999995,20331.98,0,0.00%,35004.20,24433.85,8.52%
2023-04-17,Cycle_3,4149.38,7.410000000000001,30746.93,55,-0.77%,45108.17,36967.13,14.57%
2023-04-17,Cycle_4,4149.38,11.48,47634.92,118,14.20%,55792.01,55792.01,22.58%
2023-04-18,Cycle_1,4162.03,2.440000000000001,10155.36,7,0.94%,22348.20,12157.43,4.76%
2023-04-18,Cycle_2,4162.03,4.8999999999999995,20393.96,1,0.30%,35004.20,24433.85,8.52%
2023-04-18,Cycle_3,4162.03,7.410000000000001,30840.66,56,-0.47%,45108.17,36967.13,14.57%
2023-04-18,Cycle_4,4162.03,11.48,47780.13,119,14.55%,55792.01,55792.01,22.58%
2023-04-19,Cycle_1,4124.56,2.440000000000001,10063.92,8,0.03%,22348.20,12157.43,4.76%
2023-04-19,Cycle_2,4124.56,4.8999999999999995,20210.34,2,-0.60%,35004.20,24433.85,8.52%
2023-04-19,Cycle_3,4124.56,7.410000000000001,30562.98,57,-1.36%,45108.17,36967.13,14.57%
2023-04-19,Cycle_4,4124.56,11.48,47349.94,120,13.52%,55792.01,55792.01,22.58%
2023-04-20,Cycle_1,4113.02,2.440000000000001,10035.77,9,-0.25%,22348.20,12157.43,4.76%
2023-04-20,Cycle_2,4113.02,4.8999999999999995,20153.79,3,-0.88%,35004.20,24433.85,8.52%
2023-04-20,Cycle_3,4113.02,7.410000000000001,30477.47,58,-1.64%,45108.17,36967.13,14.57%
2023-04-20,Cycle_4,4113.02,11.48,47217.46,121,13.20%,55792.01,55792.01,22.58%
2023-04-21,Cycle_1,4032.57,2.4900000000000007,10041.09,0,0.00%,22549.83,12359.06,4.76%
2023-04-21,Cycle_2,4032.57,4.8999999999999995,19759.58,4,-2.82%,35004.20,24433.85,8.52%
2023-04-21,Cycle_3,4032.57,7.410000000000001,29881.32,59,-3.56%,45108.17,36967.13,14.57%
2023-04-21,Cycle_4,4032.57,11.48,46293.87,122,10.99%,55792.01,55792.01,22.58%
2023-04-24,Cycle_1,3982.64,2.4900000000000007,9916.78,1,-1.24%,22549.83,12359.06,4.76%
2023-04-24,Cycle_2,3982.64,5.029999999999999,20032.69,0,0.00%,35521.95,24951.59,8.52%
2023-04-24,Cycle_3,3982.64,7.410000000000001,29511.38,60,-4.76%,45108.17,36967.13,14.57%
2023-04-24,Cycle_4,3982.64,11.48,45720.74,123,9.61%,55792.01,55792.01,22.58%
2023-04-25,Cycle_1,3962.67,2.4900000000000007,9867.04,2,-1.73%,22549.83,12359.06,4.76%
2023-04-25,Cycle_2,3962.67,5.029999999999999,19932.21,1,-0.50%,35521.95,24951.59,8.52%
2023-04-25,Cycle_3,3962.67,7.410000000000001,29363.35,61,-5.23%,45108.17,36967.13,14.57%
2023-04-25,Cycle_4,3962.67,11.48,45491.40,124,9.06%,55792.01,55792.01,22.58%
2023-04-26,Cycle_1,3959.23,2.4900000000000007,9858.49,3,-1.82%,22549.83,12359.06,4.76%
2023-04-26,Cycle_2,3959.23,5.029999999999999,19914.94,2,-0.59%,35521.95,24951.59,8.52%
2023-04-26,Cycle_3,3959.23,7.410000000000001,29337.91,62,-5.32%,45108.17,36967.13,14.57%
2023-04-26,Cycle_4,3959.23,11.48,45451.99,125,8.97%,55792.01,55792.01,22.58%
2023-04-27,Cycle_1,3988.42,2.4900000000000007,9931.16,4,-1.09%,22549.83,12359.06,4.76%
2023-04-27,Cycle_2,3988.42,5.029999999999999,20061.75,3,0.15%,35521.95,24951.59,8.52%
2023-04-27,Cycle_3,3988.42,7.410000000000001,29554.18,63,-4.62%,45108.17,36967.13,14.57%
2023-04-27,Cycle_4,3988.42,11.48,45787.04,126,9.77%,55792.01,55792.01,22.58%
2023-04-28,Cycle_1,4029.09,2.4900000000000007,10032.42,5,-0.09%,22549.83,12359.06,4.76%
2023-04-28,Cycle_2,4029.09,5.029999999999999,20266.30,4,1.17%,35521.95,24951.59,8.52%
2023-04-28,Cycle_3,4029.09,7.410000000000001,29855.53,64,-3.65%,45108.17,36967.13,14.57%
2023-04-28,Cycle_4,4029.09,11.48,46253.90,127,10.89%,55792.01,55792.01,22.58%
2023-05-04,Cycle_1,4030.25,2.4900000000000007,10035.32,6,-0.06%,22549.83,12359.06,4.76%
2023-05-04,Cycle_2,4030.25,5.029999999999999,20272.14,5,1.20%,35521.95,24951.59,8.52%
2023-05-04,Cycle_3,4030.25,7.410000000000001,29864.13,65,-3.62%,45108.17,36967.13,14.57%
2023-05-04,Cycle_4,4030.25,11.48,46267.24,128,10.92%,55792.01,55792.01,22.58%
2023-05-05,Cycle_1,4016.88,2.4900000000000007,10002.02,7,-0.39%,22549.83,12359.06,4.76%
2023-05-05,Cycle_2,4016.88,5.029999999999999,20204.89,6,0.86%,35521.95,24951.59,8.52%
2023-05-05,Cycle_3,4016.88,7.410000000000001,29765.06,66,-3.94%,45108.17,36967.13,14.57%
2023-05-05,Cycle_4,4016.88,11.48,46113.75,129,10.56%,55792.01,55792.01,22.58%
2023-05-08,Cycle_1,4062.66,2.4900000000000007,10116.03,8,0.75%,22549.83,12359.06,4.76%
2023-05-08,Cycle_2,4062.66,5.029999999999999,20435.19,7,2.01%,35521.95,24951.59,8.52%
2023-05-08,Cycle_3,4062.66,7.410000000000001,30104.33,67,-2.84%,45108.17,36967.13,14.57%
2023-05-08,Cycle_4,4062.66,11.48,46639.36,130,11.82%,55792.01,55792.01,22.58%
2023-05-09,Cycle_1,4027.88,2.4900000000000007,10029.41,9,-0.12%,22549.83,12359.06,4.76%
2023-05-09,Cycle_2,4027.88,5.029999999999999,20260.21,8,1.14%,35521.95,24951.59,8.52%
2023-05-09,Cycle_3,4027.88,7.410000000000001,29846.56,68,-3.67%,45108.17,36967.13,14.57%
2023-05-09,Cycle_4,4027.88,11.48,46240.01,131,10.86%,55792.01,55792.01,22.58%
2023-05-10,Cycle_1,3996.87,2.4900000000000007,9952.21,10,-0.89%,22549.83,12359.06,4.76%
2023-05-10,Cycle_2,3996.87,5.029999999999999,20104.25,9,0.36%,35521.95,24951.59,8.52%
2023-05-10,Cycle_3,3996.87,7.410000000000001,29616.80,69,-4.42%,45108.17,36967.13,14.57%
2023-05-10,Cycle_4,3996.87,11.48,45884.06,132,10.00%,55792.01,55792.01,22.58%
2023-05-11,Cycle_1,3990.66,2.4900000000000007,9936.75,11,-1.04%,22549.83,12359.06,4.76%
2023-05-11,Cycle_2,3990.66,5.029999999999999,20073.04,10,0.20%,35521.95,24951.59,8.52%
2023-05-11,Cycle_3,3990.66,7.410000000000001,29570.82,70,-4.56%,45108.17,36967.13,14.57%
2023-05-11,Cycle_4,3990.66,11.48,45812.82,133,9.83%,55792.01,55792.01,22.58%
2023-05-12,Cycle_1,3937.76,2.5500000000000007,10041.29,0,0.00%,22786.09,12595.33,4.76%
2023-05-12,Cycle_2,3937.76,5.029999999999999,19806.94,11,-1.13%,35521.95,24951.59,8.52%
2023-05-12,Cycle_3,3937.76,7.410000000000001,29178.82,71,-5.83%,45108.17,36967.13,14.57%
2023-05-12,Cycle_4,3937.76,11.48,45205.51,134,8.38%,55792.01,55792.01,22.58%
2023-05-15,Cycle_1,3998.89,2.5500000000000007,10197.16,1,1.55%,22786.09,12595.33,4.76%
2023-05-15,Cycle_2,3998.89,5.029999999999999,20114.40,12,0.41%,35521.95,24951.59,8.52%
2023-05-15,Cycle_3,3998.89,7.410000000000001,29631.75,72,-4.37%,45108.17,36967.13,14.57%
2023-05-15,Cycle_4,3998.89,11.48,45907.23,135,10.06%,55792.01,55792.01,22.58%
2023-05-16,Cycle_1,3978.21,2.5500000000000007,10144.42,2,1.03%,22786.09,12595.33,4.76%
2023-05-16,Cycle_2,3978.21,5.029999999999999,20010.37,13,-0.11%,35521.95,24951.59,8.52%
2023-05-16,Cycle_3,3978.21,7.410000000000001,29478.50,73,-4.86%,45108.17,36967.13,14.57%
2023-05-16,Cycle_4,3978.21,11.48,45669.80,136,9.49%,55792.01,55792.01,22.58%
2023-05-17,Cycle_1,3960.16,2.5500000000000007,10098.42,3,0.57%,22786.09,12595.33,4.76%
2023-05-17,Cycle_2,3960.16,5.029999999999999,19919.63,14,-0.56%,35521.95,24951.59,8.52%
2023-05-17,Cycle_3,3960.16,7.410000000000001,29344.82,74,-5.29%,45108.17,36967.13,14.57%
2023-05-17,Cycle_4,3960.16,11.48,45462.69,137,8.99%,55792.01,55792.01,22.58%
2023-05-18,Cycle_1,3956.07,2.5500000000000007,10087.98,4,0.46%,22786.09,12595.33,4.76%
2023-05-18,Cycle_2,3956.07,5.029999999999999,19899.03,15,-0.67%,35521.95,24951.59,8.52%
2023-05-18,Cycle_3,3956.07,7.410000000000001,29314.48,75,-5.39%,45108.17,36967.13,14.57%
2023-05-18,Cycle_4,3956.07,11.48,45415.68,138,8.88%,55792.01,55792.01,22.58%
2023-05-19,Cycle_1,3944.54,2.5500000000000007,10058.58,5,0.17%,22786.09,12595.33,4.76%
2023-05-19,Cycle_2,3944.54,5.029999999999999,19841.04,16,-0.96%,35521.95,24951.59,8.52%
2023-05-19,Cycle_3,3944.54,7.410000000000001,29229.04,76,-5.67%,45108.17,36967.13,14.57%
2023-05-19,Cycle_4,3944.54,11.48,45283.32,139,8.56%,55792.01,55792.01,22.58%
2023-05-22,Cycle_1,3969.33,2.5500000000000007,10121.79,6,0.80%,22786.09,12595.33,4.76%
2023-05-22,Cycle_2,3969.33,5.029999999999999,19965.72,17,-0.33%,35521.95,24951.59,8.52%
2023-05-22,Cycle_3,3969.33,7.410000000000001,29412.72,77,-5.07%,45108.17,36967.13,14.57%
2023-05-22,Cycle_4,3969.33,11.48,45567.88,140,9.25%,55792.01,55792.01,22.58%
2023-05-23,Cycle_1,3913.19,2.5500000000000007,9978.63,7,-0.62%,22786.09,12595.33,4.76%
2023-05-23,Cycle_2,3913.19,5.029999999999999,19683.34,18,-1.74%,35521.95,24951.59,8.52%
2023-05-23,Cycle_3,3913.19,7.410000000000001,28996.72,78,-6.42%,45108.17,36967.13,14.57%
2023-05-23,Cycle_4,3913.19,11.48,44923.40,141,7.70%,55792.01,55792.01,22.58%
2023-05-24,Cycle_1,3859.09,2.5500000000000007,9840.69,8,-2.00%,22786.09,12595.33,4.76%
2023-05-24,Cycle_2,3859.09,5.029999999999999,19411.24,19,-3.10%,35521.95,24951.59,8.52%
2023-05-24,Cycle_3,3859.09,7.410000000000001,28595.88,79,-7.71%,45108.17,36967.13,14.57%
2023-05-24,Cycle_4,3859.09,11.48,44302.39,142,6.21%,55792.01,55792.01,22.58%
2023-05-25,Cycle_1,3850.50,2.6000000000000005,10011.30,0,0.00%,22978.62,12787.85,4.76%
2023-05-25,Cycle_2,3850.50,5.029999999999999,19368.01,20,-3.32%,35521.95,24951.59,8.52%
2023-05-25,Cycle_3,3850.50,7.410000000000001,28532.20,80,-7.92%,45108.17,36967.13,14.57%
2023-05-25,Cycle_4,3850.50,11.48,44203.74,143,5.98%,55792.01,55792.01,22.58%
2023-05-26,Cycle_1,3850.95,2.6000000000000005,10012.47,1,0.01%,22978.62,12787.85,4.76%
2023-05-26,Cycle_2,3850.95,5.029999999999999,19370.28,21,-3.31%,35521.95,24951.59,8.52%
2023-05-26,Cycle_3,3850.95,7.410000000000001,28535.55,81,-7.91%,45108.17,36967.13,14.57%
2023-05-26,Cycle_4,3850.95,11.48,44208.92,144,5.99%,55792.01,55792.01,22.58%
2023-05-29,Cycle_1,3833.94,2.6000000000000005,9968.25,2,-0.43%,22978.62,12787.85,4.76%
2023-05-29,Cycle_2,3833.94,5.029999999999999,19284.73,22,-3.73%,35521.95,24951.59,8.65%
2023-05-29,Cycle_3,3833.94,8.000000000000002,30671.53,0,0.00%,47370.20,39229.16,14.57%
2023-05-29,Cycle_4,3833.94,11.48,44013.65,145,5.52%,55792.01,55792.01,22.58%
2023-05-30,Cycle_1,3837.75,2.6000000000000005,9978.16,3,-0.33%,22978.62,12787.85,4.76%
2023-05-30,Cycle_2,3837.75,5.029999999999999,19303.90,23,-3.64%,35521.95,24951.59,8.65%
2023-05-30,Cycle_3,3837.75,8.000000000000002,30702.02,1,0.10%,47370.20,39229.16,14.57%
2023-05-30,Cycle_4,3837.75,11.48,44057.41,146,5.63%,55792.01,55792.01,22.58%
2023-05-31,Cycle_1,3798.54,2.6000000000000005,9876.21,4,-1.35%,22978.62,12787.85,4.76%
2023-05-31,Cycle_2,3798.54,5.299999999999999,20132.28,0,0.00%,36547.55,25977.20,8.65%
2023-05-31,Cycle_3,3798.54,8.000000000000002,30388.35,2,-0.92%,47370.20,39229.16,14.57%
2023-05-31,Cycle_4,3798.54,11.48,43607.28,147,4.55%,55792.01,55792.01,22.58%
2023-06-01,Cycle_1,3806.87,2.6000000000000005,9897.86,5,-1.13%,22978.62,12787.85,4.76%
2023-06-01,Cycle_2,3806.87,5.299999999999999,20176.40,1,0.22%,36547.55,25977.20,8.65%
2023-06-01,Cycle_3,3806.87,8.000000000000002,30454.94,3,-0.71%,47370.20,39229.16,14.57%
2023-06-01,Cycle_4,3806.87,11.48,43702.84,148,4.78%,55792.01,55792.01,22.58%
2023-06-02,Cycle_1,3861.83,2.6000000000000005,10040.77,6,0.29%,22978.62,12787.85,4.76%
2023-06-02,Cycle_2,3861.83,5.299999999999999,20467.72,2,1.67%,36547.55,25977.20,8.65%
2023-06-02,Cycle_3,3861.83,8.000000000000002,30894.67,4,0.73%,47370.20,39229.16,14.57%
2023-06-02,Cycle_4,3861.83,11.48,44333.85,149,6.29%,55792.01,55792.01,22.58%
2023-06-05,Cycle_1,3844.25,2.6000000000000005,9995.05,7,-0.16%,22978.62,12787.85,4.76%
2023-06-05,Cycle_2,3844.25,5.299999999999999,20374.52,3,1.20%,36547.55,25977.20,8.65%
2023-06-05,Cycle_3,3844.25,8.000000000000002,30753.99,5,0.27%,47370.20,39229.16,14.57%
2023-06-05,Cycle_4,3844.25,11.48,44131.98,150,5.80%,55792.01,55792.01,22.58%
2023-06-06,Cycle_1,3808.16,2.6000000000000005,9901.22,8,-1.10%,22978.62,12787.85,4.76%
2023-06-06,Cycle_2,3808.16,5.299999999999999,20183.26,4,0.25%,36547.55,25977.20,8.65%
2023-06-06,Cycle_3,3808.16,8.000000000000002,30465.30,6,-0.67%,47370.20,39229.16,14.57%
2023-06-06,Cycle_4,3808.16,11.48,43717.71,151,4.81%,55792.01,55792.01,22.58%
2023-06-07,Cycle_1,3789.34,2.6000000000000005,9852.29,9,-1.59%,22978.62,12787.85,4.76%
2023-06-07,Cycle_2,3789.34,5.299999999999999,20083.51,5,-0.24%,36547.55,25977.20,8.65%
2023-06-07,Cycle_3,3789.34,8.000000000000002,30314.73,7,-1.16%,47370.20,39229.16,14.57%
2023-06-07,Cycle_4,3789.34,11.48,43501.64,152,4.29%,55792.01,55792.01,22.58%
2023-06-08,Cycle_1,3820.19,2.6000000000000005,9932.49,10,-0.79%,22978.62,12787.85,4.76%
2023-06-08,Cycle_2,3820.19,5.299999999999999,20246.99,6,0.57%,36547.55,25977.20,8.65%
2023-06-08,Cycle_3,3820.19,8.000000000000002,30561.49,8,-0.36%,47370.20,39229.16,14.57%
2023-06-08,Cycle_4,3820.19,11.48,43855.74,153,5.14%,55792.01,55792.01,22.58%
2023-06-09,Cycle_1,3836.70,2.6000000000000005,9975.43,11,-0.36%,22978.62,12787.85,4.76%
2023-06-09,Cycle_2,3836.70,5.299999999999999,20334.52,7,1.00%,36547.55,25977.20,8.65%
2023-06-09,Cycle_3,3836.70,8.000000000000002,30693.62,9,0.07%,47370.20,39229.16,14.57%
2023-06-09,Cycle_4,3836.70,11.48,44045.35,154,5.60%,55792.01,55792.01,22.58%
2023-06-12,Cycle_1,3844.43,2.6000000000000005,9995.52,12,-0.16%,22978.62,12787.85,4.76%
2023-06-12,Cycle_2,3844.43,5.299999999999999,20375.49,8,1.21%,36547.55,25977.20,8.65%
2023-06-12,Cycle_3,3844.43,8.000000000000002,30755.46,10,0.27%,47370.20,39229.16,14.57%
2023-06-12,Cycle_4,3844.43,11.48,44134.08,155,5.81%,55792.01,55792.01,22.58%
2023-06-13,Cycle_1,3864.91,2.6000000000000005,10048.76,13,0.37%,22978.62,12787.85,4.76%
2023-06-13,Cycle_2,3864.91,5.299999999999999,20484.01,9,1.75%,36547.55,25977.20,8.65%
2023-06-13,Cycle_3,3864.91,8.000000000000002,30919.26,11,0.81%,47370.20,39229.16,14.57%
2023-06-13,Cycle_4,3864.91,11.48,44369.14,156,6.37%,55792.01,55792.01,22.58%
2023-06-14,Cycle_1,3864.02,2.6000000000000005,10046.46,14,0.35%,22978.62,12787.85,4.76%
2023-06-14,Cycle_2,3864.02,5.299999999999999,20479.33,10,1.72%,36547.55,25977.20,8.65%
2023-06-14,Cycle_3,3864.02,8.000000000000002,30912.20,12,0.78%,47370.20,39229.16,14.57%
2023-06-14,Cycle_4,3864.02,11.48,44359.00,157,6.35%,55792.01,55792.01,22.58%
2023-06-15,Cycle_1,3925.50,2.6000000000000005,10206.30,15,1.95%,22978.62,12787.85,4.76%
2023-06-15,Cycle_2,3925.50,5.299999999999999,20805.15,11,3.34%,36547.55,25977.20,8.65%
2023-06-15,Cycle_3,3925.50,8.000000000000002,31404.00,13,2.39%,47370.20,39229.16,14.57%
2023-06-15,Cycle_4,3925.50,11.48,45064.73,158,8.04%,55792.01,55792.01,22.58%
2023-06-16,Cycle_1,3963.35,2.5500000000000007,10106.54,0,0.00%,22978.62,12589.68,4.76%
2023-06-16,Cycle_2,3963.35,5.1099999999999985,20252.72,0,0.00%,36547.55,25224.16,8.65%
2023-06-16,Cycle_3,3963.35,8.000000000000002,31706.81,14,3.38%,47370.20,39229.16,14.57%
2023-06-16,Cycle_4,3963.35,11.48,45499.27,159,9.08%,55792.01,55792.01,22.58%
2023-06-19,Cycle_1,3930.91,2.5500000000000007,10023.82,1,-0.82%,22978.62,12589.68,4.76%
2023-06-19,Cycle_2,3930.91,5.1099999999999985,20086.94,1,-0.82%,36547.55,25224.16,8.65%
2023-06-19,Cycle_3,3930.91,8.000000000000002,31447.26,15,2.53%,47370.20,39229.16,14.57%
2023-06-19,Cycle_4,3930.91,11.48,45126.82,160,8.19%,55792.01,55792.01,22.58%
2023-06-20,Cycle_1,3924.24,2.5500000000000007,10006.81,2,-0.99%,22978.62,12589.68,4.76%
2023-06-20,Cycle_2,3924.24,5.1099999999999985,20052.85,2,-0.99%,36547.55,25224.16,8.65%
2023-06-20,Cycle_3,3924.24,8.000000000000002,31393.90,16,2.36%,47370.20,39229.16,14.57%
2023-06-20,Cycle_4,3924.24,11.48,45050.25,161,8.01%,55792.01,55792.01,22.58%
2023-06-21,Cycle_1,3864.03,2.5900000000000007,10007.84,0,0.00%,23133.18,12744.25,4.76%
2023-06-21,Cycle_2,3864.03,5.1099999999999985,19745.21,3,-2.51%,36547.55,25224.16,8.65%
2023-06-21,Cycle_3,3864.03,8.000000000000002,30912.26,17,0.78%,47370.20,39229.16,14.57%
2023-06-21,Cycle_4,3864.03,11.48,44359.09,162,6.35%,55792.01,55792.01,22.58%
2023-06-26,Cycle_1,3809.70,2.5900000000000007,9867.11,1,-1.41%,23133.18,12744.25,4.76%
2023-06-26,Cycle_2,3809.70,5.1099999999999985,19467.55,4,-3.88%,36547.55,25224.16,8.65%
2023-06-26,Cycle_3,3809.70,8.000000000000002,30477.57,18,-0.63%,47370.20,39229.16,14.57%
2023-06-26,Cycle_4,3809.70,11.48,43735.31,163,4.85%,55792.01,55792.01,22.58%
2023-06-27,Cycle_1,3845.43,2.5900000000000007,9959.67,2,-0.48%,23133.18,12744.25,4.76%
2023-06-27,Cycle_2,3845.43,5.1099999999999985,19650.16,5,-2.98%,36547.55,25224.16,8.65%
2023-06-27,Cycle_3,3845.43,8.000000000000002,30763.47,19,0.30%,47370.20,39229.16,14.57%
2023-06-27,Cycle_4,3845.43,11.48,44145.58,164,5.84%,55792.01,55792.01,22.58%
2023-06-28,Cycle_1,3840.80,2.5900000000000007,9947.67,3,-0.60%,23133.18,12744.25,4.76%
2023-06-28,Cycle_2,3840.80,5.1099999999999985,19626.48,6,-3.09%,36547.55,25224.16,8.65%
2023-06-28,Cycle_3,3840.80,8.000000000000002,30726.39,20,0.18%,47370.20,39229.16,14.57%
2023-06-28,Cycle_4,3840.80,11.48,44092.37,165,5.71%,55792.01,55792.01,22.58%
2023-06-29,Cycle_1,3821.84,2.5900000000000007,9898.57,4,-1.09%,23133.18,12744.25,4.76%
2023-06-29,Cycle_2,3821.84,5.1099999999999985,19529.62,7,-3.57%,36547.55,25224.16,8.65%
2023-06-29,Cycle_3,3821.84,8.000000000000002,30574.75,21,-0.32%,47370.20,39229.16,14.57%
2023-06-29,Cycle_4,3821.84,11.48,43874.76,166,5.19%,55792.01,55792.01,22.58%
2023-06-30,Cycle_1,3842.45,2.5900000000000007,9951.95,5,-0.56%,23133.18,12744.25,4.76%
2023-06-30,Cycle_2,3842.45,5.1099999999999985,19634.93,8,-3.05%,36547.55,25224.16,8.65%
2023-06-30,Cycle_3,3842.45,8.000000000000002,30739.61,22,0.22%,47370.20,39229.16,14.57%
2023-06-30,Cycle_4,3842.45,11.48,44111.34,167,5.75%,55792.01,55792.01,22.58%
2023-07-03,Cycle_1,3892.88,2.5900000000000007,10082.56,6,0.75%,23133.18,12744.25,4.76%
2023-07-03,Cycle_2,3892.88,5.1099999999999985,19892.63,9,-1.78%,36547.55,25224.16,8.65%
2023-07-03,Cycle_3,3892.88,8.000000000000002,31143.06,23,1.54%,47370.20,39229.16,14.57%
2023-07-03,Cycle_4,3892.88,11.48,44690.29,168,7.14%,55792.01,55792.01,22.58%
2023-07-04,Cycle_1,3899.01,2.5900000000000007,10098.44,7,0.91%,23133.18,12744.25,4.76%
2023-07-04,Cycle_2,3899.01,5.1099999999999985,19923.96,10,-1.62%,36547.55,25224.16,8.65%
2023-07-04,Cycle_3,3899.01,8.000000000000002,31192.11,24,1.70%,47370.20,39229.16,14.57%
2023-07-04,Cycle_4,3899.01,11.48,44760.67,169,7.31%,55792.01,55792.01,22.58%
2023-07-05,Cycle_1,3868.81,2.5900000000000007,10020.21,8,0.12%,23133.18,12744.25,4.76%
2023-07-05,Cycle_2,3868.81,5.1099999999999985,19769.60,11,-2.39%,36547.55,25224.16,8.65%
2023-07-05,Cycle_3,3868.81,8.000000000000002,30950.44,25,0.91%,47370.20,39229.16,14.57%
2023-07-05,Cycle_4,3868.81,11.48,44413.89,170,6.48%,55792.01,55792.01,22.58%
2023-07-06,Cycle_1,3842.75,2.5900000000000007,9952.73,9,-0.55%,23133.18,12744.25,4.76%
2023-07-06,Cycle_2,3842.75,5.1099999999999985,19636.48,12,-3.04%,36547.55,25224.16,8.65%
2023-07-06,Cycle_3,3842.75,8.000000000000002,30742.04,26,0.23%,47370.20,39229.16,14.57%
2023-07-06,Cycle_4,3842.75,11.48,44114.82,171,5.76%,55792.01,55792.01,22.58%
2023-07-07,Cycle_1,3825.70,2.5900000000000007,9908.56,10,-0.99%,23133.18,12744.25,4.76%
2023-07-07,Cycle_2,3825.70,5.1099999999999985,19549.32,13,-3.47%,36547.55,25224.16,8.65%
2023-07-07,Cycle_3,3825.70,8.000000000000002,30605.59,27,-0.21%,47370.20,39229.16,14.57%
2023-07-07,Cycle_4,3825.70,11.48,43919.02,172,5.29%,55792.01,55792.01,22.58%
2023-07-10,Cycle_1,3844.33,2.5900000000000007,9956.81,11,-0.51%,23133.18,12744.25,4.76%
2023-07-10,Cycle_2,3844.33,5.1099999999999985,19644.51,14,-3.00%,36547.55,25224.16,8.65%
2023-07-10,Cycle_3,3844.33,8.000000000000002,30754.62,28,0.27%,47370.20,39229.16,14.57%
2023-07-10,Cycle_4,3844.33,11.48,44132.87,173,5.81%,55792.01,55792.01,22.58%
2023-07-11,Cycle_1,3869.49,2.5900000000000007,10021.97,12,0.14%,23133.18,12744.25,4.76%
2023-07-11,Cycle_2,3869.49,5.1099999999999985,19773.07,15,-2.37%,36547.55,25224.16,8.65%
2023-07-11,Cycle_3,3869.49,8.000000000000002,30955.89,29,0.93%,47370.20,39229.16,14.57%
2023-07-11,Cycle_4,3869.49,11.48,44421.70,174,6.50%,55792.01,55792.01,22.58%
2023-07-12,Cycle_1,3843.44,2.5900000000000007,9954.50,13,-0.53%,23133.18,12744.25,4.76%
2023-07-12,Cycle_2,3843.44,5.1099999999999985,19639.96,16,-3.03%,36547.55,25224.16,8.65%
2023-07-12,Cycle_3,3843.44,8.000000000000002,30747.50,30,0.25%,47370.20,39229.16,14.57%
2023-07-12,Cycle_4,3843.44,11.48,44122.66,175,5.78%,55792.01,55792.01,22.58%
2023-07-13,Cycle_1,3898.42,2.5900000000000007,10096.92,14,0.89%,23133.18,12744.25,4.76%
2023-07-13,Cycle_2,3898.42,5.1099999999999985,19920.94,17,-1.64%,36547.55,25224.16,8.65%
2023-07-13,Cycle_3,3898.42,8.000000000000002,31187.38,31,1.68%,47370.20,39229.16,14.57%
2023-07-13,Cycle_4,3898.42,11.48,44753.89,176,7.29%,55792.01,55792.01,22.58%
2023-07-14,Cycle_1,3899.10,2.5900000000000007,10098.68,15,0.91%,23133.18,12744.25,4.76%
2023-07-14,Cycle_2,3899.10,5.1099999999999985,19924.41,18,-1.62%,36547.55,25224.16,8.65%
2023-07-14,Cycle_3,3899.10,8.000000000000002,31192.82,32,1.70%,47370.20,39229.16,14.57%
2023-07-14,Cycle_4,3899.10,11.48,44761.70,177,7.31%,55792.01,55792.01,22.58%
2023-07-17,Cycle_1,3867.17,2.5900000000000007,10015.98,16,0.08%,23133.18,12744.25,4.76%
2023-07-17,Cycle_2,3867.17,5.1099999999999985,19761.26,19,-2.43%,36547.55,25224.16,8.65%
2023-07-17,Cycle_3,3867.17,8.000000000000002,30937.40,33,0.87%,47370.20,39229.16,14.57%
2023-07-17,Cycle_4,3867.17,11.48,44395.17,178,6.43%,55792.01,55792.01,22.58%
2023-07-18,Cycle_1,3854.94,2.5900000000000007,9984.29,17,-0.24%,23133.18,12744.25,4.76%
2023-07-18,Cycle_2,3854.94,5.1099999999999985,19698.74,20,-2.74%,36547.55,25224.16,8.65%
2023-07-18,Cycle_3,3854.94,8.000000000000002,30839.51,34,0.55%,47370.20,39229.16,14.57%
2023-07-18,Cycle_4,3854.94,11.48,44254.70,179,6.10%,55792.01,55792.01,22.58%
2023-07-19,Cycle_1,3850.87,2.5900000000000007,9973.74,18,-0.34%,23133.18,12744.25,4.76%
2023-07-19,Cycle_2,3850.87,5.1099999999999985,19677.93,21,-2.84%,36547.55,25224.16,8.65%
2023-07-19,Cycle_3,3850.87,8.000000000000002,30806.93,35,0.44%,47370.20,39229.16,14.57%
2023-07-19,Cycle_4,3850.87,11.48,44207.95,180,5.99%,55792.01,55792.01,22.58%
2023-07-20,Cycle_1,3823.69,2.5900000000000007,9903.37,19,-1.04%,23133.18,12744.25,4.76%
2023-07-20,Cycle_2,3823.69,5.1099999999999985,19539.08,22,-3.52%,36547.55,25224.16,8.65%
2023-07-20,Cycle_3,3823.69,8.000000000000002,30589.56,36,-0.27%,47370.20,39229.16,14.57%
2023-07-20,Cycle_4,3823.69,11.48,43896.01,181,5.24%,55792.01,55792.01,22.58%
2023-07-21,Cycle_1,3821.91,2.5900000000000007,9898.75,20,-1.09%,23133.18,12744.25,4.76%
2023-07-21,Cycle_2,3821.91,5.1099999999999985,19529.96,23,-3.57%,36547.55,25224.16,8.65%
2023-07-21,Cycle_3,3821.91,8.000000000000002,30575.28,37,-0.31%,47370.20,39229.16,14.57%
2023-07-21,Cycle_4,3821.91,11.48,43875.53,182,5.19%,55792.01,55792.01,22.58%
2023-07-24,Cycle_1,3805.22,2.5900000000000007,9855.52,21,-1.52%,23133.18,12744.25,4.76%
2023-07-24,Cycle_2,3805.22,5.1099999999999985,19444.68,24,-3.99%,36547.55,25224.16,8.65%
2023-07-24,Cycle_3,3805.22,8.000000000000002,30441.77,38,-0.75%,47370.20,39229.16,14.57%
2023-07-24,Cycle_4,3805.22,11.48,43683.94,183,4.73%,55792.01,55792.01,22.58%
2023-07-25,Cycle_1,3915.12,2.5900000000000007,10140.15,22,1.32%,23133.18,12744.25,4.76%
2023-07-25,Cycle_2,3915.12,5.1099999999999985,20006.24,25,-1.22%,36547.55,25224.16,8.65%
2023-07-25,Cycle_3,3915.12,8.000000000000002,31320.92,39,2.12%,47370.20,39229.16,14.57%
2023-07-25,Cycle_4,3915.12,11.48,44945.52,184,7.75%,55792.01,55792.01,22.58%
2023-07-26,Cycle_1,3907.01,2.5900000000000007,10119.16,23,1.11%,23133.18,12744.25,4.76%
2023-07-26,Cycle_2,3907.01,5.1099999999999985,19964.84,26,-1.42%,36547.55,25224.16,8.65%
2023-07-26,Cycle_3,3907.01,8.000000000000002,31256.10,40,1.91%,47370.20,39229.16,14.57%
2023-07-26,Cycle_4,3907.01,11.48,44852.51,185,7.53%,55792.01,55792.01,22.58%
2023-07-27,Cycle_1,3902.35,2.5900000000000007,10107.08,24,0.99%,23133.18,12744.25,4.76%
2023-07-27,Cycle_2,3902.35,5.1099999999999985,19940.99,27,-1.54%,36547.55,25224.16,8.65%
2023-07-27,Cycle_3,3902.35,8.000000000000002,31218.77,41,1.78%,47370.20,39229.16,14.57%
2023-07-27,Cycle_4,3902.35,11.48,44798.93,186,7.40%,55792.01,55792.01,22.58%
2023-07-28,Cycle_1,3992.74,2.5300000000000007,10101.63,0,0.00%,23133.18,12504.68,4.76%
2023-07-28,Cycle_2,3992.74,5.1099999999999985,20402.89,28,0.74%,36547.55,25224.16,8.65%
2023-07-28,Cycle_3,3992.74,8.000000000000002,31941.90,42,4.14%,47370.20,39229.16,14.57%
2023-07-28,Cycle_4,3992.74,11.48,45836.63,187,9.89%,55792.01,55792.01,22.58%
2023-07-31,Cycle_1,4014.63,2.5300000000000007,10157.01,1,0.55%,23133.18,12504.68,4.76%
2023-07-31,Cycle_2,4014.63,5.1099999999999985,20514.76,29,1.29%,36547.55,25224.16,8.65%
2023-07-31,Cycle_3,4014.63,8.000000000000002,32117.04,43,4.71%,47370.20,39229.16,14.57%
2023-07-31,Cycle_4,4014.63,11.48,46087.95,188,10.49%,55792.01,55792.01,22.58%
2023-08-01,Cycle_1,3998.00,2.5300000000000007,10114.94,2,0.13%,23133.18,12504.68,4.76%
2023-08-01,Cycle_2,3998.00,5.1099999999999985,20429.79,30,0.87%,36547.55,25224.16,8.65%
2023-08-01,Cycle_3,3998.00,8.000000000000002,31984.01,44,4.28%,47370.20,39229.16,14.57%
2023-08-01,Cycle_4,3998.00,11.48,45897.05,189,10.04%,55792.01,55792.01,22.58%
2023-08-02,Cycle_1,3969.89,2.5300000000000007,10043.83,3,-0.57%,23133.18,12504.68,4.76%
2023-08-02,Cycle_2,3969.89,5.1099999999999985,20286.16,31,0.17%,36547.55,25224.16,8.65%
2023-08-02,Cycle_3,3969.89,8.000000000000002,31759.16,45,3.55%,47370.20,39229.16,14.57%
2023-08-02,Cycle_4,3969.89,11.48,45574.39,190,9.26%,55792.01,55792.01,22.58%
2023-08-03,Cycle_1,4004.98,2.5300000000000007,10132.61,4,0.31%,23133.18,12504.68,4.76%
2023-08-03,Cycle_2,4004.98,5.1099999999999985,20465.47,32,1.05%,36547.55,25224.16,8.65%
2023-08-03,Cycle_3,4004.98,8.000000000000002,32039.87,46,4.46%,47370.20,39229.16,14.57%
2023-08-03,Cycle_4,4004.98,11.48,45977.22,191,10.23%,55792.01,55792.01,22.58%
2023-08-04,Cycle_1,4020.58,2.5300000000000007,10172.07,5,0.70%,23133.18,12504.68,4.76%
2023-08-04,Cycle_2,4020.58,5.1099999999999985,20545.16,33,1.44%,36547.55,25224.16,8.65%
2023-08-04,Cycle_3,4020.58,8.000000000000002,32164.63,47,4.87%,47370.20,39229.16,14.57%
2023-08-04,Cycle_4,4020.58,11.48,46156.25,192,10.66%,55792.01,55792.01,22.58%
2023-08-07,Cycle_1,3990.15,2.5300000000000007,10095.09,6,-0.06%,23133.18,12504.68,4.76%
2023-08-07,Cycle_2,3990.15,5.1099999999999985,20389.68,34,0.68%,36547.55,25224.16,8.65%
2023-08-07,Cycle_3,3990.15,8.000000000000002,31921.22,48,4.07%,47370.20,39229.16,14.57%
2023-08-07,Cycle_4,3990.15,11.48,45806.96,193,9.82%,55792.01,55792.01,22.58%
2023-08-08,Cycle_1,3979.73,2.5300000000000007,10068.72,7,-0.33%,23133.18,12504.68,4.76%
2023-08-08,Cycle_2,3979.73,5.1099999999999985,20336.43,35,0.41%,36547.55,25224.16,8.65%
2023-08-08,Cycle_3,3979.73,8.000000000000002,31837.86,49,3.80%,47370.20,39229.16,14.57%
2023-08-08,Cycle_4,3979.73,11.48,45687.33,194,9.53%,55792.01,55792.01,22.58%
2023-08-09,Cycle_1,3967.57,2.5300000000000007,10037.94,8,-0.63%,23133.18,12504.68,4.76%
2023-08-09,Cycle_2,3967.57,5.1099999999999985,20274.26,36,0.11%,36547.55,25224.16,8.65%
2023-08-09,Cycle_3,3967.57,8.000000000000002,31740.52,50,3.49%,47370.20,39229.16,14.57%
2023-08-09,Cycle_4,3967.57,11.48,45547.65,195,9.20%,55792.01,55792.01,22.58%
2023-08-10,Cycle_1,3975.72,2.5300000000000007,10058.56,9,-0.43%,23133.18,12504.68,4.76%
2023-08-10,Cycle_2,3975.72,5.1099999999999985,20315.91,37,0.31%,36547.55,25224.16,8.65%
2023-08-10,Cycle_3,3975.72,8.000000000000002,31805.73,51,3.70%,47370.20,39229.16,14.57%
2023-08-10,Cycle_4,3975.72,11.48,45641.23,196,9.42%,55792.01,55792.01,22.58%
2023-08-11,Cycle_1,3884.25,2.5800000000000005,10021.37,0,0.00%,23327.39,12698.89,4.76%
2023-08-11,Cycle_2,3884.25,5.1099999999999985,19848.54,38,-2.00%,36547.55,25224.16,8.65%
2023-08-11,Cycle_3,3884.25,8.000000000000002,31074.03,52,1.31%,47370.20,39229.16,14.57%
2023-08-11,Cycle_4,3884.25,11.48,44591.23,197,6.90%,55792.01,55792.01,22.58%
2023-08-14,Cycle_1,3855.91,2.5800000000000005,9948.24,1,-0.73%,23327.39,12698.89,4.76%
2023-08-14,Cycle_2,3855.91,5.1099999999999985,19703.68,39,-2.71%,36547.55,25224.16,8.65%
2023-08-14,Cycle_3,3855.91,8.000000000000002,30847.25,53,0.57%,47370.20,39229.16,14.57%
2023-08-14,Cycle_4,3855.91,11.48,44265.80,198,6.12%,55792.01,55792.01,22.58%
2023-08-15,Cycle_1,3846.54,2.5800000000000005,9924.06,2,-0.97%,23327.39,12698.89,4.76%
2023-08-15,Cycle_2,3846.54,5.1099999999999985,19655.80,40,-2.95%,36547.55,25224.16,8.65%
2023-08-15,Cycle_3,3846.54,8.000000000000002,30772.29,54,0.33%,47370.20,39229.16,14.57%
2023-08-15,Cycle_4,3846.54,11.48,44158.23,199,5.87%,55792.01,55792.01,22.58%
2023-08-16,Cycle_1,3818.33,2.5800000000000005,9851.30,3,-1.70%,23327.39,12698.89,4.76%
2023-08-16,Cycle_2,3818.33,5.1099999999999985,19511.69,41,-3.66%,36547.55,25224.16,8.65%
2023-08-16,Cycle_3,3818.33,8.000000000000002,30546.67,55,-0.41%,47370.20,39229.16,14.57%
2023-08-16,Cycle_4,3818.33,11.48,43834.47,200,5.09%,55792.01,55792.01,22.58%
2023-08-17,Cycle_1,3831.10,2.5800000000000005,9884.24,4,-1.37%,23327.39,12698.89,4.76%
2023-08-17,Cycle_2,3831.10,5.1099999999999985,19576.93,42,-3.34%,36547.55,25224.16,8.65%
2023-08-17,Cycle_3,3831.10,8.000000000000002,30648.81,56,-0.07%,47370.20,39229.16,14.57%
2023-08-17,Cycle_4,3831.10,11.48,43981.04,201,5.44%,55792.01,55792.01,22.58%
2023-08-18,Cycle_1,3784.00,2.6500000000000004,10027.61,0,0.00%,23592.27,12963.77,4.76%
2023-08-18,Cycle_2,3784.00,5.349999999999999,20244.42,0,0.00%,37455.72,26132.32,8.65%
2023-08-18,Cycle_3,3784.00,8.000000000000002,30272.03,57,-1.30%,47370.20,39229.16,14.57%
2023-08-18,Cycle_4,3784.00,11.48,43440.36,202,4.15%,55792.01,55792.01,22.58%
2023-08-21,Cycle_1,3729.55,2.6500000000000004,9883.32,1,-1.44%,23592.27,12963.77,4.76%
2023-08-21,Cycle_2,3729.55,5.349999999999999,19953.12,1,-1.44%,37455.72,26132.32,8.65%
2023-08-21,Cycle_3,3729.55,8.000000000000002,29836.44,58,-2.72%,47370.20,39229.16,14.57%
2023-08-21,Cycle_4,3729.55,11.48,42815.29,203,2.65%,55792.01,55792.01,22.58%
2023-08-22,Cycle_1,3758.23,2.6500000000000004,9959.30,2,-0.68%,23592.27,12963.77,4.76%
2023-08-22,Cycle_2,3758.23,5.349999999999999,20106.51,2,-0.68%,37455.72,26132.32,8.65%
2023-08-22,Cycle_3,3758.23,8.000000000000002,30065.82,59,-1.97%,47370.20,39229.16,14.57%
2023-08-22,Cycle_4,3758.23,11.48,43144.45,204,3.44%,55792.01,55792.01,22.58%
2023-08-23,Cycle_1,3696.63,2.7100000000000004,10017.88,0,0.00%,23814.07,13185.57,4.76%
2023-08-23,Cycle_2,3696.63,5.349999999999999,19776.99,3,-2.31%,37455.72,26132.32,8.65%
2023-08-23,Cycle_3,3696.63,8.000000000000002,29573.07,60,-3.58%,47370.20,39229.16,14.57%
2023-08-23,Cycle_4,3696.63,11.48,42437.36,205,1.74%,55792.01,55792.01,22.58%
2023-08-24,Cycle_1,3723.43,2.7100000000000004,10090.49,1,0.72%,23814.07,13185.57,4.76%
2023-08-24,Cycle_2,3723.43,5.349999999999999,19920.35,4,-1.60%,37455.72,26132.32,8.65%
2023-08-24,Cycle_3,3723.43,8.000000000000002,29787.43,61,-2.88%,47370.20,39229.16,14.57%
2023-08-24,Cycle_4,3723.43,11.48,42744.97,206,2.48%,55792.01,55792.01,22.58%
2023-08-25,Cycle_1,3709.15,2.7100000000000004,10051.80,2,0.34%,23814.07,13185.57,4.76%
2023-08-25,Cycle_2,3709.15,5.349999999999999,19843.96,5,-1.98%,37455.72,26132.32,8.65%
2023-08-25,Cycle_3,3709.15,8.000000000000002,29673.21,62,-3.25%,47370.20,39229.16,14.57%
2023-08-25,Cycle_4,3709.15,11.48,42581.06,207,2.09%,55792.01,55792.01,22.58%
2023-08-28,Cycle_1,3752.62,2.7100000000000004,10169.60,3,1.51%,23814.07,13185.57,4.76%
2023-08-28,Cycle_2,3752.62,5.349999999999999,20076.51,6,-0.83%,37455.72,26132.32,8.65%
2023-08-28,Cycle_3,3752.62,8.000000000000002,30020.96,63,-2.12%,47370.20,39229.16,14.57%
2023-08-28,Cycle_4,3752.62,11.48,43080.07,208,3.28%,55792.01,55792.01,22.58%
2023-08-29,Cycle_1,3790.11,2.6500000000000004,10043.78,0,0.00%,23814.07,12958.17,4.76%
2023-08-29,Cycle_2,3790.11,5.349999999999999,20277.07,7,0.16%,37455.72,26132.32,8.65%
2023-08-29,Cycle_3,3790.11,8.000000000000002,30320.85,64,-1.14%,47370.20,39229.16,14.57%
2023-08-29,Cycle_4,3790.11,11.48,43510.42,209,4.31%,55792.01,55792.01,22.58%
2023-08-30,Cycle_1,3788.51,2.6500000000000004,10039.55,1,-0.04%,23814.07,12958.17,4.76%
2023-08-30,Cycle_2,3788.51,5.349999999999999,20268.53,8,0.12%,37455.72,26132.32,8.65%
2023-08-30,Cycle_3,3788.51,8.000000000000002,30308.08,65,-1.18%,47370.20,39229.16,14.57%
2023-08-30,Cycle_4,3788.51,11.48,43492.09,210,4.27%,55792.01,55792.01,22.58%
2023-08-31,Cycle_1,3765.27,2.6500000000000004,9977.96,2,-0.66%,23814.07,12958.17,4.76%
2023-08-31,Cycle_2,3765.27,5.349999999999999,20144.18,9,-0.50%,37455.72,26132.32,8.65%
2023-08-31,Cycle_3,3765.27,8.000000000000002,30122.14,66,-1.79%,47370.20,39229.16,14.57%
2023-08-31,Cycle_4,3765.27,11.48,43225.27,211,3.63%,55792.01,55792.01,22.58%
2023-09-01,Cycle_1,3791.49,2.6500000000000004,10047.45,3,0.04%,23814.07,12958.17,4.76%
2023-09-01,Cycle_2,3791.49,5.349999999999999,20284.48,10,0.20%,37455.72,26132.32,8.65%
2023-09-01,Cycle_3,3791.49,8.000000000000002,30331.93,67,-1.11%,47370.20,39229.16,14.57%
2023-09-01,Cycle_4,3791.49,11.48,43526.32,212,4.35%,55792.01,55792.01,22.58%
2023-09-04,Cycle_1,3848.95,2.6500000000000004,10199.72,4,1.55%,23814.07,12958.17,4.76%
2023-09-04,Cycle_2,3848.95,5.349999999999999,20591.89,11,1.72%,37455.72,26132.32,8.65%
2023-09-04,Cycle_3,3848.95,8.000000000000002,30791.61,68,0.39%,47370.20,39229.16,14.57%
2023-09-04,Cycle_4,3848.95,11.48,44185.97,213,5.93%,55792.01,55792.01,22.58%
2023-09-05,Cycle_1,3820.32,2.6500000000000004,10123.84,5,0.80%,23814.07,12958.17,4.76%
2023-09-05,Cycle_2,3820.32,5.349999999999999,20438.70,12,0.96%,37455.72,26132.32,8.65%
2023-09-05,Cycle_3,3820.32,8.000000000000002,30562.54,69,-0.36%,47370.20,39229.16,14.57%
2023-09-05,Cycle_4,3820.32,11.48,43857.24,214,5.15%,55792.01,55792.01,22.58%
2023-09-06,Cycle_1,3812.03,2.6500000000000004,10101.87,6,0.58%,23814.07,12958.17,4.76%
2023-09-06,Cycle_2,3812.03,5.349999999999999,20394.35,13,0.74%,37455.72,26132.32,8.65%
2023-09-06,Cycle_3,3812.03,8.000000000000002,30496.23,70,-0.57%,47370.20,39229.16,14.57%
2023-09-06,Cycle_4,3812.03,11.48,43762.08,215,4.92%,55792.01,55792.01,22.58%
2023-09-07,Cycle_1,3758.47,2.6500000000000004,9959.96,7,-0.83%,23814.07,12958.17,4.76%
2023-09-07,Cycle_2,3758.47,5.349999999999999,20107.84,14,-0.67%,37455.72,26132.32,8.65%
2023-09-07,Cycle_3,3758.47,8.000000000000002,30067.80,71,-1.97%,47370.20,39229.16,14.57%
2023-09-07,Cycle_4,3758.47,11.48,43147.29,216,3.44%,55792.01,55792.01,22.58%
2023-09-08,Cycle_1,3739.99,2.6500000000000004,9910.98,8,-1.32%,23814.07,12958.17,4.76%
2023-09-08,Cycle_2,3739.99,5.349999999999999,20008.96,15,-1.16%,37455.72,26132.32,8.65%
2023-09-08,Cycle_3,3739.99,8.000000000000002,29919.94,72,-2.45%,47370.20,39229.16,14.57%
2023-09-08,Cycle_4,3739.99,11.48,42935.12,217,2.93%,55792.01,55792.01,22.58%
2023-09-11,Cycle_1,3767.54,2.6500000000000004,9983.97,9,-0.60%,23814.07,12958.17,4.76%
2023-09-11,Cycle_2,3767.54,5.349999999999999,20156.32,16,-0.44%,37455.72,26132.32,8.65%
2023-09-11,Cycle_3,3767.54,8.000000000000002,30140.30,73,-1.73%,47370.20,39229.16,14.57%
2023-09-11,Cycle_4,3767.54,11.48,43251.32,218,3.69%,55792.01,55792.01,22.58%
2023-09-12,Cycle_1,3760.60,2.6500000000000004,9965.60,10,-0.78%,23814.07,12958.17,4.76%
2023-09-12,Cycle_2,3760.60,5.349999999999999,20119.24,17,-0.62%,37455.72,26132.32,8.65%
2023-09-12,Cycle_3,3760.60,8.000000000000002,30084.84,74,-1.91%,47370.20,39229.16,14.57%
2023-09-12,Cycle_4,3760.60,11.48,43171.74,219,3.50%,55792.01,55792.01,22.58%
2023-09-13,Cycle_1,3736.65,2.6500000000000004,9902.13,11,-1.41%,23814.07,12958.17,4.76%
2023-09-13,Cycle_2,3736.65,5.349999999999999,19991.08,18,-1.25%,37455.72,26132.32,8.65%
2023-09-13,Cycle_3,3736.65,8.000000000000002,29893.21,75,-2.54%,47370.20,39229.16,14.57%
2023-09-13,Cycle_4,3736.65,11.48,42896.76,220,2.84%,55792.01,55792.01,22.58%
2023-09-14,Cycle_1,3733.51,2.6500000000000004,9893.80,12,-1.49%,23814.07,12958.17,4.76%
2023-09-14,Cycle_2,3733.51,5.349999999999999,19974.27,19,-1.33%,37455.72,26132.32,8.65%
2023-09-14,Cycle_3,3733.51,8.000000000000002,29868.06,76,-2.62%,47370.20,39229.16,14.57%
2023-09-14,Cycle_4,3733.51,11.48,42860.67,221,2.76%,55792.01,55792.01,22.58%
2023-09-15,Cycle_1,3708.78,2.7100000000000004,10050.78,0,0.00%,24036.60,13180.69,4.76%
2023-09-15,Cycle_2,3708.78,5.349999999999999,19841.95,20,-1.99%,37455.72,26132.32,8.65%
2023-09-15,Cycle_3,3708.78,8.000000000000002,29670.21,77,-3.26%,47370.20,39229.16,14.57%
2023-09-15,Cycle_4,3708.78,11.48,42576.76,222,2.08%,55792.01,55792.01,22.58%
2023-09-18,Cycle_1,3727.71,2.7100000000000004,10102.10,1,0.51%,24036.60,13180.69,4.76%
2023-09-18,Cycle_2,3727.71,5.349999999999999,19943.25,21,-1.49%,37455.72,26132.32,8.65%
2023-09-18,Cycle_3,3727.71,8.000000000000002,29821.69,78,-2.77%,47370.20,39229.16,14.57%
2023-09-18,Cycle_4,3727.71,11.48,42794.12,223,2.60%,55792.01,55792.01,22.58%
2023-09-19,Cycle_1,3720.50,2.7100000000000004,10082.56,2,0.32%,24036.60,13180.69,4.76%
2023-09-19,Cycle_2,3720.50,5.349999999999999,19904.69,22,-1.68%,37455.72,26132.32,8.65%
2023-09-19,Cycle_3,3720.50,8.000000000000002,29764.02,79,-2.96%,47370.20,39229.16,14.57%
2023-09-19,Cycle_4,3720.50,11.48,42711.36,224,2.40%,55792.01,55792.01,22.58%
2023-09-20,Cycle_1,3705.69,2.7100000000000004,10042.42,3,-0.08%,24036.60,13180.69,4.76%
2023-09-20,Cycle_2,3705.69,5.349999999999999,19825.44,23,-2.07%,37455.72,26132.32,8.65%
2023-09-20,Cycle_3,3705.69,8.000000000000002,29645.52,80,-3.35%,47370.20,39229.16,14.57%
2023-09-20,Cycle_4,3705.69,11.48,42541.32,225,1.99%,55792.01,55792.01,22.58%
2023-09-21,Cycle_1,3672.44,2.7100000000000004,9952.33,4,-0.98%,24036.60,13180.69,4.76%
2023-09-21,Cycle_2,3672.44,5.349999999999999,19647.58,24,-2.95%,37455.72,26132.32,8.65%
2023-09-21,Cycle_3,3672.44,8.000000000000002,29379.56,81,-4.21%,47370.20,39229.16,14.57%
2023-09-21,Cycle_4,3672.44,11.48,42159.67,226,1.08%,55792.01,55792.01,22.58%
2023-09-22,Cycle_1,3738.93,2.7100000000000004,10132.51,5,0.81%,24036.60,13180.69,4.76%
2023-09-22,Cycle_2,3738.93,5.349999999999999,20003.29,25,-1.19%,37455.72,26132.32,8.65%
2023-09-22,Cycle_3,3738.93,8.000000000000002,29911.46,82,-2.48%,47370.20,39229.16,14.57%
2023-09-22,Cycle_4,3738.93,11.48,42922.95,227,2.91%,55792.01,55792.01,22.58%
2023-09-25,Cycle_1,3714.60,2.7100000000000004,10066.58,6,0.16%,24036.60,13180.69,4.76%
2023-09-25,Cycle_2,3714.60,5.349999999999999,19873.13,26,-1.83%,37455.72,26132.32,8.65%
2023-09-25,Cycle_3,3714.60,8.000000000000002,29716.83,83,-3.11%,47370.20,39229.16,14.57%
2023-09-25,Cycle_4,3714.60,11.48,42643.65,228,2.24%,55792.01,55792.01,22.58%
2023-09-26,Cycle_1,3692.89,2.7100000000000004,10007.74,7,-0.43%,24036.60,13180.69,4.76%
2023-09-26,Cycle_2,3692.89,5.349999999999999,19756.98,27,-2.41%,37455.72,26132.32,8.65%
2023-09-26,Cycle_3,3692.89,8.000000000000002,29543.14,84,-3.68%,47370.20,39229.16,14.57%
2023-09-26,Cycle_4,3692.89,11.48,42394.41,229,1.64%,55792.01,55792.01,22.58%
2023-09-27,Cycle_1,3700.49,2.7100000000000004,10028.34,8,-0.22%,24036.60,13180.69,4.76%
2023-09-27,Cycle_2,3700.49,5.349999999999999,19797.65,28,-2.21%,37455.72,26132.32,8.65%
2023-09-27,Cycle_3,3700.49,8.000000000000002,29603.96,85,-3.48%,47370.20,39229.16,14.57%
2023-09-27,Cycle_4,3700.49,11.48,42481.68,230,1.85%,55792.01,55792.01,22.58%
2023-09-28,Cycle_1,3689.52,2.7100000000000004,9998.59,9,-0.52%,24036.60,13180.69,4.76%
2023-09-28,Cycle_2,3689.52,5.349999999999999,19738.92,29,-2.50%,37455.72,26132.32,8.65%
2023-09-28,Cycle_3,3689.52,8.000000000000002,29516.14,86,-3.77%,47370.20,39229.16,14.57%
2023-09-28,Cycle_4,3689.52,11.48,42355.66,231,1.55%,55792.01,55792.01,22.58%
2023-10-09,Cycle_1,3684.73,2.7100000000000004,9985.61,10,-0.65%,24036.60,13180.69,4.76%
2023-10-09,Cycle_2,3684.73,5.349999999999999,19713.29,30,-2.62%,37455.72,26132.32,8.65%
2023-10-09,Cycle_3,3684.73,8.000000000000002,29477.82,87,-3.89%,47370.20,39229.16,14.57%
2023-10-09,Cycle_4,3684.73,11.48,42300.67,232,1.41%,55792.01,55792.01,22.58%
2023-10-10,Cycle_1,3657.13,2.7100000000000004,9910.81,11,-1.39%,24036.60,13180.69,4.76%
2023-10-10,Cycle_2,3657.13,5.349999999999999,19565.62,31,-3.35%,37455.72,26132.32,8.65%
2023-10-10,Cycle_3,3657.13,8.000000000000002,29257.01,88,-4.61%,47370.20,39229.16,14.57%
2023-10-10,Cycle_4,3657.13,11.48,41983.81,233,0.65%,55792.01,55792.01,22.58%
2023-10-11,Cycle_1,3667.55,2.7100000000000004,9939.06,12,-1.11%,24036.60,13180.69,4.76%
2023-10-11,Cycle_2,3667.55,5.349999999999999,19621.38,32,-3.08%,37455.72,26132.32,8.65%
2023-10-11,Cycle_3,3667.55,8.000000000000002,29340.39,89,-4.34%,47370.20,39229.16,14.57%
2023-10-11,Cycle_4,3667.55,11.48,42103.45,234,0.94%,55792.01,55792.01,22.58%
2023-10-12,Cycle_1,3702.38,2.7100000000000004,10033.46,13,-0.17%,24036.60,13180.69,4.76%
2023-10-12,Cycle_2,3702.38,5.349999999999999,19807.75,33,-2.16%,37455.72,26132.32,8.65%
2023-10-12,Cycle_3,3702.38,8.000000000000002,29619.06,90,-3.43%,47370.20,39229.16,14.57%
2023-10-12,Cycle_4,3702.38,11.48,42503.35,235,1.90%,55792.01,55792.01,22.58%
2023-10-13,Cycle_1,3663.41,2.7100000000000004,9927.84,14,-1.22%,24036.60,13180.69,4.76%
2023-10-13,Cycle_2,3663.41,5.349999999999999,19599.25,34,-3.19%,37455.72,26132.32,8.65%
2023-10-13,Cycle_3,3663.41,8.000000000000002,29307.28,91,-4.45%,47370.20,39229.16,14.57%
2023-10-13,Cycle_4,3663.41,11.48,42055.95,236,0.83%,55792.01,55792.01,22.58%
2023-10-16,Cycle_1,3626.60,2.7700000000000005,10045.67,0,0.00%,24254.19,13398.29,4.76%
2023-10-16,Cycle_2,3626.60,5.5699999999999985,20200.15,0,0.00%,38253.57,26930.17,8.65%
2023-10-16,Cycle_3,3626.60,8.000000000000002,29012.78,92,-5.41%,47370.20,39229.16,14.57%
2023-10-16,Cycle_4,3626.60,11.48,41633.34,237,-0.19%,55792.01,55792.01,22.58%
2023-10-17,Cycle_1,3639.40,2.7700000000000005,10081.14,1,0.35%,24254.19,13398.29,4.76%
2023-10-17,Cycle_2,3639.40,5.5699999999999985,20271.47,1,0.35%,38253.57,26930.17,8.65%
2023-10-17,Cycle_3,3639.40,8.000000000000002,29115.21,93,-5.07%,47370.20,39229.16,14.57%
2023-10-17,Cycle_4,3639.40,11.48,41780.33,238,0.17%,55792.01,55792.01,22.58%
2023-10-18,Cycle_1,3610.58,2.7700000000000005,10001.30,2,-0.44%,24254.19,13398.29,4.76%
2023-10-18,Cycle_2,3610.58,5.5699999999999985,20110.91,2,-0.44%,38253.57,26930.17,8.65%
2023-10-18,Cycle_3,3610.58,8.000000000000002,28884.61,94,-5.83%,47370.20,39229.16,14.57%
2023-10-18,Cycle_4,3610.58,11.48,41449.42,239,-0.63%,55792.01,55792.01,22.58%
2023-10-19,Cycle_1,3533.54,2.8300000000000005,9999.93,0,0.00%,24466.21,13610.30,4.76%
2023-10-19,Cycle_2,3533.54,5.5699999999999985,19681.84,3,-2.57%,38253.57,26930.17,8.65%
2023-10-19,Cycle_3,3533.54,8.000000000000002,28268.36,95,-7.84%,47370.20,39229.16,14.57%
2023-10-19,Cycle_4,3533.54,11.48,40565.09,240,-2.75%,55792.01,55792.01,22.58%
2023-10-20,Cycle_1,3510.59,2.8300000000000005,9934.97,1,-0.65%,24466.21,13610.30,4.76%
2023-10-20,Cycle_2,3510.59,5.5699999999999985,19553.98,4,-3.20%,38253.57,26930.17,8.65%
2023-10-20,Cycle_3,3510.59,8.780000000000001,30822.97,0,0.00%,50108.46,41967.42,14.57%
2023-10-20,Cycle_4,3510.59,11.48,40301.56,241,-3.38%,55792.01,55792.01,22.58%
2023-10-23,Cycle_1,3474.24,2.8300000000000005,9832.11,2,-1.68%,24466.21,13610.30,4.76%
2023-10-23,Cycle_2,3474.24,5.759999999999999,20011.64,0,0.00%,38913.67,27590.28,8.65%
2023-10-23,Cycle_3,3474.24,8.780000000000001,30503.86,1,-1.04%,50108.46,41967.42,14.57%
2023-10-23,Cycle_4,3474.24,11.48,39884.32,242,-4.38%,55792.01,55792.01,22.58%
2023-10-24,Cycle_1,3487.13,2.8300000000000005,9868.58,3,-1.31%,24466.21,13610.30,4.76%
2023-10-24,Cycle_2,3487.13,5.759999999999999,20085.87,1,0.37%,38913.67,27590.28,8.65%
2023-10-24,Cycle_3,3487.13,8.780000000000001,30617.00,2,-0.67%,50108.46,41967.42,14.57%
2023-10-24,Cycle_4,3487.13,11.48,40032.25,243,-4.02%,55792.01,55792.01,22.58%
2023-10-25,Cycle_1,3504.46,2.8300000000000005,9917.62,4,-0.82%,24466.21,13610.30,4.76%
2023-10-25,Cycle_2,3504.46,5.759999999999999,20185.68,2,0.87%,38913.67,27590.28,8.65%
2023-10-25,Cycle_3,3504.46,8.780000000000001,30769.14,3,-0.17%,50108.46,41967.42,14.57%
2023-10-25,Cycle_4,3504.46,11.48,40231.17,244,-3.55%,55792.01,55792.01,22.58%
2023-10-26,Cycle_1,3514.14,2.8300000000000005,9945.03,5,-0.55%,24466.21,13610.30,4.76%
2023-10-26,Cycle_2,3514.14,5.759999999999999,20241.47,3,1.15%,38913.67,27590.28,8.65%
2023-10-26,Cycle_3,3514.14,8.780000000000001,30854.19,4,0.10%,50108.46,41967.42,14.57%
2023-10-26,Cycle_4,3514.14,11.48,40342.38,245,-3.28%,55792.01,55792.01,22.58%
2023-10-27,Cycle_1,3562.39,2.8300000000000005,10081.55,6,0.82%,24466.21,13610.30,4.76%
2023-10-27,Cycle_2,3562.39,5.759999999999999,20519.34,4,2.54%,38913.67,27590.28,8.65%
2023-10-27,Cycle_3,3562.39,8.780000000000001,31277.74,5,1.48%,50108.46,41967.42,14.57%
2023-10-27,Cycle_4,3562.39,11.48,40896.18,246,-1.95%,55792.01,55792.01,22.58%
2023-10-30,Cycle_1,3583.77,2.8300000000000005,10142.07,7,1.42%,24466.21,13610.30,4.76%
2023-10-30,Cycle_2,3583.77,5.759999999999999,20642.53,5,3.15%,38913.67,27590.28,8.65%
2023-10-30,Cycle_3,3583.77,8.780000000000001,31465.52,6,2.08%,50108.46,41967.42,14.57%
2023-10-30,Cycle_4,3583.77,11.48,41141.70,247,-1.37%,55792.01,55792.01,22.58%
2023-10-31,Cycle_1,3572.51,2.8300000000000005,10110.19,8,1.10%,24466.21,13610.30,4.76%
2023-10-31,Cycle_2,3572.51,5.759999999999999,20577.63,6,2.83%,38913.67,27590.28,8.65%
2023-10-31,Cycle_3,3572.51,8.780000000000001,31366.60,7,1.76%,50108.46,41967.42,14.57%
2023-10-31,Cycle_4,3572.51,11.48,41012.36,248,-1.68%,55792.01,55792.01,22.58%
2023-11-01,Cycle_1,3571.03,2.8300000000000005,10106.01,9,1.06%,24466.21,13610.30,4.76%
2023-11-01,Cycle_2,3571.03,5.759999999999999,20569.11,7,2.79%,38913.67,27590.28,8.65%
2023-11-01,Cycle_3,3571.03,8.780000000000001,31353.62,8,1.72%,50108.46,41967.42,14.57%
2023-11-01,Cycle_4,3571.03,11.48,40995.39,249,-1.72%,55792.01,55792.01,22.58%
2023-11-02,Cycle_1,3554.19,2.8300000000000005,10058.35,10,0.58%,24466.21,13610.30,4.76%
2023-11-02,Cycle_2,3554.19,5.759999999999999,20472.13,8,2.30%,38913.67,27590.28,8.65%
2023-11-02,Cycle_3,3554.19,8.780000000000001,31205.78,9,1.24%,50108.46,41967.42,14.57%
2023-11-02,Cycle_4,3554.19,11.48,40802.09,250,-2.18%,55792.01,55792.01,22.58%
2023-11-03,Cycle_1,3584.14,2.8300000000000005,10143.11,11,1.43%,24466.21,13610.30,4.76%
2023-11-03,Cycle_2,3584.14,5.759999999999999,20644.63,9,3.16%,38913.67,27590.28,8.65%
2023-11-03,Cycle_3,3584.14,8.780000000000001,31468.72,10,2.10%,50108.46,41967.42,14.57%
2023-11-03,Cycle_4,3584.14,11.48,41145.89,251,-1.36%,55792.01,55792.01,22.58%
2023-11-06,Cycle_1,3632.61,2.7800000000000007,10098.65,0,0.00%,24466.21,13428.67,4.76%
2023-11-06,Cycle_2,3632.61,5.579999999999999,20269.95,0,0.00%,38913.67,26936.41,8.65%
2023-11-06,Cycle_3,3632.61,8.780000000000001,31894.30,11,3.48%,50108.46,41967.42,14.57%
2023-11-06,Cycle_4,3632.61,11.48,41702.34,252,-0.02%,55792.01,55792.01,22.58%
2023-11-07,Cycle_1,3619.76,2.7800000000000007,10062.93,1,-0.35%,24466.21,13428.67,4.76%
2023-11-07,Cycle_2,3619.76,5.579999999999999,20198.26,1,-0.35%,38913.67,26936.41,8.65%
2023-11-07,Cycle_3,3619.76,8.780000000000001,31781.49,12,3.11%,50108.46,41967.42,14.57%
2023-11-07,Cycle_4,3619.76,11.48,41554.84,253,-0.37%,55792.01,55792.01,22.58%
2023-11-08,Cycle_1,3611.07,2.7800000000000007,10038.78,2,-0.59%,24466.21,13428.67,4.76%
2023-11-08,Cycle_2,3611.07,5.579999999999999,20149.78,2,-0.59%,38913.67,26936.41,8.65%
2023-11-08,Cycle_3,3611.07,8.780000000000001,31705.21,13,2.86%,50108.46,41967.42,14.57%
2023-11-08,Cycle_4,3611.07,11.48,41455.11,254,-0.61%,55792.01,55792.01,22.58%
2023-11-09,Cycle_1,3612.83,2.7800000000000007,10043.66,3,-0.54%,24466.21,13428.67,4.76%
2023-11-09,Cycle_2,3612.83,5.579999999999999,20159.57,3,-0.54%,38913.67,26936.41,8.65%
2023-11-09,Cycle_3,3612.83,8.780000000000001,31720.61,14,2.91%,50108.46,41967.42,14.57%
2023-11-09,Cycle_4,3612.83,11.48,41475.25,255,-0.57%,55792.01,55792.01,22.58%
2023-11-10,Cycle_1,3586.49,2.7800000000000007,9970.44,4,-1.27%,24466.21,13428.67,4.76%
2023-11-10,Cycle_2,3586.49,5.579999999999999,20012.61,4,-1.27%,38913.67,26936.41,8.65%
2023-11-10,Cycle_3,3586.49,8.780000000000001,31489.38,15,2.16%,50108.46,41967.42,14.57%
2023-11-10,Cycle_4,3586.49,11.48,41172.90,256,-1.29%,55792.01,55792.01,22.58%
2023-11-13,Cycle_1,3579.41,2.7800000000000007,9950.77,5,-1.46%,24466.21,13428.67,4.76%
2023-11-13,Cycle_2,3579.41,5.579999999999999,19973.13,5,-1.46%,38913.67,26936.41,8.65%
2023-11-13,Cycle_3,3579.41,8.780000000000001,31427.26,16,1.96%,50108.46,41967.42,14.57%
2023-11-13,Cycle_4,3579.41,11.48,41091.67,257,-1.49%,55792.01,55792.01,22.58%
2023-11-14,Cycle_1,3582.06,2.7800000000000007,9958.12,6,-1.39%,24466.21,13428.67,4.76%
2023-11-14,Cycle_2,3582.06,5.579999999999999,19987.89,6,-1.39%,38913.67,26936.41,8.65%
2023-11-14,Cycle_3,3582.06,8.780000000000001,31450.47,17,2.04%,50108.46,41967.42,14.57%
2023-11-14,Cycle_4,3582.06,11.48,41122.03,258,-1.41%,55792.01,55792.01,22.58%
2023-11-15,Cycle_1,3607.25,2.7800000000000007,10028.14,7,-0.70%,24466.21,13428.67,4.76%
2023-11-15,Cycle_2,3607.25,5.579999999999999,20128.43,7,-0.70%,38913.67,26936.41,8.65%
2023-11-15,Cycle_3,3607.25,8.780000000000001,31671.61,18,2.75%,50108.46,41967.42,14.57%
2023-11-15,Cycle_4,3607.25,11.48,41411.18,259,-0.72%,55792.01,55792.01,22.58%
2023-11-16,Cycle_1,3572.36,2.7800000000000007,9931.17,8,-1.66%,24466.21,13428.67,4.76%
2023-11-16,Cycle_2,3572.36,5.579999999999999,19933.79,8,-1.66%,38913.67,26936.41,8.65%
2023-11-16,Cycle_3,3572.36,8.780000000000001,31365.36,19,1.76%,50108.46,41967.42,14.57%
2023-11-16,Cycle_4,3572.36,11.48,41010.74,260,-1.68%,55792.01,55792.01,22.58%
2023-11-17,Cycle_1,3568.07,2.7800000000000007,9919.23,9,-1.78%,24466.21,13428.67,4.76%
2023-11-17,Cycle_2,3568.07,5.579999999999999,19909.82,9,-1.78%,38913.67,26936.41,8.65%
2023-11-17,Cycle_3,3568.07,8.780000000000001,31327.64,20,1.64%,50108.46,41967.42,14.57%
2023-11-17,Cycle_4,3568.07,11.48,40961.43,261,-1.80%,55792.01,55792.01,22.58%
2023-11-20,Cycle_1,3576.32,2.7800000000000007,9942.18,10,-1.55%,24466.21,13428.67,4.76%
2023-11-20,Cycle_2,3576.32,5.579999999999999,19955.88,10,-1.55%,38913.67,26936.41,8.65%
2023-11-20,Cycle_3,3576.32,8.780000000000001,31400.12,21,1.87%,50108.46,41967.42,14.57%
2023-11-20,Cycle_4,3576.32,11.48,41056.19,262,-1.57%,55792.01,55792.01,22.58%
2023-11-21,Cycle_1,3581.07,2.7800000000000007,9955.37,11,-1.42%,24466.21,13428.67,4.76%
2023-11-21,Cycle_2,3581.07,5.579999999999999,19982.36,11,-1.42%,38913.67,26936.41,8.65%
2023-11-21,Cycle_3,3581.07,8.780000000000001,31441.77,22,2.01%,50108.46,41967.42,14.57%
2023-11-21,Cycle_4,3581.07,11.48,41110.65,263,-1.44%,55792.01,55792.01,22.58%
2023-11-22,Cycle_1,3544.42,2.8300000000000005,10030.70,0,0.00%,24643.43,13605.89,4.76%
2023-11-22,Cycle_2,3544.42,5.579999999999999,19777.84,12,-2.43%,38913.67,26936.41,8.65%
2023-11-22,Cycle_3,3544.42,8.780000000000001,31119.97,23,0.96%,50108.46,41967.42,14.57%
2023-11-22,Cycle_4,3544.42,11.48,40689.90,264,-2.45%,55792.01,55792.01,22.58%
2023-11-23,Cycle_1,3561.52,2.8300000000000005,10079.10,1,0.48%,24643.43,13605.89,4.76%
2023-11-23,Cycle_2,3561.52,5.579999999999999,19873.28,13,-1.96%,38913.67,26936.41,8.65%
2023-11-23,Cycle_3,3561.52,8.780000000000001,31270.15,24,1.45%,50108.46,41967.42,14.57%
2023-11-23,Cycle_4,3561.52,11.48,40886.25,265,-1.98%,55792.01,55792.01,22.58%
2023-11-24,Cycle_1,3538.01,2.8300000000000005,10012.56,2,-0.18%,24643.43,13605.89,4.76%
2023-11-24,Cycle_2,3538.01,5.579999999999999,19742.09,14,-2.60%,38913.67,26936.41,8.65%
2023-11-24,Cycle_3,3538.01,8.780000000000001,31063.72,25,0.78%,50108.46,41967.42,14.57%
2023-11-24,Cycle_4,3538.01,11.48,40616.34,266,-2.62%,55792.01,55792.01,22.58%
2023-11-27,Cycle_1,3511.94,2.8300000000000005,9938.80,3,-0.92%,24643.43,13605.89,4.76%
2023-11-27,Cycle_2,3511.94,5.579999999999999,19596.64,15,-3.32%,38913.67,26936.41,8.65%
2023-11-27,Cycle_3,3511.94,8.780000000000001,30834.85,26,0.04%,50108.46,41967.42,14.57%
2023-11-27,Cycle_4,3511.94,11.48,40317.10,267,-3.34%,55792.01,55792.01,22.58%
2023-11-28,Cycle_1,3518.52,2.8300000000000005,9957.42,4,-0.73%,24643.43,13605.89,4.76%
2023-11-28,Cycle_2,3518.52,5.579999999999999,19633.36,16,-3.14%,38913.67,26936.41,8.65%
2023-11-28,Cycle_3,3518.52,8.780000000000001,30892.63,27,0.23%,50108.46,41967.42,14.57%
2023-11-28,Cycle_4,3518.52,11.48,40392.65,268,-3.16%,55792.01,55792.01,22.58%
2023-11-29,Cycle_1,3488.31,2.8300000000000005,9871.91,5,-1.58%,24643.43,13605.89,4.76%
2023-11-29,Cycle_2,3488.31,5.579999999999999,19464.75,17,-3.97%,38913.67,26936.41,8.65%
2023-11-29,Cycle_3,3488.31,8.780000000000001,30627.34,28,-0.63%,50108.46,41967.42,14.57%
2023-11-29,Cycle_4,3488.31,11.48,40045.77,269,-3.99%,55792.01,55792.01,22.58%
2023-11-30,Cycle_1,3496.20,2.8300000000000005,9894.25,6,-1.36%,24643.43,13605.89,4.76%
2023-11-30,Cycle_2,3496.20,5.579999999999999,19508.81,18,-3.76%,38913.67,26936.41,8.65%
2023-11-30,Cycle_3,3496.20,8.780000000000001,30696.66,29,-0.41%,50108.46,41967.42,14.57%
2023-11-30,Cycle_4,3496.20,11.48,40136.41,270,-3.78%,55792.01,55792.01,22.58%
2023-12-01,Cycle_1,3482.88,2.8300000000000005,9856.55,7,-1.74%,24643.43,13605.89,4.76%
2023-12-01,Cycle_2,3482.88,5.77,20096.23,0,0.00%,39575.42,27598.16,8.65%
2023-12-01,Cycle_3,3482.88,8.780000000000001,30579.70,30,-0.79%,50108.46,41967.42,14.57%
2023-12-01,Cycle_4,3482.88,11.48,39983.48,271,-4.14%,55792.01,55792.01,22.58%
2023-12-04,Cycle_1,3460.14,2.9000000000000004,10034.40,0,0.00%,24885.64,13848.10,4.76%
2023-12-04,Cycle_2,3460.14,5.77,19965.00,1,-0.65%,39575.42,27598.16,8.65%
2023-12-04,Cycle_3,3460.14,8.780000000000001,30380.01,31,-1.44%,50108.46,41967.42,14.57%
2023-12-04,Cycle_4,3460.14,11.48,39722.38,272,-4.77%,55792.01,55792.01,22.58%
2023-12-05,Cycle_1,3394.26,2.9000000000000004,9843.35,1,-1.90%,24885.64,13848.10,4.76%
2023-12-05,Cycle_2,3394.26,5.77,19584.86,2,-2.54%,39575.42,27598.16,8.65%
2023-12-05,Cycle_3,3394.26,8.780000000000001,29801.58,32,-3.31%,50108.46,41967.42,14.57%
2023-12-05,Cycle_4,3394.26,11.48,38966.07,273,-6.58%,55792.01,55792.01,22.58%
2023-12-06,Cycle_1,3399.60,2.9000000000000004,9858.83,2,-1.75%,24885.64,13848.10,4.76%
2023-12-06,Cycle_2,3399.60,5.77,19615.68,3,-2.39%,39575.42,27598.16,8.65%
2023-12-06,Cycle_3,3399.60,8.780000000000001,29848.47,33,-3.16%,50108.46,41967.42,14.57%
2023-12-06,Cycle_4,3399.60,11.48,39027.39,274,-6.43%,55792.01,55792.01,22.58%
2023-12-07,Cycle_1,3391.28,2.9000000000000004,9834.72,3,-1.99%,24885.64,13848.10,4.76%
2023-12-07,Cycle_2,3391.28,5.77,19567.70,4,-2.63%,39575.42,27598.16,8.65%
2023-12-07,Cycle_3,3391.28,8.780000000000001,29775.46,34,-3.40%,50108.46,41967.42,14.57%
2023-12-07,Cycle_4,3391.28,11.48,38931.92,275,-6.66%,55792.01,55792.01,22.58%
2023-12-08,Cycle_1,3399.46,2.9000000000000004,9858.44,4,-1.75%,24885.64,13848.10,4.76%
2023-12-08,Cycle_2,3399.46,5.77,19614.89,5,-2.40%,39575.42,27598.16,8.65%
2023-12-08,Cycle_3,3399.46,8.780000000000001,29847.27,35,-3.17%,50108.46,41967.42,14.57%
2023-12-08,Cycle_4,3399.46,11.48,39025.82,276,-6.44%,55792.01,55792.01,22.58%
2023-12-11,Cycle_1,3419.45,2.9000000000000004,9916.42,5,-1.18%,24885.64,13848.10,4.76%
2023-12-11,Cycle_2,3419.45,5.77,19730.25,6,-1.82%,39575.42,27598.16,8.65%
2023-12-11,Cycle_3,3419.45,8.780000000000001,30022.81,36,-2.60%,50108.46,41967.42,14.57%
2023-12-11,Cycle_4,3419.45,11.48,39255.34,277,-5.89%,55792.01,55792.01,22.58%
2023-12-12,Cycle_1,3426.80,2.9000000000000004,9937.73,6,-0.96%,24885.64,13848.10,4.76%
2023-12-12,Cycle_2,3426.80,5.77,19772.65,7,-1.61%,39575.42,27598.16,8.65%
2023-12-12,Cycle_3,3426.80,8.780000000000001,30087.33,37,-2.39%,50108.46,41967.42,14.57%
2023-12-12,Cycle_4,3426.80,11.48,39339.70,278,-5.69%,55792.01,55792.01,22.58%
2023-12-13,Cycle_1,3369.61,2.97,10007.73,0,0.00%,25121.51,14083.97,4.76%
2023-12-13,Cycle_2,3369.61,5.77,19442.62,8,-3.25%,39575.42,27598.16,8.65%
2023-12-13,Cycle_3,3369.61,8.780000000000001,29585.13,38,-4.02%,50108.46,41967.42,14.57%
2023-12-13,Cycle_4,3369.61,11.48,38683.07,279,-7.26%,55792.01,55792.01,22.58%
2023-12-14,Cycle_1,3351.96,2.97,9955.33,1,-0.52%,25121.51,14083.97,4.76%
2023-12-14,Cycle_2,3351.96,5.77,19340.83,9,-3.76%,39575.42,27598.16,8.65%
2023-12-14,Cycle_3,3351.96,8.780000000000001,29430.24,39,-4.52%,50108.46,41967.42,14.57%
2023-12-14,Cycle_4,3351.96,11.48,38480.55,280,-7.75%,55792.01,55792.01,22.58%
2023-12-15,Cycle_1,3341.55,2.97,9924.41,2,-0.83%,25121.51,14083.97,4.76%
2023-12-15,Cycle_2,3341.55,6.0,20049.31,0,0.00%,40343.98,28366.71,8.65%
2023-12-15,Cycle_3,3341.55,8.780000000000001,29338.82,40,-4.82%,50108.46,41967.42,14.57%
2023-12-15,Cycle_4,3341.55,11.48,38361.01,281,-8.03%,55792.01,55792.01,22.58%
2023-12-18,Cycle_1,3329.37,2.97,9888.22,3,-1.19%,25121.51,14083.97,4.76%
2023-12-18,Cycle_2,3329.37,6.0,19976.19,1,-0.36%,40343.98,28366.71,8.65%
2023-12-18,Cycle_3,3329.37,8.780000000000001,29231.83,41,-5.16%,50108.46,41967.42,14.57%
2023-12-18,Cycle_4,3329.37,11.48,38221.12,282,-8.37%,55792.01,55792.01,22.58%
2023-12-19,Cycle_1,3334.04,2.97,9902.10,4,-1.06%,25121.51,14083.97,4.76%
2023-12-19,Cycle_2,3334.04,6.0,20004.25,2,-0.22%,40343.98,28366.71,8.65%
2023-12-19,Cycle_3,3334.04,8.780000000000001,29272.88,42,-5.03%,50108.46,41967.42,14.57%
2023-12-19,Cycle_4,3334.04,11.48,38274.79,283,-8.24%,55792.01,55792.01,22.58%
2023-12-20,Cycle_1,3297.50,3.04,10024.41,0,0.00%,25352.33,14314.80,4.76%
2023-12-20,Cycle_2,3297.50,6.0,19785.01,3,-1.32%,40343.98,28366.71,8.65%
2023-12-20,Cycle_3,3297.50,8.780000000000001,28952.07,43,-6.07%,50108.46,41967.42,14.57%
2023-12-20,Cycle_4,3297.50,11.48,37855.33,284,-9.24%,55792.01,55792.01,22.58%
2023-12-21,Cycle_1,3330.87,3.04,10125.84,1,1.01%,25352.33,14314.80,4.76%
2023-12-21,Cycle_2,3330.87,6.0,19985.22,4,-0.32%,40343.98,28366.71,8.65%
2023-12-21,Cycle_3,3330.87,8.780000000000001,29245.04,44,-5.12%,50108.46,41967.42,14.57%
2023-12-21,Cycle_4,3330.87,11.48,38238.39,285,-8.33%,55792.01,55792.01,22.58%
2023-12-22,Cycle_1,3337.23,3.04,10145.17,2,1.20%,25352.33,14314.80,4.76%
2023-12-22,Cycle_2,3337.23,6.0,20023.37,5,-0.13%,40343.98,28366.71,8.65%
2023-12-22,Cycle_3,3337.23,8.780000000000001,29300.86,45,-4.94%,50108.46,41967.42,14.57%
2023-12-22,Cycle_4,3337.23,11.48,38311.38,286,-8.15%,55792.01,55792.01,22.58%
2023-12-25,Cycle_1,3347.45,3.04,10176.25,3,1.51%,25352.33,14314.80,4.76%
2023-12-25,Cycle_2,3347.45,6.0,20084.70,6,0.18%,40343.98,28366.71,8.65%
2023-12-25,Cycle_3,3347.45,8.780000000000001,29390.62,46,-4.65%,50108.46,41967.42,14.57%
2023-12-25,Cycle_4,3347.45,11.48,38428.74,287,-7.87%,55792.01,55792.01,22.58%
2023-12-26,Cycle_1,3324.79,3.04,10107.36,4,0.83%,25352.33,14314.80,4.76%
2023-12-26,Cycle_2,3324.79,6.0,19948.74,7,-0.50%,40343.98,28366.71,8.65%
2023-12-26,Cycle_3,3324.79,8.780000000000001,29191.66,47,-5.29%,50108.46,41967.42,14.57%
2023-12-26,Cycle_4,3324.79,11.48,38168.59,288,-8.49%,55792.01,55792.01,22.58%
2023-12-27,Cycle_1,3336.36,3.04,10142.53,5,1.18%,25352.33,14314.80,4.76%
2023-12-27,Cycle_2,3336.36,6.0,20018.14,8,-0.16%,40343.98,28366.71,8.65%
2023-12-27,Cycle_3,3336.36,8.780000000000001,29293.22,48,-4.96%,50108.46,41967.42,14.57%
2023-12-27,Cycle_4,3336.36,11.48,38301.38,289,-8.17%,55792.01,55792.01,22.58%
2023-12-28,Cycle_1,3414.54,2.95,10072.89,0,0.00%,25352.33,14007.49,4.76%
2023-12-28,Cycle_2,3414.54,6.0,20487.24,9,2.18%,40343.98,28366.71,8.65%
2023-12-28,Cycle_3,3414.54,8.780000000000001,29979.66,49,-2.74%,50108.46,41967.42,14.57%
2023-12-28,Cycle_4,3414.54,11.48,39198.92,290,-6.02%,55792.01,55792.01,22.58%
2023-12-29,Cycle_1,3431.11,2.95,10121.77,1,0.49%,25352.33,14007.49,4.76%
2023-12-29,Cycle_2,3431.11,6.0,20586.66,10,2.68%,40343.98,28366.71,8.65%
2023-12-29,Cycle_3,3431.11,8.780000000000001,30125.14,50,-2.26%,50108.46,41967.42,14.57%
2023-12-29,Cycle_4,3431.11,11.48,39389.14,291,-5.57%,55792.01,55792.01,22.58%
2024-01-02,Cycle_1,3386.35,2.95,9989.74,2,-0.83%,25352.33,14007.49,4.76%
2024-01-02,Cycle_2,3386.35,6.0,20318.11,11,1.34%,40343.98,28366.71,8.65%
2024-01-02,Cycle_3,3386.35,8.780000000000001,29732.17,51,-3.54%,50108.46,41967.42,14.57%
2024-01-02,Cycle_4,3386.35,11.48,38875.32,292,-6.80%,55792.01,55792.01,22.58%
2024-01-03,Cycle_1,3378.30,2.95,9965.98,3,-1.06%,25352.33,14007.49,4.76%
2024-01-03,Cycle_2,3378.30,6.0,20269.78,12,1.10%,40343.98,28366.71,8.65%
2024-01-03,Cycle_3,3378.30,8.780000000000001,29661.45,52,-3.77%,50108.46,41967.42,14.57%
2024-01-03,Cycle_4,3378.30,11.48,38782.85,293,-7.02%,55792.01,55792.01,22.58%
2024-01-04,Cycle_1,3347.05,2.95,9873.80,4,-1.98%,25352.33,14007.49,4.76%
2024-01-04,Cycle_2,3347.05,6.0,20082.31,13,0.16%,40343.98,28366.71,8.65%
2024-01-04,Cycle_3,3347.05,8.780000000000001,29387.12,53,-4.66%,50108.46,41967.42,14.57%
2024-01-04,Cycle_4,3347.05,11.48,38424.16,294,-7.88%,55792.01,55792.01,22.58%
2024-01-05,Cycle_1,3329.11,3.0100000000000002,10020.63,0,0.00%,25552.08,14207.24,4.76%
2024-01-05,Cycle_2,3329.11,6.0,19974.67,14,-0.37%,40343.98,28366.71,8.65%
2024-01-05,Cycle_3,3329.11,8.780000000000001,29229.60,54,-5.17%,50108.46,41967.42,14.57%
2024-01-05,Cycle_4,3329.11,11.48,38218.20,295,-8.37%,55792.01,55792.01,22.58%
2024-01-08,Cycle_1,3286.06,3.0100000000000002,9891.03,1,-1.29%,25552.08,14207.24,4.76%
2024-01-08,Cycle_2,3286.06,6.0,19716.34,15,-1.66%,40343.98,28366.71,8.65%
2024-01-08,Cycle_3,3286.06,8.780000000000001,28851.58,55,-6.40%,50108.46,41967.42,14.57%
2024-01-08,Cycle_4,3286.06,11.48,37723.93,296,-9.56%,55792.01,55792.01,22.58%
2024-01-09,Cycle_1,3292.50,3.0100000000000002,9910.42,2,-1.10%,25552.08,14207.24,4.76%
2024-01-09,Cycle_2,3292.50,6.0,19755.00,16,-1.47%,40343.98,28366.71,8.65%
2024-01-09,Cycle_3,3292.50,8.780000000000001,28908.14,56,-6.21%,50108.46,41967.42,14.57%
2024-01-09,Cycle_4,3292.50,11.48,37797.89,297,-9.38%,55792.01,55792.01,22.58%
2024-01-10,Cycle_1,3277.13,3.0100000000000002,9864.16,3,-1.56%,25552.08,14207.24,4.76%
2024-01-10,Cycle_2,3277.13,6.0,19662.77,17,-1.93%,40343.98,28366.71,8.65%
2024-01-10,Cycle_3,3277.13,8.780000000000001,28773.19,57,-6.65%,50108.46,41967.42,14.57%
2024-01-10,Cycle_4,3277.13,11.48,37621.44,298,-9.80%,55792.01,55792.01,22.58%
2024-01-11,Cycle_1,3295.67,3.0100000000000002,9919.97,4,-1.00%,25552.08,14207.24,4.76%
2024-01-11,Cycle_2,3295.67,6.0,19774.03,18,-1.37%,40343.98,28366.71,8.65%
2024-01-11,Cycle_3,3295.67,8.780000000000001,28936.00,58,-6.12%,50108.46,41967.42,14.57%
2024-01-11,Cycle_4,3295.67,11.48,37834.31,299,-9.29%,55792.01,55792.01,22.58%
2024-01-12,Cycle_1,3284.17,3.0100000000000002,9885.34,5,-1.35%,25552.08,14207.24,4.76%
2024-01-12,Cycle_2,3284.17,6.0,19705.00,19,-1.72%,40343.98,28366.71,8.65%
2024-01-12,Cycle_3,3284.17,8.780000000000001,28834.98,59,-6.45%,50108.46,41967.42,14.57%
2024-01-12,Cycle_4,3284.17,11.48,37702.23,300,-9.61%,55792.01,55792.01,22.58%
2024-01-15,Cycle_1,3280.92,3.0100000000000002,9875.57,6,-1.45%,25552.08,14207.24,4.76%
2024-01-15,Cycle_2,3280.92,6.0,19685.52,20,-1.81%,40343.98,28366.71,8.65%
2024-01-15,Cycle_3,3280.92,8.780000000000001,28806.47,60,-6.54%,50108.46,41967.42,14.57%
2024-01-15,Cycle_4,3280.92,11.48,37664.96,301,-9.70%,55792.01,55792.01,22.58%
2024-01-16,Cycle_1,3300.88,3.0100000000000002,9935.64,7,-0.85%,25552.08,14207.24,4.76%
2024-01-16,Cycle_2,3300.88,6.0,19805.26,21,-1.22%,40343.98,28366.71,8.65%
2024-01-16,Cycle_3,3300.88,8.780000000000001,28981.69,61,-5.97%,50108.46,41967.42,14.57%
2024-01-16,Cycle_4,3300.88,11.48,37894.06,302,-9.15%,55792.01,55792.01,22.58%
2024-01-17,Cycle_1,3229.08,3.1,10010.15,0,0.00%,25842.70,14497.85,4.76%
2024-01-17,Cycle_2,3229.08,6.0,19374.49,22,-3.37%,40343.98,28366.71,8.65%
2024-01-17,Cycle_3,3229.08,9.450000000000001,30514.82,0,0.00%,52271.94,44130.90,14.57%
2024-01-17,Cycle_4,3229.08,11.48,37069.86,303,-11.13%,55792.01,55792.01,23.14%
2024-01-18,Cycle_1,3274.73,3.1,10151.66,1,1.41%,25842.70,14497.85,4.76%
2024-01-18,Cycle_2,3274.73,6.0,19648.37,23,-2.00%,40343.98,28366.71,8.65%
2024-01-18,Cycle_3,3274.73,9.450000000000001,30946.19,1,1.41%,52271.94,44130.90,14.57%
2024-01-18,Cycle_4,3274.73,11.48,37593.88,304,-9.87%,55792.01,55792.01,23.14%
2024-01-19,Cycle_1,3269.78,3.1,10136.31,2,1.26%,25842.70,14497.85,4.76%
2024-01-19,Cycle_2,3269.78,6.0,19618.66,24,-2.15%,40343.98,28366.71,8.65%
2024-01-19,Cycle_3,3269.78,9.450000000000001,30899.39,2,1.26%,52271.94,44130.90,14.57%
2024-01-19,Cycle_4,3269.78,11.48,37537.03,305,-10.01%,55792.01,55792.01,23.14%
2024-01-22,Cycle_1,3218.90,3.1,9978.59,3,-0.32%,25842.70,14497.85,4.76%
2024-01-22,Cycle_2,3218.90,6.0,19313.41,25,-3.67%,40343.98,28366.71,8.65%
2024-01-22,Cycle_3,3218.90,9.450000000000001,30418.62,3,-0.32%,52271.94,44130.90,14.57%
2024-01-22,Cycle_4,3218.90,11.48,36952.99,306,-11.41%,55792.01,55792.01,23.38%
2024-01-23,Cycle_1,3231.93,3.1,10018.99,4,0.09%,25842.70,14497.85,4.76%
2024-01-23,Cycle_2,3231.93,6.0,19391.60,26,-3.28%,40343.98,28366.71,8.65%
2024-01-23,Cycle_3,3231.93,9.450000000000001,30541.77,4,0.09%,52271.94,44130.90,14.57%
2024-01-23,Cycle_4,3231.93,11.48,37102.59,307,-11.05%,55792.01,55792.01,23.38%
2024-01-24,Cycle_1,3277.11,3.1,10159.04,5,1.49%,25842.70,14497.85,4.76%
2024-01-24,Cycle_2,3277.11,6.0,19662.65,27,-1.93%,40343.98,28366.71,8.65%
2024-01-24,Cycle_3,3277.11,9.450000000000001,30968.68,5,1.49%,52271.94,44130.90,14.57%
2024-01-24,Cycle_4,3277.11,11.48,37621.21,308,-9.81%,55792.01,55792.01,23.38%
2024-01-25,Cycle_1,3342.92,3.0100000000000002,10062.19,0,0.00%,25842.70,14196.99,4.76%
2024-01-25,Cycle_2,3342.92,6.0,20057.51,28,0.04%,40343.98,28366.71,8.65%
2024-01-25,Cycle_3,3342.92,9.450000000000001,31590.58,6,3.53%,52271.94,44130.90,14.57%
2024-01-25,Cycle_4,3342.92,11.48,38376.71,309,-7.99%,55792.01,55792.01,23.38%
2024-01-26,Cycle_1,3333.82,3.0100000000000002,10034.80,1,-0.27%,25842.70,14196.99,4.76%
2024-01-26,Cycle_2,3333.82,6.0,20002.93,29,-0.23%,40343.98,28366.71,8.65%
2024-01-26,Cycle_3,3333.82,9.450000000000001,31504.61,7,3.24%,52271.94,44130.90,14.57%
2024-01-26,Cycle_4,3333.82,11.48,38272.27,310,-8.24%,55792.01,55792.01,23.38%
2024-01-29,Cycle_1,3303.96,3.0100000000000002,9944.92,2,-1.17%,25842.70,14196.99,4.76%
2024-01-29,Cycle_2,3303.96,6.0,19823.76,30,-1.12%,40343.98,28366.71,8.65%
2024-01-29,Cycle_3,3303.96,9.450000000000001,31222.43,8,2.32%,52271.94,44130.90,14.57%
2024-01-29,Cycle_4,3303.96,11.48,37929.47,311,-9.07%,55792.01,55792.01,23.38%
2024-01-30,Cycle_1,3245.04,3.08,9994.72,0,0.00%,26069.85,14424.14,4.76%
2024-01-30,Cycle_2,3245.04,6.0,19470.23,31,-2.89%,40343.98,28366.71,8.65%
2024-01-30,Cycle_3,3245.04,9.450000000000001,30665.62,9,0.49%,52271.94,44130.90,14.57%
2024-01-30,Cycle_4,3245.04,11.48,37253.04,312,-10.69%,55792.01,55792.01,23.38%
2024-01-31,Cycle_1,3215.35,3.08,9903.28,1,-0.91%,26069.85,14424.14,4.76%
2024-01-31,Cycle_2,3215.35,6.0,19292.11,32,-3.78%,40343.98,28366.71,8.65%
2024-01-31,Cycle_3,3215.35,9.450000000000001,30385.07,10,-0.43%,52271.94,44130.90,14.57%
2024-01-31,Cycle_4,3215.35,11.48,36912.24,313,-11.51%,55792.01,55792.01,23.47%
2024-02-01,Cycle_1,3217.71,3.08,9910.55,2,-0.84%,26069.85,14424.14,4.76%
2024-02-01,Cycle_2,3217.71,6.0,19306.27,33,-3.71%,40343.98,28366.71,8.65%
2024-02-01,Cycle_3,3217.71,9.450000000000001,30407.37,11,-0.35%,52271.94,44130.90,14.57%
2024-02-01,Cycle_4,3217.71,11.48,36939.32,314,-11.44%,55792.01,55792.01,23.47%
2024-02-02,Cycle_1,3179.63,3.15,10015.83,0,0.00%,26292.42,14646.72,4.76%
2024-02-02,Cycle_2,3179.63,6.35,20190.64,0,0.00%,41456.85,29479.58,8.65%
2024-02-02,Cycle_3,3179.63,9.450000000000001,30047.48,12,-1.53%,52271.94,44130.90,14.57%
2024-02-02,Cycle_4,3179.63,11.48,36502.12,315,-12.49%,55792.01,55792.01,24.32%
2024-02-05,Cycle_1,3200.42,3.15,10081.33,1,0.65%,26292.42,14646.72,4.76%
2024-02-05,Cycle_2,3200.42,6.35,20322.68,1,0.65%,41456.85,29479.58,8.65%
2024-02-05,Cycle_3,3200.42,9.450000000000001,30243.99,13,-0.89%,52271.94,44130.90,14.57%
2024-02-05,Cycle_4,3200.42,11.48,36740.84,316,-11.92%,55792.01,55792.01,24.32%
2024-02-06,Cycle_1,3311.69,3.04,10067.54,0,0.00%,26292.42,14282.43,4.76%
2024-02-06,Cycle_2,3311.69,6.1,20201.32,0,0.00%,41456.85,28651.66,8.65%
2024-02-06,Cycle_3,3311.69,9.450000000000001,31295.49,14,2.56%,52271.94,44130.90,14.57%
2024-02-06,Cycle_4,3311.69,11.48,38018.23,317,-8.85%,55792.01,55792.01,24.32%
2024-02-07,Cycle_1,3343.63,3.04,10164.64,1,0.96%,26292.42,14282.43,4.76%
2024-02-07,Cycle_2,3343.63,6.1,20396.14,1,0.96%,41456.85,28651.66,8.65%
2024-02-07,Cycle_3,3343.63,9.450000000000001,31597.31,15,3.55%,52271.94,44130.90,14.57%
2024-02-07,Cycle_4,3343.63,11.48,38384.88,318,-7.97%,55792.01,55792.01,24.32%
2024-02-08,Cycle_1,3364.93,3.04,10229.39,2,1.61%,26292.42,14282.43,4.76%
2024-02-08,Cycle_2,3364.93,6.1,20526.07,2,1.61%,41456.85,28651.66,8.65%
2024-02-08,Cycle_3,3364.93,9.450000000000001,31798.59,16,4.21%,52271.94,44130.90,14.57%
2024-02-08,Cycle_4,3364.93,11.48,38629.39,319,-7.39%,55792.01,55792.01,24.32%
2024-02-19,Cycle_1,3403.81,2.96,10075.27,0,0.00%,26292.42,14010.13,4.76%
2024-02-19,Cycle_2,3403.81,6.1,20763.23,3,2.78%,41456.85,28651.66,8.65%
2024-02-19,Cycle_3,3403.81,9.450000000000001,32165.98,17,5.41%,52271.94,44130.90,14.57%
2024-02-19,Cycle_4,3403.81,11.48,39075.71,320,-6.32%,55792.01,55792.01,24.32%
2024-02-20,Cycle_1,3410.85,2.96,10096.13,1,0.21%,26292.42,14010.13,4.76%
2024-02-20,Cycle_2,3410.85,6.1,20806.21,4,2.99%,41456.85,28651.66,8.65%
2024-02-20,Cycle_3,3410.85,9.450000000000001,32232.57,18,5.63%,52271.94,44130.90,14.57%
2024-02-20,Cycle_4,3410.85,11.48,39156.61,321,-6.12%,55792.01,55792.01,24.32%
2024-02-21,Cycle_1,3456.87,2.96,10232.34,2,1.56%,26292.42,14010.13,4.76%
2024-02-21,Cycle_2,3456.87,5.85,20222.70,0,0.00%,41456.85,27787.44,8.65%
2024-02-21,Cycle_3,3456.87,9.450000000000001,32667.43,19,7.05%,52271.94,44130.90,14.57%
2024-02-21,Cycle_4,3456.87,11.48,39684.88,322,-4.86%,55792.01,55792.01,24.32%
2024-02-22,Cycle_1,3486.67,2.88,10041.62,0,0.00%,26292.42,13731.19,4.76%
2024-02-22,Cycle_2,3486.67,5.85,20397.05,1,0.86%,41456.85,27787.44,8.65%
2024-02-22,Cycle_3,3486.67,9.450000000000001,32949.08,20,7.98%,52271.94,44130.90,14.57%
2024-02-22,Cycle_4,3486.67,11.48,40027.03,323,-4.04%,55792.01,55792.01,24.32%
2024-02-23,Cycle_1,3489.74,2.88,10050.46,1,0.09%,26292.42,13731.19,4.76%
2024-02-23,Cycle_2,3489.74,5.85,20414.99,2,0.95%,41456.85,27787.44,8.65%
2024-02-23,Cycle_3,3489.74,8.82,30779.52,0,0.00%,52271.94,41932.37,14.57%
2024-02-23,Cycle_4,3489.74,11.48,40062.23,324,-3.95%,55792.01,55792.01,24.32%
2024-02-26,Cycle_1,3453.36,2.88,9945.67,2,-0.96%,26292.42,13731.19,4.76%
2024-02-26,Cycle_2,3453.36,5.85,20202.15,3,-0.10%,41456.85,27787.44,8.65%
2024-02-26,Cycle_3,3453.36,8.82,30458.62,1,-1.04%,52271.94,41932.37,14.57%
2024-02-26,Cycle_4,3453.36,11.48,39644.56,325,-4.95%,55792.01,55792.01,24.32%
2024-02-27,Cycle_1,3494.79,2.88,10064.99,3,0.23%,26292.42,13731.19,4.76%
2024-02-27,Cycle_2,3494.79,5.85,20444.51,4,1.10%,41456.85,27787.44,8.65%
2024-02-27,Cycle_3,3494.79,8.82,30824.02,2,0.14%,52271.94,41932.37,14.57%
2024-02-27,Cycle_4,3494.79,11.48,40120.16,326,-3.81%,55792.01,55792.01,24.32%
2024-02-28,Cycle_1,3450.26,2.88,9936.75,4,-1.04%,26292.42,13731.19,4.76%
2024-02-28,Cycle_2,3450.26,5.85,20184.02,5,-0.19%,41456.85,27787.44,8.65%
2024-02-28,Cycle_3,3450.26,8.82,30431.29,3,-1.13%,52271.94,41932.37,14.57%
2024-02-28,Cycle_4,3450.26,11.48,39608.98,327,-5.04%,55792.01,55792.01,24.32%
2024-02-29,Cycle_1,3516.08,2.88,10126.32,5,0.84%,26292.42,13731.19,4.76%
2024-02-29,Cycle_2,3516.08,5.85,20569.08,6,1.71%,41456.85,27787.44,8.65%
2024-02-29,Cycle_3,3516.08,8.82,31011.85,4,0.75%,52271.94,41932.37,14.57%
2024-02-29,Cycle_4,3516.08,11.48,40364.63,328,-3.23%,55792.01,55792.01,24.32%
2024-03-01,Cycle_1,3537.80,2.88,10188.87,6,1.47%,26292.42,13731.19,4.76%
2024-03-01,Cycle_2,3537.80,5.85,20696.15,7,2.34%,41456.85,27787.44,8.65%
2024-03-01,Cycle_3,3537.80,8.82,31203.43,5,1.38%,52271.94,41932.37,14.57%
2024-03-01,Cycle_4,3537.80,11.48,40613.99,329,-2.63%,55792.01,55792.01,24.32%
2024-03-04,Cycle_1,3540.87,2.88,10197.70,7,1.55%,26292.42,13731.19,4.76%
2024-03-04,Cycle_2,3540.87,5.85,20714.08,8,2.43%,41456.85,27787.44,8.65%
2024-03-04,Cycle_3,3540.87,8.82,31230.46,6,1.47%,52271.94,41932.37,14.57%
2024-03-04,Cycle_4,3540.87,11.48,40649.17,330,-2.55%,55792.01,55792.01,24.32%
2024-03-05,Cycle_1,3565.51,2.82,10054.75,0,0.00%,26292.42,13517.26,4.76%
2024-03-05,Cycle_2,3565.51,5.85,20858.26,9,3.14%,41456.85,27787.44,8.65%
2024-03-05,Cycle_3,3565.51,8.82,31447.84,7,2.17%,52271.94,41932.37,14.57%
2024-03-05,Cycle_4,3565.51,11.48,40932.10,331,-1.87%,55792.01,55792.01,24.32%
2024-03-06,Cycle_1,3551.05,2.82,10013.96,1,-0.41%,26292.42,13517.26,4.76%
2024-03-06,Cycle_2,3551.05,5.85,20773.63,10,2.72%,41456.85,27787.44,8.65%
2024-03-06,Cycle_3,3551.05,8.82,31320.24,8,1.76%,52271.94,41932.37,14.57%
2024-03-06,Cycle_4,3551.05,11.48,40766.03,332,-2.27%,55792.01,55792.01,24.32%
2024-03-07,Cycle_1,3529.72,2.82,9953.81,2,-1.00%,26292.42,13517.26,4.76%
2024-03-07,Cycle_2,3529.72,5.85,20648.86,11,2.11%,41456.85,27787.44,8.65%
2024-03-07,Cycle_3,3529.72,8.82,31132.13,9,1.15%,52271.94,41932.37,14.57%
2024-03-07,Cycle_4,3529.72,11.48,40521.18,333,-2.85%,55792.01,55792.01,24.32%
2024-03-08,Cycle_1,3544.91,2.82,9996.65,3,-0.58%,26292.42,13517.26,4.76%
2024-03-08,Cycle_2,3544.91,5.85,20737.72,12,2.55%,41456.85,27787.44,8.65%
2024-03-08,Cycle_3,3544.91,8.82,31266.11,10,1.58%,52271.94,41932.37,14.57%
2024-03-08,Cycle_4,3544.91,11.48,40695.57,334,-2.43%,55792.01,55792.01,24.32%
2024-03-11,Cycle_1,3589.26,2.82,10121.72,4,0.67%,26292.42,13517.26,4.76%
2024-03-11,Cycle_2,3589.26,5.85,20997.19,13,3.83%,41456.85,27787.44,8.65%
2024-03-11,Cycle_3,3589.26,8.82,31657.30,11,2.85%,52271.94,41932.37,14.57%
2024-03-11,Cycle_4,3589.26,11.48,41204.74,335,-1.21%,55792.01,55792.01,24.32%
2024-03-12,Cycle_1,3597.49,2.82,10144.93,5,0.90%,26292.42,13517.26,4.76%
2024-03-12,Cycle_2,3597.49,5.64,20289.87,0,0.00%,41456.85,27031.97,8.65%
2024-03-12,Cycle_3,3597.49,8.82,31729.90,12,3.09%,52271.94,41932.37,14.57%
2024-03-12,Cycle_4,3597.49,11.48,41299.23,336,-0.99%,55792.01,55792.01,24.32%
2024-03-13,Cycle_1,3572.36,2.82,10074.06,6,0.19%,26292.42,13517.26,4.76%
2024-03-13,Cycle_2,3572.36,5.64,20148.12,1,-0.70%,41456.85,27031.97,8.65%
2024-03-13,Cycle_3,3572.36,8.82,31508.22,13,2.37%,52271.94,41932.37,14.57%
2024-03-13,Cycle_4,3572.36,11.48,41010.70,337,-1.68%,55792.01,55792.01,24.32%
2024-03-14,Cycle_1,3562.22,2.82,10045.47,7,-0.09%,26292.42,13517.26,4.76%
2024-03-14,Cycle_2,3562.22,5.64,20090.94,2,-0.98%,41456.85,27031.97,8.65%
2024-03-14,Cycle_3,3562.22,8.82,31418.81,14,2.08%,52271.94,41932.37,14.57%
2024-03-14,Cycle_4,3562.22,11.48,40894.32,338,-1.96%,55792.01,55792.01,24.32%
2024-03-15,Cycle_1,3569.99,2.82,10067.38,8,0.13%,26292.42,13517.26,4.76%
2024-03-15,Cycle_2,3569.99,5.64,20134.76,3,-0.76%,41456.85,27031.97,8.65%
2024-03-15,Cycle_3,3569.99,8.82,31487.34,15,2.30%,52271.94,41932.37,14.57%
2024-03-15,Cycle_4,3569.99,11.48,40983.52,339,-1.74%,55792.01,55792.01,24.32%
2024-03-18,Cycle_1,3603.53,2.82,10161.95,9,1.07%,26292.42,13517.26,4.76%
2024-03-18,Cycle_2,3603.53,5.64,20323.90,4,0.17%,41456.85,27031.97,8.65%
2024-03-18,Cycle_3,3603.53,8.82,31783.12,16,3.26%,52271.94,41932.37,14.57%
2024-03-18,Cycle_4,3603.53,11.48,41368.50,340,-0.82%,55792.01,55792.01,24.32%
2024-03-19,Cycle_1,3577.63,2.82,10088.92,10,0.34%,26292.42,13517.26,4.76%
2024-03-19,Cycle_2,3577.63,5.64,20177.83,5,-0.55%,41456.85,27031.97,8.65%
2024-03-19,Cycle_3,3577.63,8.82,31554.70,17,2.52%,52271.94,41932.37,14.57%
2024-03-19,Cycle_4,3577.63,11.48,41071.20,341,-1.53%,55792.01,55792.01,24.32%
2024-03-20,Cycle_1,3585.38,2.82,10110.78,11,0.56%,26292.42,13517.26,4.76%
2024-03-20,Cycle_2,3585.38,5.64,20221.56,6,-0.34%,41456.85,27031.97,8.65%
2024-03-20,Cycle_3,3585.38,8.82,31623.09,18,2.74%,52271.94,41932.37,14.57%
2024-03-20,Cycle_4,3585.38,11.48,41160.21,342,-1.32%,55792.01,55792.01,24.32%
2024-03-21,Cycle_1,3581.09,2.82,10098.67,12,0.44%,26292.42,13517.26,4.76%
2024-03-21,Cycle_2,3581.09,5.64,20197.35,7,-0.46%,41456.85,27031.97,8.65%
2024-03-21,Cycle_3,3581.09,8.82,31585.22,19,2.62%,52271.94,41932.37,14.57%
2024-03-21,Cycle_4,3581.09,11.48,41110.92,343,-1.44%,55792.01,55792.01,24.32%
2024-03-22,Cycle_1,3545.00,2.82,9996.91,13,-0.58%,26292.42,13517.26,4.76%
2024-03-22,Cycle_2,3545.00,5.64,19993.81,8,-1.46%,41456.85,27031.97,8.65%
2024-03-22,Cycle_3,3545.00,8.82,31266.92,20,1.58%,52271.94,41932.37,14.57%
2024-03-22,Cycle_4,3545.00,11.48,40696.63,344,-2.43%,55792.01,55792.01,24.32%
2024-03-25,Cycle_1,3525.76,2.82,9942.65,14,-1.11%,26292.42,13517.26,4.76%
2024-03-25,Cycle_2,3525.76,5.64,19885.31,9,-1.99%,41456.85,27031.97,8.65%
2024-03-25,Cycle_3,3525.76,8.82,31097.23,21,1.03%,52271.94,41932.37,14.57%
2024-03-25,Cycle_4,3525.76,11.48,40475.76,345,-2.96%,55792.01,55792.01,24.32%
2024-03-26,Cycle_1,3543.75,2.82,9993.37,15,-0.61%,26292.42,13517.26,4.76%
2024-03-26,Cycle_2,3543.75,5.64,19986.73,10,-1.49%,41456.85,27031.97,8.65%
2024-03-26,Cycle_3,3543.75,8.82,31255.85,22,1.55%,52271.94,41932.37,14.57%
2024-03-26,Cycle_4,3543.75,11.48,40682.21,346,-2.47%,55792.01,55792.01,24.32%
2024-03-27,Cycle_1,3502.79,2.82,9877.86,16,-1.76%,26292.42,13517.26,4.76%
2024-03-27,Cycle_2,3502.79,5.64,19755.72,11,-2.63%,41456.85,27031.97,8.65%
2024-03-27,Cycle_3,3502.79,8.82,30894.58,23,0.37%,52271.94,41932.37,14.57%
2024-03-27,Cycle_4,3502.79,11.48,40211.99,347,-3.59%,55792.01,55792.01,24.32%
2024-03-28,Cycle_1,3520.96,2.82,9929.12,17,-1.25%,26292.42,13517.26,4.76%
2024-03-28,Cycle_2,3520.96,5.64,19858.24,12,-2.13%,41456.85,27031.97,8.65%
2024-03-28,Cycle_3,3520.96,8.82,31054.91,24,0.89%,52271.94,41932.37,14.57%
2024-03-28,Cycle_4,3520.96,11.48,40420.68,348,-3.09%,55792.01,55792.01,24.32%
2024-03-29,Cycle_1,3537.48,2.82,9975.71,18,-0.79%,26292.42,13517.26,4.76%
2024-03-29,Cycle_2,3537.48,5.64,19951.41,13,-1.67%,41456.85,27031.97,8.65%
2024-03-29,Cycle_3,3537.48,8.82,31200.61,25,1.37%,52271.94,41932.37,14.57%
2024-03-29,Cycle_4,3537.48,11.48,40610.32,349,-2.64%,55792.01,55792.01,24.32%
2024-04-01,Cycle_1,3595.65,2.82,10139.72,19,0.85%,26292.42,13517.26,4.76%
2024-04-01,Cycle_2,3595.65,5.64,20279.45,14,-0.05%,41456.85,27031.97,8.65%
2024-04-01,Cycle_3,3595.65,8.82,31713.60,26,3.03%,52271.94,41932.37,14.57%
2024-04-01,Cycle_4,3595.65,11.48,41278.02,350,-1.04%,55792.01,55792.01,24.32%
2024-04-02,Cycle_1,3580.68,2.82,10097.51,20,0.43%,26292.42,13517.26,4.76%
2024-04-02,Cycle_2,3580.68,5.64,20195.01,15,-0.47%,41456.85,27031.97,8.65%
2024-04-02,Cycle_3,3580.68,8.82,31581.56,27,2.61%,52271.94,41932.37,14.57%
2024-04-02,Cycle_4,3580.68,11.48,41106.16,351,-1.45%,55792.01,55792.01,24.32%
2024-04-03,Cycle_1,3567.80,2.82,10061.20,21,0.06%,26292.42,13517.26,4.76%
2024-04-03,Cycle_2,3567.80,5.64,20122.41,16,-0.83%,41456.85,27031.97,8.65%
2024-04-03,Cycle_3,3567.80,8.82,31468.02,28,2.24%,52271.94,41932.37,14.57%
2024-04-03,Cycle_4,3567.80,11.48,40958.38,352,-1.80%,55792.01,55792.01,24.32%
2024-04-08,Cycle_1,3536.41,2.82,9972.67,22,-0.82%,26292.42,13517.26,4.76%
2024-04-08,Cycle_2,3536.41,5.64,19945.34,17,-1.70%,41456.85,27031.97,8.65%
2024-04-08,Cycle_3,3536.41,8.82,31191.12,29,1.34%,52271.94,41932.37,14.57%
2024-04-08,Cycle_4,3536.41,11.48,40597.96,353,-2.67%,55792.01,55792.01,24.32%
2024-04-09,Cycle_1,3533.49,2.82,9964.43,23,-0.90%,26292.42,13517.26,4.76%
2024-04-09,Cycle_2,3533.49,5.64,19928.87,18,-1.78%,41456.85,27031.97,8.65%
2024-04-09,Cycle_3,3533.49,8.82,31165.36,30,1.25%,52271.94,41932.37,14.57%
2024-04-09,Cycle_4,3533.49,11.48,40564.43,354,-2.75%,55792.01,55792.01,24.32%
2024-04-10,Cycle_1,3504.71,2.82,9883.28,24,-1.71%,26292.42,13517.26,4.76%
2024-04-10,Cycle_2,3504.71,5.64,19766.56,19,-2.58%,41456.85,27031.97,8.65%
2024-04-10,Cycle_3,3504.71,8.82,30911.53,31,0.43%,52271.94,41932.37,14.57%
2024-04-10,Cycle_4,3504.71,11.48,40234.05,355,-3.54%,55792.01,55792.01,24.32%
2024-04-11,Cycle_1,3504.24,2.82,9881.97,25,-1.72%,26292.42,13517.26,4.76%
2024-04-11,Cycle_2,3504.24,5.64,19763.94,20,-2.59%,41456.85,27031.97,8.65%
2024-04-11,Cycle_3,3504.24,8.82,30907.44,32,0.42%,52271.94,41932.37,14.57%
2024-04-11,Cycle_4,3504.24,11.48,40228.73,356,-3.55%,55792.01,55792.01,24.32%
2024-04-12,Cycle_1,3475.84,2.9,10079.93,0,0.00%,26570.49,13795.33,4.76%
2024-04-12,Cycle_2,3475.84,5.64,19603.73,21,-3.38%,41456.85,27031.97,8.65%
2024-04-12,Cycle_3,3475.84,8.82,30656.90,33,-0.40%,52271.94,41932.37,14.57%
2024-04-12,Cycle_4,3475.84,11.48,39902.63,357,-4.34%,55792.01,55792.01,24.32%
2024-04-15,Cycle_1,3549.08,2.83,10043.88,0,0.00%,26570.49,13546.89,4.76%
2024-04-15,Cycle_2,3549.08,5.64,20016.79,22,-1.35%,41456.85,27031.97,8.65%
2024-04-15,Cycle_3,3549.08,8.82,31302.85,34,1.70%,52271.94,41932.37,14.57%
2024-04-15,Cycle_4,3549.08,11.48,40743.39,358,-2.32%,55792.01,55792.01,24.32%
2024-04-16,Cycle_1,3511.11,2.83,9936.45,1,-1.07%,26570.49,13546.89,4.76%
2024-04-16,Cycle_2,3511.11,5.64,19802.69,23,-2.40%,41456.85,27031.97,8.65%
2024-04-16,Cycle_3,3511.11,8.82,30968.03,35,0.61%,52271.94,41932.37,14.57%
2024-04-16,Cycle_4,3511.11,11.48,40307.60,359,-3.36%,55792.01,55792.01,24.32%
2024-04-17,Cycle_1,3565.40,2.83,10090.09,2,0.46%,26570.49,13546.89,4.76%
2024-04-17,Cycle_2,3565.40,5.64,20108.87,24,-0.89%,41456.85,27031.97,8.65%
2024-04-17,Cycle_3,3565.40,8.82,31446.85,36,2.17%,52271.94,41932.37,14.57%
2024-04-17,Cycle_4,3565.40,11.48,40930.83,360,-1.87%,55792.01,55792.01,24.32%
2024-04-18,Cycle_1,3569.80,2.83,10102.54,3,0.58%,26570.49,13546.89,4.76%
2024-04-18,Cycle_2,3569.80,5.64,20133.68,25,-0.77%,41456.85,27031.97,8.65%
2024-04-18,Cycle_3,3569.80,8.82,31485.65,37,2.29%,52271.94,41932.37,14.57%
2024-04-18,Cycle_4,3569.80,11.48,40981.32,361,-1.75%,55792.01,55792.01,24.32%
2024-04-19,Cycle_1,3541.66,2.83,10022.90,4,-0.21%,26570.49,13546.89,4.76%
2024-04-19,Cycle_2,3541.66,5.64,19974.97,26,-1.55%,41456.85,27031.97,8.65%
2024-04-19,Cycle_3,3541.66,8.82,31237.46,38,1.49%,52271.94,41932.37,14.57%
2024-04-19,Cycle_4,3541.66,11.48,40658.28,362,-2.52%,55792.01,55792.01,24.32%
2024-04-22,Cycle_1,3530.90,2.83,9992.46,5,-0.51%,26570.49,13546.89,4.76%
2024-04-22,Cycle_2,3530.90,5.64,19914.30,27,-1.85%,41456.85,27031.97,8.65%
2024-04-22,Cycle_3,3530.90,8.82,31142.58,39,1.18%,52271.94,41932.37,14.57%
2024-04-22,Cycle_4,3530.90,11.48,40534.78,363,-2.82%,55792.01,55792.01,24.32%
2024-04-23,Cycle_1,3506.22,2.83,9922.62,6,-1.21%,26570.49,13546.89,4.76%
2024-04-23,Cycle_2,3506.22,5.64,19775.11,28,-2.54%,41456.85,27031.97,8.65%
2024-04-23,Cycle_3,3506.22,8.82,30924.90,40,0.47%,52271.94,41932.37,14.57%
2024-04-23,Cycle_4,3506.22,11.48,40251.46,364,-3.50%,55792.01,55792.01,24.32%
2024-04-24,Cycle_1,3521.62,2.83,9966.19,7,-0.77%,26570.49,13546.89,4.76%
2024-04-24,Cycle_2,3521.62,5.64,19861.95,29,-2.11%,41456.85,27031.97,8.65%
2024-04-24,Cycle_3,3521.62,8.82,31060.71,41,0.91%,52271.94,41932.37,14.57%
2024-04-24,Cycle_4,3521.62,11.48,40428.22,365,-3.08%,55792.01,55792.01,24.32%
2024-04-25,Cycle_1,3530.28,2.83,9990.70,8,-0.53%,26570.49,13546.89,4.76%
2024-04-25,Cycle_2,3530.28,5.64,19910.79,30,-1.87%,41456.85,27031.97,8.65%
2024-04-25,Cycle_3,3530.28,8.82,31137.08,42,1.16%,52271.94,41932.37,14.57%
2024-04-25,Cycle_4,3530.28,11.48,40527.63,366,-2.84%,55792.01,55792.01,24.32%
2024-04-26,Cycle_1,3584.27,2.83,10143.48,9,0.99%,26570.49,13546.89,4.76%
2024-04-26,Cycle_2,3584.27,5.64,20215.27,31,-0.37%,41456.85,27031.97,8.65%
2024-04-26,Cycle_3,3584.27,8.82,31613.25,43,2.71%,52271.94,41932.37,14.57%
2024-04-26,Cycle_4,3584.27,11.48,41147.40,367,-1.35%,55792.01,55792.01,24.32%
2024-04-29,Cycle_1,3623.91,2.7800000000000002,10074.48,0,0.00%,26570.49,13365.70,4.76%
2024-04-29,Cycle_2,3623.91,5.64,20438.87,32,0.73%,41456.85,27031.97,8.65%
2024-04-29,Cycle_3,3623.91,8.82,31962.91,44,3.84%,52271.94,41932.37,14.57%
2024-04-29,Cycle_4,3623.91,11.48,41602.51,368,-0.26%,55792.01,55792.01,24.32%
2024-04-30,Cycle_1,3604.39,2.7800000000000002,10020.22,1,-0.54%,26570.49,13365.70,4.76%
2024-04-30,Cycle_2,3604.39,5.64,20328.78,33,0.19%,41456.85,27031.97,8.65%
2024-04-30,Cycle_3,3604.39,8.82,31790.76,45,3.29%,52271.94,41932.37,14.57%
2024-04-30,Cycle_4,3604.39,11.48,41378.45,369,-0.80%,55792.01,55792.01,24.32%
2024-05-06,Cycle_1,3657.88,2.7800000000000002,10168.90,2,0.94%,26570.49,13365.70,4.76%
2024-05-06,Cycle_2,3657.88,5.64,20630.42,34,1.68%,41456.85,27031.97,8.65%
2024-05-06,Cycle_3,3657.88,8.82,32262.47,46,4.82%,52271.94,41932.37,14.57%
2024-05-06,Cycle_4,3657.88,11.48,41992.42,370,0.67%,55792.01,55792.01,24.32%
2024-05-07,Cycle_1,3659.01,2.7800000000000002,10172.04,3,0.97%,26570.49,13365.70,4.76%
2024-05-07,Cycle_2,3659.01,5.64,20636.80,35,1.71%,41456.85,27031.97,8.65%
2024-05-07,Cycle_3,3659.01,8.82,32272.45,47,4.85%,52271.94,41932.37,14.57%
2024-05-07,Cycle_4,3659.01,11.48,42005.41,371,0.71%,55792.01,55792.01,24.32%
2024-05-08,Cycle_1,3630.22,2.7800000000000002,10092.02,4,0.17%,26570.49,13365.70,4.76%
2024-05-08,Cycle_2,3630.22,5.64,20474.46,36,0.91%,41456.85,27031.97,8.65%
2024-05-08,Cycle_3,3630.22,8.82,32018.57,48,4.03%,52271.94,41932.37,14.57%
2024-05-08,Cycle_4,3630.22,11.48,41674.96,372,-0.09%,55792.01,55792.01,24.32%
2024-05-09,Cycle_1,3664.56,2.7800000000000002,10187.48,5,1.12%,26570.49,13365.70,4.76%
2024-05-09,Cycle_2,3664.56,5.64,20668.12,37,1.86%,41456.85,27031.97,8.65%
2024-05-09,Cycle_3,3664.56,8.82,32321.43,49,5.01%,52271.94,41932.37,14.57%
2024-05-09,Cycle_4,3664.56,11.48,42069.16,373,0.86%,55792.01,55792.01,24.32%
2024-05-10,Cycle_1,3666.28,2.7800000000000002,10192.25,6,1.17%,26570.49,13365.70,4.76%
2024-05-10,Cycle_2,3666.28,5.64,20677.80,38,1.91%,41456.85,27031.97,8.65%
2024-05-10,Cycle_3,3666.28,8.82,32336.56,50,5.06%,52271.94,41932.37,14.57%
2024-05-10,Cycle_4,3666.28,11.48,42088.86,374,0.91%,55792.01,55792.01,24.32%
2024-05-13,Cycle_1,3664.69,2.7800000000000002,10187.84,7,1.13%,26570.49,13365.70,4.76%
2024-05-13,Cycle_2,3664.69,5.64,20668.86,39,1.87%,41456.85,27031.97,8.65%
2024-05-13,Cycle_3,3664.69,8.82,32322.57,51,5.01%,52271.94,41932.37,14.57%
2024-05-13,Cycle_4,3664.69,11.48,42070.65,375,0.86%,55792.01,55792.01,24.32%
2024-05-14,Cycle_1,3657.05,2.7800000000000002,10166.59,8,0.91%,26570.49,13365.70,4.76%
2024-05-14,Cycle_2,3657.05,5.64,20625.74,40,1.66%,41456.85,27031.97,8.65%
2024-05-14,Cycle_3,3657.05,8.82,32255.14,52,4.79%,52271.94,41932.37,14.57%
2024-05-14,Cycle_4,3657.05,11.48,41982.88,376,0.65%,55792.01,55792.01,24.32%
2024-05-15,Cycle_1,3626.06,2.7800000000000002,10080.44,9,0.06%,26570.49,13365.70,4.76%
2024-05-15,Cycle_2,3626.06,5.64,20450.96,41,0.79%,41456.85,27031.97,8.65%
2024-05-15,Cycle_3,3626.06,8.82,31981.81,53,3.91%,52271.94,41932.37,14.57%
2024-05-15,Cycle_4,3626.06,11.48,41627.12,377,-0.20%,55792.01,55792.01,24.32%
2024-05-16,Cycle_1,3640.36,2.7800000000000002,10120.20,10,0.45%,26570.49,13365.70,4.76%
2024-05-16,Cycle_2,3640.36,5.64,20531.63,42,1.19%,41456.85,27031.97,8.65%
2024-05-16,Cycle_3,3640.36,8.82,32107.97,54,4.32%,52271.94,41932.37,14.57%
2024-05-16,Cycle_4,3640.36,11.48,41791.32,378,0.19%,55792.01,55792.01,24.32%
2024-05-17,Cycle_1,3677.97,2.7800000000000002,10224.76,11,1.49%,26570.49,13365.70,4.76%
2024-05-17,Cycle_2,3677.97,5.64,20743.75,43,2.24%,41456.85,27031.97,8.65%
2024-05-17,Cycle_3,3677.97,8.82,32439.69,55,5.39%,52271.94,41932.37,14.57%
2024-05-17,Cycle_4,3677.97,11.48,42223.09,379,1.23%,55792.01,55792.01,24.32%
2024-05-20,Cycle_1,3690.96,2.7800000000000002,10260.88,12,1.85%,26570.49,13365.70,4.76%
2024-05-20,Cycle_2,3690.96,5.64,20817.03,44,2.60%,41456.85,27031.97,8.65%
2024-05-20,Cycle_3,3690.96,8.82,32554.29,56,5.77%,52271.94,41932.37,14.57%
2024-05-20,Cycle_4,3690.96,11.48,42372.25,380,1.59%,55792.01,55792.01,24.32%
2024-05-21,Cycle_1,3676.16,2.7800000000000002,10219.73,13,1.44%,26570.49,13365.70,4.76%
2024-05-21,Cycle_2,3676.16,5.64,20733.55,45,2.19%,41456.85,27031.97,8.65%
2024-05-21,Cycle_3,3676.16,8.82,32423.74,57,5.34%,52271.94,41932.37,14.57%
2024-05-21,Cycle_4,3676.16,11.48,42202.33,381,1.18%,55792.01,55792.01,24.32%
2024-05-22,Cycle_1,3684.45,2.7800000000000002,10242.77,14,1.67%,26570.49,13365.70,4.76%
2024-05-22,Cycle_2,3684.45,5.64,20780.30,46,2.42%,41456.85,27031.97,8.65%
2024-05-22,Cycle_3,3684.45,8.82,32496.86,58,5.58%,52271.94,41932.37,14.57%
2024-05-22,Cycle_4,3684.45,11.48,42297.50,382,1.41%,55792.01,55792.01,24.32%
2024-05-23,Cycle_1,3641.79,2.7800000000000002,10124.18,15,0.49%,26570.49,13365.70,4.76%
2024-05-23,Cycle_2,3641.79,5.64,20539.71,47,1.23%,41456.85,27031.97,8.65%
2024-05-23,Cycle_3,3641.79,8.82,32120.60,59,4.36%,52271.94,41932.37,14.57%
2024-05-23,Cycle_4,3641.79,11.48,41807.77,383,0.23%,55792.01,55792.01,24.32%
2024-05-24,Cycle_1,3601.48,2.7800000000000002,10012.10,16,-0.62%,26570.49,13365.70,4.76%
2024-05-24,Cycle_2,3601.48,5.64,20312.32,48,0.11%,41456.85,27031.97,8.65%
2024-05-24,Cycle_3,3601.48,8.82,31765.01,60,3.20%,52271.94,41932.37,14.57%
2024-05-24,Cycle_4,3601.48,11.48,41344.94,384,-0.88%,55792.01,55792.01,24.32%
2024-05-27,Cycle_1,3635.71,2.7800000000000002,10107.27,17,0.33%,26570.49,13365.70,4.76%
2024-05-27,Cycle_2,3635.71,5.64,20505.39,49,1.06%,41456.85,27031.97,8.65%
2024-05-27,Cycle_3,3635.71,8.82,32066.94,61,4.18%,52271.94,41932.37,14.57%
2024-05-27,Cycle_4,3635.71,11.48,41737.93,385,0.06%,55792.01,55792.01,24.32%
2024-05-28,Cycle_1,3609.17,2.7800000000000002,10033.50,18,-0.41%,26570.49,13365.70,4.76%
2024-05-28,Cycle_2,3609.17,5.64,20355.73,50,0.32%,41456.85,27031.97,8.65%
2024-05-28,Cycle_3,3609.17,8.82,31832.90,62,3.42%,52271.94,41932.37,14.57%
2024-05-28,Cycle_4,3609.17,11.48,41433.30,386,-0.67%,55792.01,55792.01,24.32%
2024-05-29,Cycle_1,3613.52,2.7800000000000002,10045.59,19,-0.29%,26570.49,13365.70,4.76%
2024-05-29,Cycle_2,3613.52,5.64,20380.27,51,0.45%,41456.85,27031.97,8.65%
2024-05-29,Cycle_3,3613.52,8.82,31871.27,63,3.55%,52271.94,41932.37,14.57%
2024-05-29,Cycle_4,3613.52,11.48,41483.24,387,-0.55%,55792.01,55792.01,24.32%
2024-05-30,Cycle_1,3594.31,2.7800000000000002,9992.19,20,-0.82%,26570.49,13365.70,4.76%
2024-05-30,Cycle_2,3594.31,5.64,20271.92,52,-0.09%,41456.85,27031.97,8.65%
2024-05-30,Cycle_3,3594.31,8.82,31701.83,64,3.00%,52271.94,41932.37,14.57%
2024-05-30,Cycle_4,3594.31,11.48,41262.70,388,-1.08%,55792.01,55792.01,24.32%
2024-05-31,Cycle_1,3579.92,2.7800000000000002,9952.19,21,-1.21%,26570.49,13365.70,4.76%
2024-05-31,Cycle_2,3579.92,5.64,20190.78,53,-0.49%,41456.85,27031.97,8.65%
2024-05-31,Cycle_3,3579.92,8.82,31574.94,65,2.58%,52271.94,41932.37,14.57%
2024-05-31,Cycle_4,3579.92,11.48,41097.54,389,-1.47%,55792.01,55792.01,24.32%
2024-06-03,Cycle_1,3588.75,2.7800000000000002,9976.72,22,-0.97%,26570.49,13365.70,4.76%
2024-06-03,Cycle_2,3588.75,5.64,20240.54,54,-0.24%,41456.85,27031.97,8.65%
2024-06-03,Cycle_3,3588.75,8.82,31652.76,66,2.84%,52271.94,41932.37,14.57%
2024-06-03,Cycle_4,3588.75,11.48,41198.83,390,-1.23%,55792.01,55792.01,24.32%
2024-06-04,Cycle_1,3615.67,2.7800000000000002,10051.57,23,-0.23%,26570.49,13365.70,4.76%
2024-06-04,Cycle_2,3615.67,5.64,20392.39,55,0.51%,41456.85,27031.97,8.65%
2024-06-04,Cycle_3,3615.67,8.82,31890.22,67,3.61%,52271.94,41932.37,14.57%
2024-06-04,Cycle_4,3615.67,11.48,41507.91,391,-0.49%,55792.01,55792.01,24.32%
2024-06-05,Cycle_1,3594.79,2.7800000000000002,9993.53,24,-0.80%,26570.49,13365.70,4.76%
2024-06-05,Cycle_2,3594.79,5.64,20274.64,56,-0.08%,41456.85,27031.97,8.65%
2024-06-05,Cycle_3,3594.79,8.82,31706.08,68,3.01%,52271.94,41932.37,14.57%
2024-06-05,Cycle_4,3594.79,11.48,41268.23,392,-1.06%,55792.01,55792.01,24.32%
2024-06-06,Cycle_1,3592.25,2.7800000000000002,9986.44,25,-0.87%,26570.49,13365.70,4.76%
2024-06-06,Cycle_2,3592.25,5.64,20260.26,57,-0.15%,41456.85,27031.97,8.65%
2024-06-06,Cycle_3,3592.25,8.82,31683.60,69,2.94%,52271.94,41932.37,14.57%
2024-06-06,Cycle_4,3592.25,11.48,41238.98,393,-1.13%,55792.01,55792.01,24.32%
2024-06-07,Cycle_1,3574.11,2.7800000000000002,9936.04,26,-1.37%,26570.49,13365.70,4.76%
2024-06-07,Cycle_2,3574.11,5.64,20158.00,58,-0.65%,41456.85,27031.97,8.65%
2024-06-07,Cycle_3,3574.11,8.82,31523.69,70,2.42%,52271.94,41932.37,14.57%
2024-06-07,Cycle_4,3574.11,11.48,41030.83,394,-1.63%,55792.01,55792.01,24.32%
2024-06-11,Cycle_1,3542.88,2.8400000000000003,10061.77,0,0.00%,26783.06,13578.27,4.76%
2024-06-11,Cycle_2,3542.88,5.64,19981.83,59,-1.52%,41456.85,27031.97,8.65%
2024-06-11,Cycle_3,3542.88,8.82,31248.18,71,1.52%,52271.94,41932.37,14.57%
2024-06-11,Cycle_4,3542.88,11.48,40672.23,395,-2.49%,55792.01,55792.01,24.32%
2024-06-12,Cycle_1,3544.12,2.8400000000000003,10065.31,1,0.04%,26783.06,13578.27,4.76%
2024-06-12,Cycle_2,3544.12,5.64,19988.85,60,-1.48%,41456.85,27031.97,8.65%
2024-06-12,Cycle_3,3544.12,8.82,31259.16,72,1.56%,52271.94,41932.37,14.57%
2024-06-12,Cycle_4,3544.12,11.48,40686.53,396,-2.46%,55792.01,55792.01,24.32%
2024-06-13,Cycle_1,3526.13,2.8400000000000003,10014.21,2,-0.47%,26783.06,13578.27,4.76%
2024-06-13,Cycle_2,3526.13,5.64,19887.38,61,-1.98%,41456.85,27031.97,8.65%
2024-06-13,Cycle_3,3526.13,8.82,31100.47,73,1.04%,52271.94,41932.37,14.57%
2024-06-13,Cycle_4,3526.13,11.48,40479.98,397,-2.95%,55792.01,55792.01,24.32%
2024-06-14,Cycle_1,3541.53,2.8400000000000003,10057.95,3,-0.04%,26783.06,13578.27,4.76%
2024-06-14,Cycle_2,3541.53,5.64,19974.25,62,-1.56%,41456.85,27031.97,8.65%
2024-06-14,Cycle_3,3541.53,8.82,31236.32,74,1.48%,52271.94,41932.37,14.57%
2024-06-14,Cycle_4,3541.53,11.48,40656.80,398,-2.53%,55792.01,55792.01,24.32%
2024-06-17,Cycle_1,3536.20,2.8400000000000003,10042.80,4,-0.19%,26783.06,13578.27,4.76%
2024-06-17,Cycle_2,3536.20,5.64,19944.16,63,-1.70%,41456.85,27031.97,8.65%
2024-06-17,Cycle_3,3536.20,8.82,31189.27,75,1.33%,52271.94,41932.37,14.57%
2024-06-17,Cycle_4,3536.20,11.48,40595.56,399,-2.67%,55792.01,55792.01,24.32%
2024-06-18,Cycle_1,3545.59,2.8400000000000003,10069.48,5,0.08%,26783.06,13578.27,4.76%
2024-06-18,Cycle_2,3545.59,5.64,19997.13,64,-1.44%,41456.85,27031.97,8.65%
2024-06-18,Cycle_3,3545.59,8.82,31272.11,76,1.60%,52271.94,41932.37,14.57%
2024-06-18,Cycle_4,3545.59,11.48,40703.38,400,-2.42%,55792.01,55792.01,24.32%
2024-06-19,Cycle_1,3528.75,2.8400000000000003,10021.65,6,-0.40%,26783.06,13578.27,4.76%
2024-06-19,Cycle_2,3528.75,5.64,19902.14,65,-1.91%,41456.85,27031.97,8.65%
2024-06-19,Cycle_3,3528.75,8.82,31123.57,77,1.12%,52271.94,41932.37,14.57%
2024-06-19,Cycle_4,3528.75,11.48,40510.04,401,-2.88%,55792.01,55792.01,24.32%
2024-06-20,Cycle_1,3503.28,2.8400000000000003,9949.32,7,-1.12%,26783.06,13578.27,4.76%
2024-06-20,Cycle_2,3503.28,5.64,19758.51,66,-2.62%,41456.85,27031.97,8.65%
2024-06-20,Cycle_3,3503.28,8.82,30898.94,78,0.39%,52271.94,41932.37,14.57%
2024-06-20,Cycle_4,3503.28,11.48,40217.67,402,-3.58%,55792.01,55792.01,24.32%
2024-06-21,Cycle_1,3495.62,2.8400000000000003,9927.56,8,-1.33%,26783.06,13578.27,4.76%
2024-06-21,Cycle_2,3495.62,5.64,19715.30,67,-2.83%,41456.85,27031.97,8.65%
2024-06-21,Cycle_3,3495.62,8.82,30831.37,79,0.17%,52271.94,41932.37,14.57%
2024-06-21,Cycle_4,3495.62,11.48,40129.72,403,-3.79%,55792.01,55792.01,24.32%
2024-06-24,Cycle_1,3476.81,2.8400000000000003,9874.14,9,-1.86%,26783.06,13578.27,4.76%
2024-06-24,Cycle_2,3476.81,5.64,19609.21,68,-3.35%,41456.85,27031.97,8.65%
2024-06-24,Cycle_3,3476.81,8.82,30665.47,80,-0.37%,52271.94,41932.37,14.57%
2024-06-24,Cycle_4,3476.81,11.48,39913.78,404,-4.31%,55792.01,55792.01,24.32%
2024-06-25,Cycle_1,3457.90,2.9000000000000004,10027.92,0,0.00%,26990.54,13785.75,4.76%
2024-06-25,Cycle_2,3457.90,5.64,19502.57,69,-3.88%,41456.85,27031.97,8.65%
2024-06-25,Cycle_3,3457.90,8.82,30498.70,81,-0.91%,52271.94,41932.37,14.57%
2024-06-25,Cycle_4,3457.90,11.48,39696.72,405,-4.83%,55792.01,55792.01,24.32%
2024-06-26,Cycle_1,3480.26,2.9000000000000004,10092.77,1,0.65%,26990.54,13785.75,4.76%
2024-06-26,Cycle_2,3480.26,5.64,19628.69,70,-3.26%,41456.85,27031.97,8.65%
2024-06-26,Cycle_3,3480.26,8.82,30695.94,82,-0.27%,52271.94,41932.37,14.57%
2024-06-26,Cycle_4,3480.26,11.48,39953.44,406,-4.21%,55792.01,55792.01,24.32%
2024-06-27,Cycle_1,3454.12,2.9000000000000004,10016.94,2,-0.11%,26990.54,13785.75,4.76%
2024-06-27,Cycle_2,3454.12,5.64,19481.22,71,-3.99%,41456.85,27031.97,8.65%
2024-06-27,Cycle_3,3454.12,8.82,30465.32,83,-1.02%,52271.94,41932.37,14.57%
2024-06-27,Cycle_4,3454.12,11.48,39653.27,407,-4.93%,55792.01,55792.01,24.32%
2024-06-28,Cycle_1,3461.66,2.9000000000000004,10038.81,3,0.11%,26990.54,13785.75,4.76%
2024-06-28,Cycle_2,3461.66,5.64,19523.75,72,-3.78%,41456.85,27031.97,8.65%
2024-06-28,Cycle_3,3461.66,8.82,30531.81,84,-0.80%,52271.94,41932.37,14.57%
2024-06-28,Cycle_4,3461.66,11.48,39739.82,408,-4.73%,55792.01,55792.01,24.32%
2024-07-01,Cycle_1,3478.18,2.9000000000000004,10086.73,4,0.59%,26990.54,13785.75,4.76%
2024-07-01,Cycle_2,3478.18,5.64,19616.95,73,-3.32%,41456.85,27031.97,8.65%
2024-07-01,Cycle_3,3478.18,8.82,30677.57,85,-0.33%,52271.94,41932.37,14.57%
2024-07-01,Cycle_4,3478.18,11.48,39929.54,409,-4.27%,55792.01,55792.01,24.32%
2024-07-02,Cycle_1,3471.79,2.9000000000000004,10068.18,5,0.40%,26990.54,13785.75,4.76%
2024-07-02,Cycle_2,3471.79,5.64,19580.87,74,-3.49%,41456.85,27031.97,8.65%
2024-07-02,Cycle_3,3471.79,8.82,30621.15,86,-0.51%,52271.94,41932.37,14.57%
2024-07-02,Cycle_4,3471.79,11.48,39856.10,410,-4.45%,55792.01,55792.01,24.32%
2024-07-03,Cycle_1,3463.41,2.9000000000000004,10043.90,6,0.16%,26990.54,13785.75,4.76%
2024-07-03,Cycle_2,3463.41,5.64,19533.66,75,-3.73%,41456.85,27031.97,8.65%
2024-07-03,Cycle_3,3463.41,8.82,30547.31,87,-0.75%,52271.94,41932.37,14.57%
2024-07-03,Cycle_4,3463.41,11.48,39759.99,411,-4.68%,55792.01,55792.01,24.32%
2024-07-04,Cycle_1,3445.81,2.9000000000000004,9992.86,7,-0.35%,26990.54,13785.75,4.76%
2024-07-04,Cycle_2,3445.81,5.93,20433.67,0,0.00%,42456.13,28031.25,8.65%
2024-07-04,Cycle_3,3445.81,8.82,30392.07,88,-1.26%,52271.94,41932.37,14.57%
2024-07-04,Cycle_4,3445.81,11.48,39557.93,412,-5.16%,55792.01,55792.01,24.32%
2024-07-05,Cycle_1,3431.06,2.9000000000000004,9950.08,8,-0.78%,26990.54,13785.75,4.76%
2024-07-05,Cycle_2,3431.06,5.93,20346.19,1,-0.43%,42456.13,28031.25,8.65%
2024-07-05,Cycle_3,3431.06,8.82,30261.95,89,-1.68%,52271.94,41932.37,14.57%
2024-07-05,Cycle_4,3431.06,11.48,39388.57,413,-5.57%,55792.01,55792.01,24.32%
2024-07-08,Cycle_1,3401.76,2.9000000000000004,9865.11,9,-1.62%,26990.54,13785.75,4.76%
2024-07-08,Cycle_2,3401.76,5.93,20172.44,2,-1.28%,42456.13,28031.25,8.65%
2024-07-08,Cycle_3,3401.76,8.82,30003.53,90,-2.52%,52271.94,41932.37,14.57%
2024-07-08,Cycle_4,3401.76,11.48,39052.21,414,-6.37%,55792.01,55792.01,24.32%
2024-07-09,Cycle_1,3439.81,2.9000000000000004,9975.45,10,-0.52%,26990.54,13785.75,4.76%
2024-07-09,Cycle_2,3439.81,5.93,20398.08,3,-0.17%,42456.13,28031.25,8.65%
2024-07-09,Cycle_3,3439.81,8.82,30339.13,91,-1.43%,52271.94,41932.37,14.57%
2024-07-09,Cycle_4,3439.81,11.48,39489.03,415,-5.33%,55792.01,55792.01,24.32%
2024-07-10,Cycle_1,3428.97,2.9000000000000004,9944.00,11,-0.84%,26990.54,13785.75,4.76%
2024-07-10,Cycle_2,3428.97,5.93,20333.77,4,-0.49%,42456.13,28031.25,8.65%
2024-07-10,Cycle_3,3428.97,8.82,30243.48,92,-1.74%,52271.94,41932.37,14.57%
2024-07-10,Cycle_4,3428.97,11.48,39364.53,416,-5.63%,55792.01,55792.01,24.32%
2024-07-11,Cycle_1,3468.17,2.9000000000000004,10057.69,12,0.30%,26990.54,13785.75,4.76%
2024-07-11,Cycle_2,3468.17,5.93,20566.24,5,0.65%,42456.13,28031.25,8.65%
2024-07-11,Cycle_3,3468.17,8.82,30589.25,93,-0.62%,52271.94,41932.37,14.57%
2024-07-11,Cycle_4,3468.17,11.48,39814.58,417,-4.55%,55792.01,55792.01,24.32%
2024-07-12,Cycle_1,3472.40,2.9000000000000004,10069.96,13,0.42%,26990.54,13785.75,4.76%
2024-07-12,Cycle_2,3472.40,5.93,20591.34,6,0.77%,42456.13,28031.25,8.65%
2024-07-12,Cycle_3,3472.40,8.82,30626.58,94,-0.50%,52271.94,41932.37,14.57%
2024-07-12,Cycle_4,3472.40,11.48,39863.17,418,-4.43%,55792.01,55792.01,24.32%
2024-07-15,Cycle_1,3476.25,2.9000000000000004,10081.12,14,0.53%,26990.54,13785.75,4.76%
2024-07-15,Cycle_2,3476.25,5.93,20614.14,7,0.88%,42456.13,28031.25,8.65%
2024-07-15,Cycle_3,3476.25,8.82,30660.50,95,-0.39%,52271.94,41932.37,14.57%
2024-07-15,Cycle_4,3476.25,11.48,39907.31,419,-4.32%,55792.01,55792.01,24.32%
2024-07-16,Cycle_1,3498.28,2.9000000000000004,10145.02,15,1.17%,26990.54,13785.75,4.76%
2024-07-16,Cycle_2,3498.28,5.93,20744.82,8,1.52%,42456.13,28031.25,8.65%
2024-07-16,Cycle_3,3498.28,8.82,30854.85,96,0.24%,52271.94,41932.37,14.57%
2024-07-16,Cycle_4,3498.28,11.48,40160.29,420,-3.72%,55792.01,55792.01,24.32%
2024-07-17,Cycle_1,3501.58,2.9000000000000004,10154.59,16,1.26%,26990.54,13785.75,4.76%
2024-07-17,Cycle_2,3501.58,5.93,20764.39,9,1.62%,42456.13,28031.25,8.65%
2024-07-17,Cycle_3,3501.58,8.82,30883.97,97,0.34%,52271.94,41932.37,14.57%
2024-07-17,Cycle_4,3501.58,11.48,40198.18,421,-3.63%,55792.01,55792.01,24.32%
2024-07-18,Cycle_1,3520.93,2.9000000000000004,10210.70,17,1.82%,26990.54,13785.75,4.76%
2024-07-18,Cycle_2,3520.93,5.93,20879.12,10,2.18%,42456.13,28031.25,8.65%
2024-07-18,Cycle_3,3520.93,8.82,31054.61,98,0.89%,52271.94,41932.37,14.57%
2024-07-18,Cycle_4,3520.93,11.48,40420.29,422,-3.09%,55792.01,55792.01,24.32%
2024-07-19,Cycle_1,3539.02,2.8500000000000005,10086.19,0,0.00%,26990.54,13608.79,4.76%
2024-07-19,Cycle_2,3539.02,5.93,20986.36,11,2.70%,42456.13,28031.25,8.65%
2024-07-19,Cycle_3,3539.02,8.82,31214.12,99,1.41%,52271.94,41932.37,14.57%
2024-07-19,Cycle_4,3539.02,11.48,40627.90,423,-2.60%,55792.01,55792.01,24.32%
2024-07-22,Cycle_1,3514.92,2.8500000000000005,10017.54,1,-0.68%,26990.54,13608.79,4.76%
2024-07-22,Cycle_2,3514.92,5.93,20843.50,12,2.01%,42456.13,28031.25,8.65%
2024-07-22,Cycle_3,3514.92,8.82,31001.64,100,0.72%,52271.94,41932.37,14.57%
2024-07-22,Cycle_4,3514.92,11.48,40351.34,424,-3.26%,55792.01,55792.01,24.32%
2024-07-23,Cycle_1,3439.88,2.9100000000000006,10010.04,0,0.00%,27196.93,13815.19,4.76%
2024-07-23,Cycle_2,3439.88,5.93,20398.48,13,-0.17%,42456.13,28031.25,8.65%
2024-07-23,Cycle_3,3439.88,8.82,30339.72,101,-1.43%,52271.94,41932.37,14.57%
2024-07-23,Cycle_4,3439.88,11.48,39489.80,425,-5.33%,55792.01,55792.01,24.32%
2024-07-24,Cycle_1,3418.17,2.9100000000000006,9946.86,1,-0.63%,27196.93,13815.19,4.76%
2024-07-24,Cycle_2,3418.17,5.93,20269.73,14,-0.80%,42456.13,28031.25,8.65%
2024-07-24,Cycle_3,3418.17,8.82,30148.23,102,-2.05%,52271.94,41932.37,14.57%
2024-07-24,Cycle_4,3418.17,11.48,39240.55,426,-5.92%,55792.01,55792.01,24.32%
2024-07-25,Cycle_1,3399.27,2.9100000000000006,9891.88,2,-1.18%,27196.93,13815.19,4.76%
2024-07-25,Cycle_2,3399.27,5.93,20157.68,15,-1.35%,42456.13,28031.25,8.65%
2024-07-25,Cycle_3,3399.27,8.82,29981.58,103,-2.59%,52271.94,41932.37,14.57%
2024-07-25,Cycle_4,3399.27,11.48,39023.64,427,-6.44%,55792.01,55792.01,24.32%
2024-07-26,Cycle_1,3409.29,2.9100000000000006,9921.04,3,-0.89%,27196.93,13815.19,4.76%
2024-07-26,Cycle_2,3409.29,5.93,20217.11,16,-1.06%,42456.13,28031.25,8.65%
2024-07-26,Cycle_3,3409.29,8.82,30069.97,104,-2.31%,52271.94,41932.37,14.57%
2024-07-26,Cycle_4,3409.29,11.48,39138.68,428,-6.17%,55792.01,55792.01,24.32%
2024-07-29,Cycle_1,3390.74,2.9100000000000006,9867.06,4,-1.43%,27196.93,13815.19,4.76%
2024-07-29,Cycle_2,3390.74,5.93,20107.10,17,-1.60%,42456.13,28031.25,8.65%
2024-07-29,Cycle_3,3390.74,8.82,29906.34,105,-2.84%,52271.94,41932.37,14.57%
2024-07-29,Cycle_4,3390.74,11.48,38925.72,429,-6.68%,55792.01,55792.01,24.32%
2024-07-30,Cycle_1,3369.38,2.9700000000000006,10007.06,0,0.00%,27399.09,14017.35,4.76%
2024-07-30,Cycle_2,3369.38,5.93,19980.44,18,-2.22%,42456.13,28031.25,8.65%
2024-07-30,Cycle_3,3369.38,8.82,29717.95,106,-3.45%,52271.94,41932.37,14.57%
2024-07-30,Cycle_4,3369.38,11.48,38680.51,430,-7.27%,55792.01,55792.01,24.32%
2024-07-31,Cycle_1,3442.08,2.920000000000001,10050.89,0,0.00%,27399.09,13845.25,4.76%
2024-07-31,Cycle_2,3442.08,5.93,20411.56,19,-0.11%,42456.13,28031.25,8.65%
2024-07-31,Cycle_3,3442.08,8.82,30359.18,107,-1.37%,52271.94,41932.37,14.57%
2024-07-31,Cycle_4,3442.08,11.48,39515.13,431,-5.26%,55792.01,55792.01,24.32%
2024-08-01,Cycle_1,3419.27,2.920000000000001,9984.26,1,-0.66%,27399.09,13845.25,4.76%
2024-08-01,Cycle_2,3419.27,5.93,20276.25,20,-0.77%,42456.13,28031.25,8.65%
2024-08-01,Cycle_3,3419.27,8.82,30157.93,108,-2.02%,52271.94,41932.37,14.57%
2024-08-01,Cycle_4,3419.27,11.48,39253.18,432,-5.89%,55792.01,55792.01,24.32%
2024-08-02,Cycle_1,3384.39,2.920000000000001,9882.42,2,-1.68%,27399.09,13845.25,4.76%
2024-08-02,Cycle_2,3384.39,5.93,20069.44,21,-1.78%,42456.13,28031.25,8.65%
2024-08-02,Cycle_3,3384.39,8.82,29850.34,109,-3.02%,52271.94,41932.37,14.57%
2024-08-02,Cycle_4,3384.39,11.48,38852.82,433,-6.85%,55792.01,55792.01,24.32%
2024-08-05,Cycle_1,3343.32,2.9900000000000007,9996.53,0,0.00%,27633.13,14079.28,4.76%
2024-08-05,Cycle_2,3343.32,5.93,19825.89,22,-2.97%,42456.13,28031.25,8.65%
2024-08-05,Cycle_3,3343.32,8.82,29488.09,110,-4.20%,52271.94,41932.37,14.57%
2024-08-05,Cycle_4,3343.32,11.48,38381.32,434,-7.98%,55792.01,55792.01,24.32%
2024-08-06,Cycle_1,3342.98,2.9900000000000007,9995.51,1,-0.01%,27633.13,14079.28,4.76%
2024-08-06,Cycle_2,3342.98,5.93,19823.86,23,-2.98%,42456.13,28031.25,8.65%
2024-08-06,Cycle_3,3342.98,8.82,29485.07,111,-4.21%,52271.94,41932.37,14.57%
2024-08-06,Cycle_4,3342.98,11.48,38377.40,435,-7.99%,55792.01,55792.01,24.32%
2024-08-07,Cycle_1,3341.49,2.9900000000000007,9991.05,2,-0.05%,27633.13,14079.28,4.76%
2024-08-07,Cycle_2,3341.49,5.93,19815.03,24,-3.03%,42456.13,28031.25,8.65%
2024-08-07,Cycle_3,3341.49,8.82,29471.93,112,-4.25%,52271.94,41932.37,14.57%
2024-08-07,Cycle_4,3341.49,11.48,38360.29,436,-8.03%,55792.01,55792.01,24.32%
2024-08-08,Cycle_1,3342.94,2.9900000000000007,9995.38,3,-0.01%,27633.13,14079.28,4.76%
2024-08-08,Cycle_2,3342.94,5.93,19823.62,25,-2.99%,42456.13,28031.25,8.65%
2024-08-08,Cycle_3,3342.94,8.82,29484.70,113,-4.21%,52271.94,41932.37,14.57%
2024-08-08,Cycle_4,3342.94,11.48,38376.92,437,-7.99%,55792.01,55792.01,24.32%
2024-08-09,Cycle_1,3331.63,2.9900000000000007,9961.57,4,-0.35%,27633.13,14079.28,4.76%
2024-08-09,Cycle_2,3331.63,5.93,19756.55,26,-3.31%,42456.13,28031.25,8.65%
2024-08-09,Cycle_3,3331.63,8.82,29384.95,114,-4.53%,52271.94,41932.37,14.57%
2024-08-09,Cycle_4,3331.63,11.48,38247.08,438,-8.30%,55792.01,55792.01,24.32%
2024-08-12,Cycle_1,3325.86,2.9900000000000007,9944.33,5,-0.52%,27633.13,14079.28,4.76%
2024-08-12,Cycle_2,3325.86,5.93,19722.38,27,-3.48%,42456.13,28031.25,8.65%
2024-08-12,Cycle_3,3325.86,8.82,29334.12,115,-4.70%,52271.94,41932.37,14.57%
2024-08-12,Cycle_4,3325.86,11.48,38180.92,439,-8.46%,55792.01,55792.01,24.32%
2024-08-13,Cycle_1,3334.39,2.9900000000000007,9969.83,6,-0.27%,27633.13,14079.28,4.76%
2024-08-13,Cycle_2,3334.39,5.93,19772.93,28,-3.23%,42456.13,28031.25,8.65%
2024-08-13,Cycle_3,3334.39,8.82,29409.32,116,-4.45%,52271.94,41932.37,14.57%
2024-08-13,Cycle_4,3334.39,11.48,38278.80,440,-8.23%,55792.01,55792.01,24.32%
2024-08-14,Cycle_1,3309.24,2.9900000000000007,9894.62,7,-1.02%,27633.13,14079.28,4.76%
2024-08-14,Cycle_2,3309.24,5.93,19623.79,29,-3.96%,42456.13,28031.25,8.65%
2024-08-14,Cycle_3,3309.24,8.82,29187.49,117,-5.17%,52271.94,41932.37,14.57%
2024-08-14,Cycle_4,3309.24,11.48,37990.06,441,-8.92%,55792.01,55792.01,24.32%
2024-08-15,Cycle_1,3341.95,2.9900000000000007,9992.44,8,-0.04%,27633.13,14079.28,4.76%
2024-08-15,Cycle_2,3341.95,5.93,19817.78,30,-3.01%,42456.13,28031.25,8.65%
2024-08-15,Cycle_3,3341.95,8.82,29476.03,118,-4.23%,52271.94,41932.37,14.57%
2024-08-15,Cycle_4,3341.95,11.48,38365.62,442,-8.02%,55792.01,55792.01,24.32%
2024-08-16,Cycle_1,3345.63,2.9900000000000007,10003.45,9,0.07%,27633.13,14079.28,4.76%
2024-08-16,Cycle_2,3345.63,5.93,19839.61,31,-2.91%,42456.13,28031.25,8.65%
2024-08-16,Cycle_3,3345.63,8.82,29508.49,119,-4.13%,52271.94,41932.37,14.57%
2024-08-16,Cycle_4,3345.63,11.48,38407.88,443,-7.92%,55792.01,55792.01,24.32%
2024-08-19,Cycle_1,3356.97,2.9900000000000007,10037.33,10,0.41%,27633.13,14079.28,4.76%
2024-08-19,Cycle_2,3356.97,5.93,19906.82,32,-2.58%,42456.13,28031.25,8.65%
2024-08-19,Cycle_3,3356.97,8.82,29608.46,120,-3.80%,52271.94,41932.37,14.57%
2024-08-19,Cycle_4,3356.97,11.48,38537.99,444,-7.61%,55792.01,55792.01,24.32%
2024-08-20,Cycle_1,3332.70,2.9900000000000007,9964.78,11,-0.32%,27633.13,14079.28,4.76%
2024-08-20,Cycle_2,3332.70,5.93,19762.93,33,-3.28%,42456.13,28031.25,8.65%
2024-08-20,Cycle_3,3332.70,8.82,29394.44,121,-4.50%,52271.94,41932.37,14.57%
2024-08-20,Cycle_4,3332.70,11.48,38259.44,445,-8.28%,55792.01,55792.01,24.32%
2024-08-21,Cycle_1,3321.64,2.9900000000000007,9931.69,12,-0.65%,27633.13,14079.28,4.76%
2024-08-21,Cycle_2,3321.64,5.93,19697.30,34,-3.60%,42456.13,28031.25,8.65%
2024-08-21,Cycle_3,3321.64,8.82,29296.82,122,-4.82%,52271.94,41932.37,14.57%
2024-08-21,Cycle_4,3321.64,11.48,38132.37,446,-8.58%,55792.01,55792.01,24.32%
2024-08-22,Cycle_1,3313.14,2.9900000000000007,9906.28,13,-0.90%,27633.13,14079.28,4.76%
2024-08-22,Cycle_2,3313.14,5.93,19646.89,35,-3.85%,42456.13,28031.25,8.65%
2024-08-22,Cycle_3,3313.14,8.82,29221.86,123,-5.06%,52271.94,41932.37,14.57%
2024-08-22,Cycle_4,3313.14,11.48,38034.80,447,-8.81%,55792.01,55792.01,24.32%
2024-08-23,Cycle_1,3327.19,2.9900000000000007,9948.30,14,-0.48%,27633.13,14079.28,4.76%
2024-08-23,Cycle_2,3327.19,5.93,19730.24,36,-3.44%,42456.13,28031.25,8.65%
2024-08-23,Cycle_3,3327.19,8.82,29345.82,124,-4.66%,52271.94,41932.37,14.57%
2024-08-23,Cycle_4,3327.19,11.48,38196.15,448,-8.43%,55792.01,55792.01,24.32%
2024-08-26,Cycle_1,3324.22,2.9900000000000007,9939.43,15,-0.57%,27633.13,14079.28,4.76%
2024-08-26,Cycle_2,3324.22,5.93,19712.64,37,-3.53%,42456.13,28031.25,8.65%
2024-08-26,Cycle_3,3324.22,8.82,29319.65,125,-4.74%,52271.94,41932.37,14.57%
2024-08-26,Cycle_4,3324.22,11.48,38162.08,449,-8.51%,55792.01,55792.01,24.32%
2024-08-27,Cycle_1,3305.33,2.9900000000000007,9882.95,16,-1.14%,27633.13,14079.28,4.76%
2024-08-27,Cycle_2,3305.33,6.12,20228.64,0,0.00%,43084.15,28659.27,8.65%
2024-08-27,Cycle_3,3305.33,8.82,29153.04,126,-5.28%,52271.94,41932.37,14.57%
2024-08-27,Cycle_4,3305.33,11.48,37945.23,450,-9.03%,55792.01,55792.01,24.32%
2024-08-28,Cycle_1,3286.50,2.9900000000000007,9826.62,17,-1.70%,27633.13,14079.28,4.78%
2024-08-28,Cycle_2,3286.50,6.12,20113.35,1,-0.57%,43084.15,28659.27,8.65%
2024-08-28,Cycle_3,3286.50,8.82,28986.89,127,-5.82%,52271.94,41932.37,14.57%
2024-08-28,Cycle_4,3286.50,11.48,37728.97,451,-9.55%,55792.01,55792.01,24.32%
2024-08-29,Cycle_1,3277.68,2.9900000000000007,9800.27,18,-1.96%,27633.13,14079.28,5.04%
2024-08-29,Cycle_2,3277.68,6.12,20059.41,2,-0.84%,43084.15,28659.27,8.65%
2024-08-29,Cycle_3,3277.68,8.82,28909.15,128,-6.08%,52271.94,41932.37,14.57%
2024-08-29,Cycle_4,3277.68,11.48,37627.78,452,-9.79%,55792.01,55792.01,24.32%
2024-08-30,Cycle_1,3321.43,2.9900000000000007,9931.08,19,-0.65%,27633.13,14079.28,5.04%
2024-08-30,Cycle_2,3321.43,6.12,20327.17,3,0.49%,43084.15,28659.27,8.65%
2024-08-30,Cycle_3,3321.43,8.82,29295.03,129,-4.82%,52271.94,41932.37,14.57%
2024-08-30,Cycle_4,3321.43,11.48,38130.04,453,-8.59%,55792.01,55792.01,24.32%
2024-09-02,Cycle_1,3265.01,3.0800000000000005,10056.23,0,0.00%,27926.98,14373.13,5.04%
2024-09-02,Cycle_2,3265.01,6.12,19981.87,4,-1.22%,43084.15,28659.27,8.65%
2024-09-02,Cycle_3,3265.01,8.82,28797.40,130,-6.44%,52271.94,41932.37,14.57%
2024-09-02,Cycle_4,3265.01,11.48,37482.33,454,-10.14%,55792.01,55792.01,24.32%
2024-09-03,Cycle_1,3273.43,3.0800000000000005,10082.16,1,0.26%,27926.98,14373.13,5.04%
2024-09-03,Cycle_2,3273.43,6.12,20033.38,5,-0.97%,43084.15,28659.27,8.65%
2024-09-03,Cycle_3,3273.43,8.82,28871.64,131,-6.20%,52271.94,41932.37,14.57%
2024-09-03,Cycle_4,3273.43,11.48,37578.96,455,-9.91%,55792.01,55792.01,24.32%
2024-09-04,Cycle_1,3252.16,3.0800000000000005,10016.67,2,-0.39%,27926.98,14373.13,5.04%
2024-09-04,Cycle_2,3252.16,6.12,19903.25,6,-1.61%,43084.15,28659.27,8.65%
2024-09-04,Cycle_3,3252.16,8.82,28684.09,132,-6.81%,52271.94,41932.37,14.57%
2024-09-04,Cycle_4,3252.16,11.48,37334.85,456,-10.49%,55792.01,55792.01,24.32%
2024-09-05,Cycle_1,3257.76,3.0800000000000005,10033.89,3,-0.22%,27926.98,14373.13,5.04%
2024-09-05,Cycle_2,3257.76,6.12,19937.48,7,-1.44%,43084.15,28659.27,8.65%
2024-09-05,Cycle_3,3257.76,8.82,28733.42,133,-6.65%,52271.94,41932.37,14.57%
2024-09-05,Cycle_4,3257.76,11.48,37399.06,457,-10.34%,55792.01,55792.01,24.32%
2024-09-06,Cycle_1,3231.35,3.0800000000000005,9952.54,4,-1.03%,27926.98,14373.13,5.04%
2024-09-06,Cycle_2,3231.35,6.12,19775.84,8,-2.24%,43084.15,28659.27,8.65%
2024-09-06,Cycle_3,3231.35,8.82,28500.47,134,-7.40%,52271.94,41932.37,14.57%
2024-09-06,Cycle_4,3231.35,11.48,37095.85,458,-11.06%,55792.01,55792.01,24.32%
2024-09-09,Cycle_1,3192.95,3.1400000000000006,10025.87,0,0.00%,28118.55,14564.71,5.04%
2024-09-09,Cycle_2,3192.95,6.12,19540.86,9,-3.40%,43084.15,28659.27,8.65%
2024-09-09,Cycle_3,3192.95,9.75,31131.28,0,0.00%,55241.39,44901.81,14.57%
2024-09-09,Cycle_4,3192.95,11.48,36655.08,459,-12.12%,55792.01,55792.01,24.32%
2024-09-10,Cycle_1,3195.76,3.1400000000000006,10034.67,1,0.09%,28118.55,14564.71,5.04%
2024-09-10,Cycle_2,3195.76,6.12,19558.02,10,-3.32%,43084.15,28659.27,8.65%
2024-09-10,Cycle_3,3195.76,9.75,31158.61,1,0.09%,55241.39,44901.81,14.57%
2024-09-10,Cycle_4,3195.76,11.48,36687.27,460,-12.04%,55792.01,55792.01,24.32%
2024-09-11,Cycle_1,3186.13,3.1400000000000006,10004.45,2,-0.21%,28118.55,14564.71,5.04%
2024-09-11,Cycle_2,3186.13,6.12,19499.11,11,-3.61%,43084.15,28659.27,8.65%
2024-09-11,Cycle_3,3186.13,9.75,31064.77,2,-0.21%,55241.39,44901.81,14.57%
2024-09-11,Cycle_4,3186.13,11.48,36576.77,461,-12.31%,55792.01,55792.01,24.32%
2024-09-12,Cycle_1,3172.47,3.1400000000000006,9961.57,3,-0.64%,28118.55,14564.71,5.04%
2024-09-12,Cycle_2,3172.47,6.33,20081.76,0,0.00%,43750.37,29325.49,8.65%
2024-09-12,Cycle_3,3172.47,9.75,30931.63,3,-0.64%,55241.39,44901.81,14.57%
2024-09-12,Cycle_4,3172.47,11.48,36420.01,462,-12.69%,55792.01,55792.01,24.49%
2024-09-13,Cycle_1,3159.25,3.1400000000000006,9920.04,4,-1.06%,28118.55,14564.71,5.04%
2024-09-13,Cycle_2,3159.25,6.33,19998.03,1,-0.42%,43750.37,29325.49,8.65%
2024-09-13,Cycle_3,3159.25,9.75,30802.66,4,-1.06%,55241.39,44901.81,14.57%
2024-09-13,Cycle_4,3159.25,11.48,36268.16,463,-13.05%,55792.01,55792.01,24.80%
2024-09-18,Cycle_1,3171.01,3.1400000000000006,9956.97,5,-0.69%,28118.55,14564.71,5.04%
2024-09-18,Cycle_2,3171.01,6.33,20072.49,2,-0.05%,43750.37,29325.49,8.65%
2024-09-18,Cycle_3,3171.01,9.75,30917.35,5,-0.69%,55241.39,44901.81,14.57%
2024-09-18,Cycle_4,3171.01,11.48,36403.20,464,-12.73%,55792.01,55792.01,24.80%
2024-09-19,Cycle_1,3196.04,3.1400000000000006,10035.55,6,0.10%,28118.55,14564.71,5.04%
2024-09-19,Cycle_2,3196.04,6.33,20230.91,3,0.74%,43750.37,29325.49,8.65%
2024-09-19,Cycle_3,3196.04,9.75,31161.35,6,0.10%,55241.39,44901.81,14.57%
2024-09-19,Cycle_4,3196.04,11.48,36690.49,465,-12.04%,55792.01,55792.01,24.80%
2024-09-20,Cycle_1,3201.05,3.1400000000000006,10051.30,7,0.25%,28118.55,14564.71,5.04%
2024-09-20,Cycle_2,3201.05,6.33,20262.64,4,0.90%,43750.37,29325.49,8.65%
2024-09-20,Cycle_3,3201.05,9.75,31210.23,7,0.25%,55241.39,44901.81,14.57%
2024-09-20,Cycle_4,3201.05,11.48,36748.05,466,-11.90%,55792.01,55792.01,24.80%
2024-09-23,Cycle_1,3212.76,3.1400000000000006,10088.08,8,0.62%,28118.55,14564.71,5.04%
2024-09-23,Cycle_2,3212.76,6.33,20336.80,5,1.27%,43750.37,29325.49,8.65%
2024-09-23,Cycle_3,3212.76,9.75,31324.45,8,0.62%,55241.39,44901.81,14.57%
2024-09-23,Cycle_4,3212.76,11.48,36882.53,467,-11.58%,55792.01,55792.01,24.80%
2024-09-24,Cycle_1,3351.91,3.0100000000000007,10089.25,0,0.00%,28118.55,14128.96,5.04%
2024-09-24,Cycle_2,3351.91,6.04,20245.53,0,0.00%,43750.37,28353.43,8.65%
2024-09-24,Cycle_3,3351.91,9.75,32681.11,9,4.98%,55241.39,44901.81,14.57%
2024-09-24,Cycle_4,3351.91,11.48,38479.92,468,-7.75%,55792.01,55792.01,24.80%
2024-09-25,Cycle_1,3401.53,3.0100000000000007,10238.61,1,1.48%,28118.55,14128.96,5.04%
2024-09-25,Cycle_2,3401.53,6.04,20545.26,1,1.48%,43750.37,28353.43,8.65%
2024-09-25,Cycle_3,3401.53,9.75,33164.95,10,6.53%,55241.39,44901.81,14.57%
2024-09-25,Cycle_4,3401.53,11.48,39049.60,469,-6.38%,55792.01,55792.01,24.80%
2024-09-26,Cycle_1,3545.32,2.8400000000000007,10068.71,0,0.00%,28118.55,13526.25,5.04%
2024-09-26,Cycle_2,3545.32,5.7,20208.33,0,0.00%,43750.37,27148.03,8.65%
2024-09-26,Cycle_3,3545.32,8.66,30702.47,0,0.00%,55241.39,41037.41,14.57%
2024-09-26,Cycle_4,3545.32,11.48,40700.28,470,-2.42%,55792.01,55792.01,24.80%
2024-09-27,Cycle_1,3703.68,2.710000000000001,10036.99,0,0.00%,28118.55,13044.78,5.04%
2024-09-27,Cycle_2,3703.68,5.46,20222.12,0,0.00%,43750.37,26259.14,8.65%
2024-09-27,Cycle_3,3703.68,8.66,32073.91,1,4.47%,55241.39,41037.41,14.57%
2024-09-27,Cycle_4,3703.68,11.48,42518.30,471,1.94%,55792.01,55792.01,24.80%
2024-09-30,Cycle_1,4017.85,2.500000000000001,10044.64,0,0.00%,28118.55,12201.03,5.04%
2024-09-30,Cycle_2,4017.85,5.03,20209.81,0,0.00%,43750.37,24531.46,8.65%
2024-09-30,Cycle_3,4017.85,7.62,30616.05,0,0.00%,55241.39,36858.84,14.57%
2024-09-30,Cycle_4,4017.85,11.48,46124.97,472,10.58%,55792.01,55792.01,24.80%
2024-10-08,Cycle_1,4256.10,2.3600000000000008,10044.39,0,0.00%,28118.55,11605.17,5.04%
2024-10-08,Cycle_2,4256.10,4.75,20216.46,0,0.00%,43750.37,23339.76,8.65%
2024-10-08,Cycle_3,4256.10,7.62,32431.45,1,5.93%,55241.39,36858.84,14.57%
2024-10-08,Cycle_4,4256.10,11.02,46902.18,0,0.00%,55792.01,53834.21,24.80%
2024-10-09,Cycle_1,3955.98,2.5300000000000007,10008.64,0,0.00%,28791.07,12277.69,5.04%
2024-10-09,Cycle_2,3955.98,5.06,20017.28,0,0.00%,44976.72,24566.11,8.65%
2024-10-09,Cycle_3,3955.98,7.62,30144.60,2,-1.54%,55241.39,36858.84,14.57%
2024-10-09,Cycle_4,3955.98,11.02,43594.94,1,-7.05%,55792.01,53834.21,24.80%
2024-10-10,Cycle_1,3997.79,2.5300000000000007,10114.40,1,1.06%,28791.07,12277.69,5.04%
2024-10-10,Cycle_2,3997.79,5.06,20228.81,1,1.06%,44976.72,24566.11,8.65%
2024-10-10,Cycle_3,3997.79,7.62,30463.14,3,-0.50%,55241.39,36858.84,14.57%
2024-10-10,Cycle_4,3997.79,11.02,44055.62,2,-6.07%,55792.01,53834.21,24.80%
2024-10-11,Cycle_1,3887.17,2.5300000000000007,9834.53,2,-1.74%,28791.07,12277.69,5.04%
2024-10-11,Cycle_2,3887.17,5.06,19669.07,2,-1.74%,44976.72,24566.11,8.65%
2024-10-11,Cycle_3,3887.17,7.62,29620.21,4,-3.25%,55241.39,36858.84,14.57%
2024-10-11,Cycle_4,3887.17,11.02,42836.58,3,-8.67%,55792.01,53834.21,24.80%
2024-10-14,Cycle_1,3961.34,2.5300000000000007,10022.20,3,0.14%,28791.07,12277.69,5.04%
2024-10-14,Cycle_2,3961.34,5.06,20044.39,3,0.14%,44976.72,24566.11,8.65%
2024-10-14,Cycle_3,3961.34,7.62,30185.43,5,-1.41%,55241.39,36858.84,14.57%
2024-10-14,Cycle_4,3961.34,11.02,43653.99,4,-6.93%,55792.01,53834.21,24.80%
2024-10-15,Cycle_1,3855.99,2.6000000000000005,10025.59,0,0.00%,29060.99,12547.61,5.04%
2024-10-15,Cycle_2,3855.99,5.06,19511.33,4,-2.53%,44976.72,24566.11,8.65%
2024-10-15,Cycle_3,3855.99,7.62,29382.68,6,-4.03%,55241.39,36858.84,14.57%
2024-10-15,Cycle_4,3855.99,11.02,42493.06,5,-9.40%,55792.01,53834.21,24.80%
2024-10-16,Cycle_1,3831.59,2.6000000000000005,9962.13,1,-0.63%,29060.99,12547.61,5.04%
2024-10-16,Cycle_2,3831.59,5.06,19387.84,5,-3.14%,44976.72,24566.11,8.65%
2024-10-16,Cycle_3,3831.59,7.62,29196.71,7,-4.64%,55241.39,36858.84,14.57%
2024-10-16,Cycle_4,3831.59,11.02,42224.11,6,-9.97%,55792.01,53834.21,24.80%
2024-10-17,Cycle_1,3788.22,2.6000000000000005,9849.38,2,-1.76%,29060.99,12547.61,5.04%
2024-10-17,Cycle_2,3788.22,5.29,20039.69,0,0.00%,45848.01,25437.40,8.65%
2024-10-17,Cycle_3,3788.22,7.62,28866.25,8,-5.72%,55241.39,36858.84,14.57%
2024-10-17,Cycle_4,3788.22,11.02,41746.20,7,-10.99%,55792.01,53834.21,24.80%
2024-10-18,Cycle_1,3925.23,2.6000000000000005,10205.61,3,1.80%,29060.99,12547.61,5.04%
2024-10-18,Cycle_2,3925.23,5.29,20764.49,1,3.62%,45848.01,25437.40,8.65%
2024-10-18,Cycle_3,3925.23,7.62,29910.28,9,-2.31%,55241.39,36858.84,14.57%
2024-10-18,Cycle_4,3925.23,11.02,43256.08,8,-7.77%,55792.01,53834.21,24.80%
2024-10-21,Cycle_1,3935.20,2.5600000000000005,10074.11,0,0.00%,29060.99,12390.20,5.04%
2024-10-21,Cycle_2,3935.20,5.29,20817.19,2,3.88%,45848.01,25437.40,8.65%
2024-10-21,Cycle_3,3935.20,7.62,29986.20,10,-2.06%,55241.39,36858.84,14.57%
2024-10-21,Cycle_4,3935.20,11.02,43365.88,9,-7.54%,55792.01,53834.21,24.80%
2024-10-22,Cycle_1,3957.78,2.5600000000000005,10131.91,1,0.57%,29060.99,12390.20,5.04%
2024-10-22,Cycle_2,3957.78,5.11,20224.23,0,0.00%,45848.01,24725.00,8.65%
2024-10-22,Cycle_3,3957.78,7.62,30158.25,11,-1.50%,55241.39,36858.84,14.57%
2024-10-22,Cycle_4,3957.78,11.02,43614.69,10,-7.01%,55792.01,53834.21,24.80%
2024-10-23,Cycle_1,3973.21,2.5600000000000005,10171.41,2,0.97%,29060.99,12390.20,5.04%
2024-10-23,Cycle_2,3973.21,5.11,20303.10,1,0.39%,45848.01,24725.00,8.65%
2024-10-23,Cycle_3,3973.21,7.62,30275.85,12,-1.11%,55241.39,36858.84,14.57%
2024-10-23,Cycle_4,3973.21,11.02,43784.76,11,-6.65%,55792.01,53834.21,24.80%
2024-10-24,Cycle_1,3928.83,2.5600000000000005,10057.81,3,-0.16%,29060.99,12390.20,5.04%
2024-10-24,Cycle_2,3928.83,5.11,20076.34,2,-0.73%,45848.01,24725.00,8.65%
2024-10-24,Cycle_3,3928.83,7.62,29937.71,13,-2.22%,55241.39,36858.84,14.57%
2024-10-24,Cycle_4,3928.83,11.02,43295.74,12,-7.69%,55792.01,53834.21,24.80%
2024-10-25,Cycle_1,3956.42,2.5600000000000005,10128.44,4,0.54%,29060.99,12390.20,5.04%
2024-10-25,Cycle_2,3956.42,5.11,20217.31,3,-0.03%,45848.01,24725.00,8.65%
2024-10-25,Cycle_3,3956.42,7.62,30147.93,14,-1.53%,55241.39,36858.84,14.57%
2024-10-25,Cycle_4,3956.42,11.02,43599.76,13,-7.04%,55792.01,53834.21,24.80%
2024-10-28,Cycle_1,3964.16,2.5600000000000005,10148.24,5,0.74%,29060.99,12390.20,5.04%
2024-10-28,Cycle_2,3964.16,5.11,20256.84,4,0.16%,45848.01,24725.00,8.65%
2024-10-28,Cycle_3,3964.16,7.62,30206.88,15,-1.34%,55241.39,36858.84,14.57%
2024-10-28,Cycle_4,3964.16,11.02,43685.01,14,-6.86%,55792.01,53834.21,24.80%
2024-10-29,Cycle_1,3924.65,2.5600000000000005,10047.10,6,-0.27%,29060.99,12390.20,5.04%
2024-10-29,Cycle_2,3924.65,5.11,20054.96,5,-0.84%,45848.01,24725.00,8.65%
2024-10-29,Cycle_3,3924.65,7.62,29905.83,16,-2.32%,55241.39,36858.84,14.57%
2024-10-29,Cycle_4,3924.65,11.02,43249.63,15,-7.79%,55792.01,53834.21,24.80%
2024-10-30,Cycle_1,3889.45,2.5600000000000005,9956.99,7,-1.16%,29060.99,12390.20,5.04%
2024-10-30,Cycle_2,3889.45,5.11,19875.08,6,-1.73%,45848.01,24725.00,8.65%
2024-10-30,Cycle_3,3889.45,7.62,29637.60,17,-3.20%,55241.39,36858.84,14.57%
2024-10-30,Cycle_4,3889.45,11.02,42861.72,16,-8.61%,55792.01,53834.21,24.80%
2024-10-31,Cycle_1,3891.04,2.5600000000000005,9961.06,8,-1.12%,29060.99,12390.20,5.04%
2024-10-31,Cycle_2,3891.04,5.11,19883.21,7,-1.69%,45848.01,24725.00,8.65%
2024-10-31,Cycle_3,3891.04,7.62,29649.72,18,-3.16%,55241.39,36858.84,14.57%
2024-10-31,Cycle_4,3891.04,11.02,42879.26,17,-8.58%,55792.01,53834.21,24.80%
2024-11-01,Cycle_1,3890.02,2.5600000000000005,9958.45,9,-1.15%,29060.99,12390.20,5.04%
2024-11-01,Cycle_2,3890.02,5.11,19878.00,8,-1.71%,45848.01,24725.00,8.65%
2024-11-01,Cycle_3,3890.02,7.62,29641.95,19,-3.18%,55241.39,36858.84,14.57%
2024-11-01,Cycle_4,3890.02,11.02,42868.02,18,-8.60%,55792.01,53834.21,24.80%
2024-11-04,Cycle_1,3944.76,2.5600000000000005,10098.59,10,0.24%,29060.99,12390.20,5.04%
2024-11-04,Cycle_2,3944.76,5.11,20157.73,9,-0.33%,45848.01,24725.00,8.65%
2024-11-04,Cycle_3,3944.76,7.62,30059.09,20,-1.82%,55241.39,36858.84,14.57%
2024-11-04,Cycle_4,3944.76,11.02,43471.28,19,-7.32%,55792.01,53834.21,24.80%
2024-11-05,Cycle_1,4044.57,2.4900000000000007,10070.99,0,0.00%,29060.99,12107.08,5.04%
2024-11-05,Cycle_2,4044.57,5.11,20667.77,10,2.19%,45848.01,24725.00,8.65%
2024-11-05,Cycle_3,4044.57,7.62,30819.64,21,0.66%,55241.39,36858.84,14.57%
2024-11-05,Cycle_4,4044.57,11.02,44571.19,20,-4.97%,55792.01,53834.21,24.80%
2024-11-06,Cycle_1,4024.28,2.4900000000000007,10020.46,1,-0.50%,29060.99,12107.08,5.04%
2024-11-06,Cycle_2,4024.28,5.11,20564.09,11,1.68%,45848.01,24725.00,8.65%
2024-11-06,Cycle_3,4024.28,7.62,30665.04,22,0.16%,55241.39,36858.84,14.57%
2024-11-06,Cycle_4,4024.28,11.02,44347.60,21,-5.45%,55792.01,53834.21,24.80%
2024-11-07,Cycle_1,4145.70,2.4300000000000006,10074.04,0,0.00%,29060.99,11858.34,5.04%
2024-11-07,Cycle_2,4145.70,4.890000000000001,20272.45,0,0.00%,45848.01,23812.95,8.65%
2024-11-07,Cycle_3,4145.70,7.62,31590.20,23,3.18%,55241.39,36858.84,14.57%
2024-11-07,Cycle_4,4145.70,11.02,45685.56,22,-2.59%,55792.01,53834.21,24.80%
2024-11-08,Cycle_1,4104.05,2.4300000000000006,9972.83,1,-1.00%,29060.99,11858.34,5.04%
2024-11-08,Cycle_2,4104.05,4.890000000000001,20068.79,1,-1.00%,45848.01,23812.95,8.65%
2024-11-08,Cycle_3,4104.05,7.62,31272.84,24,2.15%,55241.39,36858.84,14.57%
2024-11-08,Cycle_4,4104.05,11.02,45226.60,23,-3.57%,55792.01,53834.21,24.80%
2024-11-11,Cycle_1,4131.13,2.4300000000000006,10038.65,2,-0.35%,29060.99,11858.34,5.04%
2024-11-11,Cycle_2,4131.13,4.890000000000001,20201.23,2,-0.35%,45848.01,23812.95,8.65%
2024-11-11,Cycle_3,4131.13,7.62,31479.22,25,2.82%,55241.39,36858.84,14.57%
2024-11-11,Cycle_4,4131.13,11.02,45525.07,24,-2.94%,55792.01,53834.21,24.80%
2024-11-12,Cycle_1,4085.74,2.4300000000000006,9928.36,3,-1.45%,29060.99,11858.34,5.04%
2024-11-12,Cycle_2,4085.74,4.890000000000001,19979.28,3,-1.45%,45848.01,23812.95,8.65%
2024-11-12,Cycle_3,4085.74,7.62,31133.36,26,1.69%,55241.39,36858.84,14.57%
2024-11-12,Cycle_4,4085.74,11.02,45024.89,25,-4.00%,55792.01,53834.21,24.80%
2024-11-13,Cycle_1,4110.89,2.4300000000000006,9989.46,4,-0.84%,29060.99,11858.34,5.04%
2024-11-13,Cycle_2,4110.89,4.890000000000001,20102.25,4,-0.84%,45848.01,23812.95,8.65%
2024-11-13,Cycle_3,4110.89,7.62,31324.98,27,2.32%,55241.39,36858.84,14.57%
2024-11-13,Cycle_4,4110.89,11.02,45302.01,26,-3.41%,55792.01,53834.21,24.80%
2024-11-14,Cycle_1,4039.62,2.4800000000000004,10018.26,0,0.00%,29262.97,12060.32,5.04%
2024-11-14,Cycle_2,4039.62,4.890000000000001,19753.74,5,-2.56%,45848.01,23812.95,8.65%
2024-11-14,Cycle_3,4039.62,7.62,30781.90,28,0.54%,55241.39,36858.84,14.57%
2024-11-14,Cycle_4,4039.62,11.02,44516.60,27,-5.09%,55792.01,53834.21,24.80%
2024-11-15,Cycle_1,3968.83,2.4800000000000004,9842.70,1,-1.75%,29262.97,12060.32,5.04%
2024-11-15,Cycle_2,3968.83,5.050000000000001,20042.60,0,0.00%,46483.03,24447.96,8.65%
2024-11-15,Cycle_3,3968.83,7.62,30242.49,29,-1.22%,55241.39,36858.84,14.57%
2024-11-15,Cycle_4,3968.83,11.02,43736.52,28,-6.75%,55792.01,53834.21,24.80%
2024-11-18,Cycle_1,3950.38,2.5300000000000002,9994.46,0,0.00%,29460.49,12257.84,5.04%
2024-11-18,Cycle_2,3950.38,5.050000000000001,19949.42,1,-0.46%,46483.03,24447.96,8.65%
2024-11-18,Cycle_3,3950.38,7.62,30101.90,30,-1.68%,55241.39,36858.84,14.57%
2024-11-18,Cycle_4,3950.38,11.02,43533.19,29,-7.18%,55792.01,53834.21,24.80%
2024-11-19,Cycle_1,3976.89,2.5300000000000002,10061.53,1,0.67%,29460.49,12257.84,5.04%
2024-11-19,Cycle_2,3976.89,5.050000000000001,20083.30,2,0.20%,46483.03,24447.96,8.65%
2024-11-19,Cycle_3,3976.89,7.62,30303.91,31,-1.02%,55241.39,36858.84,14.57%
2024-11-19,Cycle_4,3976.89,11.02,43825.34,30,-6.56%,55792.01,53834.21,24.80%
2024-11-20,Cycle_1,3985.77,2.5300000000000002,10084.00,2,0.90%,29460.49,12257.84,5.04%
2024-11-20,Cycle_2,3985.77,5.050000000000001,20128.15,3,0.43%,46483.03,24447.96,8.65%
2024-11-20,Cycle_3,3985.77,7.62,30371.59,32,-0.80%,55241.39,36858.84,14.57%
2024-11-20,Cycle_4,3985.77,11.02,43923.22,31,-6.35%,55792.01,53834.21,24.80%
2024-11-21,Cycle_1,3989.30,2.5300000000000002,10092.92,3,0.99%,29460.49,12257.84,5.04%
2024-11-21,Cycle_2,3989.30,5.050000000000001,20145.95,4,0.52%,46483.03,24447.96,8.65%
2024-11-21,Cycle_3,3989.30,7.62,30398.45,33,-0.71%,55241.39,36858.84,14.57%
2024-11-21,Cycle_4,3989.30,11.02,43962.06,32,-6.27%,55792.01,53834.21,24.80%
2024-11-22,Cycle_1,3865.70,2.5900000000000003,10012.16,0,0.00%,29692.43,12489.78,5.04%
2024-11-22,Cycle_2,3865.70,5.050000000000001,19521.78,5,-2.60%,46483.03,24447.96,8.65%
2024-11-22,Cycle_3,3865.70,7.62,29456.63,34,-3.79%,55241.39,36858.84,14.57%
2024-11-22,Cycle_4,3865.70,11.02,42600.00,33,-9.17%,55792.01,53834.21,24.80%
2024-11-25,Cycle_1,3848.09,2.5900000000000003,9966.56,1,-0.46%,29692.43,12489.78,5.04%
2024-11-25,Cycle_2,3848.09,5.050000000000001,19432.86,6,-3.04%,46483.03,24447.96,8.65%
2024-11-25,Cycle_3,3848.09,7.62,29322.45,35,-4.23%,55241.39,36858.84,14.57%
2024-11-25,Cycle_4,3848.09,11.02,42405.96,34,-9.59%,55792.01,53834.21,24.80%
2024-11-26,Cycle_1,3840.18,2.5900000000000003,9946.08,2,-0.66%,29692.43,12489.78,5.04%
2024-11-26,Cycle_2,3840.18,5.050000000000001,19392.93,7,-3.24%,46483.03,24447.96,8.65%
2024-11-26,Cycle_3,3840.18,7.62,29262.21,36,-4.42%,55241.39,36858.84,14.57%
2024-11-26,Cycle_4,3840.18,11.02,42318.84,35,-9.77%,55792.01,53834.21,24.80%
2024-11-27,Cycle_1,3907.04,2.5900000000000003,10119.25,3,1.07%,29692.43,12489.78,5.04%
2024-11-27,Cycle_2,3907.04,5.050000000000001,19730.58,8,-1.56%,46483.03,24447.96,8.65%
2024-11-27,Cycle_3,3907.04,7.62,29771.68,37,-2.76%,55241.39,36858.84,14.57%
2024-11-27,Cycle_4,3907.04,11.02,43055.63,36,-8.20%,55792.01,53834.21,24.80%
2024-11-28,Cycle_1,3872.55,2.5900000000000003,10029.91,4,0.18%,29692.43,12489.78,5.04%
2024-11-28,Cycle_2,3872.55,5.050000000000001,19556.38,9,-2.43%,46483.03,24447.96,8.65%
2024-11-28,Cycle_3,3872.55,7.62,29508.83,38,-3.62%,55241.39,36858.84,14.57%
2024-11-28,Cycle_4,3872.55,11.02,42675.51,37,-9.01%,55792.01,53834.21,24.80%
2024-11-29,Cycle_1,3916.58,2.5900000000000003,10143.95,5,1.32%,29692.43,12489.78,5.04%
2024-11-29,Cycle_2,3916.58,5.050000000000001,19778.75,10,-1.32%,46483.03,24447.96,8.65%
2024-11-29,Cycle_3,3916.58,7.62,29844.36,39,-2.52%,55241.39,36858.84,14.57%
2024-11-29,Cycle_4,3916.58,11.02,43160.75,38,-7.98%,55792.01,53834.21,24.80%
2024-12-02,Cycle_1,3947.63,2.5500000000000003,10066.46,0,0.00%,29692.43,12331.88,5.04%
2024-12-02,Cycle_2,3947.63,5.050000000000001,19935.54,11,-0.53%,46483.03,24447.96,8.65%
2024-12-02,Cycle_3,3947.63,7.62,30080.96,40,-1.75%,55241.39,36858.84,14.57%
2024-12-02,Cycle_4,3947.63,11.02,43502.90,39,-7.25%,55792.01,53834.21,24.80%
2024-12-03,Cycle_1,3951.89,2.5500000000000003,10077.32,1,0.11%,29692.43,12331.88,5.04%
2024-12-03,Cycle_2,3951.89,5.050000000000001,19957.05,12,-0.43%,46483.03,24447.96,8.65%
2024-12-03,Cycle_3,3951.89,7.62,30113.41,41,-1.64%,55241.39,36858.84,14.57%
2024-12-03,Cycle_4,3951.89,11.02,43549.84,40,-7.15%,55792.01,53834.21,24.80%
2024-12-04,Cycle_1,3930.56,2.5500000000000003,10022.92,2,-0.43%,29692.43,12331.88,5.04%
2024-12-04,Cycle_2,3930.56,5.050000000000001,19849.31,13,-0.96%,46483.03,24447.96,8.65%
2024-12-04,Cycle_3,3930.56,7.62,29950.84,42,-2.17%,55241.39,36858.84,14.57%
2024-12-04,Cycle_4,3930.56,11.02,43314.74,41,-7.65%,55792.01,53834.21,24.80%
2024-12-05,Cycle_1,3921.59,2.5500000000000003,10000.05,3,-0.66%,29692.43,12331.88,5.04%
2024-12-05,Cycle_2,3921.59,5.050000000000001,19804.02,14,-1.19%,46483.03,24447.96,8.65%
2024-12-05,Cycle_3,3921.59,7.62,29882.50,43,-2.40%,55241.39,36858.84,14.57%
2024-12-05,Cycle_4,3921.59,11.02,43215.90,42,-7.86%,55792.01,53834.21,24.80%
2024-12-06,Cycle_1,3973.14,2.5500000000000003,10131.51,4,0.65%,29692.43,12331.88,5.04%
2024-12-06,Cycle_2,3973.14,5.050000000000001,20064.36,15,0.11%,46483.03,24447.96,8.65%
2024-12-06,Cycle_3,3973.14,7.62,30275.33,44,-1.11%,55241.39,36858.84,14.57%
2024-12-06,Cycle_4,3973.14,11.02,43784.01,43,-6.65%,55792.01,53834.21,24.80%
2024-12-09,Cycle_1,3966.57,2.5500000000000003,10114.76,5,0.48%,29692.43,12331.88,5.04%
2024-12-09,Cycle_2,3966.57,5.050000000000001,20031.18,16,-0.06%,46483.03,24447.96,8.65%
2024-12-09,Cycle_3,3966.57,7.62,30225.27,45,-1.28%,55241.39,36858.84,14.57%
2024-12-09,Cycle_4,3966.57,11.02,43711.61,44,-6.80%,55792.01,53834.21,24.80%
2024-12-10,Cycle_1,3995.64,2.5500000000000003,10188.87,6,1.22%,29692.43,12331.88,5.04%
2024-12-10,Cycle_2,3995.64,5.050000000000001,20177.97,17,0.68%,46483.03,24447.96,8.65%
2024-12-10,Cycle_3,3995.64,7.62,30446.75,46,-0.55%,55241.39,36858.84,14.57%
2024-12-10,Cycle_4,3995.64,11.02,44031.92,45,-6.12%,55792.01,53834.21,24.80%
2024-12-11,Cycle_1,3988.83,2.5500000000000003,10171.52,7,1.04%,29692.43,12331.88,5.04%
2024-12-11,Cycle_2,3988.83,5.050000000000001,20143.60,18,0.50%,46483.03,24447.96,8.65%
2024-12-11,Cycle_3,3988.83,7.62,30394.89,47,-0.72%,55241.39,36858.84,14.57%
2024-12-11,Cycle_4,3988.83,11.02,43956.92,46,-6.28%,55792.01,53834.21,24.80%
2024-12-12,Cycle_1,4028.50,2.5000000000000004,10071.26,0,0.00%,29692.43,12130.45,5.04%
2024-12-12,Cycle_2,4028.50,5.050000000000001,20343.95,19,1.50%,46483.03,24447.96,8.65%
2024-12-12,Cycle_3,4028.50,7.62,30697.21,48,0.27%,55241.39,36858.84,14.57%
2024-12-12,Cycle_4,4028.50,11.02,44394.12,47,-5.35%,55792.01,53834.21,24.80%
2024-12-13,Cycle_1,3933.18,2.5400000000000005,9990.28,0,0.00%,29849.76,12287.78,5.04%
2024-12-13,Cycle_2,3933.18,5.050000000000001,19862.56,20,-0.90%,46483.03,24447.96,8.65%
2024-12-13,Cycle_3,3933.18,7.62,29970.84,49,-2.11%,55241.39,36858.84,14.57%
2024-12-13,Cycle_4,3933.18,11.02,43343.65,48,-7.59%,55792.01,53834.21,24.80%
2024-12-16,Cycle_1,3911.84,2.5400000000000005,9936.08,1,-0.54%,29849.76,12287.78,5.04%
2024-12-16,Cycle_2,3911.84,5.050000000000001,19754.80,21,-1.44%,46483.03,24447.96,8.65%
2024-12-16,Cycle_3,3911.84,7.62,29808.23,50,-2.64%,55241.39,36858.84,14.57%
2024-12-16,Cycle_4,3911.84,11.02,43108.49,49,-8.09%,55792.01,53834.21,24.80%
2024-12-17,Cycle_1,3922.03,2.5400000000000005,9961.96,2,-0.28%,29849.76,12287.78,5.04%
2024-12-17,Cycle_2,3922.03,5.050000000000001,19806.27,22,-1.18%,46483.03,24447.96,8.65%
2024-12-17,Cycle_3,3922.03,7.62,29885.89,51,-2.38%,55241.39,36858.84,14.57%
2024-12-17,Cycle_4,3922.03,11.02,43220.81,50,-7.85%,55792.01,53834.21,24.80%
2024-12-18,Cycle_1,3941.89,2.5400000000000005,10012.40,3,0.22%,29849.76,12287.78,5.04%
2024-12-18,Cycle_2,3941.89,5.050000000000001,19906.54,23,-0.68%,46483.03,24447.96,8.65%
2024-12-18,Cycle_3,3941.89,7.62,30037.20,52,-1.89%,55241.39,36858.84,14.57%
2024-12-18,Cycle_4,3941.89,11.02,43439.63,51,-7.38%,55792.01,53834.21,24.80%
2024-12-19,Cycle_1,3945.46,2.5400000000000005,10021.48,4,0.31%,29849.76,12287.78,5.04%
2024-12-19,Cycle_2,3945.46,5.050000000000001,19924.59,24,-0.59%,46483.03,24447.96,8.65%
2024-12-19,Cycle_3,3945.46,7.62,30064.43,53,-1.80%,55241.39,36858.84,14.57%
2024-12-19,Cycle_4,3945.46,11.02,43479.01,52,-7.30%,55792.01,53834.21,24.80%
2024-12-20,Cycle_1,3927.74,2.5400000000000005,9976.47,5,-0.14%,29849.76,12287.78,5.04%
2024-12-20,Cycle_2,3927.74,5.050000000000001,19835.11,25,-1.04%,46483.03,24447.96,8.65%
2024-12-20,Cycle_3,3927.74,7.62,29929.41,54,-2.24%,55241.39,36858.84,14.57%
2024-12-20,Cycle_4,3927.74,11.02,43283.74,53,-7.71%,55792.01,53834.21,24.80%
2024-12-23,Cycle_1,3933.57,2.5400000000000005,9991.27,6,0.01%,29849.76,12287.78,5.04%
2024-12-23,Cycle_2,3933.57,5.050000000000001,19864.54,26,-0.89%,46483.03,24447.96,8.65%
2024-12-23,Cycle_3,3933.57,7.62,29973.82,55,-2.10%,55241.39,36858.84,14.57%
2024-12-23,Cycle_4,3933.57,11.02,43347.96,54,-7.58%,55792.01,53834.21,24.80%
2024-12-24,Cycle_1,3983.69,2.5400000000000005,10118.57,7,1.28%,29849.76,12287.78,5.04%
2024-12-24,Cycle_2,3983.69,5.050000000000001,20117.63,27,0.37%,46483.03,24447.96,8.65%
2024-12-24,Cycle_3,3983.69,7.62,30355.70,56,-0.85%,55241.39,36858.84,14.57%
2024-12-24,Cycle_4,3983.69,11.02,43900.24,55,-6.40%,55792.01,53834.21,24.80%
2024-12-25,Cycle_1,3985.63,2.5400000000000005,10123.50,8,1.33%,29849.76,12287.78,5.04%
2024-12-25,Cycle_2,3985.63,5.050000000000001,20127.43,28,0.42%,46483.03,24447.96,8.65%
2024-12-25,Cycle_3,3985.63,7.62,30370.49,57,-0.80%,55241.39,36858.84,14.57%
2024-12-25,Cycle_4,3985.63,11.02,43921.63,56,-6.35%,55792.01,53834.21,24.80%
2024-12-26,Cycle_1,3987.48,2.5400000000000005,10128.20,9,1.38%,29849.76,12287.78,5.04%
2024-12-26,Cycle_2,3987.48,5.050000000000001,20136.77,29,0.47%,46483.03,24447.96,8.65%
2024-12-26,Cycle_3,3987.48,7.62,30384.60,58,-0.76%,55241.39,36858.84,14.57%
2024-12-26,Cycle_4,3987.48,11.02,43942.03,57,-6.31%,55792.01,53834.21,24.80%
2024-12-27,Cycle_1,3981.03,2.5400000000000005,10111.82,10,1.22%,29849.76,12287.78,5.04%
2024-12-27,Cycle_2,3981.03,5.050000000000001,20104.21,30,0.31%,46483.03,24447.96,8.65%
2024-12-27,Cycle_3,3981.03,7.62,30335.45,59,-0.92%,55241.39,36858.84,14.57%
2024-12-27,Cycle_4,3981.03,11.02,43870.96,58,-6.46%,55792.01,53834.21,24.80%
2024-12-30,Cycle_1,3999.05,2.5400000000000005,10157.60,11,1.67%,29849.76,12287.78,5.04%
2024-12-30,Cycle_2,3999.05,5.050000000000001,20195.23,31,0.76%,46483.03,24447.96,8.65%
2024-12-30,Cycle_3,3999.05,7.62,30472.80,60,-0.47%,55241.39,36858.84,14.57%
2024-12-30,Cycle_4,3999.05,11.02,44069.58,59,-6.04%,55792.01,53834.21,24.80%
2024-12-31,Cycle_1,3934.91,2.5400000000000005,9994.67,12,0.04%,29849.76,12287.78,5.04%
2024-12-31,Cycle_2,3934.91,5.050000000000001,19871.30,32,-0.85%,46483.03,24447.96,8.65%
2024-12-31,Cycle_3,3934.91,7.62,29984.02,61,-2.06%,55241.39,36858.84,14.57%
2024-12-31,Cycle_4,3934.91,11.02,43362.72,60,-7.55%,55792.01,53834.21,24.80%
2025-01-02,Cycle_1,3820.40,2.6300000000000003,10047.64,0,0.00%,30193.60,12631.61,5.04%
2025-01-02,Cycle_2,3820.40,5.050000000000001,19293.00,33,-3.74%,46483.03,24447.96,8.65%
2025-01-02,Cycle_3,3820.40,7.62,29111.41,62,-4.91%,55241.39,36858.84,14.57%
2025-01-02,Cycle_4,3820.40,11.02,42100.76,61,-10.24%,55792.01,53834.21,24.80%
2025-01-03,Cycle_1,3775.16,2.6300000000000003,9928.68,1,-1.18%,30193.60,12631.61,5.04%
2025-01-03,Cycle_2,3775.16,5.3500000000000005,20197.13,0,0.00%,47615.57,25580.51,8.65%
2025-01-03,Cycle_3,3775.16,7.62,28766.76,63,-6.04%,55241.39,36858.84,14.57%
2025-01-03,Cycle_4,3775.16,11.02,41602.32,62,-11.30%,55792.01,53834.21,24.80%
2025-01-06,Cycle_1,3768.97,2.6300000000000003,9912.39,2,-1.35%,30193.60,12631.61,5.04%
2025-01-06,Cycle_2,3768.97,5.3500000000000005,20163.99,1,-0.16%,47615.57,25580.51,8.65%
2025-01-06,Cycle_3,3768.97,7.62,28719.55,64,-6.19%,55241.39,36858.84,14.57%
2025-01-06,Cycle_4,3768.97,11.02,41534.05,63,-11.45%,55792.01,53834.21,24.80%
2025-01-07,Cycle_1,3796.11,2.6300000000000003,9983.76,3,-0.64%,30193.60,12631.61,5.04%
2025-01-07,Cycle_2,3796.11,5.3500000000000005,20309.16,2,0.55%,47615.57,25580.51,8.65%
2025-01-07,Cycle_3,3796.11,7.62,28926.32,65,-5.52%,55241.39,36858.84,14.57%
2025-01-07,Cycle_4,3796.11,11.02,41833.08,64,-10.81%,55792.01,53834.21,24.80%
2025-01-08,Cycle_1,3789.22,2.6300000000000003,9965.64,4,-0.82%,30193.60,12631.61,5.04%
2025-01-08,Cycle_2,3789.22,5.3500000000000005,20272.30,3,0.37%,47615.57,25580.51,8.65%
2025-01-08,Cycle_3,3789.22,7.62,28873.82,66,-5.69%,55241.39,36858.84,14.57%
2025-01-08,Cycle_4,3789.22,11.02,41757.15,65,-10.97%,55792.01,53834.21,24.80%
2025-01-09,Cycle_1,3779.88,2.6300000000000003,9941.08,5,-1.06%,30193.60,12631.61,5.04%
2025-01-09,Cycle_2,3779.88,5.3500000000000005,20222.34,4,0.12%,47615.57,25580.51,8.65%
2025-01-09,Cycle_3,3779.88,7.62,28802.67,67,-5.92%,55241.39,36858.84,14.57%
2025-01-09,Cycle_4,3779.88,11.02,41654.25,66,-11.19%,55792.01,53834.21,24.80%
2025-01-10,Cycle_1,3732.48,2.68,10003.05,0,0.00%,30380.22,12818.24,5.04%
2025-01-10,Cycle_2,3732.48,5.3500000000000005,19968.77,5,-1.13%,47615.57,25580.51,8.65%
2025-01-10,Cycle_3,3732.48,7.62,28441.50,68,-7.10%,55241.39,36858.84,14.57%
2025-01-10,Cycle_4,3732.48,11.02,41131.94,67,-12.30%,55792.01,53834.21,24.80%
2025-01-13,Cycle_1,3722.51,2.68,9976.33,1,-0.27%,30380.22,12818.24,5.04%
2025-01-13,Cycle_2,3722.51,5.3500000000000005,19915.44,6,-1.39%,47615.57,25580.51,8.65%
2025-01-13,Cycle_3,3722.51,7.62,28365.55,69,-7.35%,55241.39,36858.84,14.57%
2025-01-13,Cycle_4,3722.51,11.02,41022.09,68,-12.54%,55792.01,53834.21,24.80%
2025-01-14,Cycle_1,3820.54,2.6300000000000003,10048.02,0,0.00%,30380.22,12627.21,5.04%
2025-01-14,Cycle_2,3820.54,5.3500000000000005,20439.89,7,1.20%,47615.57,25580.51,8.65%
2025-01-14,Cycle_3,3820.54,7.62,29112.51,70,-4.91%,55241.39,36858.84,14.57%
2025-01-14,Cycle_4,3820.54,11.02,42102.35,69,-10.23%,55792.01,53834.21,24.80%
2025-01-15,Cycle_1,3796.03,2.6300000000000003,9983.55,1,-0.64%,30380.22,12627.21,5.04%
2025-01-15,Cycle_2,3796.03,5.3500000000000005,20308.74,8,0.55%,47615.57,25580.51,8.65%
2025-01-15,Cycle_3,3796.03,7.62,28925.72,71,-5.52%,55241.39,36858.84,14.57%
2025-01-15,Cycle_4,3796.03,11.02,41832.21,70,-10.81%,55792.01,53834.21,24.80%
2025-01-16,Cycle_1,3800.38,2.6300000000000003,9995.01,2,-0.53%,30380.22,12627.21,5.04%
2025-01-16,Cycle_2,3800.38,5.3500000000000005,20332.05,9,0.67%,47615.57,25580.51,8.65%
2025-01-16,Cycle_3,3800.38,7.62,28958.92,72,-5.41%,55241.39,36858.84,14.57%
2025-01-16,Cycle_4,3800.38,11.02,41880.23,71,-10.71%,55792.01,53834.21,24.80%
2025-01-17,Cycle_1,3812.34,2.6300000000000003,10026.46,3,-0.21%,30380.22,12627.21,5.04%
2025-01-17,Cycle_2,3812.34,5.3500000000000005,20396.03,10,0.98%,47615.57,25580.51,8.65%
2025-01-17,Cycle_3,3812.34,7.62,29050.05,73,-5.11%,55241.39,36858.84,14.57%
2025-01-17,Cycle_4,3812.34,11.02,42012.02,72,-10.43%,55792.01,53834.21,24.80%
2025-01-20,Cycle_1,3829.68,2.6300000000000003,10072.05,4,0.24%,30380.22,12627.21,5.04%
2025-01-20,Cycle_2,3829.68,5.3500000000000005,20488.77,11,1.44%,47615.57,25580.51,8.65%
2025-01-20,Cycle_3,3829.68,7.62,29182.13,74,-4.68%,55241.39,36858.84,14.57%
2025-01-20,Cycle_4,3829.68,11.02,42203.03,73,-10.02%,55792.01,53834.21,24.80%
2025-01-21,Cycle_1,3832.61,2.6300000000000003,10079.78,5,0.32%,30380.22,12627.21,5.04%
2025-01-21,Cycle_2,3832.61,5.3500000000000005,20504.49,12,1.52%,47615.57,25580.51,8.65%
2025-01-21,Cycle_3,3832.61,7.62,29204.52,75,-4.61%,55241.39,36858.84,14.57%
2025-01-21,Cycle_4,3832.61,11.02,42235.41,74,-9.95%,55792.01,53834.21,24.80%
2025-01-22,Cycle_1,3797.02,2.6300000000000003,9986.15,6,-0.62%,30380.22,12627.21,5.04%
2025-01-22,Cycle_2,3797.02,5.3500000000000005,20314.04,13,0.58%,47615.57,25580.51,8.65%
2025-01-22,Cycle_3,3797.02,7.62,28933.27,76,-5.50%,55241.39,36858.84,14.57%
2025-01-22,Cycle_4,3797.02,11.02,41843.12,75,-10.79%,55792.01,53834.21,24.80%
2025-01-23,Cycle_1,3803.74,2.6300000000000003,10003.85,7,-0.44%,30380.22,12627.21,5.04%
2025-01-23,Cycle_2,3803.74,5.3500000000000005,20350.03,14,0.76%,47615.57,25580.51,8.65%
2025-01-23,Cycle_3,3803.74,7.62,28984.53,77,-5.33%,55241.39,36858.84,14.57%
2025-01-23,Cycle_4,3803.74,11.02,41917.26,76,-10.63%,55792.01,53834.21,24.80%
2025-01-24,Cycle_1,3832.86,2.6300000000000003,10080.43,8,0.32%,30380.22,12627.21,5.04%
2025-01-24,Cycle_2,3832.86,5.3500000000000005,20505.82,15,1.53%,47615.57,25580.51,8.65%
2025-01-24,Cycle_3,3832.86,7.62,29206.42,78,-4.60%,55241.39,36858.84,14.57%
2025-01-24,Cycle_4,3832.86,11.02,42238.16,77,-9.94%,55792.01,53834.21,24.80%
2025-01-27,Cycle_1,3817.08,2.6300000000000003,10038.92,9,-0.09%,30380.22,12627.21,5.04%
2025-01-27,Cycle_2,3817.08,5.3500000000000005,20421.38,16,1.11%,47615.57,25580.51,8.65%
2025-01-27,Cycle_3,3817.08,7.62,29086.15,79,-5.00%,55241.39,36858.84,14.57%
2025-01-27,Cycle_4,3817.08,11.02,42064.22,78,-10.31%,55792.01,53834.21,24.80%
2025-02-05,Cycle_1,3795.08,2.6300000000000003,9981.07,10,-0.67%,30380.22,12627.21,5.04%
2025-02-05,Cycle_2,3795.08,5.3500000000000005,20303.70,17,0.53%,47615.57,25580.51,8.65%
2025-02-05,Cycle_3,3795.08,7.62,28918.55,80,-5.54%,55241.39,36858.84,14.57%
2025-02-05,Cycle_4,3795.08,11.02,41821.83,79,-10.83%,55792.01,53834.21,24.80%
2025-02-06,Cycle_1,3842.83,2.6300000000000003,10106.65,11,0.58%,30380.22,12627.21,5.04%
2025-02-06,Cycle_2,3842.83,5.3500000000000005,20559.15,18,1.79%,47615.57,25580.51,8.65%
2025-02-06,Cycle_3,3842.83,7.62,29282.38,81,-4.36%,55241.39,36858.84,14.57%
2025-02-06,Cycle_4,3842.83,11.02,42348.00,80,-9.71%,55792.01,53834.21,24.80%
2025-02-07,Cycle_1,3892.70,2.6300000000000003,10237.81,12,1.89%,30380.22,12627.21,5.04%
2025-02-07,Cycle_2,3892.70,5.3500000000000005,20825.96,19,3.11%,47615.57,25580.51,8.65%
2025-02-07,Cycle_3,3892.70,7.62,29662.40,82,-3.11%,55241.39,36858.84,14.57%
2025-02-07,Cycle_4,3892.70,11.02,42897.58,81,-8.54%,55792.01,53834.21,24.80%
2025-02-10,Cycle_1,3901.06,2.5900000000000003,10103.75,0,0.00%,30380.22,12471.17,5.04%
2025-02-10,Cycle_2,3901.06,5.3500000000000005,20870.68,20,3.33%,47615.57,25580.51,8.65%
2025-02-10,Cycle_3,3901.06,7.62,29726.09,83,-2.91%,55241.39,36858.84,14.57%
2025-02-10,Cycle_4,3901.06,11.02,42989.70,82,-8.34%,55792.01,53834.21,24.80%
2025-02-11,Cycle_1,3883.14,2.5900000000000003,10057.32,1,-0.46%,30380.22,12471.17,5.04%
2025-02-11,Cycle_2,3883.14,5.3500000000000005,20774.77,21,2.86%,47615.57,25580.51,8.65%
2025-02-11,Cycle_3,3883.14,7.62,29589.49,84,-3.35%,55241.39,36858.84,14.57%
2025-02-11,Cycle_4,3883.14,11.02,42792.15,83,-8.76%,55792.01,53834.21,24.80%
2025-02-12,Cycle_1,3919.86,2.5900000000000003,10152.44,2,0.48%,30380.22,12471.17,5.04%
2025-02-12,Cycle_2,3919.86,5.3500000000000005,20971.26,22,3.83%,47615.57,25580.51,8.65%
2025-02-12,Cycle_3,3919.86,7.62,29869.35,85,-2.44%,55241.39,36858.84,14.57%
2025-02-12,Cycle_4,3919.86,11.02,43196.88,84,-7.90%,55792.01,53834.21,24.80%
2025-02-13,Cycle_1,3905.14,2.5900000000000003,10114.31,3,0.10%,30380.22,12471.17,5.04%
2025-02-13,Cycle_2,3905.14,5.3500000000000005,20892.50,23,3.44%,47615.57,25580.51,8.65%
2025-02-13,Cycle_3,3905.14,7.62,29757.17,86,-2.81%,55241.39,36858.84,14.57%
2025-02-13,Cycle_4,3905.14,11.02,43034.64,85,-8.25%,55792.01,53834.21,24.80%
2025-02-14,Cycle_1,3939.01,2.5900000000000003,10202.03,4,0.97%,30380.22,12471.17,5.04%
2025-02-14,Cycle_2,3939.01,5.16,20325.28,0,0.00%,47615.57,24832.10,8.65%
2025-02-14,Cycle_3,3939.01,7.62,30015.24,87,-1.96%,55241.39,36858.84,14.57%
2025-02-14,Cycle_4,3939.01,11.02,43407.87,86,-7.45%,55792.01,53834.21,24.80%
2025-02-17,Cycle_1,3947.40,2.5900000000000003,10223.76,5,1.19%,30380.22,12471.17,5.04%
2025-02-17,Cycle_2,3947.40,5.16,20368.58,1,0.21%,47615.57,24832.10,8.65%
2025-02-17,Cycle_3,3947.40,7.62,30079.18,88,-1.75%,55241.39,36858.84,14.57%
2025-02-17,Cycle_4,3947.40,11.02,43500.33,87,-7.25%,55792.01,53834.21,24.80%
2025-02-18,Cycle_1,3912.78,2.5900000000000003,10134.11,6,0.30%,30380.22,12471.17,5.04%
2025-02-18,Cycle_2,3912.78,5.16,20189.96,2,-0.67%,47615.57,24832.10,8.65%
2025-02-18,Cycle_3,3912.78,7.62,29815.41,89,-2.62%,55241.39,36858.84,14.57%
2025-02-18,Cycle_4,3912.78,11.02,43118.87,88,-8.07%,55792.01,53834.21,24.80%
2025-02-19,Cycle_1,3940.16,2.5900000000000003,10205.01,7,1.00%,30380.22,12471.17,5.04%
2025-02-19,Cycle_2,3940.16,5.16,20331.23,3,0.03%,47615.57,24832.10,8.65%
2025-02-19,Cycle_3,3940.16,7.62,30024.02,90,-1.93%,55241.39,36858.84,14.57%
2025-02-19,Cycle_4,3940.16,11.02,43420.57,89,-7.42%,55792.01,53834.21,24.80%
2025-02-20,Cycle_1,3928.90,2.5900000000000003,10175.84,8,0.71%,30380.22,12471.17,5.04%
2025-02-20,Cycle_2,3928.90,5.16,20273.10,4,-0.26%,47615.57,24832.10,8.65%
2025-02-20,Cycle_3,3928.90,7.62,29938.19,91,-2.21%,55241.39,36858.84,14.57%
2025-02-20,Cycle_4,3928.90,11.02,43296.43,90,-7.69%,55792.01,53834.21,24.80%
2025-02-21,Cycle_1,3978.44,2.5900000000000003,10304.17,9,1.98%,30380.22,12471.17,5.04%
2025-02-21,Cycle_2,3978.44,5.16,20528.77,5,1.00%,47615.57,24832.10,8.65%
2025-02-21,Cycle_3,3978.44,7.62,30315.74,92,-0.98%,55241.39,36858.84,14.57%
2025-02-21,Cycle_4,3978.44,11.02,43842.45,91,-6.52%,55792.01,53834.21,24.80%
2025-02-24,Cycle_1,3969.72,2.5900000000000003,10281.57,10,1.76%,30380.22,12471.17,5.04%
2025-02-24,Cycle_2,3969.72,5.16,20483.74,6,0.78%,47615.57,24832.10,8.65%
2025-02-24,Cycle_3,3969.72,7.62,30249.24,93,-1.20%,55241.39,36858.84,14.57%
2025-02-24,Cycle_4,3969.72,11.02,43746.28,92,-6.73%,55792.01,53834.21,24.80%
2025-02-25,Cycle_1,3925.65,2.5900000000000003,10167.43,11,0.63%,30380.22,12471.17,5.04%
2025-02-25,Cycle_2,3925.65,5.16,20256.36,7,-0.34%,47615.57,24832.10,8.65%
2025-02-25,Cycle_3,3925.65,7.62,29913.46,94,-2.29%,55241.39,36858.84,14.57%
2025-02-25,Cycle_4,3925.65,11.02,43260.67,93,-7.76%,55792.01,53834.21,24.80%
2025-02-26,Cycle_1,3959.94,2.5900000000000003,10256.25,12,1.51%,30380.22,12471.17,5.04%
2025-02-26,Cycle_2,3959.94,5.16,20433.30,8,0.53%,47615.57,24832.10,8.65%
2025-02-26,Cycle_3,3959.94,7.62,30174.75,95,-1.44%,55241.39,36858.84,14.57%
2025-02-26,Cycle_4,3959.94,11.02,43638.55,94,-6.96%,55792.01,53834.21,24.80%
2025-02-27,Cycle_1,3968.12,2.5900000000000003,10277.42,13,1.72%,30380.22,12471.17,5.04%
2025-02-27,Cycle_2,3968.12,5.16,20475.48,9,0.74%,47615.57,24832.10,8.65%
2025-02-27,Cycle_3,3968.12,7.62,30237.04,96,-1.24%,55241.39,36858.84,14.57%
2025-02-27,Cycle_4,3968.12,11.02,43728.64,95,-6.77%,55792.01,53834.21,24.80%
2025-02-28,Cycle_1,3890.05,2.5900000000000003,10075.23,14,-0.28%,30380.22,12471.17,5.04%
2025-02-28,Cycle_2,3890.05,5.16,20072.65,10,-1.24%,47615.57,24832.10,8.65%
2025-02-28,Cycle_3,3890.05,7.62,29642.17,97,-3.18%,55241.39,36858.84,14.57%
2025-02-28,Cycle_4,3890.05,11.02,42868.34,96,-8.60%,55792.01,53834.21,24.80%
2025-03-03,Cycle_1,3888.47,2.5900000000000003,10071.15,15,-0.32%,30380.22,12471.17,5.04%
2025-03-03,Cycle_2,3888.47,5.16,20064.52,11,-1.28%,47615.57,24832.10,8.65%
2025-03-03,Cycle_3,3888.47,7.62,29630.17,98,-3.22%,55241.39,36858.84,14.57%
2025-03-03,Cycle_4,3888.47,11.02,42850.98,97,-8.64%,55792.01,53834.21,24.80%
2025-03-04,Cycle_1,3885.22,2.5900000000000003,10062.72,16,-0.41%,30380.22,12471.17,5.04%
2025-03-04,Cycle_2,3885.22,5.16,20047.74,12,-1.37%,47615.57,24832.10,8.65%
2025-03-04,Cycle_3,3885.22,7.62,29605.38,99,-3.30%,55241.39,36858.84,14.57%
2025-03-04,Cycle_4,3885.22,11.02,42815.13,98,-8.71%,55792.01,53834.21,24.80%
2025-03-05,Cycle_1,3902.57,2.5900000000000003,10107.66,17,0.04%,30380.22,12471.17,5.04%
2025-03-05,Cycle_2,3902.57,5.16,20137.26,13,-0.93%,47615.57,24832.10,8.65%
2025-03-05,Cycle_3,3902.57,7.62,29737.59,100,-2.87%,55241.39,36858.84,14.57%
2025-03-05,Cycle_4,3902.57,11.02,43006.33,99,-8.31%,55792.01,53834.21,24.80%
2025-03-06,Cycle_1,3956.24,2.5900000000000003,10246.65,18,1.41%,30380.22,12471.17,5.04%
2025-03-06,Cycle_2,3956.24,5.16,20414.18,14,0.44%,47615.57,24832.10,8.65%
2025-03-06,Cycle_3,3956.24,7.62,30146.53,101,-1.53%,55241.39,36858.84,14.57%
2025-03-06,Cycle_4,3956.24,11.02,43597.73,100,-7.05%,55792.01,53834.21,24.80%
2025-03-07,Cycle_1,3944.01,2.5900000000000003,10215.00,19,1.10%,30380.22,12471.17,5.04%
2025-03-07,Cycle_2,3944.01,5.16,20351.11,15,0.13%,47615.57,24832.10,8.65%
2025-03-07,Cycle_3,3944.01,7.62,30053.39,102,-1.84%,55241.39,36858.84,14.57%
2025-03-07,Cycle_4,3944.01,11.02,43463.04,101,-7.33%,55792.01,53834.21,24.80%
2025-03-10,Cycle_1,3928.80,2.5900000000000003,10175.60,20,0.71%,30380.22,12471.17,5.04%
2025-03-10,Cycle_2,3928.80,5.16,20272.62,16,-0.26%,47615.57,24832.10,8.65%
2025-03-10,Cycle_3,3928.80,7.62,29937.47,103,-2.22%,55241.39,36858.84,14.57%
2025-03-10,Cycle_4,3928.80,11.02,43295.40,102,-7.69%,55792.01,53834.21,24.80%
2025-03-11,Cycle_1,3941.42,2.5900000000000003,10208.27,21,1.03%,30380.22,12471.17,5.04%
2025-03-11,Cycle_2,3941.42,5.16,20337.71,17,0.06%,47615.57,24832.10,8.65%
2025-03-11,Cycle_3,3941.42,7.62,30033.59,104,-1.90%,55241.39,36858.84,14.57%
2025-03-11,Cycle_4,3941.42,11.02,43434.40,103,-7.39%,55792.01,53834.21,24.80%
2025-03-12,Cycle_1,3927.23,2.5900000000000003,10171.53,22,0.67%,30380.22,12471.17,5.04%
2025-03-12,Cycle_2,3927.23,5.16,20264.51,18,-0.30%,47615.57,24832.10,8.65%
2025-03-12,Cycle_3,3927.23,7.62,29925.50,105,-2.26%,55241.39,36858.84,14.57%
2025-03-12,Cycle_4,3927.23,11.02,43278.09,104,-7.73%,55792.01,53834.21,24.80%
2025-03-13,Cycle_1,3911.58,2.5900000000000003,10130.99,23,0.27%,30380.22,12471.17,5.04%
2025-03-13,Cycle_2,3911.58,5.16,20183.75,19,-0.70%,47615.57,24832.10,8.65%
2025-03-13,Cycle_3,3911.58,7.62,29806.23,106,-2.65%,55241.39,36858.84,14.57%
2025-03-13,Cycle_4,3911.58,11.02,43105.60,105,-8.09%,55792.01,53834.21,24.80%
2025-03-14,Cycle_1,4006.56,2.5300000000000002,10136.59,0,0.00%,30380.22,12230.77,5.04%
2025-03-14,Cycle_2,4006.56,5.16,20673.83,20,1.71%,47615.57,24832.10,8.65%
2025-03-14,Cycle_3,4006.56,7.62,30529.96,107,-0.28%,55241.39,36858.84,14.57%
2025-03-14,Cycle_4,4006.56,11.02,44152.25,106,-5.86%,55792.01,53834.21,24.80%
2025-03-17,Cycle_1,3996.79,2.5300000000000002,10111.87,1,-0.24%,30380.22,12230.77,5.04%
2025-03-17,Cycle_2,3996.79,5.16,20623.42,21,1.47%,47615.57,24832.10,8.65%
2025-03-17,Cycle_3,3996.79,7.62,30455.52,108,-0.52%,55241.39,36858.84,14.57%
2025-03-17,Cycle_4,3996.79,11.02,44044.60,107,-6.09%,55792.01,53834.21,24.80%
2025-03-18,Cycle_1,4007.72,2.5300000000000002,10139.54,2,0.03%,30380.22,12230.77,5.04%
2025-03-18,Cycle_2,4007.72,5.16,20679.85,22,1.74%,47615.57,24832.10,8.65%
2025-03-18,Cycle_3,4007.72,7.62,30538.85,109,-0.25%,55241.39,36858.84,14.57%
2025-03-18,Cycle_4,4007.72,11.02,44165.11,108,-5.84%,55792.01,53834.21,24.80%
2025-03-19,Cycle_1,4010.17,2.5300000000000002,10145.73,3,0.09%,30380.22,12230.77,5.04%
2025-03-19,Cycle_2,4010.17,5.16,20692.47,23,1.81%,47615.57,24832.10,8.65%
2025-03-19,Cycle_3,4010.17,7.62,30557.48,110,-0.19%,55241.39,36858.84,14.57%
2025-03-19,Cycle_4,4010.17,11.02,44192.05,109,-5.78%,55792.01,53834.21,24.80%
2025-03-20,Cycle_1,3974.99,2.5300000000000002,10056.73,4,-0.79%,30380.22,12230.77,5.04%
2025-03-20,Cycle_2,3974.99,5.16,20510.96,24,0.91%,47615.57,24832.10,8.65%
2025-03-20,Cycle_3,3974.99,7.62,30289.44,111,-1.07%,55241.39,36858.84,14.57%
2025-03-20,Cycle_4,3974.99,11.02,43804.41,110,-6.60%,55792.01,53834.21,24.80%
2025-03-21,Cycle_1,3914.70,2.56,10021.62,0,0.00%,30497.66,12348.22,5.04%
2025-03-21,Cycle_2,3914.70,5.16,20199.83,25,-0.62%,47615.57,24832.10,8.65%
2025-03-21,Cycle_3,3914.70,7.62,29829.98,112,-2.57%,55241.39,36858.84,14.57%
2025-03-21,Cycle_4,3914.70,11.02,43139.95,111,-8.02%,55792.01,53834.21,24.80%
2025-03-24,Cycle_1,3934.85,2.56,10073.21,1,0.51%,30497.66,12348.22,5.04%
2025-03-24,Cycle_2,3934.85,5.16,20303.82,26,-0.11%,47615.57,24832.10,8.65%
2025-03-24,Cycle_3,3934.85,7.62,29983.55,113,-2.07%,55241.39,36858.84,14.57%
2025-03-24,Cycle_4,3934.85,11.02,43362.03,112,-7.55%,55792.01,53834.21,24.80%
2025-03-25,Cycle_1,3932.30,2.56,10066.68,2,0.45%,30497.66,12348.22,5.04%
2025-03-25,Cycle_2,3932.30,5.16,20290.64,27,-0.17%,47615.57,24832.10,8.65%
2025-03-25,Cycle_3,3932.30,7.62,29964.09,114,-2.13%,55241.39,36858.84,14.57%
2025-03-25,Cycle_4,3932.30,11.02,43333.89,113,-7.61%,55792.01,53834.21,24.80%
2025-03-26,Cycle_1,3919.36,2.56,10033.55,3,0.12%,30497.66,12348.22,5.04%
2025-03-26,Cycle_2,3919.36,5.16,20223.88,28,-0.50%,47615.57,24832.10,8.65%
2025-03-26,Cycle_3,3919.36,7.62,29865.50,115,-2.45%,55241.39,36858.84,14.57%
2025-03-26,Cycle_4,3919.36,11.02,43191.31,114,-7.91%,55792.01,53834.21,24.80%
2025-03-27,Cycle_1,3932.41,2.56,10066.97,4,0.45%,30497.66,12348.22,5.04%
2025-03-27,Cycle_2,3932.41,5.16,20291.24,29,-0.17%,47615.57,24832.10,8.65%
2025-03-27,Cycle_3,3932.41,7.62,29964.98,116,-2.13%,55241.39,36858.84,14.57%
2025-03-27,Cycle_4,3932.41,11.02,43335.18,115,-7.61%,55792.01,53834.21,24.80%
2025-03-28,Cycle_1,3915.17,2.56,10022.83,5,0.01%,30497.66,12348.22,5.04%
2025-03-28,Cycle_2,3915.17,5.16,20202.26,30,-0.61%,47615.57,24832.10,8.65%
2025-03-28,Cycle_3,3915.17,7.62,29833.57,117,-2.56%,55241.39,36858.84,14.57%
2025-03-28,Cycle_4,3915.17,11.02,43145.13,116,-8.01%,55792.01,53834.21,24.80%
2025-03-31,Cycle_1,3887.31,2.56,9951.50,6,-0.70%,30497.66,12348.22,5.04%
2025-03-31,Cycle_2,3887.31,5.16,20058.50,31,-1.31%,47615.57,24832.10,8.65%
2025-03-31,Cycle_3,3887.31,7.62,29621.27,118,-3.25%,55241.39,36858.84,14.57%
2025-03-31,Cycle_4,3887.31,11.02,42838.11,117,-8.66%,55792.01,53834.21,24.80%
2025-04-01,Cycle_1,3887.68,2.56,9952.47,7,-0.69%,30497.66,12348.22,5.04%
2025-04-01,Cycle_2,3887.68,5.16,20060.45,32,-1.30%,47615.57,24832.10,8.65%
2025-04-01,Cycle_3,3887.68,7.62,29624.15,119,-3.24%,55241.39,36858.84,14.57%
2025-04-01,Cycle_4,3887.68,11.02,42842.28,118,-8.66%,55792.01,53834.21,24.80%
2025-04-02,Cycle_1,3884.39,2.56,9944.03,8,-0.77%,30497.66,12348.22,5.04%
2025-04-02,Cycle_2,3884.39,5.16,20043.43,33,-1.39%,47615.57,24832.10,8.65%
2025-04-02,Cycle_3,3884.39,7.62,29599.02,120,-3.32%,55241.39,36858.84,14.57%
2025-04-02,Cycle_4,3884.39,11.02,42805.93,119,-8.73%,55792.01,53834.21,24.80%
2025-04-03,Cycle_1,3861.50,2.56,9885.45,9,-1.36%,30497.66,12348.22,5.04%
2025-04-03,Cycle_2,3861.50,5.16,19925.36,34,-1.97%,47615.57,24832.10,8.65%
2025-04-03,Cycle_3,3861.50,7.62,29424.66,121,-3.89%,55241.39,36858.84,14.57%
2025-04-03,Cycle_4,3861.50,11.02,42553.77,120,-9.27%,55792.01,53834.21,24.80%
2025-04-07,Cycle_1,3589.44,2.79,10014.54,0,0.00%,31323.23,13173.79,5.04%
2025-04-07,Cycle_2,3589.44,5.63,20208.55,0,0.00%,49302.61,26519.14,8.65%
2025-04-07,Cycle_3,3589.44,8.64,31012.77,0,0.00%,58902.62,40520.07,14.57%
2025-04-07,Cycle_4,3589.44,11.02,39555.64,121,-15.66%,55792.01,53834.21,24.80%
2025-04-08,Cycle_1,3650.76,2.79,10185.62,1,1.71%,31323.23,13173.79,5.04%
2025-04-08,Cycle_2,3650.76,5.63,20553.77,1,1.71%,49302.61,26519.14,8.65%
2025-04-08,Cycle_3,3650.76,8.64,31542.56,1,1.71%,58902.62,40520.07,14.57%
2025-04-08,Cycle_4,3650.76,11.02,40231.36,122,-14.22%,55792.01,53834.21,24.80%
2025-04-09,Cycle_1,3686.79,2.73,10064.95,0,0.00%,31323.23,12952.58,5.04%
2025-04-09,Cycle_2,3686.79,5.63,20756.65,2,2.71%,49302.61,26519.14,8.65%
2025-04-09,Cycle_3,3686.79,8.64,31853.90,2,2.71%,58902.62,40520.07,14.57%
2025-04-09,Cycle_4,3686.79,11.02,40628.47,123,-13.38%,55792.01,53834.21,24.80%
2025-04-10,Cycle_1,3735.12,2.73,10196.86,1,1.31%,31323.23,12952.58,5.04%
2025-04-10,Cycle_2,3735.12,5.41,20206.97,0,0.00%,49302.61,25697.41,8.65%
2025-04-10,Cycle_3,3735.12,8.64,32271.39,3,4.06%,58902.62,40520.07,14.57%
2025-04-10,Cycle_4,3735.12,11.02,41160.97,124,-12.24%,55792.01,53834.21,24.80%
2025-04-11,Cycle_1,3750.52,2.73,10238.91,2,1.73%,31323.23,12952.58,5.04%
2025-04-11,Cycle_2,3750.52,5.41,20290.30,1,0.41%,49302.61,25697.41,8.65%
2025-04-11,Cycle_3,3750.52,8.64,32404.46,4,4.49%,58902.62,40520.07,14.57%
2025-04-11,Cycle_4,3750.52,11.02,41330.69,125,-11.88%,55792.01,53834.21,24.80%
2025-04-14,Cycle_1,3759.14,2.73,10262.46,3,1.96%,31323.23,12952.58,5.04%
2025-04-14,Cycle_2,3759.14,5.41,20336.96,2,0.64%,49302.61,25697.41,8.65%
2025-04-14,Cycle_3,3759.14,8.64,32478.99,5,4.73%,58902.62,40520.07,14.57%
2025-04-14,Cycle_4,3759.14,11.02,41425.75,126,-11.68%,55792.01,53834.21,24.80%
2025-04-15,Cycle_1,3761.23,2.67,10042.50,0,0.00%,31323.23,12726.91,5.04%
2025-04-15,Cycle_2,3761.23,5.41,20348.28,3,0.70%,49302.61,25697.41,8.65%
2025-04-15,Cycle_3,3761.23,8.64,32497.07,6,4.79%,58902.62,40520.07,14.57%
2025-04-15,Cycle_4,3761.23,11.02,41448.81,127,-11.63%,55792.01,53834.21,24.80%
2025-04-16,Cycle_1,3772.82,2.67,10073.43,1,0.31%,31323.23,12726.91,5.04%
2025-04-16,Cycle_2,3772.82,5.41,20410.96,4,1.01%,49302.61,25697.41,8.65%
2025-04-16,Cycle_3,3772.82,8.64,32597.17,7,5.11%,58902.62,40520.07,14.57%
2025-04-16,Cycle_4,3772.82,11.02,41576.48,128,-11.35%,55792.01,53834.21,24.80%
2025-04-17,Cycle_1,3772.22,2.67,10071.83,2,0.29%,31323.23,12726.91,5.04%
2025-04-17,Cycle_2,3772.22,5.41,20407.72,5,0.99%,49302.61,25697.41,8.65%
2025-04-17,Cycle_3,3772.22,8.64,32592.00,8,5.09%,58902.62,40520.07,14.57%
2025-04-17,Cycle_4,3772.22,11.02,41569.89,129,-11.37%,55792.01,53834.21,24.80%
2025-04-18,Cycle_1,3772.52,2.67,10072.64,3,0.30%,31323.23,12726.91,5.04%
2025-04-18,Cycle_2,3772.52,5.41,20409.35,6,1.00%,49302.61,25697.41,8.65%
2025-04-18,Cycle_3,3772.52,8.64,32594.60,9,5.10%,58902.62,40520.07,14.57%
2025-04-18,Cycle_4,3772.52,11.02,41573.20,130,-11.36%,55792.01,53834.21,24.80%
2025-04-21,Cycle_1,3784.88,2.67,10105.63,4,0.63%,31323.23,12726.91,5.04%
2025-04-21,Cycle_2,3784.88,5.41,20476.20,7,1.33%,49302.61,25697.41,8.65%
2025-04-21,Cycle_3,3784.88,8.64,32701.37,10,5.44%,58902.62,40520.07,14.57%
2025-04-21,Cycle_4,3784.88,11.02,41709.38,131,-11.07%,55792.01,53834.21,24.80%
2025-04-22,Cycle_1,3783.95,2.67,10103.15,5,0.60%,31323.23,12726.91,5.04%
2025-04-22,Cycle_2,3783.95,5.41,20471.18,8,1.31%,49302.61,25697.41,8.65%
2025-04-22,Cycle_3,3783.95,8.64,32693.35,11,5.42%,58902.62,40520.07,14.57%
2025-04-22,Cycle_4,3783.95,11.02,41699.15,132,-11.09%,55792.01,53834.21,24.80%
2025-04-23,Cycle_1,3786.88,2.67,10110.98,6,0.68%,31323.23,12726.91,5.04%
2025-04-23,Cycle_2,3786.88,5.41,20487.03,9,1.39%,49302.61,25697.41,8.65%
2025-04-23,Cycle_3,3786.88,8.64,32718.66,12,5.50%,58902.62,40520.07,14.57%
2025-04-23,Cycle_4,3786.88,11.02,41731.44,133,-11.02%,55792.01,53834.21,24.80%
2025-04-24,Cycle_1,3784.36,2.67,10104.23,7,0.61%,31323.23,12726.91,5.04%
2025-04-24,Cycle_2,3784.36,5.41,20473.37,10,1.32%,49302.61,25697.41,8.65%
2025-04-24,Cycle_3,3784.36,8.64,32696.85,13,5.43%,58902.62,40520.07,14.57%
2025-04-24,Cycle_4,3784.36,11.02,41703.62,134,-11.08%,55792.01,53834.21,24.80%
2025-04-25,Cycle_1,3786.99,2.67,10111.27,8,0.68%,31323.23,12726.91,5.04%
2025-04-25,Cycle_2,3786.99,5.41,20487.64,11,1.39%,49302.61,25697.41,8.65%
2025-04-25,Cycle_3,3786.99,8.64,32719.63,14,5.50%,58902.62,40520.07,14.57%
2025-04-25,Cycle_4,3786.99,11.02,41732.67,135,-11.02%,55792.01,53834.21,24.80%
2025-04-28,Cycle_1,3781.62,2.67,10096.92,9,0.54%,31323.23,12726.91,5.04%
2025-04-28,Cycle_2,3781.62,5.41,20458.56,12,1.25%,49302.61,25697.41,8.65%
2025-04-28,Cycle_3,3781.62,8.64,32673.19,15,5.35%,58902.62,40520.07,14.57%
2025-04-28,Cycle_4,3781.62,11.02,41673.44,136,-11.15%,55792.01,53834.21,24.80%
2025-04-29,Cycle_1,3775.08,2.67,10079.45,10,0.37%,31323.23,12726.91,5.04%
2025-04-29,Cycle_2,3775.08,5.41,20423.16,13,1.07%,49302.61,25697.41,8.65%
2025-04-29,Cycle_3,3775.08,8.64,32616.66,16,5.17%,58902.62,40520.07,14.57%
2025-04-29,Cycle_4,3775.08,11.02,41601.35,137,-11.30%,55792.01,53834.21,24.80%
2025-04-30,Cycle_1,3770.57,2.67,10067.42,11,0.25%,31323.23,12726.91,5.04%
2025-04-30,Cycle_2,3770.57,5.41,20398.79,14,0.95%,49302.61,25697.41,8.65%
2025-04-30,Cycle_3,3770.57,8.64,32577.73,17,5.05%,58902.62,40520.07,14.57%
2025-04-30,Cycle_4,3770.57,11.02,41551.69,138,-11.41%,55792.01,53834.21,24.80%
2025-05-06,Cycle_1,3808.54,2.67,10168.81,12,1.26%,31323.23,12726.91,5.04%
2025-05-06,Cycle_2,3808.54,5.41,20604.21,15,1.97%,49302.61,25697.41,8.65%
2025-05-06,Cycle_3,3808.54,8.64,32905.81,18,6.10%,58902.62,40520.07,14.57%
2025-05-06,Cycle_4,3808.54,11.02,41970.14,139,-10.52%,55792.01,53834.21,24.80%
2025-05-07,Cycle_1,3831.63,2.67,10230.44,13,1.87%,31323.23,12726.91,5.04%
2025-05-07,Cycle_2,3831.63,5.41,20729.10,16,2.58%,49302.61,25697.41,8.65%
2025-05-07,Cycle_3,3831.63,8.64,33105.26,19,6.75%,58902.62,40520.07,14.57%
2025-05-07,Cycle_4,3831.63,11.02,42224.53,140,-9.97%,55792.01,53834.21,24.80%
2025-05-08,Cycle_1,3852.90,2.62,10094.59,0,0.00%,31323.23,12534.26,5.04%
2025-05-08,Cycle_2,3852.90,5.41,20844.17,17,3.15%,49302.61,25697.41,8.65%
2025-05-08,Cycle_3,3852.90,8.64,33289.02,20,7.34%,58902.62,40520.07,14.57%
2025-05-08,Cycle_4,3852.90,11.02,42458.92,141,-9.47%,55792.01,53834.21,24.80%
2025-05-09,Cycle_1,3846.16,2.62,10076.93,1,-0.17%,31323.23,12534.26,5.04%
2025-05-09,Cycle_2,3846.16,5.41,20807.71,18,2.97%,49302.61,25697.41,8.65%
2025-05-09,Cycle_3,3846.16,8.64,33230.79,21,7.15%,58902.62,40520.07,14.57%
2025-05-09,Cycle_4,3846.16,11.02,42384.65,142,-9.63%,55792.01,53834.21,24.80%
2025-05-12,Cycle_1,3890.61,2.62,10193.40,2,0.98%,31323.23,12534.26,5.04%
2025-05-12,Cycle_2,3890.61,5.22,20308.98,0,0.00%,49302.61,24958.20,8.65%
2025-05-12,Cycle_3,3890.61,7.91,30774.72,0,0.00%,58902.62,37679.93,14.57%
2025-05-12,Cycle_4,3890.61,11.02,42874.52,143,-8.59%,55792.01,53834.21,24.80%
2025-05-13,Cycle_1,3896.26,2.62,10208.20,3,1.13%,31323.23,12534.26,5.04%
2025-05-13,Cycle_2,3896.26,5.22,20338.47,1,0.15%,49302.61,24958.20,8.65%
2025-05-13,Cycle_3,3896.26,7.91,30819.40,1,0.15%,58902.62,37679.93,14.57%
2025-05-13,Cycle_4,3896.26,11.02,42936.77,144,-8.45%,55792.01,53834.21,24.80%
2025-05-14,Cycle_1,3943.21,2.5500000000000003,10055.19,0,0.00%,31323.23,12258.24,5.04%
2025-05-14,Cycle_2,3943.21,5.22,20583.56,2,1.35%,49302.61,24958.20,8.65%
2025-05-14,Cycle_3,3943.21,7.91,31190.80,2,1.35%,58902.62,37679.93,14.57%
2025-05-14,Cycle_4,3943.21,11.02,43454.18,145,-7.35%,55792.01,53834.21,24.80%
2025-05-15,Cycle_1,3907.20,2.5500000000000003,9963.36,1,-0.91%,31323.23,12258.24,5.04%
2025-05-15,Cycle_2,3907.20,5.22,20395.58,3,0.43%,49302.61,24958.20,8.65%
2025-05-15,Cycle_3,3907.20,7.91,30905.95,3,0.43%,58902.62,37679.93,14.57%
2025-05-15,Cycle_4,3907.20,11.02,43057.34,146,-8.20%,55792.01,53834.21,24.80%
2025-05-16,Cycle_1,3889.09,2.5500000000000003,9917.17,2,-1.37%,31323.23,12258.24,5.04%
2025-05-16,Cycle_2,3889.09,5.22,20301.03,4,-0.04%,49302.61,24958.20,8.65%
2025-05-16,Cycle_3,3889.09,7.91,30762.67,4,-0.04%,58902.62,37679.93,14.57%
2025-05-16,Cycle_4,3889.09,11.02,42857.72,147,-8.62%,55792.01,53834.21,24.80%
2025-05-19,Cycle_1,3877.15,2.5500000000000003,9886.72,3,-1.68%,31323.23,12258.24,5.04%
2025-05-19,Cycle_2,3877.15,5.22,20238.70,5,-0.35%,49302.61,24958.20,8.65%
2025-05-19,Cycle_3,3877.15,7.91,30668.22,5,-0.35%,58902.62,37679.93,14.57%
2025-05-19,Cycle_4,3877.15,11.02,42726.14,148,-8.90%,55792.01,53834.21,24.80%
2025-05-20,Cycle_1,3898.17,2.5500000000000003,9940.33,4,-1.14%,31323.23,12258.24,5.04%
2025-05-20,Cycle_2,3898.17,5.22,20348.45,6,0.19%,49302.61,24958.20,8.65%
2025-05-20,Cycle_3,3898.17,7.91,30834.53,6,0.19%,58902.62,37679.93,14.57%
2025-05-20,Cycle_4,3898.17,11.02,42957.84,149,-8.41%,55792.01,53834.21,24.80%
2025-05-21,Cycle_1,3916.38,2.5500000000000003,9986.77,5,-0.68%,31323.23,12258.24,5.04%
2025-05-21,Cycle_2,3916.38,5.22,20443.51,7,0.66%,49302.61,24958.20,8.65%
2025-05-21,Cycle_3,3916.38,7.91,30978.57,7,0.66%,58902.62,37679.93,14.57%
2025-05-21,Cycle_4,3916.38,11.02,43158.52,150,-7.98%,55792.01,53834.21,24.80%
2025-05-22,Cycle_1,3913.87,2.5500000000000003,9980.36,6,-0.74%,31323.23,12258.24,5.04%
2025-05-22,Cycle_2,3913.87,5.22,20430.38,8,0.60%,49302.61,24958.20,8.65%
2025-05-22,Cycle_3,3913.87,7.91,30958.67,8,0.60%,58902.62,37679.93,14.57%
2025-05-22,Cycle_4,3913.87,11.02,43130.79,151,-8.04%,55792.01,53834.21,24.80%
2025-05-23,Cycle_1,3882.27,2.5500000000000003,9899.80,7,-1.55%,31323.23,12258.24,5.04%
2025-05-23,Cycle_2,3882.27,5.22,20265.47,9,-0.21%,49302.61,24958.20,8.65%
2025-05-23,Cycle_3,3882.27,7.91,30708.79,9,-0.21%,58902.62,37679.93,14.57%
2025-05-23,Cycle_4,3882.27,11.02,42782.66,152,-8.78%,55792.01,53834.21,24.80%
2025-05-26,Cycle_1,3860.11,2.6,10036.28,0,0.00%,31516.24,12451.24,5.04%
2025-05-26,Cycle_2,3860.11,5.22,20149.76,10,-0.78%,49302.61,24958.20,8.65%
2025-05-26,Cycle_3,3860.11,7.91,30533.44,10,-0.78%,58902.62,37679.93,14.57%
2025-05-26,Cycle_4,3860.11,11.02,42538.38,153,-9.30%,55792.01,53834.21,24.80%
2025-05-27,Cycle_1,3839.40,2.6,9982.43,1,-0.54%,31516.24,12451.24,5.04%
2025-05-27,Cycle_2,3839.40,5.22,20041.65,11,-1.32%,49302.61,24958.20,8.65%
2025-05-27,Cycle_3,3839.40,7.91,30369.63,11,-1.32%,58902.62,37679.93,14.57%
2025-05-27,Cycle_4,3839.40,11.02,42310.15,154,-9.79%,55792.01,53834.21,24.80%
2025-05-28,Cycle_1,3836.24,2.6,9974.22,2,-0.62%,31516.24,12451.24,5.04%
2025-05-28,Cycle_2,3836.24,5.22,20025.16,12,-1.40%,49302.61,24958.20,8.65%
2025-05-28,Cycle_3,3836.24,7.91,30344.63,12,-1.40%,58902.62,37679.93,14.57%
2025-05-28,Cycle_4,3836.24,11.02,42275.33,155,-9.86%,55792.01,53834.21,24.80%
2025-05-29,Cycle_1,3858.70,2.6,10032.62,3,-0.04%,31516.24,12451.24,5.04%
2025-05-29,Cycle_2,3858.70,5.22,20142.41,13,-0.82%,49302.61,24958.20,8.65%
2025-05-29,Cycle_3,3858.70,7.91,30522.32,13,-0.82%,58902.62,37679.93,14.57%
2025-05-29,Cycle_4,3858.70,11.02,42522.87,156,-9.34%,55792.01,53834.21,24.80%
2025-05-30,Cycle_1,3840.23,2.6,9984.60,4,-0.51%,31516.24,12451.24,5.04%
2025-05-30,Cycle_2,3840.23,5.22,20046.01,14,-1.29%,49302.61,24958.20,8.65%
2025-05-30,Cycle_3,3840.23,7.91,30376.24,14,-1.29%,58902.62,37679.93,14.57%
2025-05-30,Cycle_4,3840.23,11.02,42319.36,157,-9.77%,55792.01,53834.21,24.80%
2025-06-03,Cycle_1,3852.01,2.6,10015.23,5,-0.21%,31516.24,12451.24,5.04%
2025-06-03,Cycle_2,3852.01,5.22,20107.51,15,-0.99%,49302.61,24958.20,8.65%
2025-06-03,Cycle_3,3852.01,7.91,30469.42,15,-0.99%,58902.62,37679.93,14.57%
2025-06-03,Cycle_4,3852.01,11.02,42449.18,158,-9.49%,55792.01,53834.21,24.80%
2025-06-04,Cycle_1,3868.74,2.6,10058.73,6,0.22%,31516.24,12451.24,5.04%
2025-06-04,Cycle_2,3868.74,5.22,20194.84,16,-0.56%,49302.61,24958.20,8.65%
2025-06-04,Cycle_3,3868.74,7.91,30601.76,16,-0.56%,58902.62,37679.93,14.57%
2025-06-04,Cycle_4,3868.74,11.02,42633.55,159,-9.10%,55792.01,53834.21,24.80%
2025-06-05,Cycle_1,3877.56,2.6,10081.64,7,0.45%,31516.24,12451.24,5.04%
2025-06-05,Cycle_2,3877.56,5.22,20240.84,17,-0.34%,49302.61,24958.20,8.65%
2025-06-05,Cycle_3,3877.56,7.91,30671.47,17,-0.34%,58902.62,37679.93,14.57%
2025-06-05,Cycle_4,3877.56,11.02,42730.66,160,-8.89%,55792.01,53834.21,24.80%
2025-06-06,Cycle_1,3873.98,2.6,10072.36,8,0.36%,31516.24,12451.24,5.04%
2025-06-06,Cycle_2,3873.98,5.22,20222.20,18,-0.43%,49302.61,24958.20,8.65%
2025-06-06,Cycle_3,3873.98,7.91,30643.21,18,-0.43%,58902.62,37679.93,14.57%
2025-06-06,Cycle_4,3873.98,11.02,42691.30,161,-8.98%,55792.01,53834.21,24.80%
2025-06-09,Cycle_1,3885.25,2.6,10101.64,9,0.65%,31516.24,12451.24,5.04%
2025-06-09,Cycle_2,3885.25,5.22,20280.98,19,-0.14%,49302.61,24958.20,8.65%
2025-06-09,Cycle_3,3885.25,7.91,30732.30,19,-0.14%,58902.62,37679.93,14.57%
2025-06-09,Cycle_4,3885.25,11.02,42815.41,162,-8.71%,55792.01,53834.21,24.80%
2025-06-10,Cycle_1,3865.47,2.6,10050.21,10,0.14%,31516.24,12451.24,5.04%
2025-06-10,Cycle_2,3865.47,5.22,20177.73,20,-0.65%,49302.61,24958.20,8.65%
2025-06-10,Cycle_3,3865.47,7.91,30575.83,20,-0.65%,58902.62,37679.93,14.57%
2025-06-10,Cycle_4,3865.47,11.02,42597.43,163,-9.18%,55792.01,53834.21,24.80%
2025-06-11,Cycle_1,3894.63,2.6,10126.03,11,0.89%,31516.24,12451.24,5.04%
2025-06-11,Cycle_2,3894.63,5.22,20329.94,21,0.10%,49302.61,24958.20,8.65%
2025-06-11,Cycle_3,3894.63,7.91,30806.49,21,0.10%,58902.62,37679.93,14.57%
2025-06-11,Cycle_4,3894.63,11.02,42918.77,164,-8.49%,55792.01,53834.21,24.80%
2025-06-12,Cycle_1,3892.20,2.6,10119.72,12,0.83%,31516.24,12451.24,5.04%
2025-06-12,Cycle_2,3892.20,5.22,20317.28,22,0.04%,49302.61,24958.20,8.65%
2025-06-12,Cycle_3,3892.20,7.91,30787.30,22,0.04%,58902.62,37679.93,14.57%
2025-06-12,Cycle_4,3892.20,11.02,42892.04,165,-8.55%,55792.01,53834.21,24.80%
2025-06-13,Cycle_1,3864.18,2.6,10046.87,13,0.11%,31516.24,12451.24,5.04%
2025-06-13,Cycle_2,3864.18,5.22,20171.03,23,-0.68%,49302.61,24958.20,8.65%
2025-06-13,Cycle_3,3864.18,7.91,30565.68,23,-0.68%,58902.62,37679.93,14.57%
2025-06-13,Cycle_4,3864.18,11.02,42583.29,166,-9.21%,55792.01,53834.21,24.80%
2025-06-16,Cycle_1,3873.80,2.6,10071.87,14,0.35%,31516.24,12451.24,5.04%
2025-06-16,Cycle_2,3873.80,5.22,20221.21,24,-0.43%,49302.61,24958.20,8.65%
2025-06-16,Cycle_3,3873.80,7.91,30641.72,24,-0.43%,58902.62,37679.93,14.57%
2025-06-16,Cycle_4,3873.80,11.02,42689.22,167,-8.98%,55792.01,53834.21,24.80%
2025-06-17,Cycle_1,3870.38,2.6,10062.98,15,0.27%,31516.24,12451.24,5.04%
2025-06-17,Cycle_2,3870.38,5.22,20203.38,25,-0.52%,49302.61,24958.20,8.65%
2025-06-17,Cycle_3,3870.38,7.91,30614.69,25,-0.52%,58902.62,37679.93,14.57%
2025-06-17,Cycle_4,3870.38,11.02,42651.57,168,-9.06%,55792.01,53834.21,24.80%
2025-06-18,Cycle_1,3874.97,2.6,10074.92,16,0.39%,31516.24,12451.24,5.04%
2025-06-18,Cycle_2,3874.97,5.22,20227.35,26,-0.40%,49302.61,24958.20,8.65%
2025-06-18,Cycle_3,3874.97,7.91,30651.02,26,-0.40%,58902.62,37679.93,14.57%
2025-06-18,Cycle_4,3874.97,11.02,42702.18,169,-8.95%,55792.01,53834.21,24.80%
2025-06-19,Cycle_1,3843.09,2.6,9992.04,17,-0.44%,31516.24,12451.24,5.04%
2025-06-19,Cycle_2,3843.09,5.22,20060.94,27,-1.22%,49302.61,24958.20,8.65%
2025-06-19,Cycle_3,3843.09,7.91,30398.85,27,-1.22%,58902.62,37679.93,14.57%
2025-06-19,Cycle_4,3843.09,11.02,42350.87,170,-9.70%,55792.01,53834.21,24.80%
2025-06-20,Cycle_1,3846.64,2.6,10001.28,18,-0.35%,31516.24,12451.24,5.04%
2025-06-20,Cycle_2,3846.64,5.22,20079.48,28,-1.13%,49302.61,24958.20,8.65%
2025-06-20,Cycle_3,3846.64,7.91,30426.96,28,-1.13%,58902.62,37679.93,14.57%
2025-06-20,Cycle_4,3846.64,11.02,42390.02,171,-9.62%,55792.01,53834.21,24.80%
2025-06-23,Cycle_1,3857.90,2.6,10030.54,19,-0.06%,31516.24,12451.24,5.04%
2025-06-23,Cycle_2,3857.90,5.22,20138.25,29,-0.84%,49302.61,24958.20,8.65%
2025-06-23,Cycle_3,3857.90,7.91,30516.00,29,-0.84%,58902.62,37679.93,14.57%
2025-06-23,Cycle_4,3857.90,11.02,42514.08,172,-9.36%,55792.01,53834.21,24.80%
2025-06-24,Cycle_1,3904.03,2.6,10150.49,20,1.14%,31516.24,12451.24,5.04%
2025-06-24,Cycle_2,3904.03,5.22,20379.06,30,0.35%,49302.61,24958.20,8.65%
2025-06-24,Cycle_3,3904.03,7.91,30880.91,30,0.35%,58902.62,37679.93,14.57%
2025-06-24,Cycle_4,3904.03,11.02,43022.46,173,-8.27%,55792.01,53834.21,24.80%
2025-06-25,Cycle_1,3960.07,2.5500000000000003,10098.17,0,0.00%,31516.24,12253.24,5.04%
2025-06-25,Cycle_2,3960.07,5.22,20671.55,31,1.79%,49302.61,24958.20,8.65%
2025-06-25,Cycle_3,3960.07,7.91,31324.12,31,1.79%,58902.62,37679.93,14.57%
2025-06-25,Cycle_4,3960.07,11.02,43639.93,174,-6.96%,55792.01,53834.21,24.80%
2025-06-26,Cycle_1,3946.02,2.5500000000000003,10062.35,1,-0.35%,31516.24,12253.24,5.04%
2025-06-26,Cycle_2,3946.02,5.22,20598.22,32,1.42%,49302.61,24958.20,8.65%
2025-06-26,Cycle_3,3946.02,7.91,31213.01,32,1.42%,58902.62,37679.93,14.57%
2025-06-26,Cycle_4,3946.02,11.02,43485.13,175,-7.29%,55792.01,53834.21,24.80%
2025-06-27,Cycle_1,3921.76,2.5500000000000003,10000.48,2,-0.97%,31516.24,12253.24,5.04%
2025-06-27,Cycle_2,3921.76,5.22,20471.58,33,0.80%,49302.61,24958.20,8.65%
2025-06-27,Cycle_3,3921.76,7.91,31021.10,33,0.80%,58902.62,37679.93,14.57%
2025-06-27,Cycle_4,3921.76,11.02,43217.77,176,-7.86%,55792.01,53834.21,24.80%
2025-06-30,Cycle_1,3936.08,2.5500000000000003,10037.00,3,-0.61%,31516.24,12253.24,5.04%
2025-06-30,Cycle_2,3936.08,5.22,20546.33,34,1.17%,49302.61,24958.20,8.65%
2025-06-30,Cycle_3,3936.08,7.91,31134.39,34,1.17%,58902.62,37679.93,14.57%
2025-06-30,Cycle_4,3936.08,11.02,43375.59,177,-7.52%,55792.01,53834.21,24.80%
2025-07-01,Cycle_1,3942.76,2.5500000000000003,10054.04,4,-0.44%,31516.24,12253.24,5.04%
2025-07-01,Cycle_2,3942.76,5.22,20581.22,35,1.34%,49302.61,24958.20,8.65%
2025-07-01,Cycle_3,3942.76,7.91,31187.25,35,1.34%,58902.62,37679.93,14.57%
2025-07-01,Cycle_4,3942.76,11.02,43449.24,178,-7.36%,55792.01,53834.21,24.80%
2025-07-02,Cycle_1,3943.68,2.5500000000000003,10056.40,5,-0.41%,31516.24,12253.24,5.04%
2025-07-02,Cycle_2,3943.68,5.22,20586.04,36,1.36%,49302.61,24958.20,8.65%
2025-07-02,Cycle_3,3943.68,7.91,31194.55,36,1.36%,58902.62,37679.93,14.57%
2025-07-02,Cycle_4,3943.68,11.02,43459.41,179,-7.34%,55792.01,53834.21,24.80%
2025-07-03,Cycle_1,3968.07,2.5500000000000003,10118.57,6,0.20%,31516.24,12253.24,5.04%
2025-07-03,Cycle_2,3968.07,5.22,20713.31,37,1.99%,49302.61,24958.20,8.65%
2025-07-03,Cycle_3,3968.07,7.91,31387.41,37,1.99%,58902.62,37679.93,14.57%
2025-07-03,Cycle_4,3968.07,11.02,43728.10,180,-6.77%,55792.01,53834.21,24.80%
2025-07-04,Cycle_1,3982.20,2.5500000000000003,10154.62,7,0.56%,31516.24,12253.24,5.04%
2025-07-04,Cycle_2,3982.20,5.22,20787.10,38,2.35%,49302.61,24958.20,8.65%
2025-07-04,Cycle_3,3982.20,7.91,31499.23,38,2.35%,58902.62,37679.93,14.57%
2025-07-04,Cycle_4,3982.20,11.02,43883.88,181,-6.44%,55792.01,53834.21,24.80%
2025-07-07,Cycle_1,3965.17,2.5500000000000003,10111.20,8,0.13%,31516.24,12253.24,5.04%
2025-07-07,Cycle_2,3965.17,5.22,20698.21,39,1.92%,49302.61,24958.20,8.65%
2025-07-07,Cycle_3,3965.17,7.91,31364.53,39,1.92%,58902.62,37679.93,14.57%
2025-07-07,Cycle_4,3965.17,11.02,43696.22,182,-6.84%,55792.01,53834.21,24.80%
2025-07-08,Cycle_1,3998.45,2.5500000000000003,10196.05,9,0.97%,31516.24,12253.24,5.04%
2025-07-08,Cycle_2,3998.45,5.22,20871.92,40,2.77%,49302.61,24958.20,8.65%
2025-07-08,Cycle_3,3998.45,7.91,31627.76,40,2.77%,58902.62,37679.93,14.57%
2025-07-08,Cycle_4,3998.45,11.02,44062.95,183,-6.05%,55792.01,53834.21,24.80%
2025-07-09,Cycle_1,3991.40,2.5500000000000003,10178.07,10,0.79%,31516.24,12253.24,5.04%
2025-07-09,Cycle_2,3991.40,5.22,20835.11,41,2.59%,49302.61,24958.20,8.65%
2025-07-09,Cycle_3,3991.40,7.91,31571.98,41,2.59%,58902.62,37679.93,14.57%
2025-07-09,Cycle_4,3991.40,11.02,43985.23,184,-6.22%,55792.01,53834.21,24.80%
2025-07-10,Cycle_1,4010.02,2.5500000000000003,10225.56,11,1.26%,31516.24,12253.24,5.04%
2025-07-10,Cycle_2,4010.02,5.22,20932.33,42,3.07%,49302.61,24958.20,8.65%
2025-07-10,Cycle_3,4010.02,7.91,31719.29,42,3.07%,58902.62,37679.93,14.57%
2025-07-10,Cycle_4,4010.02,11.02,44190.47,185,-5.78%,55792.01,53834.21,24.80%
2025-07-11,Cycle_1,4014.81,2.5500000000000003,10237.76,12,1.38%,31516.24,12253.24,5.04%
2025-07-11,Cycle_2,4014.81,5.22,20957.29,43,3.19%,49302.61,24958.20,8.65%
2025-07-11,Cycle_3,4014.81,7.91,31757.12,43,3.19%,58902.62,37679.93,14.57%
2025-07-11,Cycle_4,4014.81,11.02,44243.17,186,-5.67%,55792.01,53834.21,24.80%
2025-07-14,Cycle_1,4017.67,2.5500000000000003,10245.05,13,1.45%,31516.24,12253.24,5.04%
2025-07-14,Cycle_2,4017.67,5.22,20972.23,44,3.27%,49302.61,24958.20,8.65%
2025-07-14,Cycle_3,4017.67,7.91,31779.75,44,3.27%,58902.62,37679.93,14.57%
2025-07-14,Cycle_4,4017.67,11.02,44274.70,187,-5.60%,55792.01,53834.21,24.80%
2025-07-15,Cycle_1,4019.06,2.5500000000000003,10248.61,14,1.49%,31516.24,12253.24,5.04%
2025-07-15,Cycle_2,4019.06,5.22,20979.52,45,3.30%,49302.61,24958.20,8.65%
2025-07-15,Cycle_3,4019.06,7.91,31790.80,45,3.30%,58902.62,37679.93,14.57%
2025-07-15,Cycle_4,4019.06,11.02,44290.09,188,-5.57%,55792.01,53834.21,24.80%
2025-07-16,Cycle_1,4007.20,2.5500000000000003,10218.36,15,1.19%,31516.24,12253.24,5.04%
2025-07-16,Cycle_2,4007.20,5.22,20917.59,46,3.00%,49302.61,24958.20,8.65%
2025-07-16,Cycle_3,4007.20,7.91,31696.97,46,3.00%,58902.62,37679.93,14.57%
2025-07-16,Cycle_4,4007.20,11.02,44159.36,189,-5.85%,55792.01,53834.21,24.80%
2025-07-17,Cycle_1,4034.49,2.5500000000000003,10287.95,16,1.88%,31516.24,12253.24,5.04%
2025-07-17,Cycle_2,4034.49,5.22,21060.04,47,3.70%,49302.61,24958.20,8.65%
2025-07-17,Cycle_3,4034.49,7.91,31912.82,47,3.70%,58902.62,37679.93,14.57%
2025-07-17,Cycle_4,4034.49,11.02,44460.09,190,-5.21%,55792.01,53834.21,24.80%
2025-07-18,Cycle_1,4058.55,2.49,10105.79,0,0.00%,31516.24,12009.72,5.04%
2025-07-18,Cycle_2,4058.55,5.04,20455.08,0,0.00%,49302.61,24227.66,8.65%
2025-07-18,Cycle_3,4058.55,7.91,32103.12,48,4.32%,58902.62,37679.93,14.57%
2025-07-18,Cycle_4,4058.55,11.02,44725.21,191,-4.64%,55792.01,53834.21,24.80%
2025-07-21,Cycle_1,4085.61,2.49,10173.16,1,0.67%,31516.24,12009.72,5.04%
2025-07-21,Cycle_2,4085.61,5.04,20591.46,1,0.67%,49302.61,24227.66,8.65%
2025-07-21,Cycle_3,4085.61,7.91,32317.15,49,5.01%,58902.62,37679.93,14.57%
2025-07-21,Cycle_4,4085.61,11.02,45023.39,192,-4.01%,55792.01,53834.21,24.80%
2025-07-22,Cycle_1,4118.96,2.49,10256.21,2,1.49%,31516.24,12009.72,5.04%
2025-07-22,Cycle_2,4118.96,5.04,20759.55,2,1.49%,49302.61,24227.66,8.65%
2025-07-22,Cycle_3,4118.96,7.91,32580.96,50,5.87%,58902.62,37679.93,14.57%
2025-07-22,Cycle_4,4118.96,11.02,45390.92,193,-3.22%,55792.01,53834.21,24.80%
2025-07-23,Cycle_1,4119.77,2.49,10258.22,3,1.51%,31516.24,12009.72,5.04%
2025-07-23,Cycle_2,4119.77,5.04,20763.63,3,1.51%,49302.61,24227.66,8.65%
2025-07-23,Cycle_3,4119.77,7.91,32587.37,51,5.89%,58902.62,37679.93,14.57%
2025-07-23,Cycle_4,4119.77,11.02,45399.85,194,-3.20%,55792.01,53834.21,24.80%
2025-07-24,Cycle_1,4149.04,2.4200000000000004,10040.67,0,0.00%,31516.24,11719.29,5.04%
2025-07-24,Cycle_2,4149.04,5.04,20911.15,4,2.23%,49302.61,24227.66,8.65%
2025-07-24,Cycle_3,4149.04,7.91,32818.88,52,6.64%,58902.62,37679.93,14.57%
2025-07-24,Cycle_4,4149.04,11.02,45722.39,195,-2.52%,55792.01,53834.21,24.80%
2025-07-25,Cycle_1,4127.16,2.4200000000000004,9987.74,1,-0.53%,31516.24,11719.29,5.04%
2025-07-25,Cycle_2,4127.16,5.04,20800.90,5,1.69%,49302.61,24227.66,8.65%
2025-07-25,Cycle_3,4127.16,7.91,32645.86,53,6.08%,58902.62,37679.93,14.57%
2025-07-25,Cycle_4,4127.16,11.02,45481.34,196,-3.03%,55792.01,53834.21,24.80%
2025-07-28,Cycle_1,4135.82,2.4200000000000004,10008.69,2,-0.32%,31516.24,11719.29,5.04%
2025-07-28,Cycle_2,4135.82,5.04,20844.55,6,1.90%,49302.61,24227.66,8.65%
2025-07-28,Cycle_3,4135.82,7.91,32714.37,54,6.30%,58902.62,37679.93,14.57%
2025-07-28,Cycle_4,4135.82,11.02,45576.78,197,-2.83%,55792.01,53834.21,24.80%
2025-07-29,Cycle_1,4152.02,2.4200000000000004,10047.90,3,0.07%,31516.24,11719.29,5.04%
2025-07-29,Cycle_2,4152.02,5.04,20926.20,7,2.30%,49302.61,24227.66,8.65%
2025-07-29,Cycle_3,4152.02,7.91,32842.52,55,6.72%,58902.62,37679.93,14.57%
2025-07-29,Cycle_4,4152.02,11.02,45755.31,198,-2.45%,55792.01,53834.21,24.80%
2025-07-30,Cycle_1,4151.24,2.4200000000000004,10046.00,4,0.05%,31516.24,11719.29,5.04%
2025-07-30,Cycle_2,4151.24,5.04,20922.24,8,2.28%,49302.61,24227.66,8.65%
2025-07-30,Cycle_3,4151.24,7.91,32836.29,56,6.70%,58902.62,37679.93,14.57%
2025-07-30,Cycle_4,4151.24,11.02,45746.64,199,-2.46%,55792.01,53834.21,24.80%
2025-07-31,Cycle_1,4075.59,2.4200000000000004,9862.93,5,-1.77%,31516.24,11719.29,5.04%
2025-07-31,Cycle_2,4075.59,5.04,20540.98,9,0.42%,49302.61,24227.66,8.65%
2025-07-31,Cycle_3,4075.59,7.91,32237.93,57,4.75%,58902.62,37679.93,14.57%
2025-07-31,Cycle_4,4075.59,11.02,44913.02,200,-4.24%,55792.01,53834.21,24.80%
2025-08-01,Cycle_1,4054.93,2.47,10015.67,0,0.00%,31718.98,11922.04,5.04%
2025-08-01,Cycle_2,4054.93,5.04,20436.84,10,-0.09%,49302.61,24227.66,8.65%
2025-08-01,Cycle_3,4054.93,7.91,32074.49,58,4.22%,58902.62,37679.93,14.57%
2025-08-01,Cycle_4,4054.93,11.02,44685.31,201,-4.73%,55792.01,53834.21,24.80%
2025-08-04,Cycle_1,4070.70,2.47,10054.63,1,0.39%,31718.98,11922.04,5.04%
2025-08-04,Cycle_2,4070.70,5.04,20516.34,11,0.30%,49302.61,24227.66,8.65%
2025-08-04,Cycle_3,4070.70,7.91,32199.26,59,4.63%,58902.62,37679.93,14.57%
2025-08-04,Cycle_4,4070.70,11.02,44859.14,202,-4.36%,55792.01,53834.21,24.80%
2025-08-05,Cycle_1,4103.45,2.47,10135.52,2,1.20%,31718.98,11922.04,5.04%
2025-08-05,Cycle_2,4103.45,5.04,20681.39,12,1.11%,49302.61,24227.66,8.65%
2025-08-05,Cycle_3,4103.45,7.91,32458.29,60,5.47%,58902.62,37679.93,14.57%
2025-08-05,Cycle_4,4103.45,11.02,45220.02,203,-3.59%,55792.01,53834.21,24.80%
2025-08-06,Cycle_1,4113.49,2.47,10160.31,3,1.44%,31718.98,11922.04,5.04%
2025-08-06,Cycle_2,4113.49,5.04,20731.97,13,1.35%,49302.61,24227.66,8.65%
2025-08-06,Cycle_3,4113.49,7.91,32537.67,61,5.73%,58902.62,37679.93,14.57%
2025-08-06,Cycle_4,4113.49,11.02,45330.61,204,-3.35%,55792.01,53834.21,24.80%
2025-08-07,Cycle_1,4114.67,2.47,10163.23,4,1.47%,31718.98,11922.04,5.04%
2025-08-07,Cycle_2,4114.67,5.04,20737.92,14,1.38%,49302.61,24227.66,8.65%
2025-08-07,Cycle_3,4114.67,7.91,32547.01,62,5.76%,58902.62,37679.93,14.57%
2025-08-07,Cycle_4,4114.67,11.02,45343.62,205,-3.32%,55792.01,53834.21,24.80%
2025-08-08,Cycle_1,4104.97,2.47,10139.27,5,1.23%,31718.98,11922.04,5.04%
2025-08-08,Cycle_2,4104.97,5.04,20689.03,15,1.14%,49302.61,24227.66,8.65%
2025-08-08,Cycle_3,4104.97,7.91,32470.29,63,5.51%,58902.62,37679.93,14.57%
2025-08-08,Cycle_4,4104.97,11.02,45236.74,206,-3.55%,55792.01,53834.21,24.80%
2025-08-11,Cycle_1,4122.51,2.47,10182.60,6,1.67%,31718.98,11922.04,5.04%
2025-08-11,Cycle_2,4122.51,5.04,20777.45,16,1.58%,49302.61,24227.66,8.65%
2025-08-11,Cycle_3,4122.51,7.91,32609.06,64,5.96%,58902.62,37679.93,14.57%
2025-08-11,Cycle_4,4122.51,11.02,45430.07,207,-3.14%,55792.01,53834.21,24.80%
2025-08-12,Cycle_1,4143.83,2.43,10069.50,0,0.00%,31718.98,11756.29,5.04%
2025-08-12,Cycle_2,4143.83,5.04,20884.88,17,2.10%,49302.61,24227.66,8.65%
2025-08-12,Cycle_3,4143.83,7.91,32777.66,65,6.51%,58902.62,37679.93,14.57%
2025-08-12,Cycle_4,4143.83,11.02,45664.95,208,-2.64%,55792.01,53834.21,24.80%
2025-08-13,Cycle_1,4176.58,2.43,10149.08,1,0.79%,31718.98,11756.29,5.04%
2025-08-13,Cycle_2,4176.58,5.04,21049.95,18,2.91%,49302.61,24227.66,8.65%
2025-08-13,Cycle_3,4176.58,7.91,33036.73,66,7.35%,58902.62,37679.93,14.57%
2025-08-13,Cycle_4,4176.58,11.02,46025.89,209,-1.87%,55792.01,53834.21,24.80%
2025-08-14,Cycle_1,4173.31,2.43,10141.15,2,0.71%,31718.98,11756.29,5.04%
2025-08-14,Cycle_2,4173.31,5.04,21033.50,19,2.83%,49302.61,24227.66,8.65%
2025-08-14,Cycle_3,4173.31,7.91,33010.91,67,7.27%,58902.62,37679.93,14.57%
2025-08-14,Cycle_4,4173.31,11.02,45989.91,210,-1.95%,55792.01,53834.21,24.80%
2025-08-15,Cycle_1,4202.35,2.43,10211.72,3,1.41%,31718.98,11756.29,5.04%
2025-08-15,Cycle_2,4202.35,5.04,21179.86,20,3.54%,49302.61,24227.66,8.65%
2025-08-15,Cycle_3,4202.35,7.42,31181.46,0,0.00%,58902.62,35620.77,14.57%
2025-08-15,Cycle_4,4202.35,11.02,46309.93,211,-1.26%,55792.01,53834.21,24.80%
2025-08-18,Cycle_1,4239.41,2.37,10047.41,0,0.00%,31718.98,11501.92,5.04%
2025-08-18,Cycle_2,4239.41,4.79,20306.79,0,0.00%,49302.61,23167.81,8.65%
2025-08-18,Cycle_3,4239.41,7.42,31456.44,1,0.88%,58902.62,35620.77,14.57%
2025-08-18,Cycle_4,4239.41,11.02,46718.33,212,-0.39%,55792.01,53834.21,24.80%
2025-08-19,Cycle_1,4223.37,2.37,10009.40,1,-0.38%,31718.98,11501.92,5.04%
2025-08-19,Cycle_2,4223.37,4.79,20229.96,1,-0.38%,49302.61,23167.81,8.65%
2025-08-19,Cycle_3,4223.37,7.42,31337.44,2,0.50%,58902.62,35620.77,14.57%
2025-08-19,Cycle_4,4223.37,11.02,46541.58,213,-0.77%,55792.01,53834.21,24.80%
2025-08-20,Cycle_1,4271.40,2.37,10123.21,2,0.75%,31718.98,11501.92,5.04%
2025-08-20,Cycle_2,4271.40,4.79,20459.99,2,0.75%,49302.61,23167.81,8.65%
2025-08-20,Cycle_3,4271.40,7.42,31693.76,3,1.64%,58902.62,35620.77,14.57%
2025-08-20,Cycle_4,4271.40,11.02,47070.78,214,0.36%,55792.01,53834.21,24.80%
2025-08-21,Cycle_1,4288.07,2.37,10162.73,3,1.15%,31718.98,11501.92,5.04%
2025-08-21,Cycle_2,4288.07,4.79,20539.86,3,1.15%,49302.61,23167.81,8.65%
2025-08-21,Cycle_3,4288.07,7.42,31817.48,4,2.04%,58902.62,35620.77,14.57%
2025-08-21,Cycle_4,4288.07,11.02,47254.54,215,0.75%,55792.01,53834.21,24.80%
2025-08-22,Cycle_1,4378.00,2.3000000000000003,10069.39,0,0.00%,31718.98,11195.46,5.04%
2025-08-22,Cycle_2,4378.00,4.79,20970.61,4,3.27%,49302.61,23167.81,8.65%
2025-08-22,Cycle_3,4378.00,7.42,32484.74,5,4.18%,58902.62,35620.77,14.57%
2025-08-22,Cycle_4,4378.00,11.02,48245.53,216,2.86%,55792.01,53834.21,24.80%
2025-08-25,Cycle_1,4469.22,2.2500000000000004,10055.75,0,0.00%,31718.98,10972.00,5.04%
2025-08-25,Cycle_2,4469.22,4.53,20245.57,0,0.00%,49302.61,22005.81,8.65%
2025-08-25,Cycle_3,4469.22,7.42,33161.63,6,6.35%,58902.62,35620.77,14.57%
2025-08-25,Cycle_4,4469.22,11.02,49250.82,217,5.01%,55792.01,53834.21,24.80%
2025-08-26,Cycle_1,4452.59,2.2500000000000004,10018.33,1,-0.37%,31718.98,10972.00,5.04%
2025-08-26,Cycle_2,4452.59,4.53,20170.23,1,-0.37%,49302.61,22005.81,8.65%
2025-08-26,Cycle_3,4452.59,7.42,33038.22,7,5.95%,58902.62,35620.77,14.57%
2025-08-26,Cycle_4,4452.59,11.02,49067.55,218,4.62%,55792.01,53834.21,24.80%
2025-08-27,Cycle_1,4386.13,2.2500000000000004,9868.78,2,-1.86%,31718.98,10972.00,5.04%
2025-08-27,Cycle_2,4386.13,4.53,19869.15,2,-1.86%,49302.61,22005.81,8.65%
2025-08-27,Cycle_3,4386.13,7.42,32545.06,8,4.37%,58902.62,35620.77,14.57%
2025-08-27,Cycle_4,4386.13,11.02,48335.12,219,3.06%,55792.01,53834.21,24.80%
2025-08-28,Cycle_1,4463.78,2.2500000000000004,10043.51,3,-0.12%,31718.98,10972.00,5.04%
2025-08-28,Cycle_2,4463.78,4.53,20220.93,3,-0.12%,49302.61,22005.81,8.65%
2025-08-28,Cycle_3,4463.78,7.42,33121.26,9,6.22%,58902.62,35620.77,14.57%
2025-08-28,Cycle_4,4463.78,11.02,49190.88,220,4.88%,55792.01,53834.21,24.80%
2025-08-29,Cycle_1,4496.76,2.2500000000000004,10117.71,4,0.62%,31718.98,10972.00,5.04%
2025-08-29,Cycle_2,4496.76,4.53,20370.32,4,0.62%,49302.61,22005.81,8.65%
2025-08-29,Cycle_3,4496.76,7.42,33365.95,10,7.01%,58902.62,35620.77,14.57%
2025-08-29,Cycle_4,4496.76,11.02,49554.29,221,5.65%,55792.01,53834.21,24.80%
2025-09-01,Cycle_1,4523.71,2.2500000000000004,10178.35,5,1.22%,31718.98,10972.00,5.04%
2025-09-01,Cycle_2,4523.71,4.53,20492.41,5,1.22%,49302.61,22005.81,8.65%
2025-09-01,Cycle_3,4523.71,7.42,33565.94,11,7.65%,58902.62,35620.77,14.57%
2025-09-01,Cycle_4,4523.71,11.02,49851.30,222,6.29%,55792.01,53834.21,24.80%
2025-09-02,Cycle_1,4490.45,2.2500000000000004,10103.52,6,0.48%,31718.98,10972.00,5.04%
2025-09-02,Cycle_2,4490.45,4.53,20341.75,6,0.48%,49302.61,22005.81,8.65%
2025-09-02,Cycle_3,4490.45,7.42,33319.16,12,6.86%,58902.62,35620.77,14.57%
2025-09-02,Cycle_4,4490.45,11.02,49484.79,223,5.51%,55792.01,53834.21,24.80%
2025-09-03,Cycle_1,4459.83,2.2500000000000004,10034.62,7,-0.21%,31718.98,10972.00,5.04%
2025-09-03,Cycle_2,4459.83,4.53,20203.03,7,-0.21%,49302.61,22005.81,8.65%
2025-09-03,Cycle_3,4459.83,7.42,33091.94,13,6.13%,58902.62,35620.77,14.57%
2025-09-03,Cycle_4,4459.83,11.02,49147.32,224,4.79%,55792.01,53834.21,24.80%
2025-09-04,Cycle_1,4365.21,2.3000000000000003,10039.98,0,0.00%,31937.24,11190.26,5.04%
2025-09-04,Cycle_2,4365.21,4.53,19774.39,8,-2.33%,49302.61,22005.81,8.65%
2025-09-04,Cycle_3,4365.21,7.42,32389.85,14,3.88%,58902.62,35620.77,14.57%
2025-09-04,Cycle_4,4365.21,11.02,48104.60,225,2.56%,55792.01,53834.21,24.80%
2025-09-05,Cycle_1,4460.32,2.2500000000000004,10035.73,0,0.00%,31937.24,10967.24,5.04%
2025-09-05,Cycle_2,4460.32,4.53,20205.27,9,-0.20%,49302.61,22005.81,8.65%
2025-09-05,Cycle_3,4460.32,7.42,33095.61,15,6.14%,58902.62,35620.77,14.57%
2025-09-05,Cycle_4,4460.32,11.02,49152.78,226,4.80%,55792.01,53834.21,24.80%
2025-09-08,Cycle_1,4467.57,2.2500000000000004,10052.04,1,0.16%,31937.24,10967.24,5.04%
2025-09-08,Cycle_2,4467.57,4.53,20238.11,10,-0.04%,49302.61,22005.81,8.65%
2025-09-08,Cycle_3,4467.57,7.42,33149.39,16,6.31%,58902.62,35620.77,14.57%
2025-09-08,Cycle_4,4467.57,11.02,49232.66,227,4.97%,55792.01,53834.21,24.80%
2025-09-09,Cycle_1,4436.26,2.2500000000000004,9981.58,2,-0.54%,31937.24,10967.24,5.04%
2025-09-09,Cycle_2,4436.26,4.53,20096.25,11,-0.74%,49302.61,22005.81,8.65%
2025-09-09,Cycle_3,4436.26,7.42,32917.04,17,5.57%,58902.62,35620.77,14.57%
2025-09-09,Cycle_4,4436.26,11.02,48887.57,228,4.23%,55792.01,53834.21,24.80%
2025-09-10,Cycle_1,4445.36,2.2500000000000004,10002.07,3,-0.34%,31937.24,10967.24,5.04%
2025-09-10,Cycle_2,4445.36,4.53,20137.50,12,-0.53%,49302.61,22005.81,8.65%
2025-09-10,Cycle_3,4445.36,7.42,32984.61,18,5.78%,58902.62,35620.77,14.57%
2025-09-10,Cycle_4,4445.36,11.02,48987.92,229,4.45%,55792.01,53834.21,24.80%
2025-09-11,Cycle_1,4548.03,2.2500000000000004,10233.08,4,1.97%,31937.24,10967.24,5.04%
2025-09-11,Cycle_2,4548.03,4.53,20602.60,13,1.76%,49302.61,22005.81,8.65%
2025-09-11,Cycle_3,4548.03,6.76,30744.71,0,0.00%,58902.62,32619.07,14.57%
2025-09-11,Cycle_4,4548.03,11.02,50119.34,230,6.86%,55792.01,53834.21,24.80%
2025-09-12,Cycle_1,4522.00,2.2500000000000004,10174.50,5,1.38%,31937.24,10967.24,5.04%
2025-09-12,Cycle_2,4522.00,4.53,20484.65,14,1.18%,49302.61,22005.81,8.65%
2025-09-12,Cycle_3,4522.00,6.76,30568.71,1,-0.57%,58902.62,32619.07,14.57%
2025-09-12,Cycle_4,4522.00,11.02,49832.42,231,6.25%,55792.01,53834.21,24.80%
2025-09-15,Cycle_1,4533.06,2.2500000000000004,10199.38,6,1.63%,31937.24,10967.24,5.04%
2025-09-15,Cycle_2,4533.06,4.53,20534.74,15,1.43%,49302.61,22005.81,8.65%
2025-09-15,Cycle_3,4533.06,6.76,30643.46,2,-0.33%,58902.62,32619.07,14.57%
2025-09-15,Cycle_4,4533.06,11.02,49954.27,232,6.51%,55792.01,53834.21,24.80%
2025-09-16,Cycle_1,4523.34,2.2500000000000004,10177.51,7,1.41%,31937.24,10967.24,5.04%
2025-09-16,Cycle_2,4523.34,4.53,20490.72,16,1.21%,49302.61,22005.81,8.65%
2025-09-16,Cycle_3,4523.34,6.76,30577.76,3,-0.54%,58902.62,32619.07,14.57%
2025-09-16,Cycle_4,4523.34,11.02,49847.17,233,6.28%,55792.01,53834.21,24.80%
2025-09-17,Cycle_1,4551.02,2.2100000000000004,10057.76,0,0.00%,31937.24,10785.20,5.04%
2025-09-17,Cycle_2,4551.02,4.53,20616.13,17,1.83%,49302.61,22005.81,8.65%
2025-09-17,Cycle_3,4551.02,6.76,30764.92,4,0.07%,58902.62,32619.07,14.57%
2025-09-17,Cycle_4,4551.02,11.02,50152.27,234,6.93%,55792.01,53834.21,24.80%
2025-09-18,Cycle_1,4498.11,2.2100000000000004,9940.82,1,-1.16%,31937.24,10785.20,5.04%
2025-09-18,Cycle_2,4498.11,4.53,20376.43,18,0.65%,49302.61,22005.81,8.65%
2025-09-18,Cycle_3,4498.11,6.76,30407.22,5,-1.10%,58902.62,32619.07,14.57%
2025-09-18,Cycle_4,4498.11,11.02,49569.16,235,5.69%,55792.01,53834.21,24.80%
2025-09-19,Cycle_1,4501.92,2.2100000000000004,9949.24,2,-1.08%,31937.24,10785.20,5.04%
2025-09-19,Cycle_2,4501.92,4.53,20393.70,19,0.73%,49302.61,22005.81,8.65%
2025-09-19,Cycle_3,4501.92,6.76,30432.98,6,-1.01%,58902.62,32619.07,14.57%
2025-09-19,Cycle_4,4501.92,11.02,49611.15,236,5.78%,55792.01,53834.21,24.80%
2025-09-22,Cycle_1,4522.61,2.2100000000000004,9994.96,3,-0.62%,31937.24,10785.20,5.04%
2025-09-22,Cycle_2,4522.61,4.53,20487.41,20,1.19%,49302.61,22005.81,8.65%
2025-09-22,Cycle_3,4522.61,6.76,30572.83,7,-0.56%,58902.62,32619.07,14.57%
2025-09-22,Cycle_4,4522.61,11.02,49839.14,237,6.26%,55792.01,53834.21,24.80%
2025-09-23,Cycle_1,4519.78,2.2100000000000004,9988.71,4,-0.69%,31937.24,10785.20,5.04%
2025-09-23,Cycle_2,4519.78,4.53,20474.59,21,1.13%,49302.61,22005.81,8.65%
2025-09-23,Cycle_3,4519.78,6.76,30553.70,8,-0.62%,58902.62,32619.07,14.57%
2025-09-23,Cycle_4,4519.78,11.02,49807.95,238,6.20%,55792.01,53834.21,24.80%
2025-09-24,Cycle_1,4566.07,2.2100000000000004,10091.02,5,0.33%,31937.24,10785.20,5.04%
2025-09-24,Cycle_2,4566.07,4.53,20684.30,22,2.17%,49302.61,22005.81,8.65%
2025-09-24,Cycle_3,4566.07,6.76,30866.64,9,0.40%,58902.62,32619.07,14.57%
2025-09-24,Cycle_4,4566.07,11.02,50318.10,239,7.28%,55792.01,53834.21,24.80%
2025-09-25,Cycle_1,4593.49,2.2100000000000004,10151.61,6,0.93%,31937.24,10785.20,5.04%
2025-09-25,Cycle_2,4593.49,4.53,20808.50,23,2.78%,49302.61,22005.81,8.65%
2025-09-25,Cycle_3,4593.49,6.76,31051.98,10,1.00%,58902.62,32619.07,14.57%
2025-09-25,Cycle_4,4593.49,11.02,50620.23,240,7.93%,55792.01,53834.21,24.80%
2025-09-26,Cycle_1,4550.05,2.2100000000000004,10055.61,7,-0.02%,31937.24,10785.20,5.04%
2025-09-26,Cycle_2,4550.05,4.53,20611.72,24,1.81%,49302.61,22005.81,8.65%
2025-09-26,Cycle_3,4550.05,6.76,30758.33,11,0.04%,58902.62,32619.07,14.57%
2025-09-26,Cycle_4,4550.05,11.02,50141.54,241,6.91%,55792.01,53834.21,24.80%
2025-09-29,Cycle_1,4620.05,2.2100000000000004,10210.32,8,1.52%,31937.24,10785.20,5.04%
2025-09-29,Cycle_2,4620.05,4.53,20928.84,25,3.37%,49302.61,22005.81,8.65%
2025-09-29,Cycle_3,4620.05,6.76,31231.56,12,1.58%,58902.62,32619.07,14.57%
2025-09-29,Cycle_4,4620.05,11.02,50912.98,242,8.55%,55792.01,53834.21,24.80%
2025-09-30,Cycle_1,4640.69,2.2100000000000004,10255.93,9,1.97%,31937.24,10785.20,5.04%
2025-09-30,Cycle_2,4640.69,4.53,21022.34,26,3.84%,49302.61,22005.81,8.65%
2025-09-30,Cycle_3,4640.69,6.76,31371.09,13,2.04%,58902.62,32619.07,14.57%
2025-09-30,Cycle_4,4640.69,11.02,51140.44,243,9.04%,55792.01,53834.21,24.80%
2025-10-09,Cycle_1,4709.48,2.1400000000000006,10078.29,0,0.00%,31937.24,10455.54,5.04%
2025-10-09,Cycle_2,4709.48,4.32,20344.96,0,0.00%,49302.61,21016.82,8.65%
2025-10-09,Cycle_3,4709.48,6.76,31836.10,14,3.55%,58902.62,32619.07,14.57%
2025-10-09,Cycle_4,4709.48,11.02,51898.49,244,10.65%,55792.01,53834.21,24.80%
2025-10-10,Cycle_1,4616.83,2.1400000000000006,9880.02,1,-1.97%,31937.24,10455.54,5.04%
2025-10-10,Cycle_2,4616.83,4.32,19944.72,1,-1.97%,49302.61,21016.82,8.65%
2025-10-10,Cycle_3,4616.83,6.76,31209.80,15,1.51%,58902.62,32619.07,14.57%
2025-10-10,Cycle_4,4616.83,11.02,50877.51,245,8.48%,55792.01,53834.21,24.80%
2025-10-13,Cycle_1,4593.98,2.1800000000000006,10014.87,0,0.00%,32121.00,10639.30,5.04%
2025-10-13,Cycle_2,4593.98,4.32,19845.99,2,-2.45%,49302.61,21016.82,8.65%
2025-10-13,Cycle_3,4593.98,6.76,31055.29,16,1.01%,58902.62,32619.07,14.57%
2025-10-13,Cycle_4,4593.98,11.02,50625.64,246,7.94%,55792.01,53834.21,24.80%
2025-10-14,Cycle_1,4539.06,2.1800000000000006,9895.16,1,-1.20%,32121.00,10639.30,5.04%
2025-10-14,Cycle_2,4539.06,4.32,19608.76,3,-3.62%,49302.61,21016.82,8.65%
2025-10-14,Cycle_3,4539.06,6.76,30684.08,17,-0.20%,58902.62,32619.07,14.57%
2025-10-14,Cycle_4,4539.06,11.02,50020.49,247,6.65%,55792.01,53834.21,24.80%
2025-10-15,Cycle_1,4606.29,2.1800000000000006,10041.71,2,0.27%,32121.00,10639.30,5.04%
2025-10-15,Cycle_2,4606.29,4.32,19899.16,4,-2.19%,49302.61,21016.82,8.65%
2025-10-15,Cycle_3,4606.29,6.76,31138.51,18,1.28%,58902.62,32619.07,14.57%
2025-10-15,Cycle_4,4606.29,11.02,50761.29,248,8.23%,55792.01,53834.21,24.80%
2025-10-16,Cycle_1,4618.42,2.1800000000000006,10068.16,3,0.53%,32121.00,10639.30,5.04%
2025-10-16,Cycle_2,4618.42,4.32,19951.58,5,-1.93%,49302.61,21016.82,8.65%
2025-10-16,Cycle_3,4618.42,6.76,31220.53,19,1.55%,58902.62,32619.07,14.57%
2025-10-16,Cycle_4,4618.42,11.02,50895.01,249,8.51%,55792.01,53834.21,24.80%
2025-10-17,Cycle_1,4514.23,2.1800000000000006,9841.03,4,-1.74%,32121.00,10639.30,5.04%
2025-10-17,Cycle_2,4514.23,4.44,20043.20,0,0.00%,49844.32,21558.52,8.65%
2025-10-17,Cycle_3,4514.23,6.76,30516.23,20,-0.74%,58902.62,32619.07,14.57%
2025-10-17,Cycle_4,4514.23,11.02,49746.86,250,6.07%,55792.01,53834.21,24.80%
2025-10-20,Cycle_1,4538.22,2.1800000000000006,9893.32,5,-1.21%,32121.00,10639.30,5.04%
2025-10-20,Cycle_2,4538.22,4.44,20149.70,1,0.53%,49844.32,21558.52,8.65%
2025-10-20,Cycle_3,4538.22,6.76,30678.37,21,-0.22%,58902.62,32619.07,14.57%
2025-10-20,Cycle_4,4538.22,11.02,50011.19,251,6.63%,55792.01,53834.21,24.80%
2025-10-21,Cycle_1,4607.87,2.1800000000000006,10045.16,6,0.30%,32121.00,10639.30,5.04%
2025-10-21,Cycle_2,4607.87,4.44,20458.95,2,2.07%,49844.32,21558.52,8.65%
2025-10-21,Cycle_3,4607.87,6.76,31149.21,22,1.32%,58902.62,32619.07,14.57%
2025-10-21,Cycle_4,4607.87,11.02,50778.74,252,8.27%,55792.01,53834.21,24.80%
2025-10-22,Cycle_1,4592.57,2.1800000000000006,10011.80,7,-0.03%,32121.00,10639.30,5.04%
2025-10-22,Cycle_2,4592.57,4.44,20391.01,3,1.74%,49844.32,21558.52,8.65%
2025-10-22,Cycle_3,4592.57,6.76,31045.77,23,0.98%,58902.62,32619.07,14.57%
2025-10-22,Cycle_4,4592.57,11.02,50610.12,253,7.91%,55792.01,53834.21,24.80%
2025-10-23,Cycle_1,4606.34,2.1800000000000006,10041.83,8,0.27%,32121.00,10639.30,5.04%
2025-10-23,Cycle_2,4606.34,4.44,20452.17,4,2.04%,49844.32,21558.52,8.65%
2025-10-23,Cycle_3,4606.34,6.76,31138.89,24,1.28%,58902.62,32619.07,14.57%
2025-10-23,Cycle_4,4606.34,11.02,50761.92,254,8.23%,55792.01,53834.21,24.80%
2025-10-24,Cycle_1,4660.68,2.1800000000000006,10160.29,9,1.45%,32121.00,10639.30,5.04%
2025-10-24,Cycle_2,4660.68,4.44,20693.43,5,3.24%,49844.32,21558.52,8.65%
2025-10-24,Cycle_3,4660.68,6.76,31506.22,25,2.48%,58902.62,32619.07,14.57%
2025-10-24,Cycle_4,4660.68,11.02,51360.73,255,9.51%,55792.01,53834.21,24.80%
2025-10-27,Cycle_1,4716.02,2.1400000000000006,10092.28,0,0.00%,32121.00,10450.66,5.04%
2025-10-27,Cycle_2,4716.02,4.29,20231.72,0,0.00%,49844.32,20851.12,8.65%
2025-10-27,Cycle_3,4716.02,6.76,31880.29,26,3.69%,58902.62,32619.07,14.57%
2025-10-27,Cycle_4,4716.02,11.02,51970.52,256,10.81%,55792.01,53834.21,24.80%
2025-10-28,Cycle_1,4691.97,2.1400000000000006,10040.82,1,-0.51%,32121.00,10450.66,5.04%
2025-10-28,Cycle_2,4691.97,4.29,20128.56,1,-0.51%,49844.32,20851.12,8.65%
2025-10-28,Cycle_3,4691.97,6.76,31717.74,27,3.16%,58902.62,32619.07,14.57%
2025-10-28,Cycle_4,4691.97,11.02,51705.54,257,10.24%,55792.01,53834.21,24.80%
2025-10-29,Cycle_1,4747.84,2.1400000000000006,10160.37,2,0.67%,32121.00,10450.66,5.04%
2025-10-29,Cycle_2,4747.84,4.29,20368.22,2,0.67%,49844.32,20851.12,8.65%
2025-10-29,Cycle_3,4747.84,6.76,32095.38,28,4.39%,58902.62,32619.07,14.57%
2025-10-29,Cycle_4,4747.84,11.02,52321.17,258,11.55%,55792.01,53834.21,24.80%
2025-10-30,Cycle_1,4709.91,2.1400000000000006,10079.21,3,-0.13%,32121.00,10450.66,5.04%
2025-10-30,Cycle_2,4709.91,4.29,20205.52,3,-0.13%,49844.32,20851.12,8.65%
2025-10-30,Cycle_3,4709.91,6.76,31839.00,29,3.56%,58902.62,32619.07,14.57%
2025-10-30,Cycle_4,4709.91,11.02,51903.22,259,10.66%,55792.01,53834.21,24.80%
2025-10-31,Cycle_1,4640.67,2.1400000000000006,9931.03,4,-1.60%,32121.00,10450.66,5.04%
2025-10-31,Cycle_2,4640.67,4.29,19908.46,4,-1.60%,49844.32,20851.12,8.65%
2025-10-31,Cycle_3,4640.67,6.76,31370.91,30,2.04%,58902.62,32619.07,14.57%
2025-10-31,Cycle_4,4640.67,11.02,51140.16,260,9.04%,55792.01,53834.21,24.80%
2025-11-03,Cycle_1,4653.40,2.1400000000000006,9958.28,5,-1.33%,32121.00,10450.66,5.04%
2025-11-03,Cycle_2,4653.40,4.29,19963.10,5,-1.33%,49844.32,20851.12,8.65%
2025-11-03,Cycle_3,4653.40,6.76,31457.00,31,2.32%,58902.62,32619.07,14.57%
2025-11-03,Cycle_4,4653.40,11.02,51280.50,261,9.34%,55792.01,53834.21,24.80%
2025-11-04,Cycle_1,4618.70,2.1700000000000004,10022.58,0,0.00%,32259.56,10589.22,5.04%
2025-11-04,Cycle_2,4618.70,4.29,19814.22,6,-2.06%,49844.32,20851.12,8.65%
2025-11-04,Cycle_3,4618.70,6.76,31222.41,32,1.55%,58902.62,32619.07,14.57%
2025-11-04,Cycle_4,4618.70,11.02,50898.06,262,8.52%,55792.01,53834.21,24.80%
2025-11-05,Cycle_1,4627.26,2.1700000000000004,10041.15,1,0.19%,32259.56,10589.22,5.04%
2025-11-05,Cycle_2,4627.26,4.29,19850.93,7,-1.88%,49844.32,20851.12,8.65%
2025-11-05,Cycle_3,4627.26,6.76,31280.26,33,1.74%,58902.62,32619.07,14.57%
2025-11-05,Cycle_4,4627.26,11.02,50992.37,263,8.72%,55792.01,53834.21,24.80%
2025-11-06,Cycle_1,4693.40,2.1700000000000004,10184.68,2,1.62%,32259.56,10589.22,5.04%
2025-11-06,Cycle_2,4693.40,4.29,20134.70,8,-0.48%,49844.32,20851.12,8.65%
2025-11-06,Cycle_3,4693.40,6.76,31727.41,34,3.20%,58902.62,32619.07,14.57%
2025-11-06,Cycle_4,4693.40,11.02,51721.30,264,10.27%,55792.01,53834.21,24.80%
2025-11-07,Cycle_1,4678.79,2.1700000000000004,10152.98,3,1.30%,32259.56,10589.22,5.04%
2025-11-07,Cycle_2,4678.79,4.29,20072.03,9,-0.79%,49844.32,20851.12,8.65%
2025-11-07,Cycle_3,4678.79,6.76,31628.65,35,2.88%,58902.62,32619.07,14.57%
2025-11-07,Cycle_4,4678.79,11.02,51560.31,265,9.93%,55792.01,53834.21,24.80%
2025-11-10,Cycle_1,4695.05,2.1700000000000004,10188.26,4,1.65%,32259.56,10589.22,5.04%
2025-11-10,Cycle_2,4695.05,4.29,20141.77,10,-0.44%,49844.32,20851.12,8.65%
2025-11-10,Cycle_3,4695.05,6.76,31738.54,36,3.23%,58902.62,32619.07,14.57%
2025-11-10,Cycle_4,4695.05,11.02,51739.46,266,10.31%,55792.01,53834.21,24.80%
2025-11-11,Cycle_1,4652.17,2.1700000000000004,10095.20,5,0.72%,32259.56,10589.22,5.04%
2025-11-11,Cycle_2,4652.17,4.29,19957.79,11,-1.35%,49844.32,20851.12,8.65%
2025-11-11,Cycle_3,4652.17,6.76,31448.64,37,2.29%,58902.62,32619.07,14.57%
2025-11-11,Cycle_4,4652.17,11.02,51266.86,267,9.31%,55792.01,53834.21,24.80%
2025-11-12,Cycle_1,4645.91,2.1700000000000004,10081.62,6,0.59%,32259.56,10589.22,5.04%
2025-11-12,Cycle_2,4645.91,4.29,19930.94,12,-1.49%,49844.32,20851.12,8.65%
2025-11-12,Cycle_3,4645.91,6.76,31406.34,38,2.15%,58902.62,32619.07,14.57%
2025-11-12,Cycle_4,4645.91,11.02,51197.91,268,9.16%,55792.01,53834.21,24.80%
2025-11-13,Cycle_1,4702.07,2.1700000000000004,10203.50,7,1.81%,32259.56,10589.22,5.04%
2025-11-13,Cycle_2,4702.07,4.29,20171.90,13,-0.30%,49844.32,20851.12,8.65%
2025-11-13,Cycle_3,4702.07,6.76,31786.02,39,3.39%,58902.62,32619.07,14.57%
2025-11-13,Cycle_4,4702.07,11.02,51816.85,269,10.48%,55792.01,53834.21,24.80%
2025-11-14,Cycle_1,4628.14,2.1700000000000004,10043.06,8,0.20%,32259.56,10589.22,5.04%
2025-11-14,Cycle_2,4628.14,4.29,19854.72,14,-1.86%,49844.32,20851.12,8.65%
2025-11-14,Cycle_3,4628.14,6.76,31286.23,40,1.76%,58902.62,32619.07,14.57%
2025-11-14,Cycle_4,4628.14,11.02,51002.10,270,8.74%,55792.01,53834.21,24.80%
2025-11-17,Cycle_1,4598.05,2.1700000000000004,9977.77,9,-0.45%,32259.56,10589.22,5.04%
2025-11-17,Cycle_2,4598.05,4.29,19725.65,15,-2.50%,49844.32,20851.12,8.65%
2025-11-17,Cycle_3,4598.05,6.76,31082.83,41,1.10%,58902.62,32619.07,14.57%
2025-11-17,Cycle_4,4598.05,11.02,50670.54,271,8.03%,55792.01,53834.21,24.80%
2025-11-18,Cycle_1,4568.19,2.1700000000000004,9912.98,10,-1.09%,32259.56,10589.22,5.04%
2025-11-18,Cycle_2,4568.19,4.29,19597.55,16,-3.13%,49844.32,20851.12,8.65%
2025-11-18,Cycle_3,4568.19,6.76,30880.98,42,0.44%,58902.62,32619.07,14.57%
2025-11-18,Cycle_4,4568.19,11.02,50341.48,272,7.33%,55792.01,53834.21,24.80%
2025-11-19,Cycle_1,4588.29,2.1700000000000004,9956.59,11,-0.66%,32259.56,10589.22,5.04%
2025-11-19,Cycle_2,4588.29,4.29,19683.77,17,-2.71%,49844.32,20851.12,8.65%
2025-11-19,Cycle_3,4588.29,6.76,31016.86,43,0.89%,58902.62,32619.07,14.57%
2025-11-19,Cycle_4,4588.29,11.02,50562.98,273,7.81%,55792.01,53834.21,24.80%
2025-11-20,Cycle_1,4564.95,2.1700000000000004,9905.94,12,-1.16%,32259.56,10589.22,5.04%
2025-11-20,Cycle_2,4564.95,4.29,19583.63,18,-3.20%,49844.32,20851.12,8.65%
2025-11-20,Cycle_3,4564.95,6.76,30859.05,44,0.37%,58902.62,32619.07,14.57%
2025-11-20,Cycle_4,4564.95,11.02,50305.73,274,7.26%,55792.01,53834.21,24.80%
2025-11-21,Cycle_1,4453.61,2.2500000000000004,10020.62,0,0.00%,32615.85,10945.51,5.04%
2025-11-21,Cycle_2,4453.61,4.51,20085.77,0,0.00%,50824.11,21830.92,8.65%
2025-11-21,Cycle_3,4453.61,6.76,30106.39,45,-2.08%,58902.62,32619.07,14.57%
2025-11-21,Cycle_4,4453.61,11.02,49078.76,275,4.64%,55792.01,53834.21,24.80%
2025-11-24,Cycle_1,4448.05,2.2500000000000004,10008.11,1,-0.12%,32615.85,10945.51,5.04%
2025-11-24,Cycle_2,4448.05,4.51,20060.70,1,-0.12%,50824.11,21830.92,8.65%
2025-11-24,Cycle_3,4448.05,6.76,30068.80,46,-2.20%,58902.62,32619.07,14.57%
2025-11-24,Cycle_4,4448.05,11.02,49017.49,276,4.51%,55792.01,53834.21,24.80%
2025-11-25,Cycle_1,4490.40,2.2500000000000004,10103.41,2,0.83%,32615.85,10945.51,5.04%
2025-11-25,Cycle_2,4490.40,4.51,20251.73,2,0.83%,50824.11,21830.92,8.65%
2025-11-25,Cycle_3,4490.40,6.76,30355.14,47,-1.27%,58902.62,32619.07,14.57%
2025-11-25,Cycle_4,4490.40,11.02,49484.26,277,5.51%,55792.01,53834.21,24.80%
2025-11-26,Cycle_1,4517.63,2.2500000000000004,10164.66,3,1.44%,32615.85,10945.51,5.04%
2025-11-26,Cycle_2,4517.63,4.51,20374.49,3,1.44%,50824.11,21830.92,8.65%
2025-11-26,Cycle_3,4517.63,6.76,30539.15,48,-0.67%,58902.62,32619.07,14.57%
2025-11-26,Cycle_4,4517.63,11.02,49784.23,278,6.14%,55792.01,53834.21,24.80%
2025-11-27,Cycle_1,4515.40,2.2500000000000004,10159.66,4,1.39%,32615.85,10945.51,5.04%
2025-11-27,Cycle_2,4515.40,4.51,20364.47,4,1.39%,50824.11,21830.92,8.65%
2025-11-27,Cycle_3,4515.40,6.76,30524.12,49,-0.72%,58902.62,32619.07,14.57%
2025-11-27,Cycle_4,4515.40,11.02,49759.74,279,6.09%,55792.01,53834.21,24.80%
2025-11-28,Cycle_1,4526.66,2.2500000000000004,10184.99,5,1.64%,32615.85,10945.51,5.04%
2025-11-28,Cycle_2,4526.66,4.51,20415.24,5,1.64%,50824.11,21830.92,8.65%
2025-11-28,Cycle_3,4526.66,6.76,30600.23,50,-0.47%,58902.62,32619.07,14.57%
2025-11-28,Cycle_4,4526.66,11.02,49883.81,280,6.36%,55792.01,53834.21,24.80%
2025-12-01,Cycle_1,4576.49,2.2000000000000006,10068.27,0,0.00%,32615.85,10716.68,5.04%
2025-12-01,Cycle_2,4576.49,4.51,20639.95,6,2.76%,50824.11,21830.92,8.65%
2025-12-01,Cycle_3,4576.49,6.76,30937.04,51,0.63%,58902.62,32619.07,14.57%
2025-12-01,Cycle_4,4576.49,11.02,50432.87,281,7.53%,55792.01,53834.21,24.80%
